log_id,cast_time_s,pick_no,ms_after_cast_start,target,dist_to_boss,rank_nearest,rank_farthest,candidates,fixated_player,target_is_fixated,players_within_300_of_target,closest_3_candidates
20260929-230342,37.6,1,2038,Player-DE24,577,2,1,2,,0,1,Illusionary@550 Player-DE24@577
20260929-230342,37.6,2,2714,Player-BCA0,549,1,1,1,,0,0,Illusionary@549
20260929-230929,37.1,1,2040,Player-DDA6,328,5,6,10,Player-DDA6,1,9,Niccy@267 Chosey@288 Player-74C1@291
20260929-230929,37.1,2,2728,Player-74C1,291,3,7,9,Player-DDA6,0,9,Chosey@192 Niccy@242 Player-74C1@291
20260929-230929,37.1,3,3400,Player-FBAD,349,6,3,8,Player-DDA6,0,9,Niccy@217 Chosey@223 Illusionary@290
20260929-230929,85.0,1,2042,Player-F494,181,2,9,10,,0,3,Niccy@167 Chosey@181 Grim@320
20260929-230929,85.0,2,2722,Player-89AD,269,2,8,9,,0,5,Niccy@200 Grim@269 Player-DE24@419
20260929-230929,85.0,3,3394,Player-631B,478,7,2,8,,0,7,Niccy@219 Illusionary@366 Player-74C1@372
20260929-230929,135.6,1,2038,Player-BCA0,372,8,3,10,Player-BCA0,1,9,Player-FBAD@247 Niccy@249 Grim@250
20260929-230929,135.6,2,2720,Player-82BE,219,2,8,9,Player-BCA0,0,9,Player-74C1@175 Niccy@219 Chosey@251
20260929-230929,135.6,3,3404,Player-89AD,253,3,6,8,Player-BCA0,0,9,Player-74C1@179 Chosey@196 Grim@253
20260929-231520,37.8,1,2034,Player-DE24,305,9,2,10,Player-DE24,1,8,Forsaken@73 Niccy@91 Player-FBAD@150
20260929-231520,37.8,2,2716,Player-F494,225,6,4,9,Player-DE24,0,9,Forsaken@85 Niccy@91 Player-FBAD@166
20260929-231520,37.8,3,3392,Player-631B,316,8,1,8,Player-DE24,0,9,Forsaken@79 Niccy@92 Player-FBAD@174
20260929-231520,85.0,1,2040,Player-82BE,219,1,10,10,Player-82BE,1,9,Niccy@219 Player-74C1@241 Chosey@283
20260929-231520,85.0,2,2726,Player-DE24,330,4,6,9,Player-82BE,0,9,Player-74C1@244 Chosey@282 Grim@322
20260929-231520,85.0,3,3402,Player-BCA0,396,6,3,8,Player-82BE,0,9,Player-74C1@266 Chosey@283 Grim@318
20260929-231520,136.4,1,2040,Player-F494,269,6,5,10,,0,5,Niccy@186 Player-FBAD@201 Forsaken@232
20260929-231520,136.4,2,2726,Player-82BE,188,1,9,9,,0,7,Niccy@188 Player-74C1@227 Forsaken@232
20260929-231520,136.4,3,3398,Player-DDA6,232,2,7,8,,0,2,Player-74C1@230 Forsaken@232 Player-FBAD@242
20260929-232028,36.6,1,2040,Player-FBAD,251,3,8,10,Player-FBAD,1,2,Virtuous@116 Plushie@158 Player-FBAD@251
20260929-232028,36.6,2,2722,Player-80A0,164,2,8,9,Player-FBAD,0,9,Virtuous@116 Plushie@164 Player-DE24@262
20260929-232028,36.6,3,3404,Player-89AD,305,4,5,8,Player-FBAD,0,8,Virtuous@116 Player-DE24@243 Chosey@247
20260929-232028,84.2,1,2034,Player-3025,1001,10,1,10,Player-3025,1,0,Plushie@266 Gachi@390 Player-DE24@489
20260929-232028,84.2,2,2710,Player-BCA0,672,8,2,9,Player-3025,0,7,Plushie@249 Gachi@394 Player-051A@479
20260929-232028,84.2,3,3392,Player-FBAD,505,5,4,8,Player-3025,0,7,Plushie@278 Gachi@386 Player-051A@391
20260929-232028,134.5,1,2044,Player-F494,282,8,3,10,Player-F494,1,8,Virtuous@82 Player-DE24@199 Player-FBAD@240
20260929-232028,134.5,2,2728,Player-80A0,202,3,7,9,Player-F494,0,9,Virtuous@111 Player-DE24@201 Plushie@202
20260929-232602,37.6,1,2040,Player-DDA6,244,3,8,10,Player-DDA6,1,9,Chosey@180 Plushie@229 Forsaken@244
20260929-232602,37.6,2,2718,Player-80A0,229,2,8,9,Player-DDA6,0,8,Chosey@164 Plushie@229 Player-DE24@259
20260929-232602,37.6,3,3398,Player-8FDE,297,5,4,8,Player-DDA6,0,8,Chosey@174 Player-DE24@264 Gachi@269
20260929-232602,84.8,1,2048,Player-BCA0,716,5,6,10,Player-BCA0,1,8,Player-DE24@242 Player-051A@530 Ammut@581
20260929-232602,84.8,2,2730,Player-FBAD,797,6,4,9,Player-BCA0,0,7,Player-DE24@350 Player-051A@508 Ammut@570
20260929-232602,84.8,3,3410,Player-80A0,763,4,5,8,Player-BCA0,0,9,Player-DE24@498 Player-051A@503 Ammut@526
20260929-232602,135.0,1,2038,Player-DDA6,293,6,5,10,,0,8,Plushie@148 Chosey@225 Grim@259
20260929-232602,135.0,2,2718,Player-BCA0,317,7,3,9,,0,8,Plushie@112 Chosey@203 Grim@259
20260929-232602,135.0,3,3398,Player-F494,203,2,7,8,,0,8,Plushie@172 Chosey@203 Grim@260
20260929-233227,37.6,1,2038,Player-DDA6,294,9,2,10,Player-DDA6,1,0,Player-74C1@137 Illusionary@172 Chosey@194
20260929-233227,37.6,2,2714,Player-F494,210,3,7,9,Player-DDA6,0,8,Illusionary@156 Player-74C1@172 Chosey@210
20260929-233227,37.6,3,3398,Player-8FDE,268,7,2,8,Player-DDA6,0,8,Illusionary@136 Player-74C1@193 Grim@217
20260929-233227,84.6,1,2042,Player-BCA0,342,4,7,10,Player-BCA0,1,9,Player-74C1@232 Grim@290 Player-1BA4@300
20260929-233227,84.6,2,2718,Player-DE24,494,9,1,9,Player-BCA0,0,8,Player-1BA4@276 Grim@282 Player-74C1@294
20260929-233227,84.6,3,3402,Player-1BA4,277,3,6,8,Player-BCA0,0,6,Player-74C1@229 Ammut@249 Player-1BA4@277
20260929-233227,135.2,1,2044,Player-F494,247,5,6,10,,0,8,Player-74C1@40 Illusionary@160 Player-FBAD@162
20260929-233952,37.8,1,2030,Player-8FDE,687,6,5,10,Player-8FDE,1,9,Gachi@429 Player-1BA4@588 Player-FBAD@599
20260929-233952,37.8,2,2716,Player-1BA4,588,4,6,9,Player-8FDE,0,9,Gachi@383 Grim@574 Player-FBAD@578
20260929-233952,37.8,3,3396,Player-470E,397,2,7,8,Player-8FDE,0,6,Grim@395 Gachi@397 Player-74C1@475
20260929-233952,85.0,1,2050,Player-8FDE,531,9,2,10,Player-8FDE,1,9,Chosey@336 Player-FBAD@359 Monster@368
20260929-233952,85.0,2,2720,Player-AB6A,361,2,8,9,Player-8FDE,0,8,Chosey@258 Monster@361 Player-FBAD@386
20260929-233952,85.0,3,3404,Player-BCA0,425,6,3,8,Player-8FDE,0,7,Chosey@198 Player-1BA4@392 Grim@397
20260929-233952,135.6,1,2038,Player-1BA4,141,2,9,10,Player-1BA4,1,2,Chosey@126 Player-1BA4@141 Player-FBAD@164
20260929-233952,135.6,2,2712,Player-FBAD,164,2,8,9,Player-1BA4,0,7,Chosey@133 Player-FBAD@164 Monster@184
20260929-233952,135.6,3,3396,Player-1172,208,3,6,8,Player-1BA4,0,5,Chosey@72 Illusionary@171 Pink@208
20260929-234806,36.8,1,2040,Player-BCA0,603,9,2,10,Player-BCA0,1,9,Player-FBAD@358 Monster@422 Chosey@445
20260929-234806,36.8,2,2720,Player-80A0,165,1,9,9,Player-BCA0,0,5,Plushie@165 Chosey@258 Player-FBAD@320
20260929-234806,36.8,3,3404,Player-89AD,594,8,1,8,Player-BCA0,0,6,Gachi@276 Chosey@318 Player-FBAD@344
20260929-234806,84.5,1,2038,Player-BCA0,418,5,6,10,Player-BCA0,1,9,Plushie@222 Player-FBAD@296 Chosey@368
20260929-234806,84.5,2,2720,Player-80A0,250,1,9,9,Player-BCA0,0,6,Plushie@250 Pink@308 Player-FBAD@364
20260929-234806,84.5,3,3398,Player-8FDE,536,8,1,8,Player-BCA0,0,8,Pink@280 Monster@308 Chosey@372
20260929-234806,134.6,1,2034,Player-8FDE,445,9,2,10,Player-8FDE,1,8,Grim@155 Plushie@229 Chosey@330
20260929-234806,134.6,2,2714,Player-FBAD,383,5,5,9,Player-8FDE,0,9,Plushie@182 Grim@235 Chosey@309
20260929-234806,134.6,3,3396,Player-89AD,284,2,7,8,Player-8FDE,0,7,Plushie@183 Grim@284 Player-631B@285
20260929-235415,37.1,1,2040,Player-DE24,324,4,7,10,Player-DE24,1,9,Chosey@242 Plushie@286 So@323
20260929-235415,37.1,2,2726,Player-BCA0,412,7,3,9,Player-DE24,0,9,Plushie@190 Chosey@243 Player-631B@260
20260929-235415,37.1,3,3402,Player-80A0,173,1,8,8,Player-DE24,0,7,Plushie@173 Chosey@244 Player-631B@274
20260929-235415,84.4,1,2032,Player-80A0,90,1,10,10,Player-80A0,1,2,Plushie@90 Grim@263 Gachi@275
20260929-235415,84.4,2,2718,Player-470E,212,1,9,9,Player-80A0,0,5,Gachi@212 Grim@324 Chosey@356
20260929-235415,84.4,3,3396,Player-8FDE,436,5,4,8,Player-80A0,0,7,Player-FBAD@337 Chosey@358 Grim@391
20260929-235415,134.3,1,2040,Player-631B,358,10,1,10,,0,2,Player-FBAD@93 Plushie@97 Chosey@115
20260929-235848,37.3,1,2038,Player-FBAD,123,1,10,10,Player-FBAD,1,0,Player-FBAD@123 Gachi@210 Illusionary@269
20260929-235848,37.3,2,2726,Player-631B,316,6,4,9,Player-FBAD,0,8,Gachi@236 Illusionary@269 Chosey@273
20260929-235848,37.3,3,3398,Player-74C1,371,7,2,8,Player-FBAD,0,8,Gachi@237 Illusionary@270 Chosey@273
20260929-235848,84.4,1,2044,Player-631B,479,8,3,10,,0,9,Gachi@237 Player-FBAD@307 Chosey@318
20260929-235848,84.4,2,2714,Player-89AD,389,4,6,9,,0,9,Chosey@259 Gachi@298 Player-FBAD@302
20260929-235848,84.4,3,3402,Player-8FDE,479,7,2,8,,0,9,Chosey@259 Player-FBAD@307 Gachi@365
20260930-000603,37.2,1,2052,Player-010B,97,1,10,10,Player-010B,1,2,Casual@97 Player-FBAD@139 Chosey@181
20260930-000603,37.2,2,2726,Player-89AD,317,8,2,9,Player-010B,0,8,Player-FBAD@131 Chosey@175 Gachi@227
20260930-000603,37.2,3,3406,Player-470E,227,3,6,8,Player-010B,0,8,Player-FBAD@106 Chosey@107 Gachi@227
20260930-000603,84.5,1,2036,Player-8FDE,155,1,10,10,Player-8FDE,1,0,Ammut@155 Chosey@223 Casual@275
20260930-000603,84.5,2,2720,Player-BCA0,348,5,5,9,Player-8FDE,0,7,Chosey@217 Player-FBAD@265 Casual@274
20260930-000603,84.5,3,3400,Player-470E,394,6,3,8,Player-8FDE,0,8,Player-FBAD@141 Chosey@142 Casual@268
20260930-002046,37.1,1,2040,Player-FBAD,189,1,10,10,Player-FBAD,1,0,Player-FBAD@189 Illusionary@220 Chosey@229
20260930-002046,37.1,2,2716,Player-470E,343,7,3,9,Player-FBAD,0,8,Illusionary@217 Chosey@229 Grim@265
20260930-002046,37.1,3,3400,Player-F494,229,2,7,8,Player-FBAD,0,8,Illusionary@215 Chosey@229 Grim@266
20260930-002046,84.1,1,2038,Player-DE24,301,2,9,10,Player-DE24,1,9,Player-1BA4@216 Player-DE24@301 Chosey@318
20260930-002046,84.1,2,2726,Player-470E,359,4,6,9,Player-DE24,0,9,Casual@195 Player-1BA4@206 Chosey@283
20260930-002046,84.1,3,3404,Player-8FDE,439,6,3,8,Player-DE24,0,9,Casual@194 Player-1BA4@248 Chosey@283
20260930-002947,37.4,1,2040,Player-470E,239,1,10,10,Player-470E,1,2,Gachi@239 Casual@250 Chosey@295
20260930-002947,37.4,2,2724,Player-1BA4,305,3,7,9,Player-470E,0,9,Casual@239 Chosey@292 Player-1BA4@305
20260930-002947,37.4,3,3404,Player-89AD,341,4,5,8,Player-470E,0,8,Casual@201 Chosey@285 Player-FBAD@310
20260930-002947,84.5,1,2036,Player-F494,451,8,3,10,Player-F494,1,9,Player-DE24@266 Casual@310 Player-FBAD@345
20260930-002947,84.5,2,2718,Player-DE24,225,1,9,9,Player-F494,0,6,Player-DE24@225 Player-FBAD@303 Casual@315
20260930-002947,84.5,3,3396,Player-BCA0,431,6,3,8,Player-F494,0,9,Player-FBAD@322 Casual@330 Grim@381
20260930-003645,37.2,1,2034,Player-1BA4,232,2,9,10,Player-1BA4,1,0,Chosey@161 Player-1BA4@232 Gachi@254
20260930-003645,37.2,2,2720,Player-DE24,334,5,5,9,Player-1BA4,0,8,Chosey@211 Gachi@255 Player-FBAD@268
20260930-003645,37.2,3,3396,Player-74C1,356,7,2,8,Player-1BA4,0,8,Chosey@200 Player-FBAD@262 Gachi@264
20260930-003645,84.5,1,2030,Player-F494,410,5,6,10,Player-F494,1,9,Casual@220 Player-1BA4@247 Gachi@377
20260930-003645,84.5,2,2716,Player-FBAD,441,8,2,9,Player-F494,0,9,Casual@206 Player-1BA4@247 Player-DE24@383
20260930-003645,84.5,3,3396,Player-1BA4,247,2,7,8,Player-F494,0,5,Casual@200 Player-1BA4@247 Grim@370
20260930-004322,36.7,1,2040,Player-74C1,433,9,2,10,Player-74C1,1,8,Casual@226 Gachi@270 Chosey@328
20260930-004322,36.7,2,2712,Player-DE24,392,7,3,9,Player-74C1,0,8,Casual@229 Gachi@268 Chosey@332
20260930-004322,36.7,3,3394,Player-BCA0,424,7,2,8,Player-74C1,0,9,Casual@231 Gachi@268 Chosey@336
20260930-004322,84.3,1,2044,Player-89AD,501,9,2,10,Player-89AD,1,9,Chosey@337 Player-FBAD@377 Casual@394
20260930-004322,84.3,2,2726,Player-FBAD,388,3,7,9,Player-89AD,0,9,Chosey@249 Casual@299 Player-FBAD@388
20260930-004322,84.3,3,3398,Player-8FDE,527,8,1,8,Player-89AD,0,9,Chosey@261 Casual@278 Gachi@388
20260930-004948,37.4,1,2044,Player-8FDE,213,2,9,10,Player-8FDE,1,0,Casual@195 Ammut@213 Player-DE24@222
20260930-004948,37.4,2,2728,Player-BCA0,416,9,1,9,Player-8FDE,0,8,Casual@191 Player-DE24@215 Chosey@241
20260930-004948,37.4,3,3406,Player-FBAD,297,4,5,8,Player-8FDE,0,8,Casual@178 Chosey@192 Player-DE24@202
20260930-004948,84.7,1,2038,Player-74C1,357,2,9,10,Player-74C1,1,9,Casual@349 Player-74C1@357 Grim@381
20260930-004948,84.7,2,2718,Player-F494,405,6,4,9,Player-74C1,0,9,Gachi@340 Casual@353 Grim@362
20260930-004948,84.7,3,3398,Player-BCA0,438,6,3,8,Player-74C1,0,9,Gachi@331 Player-DE24@346 Casual@356
20260930-010007,37.4,1,2036,Player-74C1,484,9,2,10,Player-74C1,1,8,Chosey@182 El@300 Grim@336
20260930-010007,37.4,2,2710,Player-8FDE,497,9,1,9,Player-74C1,0,8,Chosey@182 El@309 Grim@337
20260930-010007,37.4,3,3390,Player-1172,398,5,4,8,Player-74C1,0,9,Chosey@204 Gachi@315 El@319
20260930-010007,85.1,1,2042,Player-F494,331,2,9,10,Player-F494,1,9,El@237 Chosey@331 Gachi@358
20260930-010007,85.1,2,2726,Player-1BA4,384,4,6,9,Player-F494,0,9,El@322 Gachi@360 Player-74C1@383
20260930-010007,85.1,3,3400,Player-BCA0,471,5,4,8,Player-F494,0,9,El@347 Gachi@361 Player-74C1@385
20260930-010656,38.0,1,2042,Player-470E,395,8,3,10,Player-470E,1,9,Chosey@197 El@262 Pink@300
20260930-010656,38.0,2,2722,Player-F494,197,1,9,9,Player-470E,0,8,Chosey@197 Pink@305 El@331
20260930-010656,38.0,3,3400,Player-1B7A,401,7,2,8,Player-470E,0,8,Pink@312 Grim@332 Player-1BA4@355
20260930-010656,85.4,1,2034,Player-470E,314,1,10,10,Player-470E,1,0,Gachi@314 Chosey@322 Grim@352
20260930-010656,85.4,2,2718,Player-1172,376,5,5,9,Player-470E,0,8,Chosey@322 Grim@351 Player-74C1@356
20260930-010656,85.4,3,3398,Player-F494,322,1,8,8,Player-470E,0,6,Chosey@322 Player-74C1@348 Grim@353
20260930-011344,37.4,1,2038,Player-89AD,351,4,7,10,Player-89AD,1,9,Chosey@232 Pink@335 I@344
20260930-011344,37.4,2,2728,Player-1BA4,345,3,7,9,Player-89AD,0,9,Chosey@229 El@341 Player-1BA4@345
20260930-011344,37.4,3,3400,Player-470E,400,4,5,8,Player-89AD,0,8,El@223 Chosey@226 Pink@387
20260930-011344,84.9,1,2048,Player-470E,412,6,5,10,Player-470E,1,9,Chosey@224 El@288 Grim@375
20260930-011344,84.9,2,2720,Player-8FDE,567,9,1,9,Player-470E,0,9,Chosey@269 Grim@325 El@346
20260930-011344,84.9,3,3396,Player-BCA0,561,8,1,8,Player-470E,0,8,Chosey@195 Grim@295 El@371
20260930-011344,135.7,1,2048,Player-1172,342,4,7,10,Player-1172,1,9,El@306 Player-1BA4@315 Grim@340
20260930-011344,135.7,2,2730,Player-470E,488,7,3,9,Player-1172,0,9,El@302 Player-1BA4@305 Chosey@330
20260930-011344,135.7,3,3400,Player-F494,233,1,8,8,Player-1172,0,7,Chosey@233 Player-1BA4@280 El@348
20260930-011934,37.3,1,2038,Player-1BA4,298,3,8,10,Player-1BA4,1,9,Pink@268 Grim@291 Player-1BA4@298
20260930-011934,37.3,2,2720,Player-1172,268,1,9,9,Player-1BA4,0,9,Pink@268 Grim@291 Chosey@320
20260930-011934,37.3,3,3396,Player-89AD,291,1,8,8,Player-1BA4,0,9,Grim@291 Chosey@320 El@372
20260930-011934,84.5,1,2042,Player-8FDE,299,1,10,10,Player-8FDE,1,2,Ammut@299 Player-1BA4@362 Player-74C1@385
20260930-011934,84.5,2,2714,Player-1172,404,4,6,9,Player-8FDE,0,9,Player-1BA4@334 Player-74C1@384 Grim@386
20260930-011934,84.5,3,3398,Player-89AD,390,3,6,8,Player-8FDE,0,8,Player-1BA4@353 Player-74C1@386 Grim@390
20260930-011934,135.4,1,2038,Player-1172,384,6,5,10,Player-1172,1,9,El@274 Player-1BA4@328 Grim@365
20260930-011934,135.4,2,2712,Player-1B7A,416,7,3,9,Player-1172,0,9,El@276 Player-74C1@326 Player-1BA4@354
20260930-011934,135.4,3,3398,Player-F494,399,5,4,8,Player-1172,0,9,El@302 Player-74C1@332 Grim@362
20260930-012807,37.1,1,2038,Player-1172,345,7,4,10,Player-1172,1,9,Chosey@287 Grim@290 Ammut@312
20260930-012807,37.1,2,2716,Player-89AD,290,1,9,9,Player-1172,0,9,Grim@290 Chosey@291 Ammut@312
20260930-012807,37.1,3,3398,Player-8FDE,312,2,7,8,Player-1172,0,9,Chosey@294 Ammut@312 El@324
20260930-012807,84.6,1,2034,Player-8FDE,444,8,3,10,Player-8FDE,1,9,Player-1BA4@344 El@376 Gachi@407
20260930-012807,84.6,2,2716,Player-1B7A,439,7,3,9,Player-8FDE,0,9,Player-1BA4@325 El@384 Gachi@408
20260930-012807,84.6,3,3404,Player-74C1,464,8,1,8,Player-8FDE,0,9,Player-1BA4@331 Illusionary@363 Chosey@363
20260930-012807,134.4,1,2042,Player-F494,304,1,10,10,Player-F494,1,9,Chosey@304 I@327 Pink@341
20260930-012807,134.4,2,2720,Player-74C1,425,7,3,9,Player-F494,0,9,I@337 El@370 Grim@385
20260930-012807,134.4,3,3402,Player-DCBD,370,2,7,8,Player-F494,0,9,I@348 El@370 Grim@393
20260930-013625,37.2,1,2042,Player-1BA4,354,6,5,10,Player-1BA4,1,9,El@231 Player-DE24@238 Pink@296
20260930-013625,37.2,2,2724,Player-F494,342,5,5,9,Player-1BA4,0,9,El@234 Player-DE24@248 Pink@296
20260930-013625,37.2,3,3404,Player-BCA0,434,6,3,8,Player-1BA4,0,9,Player-DE24@265 El@296 Pink@298
20260930-013625,84.4,1,2036,Player-DE24,314,1,10,10,Player-DE24,1,9,Player-DE24@314 Chosey@325 Player-74C1@338
20260930-013625,84.4,2,2718,Player-1BA4,390,4,6,9,,0,8,Chosey@310 Player-74C1@338 Gachi@348
20260930-013625,84.4,3,3400,Player-DCBD,396,4,5,8,,0,8,Chosey@306 Player-74C1@339 Gachi@390
20260930-014701,37.1,1,2034,Player-BCA0,141,1,10,10,Player-BCA0,1,0,Illusionary@141 Chosey@189 Player-1BA4@318
20260930-014701,37.1,2,2714,Player-1BA4,335,4,6,9,Player-BCA0,0,8,Chosey@242 El@290 Grim@325
20260930-014701,37.1,3,3396,Player-F494,300,2,7,8,Player-BCA0,0,7,El@180 Chosey@300 Grim@325
20260930-014701,84.3,1,2044,Player-1172,235,5,6,10,Player-1172,1,5,El@139 Chosey@148 Grim@174
20260930-014701,84.3,2,2724,Player-DE24,322,6,4,9,Player-1172,0,1,Grim@151 Chosey@167 Player-1BA4@231
20260930-014701,84.3,3,3400,Player-89AD,197,1,8,8,Player-1172,0,4,Grim@197 Chosey@204 Player-1BA4@225
20260930-015718,37.0,1,2042,Player-DCBD,377,6,5,10,Player-DCBD,1,8,Player-DE24@285 Chosey@290 Player-1BA4@323
20260930-015718,37.0,2,2718,Player-89AD,376,4,6,9,Player-DCBD,0,8,Player-DE24@283 Chosey@290 Player-1BA4@341
20260930-015718,37.0,3,3398,Player-BCA0,497,6,3,8,Player-DCBD,0,8,Chosey@228 Player-DE24@294 Player-1BA4@353
20260930-015718,84.3,1,2038,Player-74C1,394,5,6,10,Player-74C1,1,9,Chosey@248 Grim@321 El@322
20260930-015718,84.3,2,2720,Player-8FDE,552,9,1,9,Player-74C1,0,8,Chosey@223 El@332 Player-DE24@341
20260930-015718,84.3,3,3396,Player-1172,455,7,2,8,Player-74C1,0,9,Chosey@183 El@342 Grim@343
20260930-020654,37.1,1,2042,Player-DCBD,430,4,7,10,Player-DCBD,1,9,Chosey@258 Player-1BA4@338 Grim@338
20260930-020654,37.1,2,2720,Player-89AD,338,2,8,9,Player-DCBD,0,9,Chosey@278 Grim@338 Player-1BA4@344
20260930-020654,37.1,3,3402,Player-1172,504,4,5,8,Player-DCBD,0,9,Chosey@242 Player-1BA4@344 Illusionary@474
20260930-020654,84.5,1,2032,Player-DE24,532,9,2,10,Player-DE24,1,8,Chosey@240 Player-1BA4@337 Pink@376
20260930-020654,84.5,2,2718,Player-BCA0,473,6,4,9,Player-DE24,0,9,Chosey@308 Player-1BA4@350 Pink@379
20260930-020654,84.5,3,3392,Player-74C1,463,4,5,8,Player-DE24,0,8,Player-1BA4@344 Chosey@377 Pink@382
20260930-020654,135.2,1,2036,Player-BCA0,611,10,1,10,Player-BCA0,1,9,Player-1BA4@320 Pink@366 Gachi@374
20260930-020654,135.2,2,2722,Player-89AD,495,6,4,9,Player-BCA0,0,9,Player-1BA4@312 Pink@341 Gachi@424
20260930-020654,135.2,3,3392,Player-F494,504,5,4,8,Player-BCA0,0,8,Player-1BA4@313 El@409 Pink@416
20260930-130931,36.8,1,2044,Player-470E,288,5,6,10,Player-470E,1,9,Akaedra@212 Chosey@215 Izanami@224
20260930-130931,36.8,2,2718,Player-01BF,224,3,7,9,Player-470E,0,9,Akaedra@213 Chosey@215 Izanami@224
20260930-130931,36.8,3,3400,Player-C842,308,4,5,8,Player-470E,0,9,Akaedra@215 Chosey@215 Oh@286
20260930-130931,84.4,1,2044,Player-F7E0,503,10,1,10,Player-F7E0,1,9,Oh@254 Izanami@337 Chosey@346
20260930-130931,84.4,2,2722,Player-F494,352,3,7,9,Player-F7E0,0,9,Oh@254 Izanami@312 Chosey@352
20260930-130931,84.4,3,3400,Player-01BF,277,2,7,8,Player-F7E0,0,7,Oh@222 Izanami@277 Gachi@397
20260930-131331,37.2,1,2036,Player-470E,370,9,2,10,Player-470E,1,9,Chosey@213 Oh@248 Izanami@257
20260930-131331,37.2,2,2716,Player-CC68,248,2,8,9,Player-470E,0,9,Chosey@201 Oh@248 Izanami@257
20260930-131331,37.2,3,3394,Player-BCA0,397,7,2,8,Player-470E,0,9,Chosey@188 Izanami@257 Akaedra@296
20260930-131331,84.6,1,2044,Player-74C1,386,4,7,10,Player-74C1,1,9,Chosey@313 Izanami@359 Oh@367
20260930-131331,84.6,2,2726,Player-717E,428,7,3,9,Player-74C1,0,9,Chosey@231 Izanami@359 Oh@382
20260930-131331,84.6,3,3402,Player-470E,417,6,3,8,Player-74C1,0,9,Chosey@225 Izanami@315 Akaedra@387
20260930-131748,37.5,1,2042,Player-470E,428,9,2,10,Player-470E,1,8,Chosey@91 Izanami@213 Player-74C1@255
20260930-131748,37.5,2,2718,Player-F494,91,1,9,9,Player-470E,0,7,Chosey@91 Izanami@214 Player-74C1@257
20260930-131748,37.5,3,3404,Player-F7E0,331,3,6,8,Player-470E,0,9,Izanami@214 Player-74C1@260 Akaedra@331
20260930-131748,84.6,1,2034,Player-470E,418,6,5,10,Player-470E,1,9,Chosey@228 Izanami@280 Akaedra@358
20260930-131748,84.6,2,2720,Player-BCA0,447,9,1,9,Player-470E,0,9,Chosey@238 Izanami@287 Player-C842@316
20260930-131748,84.6,3,3394,Player-74C1,427,6,3,8,Player-470E,0,9,Chosey@251 Player-C842@280 Izanami@312
20260930-131949,37.3,1,2040,Player-470E,376,10,1,10,Player-470E,1,9,Chosey@164 Oh@195 Player-C842@224
20260930-131949,37.3,2,2720,Player-BCA0,318,7,3,9,Player-470E,0,9,Chosey@158 Oh@199 Player-C842@228
20260930-131949,37.3,3,3398,Player-F7E0,324,7,2,8,Player-470E,0,8,Chosey@151 Player-C842@231 Izanami@254
20260930-132907,37.8,1,2036,Player-470E,466,10,1,10,Player-470E,1,3,Chosey@188 Oh@226 Izanami@246
20260930-132907,37.8,2,2718,Player-F7E0,317,7,3,9,Player-470E,0,8,Chosey@185 Oh@237 Player-74C1@242
20260930-132907,37.8,3,3400,Player-01BF,258,2,7,8,Player-470E,0,8,Chosey@182 Izanami@258 Player-C842@296
20260930-132907,85.6,1,2046,Player-74C1,355,5,6,10,Player-74C1,1,9,Chosey@221 Izanami@228 Player-C842@250
20260930-132907,85.6,2,2728,Player-CC68,256,3,7,9,Player-74C1,0,9,Izanami@234 Chosey@245 Oh@256
20260930-132907,85.6,3,3406,Player-717E,367,4,5,8,Player-74C1,0,9,Chosey@213 Izanami@239 Player-C842@278
20260930-133514,37.2,1,2038,Player-470E,407,9,2,10,Player-470E,1,9,Chosey@210 Izanami@257 Akaedra@302
20260930-133514,37.2,2,2722,Player-F494,210,1,9,9,Player-470E,0,9,Chosey@210 Izanami@258 Akaedra@303
20260930-133514,37.2,3,3396,Player-C842,362,6,3,8,Player-470E,0,9,Izanami@259 Akaedra@311 Oh@312
20260930-133514,84.5,1,2030,Player-01BF,349,2,9,10,Player-01BF,1,9,Chosey@312 Izanami@349 Player-717E@382
20260930-133514,84.5,2,2714,Player-C842,436,7,3,9,Player-01BF,0,9,Chosey@276 Gachi@365 Player-717E@384
20260930-133514,84.5,3,3388,Player-F494,276,1,8,8,Player-01BF,0,8,Chosey@276 Gachi@319 Player-717E@387
20260930-134135,37.6,1,2038,Player-470E,339,10,1,10,Player-470E,1,9,Chosey@118 Oh@205 Izanami@224
20260930-134135,37.6,2,2718,Player-C842,264,5,5,9,Player-470E,0,9,Chosey@128 Oh@205 Izanami@223
20260930-134135,37.6,3,3398,Player-CC68,252,3,6,8,Player-470E,0,9,Chosey@140 Izanami@222 Oh@252
20260930-134135,84.7,1,2040,Player-CC68,490,9,2,10,Player-CC68,1,7,Chosey@221 Izanami@289 Akaedra@363
20260930-134135,84.7,2,2722,Player-F7E0,369,3,7,9,Player-CC68,0,7,Chosey@204 Izanami@288 Akaedra@369
20260930-134135,84.7,3,3404,Player-717E,420,4,5,8,Player-CC68,0,8,Chosey@195 Izanami@301 Player-C842@417
20260930-134554,37.2,1,2032,Player-470E,302,4,7,10,Player-470E,1,9,Chosey@256 Oh@293 Player-C842@296
20260930-134554,37.2,2,2714,Player-BCA0,370,7,3,9,Player-470E,0,9,Chosey@250 Oh@295 Player-C842@296
20260930-134554,37.2,3,3394,Player-C842,296,2,7,8,Player-470E,0,9,Chosey@244 Player-C842@296 Izanami@316
20260930-134554,84.2,1,2046,Player-717E,426,5,6,10,Player-717E,1,0,Akaedra@235 Izanami@306 Chosey@368
20260930-134554,84.2,2,2726,Player-F7E0,199,1,9,9,Player-717E,0,6,Akaedra@199 Izanami@306 Chosey@326
20260930-134554,84.2,3,3402,Player-F494,323,2,7,8,Player-717E,0,7,Izanami@307 Chosey@323 Player-C842@326
20260930-135458,36.9,1,2040,Player-470E,296,3,8,10,Player-470E,1,9,Chosey@273 Izanami@289 Gachi@296
20260930-135458,36.9,2,2722,Player-F494,273,1,9,9,Player-470E,0,9,Chosey@273 Izanami@289 Player-717E@290
20260930-135458,36.9,3,3400,Player-74C1,348,3,6,8,Player-470E,0,9,Izanami@290 Player-717E@305 Player-74C1@348
20260930-135458,84.4,1,2038,Player-F7E0,245,1,10,10,Player-F7E0,1,9,Akaedra@245 Chosey@277 Player-C842@349
20260930-135458,84.4,2,2718,Player-717E,412,6,4,9,Player-F7E0,0,9,Chosey@271 Player-C842@351 Izanami@354
20260930-135458,84.4,3,3398,Player-DDA6,553,8,1,8,Player-F7E0,0,9,Chosey@265 Izanami@339 Player-C842@353
20260930-140020,37.2,1,2044,Player-470E,322,9,2,10,Player-470E,1,9,Player-74C1@231 Oh@242 Izanami@250
20260930-140020,37.2,2,2720,Player-74C1,231,1,9,9,Player-470E,0,9,Player-74C1@231 Oh@242 Player-C842@245
20260930-140020,37.2,3,3402,Player-717E,319,6,3,8,Player-470E,0,9,Izanami@251 Player-C842@263 Chosey@300
20260930-140955,37.8,1,2036,Player-470E,350,5,6,10,Player-470E,1,9,Akaedra@242 Oh@296 Chosey@299
20260930-140955,37.8,2,2718,Player-C842,388,9,1,9,Player-470E,0,9,Akaedra@257 Chosey@296 Izanami@301
20260930-140955,37.8,3,3398,Player-CC68,309,4,5,8,Player-470E,0,8,Akaedra@269 Chosey@293 Izanami@302
20260930-140955,85.4,1,2038,Player-470E,426,8,3,10,Player-470E,1,9,Chosey@343 Forsaken@380 Akaedra@389
20260930-140955,85.4,2,2718,Player-F494,334,2,8,9,Player-470E,0,9,Akaedra@268 Chosey@334 Forsaken@381
20260930-140955,85.4,3,3398,Player-C842,412,5,4,8,Player-470E,0,9,Akaedra@169 Oh@330 Forsaken@380
20260930-140955,135.6,1,2046,Player-717E,262,1,10,10,Player-717E,1,9,Player-717E@262 Izanami@329 Oh@352
20260930-140955,135.6,2,2728,Player-DDA6,476,7,3,9,Player-717E,0,9,Izanami@333 Chosey@359 Oh@367
20260930-140955,135.6,3,3402,Player-470E,396,4,5,8,Player-717E,0,9,Izanami@337 Oh@386 Chosey@387
20260930-142129,37.3,1,2044,Player-F494,173,1,10,10,Player-F494,1,7,Chosey@173 Izanami@291 Player-E1F6@297
20260930-142129,37.3,2,2724,Player-DDA6,513,9,1,9,Player-F494,0,9,Player-E1F6@298 Izanami@307 Oh@313
20260930-142129,37.3,3,3398,Player-CC68,313,2,7,8,Player-F494,0,9,Player-E1F6@299 Oh@313 Izanami@324
20260930-142129,84.7,1,2038,Player-CC68,197,1,10,10,Player-CC68,1,8,Oh@197 Akaedra@231 Player-E1F6@294
20260930-142129,84.7,2,2720,Player-01BF,311,3,7,9,Player-CC68,0,9,Akaedra@291 Player-E1F6@297 Izanami@311
20260930-142129,84.7,3,3396,Player-74C1,429,5,4,8,Player-CC68,0,8,Chosey@215 Akaedra@297 Player-E1F6@300
20260930-142522,39.8,1,2036,Player-74C1,370,6,5,10,Player-74C1,1,9,Izanami@268 Chosey@295 Forsaken@324
20260930-142522,39.8,2,2720,Player-E1F6,332,4,6,9,Player-74C1,0,9,Chosey@184 Izanami@269 Forsaken@324
20260930-142522,39.8,3,3394,Player-DDA6,324,3,6,8,Player-74C1,0,9,Chosey@185 Izanami@269 Forsaken@324
20260930-142522,89.8,1,2042,Player-F494,308,5,6,10,Player-F494,1,9,Akaedra@167 Player-E1F6@217 Oh@276
20260930-142522,89.8,2,2714,Player-74C1,405,7,3,9,Player-F494,0,9,Player-E1F6@217 Akaedra@238 Oh@278
20260930-142522,89.8,3,3396,Player-BCA0,447,8,1,8,Player-F494,0,8,Player-E1F6@216 Player-C842@295 Akaedra@303
20260930-143043,37.8,1,2030,Player-C842,323,8,3,10,Player-C842,1,9,Player-E1F6@154 Chosey@185 Oh@224
20260930-143043,37.8,2,2712,Player-DDA6,273,5,5,9,Player-C842,0,9,Player-E1F6@162 Chosey@185 Oh@225
20260930-143043,37.8,3,3398,Player-717E,336,7,2,8,Player-C842,0,9,Player-E1F6@174 Chosey@184 Izanami@246
20260930-143043,85.2,1,2040,Player-74C1,431,7,4,10,,0,9,Chosey@164 Akaedra@190 Oh@318
20260930-143043,85.2,2,2712,Player-E1F6,439,7,3,9,,0,9,Chosey@152 Akaedra@254 Oh@341
20260930-143043,85.2,3,3402,Player-BCA0,432,7,2,8,,0,9,Chosey@200 Oh@299 Akaedra@303
20260930-144016,37.0,1,2042,Player-F494,237,2,9,10,Player-F494,1,9,Player-E1F6@220 Chosey@237 Izanami@254
20260930-144016,37.0,2,2714,Player-01BF,254,2,8,9,Player-F494,0,9,Player-E1F6@226 Izanami@254 Oh@288
20260930-144016,37.0,3,3404,Player-C842,330,3,6,8,Player-F494,0,9,Player-E1F6@215 Oh@289 Player-C842@330
20260930-144016,84.0,1,2044,Player-74C1,743,8,3,10,Player-74C1,1,1,Player-C842@128 Akaedra@148 Oh@174
20260930-144016,84.0,2,2724,Player-01BF,872,8,2,9,Player-74C1,0,2,Player-C842@150 Player-E1F6@170 Oh@187
20260930-144016,84.0,3,3398,Player-CC68,202,4,5,8,Player-74C1,0,3,Player-C842@175 Player-E1F6@184 Akaedra@195
20260930-144016,133.8,1,2030,Player-717E,258,2,9,10,,0,9,Chosey@195 Player-717E@258 Akaedra@295
20260930-144016,133.8,2,2716,Player-E1F6,370,6,4,9,,0,9,Chosey@191 Akaedra@297 Izanami@302
20260930-144016,133.8,3,3394,Player-BCA0,418,8,1,8,,0,9,Chosey@200 Oh@294 Izanami@319
20260930-144536,39.8,1,2038,Player-74C1,316,6,5,10,Player-74C1,1,9,Chosey@195 Oh@276 Player-E1F6@300
20260930-144536,39.8,2,2718,Player-01BF,348,6,4,9,Player-74C1,0,9,Chosey@181 Oh@298 Player-E1F6@303
20260930-144536,39.8,3,3396,Player-DDA6,421,8,1,8,Player-74C1,0,9,Chosey@182 Player-E1F6@306 Oh@317
20260930-144536,90.8,1,2042,Player-BCA0,379,6,5,10,Player-BCA0,1,9,Akaedra@138 Chosey@205 Player-E1F6@254
20260930-144536,90.8,2,2718,Player-01BF,274,4,6,9,Player-BCA0,0,9,Akaedra@196 Chosey@200 Player-E1F6@236
20260930-144536,90.8,3,3394,Player-C842,435,8,1,8,Player-BCA0,0,9,Chosey@194 Player-E1F6@201 Akaedra@265
20260930-145035,37.4,1,2046,Player-F494,283,5,6,10,Player-F494,1,9,Oh@242 Izanami@247 Akaedra@262
20260930-145035,37.4,2,2724,Player-DDA6,332,6,4,9,Player-F494,0,9,Izanami@247 Akaedra@262 Player-74C1@271
20260930-145035,37.4,3,3398,Player-F7E0,262,2,7,8,Player-F494,0,9,Izanami@246 Akaedra@262 Player-E1F6@288
20260930-145035,84.7,1,2042,Player-CC68,160,1,10,10,Player-CC68,1,6,Oh@160 Akaedra@178 Chosey@191
20260930-145035,84.7,2,2722,Player-BCA0,357,6,4,9,Player-CC68,0,9,Chosey@193 Akaedra@201 Player-C842@266
20260930-145035,84.7,3,3402,Player-C842,260,2,7,8,Player-CC68,0,9,Chosey@194 Player-C842@260 Akaedra@271
20260930-145735,37.3,1,2038,Player-F494,143,1,10,10,Player-F494,1,8,Chosey@143 Player-E1F6@242 Izanami@282
20260930-145735,37.3,2,2724,Player-E1F6,242,1,9,9,Player-F494,0,9,Player-E1F6@242 Oh@284 Izanami@288
20260930-145735,37.3,3,3402,Player-BCA0,360,4,5,8,Player-F494,0,9,Oh@284 Izanami@293 Akaedra@308
20260930-145735,84.3,1,2032,Player-74C1,477,8,3,10,Player-74C1,1,9,Player-E1F6@282 Akaedra@354 Chosey@375
20260930-145735,84.3,2,2714,Player-C842,466,7,3,9,Player-74C1,0,9,Player-E1F6@275 Akaedra@287 Chosey@375
20260930-145735,84.3,3,3392,Player-F494,375,5,4,8,Player-74C1,0,9,Akaedra@220 Player-E1F6@268 Player-717E@275
20260930-161109,37.4,1,2040,Player-3760,327,7,4,10,Player-3760,1,9,Player-F273@218 Account-3D72@248 Serenea@250
20260930-161109,37.4,2,2720,Player-00E6,259,4,6,9,Player-3760,0,9,Player-F273@217 Account-3D72@248 Serenea@253
20260930-161109,37.4,3,3402,Player-8B8A,353,6,3,8,Player-3760,0,9,Player-F273@217 Account-3D72@248 Serenea@257
20260930-161109,84.6,1,2034,Player-781D,752,10,1,10,Player-781D,1,0,Account-3D72@300 Player-00E6@337 Player-F273@339
20260930-161109,84.6,2,2708,Player-F273,339,4,6,9,Player-781D,0,6,Vrba@272 Account-3D72@300 Player-00E6@333
20260930-161109,84.6,3,3388,Player-DDA6,706,8,1,8,Player-781D,0,3,Player-00E6@229 Account-3D72@301 Vrba@370
20260930-161736,37.4,1,2040,Player-3760,274,2,9,10,Player-3760,1,9,Sybaris@163 Vrba@274 Duping@274
20260930-161736,37.4,2,2722,Player-781D,368,6,4,9,Player-3760,0,9,Sybaris@153 Duping@277 Player-F273@293
20260930-161736,37.4,3,3398,Player-DDA6,374,6,3,8,Player-3760,0,9,Sybaris@144 Player-F273@296 Duping@300
20260930-161736,84.4,1,2034,Player-3760,374,7,4,10,Player-3760,1,9,Player-00E6@220 Account-3D72@263 Player-8B8A@325
20260930-161736,84.4,2,2716,Player-8B8A,325,3,7,9,Player-3760,0,9,Player-00E6@221 Account-3D72@280 Player-8B8A@325
20260930-161736,84.4,3,3394,Player-10E1,331,4,5,8,Player-3760,0,9,Player-00E6@223 Account-3D72@296 Player-F273@311
20260930-161736,135.1,1,2044,Player-3760,274,8,3,10,,0,8,Player-00E6@100 Illusionary@180 Player-8B8A@189
20260930-161736,135.1,2,2718,Player-BCA0,209,4,6,9,,0,9,Player-00E6@151 Player-8B8A@189 Duping@191
20260930-161736,135.1,3,3402,Player-10E1,231,3,6,8,,0,9,Player-00E6@154 Player-8B8A@202 Sybaris@231
20260930-162218,36.8,1,2036,Player-3760,322,7,4,10,Player-3760,1,9,Player-5862@219 Account-3D72@241 Sybaris@265
20260930-162218,36.8,2,2714,Player-BCA0,388,8,2,9,Player-3760,0,9,Player-5862@232 Account-3D72@245 Sybaris@265
20260930-162218,36.8,3,3394,Player-DDA6,411,8,1,8,Player-3760,0,9,Player-5862@223 Account-3D72@250 Sybaris@266
20260930-162218,83.9,1,2032,Player-F273,336,3,8,10,Player-F273,1,8,Player-5862@293 Account-3D72@331 Player-F273@336
20260930-162218,83.9,2,2718,Player-3760,424,6,4,9,Player-F273,0,9,Player-5862@316 Sybaris@355 Account-3D72@367
20260930-162218,83.9,3,3396,Player-781D,405,3,6,8,Player-F273,0,9,Player-5862@315 Sybaris@380 Serenea@405
20260930-162757,36.9,1,2046,Player-3760,325,5,6,10,Player-3760,1,9,Player-5862@222 Player-F273@280 Sybaris@307
20260930-162757,36.9,2,2724,Player-F273,280,2,8,9,Player-3760,0,9,Player-5862@252 Player-F273@280 Duping@308
20260930-162757,36.9,3,3402,Player-5862,276,1,8,8,Player-3760,0,9,Player-5862@276 Sybaris@313 Player-8B8A@332
20260930-162757,83.8,1,2044,Player-C729,430,8,3,10,Player-C729,1,9,Player-5862@291 Account-3D72@332 Vrba@387
20260930-162757,83.8,2,2722,Player-10E1,461,9,1,9,Player-C729,0,9,Player-5862@305 Account-3D72@320 Vrba@387
20260930-162757,83.8,3,3404,Player-6B3D,320,2,7,8,Player-C729,0,9,Player-5862@255 Account-3D72@320 Vrba@387
20260930-162757,133.6,1,2038,Player-5862,219,1,10,10,,0,9,Player-5862@219 Forsaken@324 Player-F273@327
20260930-162757,133.6,2,2714,Player-F273,326,2,8,9,,0,9,Vrba@301 Player-F273@326 Account-3D72@341
20260930-163327,37.0,1,2042,Player-3760,464,8,3,10,Player-3760,1,9,Player-5862@271 Player-F273@295 Sybaris@296
20260930-163327,37.0,2,2718,Player-8B8A,318,3,7,9,Player-3760,0,9,Player-5862@220 Player-F273@298 Player-8B8A@318
20260930-163327,37.0,3,3398,Player-C729,370,5,4,8,Player-3760,0,9,Player-5862@226 Player-F273@301 Sybaris@353
20260930-163327,84.2,1,2042,Player-781D,384,7,4,10,Player-781D,1,9,Player-5862@194 Sybaris@273 Duping@324
20260930-163327,84.2,2,2712,Player-DDA6,475,9,1,9,Player-781D,0,8,Player-5862@229 Sybaris@281 Vrba@323
20260930-163327,84.2,3,3392,Player-8B8A,379,7,2,8,Player-781D,0,9,Player-5862@208 Sybaris@288 Vrba@300
20260930-163913,37.4,1,2044,Player-3760,353,5,6,10,Player-3760,1,9,El@178 Serenea@234 Account-3D72@297
20260930-163913,37.4,2,2720,Player-BCA0,401,9,1,9,Player-3760,0,9,El@161 Serenea@234 Account-3D72@296
20260930-163913,37.4,3,3404,Player-781D,234,2,7,8,Player-3760,0,9,El@37 Serenea@234 Account-3D72@295
20260930-163913,84.6,1,2030,Player-6B3D,312,2,9,10,Player-6B3D,1,9,El@171 Account-3D72@312 Player-F273@322
20260930-163913,84.6,2,2714,Player-10E1,416,6,4,9,Player-6B3D,0,9,El@161 Player-F273@333 Player-8B8A@388
20260930-163913,84.6,3,3391,Player-F273,334,2,7,8,Player-6B3D,0,8,El@163 Player-F273@334 Player-8B8A@348
20260930-163913,135.3,1,2040,Player-10E1,680,7,4,10,,0,9,Vrba@567 Forsaken@608 Illusionary@616
20260930-163913,135.3,2,2722,Player-3760,605,1,9,9,,0,9,Vrba@605 Forsaken@617 El@629
20260930-164624,37.6,1,2044,Player-3760,308,4,7,10,Player-3760,1,9,El@110 Player-F273@287 Serenea@306
20260930-164624,37.6,2,2720,Player-10E1,402,7,3,9,Player-3760,0,8,El@112 Player-F273@288 Serenea@306
20260930-164624,37.6,3,3398,Player-8B8A,310,4,5,8,Player-3760,0,9,El@115 Player-F273@288 Serenea@306
20260930-164624,84.9,1,2034,Player-DDA6,428,8,3,10,Player-DDA6,1,9,El@208 Player-F273@399 Player-8B8A@414
20260930-164624,84.9,2,2716,Player-BCA0,430,7,3,9,Player-DDA6,0,9,El@224 Account-3D72@373 Player-F273@399
20260930-164624,84.9,3,3394,Player-6B3D,376,2,7,8,Player-DDA6,0,9,El@210 Account-3D72@376 Player-F273@399
20260930-165517,37.0,1,2036,Player-3760,275,1,10,10,Player-3760,1,9,Vrba@275 Player-F273@306 Duping@324
20260930-165517,37.0,2,2716,Player-781D,426,8,2,9,Player-3760,0,9,El@302 Player-F273@306 Duping@342
20260930-165517,37.0,3,3400,Player-6B3D,365,5,4,8,Player-3760,0,9,El@260 Player-F273@306 Player-8B8A@353
20260930-165517,84.1,1,2036,Player-C729,469,6,5,10,Player-C729,1,8,El@187 Vrba@381 Player-F273@381
20260930-165517,84.1,2,2720,Player-F273,381,3,7,9,Player-C729,0,8,El@192 Vrba@381 Player-F273@381
20260930-165517,84.1,3,3396,Player-781D,434,4,5,8,Player-C729,0,8,El@202 Vrba@290 Account-3D72@434
20260930-170422,37.6,1,2042,Player-3760,257,2,9,10,Player-3760,1,9,Player-3BD3@219 Vrba@257 Player-8B8A@275
20260930-170422,37.6,2,2718,Player-F273,336,5,5,9,Player-3760,0,9,Player-3BD3@215 Player-0AFD@274 Player-8B8A@276
20260930-170422,37.6,3,3400,Player-6B3D,300,4,5,8,Player-3760,0,9,Player-3BD3@212 Player-0AFD@269 Player-8B8A@276
20260930-170422,84.6,1,2038,Player-781D,408,6,5,10,Player-781D,1,9,Player-0AFD@356 Duping@374 Illusionary@388
20260930-170422,84.6,2,2714,Player-F273,423,8,2,9,Player-781D,0,9,Player-0AFD@347 Player-3BD3@354 Duping@381
20260930-170422,84.6,3,3394,Player-8B8A,405,4,5,8,Player-781D,0,9,Player-3BD3@286 Player-0AFD@317 Duping@388
20260930-170947,37.6,1,2044,Player-3760,219,2,9,10,Player-3760,1,8,Player-0AFD@125 Vrba@219 Player-3BD3@260
20260930-170947,37.6,2,2726,Player-F273,406,7,3,9,Player-3760,0,8,Player-0AFD@67 Player-3BD3@256 Account-3D72@322
20260930-170947,37.6,3,3402,Player-DDA6,489,8,1,8,Player-3760,0,7,Player-0AFD@133 Player-3BD3@249 Illusionary@323
20260930-170947,84.6,1,2036,Player-BCA0,344,4,7,10,Player-BCA0,1,9,Player-0AFD@274 Player-3BD3@322 Account-3D72@338
20260930-170947,84.6,2,2716,Player-3BD3,322,3,7,9,Player-BCA0,0,9,Player-0AFD@261 Player-F273@310 Player-3BD3@322
20260930-170947,84.6,3,3394,Player-6B3D,391,4,5,8,Player-BCA0,0,9,Player-F273@246 Player-0AFD@273 Player-8B8A@367
20260930-175523,37.1,1,2046,Player-F494,435,9,2,10,Player-F494,1,9,Player-0AFD@264 Sweetie@270 Pink@312
20260930-175523,37.1,2,2724,Player-BCA0,403,7,3,9,Player-F494,0,9,Player-0AFD@219 Sweetie@281 Player-C842@311
20260930-175523,37.1,3,3400,Player-08B9,407,7,2,8,Player-F494,0,8,Player-0AFD@216 Sweetie@282 Player-C842@315
20260930-175523,84.3,1,2038,Player-0AFD,278,1,10,10,Player-0AFD,1,9,Player-0AFD@278 Player-C842@362 Player-B757@362
20260930-175523,84.3,2,2718,Player-08B9,421,6,4,9,Player-0AFD,0,9,Aenor@263 Player-B757@296 Grim@347
20260930-175523,84.3,3,3396,Player-B757,292,2,7,8,Player-0AFD,0,8,Aenor@285 Player-B757@292 Grim@326
20260930-175523,134.8,1,2036,Player-1172,329,7,4,10,,0,9,Chosey@191 Player-B757@220 Sweetie@269
20260930-175523,134.8,2,2716,Player-C842,317,6,4,9,,0,9,Chosey@126 Player-B757@220 Sweetie@269
20260930-175523,134.8,3,3392,Player-B757,220,2,7,8,,0,9,Chosey@128 Player-B757@220 Player-0AFD@266
20260930-180129,37.2,1,2044,Player-1172,374,8,3,10,Player-1172,1,9,Player-B757@235 Sweetie@263 Player-0AFD@265
20260930-180129,37.2,2,2722,Player-B757,219,2,8,9,Player-1172,0,9,Chosey@189 Player-B757@219 Aenor@236
20260930-180129,37.2,3,3400,Player-D74D,239,2,7,8,Player-1172,0,8,Chosey@194 Aenor@239 Player-0AFD@242
20260930-180129,84.2,1,2044,Player-0AFD,419,5,6,10,,0,9,Player-C842@399 Aenor@400 Grim@407
20260930-180129,84.2,2,2724,Player-1172,465,7,3,9,,0,9,Chosey@367 Player-C842@399 Sweetie@411
20260930-180129,84.2,3,3398,Player-B757,447,4,5,8,,0,8,Sweetie@410 Grim@423 Player-C842@428
20260930-180617,37.0,1,2033,Player-F494,269,2,9,10,Player-F494,1,9,Player-B757@253 Chosey@269 Grim@316
20260930-180617,37.0,2,2713,Player-B757,253,1,9,9,Player-F494,0,9,Player-B757@253 Player-0AFD@314 Grim@316
20260930-180617,37.0,3,3397,Player-0AFD,297,1,8,8,Player-F494,0,9,Player-0AFD@297 Grim@317 Sweetie@325
20260930-180617,84.6,1,2044,Player-F494,373,5,6,10,Player-F494,1,9,Grim@270 Aenor@327 Player-0AFD@342
20260930-180617,84.6,2,2720,Player-1172,399,6,4,9,Player-F494,0,9,Grim@266 Player-0AFD@325 Aenor@346
20260930-180617,84.6,3,3400,Player-D808,362,3,6,8,Player-F494,0,9,Grim@265 Player-0AFD@316 Sweetie@362
20260930-180617,135.0,1,2040,Player-B757,415,5,6,10,Player-B757,1,9,Sweetie@298 Grim@311 Pink@396
20260930-180617,135.0,2,2720,Player-C842,431,5,5,9,Player-B757,0,9,Sweetie@299 Grim@311 Aenor@390
20260930-180617,135.0,3,3402,Player-1172,459,5,4,8,Player-B757,0,9,Sweetie@299 Grim@311 Aenor@348
20260930-181021,37.2,1,2032,Player-F494,172,1,10,10,Player-F494,1,9,Chosey@172 Sweetie@299 Aenor@319
20260930-181021,37.2,2,2716,Player-B757,276,1,9,9,Player-F494,0,9,Player-B757@276 Sweetie@308 Aenor@325
20260930-181021,37.2,3,3400,Player-0AFD,286,1,8,8,Player-F494,0,9,Player-0AFD@286 Sweetie@312 Aenor@315
20260930-181021,84.2,1,2036,Player-08B9,404,5,6,10,Player-08B9,1,9,Chosey@273 Player-0AFD@364 Grim@389
20260930-181021,84.2,2,2716,Player-B757,426,5,5,9,Player-08B9,0,9,Chosey@273 Player-0AFD@323 Grim@389
20260930-181021,84.2,3,3390,Player-1172,480,8,1,8,Player-08B9,0,9,Chosey@273 Player-0AFD@319 Grim@386
20260930-181021,134.6,1,2042,Player-C842,312,6,4,9,,0,8,Player-0AFD@187 Illusionary@239 Pink@255
20260930-181021,134.6,2,2714,Player-BCA0,248,3,6,8,,0,8,Player-0AFD@239 Pink@247 Illusionary@248
20260930-181021,134.6,3,3398,Player-1172,247,1,7,7,,0,8,Pink@247 Aenor@269 Player-0AFD@275
20260930-181643,38.0,1,2036,Player-F494,185,3,8,10,Player-F494,1,9,Illusionary@161 Aenor@168 Chosey@185
20260930-181643,38.0,2,2718,Player-BCA0,156,2,8,9,Player-F494,0,9,Aenor@143 Illusionary@156 Grim@252
20260930-181643,38.0,3,3398,Player-1172,315,7,2,8,Player-F494,0,9,Player-0AFD@224 Aenor@226 Grim@252
20260930-181643,84.9,1,2044,Player-1172,472,9,2,10,Player-1172,1,9,Player-C842@262 Grim@313 Player-0AFD@337
20260930-181643,84.9,2,2720,Player-89AD,313,2,8,9,Player-1172,0,9,Player-C842@261 Grim@313 Player-0AFD@332
20260930-181643,84.9,3,3396,Player-08B9,455,7,2,8,Player-1172,0,9,Player-C842@260 Player-0AFD@319 Sweetie@336
20260930-181643,135.4,1,2042,Player-D808,302,9,2,10,,0,9,Chosey@173 Pink@241 Illusionary@249
20260930-181643,135.4,2,2722,Player-89AD,275,5,5,9,,0,9,Chosey@166 Pink@231 Illusionary@253
20260930-181643,135.4,3,3404,Player-B757,329,7,2,8,,0,9,Chosey@146 Pink@249 Player-0AFD@262
20260930-182315,37.4,1,2042,Player-F494,217,1,10,10,Player-F494,1,9,Chosey@217 Pink@225 Sweetie@236
20260930-182315,37.4,2,2716,Player-08B9,381,9,1,9,Player-F494,0,9,Pink@232 Sweetie@236 Player-B757@240
20260930-182315,37.4,3,3404,Player-0AFD,255,4,5,8,Player-F494,0,9,Sweetie@236 Pink@239 Player-B757@241
20260930-182315,84.5,1,2046,Player-D808,996,6,5,10,,0,9,Grim@727 Player-C842@846 Player-0AFD@887
20260930-182315,84.5,2,2718,Player-F494,992,8,2,9,,0,6,Grim@537 Player-0AFD@642 Player-C842@654
20260930-182315,84.5,3,3396,Player-D74D,911,8,1,8,,0,5,Grim@354 Player-0AFD@443 Player-C842@499
20260930-182315,136.0,1,2031,Player-F494,223,1,10,10,Player-F494,1,9,Chosey@223 Pink@237 Player-B757@256
20260930-182315,136.0,2,2717,Player-0AFD,280,5,5,9,Player-F494,0,9,Pink@231 Player-B757@257 Grim@278
20260930-182315,136.0,3,3393,Player-D808,279,4,5,8,Player-F494,0,9,Pink@247 Player-B757@259 Grim@278
20260930-182616,37.7,1,2040,Player-F494,355,6,5,10,Player-F494,1,9,El@198 Pink@238 Aenor@300
20260930-182616,37.7,2,2720,Player-89AD,353,4,6,9,Player-F494,0,9,El@208 Pink@250 Sweetie@313
20260930-182616,37.7,3,3400,Player-D74D,409,5,4,8,Player-F494,0,9,El@218 Pink@271 Sweetie@313
20260930-182616,84.8,1,2040,Player-B757,352,3,8,10,Player-B757,1,9,Chosey@132 El@334 Player-B757@352
20260930-182616,84.8,2,2730,Player-D808,360,2,7,8,,0,7,Chosey@143 Sweetie@360 Player-C842@380
20260930-182616,84.8,3,3408,Player-08B9,490,5,3,7,,0,6,Chosey@154 Player-C842@380 Aenor@408
20260930-183207,37.2,1,2040,Player-F494,221,3,8,10,Player-F494,1,9,Illusionary@170 El@188 Chosey@221
20260930-183207,37.2,2,2718,Player-89AD,294,6,4,9,Player-F494,0,9,Illusionary@173 El@204 Sweetie@262
20260930-183207,37.2,3,3396,Player-D808,262,3,6,8,Player-F494,0,9,El@175 Illusionary@176 Sweetie@262
20260930-183207,84.4,1,2038,Player-89AD,240,3,8,10,Player-89AD,1,9,Illusionary@162 El@170 Grim@240
20260930-183207,84.4,2,2712,Player-BCA0,162,2,8,9,Player-89AD,0,9,El@159 Illusionary@162 Chosey@234
20260930-183207,84.4,3,3392,Player-F494,189,2,7,8,Player-89AD,0,9,El@131 Chosey@189 Aenor@296
20260930-183207,134.0,1,2036,Player-D808,395,3,8,10,,0,9,El@221 Grim@368 Sweetie@395
20260930-183207,134.0,2,2718,Player-1172,619,8,2,9,,0,8,El@367 Grim@390 Chosey@413
20260930-183207,134.0,3,3402,Player-B757,575,7,2,8,,0,9,El@407 Chosey@414 Grim@415
20260930-183742,37.3,1,2038,Player-F494,262,6,5,10,Player-F494,1,9,El@146 Illusionary@193 Player-B757@196
20260930-183742,37.3,2,2718,Player-C842,264,6,4,9,Player-F494,0,9,El@145 Illusionary@193 Player-B757@197
20260930-183742,37.3,3,3400,Player-BCA0,193,2,7,8,Player-F494,0,9,El@145 Illusionary@193 Player-B757@198
20260930-183742,84.7,1,2038,Player-08B9,376,5,6,10,Player-08B9,1,9,El@105 Grim@245 Illusionary@251
20260930-183742,84.7,2,2722,Player-B757,394,7,3,9,Player-08B9,0,9,El@107 Grim@246 Illusionary@257
20260930-183742,84.7,3,3400,Player-DCBD,112,1,8,8,Player-08B9,0,4,El@112 Grim@249 Illusionary@264
20260930-183742,134.6,1,2040,Player-D74D,392,6,5,10,Player-D74D,1,9,El@107 Player-C842@372 Chosey@377
20260930-183742,134.6,2,2720,Player-1172,403,5,5,9,Player-D74D,0,9,El@134 Chosey@316 Player-C842@373
20260930-183742,134.6,3,3402,Player-BCA0,400,4,5,8,Player-D74D,0,9,El@105 Chosey@239 Player-C842@377
20260930-184348,37.9,1,2042,Player-F494,299,5,6,10,Player-F494,1,9,El@177 Pink@224 Sweetie@249
20260930-184348,37.9,2,2722,Player-1172,242,2,8,9,Player-F494,0,9,El@159 Pink@242 Sweetie@251
20260930-184348,37.9,3,3404,Player-08B9,276,3,6,8,Player-F494,0,9,El@160 Sweetie@253 Pepito@276
20260930-184348,85.4,1,2038,Player-F494,236,3,8,10,Player-F494,1,8,El@72 Pink@221 Chosey@236
20260930-184348,85.4,2,2714,Player-08B9,307,3,7,9,Player-F494,0,8,El@68 Pink@254 Pepito@307
20260930-184348,85.4,3,3400,Player-1172,254,2,7,8,Player-F494,0,2,El@77 Pink@254 Sweetie@313
20260930-191231,38.2,1,2040,Player-F494,268,4,7,10,Player-F494,1,8,The@104 Player-FBAD@205 Player-DE24@230
20260930-191231,38.2,2,2718,Player-DDA6,319,5,5,9,Player-F494,0,9,The@113 Player-FBAD@193 Player-DE24@232
20260930-191231,38.2,3,3400,Player-FBAD,151,2,7,8,Player-F494,0,6,The@144 Player-FBAD@151 Player-DE24@235
20260930-191231,85.8,1,2048,Player-BCA0,496,10,1,10,Player-BCA0,1,9,Player-FBAD@217 Player-DE24@230 The@295
20260930-191231,85.8,2,2726,Player-470E,374,7,3,9,Player-BCA0,0,9,Player-DE24@184 Player-FBAD@231 The@264
20260930-191231,85.8,3,3400,Player-FBAD,346,5,4,8,Player-BCA0,0,8,Player-DE24@192 The@239 Chosey@294
20260930-192340,37.2,1,2032,Player-DDA6,318,8,3,10,Player-DDA6,1,7,Player-74C1@102 The@155 Player-1BA4@194
20260930-192340,37.2,2,2718,Player-89AD,265,5,5,9,Player-DDA6,0,9,Player-74C1@121 The@123 Player-FBAD@212
20260930-192340,37.2,3,3396,Player-FBAD,248,3,6,8,Player-DDA6,0,9,Player-74C1@127 The@139 Player-FBAD@248
20260930-192340,84.5,1,2040,Player-F494,118,1,10,10,,0,8,Chosey@118 Player-FBAD@128 The@212
20260930-192340,84.5,2,2718,Player-BCA0,311,6,4,9,,0,8,Player-FBAD@184 The@210 Player-1BA4@261
20260930-192340,84.5,3,3392,Player-FBAD,275,2,7,8,,0,8,The@156 Player-FBAD@275 Grim@275
20260930-193130,37.8,1,2042,Player-F494,191,2,9,10,Player-F494,1,9,The@124 Chosey@191 Player-FBAD@212
20260930-193130,37.8,2,2724,Player-470E,385,8,2,9,Player-F494,0,9,The@124 Player-FBAD@204 Player-DE24@261
20260930-193130,37.8,3,3404,Player-1B8E,124,1,8,8,Player-F494,0,7,The@124 Player-FBAD@197 Player-DE24@264
20260930-193130,85.2,1,2038,Player-F494,354,3,8,10,Player-F494,1,9,The@238 Player-FBAD@318 Chosey@354
20260930-193130,85.2,2,2720,Player-74C1,370,6,4,9,Player-F494,0,9,The@234 Player-FBAD@302 Player-DE24@332
20260930-193130,85.2,3,3394,Player-89AD,363,5,4,8,Player-F494,0,9,The@231 Player-DE24@314 Player-FBAD@330
20260930-193906,36.9,1,2036,Player-F494,110,2,9,10,Player-F494,1,9,The@73 Chosey@110 Illusionary@182
20260930-193906,36.9,2,2716,Player-BCA0,182,2,8,9,Player-F494,0,9,The@64 Illusionary@182 Player-FBAD@230
20260930-193906,36.9,3,3396,Player-89AD,293,3,6,8,Player-F494,0,9,The@99 Player-FBAD@231 Grim@293
20260930-193906,84.7,1,2042,Player-470E,361,6,5,10,Player-470E,1,9,Player-FBAD@101 The@208 Chosey@238
20260930-193906,84.7,2,2720,Player-1BA4,338,5,5,9,Player-470E,0,9,The@156 Player-FBAD@211 Chosey@237
20260930-193906,84.7,3,3394,Player-FBAD,272,3,6,8,Player-470E,0,9,Chosey@140 The@163 Player-FBAD@272
20260930-194816,37.5,1,2040,Player-F494,172,2,9,10,Player-F494,1,9,The@149 Chosey@172 Player-FBAD@172
20260930-194816,37.5,2,2718,Player-89AD,344,7,3,9,Player-F494,0,9,The@149 Player-FBAD@174 Player-DE24@251
20260930-194816,37.5,3,3404,Player-1BA4,375,7,2,8,Player-F494,0,9,The@127 Player-FBAD@234 Player-DE24@253
20260930-194816,84.7,1,2038,Player-DDA6,440,10,1,10,Player-DDA6,1,9,The@183 Player-FBAD@282 Player-DE24@304
20260930-194816,84.7,2,2718,Player-FBAD,295,4,6,9,Player-DDA6,0,9,The@187 Chosey@264 Player-1BA4@271
20260930-194816,84.7,3,3396,Player-1BA4,270,2,7,8,Player-DDA6,0,8,The@184 Player-1BA4@270 Chosey@273
20260930-195751,37.5,1,2038,Player-F494,185,2,9,10,Player-F494,1,9,The@155 Chosey@185 Player-FBAD@256
20260930-195751,37.5,2,2718,Player-470E,319,5,5,9,Player-F494,0,9,The@80 Player-FBAD@233 Player-DE24@298
20260930-195751,37.5,3,3400,Player-DE24,298,3,6,8,Player-F494,0,9,The@80 Player-FBAD@257 Player-DE24@298
20260930-195751,84.9,1,2038,Player-89AD,393,7,4,10,Player-89AD,1,9,Chosey@153 Player-FBAD@179 The@189
20260930-195751,84.9,2,2722,Player-1BA4,375,6,4,9,Player-89AD,0,8,Chosey@58 Player-FBAD@132 The@179
20260930-195751,84.9,3,3408,Player-FBAD,213,3,6,8,Player-89AD,0,6,Chosey@102 The@173 Player-FBAD@213
20260930-200445,37.5,1,2046,Player-F494,144,1,10,10,Player-F494,1,9,Chosey@144 The@150 Player-FBAD@186
20260930-200445,37.5,2,2722,Player-89AD,326,7,3,9,Player-F494,0,9,The@122 Player-FBAD@181 Illusionary@268
20260930-200445,37.5,3,3402,Player-BCA0,257,3,6,8,Player-F494,0,9,The@118 Player-FBAD@211 Illusionary@257
20260930-200445,84.9,1,2038,Player-DDA6,473,10,1,10,Player-DDA6,1,8,The@208 Chosey@228 Player-DE24@269
20260930-200445,84.9,2,2718,Player-74C1,413,9,1,9,Player-DDA6,0,9,The@206 Chosey@228 Player-DE24@269
20260930-200445,84.9,3,3394,Player-F494,228,2,7,8,Player-DDA6,0,8,The@184 Chosey@228 Player-DE24@269
20260930-201108,37.6,1,2040,Player-F494,149,1,10,10,Player-F494,1,9,Chosey@149 The@180 Player-DE24@227
20260930-201108,37.6,2,2714,Player-89AD,304,5,5,9,Player-F494,0,9,The@97 Player-DE24@227 Player-FBAD@252
20260930-201108,37.6,3,3404,Player-DDA6,350,5,4,8,Player-F494,0,9,The@100 Player-DE24@227 Player-FBAD@257
20260930-201108,85.0,1,2040,Player-BCA0,377,6,5,10,Player-BCA0,1,8,The@207 Player-FBAD@213 Player-1BA4@281
20260930-201108,85.0,2,2710,Player-DE24,285,4,6,9,Player-BCA0,0,9,The@183 Player-FBAD@205 Player-1BA4@226
20260930-201108,85.0,3,3392,Player-FBAD,192,2,7,8,Player-BCA0,0,8,The@157 Player-FBAD@192 Player-1BA4@245
20260930-203200,37.6,1,2036,Player-F494,129,1,10,10,Player-F494,1,9,Chosey@129 The@215 Player-1BA4@282
20260930-203200,37.6,2,2724,Player-DDA6,376,9,1,9,Player-F494,0,9,The@195 Player-1BA4@282 Player-DE24@287
20260930-203200,37.6,3,3404,Player-89AD,303,4,5,8,Player-F494,0,9,The@175 Player-74C1@237 Player-DE24@289
20260930-203200,84.8,1,2034,Player-F494,276,2,9,10,Player-F494,1,9,The@211 Chosey@276 Player-DE24@348
20260930-203200,84.8,2,2712,Player-89AD,429,7,3,9,Player-F494,0,9,The@209 Player-DE24@347 Player-1BA4@350
20260930-203200,84.8,3,3392,Player-1BA4,349,3,6,8,Player-F494,0,6,The@206 Player-DE24@347 Player-1BA4@349
20260930-203600,37.0,1,2038,Player-F494,248,3,8,10,Player-F494,1,9,The@110 Player-FBAD@205 Chosey@248
20260930-203600,37.0,2,2714,Player-DDA6,408,8,2,9,Player-F494,0,9,The@124 Player-FBAD@212 Player-1BA4@264
20260930-203600,37.0,3,3396,Player-89AD,313,5,4,8,Player-F494,0,9,The@172 Player-FBAD@225 Player-1BA4@263
20260930-203600,84.0,1,2038,Player-DDA6,497,9,2,10,Player-DDA6,1,7,The@209 Player-DE24@331 Gachi@333
20260930-203600,84.0,2,2718,Player-89AD,434,6,4,9,Player-DDA6,0,7,The@172 Gachi@324 Player-DE24@339
20260930-203600,84.0,3,3400,Player-BCA0,515,6,3,8,Player-DDA6,0,7,The@103 Gachi@315 Player-DE24@375
20260930-203947,37.6,1,2040,Player-F494,193,2,9,10,Player-F494,1,9,The@150 Chosey@193 Player-FBAD@234
20260930-203947,37.6,2,2724,Player-BCA0,354,9,1,9,Player-F494,0,9,The@97 Player-FBAD@236 Player-DE24@272
20260930-203947,37.6,3,3400,Player-DE24,272,3,6,8,Player-F494,0,9,The@109 Player-FBAD@237 Player-DE24@272
20260930-203947,84.6,1,2028,Player-DE24,347,5,6,10,Player-DE24,1,9,The@223 Player-FBAD@231 Chosey@257
20260930-203947,84.6,2,2716,Player-470E,335,4,6,9,Player-DE24,0,9,The@225 Chosey@237 Player-FBAD@290
20260930-203947,84.6,3,3388,Player-BCA0,485,8,1,8,Player-DE24,0,8,Chosey@176 The@226 Grim@345
20260930-204517,37.3,1,2050,Player-F494,205,3,8,10,Player-F494,1,9,The@140 Player-FBAD@205 Chosey@205
20260930-204517,37.3,2,2728,Player-BCA0,346,7,3,9,Player-F494,0,9,The@117 Player-FBAD@204 Player-DE24@281
20260930-204517,37.3,3,3402,Player-89AD,342,6,3,8,Player-F494,0,9,The@117 Player-FBAD@231 Player-DE24@299
20260930-204517,84.7,1,2044,Player-F494,141,1,10,10,Player-F494,1,7,Chosey@141 The@200 Player-FBAD@301
20260930-204517,84.7,2,2724,Player-BCA0,380,5,5,9,Player-F494,0,9,The@151 Player-FBAD@297 Player-DE24@317
20260930-204517,84.7,3,3402,Player-89AD,439,7,2,8,Player-F494,0,8,The@132 Player-FBAD@316 Player-DE24@325
20260930-204753,37.6,1,2040,Player-F494,190,2,9,10,Player-F494,1,9,The@134 Chosey@190 Player-FBAD@224
20260930-204753,37.6,2,2726,Player-FBAD,224,2,8,9,Player-F494,0,9,The@194 Player-FBAD@224 Player-DE24@247
20260930-204753,37.6,3,3400,Player-89AD,358,6,3,8,Player-F494,0,9,The@217 Player-DE24@249 Illusionary@293
20260930-204753,84.6,1,2032,Player-89AD,323,4,7,10,Player-89AD,1,9,The@74 Chosey@198 Player-FBAD@305
20260930-204753,84.6,2,2714,Player-1BA4,471,8,2,9,Player-89AD,0,8,The@134 Chosey@187 Player-FBAD@341
20260930-204753,84.6,3,3396,Player-74C1,457,7,2,8,Player-89AD,0,9,The@165 Chosey@232 Player-DE24@277
20260930-205557,37.2,1,2046,Player-F494,291,4,7,10,Player-F494,1,9,The@93 Player-FBAD@162 Player-DE24@288
20260930-205557,37.2,2,2724,Player-1B8E,83,1,9,9,Player-F494,0,6,The@83 Player-FBAD@178 Player-DE24@290
20260930-205557,37.2,3,3400,Player-470E,348,5,4,8,Player-F494,0,9,Player-FBAD@242 Player-DE24@291 Player-1BA4@326
20260930-205557,85.2,1,2042,Player-89AD,353,7,4,10,Player-89AD,1,9,Player-FBAD@200 The@212 Chosey@311
20260930-205557,85.2,2,2718,Player-470E,346,6,4,9,Player-89AD,0,9,The@199 Chosey@227 Player-FBAD@239
20260930-205557,85.2,3,3394,Player-F494,215,2,7,8,Player-89AD,0,8,The@178 Chosey@215 Player-FBAD@293
20260930-210018,37.2,1,2034,Player-F494,203,3,8,10,Player-F494,1,9,The@97 Player-FBAD@193 Chosey@203
20260930-210018,37.2,2,2712,Player-FBAD,193,2,8,9,Player-F494,0,9,The@134 Player-FBAD@193 Player-DE24@271
20260930-210018,37.2,3,3398,Player-1B8E,134,1,8,8,Player-F494,0,9,The@134 Player-DE24@271 Illusionary@295
20260930-210018,84.3,1,2046,Player-1B8E,224,3,8,10,Player-1B8E,1,9,Chosey@76 Player-FBAD@138 The@224
20260930-210018,84.3,2,2726,Player-74C1,427,6,4,9,Player-1B8E,0,7,Chosey@82 Player-FBAD@105 Player-DE24@282
20260930-210018,84.3,3,3406,Player-89AD,495,8,1,8,Player-1B8E,0,7,Chosey@88 Player-FBAD@122 Illusionary@245
20260930-210743,37.3,1,2036,Player-F494,230,3,8,10,Player-F494,1,9,The@155 Player-FBAD@186 Chosey@230
20260930-210743,37.3,2,2714,Player-1BA4,324,5,5,9,Player-F494,0,9,The@165 Player-FBAD@191 Player-DE24@282
20260930-210743,37.3,3,3398,Player-BCA0,326,5,4,8,Player-F494,0,9,The@223 Player-FBAD@233 Player-DE24@283
20260930-210743,84.8,1,2036,Player-470E,428,6,5,10,Player-470E,1,9,Player-FBAD@164 The@206 Player-DE24@377
20260930-210743,84.8,2,2718,Player-74C1,402,5,5,9,Player-470E,0,9,Player-FBAD@166 The@181 Chosey@274
20260930-210743,84.8,3,3390,Player-DE24,315,4,5,8,Player-470E,0,9,The@142 Player-FBAD@200 Chosey@294
20260930-211921,37.6,1,2034,Player-F494,396,3,8,10,Player-F494,1,9,The@165 Player-FBAD@265 Chosey@396
20260930-211921,37.6,2,2718,Player-1B8E,169,1,9,9,Player-F494,0,2,The@169 Player-FBAD@275 Illusionary@428
20260930-211921,37.6,3,3392,Player-DDA6,615,8,1,8,Player-F494,0,8,Player-FBAD@350 Illusionary@425 Grim@475
20260930-211921,84.6,1,2036,Player-DDA6,516,10,1,10,Player-DDA6,1,8,The@140 Player-FBAD@240 Chosey@258
20260930-211921,84.6,2,2718,Player-1BA4,414,8,2,9,Player-DDA6,0,9,The@169 Chosey@256 Player-FBAD@283
20260930-211921,84.6,3,3400,Player-FBAD,340,3,6,8,Player-DDA6,0,8,The@220 Chosey@258 Player-FBAD@340
20260930-213241,37.2,1,2040,Player-F494,262,4,7,10,Player-F494,1,9,The@98 Player-FBAD@197 Forsaken@256
20260930-213241,37.2,2,2718,Player-DDA6,321,5,5,9,Player-F494,0,9,The@83 Player-FBAD@219 Grim@273
20260930-213241,37.2,3,3404,Player-89AD,273,3,6,8,Player-F494,0,9,The@98 Player-FBAD@252 Grim@273
20260930-213637,37.4,1,2026,Player-F494,139,2,9,10,Player-F494,1,7,The@113 Chosey@139 Player-FBAD@242
20260930-213637,37.4,2,2704,Player-BCA0,413,7,3,9,Player-F494,0,9,The@134 Player-FBAD@250 Grim@315
20260930-213637,37.4,3,3384,Player-1BA4,341,4,5,8,Player-F494,0,9,The@187 Player-FBAD@270 Grim@314
20260930-213637,84.2,1,2042,Player-DE24,377,4,7,10,Player-DE24,1,9,Player-FBAD@310 The@322 Chosey@344
20260930-213637,84.2,2,2728,Player-74C1,467,8,2,9,Player-DE24,0,9,Chosey@283 The@303 Player-FBAD@322
20260930-213637,84.2,3,3406,Player-F494,283,1,8,8,Player-DE24,0,6,Chosey@283 The@297 Player-FBAD@335
20260930-214712,37.6,1,2038,Player-F494,74,1,10,10,Player-F494,1,5,Chosey@74 The@99 Player-FBAD@267
20260930-214712,37.6,2,2712,Player-74C1,593,9,1,9,Player-F494,0,6,The@89 Player-FBAD@270 Illusionary@346
20260930-214712,37.6,3,3394,Player-1BA4,374,6,3,8,Player-F494,0,8,The@107 Player-FBAD@274 Illusionary@347
20260930-214712,85.0,1,2046,Player-DE24,341,4,7,10,Player-DE24,1,9,The@163 Player-FBAD@253 Chosey@313
20260930-214712,85.0,2,2726,Player-FBAD,229,2,8,9,Player-DE24,0,7,The@175 Player-FBAD@229 Chosey@286
20260930-214712,85.0,3,3404,Player-89AD,360,4,5,8,Player-DE24,0,9,The@180 Chosey@206 Gachi@347
20260930-215124,37.3,1,2032,Player-F494,80,1,10,10,Player-F494,1,8,Chosey@80 The@181 Player-FBAD@182
20260930-215124,37.3,2,2716,Player-DDA6,243,3,7,9,Player-F494,0,9,The@203 Player-FBAD@210 Forsaken@243
20260930-215124,37.3,3,3390,Player-1B8E,203,1,8,8,Player-F494,0,9,The@203 Player-FBAD@230 Gachi@302
20260930-215627,36.7,1,2038,Player-F494,99,1,10,10,Player-F494,1,5,Chosey@99 The@114 Player-FBAD@282
20260930-215627,36.7,2,2722,Player-FBAD,269,2,8,9,Player-F494,0,9,The@126 Player-FBAD@269 Player-DE24@291
20260930-215627,36.7,3,3400,Player-1B8E,134,1,8,8,Player-F494,0,9,The@134 Player-DE24@293 Grim@330
20260930-215627,83.8,1,2050,Player-89AD,376,3,8,10,Player-89AD,1,9,Chosey@179 Player-FBAD@313 Grim@376
20260930-215627,83.8,2,2730,Player-F494,174,1,9,9,Player-89AD,0,1,Chosey@174 The@185 Player-DE24@216
20260930-215627,83.8,3,3402,Player-FBAD,260,3,6,8,Player-89AD,0,6,The@179 Player-DE24@227 Player-FBAD@260
20260930-215821,37.1,1,2038,Player-F494,276,2,9,10,Player-F494,1,9,The@134 Chosey@276 Player-FBAD@308
20260930-215821,37.1,2,2716,Player-1B8E,137,1,9,9,Player-F494,0,5,The@137 Player-FBAD@316 Grim@332
20260930-215821,37.1,3,3402,Player-89AD,359,3,6,8,Player-F494,0,9,Player-1BA4@337 Player-FBAD@349 Grim@359
20260930-220441,37.2,1,2036,Player-F494,196,2,9,10,Player-F494,1,9,The@165 Chosey@196 Player-FBAD@301
20260930-220441,37.2,2,2714,Player-FBAD,281,2,8,9,Player-F494,0,9,The@182 Player-FBAD@281 Grim@308
20260930-220441,37.2,3,3392,Player-DE24,360,4,5,8,Player-F494,0,9,The@183 Grim@308 Illusionary@351
20260930-220441,84.7,1,2030,Player-1BA4,349,4,7,10,Player-1BA4,1,9,The@158 Player-FBAD@220 Chosey@232
20260930-220441,84.7,2,2716,Player-74C1,420,6,4,9,Player-1BA4,0,9,The@127 Player-FBAD@294 Gachi@316
20260930-220441,84.7,3,3394,Player-F494,367,4,5,8,Player-1BA4,0,9,The@111 Gachi@330 Grim@354
20260930-220831,37.3,1,2040,Player-F494,280,4,7,10,Player-F494,1,9,The@50 Player-FBAD@179 Player-DE24@271
20260930-220831,37.3,2,2720,Player-470E,313,6,4,9,Player-F494,0,7,The@63 Player-FBAD@204 Player-DE24@275
20260930-220831,37.3,3,3400,Player-DDA6,415,7,2,8,Player-F494,0,6,The@93 Player-FBAD@251 Player-DE24@279
20260930-220831,84.3,1,2042,Player-1B8E,162,3,8,10,Player-1B8E,1,7,Chosey@29 Player-FBAD@107 The@162
20260930-220831,84.3,2,2718,Player-470E,367,9,1,9,Player-1B8E,0,3,Chosey@29 Player-FBAD@109 Grim@192
20260930-220831,84.3,3,3398,Player-DE24,255,7,2,8,Player-1B8E,0,7,Chosey@86 Player-FBAD@112 Player-1BA4@127
20260930-221626,37.1,1,2032,Player-F494,260,6,5,10,Player-F494,1,9,The@134 Gachi@230 Player-1BA4@236
20260930-221626,37.1,2,2722,Player-DDA6,368,9,1,9,Player-F494,0,9,The@156 Gachi@244 Player-FBAD@249
20260930-221626,37.1,3,3396,Player-1BA4,266,4,5,8,Player-F494,0,9,The@144 Player-FBAD@249 Player-DE24@254
20260930-221626,84.4,1,2038,Player-BCA0,344,3,8,10,Player-BCA0,1,9,The@156 Player-FBAD@329 Illusionary@344
20260930-221626,84.4,2,2722,Player-89AD,460,8,2,9,Player-BCA0,0,8,The@140 Player-FBAD@321 Chosey@353
20260930-221626,84.4,3,3390,Player-F494,353,3,6,8,Player-BCA0,0,9,The@153 Player-FBAD@317 Chosey@353
20260930-225431,37.5,1,2042,Player-F494,484,7,4,10,Player-F494,1,8,The@123 Forsaken@270 Player-FBAD@365
20260930-225431,37.5,2,2720,Player-1B8E,109,1,9,9,Player-F494,0,4,The@109 Forsaken@269 Player-FBAD@366
20260930-225431,37.5,3,3398,Player-89AD,367,2,7,8,Player-F494,0,8,Forsaken@268 Grim@367 Player-DE24@370
20260930-225431,84.6,1,2038,Player-BCA0,474,8,3,10,Player-BCA0,1,9,The@211 Player-FBAD@275 Player-DE24@328
20260930-225431,84.6,2,2718,Player-1BA4,484,7,3,9,Player-BCA0,0,9,The@209 Player-FBAD@288 Grim@316
20260930-225431,84.6,3,3396,Player-89AD,306,2,7,8,Player-BCA0,0,8,The@180 Grim@306 Player-DE24@327
20260930-225808,37.2,1,2034,Player-F494,371,5,6,10,Player-F494,1,9,The@175 Player-FBAD@208 Grim@317
20260930-225808,37.2,2,2712,Player-1B8E,175,1,9,9,Player-F494,0,7,The@175 Player-FBAD@209 Grim@317
20260930-225808,37.2,3,3390,Player-470E,556,8,1,8,Player-F494,0,7,Player-FBAD@223 Grim@317 Player-DE24@322
20260930-225808,85.0,1,2035,Player-1B8E,196,1,10,10,Player-1B8E,1,6,The@196 Chosey@240 Player-FBAD@395
20260930-225808,85.0,2,2713,Player-470E,451,4,6,9,Player-1B8E,0,9,Chosey@234 Player-FBAD@406 Grim@448
20260930-225808,85.0,3,3393,Player-DE24,462,5,4,8,Player-1B8E,0,9,Chosey@237 Player-FBAD@417 Player-1BA4@446
20260930-230802,37.8,1,2038,Player-F494,269,2,9,10,Player-F494,1,9,The@74 Chosey@269 Player-DE24@279
20260930-230802,37.8,2,2716,Player-DE24,279,2,8,9,Player-F494,0,8,The@103 Player-DE24@279 Grim@312
20260930-230802,37.8,3,3392,Player-1B8E,112,1,8,8,Player-F494,0,6,The@112 Grim@313 Player-1BA4@350
20260930-230802,84.8,1,2042,Player-FBAD,188,2,9,10,Player-FBAD,1,7,Chosey@101 Player-FBAD@188 The@225
20260930-230802,84.8,2,2718,Player-F494,101,1,9,9,Player-FBAD,0,5,Chosey@101 The@151 Player-DE24@257
20260930-230802,84.8,3,3398,Player-1BA4,427,6,3,8,Player-FBAD,0,8,The@103 Player-DE24@258 Grim@306
20260930-231403,37.2,1,2046,Player-F494,329,5,6,10,Player-F494,1,9,The@150 Player-FBAD@248 Player-DE24@302
20260930-231403,37.2,2,2718,Player-BCA0,364,6,4,9,Player-F494,0,9,The@174 Player-FBAD@258 Player-DE24@303
20260930-231403,37.2,3,3400,Player-1BA4,350,5,4,8,Player-F494,0,9,The@175 Player-FBAD@268 Grim@327
20260930-231403,84.6,1,2040,Player-DDA6,471,10,1,10,Player-DDA6,1,9,Player-FBAD@206 The@212 Chosey@268
20260930-231403,84.6,2,2718,Player-FBAD,182,1,9,9,Player-DDA6,0,8,Player-FBAD@182 The@212 Chosey@237
20260930-231403,84.6,3,3394,Player-1B8E,212,1,8,8,Player-DDA6,0,8,The@212 Chosey@239 Player-DE24@316
20260930-231723,37.3,1,2046,Player-F494,106,2,9,10,Player-F494,1,7,The@88 Chosey@106 Player-FBAD@162
20260930-231723,37.3,2,2720,Player-1BA4,342,5,5,9,Player-F494,0,9,The@111 Player-FBAD@163 Forsaken@232
20260930-231723,37.3,3,3402,Player-DE24,318,4,5,8,Player-F494,0,8,The@116 Player-FBAD@180 Forsaken@232
20260930-231723,84.6,1,2044,Player-1B8E,203,2,9,10,Player-1B8E,1,5,Player-FBAD@143 The@203 Grim@409
20260930-231723,84.6,2,2720,Player-DDA6,510,6,4,9,Player-1B8E,0,8,Player-FBAD@171 Chosey@379 Player-DE24@388
20260930-231723,84.6,3,3408,Player-DE24,388,3,6,8,Player-1B8E,0,9,Player-FBAD@285 Chosey@348 Player-DE24@388
20260930-232430,37.1,1,2042,Player-F494,112,1,10,10,Player-F494,1,6,Chosey@112 The@126 Player-FBAD@185
20260930-232430,37.1,2,2722,Player-1BA4,367,6,4,9,Player-F494,0,9,The@142 Player-FBAD@197 Illusionary@308
20260930-232430,37.1,3,3400,Player-74C1,513,8,1,8,Player-F494,0,7,The@158 Player-FBAD@209 Player-DE24@313
20260930-232430,84.3,1,2044,Player-470E,385,4,7,10,Player-470E,1,9,Player-FBAD@147 The@224 Chosey@244
20260930-232430,84.3,2,2730,Player-FBAD,155,1,9,9,Player-470E,0,5,Player-FBAD@155 The@210 Chosey@214
20260930-232430,84.3,3,3404,Player-DE24,609,8,1,8,Player-470E,0,6,The@158 Chosey@255 Player-74C1@380
20260930-233450,37.5,1,2044,Player-F494,138,2,9,10,Player-F494,1,5,The@120 Chosey@138 Player-DE24@243
20260930-233450,37.5,2,2718,Player-FBAD,276,3,7,9,Player-F494,0,8,The@120 Player-DE24@245 Player-FBAD@276
20260930-233450,37.5,3,3402,Player-1B8E,120,1,8,8,Player-F494,0,6,The@120 Player-DE24@248 Grim@316
20260930-233450,84.8,1,2030,Player-DDA6,579,10,1,10,Player-DDA6,1,6,Chosey@171 The@202 Player-FBAD@212
20260930-233450,84.8,2,2712,Player-1BA4,436,8,2,9,Player-DDA6,0,9,Chosey@184 The@202 Player-FBAD@241
20260930-233450,84.8,3,3398,Player-74C1,404,6,3,8,Player-DDA6,0,8,Chosey@198 The@203 Player-FBAD@270
20260930-234618,38.0,1,2040,Player-F494,218,3,8,10,Player-F494,1,9,The@198 Player-FBAD@200 Chosey@218
20260930-234618,38.0,2,2722,Player-FBAD,240,2,8,9,Player-F494,0,9,The@194 Player-FBAD@240 Illusionary@317
20260930-234618,38.0,3,3402,Player-74C1,485,8,1,8,Player-F494,0,8,The@195 Illusionary@321 Player-DE24@357
20260930-234618,85.2,1,2038,Player-1B8E,238,2,9,10,Player-1B8E,1,8,Player-FBAD@147 The@238 Player-DE24@288
20260930-234618,85.2,2,2726,Player-89AD,396,4,6,9,Player-1B8E,0,9,Player-FBAD@127 Player-DE24@295 Illusionary@392
20260930-234618,85.2,3,3400,Player-470E,457,6,3,8,Player-1B8E,0,8,Player-FBAD@151 Player-DE24@303 Illusionary@362
20261001-195456,37.9,1,2038,Player-F494,90,1,10,10,Player-F494,1,7,Chosey@90 The@127 Player-FBAD@204
20261001-195456,37.9,2,2718,Player-C2E3,272,4,6,9,Player-F494,0,9,The@154 Player-FBAD@208 Player-DE24@235
20261001-195456,37.9,3,3400,Player-BCA0,428,7,2,8,Player-F494,0,9,The@153 Player-FBAD@235 Player-DE24@237
20261001-195456,85.4,1,2040,Player-FBAD,195,3,8,10,Player-FBAD,1,8,Dr@61 The@137 Player-FBAD@195
20261001-195456,85.4,2,2726,Player-DDA6,322,6,4,9,Player-FBAD,0,8,The@133 Player-1BA4@144 Dr@196
20261001-195456,85.4,3,3400,Player-89AD,327,6,3,8,Player-FBAD,0,8,The@130 Player-1BA4@134 Dr@197
20261001-200035,37.2,1,2044,Player-F494,134,2,9,10,Player-F494,1,8,The@125 Chosey@134 Player-FBAD@232
20261001-200035,37.2,2,2712,Player-89AD,295,4,6,9,Player-F494,0,9,The@149 Player-FBAD@232 Player-DE24@273
20261001-200035,37.2,3,3392,Player-BCA0,458,8,1,8,Player-F494,0,9,The@173 Player-FBAD@233 Player-DE24@273
20261001-200035,84.9,1,2034,Player-DE24,274,4,7,10,Player-DE24,1,9,The@173 Player-FBAD@199 Chosey@203
20261001-200035,84.9,2,2716,Player-89AD,422,7,3,9,Player-DE24,0,9,The@163 Chosey@174 Player-FBAD@200
20261001-200035,84.9,3,3394,Player-74C1,369,5,4,8,Player-DE24,0,9,The@103 Player-FBAD@202 Chosey@209
20261001-201030,37.9,1,2040,Player-74C1,480,9,2,10,,0,8,The@98 Player-FBAD@223 Chosey@264
20261001-201030,37.9,2,2718,Player-FBAD,223,3,7,9,,0,8,The@110 Chosey@187 Player-FBAD@223
20261001-201030,37.9,3,3398,Player-89AD,348,6,3,8,,0,8,The@135 Chosey@195 Player-DE24@287
20261001-201030,84.9,1,2034,Player-FBAD,274,3,8,10,Player-FBAD,1,9,The@203 Player-DE24@273 Player-FBAD@274
20261001-201030,84.9,2,2716,Player-1BA4,458,7,3,9,Player-FBAD,0,8,The@200 Player-DE24@272 Chosey@291
20261001-201030,84.9,3,3394,Player-DE24,272,2,7,8,Player-FBAD,0,8,The@197 Player-DE24@272 Chosey@310
20261001-201411,36.9,1,2040,Player-F494,208,2,9,10,Player-F494,1,9,The@95 Chosey@208 Player-FBAD@235
20261001-201411,36.9,2,2718,Player-BCA0,359,8,2,9,Player-F494,0,9,The@96 Player-FBAD@232 Dr@254
20261001-201411,36.9,3,3400,Player-74C1,346,6,3,8,Player-F494,0,9,The@98 Player-FBAD@233 Dr@257
20261001-201640,37.3,1,2046,Player-F494,221,2,9,10,Player-F494,1,9,The@153 Chosey@221 Player-FBAD@273
20261001-201640,37.3,2,2726,Player-89AD,352,6,4,9,Player-F494,0,8,The@65 Player-FBAD@293 Player-DE24@293
20261001-201640,37.3,3,3406,Player-74C1,357,4,5,8,Player-F494,0,8,Player-FBAD@288 Player-DE24@294 Dr@314
20261001-201640,84.2,1,2042,Player-DDA6,470,10,1,10,Player-DDA6,1,8,Chosey@88 The@218 Player-DE24@324
20261001-201640,84.2,2,2718,Player-DE24,324,3,7,9,Player-DDA6,0,9,Chosey@88 The@206 Player-DE24@324
20261001-201640,84.2,3,3408,Player-F494,88,1,8,8,Player-DDA6,0,4,Chosey@88 The@162 Player-74C1@343
20261001-202431,37.4,1,2044,Player-F494,140,3,8,10,Player-F494,1,9,The@108 Player-FBAD@138 Chosey@140
20261001-202431,37.4,2,2720,Player-1B8E,117,1,9,9,Player-F494,0,8,The@117 Player-FBAD@171 Player-DE24@249
20261001-202431,37.4,3,3398,Player-1BA4,420,7,2,8,Player-F494,0,9,Player-FBAD@229 Player-DE24@249 Grim@336
20261001-202431,85.2,1,2036,Player-DDA6,560,10,1,10,Player-DDA6,1,6,The@72 Player-FBAD@130 Chosey@275
20261001-202431,85.2,2,2724,Player-C2E3,319,5,5,9,Player-DDA6,0,8,The@62 Player-FBAD@156 Chosey@275
20261001-202431,85.2,3,3400,Player-F494,275,2,7,8,Player-DDA6,0,8,The@75 Chosey@275 Player-FBAD@303
20261001-202923,37.2,1,2038,Player-F494,78,4,7,10,Player-F494,1,9,Player-74C1@61 Dr@74 The@77
20261001-202923,37.2,2,2722,Player-1B8E,77,2,8,9,Player-F494,0,9,Player-74C1@68 The@77 Dr@78
20261001-202923,37.2,3,3404,Player-74C1,117,4,5,8,Player-F494,0,9,Illusionary@50 Player-DE24@74 Grim@115
20261001-202923,84.5,1,2034,Player-DE24,271,3,8,10,Player-DE24,1,9,Chosey@112 The@126 Player-DE24@271
20261001-202923,84.5,2,2720,Player-1B8E,90,1,9,9,Player-DE24,0,4,The@90 Chosey@112 Dr@341
20261001-202923,84.5,3,3392,Player-74C1,444,6,3,8,Player-DE24,0,8,Chosey@112 Dr@342 Grim@389
20261001-203309,37.8,1,2040,Player-FBAD,198,2,9,10,Player-FBAD,1,9,The@90 Player-FBAD@198 Player-DE24@255
20261001-203309,37.8,2,2724,Player-C2E3,270,3,7,9,Player-FBAD,0,9,The@89 Player-DE24@255 Dr@270
20261001-203309,37.8,3,3402,Player-DE24,255,2,7,8,Player-FBAD,0,9,The@88 Player-DE24@255 Chosey@280
20261001-203309,85.3,1,2040,Player-74C1,340,7,4,10,,0,8,The@86 Player-FBAD@144 Chosey@217
20261001-203309,85.3,2,2712,Player-C2E3,217,4,6,9,,0,8,The@94 Player-FBAD@137 Chosey@182
20261001-203309,85.3,3,3404,Player-DDA6,551,8,1,8,,0,5,The@118 Chosey@188 Player-FBAD@216
20261001-203917,37.2,1,2042,Player-F494,132,1,10,10,Player-F494,1,5,Chosey@132 The@145 Player-FBAD@260
20261001-203917,37.2,2,2716,Player-BCA0,670,9,1,9,Player-F494,0,5,The@188 Player-FBAD@263 Grim@380
20261001-203917,37.2,3,3394,Player-89AD,380,3,6,8,Player-F494,0,8,The@184 Player-FBAD@373 Grim@380
20261001-203917,84.5,1,2038,Player-BCA0,483,7,4,10,Player-BCA0,1,7,The@87 Chosey@161 Player-FBAD@279
20261001-203917,84.5,2,2724,Player-1BA4,505,8,2,9,Player-BCA0,0,7,The@74 Chosey@154 Player-FBAD@288
20261001-203917,84.5,3,3398,Player-DE24,480,7,2,8,Player-BCA0,0,7,The@74 Chosey@169 Grim@331
20261001-204237,37.3,1,2036,Player-F494,318,3,8,10,Player-F494,1,9,The@137 Player-FBAD@242 Chosey@318
20261001-204237,37.3,2,2718,Player-BCA0,530,8,2,9,Player-F494,0,7,The@136 Player-FBAD@224 Forsaken@385
20261001-204237,37.3,3,3398,Player-DDA6,385,3,6,8,Player-F494,0,8,The@133 Player-FBAD@290 Forsaken@385
20261001-204237,84.3,1,2034,Player-DE24,305,3,8,10,Player-DE24,1,9,The@228 Grim@259 Player-DE24@305
20261001-204237,84.3,2,2718,Player-89AD,259,2,8,9,Player-DE24,0,9,The@222 Grim@259 Player-FBAD@302
20261001-204237,84.3,3,3398,Player-BCA0,508,8,1,8,Player-DE24,0,9,The@220 Chosey@237 Player-FBAD@243
20261001-204518,37.2,1,2038,Player-F494,245,3,8,10,Player-F494,1,9,The@142 Player-74C1@228 Chosey@245
20261001-204518,37.2,2,2722,Player-74C1,240,2,8,9,Player-F494,0,9,The@168 Player-74C1@240 Player-DE24@263
20261001-204518,37.2,3,3396,Player-1B8E,168,1,8,8,Player-F494,0,9,The@168 Player-DE24@261 Player-FBAD@272
20261001-204734,37.4,1,2038,Player-F494,181,2,9,10,Player-F494,1,5,The@166 Chosey@181 Player-FBAD@345
20261001-204734,37.4,2,2720,Player-DDA6,374,3,7,9,Player-F494,0,9,The@137 Player-1BA4@373 Forsaken@374
20261001-204734,37.4,3,3396,Player-C2E3,523,6,3,8,Player-F494,0,8,The@109 Player-1BA4@378 Player-FBAD@382
20261001-205127,37.0,1,2042,Player-F494,271,5,6,10,Player-F494,1,9,The@140 Player-FBAD@219 Player-DE24@248
20261001-205127,37.0,2,2718,Player-DE24,248,3,7,9,Player-F494,0,9,The@63 Player-FBAD@224 Player-DE24@248
20261001-205127,37.0,3,3398,Player-89AD,356,5,4,8,Player-F494,0,9,The@82 Player-FBAD@257 Forsaken@261
20261001-205127,84.1,1,2038,Player-F494,194,2,9,10,Player-F494,1,6,The@158 Chosey@194 Grim@257
20261001-205127,84.1,2,2720,Player-BCA0,394,5,5,9,Player-F494,0,9,The@164 Grim@278 Player-FBAD@319
20261001-205127,84.1,3,3404,Player-74C1,490,6,3,8,Player-F494,0,8,The@170 Grim@335 Player-FBAD@335
20261001-210120,37.1,1,2040,Player-F494,73,1,10,10,Player-F494,1,6,Chosey@73 The@145 Player-FBAD@163
20261001-210120,37.1,2,2726,Player-1BA4,416,7,3,9,Player-F494,0,9,The@134 Player-FBAD@167 Player-DE24@281
20261001-210120,37.1,3,3406,Player-89AD,295,4,5,8,Player-F494,0,9,The@112 Player-FBAD@171 Player-DE24@281
20261001-210120,84.4,1,2050,Player-FBAD,216,2,9,10,Player-FBAD,1,7,The@132 Player-FBAD@216 Player-DE24@305
20261001-210120,84.4,2,2728,Player-74C1,473,8,2,9,Player-FBAD,0,8,The@105 Chosey@176 Player-DE24@298
20261001-210120,84.4,3,3408,Player-F494,176,2,7,8,Player-FBAD,0,7,The@89 Chosey@176 Player-DE24@307
20261001-210323,37.2,1,2046,Player-F494,144,2,9,10,Player-F494,1,6,The@131 Chosey@144 Player-FBAD@195
20261001-210323,37.2,2,2724,Player-1B8E,157,1,9,9,Player-F494,0,7,The@157 Player-FBAD@206 Player-DE24@275
20261001-210323,37.2,3,3404,Player-FBAD,255,1,8,8,Player-F494,0,9,Player-FBAD@255 Player-DE24@276 Grim@299
20261001-211048,37.5,1,2036,Player-F494,157,2,9,10,Player-F494,1,8,The@114 Chosey@157 Player-FBAD@174
20261001-211048,37.5,2,2720,Player-1BA4,404,7,3,9,Player-F494,0,9,The@174 Player-FBAD@176 Player-DE24@274
20261001-211048,37.5,3,3404,Player-DE24,274,3,6,8,Player-F494,0,9,The@177 Player-FBAD@181 Player-DE24@274
20261001-211048,84.4,1,2034,Player-DDA6,394,7,4,10,Player-DDA6,1,9,The@147 Player-FBAD@211 Player-DE24@266
20261001-211048,84.4,2,2718,Player-89AD,360,5,5,9,Player-DDA6,0,9,The@147 Player-FBAD@234 Player-DE24@263
20261001-211048,84.4,3,3394,Player-F494,285,3,6,8,Player-DDA6,0,9,The@147 Player-DE24@260 Chosey@285
20261001-212705,37.3,1,2032,Player-F494,193,2,9,10,Player-F494,1,8,The@106 Chosey@193 Player-FBAD@225
20261001-212705,37.3,2,2718,Player-FBAD,225,2,8,9,Player-F494,0,9,The@116 Player-FBAD@225 Forsaken@300
20261001-212705,37.3,3,3400,Player-DDA6,300,2,7,8,Player-F494,0,9,The@118 Forsaken@300 Dr@322
20261001-212705,84.5,1,2044,Player-DE24,235,3,8,10,Player-DE24,1,9,The@88 Player-FBAD@202 Player-DE24@235
20261001-212705,84.5,2,2722,Player-FBAD,254,3,7,9,Player-DE24,0,9,The@97 Chosey@250 Player-FBAD@254
20261001-212705,84.5,3,3402,Player-89AD,308,3,6,8,Player-DE24,0,9,The@127 Chosey@233 Grim@308
20261001-213007,37.0,1,2044,Player-F494,231,3,8,10,Player-F494,1,9,The@85 Player-FBAD@195 Chosey@231
20261001-213007,37.0,2,2720,Player-89AD,322,3,7,9,Player-F494,0,9,The@87 Player-FBAD@222 Grim@322
20261001-213007,37.0,3,3398,Player-BCA0,380,7,2,8,Player-F494,0,9,The@108 Player-FBAD@290 Player-1BA4@336
20261001-213007,84.5,1,2036,Player-DDA6,438,7,4,10,Player-DDA6,1,8,The@127 Player-FBAD@194 Chosey@221
20261001-213007,84.5,2,2718,Player-DE24,388,5,5,9,Player-DDA6,0,9,The@129 Chosey@163 Player-FBAD@200
20261001-213007,84.5,3,3400,Player-BCA0,463,7,2,8,Player-DDA6,0,7,Chosey@127 The@130 Player-FBAD@207
20261001-213946,37.4,1,2046,Player-F494,224,3,8,10,Player-F494,1,9,The@61 Player-FBAD@184 Chosey@224
20261001-213946,37.4,2,2722,Player-C2E3,378,7,3,9,Player-F494,0,9,The@101 Player-FBAD@188 Player-DE24@267
20261001-213946,37.4,3,3396,Player-DDA6,337,6,3,8,Player-F494,0,9,The@125 Player-FBAD@232 Player-DE24@268
20261001-213946,84.5,1,2048,Player-C2E3,403,5,6,10,Player-C2E3,1,9,Player-FBAD@177 Chosey@201 The@210
20261001-213946,84.5,2,2720,Player-89AD,449,7,3,9,Player-C2E3,0,9,Player-FBAD@183 The@195 Chosey@206
20261001-213946,84.5,3,3392,Player-DE24,307,4,5,8,Player-C2E3,0,9,The@112 Player-FBAD@185 Chosey@212
20261001-220542,37.5,1,2040,Player-F494,52,1,10,10,Player-F494,1,6,Chosey@52 The@107 Player-DE24@253
20261001-220542,37.5,2,2716,Player-8FDE,302,6,4,9,Player-F494,0,9,The@57 Player-FBAD@143 Player-DE24@254
20261001-220542,37.5,3,3394,Player-1BA4,349,8,1,8,Player-F494,0,8,The@65 Player-FBAD@66 Player-DE24@254
20261001-220542,84.7,1,2044,Player-F494,342,4,7,10,Player-F494,1,9,The@223 Player-FBAD@283 Player-74C1@321
20261001-220542,84.7,2,2732,Player-74C1,351,3,7,9,Player-F494,0,9,The@214 Player-FBAD@295 Player-74C1@351
20261001-220542,84.7,3,3404,Player-8FDE,360,3,6,8,Player-F494,0,9,The@182 Player-FBAD@341 Ammut@360
20261001-220938,37.0,1,2042,Player-F494,262,3,8,10,Player-F494,1,9,Player-FBAD@155 The@158 Chosey@262
20261001-220938,37.0,2,2720,Player-8FDE,469,8,2,9,Player-F494,0,8,Player-FBAD@188 The@195 Player-DE24@275
20261001-220938,37.0,3,3406,Player-1BA4,359,4,5,8,Player-F494,0,9,The@195 Player-FBAD@256 Player-DE24@277
20261001-220938,84.1,1,2038,Player-74C1,429,9,2,10,Player-74C1,1,6,The@66 Chosey@105 Player-FBAD@169
20261001-220938,84.1,2,2710,Player-8FDE,426,8,2,9,Player-74C1,0,6,The@64 Chosey@107 Player-FBAD@118
20261001-220938,84.1,3,3400,Player-DE24,366,5,4,8,Player-74C1,0,9,The@70 Chosey@115 Player-FBAD@277
20261001-221556,37.2,1,2038,Player-F494,149,2,9,10,Player-F494,1,7,Player-FBAD@131 Chosey@149 The@193
20261001-221556,37.2,2,2718,Player-FBAD,131,1,9,9,Player-F494,0,8,Player-FBAD@131 The@189 Player-DE24@283
20261001-221556,37.2,3,3396,Player-DE24,283,2,7,8,Player-F494,0,9,The@114 Player-DE24@283 Forsaken@284
20261001-221556,84.2,1,2032,Player-DE24,297,4,7,10,Player-DE24,1,8,The@162 Chosey@203 Player-FBAD@214
20261001-221556,84.2,2,2718,Player-1BA4,488,7,3,9,Player-DE24,0,7,Chosey@133 The@162 Player-FBAD@209
20261001-221556,84.2,3,3396,Player-89AD,421,4,5,8,Player-DE24,0,9,Chosey@130 The@162 Player-FBAD@314
20261001-222029,37.6,1,2040,Player-F494,100,2,9,10,Player-F494,1,6,The@69 Chosey@100 Player-FBAD@246
20261001-222029,37.6,2,2714,Player-BCA0,453,8,2,9,Player-F494,0,8,The@74 Player-FBAD@253 Player-DE24@304
20261001-222029,37.6,3,3396,Player-1BA4,431,7,2,8,Player-F494,0,8,The@79 Player-FBAD@260 Player-DE24@302
20261001-222029,85.4,1,2044,Player-8FDE,459,7,4,10,Player-8FDE,1,7,The@147 Player-FBAD@203 Chosey@213
20261001-222029,85.4,2,2720,Player-74C1,428,6,4,9,Player-8FDE,0,6,The@111 Player-FBAD@173 Chosey@178
20261001-222029,85.4,3,3400,Player-BCA0,448,6,3,8,Player-8FDE,0,7,The@112 Chosey@168 Player-FBAD@213
20261001-222522,37.2,1,2032,Player-F494,182,2,9,10,Player-F494,1,8,The@135 Chosey@182 Player-FBAD@201
20261001-222522,37.2,2,2710,Player-1B8E,135,1,9,9,Player-F494,0,7,The@135 Player-FBAD@209 Player-DE24@293
20261001-222522,37.2,3,3396,Player-FBAD,247,1,8,8,Player-F494,0,9,Player-FBAD@247 Player-DE24@266 Grim@335
20261001-222522,84.7,1,2034,Player-1B8E,74,1,10,10,Player-1B8E,1,3,The@74 Player-FBAD@251 Chosey@291
20261001-222522,84.7,2,2714,Player-F494,285,2,8,9,Player-1B8E,0,9,Player-FBAD@264 Chosey@285 Grim@334
20261001-222522,84.7,3,3390,Player-DDA6,486,7,2,8,Player-1B8E,0,9,Player-FBAD@288 Grim@334 Player-DE24@376
20261001-223543,37.8,1,2040,Player-F494,262,3,8,10,Player-F494,1,9,The@119 Player-FBAD@161 Chosey@262
20261001-223543,37.8,2,2724,Player-FBAD,172,2,8,9,Player-F494,0,8,The@143 Player-FBAD@172 Player-DE24@278
20261001-223543,37.8,3,3404,Player-1B8E,148,1,8,8,Player-F494,0,8,The@148 Player-DE24@277 Grim@335
20261001-223543,85.0,1,2026,Player-FBAD,316,3,8,10,,0,4,The@71 Chosey@135 Player-FBAD@316
20261001-223543,85.0,2,2714,Player-BCA0,480,7,3,9,,0,6,The@78 Chosey@139 Player-DE24@319
20261001-223543,85.0,3,3386,Player-DDA6,606,8,1,8,,0,5,The@78 Chosey@142 Player-DE24@302
20261001-224122,37.2,1,2036,Player-F494,186,2,9,10,Player-F494,1,8,The@159 Chosey@186 Player-FBAD@188
20261001-224122,37.2,2,2714,Player-FBAD,188,2,8,9,Player-F494,0,9,The@160 Player-FBAD@188 Ammut@214
20261001-224122,37.2,3,3396,Player-8FDE,214,2,7,8,Player-F494,0,9,The@156 Ammut@214 Player-74C1@319
20261001-224122,84.9,1,2040,Player-BCA0,390,8,3,10,Player-BCA0,1,8,The@41 Player-FBAD@294 Player-DE24@341
20261001-224122,84.9,2,2718,Player-74C1,388,7,3,9,Player-BCA0,0,8,The@35 Chosey@262 Player-FBAD@271
20261001-224122,84.9,3,3400,Player-FBAD,285,3,6,8,Player-BCA0,0,8,The@50 Chosey@267 Player-FBAD@285
20261001-224532,37.4,1,2040,Player-F494,172,2,9,10,Player-F494,1,9,The@92 Chosey@172 Player-FBAD@178
20261001-224532,37.4,2,2720,Player-DDA6,358,5,5,9,Player-F494,0,9,The@91 Player-FBAD@212 Ammut@262
20261001-224532,37.4,3,3404,Player-1BA4,459,7,2,8,Player-F494,0,8,The@110 Player-FBAD@246 Ammut@263
20261001-224532,85.0,1,2046,Player-DE24,324,4,7,10,Player-DE24,1,9,Chosey@142 Player-FBAD@170 The@207
20261001-224532,85.0,2,2720,Player-1B8E,205,3,7,9,Player-DE24,0,7,Chosey@143 Player-FBAD@177 The@205
20261001-224532,85.0,3,3400,Player-FBAD,177,2,7,8,Player-DE24,0,5,Chosey@163 Player-FBAD@177 Grim@377
20261001-225245,37.2,1,2032,Player-F494,246,4,7,10,Player-F494,1,9,The@124 Player-FBAD@148 Player-DE24@230
20261001-225245,37.2,2,2712,Player-89AD,362,6,4,9,Player-F494,0,9,Player-FBAD@151 The@161 Player-DE24@230
20261001-225245,37.2,3,3392,Player-DDA6,399,8,1,8,Player-F494,0,9,The@162 Player-FBAD@210 Player-DE24@265
20261001-225245,84.3,1,2032,Player-1BA4,369,4,7,10,Player-1BA4,1,9,Player-FBAD@283 The@294 Chosey@316
20261001-225245,84.3,2,2716,Player-DDA6,586,9,1,9,Player-1BA4,0,8,The@253 Player-FBAD@292 Chosey@317
20261001-225245,84.3,3,3390,Player-BCA0,474,7,2,8,Player-1BA4,0,9,The@215 Player-FBAD@301 Chosey@323
20261002-150509,37.7,1,2034,Player-F494,778,3,8,10,Player-F494,1,8,Forsaken@550 El@763 Chosey@778
20261002-150509,37.7,2,2716,Player-74C1,782,3,7,9,Player-F494,0,9,Forsaken@554 El@754 Player-74C1@782
20261002-150509,37.7,3,3398,Player-C645,821,6,3,8,Player-F494,0,9,Forsaken@581 Mr@773 El@773
20261002-151055,38.1,1,2032,Player-F494,533,1,10,10,Player-F494,1,9,Chosey@533 Mr@606 Urami@608
20261002-151055,38.1,2,2714,Player-DDFD,696,5,5,9,Player-F494,0,9,Mr@605 Urami@612 Forsaken@618
20261002-151055,38.1,3,3392,Player-BCA0,784,8,1,8,Player-F494,0,9,Player-74C1@593 Forsaken@599 Mr@604
20261002-151055,85.7,1,2040,Player-DDFD,245,2,9,10,Player-DDFD,1,9,Chosey@220 Chop@245 Illusionary@277
20261002-151055,85.7,2,2714,Player-BCA0,277,2,8,9,Player-DDFD,0,9,Chosey@198 Illusionary@277 El@292
20261002-151055,85.7,3,3400,Player-DCBD,290,2,7,8,Player-DDFD,0,9,Chosey@206 El@290 Aazak@303
20261002-151055,136.0,1,2043,Player-F494,281,3,8,10,Player-F494,1,9,Urami@268 Chop@271 Chosey@281
20261002-151055,136.0,2,2720,Player-DDFD,271,1,9,9,Player-F494,0,9,Chop@271 Urami@273 Player-74C1@306
20261002-151055,136.0,3,3398,Player-DDA6,349,7,2,8,Player-F494,0,9,Urami@278 Player-74C1@307 Mr@312
20261002-151558,36.8,1,2042,Player-F494,131,2,9,10,Player-F494,1,9,Chop@123 Chosey@131 El@132
20261002-151558,36.8,2,2724,Player-858A,212,5,5,9,Player-F494,0,8,El@138 Chop@145 Player-A555@146
20261002-151558,36.8,3,3404,Player-BCA0,283,6,3,8,Player-F494,0,8,Player-A555@132 El@149 Chop@161
20261002-151558,83.9,1,2036,Player-382D,441,5,6,10,Player-382D,1,8,El@269 Chop@307 Chosey@356
20261002-151558,83.9,2,2718,Player-DCBD,237,2,8,9,Player-382D,0,7,Chop@225 El@237 Chosey@265
20261002-151558,83.9,3,3402,Player-DDA6,681,8,1,8,Player-382D,0,2,Chop@199 Aazak@280 Chosey@285
20261002-151558,134.6,1,2036,Player-BCA0,318,6,5,10,,0,9,Chop@53 El@162 Urami@240
20261002-151558,134.6,2,2714,Player-DCBD,162,2,8,9,,0,9,Chop@53 El@162 Urami@240
20261002-151558,134.6,3,3394,Player-DDFD,53,1,8,8,,0,4,Chop@53 Urami@241 Aazak@308
20261002-152053,37.2,1,2040,Player-F494,390,5,6,10,Player-F494,1,6,Chop@232 El@259 Player-74C1@276
20261002-152053,37.2,2,2716,Player-C645,382,4,6,9,Player-F494,0,8,Player-74C1@227 Chop@229 El@271
20261002-152053,37.2,3,3394,Player-BCA0,401,4,5,8,Player-F494,0,8,Chop@227 Player-74C1@238 El@262
20261002-152053,84.4,1,2040,Player-BCA0,643,10,1,10,Player-BCA0,1,6,El@215 Chop@241 Chosey@278
20261002-152053,84.4,2,2722,Player-DDA6,508,9,1,9,Player-BCA0,0,8,El@221 Chop@235 Chosey@257
20261002-152053,84.4,3,3404,Player-858A,429,4,5,8,Player-BCA0,0,8,El@227 Chop@229 Chosey@264
20261002-152053,134.9,1,2042,Player-BCA0,335,7,4,10,,0,9,Chop@182 Chosey@200 El@250
20261002-152706,37.4,1,2036,Player-F494,170,4,7,10,Player-F494,1,9,Chop@46 El@76 Aazak@82
20261002-152706,37.4,2,2720,Player-858A,172,4,6,9,Player-F494,0,9,El@78 Chop@94 Aazak@98
20261002-152706,37.4,3,3396,Player-DCBD,83,1,8,8,Player-F494,0,8,El@83 Aazak@121 Chop@130
20261002-152706,84.8,1,2038,Player-1172,516,10,1,10,Player-1172,1,7,Chosey@229 El@247 Aazak@317
20261002-152706,84.8,2,2718,Player-A555,465,9,1,9,Player-1172,0,6,Chosey@222 El@277 Aazak@306
20261002-152706,84.8,3,3400,Player-74C1,426,7,2,8,Player-1172,0,8,Chosey@215 Chop@263 Aazak@306
20261002-152706,135.3,1,2044,Player-858A,343,4,7,10,Player-858A,1,9,Chop@100 El@144 Chosey@330
20261002-152706,135.3,2,2720,Player-C645,370,6,4,9,Player-858A,0,9,Chop@100 El@145 Chosey@259
20261002-152706,135.3,3,3404,Player-BCA0,357,4,5,8,Player-858A,0,9,Chop@100 El@146 Chosey@231
20261002-152921,36.8,1,2038,Player-F494,190,5,6,10,Player-F494,1,9,Chop@113 Player-FBAD@120 Player-A555@183
20261002-152921,36.8,2,2716,Player-C645,210,4,6,9,Player-F494,0,9,Player-FBAD@119 Chop@161 Player-A555@190
20261002-152921,36.8,3,3404,Player-74C1,309,8,1,8,Player-F494,0,8,Player-FBAD@120 Chop@175 Player-A555@211
20261002-153333,37.5,1,2046,Player-F494,175,3,8,10,Player-F494,1,9,Player-FBAD@135 Illusionary@139 Chosey@175
20261002-153333,37.5,2,2726,Player-010B,277,7,3,9,Player-F494,0,9,Chop@136 Player-FBAD@139 Illusionary@191
20261002-153333,37.5,3,3400,Player-A555,362,8,1,8,Player-F494,0,9,Chop@152 Player-FBAD@173 Aazak@224
20261002-153333,84.6,1,2034,Player-A555,466,6,5,10,Player-A555,1,8,Chosey@207 Chop@218 Player-FBAD@258
20261002-153333,84.6,2,2716,Player-C645,471,6,4,9,Player-A555,0,6,Chosey@207 Chop@218 Player-FBAD@244
20261002-153333,84.6,3,3392,Player-F494,207,1,8,8,Player-A555,0,4,Chosey@207 Chop@218 Casual@270
20261002-153333,135.2,1,2042,Player-FBAD,386,4,7,10,,0,4,Chop@102 Aazak@152 Player-A555@367
20261002-153333,135.2,2,2718,Player-BCA0,422,5,5,9,,0,6,Chop@98 Aazak@155 Chosey@290
20261002-153333,135.2,3,3396,Player-74C1,463,5,4,8,,0,6,Chop@125 Aazak@158 Chosey@243
20261002-153652,37.6,1,2042,Player-F494,244,3,8,10,Player-F494,1,8,Player-FBAD@219 Chop@240 Chosey@244
20261002-153652,37.6,2,2722,Player-A555,335,4,6,9,Player-F494,0,9,Player-FBAD@220 Chop@242 Aazak@322
20261002-153652,37.6,3,3402,Player-C645,322,3,6,8,Player-F494,0,9,Chop@243 Player-FBAD@249 Aazak@322
20261002-154127,37.6,1,2042,Player-F494,194,2,9,10,Player-F494,1,8,Player-FBAD@167 Chosey@194 Chop@231
20261002-154127,37.6,2,2724,Player-382D,350,4,6,9,Player-F494,0,9,Player-FBAD@199 Chop@222 Mr@330
20261002-154127,37.6,3,3398,Player-BCA0,367,5,4,8,Player-F494,0,9,Player-FBAD@225 Chop@227 Mr@331
20261002-154127,84.8,1,2042,Player-74C1,424,8,3,10,Player-74C1,1,9,Player-FBAD@138 Chosey@160 Chop@260
20261002-154127,84.8,2,2718,Player-BCA0,415,8,2,9,Player-74C1,0,9,Player-FBAD@181 Chosey@198 Chop@235
20261002-154127,84.8,3,3402,Player-C645,396,5,4,8,Player-74C1,0,9,Chosey@188 Chop@211 Player-FBAD@276
20261002-154530,37.2,1,2042,Player-F494,302,3,8,10,Player-F494,1,8,Chop@141 Player-FBAD@262 Chosey@302
20261002-154530,37.2,2,2716,Player-74C1,520,9,1,9,Player-F494,0,7,Chop@150 Player-FBAD@263 Illusionary@289
20261002-154530,37.2,3,3394,Player-DDFD,152,1,8,8,Player-F494,0,0,Chop@152 Illusionary@280 Player-FBAD@283
20261002-154530,84.9,1,2044,Player-1172,487,7,4,10,Player-1172,1,7,Chop@132 Player-FBAD@183 Chosey@201
20261002-154530,84.9,2,2722,Player-F494,201,3,7,9,Player-1172,0,5,Chop@118 Player-FBAD@196 Chosey@201
20261002-154530,84.9,3,3396,Player-C645,541,7,2,8,Player-1172,0,6,Chop@117 Player-FBAD@253 Illusionary@391
20261002-154820,37.2,1,2036,Player-F494,166,3,8,10,Player-F494,1,8,Player-74C1@130 Chop@163 Chosey@166
20261002-154820,37.2,2,2718,Player-1172,343,6,4,9,Player-F494,0,7,Player-74C1@159 Chop@162 Player-FBAD@205
20261002-154820,37.2,3,3400,Player-FBAD,217,3,6,8,Player-F494,0,8,Chop@129 Player-74C1@180 Player-FBAD@217
20261002-155717,37.1,1,2036,Player-74C1,1860,1,1,1,,0,0,Player-74C1@1860
20261002-222650,37.2,1,2036,Player-F494,101,1,10,10,Player-F494,1,7,Chosey@101 The@108 Player-FBAD@207
20261002-222650,37.2,2,2714,Player-FBAD,220,2,8,9,Player-F494,0,8,The@126 Player-FBAD@220 Player-DE24@239
20261002-222650,37.2,3,3398,Player-BCA0,399,7,2,8,Player-F494,0,9,The@133 Player-DE24@239 Grim@264
20261002-222650,85.0,1,2046,Player-258F,445,9,2,10,Player-258F,1,9,Chosey@181 The@232 Player-FBAD@251
20261002-222650,85.0,2,2728,Player-DDA6,416,8,2,9,Player-258F,0,8,The@103 Chosey@197 Player-FBAD@244
20261002-222650,85.0,3,3410,Player-DE24,298,4,5,8,Player-258F,0,8,The@78 Chosey@205 Player-FBAD@251
20261002-223049,37.0,1,2044,Player-F494,104,2,9,10,Player-F494,1,8,The@90 Chosey@104 Player-FBAD@170
20261002-223049,37.0,2,2730,Player-258F,295,4,6,9,Player-F494,0,8,The@93 Player-FBAD@235 Ammut@271
20261002-223049,37.0,3,3409,Player-74C1,368,8,1,8,Player-F494,0,8,The@98 Ammut@270 Player-FBAD@299
20261002-223049,84.5,1,2038,Player-1B8E,175,1,10,10,Player-1B8E,1,7,The@175 Player-FBAD@186 Player-DE24@247
20261002-223049,84.5,2,2714,Player-DDA6,477,9,1,9,Player-1B8E,0,8,Player-FBAD@186 Player-DE24@245 Grim@296
20261002-223049,84.5,3,3390,Player-74C1,392,8,1,8,Player-1B8E,0,9,Player-FBAD@188 Player-DE24@243 Grim@295
20261002-223258,37.1,1,2046,Player-F494,255,3,8,10,Player-F494,1,9,The@123 Player-FBAD@233 Chosey@255
20261002-223258,37.1,2,2722,Player-89AD,340,4,6,9,Player-F494,0,9,The@117 Player-FBAD@241 Ammut@308
20261002-223258,37.1,3,3400,Player-DE24,398,5,4,8,Player-F494,0,9,The@117 Player-FBAD@250 Ammut@297
20261002-223258,84.3,1,2042,Player-BCA0,601,10,1,10,Player-BCA0,1,5,The@151 Player-FBAD@237 Player-DE24@328
20261002-223258,84.3,2,2718,Player-DDA6,580,9,1,9,Player-BCA0,0,5,The@96 Player-FBAD@249 Grim@281
20261002-223258,84.3,3,3396,Player-1B8E,71,1,8,8,Player-BCA0,0,4,The@71 Chosey@256 Grim@257
20261002-224131,37.8,1,2038,Player-F494,119,1,10,10,Player-F494,1,9,Chosey@119 The@143 Ammut@176
20261002-224131,37.8,2,2724,Player-8FDE,181,2,8,9,Player-F494,0,9,The@104 Ammut@181 Player-DE24@197
20261002-224131,37.8,3,3406,Player-258F,285,6,3,8,Player-F494,0,9,The@127 Player-DE24@198 Player-FBAD@212
20261002-224131,85.2,1,2042,Player-BCA0,451,9,2,10,Player-BCA0,1,8,Chosey@155 The@217 Player-FBAD@246
20261002-224131,85.2,2,2722,Player-74C1,374,7,3,9,Player-BCA0,0,9,The@117 Chosey@172 Player-FBAD@253
20261002-224131,85.2,3,3398,Player-89AD,389,7,2,8,Player-BCA0,0,9,The@111 Chosey@181 Ammut@256
20261002-225404,36.7,1,2038,Player-F494,126,1,10,10,Player-F494,1,8,Chosey@126 The@205 Player-FBAD@207
20261002-225404,36.7,2,2718,Player-8FDE,272,5,5,9,Player-F494,0,9,The@82 Player-FBAD@209 Player-DE24@236
20261002-225404,36.7,3,3396,Player-258F,272,4,5,8,Player-F494,0,9,The@86 Player-FBAD@216 Player-DE24@236
20261002-225404,83.9,1,2042,Player-DDA6,523,10,1,10,Player-DDA6,1,6,The@134 Chosey@177 Player-FBAD@209
20261002-225404,83.9,2,2722,Player-74C1,392,7,3,9,Player-DDA6,0,8,The@107 Chosey@174 Grim@240
20261002-225404,83.9,3,3408,Player-FBAD,236,4,5,8,Player-DDA6,0,4,The@122 Chosey@171 Grim@236
20261002-231326,37.1,1,2040,Player-F494,216,4,7,10,Player-F494,1,8,The@114 Player-FBAD@183 Player-74C1@208
20261002-231326,37.1,2,2722,Player-8FDE,330,5,5,9,Player-F494,0,9,The@119 Player-FBAD@187 Player-74C1@209
20261002-231326,37.1,3,3400,Player-258F,382,7,2,8,Player-F494,0,9,The@123 Player-FBAD@191 Player-74C1@209
20261002-231326,84.6,1,2038,Player-DE24,215,4,7,10,Player-DE24,1,7,The@89 Player-FBAD@144 Chosey@184
20261002-231326,84.6,2,2720,Player-1B8E,113,1,9,9,Player-DE24,0,6,The@113 Player-FBAD@172 Chosey@180
20261002-231326,84.6,3,3394,Player-258F,359,5,4,8,Player-DE24,0,9,Chosey@176 Player-FBAD@179 Grim@260
20261002-231907,37.2,1,2042,Player-F494,222,2,9,10,Player-F494,1,9,The@133 Chosey@222 Player-FBAD@231
20261002-231907,37.2,2,2718,Player-89AD,324,3,7,9,Player-F494,0,8,The@121 Player-FBAD@234 Grim@324
20261002-231907,37.2,3,3402,Player-DDA6,333,3,6,8,Player-F494,0,9,The@150 Player-FBAD@241 Forsaken@333
20261002-231907,84.2,1,2038,Player-74C1,389,9,2,10,Player-74C1,1,8,Player-FBAD@146 The@148 Player-DE24@242
20261002-231907,84.2,2,2728,Player-89AD,279,4,6,9,Player-74C1,0,9,The@89 Player-FBAD@155 Player-DE24@251
20261002-231907,84.2,3,3404,Player-DDA6,356,5,4,8,Player-74C1,0,9,The@109 Player-FBAD@199 Player-DE24@251
20261002-232932,37.2,1,2036,Player-F494,152,1,10,10,Player-F494,1,9,Chosey@152 The@195 Player-FBAD@200
20261002-232932,37.2,2,2716,Player-8FDE,323,6,4,9,Player-F494,0,8,Player-FBAD@203 Player-74C1@234 Player-DE24@289
20261002-232932,37.2,3,3402,Player-DE24,289,3,6,8,Player-F494,0,8,Player-FBAD@206 Player-74C1@231 Player-DE24@289
20261002-232932,84.5,1,2038,Player-BCA0,327,6,5,10,Player-BCA0,1,9,The@132 Player-FBAD@169 Chosey@179
20261002-232932,84.5,2,2724,Player-F494,178,2,8,9,Player-BCA0,0,7,The@87 Chosey@178 Player-FBAD@179
20261002-232932,84.5,3,3402,Player-8FDE,472,7,2,8,Player-BCA0,0,6,The@103 Player-FBAD@188 Player-DE24@197
20261002-233546,37.4,1,2042,Player-F494,182,2,9,10,Player-F494,1,9,The@146 Chosey@182 Player-FBAD@194
20261002-233546,37.4,2,2716,Player-DDA6,323,7,3,9,Player-F494,0,9,The@53 Player-FBAD@208 Grim@270
20261002-233546,37.4,3,3396,Player-74C1,355,8,1,8,Player-F494,0,9,The@81 Player-FBAD@251 Grim@270
20261002-234158,37.1,1,2034,Player-F494,219,3,8,10,Player-F494,1,9,The@112 Player-FBAD@197 Chosey@219
20261002-234158,37.1,2,2722,Player-8FDE,366,4,6,9,Player-F494,0,9,The@153 Player-FBAD@198 Grim@299
20261002-234158,37.1,3,3396,Player-1B8E,191,1,8,8,Player-F494,0,8,The@191 Player-FBAD@228 Grim@306
20261002-234158,84.1,1,2046,Player-89AD,345,5,6,10,Player-89AD,1,9,The@121 Player-FBAD@179 Player-DE24@318
20261002-234158,84.1,2,2720,Player-74C1,465,9,1,9,Player-89AD,0,8,The@121 Player-FBAD@213 Ammut@268
20261002-234158,84.1,3,3406,Player-FBAD,239,2,7,8,Player-89AD,0,8,The@122 Player-FBAD@239 Ammut@255
20261002-234910,37.4,1,2042,Player-F494,241,3,8,10,Player-F494,1,9,The@159 Player-FBAD@184 Chosey@241
20261002-234910,37.4,2,2728,Player-DDA6,416,8,2,9,Player-F494,0,8,The@102 Player-FBAD@185 Illusionary@316
20261002-234910,37.4,3,3398,Player-8FDE,342,6,3,8,Player-F494,0,9,The@88 Player-FBAD@220 Illusionary@308
20261002-234910,84.5,1,2040,Player-FBAD,240,3,8,10,Player-FBAD,1,5,The@153 Chosey@209 Player-FBAD@240
20261002-234910,84.5,2,2722,Player-DE24,328,5,5,9,Player-FBAD,0,8,The@124 Chosey@162 Illusionary@304
20261002-234910,84.5,3,3398,Player-DDA6,388,6,3,8,Player-FBAD,0,5,The@109 Chosey@127 Illusionary@322
20261002-235314,37.6,1,2032,Player-F494,141,2,9,10,Player-F494,1,9,The@98 Chosey@141 Player-FBAD@215
20261002-235314,37.6,2,2710,Player-FBAD,209,2,8,9,Player-F494,0,9,The@108 Player-FBAD@209 Ammut@248
20261002-235314,37.6,3,3392,Player-89AD,274,3,6,8,Player-F494,0,9,The@113 Ammut@248 Grim@274
20261002-235314,85.3,1,2044,Player-89AD,307,3,8,10,Player-89AD,1,9,The@93 Player-FBAD@257 Grim@307
20261002-235314,85.3,2,2726,Player-DE24,316,4,6,9,Player-89AD,0,9,The@79 Player-FBAD@225 Ammut@315
20261002-235314,85.3,3,3406,Player-258F,462,6,3,8,Player-89AD,0,8,The@109 Player-FBAD@269 Ammut@315
20261002-235723,37.2,1,2044,Player-F494,245,3,8,10,Player-F494,1,9,Player-FBAD@188 The@215 Chosey@245
20261002-235723,37.2,2,2726,Player-74C1,404,8,2,9,Player-F494,0,9,Player-FBAD@193 The@216 Player-DE24@289
20261002-235723,37.2,3,3396,Player-DE24,289,3,6,8,Player-F494,0,9,The@217 Player-FBAD@223 Player-DE24@289
20261002-235723,84.6,1,2032,Player-DDA6,397,6,5,10,Player-DDA6,1,9,The@131 Player-FBAD@219 Chosey@245
20261002-235723,84.6,2,2710,Player-FBAD,287,3,7,9,Player-DDA6,0,9,The@115 Chosey@253 Player-FBAD@287
20261002-235723,84.6,3,3396,Player-1B8E,113,1,8,8,Player-DDA6,0,4,The@113 Chosey@255 Player-DE24@302
20261003-000447,37.4,1,2040,Player-F494,183,3,8,10,Player-F494,1,8,The@84 Player-FBAD@174 Chosey@183
20261003-000447,37.4,2,2720,Player-DE24,326,5,5,9,Player-F494,0,9,The@144 Player-FBAD@176 Player-74C1@194
20261003-000447,37.4,3,3402,Player-FBAD,191,3,6,8,Player-F494,0,8,The@186 Player-74C1@190 Player-FBAD@191
20261003-000447,84.9,1,2044,Player-8FDE,348,3,8,10,Player-8FDE,1,9,The@85 Player-FBAD@261 Ammut@348
20261003-000447,84.9,2,2724,Player-DE24,412,7,3,9,Player-8FDE,0,8,The@88 Player-FBAD@270 Chosey@358
20261003-000447,84.9,3,3400,Player-DDA6,451,8,1,8,Player-8FDE,0,8,The@88 Player-FBAD@278 Chosey@345
20261003-001430,37.1,1,2038,Player-F494,139,2,9,10,Player-F494,1,9,The@110 Chosey@139 Player-FBAD@163
20261003-001430,37.1,2,2712,Player-DDA6,366,6,4,9,Player-F494,0,9,The@119 Player-FBAD@165 Grim@300
20261003-001430,37.1,3,3392,Player-8FDE,332,4,5,8,Player-F494,0,9,The@118 Player-FBAD@184 Grim@286
20261003-001430,84.4,1,2036,Player-FBAD,265,2,9,10,Player-FBAD,1,8,The@177 Player-FBAD@265 Chosey@305
20261003-001430,84.4,2,2718,Player-89AD,461,7,3,9,Player-FBAD,0,8,The@142 Chosey@305 Ammut@357
20261003-001430,84.4,3,3396,Player-F494,305,2,7,8,Player-FBAD,0,8,The@141 Chosey@305 Ammut@365
20261003-002223,37.4,1,2042,Player-F494,207,3,8,10,Player-F494,1,9,Player-FBAD@165 The@197 Chosey@207
20261003-002223,37.4,2,2722,Player-FBAD,163,1,9,9,Player-F494,0,9,Player-FBAD@163 The@196 Player-258F@263
20261003-002223,37.4,3,3400,Player-DDA6,356,8,1,8,Player-F494,0,9,The@196 Player-258F@274 Player-DE24@278
20261003-002223,84.6,1,2040,Player-258F,393,5,6,10,Player-258F,1,7,The@187 Player-FBAD@208 Chosey@248
20261003-002223,84.6,2,2714,Player-89AD,405,6,4,9,Player-258F,0,9,The@163 Player-FBAD@206 Chosey@248
20261003-002223,84.6,3,3392,Player-74C1,358,5,4,8,Player-258F,0,9,The@165 Chosey@249 Player-FBAD@253
20261003-002526,37.0,1,2048,Player-F494,114,2,9,10,Player-F494,1,7,The@97 Chosey@114 Player-FBAD@167
20261003-002526,37.0,2,2722,Player-8FDE,282,4,6,9,Player-F494,0,9,The@111 Player-FBAD@167 Player-DE24@264
20261003-002526,37.0,3,3404,Player-FBAD,167,1,8,8,Player-F494,0,9,Player-FBAD@167 The@172 Player-DE24@261
20261003-002526,84.6,1,2034,Player-BCA0,433,8,3,10,Player-BCA0,1,6,Chosey@147 The@219 Player-FBAD@255
20261003-002526,84.6,2,2722,Player-1B8E,219,2,8,9,Player-BCA0,0,7,Chosey@147 The@219 Player-FBAD@258
20261003-002526,84.6,3,3400,Player-F494,147,1,8,8,Player-BCA0,0,6,Chosey@147 Player-FBAD@277 Grim@296
20261003-143958,38.2,1,2044,Player-A866,283,2,9,10,Player-A866,1,8,Player-5112@215 Slash@283 Ithil@312
20261003-143958,38.2,2,2722,Player-F22C,312,2,8,9,Player-A866,0,9,Player-5112@211 Ithil@312 Savior@318
20261003-143958,38.2,3,3404,Player-B055,318,2,7,8,Player-A866,0,9,Player-5112@216 Savior@318 Forsaken@327
20261003-144217,37.4,1,2042,Player-A866,234,1,10,10,Player-A866,1,9,Slash@234 Player-5112@244 Savior@258
20261003-144217,37.4,2,2724,Player-5397,312,6,4,9,Player-A866,0,9,Player-5112@251 Savior@258 Ithil@277
20261003-144217,37.4,3,3404,Player-DDA6,298,4,5,8,Player-A866,0,9,Savior@258 Player-5112@267 Ithil@277
20261003-144217,84.4,1,2038,Player-B055,409,8,3,10,Player-B055,1,9,Slash@290 Ithil@292 Dekrieg@299
20261003-144217,84.4,2,2718,Player-DDA6,369,5,5,9,Player-B055,0,9,Slash@212 Ithil@293 Dekrieg@299
20261003-144217,84.4,3,3392,Player-5397,299,2,7,8,Player-B055,0,9,Ithil@294 Dekrieg@299 Player-E1F6@301
20261003-144623,37.1,1,2044,Player-A866,199,1,10,10,Player-A866,1,9,Slash@199 Ithil@252 Player-5112@252
20261003-144623,37.1,2,2724,Player-BCA0,410,8,2,9,Player-A866,0,9,Ithil@252 Player-5112@262 Savior@284
20261003-144623,37.1,3,3404,Player-B055,284,3,6,8,Player-A866,0,9,Ithil@252 Player-5112@254 Savior@284
20261003-144623,84.4,1,2036,Player-B055,388,6,5,10,Player-B055,1,9,Ithil@299 Slash@308 Player-5112@313
20261003-144623,84.4,2,2714,Player-CC68,443,8,2,9,Player-B055,0,9,Ithil@280 Player-5112@297 Player-C842@328
20261003-144623,84.4,3,3394,Player-F22C,280,2,7,8,Player-B055,0,9,Player-5112@278 Ithil@280 Player-C842@320
20261003-145054,37.0,1,2036,Player-A866,168,1,10,10,Player-A866,1,9,Slash@168 Player-5112@237 Dekrieg@311
20261003-145054,37.0,2,2720,Player-CC68,424,9,1,9,Player-A866,0,9,Player-5112@239 Dekrieg@312 Savior@322
20261003-145054,37.0,3,3396,Player-B055,322,3,6,8,Player-A866,0,9,Player-5112@240 Dekrieg@312 Savior@322
20261003-145054,84.2,1,2038,Player-CC68,401,6,5,10,Player-CC68,1,9,Ithil@296 Player-E1F6@335 Slash@359
20261003-145054,84.2,2,2714,Player-A866,380,4,6,9,Player-CC68,0,9,Player-E1F6@246 Ithil@280 Player-5112@374
20261003-145054,84.2,3,3398,Player-B055,419,5,4,8,Player-CC68,0,9,Player-E1F6@252 Ithil@283 Player-5112@367
20261003-145412,37.5,1,2036,Player-A866,274,2,9,10,Player-A866,1,9,Player-5112@238 Slash@274 Player-C842@299
20261003-145412,37.5,2,2714,Player-CC68,445,9,1,9,Player-A866,0,9,Player-5112@239 Player-C842@299 Ithil@308
20261003-145412,37.5,3,3396,Player-BCA0,355,5,4,8,Player-A866,0,9,Player-5112@239 Player-C842@300 Ithil@308
20261003-145412,85.0,1,2038,Player-C842,357,4,7,10,Player-C842,1,9,Slash@242 Illusionary@348 Savior@353
20261003-145412,85.0,2,2714,Player-F22C,386,4,6,9,Player-C842,0,9,Illusionary@354 Savior@356 Slash@359
20261003-145412,85.0,3,3394,Player-CC68,433,8,1,8,Player-C842,0,9,Illusionary@359 Savior@359 Slash@381
20261003-150148,37.5,1,2036,Player-A866,424,7,4,10,Player-A866,1,9,Player-5112@310 Savior@362 Player-C842@365
20261003-150148,37.5,2,2724,Player-CC68,451,8,2,9,Player-A866,0,9,Player-5112@310 Savior@351 Player-C842@365
20261003-150148,37.5,3,3396,Player-5112,310,1,8,8,Player-A866,0,8,Player-5112@310 Savior@351 Forsaken@373
20261003-150148,85.0,1,2040,Player-C842,575,9,2,10,Player-C842,1,9,Slash@376 Player-E1F6@416 Ithil@425
20261003-150148,85.0,2,2720,Player-CC68,536,8,2,9,Player-C842,0,9,Slash@266 Player-E1F6@414 Ithil@426
20261003-150148,85.0,3,3402,Player-F22C,426,3,6,8,Player-C842,0,7,Slash@165 Player-E1F6@411 Ithil@426
20261003-150905,37.6,1,2042,Player-A866,275,5,6,10,Player-A866,1,9,Dekrieg@251 Ithil@253 Oh@263
20261003-150905,37.6,2,2716,Player-5112,300,5,5,9,Player-A866,0,9,Ithil@253 Dekrieg@254 Oh@271
20261003-150905,37.6,3,3400,Player-9A49,273,3,6,8,Player-A866,0,9,Ithil@253 Dekrieg@261 Player-E1F6@273
20261003-150905,85.0,1,2039,Player-DDA6,483,10,1,10,Player-DDA6,1,9,Player-5112@279 Slash@293 Player-E1F6@376
20261003-150905,85.0,2,2718,Player-5397,397,6,4,9,Player-DDA6,0,9,Player-5112@234 Slash@250 Illusionary@326
20261003-150905,85.0,3,3396,Player-9A49,376,4,5,8,Player-DDA6,0,9,Player-5112@234 Slash@284 Illusionary@308
20261003-151632,36.8,1,2034,Player-A866,354,5,6,10,Player-A866,1,9,Player-5112@292 Illusionary@302 Player-C842@340
20261003-151632,36.8,2,2718,Player-F22C,453,8,2,9,Player-A866,0,9,Player-5112@292 Player-C842@340 Savior@349
20261003-151632,36.8,3,3398,Player-5397,397,5,4,8,Player-A866,0,9,Player-5112@292 Player-C842@341 Savior@352
20261003-151632,84.0,1,2046,Player-5397,470,7,4,10,Player-5397,1,9,Slash@274 Player-5112@373 Player-E1F6@381
20261003-151632,84.0,2,2728,Player-BCA0,451,6,4,9,Player-5397,0,9,Slash@217 Player-E1F6@378 Player-5112@399
20261003-151632,84.0,3,3402,Player-B055,442,4,5,8,Player-5397,0,8,Slash@218 Player-E1F6@372 Player-5112@399
20261003-152049,37.5,1,2042,Player-A866,287,4,7,10,Player-A866,1,9,Player-E1F6@233 Ithil@241 Player-5112@282
20261003-152049,37.5,2,2718,Player-BCA0,354,7,3,9,Player-A866,0,9,Ithil@241 Player-E1F6@245 Player-5112@282
20261003-152049,37.5,3,3404,Player-DDA6,371,7,2,8,Player-A866,0,9,Ithil@241 Player-5112@282 Savior@301
20261003-152218,37.5,1,2034,Player-A866,326,2,9,10,Player-A866,1,9,Player-5112@201 Slash@326 Savior@364
20261003-152218,37.5,2,2712,Player-DDA6,405,6,4,9,Player-A866,0,9,Player-5112@202 Savior@363 Ithil@380
20261003-152218,37.5,3,3392,Player-5112,252,1,8,8,Player-A866,0,8,Player-5112@252 Savior@363 Ithil@386
20261003-152721,37.4,1,2042,Player-A866,245,1,10,10,Player-A866,1,9,Slash@245 Dekrieg@393 Savior@402
20261003-152721,37.4,2,2722,Player-BCA0,429,5,5,9,Player-A866,0,9,Forsaken@390 Savior@399 Dekrieg@401
20261003-152721,37.4,3,3404,Player-5112,410,4,5,8,Player-A866,0,9,Savior@389 Forsaken@392 Dekrieg@409
20261003-152721,84.6,1,2046,Player-BCA0,387,4,7,10,Player-BCA0,1,9,Slash@230 Player-E1F6@361 Player-5112@384
20261003-152721,84.6,2,2722,Player-A866,272,1,9,9,Player-BCA0,0,5,Slash@272 Player-E1F6@361 Player-5112@387
20261003-152721,84.6,3,3398,Player-CF61,361,1,8,8,Player-BCA0,0,9,Player-E1F6@361 Player-5112@389 Savior@391
20261003-153810,37.6,1,2038,Player-A866,108,1,10,10,Player-A866,1,1,Slash@108 Illusionary@254 Player-5112@336
20261003-153810,37.6,2,2722,Player-CC68,462,7,3,9,Player-A866,0,8,Illusionary@306 Player-5112@336 Player-C842@353
20261003-153810,37.6,3,3400,Player-5112,336,1,8,8,Player-A866,0,8,Player-5112@336 Illusionary@361 Savior@370
20261003-153810,84.6,1,2030,Player-CC68,373,3,8,10,Player-CC68,1,9,Slash@292 Player-C842@325 Oh@373
20261003-153810,84.6,2,2714,Player-C842,325,2,8,9,Player-CC68,0,9,Slash@269 Player-C842@325 Ithil@373
20261003-153810,84.6,3,3394,Player-5397,378,4,5,8,Player-CC68,0,9,Slash@283 Ithil@373 Player-5112@375
20261003-154559,37.3,1,2040,Player-A866,261,1,10,10,Player-A866,1,9,Slash@261 Player-E1F6@279 Player-5112@308
20261003-154559,37.3,2,2728,Player-DDA6,406,8,2,9,Player-A866,0,9,Player-E1F6@282 Player-5112@308 Player-C842@346
20261003-154559,37.3,3,3408,Player-CC68,372,5,4,8,Player-A866,0,9,Player-E1F6@286 Player-5112@308 Illusionary@349
20261003-154559,84.7,1,2042,Player-C842,462,9,2,10,Player-C842,1,8,Slash@197 Player-E1F6@260 Savior@371
20261003-154559,84.7,2,2714,Player-F22C,431,7,3,9,Player-C842,0,8,Player-E1F6@212 Dekrieg@310 Slash@346
20261003-154559,84.7,3,3402,Player-CC68,445,7,2,8,Player-C842,0,8,Player-E1F6@215 Slash@283 Dekrieg@319
20261003-165843,37.0,1,2036,Player-858A,397,8,3,10,Player-858A,1,9,Gs@163 Myrina@328 Forsaken@365
20261003-165843,37.0,2,2714,Player-4DDF,328,2,8,9,Player-858A,0,9,Gs@231 Myrina@328 Forsaken@359
20261003-165843,37.0,3,3394,Player-5112,386,4,5,8,Player-858A,0,9,Gs@274 Forsaken@353 Player-EAD0@385
20261003-165843,84.6,1,2034,Player-DDA6,463,7,4,10,Player-DDA6,1,7,Gs@186 Myrina@262 Player-EAD0@360
20261003-165843,84.6,2,2714,Player-5112,379,5,5,9,Player-DDA6,0,7,Gs@186 Myrina@262 Player-EAD0@364
20261003-165843,84.6,3,3392,Player-8F17,406,5,4,8,Player-DDA6,0,9,Gs@163 Myrina@262 Player-EAD0@367
20261003-170507,38.0,1,2040,Player-858A,455,5,6,10,Player-858A,1,9,Gs@247 Forsaken@342 Myrina@360
20261003-170507,38.0,2,2720,Player-EAD0,568,9,1,9,Player-858A,0,8,Gs@230 Forsaken@342 Myrina@365
20261003-170507,38.0,3,3394,Player-4DDF,365,4,5,8,Player-858A,0,9,Gs@214 Dekrieg@334 Forsaken@343
20261003-170507,85.1,1,2042,Player-858A,569,7,4,10,Player-858A,1,8,Gs@209 Myrina@439 Illusionary@518
20261003-170507,85.1,2,2720,Player-4DDF,439,2,8,9,Player-858A,0,9,Gs@226 Myrina@439 Illusionary@522
20261003-170507,85.1,3,3396,Player-BBC8,576,5,4,8,Player-858A,0,7,Gs@333 Illusionary@548 Forsaken@564
20261003-171045,37.0,1,2040,Player-858A,475,9,2,10,Player-858A,1,9,Gs@252 Forsaken@272 Myrina@305
20261003-171045,37.0,2,2720,Player-EAD0,457,9,1,9,Player-858A,0,9,Gs@252 Myrina@305 Forsaken@339
20261003-171045,37.0,3,3404,Player-DDA6,389,3,6,8,Player-858A,0,9,Gs@252 Myrina@315 Forsaken@389
20261003-171045,84.5,1,2042,Player-5112,247,3,8,10,Player-5112,1,9,Orod@182 Gs@224 Player-5112@247
20261003-171045,84.5,2,2716,Player-BCA0,481,9,1,9,Player-5112,0,9,Orod@188 Gs@226 Myrina@287
20261003-171045,84.5,3,3398,Player-DDA6,462,8,1,8,Player-5112,0,8,Orod@218 Gs@229 Myrina@287
20261003-171605,37.4,1,2042,Player-858A,361,5,6,10,Player-858A,1,9,Player-EAD0@196 Gs@237 Myrina@290
20261003-171605,37.4,2,2726,Player-5112,372,5,5,9,Player-858A,0,9,Player-EAD0@211 Gs@233 Myrina@292
20261003-171605,37.4,3,3402,Player-BCA0,401,7,2,8,Player-858A,0,9,Player-EAD0@211 Gs@230 Myrina@302
20261003-171605,85.2,1,2036,Player-5397,502,10,1,10,Player-5397,1,7,Gs@108 Orod@326 Player-5112@351
20261003-171605,85.2,2,2720,Player-8F17,481,9,1,9,Player-5397,0,7,Gs@86 Player-5112@227 Orod@336
20261003-171605,85.2,3,3398,Player-BBC8,336,4,5,8,Player-5397,0,4,Gs@131 Player-5112@225 Myrina@317
20261003-172039,37.7,1,2034,Player-858A,333,4,7,10,Player-858A,1,9,Gs@254 Dekrieg@318 Orod@329
20261003-172039,37.7,2,2712,Player-5112,434,9,1,9,Player-858A,0,9,Gs@251 Dekrieg@329 Orod@335
20261003-172039,37.7,3,3390,Player-BCA0,409,8,1,8,Player-858A,0,9,Gs@247 Myrina@303 Orod@340
20261003-172039,84.9,1,2040,Player-BBC8,399,6,5,10,Player-BBC8,1,8,Gs@193 Player-5112@309 Dekrieg@318
20261003-172039,84.9,2,2722,Player-5112,348,4,6,9,Player-BBC8,0,8,Gs@183 Dekrieg@290 Myrina@327
20261003-172039,84.9,3,3408,Player-EAD0,531,8,1,8,Player-BBC8,0,8,Gs@173 Dekrieg@309 Myrina@329
20261003-172858,37.4,1,2028,Player-858A,406,6,5,10,Player-858A,1,9,Gs@283 Myrina@297 Dekrieg@324
20261003-172858,37.4,2,2714,Player-5112,473,7,3,9,Player-858A,0,9,Gs@274 Myrina@309 Dekrieg@325
20261003-172858,37.4,3,3398,Player-8F17,448,6,3,8,Player-858A,0,9,Gs@266 Myrina@317 Dekrieg@328
20261003-172858,85.1,1,2038,Player-BCA0,386,7,4,10,Player-BCA0,1,9,Gs@140 Myrina@247 Mr@258
20261003-172858,85.1,2,2712,Player-EAD0,340,6,4,9,Player-BCA0,0,8,Gs@121 Myrina@252 Mr@261
20261003-172858,85.1,3,3390,Player-BBC8,308,5,4,8,Player-BCA0,0,8,Gs@113 Mr@282 Player-5112@285
20261003-173208,37.7,1,2038,Player-858A,240,6,5,10,Player-858A,1,9,Gs@190 Myrina@200 Orod@210
20261003-173208,37.7,2,2722,Player-BBC8,210,3,7,9,Player-858A,0,9,Gs@189 Myrina@200 Orod@210
20261003-173208,37.7,3,3398,Player-4DDF,200,2,7,8,Player-858A,0,9,Gs@188 Myrina@200 Player-5112@223
20261003-173208,84.9,1,2032,Player-4DDF,365,4,7,10,Player-4DDF,1,8,Gs@202 Player-5112@254 Account-5C2B@357
20261003-173208,84.9,2,2722,Player-DDA6,481,7,3,9,Player-4DDF,0,7,Gs@206 Player-5112@254 Orod@358
20261003-173208,84.9,3,3394,Player-858A,497,7,2,8,Player-4DDF,0,8,Gs@211 Player-5112@255 Orod@359
20261003-173523,37.0,1,2040,Player-858A,292,5,6,10,Player-858A,1,9,Myrina@223 Gs@241 Forsaken@250
20261003-173523,37.0,2,2716,Player-0FB2,241,1,9,9,Player-858A,0,9,Gs@241 Myrina@249 Orod@282
20261003-173523,37.0,3,3400,Player-5112,328,5,4,8,Player-858A,0,9,Myrina@271 Orod@284 Forsaken@313
20261003-173523,84.0,1,2042,Player-5397,380,8,3,10,Player-5397,1,7,Mr@196 Gs@212 Orod@262
20261003-173523,84.0,2,2722,Player-BBC8,262,3,7,9,Player-5397,0,8,Mr@205 Gs@212 Orod@262
20261003-173523,84.0,3,3396,Player-EAD0,340,4,5,8,Player-5397,0,9,Gs@214 Mr@262 Myrina@298
20261003-174507,37.3,1,2032,Player-858A,346,9,2,10,Player-858A,1,9,Myrina@147 Player-5112@221 Gs@242
20261003-174507,37.3,2,2716,Player-5397,350,9,1,9,Player-858A,0,9,Myrina@190 Player-5112@221 Gs@242
20261003-174507,37.3,3,3390,Player-BBC8,255,4,5,8,Player-858A,0,9,Player-5112@222 Gs@242 Myrina@242
20261003-174507,84.4,1,2038,Player-EAD0,379,7,4,10,Player-EAD0,1,8,Gs@67 Orod@306 Myrina@333
20261003-174507,84.4,2,2722,Player-4DDF,333,3,7,9,Player-EAD0,0,9,Gs@105 Orod@301 Myrina@333
20261003-174507,84.4,3,3400,Player-8F17,345,4,5,8,Player-EAD0,0,9,Gs@176 Orod@336 Mr@342
20261003-175607,37.4,1,2038,Player-858A,240,5,6,10,Player-858A,1,9,Myrina@200 Orod@217 Player-EAD0@226
20261003-175607,37.4,2,2722,Player-EAD0,226,3,7,9,Player-858A,0,9,Myrina@211 Orod@216 Player-EAD0@226
20261003-175607,37.4,3,3396,Player-4DDF,218,2,7,8,Player-858A,0,9,Orod@216 Myrina@218 Gs@244
20261003-175607,84.4,1,2042,Player-EAD0,347,7,4,10,Player-EAD0,1,9,Gs@201 Orod@255 Mr@270
20261003-175607,84.4,2,2724,Player-8F17,311,5,5,9,Player-EAD0,0,9,Gs@226 Orod@255 Mr@279
20261003-175607,84.4,3,3402,Player-BCA0,355,7,2,8,Player-EAD0,0,9,Gs@238 Orod@260 Mr@294
20261003-210118,37.0,1,2038,Player-DDA6,200,2,9,10,Player-DDA6,1,9,Player-FBAD@179 Forsaken@200 Plushie@204
20261003-210118,37.0,2,2720,Player-C842,303,6,4,9,Player-DDA6,0,9,Player-FBAD@193 Plushie@200 Fentanyl@239
20261003-210118,37.0,3,3400,Player-FAE3,330,7,2,8,Player-DDA6,0,9,Plushie@196 Player-FBAD@214 Fentanyl@244
20261003-210118,84.4,1,2038,Player-DDA6,407,8,3,10,Player-DDA6,1,9,Plushie@175 Player-C842@248 Fentanyl@253
20261003-210118,84.4,2,2718,Player-A775,334,5,5,9,Player-DDA6,0,9,Plushie@162 Player-C842@249 Fentanyl@256
20261003-210118,84.4,3,3392,Player-FAE3,336,5,4,8,Player-DDA6,0,9,Plushie@154 Player-C842@250 Fentanyl@295
20261003-211223,37.2,1,2032,Player-DDA6,247,3,8,10,Player-DDA6,1,9,Player-FBAD@215 Plushie@222 Forsaken@247
20261003-211223,37.2,2,2720,Player-80A0,222,2,8,9,Player-DDA6,0,9,Player-FBAD@217 Plushie@222 Fentanyl@252
20261003-211223,37.2,3,3412,Player-A34F,259,2,7,8,Player-DDA6,0,9,Player-FBAD@255 Fentanyl@259 Grim@268
20261003-211223,84.8,1,2034,Player-DDA6,452,10,1,10,Player-DDA6,1,8,Player-FBAD@192 Plushie@198 Fentanyl@299
20261003-211223,84.8,2,2716,Player-A775,317,4,6,9,Player-DDA6,0,9,Plushie@123 Player-FBAD@190 Fentanyl@299
20261003-211223,84.8,3,3398,Player-FAE3,377,6,3,8,Player-DDA6,0,9,Plushie@89 Player-FBAD@292 Fentanyl@299
20261003-212216,37.4,1,2036,Player-BCA0,146,4,7,10,,0,4,Plushie@86 Player-FBAD@91 Grim@99
20261003-212216,37.4,2,2716,Player-89AD,150,3,7,9,,0,4,Player-FBAD@53 Plushie@105 Grim@150
20261003-212216,37.4,3,3396,Player-FBAD,44,1,8,8,,0,6,Player-FBAD@44 Plushie@98 Dr@159
20261003-212652,36.9,1,2042,Player-1172,177,3,8,10,Player-1172,1,9,Plushie@110 Player-FBAD@156 Pink@177
20261003-212652,36.9,2,2716,Player-C2E3,196,3,7,9,Player-1172,0,9,Player-FBAD@164 Plushie@167 Dr@196
20261003-212652,36.9,3,3400,Player-80A0,140,1,8,8,Player-1172,0,8,Plushie@140 Player-FBAD@173 Player-1BA4@218
20261003-212652,84.3,1,2042,Player-C842,373,7,4,10,Player-C842,1,8,Plushie@67 Player-FBAD@99 Fentanyl@225
20261003-212652,84.3,2,2720,Player-80A0,67,1,9,9,Player-C842,0,5,Plushie@67 Player-FBAD@116 Fentanyl@229
20261003-212652,84.3,3,3394,Player-FBAD,164,1,8,8,Player-C842,0,8,Player-FBAD@164 Fentanyl@230 Dr@256
20261003-213542,37.7,1,2040,Player-1172,272,9,2,10,Player-1172,1,9,Player-C842@144 Plushie@179 Player-FBAD@185
20261003-213542,37.7,2,2720,Player-BCA0,301,9,1,9,Player-1172,0,9,Player-C842@130 Plushie@179 Player-FBAD@189
20261003-213542,37.7,3,3406,Player-A34F,224,4,5,8,Player-1172,0,9,Player-C842@132 Plushie@179 Dr@214
20261003-213542,85.0,1,2042,Player-89AD,442,8,3,10,Player-89AD,1,6,Plushie@78 Player-C842@88 Player-FBAD@154
20261003-213542,85.0,2,2722,Player-C842,88,2,8,9,Player-89AD,0,4,Plushie@68 Player-C842@88 Player-FBAD@163
20261003-213542,85.0,3,3400,Player-BCA0,327,5,4,8,Player-89AD,0,7,Plushie@59 Player-FBAD@174 Player-1BA4@255
20261003-214253,37.3,1,2042,Player-1172,264,6,5,10,Player-1172,1,9,Player-C842@157 Plushie@157 Player-FBAD@192
20261003-214253,37.3,2,2716,Player-1BA4,249,5,5,9,Player-1172,0,9,Plushie@98 Player-C842@158 Player-FBAD@199
20261003-214253,37.3,3,3402,Player-A34F,322,8,1,8,Player-1172,0,9,Plushie@98 Player-C842@160 Player-FBAD@206
20261003-214253,84.4,1,2034,Player-C842,196,3,8,10,Player-C842,1,8,Plushie@161 Player-FBAD@175 Player-C842@196
20261003-214253,84.4,2,2712,Player-A34F,307,3,7,9,Player-C842,0,9,Plushie@175 Player-FBAD@182 Fentanyl@307
20261003-214253,84.4,3,3394,Player-80A0,86,1,8,8,Player-C842,0,6,Plushie@86 Player-FBAD@201 Grim@248
20261003-214443,37.2,1,2042,Player-C2E3,233,4,6,9,,0,7,Player-C842@95 Plushie@108 Niccy@201
20261003-214443,37.2,2,2720,Player-1BA4,276,5,3,7,,0,6,Plushie@108 Player-C842@109 Niccy@203
20261003-214443,37.2,3,3402,Player-C842,116,2,5,6,,0,5,Plushie@108 Player-C842@116 Niccy@204
20261003-215125,37.4,1,2028,Player-1172,248,5,6,10,Player-1172,1,9,Player-FBAD@116 Plushie@132 Niccy@195
20261003-215125,37.4,2,2708,Player-ED3C,299,6,4,9,Player-1172,0,9,Player-FBAD@123 Plushie@130 Niccy@200
20261003-215125,37.4,3,3388,Player-89AD,295,5,4,8,Player-1172,0,9,Plushie@123 Player-FBAD@131 Niccy@202
20261003-215125,84.6,1,2039,Player-80A0,246,6,5,10,Player-80A0,1,9,Niccy@181 Player-C842@193 Player-FBAD@196
20261003-215125,84.6,2,2724,Player-C842,179,2,8,9,Player-80A0,0,9,Dr@164 Player-C842@179 Niccy@181
20261003-215125,84.6,3,3400,Player-82BE,181,2,7,8,Player-80A0,0,9,Dr@168 Niccy@181 Player-FBAD@227
20261003-220139,37.5,1,2038,Player-1172,194,6,5,10,Player-1172,1,9,Plushie@97 Niccy@129 Player-FBAD@143
20261003-220139,37.5,2,2718,Player-ED3C,246,7,3,9,Player-1172,0,8,Plushie@69 Niccy@137 Player-FBAD@146
20261003-220139,37.5,3,3398,Player-FBAD,149,4,5,8,Player-1172,0,9,Plushie@36 Player-C842@141 Niccy@144
20261003-220139,84.6,1,2047,Player-C2E3,334,7,4,10,Player-C2E3,1,9,Player-C842@90 Plushie@107 Niccy@158
20261003-220139,84.6,2,2726,Player-C842,84,1,9,9,Player-C2E3,0,6,Player-C842@84 Plushie@141 Niccy@164
20261003-220139,84.6,3,3400,Player-ED3C,380,7,2,8,Player-C2E3,0,9,Plushie@133 Niccy@173 Grim@256
20261003-221232,37.9,1,2040,Player-1172,245,8,3,10,Player-1172,1,8,Plushie@70 Player-FBAD@116 Player-C842@161
20261003-221232,37.9,2,2722,Player-C2E3,229,5,5,9,Player-1172,0,8,Plushie@68 Player-FBAD@124 Player-C842@167
20261003-221232,37.9,3,3400,Player-ED3C,257,6,3,8,Player-1172,0,9,Plushie@68 Player-C842@172 Niccy@208
20261003-221232,85.6,1,2034,Player-80A0,220,4,7,10,Player-80A0,1,9,Player-FBAD@34 Player-C842@133 Niccy@191
20261003-221232,85.6,2,2714,Player-FBAD,74,1,9,9,Player-80A0,0,3,Player-FBAD@74 Player-C842@108 Niccy@181
20261003-221232,85.6,3,3390,Player-89AD,283,6,3,8,Player-80A0,0,8,Player-C842@76 Niccy@171 Pink@209
20261003-222355,37.8,1,2036,Player-1172,215,4,7,10,Player-1172,1,7,Plushie@133 Player-FBAD@161 Dr@211
20261003-222355,37.8,2,2720,Player-89AD,244,5,5,9,Player-1172,0,9,Plushie@159 Player-FBAD@165 Dr@212
20261003-222355,37.8,3,3398,Player-1BA4,250,4,5,8,Player-1172,0,8,Plushie@159 Dr@213 Player-FBAD@226
20261003-222355,84.8,1,2044,Player-82BE,236,4,7,10,Player-82BE,1,9,Player-FBAD@119 Plushie@131 Dr@206
20261003-222355,84.8,2,2718,Player-C2E3,206,3,7,9,Player-82BE,0,9,Plushie@133 Player-FBAD@136 Dr@206
20261003-222355,84.8,3,3400,Player-ED3C,322,7,2,8,Player-82BE,0,9,Plushie@138 Player-C842@210 Grim@238
20261003-230650,36.9,1,2046,Player-1172,183,3,8,10,Player-1172,1,3,Plushie@45 Player-FBAD@73 Pink@183
20261003-230650,36.9,2,2716,Player-D751,227,6,4,9,Player-1172,0,7,Plushie@52 Player-FBAD@82 Illusionary@202
20261003-230650,36.9,3,3406,Player-80A0,64,1,8,8,Player-1172,0,8,Plushie@64 Player-FBAD@94 Illusionary@163
20261003-230915,38.0,1,2038,Player-1172,206,5,6,10,Player-1172,1,3,Plushie@71 Player-FBAD@80 Illusionary@178
20261003-230915,38.0,2,2714,Player-858A,197,4,6,9,Player-1172,0,7,Plushie@57 Player-FBAD@81 Illusionary@189
20261003-230915,38.0,3,3396,Player-FBAD,119,2,7,8,Player-1172,0,8,Plushie@56 Player-FBAD@119 Illusionary@189
20261003-230915,85.6,1,2036,Player-D751,408,5,6,10,Player-D751,1,8,Player-FBAD@112 Plushie@200 Invoker@338
20261003-230915,85.6,2,2722,Player-68BB,475,7,3,9,Player-D751,0,7,Player-FBAD@129 Plushie@130 Invoker@299
20261003-230915,85.6,3,3402,Player-858A,426,6,3,8,Player-D751,0,8,Plushie@131 Player-FBAD@297 Invoker@297
20261003-231134,37.2,1,2042,Player-1172,210,2,9,10,Player-1172,1,2,Player-FBAD@98 Pink@210 Player-0693@211
20261003-231134,37.2,2,2718,Player-68BB,241,7,3,9,Player-1172,0,7,Plushie@92 Player-FBAD@103 Player-0693@213
20261003-231134,37.2,3,3400,Player-80A0,79,1,8,8,Player-1172,0,7,Plushie@79 Player-FBAD@97 Illusionary@181
20261003-231134,84.3,1,2040,Player-68BB,382,4,7,10,Player-68BB,1,9,Plushie@184 Player-FBAD@254 Invoker@329
20261003-231134,84.3,2,2718,Player-80A0,184,1,9,9,Player-68BB,0,5,Plushie@184 Player-FBAD@245 Invoker@330
20261003-231134,84.3,3,3398,Player-1172,502,8,1,8,Player-68BB,0,5,Player-FBAD@326 Invoker@330 Illusionary@382
20261003-231557,37.4,1,2048,Player-1172,209,5,6,10,Player-1172,1,2,Illusionary@142 Player-FBAD@154 Mr@167
20261003-231557,37.4,2,2726,Player-7178,281,7,3,9,Player-1172,0,6,Illusionary@178 Player-FBAD@188 Plushie@193
20261003-231557,37.4,3,3404,Player-FBAD,233,5,4,8,Player-1172,0,3,Illusionary@193 Plushie@202 Mr@205
20261003-231557,85.0,1,2041,Player-1172,655,10,1,10,Player-1172,1,4,Player-FBAD@140 Plushie@164 Player-D751@335
20261003-231557,85.0,2,2718,Player-D751,402,6,4,9,Player-1172,0,8,Plushie@164 Player-FBAD@173 Player-0693@382
20261003-231557,85.0,3,3394,Player-80A0,164,1,8,8,Player-1172,0,3,Plushie@164 Player-FBAD@346 Player-0693@388
20261003-232004,37.4,1,2036,Player-1172,142,1,10,10,Player-1172,1,2,Pink@142 Player-FBAD@149 Illusionary@206
20261003-232004,37.4,2,2710,Player-D751,265,6,4,9,Player-1172,0,8,Player-FBAD@147 Illusionary@206 Plushie@215
20261003-232004,37.4,3,3392,Player-7178,350,8,1,8,Player-1172,0,7,Player-FBAD@148 Illusionary@176 Plushie@215
20261003-232004,84.4,1,2034,Player-FBAD,180,1,10,10,Player-FBAD,1,7,Player-FBAD@180 Plushie@250 Player-D751@322
20261003-232004,84.4,2,2716,Player-80A0,161,1,9,9,Player-FBAD,0,5,Plushie@161 Player-0693@348 Invoker@355
20261003-232004,84.4,3,3398,Player-D751,365,3,6,8,Player-FBAD,0,9,Invoker@346 Player-0693@352 Player-D751@365
20261003-232322,37.7,1,2044,Player-1172,179,3,8,10,Player-1172,1,2,Plushie@173 Player-FBAD@177 Pink@179
20261003-232322,37.7,2,2720,Player-FBAD,162,2,8,9,Player-1172,0,7,Plushie@49 Player-FBAD@162 Illusionary@232
20261003-232322,37.7,3,3400,Player-7178,455,8,1,8,Player-1172,0,5,Plushie@18 Illusionary@185 Player-D751@255
20261003-232322,85.2,1,2034,Player-AF1C,366,5,6,10,Player-AF1C,1,7,Plushie@55 Player-FBAD@181 Player-D751@269
20261003-232322,85.2,2,2716,Player-858A,378,7,3,9,Player-AF1C,0,7,Plushie@49 Player-FBAD@261 Illusionary@293
20261003-232322,85.2,3,3399,Player-D751,409,6,3,8,Player-AF1C,0,8,Plushie@48 Player-FBAD@266 Illusionary@292
20261003-232757,37.4,1,2034,Player-1172,158,3,8,10,Player-1172,1,3,Plushie@60 Player-FBAD@131 Pink@158
20261003-232757,37.4,2,2716,Player-BCA0,202,3,7,9,Player-1172,0,8,Plushie@60 Player-FBAD@131 Illusionary@202
20261003-232757,37.4,3,3392,Player-68BB,245,7,2,8,Player-1172,0,8,Plushie@100 Player-FBAD@150 Player-0693@209
20261003-232757,84.9,1,2048,Player-858A,329,5,6,10,Player-858A,1,9,Player-FBAD@127 Plushie@158 Player-D751@243
20261003-232757,84.9,2,2730,Player-68BB,305,4,6,9,Player-858A,0,9,Player-FBAD@129 Plushie@142 Invoker@300
20261003-232757,84.9,3,3402,Player-1172,522,8,1,8,Player-858A,0,6,Plushie@139 Player-FBAD@170 Invoker@304
20261003-233303,37.1,1,2036,Player-1172,137,1,10,10,Player-1172,1,1,Pink@137 Player-FBAD@148 Plushie@206
20261003-233303,37.1,2,2722,Player-AF1C,253,6,4,9,Player-1172,0,8,Player-FBAD@140 Plushie@206 Illusionary@215
20261003-233303,37.1,3,3400,Player-0693,277,6,3,8,Player-1172,0,7,Player-FBAD@134 Illusionary@204 Plushie@206
20261003-233303,84.4,1,2038,Player-7178,414,8,3,10,Player-7178,1,6,Plushie@155 Player-FBAD@166 Mr@322
20261003-233303,84.4,2,2722,Player-858A,322,3,7,9,Player-7178,0,8,Plushie@156 Player-FBAD@172 Mr@322
20261003-233303,84.4,3,3402,Player-BCA0,347,3,6,8,Player-7178,0,9,Plushie@156 Player-FBAD@186 Illusionary@347
20261003-234425,37.0,1,2040,Player-1172,191,3,8,10,Player-1172,1,2,Plushie@102 Player-FBAD@111 Pink@191
20261003-234425,37.0,2,2716,Player-80A0,118,2,8,9,Player-1172,0,8,Player-FBAD@115 Plushie@118 Mr@211
20261003-234425,37.0,3,3398,Player-0693,227,4,5,8,Player-1172,0,8,Player-FBAD@134 Illusionary@177 Mr@213
20261003-234425,84.3,1,2042,Player-AF1C,346,4,7,10,Player-AF1C,1,9,Player-FBAD@113 Plushie@126 Player-D751@225
20261003-234425,84.3,2,2724,Player-FBAD,114,1,9,9,Player-AF1C,0,4,Player-FBAD@114 Plushie@126 Player-D751@286
20261003-234425,84.3,3,3398,Player-7178,420,7,2,8,Player-AF1C,0,7,Plushie@126 Thidryn@355 Player-D751@357
20261003-235149,37.8,1,2040,Player-1172,208,4,7,10,Player-1172,1,8,Plushie@54 Player-0693@179 Player-FBAD@181
20261003-235149,37.8,2,2716,Player-BCA0,246,6,4,9,Player-1172,0,9,Plushie@24 Player-FBAD@183 Player-0693@186
20261003-235149,37.8,3,3394,Player-80A0,79,1,8,8,Player-1172,0,6,Plushie@79 Player-0693@187 Player-FBAD@190
20261003-235149,85.0,1,2043,Player-7178,434,8,3,10,Player-7178,1,8,Plushie@81 Player-FBAD@239 Player-0693@317
20261003-235149,85.0,2,2715,Player-858A,367,4,6,9,Player-7178,0,8,Plushie@62 Player-FBAD@244 Player-0693@317
20261003-235149,85.0,3,3396,Player-0693,317,3,6,8,Player-7178,0,6,Plushie@67 Player-FBAD@236 Player-0693@317
20261003-235615,37.3,1,2044,Player-1172,200,4,7,10,Player-1172,1,2,Plushie@136 Player-FBAD@154 Illusionary@200
20261003-235615,37.3,2,2718,Player-BCA0,200,3,7,9,Player-1172,0,9,Plushie@135 Player-FBAD@156 Illusionary@200
20261003-235615,37.3,3,3404,Player-0693,252,6,3,8,Player-1172,0,7,Plushie@135 Player-FBAD@170 Mr@212
20261003-235615,84.4,1,2038,Player-BCA0,406,5,6,10,Player-BCA0,1,9,Plushie@148 Player-D751@277 Player-FBAD@325
20261003-235615,84.4,2,2724,Player-68BB,451,6,4,9,Player-BCA0,0,8,Plushie@148 Player-FBAD@334 Player-D751@349
20261003-235615,84.4,3,3402,Player-80A0,148,1,8,8,Player-BCA0,0,2,Plushie@148 Player-FBAD@357 Invoker@368
20261004-000409,37.2,1,2038,Player-1172,183,2,9,10,Player-1172,1,5,Player-D751@166 Pink@183 Player-FBAD@204
20261004-000409,37.2,2,2726,Player-D751,190,1,9,9,Player-1172,0,6,Player-D751@190 Player-FBAD@199 Plushie@205
20261004-000409,37.2,3,3400,Player-0693,324,7,2,8,Player-1172,0,3,Player-FBAD@191 Plushie@209 Invoker@250
20261004-000409,84.8,1,2036,Player-7178,414,5,6,10,Player-7178,1,8,Plushie@120 Player-FBAD@196 Invoker@395
20261004-000409,84.8,2,2722,Player-D751,514,9,1,9,Player-7178,0,7,Plushie@122 Player-FBAD@168 Illusionary@399
20261004-000409,84.8,3,3400,Player-1172,470,8,1,8,Player-7178,0,8,Plushie@125 Player-FBAD@178 Illusionary@385
20261004-001305,37.2,1,2040,Player-1172,209,4,7,10,Player-1172,1,5,Player-FBAD@77 Player-0693@186 Plushie@204
20261004-001305,37.2,2,2720,Player-68BB,276,7,3,9,Player-1172,0,6,Player-FBAD@78 Player-0693@200 Mr@209
20261004-001305,37.2,3,3402,Player-7178,257,6,3,8,Player-1172,0,6,Player-FBAD@80 Mr@190 Player-0693@207
20261004-001305,84.3,1,2034,Player-858A,415,6,5,10,Player-858A,1,7,Player-FBAD@140 Plushie@293 Invoker@381
20261004-001305,84.3,2,2707,Player-AF1C,373,3,7,9,Player-858A,0,8,Player-FBAD@174 Plushie@267 Invoker@373
20261004-001305,84.3,3,3388,Player-D751,447,5,4,8,Player-858A,0,7,Player-FBAD@179 Plushie@226 Bad@393
20261004-124516,37.3,1,2034,Player-6FCB,53,1,10,10,Player-6FCB,1,4,Player-6FCB@53 Casual@219 Player-74C1@223
20261004-124516,37.3,2,2716,Player-12E6,254,3,7,9,Player-6FCB,0,8,Player-74C1@175 Casual@219 Account-D2C4@254
20261004-124516,37.3,3,3396,Player-74C1,175,2,7,8,Player-6FCB,0,9,Player-12F8@101 Player-74C1@175 Casual@219
20261004-124516,84.7,1,2042,Player-12F8,285,4,7,10,Player-12F8,1,8,Darude@186 Casual@249 Account-D2C4@271
20261004-124516,84.7,2,2724,Player-010B,249,2,8,9,Player-12F8,0,9,Darude@188 Casual@249 Account-D2C4@272
20261004-124516,84.7,3,3406,Player-74C1,255,2,7,8,Player-12F8,0,9,Darude@191 Player-74C1@255 Account-D2C4@275
20261004-124952,37.0,1,2036,Player-6FCB,333,9,2,10,Player-6FCB,1,8,Account-D2C4@69 Darude@163 Player-74C1@219
20261004-124952,37.0,2,2718,Player-74C1,228,3,7,9,Player-6FCB,0,9,Account-D2C4@66 Darude@185 Player-74C1@228
20261004-124952,37.0,3,3392,Player-202A,400,8,1,8,Player-6FCB,0,8,Account-D2C4@65 Darude@185 Player-12F8@273
20261004-124952,84.3,1,2040,Player-C8B7,403,9,2,10,Player-C8B7,1,9,Player-74C1@161 Account-D2C4@247 Player-6FCB@279
20261004-124952,84.3,2,2720,Player-202A,386,8,2,9,Player-C8B7,0,9,Player-74C1@139 Account-D2C4@247 The@280
20261004-124952,84.3,3,3398,Player-12E6,184,2,7,8,Player-C8B7,0,8,Player-74C1@141 Account-D2C4@184 The@260
20261004-125415,37.7,1,2044,Player-6FCB,258,9,2,10,Player-6FCB,1,9,Player-74C1@204 The@210 Ithil@217
20261004-125415,37.7,2,2720,Player-12E6,242,6,4,9,Player-6FCB,0,9,Player-74C1@204 The@210 Ithil@222
20261004-125415,37.7,3,3400,Player-C8B7,255,7,2,8,Player-6FCB,0,9,Player-74C1@204 The@211 Darude@223
20261004-125415,84.8,1,2036,Player-6FCB,219,3,8,10,Player-6FCB,1,9,Player-74C1@207 Account-D2C4@214 Player-6FCB@219
20261004-125415,84.8,2,2718,Player-C8B7,396,8,2,9,Player-6FCB,0,8,Player-74C1@201 Account-D2C4@225 Dr@255
20261004-125415,84.8,3,3400,Player-74C1,178,1,8,8,Player-6FCB,0,8,Player-74C1@178 Account-D2C4@232 Dr@267
20261004-125639,37.7,1,2034,Player-6FCB,262,6,3,8,Player-6FCB,1,4,Account-D2C4@195 Dr@203 The@209
20261004-125639,37.7,2,2718,Player-1E02,209,3,5,7,Player-6FCB,0,4,Account-D2C4@183 Dr@200 The@209
20261004-125639,37.7,3,3400,Player-74C1,218,5,4,8,Player-6FCB,0,3,Darude@133 Account-D2C4@163 Ithil@172
20261004-130036,37.0,1,2038,Player-6FCB,202,2,9,10,Player-6FCB,1,1,Player-74C1@112 Player-6FCB@202 The@220
20261004-130036,37.0,2,2718,Player-DDA6,278,6,4,9,Player-6FCB,0,8,Player-74C1@112 Darude@230 The@265
20261004-130036,37.0,3,3394,Player-AED1,230,2,7,8,Player-6FCB,0,8,Player-74C1@112 Darude@230 Account-D2C4@268
20261004-130036,84.3,1,2042,Player-C8B7,371,7,4,10,Player-C8B7,1,8,The@217 Dr@246 Player-74C1@257
20261004-130036,84.3,2,2720,Player-C2E3,246,2,8,9,Player-C8B7,0,8,Player-74C1@241 Dr@246 Darude@268
20261004-130036,84.3,3,3402,Player-DDA6,440,7,2,8,Player-C8B7,0,8,Player-74C1@224 Darude@266 Account-D2C4@284
20261004-130327,37.0,1,2033,Player-6FCB,260,4,7,10,Player-6FCB,1,8,Account-D2C4@63 Player-74C1@180 The@238
20261004-130327,37.0,2,2714,Player-AED1,275,5,5,9,Player-6FCB,0,7,Account-D2C4@107 Player-74C1@146 The@242
20261004-130327,37.0,3,3394,Player-74C1,146,2,7,8,Player-6FCB,0,6,Account-D2C4@76 Player-74C1@146 The@261
20261004-130327,84.0,1,2036,Player-1E02,277,2,9,10,,0,9,Player-74C1@134 The@277 Account-D2C4@282
20261004-130327,84.0,2,2718,Player-C8B7,330,5,5,9,,0,9,Player-74C1@140 Account-D2C4@283 Dr@305
20261004-130327,84.0,3,3402,Player-6FCB,307,3,6,8,,0,9,Player-74C1@146 Account-D2C4@198 Player-6FCB@307
20261004-130836,37.3,1,2038,Player-6FCB,206,4,7,10,Player-6FCB,1,6,Account-D2C4@155 Player-74C1@160 The@192
20261004-130836,37.3,2,2716,Player-1E02,192,3,7,9,Player-6FCB,0,9,Account-D2C4@151 Player-74C1@160 The@192
20261004-130836,37.3,3,3396,Player-C8B7,294,8,1,8,Player-6FCB,0,8,Account-D2C4@117 Player-74C1@160 Darude@241
20261004-130836,84.6,1,2038,Player-DDA6,484,10,1,10,Player-DDA6,1,7,Account-D2C4@127 Player-74C1@191 Player-6FCB@248
20261004-130836,84.6,2,2716,Player-6FCB,249,3,7,9,Player-DDA6,0,8,Account-D2C4@134 Player-74C1@191 Player-6FCB@249
20261004-130836,84.6,3,3394,Player-A2B9,386,8,1,8,Player-DDA6,0,8,Account-D2C4@142 Player-74C1@190 Darude@273
20261004-131253,37.4,1,2042,Player-6FCB,263,8,3,10,Player-6FCB,1,9,Player-74C1@107 Dr@168 Ithil@193
20261004-131253,37.4,2,2720,Player-DDA6,261,7,3,9,Player-6FCB,0,9,Player-74C1@123 Dr@169 Ithil@198
20261004-131253,37.4,3,3400,Player-74C1,139,1,8,8,Player-6FCB,0,8,Player-74C1@139 Dr@174 Account-D2C4@193
20261004-131253,84.4,1,2040,Player-1E02,145,1,10,10,Player-1E02,1,4,The@145 Dr@148 Player-74C1@164
20261004-131253,84.4,2,2723,Player-DDA6,359,8,2,9,Player-1E02,0,7,Dr@50 Player-74C1@159 Account-D2C4@203
20261004-131253,84.4,3,3400,Player-202A,452,8,1,8,Player-1E02,0,5,Dr@69 Player-74C1@162 Account-D2C4@202
20261004-131623,37.4,1,2034,Player-6FCB,272,7,4,10,Player-6FCB,1,9,Account-D2C4@108 Player-74C1@119 Ithil@169
20261004-131623,37.4,2,2716,Player-F22C,169,3,7,9,Player-6FCB,0,9,Player-74C1@74 Account-D2C4@106 Ithil@169
20261004-131623,37.4,3,3392,Player-DDA6,281,6,3,8,Player-6FCB,0,9,Player-74C1@85 Account-D2C4@143 The@200
20261004-131623,84.8,1,2046,Player-F22C,374,8,3,10,Player-F22C,1,8,Player-74C1@101 Dr@112 Account-614A@188
20261004-131623,84.8,2,2718,Player-1E02,283,6,4,9,Player-F22C,0,9,Player-74C1@76 Dr@113 Account-D2C4@157
20261004-131623,84.8,3,3402,Player-12E6,159,3,6,8,Player-F22C,0,7,Player-74C1@97 Dr@114 Account-D2C4@159
20261004-132338,37.4,1,2040,Player-6FCB,268,8,3,10,Player-6FCB,1,9,Player-74C1@97 Account-D2C4@99 Arbiter@174
20261004-132338,37.4,2,2724,Player-A2B9,215,5,5,9,Player-6FCB,0,9,Player-74C1@69 Account-D2C4@98 The@149
20261004-132338,37.4,3,3404,Player-AED1,181,4,5,8,Player-6FCB,0,9,Player-74C1@77 Account-D2C4@115 The@128
20261004-132338,84.3,1,2036,Player-AED1,288,6,5,10,Player-AED1,1,9,Player-74C1@73 The@107 Account-D2C4@205
20261004-132338,84.3,2,2718,Player-1E02,121,2,8,9,Player-AED1,0,8,Player-74C1@65 The@121 Account-D2C4@204
20261004-132338,84.3,3,3400,Player-C8B7,395,7,2,8,Player-AED1,0,8,Player-74C1@77 Account-D2C4@201 Player-6FCB@267
20261004-132603,36.9,1,2040,Player-6FCB,133,2,9,10,Player-6FCB,1,5,Player-74C1@96 Player-6FCB@133 The@158
20261004-132603,36.9,2,2718,Player-F22C,174,3,7,9,Player-6FCB,0,8,Player-74C1@83 The@160 Ithil@174
20261004-132603,36.9,3,3402,Player-74C1,79,1,8,8,Player-6FCB,0,8,Player-74C1@79 The@163 Darude@177
20261004-132603,83.8,1,2044,Player-74C1,177,2,9,10,Player-74C1,1,7,Account-D2C4@141 Player-74C1@177 The@236
20261004-132603,83.8,2,2718,Player-F22C,288,4,6,9,Player-74C1,0,9,Account-D2C4@149 The@236 Dr@273
20261004-132603,83.8,3,3398,Player-A2B9,273,4,5,8,Player-74C1,0,9,Account-D2C4@188 The@236 Darude@246
20261004-132950,37.0,1,2038,Player-6FCB,213,4,6,9,Player-6FCB,1,4,Account-D2C4@108 Ithil@120 The@177
20261004-132950,37.0,2,2720,Player-C8B7,461,8,1,8,Player-6FCB,0,4,Ithil@64 Account-D2C4@93 The@176
20261004-132950,37.0,3,3400,Player-F22C,142,2,6,7,Player-6FCB,0,5,Account-D2C4@34 Ithil@142 The@176
20261004-132950,84.2,1,2034,Player-C8B7,306,3,8,10,Player-C8B7,1,9,Player-74C1@144 The@193 Account-614A@306
20261004-132950,84.2,2,2722,Player-AED1,318,4,6,9,Player-C8B7,0,9,Player-74C1@105 The@223 Ithil@316
20261004-132950,84.2,3,3394,Player-6FCB,369,5,4,8,Player-C8B7,0,8,Player-74C1@102 The@229 Ithil@343
20261004-132950,134.0,1,2046,Player-C8B7,349,2,9,10,,0,9,Darude@303 Account-614A@349 Dr@352
20261004-132950,134.0,2,2728,Player-74C1,358,4,6,9,,0,9,Darude@305 The@327 Dr@353
20261004-132950,134.0,3,3408,Player-A2B9,353,3,6,8,,0,9,The@266 Darude@306 Dr@353
20261004-133634,37.2,1,2040,Player-6FCB,252,2,9,10,Player-6FCB,1,9,Player-74C1@189 Player-6FCB@252 The@261
20261004-133634,37.2,2,2716,Player-12E6,273,4,6,9,Player-6FCB,0,9,Player-74C1@174 The@256 Darude@268
20261004-133634,37.2,3,3394,Player-202A,364,7,2,8,Player-6FCB,0,9,Player-74C1@174 The@250 Darude@266
20261004-133634,84.2,1,2038,Player-202A,430,7,4,10,Player-202A,1,9,The@167 Player-74C1@176 Darude@273
20261004-133634,84.2,2,2716,Player-12E6,452,8,2,9,Player-202A,0,9,Player-74C1@180 The@236 Darude@273
20261004-133634,84.2,3,3404,Player-AED1,277,3,6,8,Player-202A,0,8,Player-74C1@183 The@252 Darude@277
20261004-134153,37.7,1,2044,Player-6FCB,302,9,2,10,Player-6FCB,1,9,Player-74C1@111 The@177 Account-D2C4@189
20261004-134153,37.7,2,2722,Player-74C1,111,1,9,9,Player-6FCB,0,9,Player-74C1@111 The@181 Account-D2C4@202
20261004-134153,37.7,3,3402,Player-A2B9,223,4,5,8,Player-6FCB,0,9,The@184 Account-D2C4@212 Ithil@222
20261004-134153,85.0,1,2040,Player-DDA6,407,8,3,10,Player-DDA6,1,9,Player-74C1@142 Player-6FCB@269 Darude@269
20261004-134153,85.0,2,2718,Player-202A,419,8,2,9,Player-DDA6,0,9,Player-74C1@143 Account-D2C4@229 Player-6FCB@273
20261004-134153,85.0,3,3394,Player-A2B9,280,3,6,8,Player-DDA6,0,8,Player-74C1@142 Account-D2C4@229 Dr@280
20261004-140313,37.3,1,2036,Player-010B,242,3,3,5,Player-010B,1,4,The@182 Account-614A@242 Casual@242
20261004-140313,37.3,2,2716,Player-C8B7,242,2,3,4,Player-010B,0,4,The@181 Account-614A@242 Player-6FCB@277
20261004-140313,37.3,3,3398,Player-1E02,181,1,3,3,Player-010B,0,4,The@181 Player-6FCB@287 Account-D2C4@362
20261004-140313,84.7,1,2044,Player-1E02,334,1,5,5,Player-1E02,1,2,The@334 Player-6FCB@392 Account-614A@453
20261004-140313,84.7,2,2720,Player-C8B7,438,2,3,4,Player-1E02,0,2,Player-6FCB@415 Account-614A@438 Account-D2C4@1155
20261004-140313,84.7,3,3398,Player-010B,1533,3,1,3,Player-1E02,0,0,Player-6FCB@437 Account-D2C4@1150 Casual@1533
20261004-140313,134.5,1,2042,Player-12E6,1314,5,1,5,,0,0,Player-6FCB@156 Casual@173 The@247
20261004-140313,134.5,2,2720,Player-010B,172,2,3,4,,0,1,Player-6FCB@124 Casual@172 The@234
20261004-140313,134.5,3,3400,Player-6FCB,111,1,3,3,,0,2,Player-6FCB@111 The@213 Account-614A@574
20261004-140313,184.8,1,2036,Player-1E02,398,1,3,3,Player-1E02,1,2,The@398 Account-614A@416 Player-6FCB@428
20261004-140313,184.8,2,2714,Player-6FCB,428,1,2,2,Player-1E02,0,2,Player-6FCB@428 Account-614A@434
20261004-140313,184.8,3,3396,Player-C8B7,437,1,1,1,Player-1E02,0,2,Account-614A@437
20261004-140313,232.1,1,2040,Player-1E02,219,1,3,3,Player-1E02,1,1,The@219 Account-614A@497 Account-D2C4@956
20261004-140313,232.1,2,2722,Player-C8B7,535,1,2,2,Player-1E02,0,1,Account-614A@535 Account-D2C4@962
20261004-140313,232.1,3,3404,Player-12E6,972,1,1,1,Player-1E02,0,0,Account-D2C4@972
20261004-152618,37.9,1,2044,Player-6FCB,224,2,9,10,Player-6FCB,1,9,Hel@168 Player-6FCB@224 Sergeant@240
20261004-152618,37.9,2,2724,Player-75E4,296,5,5,9,Player-6FCB,0,9,Hel@172 Signet@238 Player-5B2B@249
20261004-152618,37.9,3,3400,Player-12E6,365,7,2,8,Player-6FCB,0,9,Hel@175 Player-5B2B@248 Signet@254
20261004-152618,85.0,1,2033,Player-C8B7,370,9,2,10,Player-C8B7,1,9,Signet@238 Player-5B2B@239 Sergeant@249
20261004-152618,85.0,2,2716,Player-F22C,364,8,2,9,Player-C8B7,0,9,Account-D2C4@183 Player-5B2B@253 Signet@258
20261004-152618,85.0,3,3394,Player-C516,354,7,2,8,Player-C8B7,0,8,Account-D2C4@149 Signet@247 Player-5B2B@265
20261004-152832,36.8,1,2036,Player-6FCB,249,2,9,10,Player-6FCB,1,9,Account-614A@243 Player-6FCB@249 Signet@253
20261004-152832,36.8,2,2720,Player-DDA6,396,7,3,9,Player-6FCB,0,9,Account-614A@250 Signet@263 Player-5B2B@295
20261004-152832,36.8,3,3394,Player-E1F6,414,7,2,8,Player-6FCB,0,9,Signet@219 Account-614A@242 Player-5B2B@329
20261004-152832,84.1,1,2036,Player-6FCB,282,3,8,10,Player-6FCB,1,8,Account-D2C4@140 Sergeant@239 Player-6FCB@282
20261004-152832,84.1,2,2716,Player-12E6,104,1,9,9,Player-6FCB,0,0,Account-D2C4@104 Account-614A@274 Sergeant@296
20261004-152832,84.1,3,3390,Player-75E4,262,1,8,8,Player-6FCB,0,8,Sergeant@262 Account-614A@295 Signet@308
20261004-153051,37.5,1,2042,Player-6FCB,233,6,5,10,Player-6FCB,1,6,Account-D2C4@113 Hel@165 Sergeant@187
20261004-153051,37.5,2,2718,Player-816B,205,3,7,9,Player-6FCB,0,6,Account-D2C4@113 Hel@164 Signet@205
20261004-153051,37.5,3,3394,Player-5B2B,242,5,4,8,Player-6FCB,0,6,Account-D2C4@113 Hel@184 Account-614A@226
20261004-153051,84.9,1,2032,Player-12E6,385,8,3,10,Player-12E6,1,0,Player-E1F6@208 Hel@251 Signet@333
20261004-153051,84.9,2,2714,Player-6FCB,354,6,4,9,Player-12E6,0,8,Player-E1F6@177 Hel@244 Signet@280
20261004-153051,84.9,3,3398,Player-C8B7,459,8,1,8,Player-12E6,0,7,Signet@202 Ithil@215 Player-E1F6@229
20261004-154121,37.2,1,2042,Player-6FCB,198,2,8,9,Player-6FCB,1,6,Hel@175 Player-6FCB@198 Signet@225
20261004-154121,37.2,2,2716,Player-12E6,323,8,1,8,Player-6FCB,0,4,Signet@105 Hel@188 Ithil@220
20261004-154121,37.2,3,3398,Player-E1F6,262,6,2,7,Player-6FCB,0,0,Signet@142 Ithil@193 Hel@194
20261004-154121,84.8,1,2032,Player-6FCB,219,1,10,10,Player-6FCB,1,9,Player-6FCB@219 Signet@224 Account-D2C4@322
20261004-154121,84.8,2,2718,Player-75E4,294,4,6,9,Player-6FCB,0,9,Signet@211 Player-E1F6@255 Account-D2C4@276
20261004-154121,84.8,3,3402,Player-C516,342,5,4,8,Player-6FCB,0,9,Account-D2C4@161 Signet@205 Player-E1F6@255
20261004-155218,37.3,1,2040,Player-6FCB,324,4,7,10,Player-6FCB,1,9,Signet@163 Player-5B2B@276 Ithil@309
20261004-155218,37.3,2,2720,Player-12E6,475,9,1,9,Player-6FCB,0,9,Signet@201 Player-5B2B@284 Ithil@350
20261004-155218,37.3,3,3398,Player-C516,448,8,1,8,Player-6FCB,0,9,Signet@212 Player-5B2B@292 Ithil@382
20261004-155218,84.6,1,2040,Player-6FCB,473,8,3,10,Player-6FCB,1,9,Player-5B2B@234 Signet@263 Ithil@280
20261004-155218,84.6,2,2722,Player-C516,445,5,5,9,Player-6FCB,0,9,Player-5B2B@239 Signet@255 Ithil@269
20261004-155218,84.6,3,3400,Player-75E4,328,5,4,8,Player-6FCB,0,8,Account-D2C4@247 Player-5B2B@248 Signet@293
20261004-160448,36.7,1,2030,Player-6FCB,247,5,6,10,Player-6FCB,1,9,Ithil@28 Account-D2C4@136 Signet@173
20261004-160448,36.7,2,2708,Player-12E6,136,3,7,9,Player-6FCB,0,9,Player-E1F6@60 Ithil@93 Account-D2C4@136
20261004-160448,36.7,3,3396,Player-5B2B,258,4,5,8,Player-6FCB,0,9,Player-E1F6@117 Ithil@155 Signet@167
20261004-160448,84.0,1,2032,Player-6FCB,351,8,3,10,Player-6FCB,1,7,Account-D2C4@95 Sergeant@229 Hel@235
20261004-160448,84.0,2,2716,Player-75E4,252,5,5,9,Player-6FCB,0,8,Account-D2C4@24 Hel@216 Signet@232
20261004-160448,84.0,3,3394,Player-DDA6,469,8,1,8,Player-6FCB,0,7,Account-D2C4@46 Signet@206 Hel@242
20261004-161448,37.0,1,2040,Player-6FCB,229,3,8,10,Player-6FCB,1,9,Signet@181 Account-D2C4@191 Player-6FCB@229
20261004-161448,37.0,2,2724,Player-C516,345,6,4,9,Player-6FCB,0,9,Account-D2C4@175 Signet@195 Account-614A@295
20261004-161448,37.0,3,3400,Player-816B,195,2,7,8,Player-6FCB,0,8,Account-D2C4@180 Signet@195 Account-614A@295
20261004-161448,84.0,1,2041,Player-816B,376,2,9,10,Player-816B,1,9,Account-D2C4@142 Signet@376 Account-614A@384
20261004-161448,84.0,2,2714,Player-6FCB,434,8,2,9,Player-816B,0,8,Account-D2C4@70 Account-614A@378 Player-5B2B@390
20261004-161448,84.0,3,3398,Player-C8B7,418,3,6,8,Player-816B,0,7,Account-D2C4@112 Hel@412 Account-614A@418
20261004-161912,36.8,1,2046,Player-6FCB,107,1,10,10,Player-6FCB,1,9,Player-6FCB@107 Signet@198 Sergeant@199
20261004-161912,36.8,2,2720,Player-5B2B,253,3,7,9,Player-6FCB,0,9,Signet@212 Hel@253 Player-5B2B@253
20261004-161912,36.8,3,3400,Player-75E4,265,3,6,8,Player-6FCB,0,9,Signet@234 Hel@249 Sergeant@265
20261004-161912,84.3,1,2038,Player-E1F6,445,9,2,10,Player-E1F6,1,9,Ithil@200 Account-D2C4@271 Sergeant@274
20261004-161912,84.3,2,2715,Player-DDA6,482,9,1,9,Player-E1F6,0,9,Ithil@241 Account-D2C4@271 Signet@287
20261004-161912,84.3,3,3392,Player-12E6,271,2,7,8,Player-E1F6,0,9,Ithil@149 Account-D2C4@271 Signet@286
20261004-162419,37.2,1,2034,Player-6FCB,252,5,6,10,Player-6FCB,1,9,Player-5B2B@189 Signet@218 Sergeant@220
20261004-162419,37.2,2,2716,Player-75E4,224,3,7,9,Player-6FCB,0,9,Player-5B2B@189 Signet@220 Sergeant@224
20261004-162419,37.2,3,3394,Player-12E6,266,3,6,8,Player-6FCB,0,9,Player-5B2B@188 Signet@229 Account-D2C4@266
20261004-162419,84.7,1,2040,Player-816B,307,4,7,10,Player-816B,1,9,Account-D2C4@81 Ithil@125 Player-6FCB@251
20261004-162419,84.7,2,2726,Player-6FCB,251,3,7,9,Player-816B,0,9,Account-D2C4@84 Ithil@154 Player-6FCB@251
20261004-162419,84.7,3,3400,Player-E1F6,378,6,3,8,Player-816B,0,9,Account-D2C4@135 Ithil@166 Account-614A@321
20261004-163454,37.7,1,2036,Player-6FCB,242,5,6,10,Player-6FCB,1,9,Hel@207 Sergeant@239 Account-D2C4@239
20261004-163454,37.7,2,2716,Player-75E4,239,2,8,9,Player-6FCB,0,9,Hel@208 Sergeant@239 Account-D2C4@240
20261004-163454,37.7,3,3394,Player-12E6,245,3,6,8,Player-6FCB,0,9,Hel@210 Player-5B2B@243 Account-D2C4@245
20261004-163454,84.6,1,2034,Player-75E4,392,6,5,10,Player-75E4,1,9,Account-D2C4@148 Account-614A@308 Signet@324
20261004-163454,84.6,2,2716,Player-F22C,446,7,3,9,Player-75E4,0,9,Account-D2C4@149 Signet@292 Account-614A@327
20261004-163454,84.6,3,3392,Player-E1F6,490,7,2,8,Player-75E4,0,8,Account-D2C4@169 Signet@286 Player-6FCB@363
20261004-164242,37.8,1,2038,Player-6FCB,377,5,6,10,Player-6FCB,1,9,Signet@245 Sergeant@266 Ithil@334
20261004-164242,37.8,2,2720,Player-12E6,399,6,4,9,Player-6FCB,0,7,Signet@246 Sergeant@301 Ithil@335
20261004-164242,37.8,3,3394,Player-75E4,301,2,7,8,Player-6FCB,0,8,Signet@292 Sergeant@301 Ithil@336
20261004-164242,85.1,1,2030,Player-C8B7,246,2,9,10,Player-C8B7,1,9,Account-D2C4@31 Account-614A@246 Sergeant@266
20261004-164242,85.1,2,2714,Player-816B,369,5,5,9,Player-C8B7,0,8,Account-D2C4@17 Sergeant@249 Player-E1F6@348
20261004-164242,85.1,3,3390,Player-F22C,373,4,5,8,Player-C8B7,0,9,Account-D2C4@86 Sergeant@311 Player-6FCB@358
20261004-164733,37.1,1,2038,Player-6FCB,292,1,10,10,Player-6FCB,1,9,Player-6FCB@292 Player-5B2B@313 Signet@368
20261004-164733,37.1,2,2718,Player-75E4,491,6,4,9,Player-6FCB,0,9,Player-5B2B@315 Signet@368 So@395
20261004-164733,37.1,3,3400,Player-816B,368,3,6,8,Player-6FCB,0,9,Player-5B2B@316 Account-D2C4@360 Signet@368
20261004-164733,84.5,1,2044,Player-C516,420,9,2,10,Player-C516,1,8,Account-D2C4@52 Ithil@275 Player-6FCB@300
20261004-164733,84.5,2,2724,Player-7AAB,429,9,1,9,Player-C516,0,8,Account-D2C4@33 Ithil@280 Player-6FCB@291
20261004-164733,84.5,3,3402,Player-5B2B,362,5,4,8,Player-C516,0,8,Account-D2C4@20 Signet@284 Player-6FCB@291
20261004-165754,37.3,1,2034,Player-6FCB,238,3,8,10,Player-6FCB,1,9,Signet@161 Account-D2C4@214 Player-6FCB@238
20261004-165754,37.3,2,2712,Player-816B,153,1,9,9,Player-6FCB,0,9,Signet@153 Account-D2C4@218 Ithil@241
20261004-165754,37.3,3,3398,Player-75E4,275,4,5,8,Player-6FCB,0,9,Account-D2C4@221 Hel@254 Player-5B2B@263
20261004-165754,84.7,1,2036,Player-816B,320,4,7,10,Player-816B,1,6,Account-D2C4@63 Player-E1F6@197 Player-6FCB@263
20261004-165754,84.7,2,2718,Player-5B2B,400,7,3,9,Player-816B,0,7,Account-D2C4@111 Player-E1F6@268 Player-6FCB@273
20261004-165754,84.7,3,3400,Player-7AAB,473,8,1,8,Player-816B,0,8,Account-D2C4@91 Player-6FCB@293 Ithil@305
20261004-221821,37.6,1,2042,Player-DDA6,193,4,7,10,Player-DDA6,1,1,Player-FBAD@103 Niccy@149 Plushie@163
20261004-221821,37.6,2,2716,Player-271D,214,4,6,9,Player-DDA6,0,8,Player-FBAD@120 Niccy@149 Plushie@150
20261004-221821,37.6,3,3396,Player-8F17,273,6,3,8,Player-DDA6,0,8,Player-FBAD@138 Plushie@149 Niccy@149
20261004-222322,37.4,1,2040,Player-DDA6,265,6,5,10,Player-DDA6,1,7,Player-FBAD@119 Chop@122 Niccy@123
20261004-222322,37.4,2,2720,Player-80A0,135,2,8,9,Player-DDA6,0,9,Niccy@130 Plushie@135 Player-FBAD@138
20261004-222322,37.4,3,3400,Player-271D,259,6,3,8,Player-DDA6,0,9,Ankou@96 Niccy@138 Player-FBAD@149
20261004-222322,84.8,1,2040,Player-BCA0,393,7,4,10,Player-BCA0,1,8,Player-FBAD@93 Plushie@114 Chop@219
20261004-222322,84.8,2,2720,Player-8AE5,400,7,3,9,Player-BCA0,0,8,Player-FBAD@99 Plushie@120 Chop@219
20261004-222322,84.8,3,3402,Player-DDFD,219,3,6,8,Player-BCA0,0,7,Plushie@120 Niccy@214 Chop@219
20261004-222434,37.2,1,2038,Player-DDA6,306,6,2,7,Player-DDA6,1,0,Niccy@173 Account-5C2B@235 Ankou@239
20261004-222434,37.2,2,2722,Player-271D,271,3,4,6,Player-DDA6,0,4,Niccy@166 Ankou@264 Account-D2C4@271
20261004-222434,37.2,3,3398,Player-8F17,208,2,4,5,Player-DDA6,0,4,Niccy@186 Account-5C2B@208 Illusionary@247
20261004-222846,37.8,1,2034,Player-DDA6,267,7,4,10,Player-DDA6,1,7,Plushie@47 Player-FBAD@98 Niccy@130
20261004-222846,37.8,2,2716,Player-BCA0,196,5,5,9,Player-DDA6,0,8,Player-FBAD@105 Plushie@109 Niccy@130
20261004-222846,37.8,3,3398,Player-80A0,58,1,8,8,Player-DDA6,0,8,Plushie@58 Player-FBAD@95 Niccy@130
20261004-222846,85.2,1,2038,Player-80A0,340,4,7,10,Player-80A0,1,6,Player-FBAD@117 Niccy@252 Chop@263
20261004-222846,85.2,2,2718,Player-271D,327,4,6,9,Player-80A0,0,9,Player-FBAD@54 Niccy@186 Chop@234
20261004-222846,85.2,3,3398,Player-D808,373,6,3,8,Player-80A0,0,7,Player-FBAD@58 Niccy@180 Chop@288
20261004-223752,37.0,1,2038,Player-DDA6,249,9,2,10,Player-DDA6,1,3,Player-FBAD@52 Illusionary@132 Account-5C2B@136
20261004-223752,37.0,2,2720,Player-271D,105,2,8,9,Player-DDA6,0,7,Player-FBAD@59 Account-D2C4@105 Illusionary@136
20261004-223752,37.0,3,3400,Player-82BE,154,4,5,8,Player-DDA6,0,7,Player-FBAD@78 Illusionary@103 Chop@152
20261004-223752,84.5,1,2032,Player-DDA6,496,10,1,10,Player-DDA6,1,6,Plushie@74 Player-FBAD@102 Chop@198
20261004-223752,84.5,2,2720,Player-BCA0,423,8,2,9,Player-DDA6,0,8,Plushie@65 Player-FBAD@134 Chop@252
20261004-223752,84.5,3,3392,Player-D808,479,8,1,8,Player-DDA6,0,8,Plushie@65 Player-FBAD@225 Niccy@241
20261004-224807,36.9,1,2044,Player-DDA6,128,3,8,10,Player-DDA6,1,3,Player-FBAD@15 Plushie@42 Forsaken@128
20261004-224807,36.9,2,2722,Player-FBAD,14,1,9,9,Player-DDA6,0,7,Player-FBAD@14 Plushie@70 Niccy@202
20261004-224807,36.9,3,3398,Player-DDFD,234,4,5,8,Player-DDA6,0,8,Plushie@88 Illusionary@183 Niccy@221
20261004-224807,84.2,1,2032,Player-BCA0,413,8,3,10,Player-BCA0,1,7,Player-FBAD@49 Plushie@70 Niccy@260
20261004-224807,84.2,2,2718,Player-DDA6,464,9,1,9,Player-BCA0,0,7,Plushie@70 Player-FBAD@108 Niccy@261
20261004-224807,84.2,3,3390,Player-8AE5,311,4,5,8,Player-BCA0,0,9,Plushie@70 Chop@220 Niccy@247
20261004-225031,37.3,1,2044,Player-DDA6,201,4,7,10,Player-DDA6,1,3,Plushie@37 Player-FBAD@80 Niccy@91
20261004-225031,37.3,2,2724,Player-82BE,91,2,8,9,Player-DDA6,0,6,Plushie@15 Niccy@91 Chop@238
20261004-225031,37.3,3,3398,Player-8AE5,252,6,3,8,Player-DDA6,0,6,Plushie@61 Illusionary@190 Chop@244
20261004-225031,84.8,1,2038,Player-44EA,436,8,3,10,Player-44EA,1,7,Plushie@128 Player-FBAD@195 Chop@278
20261004-225031,84.8,2,2720,Player-DDA6,560,8,2,9,Player-44EA,0,5,Player-FBAD@182 Niccy@231 Chop@304
20261004-225031,84.8,3,3400,Player-8F17,416,7,2,8,Player-44EA,0,8,Player-FBAD@190 Chop@219 Niccy@237
20261004-225506,37.2,1,2030,Player-DDA6,220,7,4,10,Player-DDA6,1,2,Plushie@12 Player-FBAD@116 Account-D2C4@143
20261004-225506,37.2,2,2710,Player-44EA,422,9,1,9,Player-DDA6,0,5,Plushie@20 Illusionary@102 Player-FBAD@121
20261004-225506,37.2,3,3400,Player-82BE,219,6,3,8,Player-DDA6,0,7,Plushie@29 Illusionary@126 Account-D2C4@143
20261004-225506,84.2,1,2034,Player-BCA0,365,6,5,10,Player-BCA0,1,8,Plushie@122 Player-FBAD@200 Niccy@265
20261004-225506,84.2,2,2714,Player-271D,378,6,4,9,Player-BCA0,0,7,Plushie@116 Player-FBAD@147 Niccy@265
20261004-225506,84.2,3,3396,Player-44EA,350,6,3,8,Player-BCA0,0,9,Plushie@110 Player-FBAD@118 Niccy@266
20261004-225635,36.9,1,2036,Player-DDA6,131,2,9,10,Player-DDA6,1,5,Player-FBAD@115 Forsaken@131 Chop@138
20261004-225635,36.9,2,2716,Player-82BE,153,4,6,9,Player-DDA6,0,8,Player-FBAD@97 Plushie@121 Illusionary@152
20261004-225635,36.9,3,3400,Player-44EA,312,8,1,8,Player-DDA6,0,7,Player-FBAD@15 Plushie@104 Illusionary@156
20261004-230214,37.5,1,2044,Player-DDA6,142,3,8,10,Player-DDA6,1,4,Player-FBAD@66 Plushie@87 Forsaken@142
20261004-230214,37.5,2,2714,Player-DDFD,225,6,4,9,Player-DDA6,0,8,Player-FBAD@64 Plushie@79 Niccy@144
20261004-230214,37.5,3,3402,Player-8AE5,230,6,3,8,Player-DDA6,0,8,Player-FBAD@66 Plushie@68 Niccy@144
20261004-230214,84.5,1,2042,Player-80A0,222,4,7,10,Player-80A0,1,9,Player-FBAD@119 Account-5C2B@141 Niccy@181
20261004-230214,84.5,2,2720,Player-271D,403,8,2,9,Player-80A0,0,9,Player-FBAD@123 Account-5C2B@147 Niccy@181
20261004-230214,84.5,3,3400,Player-82BE,181,2,7,8,Player-80A0,0,8,Account-5C2B@155 Niccy@181 Player-FBAD@185
20261004-230927,36.8,1,2034,Player-DDA6,153,2,9,10,Player-DDA6,1,1,Player-FBAD@151 Forsaken@153 Plushie@162
20261004-230927,36.8,2,2712,Player-BCA0,312,6,4,9,Player-DDA6,0,8,Player-FBAD@139 Plushie@161 Niccy@204
20261004-230927,36.8,3,3402,Player-82BE,224,3,6,8,Player-DDA6,0,8,Player-FBAD@94 Plushie@161 Niccy@224
20261004-230927,84.0,1,2048,Player-DDFD,196,3,8,10,Player-DDFD,1,9,Plushie@105 Player-FBAD@133 Chop@196
20261004-230927,84.0,2,2722,Player-80A0,83,1,9,9,Player-DDFD,0,4,Plushie@83 Player-FBAD@126 Niccy@228
20261004-230927,84.0,3,3402,Player-DDA6,418,8,1,8,Player-DDFD,0,7,Player-FBAD@123 Niccy@232 Ankou@316
20261004-233405,37.5,1,2040,Player-DDA6,266,8,3,10,Player-DDA6,1,9,Player-FBAD@122 Oliv@133 Player-D751@147
20261004-233405,37.5,2,2716,Player-2E5B,135,2,8,9,Player-DDA6,0,8,Player-FBAD@113 Oliv@135 Player-D751@151
20261004-233405,37.5,3,3396,Player-BCA0,259,5,4,8,Player-DDA6,0,8,Player-D751@157 Account-D2C4@186 Syriie@197
20261004-233405,84.6,1,2038,Player-F22C,260,2,8,9,Player-F22C,1,7,Player-FBAD@236 Ithil@260 Account-5C2B@308
20261004-233405,84.6,2,2718,Player-8F17,308,3,6,8,Player-F22C,0,8,Player-FBAD@240 Player-D751@290 Account-5C2B@308
20261004-233405,84.6,3,3400,Player-E1F6,332,5,4,8,Player-F22C,0,9,Syriie@166 Player-FBAD@245 Player-D751@294
20261004-233811,37.1,1,2032,Player-DDA6,159,2,9,10,Player-DDA6,1,6,Player-FBAD@135 Forsaken@159 Syriie@179
20261004-233811,37.1,2,2708,Player-A8CF,182,3,7,9,Player-DDA6,0,9,Player-FBAD@140 Oliv@178 Syriie@182
20261004-233811,37.1,3,3392,Player-BCA0,283,5,4,8,Player-DDA6,0,9,Player-FBAD@162 Oliv@177 Player-D751@207
20261004-233811,84.5,1,2040,Player-DDA6,383,10,1,10,Player-DDA6,1,6,Player-FBAD@101 Syriie@116 Illusionary@293
20261004-233811,84.5,2,2722,Player-FBAD,461,9,1,9,Player-DDA6,0,4,Syriie@130 Oliv@265 Account-5C2B@294
20261004-233811,84.5,3,3398,Player-F22C,310,5,4,8,Player-DDA6,0,8,Syriie@123 Oliv@248 Account-5C2B@294
20261004-234835,37.5,1,2044,Player-DDA6,132,1,10,10,Player-DDA6,1,3,Forsaken@132 Syriie@152 Player-FBAD@155
20261004-234835,37.5,2,2724,Player-BCA0,252,5,5,9,Player-DDA6,0,8,Syriie@151 Player-FBAD@155 Oliv@168
20261004-234835,37.5,3,3404,Player-A8CF,146,1,8,8,Player-DDA6,0,5,Syriie@146 Player-FBAD@165 Oliv@166
20261004-234835,84.6,1,2034,Player-DDA6,383,7,4,10,Player-DDA6,1,7,Player-FBAD@86 Syriie@89 Oliv@227
20261004-234835,84.6,2,2710,Player-FBAD,73,1,9,9,Player-DDA6,0,4,Player-FBAD@73 Syriie@89 Oliv@219
20261004-234835,84.6,3,3392,Player-2E5B,219,2,7,8,Player-DDA6,0,8,Syriie@97 Oliv@219 Account-5C2B@281
20261004-235311,37.4,1,2041,Player-DDA6,181,4,7,10,Player-DDA6,1,3,Syriie@112 Oliv@123 Player-FBAD@169
20261004-235311,37.4,2,2723,Player-F22C,373,6,4,9,Player-DDA6,0,8,Oliv@112 Syriie@116 Player-FBAD@174
20261004-235311,37.4,3,3399,Player-8F17,361,6,3,8,Player-DDA6,0,7,Oliv@124 Syriie@124 Player-FBAD@219
20261004-235311,84.6,1,2042,Player-FBAD,252,3,8,10,Player-FBAD,1,1,Syriie@99 Oliv@213 Player-FBAD@252
20261004-235311,84.6,2,2718,Player-271D,298,4,6,9,Player-FBAD,0,8,Syriie@104 Oliv@223 Account-5C2B@243
20261004-235311,84.6,3,3402,Player-8F17,243,4,5,8,Player-FBAD,0,8,Syriie@111 Oliv@222 Illusionary@236
20261004-235715,37.4,1,2044,Player-DDA6,187,4,7,10,Player-DDA6,1,4,Player-FBAD@110 Syriie@126 Oliv@127
20261004-235715,37.4,2,2720,Player-271D,291,9,1,9,Player-DDA6,0,8,Player-FBAD@103 Syriie@113 Oliv@127
20261004-235715,37.4,3,3404,Player-D751,196,4,5,8,Player-DDA6,0,8,Player-FBAD@96 Syriie@108 Oliv@127
20261004-235715,84.5,1,2046,Player-D751,221,3,8,10,Player-D751,1,9,Player-FBAD@92 Syriie@191 Player-D751@221
20261004-235715,84.5,2,2726,Player-271D,353,8,2,9,Player-D751,0,9,Player-FBAD@101 Syriie@191 Oliv@206
20261004-235715,84.5,3,3406,Player-F22C,335,5,4,8,Player-D751,0,9,Player-FBAD@165 Syriie@191 Oliv@194
20261005-000228,37.6,1,2038,Player-DDA6,208,4,7,10,Player-DDA6,1,2,Syriie@63 Player-FBAD@136 Oliv@172
20261005-000228,37.6,2,2712,Player-2E5B,182,3,7,9,Player-DDA6,0,8,Syriie@64 Player-FBAD@128 Oliv@182
20261005-000228,37.6,3,3392,Player-F22C,352,6,3,8,Player-DDA6,0,7,Syriie@65 Player-FBAD@114 Illusionary@180
20261005-000228,84.8,1,2034,Player-2E5B,244,1,10,10,Player-2E5B,1,9,Oliv@244 Syriie@252 Ithil@326
20261005-000228,84.8,2,2712,Player-8F17,334,4,6,9,Player-2E5B,0,9,Syriie@149 Player-FBAD@290 Ithil@326
20261005-000228,84.8,3,3392,Player-A8CF,93,1,8,8,Player-2E5B,0,5,Syriie@93 Player-FBAD@199 Ithil@326
20261005-000602,36.8,1,2038,Player-DDA6,148,2,9,10,Player-DDA6,1,2,Syriie@91 Forsaken@148 Illusionary@202
20261005-000602,36.8,2,2718,Player-8F17,413,8,2,9,Player-DDA6,0,7,Syriie@98 Illusionary@184 Oliv@215
20261005-000602,36.8,3,3400,Player-E1F6,415,8,1,8,Player-DDA6,0,5,Syriie@115 Illusionary@187 Oliv@209
20261005-000602,84.3,1,2048,Player-D751,367,8,3,10,Player-D751,1,6,Player-FBAD@145 Syriie@178 Oliv@211
20261005-000602,84.3,2,2724,Player-8F17,363,7,3,9,Player-D751,0,6,Player-FBAD@66 Syriie@190 Oliv@200
20261005-000602,84.3,3,3402,Player-A8CF,168,2,7,8,Player-D751,0,4,Player-FBAD@74 Syriie@168 Oliv@189
20261005-001631,37.5,1,2038,Player-DDA6,130,2,9,10,Player-DDA6,1,2,Player-FBAD@99 Forsaken@130 Syriie@156
20261005-001631,37.5,2,2718,Player-8F17,453,9,1,9,Player-DDA6,0,6,Player-FBAD@83 Syriie@154 Oliv@160
20261005-001631,37.5,3,3400,Player-2E5B,162,3,6,8,Player-DDA6,0,7,Player-FBAD@151 Syriie@152 Oliv@162
20261005-001631,85.0,1,2034,Player-D751,237,4,7,10,Player-D751,1,9,Player-FBAD@146 Oliv@194 Syriie@202
20261005-001631,85.0,2,2716,Player-8F17,357,5,5,9,Player-D751,0,9,Player-FBAD@168 Oliv@194 Syriie@202
20261005-001631,85.0,3,3392,Player-FBAD,219,3,6,8,Player-D751,0,9,Syriie@195 Oliv@198 Player-FBAD@219
20261005-001852,36.8,1,2034,Player-DDA6,162,3,8,10,Player-DDA6,1,4,Syriie@105 Oliv@151 Forsaken@162
20261005-001852,36.8,2,2716,Player-A8CF,132,1,9,9,Player-DDA6,0,9,Syriie@132 Oliv@157 Player-FBAD@214
20261005-001852,36.8,3,3400,Player-271D,304,7,2,8,Player-DDA6,0,7,Oliv@156 Player-FBAD@214 Account-5C2B@241
20261005-001852,83.9,1,2030,Player-F22C,326,5,6,10,Player-F22C,1,8,Player-FBAD@64 Syriie@90 Account-5C2B@289
20261005-001852,83.9,2,2708,Player-2E5B,247,3,7,9,Player-F22C,0,8,Player-FBAD@72 Syriie@120 Oliv@247
20261005-001852,83.9,3,3386,Player-8F17,289,4,5,8,Player-F22C,0,7,Player-FBAD@120 Syriie@121 Player-D751@213
20261005-002209,37.0,1,2040,Player-DDA6,171,2,9,10,Player-DDA6,1,4,Syriie@155 Forsaken@171 Player-FBAD@200
20261005-002209,37.0,2,2714,Player-2E5B,219,3,7,9,Player-DDA6,0,8,Syriie@166 Player-FBAD@185 Oliv@219
20261005-002209,37.0,3,3402,Player-A8CF,167,1,8,8,Player-DDA6,0,8,Syriie@167 Player-FBAD@186 Player-D751@223
20261005-002209,84.2,1,2044,Player-D751,329,3,8,10,Player-D751,1,7,Syriie@64 Oliv@220 Player-D751@329
20261005-002209,84.2,2,2726,Player-8F17,391,7,3,9,Player-D751,0,7,Syriie@160 Oliv@220 Player-FBAD@244
20261005-002209,84.2,3,3396,Player-DDA6,504,7,2,8,Player-D751,0,6,Syriie@160 Player-FBAD@203 Oliv@222
20261005-142951,37.6,1,2038,Player-9A49,269,5,6,10,Player-9A49,1,3,Gs@104 Player-2F7A@131 Illusionary@231
20261005-142951,37.6,2,2720,Player-CC68,360,9,1,9,Player-9A49,0,8,Gs@145 Player-2F7A@176 Player-DE24@256
20261005-142951,37.6,3,3394,Player-3803,305,7,2,8,Player-9A49,0,8,Gs@160 Player-2F7A@247 Player-DE24@256
20261005-143201,37.2,1,2036,Player-9A49,53,1,10,10,Player-9A49,1,4,Player-E1F6@53 Gs@85 Oh@194
20261005-143201,37.2,2,2716,Player-DDA6,217,3,7,9,Player-9A49,0,8,Gs@98 Oh@133 Forsaken@217
20261005-143201,37.2,3,3400,Player-2F7A,219,3,6,8,Player-9A49,0,8,Gs@122 Oh@130 Player-2F7A@219
20261005-143201,84.3,1,2034,Player-DE24,398,7,4,10,Player-DE24,1,9,Gs@218 Illusionary@237 Player-2F7A@310
20261005-143201,84.3,2,2720,Player-CC68,392,7,3,9,Player-DE24,0,9,Gs@218 Illusionary@247 Player-2F7A@285
20261005-143201,84.3,3,3392,Player-0FB2,218,1,8,8,Player-DE24,0,8,Gs@218 Illusionary@288 Invoker@291
20261005-143933,37.5,1,2036,Player-DDA6,184,1,10,10,Player-DDA6,1,8,Forsaken@184 Gs@207 Player-A0E8@227
20261005-143933,37.5,2,2716,Player-A0E8,227,2,8,9,Player-DDA6,0,8,Gs@212 Player-A0E8@227 Oh@236
20261005-143933,37.5,3,3392,Player-2F7A,271,7,2,8,Player-DDA6,0,9,Gs@214 Invoker@236 Player-DE24@236
20261005-143933,84.8,1,2046,Player-CC68,364,3,8,10,Player-CC68,1,9,Gs@229 Player-A0E8@363 Oh@364
20261005-143933,84.8,2,2718,Player-9A49,386,4,6,9,Player-CC68,0,9,Gs@226 Player-A0E8@370 God@380
20261005-143933,84.8,3,3404,Player-A0E8,372,2,7,8,Player-CC68,0,9,Gs@224 Player-A0E8@372 God@377
20261005-144405,37.3,1,2032,Player-DDA6,115,1,10,10,Player-DDA6,1,3,Forsaken@115 Gs@140 Player-2F7A@214
20261005-144405,37.3,2,2720,Player-2F7A,214,3,7,9,Player-DDA6,0,8,Gs@83 Oh@196 Player-2F7A@214
20261005-144405,37.3,3,3400,Player-CC68,196,2,7,8,Player-DDA6,0,7,Gs@74 Oh@196 Illusionary@226
20261005-144405,84.6,1,2038,Player-CC68,336,6,5,10,Player-CC68,1,9,Gs@228 Player-DE24@305 Grim@311
20261005-144405,84.6,2,2710,Player-DE24,298,2,8,9,Player-CC68,0,9,Gs@231 Player-DE24@298 Illusionary@309
20261005-144405,84.6,3,3398,Player-89AD,376,6,3,8,Player-CC68,0,9,Gs@229 Illusionary@309 Player-A0E8@335
20261005-144817,37.4,1,2040,Player-DDA6,154,1,10,10,Player-DDA6,1,3,Forsaken@154 Gs@192 Player-2F7A@252
20261005-144817,37.4,2,2724,Player-89AD,271,3,7,9,Player-DDA6,0,8,Illusionary@250 Gs@253 Grim@271
20261005-144817,37.4,3,3400,Player-0FB2,262,3,6,8,Player-DDA6,0,8,Oh@236 Illusionary@247 Gs@262
20261005-144817,84.6,1,2040,Player-DDA6,473,10,1,10,Player-DDA6,1,8,Gs@198 Player-DE24@294 Player-2F7A@366
20261005-144817,84.6,2,2716,Player-9A49,449,9,1,9,Player-DDA6,0,8,Gs@174 Player-DE24@297 Grim@332
20261005-144817,84.6,3,3398,Player-BCA0,421,7,2,8,Player-DDA6,0,8,Gs@154 Player-DE24@300 Grim@334
20261005-145748,37.4,1,2040,Player-DDA6,76,1,10,10,Player-DDA6,1,2,Forsaken@76 Oh@216 Gs@233
20261005-145748,37.4,2,2718,Player-2F7A,433,8,2,9,Player-DDA6,0,7,Oh@216 Player-A0E8@244 Gs@246
20261005-145748,37.4,3,3406,Player-A0E8,228,2,7,8,Player-DDA6,0,8,Oh@214 Player-A0E8@228 Gs@246
20261005-145748,85.0,1,2050,Player-CC68,439,8,3,10,Player-CC68,1,8,Gs@222 Player-DE24@316 Player-A0E8@371
20261005-145748,85.0,2,2720,Player-2F7A,452,8,2,9,Player-CC68,0,9,Gs@277 Player-DE24@315 Player-A0E8@371
20261005-145748,85.0,3,3402,Player-89AD,433,6,3,8,Player-CC68,0,9,Gs@300 Player-DE24@313 Player-A0E8@374
20261005-201619,37.1,1,2042,Player-DDA6,166,3,8,10,Player-DDA6,1,4,The@117 Player-FBAD@131 Forsaken@166
20261005-201619,37.1,2,2724,Player-1B8E,60,1,9,9,Player-DDA6,0,9,The@60 Player-FBAD@123 Player-74C1@172
20261005-201619,37.1,3,3398,Player-FBAD,118,1,8,8,Player-DDA6,0,7,Player-FBAD@118 Player-74C1@172 Chosey@176
20261005-201619,84.6,1,2040,Player-8F17,312,6,5,10,Player-8F17,1,9,Player-FBAD@61 Player-74C1@82 The@115
20261005-201619,84.6,2,2726,Player-BCA0,330,7,3,9,Player-8F17,0,9,Player-FBAD@79 Player-74C1@88 The@118
20261005-201619,84.6,3,3406,Player-1BA4,211,5,4,8,Player-8F17,0,9,Player-74C1@105 The@116 Player-FBAD@137
20261005-202019,37.4,1,2042,Player-DDA6,130,4,7,10,Player-DDA6,1,4,Player-74C1@100 Player-FBAD@101 The@108
20261005-202019,37.4,2,2718,Player-8F17,290,9,1,9,Player-DDA6,0,8,Player-74C1@86 Player-FBAD@117 The@136
20261005-202019,37.4,3,3406,Player-1BA4,246,5,4,8,Player-DDA6,0,7,Player-74C1@84 Player-FBAD@129 The@152
20261005-202019,85.0,1,2046,Player-8F17,403,7,4,10,Player-8F17,1,8,Player-74C1@116 Chosey@185 The@194
20261005-202019,85.0,2,2724,Player-202A,494,8,2,9,Player-8F17,0,5,Player-74C1@116 The@169 Chosey@171
20261005-202019,85.0,3,3404,Player-74C1,116,1,8,8,Player-8F17,0,4,Player-74C1@116 The@138 Chosey@154
20261005-202432,37.5,1,2036,Player-8F17,204,4,6,9,,0,7,The@96 Chosey@189 Player-FBAD@202
20261005-202432,37.5,2,2714,Player-BCA0,237,4,5,8,,0,6,The@120 Chosey@155 Player-FBAD@204
20261005-202432,37.5,3,3398,Player-1BA4,258,6,2,7,,0,6,The@174 Chosey@175 Player-FBAD@206
20261005-202432,84.8,1,2036,Player-202A,388,6,4,9,Player-202A,1,7,Player-FBAD@75 Player-74C1@152 The@183
20261005-202432,84.8,2,2718,Player-74C1,152,2,7,8,Player-202A,0,3,The@130 Player-74C1@152 Player-1BA4@372
20261005-202432,84.8,3,3392,Player-1BA4,372,3,5,7,Player-202A,0,6,The@70 Player-FBAD@293 Player-1BA4@372
20261005-202737,37.4,1,2036,Player-DDA6,120,2,9,10,Player-DDA6,1,3,Player-FBAD@107 Forsaken@120 Player-74C1@150
20261005-202737,37.4,2,2716,Player-74C1,150,2,8,9,Player-DDA6,0,8,Player-FBAD@109 Player-74C1@150 The@167
20261005-202737,37.4,3,3394,Player-202A,334,8,1,8,Player-DDA6,0,7,The@56 Player-FBAD@126 Player-1BA4@246
20261005-202737,84.4,1,2038,Player-FBAD,197,3,8,10,Player-FBAD,1,4,The@111 Player-74C1@147 Player-FBAD@197
20261005-202737,84.4,2,2716,Player-BCA0,420,6,4,9,Player-FBAD,0,7,The@104 Player-74C1@141 Arbiter@325
20261005-202737,84.4,3,3392,Player-1FB1,302,3,6,8,Player-FBAD,0,9,The@91 Player-74C1@175 Player-1FB1@302
20261005-202943,37.4,1,2032,Player-DDA6,220,5,6,10,Player-DDA6,1,6,Player-FBAD@61 The@73 Chosey@144
20261005-202943,37.4,2,2712,Player-1FB1,347,8,2,9,Player-DDA6,0,5,Player-FBAD@71 The@93 Chosey@162
20261005-202943,37.4,3,3398,Player-BCA0,265,5,4,8,Player-DDA6,0,8,The@102 Player-FBAD@114 Player-74C1@163
20261005-202943,84.3,1,2040,Player-1FB1,382,8,3,10,Player-1FB1,1,6,Player-FBAD@63 The@68 Player-74C1@95
20261005-202943,84.3,2,2712,Player-8F17,427,9,1,9,Player-1FB1,0,5,The@37 Player-FBAD@58 Chosey@66
20261005-202943,84.3,3,3392,Player-FBAD,417,8,1,8,Player-1FB1,0,0,The@51 Chosey@75 Player-74C1@94
20261005-203610,37.6,1,2038,Player-DDA6,191,5,6,10,Player-DDA6,1,4,Player-FBAD@52 Player-74C1@142 The@151
20261005-203610,37.6,2,2712,Player-F494,240,8,2,9,Player-DDA6,0,7,Player-FBAD@63 Player-1BA4@81 The@102
20261005-203610,37.6,3,3394,Player-8F17,226,7,2,8,Player-DDA6,0,6,The@70 Player-FBAD@98 Player-1BA4@137
20261005-203610,85.2,1,2038,Player-202A,451,9,2,10,Player-202A,1,7,The@123 Player-74C1@130 Player-FBAD@187
20261005-203610,85.2,2,2724,Player-1B8E,123,1,9,9,Player-202A,0,7,The@123 Player-74C1@131 Player-FBAD@197
20261005-203610,85.2,3,3404,Player-8F17,354,5,4,8,Player-202A,0,9,Player-74C1@142 Player-FBAD@262 Chosey@264
20261005-204310,37.2,1,2038,Player-DDA6,142,4,7,10,Player-DDA6,1,4,Player-FBAD@71 The@100 Player-74C1@119
20261005-204310,37.2,2,2712,Player-1B8E,124,2,8,9,Player-DDA6,0,8,Player-FBAD@59 The@124 Player-74C1@141
20261005-204310,37.2,3,3396,Player-202A,280,7,2,8,Player-DDA6,0,7,Player-FBAD@63 Player-74C1@147 Illusionary@172
20261005-204310,84.5,1,2034,Player-8F17,362,6,5,10,Player-8F17,1,9,The@97 Player-74C1@113 Player-FBAD@119
20261005-204310,84.5,2,2716,Player-BCA0,360,6,4,9,Player-8F17,0,8,The@67 Player-FBAD@114 Player-74C1@128
20261005-204310,84.5,3,3393,Player-202A,441,6,3,8,Player-8F17,0,6,The@71 Chosey@139 Player-74C1@177
20261005-205200,36.8,1,2038,Player-DDA6,192,3,8,10,Player-DDA6,1,8,The@70 Player-74C1@124 Forsaken@192
20261005-205200,36.8,2,2718,Player-BCA0,342,8,2,9,Player-DDA6,0,8,The@100 Player-74C1@122 Player-FBAD@207
20261005-205200,36.8,3,3400,Player-1BA4,311,7,2,8,Player-DDA6,0,8,Player-74C1@136 The@148 Chosey@222
20261005-205200,83.8,1,2038,Player-BCA0,364,6,5,10,Player-BCA0,1,9,Player-FBAD@113 The@210 Chosey@236
20261005-205200,83.8,2,2720,Player-1BA4,346,6,4,9,Player-BCA0,0,9,Player-FBAD@121 Player-74C1@160 The@191
20261005-205200,83.8,3,3402,Player-1B8E,148,2,7,8,Player-BCA0,0,6,Player-74C1@139 The@148 Chosey@202
20261005-205711,37.3,1,2048,Player-DDA6,130,3,8,10,Player-DDA6,1,4,The@59 Player-FBAD@107 Forsaken@130
20261005-205711,37.3,2,2726,Player-1BA4,258,7,3,9,Player-DDA6,0,8,The@54 Player-FBAD@107 Player-74C1@154
20261005-205711,37.3,3,3408,Player-BCA0,254,3,6,8,Player-DDA6,0,7,The@89 Player-74C1@154 Illusionary@254
20261005-205711,84.5,1,2045,Player-8F17,407,8,3,10,Player-8F17,1,7,Player-74C1@48 Player-FBAD@96 The@178
20261005-205711,84.5,2,2726,Player-BCA0,331,5,5,9,Player-8F17,0,9,Player-74C1@48 Player-FBAD@107 The@128
20261005-205711,84.5,3,3406,Player-1BA4,321,4,5,8,Player-8F17,0,9,Player-74C1@102 The@123 Player-FBAD@305
20261005-205853,37.0,1,2036,Player-DDA6,272,6,3,8,Player-DDA6,1,1,Player-FBAD@94 Player-74C1@125 Arbiter@151
20261005-205853,37.0,2,2712,Player-202A,151,3,5,7,Player-DDA6,0,6,Player-FBAD@105 Player-74C1@126 Arbiter@151
20261005-205853,37.0,3,3396,Player-FBAD,115,2,6,7,Player-DDA6,0,4,Illusionary@90 Player-FBAD@115 The@126
20261005-210049,37.3,1,2040,Player-DDA6,350,10,1,10,Player-DDA6,1,4,Player-FBAD@23 Arbiter@122 Chosey@154
20261005-210049,37.3,2,2716,Player-1BA4,228,8,2,9,Player-DDA6,0,6,Player-FBAD@10 Account-5C2B@58 The@60
20261005-210049,37.3,3,3392,Player-FBAD,1,1,8,8,Player-DDA6,0,7,Player-FBAD@1 Account-5C2B@70 Chosey@92
20261005-210049,84.6,1,2042,Player-74C1,113,3,8,10,Player-74C1,1,6,The@64 Player-FBAD@76 Player-74C1@113
20261005-210049,84.6,2,2718,Player-F494,164,3,7,9,Player-74C1,0,8,The@66 Player-FBAD@80 Chosey@164
20261005-210049,84.6,3,3396,Player-BCA0,69,2,7,8,Player-74C1,0,5,The@67 Illusionary@69 Player-FBAD@144
20261005-210554,37.2,1,2044,Player-DDA6,263,8,3,10,Player-DDA6,1,1,The@66 Player-FBAD@107 Player-1FB1@167
20261005-210554,37.2,2,2716,Player-1BA4,268,7,3,9,Player-DDA6,0,8,The@90 Player-FBAD@117 Player-74C1@191
20261005-210554,37.2,3,3400,Player-1FB1,305,6,3,8,Player-DDA6,0,6,The@109 Player-74C1@191 Illusionary@223
20261005-210554,84.2,1,2040,Player-202A,359,5,6,10,Player-202A,1,8,Player-FBAD@60 Player-74C1@94 The@111
20261005-210554,84.2,2,2716,Player-BCA0,371,6,4,9,Player-202A,0,8,Player-FBAD@64 Player-74C1@107 The@118
20261005-210554,84.2,3,3396,Player-1B8E,122,3,6,8,Player-202A,0,6,Player-74C1@116 Player-FBAD@122 The@122
20261005-211310,37.5,1,2040,Player-DDA6,278,7,4,10,Player-DDA6,1,0,Player-FBAD@77 Illusionary@167 The@171
20261005-211310,37.5,2,2726,Player-74C1,176,3,7,9,Player-DDA6,0,8,Player-FBAD@68 Illusionary@154 Player-74C1@176
20261005-211310,37.5,3,3402,Player-FBAD,59,1,8,8,Player-DDA6,0,8,Player-FBAD@59 Illusionary@73 The@184
20261005-211310,84.4,1,2046,Player-8F17,331,5,6,10,Player-8F17,1,7,Chosey@88 The@105 Player-FBAD@170
20261005-211310,84.4,2,2728,Player-1B8E,105,2,8,9,Player-8F17,0,5,Chosey@83 The@105 Player-74C1@146
20261005-211310,84.4,3,3404,Player-FBAD,156,3,6,8,Player-8F17,0,6,Chosey@135 Player-74C1@154 Player-FBAD@156
20261005-211620,37.2,1,2046,Player-DDA6,198,4,7,10,Player-DDA6,1,3,The@108 Player-FBAD@113 Illusionary@197
20261005-211620,37.2,2,2720,Player-BCA0,197,2,8,9,Player-DDA6,0,7,The@111 Illusionary@197 Player-74C1@225
20261005-211620,37.2,3,3404,Player-1FB1,332,7,2,8,Player-DDA6,0,7,The@116 Player-FBAD@123 Chosey@220
20261005-211620,84.4,1,2044,Player-1FB1,427,9,2,10,Player-1FB1,1,7,Player-74C1@102 Player-FBAD@130 The@187
20261005-211620,84.4,2,2716,Player-FBAD,155,2,8,9,Player-1FB1,0,6,Player-74C1@102 Player-FBAD@155 The@192
20261005-211620,84.4,3,3398,Player-8F17,375,5,4,8,Player-1FB1,0,9,Player-74C1@112 The@197 Player-1BA4@352
20261005-212312,37.2,1,2046,Player-DDA6,165,1,10,10,Player-DDA6,1,0,Forsaken@165 Player-FBAD@212 Illusionary@221
20261005-212312,37.2,2,2722,Player-1FB1,382,9,1,9,Player-DDA6,0,6,Player-FBAD@168 The@192 Illusionary@212
20261005-212312,37.2,3,3402,Player-BCA0,166,2,7,8,Player-DDA6,0,5,The@152 Illusionary@166 Chosey@229
20261005-212312,84.4,1,2034,Player-1B8E,287,4,7,10,Player-1B8E,1,0,Player-74C1@79 Chosey@189 Player-FBAD@204
20261005-212312,84.4,2,2718,Player-8F17,325,5,5,9,Player-1B8E,0,8,Player-74C1@82 Chosey@194 Player-FBAD@202
20261005-212312,84.4,3,3394,Player-1BA4,361,6,3,8,Player-1B8E,0,7,Player-74C1@84 Chosey@198 Player-FBAD@235
20261005-212903,36.9,1,2044,Player-DDA6,165,3,8,10,Player-DDA6,1,3,The@68 Player-FBAD@157 Forsaken@165
20261005-212903,36.9,2,2724,Player-F494,316,5,5,9,Player-DDA6,0,8,The@102 Player-FBAD@158 Player-74C1@181
20261005-212903,36.9,3,3400,Player-1FB1,358,5,4,8,Player-DDA6,0,7,The@118 Player-FBAD@166 Player-74C1@186
20261005-212903,83.8,1,2038,Player-202A,402,4,7,10,Player-202A,1,6,Player-74C1@63 The@68 Player-FBAD@154
20261005-212903,83.8,2,2712,Player-DDA6,555,8,2,9,Player-202A,0,6,The@8 Player-74C1@63 Player-FBAD@134
20261005-212903,83.8,3,3392,Player-FBAD,140,3,6,8,Player-202A,0,6,Player-74C1@33 The@67 Player-FBAD@140
20261005-214110,36.9,1,2040,Player-DDA6,155,3,8,10,Player-DDA6,1,3,The@105 Plushie@130 Forsaken@155
20261005-214110,36.9,2,2720,Player-1FB1,397,9,1,9,Player-DDA6,0,5,Player-FBAD@60 The@76 Plushie@132
20261005-214110,36.9,3,3404,Player-202A,203,5,4,8,Player-DDA6,0,8,The@51 Player-FBAD@121 Plushie@132
20261005-214110,84.4,1,2038,Player-202A,416,8,3,10,Player-202A,1,6,Plushie@79 Player-FBAD@103 Chosey@116
20261005-214110,84.4,2,2722,Player-BCA0,318,6,4,9,Player-202A,0,9,The@66 Plushie@75 Player-FBAD@119
20261005-214110,84.4,3,3398,Player-FBAD,163,3,6,8,Player-202A,0,7,The@31 Plushie@66 Player-FBAD@163
20261005-214922,37.0,1,2042,Player-DDA6,180,4,7,10,Player-DDA6,1,2,Plushie@59 Player-FBAD@93 The@149
20261005-214922,37.0,2,2720,Player-202A,282,6,4,9,Player-DDA6,0,8,Plushie@59 Player-FBAD@130 Illusionary@182
20261005-214922,37.0,3,3404,Player-1B8E,193,3,6,8,Player-DDA6,0,8,Plushie@59 Illusionary@176 The@193
20261005-214922,84.4,1,2028,Player-202A,394,8,3,10,Player-202A,1,9,Plushie@97 Player-FBAD@137 The@160
20261005-214922,84.4,2,2708,Player-F494,251,4,6,9,Player-202A,0,9,The@81 Plushie@97 Player-FBAD@214
20261005-214922,84.4,3,3390,Player-1B8E,81,1,8,8,Player-202A,0,6,The@81 Plushie@98 Player-FBAD@275
20261005-215331,37.4,1,2030,Player-DDA6,224,7,4,10,Player-DDA6,1,9,The@122 Player-FBAD@144 Plushie@146
20261005-215331,37.4,2,2712,Player-202A,287,8,2,9,Player-DDA6,0,9,The@133 Player-FBAD@144 Plushie@148
20261005-215331,37.4,3,3394,Player-FBAD,144,1,8,8,Player-DDA6,0,9,Player-FBAD@144 Plushie@157 The@162
20261005-215331,84.7,1,2038,Player-202A,405,8,3,10,Player-202A,1,6,Plushie@69 The@86 Player-FBAD@175
20261005-215331,84.7,2,2722,Player-1BA4,339,6,4,9,Player-202A,0,6,Plushie@84 The@91 Player-FBAD@191
20261005-215331,84.7,3,3402,Player-1FB1,412,6,3,8,Player-202A,0,8,The@96 Player-FBAD@231 Chosey@305
20261005-220403,37.5,1,2042,Player-DDA6,182,2,9,10,Player-DDA6,1,2,Player-FBAD@125 Forsaken@182 Plushie@188
20261005-220403,37.5,2,2728,Player-1FB1,312,7,3,9,Player-DDA6,0,7,Player-FBAD@127 Plushie@194 Chosey@224
20261005-220403,37.5,3,3406,Player-BCA0,251,4,5,8,Player-DDA6,0,8,Player-FBAD@125 Plushie@194 Chosey@226
20261005-220403,85.2,1,2038,Player-202A,474,9,2,10,Player-202A,1,6,Plushie@70 The@119 Player-FBAD@180
20261005-220403,85.2,2,2722,Player-1BA4,393,7,3,9,Player-202A,0,8,Plushie@70 The@119 Player-FBAD@186
20261005-220403,85.2,3,3400,Player-80A0,70,1,8,8,Player-202A,0,3,Plushie@70 The@119 Chosey@125
20261005-234637,37.2,1,2040,Player-DDA6,264,9,2,10,Player-DDA6,1,5,Player-FBAD@47 Player-6FCB@136 Chosey@141
20261005-234637,37.2,2,2718,Player-FBAD,47,1,9,9,Player-DDA6,0,8,Player-FBAD@47 Account-D313@86 Player-6FCB@107
20261005-234637,37.2,3,3396,Player-8AE5,141,4,5,8,Player-DDA6,0,7,Chop@109 Chosey@113 Player-6FCB@126
20261005-235038,37.4,1,2040,Player-DDA6,265,6,5,10,Player-DDA6,1,7,Player-FBAD@107 Account-5C2B@206 Player-D751@216
20261005-235038,37.4,2,2720,Player-FBAD,107,1,9,9,Player-DDA6,0,8,Player-FBAD@107 Player-6FCB@197 Account-5C2B@211
20261005-235038,37.4,3,3396,Player-8AE5,320,8,1,8,Player-DDA6,0,9,Chosey@152 Account-5C2B@215 Player-D751@218
20261005-235038,84.6,1,2032,Player-98E0,434,7,4,10,Player-98E0,1,9,Player-FBAD@208 Chop@212 Player-E1F6@286
20261005-235038,84.6,2,2720,Player-DDFD,168,1,9,9,Player-98E0,0,5,Chop@168 Player-FBAD@243 Chosey@252
20261005-235038,84.6,3,3398,Player-8F17,503,8,1,8,Player-98E0,0,9,Chosey@219 Player-FBAD@322 Ankou@352
20261005-235537,37.2,1,2038,Player-DDA6,237,10,1,10,Player-DDA6,1,9,Chosey@131 Account-5C2B@174 Ankou@193
20261005-235537,37.2,2,2722,Player-98E0,227,8,2,9,Player-DDA6,0,9,Chosey@107 Account-5C2B@175 Ankou@192
20261005-235537,37.2,3,3402,Player-DDFD,226,6,3,8,Player-DDA6,0,9,Chosey@126 Account-5C2B@176 Ankou@191
20261005-235537,84.2,1,2032,Player-FBAD,200,2,9,10,Player-FBAD,1,6,Chop@187 Player-FBAD@200 Chosey@241
20261005-235537,84.2,2,2712,Player-6FCB,393,6,4,9,Player-FBAD,0,9,Chop@155 Chosey@199 Account-D313@302
20261005-235537,84.2,3,3396,Player-F494,210,2,7,8,Player-FBAD,0,8,Chop@130 Chosey@210 Ankou@268
20261005-235959,37.5,1,2038,Player-DDA6,200,2,9,10,Player-DDA6,1,9,Chosey@174 Forsaken@200 Player-D751@226
20261005-235959,37.5,2,2720,Player-98E0,233,3,7,9,Player-DDA6,0,9,Chosey@178 Player-D751@227 Account-D313@233
20261005-235959,37.5,3,3398,Player-FBAD,268,5,4,8,Player-DDA6,0,9,Chosey@183 Player-D751@227 Chop@235
20261005-235959,85.0,1,2038,Player-98E0,353,6,5,10,Player-98E0,1,7,Player-FBAD@93 Chosey@118 Player-6FCB@312
20261005-235959,85.0,2,2718,Player-DDA6,381,6,4,9,Player-98E0,0,7,Player-FBAD@102 Chosey@136 Player-6FCB@314
20261005-235959,85.0,3,3398,Player-F494,136,1,8,8,Player-98E0,0,6,Chosey@136 Player-FBAD@223 Player-6FCB@308
20261006-000425,36.9,1,2044,Player-DDA6,120,2,9,10,Player-DDA6,1,1,Player-6FCB@64 Forsaken@120 Chosey@199
20261006-000425,36.9,2,2718,Player-DDFD,298,5,5,9,Player-DDA6,0,8,Player-6FCB@22 Chosey@163 Player-FBAD@175
20261006-000425,36.9,3,3400,Player-D751,407,5,4,8,Player-DDA6,0,7,Player-6FCB@81 Player-FBAD@107 Chosey@154
20261006-000425,83.9,1,2032,Player-E1F6,427,10,1,10,Player-E1F6,1,9,Player-FBAD@142 Chop@150 Chosey@227
20261006-000425,83.9,2,2712,Player-DDFD,136,1,9,9,Player-E1F6,0,8,Chop@136 Player-FBAD@151 Player-6FCB@268
20261006-000425,83.9,3,3388,Player-8F17,351,5,4,8,Player-E1F6,0,8,Ankou@305 Chosey@326 Player-FBAD@337
20261006-001214,37.5,1,2036,Player-DDA6,128,3,8,10,Player-DDA6,1,6,Player-FBAD@59 Player-6FCB@77 Forsaken@128
20261006-001214,37.5,2,2714,Player-8AE5,278,9,1,9,Player-DDA6,0,7,Player-FBAD@58 Player-6FCB@74 Chop@121
20261006-001214,37.5,3,3394,Player-F494,112,4,5,8,Player-DDA6,0,6,Player-FBAD@52 Player-6FCB@76 Chop@107
20261006-001214,85.0,1,2036,Player-DDFD,211,2,9,10,Player-DDFD,1,9,Player-FBAD@204 Chop@211 Chosey@268
20261006-001214,85.0,2,2718,Player-6FCB,385,5,5,9,Player-DDFD,0,9,Player-FBAD@246 Chosey@292 Player-D751@354
20261006-001214,85.0,3,3400,Player-D751,396,4,5,8,Player-DDFD,0,9,Chosey@277 Player-FBAD@287 Account-D313@382
20261006-001643,37.6,1,2038,Player-DDA6,292,9,2,10,Player-DDA6,1,9,Player-FBAD@139 Chop@177 Player-6FCB@186
20261006-001643,37.6,2,2724,Player-D751,212,5,5,9,Player-DDA6,0,9,Player-FBAD@142 Chosey@147 Chop@175
20261006-001643,37.6,3,3404,Player-8F17,275,7,2,8,Player-DDA6,0,9,Chosey@158 Player-FBAD@171 Player-6FCB@199
20261006-001643,84.8,1,2038,Player-98E0,386,9,2,10,Player-98E0,1,9,Chop@129 Player-6FCB@180 Player-FBAD@219
20261006-001643,84.8,2,2718,Player-DDFD,129,1,9,9,Player-98E0,0,7,Chop@129 Player-FBAD@160 Player-6FCB@189
20261006-001643,84.8,3,3404,Player-FBAD,746,8,1,8,Player-98E0,0,2,Chosey@173 Player-6FCB@198 Player-E1F6@251
20261006-002451,37.3,1,2044,Player-DDA6,123,2,9,10,Player-DDA6,1,6,Player-FBAD@121 Forsaken@123 Player-6FCB@162
20261006-002451,37.3,2,2722,Player-D751,265,8,2,9,Player-DDA6,0,7,Player-FBAD@121 Player-6FCB@170 Chosey@179
20261006-002451,37.3,3,3402,Player-8F17,258,7,2,8,Player-DDA6,0,8,Player-FBAD@120 Player-6FCB@145 Chosey@170
20261006-002451,84.8,1,2034,Player-E1F6,436,9,2,10,Player-E1F6,1,8,Player-FBAD@196 Chop@208 Player-6FCB@233
20261006-002451,84.8,2,2716,Player-8F17,395,8,2,9,Player-E1F6,0,9,Chosey@157 Chop@208 Player-FBAD@238
20261006-002451,84.8,3,3398,Player-8AE5,369,7,2,8,Player-E1F6,0,9,Chosey@151 Chop@208 Account-D313@313
20261006-002831,37.1,1,2038,Player-DDA6,207,7,4,10,Player-DDA6,1,4,Player-FBAD@63 Player-6FCB@95 Account-D313@134
20261006-002831,37.1,2,2720,Player-DDFD,174,3,7,9,Player-DDA6,0,8,Player-FBAD@70 Player-6FCB@87 Chop@174
20261006-002831,37.1,3,3396,Player-F494,125,2,7,8,Player-DDA6,0,6,Player-FBAD@106 Chosey@125 Player-6FCB@150
20261006-002831,84.2,1,2040,Player-DDFD,219,3,8,10,Player-DDFD,1,8,Player-FBAD@141 Chosey@210 Chop@219
20261006-002831,84.2,2,2720,Player-F494,269,2,8,9,Player-DDFD,0,9,Player-FBAD@148 Chosey@269 Account-D313@308
20261006-002831,84.2,3,3396,Player-D751,408,7,2,8,Player-DDFD,0,9,Player-FBAD@181 Account-D313@309 Ankou@343
20261006-003211,37.6,1,2044,Player-DDA6,202,1,10,10,Player-DDA6,1,9,Forsaken@202 Player-D751@209 Chop@225
20261006-003211,37.6,2,2722,Player-E1F6,291,8,2,9,Player-DDA6,0,9,Player-D751@209 Chop@234 Chosey@238
20261006-003211,37.6,3,3402,Player-98E0,310,7,2,8,Player-DDA6,0,9,Chosey@183 Player-D751@209 Chop@244
20261006-003211,84.9,1,2034,Player-D751,584,8,3,10,Player-D751,1,6,Chosey@148 Player-FBAD@243 Account-D313@309
20261006-003211,84.9,2,2714,Player-98E0,296,3,7,9,Player-D751,0,7,Chosey@206 Player-FBAD@241 Account-D313@296
20261006-003211,84.9,3,3394,Player-8AE5,352,3,6,8,Player-D751,0,7,Player-FBAD@247 Chosey@266 Ankou@352
20261006-003529,37.1,1,2040,Player-DDA6,287,8,3,10,Player-DDA6,1,4,Player-D751@119 Chosey@130 Account-D313@151
20261006-003529,37.1,2,2720,Player-8AE5,467,9,1,9,Player-DDA6,0,3,Player-D751@112 Player-6FCB@162 Chosey@167
20261006-003529,37.1,3,3396,Player-6FCB,177,4,5,8,Player-DDA6,0,4,Player-D751@144 Chosey@156 Player-FBAD@156
20261006-003529,84.6,1,2034,Player-E1F6,406,8,3,10,Player-E1F6,1,6,Chop@119 Player-FBAD@174 Chosey@233
20261006-003529,84.6,2,2712,Player-F494,246,4,6,9,Player-E1F6,0,6,Chop@119 Player-FBAD@153 Ankou@245
20261006-003529,84.6,3,3390,Player-FBAD,224,2,7,8,Player-E1F6,0,7,Chop@106 Player-FBAD@224 Ankou@243
20261006-003843,37.4,1,2042,Player-DDA6,264,8,3,10,Player-DDA6,1,9,Chop@190 Player-FBAD@213 Player-6FCB@227
20261006-003843,37.4,2,2718,Player-D751,223,2,8,9,Player-DDA6,0,9,Chop@204 Player-D751@223 Player-FBAD@224
20261006-003843,37.4,3,3398,Player-98E0,234,4,5,8,Player-DDA6,0,9,Chop@200 Chosey@226 Account-5C2B@229
20261006-003843,84.2,1,2050,Player-DDA6,412,6,5,10,Player-DDA6,1,8,Account-D313@253 Player-6FCB@300 Chop@325
20261006-003843,84.2,2,2722,Player-8F17,462,8,2,9,Player-DDA6,0,8,Chop@214 Account-D313@253 Player-FBAD@294
20261006-003843,84.2,3,3402,Player-E1F6,317,5,4,8,Player-DDA6,0,8,Chosey@205 Chop@214 Account-D313@253
20261006-004106,36.8,1,2044,Player-DDA6,169,4,7,10,Player-DDA6,1,9,Account-5C2B@36 Player-FBAD@121 Chop@143
20261006-004106,36.8,2,2724,Player-8F17,79,2,8,9,Player-DDA6,0,8,Chop@27 Account-5C2B@79 Player-FBAD@100
20261006-004106,36.8,3,3408,Player-DDFD,72,2,7,8,Player-DDA6,0,7,Player-FBAD@10 Chop@72 Ankou@209
20261006-004106,84.2,1,2044,Player-E1F6,427,6,5,10,Player-E1F6,1,8,Chop@140 Chosey@142 Player-6FCB@231
20261006-004106,84.2,2,2720,Player-6FCB,240,4,6,9,Player-E1F6,0,9,Chop@123 Chosey@173 Account-D313@239
20261006-004106,84.2,3,3400,Player-F494,179,3,6,8,Player-E1F6,0,6,Chop@119 Player-FBAD@172 Chosey@179
20261006-004600,37.5,1,2038,Player-010B,206,3,5,7,Player-010B,1,5,Chop@129 Player-6FCB@147 Casual@206
20261006-004600,37.5,2,2720,Player-98E0,225,5,2,6,Player-010B,0,6,Chop@134 Ankou@146 Player-6FCB@148
20261006-004600,37.5,3,3396,Player-DDFD,134,1,5,5,Player-010B,0,3,Chop@134 Ankou@147 Player-6FCB@149
20261006-004600,84.7,1,2030,Player-98E0,378,8,3,10,Player-98E0,1,8,Player-6FCB@137 Player-FBAD@140 Chop@160
20261006-004600,84.7,2,2714,Player-D751,421,8,2,9,Player-98E0,0,7,Player-6FCB@147 Chop@156 Player-FBAD@163
20261006-004600,84.7,3,3392,Player-F494,266,5,4,8,Player-98E0,0,7,Chop@153 Player-6FCB@206 Player-FBAD@223
20261006-004743,37.5,1,2040,Player-010B,217,5,6,10,Player-010B,1,9,Player-FBAD@154 Account-D313@173 Chosey@179
20261006-004743,37.5,2,2718,Player-98E0,173,2,8,9,Player-010B,0,9,Player-FBAD@153 Account-D313@173 Chosey@180
20261006-004743,37.5,3,3398,Player-8F17,254,5,4,8,Player-010B,0,9,Player-FBAD@170 Chosey@180 Chop@210
20261006-004743,84.4,1,2034,Player-8AE5,367,6,3,8,,0,5,Chop@173 Chosey@229 Casual@280
20261006-004743,84.4,2,2712,Player-DDFD,173,1,3,3,,0,0,Chop@173 Chosey@229 Casual@280
20261006-005515,37.3,1,2044,Player-010B,232,6,5,10,Player-010B,1,8,Player-FBAD@54 Chop@88 Player-6FCB@143
20261006-005515,37.3,2,2718,Player-98E0,159,4,6,9,Player-010B,0,9,Player-FBAD@60 Chop@98 Player-6FCB@143
20261006-005515,37.3,3,3398,Player-8AE5,298,8,1,8,Player-010B,0,8,Player-FBAD@90 Chop@113 Player-6FCB@144
20261006-005515,85.1,1,2034,Player-DDFD,178,2,9,10,Player-DDFD,1,9,Player-FBAD@96 Chop@178 Casual@232
20261006-005515,85.1,2,2720,Player-FBAD,96,1,9,9,Player-DDFD,0,6,Player-FBAD@96 Chosey@236 Casual@271
20261006-005515,85.1,3,3398,Player-98E0,359,5,4,8,Player-DDFD,0,9,Chosey@233 Casual@269 Ankou@298
20261006-010653,37.2,1,2038,Player-010B,121,4,7,10,Player-010B,1,5,Player-6FCB@68 Account-D313@74 Player-FBAD@106
20261006-010653,37.2,2,2722,Player-8F17,268,7,3,9,Player-010B,0,8,Player-6FCB@8 Account-D313@60 Player-FBAD@105
20261006-010653,37.2,3,3402,Player-E1F6,291,8,1,8,Player-010B,0,8,Player-6FCB@9 Account-D313@61 Player-FBAD@104
20261006-010653,84.4,1,2038,Player-010B,315,5,6,10,Player-010B,1,8,Chop@152 Player-6FCB@221 Chosey@229
20261006-010653,84.4,2,2720,Player-DDFD,152,1,9,9,Player-010B,0,7,Chop@152 Player-6FCB@213 Chosey@269
20261006-010653,84.4,3,3394,Player-8F17,359,5,4,8,Player-010B,0,9,Player-6FCB@227 Chosey@267 Account-D313@291
20261006-223141,37.6,1,2042,Player-BCA0,311,10,1,10,Player-BCA0,1,9,Player-A775@172 Player-704B@185 Ammut@202
20261006-223141,37.6,2,2720,Player-8FDE,203,3,7,9,Player-BCA0,0,9,Player-A775@173 Player-704B@182 Ammut@203
20261006-223141,37.6,3,3400,Player-89AD,273,7,2,8,Player-BCA0,0,9,Player-704B@180 Player-A775@190 Player-FBAD@214
20261006-223141,85.1,1,2036,Player-258F,404,10,1,10,Player-258F,1,8,Player-A775@187 Player-704B@219 Forsaken@257
20261006-223141,85.1,2,2720,Player-A775,177,1,9,9,Player-258F,0,8,Player-A775@177 Player-704B@199 Player-FBAD@253
20261006-223141,85.1,3,3400,Player-8AE5,332,6,3,8,Player-258F,0,9,Player-704B@105 Forsaken@259 Player-FBAD@270
20261006-223440,37.1,1,2044,Player-BCA0,268,5,6,10,Player-BCA0,1,9,Player-FBAD@170 Player-704B@206 Player-A775@216
20261006-223440,37.1,2,2728,Player-DDA6,322,7,3,9,Player-BCA0,0,9,Player-FBAD@173 Player-704B@202 Player-A775@226
20261006-223440,37.1,3,3398,Player-B055,247,5,4,8,Player-BCA0,0,9,Player-FBAD@176 Player-704B@197 Player-A775@235
20261006-223440,84.7,1,2048,Player-89AD,375,7,4,10,Player-89AD,1,9,Player-A775@160 Player-FBAD@210 Player-704B@219
20261006-223440,84.7,2,2724,Player-A775,143,1,9,9,Player-89AD,0,7,Player-A775@143 Player-704B@219 Player-FBAD@228
20261006-223440,84.7,3,3404,Player-8AE5,274,3,6,8,Player-89AD,0,9,Player-704B@220 Player-FBAD@246 Ankou@274
20261006-223918,37.7,1,2034,Player-BCA0,268,6,5,10,Player-BCA0,1,9,Player-FBAD@110 Player-704B@171 Grim@190
20261006-223918,37.7,2,2718,Player-DDA6,378,9,1,9,Player-BCA0,0,8,Player-FBAD@117 Player-704B@172 Grim@191
20261006-223918,37.7,3,3392,Player-FBAD,121,1,8,8,Player-BCA0,0,7,Player-FBAD@121 Player-704B@173 Grim@192
20261006-223918,85.1,1,2034,Player-704B,219,3,8,10,Player-704B,1,9,Player-FBAD@148 Player-A775@163 Player-704B@219
20261006-223918,85.1,2,2718,Player-258F,358,7,3,9,Player-704B,0,9,Player-FBAD@148 Player-A775@164 Grim@238
20261006-223918,85.1,3,3400,Player-89AD,238,3,6,8,Player-704B,0,9,Player-FBAD@148 Player-A775@173 Grim@238
20261006-224336,37.7,1,2046,Player-BCA0,250,6,5,10,Player-BCA0,1,2,Player-FBAD@124 Player-704B@137 Player-A775@144
20261006-224336,37.7,2,2718,Player-704B,137,1,9,9,Player-BCA0,0,9,Player-704B@137 Player-A775@145 Player-FBAD@166
20261006-224336,37.7,3,3406,Player-DDA6,251,5,4,8,Player-BCA0,0,7,Player-A775@147 Savior@181 Player-258F@221
20261006-224336,85.1,1,2038,Player-8FDE,288,5,6,10,Player-8FDE,1,9,Player-FBAD@203 Player-704B@218 Player-A775@266
20261006-224336,85.1,2,2720,Player-704B,218,2,8,9,Player-8FDE,0,9,Player-FBAD@203 Player-704B@218 Player-A775@239
20261006-224336,85.1,3,3400,Player-BCA0,391,7,2,8,Player-8FDE,0,9,Player-FBAD@203 Player-A775@205 Ankou@288
20261006-225342,37.1,1,2044,Player-BCA0,34,1,10,10,Player-BCA0,1,4,Illusionary@34 Player-FBAD@85 Ammut@95
20261006-225342,37.1,2,2720,Player-B055,282,6,4,9,Player-BCA0,0,7,Player-FBAD@81 Ammut@96 Grim@206
20261006-225342,37.1,3,3398,Player-A775,274,5,4,8,Player-BCA0,0,7,Player-FBAD@56 Ammut@114 Grim@206
20261006-225342,84.2,1,2040,Player-A775,242,3,8,10,Player-A775,1,9,Player-704B@109 Player-FBAD@149 Player-A775@242
20261006-225342,84.2,2,2724,Player-B055,289,3,7,9,Player-A775,0,9,Player-704B@104 Player-FBAD@159 Savior@289
20261006-225342,84.2,3,3404,Player-DDA6,350,4,5,8,Player-A775,0,9,Player-704B@104 Player-FBAD@216 Ankou@301
20261006-230725,37.3,1,2042,Player-BCA0,219,4,7,10,Player-BCA0,1,1,Player-FBAD@80 Player-A775@156 Player-704B@200
20261006-230725,37.3,2,2722,Player-89AD,276,9,1,9,Player-BCA0,0,8,Player-FBAD@76 Player-A775@152 Player-704B@204
20261006-230725,37.3,3,3400,Player-B055,232,5,4,8,Player-BCA0,0,8,Player-FBAD@72 Player-A775@147 Ammyt@150
20261006-230725,84.3,1,2048,Player-A775,135,2,9,10,Player-A775,1,8,Player-FBAD@113 Player-A775@135 Player-704B@161
20261006-230725,84.3,2,2718,Player-DE24,398,7,3,9,Player-A775,0,8,Player-FBAD@134 Player-704B@161 Forsaken@237
20261006-230725,84.3,3,3400,Player-FBAD,233,2,7,8,Player-A775,0,9,Player-704B@161 Player-FBAD@233 Forsaken@237
20261006-232143,37.6,1,2040,Player-BCA0,178,2,9,10,Player-BCA0,1,8,Player-704B@145 Illusionary@178 Player-A775@183
20261006-232143,37.6,2,2724,Player-A775,183,2,8,9,Player-BCA0,0,9,Player-704B@144 Player-A775@183 Player-FBAD@196
20261006-232143,37.6,3,3400,Player-DE24,323,8,1,8,Player-BCA0,0,9,Player-704B@143 Player-FBAD@220 Savior@235
20261006-232143,84.5,1,2040,Player-704B,219,2,9,10,Player-704B,1,8,Player-FBAD@176 Player-704B@219 Player-A775@303
20261006-232143,84.5,2,2724,Player-258F,389,9,1,9,Player-704B,0,9,Player-FBAD@184 Player-A775@296 Ananta@328
20261006-232143,84.5,3,3402,Player-ED3C,361,3,6,8,Player-704B,0,7,Player-FBAD@229 Player-A775@289 Ananta@361
20261006-233212,37.2,1,2038,Player-BCA0,174,6,5,10,Player-BCA0,1,9,Player-FBAD@49 Player-A775@82 Player-704B@112
20261006-233212,37.2,2,2714,Player-704B,112,4,6,9,Player-BCA0,0,9,Player-A775@44 Player-FBAD@44 Grim@84
20261006-233212,37.2,3,3402,Player-B055,262,8,1,8,Player-BCA0,0,6,Player-FBAD@53 Player-A775@119 Forsaken@128
20261006-233212,84.4,1,2042,Player-258F,316,5,6,10,Player-258F,1,9,Player-704B@121 Player-FBAD@207 Player-A775@292
20261006-233212,84.4,2,2720,Player-A775,292,3,7,9,Player-258F,0,9,Player-704B@122 Player-FBAD@265 Player-A775@292
20261006-233212,84.4,3,3404,Player-BCA0,358,4,5,8,Player-258F,0,9,Player-704B@154 Player-FBAD@293 Forsaken@309
20261006-233649,37.8,1,2032,Player-BCA0,314,8,3,10,Player-BCA0,1,8,Player-FBAD@172 Player-704B@173 Player-258F@227
20261006-233649,37.8,2,2716,Player-89AD,237,3,7,9,Player-BCA0,0,8,Player-704B@172 Player-FBAD@186 Grim@237
20261006-233649,37.8,3,3396,Player-A775,255,4,5,8,Player-BCA0,0,8,Player-704B@172 Player-FBAD@189 Player-258F@220
20261006-234145,37.2,1,2044,Player-BCA0,300,4,7,10,Player-BCA0,1,9,Player-FBAD@97 Player-704B@221 Player-A775@246
20261006-234145,37.2,2,2722,Player-FBAD,132,1,9,9,Player-BCA0,0,0,Player-FBAD@132 Player-704B@196 Player-A775@246
20261006-234145,37.2,3,3404,Player-258F,351,6,3,8,Player-BCA0,0,8,Player-704B@141 Player-A775@246 Savior@321
20261006-234145,84.6,1,2042,Player-7AAB,449,10,1,10,Player-7AAB,1,8,Player-FBAD@191 Player-704B@232 Player-A775@233
20261006-234145,84.6,2,2720,Player-BCA0,379,8,2,9,Player-7AAB,0,8,Player-FBAD@189 Player-704B@229 Player-A775@242
20261006-234145,84.6,3,3402,Player-8FDE,300,5,4,8,Player-7AAB,0,8,Player-704B@225 Player-FBAD@245 Player-A775@250
20261006-234919,36.9,1,2038,Player-BCA0,294,6,5,10,Player-BCA0,1,9,Player-FBAD@174 Player-704B@179 Player-A775@230
20261006-234919,36.9,2,2722,Player-7AAB,328,7,3,9,Player-BCA0,0,9,Player-704B@171 Player-A775@232 Player-FBAD@241
20261006-234919,36.9,3,3404,Player-258F,363,8,1,8,Player-BCA0,0,9,Player-704B@174 Player-A775@235 Player-FBAD@263
20261006-234919,84.1,1,2046,Player-704B,164,1,10,10,Player-704B,1,7,Player-704B@164 Player-A775@174 Illusionary@305
20261006-234919,84.1,2,2730,Player-DE24,460,9,1,9,Player-704B,0,9,Player-A775@175 Illusionary@306 Grim@307
20261006-234919,84.1,3,3408,Player-8FDE,406,8,1,8,Player-704B,0,9,Player-A775@175 Grim@288 Illusionary@308
20261006-235202,37.5,1,2042,Player-BCA0,224,4,7,10,Player-BCA0,1,9,Player-A775@157 Player-704B@164 Player-FBAD@189
20261006-235202,37.5,2,2720,Player-DE24,285,6,4,9,Player-BCA0,0,9,Player-A775@157 Player-704B@164 Player-FBAD@190
20261006-235202,37.5,3,3398,Player-8FDE,243,4,5,8,Player-BCA0,0,9,Player-A775@158 Player-704B@164 Player-FBAD@197
20261006-235511,36.9,1,2030,Player-BCA0,234,5,6,10,Player-BCA0,1,7,Player-704B@44 Player-A775@119 So@143
20261006-235511,36.9,2,2714,Player-B055,258,5,5,9,Player-BCA0,0,5,Player-704B@112 Player-258F@216 So@230
20261006-235511,36.9,3,3392,Player-704B,130,1,8,8,Player-BCA0,0,4,Player-704B@130 Player-258F@239 Player-FBAD@240
20261006-235511,84.1,1,2040,Player-B055,312,5,6,10,Player-B055,1,9,Player-704B@64 Player-FBAD@127 Player-A775@153
20261006-235511,84.1,2,2722,Player-FBAD,127,2,8,9,Player-B055,0,5,Player-704B@108 Player-FBAD@127 Player-A775@156
20261006-235511,84.1,3,3406,Player-8FDE,244,4,5,8,Player-B055,0,7,Player-704B@123 Player-A775@142 Grim@228
20261006-235833,37.3,1,2036,Player-BCA0,284,5,6,10,Player-BCA0,1,9,Player-FBAD@154 Player-704B@223 Player-A775@246
20261006-235833,37.3,2,2716,Player-89AD,281,4,6,9,Player-BCA0,0,9,Player-FBAD@156 Player-704B@226 Player-A775@261
20261006-235833,37.3,3,3392,Player-704B,227,2,7,8,Player-BCA0,0,9,Player-FBAD@160 Player-704B@227 Player-A775@246
20261006-235833,84.9,1,2044,Player-89AD,344,4,7,10,Player-89AD,1,9,Player-704B@78 Player-A775@178 Player-FBAD@191
20261006-235833,84.9,2,2724,Player-704B,78,1,9,9,Player-89AD,0,4,Player-704B@78 Player-A775@180 Player-FBAD@212
20261006-235833,84.9,3,3398,Player-FBAD,235,2,7,8,Player-89AD,0,8,Player-A775@182 Player-FBAD@235 Ammut@311
