log,cast_s,phase,account,name,hit,hits,damage,results,moved,knocked
20260929-230929,207.2,Spear,Account-9365,Player-DDA6,1,5,2913,3 0 4,79,0
20260929-230929,207.2,Spear,Account-8C31,Player-FBAD,1,3,7680,3 0,35,0
20260929-230929,207.2,Spear,Account-1150,Player-82BE,1,6,6154,0 5 4,155,1
20260929-230929,207.2,Spear,Account-83FE,Player-BCA0,1,2,9222,0,14,0
20260929-230929,207.2,Spear,Account-9FFE,Player-74C1,1,3,5487,0 5,155,1
20260929-230929,207.2,Spear,Account-5C40,Player-F494,1,7,7041,0 3 5,152,1
20260929-230929,207.2,Spear,Account-9754,Player-DE24,1,3,6127,0 5,8,0
20260929-230929,207.2,Spear,Account-F4C4,Player-89AD,1,3,9666,3 0,0,0
20260929-230929,207.2,Spear,Account-16AE,Player-631B,1,3,8457,3 0,11,0
20260929-230929,207.2,Spear,Account-AD4B,Player-8FDE,1,2,13591,0,96,0
20260929-230929,262.4,Spear,Account-9365,Player-DDA6,1,6,18105,0 5 9,25,0
20260929-230929,262.4,Spear,Account-8C31,Player-FBAD,1,15,31030,0 9 6,114,0
20260929-230929,262.4,Spear,Account-1150,Player-82BE,1,2,5384,0 5,83,0
20260929-230929,262.4,Spear,Account-83FE,Player-BCA0,1,4,10676,0 3,51,0
20260929-230929,262.4,Spear,Account-9FFE,Player-74C1,1,3,9039,0 3,76,0
20260929-230929,262.4,Spear,Account-5C40,Player-F494,1,3,6593,6 0,0,0
20260929-230929,262.4,Spear,Account-9754,Player-DE24,1,2,4872,0,83,0
20260929-230929,262.4,Spear,Account-F4C4,Player-89AD,1,3,14991,0 3,21,0
20260929-230929,262.4,Spear,Account-AD4B,Player-8FDE,1,6,19603,3 0 4,59,0
20260929-231520,185.0,Spear,Account-9365,Player-DDA6,1,4,5075,0 3,29,0
20260929-231520,185.0,Spear,Account-8C31,Player-FBAD,1,7,6233,0 3 4,0,0
20260929-231520,185.0,Spear,Account-1150,Player-82BE,1,7,8639,0 3,0,0
20260929-231520,185.0,Spear,Account-83FE,Player-BCA0,1,2,3539,3 0,0,0
20260929-231520,185.0,Spear,Account-9FFE,Player-74C1,1,2,4661,3 0,46,0
20260929-231520,185.0,Spear,Account-5C40,Player-F494,1,3,5192,0 3,130,0
20260929-231520,185.0,Spear,Account-9754,Player-DE24,1,1,2961,0,0,0
20260929-231520,185.0,Spear,Account-F4C4,Player-89AD,1,3,8804,3 0,73,0
20260929-231520,185.0,Spear,Account-16AE,Player-631B,1,2,4087,0 5,72,0
20260929-231520,185.0,Spear,Account-AD4B,Player-8FDE,1,2,4891,0 5,73,0
20260929-231520,241.1,Spear,Account-9365,Player-DDA6,1,6,7474,0 3,0,0
20260929-231520,241.1,Spear,Account-8C31,Player-FBAD,1,6,4350,3 0 4,0,0
20260929-231520,241.1,Spear,Account-1150,Player-82BE,1,7,10050,3 0 4,103,0
20260929-231520,241.1,Spear,Account-83FE,Player-BCA0,1,5,6541,6 0,0,0
20260929-231520,241.1,Spear,Account-9FFE,Player-74C1,1,5,6660,0 3 4,0,0
20260929-231520,241.1,Spear,Account-5C40,Player-F494,1,3,9230,0 3,0,0
20260929-231520,241.1,Spear,Account-9754,Player-DE24,1,2,2629,3 0,0,0
20260929-231520,241.1,Spear,Account-F4C4,Player-89AD,1,2,4342,3 0,0,0
20260929-231520,241.1,Spear,Account-16AE,Player-631B,1,6,4217,4 0 6,220,1
20260929-231520,241.1,Spear,Account-AD4B,Player-8FDE,1,14,13030,0 3 4 6,25,0
20260929-231520,286.9,Spear,Account-8C31,Player-FBAD,1,1,0,6,0,0
20260929-231520,286.9,Spear,Account-1150,Player-82BE,0,0,0,,0,0
20260929-231520,286.9,Spear,Account-9FFE,Player-74C1,0,0,0,,0,0
20260929-232028,180.3,Spear,Account-9365,Player-3025,1,6,18655,0,13,0
20260929-232028,180.3,Spear,Account-8C31,Player-FBAD,1,5,14565,0 6,21,0
20260929-232028,180.3,Spear,Account-1150,Player-470E,1,1,7611,0,21,0
20260929-232028,180.3,Spear,Account-83FE,Player-BCA0,1,2,15065,0,0,0
20260929-232028,180.3,Spear,Account-9FFE,Player-80A0,1,4,9027,0,57,0
20260929-232028,180.3,Spear,Account-5C40,Player-F494,1,4,16915,0 3,60,0
20260929-232028,180.3,Spear,Account-9754,Player-DE24,1,2,12083,0,0,0
20260929-232028,180.3,Spear,Account-AD4B,Player-8FDE,1,3,15642,0 3,52,0
20260929-232028,180.3,Spear,Account-F4C4,Player-89AD,1,1,8290,0,70,0
20260929-232028,180.3,Spear,Account-16AE,Player-051A,1,2,20641,0,30,0
20260929-232602,207.0,Spear,Account-9365,Player-DDA6,1,4,4680,3 0,57,0
20260929-232602,207.0,Spear,Account-8C31,Player-FBAD,1,3,5845,0 3,49,0
20260929-232602,207.0,Spear,Account-1150,Player-470E,1,3,6902,3 0,21,0
20260929-232602,207.0,Spear,Account-83FE,Player-BCA0,1,2,2643,0 3,0,0
20260929-232602,207.0,Spear,Account-9FFE,Player-80A0,1,4,4542,0 3,0,0
20260929-232602,207.0,Spear,Account-5C40,Player-F494,1,3,7182,0 3,0,0
20260929-232602,207.0,Spear,Account-9754,Player-DE24,1,4,4422,3 0,58,0
20260929-232602,207.0,Spear,Account-AD4B,Player-8FDE,1,2,3653,3 0,7,0
20260929-232602,207.0,Spear,Account-F4C4,Player-89AD,1,2,3653,0 3,0,0
20260929-232602,207.0,Spear,Account-16AE,Player-051A,1,2,3868,3 0,14,0
20260929-232602,261.9,Spear,Account-8C31,Player-FBAD,1,20,59465,0 6 8,0,0
20260929-233227,200.4,Spear,Account-9FFE,Player-74C1,1,3,2356,0 3,23,0
20260929-233227,200.4,Spear,Account-9365,Player-DDA6,1,3,4012,0 3,7,0
20260929-233227,200.4,Spear,Account-8C31,Player-FBAD,1,2,6100,0,0,0
20260929-233227,200.4,Spear,Account-83FE,Player-BCA0,1,4,0,6,43,0
20260929-233227,200.4,Spear,Account-5C40,Player-F494,1,5,10856,3 0,0,0
20260929-233227,200.4,Spear,Account-9754,Player-DE24,1,8,6935,3 0 4,0,0
20260929-233227,200.4,Spear,Account-AD4B,Player-8FDE,1,3,7578,3 0,36,0
20260929-233227,200.4,Spear,Account-F4C4,Player-89AD,1,4,7578,0 3,50,0
20260929-233227,200.4,Spear,Account-16AE,Player-1BA4,1,2,3789,0 5,155,1
20260929-233227,200.4,Spear,Account-1150,Player-470E,1,12,8083,0 3 4,97,0
20260929-233227,255.1,Spear,Account-9365,Player-DDA6,0,0,0,,0,0
20260929-233227,255.1,Spear,Account-8C31,Player-FBAD,0,0,0,,0,0
20260929-233227,255.1,Spear,Account-83FE,Player-BCA0,0,0,0,,0,0
20260929-233227,255.1,Spear,Account-AD4B,Player-8FDE,0,0,0,,0,0
20260929-233952,203.8,Spear,Account-9365,Player-1172,1,2,11113,0,0,0
20260929-233952,203.8,Spear,Account-8C31,Player-FBAD,1,6,7008,0 3 4 6,107,0
20260929-233952,203.8,Spear,Account-1150,Player-470E,1,1,4120,0,59,0
20260929-233952,203.8,Spear,Account-83FE,Player-BCA0,1,1,3313,0,21,0
20260929-233952,203.8,Spear,Account-9FFE,Player-74C1,1,3,7308,0 5,60,0
20260929-233952,203.8,Spear,Account-5C40,Player-F494,1,3,7220,0 3,43,0
20260929-233952,203.8,Spear,Account-9754,Player-AB6A,1,1,4738,0,0,0
20260929-233952,203.8,Spear,Account-AD4B,Player-8FDE,1,1,4578,0,136,0
20260929-233952,203.8,Spear,Account-F4C4,Player-89AD,1,4,8706,0 3,108,0
20260929-233952,203.8,Spear,Account-16AE,Player-1BA4,1,1,4578,0,14,0
20260929-233952,259.8,Spear,Account-9365,Player-1172,1,4,15335,6 0,43,0
20260929-233952,259.8,Spear,Account-8C31,Player-FBAD,1,3,21924,0,36,0
20260929-233952,259.8,Spear,Account-1150,Player-470E,1,1,0,3,22,0
20260929-233952,259.8,Spear,Account-83FE,Player-BCA0,1,1,4758,0,138,0
20260929-233952,259.8,Spear,Account-9754,Player-AB6A,1,3,22138,0 9,0,0
20260929-233952,259.8,Spear,Account-AD4B,Player-8FDE,1,4,40652,0 9,171,1
20260929-233952,259.8,Spear,Account-F4C4,Player-89AD,1,2,8682,3 0,0,0
20260929-233952,259.8,Spear,Account-16AE,Player-1BA4,1,6,20363,0 9 6,18,0
20260929-234806,216.7,Spear,Account-9754,Player-AB6A,1,2,4124,3 0,62,0
20260929-234806,216.7,Spear,Account-9365,Player-1172,1,2,8248,0,83,0
20260929-234806,216.7,Spear,Account-8C31,Player-FBAD,1,3,7148,0,0,0
20260929-234806,216.7,Spear,Account-1150,Player-470E,1,2,5414,0,0,0
20260929-234806,216.7,Spear,Account-83FE,Player-BCA0,1,2,2884,0 3,51,0
20260929-234806,216.7,Spear,Account-9FFE,Player-80A0,1,6,7198,0,61,0
20260929-234806,216.7,Spear,Account-5C40,Player-F494,1,2,3918,3 0,22,0
20260929-234806,216.7,Spear,Account-AD4B,Player-8FDE,1,2,3985,0 3,25,0
20260929-234806,216.7,Spear,Account-F4C4,Player-89AD,1,2,7970,0,0,0
20260929-234806,216.7,Spear,Account-16AE,Player-631B,1,2,3330,0 3,0,0
20260929-234806,271.9,Spear,Account-9754,Player-AB6A,0,0,0,,0,0
20260929-234806,271.9,Spear,Account-9365,Player-1172,1,2,4107,3 0,8,0
20260929-234806,271.9,Spear,Account-8C31,Player-FBAD,1,8,7808,3 0 6,0,0
20260929-234806,271.9,Spear,Account-1150,Player-470E,0,0,0,,0,0
20260929-234806,271.9,Spear,Account-83FE,Player-BCA0,1,9,8776,3 0,59,0
20260929-234806,271.9,Spear,Account-9FFE,Player-80A0,1,1,0,3,98,0
20260929-234806,271.9,Spear,Account-5C40,Player-F494,1,17,11277,0 3 4,0,0
20260929-234806,271.9,Spear,Account-AD4B,Player-8FDE,1,5,11950,3 0 5,65,0
20260929-234806,271.9,Spear,Account-F4C4,Player-89AD,0,0,0,,0,0
20260929-234806,271.9,Spear,Account-16AE,Player-631B,1,1,3317,0,7,0
20260929-234806,317.5,Spear,Account-9365,Player-1172,0,0,0,,0,0
20260929-234806,317.5,Spear,Account-8C31,Player-FBAD,1,2,10928,0,22,0
20260929-234806,317.5,Spear,Account-1150,Player-470E,1,3,9222,0 5,97,0
20260929-234806,317.5,Spear,Account-83FE,Player-BCA0,1,12,12530,0 3 6 4,0,0
20260929-234806,317.5,Spear,Account-F4C4,Player-89AD,1,6,14933,0 3 6,7,0
20260929-235415,184.9,Spear,Account-9FFE,Player-80A0,1,2,3312,0 5,114,0
20260929-235415,184.9,Spear,Account-9365,Player-7AAB,1,2,5327,0 5,117,0
20260929-235415,184.9,Spear,Account-8C31,Player-FBAD,1,3,9044,0 5,107,0
20260929-235415,184.9,Spear,Account-1150,Player-470E,1,6,12748,0 5,114,0
20260929-235415,184.9,Spear,Account-83FE,Player-BCA0,1,1,3855,0,68,0
20260929-235415,184.9,Spear,Account-5C40,Player-F494,1,2,11046,0,0,0
20260929-235415,184.9,Spear,Account-9754,Player-DE24,1,5,10796,0 3,57,0
20260929-235415,184.9,Spear,Account-AD4B,Player-8FDE,1,2,11236,0,11,0
20260929-235415,184.9,Spear,Account-F4C4,Player-89AD,1,3,11818,4 0,213,1
20260929-235415,184.9,Spear,Account-16AE,Player-631B,1,1,4452,0,8,0
20260929-235415,239.5,Spear,Account-9FFE,Player-80A0,1,1,3544,0,58,0
20260929-235415,239.5,Spear,Account-9365,Player-7AAB,1,4,11653,0 3 5,0,0
20260929-235415,239.5,Spear,Account-8C31,Player-FBAD,1,4,9580,3 0 5,21,0
20260929-235415,239.5,Spear,Account-1150,Player-470E,1,3,8066,3 0,4,0
20260929-235415,239.5,Spear,Account-83FE,Player-BCA0,0,0,0,,0,0
20260929-235415,239.5,Spear,Account-5C40,Player-F494,1,1,5605,0,0,0
20260929-235415,239.5,Spear,Account-9754,Player-DE24,1,1,3602,0,0,0
20260929-235415,239.5,Spear,Account-AD4B,Player-8FDE,1,2,5951,3 0,0,0
20260929-235415,239.5,Spear,Account-F4C4,Player-89AD,0,0,0,,0,0
20260929-235415,239.5,Spear,Account-16AE,Player-631B,1,1,4764,0,0,0
20260929-235415,286.8,Spear,Account-9FFE,Player-80A0,1,3,9868,4 0,142,0
20260929-235415,286.8,Spear,Account-9365,Player-7AAB,1,1,7938,0,50,0
20260929-235415,286.8,Spear,Account-1150,Player-470E,1,3,5392,3 0 5,113,0
20260929-235415,286.8,Spear,Account-83FE,Player-BCA0,1,1,5744,0,154,1
20260929-235415,286.8,Spear,Account-5C40,Player-F494,0,0,0,,0,0
20260929-235415,286.8,Spear,Account-9754,Player-DE24,0,0,0,,0,0
20260929-235415,286.8,Spear,Account-AD4B,Player-8FDE,1,4,0,4 3 6,158,1
20260929-235415,286.8,Spear,Account-F4C4,Player-89AD,1,2,7938,3 0,58,0
20260929-235848,170.1,Spear,Account-9365,Player-7AAB,1,1,5140,0,19,0
20260929-235848,170.1,Spear,Account-8C31,Player-FBAD,1,2,8103,0,0,0
20260929-235848,170.1,Spear,Account-1150,Player-470E,1,4,6837,4 0 3,102,0
20260929-235848,170.1,Spear,Account-83FE,Player-BCA0,1,1,3720,0,96,0
20260929-235848,170.1,Spear,Account-5C40,Player-F494,1,3,9896,0 3,0,0
20260929-235848,170.1,Spear,Account-9754,Player-DE24,1,2,3112,3 0,20,0
20260929-235848,170.1,Spear,Account-AD4B,Player-8FDE,1,2,10065,0,42,0
20260929-235848,170.1,Spear,Account-F4C4,Player-89AD,1,2,12491,0,34,0
20260929-235848,170.1,Spear,Account-16AE,Player-631B,1,2,4295,0 4,17,0
20260929-235848,170.1,Spear,Account-9FFE,Player-74C1,1,1,5076,0,63,0
20260930-000603,171.1,Spear,Account-9365,Player-010B,1,3,5539,0 3,0,0
20260930-000603,171.1,Spear,Account-8C31,Player-FBAD,1,3,7378,0 3,38,0
20260930-000603,171.1,Spear,Account-1150,Player-470E,1,3,8249,0 3,55,0
20260930-000603,171.1,Spear,Account-83FE,Player-BCA0,1,7,3145,0 4,163,1
20260930-000603,171.1,Spear,Account-9FFE,Player-74C1,1,2,7694,0,140,0
20260930-000603,171.1,Spear,Account-5C40,Player-F494,1,2,4272,0 3,0,0
20260930-000603,171.1,Spear,Account-9754,Player-DE24,1,2,2631,0 3,0,0
20260930-000603,171.1,Spear,Account-AD4B,Player-8FDE,1,2,4346,3 0,0,0
20260930-000603,171.1,Spear,Account-F4C4,Player-89AD,1,2,4346,3 0,14,0
20260930-000603,171.1,Spear,Account-16AE,Player-631B,1,4,4028,4 3 0,25,0
20260930-000603,227.4,Spear,Account-9365,Player-010B,1,2,5128,0,135,0
20260930-000603,227.4,Spear,Account-1150,Player-470E,1,8,6424,4 3 0,63,0
20260930-000603,227.4,Spear,Account-83FE,Player-BCA0,1,3,0,6,31,0
20260930-000603,227.4,Spear,Account-9FFE,Player-74C1,1,3,6971,0 5,112,0
20260930-000603,227.4,Spear,Account-5C40,Player-F494,1,2,6646,3 0,0,0
20260930-000603,227.4,Spear,Account-9754,Player-DE24,1,3,15541,0,63,0
20260930-000603,227.4,Spear,Account-AD4B,Player-8FDE,1,2,6760,0 3,63,0
20260930-000603,227.4,Spear,Account-F4C4,Player-89AD,1,13,27995,0 6,135,0
20260930-000603,227.4,Spear,Account-16AE,Player-631B,1,5,11989,4 0 9 6,59,0
20260930-002046,170.0,Spear,Account-8C31,Player-FBAD,1,5,0,4 6,172,1
20260930-002046,170.0,Spear,Account-9365,Player-010B,1,3,6326,3 0,43,0
20260930-002046,170.0,Spear,Account-1150,Player-470E,1,3,10386,0 3,0,0
20260930-002046,170.0,Spear,Account-83FE,Player-BCA0,1,3,10377,0,52,0
20260930-002046,170.0,Spear,Account-9FFE,Player-74C1,1,2,6938,0,36,0
20260930-002046,170.0,Spear,Account-5C40,Player-F494,1,3,9030,0 3,22,0
20260930-002046,170.0,Spear,Account-9754,Player-DE24,1,3,2894,3 0,25,0
20260930-002046,170.0,Spear,Account-AD4B,Player-8FDE,1,3,9184,0 3,63,0
20260930-002046,170.0,Spear,Account-F4C4,Player-89AD,1,3,14340,0,63,0
20260930-002046,170.0,Spear,Account-16AE,Player-1BA4,1,3,4780,3 0,18,0
20260930-002046,225.4,Spear,Account-9365,Player-010B,1,2,6858,0,0,0
20260930-002046,225.4,Spear,Account-1150,Player-470E,1,2,14639,0,79,0
20260930-002046,225.4,Spear,Account-83FE,Player-BCA0,0,0,0,,0,0
20260930-002046,225.4,Spear,Account-9FFE,Player-74C1,1,2,8838,0,14,0
20260930-002046,225.4,Spear,Account-5C40,Player-F494,1,2,6049,3 0,185,1
20260930-002046,225.4,Spear,Account-9754,Player-DE24,1,3,6716,3 0,59,0
20260930-002046,225.4,Spear,Account-AD4B,Player-8FDE,0,0,0,,0,0
20260930-002046,225.4,Spear,Account-F4C4,Player-89AD,1,4,17246,0 3,0,0
20260930-002046,225.4,Spear,Account-16AE,Player-1BA4,1,3,11094,3 0,21,0
20260930-002046,270.8,Spear,Account-9365,Player-010B,1,2,4505,0 3,49,0
20260930-002046,270.8,Spear,Account-1150,Player-470E,1,1,6812,0,0,0
20260930-002046,270.8,Spear,Account-83FE,Player-BCA0,1,3,5477,0 6,73,0
20260930-002046,270.8,Spear,Account-9FFE,Player-74C1,1,1,6727,0,152,1
20260930-002046,270.8,Spear,Account-5C40,Player-F494,1,7,14882,0 9 6,64,0
20260930-002046,270.8,Spear,Account-9754,Player-DE24,1,2,9164,0,41,0
20260930-002046,270.8,Spear,Account-AD4B,Player-8FDE,1,1,7569,0,22,0
20260930-002046,270.8,Spear,Account-F4C4,Player-89AD,1,2,8905,0 4,50,0
20260930-002947,179.7,Spear,Account-9365,Player-010B,1,4,0,6,72,0
20260930-002947,179.7,Spear,Account-8C31,Player-FBAD,1,4,0,6,59,0
20260930-002947,179.7,Spear,Account-1150,Player-470E,1,5,4566,6 0,35,0
20260930-002947,179.7,Spear,Account-83FE,Player-BCA0,1,5,3671,6 0,63,0
20260930-002947,179.7,Spear,Account-9FFE,Player-74C1,1,3,0,6,25,0
20260930-002947,179.7,Spear,Account-5C40,Player-F494,1,2,10192,0,0,0
20260930-002947,179.7,Spear,Account-9754,Player-DE24,1,3,8122,0 5,60,0
20260930-002947,179.7,Spear,Account-AD4B,Player-8FDE,1,3,10368,0 3,65,0
20260930-002947,179.7,Spear,Account-F4C4,Player-89AD,1,2,10368,0,50,0
20260930-002947,179.7,Spear,Account-16AE,Player-1BA4,1,2,10368,0,54,0
20260930-002947,234.7,Spear,Account-9365,Player-010B,1,3,7059,0 3,85,0
20260930-002947,234.7,Spear,Account-8C31,Player-FBAD,1,1,1020,0,171,1
20260930-002947,234.7,Spear,Account-1150,Player-470E,1,5,19715,0 3 6,209,1
20260930-002947,234.7,Spear,Account-83FE,Player-BCA0,1,6,4012,0 6,148,0
20260930-002947,234.7,Spear,Account-9FFE,Player-74C1,1,6,12811,3 0,84,0
20260930-002947,234.7,Spear,Account-5C40,Player-F494,1,3,5451,0 6,0,0
20260930-002947,234.7,Spear,Account-9754,Player-DE24,0,0,0,,0,0
20260930-002947,234.7,Spear,Account-AD4B,Player-8FDE,1,2,3782,0,1172,1
20260930-002947,234.7,Spear,Account-F4C4,Player-89AD,1,1,1267,0,129,0
20260930-002947,234.7,Spear,Account-16AE,Player-1BA4,1,2,4999,3 0,21,0
20260930-002947,279.7,Spear,Account-9365,Player-010B,1,1,3990,0,32,0
20260930-002947,279.7,Spear,Account-8C31,Player-FBAD,1,3,10470,3 0,0,0
20260930-002947,279.7,Spear,Account-1150,Player-470E,1,1,5853,0,0,0
20260930-002947,279.7,Spear,Account-83FE,Player-BCA0,1,3,16437,0,0,0
20260930-002947,279.7,Spear,Account-9FFE,Player-74C1,1,1,4913,0,63,0
20260930-002947,279.7,Spear,Account-5C40,Player-F494,1,1,6394,0,64,0
20260930-002947,279.7,Spear,Account-9754,Player-DE24,1,3,9264,3 0,0,0
20260930-002947,279.7,Spear,Account-AD4B,Player-8FDE,1,1,6504,0,7,0
20260930-002947,279.7,Spear,Account-F4C4,Player-89AD,1,3,13008,0 4,22,0
20260930-002947,279.7,Spear,Account-16AE,Player-1BA4,1,2,16211,0,63,0
20260930-002947,335.5,Spear,Account-9365,Player-010B,0,0,0,,0,0
20260930-002947,335.5,Spear,Account-8C31,Player-FBAD,0,0,0,,0,0
20260930-002947,335.5,Spear,Account-1150,Player-470E,0,0,0,,0,0
20260930-002947,335.5,Spear,Account-83FE,Player-BCA0,1,3,14232,0,59,0
20260930-002947,335.5,Spear,Account-9FFE,Player-74C1,0,0,0,,0,0
20260930-002947,335.5,Spear,Account-5C40,Player-F494,0,0,0,,0,0
20260930-002947,335.5,Spear,Account-9754,Player-DE24,0,0,0,,0,0
20260930-002947,335.5,Spear,Account-AD4B,Player-8FDE,0,0,0,,0,0
20260930-002947,335.5,Spear,Account-F4C4,Player-89AD,0,0,0,,0,0
20260930-002947,335.5,Spear,Account-16AE,Player-1BA4,0,0,0,,0,0
20260930-002947,390.4,Spear,Account-9365,Player-010B,1,1,0,4,220,1
20260930-002947,390.4,Spear,Account-8C31,Player-FBAD,1,4,11660,0 6,0,0
20260930-002947,390.4,Spear,Account-1150,Player-470E,0,0,0,,0,0
20260930-002947,390.4,Spear,Account-83FE,Player-BCA0,0,0,0,,0,0
20260930-002947,390.4,Spear,Account-9FFE,Player-74C1,0,0,0,,0,0
20260930-002947,390.4,Spear,Account-5C40,Player-F494,1,5,29425,0 6,0,0
20260930-002947,390.4,Spear,Account-9754,Player-DE24,0,0,0,,0,0
20260930-002947,390.4,Spear,Account-AD4B,Player-8FDE,1,4,14486,0 6,0,0
20260930-002947,390.4,Spear,Account-F4C4,Player-89AD,0,0,0,,0,0
20260930-002947,390.4,Spear,Account-16AE,Player-1BA4,0,0,0,,0,0
20260930-003645,181.6,Spear,Account-9365,Player-010B,1,1,3538,0,115,0
20260930-003645,181.6,Spear,Account-8C31,Player-FBAD,1,2,9015,0,0,0
20260930-003645,181.6,Spear,Account-1150,Player-470E,1,1,4886,0,42,0
20260930-003645,181.6,Spear,Account-83FE,Player-BCA0,1,1,3929,0,64,0
20260930-003645,181.6,Spear,Account-9FFE,Player-74C1,1,1,4102,0,58,0
20260930-003645,181.6,Spear,Account-5C40,Player-F494,1,4,10233,3 0,0,0
20260930-003645,181.6,Spear,Account-9754,Player-DE24,1,3,6780,0 5,21,0
20260930-003645,181.6,Spear,Account-AD4B,Player-8FDE,1,1,5429,0,81,0
20260930-003645,181.6,Spear,Account-F4C4,Player-89AD,1,1,5429,0,107,0
20260930-003645,181.6,Spear,Account-16AE,Player-1BA4,1,1,5429,0,66,0
20260930-003645,238.2,Spear,Account-9365,Player-010B,1,7,10099,0 3 4,0,0
20260930-003645,238.2,Spear,Account-8C31,Player-FBAD,1,3,3928,3 0 6,0,0
20260930-003645,238.2,Spear,Account-1150,Player-470E,1,4,5167,3 0 6,0,0
20260930-003645,238.2,Spear,Account-83FE,Player-BCA0,1,6,3531,4 0 6,183,1
20260930-003645,238.2,Spear,Account-9FFE,Player-74C1,1,5,9188,3 0,63,0
20260930-003645,238.2,Spear,Account-5C40,Player-F494,1,12,15516,0 3 4,0,0
20260930-003645,238.2,Spear,Account-9754,Player-DE24,1,4,5908,0 3,0,0
20260930-003645,238.2,Spear,Account-AD4B,Player-8FDE,1,4,9758,0 3,57,0
20260930-003645,238.2,Spear,Account-F4C4,Player-89AD,1,2,4879,3 0,55,0
20260930-003645,238.2,Spear,Account-16AE,Player-1BA4,1,3,9758,0 5,60,0
20260930-003645,284.5,Spear,Account-9365,Player-010B,1,3,15004,0,18,0
20260930-003645,284.5,Spear,Account-8C31,Player-FBAD,1,2,13682,0,0,0
20260930-003645,284.5,Spear,Account-1150,Player-470E,1,3,20086,0 9,0,0
20260930-003645,284.5,Spear,Account-83FE,Player-BCA0,1,5,13126,0 9 6,0,0
20260930-003645,284.5,Spear,Account-9FFE,Player-74C1,1,2,15108,0,4,0
20260930-003645,284.5,Spear,Account-5C40,Player-F494,1,5,24548,0,0,0
20260930-003645,284.5,Spear,Account-9754,Player-DE24,1,4,14584,0 5,0,0
20260930-003645,284.5,Spear,Account-AD4B,Player-8FDE,1,5,15550,0 3 9 6,14,0
20260930-003645,284.5,Spear,Account-F4C4,Player-89AD,1,2,16315,0,22,0
20260930-003645,284.5,Spear,Account-16AE,Player-1BA4,1,3,19997,0 8,0,0
20260930-004322,164.5,Spear,Account-9365,Player-010B,1,2,2914,3 0,44,0
20260930-004322,164.5,Spear,Account-8C31,Player-FBAD,1,2,7271,0,13,0
20260930-004322,164.5,Spear,Account-1150,Player-470E,1,2,9565,0,57,0
20260930-004322,164.5,Spear,Account-83FE,Player-BCA0,1,3,9636,0,0,0
20260930-004322,164.5,Spear,Account-9FFE,Player-74C1,1,2,6824,0,4,0
20260930-004322,164.5,Spear,Account-5C40,Player-F494,1,1,4670,0,0,0
20260930-004322,164.5,Spear,Account-9754,Player-DE24,1,1,2876,0,0,0
20260930-004322,164.5,Spear,Account-AD4B,Player-8FDE,1,3,13316,0,49,0
20260930-004322,164.5,Spear,Account-F4C4,Player-89AD,1,1,4750,0,114,0
20260930-004322,164.5,Spear,Account-16AE,Player-1BA4,1,1,4750,0,124,0
20260930-004322,221.4,Spear,Account-9365,Player-010B,1,3,5859,0 3,0,0
20260930-004322,221.4,Spear,Account-8C31,Player-FBAD,1,1,3872,0,171,1
20260930-004322,221.4,Spear,Account-1150,Player-470E,1,7,9996,0 5 3 4,0,0
20260930-004322,221.4,Spear,Account-83FE,Player-BCA0,1,2,8676,0,63,0
20260930-004322,221.4,Spear,Account-9FFE,Player-74C1,1,6,5086,0 3,0,0
20260930-004322,221.4,Spear,Account-5C40,Player-F494,1,3,9458,3 0,0,0
20260930-004322,221.4,Spear,Account-9754,Player-DE24,1,2,7258,0,0,0
20260930-004322,221.4,Spear,Account-AD4B,Player-8FDE,1,6,11544,3 0,0,0
20260930-004322,221.4,Spear,Account-F4C4,Player-89AD,1,2,9620,0,14,0
20260930-004322,221.4,Spear,Account-16AE,Player-1BA4,1,3,5772,0 3,124,0
20260930-004322,267.8,Spear,Account-9365,Player-010B,1,2,7785,0,7,0
20260930-004322,267.8,Spear,Account-8C31,Player-FBAD,1,3,10020,0 3,0,0
20260930-004322,267.8,Spear,Account-1150,Player-470E,1,2,10120,0,0,0
20260930-004322,267.8,Spear,Account-83FE,Player-BCA0,1,3,12875,0,0,0
20260930-004322,267.8,Spear,Account-9FFE,Player-74C1,1,2,4459,0 3,28,0
20260930-004322,267.8,Spear,Account-5C40,Player-F494,1,2,5802,0 3,28,0
20260930-004322,267.8,Spear,Account-9754,Player-DE24,1,6,3235,0 4,74,0
20260930-004322,267.8,Spear,Account-AD4B,Player-8FDE,1,2,11246,0,145,0
20260930-004322,267.8,Spear,Account-F4C4,Player-89AD,1,2,11246,0,62,0
20260930-004322,267.8,Spear,Account-16AE,Player-1BA4,1,2,14153,0,85,0
20260930-004322,316.1,Spear,Account-9365,Player-010B,1,2,11478,0,0,0
20260930-004322,316.1,Spear,Account-1150,Player-470E,1,2,16586,0,58,0
20260930-004322,316.1,Spear,Account-83FE,Player-BCA0,1,3,13336,0 3,21,0
20260930-004322,316.1,Spear,Account-9FFE,Player-74C1,1,3,13922,0 5,0,0
20260930-004322,316.1,Spear,Account-5C40,Player-F494,1,2,14236,0,39,0
20260930-004322,316.1,Spear,Account-9754,Player-DE24,1,3,5029,4 0,220,1
20260930-004322,316.1,Spear,Account-F4C4,Player-89AD,1,1,9214,0,0,0
20260930-004322,316.1,Spear,Account-16AE,Player-1BA4,1,1,9214,0,60,0
20260930-004948,174.2,Spear,Account-9365,Player-010B,1,3,6006,0 6,58,0
20260930-004948,174.2,Spear,Account-8C31,Player-FBAD,1,3,3831,3 0 6,43,0
20260930-004948,174.2,Spear,Account-1150,Player-470E,1,1,4284,0,29,0
20260930-004948,174.2,Spear,Account-83FE,Player-BCA0,0,0,0,,0,0
20260930-004948,174.2,Spear,Account-9FFE,Player-74C1,1,4,4230,3 0 5 6,105,0
20260930-004948,174.2,Spear,Account-5C40,Player-F494,1,2,9836,0,19,0
20260930-004948,174.2,Spear,Account-9754,Player-DE24,1,6,2996,0 4 6,127,0
20260930-004948,174.2,Spear,Account-AD4B,Player-8FDE,1,1,4950,0,95,0
20260930-004948,174.2,Spear,Account-F4C4,Player-89AD,0,0,0,,0,0
20260930-004948,174.2,Spear,Account-16AE,Player-1BA4,1,2,10004,0,27,0
20260930-004948,228.9,Spear,Account-9365,Player-010B,1,3,7200,3 0,50,0
20260930-004948,228.9,Spear,Account-8C31,Player-FBAD,1,2,9306,0,0,0
20260930-004948,228.9,Spear,Account-1150,Player-470E,1,3,11608,3 0,17,0
20260930-004948,228.9,Spear,Account-83FE,Player-BCA0,1,12,14202,3 0 6,150,0
20260930-004948,228.9,Spear,Account-9FFE,Player-74C1,1,6,13277,3 0 9,158,1
20260930-004948,228.9,Spear,Account-5C40,Player-F494,1,4,11593,4 3 0,183,1
20260930-004948,228.9,Spear,Account-9754,Player-DE24,1,3,6552,3 0,104,0
20260930-004948,228.9,Spear,Account-AD4B,Player-8FDE,1,4,17089,3 0,38,0
20260930-004948,228.9,Spear,Account-F4C4,Player-89AD,1,15,25172,3 0 6,87,0
20260930-004948,228.9,Spear,Account-16AE,Player-1BA4,1,3,10824,3 0,35,0
20260930-010007,176.0,Spear,Account-9365,Player-1172,1,3,12554,0,14,0
20260930-010007,176.0,Spear,Account-8C31,Player-DCBD,1,4,6891,3 0,29,0
20260930-010007,176.0,Spear,Account-1150,Player-470E,1,3,5101,3 0,50,0
20260930-010007,176.0,Spear,Account-83FE,Player-BCA0,1,2,8664,0,71,0
20260930-010007,176.0,Spear,Account-9FFE,Player-74C1,1,3,9045,3 0,29,0
20260930-010007,176.0,Spear,Account-5C40,Player-F494,1,2,5573,3 0,72,0
20260930-010007,176.0,Spear,Account-9754,Player-1B7A,1,3,10976,3 0,29,0
20260930-010007,176.0,Spear,Account-AD4B,Player-8FDE,1,2,12911,0,50,0
20260930-010007,176.0,Spear,Account-F4C4,Player-89AD,1,2,10643,0,0,0
20260930-010007,176.0,Spear,Account-16AE,Player-1BA4,1,4,19709,0 9,44,0
20260930-010007,230.7,Spear,Account-9365,Player-1172,1,2,3941,3 0,0,0
20260930-010007,230.7,Spear,Account-8C31,Player-DCBD,1,1,0,3,0,0
20260930-010007,230.7,Spear,Account-1150,Player-470E,1,4,10134,0 4,128,0
20260930-010007,230.7,Spear,Account-83FE,Player-BCA0,1,2,3745,3 0,0,0
20260930-010007,230.7,Spear,Account-9FFE,Player-74C1,1,2,7656,0,0,0
20260930-010007,230.7,Spear,Account-5C40,Player-F494,1,2,5088,3 0,0,0
20260930-010007,230.7,Spear,Account-9754,Player-1B7A,1,2,5272,3 0,0,0
20260930-010007,230.7,Spear,Account-AD4B,Player-8FDE,1,3,16807,0 4,71,0
20260930-010007,230.7,Spear,Account-F4C4,Player-89AD,1,4,11020,3 0,60,0
20260930-010007,230.7,Spear,Account-16AE,Player-1BA4,1,4,19350,4 0,220,1
20260930-010007,276.3,Spear,Account-9365,Player-1172,1,13,29708,0 9 6,14,0
20260930-010007,276.3,Spear,Account-8C31,Player-DCBD,1,11,23334,0 6,0,0
20260930-010007,276.3,Spear,Account-1150,Player-470E,1,8,18186,0 4,0,0
20260930-010007,276.3,Spear,Account-83FE,Player-BCA0,1,5,4617,6 0,0,0
20260930-010007,276.3,Spear,Account-9FFE,Player-74C1,1,2,10206,0,48,0
20260930-010007,276.3,Spear,Account-5C40,Player-F494,1,1,7025,0,0,0
20260930-010007,276.3,Spear,Account-9754,Player-1B7A,1,1,5849,0,0,0
20260930-010007,276.3,Spear,Account-AD4B,Player-8FDE,1,1,7465,0,0,0
20260930-010007,276.3,Spear,Account-F4C4,Player-89AD,1,1,5742,0,62,0
20260930-010007,276.3,Spear,Account-16AE,Player-1BA4,1,4,17048,4 0,220,1
20260930-010656,171.4,Spear,Account-9365,Player-1172,1,2,3800,3 0,34,0
20260930-010656,171.4,Spear,Account-8C31,Player-DCBD,1,4,7304,3 0,0,0
20260930-010656,171.4,Spear,Account-1150,Player-470E,1,2,9080,0,29,0
20260930-010656,171.4,Spear,Account-83FE,Player-BCA0,1,2,4012,3 0,81,0
20260930-010656,171.4,Spear,Account-9FFE,Player-74C1,1,2,3770,3 0,58,0
20260930-010656,171.4,Spear,Account-5C40,Player-F494,1,3,11198,3 0,0,0
20260930-010656,171.4,Spear,Account-9754,Player-1B7A,1,2,5083,3 0,29,0
20260930-010656,171.4,Spear,Account-AD4B,Player-8FDE,1,3,14270,0 9,28,0
20260930-010656,171.4,Spear,Account-F4C4,Player-89AD,1,3,10836,3 0,0,0
20260930-010656,171.4,Spear,Account-16AE,Player-1BA4,1,2,5545,3 0,0,0
20260930-010656,226.8,Spear,Account-9365,Player-1172,1,2,5250,3 0,0,0
20260930-010656,226.8,Spear,Account-8C31,Player-DCBD,1,20,14066,3 0,103,0
20260930-010656,226.8,Spear,Account-1150,Player-470E,1,7,5584,3 4 0,189,1
20260930-010656,226.8,Spear,Account-9FFE,Player-74C1,1,13,15173,3 0 5,69,0
20260930-010656,226.8,Spear,Account-5C40,Player-F494,1,4,13178,3 0 5,0,0
20260930-010656,226.8,Spear,Account-9754,Player-1B7A,1,3,12288,0 3,0,0
20260930-010656,226.8,Spear,Account-AD4B,Player-8FDE,1,4,13020,0 3,0,0
20260930-010656,226.8,Spear,Account-F4C4,Player-89AD,1,2,6204,3 0,0,0
20260930-010656,226.8,Spear,Account-16AE,Player-1BA4,1,7,12958,3 0 5,14,0
20260930-010656,272.2,Spear,Account-9365,Player-1172,1,2,9770,0,14,0
20260930-010656,272.2,Spear,Account-8C31,Player-DCBD,1,7,10662,4 0,154,1
20260930-010656,272.2,Spear,Account-1150,Player-470E,1,8,19438,0 6 4,0,0
20260930-010656,272.2,Spear,Account-83FE,Player-BCA0,1,8,14671,0 5 4,0,0
20260930-010656,272.2,Spear,Account-9FFE,Player-74C1,1,3,9692,0 5,7,0
20260930-010656,272.2,Spear,Account-5C40,Player-F494,1,8,22453,0 5 4,0,0
20260930-010656,272.2,Spear,Account-9754,Player-1B7A,1,2,11760,0,0,0
20260930-010656,272.2,Spear,Account-AD4B,Player-8FDE,1,7,13808,0 3 4,0,0
20260930-010656,272.2,Spear,Account-F4C4,Player-89AD,1,2,6162,0 3,21,0
20260930-010656,272.2,Spear,Account-16AE,Player-1BA4,1,3,12576,0 3,0,0
20260930-010656,327.7,Spear,Account-9365,Player-1172,0,0,0,,0,0
20260930-010656,327.7,Spear,Account-8C31,Player-DCBD,1,3,18271,0,17,0
20260930-010656,327.7,Spear,Account-1150,Player-470E,1,2,17208,0,62,0
20260930-010656,327.7,Spear,Account-83FE,Player-BCA0,1,7,6952,0 6,50,0
20260930-010656,327.7,Spear,Account-9FFE,Player-74C1,1,4,18733,0 3,139,0
20260930-010656,327.7,Spear,Account-5C40,Player-F494,1,4,22155,0 9 6,59,0
20260930-010656,327.7,Spear,Account-9754,Player-1B7A,1,3,15129,3 0,0,0
20260930-010656,327.7,Spear,Account-AD4B,Player-8FDE,1,4,22535,0 9 6,51,0
20260930-010656,327.7,Spear,Account-16AE,Player-1BA4,1,3,16502,4 0,152,1
20260930-011344,180.7,Spear,Account-9365,Player-1172,1,2,3728,3 0,14,0
20260930-011344,180.7,Spear,Account-8C31,Player-DCBD,1,2,3215,3 0,165,1
20260930-011344,180.7,Spear,Account-1150,Player-470E,1,2,4406,3 0,62,0
20260930-011344,180.7,Spear,Account-83FE,Player-BCA0,1,2,9334,0,63,0
20260930-011344,180.7,Spear,Account-9FFE,Player-74C1,1,2,3391,3 0,0,0
20260930-011344,180.7,Spear,Account-5C40,Player-F494,1,2,12680,0,0,0
20260930-011344,180.7,Spear,Account-9754,Player-1B7A,1,3,6495,3 0,54,0
20260930-011344,180.7,Spear,Account-AD4B,Player-8FDE,1,1,4987,0,0,0
20260930-011344,180.7,Spear,Account-F4C4,Player-89AD,1,2,4770,3 0,54,0
20260930-011344,180.7,Spear,Account-16AE,Player-1BA4,1,2,4987,3 0,0,0
20260930-011344,235.5,Spear,Account-9365,Player-1172,1,7,13487,0,50,0
20260930-011344,235.5,Spear,Account-8C31,Player-DCBD,1,7,3431,3 0 4,42,0
20260930-011344,235.5,Spear,Account-1150,Player-470E,1,3,5682,0 6,39,0
20260930-011344,235.5,Spear,Account-83FE,Player-BCA0,1,4,7768,0 6,0,0
20260930-011344,235.5,Spear,Account-9FFE,Player-74C1,1,4,10106,3 0 5,52,0
20260930-011344,235.5,Spear,Account-5C40,Player-F494,1,13,26008,0 6,0,0
20260930-011344,235.5,Spear,Account-9754,Player-1B7A,1,5,7725,3 0 4,0,0
20260930-011344,235.5,Spear,Account-AD4B,Player-8FDE,1,2,11539,0,0,0
20260930-011344,235.5,Spear,Account-F4C4,Player-89AD,1,5,19068,0 5,15,0
20260930-011344,235.5,Spear,Account-16AE,Player-1BA4,1,14,27109,0 4,0,0
20260930-011344,280.8,Spear,Account-9365,Player-1172,1,6,13012,0,76,0
20260930-011344,280.8,Spear,Account-8C31,Player-DCBD,1,22,21224,3 0 9 6,183,1
20260930-011344,280.8,Spear,Account-1150,Player-470E,1,8,14425,3 6 0,89,0
20260930-011344,280.8,Spear,Account-83FE,Player-BCA0,1,9,7147,6 0 4,0,0
20260930-011344,280.8,Spear,Account-9FFE,Player-74C1,1,12,9692,3 6 0,99,0
20260930-011344,280.8,Spear,Account-5C40,Player-F494,1,18,11519,6 0,0,0
20260930-011344,280.8,Spear,Account-9754,Player-1B7A,1,13,829,6 0 4,166,1
20260930-011344,280.8,Spear,Account-AD4B,Player-8FDE,1,12,9126,6 3 0 4,188,1
20260930-011344,280.8,Spear,Account-F4C4,Player-89AD,1,13,23077,3 0 5 9 6,0,0
20260930-011344,280.8,Spear,Account-16AE,Player-1BA4,1,11,1371,6 0,120,0
20260930-011934,175.6,Spear,Account-9365,Player-1172,1,3,8969,0 5,0,0
20260930-011934,175.6,Spear,Account-8C31,Player-DCBD,1,3,7529,0 5,50,0
20260930-011934,175.6,Spear,Account-1150,Player-470E,1,2,9744,0,49,0
20260930-011934,175.6,Spear,Account-83FE,Player-BCA0,1,3,3502,3 0,55,0
20260930-011934,175.6,Spear,Account-9FFE,Player-74C1,1,6,9885,0 3 4,22,0
20260930-011934,175.6,Spear,Account-5C40,Player-F494,1,4,16582,0 3,78,0
20260930-011934,175.6,Spear,Account-9754,Player-1B7A,1,3,6406,3 0,45,0
20260930-011934,175.6,Spear,Account-AD4B,Player-8FDE,1,2,11777,0,31,0
20260930-011934,175.6,Spear,Account-F4C4,Player-89AD,1,3,11351,0 3,21,0
20260930-011934,175.6,Spear,Account-16AE,Player-1BA4,1,3,9393,0 3,13,0
20260930-011934,232.6,Spear,Account-9365,Player-1172,1,5,17401,0 9,26,0
20260930-011934,232.6,Spear,Account-8C31,Player-DCBD,1,13,7007,0 4 3,0,0
20260930-011934,232.6,Spear,Account-1150,Player-470E,1,2,7067,3 0,103,0
20260930-011934,232.6,Spear,Account-83FE,Player-BCA0,1,4,4355,3 0,0,0
20260930-011934,232.6,Spear,Account-9FFE,Player-74C1,1,3,12326,0,36,0
20260930-011934,232.6,Spear,Account-5C40,Player-F494,1,2,4396,3 0,83,0
20260930-011934,232.6,Spear,Account-9754,Player-1B7A,1,2,3882,3 0,43,0
20260930-011934,232.6,Spear,Account-AD4B,Player-8FDE,1,19,26429,3 0 9 6,89,0
20260930-011934,232.6,Spear,Account-F4C4,Player-89AD,1,4,15706,0 9 6,21,0
20260930-011934,232.6,Spear,Account-16AE,Player-1BA4,1,9,11636,3 0 4,46,0
20260930-012807,190.8,Spear,Account-9365,Player-1172,1,4,6686,0 4,36,0
20260930-012807,190.8,Spear,Account-8C31,Player-DCBD,1,4,6222,0 4,0,0
20260930-012807,190.8,Spear,Account-1150,Player-470E,1,4,10897,4 0 3,167,1
20260930-012807,190.8,Spear,Account-83FE,Player-BCA0,1,3,11450,0,67,0
20260930-012807,190.8,Spear,Account-9FFE,Player-74C1,1,2,7369,0,0,0
20260930-012807,190.8,Spear,Account-5C40,Player-F494,1,5,16845,3 0,54,0
20260930-012807,190.8,Spear,Account-9754,Player-1B7A,1,2,3004,3 0,58,0
20260930-012807,190.8,Spear,Account-AD4B,Player-8FDE,1,2,4873,3 0,108,0
20260930-012807,190.8,Spear,Account-F4C4,Player-89AD,1,2,8778,0,58,0
20260930-012807,190.8,Spear,Account-16AE,Player-1BA4,1,2,4873,3 0,37,0
20260930-012807,247.5,Spear,Account-9365,Player-1172,1,2,8719,0,67,0
20260930-012807,247.5,Spear,Account-8C31,Player-DCBD,1,4,6108,6 0 3,0,0
20260930-012807,247.5,Spear,Account-1150,Player-470E,1,2,4750,3 0,55,0
20260930-012807,247.5,Spear,Account-83FE,Player-BCA0,1,6,6817,3 0 4,0,0
20260930-012807,247.5,Spear,Account-9FFE,Player-74C1,1,5,8558,6 0 3,0,0
20260930-012807,247.5,Spear,Account-5C40,Player-F494,1,3,9086,0 3,0,0
20260930-012807,247.5,Spear,Account-9754,Player-1B7A,1,2,2765,3 0,63,0
20260930-012807,247.5,Spear,Account-AD4B,Player-8FDE,1,3,9421,3 0,29,0
20260930-012807,247.5,Spear,Account-F4C4,Player-89AD,1,1,4486,0,62,0
20260930-012807,247.5,Spear,Account-16AE,Player-1BA4,1,2,9421,0,63,0
20260930-012807,293.7,Spear,Account-9365,Player-1172,1,3,6952,0 6,26,0
20260930-012807,293.7,Spear,Account-8C31,Player-DCBD,1,3,9236,0 3,0,0
20260930-012807,293.7,Spear,Account-1150,Player-470E,1,4,9666,0 4,40,0
20260930-012807,293.7,Spear,Account-83FE,Player-BCA0,1,3,10455,0 3,22,0
20260930-012807,293.7,Spear,Account-9FFE,Player-74C1,1,3,10268,0 3,63,0
20260930-012807,293.7,Spear,Account-5C40,Player-F494,1,1,6013,0,60,0
20260930-012807,293.7,Spear,Account-9754,Player-1B7A,1,1,3770,0,23,0
20260930-012807,293.7,Spear,Account-AD4B,Player-8FDE,1,4,12232,4 0 3,147,0
20260930-012807,293.7,Spear,Account-F4C4,Player-89AD,1,1,7196,0,0,0
20260930-012807,293.7,Spear,Account-16AE,Player-1BA4,1,7,14447,0 9 6,31,0
20260930-012807,346.9,Spear,Account-8C31,Player-DCBD,0,0,0,,0,0
20260930-012807,346.9,Spear,Account-5C40,Player-F494,0,0,0,,0,0
20260930-012807,346.9,Spear,Account-16AE,Player-1BA4,0,0,0,,0,0
20260930-013625,163.8,Spear,Account-9754,Player-DE24,1,4,8728,3 0 5,55,0
20260930-013625,163.8,Spear,Account-9365,Player-1172,1,3,7036,3 0,7,0
20260930-013625,163.8,Spear,Account-8C31,Player-DCBD,1,3,3209,4 3 0,73,0
20260930-013625,163.8,Spear,Account-1150,Player-470E,1,3,8568,3 0,60,0
20260930-013625,163.8,Spear,Account-83FE,Player-BCA0,1,3,6686,3 0,31,0
20260930-013625,163.8,Spear,Account-9FFE,Player-74C1,1,3,7992,3 0,59,0
20260930-013625,163.8,Spear,Account-5C40,Player-F494,1,3,6085,3 0,74,0
20260930-013625,163.8,Spear,Account-AD4B,Player-8FDE,1,5,4760,4 3 0,220,1
20260930-013625,163.8,Spear,Account-F4C4,Player-89AD,1,2,4479,3 0,0,0
20260930-013625,163.8,Spear,Account-16AE,Player-1BA4,1,2,4479,3 0,19,0
20260930-013625,219.5,Spear,Account-9754,Player-DE24,0,0,0,,0,0
20260930-013625,219.5,Spear,Account-9365,Player-1172,1,3,4980,0,89,0
20260930-013625,219.5,Spear,Account-8C31,Player-DCBD,1,2,3210,0 4,67,0
20260930-013625,219.5,Spear,Account-1150,Player-470E,1,1,4204,0,0,0
20260930-013625,219.5,Spear,Account-83FE,Player-BCA0,1,1,768,0,120,0
20260930-013625,219.5,Spear,Account-9FFE,Player-74C1,1,1,891,0,66,0
20260930-013625,219.5,Spear,Account-5C40,Player-F494,1,1,4593,0,0,0
20260930-013625,219.5,Spear,Account-AD4B,Player-8FDE,1,6,16805,0 6,28,0
20260930-013625,219.5,Spear,Account-F4C4,Player-89AD,1,2,4672,3 0,0,0
20260930-013625,219.5,Spear,Account-16AE,Player-1BA4,1,2,5182,0 6,68,0
20260930-013625,265.4,Spear,Account-9FFE,Player-74C1,1,18,33329,0,38,0
20260930-013625,265.4,Spear,Account-5C40,Player-F494,1,6,15500,0 6,48,0
20260930-013625,265.4,Spear,Account-16AE,Player-1BA4,1,7,13602,0 5 4,132,0
20260930-013625,313.3,Spear,Account-1150,Player-470E,1,2,14470,0,101,0
20260930-013625,313.3,Spear,Account-5C40,Player-F494,1,3,29504,0,0,0
20260930-013625,313.3,Spear,Account-AD4B,Player-8FDE,1,2,23573,0,0,0
20260930-013625,313.3,Spear,Account-16AE,Player-1BA4,1,6,29897,0 4,63,0
20260930-014701,173.6,Spear,Account-9365,Player-1172,1,2,7167,0,55,0
20260930-014701,173.6,Spear,Account-8C31,Player-DCBD,1,7,8570,3 0 4,108,0
20260930-014701,173.6,Spear,Account-1150,Player-470E,1,3,10437,3 0,96,0
20260930-014701,173.6,Spear,Account-83FE,Player-BCA0,1,4,0,3 6,54,0
20260930-014701,173.6,Spear,Account-9FFE,Player-74C1,1,3,8964,3 0,29,0
20260930-014701,173.6,Spear,Account-5C40,Player-F494,1,6,10778,3 0,0,0
20260930-014701,173.6,Spear,Account-9754,Player-DE24,1,4,7605,4 3 0,198,1
20260930-014701,173.6,Spear,Account-AD4B,Player-8FDE,1,3,10679,3 0,65,0
20260930-014701,173.6,Spear,Account-F4C4,Player-89AD,1,5,4949,3 0 4,29,0
20260930-014701,173.6,Spear,Account-16AE,Player-1BA4,1,7,9411,0 3 4,229,1
20260930-014701,228.2,Spear,Account-9365,Player-1172,1,4,8586,0 5 3,46,0
20260930-014701,228.2,Spear,Account-8C31,Player-DCBD,1,2,7586,0,0,0
20260930-014701,228.2,Spear,Account-1150,Player-470E,1,1,4806,0,0,0
20260930-014701,228.2,Spear,Account-83FE,Player-BCA0,1,4,10785,0 6,117,0
20260930-014701,228.2,Spear,Account-9FFE,Player-74C1,1,1,4483,0,0,0
20260930-014701,228.2,Spear,Account-5C40,Player-F494,1,3,5833,3 0,9,0
20260930-014701,228.2,Spear,Account-9754,Player-DE24,1,2,3233,3 0,0,0
20260930-014701,228.2,Spear,Account-AD4B,Player-8FDE,1,2,5934,3 0,17,0
20260930-014701,228.2,Spear,Account-F4C4,Player-89AD,1,3,11868,3 0,120,0
20260930-014701,228.2,Spear,Account-16AE,Player-1BA4,1,2,5934,3 0,14,0
20260930-014701,273.7,Spear,Account-9365,Player-1172,1,2,5482,3 0,159,1
20260930-014701,273.7,Spear,Account-8C31,Player-DCBD,1,2,4593,6 0,0,0
20260930-014701,273.7,Spear,Account-1150,Player-470E,1,2,7622,3 0,60,0
20260930-014701,273.7,Spear,Account-83FE,Player-BCA0,1,1,5209,0,59,0
20260930-014701,273.7,Spear,Account-9FFE,Player-74C1,1,2,7109,3 0,88,0
20260930-014701,273.7,Spear,Account-5C40,Player-F494,1,3,6532,0 6,46,0
20260930-014701,273.7,Spear,Account-9754,Player-DE24,1,2,4357,3 0,0,0
20260930-014701,273.7,Spear,Account-F4C4,Player-89AD,1,13,7198,6 4 0 3,0,0
20260930-014701,273.7,Spear,Account-16AE,Player-1BA4,1,8,10076,3 0 4,108,0
20260930-014701,329.4,Spear,Account-9365,Player-1172,1,2,15952,0,21,0
20260930-014701,329.4,Spear,Account-8C31,Player-DCBD,1,4,7632,3 0 4,0,0
20260930-014701,329.4,Spear,Account-83FE,Player-BCA0,1,4,6139,3 0 4,0,0
20260930-014701,329.4,Spear,Account-5C40,Player-F494,1,4,23708,3 0 9,110,0
20260930-014701,329.4,Spear,Account-9754,Player-DE24,1,2,14918,0,68,0
20260930-014701,329.4,Spear,Account-AD4B,Player-8FDE,1,2,20946,0,0,0
20260930-014701,329.4,Spear,Account-16AE,Player-1BA4,1,2,17908,0,77,0
20260930-014701,386.0,Spear,Account-9365,Player-1172,1,2,18359,0,51,0
20260930-014701,386.0,Spear,Account-8C31,Player-DCBD,1,3,15412,3 0,0,0
20260930-014701,386.0,Spear,Account-1150,Player-470E,1,1,10287,0,105,0
20260930-014701,386.0,Spear,Account-83FE,Player-BCA0,1,2,21520,0,0,0
20260930-014701,386.0,Spear,Account-5C40,Player-F494,1,4,12464,0 9 6,0,0
20260930-014701,386.0,Spear,Account-9754,Player-DE24,1,3,21179,3 0,0,0
20260930-014701,386.0,Spear,Account-AD4B,Player-8FDE,1,3,29738,0 3,34,0
20260930-014701,386.0,Spear,Account-16AE,Player-1BA4,1,6,42331,6 0 3,4,0
20260930-015718,167.4,Spear,Account-9365,Player-1172,1,3,14289,0,46,0
20260930-015718,167.4,Spear,Account-8C31,Player-DCBD,1,4,3007,0 3 4,0,0
20260930-015718,167.4,Spear,Account-1150,Player-470E,1,2,8940,0,67,0
20260930-015718,167.4,Spear,Account-83FE,Player-BCA0,1,2,9430,0,48,0
20260930-015718,167.4,Spear,Account-9FFE,Player-74C1,1,2,9294,0,0,0
20260930-015718,167.4,Spear,Account-5C40,Player-F494,1,3,13218,0,108,0
20260930-015718,167.4,Spear,Account-9754,Player-DE24,1,2,6702,0,0,0
20260930-015718,167.4,Spear,Account-AD4B,Player-8FDE,1,2,10456,0,38,0
20260930-015718,167.4,Spear,Account-F4C4,Player-89AD,1,3,18763,0,63,0
20260930-015718,167.4,Spear,Account-16AE,Player-1BA4,1,2,5228,0 3,0,0
20260930-015718,222.4,Spear,Account-9365,Player-1172,0,0,0,,0,0
20260930-015718,222.4,Spear,Account-8C31,Player-DCBD,1,1,0,3,87,0
20260930-015718,222.4,Spear,Account-1150,Player-470E,1,1,0,3,57,0
20260930-015718,222.4,Spear,Account-83FE,Player-BCA0,1,4,3572,3 0 6,25,0
20260930-015718,222.4,Spear,Account-9FFE,Player-74C1,0,0,0,,0,0
20260930-015718,222.4,Spear,Account-5C40,Player-F494,0,0,0,,0,0
20260930-015718,222.4,Spear,Account-9754,Player-DE24,0,0,0,,0,0
20260930-015718,222.4,Spear,Account-AD4B,Player-8FDE,1,3,9872,0 3,7,0
20260930-015718,222.4,Spear,Account-F4C4,Player-89AD,1,2,0,4 3,117,0
20260930-015718,222.4,Spear,Account-16AE,Player-1BA4,0,0,0,,0,0
20260930-015718,267.7,Spear,Account-9365,Player-1172,1,2,8232,0,23,0
20260930-015718,267.7,Spear,Account-8C31,Player-DCBD,1,1,2315,0,0,0
20260930-015718,267.7,Spear,Account-1150,Player-470E,0,0,0,,0,0
20260930-015718,267.7,Spear,Account-83FE,Player-BCA0,1,3,9651,0 3,108,0
20260930-015718,267.7,Spear,Account-9FFE,Player-74C1,1,1,0,3,112,0
20260930-015718,267.7,Spear,Account-5C40,Player-F494,1,1,5313,0,107,0
20260930-015718,267.7,Spear,Account-9754,Player-DE24,1,3,9498,0 3,89,0
20260930-015718,267.7,Spear,Account-AD4B,Player-8FDE,1,2,13336,0,79,0
20260930-015718,267.7,Spear,Account-F4C4,Player-89AD,1,3,10810,3 0,67,0
20260930-015718,267.7,Spear,Account-16AE,Player-1BA4,1,3,13336,0 3,57,0
20260930-020654,169.6,Spear,Account-9365,Player-1172,1,2,3647,3 0,14,0
20260930-020654,169.6,Spear,Account-8C31,Player-DCBD,1,4,6122,3 0,0,0
20260930-020654,169.6,Spear,Account-1150,Player-470E,1,1,0,4,220,1
20260930-020654,169.6,Spear,Account-83FE,Player-BCA0,1,8,4130,3 0 6 4,0,0
20260930-020654,169.6,Spear,Account-9FFE,Player-74C1,1,1,4019,0,88,0
20260930-020654,169.6,Spear,Account-5C40,Player-F494,1,2,9416,0,63,0
20260930-020654,169.6,Spear,Account-9754,Player-DE24,1,4,5798,3 0,14,0
20260930-020654,169.6,Spear,Account-AD4B,Player-8FDE,1,1,0,3,22,0
20260930-020654,169.6,Spear,Account-F4C4,Player-89AD,1,2,9576,0,63,0
20260930-020654,169.6,Spear,Account-16AE,Player-1BA4,1,2,4788,0 3,88,0
20260930-020654,225.9,Spear,Account-1150,Player-470E,1,3,8880,0 4,59,0
20260930-020654,225.9,Spear,Account-83FE,Player-BCA0,1,2,3570,3 0,0,0
20260930-020654,225.9,Spear,Account-9FFE,Player-74C1,1,2,4141,3 0,0,0
20260930-020654,225.9,Spear,Account-9754,Player-DE24,1,3,2688,6 3 0,0,0
20260930-020654,225.9,Spear,Account-AD4B,Player-8FDE,1,2,5804,3 0,0,0
20260930-020654,225.9,Spear,Account-F4C4,Player-89AD,1,3,9866,0 3,59,0
20260930-020654,225.9,Spear,Account-16AE,Player-1BA4,1,3,4440,6 3 0,0,0
20260930-020654,271.7,Spear,Account-9365,Player-1172,1,1,4096,0,54,0
20260930-020654,271.7,Spear,Account-8C31,Player-DCBD,1,1,3325,0,91,0
20260930-020654,271.7,Spear,Account-1150,Player-470E,1,1,5695,0,0,0
20260930-020654,271.7,Spear,Account-83FE,Player-BCA0,1,1,3892,0,50,0
20260930-020654,271.7,Spear,Account-9FFE,Player-74C1,1,1,5311,0,54,0
20260930-020654,271.7,Spear,Account-5C40,Player-F494,1,1,6028,0,0,0
20260930-020654,271.7,Spear,Account-9754,Player-DE24,1,1,3447,0,22,0
20260930-020654,271.7,Spear,Account-AD4B,Player-8FDE,1,1,4840,0,36,0
20260930-020654,271.7,Spear,Account-F4C4,Player-89AD,1,1,6131,0,0,0
20260930-020654,271.7,Spear,Account-16AE,Player-1BA4,0,0,0,,0,0
20260930-130931,161.8,Spear,Account-9365,Player-DDA6,1,3,10319,0,59,0
20260930-130931,161.8,Spear,Account-83FE,Player-BCA0,1,3,12466,0,62,0
20260930-130931,161.8,Spear,Account-9FFE,Player-74C1,1,2,9045,0,13,0
20260930-130931,161.8,Spear,Account-2EB3,Player-01BF,1,4,4566,0 4,0,0
20260930-130931,161.8,Spear,Account-9FE4,Player-717E,1,6,8318,4 0,220,1
20260930-130931,161.8,Spear,Account-1150,Player-470E,1,2,8646,0,0,0
20260930-130931,161.8,Spear,Account-ABC8,Player-F7E0,1,9,5060,0 4,42,0
20260930-130931,161.8,Spear,Account-5C40,Player-F494,1,2,8500,0,4,0
20260930-130931,161.8,Spear,Account-EA9E,Player-C842,1,2,6370,0,71,0
20260930-130931,161.8,Spear,Account-059D,Player-CC68,1,9,11094,0 4,0,0
20260930-130931,216.9,Spear,Account-9365,Player-DDA6,1,4,8660,3 0 5,30,0
20260930-130931,216.9,Spear,Account-83FE,Player-BCA0,1,4,5595,0 4,104,0
20260930-130931,216.9,Spear,Account-9FFE,Player-74C1,1,3,22667,0,38,0
20260930-130931,216.9,Spear,Account-2EB3,Player-01BF,1,5,12447,3 0,96,0
20260930-130931,216.9,Spear,Account-ABC8,Player-F7E0,1,4,14526,0 4,65,0
20260930-130931,216.9,Spear,Account-5C40,Player-F494,1,4,22803,3 0,34,0
20260930-130931,216.9,Spear,Account-059D,Player-CC68,1,4,22292,0,12,0
20260930-130931,267.6,Spear,Account-9365,Player-DDA6,1,1,5114,0,129,0
20260930-130931,267.6,Spear,Account-83FE,Player-BCA0,1,4,6608,0 4 6,166,1
20260930-130931,267.6,Spear,Account-9FFE,Player-74C1,1,11,31363,0 9 6,0,0
20260930-130931,267.6,Spear,Account-ABC8,Player-F7E0,1,3,26418,0,0,0
20260930-130931,267.6,Spear,Account-059D,Player-CC68,1,3,14262,0 6,60,0
20260930-131331,168.2,Spear,Account-9365,Player-DDA6,1,1,2654,0,14,0
20260930-131331,168.2,Spear,Account-83FE,Player-BCA0,1,1,3429,0,63,0
20260930-131331,168.2,Spear,Account-9FFE,Player-74C1,1,2,8388,0,0,0
20260930-131331,168.2,Spear,Account-2EB3,Player-01BF,1,2,7314,0,0,0
20260930-131331,168.2,Spear,Account-9FE4,Player-717E,1,2,9712,0,0,0
20260930-131331,168.2,Spear,Account-1150,Player-470E,1,6,14150,4 0,188,1
20260930-131331,168.2,Spear,Account-ABC8,Player-F7E0,1,2,7880,0,0,0
20260930-131331,168.2,Spear,Account-5C40,Player-F494,1,6,10334,4 0 3,155,1
20260930-131331,168.2,Spear,Account-EA9E,Player-C842,1,2,6258,0,117,0
20260930-131331,168.2,Spear,Account-059D,Player-CC68,1,5,11080,0 4,0,0
20260930-131748,162.9,Spear,Account-9365,Player-DDA6,1,2,3781,3 0,0,0
20260930-131748,162.9,Spear,Account-83FE,Player-BCA0,1,3,10526,0 3,0,0
20260930-131748,162.9,Spear,Account-9FFE,Player-74C1,1,3,9899,3 0,69,0
20260930-131748,162.9,Spear,Account-2EB3,Player-01BF,1,3,8630,3 0,0,0
20260930-131748,162.9,Spear,Account-9FE4,Player-717E,1,2,4690,3 0,0,0
20260930-131748,162.9,Spear,Account-1150,Player-470E,1,2,6075,3 0,57,0
20260930-131748,162.9,Spear,Account-ABC8,Player-F7E0,1,1,3430,0,0,0
20260930-131748,162.9,Spear,Account-5C40,Player-F494,1,2,5385,0 3,0,0
20260930-131748,162.9,Spear,Account-EA9E,Player-C842,1,2,3805,3 0,0,0
20260930-131748,162.9,Spear,Account-059D,Player-CC68,1,2,4277,0 3,0,0
20260930-131748,218.8,Spear,Account-83FE,Player-BCA0,1,3,7160,6 3 0,0,0
20260930-131748,218.8,Spear,Account-9FFE,Player-74C1,1,9,19932,0 4,0,0
20260930-131748,218.8,Spear,Account-1150,Player-470E,1,5,26639,0 3 4,0,0
20260930-131748,218.8,Spear,Account-5C40,Player-F494,1,13,52238,0 3 9 6,0,0
20260930-131748,218.8,Spear,Account-EA9E,Player-C842,1,3,6197,3 0,0,0
20260930-131748,218.8,Spear,Account-059D,Player-CC68,1,4,24723,0,0,0
20260930-132907,170.8,Spear,Account-9365,Player-DDA6,1,3,6396,3 0,59,0
20260930-132907,170.8,Spear,Account-83FE,Player-BCA0,1,2,8763,0,24,0
20260930-132907,170.8,Spear,Account-9FFE,Player-74C1,1,2,10166,0,0,0
20260930-132907,170.8,Spear,Account-2EB3,Player-01BF,1,2,8863,0,13,0
20260930-132907,170.8,Spear,Account-9FE4,Player-717E,1,1,3465,0,0,0
20260930-132907,170.8,Spear,Account-1150,Player-470E,1,3,11423,3 0,46,0
20260930-132907,170.8,Spear,Account-ABC8,Player-F7E0,1,2,6009,0,0,0
20260930-132907,170.8,Spear,Account-5C40,Player-F494,1,2,9433,0,0,0
20260930-132907,170.8,Spear,Account-EA9E,Player-C842,1,3,12357,0,59,0
20260930-132907,170.8,Spear,Account-059D,Player-CC68,1,2,7492,0,29,0
20260930-132907,227.1,Spear,Account-9365,Player-DDA6,1,4,6094,3 0,84,0
20260930-132907,227.1,Spear,Account-83FE,Player-BCA0,1,10,0,3 6,0,0
20260930-132907,227.1,Spear,Account-9FFE,Player-74C1,1,2,9706,0,0,0
20260930-132907,227.1,Spear,Account-2EB3,Player-01BF,1,5,5746,3 0,29,0
20260930-132907,227.1,Spear,Account-9FE4,Player-717E,1,4,7162,3 0,0,0
20260930-132907,227.1,Spear,Account-1150,Player-470E,1,2,4639,3 0,0,0
20260930-132907,227.1,Spear,Account-ABC8,Player-F7E0,1,5,11577,0 3,0,0
20260930-132907,227.1,Spear,Account-5C40,Player-F494,1,10,9934,3 0,0,0
20260930-132907,227.1,Spear,Account-EA9E,Player-C842,1,2,7241,0,67,0
20260930-132907,227.1,Spear,Account-059D,Player-CC68,1,3,7244,3 0,46,0
20260930-132907,273.2,Spear,Account-9365,Player-DDA6,1,7,5485,0 5 6,83,0
20260930-132907,273.2,Spear,Account-83FE,Player-BCA0,1,5,6189,0 3,0,0
20260930-132907,273.2,Spear,Account-9FFE,Player-74C1,1,4,11950,0 3,0,0
20260930-132907,273.2,Spear,Account-2EB3,Player-01BF,1,7,9280,0 4,28,0
20260930-132907,273.2,Spear,Account-9FE4,Player-717E,1,4,9714,0 3,83,0
20260930-132907,273.2,Spear,Account-1150,Player-470E,1,1,5364,0,0,0
20260930-132907,273.2,Spear,Account-ABC8,Player-F7E0,1,8,6560,0 3 4,69,0
20260930-132907,273.2,Spear,Account-5C40,Player-F494,1,4,6273,0 4,0,0
20260930-132907,273.2,Spear,Account-EA9E,Player-C842,1,10,11261,0 3,43,0
20260930-132907,273.2,Spear,Account-059D,Player-CC68,1,3,5776,0,0,0
20260930-132907,321.3,Spear,Account-9365,Player-DDA6,1,3,7366,0 3,72,0
20260930-132907,321.3,Spear,Account-83FE,Player-BCA0,1,3,7367,3 0,28,0
20260930-132907,321.3,Spear,Account-9FFE,Player-74C1,1,3,10053,3 0,93,0
20260930-132907,321.3,Spear,Account-2EB3,Player-01BF,1,3,11120,0 3,55,0
20260930-132907,321.3,Spear,Account-9FE4,Player-717E,1,2,7859,0,0,0
20260930-132907,321.3,Spear,Account-1150,Player-470E,1,3,14773,0 3,0,0
20260930-132907,321.3,Spear,Account-ABC8,Player-F7E0,1,2,7501,0,0,0
20260930-132907,321.3,Spear,Account-5C40,Player-F494,1,3,6705,3 0,0,0
20260930-132907,321.3,Spear,Account-EA9E,Player-C842,1,4,13279,0,153,1
20260930-132907,321.3,Spear,Account-059D,Player-CC68,1,2,7949,0,0,0
20260930-133514,165.3,Spear,Account-9365,Player-DDA6,1,3,5709,3 0,7,0
20260930-133514,165.3,Spear,Account-83FE,Player-BCA0,1,3,9785,0,25,0
20260930-133514,165.3,Spear,Account-9FFE,Player-74C1,1,2,6370,0,0,0
20260930-133514,165.3,Spear,Account-2EB3,Player-01BF,1,7,5509,4 0,155,1
20260930-133514,165.3,Spear,Account-9FE4,Player-717E,1,3,8331,3 0,0,0
20260930-133514,165.3,Spear,Account-1150,Player-470E,1,2,3021,3 0,22,0
20260930-133514,165.3,Spear,Account-ABC8,Player-F7E0,1,2,5745,0,0,0
20260930-133514,165.3,Spear,Account-5C40,Player-F494,1,2,4743,3 0,0,0
20260930-133514,165.3,Spear,Account-EA9E,Player-C842,1,3,5745,0 5,25,0
20260930-133514,165.3,Spear,Account-059D,Player-CC68,1,3,9849,0,0,0
20260930-133514,220.0,Spear,Account-9365,Player-DDA6,1,7,9213,0 3,58,0
20260930-133514,220.0,Spear,Account-83FE,Player-BCA0,1,4,8839,3 0,0,0
20260930-133514,220.0,Spear,Account-9FFE,Player-74C1,1,3,6703,3 0,0,0
20260930-133514,220.0,Spear,Account-2EB3,Player-01BF,1,3,7066,3 0,15,0
20260930-133514,220.0,Spear,Account-9FE4,Player-717E,1,4,7453,3 0,0,0
20260930-133514,220.0,Spear,Account-1150,Player-470E,1,4,3939,3 0,103,0
20260930-133514,220.0,Spear,Account-ABC8,Player-F7E0,1,11,21520,0,0,0
20260930-133514,220.0,Spear,Account-5C40,Player-F494,1,4,9492,3 0,8,0
20260930-133514,220.0,Spear,Account-EA9E,Player-C842,1,3,6956,0 3,0,0
20260930-133514,220.0,Spear,Account-059D,Player-CC68,1,11,13034,4 0,187,1
20260930-133514,270.7,Spear,Account-9365,Player-DDA6,1,3,12221,3 0,0,0
20260930-133514,270.7,Spear,Account-83FE,Player-BCA0,1,4,6381,3 0 5 6,113,0
20260930-133514,270.7,Spear,Account-1150,Player-470E,1,4,6240,3 0 4,0,0
20260930-133514,270.7,Spear,Account-ABC8,Player-F7E0,1,27,57312,0 9 6,0,0
20260930-133514,270.7,Spear,Account-059D,Player-CC68,1,4,29587,0 9,0,0
20260930-134135,167.0,Spear,Account-9365,Player-DDA6,1,2,5946,0,43,0
20260930-134135,167.0,Spear,Account-83FE,Player-BCA0,1,3,6534,4 0,159,1
20260930-134135,167.0,Spear,Account-9FFE,Player-74C1,1,3,6270,0 3,8,0
20260930-134135,167.0,Spear,Account-2EB3,Player-01BF,1,1,3475,0,0,0
20260930-134135,167.0,Spear,Account-9FE4,Player-717E,1,1,3666,0,93,0
20260930-134135,167.0,Spear,Account-1150,Player-470E,1,4,5655,0 5 3,46,0
20260930-134135,167.0,Spear,Account-ABC8,Player-F7E0,1,3,3240,0 3,0,0
20260930-134135,167.0,Spear,Account-5C40,Player-F494,1,2,8878,0,0,0
20260930-134135,167.0,Spear,Account-EA9E,Player-C842,1,3,8783,0,63,0
20260930-134135,167.0,Spear,Account-059D,Player-CC68,1,5,8572,0 3,0,0
20260930-134135,223.3,Spear,Account-9365,Player-DDA6,1,2,7423,0,58,0
20260930-134135,223.3,Spear,Account-83FE,Player-BCA0,1,4,4543,4 3 0,191,1
20260930-134135,223.3,Spear,Account-9FFE,Player-74C1,1,3,8718,3 0,97,0
20260930-134135,223.3,Spear,Account-2EB3,Player-01BF,1,3,8590,0 3,93,0
20260930-134135,223.3,Spear,Account-9FE4,Player-717E,1,5,10661,3 0 5,11,0
20260930-134135,223.3,Spear,Account-1150,Player-470E,1,2,7864,0,0,0
20260930-134135,223.3,Spear,Account-ABC8,Player-F7E0,1,3,7078,3 0,64,0
20260930-134135,223.3,Spear,Account-5C40,Player-F494,1,4,12693,0,114,0
20260930-134135,223.3,Spear,Account-EA9E,Player-C842,1,3,9252,3 0,116,0
20260930-134135,223.3,Spear,Account-059D,Player-CC68,1,5,4903,6 0,0,0
20260930-134135,270.3,Spear,Account-9365,Player-DDA6,1,6,7805,0 3 5 6,0,0
20260930-134135,270.3,Spear,Account-83FE,Player-BCA0,1,7,4762,6 0 3,0,0
20260930-134135,270.3,Spear,Account-9FFE,Player-74C1,1,5,11389,3 0 5,0,0
20260930-134135,270.3,Spear,Account-2EB3,Player-01BF,1,6,10199,0 5 6,42,0
20260930-134135,270.3,Spear,Account-9FE4,Player-717E,1,8,6827,3 0 5 6,0,0
20260930-134135,270.3,Spear,Account-1150,Player-470E,1,3,12672,3 0,6,0
20260930-134135,270.3,Spear,Account-ABC8,Player-F7E0,1,4,11072,3 0,41,0
20260930-134135,270.3,Spear,Account-5C40,Player-F494,1,4,16125,3 0,0,0
20260930-134135,270.3,Spear,Account-EA9E,Player-C842,1,4,8242,3 0 5,29,0
20260930-134135,270.3,Spear,Account-059D,Player-CC68,1,8,13585,3 0 5,0,0
20260930-134554,161.0,Spear,Account-9365,Player-DDA6,1,2,5750,0,62,0
20260930-134554,161.0,Spear,Account-83FE,Player-BCA0,1,3,9639,0,58,0
20260930-134554,161.0,Spear,Account-9FFE,Player-74C1,1,5,9887,0 3,0,0
20260930-134554,161.0,Spear,Account-2EB3,Player-01BF,1,4,7392,0 3,0,0
20260930-134554,161.0,Spear,Account-9FE4,Player-717E,1,7,8485,0 4,107,0
20260930-134554,161.0,Spear,Account-1150,Player-470E,1,5,7167,4 0,209,1
20260930-134554,161.0,Spear,Account-ABC8,Player-F7E0,1,2,6433,0,0,0
20260930-134554,161.0,Spear,Account-5C40,Player-F494,1,2,10806,0,0,0
20260930-134554,161.0,Spear,Account-EA9E,Player-C842,1,2,5467,0,8,0
20260930-134554,161.0,Spear,Account-059D,Player-CC68,1,6,9614,0,0,0
20260930-135458,167.5,Spear,Account-9365,Player-DDA6,1,4,6445,3 0,29,0
20260930-135458,167.5,Spear,Account-83FE,Player-BCA0,1,2,8500,0,0,0
20260930-135458,167.5,Spear,Account-9FFE,Player-74C1,1,3,13239,0,64,0
20260930-135458,167.5,Spear,Account-2EB3,Player-01BF,1,2,12831,0,4,0
20260930-135458,167.5,Spear,Account-9FE4,Player-717E,1,4,7201,0 3,0,0
20260930-135458,167.5,Spear,Account-1150,Player-470E,1,2,3072,3 0,0,0
20260930-135458,167.5,Spear,Account-ABC8,Player-F7E0,1,4,5842,0 3,0,0
20260930-135458,167.5,Spear,Account-5C40,Player-F494,1,2,11547,0,0,0
20260930-135458,167.5,Spear,Account-059D,Player-CC68,1,2,9172,0,0,0
20260930-135458,222.9,Spear,Account-9365,Player-DDA6,1,8,8505,3 0,82,0
20260930-135458,222.9,Spear,Account-83FE,Player-BCA0,1,4,6598,3 0 6,0,0
20260930-135458,222.9,Spear,Account-9FFE,Player-74C1,1,2,7939,0,61,0
20260930-135458,222.9,Spear,Account-2EB3,Player-01BF,1,3,12491,0 3,105,0
20260930-135458,222.9,Spear,Account-9FE4,Player-717E,1,1,0,3,172,1
20260930-135458,222.9,Spear,Account-1150,Player-470E,1,2,2946,3 0,19,0
20260930-135458,222.9,Spear,Account-ABC8,Player-F7E0,1,9,9859,4 0 3,59,0
20260930-135458,222.9,Spear,Account-EA9E,Player-C842,1,3,5771,0 3,16,0
20260930-135458,222.9,Spear,Account-059D,Player-CC68,1,2,8929,0,0,0
20260930-135458,274.1,Spear,Account-9365,Player-DDA6,1,3,6103,3 0,36,0
20260930-135458,274.1,Spear,Account-83FE,Player-BCA0,1,3,6724,3 0,63,0
20260930-135458,274.1,Spear,Account-9FFE,Player-74C1,1,4,10028,0 3,21,0
20260930-135458,274.1,Spear,Account-9FE4,Player-717E,1,3,3586,3 0 5,0,0
20260930-135458,274.1,Spear,Account-1150,Player-470E,1,3,5818,3 0,67,0
20260930-135458,274.1,Spear,Account-ABC8,Player-F7E0,1,3,6136,0 3,42,0
20260930-135458,274.1,Spear,Account-5C40,Player-F494,1,4,5066,0 3 4,46,0
20260930-135458,274.1,Spear,Account-EA9E,Player-C842,1,4,9045,0 3,106,0
20260930-140955,171.1,Spear,Account-9365,Player-DDA6,1,2,8791,0,44,0
20260930-140955,171.1,Spear,Account-83FE,Player-BCA0,1,5,6835,0 3,0,0
20260930-140955,171.1,Spear,Account-9FFE,Player-74C1,1,3,10218,0 3,105,0
20260930-140955,171.1,Spear,Account-2EB3,Player-01BF,1,3,10771,0 3,0,0
20260930-140955,171.1,Spear,Account-9FE4,Player-717E,1,3,7942,0 3,0,0
20260930-140955,171.1,Spear,Account-1150,Player-470E,1,2,3698,0 3,106,0
20260930-140955,171.1,Spear,Account-ABC8,Player-F7E0,1,5,6654,0,0,0
20260930-140955,171.1,Spear,Account-5C40,Player-F494,1,2,14469,0,0,0
20260930-140955,171.1,Spear,Account-EA9E,Player-C842,1,2,7396,0,0,0
20260930-140955,171.1,Spear,Account-059D,Player-CC68,1,6,12819,0,0,0
20260930-140955,227.6,Spear,Account-9365,Player-DDA6,1,15,4870,6 0 3,107,0
20260930-140955,227.6,Spear,Account-83FE,Player-BCA0,1,8,3690,6 0 3,0,0
20260930-140955,227.6,Spear,Account-9FFE,Player-74C1,1,4,10623,0 5,42,0
20260930-140955,227.6,Spear,Account-2EB3,Player-01BF,1,4,11385,3 0,34,0
20260930-140955,227.6,Spear,Account-9FE4,Player-717E,1,7,7010,6 0 3,0,0
20260930-140955,227.6,Spear,Account-1150,Player-470E,1,5,6527,6 0 3,0,0
20260930-140955,227.6,Spear,Account-ABC8,Player-F7E0,1,5,6527,3 0,0,0
20260930-140955,227.6,Spear,Account-5C40,Player-F494,1,20,8239,6 3 0 4,0,0
20260930-140955,227.6,Spear,Account-EA9E,Player-C842,1,5,12728,0 3,0,0
20260930-140955,227.6,Spear,Account-059D,Player-CC68,1,9,12302,0 3 4,0,0
20260930-140955,273.3,Spear,Account-9365,Player-DDA6,1,2,8644,0,0,0
20260930-140955,273.3,Spear,Account-83FE,Player-BCA0,1,4,15797,0 3,63,0
20260930-140955,273.3,Spear,Account-9FFE,Player-74C1,1,3,8680,0 3,36,0
20260930-140955,273.3,Spear,Account-2EB3,Player-01BF,1,2,6828,0 5,93,0
20260930-140955,273.3,Spear,Account-9FE4,Player-717E,1,2,8408,0,11,0
20260930-140955,273.3,Spear,Account-1150,Player-470E,1,2,9758,0,13,0
20260930-140955,273.3,Spear,Account-ABC8,Player-F7E0,1,2,3915,0 5,93,0
20260930-140955,273.3,Spear,Account-5C40,Player-F494,1,2,6145,0 3,38,0
20260930-140955,273.3,Spear,Account-EA9E,Player-C842,1,3,3915,0 5 3,93,0
20260930-140955,273.3,Spear,Account-059D,Player-CC68,1,3,0,6,28,0
20260930-142129,171.6,Spear,Account-9365,Player-DDA6,1,2,8828,0,0,0
20260930-142129,171.6,Spear,Account-83FE,Player-BCA0,1,4,10402,0 3,57,0
20260930-142129,171.6,Spear,Account-9FFE,Player-74C1,1,5,5282,3 0 4,0,0
20260930-142129,171.6,Spear,Account-2EB3,Player-01BF,1,10,15435,0 3 4,0,0
20260930-142129,171.6,Spear,Account-9FE4,Player-717E,1,3,4750,0 4,0,0
20260930-142129,171.6,Spear,Account-33F7,Player-E1F6,1,7,11530,0 3,29,0
20260930-142129,171.6,Spear,Account-ABC8,Player-F7E0,1,5,8160,0 3,108,0
20260930-142129,171.6,Spear,Account-5C40,Player-F494,1,2,5448,3 0,0,0
20260930-142129,171.6,Spear,Account-EA9E,Player-C842,1,1,3129,0,58,0
20260930-142129,171.6,Spear,Account-059D,Player-CC68,1,2,10359,0,50,0
20260930-142129,226.2,Spear,Account-9365,Player-DDA6,1,10,3560,6 3 4 0,79,0
20260930-142129,226.2,Spear,Account-83FE,Player-BCA0,1,6,16556,0 3 4,69,0
20260930-142129,226.2,Spear,Account-9FFE,Player-74C1,1,3,12745,3 0,0,0
20260930-142129,226.2,Spear,Account-2EB3,Player-01BF,1,9,15620,0 3 9 6,55,0
20260930-142129,226.2,Spear,Account-9FE4,Player-717E,1,5,11987,3 0 5,0,0
20260930-142129,226.2,Spear,Account-33F7,Player-E1F6,1,3,4809,3 0,0,0
20260930-142129,226.2,Spear,Account-ABC8,Player-F7E0,1,5,8956,3 0 5,124,0
20260930-142129,226.2,Spear,Account-5C40,Player-F494,1,7,21717,3 0 5,0,0
20260930-142129,226.2,Spear,Account-EA9E,Player-C842,1,5,6321,3 0,84,0
20260930-142129,226.2,Spear,Account-059D,Player-CC68,1,18,3348,6 3 0 4,103,0
20260930-142522,166.6,Spear,Account-9365,Player-DDA6,1,5,2593,0 4 3,167,1
20260930-142522,166.6,Spear,Account-83FE,Player-BCA0,1,3,6700,0 3,65,0
20260930-142522,166.6,Spear,Account-9FFE,Player-74C1,1,1,3215,0,61,0
20260930-142522,166.6,Spear,Account-2EB3,Player-01BF,1,3,6776,0 3,0,0
20260930-142522,166.6,Spear,Account-9FE4,Player-717E,1,2,3114,3 0,0,0
20260930-142522,166.6,Spear,Account-33F7,Player-E1F6,1,3,6228,0 3,0,0
20260930-142522,166.6,Spear,Account-ABC8,Player-F7E0,1,3,7328,0 3,63,0
20260930-142522,166.6,Spear,Account-5C40,Player-F494,1,2,4552,0 3,90,0
20260930-142522,166.6,Spear,Account-EA9E,Player-C842,1,3,5800,0 3,66,0
20260930-142522,166.6,Spear,Account-059D,Player-CC68,1,1,3615,0,0,0
20260930-143043,165.4,Spear,Account-9365,Player-DDA6,1,6,2357,4 0,220,1
20260930-143043,165.4,Spear,Account-83FE,Player-BCA0,1,3,6090,0 3,47,0
20260930-143043,165.4,Spear,Account-9FFE,Player-74C1,1,2,2922,3 0,46,0
20260930-143043,165.4,Spear,Account-2EB3,Player-01BF,1,2,3080,0 3,59,0
20260930-143043,165.4,Spear,Account-9FE4,Player-717E,1,3,7054,0 3,0,0
20260930-143043,165.4,Spear,Account-33F7,Player-E1F6,1,2,2830,0 3,4,0
20260930-143043,165.4,Spear,Account-ABC8,Player-F7E0,1,2,2830,0 3,58,0
20260930-143043,165.4,Spear,Account-5C40,Player-F494,1,1,4137,0,0,0
20260930-143043,165.4,Spear,Account-EA9E,Player-C842,1,3,6200,0 3,60,0
20260930-143043,165.4,Spear,Account-059D,Player-CC68,1,3,8664,0,0,0
20260930-143043,220.4,Spear,Account-9365,Player-DDA6,1,6,7470,0 3,0,0
20260930-143043,220.4,Spear,Account-83FE,Player-BCA0,1,4,3852,0 6,60,0
20260930-143043,220.4,Spear,Account-9FFE,Player-74C1,1,10,9831,3 0 4,106,0
20260930-143043,220.4,Spear,Account-2EB3,Player-01BF,1,5,5814,3 0 5 6,36,0
20260930-143043,220.4,Spear,Account-9FE4,Player-717E,1,4,8924,0 3,0,0
20260930-143043,220.4,Spear,Account-33F7,Player-E1F6,1,3,14268,0,0,0
20260930-143043,220.4,Spear,Account-ABC8,Player-F7E0,1,6,7983,0 3,0,0
20260930-143043,220.4,Spear,Account-5C40,Player-F494,1,5,22025,0 3 9,14,0
20260930-143043,220.4,Spear,Account-EA9E,Player-C842,1,2,6666,0,0,0
20260930-143043,220.4,Spear,Account-059D,Player-CC68,1,16,7024,0 3 6,14,0
20260930-143043,267.5,Spear,Account-9365,Player-DDA6,1,2,9358,0,88,0
20260930-143043,267.5,Spear,Account-83FE,Player-BCA0,1,1,4897,0,63,0
20260930-143043,267.5,Spear,Account-9FFE,Player-74C1,1,2,9678,0,79,0
20260930-143043,267.5,Spear,Account-2EB3,Player-01BF,1,3,18423,0 9,103,0
20260930-143043,267.5,Spear,Account-9FE4,Player-717E,1,2,11344,0,13,0
20260930-143043,267.5,Spear,Account-33F7,Player-E1F6,1,10,13972,3 0 6,179,1
20260930-143043,267.5,Spear,Account-ABC8,Player-F7E0,1,2,9102,0,0,0
20260930-143043,267.5,Spear,Account-5C40,Player-F494,1,2,13304,0,66,0
20260930-143043,267.5,Spear,Account-EA9E,Player-C842,1,2,8476,0,0,0
20260930-143043,267.5,Spear,Account-059D,Player-CC68,1,2,10568,0,63,0
20260930-144016,187.5,Spear,Account-9365,Player-DDA6,1,1,3691,0,0,0
20260930-144016,187.5,Spear,Account-83FE,Player-BCA0,1,1,4292,0,0,0
20260930-144016,187.5,Spear,Account-9FFE,Player-74C1,1,2,8823,0,21,0
20260930-144016,187.5,Spear,Account-2EB3,Player-01BF,1,2,9156,0,52,0
20260930-144016,187.5,Spear,Account-9FE4,Player-717E,1,2,8414,0,36,0
20260930-144016,187.5,Spear,Account-33F7,Player-E1F6,1,1,3989,0,0,0
20260930-144016,187.5,Spear,Account-ABC8,Player-F7E0,1,4,11030,4 0,198,1
20260930-144016,187.5,Spear,Account-5C40,Player-F494,1,2,15485,0,0,0
20260930-144016,187.5,Spear,Account-EA9E,Player-C842,1,1,3715,0,0,0
20260930-144016,187.5,Spear,Account-059D,Player-CC68,1,4,10695,0 3,0,0
20260930-144016,242.1,Spear,Account-9365,Player-DDA6,1,4,7309,0 6,53,0
20260930-144016,242.1,Spear,Account-83FE,Player-BCA0,1,5,11150,0 6,18,0
20260930-144016,242.1,Spear,Account-9FFE,Player-74C1,1,9,17081,3 0,0,0
20260930-144016,242.1,Spear,Account-2EB3,Player-01BF,1,5,17930,0 3 9 6,7,0
20260930-144016,242.1,Spear,Account-9FE4,Player-717E,1,10,12527,0 6,0,0
20260930-144016,242.1,Spear,Account-33F7,Player-E1F6,1,9,11605,0 6,62,0
20260930-144016,242.1,Spear,Account-ABC8,Player-F7E0,1,4,15207,0 3,76,0
20260930-144016,242.1,Spear,Account-5C40,Player-F494,1,5,6077,0 6 3,0,0
20260930-144016,242.1,Spear,Account-EA9E,Player-C842,1,5,16650,0 3 5,48,0
20260930-144016,242.1,Spear,Account-059D,Player-CC68,1,21,14457,6 0,0,0
20260930-144016,287.3,Spear,Account-9365,Player-DDA6,1,3,5348,3 0,0,0
20260930-144016,287.3,Spear,Account-83FE,Player-BCA0,1,3,10643,6 0,0,0
20260930-144016,287.3,Spear,Account-9FFE,Player-74C1,1,22,7378,3 6 0,0,0
20260930-144016,287.3,Spear,Account-2EB3,Player-01BF,1,16,4992,3 6 0,72,0
20260930-144016,287.3,Spear,Account-9FE4,Player-717E,1,3,9893,3 0,0,0
20260930-144016,287.3,Spear,Account-33F7,Player-E1F6,1,13,24209,0 4,88,0
20260930-144016,287.3,Spear,Account-ABC8,Player-F7E0,1,2,0,6,0,0
20260930-144016,287.3,Spear,Account-5C40,Player-F494,1,16,30658,3 0 4,0,0
20260930-144016,287.3,Spear,Account-EA9E,Player-C842,1,4,0,3 6,0,0
20260930-144016,287.3,Spear,Account-059D,Player-CC68,1,4,0,3 6,0,0
20260930-144016,343.0,Spear,Account-9365,Player-DDA6,1,2,4235,3 0,0,0
20260930-144016,343.0,Spear,Account-83FE,Player-BCA0,1,1,4924,0,0,0
20260930-144016,343.0,Spear,Account-9FFE,Player-74C1,1,2,4725,3 0,0,0
20260930-144016,343.0,Spear,Account-2EB3,Player-01BF,1,10,4458,4 3 0,220,1
20260930-144016,343.0,Spear,Account-9FE4,Player-717E,1,10,4577,0 3 4,127,0
20260930-144016,343.0,Spear,Account-33F7,Player-E1F6,1,6,15521,0 3,0,0
20260930-144016,343.0,Spear,Account-ABC8,Player-F7E0,1,1,0,3,16,0
20260930-144016,343.0,Spear,Account-5C40,Player-F494,1,2,6690,3 0,0,0
20260930-144016,343.0,Spear,Account-EA9E,Player-C842,1,4,10623,0 3,17,0
20260930-144016,343.0,Spear,Account-059D,Player-CC68,1,4,0,6,0,0
20260930-144536,164.9,Spear,Account-9365,Player-DDA6,1,1,3186,0,0,0
20260930-144536,164.9,Spear,Account-83FE,Player-BCA0,1,4,3632,3 4 0,38,0
20260930-144536,164.9,Spear,Account-9FFE,Player-74C1,1,1,3555,0,114,0
20260930-144536,164.9,Spear,Account-2EB3,Player-01BF,1,3,7494,0 3,0,0
20260930-144536,164.9,Spear,Account-9FE4,Player-717E,1,4,11915,0 3,0,0
20260930-144536,164.9,Spear,Account-33F7,Player-E1F6,1,1,3444,0,0,0
20260930-144536,164.9,Spear,Account-ABC8,Player-F7E0,1,3,7496,0 3,64,0
20260930-144536,164.9,Spear,Account-5C40,Player-F494,1,2,5034,0 3,29,0
20260930-144536,164.9,Spear,Account-EA9E,Player-C842,1,3,3207,0 5 3,128,0
20260930-144536,164.9,Spear,Account-059D,Player-CC68,1,4,7996,0 5 3,114,0
20260930-144536,220.0,Spear,Account-9365,Player-DDA6,1,3,0,4 3,172,1
20260930-144536,220.0,Spear,Account-83FE,Player-BCA0,1,3,7586,0 3,43,0
20260930-144536,220.0,Spear,Account-9FFE,Player-74C1,0,0,0,,0,0
20260930-144536,220.0,Spear,Account-2EB3,Player-01BF,0,0,0,,0,0
20260930-144536,220.0,Spear,Account-9FE4,Player-717E,1,5,11037,0 3,0,0
20260930-144536,220.0,Spear,Account-33F7,Player-E1F6,0,0,0,,0,0
20260930-144536,220.0,Spear,Account-ABC8,Player-F7E0,1,3,4148,3 0 5,21,0
20260930-144536,220.0,Spear,Account-5C40,Player-F494,1,4,17228,0,0,0
20260930-144536,220.0,Spear,Account-EA9E,Player-C842,1,4,14315,0 3,29,0
20260930-144536,220.0,Spear,Account-059D,Player-CC68,1,2,8186,0,0,0
20260930-145035,158.8,Spear,Account-9365,Player-DDA6,1,3,2857,0 6,59,0
20260930-145035,158.8,Spear,Account-83FE,Player-BCA0,1,2,3322,0 6,58,0
20260930-145035,158.8,Spear,Account-9FFE,Player-74C1,1,3,6505,3 0,105,0
20260930-145035,158.8,Spear,Account-2EB3,Player-01BF,1,3,6857,3 0,29,0
20260930-145035,158.8,Spear,Account-9FE4,Player-717E,1,3,4591,0 6,0,0
20260930-145035,158.8,Spear,Account-33F7,Player-E1F6,1,7,3088,0 6,62,0
20260930-145035,158.8,Spear,Account-ABC8,Player-F7E0,1,4,6302,0 3,0,0
20260930-145035,158.8,Spear,Account-5C40,Player-F494,1,2,0,3 6,0,0
20260930-145035,158.8,Spear,Account-EA9E,Player-C842,1,3,5750,3 0,108,0
20260930-145035,158.8,Spear,Account-059D,Player-CC68,1,7,8721,0 3 4,0,0
20260930-145035,213.8,Spear,Account-9365,Player-DDA6,1,5,8320,4 3 0,192,1
20260930-145035,213.8,Spear,Account-83FE,Player-BCA0,1,6,0,3 6,49,0
20260930-145035,213.8,Spear,Account-9FFE,Player-74C1,1,7,8165,3 0 4,0,0
20260930-145035,213.8,Spear,Account-2EB3,Player-01BF,1,7,10938,3 0,62,0
20260930-145035,213.8,Spear,Account-9FE4,Player-717E,1,5,11760,3 0,0,0
20260930-145035,213.8,Spear,Account-33F7,Player-E1F6,1,6,10136,3 0,103,0
20260930-145035,213.8,Spear,Account-ABC8,Player-F7E0,1,4,5159,3 0,88,0
20260930-145035,213.8,Spear,Account-5C40,Player-F494,1,13,23597,0 3,0,0
20260930-145035,213.8,Spear,Account-EA9E,Player-C842,1,13,11792,0 3 4,0,0
20260930-145035,213.8,Spear,Account-059D,Player-CC68,1,12,24402,0 9 6,0,0
20260930-145735,167.3,Spear,Account-9365,Player-DDA6,1,3,5813,3 0,63,0
20260930-145735,167.3,Spear,Account-83FE,Player-BCA0,1,2,2968,0 3,30,0
20260930-145735,167.3,Spear,Account-9FFE,Player-74C1,1,3,6127,0 3,0,0
20260930-145735,167.3,Spear,Account-2EB3,Player-01BF,1,3,8132,3 0,100,0
20260930-145735,167.3,Spear,Account-9FE4,Player-717E,1,1,4184,0,0,0
20260930-145735,167.3,Spear,Account-33F7,Player-E1F6,1,5,6983,0 4,0,0
20260930-145735,167.3,Spear,Account-ABC8,Player-F7E0,1,3,5935,3 0,96,0
20260930-145735,167.3,Spear,Account-5C40,Player-F494,1,1,4113,0,0,0
20260930-145735,167.3,Spear,Account-EA9E,Player-C842,1,2,2620,0 3,42,0
20260930-145735,167.3,Spear,Account-059D,Player-CC68,1,7,7457,0 3 4,133,0
20260930-145735,224.0,Spear,Account-9365,Player-DDA6,1,4,0,6,17,0
20260930-145735,224.0,Spear,Account-83FE,Player-BCA0,1,7,3872,0 6,50,0
20260930-145735,224.0,Spear,Account-9FFE,Player-74C1,1,3,8722,3 0,45,0
20260930-145735,224.0,Spear,Account-2EB3,Player-01BF,1,6,6533,3 0,124,0
20260930-145735,224.0,Spear,Account-9FE4,Player-717E,1,14,0,3 6 4,123,0
20260930-145735,224.0,Spear,Account-33F7,Player-E1F6,1,4,3598,0 6,0,0
20260930-145735,224.0,Spear,Account-ABC8,Player-F7E0,1,3,6630,3 0,58,0
20260930-145735,224.0,Spear,Account-5C40,Player-F494,1,13,2734,3 6 0,76,0
20260930-145735,224.0,Spear,Account-EA9E,Player-C842,1,3,4295,0,93,0
20260930-145735,224.0,Spear,Account-059D,Player-CC68,1,8,10037,3 0,0,0
20260930-145735,269.7,Spear,Account-9365,Player-DDA6,1,3,6363,3 0,103,0
20260930-145735,269.7,Spear,Account-83FE,Player-BCA0,1,3,10363,0,67,0
20260930-145735,269.7,Spear,Account-9FFE,Player-74C1,1,3,3547,3 0,14,0
20260930-145735,269.7,Spear,Account-2EB3,Player-01BF,1,3,5580,3 0,14,0
20260930-145735,269.7,Spear,Account-9FE4,Player-717E,1,3,14318,0,0,0
20260930-145735,269.7,Spear,Account-33F7,Player-E1F6,1,3,8060,3 0,45,0
20260930-145735,269.7,Spear,Account-ABC8,Player-F7E0,1,6,8646,3 0 4,43,0
20260930-145735,269.7,Spear,Account-5C40,Player-F494,1,4,14983,0,0,0
20260930-145735,269.7,Spear,Account-EA9E,Player-C842,1,2,7504,0,101,0
20260930-145735,269.7,Spear,Account-059D,Player-CC68,1,6,12619,0 3,19,0
20260930-161109,179.8,Spear,Account-9365,Player-DDA6,1,6,15130,0 3,100,0
20260930-161109,179.8,Spear,Account-D27F,Player-C729,1,2,9465,0,0,0
20260930-161109,179.8,Spear,Account-1B91,Player-8B8A,1,6,8066,0 4 3,29,0
20260930-161109,179.8,Spear,Account-A3D3,Player-3760,1,2,10027,0,0,0
20260930-161109,179.8,Spear,Account-1DFC,Player-781D,1,3,11752,0,18,0
20260930-161109,179.8,Spear,Account-83FE,Player-BCA0,1,5,15085,0 4,58,0
20260930-161109,179.8,Spear,Account-3D72,Player-6B3D,1,2,8922,0,13,0
20260930-161109,179.8,Spear,Account-B488,Player-F273,1,2,8043,0,0,0
20260930-161109,179.8,Spear,Account-8C31,Player-00E6,1,11,15850,0 4 3,0,0
20260930-161109,179.8,Spear,Account-F5B9,Player-10E1,1,4,3508,4 0,173,1
20260930-161736,174.2,Spear,Account-9365,Player-DDA6,1,2,8502,0,43,0
20260930-161736,174.2,Spear,Account-D27F,Player-C729,1,2,8660,0,28,0
20260930-161736,174.2,Spear,Account-1B91,Player-8B8A,1,5,4886,0 4,30,0
20260930-161736,174.2,Spear,Account-A3D3,Player-3760,1,1,4070,0,38,0
20260930-161736,174.2,Spear,Account-1DFC,Player-781D,1,2,6623,0,0,0
20260930-161736,174.2,Spear,Account-83FE,Player-BCA0,1,4,8502,0 4,0,0
20260930-161736,174.2,Spear,Account-3D72,Player-6B3D,1,1,4292,0,72,0
20260930-161736,174.2,Spear,Account-B488,Player-F273,1,1,3870,0,49,0
20260930-161736,174.2,Spear,Account-8C31,Player-00E6,1,1,5664,0,22,0
20260930-161736,174.2,Spear,Account-F5B9,Player-10E1,1,3,11410,0,88,0
20260930-161736,229.2,Spear,Account-9365,Player-DDA6,1,3,5072,6 3 0,29,0
20260930-161736,229.2,Spear,Account-D27F,Player-C729,1,1,6008,0,22,0
20260930-161736,229.2,Spear,Account-1B91,Player-8B8A,1,3,12432,3 0,0,0
20260930-161736,229.2,Spear,Account-A3D3,Player-3760,1,1,8013,0,36,0
20260930-161736,229.2,Spear,Account-1DFC,Player-781D,1,3,4594,6 3 0,85,0
20260930-161736,229.2,Spear,Account-83FE,Player-BCA0,1,3,5318,6 0,63,0
20260930-161736,229.2,Spear,Account-3D72,Player-6B3D,1,2,10768,0,91,0
20260930-161736,229.2,Spear,Account-B488,Player-F273,1,2,12012,0,61,0
20260930-161736,229.2,Spear,Account-F5B9,Player-10E1,1,6,5499,3 0 5,0,0
20260930-162218,179.3,Spear,Account-9365,Player-DDA6,1,4,3487,0 4,7,0
20260930-162218,179.3,Spear,Account-D27F,Player-C729,1,1,3258,0,0,0
20260930-162218,179.3,Spear,Account-1B91,Player-8B8A,1,7,10109,0 4,35,0
20260930-162218,179.3,Spear,Account-A3D3,Player-3760,1,2,11540,0,22,0
20260930-162218,179.3,Spear,Account-1DFC,Player-781D,1,6,3595,0 4,43,0
20260930-162218,179.3,Spear,Account-83FE,Player-BCA0,1,1,3199,0,0,0
20260930-162218,179.3,Spear,Account-3D72,Player-6B3D,1,4,3071,0 4,0,0
20260930-162218,179.3,Spear,Account-B488,Player-F273,1,1,2768,0,7,0
20260930-162218,179.3,Spear,Account-8C31,Player-5862,1,2,8547,0,34,0
20260930-162218,179.3,Spear,Account-F5B9,Player-10E1,1,7,6977,0 4,42,0
20260930-162757,175.7,Spear,Account-9365,Player-DDA6,1,5,7359,0 4,53,0
20260930-162757,175.7,Spear,Account-D27F,Player-C729,1,2,4730,0,0,0
20260930-162757,175.7,Spear,Account-1B91,Player-8B8A,1,5,5074,0 4,7,0
20260930-162757,175.7,Spear,Account-A3D3,Player-3760,1,1,3100,0,0,0
20260930-162757,175.7,Spear,Account-1DFC,Player-781D,1,6,7714,0 3 4,43,0
20260930-162757,175.7,Spear,Account-83FE,Player-BCA0,1,2,4299,0,36,0
20260930-162757,175.7,Spear,Account-3D72,Player-6B3D,1,2,3633,0 3,0,0
20260930-162757,175.7,Spear,Account-B488,Player-F273,1,6,9441,0 4,36,0
20260930-162757,175.7,Spear,Account-8C31,Player-5862,1,5,15500,0 3,46,0
20260930-162757,175.7,Spear,Account-F5B9,Player-10E1,1,12,5069,0 3 4,0,0
20260930-162757,230.5,Spear,Account-9365,Player-DDA6,1,4,0,6,32,0
20260930-162757,230.5,Spear,Account-D27F,Player-C729,1,2,4602,3 0,22,0
20260930-162757,230.5,Spear,Account-1B91,Player-8B8A,1,3,9486,3 0,46,0
20260930-162757,230.5,Spear,Account-A3D3,Player-3760,1,3,0,6,22,0
20260930-162757,230.5,Spear,Account-1DFC,Player-781D,1,5,3106,0 6,0,0
20260930-162757,230.5,Spear,Account-83FE,Player-BCA0,1,4,0,6,61,0
20260930-162757,230.5,Spear,Account-3D72,Player-6B3D,1,3,7823,3 0,0,0
20260930-162757,230.5,Spear,Account-B488,Player-F273,1,3,11104,3 0,29,0
20260930-162757,230.5,Spear,Account-8C31,Player-5862,1,4,5724,6 0 3,38,0
20260930-162757,230.5,Spear,Account-F5B9,Player-10E1,1,4,6443,0 5,14,0
20260930-162757,281.4,Spear,Account-D27F,Player-C729,0,0,0,,0,0
20260930-162757,281.4,Spear,Account-83FE,Player-BCA0,1,1,11358,0,0,0
20260930-162757,281.4,Spear,Account-3D72,Player-6B3D,1,1,8651,0,0,0
20260930-162757,281.4,Spear,Account-8C31,Player-5862,1,2,13699,0,73,0
20260930-163327,172.1,Spear,Account-9365,Player-DDA6,1,5,3055,0 6,63,0
20260930-163327,172.1,Spear,Account-D27F,Player-C729,1,2,9018,0,22,0
20260930-163327,172.1,Spear,Account-1B91,Player-8B8A,1,1,3882,0,0,0
20260930-163327,172.1,Spear,Account-A3D3,Player-3760,1,6,3233,0 6,27,0
20260930-163327,172.1,Spear,Account-1DFC,Player-781D,1,3,2767,0 6,0,0
20260930-163327,172.1,Spear,Account-83FE,Player-BCA0,1,6,4359,0 6,0,0
20260930-163327,172.1,Spear,Account-3D72,Player-6B3D,1,3,8500,0 3,0,0
20260930-163327,172.1,Spear,Account-B488,Player-F273,1,3,7663,0 3,0,0
20260930-163327,172.1,Spear,Account-8C31,Player-5862,1,3,4500,0 6 3,0,0
20260930-163327,172.1,Spear,Account-F5B9,Player-10E1,1,3,3312,0 3,0,0
20260930-163913,181.6,Spear,Account-9365,Player-DDA6,1,1,3058,0,43,0
20260930-163913,181.6,Spear,Account-D27F,Player-C729,1,1,3943,0,7,0
20260930-163913,181.6,Spear,Account-1B91,Player-8B8A,1,7,10066,0 3 4,0,0
20260930-163913,181.6,Spear,Account-A3D3,Player-3760,1,1,5368,0,28,0
20260930-163913,181.6,Spear,Account-1DFC,Player-781D,1,5,8173,3 0 4,32,0
20260930-163913,181.6,Spear,Account-83FE,Player-BCA0,1,7,10755,3 0 4,28,0
20260930-163913,181.6,Spear,Account-3D72,Player-6B3D,1,5,10451,0 4,0,0
20260930-163913,181.6,Spear,Account-F5B9,Player-10E1,1,11,4094,4 0,220,1
20260930-163913,181.6,Spear,Account-B488,Player-F273,1,1,3420,0,49,0
20260930-163913,181.6,Spear,Account-8C31,Player-DCBD,1,7,6584,3 0 4,29,0
20260930-163913,236.6,Spear,Account-8C31,Player-DCBD,0,0,0,,0,0
20260930-164624,175.4,Spear,Account-9365,Player-DDA6,1,5,9727,0 3 4,0,0
20260930-164624,175.4,Spear,Account-D27F,Player-C729,1,8,8833,0 3 4,69,0
20260930-164624,175.4,Spear,Account-1B91,Player-8B8A,1,2,4061,0 4,0,0
20260930-164624,175.4,Spear,Account-A3D3,Player-3760,1,1,5049,0,0,0
20260930-164624,175.4,Spear,Account-1DFC,Player-781D,1,2,2894,0 3,0,0
20260930-164624,175.4,Spear,Account-83FE,Player-BCA0,1,9,4579,0 6 4,0,0
20260930-164624,175.4,Spear,Account-3D72,Player-6B3D,1,1,4197,0,0,0
20260930-164624,175.4,Spear,Account-F5B9,Player-10E1,1,5,6706,0 3,0,0
20260930-164624,175.4,Spear,Account-B488,Player-F273,1,6,8876,0 3 4,0,0
20260930-164624,175.4,Spear,Account-8C31,Player-DCBD,1,1,3988,0,0,0
20260930-164624,230.1,Spear,Account-9365,Player-DDA6,1,4,3797,6 0,107,0
20260930-164624,230.1,Spear,Account-D27F,Player-C729,1,1,4497,0,0,0
20260930-164624,230.1,Spear,Account-1B91,Player-8B8A,1,2,4826,0 3,89,0
20260930-164624,230.1,Spear,Account-A3D3,Player-3760,1,6,4019,6 3 0,8,0
20260930-164624,230.1,Spear,Account-1DFC,Player-781D,1,4,3439,6 3 0,53,0
20260930-164624,230.1,Spear,Account-83FE,Player-BCA0,1,3,4416,6 0,63,0
20260930-164624,230.1,Spear,Account-3D72,Player-6B3D,1,3,4987,3 0,29,0
20260930-164624,230.1,Spear,Account-F5B9,Player-10E1,1,3,8424,0,22,0
20260930-164624,230.1,Spear,Account-B488,Player-F273,1,1,3821,0,108,0
20260930-164624,230.1,Spear,Account-8C31,Player-DCBD,1,4,4739,6 3 0,38,0
20260930-164624,280.9,Spear,Account-9365,Player-DDA6,1,5,5581,0 4 3,0,0
20260930-164624,280.9,Spear,Account-D27F,Player-C729,1,3,6052,0 6,37,0
20260930-164624,280.9,Spear,Account-1B91,Player-8B8A,1,3,6494,4 0,235,1
20260930-164624,280.9,Spear,Account-A3D3,Player-3760,1,3,8072,0 6,22,0
20260930-164624,280.9,Spear,Account-83FE,Player-BCA0,1,3,5942,0 4,88,0
20260930-164624,280.9,Spear,Account-3D72,Player-6B3D,1,4,16614,0 6,21,0
20260930-164624,280.9,Spear,Account-F5B9,Player-10E1,1,2,7291,0,0,0
20260930-164624,280.9,Spear,Account-B488,Player-F273,1,9,11472,0 4,15,0
20260930-164624,280.9,Spear,Account-8C31,Player-DCBD,1,3,12646,0 4,59,0
20260930-164624,328.4,Spear,Account-9365,Player-DDA6,1,3,10880,0 3,62,0
20260930-164624,328.4,Spear,Account-D27F,Player-C729,1,3,11598,0 3,41,0
20260930-164624,328.4,Spear,Account-1B91,Player-8B8A,1,2,12444,0,6,0
20260930-164624,328.4,Spear,Account-A3D3,Player-3760,1,3,23202,0,84,0
20260930-164624,328.4,Spear,Account-83FE,Player-BCA0,1,5,18217,0 3,36,0
20260930-164624,328.4,Spear,Account-3D72,Player-6B3D,1,3,12860,0 3,43,0
20260930-164624,328.4,Spear,Account-F5B9,Player-10E1,1,7,19095,0 3,21,0
20260930-164624,328.4,Spear,Account-B488,Player-F273,1,10,6956,4 0 5,134,0
20260930-164624,328.4,Spear,Account-8C31,Player-DCBD,1,3,15230,3 0,23,0
20260930-164624,373.9,Spear,Account-8C31,Player-DCBD,1,2,9141,0 5,124,0
20260930-165517,180.9,Spear,Account-9365,Player-DDA6,1,3,7548,0,106,0
20260930-165517,180.9,Spear,Account-D27F,Player-C729,1,6,10228,0 3 4,108,0
20260930-165517,180.9,Spear,Account-1B91,Player-8B8A,1,2,7947,0,0,0
20260930-165517,180.9,Spear,Account-A3D3,Player-3760,1,4,3848,0 4,38,0
20260930-165517,180.9,Spear,Account-1DFC,Player-781D,1,4,5664,0 4,22,0
20260930-165517,180.9,Spear,Account-83FE,Player-BCA0,1,3,7272,0 6,55,0
20260930-165517,180.9,Spear,Account-3D72,Player-6B3D,1,4,4058,0 4,0,0
20260930-165517,180.9,Spear,Account-F5B9,Player-10E1,1,2,5774,0,43,0
20260930-165517,180.9,Spear,Account-B488,Player-F273,1,3,7859,0 3,7,0
20260930-165517,180.9,Spear,Account-8C31,Player-DCBD,1,5,4687,0 4,0,0
20260930-165517,235.9,Spear,Account-9365,Player-DDA6,1,1,3392,0,42,0
20260930-165517,235.9,Spear,Account-D27F,Player-C729,1,1,3833,0,21,0
20260930-165517,235.9,Spear,Account-1B91,Player-8B8A,1,4,7604,0 3,14,0
20260930-165517,235.9,Spear,Account-A3D3,Player-3760,1,3,9646,0 3,0,0
20260930-165517,235.9,Spear,Account-1DFC,Player-781D,1,3,5530,0 3,0,0
20260930-165517,235.9,Spear,Account-83FE,Player-BCA0,1,7,3408,0 6,0,0
20260930-165517,235.9,Spear,Account-3D72,Player-6B3D,1,3,6727,0 3,22,0
20260930-165517,235.9,Spear,Account-F5B9,Player-10E1,1,3,5397,0,63,0
20260930-165517,235.9,Spear,Account-B488,Player-F273,1,2,6022,0,49,0
20260930-165517,235.9,Spear,Account-8C31,Player-DCBD,1,1,3429,0,25,0
20260930-165517,286.9,Spear,Account-9365,Player-DDA6,1,3,7516,4 0,155,1
20260930-165517,286.9,Spear,Account-1B91,Player-8B8A,1,3,11830,0 4,24,0
20260930-165517,286.9,Spear,Account-83FE,Player-BCA0,0,0,0,,0,0
20260930-165517,286.9,Spear,Account-3D72,Player-6B3D,1,3,12951,0 4,213,1
20260930-165517,286.9,Spear,Account-B488,Player-F273,0,0,0,,0,0
20260930-165517,286.9,Spear,Account-8C31,Player-DCBD,1,4,8886,0 9 6,7,0
20260930-165517,333.8,Spear,Account-9365,Player-DDA6,1,3,17731,0,0,0
20260930-165517,333.8,Spear,Account-D27F,Player-C729,1,3,11248,3 0,45,0
20260930-165517,333.8,Spear,Account-1B91,Player-8B8A,1,2,6544,3 0,0,0
20260930-165517,333.8,Spear,Account-A3D3,Player-3760,1,4,12263,0,11,0
20260930-165517,333.8,Spear,Account-83FE,Player-BCA0,1,3,10180,4 0,88,0
20260930-165517,333.8,Spear,Account-3D72,Player-6B3D,1,3,21054,0,145,0
20260930-165517,333.8,Spear,Account-F5B9,Player-10E1,1,17,16633,3 0 9 6,34,0
20260930-165517,333.8,Spear,Account-B488,Player-F273,1,2,9558,0,61,0
20260930-165517,333.8,Spear,Account-8C31,Player-DCBD,1,15,23306,3 0,0,0
20260930-165517,379.2,Spear,Account-9365,Player-DDA6,1,2,12994,0,28,0
20260930-165517,379.2,Spear,Account-D27F,Player-C729,1,5,16320,4 0 3,171,1
20260930-165517,379.2,Spear,Account-83FE,Player-BCA0,1,6,0,4,206,1
20260930-165517,379.2,Spear,Account-3D72,Player-6B3D,1,3,10365,0 3,84,0
20260930-170422,171.6,Spear,Account-9365,Player-DDA6,1,4,9020,0 3,7,0
20260930-170422,171.6,Spear,Account-D27F,Player-C729,1,3,6973,0 3,50,0
20260930-170422,171.6,Spear,Account-1B91,Player-8B8A,1,4,9422,0 3,14,0
20260930-170422,171.6,Spear,Account-A3D3,Player-3760,1,2,8813,0,0,0
20260930-170422,171.6,Spear,Account-1DFC,Player-781D,1,2,5053,0,14,0
20260930-170422,171.6,Spear,Account-F5B9,Player-3BD3,1,3,4410,0 3,0,0
20260930-170422,171.6,Spear,Account-83FE,Player-BCA0,1,2,6847,0,31,0
20260930-170422,171.6,Spear,Account-3D72,Player-6B3D,1,3,6914,3 0,7,0
20260930-170422,171.6,Spear,Account-B488,Player-F273,1,5,7767,3 0 4,49,0
20260930-170422,171.6,Spear,Account-8C31,Player-0AFD,1,2,5269,3 0,22,0
20260930-170422,226.7,Spear,Account-9365,Player-DDA6,1,2,6758,0,63,0
20260930-170422,226.7,Spear,Account-D27F,Player-C729,1,1,3416,0,28,0
20260930-170422,226.7,Spear,Account-1B91,Player-8B8A,1,3,12052,0,54,0
20260930-170422,226.7,Spear,Account-A3D3,Player-3760,1,2,9610,0,14,0
20260930-170422,226.7,Spear,Account-1DFC,Player-781D,1,3,6021,0 3,0,0
20260930-170422,226.7,Spear,Account-F5B9,Player-3BD3,1,3,14664,0,63,0
20260930-170422,226.7,Spear,Account-83FE,Player-BCA0,1,3,12446,0,68,0
20260930-170422,226.7,Spear,Account-3D72,Player-6B3D,1,2,6791,0,86,0
20260930-170422,226.7,Spear,Account-B488,Player-F273,1,3,6690,0 3,70,0
20260930-170422,226.7,Spear,Account-8C31,Player-0AFD,1,1,3646,0,41,0
20260930-170422,277.5,Spear,Account-9365,Player-DDA6,1,3,11455,0,50,0
20260930-170422,277.5,Spear,Account-1B91,Player-8B8A,1,2,13892,0,19,0
20260930-170422,277.5,Spear,Account-A3D3,Player-3760,1,2,9380,0,0,0
20260930-170422,277.5,Spear,Account-1DFC,Player-781D,1,3,7578,0 5,0,0
20260930-170422,277.5,Spear,Account-83FE,Player-BCA0,1,3,12402,0,0,0
20260930-170422,277.5,Spear,Account-3D72,Player-6B3D,1,13,26183,3 0,0,0
20260930-170422,277.5,Spear,Account-B488,Player-F273,1,3,12497,0,22,0
20260930-170422,277.5,Spear,Account-8C31,Player-0AFD,1,3,8106,0 5,0,0
20260930-170422,325.0,Spear,Account-9365,Player-DDA6,1,3,4085,3 0 6,0,0
20260930-170422,325.0,Spear,Account-D27F,Player-C729,1,5,15569,0 6,29,0
20260930-170422,325.0,Spear,Account-1B91,Player-8B8A,1,3,12939,0 4,143,0
20260930-170422,325.0,Spear,Account-A3D3,Player-3760,1,4,8648,0 3 5,59,0
20260930-170422,325.0,Spear,Account-1DFC,Player-781D,1,2,3700,0 3,0,0
20260930-170422,325.0,Spear,Account-83FE,Player-BCA0,1,2,9500,0,0,0
20260930-170422,325.0,Spear,Account-3D72,Player-6B3D,1,4,4560,4 0,190,1
20260930-170422,325.0,Spear,Account-B488,Player-F273,1,6,4837,4 0,220,1
20260930-170422,325.0,Spear,Account-8C31,Player-0AFD,1,6,6950,4 0,233,1
20260930-170947,174.1,Spear,Account-9365,Player-DDA6,1,1,3368,0,0,0
20260930-170947,174.1,Spear,Account-D27F,Player-C729,1,3,8518,0 3,56,0
20260930-170947,174.1,Spear,Account-1B91,Player-8B8A,1,2,7394,0,0,0
20260930-170947,174.1,Spear,Account-A3D3,Player-3760,1,3,9191,0 5,36,0
20260930-170947,174.1,Spear,Account-1DFC,Player-781D,1,1,2745,0,0,0
20260930-170947,174.1,Spear,Account-F5B9,Player-3BD3,1,5,4788,0 4 3,39,0
20260930-170947,174.1,Spear,Account-83FE,Player-BCA0,1,9,5579,0 6 4,0,0
20260930-170947,174.1,Spear,Account-3D72,Player-6B3D,1,3,3384,0 3,0,0
20260930-170947,174.1,Spear,Account-B488,Player-F273,1,3,5855,0 3,89,0
20260930-170947,174.1,Spear,Account-8C31,Player-0AFD,1,3,9900,0 5,99,0
20260930-175523,171.6,Spear,Account-9365,Player-1172,1,2,8632,0,57,0
20260930-175523,171.6,Spear,Account-83FE,Player-BCA0,1,2,7798,0,0,0
20260930-175523,171.6,Spear,Account-5C40,Player-F494,1,3,11142,0 3,31,0
20260930-175523,171.6,Spear,Account-EA9E,Player-C842,1,6,12444,0 3,146,0
20260930-175523,171.6,Spear,Account-F4C4,Player-89AD,1,1,3436,0,0,0
20260930-175523,171.6,Spear,Account-8C31,Player-0AFD,1,3,10020,4 0,172,1
20260930-175523,171.6,Spear,Account-8E7B,Player-B757,1,2,10976,0,115,0
20260930-175523,171.6,Spear,Account-BFFB,Player-08B9,1,2,3200,0 5,155,1
20260930-175523,171.6,Spear,Account-27FE,Player-D808,1,2,6794,0,0,0
20260930-175523,171.6,Spear,Account-2334,Player-D74D,1,2,9929,0,7,0
20260930-175523,226.7,Spear,Account-9365,Player-1172,1,5,17955,0,7,0
20260930-175523,226.7,Spear,Account-83FE,Player-BCA0,1,9,12758,3 0 6,39,0
20260930-175523,226.7,Spear,Account-5C40,Player-F494,1,13,30945,3 0,0,0
20260930-175523,226.7,Spear,Account-EA9E,Player-C842,1,2,8557,0,14,0
20260930-175523,226.7,Spear,Account-F4C4,Player-89AD,1,4,12482,3 0,0,0
20260930-175523,226.7,Spear,Account-8C31,Player-0AFD,1,8,28665,0 4,188,1
20260930-175523,226.7,Spear,Account-8E7B,Player-B757,1,2,13916,0,0,0
20260930-175523,226.7,Spear,Account-BFFB,Player-08B9,1,5,20319,0 4 3,191,1
20260930-175523,226.7,Spear,Account-27FE,Player-D808,1,6,17885,0,0,0
20260930-175523,226.7,Spear,Account-2334,Player-D74D,1,3,22895,0,0,0
20260930-175523,272.6,Spear,Account-9365,Player-1172,1,2,9502,0,0,0
20260930-175523,272.6,Spear,Account-83FE,Player-BCA0,1,8,12551,0 4,0,0
20260930-175523,272.6,Spear,Account-5C40,Player-F494,1,4,9811,0,114,0
20260930-175523,272.6,Spear,Account-EA9E,Player-C842,1,4,9423,0 3,8,0
20260930-175523,272.6,Spear,Account-F4C4,Player-89AD,1,2,8392,0,114,0
20260930-175523,272.6,Spear,Account-8C31,Player-0AFD,1,4,6803,3 0,103,0
20260930-175523,272.6,Spear,Account-8E7B,Player-B757,1,2,12710,0,114,0
20260930-175523,272.6,Spear,Account-BFFB,Player-08B9,1,28,32857,0 9 6,17,0
20260930-175523,272.6,Spear,Account-27FE,Player-D808,1,21,17902,0 3 6,28,0
20260930-175523,272.6,Spear,Account-2334,Player-D74D,1,12,28304,0 3 4,0,0
20260930-175523,319.1,Spear,Account-9365,Player-1172,1,3,9181,0 3,0,0
20260930-175523,319.1,Spear,Account-83FE,Player-BCA0,1,10,5871,6 0 3,14,0
20260930-175523,319.1,Spear,Account-5C40,Player-F494,1,11,15888,0 3 6,0,0
20260930-175523,319.1,Spear,Account-EA9E,Player-C842,1,8,10246,4 0 5 3,220,1
20260930-175523,319.1,Spear,Account-F4C4,Player-89AD,0,0,0,,0,0
20260930-175523,319.1,Spear,Account-8C31,Player-0AFD,1,3,16969,0 6,0,0
20260930-175523,319.1,Spear,Account-BFFB,Player-08B9,0,0,0,,0,0
20260930-175523,319.1,Spear,Account-2334,Player-D74D,1,1,6376,0,151,1
20260930-175523,364.3,Spear,Account-83FE,Player-BCA0,1,7,14764,0 3 4,4,0
20260930-175523,364.3,Spear,Account-5C40,Player-F494,1,4,14781,0 3,63,0
20260930-175523,364.3,Spear,Account-EA9E,Player-C842,1,2,12778,0,0,0
20260930-175523,364.3,Spear,Account-F4C4,Player-89AD,1,3,13722,0 3,63,0
20260930-175523,364.3,Spear,Account-BFFB,Player-08B9,1,3,12778,0 5,135,0
20260930-175523,364.3,Spear,Account-2334,Player-D74D,1,2,18609,0,94,0
20260930-180129,172.3,Spear,Account-9365,Player-1172,1,3,3377,0 3,64,0
20260930-180129,172.3,Spear,Account-83FE,Player-BCA0,1,4,6768,0 3 6,54,0
20260930-180129,172.3,Spear,Account-5C40,Player-F494,1,2,9196,0,67,0
20260930-180129,172.3,Spear,Account-EA9E,Player-C842,1,7,10113,0 3,13,0
20260930-180129,172.3,Spear,Account-F4C4,Player-89AD,1,2,6291,0,31,0
20260930-180129,172.3,Spear,Account-8C31,Player-0AFD,1,1,3146,0,0,0
20260930-180129,172.3,Spear,Account-BFFB,Player-08B9,1,2,7375,0,22,0
20260930-180129,172.3,Spear,Account-27FE,Player-D808,1,4,7425,0 3,0,0
20260930-180129,172.3,Spear,Account-2334,Player-D74D,1,8,4347,0 3 4,22,0
20260930-180129,228.7,Spear,Account-9365,Player-1172,1,6,9068,0 3,34,0
20260930-180129,228.7,Spear,Account-83FE,Player-BCA0,1,10,685,6 3 0,0,0
20260930-180129,228.7,Spear,Account-5C40,Player-F494,1,4,3120,6 3 0,0,0
20260930-180129,228.7,Spear,Account-EA9E,Player-C842,1,14,9098,3 0 4,73,0
20260930-180129,228.7,Spear,Account-F4C4,Player-89AD,1,9,9695,6 0 3,0,0
20260930-180129,228.7,Spear,Account-8C31,Player-0AFD,1,7,1029,6 3 0,8,0
20260930-180129,228.7,Spear,Account-8E7B,Player-B757,1,4,4825,6 3 0,0,0
20260930-180129,228.7,Spear,Account-BFFB,Player-08B9,1,7,7028,3 0,0,0
20260930-180129,228.7,Spear,Account-27FE,Player-D808,1,3,6881,3 0,0,0
20260930-180129,228.7,Spear,Account-2334,Player-D74D,1,7,8922,3 0,28,0
20260930-180129,275.2,Spear,Account-9365,Player-1172,1,3,10961,0,0,0
20260930-180129,275.2,Spear,Account-83FE,Player-BCA0,1,3,10414,0,0,0
20260930-180129,275.2,Spear,Account-5C40,Player-F494,1,15,15595,3 0 4,0,0
20260930-180129,275.2,Spear,Account-EA9E,Player-C842,1,4,9014,0 3,0,0
20260930-180129,275.2,Spear,Account-F4C4,Player-89AD,1,3,6428,3 0,25,0
20260930-180129,275.2,Spear,Account-8C31,Player-0AFD,1,4,10118,4 3 0,173,1
20260930-180129,275.2,Spear,Account-8E7B,Player-B757,1,8,10831,0 3,50,0
20260930-180129,275.2,Spear,Account-BFFB,Player-08B9,1,4,6519,4 0,220,1
20260930-180129,275.2,Spear,Account-27FE,Player-D808,1,5,9683,0 3,60,0
20260930-180129,275.2,Spear,Account-2334,Player-D74D,1,3,8134,0,0,0
20260930-180617,175.1,Spear,Account-9365,Player-1172,1,6,9376,0 4,68,0
20260930-180617,175.1,Spear,Account-83FE,Player-BCA0,1,3,6595,0 5,17,0
20260930-180617,175.1,Spear,Account-5C40,Player-F494,1,2,3062,3 0,14,0
20260930-180617,175.1,Spear,Account-EA9E,Player-C842,1,2,5708,0,0,0
20260930-180617,175.1,Spear,Account-F4C4,Player-89AD,1,3,6130,0 3,122,0
20260930-180617,175.1,Spear,Account-8C31,Player-0AFD,1,2,3298,3 0,47,0
20260930-180617,175.1,Spear,Account-8E7B,Player-B757,1,3,9004,3 0,0,0
20260930-180617,175.1,Spear,Account-BFFB,Player-08B9,1,2,2911,3 0,0,0
20260930-180617,175.1,Spear,Account-27FE,Player-D808,1,2,5746,0,0,0
20260930-180617,175.1,Spear,Account-2334,Player-D74D,1,2,9956,0,0,0
20260930-180617,229.7,Spear,Account-9365,Player-1172,1,7,17456,3 0 6,115,0
20260930-180617,229.7,Spear,Account-83FE,Player-BCA0,1,18,0,3 6 4,0,0
20260930-180617,229.7,Spear,Account-5C40,Player-F494,1,16,6681,3 6 0 4,21,0
20260930-180617,229.7,Spear,Account-EA9E,Player-C842,1,5,5763,0 6,0,0
20260930-180617,229.7,Spear,Account-F4C4,Player-89AD,1,2,6190,4 0,146,0
20260930-180617,229.7,Spear,Account-8C31,Player-0AFD,1,2,6528,3 0,19,0
20260930-180617,229.7,Spear,Account-8E7B,Player-B757,1,3,18748,0 3,4,0
20260930-180617,229.7,Spear,Account-BFFB,Player-08B9,1,10,22387,0 6,34,0
20260930-180617,229.7,Spear,Account-27FE,Player-D808,1,18,8375,3 6 0,103,0
20260930-180617,229.7,Spear,Account-2334,Player-D74D,1,5,10052,0 6,63,0
20260930-181021,172.8,Spear,Account-9365,Player-1172,1,2,4304,0,101,0
20260930-181021,172.8,Spear,Account-83FE,Player-BCA0,1,3,9637,0,116,0
20260930-181021,172.8,Spear,Account-5C40,Player-F494,1,12,24088,0 3 6,0,0
20260930-181021,172.8,Spear,Account-EA9E,Player-C842,1,1,2950,0,64,0
20260930-181021,172.8,Spear,Account-F4C4,Player-89AD,1,2,3168,0 3,84,0
20260930-181021,172.8,Spear,Account-8C31,Player-0AFD,1,3,6749,0 3,0,0
20260930-181021,172.8,Spear,Account-8E7B,Player-B757,1,7,9692,0 3 4,204,1
20260930-181021,172.8,Spear,Account-BFFB,Player-08B9,1,2,8755,0,114,0
20260930-181021,172.8,Spear,Account-27FE,Player-D808,1,11,17293,0 6,4,0
20260930-181021,172.8,Spear,Account-2334,Player-D74D,1,1,3447,0,84,0
20260930-181643,172.2,Spear,Account-9365,Player-1172,1,4,3831,0 3 4,0,0
20260930-181643,172.2,Spear,Account-83FE,Player-BCA0,1,4,9667,0 3,0,0
20260930-181643,172.2,Spear,Account-5C40,Player-F494,1,12,23327,0 3,0,0
20260930-181643,172.2,Spear,Account-EA9E,Player-C842,1,2,3150,0 3,0,0
20260930-181643,172.2,Spear,Account-F4C4,Player-89AD,1,2,8984,0,0,0
20260930-181643,172.2,Spear,Account-8C31,Player-0AFD,1,7,9476,0 3 4,7,0
20260930-181643,172.2,Spear,Account-8E7B,Player-B757,1,8,18609,0 3,84,0
20260930-181643,172.2,Spear,Account-BFFB,Player-08B9,1,1,3150,0,0,0
20260930-181643,172.2,Spear,Account-27FE,Player-D808,1,3,7580,0 3,0,0
20260930-181643,172.2,Spear,Account-2334,Player-D74D,1,3,8798,0 3,0,0
20260930-181643,227.0,Spear,Account-9365,Player-1172,1,4,21790,0 9,0,0
20260930-181643,227.0,Spear,Account-83FE,Player-BCA0,1,4,0,3 6,0,0
20260930-181643,227.0,Spear,Account-5C40,Player-F494,1,3,7653,3 0,0,0
20260930-181643,227.0,Spear,Account-EA9E,Player-C842,1,5,17920,0 3,36,0
20260930-181643,227.0,Spear,Account-F4C4,Player-89AD,1,3,13163,3 0,0,0
20260930-181643,227.0,Spear,Account-8C31,Player-0AFD,1,3,8242,3 0,43,0
20260930-181643,227.0,Spear,Account-BFFB,Player-08B9,1,4,17920,0 3,14,0
20260930-181643,227.0,Spear,Account-27FE,Player-D808,1,6,8918,0 4 3,130,0
20260930-181643,227.0,Spear,Account-2334,Player-D74D,1,3,12307,0 3,0,0
20260930-181643,277.9,Spear,Account-83FE,Player-BCA0,1,5,16785,0 9 6,4,0
20260930-181643,277.9,Spear,Account-EA9E,Player-C842,1,3,21960,0,0,0
20260930-181643,277.9,Spear,Account-27FE,Player-D808,0,0,0,,0,0
20260930-181643,277.9,Spear,Account-2334,Player-D74D,1,4,33935,0 9,0,0
20260930-182315,187.1,Spear,Account-9365,Player-1172,1,3,9514,0 3,0,0
20260930-182315,187.1,Spear,Account-83FE,Player-BCA0,1,9,4076,6 0,156,1
20260930-182315,187.1,Spear,Account-5C40,Player-F494,1,4,13510,0 5,29,0
20260930-182315,187.1,Spear,Account-EA9E,Player-C842,1,3,8923,0,68,0
20260930-182315,187.1,Spear,Account-F4C4,Player-89AD,1,1,4202,0,85,0
20260930-182315,187.1,Spear,Account-8C31,Player-0AFD,1,3,14524,0,0,0
20260930-182315,187.1,Spear,Account-8E7B,Player-B757,1,3,12726,3 0,0,0
20260930-182315,187.1,Spear,Account-BFFB,Player-08B9,1,1,3912,0,71,0
20260930-182315,187.1,Spear,Account-27FE,Player-D808,1,3,8836,0 3,0,0
20260930-182315,187.1,Spear,Account-2334,Player-D74D,1,3,8230,0 3,14,0
20260930-182315,243.6,Spear,Account-9365,Player-1172,1,9,10935,0 6,0,0
20260930-182315,243.6,Spear,Account-83FE,Player-BCA0,1,20,29724,0 6,38,0
20260930-182315,243.6,Spear,Account-5C40,Player-F494,1,13,20657,0 6,0,0
20260930-182315,243.6,Spear,Account-EA9E,Player-C842,1,9,14590,0 6,135,0
20260930-182315,243.6,Spear,Account-F4C4,Player-89AD,1,15,27174,0 6,14,0
20260930-182315,243.6,Spear,Account-8C31,Player-0AFD,1,16,40458,0 9 6,34,0
20260930-182315,243.6,Spear,Account-8E7B,Player-B757,1,10,1956,6 4 0,22,0
20260930-182315,243.6,Spear,Account-BFFB,Player-08B9,1,5,6014,3 0 5 6,144,0
20260930-182315,243.6,Spear,Account-27FE,Player-D808,1,4,3790,0 6,0,0
20260930-182315,243.6,Spear,Account-2334,Player-D74D,1,3,4400,0 6,0,0
20260930-183207,176.8,Spear,Account-9365,Player-1172,1,9,6015,0 4 3,192,1
20260930-183207,176.8,Spear,Account-83FE,Player-BCA0,1,3,4083,0 6,36,0
20260930-183207,176.8,Spear,Account-5C40,Player-F494,1,14,26042,0 4,0,0
20260930-183207,176.8,Spear,Account-EA9E,Player-C842,1,2,3534,0 3,123,0
20260930-183207,176.8,Spear,Account-F4C4,Player-89AD,1,2,9064,0,0,0
20260930-183207,176.8,Spear,Account-8E7B,Player-B757,1,2,5747,0 3,29,0
20260930-183207,176.8,Spear,Account-BFFB,Player-08B9,1,1,4157,0,0,0
20260930-183207,176.8,Spear,Account-8C31,Player-DCBD,1,3,4750,0 3,0,0
20260930-183207,176.8,Spear,Account-27FE,Player-D808,1,9,8324,0 3 4,35,0
20260930-183207,176.8,Spear,Account-2334,Player-D74D,1,7,14120,0,25,0
20260930-183207,231.6,Spear,Account-9365,Player-1172,1,6,10966,0 6,0,0
20260930-183207,231.6,Spear,Account-83FE,Player-BCA0,1,12,0,6,0,0
20260930-183207,231.6,Spear,Account-5C40,Player-F494,1,11,13532,6 0 3 4,59,0
20260930-183207,231.6,Spear,Account-EA9E,Player-C842,1,7,12229,3 0,29,0
20260930-183207,231.6,Spear,Account-F4C4,Player-89AD,1,2,8416,0,0,0
20260930-183207,231.6,Spear,Account-8E7B,Player-B757,1,6,15885,6 0 3,0,0
20260930-183207,231.6,Spear,Account-BFFB,Player-08B9,1,3,8072,3 0,31,0
20260930-183207,231.6,Spear,Account-8C31,Player-DCBD,1,3,4373,6 3 0,0,0
20260930-183207,231.6,Spear,Account-27FE,Player-D808,1,4,6890,3 0 5,43,0
20260930-183207,231.6,Spear,Account-2334,Player-D74D,1,4,9357,0,33,0
20260930-183207,282.4,Spear,Account-9365,Player-1172,1,5,2787,6 0,0,0
20260930-183207,282.4,Spear,Account-83FE,Player-BCA0,1,5,8138,3 0,29,0
20260930-183207,282.4,Spear,Account-5C40,Player-F494,1,11,18729,3 0,315,1
20260930-183207,282.4,Spear,Account-EA9E,Player-C842,1,5,3823,6 4 3 0,78,0
20260930-183207,282.4,Spear,Account-F4C4,Player-89AD,1,5,11670,3 0,63,0
20260930-183207,282.4,Spear,Account-8E7B,Player-B757,1,6,17672,0 5 3,70,0
20260930-183207,282.4,Spear,Account-BFFB,Player-08B9,1,7,5879,6 0 5,7,0
20260930-183207,282.4,Spear,Account-8C31,Player-DCBD,1,7,7860,0 3 4,0,0
20260930-183207,282.4,Spear,Account-27FE,Player-D808,1,9,6719,6 0,95,0
20260930-183207,282.4,Spear,Account-2334,Player-D74D,1,5,5646,6 0 5,34,0
20260930-183742,178.1,Spear,Account-9365,Player-1172,1,1,3849,0,0,0
20260930-183742,178.1,Spear,Account-83FE,Player-BCA0,1,6,3657,0 6,0,0
20260930-183742,178.1,Spear,Account-5C40,Player-F494,1,2,9936,0,0,0
20260930-183742,178.1,Spear,Account-EA9E,Player-C842,1,9,5697,0 4 3,7,0
20260930-183742,178.1,Spear,Account-F4C4,Player-89AD,1,1,3399,0,0,0
20260930-183742,178.1,Spear,Account-8E7B,Player-B757,1,1,5148,0,0,0
20260930-183742,178.1,Spear,Account-BFFB,Player-08B9,1,1,3165,0,36,0
20260930-183742,178.1,Spear,Account-8C31,Player-DCBD,1,11,7748,0 3 4,0,0
20260930-183742,178.1,Spear,Account-2334,Player-D74D,1,2,6658,0,0,0
20260930-184348,170.7,Spear,Account-9365,Player-1172,1,2,3333,0 5,93,0
20260930-184348,170.7,Spear,Account-83FE,Player-BCA0,1,13,1860,6 0,0,0
20260930-184348,170.7,Spear,Account-5C40,Player-F494,1,2,0,6,54,0
20260930-184348,170.7,Spear,Account-EA9E,Player-C842,1,5,6496,0 3,0,0
20260930-184348,170.7,Spear,Account-F4C4,Player-89AD,1,3,0,6,38,0
20260930-184348,170.7,Spear,Account-8E7B,Player-B757,1,13,1744,6 3 0,0,0
20260930-184348,170.7,Spear,Account-BFFB,Player-08B9,1,4,2975,4 0,117,0
20260930-184348,170.7,Spear,Account-8C31,Player-DCBD,1,6,625,6 3 0,65,0
20260930-184348,170.7,Spear,Account-2334,Player-D74D,1,1,2883,0,22,0
20260930-184348,225.4,Spear,Account-9365,Player-1172,1,2,5995,0,59,0
20260930-184348,225.4,Spear,Account-83FE,Player-BCA0,1,5,2818,0 6,39,0
20260930-184348,225.4,Spear,Account-5C40,Player-F494,1,3,7656,0 3,0,0
20260930-184348,225.4,Spear,Account-EA9E,Player-C842,1,5,7368,0 3 5,65,0
20260930-184348,225.4,Spear,Account-F4C4,Player-89AD,1,1,2676,0,0,0
20260930-184348,225.4,Spear,Account-8E7B,Player-B757,1,3,8829,0,28,0
20260930-184348,225.4,Spear,Account-BFFB,Player-08B9,1,1,2438,0,36,0
20260930-184348,225.4,Spear,Account-8C31,Player-DCBD,1,2,2781,3 0,38,0
20260930-184348,225.4,Spear,Account-27FE,Player-D808,1,3,5920,0,0,0
20260930-184348,225.4,Spear,Account-2334,Player-D74D,1,4,11567,0 3,34,0
20260930-184348,270.5,Spear,Account-9365,Player-1172,1,3,16076,0,0,0
20260930-184348,270.5,Spear,Account-83FE,Player-BCA0,1,4,12960,0 4,202,1
20260930-184348,270.5,Spear,Account-5C40,Player-F494,1,3,17494,0,43,0
20260930-184348,270.5,Spear,Account-EA9E,Player-C842,1,3,13220,0,0,0
20260930-184348,270.5,Spear,Account-F4C4,Player-89AD,1,4,14197,0 5,20,0
20260930-184348,270.5,Spear,Account-8E7B,Player-B757,1,4,21388,0 6,163,1
20260930-184348,270.5,Spear,Account-BFFB,Player-08B9,1,2,8713,0,4,0
20260930-184348,270.5,Spear,Account-8C31,Player-DCBD,1,2,10768,0,0,0
20260930-184348,270.5,Spear,Account-27FE,Player-D808,1,2,8119,0,96,0
20260930-184348,317.7,Spear,Account-83FE,Player-BCA0,1,3,14382,0 3,14,0
20260930-184348,317.7,Spear,Account-5C40,Player-F494,1,12,34205,0 3 9 6,100,0
20260930-184348,317.7,Spear,Account-EA9E,Player-C842,1,3,12446,0 3,0,0
20260930-184348,317.7,Spear,Account-F4C4,Player-89AD,1,1,7863,0,0,0
20260930-184348,317.7,Spear,Account-BFFB,Player-08B9,1,5,16178,0,142,0
20260930-184348,317.7,Spear,Account-8C31,Player-DCBD,1,10,14479,0 4,319,1
20260930-184348,317.7,Spear,Account-27FE,Player-D808,1,3,12530,0 3,21,0
20260930-191231,158.0,Spear,Account-9365,Player-DDA6,1,2,2355,0 5,111,0
20260930-191231,158.0,Spear,Account-83FE,Player-BCA0,1,2,2738,0 6,0,0
20260930-191231,158.0,Spear,Account-9FFE,Player-74C1,1,13,12642,0 3 4,64,0
20260930-191231,158.0,Spear,Account-E596,Player-1B8E,1,3,7317,0 3,0,0
20260930-191231,158.0,Spear,Account-9754,Player-DE24,1,4,0,6,11,0
20260930-191231,158.0,Spear,Account-16AE,Player-1BA4,1,6,0,6,82,0
20260930-191231,158.0,Spear,Account-1150,Player-470E,1,8,0,6 3,15,0
20260930-191231,158.0,Spear,Account-8C31,Player-FBAD,1,22,7574,6 0 4,21,0
20260930-191231,158.0,Spear,Account-5C40,Player-F494,1,3,0,6,0,0
20260930-191231,158.0,Spear,Account-F4C4,Player-89AD,1,2,2545,0 5,104,0
20260930-191231,213.2,Spear,Account-9365,Player-DDA6,1,4,3687,0 6,55,0
20260930-191231,213.2,Spear,Account-83FE,Player-BCA0,1,3,3859,0 6,0,0
20260930-191231,213.2,Spear,Account-9FFE,Player-74C1,1,3,3332,0 6,123,0
20260930-191231,213.2,Spear,Account-E596,Player-1B8E,1,2,4888,0 3,0,0
20260930-191231,213.2,Spear,Account-9754,Player-DE24,1,3,9636,0 3,0,0
20260930-191231,213.2,Spear,Account-16AE,Player-1BA4,1,13,19183,0 3 5 6,0,0
20260930-191231,213.2,Spear,Account-1150,Player-470E,1,5,4984,3 0 6,68,0
20260930-191231,213.2,Spear,Account-8C31,Player-FBAD,1,4,12734,0 3,0,0
20260930-191231,213.2,Spear,Account-5C40,Player-F494,1,4,11450,3 0,63,0
20260930-191231,213.2,Spear,Account-F4C4,Player-89AD,1,3,3586,0 6,67,0
20260930-191231,258.6,Spear,Account-9365,Player-DDA6,1,4,10516,3 0,0,0
20260930-191231,258.6,Spear,Account-83FE,Player-BCA0,1,2,8198,0,40,0
20260930-191231,258.6,Spear,Account-9FFE,Player-74C1,1,2,7080,0,29,0
20260930-191231,258.6,Spear,Account-E596,Player-1B8E,1,9,17238,0,0,0
20260930-191231,258.6,Spear,Account-9754,Player-DE24,1,14,1893,6 0 3,58,0
20260930-191231,258.6,Spear,Account-16AE,Player-1BA4,1,13,1042,6 0 4,29,0
20260930-191231,258.6,Spear,Account-1150,Player-470E,1,3,0,6,79,0
20260930-191231,258.6,Spear,Account-8C31,Player-FBAD,1,14,3570,6 3 0,4,0
20260930-191231,258.6,Spear,Account-5C40,Player-F494,1,23,9225,6 0 3,0,0
20260930-191231,258.6,Spear,Account-F4C4,Player-89AD,1,6,14689,3 0,0,0
20260930-191231,314.0,Spear,Account-9365,Player-DDA6,1,2,3906,3 0,112,0
20260930-191231,314.0,Spear,Account-83FE,Player-BCA0,1,2,5047,0 3,0,0
20260930-191231,314.0,Spear,Account-9FFE,Player-74C1,1,3,10863,0 3,0,0
20260930-191231,314.0,Spear,Account-9754,Player-DE24,1,7,13112,3 0,4,0
20260930-191231,314.0,Spear,Account-16AE,Player-1BA4,1,3,8206,0 3 4,21,0
20260930-191231,314.0,Spear,Account-1150,Player-470E,1,9,9609,0 3 4,112,0
20260930-191231,314.0,Spear,Account-8C31,Player-FBAD,1,10,17372,3 0,0,0
20260930-191231,314.0,Spear,Account-5C40,Player-F494,1,5,7168,0 3,0,0
20260930-191231,314.0,Spear,Account-F4C4,Player-89AD,1,2,4691,3 0,19,0
20260930-192340,152.2,Spear,Account-9365,Player-DDA6,1,1,2952,0,50,0
20260930-192340,152.2,Spear,Account-83FE,Player-BCA0,1,3,3089,0 6,38,0
20260930-192340,152.2,Spear,Account-9FFE,Player-74C1,1,3,6097,0 3,0,0
20260930-192340,152.2,Spear,Account-E596,Player-1B8E,1,2,8254,0,57,0
20260930-192340,152.2,Spear,Account-9754,Player-DE24,1,3,8411,0 3,58,0
20260930-192340,152.2,Spear,Account-16AE,Player-1BA4,1,4,8530,3 0,84,0
20260930-192340,152.2,Spear,Account-1150,Player-470E,1,4,0,4,205,1
20260930-192340,152.2,Spear,Account-8C31,Player-FBAD,1,6,3196,6 0,14,0
20260930-192340,152.2,Spear,Account-5C40,Player-F494,1,3,11145,0 3,0,0
20260930-192340,152.2,Spear,Account-F4C4,Player-89AD,1,1,2871,0,34,0
20260930-192340,206.8,Spear,Account-9365,Player-DDA6,1,6,0,3 6,116,0
20260930-192340,206.8,Spear,Account-83FE,Player-BCA0,1,4,0,3 6,0,0
20260930-192340,206.8,Spear,Account-9FFE,Player-74C1,1,7,3039,0 6,179,1
20260930-192340,206.8,Spear,Account-E596,Player-1B8E,1,10,5263,0 3 6,0,0
20260930-192340,206.8,Spear,Account-9754,Player-DE24,1,4,2950,3 0,0,0
20260930-192340,206.8,Spear,Account-16AE,Player-1BA4,1,2,10931,0,0,0
20260930-192340,206.8,Spear,Account-1150,Player-470E,1,7,7778,0 3,13,0
20260930-192340,206.8,Spear,Account-8C31,Player-FBAD,1,4,9509,0 3 6,0,0
20260930-192340,206.8,Spear,Account-5C40,Player-F494,1,5,9093,0 4 3,99,0
20260930-192340,206.8,Spear,Account-F4C4,Player-89AD,1,11,3272,3 0 6,17,0
20260930-192340,252.2,Spear,Account-9365,Player-DDA6,1,6,8221,3 0,0,0
20260930-192340,252.2,Spear,Account-83FE,Player-BCA0,1,6,8605,3 0,0,0
20260930-192340,252.2,Spear,Account-9FFE,Player-74C1,1,16,21345,0 3,0,0
20260930-192340,252.2,Spear,Account-E596,Player-1B8E,1,14,15712,0 6,0,0
20260930-192340,252.2,Spear,Account-9754,Player-DE24,1,5,8381,0 6,96,0
20260930-192340,252.2,Spear,Account-16AE,Player-1BA4,1,8,7477,3 0 6,63,0
20260930-192340,252.2,Spear,Account-1150,Player-470E,1,16,9908,0 6,7,0
20260930-192340,252.2,Spear,Account-8C31,Player-FBAD,1,20,5917,3 0 6 4,105,0
20260930-192340,252.2,Spear,Account-5C40,Player-F494,1,3,3300,3 0 6,0,0
20260930-192340,252.2,Spear,Account-F4C4,Player-89AD,1,6,11486,0,50,0
20260930-193130,157.5,Spear,Account-9365,Player-DDA6,1,2,3209,3 0,72,0
20260930-193130,157.5,Spear,Account-83FE,Player-BCA0,1,3,6716,0 3,0,0
20260930-193130,157.5,Spear,Account-E596,Player-1B8E,1,4,9361,0 3,0,0
20260930-193130,157.5,Spear,Account-9754,Player-DE24,1,5,0,6 4,0,0
20260930-193130,157.5,Spear,Account-16AE,Player-1BA4,1,4,0,6,0,0
20260930-193130,157.5,Spear,Account-1150,Player-470E,1,9,0,6 3 4,77,0
20260930-193130,157.5,Spear,Account-8C31,Player-FBAD,1,10,2985,6 0,22,0
20260930-193130,157.5,Spear,Account-5C40,Player-F494,1,11,938,6 3 4 0,51,0
20260930-193130,157.5,Spear,Account-F4C4,Player-89AD,1,4,6242,0 3,12,0
20260930-193130,212.7,Spear,Account-9365,Player-DDA6,1,4,0,6 3,0,0
20260930-193130,212.7,Spear,Account-83FE,Player-BCA0,1,15,3002,6 3 0,0,0
20260930-193130,212.7,Spear,Account-9FFE,Player-74C1,1,19,6735,6 0 3,0,0
20260930-193130,212.7,Spear,Account-E596,Player-1B8E,1,11,0,6 3,0,0
20260930-193130,212.7,Spear,Account-9754,Player-DE24,1,4,5824,3 0,54,0
20260930-193130,212.7,Spear,Account-16AE,Player-1BA4,1,4,8659,3 0,48,0
20260930-193130,212.7,Spear,Account-1150,Player-470E,1,3,5140,3 0,21,0
20260930-193130,212.7,Spear,Account-8C31,Player-FBAD,1,4,3383,3 0 6,0,0
20260930-193130,212.7,Spear,Account-5C40,Player-F494,1,13,9212,3 0,0,0
20260930-193130,212.7,Spear,Account-F4C4,Player-89AD,1,6,0,6,12,0
20260930-193130,260.0,Spear,Account-83FE,Player-BCA0,1,6,7500,3 0 4,0,0
20260930-193130,260.0,Spear,Account-9754,Player-DE24,1,12,3873,3 0 6,0,0
20260930-193130,260.0,Spear,Account-16AE,Player-1BA4,1,12,5931,3 0 6,7,0
20260930-193130,260.0,Spear,Account-1150,Player-470E,1,12,3642,3 0 6,22,0
20260930-193130,260.0,Spear,Account-8C31,Player-FBAD,1,17,4318,6 0,72,0
20260930-193130,260.0,Spear,Account-5C40,Player-F494,1,21,8003,3 0 6 4,0,0
20260930-193906,147.0,Spear,Account-9365,Player-DDA6,1,5,5409,0 4 3,140,0
20260930-193906,147.0,Spear,Account-83FE,Player-BCA0,1,6,4768,0 3,0,0
20260930-193906,147.0,Spear,Account-9FFE,Player-74C1,1,2,2573,0 3,0,0
20260930-193906,147.0,Spear,Account-E596,Player-1B8E,1,6,8305,0 3,0,0
20260930-193906,147.0,Spear,Account-9754,Player-DE24,1,10,11649,0 4,0,0
20260930-193906,147.0,Spear,Account-1150,Player-470E,1,4,6742,3 0,107,0
20260930-193906,147.0,Spear,Account-8C31,Player-FBAD,1,8,5490,0 3 4,50,0
20260930-193906,147.0,Spear,Account-5C40,Player-F494,1,16,9726,0 3 4,0,0
20260930-193906,147.0,Spear,Account-F4C4,Player-89AD,1,2,2770,0 3,0,0
20260930-193906,198.9,Spear,Account-9365,Player-DDA6,1,4,5351,3 0 5,63,0
20260930-193906,198.9,Spear,Account-83FE,Player-BCA0,1,5,9111,3 0,0,0
20260930-193906,198.9,Spear,Account-E596,Player-1B8E,1,4,7476,3 0 5,63,0
20260930-193906,198.9,Spear,Account-9754,Player-DE24,1,4,9077,3 0,0,0
20260930-193906,198.9,Spear,Account-16AE,Player-1BA4,1,4,4628,4 3 0,195,1
20260930-193906,198.9,Spear,Account-1150,Player-470E,1,3,5675,3 0,56,0
20260930-193906,198.9,Spear,Account-8C31,Player-FBAD,1,8,12927,0 4,0,0
20260930-193906,198.9,Spear,Account-5C40,Player-F494,1,9,8890,0 3 4,85,0
20260930-193906,247.7,Spear,Account-9365,Player-DDA6,1,4,5842,0 6,114,0
20260930-193906,247.7,Spear,Account-83FE,Player-BCA0,1,16,6418,4 0 6,224,1
20260930-193906,247.7,Spear,Account-9FFE,Player-74C1,1,21,7824,0 6 3 4,75,0
20260930-193906,247.7,Spear,Account-E596,Player-1B8E,1,10,5720,0 3 6,0,0
20260930-193906,247.7,Spear,Account-9754,Player-DE24,1,3,7794,0 3,76,0
20260930-193906,247.7,Spear,Account-16AE,Player-1BA4,1,8,20789,3 0,88,0
20260930-193906,247.7,Spear,Account-1150,Player-470E,1,9,13477,3 0,67,0
20260930-193906,247.7,Spear,Account-8C31,Player-FBAD,1,13,4346,3 0 6,22,0
20260930-193906,247.7,Spear,Account-5C40,Player-F494,1,17,20648,0 3 5,14,0
20260930-193906,247.7,Spear,Account-F4C4,Player-89AD,1,1,5086,0,0,0
20260930-194816,155.2,Spear,Account-9365,Player-DDA6,1,2,5442,0,14,0
20260930-194816,155.2,Spear,Account-83FE,Player-BCA0,1,2,2848,3 0,17,0
20260930-194816,155.2,Spear,Account-9FFE,Player-74C1,1,3,4918,3 0,7,0
20260930-194816,155.2,Spear,Account-E596,Player-1B8E,1,12,12934,0 3,0,0
20260930-194816,155.2,Spear,Account-9754,Player-DE24,1,2,7331,0,0,0
20260930-194816,155.2,Spear,Account-16AE,Player-1BA4,1,1,4373,0,60,0
20260930-194816,155.2,Spear,Account-1150,Player-470E,1,11,16226,0 3,30,0
20260930-194816,155.2,Spear,Account-8C31,Player-FBAD,1,4,8175,3 0 4,7,0
20260930-194816,155.2,Spear,Account-5C40,Player-F494,1,2,4299,3 0,0,0
20260930-194816,155.2,Spear,Account-F4C4,Player-89AD,1,2,6598,0,25,0
20260930-194816,209.8,Spear,Account-9365,Player-DDA6,1,3,6604,3 0,0,0
20260930-194816,209.8,Spear,Account-83FE,Player-BCA0,1,3,7679,6 0,33,0
20260930-194816,209.8,Spear,Account-9FFE,Player-74C1,1,3,6631,3 0,0,0
20260930-194816,209.8,Spear,Account-E596,Player-1B8E,1,14,20005,0,0,0
20260930-194816,209.8,Spear,Account-9754,Player-DE24,1,3,10214,0,0,0
20260930-194816,209.8,Spear,Account-16AE,Player-1BA4,1,2,10612,0,30,0
20260930-194816,209.8,Spear,Account-1150,Player-470E,1,11,13628,0 3,0,0
20260930-194816,209.8,Spear,Account-8C31,Player-FBAD,1,8,13652,0 3,0,0
20260930-194816,209.8,Spear,Account-5C40,Player-F494,1,3,6990,3 0,22,0
20260930-194816,209.8,Spear,Account-F4C4,Player-89AD,1,8,10383,0 3,0,0
20260930-194816,254.9,Spear,Account-9365,Player-DDA6,1,7,0,6,0,0
20260930-194816,254.9,Spear,Account-83FE,Player-BCA0,1,14,747,6 3 0,17,0
20260930-194816,254.9,Spear,Account-9FFE,Player-74C1,1,8,10991,6 0 3,0,0
20260930-194816,254.9,Spear,Account-E596,Player-1B8E,1,16,13719,6 3 0,0,0
20260930-194816,254.9,Spear,Account-9754,Player-DE24,1,5,3783,6 0 3,0,0
20260930-194816,254.9,Spear,Account-16AE,Player-1BA4,1,4,5625,6 0 3,7,0
20260930-194816,254.9,Spear,Account-1150,Player-470E,1,7,7242,0 3 5,93,0
20260930-194816,254.9,Spear,Account-8C31,Player-FBAD,1,13,11415,6 0 3,0,0
20260930-194816,254.9,Spear,Account-5C40,Player-F494,1,15,3282,6 3 0,0,0
20260930-194816,254.9,Spear,Account-F4C4,Player-89AD,1,13,5557,6 0 3 4,0,0
20260930-195751,152.6,Spear,Account-9365,Player-DDA6,1,3,6047,0 3,29,0
20260930-195751,152.6,Spear,Account-83FE,Player-BCA0,1,4,3001,0 3 4,18,0
20260930-195751,152.6,Spear,Account-9FFE,Player-74C1,1,4,2591,0 3 4,0,0
20260930-195751,152.6,Spear,Account-E596,Player-1B8E,1,8,9490,0 5 3,93,0
20260930-195751,152.6,Spear,Account-9754,Player-DE24,1,2,2789,0 6,0,0
20260930-195751,152.6,Spear,Account-16AE,Player-1BA4,1,2,3201,0 6,20,0
20260930-195751,152.6,Spear,Account-1150,Player-470E,1,7,2337,0 6,58,0
20260930-195751,152.6,Spear,Account-8C31,Player-FBAD,1,3,3110,0 6,15,0
20260930-195751,152.6,Spear,Account-5C40,Player-F494,1,4,4810,0 6 3,0,0
20260930-195751,152.6,Spear,Account-F4C4,Player-89AD,1,7,6406,0 5 3,89,0
20260930-195751,207.2,Spear,Account-9365,Player-DDA6,1,8,0,3 6,57,0
20260930-195751,207.2,Spear,Account-83FE,Player-BCA0,1,13,0,3 6,0,0
20260930-195751,207.2,Spear,Account-9FFE,Player-74C1,1,12,514,3 6 0,31,0
20260930-195751,207.2,Spear,Account-E596,Player-1B8E,1,15,5120,0 3 6,85,0
20260930-195751,207.2,Spear,Account-9754,Player-DE24,1,3,2945,3 0,36,0
20260930-195751,207.2,Spear,Account-16AE,Player-1BA4,1,2,3379,0 3,62,0
20260930-195751,207.2,Spear,Account-1150,Player-470E,1,9,11674,0 3,0,0
20260930-195751,207.2,Spear,Account-8C31,Player-FBAD,1,3,3283,3 0 6,0,0
20260930-195751,207.2,Spear,Account-5C40,Player-F494,1,8,6802,3 0,0,0
20260930-195751,207.2,Spear,Account-F4C4,Player-89AD,1,11,2385,0 3 6,28,0
20260930-195751,254.4,Spear,Account-9365,Player-DDA6,1,4,7641,0 3,30,0
20260930-195751,254.4,Spear,Account-9FFE,Player-74C1,1,6,9111,0 3,8,0
20260930-195751,254.4,Spear,Account-E596,Player-1B8E,1,4,11172,0 3,64,0
20260930-195751,254.4,Spear,Account-16AE,Player-1BA4,1,4,10752,0,0,0
20260930-195751,254.4,Spear,Account-1150,Player-470E,1,4,3234,0 4,58,0
20260930-195751,254.4,Spear,Account-5C40,Player-F494,1,12,14018,0,0,0
20260930-195751,254.4,Spear,Account-F4C4,Player-89AD,1,4,6140,0 3,0,0
20260930-200445,151.8,Spear,Account-9365,Player-DDA6,1,1,2487,0,29,0
20260930-200445,151.8,Spear,Account-83FE,Player-BCA0,1,6,2897,6 0 3,0,0
20260930-200445,151.8,Spear,Account-9FFE,Player-74C1,1,14,2968,3 6 0,98,0
20260930-200445,151.8,Spear,Account-E596,Player-1B8E,1,7,8067,0 3 4,0,0
20260930-200445,151.8,Spear,Account-9754,Player-DE24,1,1,3996,0,0,0
20260930-200445,151.8,Spear,Account-16AE,Player-1BA4,1,6,0,3 6,43,0
20260930-200445,151.8,Spear,Account-1150,Player-470E,1,6,0,3 6,0,0
20260930-200445,151.8,Spear,Account-8C31,Player-FBAD,1,14,6630,0 3 6,22,0
20260930-200445,151.8,Spear,Account-5C40,Player-F494,1,3,4365,0 6,127,0
20260930-200445,151.8,Spear,Account-F4C4,Player-89AD,1,1,2688,0,13,0
20260930-201108,150.1,Spear,Account-9365,Player-DDA6,1,6,7090,0 4,107,0
20260930-201108,150.1,Spear,Account-83FE,Player-BCA0,1,2,7909,0,46,0
20260930-201108,150.1,Spear,Account-9FFE,Player-74C1,1,2,3151,0 3,0,0
20260930-201108,150.1,Spear,Account-E596,Player-1B8E,1,4,10132,0 3,0,0
20260930-201108,150.1,Spear,Account-9754,Player-DE24,1,2,10910,0,86,0
20260930-201108,150.1,Spear,Account-16AE,Player-1BA4,1,2,3220,0 3,17,0
20260930-201108,150.1,Spear,Account-1150,Player-470E,1,2,4413,0,29,0
20260930-201108,150.1,Spear,Account-8C31,Player-FBAD,1,2,8197,0,61,0
20260930-201108,150.1,Spear,Account-5C40,Player-F494,1,3,8552,0 3,0,0
20260930-201108,150.1,Spear,Account-F4C4,Player-89AD,1,1,2525,0,0,0
20260930-201108,206.9,Spear,Account-9365,Player-DDA6,1,6,2962,6 3 0,110,0
20260930-201108,206.9,Spear,Account-83FE,Player-BCA0,1,10,0,6,25,0
20260930-201108,206.9,Spear,Account-9FFE,Player-74C1,1,9,5824,6 0 3 5 4,0,0
20260930-201108,206.9,Spear,Account-E596,Player-1B8E,1,10,0,6 3,14,0
20260930-201108,206.9,Spear,Account-9754,Player-DE24,1,5,0,6 3,43,0
20260930-201108,206.9,Spear,Account-16AE,Player-1BA4,1,5,0,6 3,0,0
20260930-201108,206.9,Spear,Account-1150,Player-470E,1,10,0,6 3,0,0
20260930-201108,206.9,Spear,Account-8C31,Player-FBAD,1,5,0,6 3,0,0
20260930-201108,206.9,Spear,Account-5C40,Player-F494,1,20,4646,6 3 0,0,0
20260930-201108,206.9,Spear,Account-F4C4,Player-89AD,1,6,0,6 3,0,0
20260930-201108,252.9,Spear,Account-9365,Player-DDA6,1,2,7621,0,51,0
20260930-201108,252.9,Spear,Account-83FE,Player-BCA0,1,5,8352,0,83,0
20260930-201108,252.9,Spear,Account-9FFE,Player-74C1,1,3,8326,0 3,0,0
20260930-201108,252.9,Spear,Account-E596,Player-1B8E,1,11,11119,0 3 4,0,0
20260930-201108,252.9,Spear,Account-9754,Player-DE24,1,4,7775,0 5 3,155,1
20260930-201108,252.9,Spear,Account-16AE,Player-1BA4,1,3,6668,0 5,22,0
20260930-201108,252.9,Spear,Account-1150,Player-470E,1,7,5959,0 3 4,0,0
20260930-201108,252.9,Spear,Account-8C31,Player-FBAD,1,2,6479,0,22,0
20260930-201108,252.9,Spear,Account-5C40,Player-F494,1,6,15788,0,0,0
20260930-201108,252.9,Spear,Account-F4C4,Player-89AD,1,8,8155,0 3 4,0,0
20260930-203200,154.5,Spear,Account-9365,Player-DDA6,1,6,9283,0 4,43,0
20260930-203200,154.5,Spear,Account-83FE,Player-BCA0,1,4,10009,0 3,61,0
20260930-203200,154.5,Spear,Account-9FFE,Player-74C1,1,7,11618,0,0,0
20260930-203200,154.5,Spear,Account-E596,Player-1B8E,1,8,13139,0 3,178,1
20260930-203200,154.5,Spear,Account-9754,Player-DE24,1,11,0,6 3 4,0,0
20260930-203200,154.5,Spear,Account-16AE,Player-1BA4,1,6,0,6 4,63,0
20260930-203200,154.5,Spear,Account-1150,Player-470E,1,6,0,6,21,0
20260930-203200,154.5,Spear,Account-8C31,Player-FBAD,1,20,5004,6 3 0 4,0,0
20260930-203200,154.5,Spear,Account-5C40,Player-F494,1,14,6322,6 3 0,107,0
20260930-203200,154.5,Spear,Account-F4C4,Player-89AD,1,4,10337,0 3,42,0
20260930-203200,200.0,Spear,Account-9365,Player-DDA6,1,2,2592,0 3,108,0
20260930-203200,200.0,Spear,Account-83FE,Player-BCA0,1,1,3015,0,0,0
20260930-203200,200.0,Spear,Account-9FFE,Player-74C1,1,4,3147,0 3 5,117,0
20260930-203200,200.0,Spear,Account-E596,Player-1B8E,1,3,3819,0 3 5,136,0
20260930-203200,200.0,Spear,Account-9754,Player-DE24,1,6,11061,0,57,0
20260930-203200,200.0,Spear,Account-1150,Player-470E,1,1,2609,0,101,0
20260930-203200,200.0,Spear,Account-8C31,Player-FBAD,1,4,7359,0 4,27,0
20260930-203200,200.0,Spear,Account-5C40,Player-F494,1,1,4550,0,63,0
20260930-203200,200.0,Spear,Account-F4C4,Player-89AD,1,2,2802,0 5,120,0
20260930-203200,245.1,Spear,Account-9365,Player-DDA6,1,5,9131,0 3,108,0
20260930-203200,245.1,Spear,Account-83FE,Player-BCA0,1,8,3659,3 0 4 6,85,0
20260930-203200,245.1,Spear,Account-9FFE,Player-74C1,1,5,10739,3 0,29,0
20260930-203200,245.1,Spear,Account-E596,Player-1B8E,1,6,13958,3 0,0,0
20260930-203200,245.1,Spear,Account-9754,Player-DE24,1,7,0,6 3,8,0
20260930-203200,245.1,Spear,Account-16AE,Player-1BA4,1,6,3903,6 0 3,62,0
20260930-203200,245.1,Spear,Account-1150,Player-470E,1,6,2569,6 3 0,0,0
20260930-203200,245.1,Spear,Account-8C31,Player-FBAD,1,9,3419,6 3 0,0,0
20260930-203200,245.1,Spear,Account-5C40,Player-F494,1,5,3003,6 3 0,54,0
20260930-203200,245.1,Spear,Account-F4C4,Player-89AD,1,4,10762,3 0,48,0
20260930-203600,155.6,Spear,Account-9365,Player-DDA6,1,2,5723,0,100,0
20260930-203600,155.6,Spear,Account-83FE,Player-BCA0,1,2,7033,0,0,0
20260930-203600,155.6,Spear,Account-9FFE,Player-74C1,1,3,10721,0,22,0
20260930-203600,155.6,Spear,Account-E596,Player-1B8E,1,10,15757,0 3,0,0
20260930-203600,155.6,Spear,Account-9754,Player-DE24,1,6,8820,0 3 4,0,0
20260930-203600,155.6,Spear,Account-16AE,Player-1BA4,1,4,10048,0 3,54,0
20260930-203600,155.6,Spear,Account-1150,Player-470E,1,2,2254,0 5,108,0
20260930-203600,155.6,Spear,Account-8C31,Player-FBAD,1,5,6697,0 3 4,28,0
20260930-203600,155.6,Spear,Account-5C40,Player-F494,1,2,3932,0 3,8,0
20260930-203600,155.6,Spear,Account-F4C4,Player-89AD,1,1,2690,0,0,0
20260930-203947,161.4,Spear,Account-9365,Player-DDA6,1,4,3165,3 0 6,106,0
20260930-203947,161.4,Spear,Account-83FE,Player-BCA0,1,2,6863,0,8,0
20260930-203947,161.4,Spear,Account-9FFE,Player-74C1,1,2,3053,0 3,0,0
20260930-203947,161.4,Spear,Account-E596,Player-1B8E,1,3,8229,0 3,0,0
20260930-203947,161.4,Spear,Account-9754,Player-DE24,1,3,0,6,0,0
20260930-203947,161.4,Spear,Account-16AE,Player-1BA4,1,2,0,6,29,0
20260930-203947,161.4,Spear,Account-1150,Player-470E,1,4,0,6,36,0
20260930-203947,161.4,Spear,Account-8C31,Player-FBAD,1,15,2803,6 0 4,0,0
20260930-203947,161.4,Spear,Account-5C40,Player-F494,1,4,0,6,8,0
20260930-203947,161.4,Spear,Account-F4C4,Player-89AD,1,5,9295,3 0 6,63,0
20260930-204517,157.6,Spear,Account-9365,Player-DDA6,1,5,6343,3 0,79,0
20260930-204517,157.6,Spear,Account-83FE,Player-BCA0,1,3,6701,0 3,35,0
20260930-204517,157.6,Spear,Account-9FFE,Player-74C1,1,5,5982,3 0,17,0
20260930-204517,157.6,Spear,Account-E596,Player-1B8E,1,11,1476,3 0,63,0
20260930-204517,157.6,Spear,Account-9754,Player-DE24,1,2,7500,0,0,0
20260930-204517,157.6,Spear,Account-16AE,Player-1BA4,1,3,6433,0 3,70,0
20260930-204517,157.6,Spear,Account-1150,Player-470E,1,4,4697,0 3,96,0
20260930-204517,157.6,Spear,Account-8C31,Player-FBAD,1,3,7870,0 3,0,0
20260930-204517,157.6,Spear,Account-5C40,Player-F494,1,3,7523,0 3,0,0
20260930-204517,157.6,Spear,Account-F4C4,Player-89AD,1,2,3275,3 0,46,0
20260930-204517,213.8,Spear,Account-9365,Player-DDA6,1,7,6631,6 0 3 4,58,0
20260930-204517,213.8,Spear,Account-83FE,Player-BCA0,1,6,7306,6 0 3,0,0
20260930-204517,213.8,Spear,Account-9FFE,Player-74C1,1,8,8135,6 0 3,0,0
20260930-204517,213.8,Spear,Account-E596,Player-1B8E,1,13,5053,6 3 0,0,0
20260930-204517,213.8,Spear,Account-9754,Player-DE24,1,6,5047,6 0 3,50,0
20260930-204517,213.8,Spear,Account-16AE,Player-1BA4,1,4,4329,6 3 0,0,0
20260930-204517,213.8,Spear,Account-1150,Player-470E,1,6,3161,6 3 0,0,0
20260930-204517,213.8,Spear,Account-8C31,Player-FBAD,1,15,10057,6 0 4,0,0
20260930-204517,213.8,Spear,Account-5C40,Player-F494,1,7,5514,6 3 0,0,0
20260930-204517,213.8,Spear,Account-F4C4,Player-89AD,1,18,5485,6 3 0 4,0,0
20260930-204517,259.4,Spear,Account-9365,Player-DDA6,1,7,10842,0 3,0,0
20260930-204517,259.4,Spear,Account-83FE,Player-BCA0,1,7,9060,0 3,0,0
20260930-204517,259.4,Spear,Account-9FFE,Player-74C1,1,9,10713,0 3,0,0
20260930-204517,259.4,Spear,Account-E596,Player-1B8E,1,13,19479,0 5 3,0,0
20260930-204517,259.4,Spear,Account-9754,Player-DE24,1,2,10016,0,0,0
20260930-204517,259.4,Spear,Account-16AE,Player-1BA4,1,3,12612,0,52,0
20260930-204517,259.4,Spear,Account-1150,Player-470E,1,2,7380,0,0,0
20260930-204517,259.4,Spear,Account-8C31,Player-FBAD,1,3,7920,0 3,0,0
20260930-204517,259.4,Spear,Account-5C40,Player-F494,1,6,14309,0 4,0,0
20260930-204517,259.4,Spear,Account-F4C4,Player-89AD,1,2,8806,0,59,0
20260930-205557,159.8,Spear,Account-9365,Player-DDA6,1,5,0,6 4,14,0
20260930-205557,159.8,Spear,Account-83FE,Player-BCA0,1,10,1188,6 0 4,87,0
20260930-205557,159.8,Spear,Account-9FFE,Player-74C1,1,10,0,6 3 4,58,0
20260930-205557,159.8,Spear,Account-E596,Player-1B8E,1,9,0,6,14,0
20260930-205557,159.8,Spear,Account-9754,Player-DE24,1,5,5393,0 4,0,0
20260930-205557,159.8,Spear,Account-16AE,Player-1BA4,1,1,3358,0,21,0
20260930-205557,159.8,Spear,Account-1150,Player-470E,1,3,4461,0 3,0,0
20260930-205557,159.8,Spear,Account-8C31,Player-FBAD,1,1,2936,0,0,0
20260930-205557,159.8,Spear,Account-5C40,Player-F494,1,3,7782,0 5,51,0
20260930-205557,159.8,Spear,Account-F4C4,Player-89AD,1,4,0,6,4,0
20260930-205557,214.8,Spear,Account-9365,Player-DDA6,1,9,7117,3 0,58,0
20260930-205557,214.8,Spear,Account-83FE,Player-BCA0,1,14,4645,3 0 6,58,0
20260930-205557,214.8,Spear,Account-9FFE,Player-74C1,1,10,8829,3 0,58,0
20260930-205557,214.8,Spear,Account-E596,Player-1B8E,1,6,10210,0,0,0
20260930-205557,214.8,Spear,Account-9754,Player-DE24,1,4,3691,6 3 0,0,0
20260930-205557,214.8,Spear,Account-16AE,Player-1BA4,1,3,0,6 3,37,0
20260930-205557,214.8,Spear,Account-1150,Player-470E,1,13,3805,6 0 3 4,0,0
20260930-205557,214.8,Spear,Account-8C31,Player-FBAD,1,4,3076,6 3 0,0,0
20260930-205557,214.8,Spear,Account-5C40,Player-F494,1,12,2175,6 0,0,0
20260930-205557,214.8,Spear,Account-F4C4,Player-89AD,1,5,9034,0,38,0
20260930-205557,265.9,Spear,Account-9365,Player-DDA6,1,3,5968,3 0,7,0
20260930-205557,265.9,Spear,Account-83FE,Player-BCA0,1,3,7784,3 0,51,0
20260930-205557,265.9,Spear,Account-9FFE,Player-74C1,1,3,7050,3 0,5,0
20260930-205557,265.9,Spear,Account-E596,Player-1B8E,1,5,9294,0 3 5,0,0
20260930-205557,265.9,Spear,Account-9754,Player-DE24,1,4,8632,3 0,0,0
20260930-205557,265.9,Spear,Account-16AE,Player-1BA4,1,4,17355,0 3,20,0
20260930-205557,265.9,Spear,Account-1150,Player-470E,1,4,5406,3 0,62,0
20260930-205557,265.9,Spear,Account-8C31,Player-FBAD,1,4,3237,3 0 6,0,0
20260930-210018,155.7,Spear,Account-9365,Player-DDA6,1,4,8485,0 3,29,0
20260930-210018,155.7,Spear,Account-83FE,Player-BCA0,1,4,3175,0 3 4,22,0
20260930-210018,155.7,Spear,Account-9FFE,Player-74C1,1,5,2742,0 3 4,0,0
20260930-210018,155.7,Spear,Account-E596,Player-1B8E,1,4,5950,0,0,0
20260930-210018,155.7,Spear,Account-9754,Player-DE24,1,3,9799,3 0,51,0
20260930-210018,155.7,Spear,Account-16AE,Player-1BA4,1,3,8995,3 0,107,0
20260930-210018,155.7,Spear,Account-1150,Player-470E,1,2,2226,0 3,0,0
20260930-210018,155.7,Spear,Account-8C31,Player-FBAD,1,11,8271,3 0 6,0,0
20260930-210018,155.7,Spear,Account-5C40,Player-F494,1,3,11456,0 3,0,0
20260930-210018,155.7,Spear,Account-F4C4,Player-89AD,1,1,2656,0,0,0
20260930-210743,150.7,Spear,Account-9365,Player-DDA6,1,5,3770,0 3,6,0
20260930-210743,150.7,Spear,Account-83FE,Player-BCA0,1,7,7943,0 3 4,60,0
20260930-210743,150.7,Spear,Account-9FFE,Player-74C1,1,1,2872,0,0,0
20260930-210743,150.7,Spear,Account-E596,Player-1B8E,1,5,8950,0 3,21,0
20260930-210743,150.7,Spear,Account-9754,Player-DE24,1,4,4137,0 5 6 3,41,0
20260930-210743,150.7,Spear,Account-16AE,Player-1BA4,1,2,3548,0 6,14,0
20260930-210743,150.7,Spear,Account-1150,Player-470E,1,5,2332,0 3 6,85,0
20260930-210743,150.7,Spear,Account-8C31,Player-FBAD,1,5,3447,0 3 6 4,0,0
20260930-210743,150.7,Spear,Account-5C40,Player-F494,1,3,850,3 6 0,0,0
20260930-210743,150.7,Spear,Account-F4C4,Player-89AD,1,2,5564,0,110,0
20260930-210743,207.0,Spear,Account-9365,Player-DDA6,1,3,5178,3 0,29,0
20260930-210743,207.0,Spear,Account-83FE,Player-BCA0,1,3,7505,3 0,0,0
20260930-210743,207.0,Spear,Account-9FFE,Player-74C1,1,3,5746,0,0,0
20260930-210743,207.0,Spear,Account-E596,Player-1B8E,1,6,8238,0 3,0,0
20260930-210743,207.0,Spear,Account-9754,Player-DE24,1,4,9334,3 0,56,0
20260930-210743,207.0,Spear,Account-16AE,Player-1BA4,1,4,3212,4 3 0,220,1
20260930-210743,207.0,Spear,Account-1150,Player-470E,1,4,6333,0 3,112,0
20260930-210743,207.0,Spear,Account-8C31,Player-FBAD,1,12,1992,6 3 0,58,0
20260930-210743,207.0,Spear,Account-5C40,Player-F494,1,3,8180,0 3,0,0
20260930-210743,207.0,Spear,Account-F4C4,Player-89AD,1,6,6447,0 3,0,0
20260930-210743,252.4,Spear,Account-9365,Player-DDA6,1,9,2142,6 0 3,62,0
20260930-210743,252.4,Spear,Account-83FE,Player-BCA0,1,23,1806,6 3 0,29,0
20260930-210743,252.4,Spear,Account-9FFE,Player-74C1,1,19,5411,6 0 3 4,0,0
20260930-210743,252.4,Spear,Account-9754,Player-DE24,1,7,8448,3 0 6,43,0
20260930-210743,252.4,Spear,Account-16AE,Player-1BA4,1,8,3281,0 6,16,0
20260930-210743,252.4,Spear,Account-1150,Player-470E,1,5,6642,0 3,114,0
20260930-210743,252.4,Spear,Account-8C31,Player-FBAD,1,18,4436,3 0 6 4,0,0
20260930-210743,252.4,Spear,Account-5C40,Player-F494,1,20,7721,3 0 6 4,0,0
20260930-210743,252.4,Spear,Account-F4C4,Player-89AD,1,13,3645,6 0 3 4,0,0
20260930-211921,157.6,Spear,Account-9365,Player-DDA6,1,4,5621,0 3,53,0
20260930-211921,157.6,Spear,Account-83FE,Player-BCA0,1,9,3039,0 3 6,34,0
20260930-211921,157.6,Spear,Account-9FFE,Player-74C1,1,12,9046,0 3 4,61,0
20260930-211921,157.6,Spear,Account-E596,Player-1B8E,1,7,12370,0 3,0,0
20260930-211921,157.6,Spear,Account-9754,Player-DE24,1,5,0,6 4,0,0
20260930-211921,157.6,Spear,Account-16AE,Player-1BA4,1,2,0,6,36,0
20260930-211921,157.6,Spear,Account-1150,Player-470E,1,3,0,6,0,0
20260930-211921,157.6,Spear,Account-8C31,Player-FBAD,1,6,1286,6 0,25,0
20260930-211921,157.6,Spear,Account-5C40,Player-F494,1,13,759,6 3 0,0,0
20260930-211921,157.6,Spear,Account-F4C4,Player-89AD,1,2,2542,0 3,0,0
20260930-211921,212.6,Spear,Account-9365,Player-DDA6,1,3,2332,3 0,36,0
20260930-211921,212.6,Spear,Account-83FE,Player-BCA0,1,12,0,3 6,32,0
20260930-211921,212.6,Spear,Account-9FFE,Player-74C1,1,14,8230,3 0,0,0
20260930-211921,212.6,Spear,Account-E596,Player-1B8E,1,5,7708,0 3,47,0
20260930-211921,212.6,Spear,Account-9754,Player-DE24,1,2,3373,3 0,0,0
20260930-211921,212.6,Spear,Account-16AE,Player-1BA4,1,3,5786,3 0,60,0
20260930-211921,212.6,Spear,Account-1150,Player-470E,1,5,3802,3 0,0,0
20260930-211921,212.6,Spear,Account-8C31,Player-FBAD,1,3,5622,3 0,0,0
20260930-211921,212.6,Spear,Account-5C40,Player-F494,1,9,9597,3 0,0,0
20260930-211921,212.6,Spear,Account-F4C4,Player-89AD,1,5,4538,3 0,0,0
20260930-211921,259.9,Spear,Account-9365,Player-DDA6,1,6,2660,0 6,43,0
20260930-211921,259.9,Spear,Account-83FE,Player-BCA0,1,8,3093,0 6,81,0
20260930-211921,259.9,Spear,Account-9FFE,Player-74C1,1,10,3492,0 6,0,0
20260930-211921,259.9,Spear,Account-E596,Player-1B8E,1,11,3919,3 0 6,14,0
20260930-211921,259.9,Spear,Account-9754,Player-DE24,1,9,8146,3 0 4,47,0
20260930-211921,259.9,Spear,Account-16AE,Player-1BA4,1,2,3300,3 0,64,0
20260930-211921,259.9,Spear,Account-1150,Player-470E,1,3,4891,3 0,63,0
20260930-211921,259.9,Spear,Account-8C31,Player-FBAD,1,7,10259,3 0,226,1
20260930-211921,259.9,Spear,Account-5C40,Player-F494,1,9,6758,3 0 4,0,0
20260930-211921,259.9,Spear,Account-F4C4,Player-89AD,1,7,2875,0 6,58,0
20260930-213637,148.5,Spear,Account-9365,Player-DDA6,1,1,2357,0,155,1
20260930-213637,148.5,Spear,Account-83FE,Player-BCA0,1,2,3146,0 3,0,0
20260930-213637,148.5,Spear,Account-9FFE,Player-74C1,1,3,5547,0 3,105,0
20260930-213637,148.5,Spear,Account-E596,Player-1B8E,1,2,3473,0 5,155,1
20260930-213637,148.5,Spear,Account-9754,Player-DE24,1,3,4725,0 5,155,1
20260930-213637,148.5,Spear,Account-16AE,Player-1BA4,1,3,10457,0,85,0
20260930-213637,148.5,Spear,Account-1150,Player-470E,1,1,2135,0,0,0
20260930-213637,148.5,Spear,Account-8C31,Player-FBAD,1,3,3157,0 3 4,0,0
20260930-213637,148.5,Spear,Account-5C40,Player-F494,1,2,8728,0,104,0
20260930-213637,148.5,Spear,Account-F4C4,Player-89AD,1,1,2548,0,7,0
20260930-213637,203.2,Spear,Account-9365,Player-DDA6,1,19,6027,6 3 0,69,0
20260930-213637,203.2,Spear,Account-83FE,Player-BCA0,1,14,10919,6 0 3 4,0,0
20260930-213637,203.2,Spear,Account-9FFE,Player-74C1,1,11,8911,6 0 3,0,0
20260930-213637,203.2,Spear,Account-9754,Player-DE24,1,5,5150,6 3 0,0,0
20260930-213637,203.2,Spear,Account-16AE,Player-1BA4,1,4,0,6 3,14,0
20260930-213637,203.2,Spear,Account-1150,Player-470E,1,18,2787,6 3 0 4,0,0
20260930-213637,203.2,Spear,Account-8C31,Player-FBAD,1,4,0,6 3,0,0
20260930-213637,203.2,Spear,Account-5C40,Player-F494,1,19,4811,6 3 0,55,0
20260930-213637,203.2,Spear,Account-F4C4,Player-89AD,1,16,6885,6 0 3 4,22,0
20260930-214712,157.5,Spear,Account-9365,Player-DDA6,1,5,2560,3 0 4,68,0
20260930-214712,157.5,Spear,Account-83FE,Player-BCA0,1,11,3260,6 0 4,14,0
20260930-214712,157.5,Spear,Account-9FFE,Player-74C1,1,5,8948,0,0,0
20260930-214712,157.5,Spear,Account-E596,Player-1B8E,1,4,6691,0 3,0,0
20260930-214712,157.5,Spear,Account-9754,Player-DE24,1,5,3597,0 3 4,0,0
20260930-214712,157.5,Spear,Account-16AE,Player-1BA4,1,2,3085,3 0,36,0
20260930-214712,157.5,Spear,Account-1150,Player-470E,1,3,4114,0 3,22,0
20260930-214712,157.5,Spear,Account-8C31,Player-FBAD,1,3,3615,0 3,0,0
20260930-214712,157.5,Spear,Account-5C40,Player-F494,1,4,10751,3 0,0,0
20260930-214712,157.5,Spear,Account-F4C4,Player-89AD,1,2,2419,3 0,25,0
20260930-214712,212.2,Spear,Account-9365,Player-DDA6,1,3,2352,6 3 0,56,0
20260930-214712,212.2,Spear,Account-83FE,Player-BCA0,1,5,0,6,4,0
20260930-214712,212.2,Spear,Account-9FFE,Player-74C1,1,4,2125,6 3 0,0,0
20260930-214712,212.2,Spear,Account-E596,Player-1B8E,1,13,2493,6 3 0,0,0
20260930-214712,212.2,Spear,Account-9754,Player-DE24,1,4,4001,6 0 3,59,0
20260930-214712,212.2,Spear,Account-16AE,Player-1BA4,1,4,2917,6 0 3,36,0
20260930-214712,212.2,Spear,Account-1150,Player-470E,1,21,3487,6 3 0,0,0
20260930-214712,212.2,Spear,Account-8C31,Player-FBAD,1,6,2834,6 0 3,14,0
20260930-214712,212.2,Spear,Account-5C40,Player-F494,1,4,0,6 3,17,0
20260930-214712,212.2,Spear,Account-F4C4,Player-89AD,1,17,3752,6 3 0,0,0
20260930-214712,257.4,Spear,Account-9365,Player-DDA6,1,2,2148,3 0,111,0
20260930-214712,257.4,Spear,Account-83FE,Player-BCA0,1,4,9418,3 0,0,0
20260930-214712,257.4,Spear,Account-9FFE,Player-74C1,1,4,9243,0 3,0,0
20260930-214712,257.4,Spear,Account-E596,Player-1B8E,1,13,14838,0 3,0,0
20260930-214712,257.4,Spear,Account-9754,Player-DE24,1,5,7977,3 0,57,0
20260930-214712,257.4,Spear,Account-16AE,Player-1BA4,1,9,9731,3 0,41,0
20260930-214712,257.4,Spear,Account-1150,Player-470E,1,7,7311,0 5 3,90,0
20260930-214712,257.4,Spear,Account-8C31,Player-FBAD,1,12,7636,6 0,131,0
20260930-214712,257.4,Spear,Account-5C40,Player-F494,1,3,7083,0 3,0,0
20260930-214712,257.4,Spear,Account-F4C4,Player-89AD,1,11,8715,0 3,0,0
20260930-215627,151.0,Spear,Account-9365,Player-DDA6,1,4,4687,0 3,59,0
20260930-215627,151.0,Spear,Account-83FE,Player-BCA0,1,4,3432,3 0 6,108,0
20260930-215627,151.0,Spear,Account-9FFE,Player-74C1,1,4,4910,4 0 3,177,1
20260930-215627,151.0,Spear,Account-E596,Player-1B8E,1,10,4871,0 3 4,4,0
20260930-215627,151.0,Spear,Account-9754,Player-DE24,1,3,0,6,58,0
20260930-215627,151.0,Spear,Account-16AE,Player-1BA4,1,3,0,6,25,0
20260930-215627,151.0,Spear,Account-1150,Player-470E,1,5,0,6,0,0
20260930-215627,151.0,Spear,Account-8C31,Player-FBAD,1,4,0,6 3,22,0
20260930-215627,151.0,Spear,Account-5C40,Player-F494,1,14,1626,6 3 0,29,0
20260930-215627,151.0,Spear,Account-F4C4,Player-89AD,1,4,6300,0 3,0,0
20260930-215627,206.4,Spear,Account-9365,Player-DDA6,1,3,5028,3 0,89,0
20260930-215627,206.4,Spear,Account-83FE,Player-BCA0,1,4,3356,3 0 6,64,0
20260930-215627,206.4,Spear,Account-9FFE,Player-74C1,1,3,5050,3 0,0,0
20260930-215627,206.4,Spear,Account-E596,Player-1B8E,1,11,10694,0 3,0,0
20260930-215627,206.4,Spear,Account-9754,Player-DE24,1,3,8151,3 0,59,0
20260930-215627,206.4,Spear,Account-16AE,Player-1BA4,1,3,3119,3 0,0,0
20260930-215627,206.4,Spear,Account-1150,Player-470E,1,11,5666,0 3,0,0
20260930-215627,206.4,Spear,Account-8C31,Player-FBAD,1,4,8943,3 0,55,0
20260930-215627,206.4,Spear,Account-5C40,Player-F494,1,4,5322,3 0,0,0
20260930-215627,206.4,Spear,Account-F4C4,Player-89AD,1,8,7248,0 3,0,0
20260930-215627,251.8,Spear,Account-9365,Player-DDA6,1,7,0,6 3,29,0
20260930-215627,251.8,Spear,Account-83FE,Player-BCA0,1,11,1596,6 0,0,0
20260930-215627,251.8,Spear,Account-9FFE,Player-74C1,1,2,0,6,0,0
20260930-215627,251.8,Spear,Account-E596,Player-1B8E,1,5,0,6,0,0
20260930-215627,251.8,Spear,Account-9754,Player-DE24,1,2,11744,0,16,0
20260930-215627,251.8,Spear,Account-16AE,Player-1BA4,1,1,0,3,22,0
20260930-215627,251.8,Spear,Account-1150,Player-470E,1,3,6151,0 5,124,0
20260930-215627,251.8,Spear,Account-8C31,Player-FBAD,1,3,13609,0,0,0
20260930-215627,251.8,Spear,Account-5C40,Player-F494,1,1,4655,0,36,0
20260930-215627,251.8,Spear,Account-F4C4,Player-89AD,1,5,0,6,0,0
20260930-220441,159.5,Spear,Account-9365,Player-DDA6,1,7,0,4 6,220,1
20260930-220441,159.5,Spear,Account-83FE,Player-BCA0,1,2,3815,0 6,0,0
20260930-220441,159.5,Spear,Account-9FFE,Player-74C1,1,3,3377,0 6 3,0,0
20260930-220441,159.5,Spear,Account-E596,Player-1B8E,1,5,3789,0 3 6,10,0
20260930-220441,159.5,Spear,Account-9754,Player-DE24,1,2,4593,0 4,0,0
20260930-220441,159.5,Spear,Account-16AE,Player-1BA4,1,1,3545,0,41,0
20260930-220441,159.5,Spear,Account-1150,Player-470E,1,9,3266,4 3 0,193,1
20260930-220441,159.5,Spear,Account-8C31,Player-FBAD,1,5,3670,0 3 4,0,0
20260930-220441,159.5,Spear,Account-5C40,Player-F494,1,1,4064,0,0,0
20260930-220441,159.5,Spear,Account-F4C4,Player-89AD,1,4,2780,0 3 6,66,0
20260930-220441,215.8,Spear,Account-9365,Player-DDA6,1,11,7035,0 3 4,0,0
20260930-220441,215.8,Spear,Account-83FE,Player-BCA0,1,3,6128,3 0,47,0
20260930-220441,215.8,Spear,Account-9FFE,Player-74C1,1,3,2280,3 0,0,0
20260930-220441,215.8,Spear,Account-E596,Player-1B8E,1,15,19285,0 3,0,0
20260930-220441,215.8,Spear,Account-9754,Player-DE24,1,6,6600,6 0 4,0,0
20260930-220441,215.8,Spear,Account-16AE,Player-1BA4,1,4,3198,6 0,0,0
20260930-220441,215.8,Spear,Account-1150,Player-470E,1,19,2470,6 3 0 4,0,0
20260930-220441,215.8,Spear,Account-8C31,Player-FBAD,1,9,3679,6 0 3,0,0
20260930-220441,215.8,Spear,Account-5C40,Player-F494,1,4,0,6 3,0,0
20260930-220441,215.8,Spear,Account-F4C4,Player-89AD,1,3,2454,3 0,0,0
20260930-220441,262.0,Spear,Account-9365,Player-DDA6,1,5,2368,6 0 3,59,0
20260930-220441,262.0,Spear,Account-83FE,Player-BCA0,1,10,0,6,21,0
20260930-220441,262.0,Spear,Account-9FFE,Player-74C1,1,6,2642,6 0 3,0,0
20260930-220441,262.0,Spear,Account-E596,Player-1B8E,1,13,6246,6 3 0,68,0
20260930-220441,262.0,Spear,Account-9754,Player-DE24,1,3,14255,3 0,0,0
20260930-220441,262.0,Spear,Account-16AE,Player-1BA4,1,3,7254,3 0,0,0
20260930-220441,262.0,Spear,Account-1150,Player-470E,1,8,9909,0 3,67,0
20260930-220441,262.0,Spear,Account-8C31,Player-FBAD,1,6,9994,3 0,0,0
20260930-220441,262.0,Spear,Account-5C40,Player-F494,1,12,11558,3 0 5,8,0
20260930-220441,262.0,Spear,Account-F4C4,Player-89AD,1,12,3582,6 3 0,141,0
20260930-220831,148.8,Spear,Account-9365,Player-DDA6,1,6,0,6,0,0
20260930-220831,148.8,Spear,Account-83FE,Player-BCA0,1,5,0,6,0,0
20260930-220831,148.8,Spear,Account-9FFE,Player-74C1,1,4,0,6,0,0
20260930-220831,148.8,Spear,Account-E596,Player-1B8E,1,12,5844,6 0,0,0
20260930-220831,148.8,Spear,Account-9754,Player-DE24,1,6,10542,3 0 4,37,0
20260930-220831,148.8,Spear,Account-16AE,Player-1BA4,1,3,6437,0 5,22,0
20260930-220831,148.8,Spear,Account-1150,Player-470E,1,2,2286,0 5,155,1
20260930-220831,148.8,Spear,Account-8C31,Player-FBAD,1,2,3510,0 6,55,0
20260930-220831,148.8,Spear,Account-5C40,Player-F494,1,3,0,6,0,0
20260930-220831,148.8,Spear,Account-F4C4,Player-89AD,1,1,2393,0,0,0
20260930-221626,158.9,Spear,Account-9365,Player-DDA6,1,2,3217,0,111,0
20260930-221626,158.9,Spear,Account-83FE,Player-BCA0,1,6,6437,3 0 4,0,0
20260930-221626,158.9,Spear,Account-9FFE,Player-74C1,1,4,4960,3 0,0,0
20260930-221626,158.9,Spear,Account-E596,Player-1B8E,1,7,11414,0,8,0
20260930-221626,158.9,Spear,Account-9754,Player-DE24,1,7,10725,0 3,0,0
20260930-221626,158.9,Spear,Account-16AE,Player-1BA4,1,6,8287,3 0,0,0
20260930-221626,158.9,Spear,Account-1150,Player-470E,1,3,3762,0,108,0
20260930-221626,158.9,Spear,Account-8C31,Player-FBAD,1,13,12817,6 0 3,0,0
20260930-221626,158.9,Spear,Account-5C40,Player-F494,1,3,8672,3 0,0,0
20260930-221626,158.9,Spear,Account-F4C4,Player-89AD,1,2,3833,0,0,0
20260930-221626,213.6,Spear,Account-9365,Player-DDA6,1,3,0,6,22,0
20260930-221626,213.6,Spear,Account-83FE,Player-BCA0,1,7,3433,6 3 0,14,0
20260930-221626,213.6,Spear,Account-9FFE,Player-74C1,1,6,2708,6 3 0,0,0
20260930-221626,213.6,Spear,Account-9754,Player-DE24,1,6,3900,6 0 3 4,0,0
20260930-221626,213.6,Spear,Account-16AE,Player-1BA4,1,9,3961,6 0 3 4,0,0
20260930-221626,213.6,Spear,Account-1150,Player-470E,1,19,9014,0 3 5 4,0,0
20260930-221626,213.6,Spear,Account-8C31,Player-FBAD,1,12,5096,6 0,0,0
20260930-221626,213.6,Spear,Account-5C40,Player-F494,1,6,0,6 3,0,0
20260930-221626,213.6,Spear,Account-F4C4,Player-89AD,1,18,5050,6 3 0 4,0,0
20260930-221626,258.7,Spear,Account-9365,Player-DDA6,1,5,6317,4 0,220,1
20260930-221626,258.7,Spear,Account-83FE,Player-BCA0,1,6,15900,0,43,0
20260930-221626,258.7,Spear,Account-9FFE,Player-74C1,1,9,13100,0 3,0,0
20260930-221626,258.7,Spear,Account-E596,Player-1B8E,1,1,4290,0,0,0
20260930-221626,258.7,Spear,Account-9754,Player-DE24,1,3,10042,3 0,0,0
20260930-221626,258.7,Spear,Account-16AE,Player-1BA4,1,3,8505,0 3,0,0
20260930-221626,258.7,Spear,Account-1150,Player-470E,1,2,2638,0 5,125,0
20260930-221626,258.7,Spear,Account-8C31,Player-FBAD,1,6,12802,0 3,0,0
20260930-221626,258.7,Spear,Account-5C40,Player-F494,1,13,21834,3 0 5,65,0
20260930-221626,258.7,Spear,Account-F4C4,Player-89AD,1,2,6061,0,19,0
20260930-225431,158.7,Spear,Account-9365,Player-DDA6,1,4,0,6,0,0
20260930-225431,158.7,Spear,Account-83FE,Player-BCA0,1,11,0,6 4,59,0
20260930-225431,158.7,Spear,Account-5C40,Player-F494,1,9,918,6 3 0,8,0
20260930-225431,158.7,Spear,Account-9FFE,Player-74C1,1,8,583,6 0,28,0
20260930-225431,158.7,Spear,Account-E596,Player-1B8E,1,9,0,6,0,0
20260930-225431,158.7,Spear,Account-8C31,Player-FBAD,1,7,1412,6 0 4,35,0
20260930-225431,158.7,Spear,Account-F4C4,Player-89AD,1,11,0,6,29,0
20260930-225431,158.7,Spear,Account-9754,Player-DE24,1,6,515,6 4 0,0,0
20260930-225431,158.7,Spear,Account-16AE,Player-1BA4,1,3,0,6,35,0
20260930-225431,158.7,Spear,Account-1150,Player-470E,1,5,0,6,63,0
20260930-225431,213.9,Spear,Account-9365,Player-DDA6,1,9,7412,3 0,25,0
20260930-225431,213.9,Spear,Account-83FE,Player-BCA0,1,13,611,3 6 0 4,33,0
20260930-225431,213.9,Spear,Account-5C40,Player-F494,1,11,13648,3 0,0,0
20260930-225431,213.9,Spear,Account-9FFE,Player-74C1,1,13,9640,3 0,0,0
20260930-225431,213.9,Spear,Account-E596,Player-1B8E,1,7,7706,0 3,0,0
20260930-225431,213.9,Spear,Account-8C31,Player-FBAD,1,4,0,3 6,0,0
20260930-225431,213.9,Spear,Account-F4C4,Player-89AD,1,6,5726,3 0,0,0
20260930-225431,213.9,Spear,Account-9754,Player-DE24,1,2,2174,3 0,0,0
20260930-225431,213.9,Spear,Account-16AE,Player-1BA4,1,2,2977,3 0,38,0
20260930-225431,213.9,Spear,Account-1150,Player-470E,1,5,5184,3 0,0,0
20260930-225431,259.4,Spear,Account-9365,Player-DDA6,1,5,2541,6 3 0,0,0
20260930-225431,259.4,Spear,Account-83FE,Player-BCA0,1,18,0,6,14,0
20260930-225431,259.4,Spear,Account-5C40,Player-F494,1,14,6961,6 0 3,0,0
20260930-225431,259.4,Spear,Account-9FFE,Player-74C1,1,4,0,6,48,0
20260930-225431,259.4,Spear,Account-E596,Player-1B8E,1,16,3030,6 3 0,0,0
20260930-225431,259.4,Spear,Account-8C31,Player-FBAD,1,4,0,6 3,0,0
20260930-225431,259.4,Spear,Account-F4C4,Player-89AD,1,17,2299,6 3 0,0,0
20260930-225431,259.4,Spear,Account-9754,Player-DE24,1,14,3919,6 0 3 4,0,0
20260930-225431,259.4,Spear,Account-16AE,Player-1BA4,1,5,3152,6 3 0,7,0
20260930-225431,259.4,Spear,Account-1150,Player-470E,1,3,2553,3 0,103,0
20260930-230802,152.1,Spear,Account-9365,Player-DDA6,1,7,6680,0 3 4,57,0
20260930-230802,152.1,Spear,Account-83FE,Player-BCA0,1,6,7416,0 3 6 4,0,0
20260930-230802,152.1,Spear,Account-5C40,Player-F494,1,6,8880,0 3 4,145,0
20260930-230802,152.1,Spear,Account-9FFE,Player-74C1,1,4,6173,0 3,73,0
20260930-230802,152.1,Spear,Account-E596,Player-1B8E,1,5,5745,0 3,22,0
20260930-230802,152.1,Spear,Account-8C31,Player-FBAD,1,2,0,6,0,0
20260930-230802,152.1,Spear,Account-F4C4,Player-89AD,1,1,2622,0,0,0
20260930-230802,152.1,Spear,Account-9754,Player-DE24,1,5,2441,3 0 4,0,0
20260930-230802,152.1,Spear,Account-16AE,Player-1BA4,1,2,3343,3 0,0,0
20260930-230802,152.1,Spear,Account-1150,Player-470E,1,2,2197,0 3,0,0
20260930-230802,208.6,Spear,Account-9365,Player-DDA6,1,3,2850,6 3 0,59,0
20260930-230802,208.6,Spear,Account-83FE,Player-BCA0,1,3,3266,6 3 0,43,0
20260930-230802,208.6,Spear,Account-5C40,Player-F494,1,7,0,3 6,0,0
20260930-230802,208.6,Spear,Account-9FFE,Player-74C1,1,9,2576,6 3 0,107,0
20260930-230802,208.6,Spear,Account-E596,Player-1B8E,1,15,11947,0 3 5 4,0,0
20260930-230802,208.6,Spear,Account-8C31,Player-FBAD,1,8,0,3 6,0,0
20260930-230802,208.6,Spear,Account-F4C4,Player-89AD,1,6,7127,0,0,0
20260930-230802,208.6,Spear,Account-9754,Player-DE24,1,3,0,6,62,0
20260930-230802,208.6,Spear,Account-16AE,Player-1BA4,1,3,0,6,60,0
20260930-230802,208.6,Spear,Account-1150,Player-470E,1,12,2091,0 3 6,0,0
20260930-230802,254.6,Spear,Account-9365,Player-DDA6,1,12,7009,0 3 4,0,0
20260930-230802,254.6,Spear,Account-83FE,Player-BCA0,1,4,3127,3 0,0,0
20260930-230802,254.6,Spear,Account-5C40,Player-F494,1,5,6869,3 0,0,0
20260930-230802,254.6,Spear,Account-9FFE,Player-74C1,1,3,4706,3 0,0,0
20260930-230802,254.6,Spear,Account-8C31,Player-FBAD,1,22,4551,6 3 0 4,13,0
20260930-230802,254.6,Spear,Account-F4C4,Player-89AD,1,8,7523,3 0,0,0
20260930-230802,254.6,Spear,Account-9754,Player-DE24,1,4,6582,3 0,14,0
20260930-230802,254.6,Spear,Account-16AE,Player-1BA4,1,4,8360,3 0,14,0
20260930-230802,254.6,Spear,Account-1150,Player-470E,1,14,7512,0 3 5 4,0,0
20260930-231403,156.1,Spear,Account-9365,Player-DDA6,1,3,2508,4 0,128,0
20260930-231403,156.1,Spear,Account-83FE,Player-BCA0,1,3,3268,0 6,29,0
20260930-231403,156.1,Spear,Account-5C40,Player-F494,1,2,0,6,0,0
20260930-231403,156.1,Spear,Account-9FFE,Player-74C1,1,1,2519,0,0,0
20260930-231403,156.1,Spear,Account-E596,Player-1B8E,1,5,3325,0 4 3,0,0
20260930-231403,156.1,Spear,Account-8C31,Player-FBAD,1,19,4518,6 3 0 4,33,0
20260930-231403,156.1,Spear,Account-F4C4,Player-89AD,1,1,2711,0,0,0
20260930-231403,156.1,Spear,Account-9754,Player-DE24,1,7,2594,6 3 0,35,0
20260930-231403,156.1,Spear,Account-16AE,Player-1BA4,1,12,4902,6 3 0,66,0
20260930-231403,156.1,Spear,Account-1150,Player-470E,1,5,478,6 0 4,0,0
20260930-231723,162.6,Spear,Account-9365,Player-DDA6,1,9,1300,6 4 0,82,0
20260930-231723,162.6,Spear,Account-83FE,Player-BCA0,1,3,0,6,7,0
20260930-231723,162.6,Spear,Account-5C40,Player-F494,1,2,9379,0,0,0
20260930-231723,162.6,Spear,Account-9FFE,Player-74C1,1,10,758,6 0,7,0
20260930-231723,162.6,Spear,Account-E596,Player-1B8E,1,14,2577,6 3 0,45,0
20260930-231723,162.6,Spear,Account-8C31,Player-FBAD,1,2,4141,0,0,0
20260930-231723,162.6,Spear,Account-F4C4,Player-89AD,1,3,0,6,22,0
20260930-231723,162.6,Spear,Account-9754,Player-DE24,1,2,3054,0,0,0
20260930-231723,162.6,Spear,Account-16AE,Player-1BA4,1,1,3456,0,0,0
20260930-231723,162.6,Spear,Account-1150,Player-470E,1,4,7209,0,58,0
20260930-232430,148.8,Spear,Account-9365,Player-DDA6,1,9,0,6 3 4,43,0
20260930-232430,148.8,Spear,Account-83FE,Player-BCA0,1,5,0,6 4,0,0
20260930-232430,148.8,Spear,Account-5C40,Player-F494,1,3,7331,0 3,0,0
20260930-232430,148.8,Spear,Account-9FFE,Player-74C1,1,3,0,6,0,0
20260930-232430,148.8,Spear,Account-E596,Player-1B8E,1,13,773,6 3 4 0,0,0
20260930-232430,148.8,Spear,Account-8C31,Player-FBAD,1,3,5593,0 3,0,0
20260930-232430,148.8,Spear,Account-F4C4,Player-89AD,1,4,0,6,50,0
20260930-232430,148.8,Spear,Account-9754,Player-DE24,1,3,4203,0 3,0,0
20260930-232430,148.8,Spear,Account-16AE,Player-1BA4,1,3,5756,0 3,62,0
20260930-232430,148.8,Spear,Account-1150,Player-470E,1,4,8069,0,78,0
20260930-232430,203.6,Spear,Account-9365,Player-DDA6,1,4,5050,3 0,42,0
20260930-232430,203.6,Spear,Account-83FE,Player-BCA0,1,15,1156,3 6 0,22,0
20260930-232430,203.6,Spear,Account-5C40,Player-F494,1,10,10296,3 0 5,0,0
20260930-232430,203.6,Spear,Account-9FFE,Player-74C1,1,11,8868,3 0,0,0
20260930-232430,203.6,Spear,Account-E596,Player-1B8E,1,7,11707,0 3,61,0
20260930-232430,203.6,Spear,Account-8C31,Player-FBAD,1,4,2739,6 3 0,0,0
20260930-232430,203.6,Spear,Account-F4C4,Player-89AD,1,5,6855,3 0,0,0
20260930-232430,203.6,Spear,Account-9754,Player-DE24,1,4,2058,3 0,0,0
20260930-232430,203.6,Spear,Account-16AE,Player-1BA4,1,4,2819,3 0,0,0
20260930-232430,203.6,Spear,Account-1150,Player-470E,1,7,3291,3 0 5,18,0
20260930-232430,249.4,Spear,Account-9365,Player-DDA6,1,11,1259,6 0,0,0
20260930-232430,249.4,Spear,Account-83FE,Player-BCA0,1,5,0,6,63,0
20260930-232430,249.4,Spear,Account-5C40,Player-F494,1,4,4015,6 0,0,0
20260930-232430,249.4,Spear,Account-9FFE,Player-74C1,1,4,0,6 3,0,0
20260930-232430,249.4,Spear,Account-E596,Player-1B8E,1,10,1214,6 0,0,0
20260930-232430,249.4,Spear,Account-8C31,Player-FBAD,1,10,4767,6 0,0,0
20260930-232430,249.4,Spear,Account-F4C4,Player-89AD,1,11,8236,6 0 3,0,0
20260930-232430,249.4,Spear,Account-9754,Player-DE24,1,16,7046,6 0 3 4,0,0
20260930-232430,249.4,Spear,Account-16AE,Player-1BA4,1,6,6151,6 0 3,14,0
20260930-232430,249.4,Spear,Account-1150,Player-470E,1,12,1525,6 0,0,0
20260930-233450,154.1,Spear,Account-9365,Player-DDA6,1,2,0,6,47,0
20260930-233450,154.1,Spear,Account-83FE,Player-BCA0,1,3,0,6,0,0
20260930-233450,154.1,Spear,Account-5C40,Player-F494,1,1,4093,0,0,0
20260930-233450,154.1,Spear,Account-9FFE,Player-74C1,1,2,0,6,4,0
20260930-233450,154.1,Spear,Account-E596,Player-1B8E,1,10,0,6,38,0
20260930-233450,154.1,Spear,Account-8C31,Player-FBAD,1,2,6511,0,4,0
20260930-233450,154.1,Spear,Account-F4C4,Player-89AD,1,8,0,6,118,0
20260930-233450,154.1,Spear,Account-9754,Player-DE24,1,1,2346,0,43,0
20260930-233450,154.1,Spear,Account-16AE,Player-1BA4,1,1,3214,0,23,0
20260930-233450,154.1,Spear,Account-1150,Player-470E,1,6,8336,0,108,0
20260930-233450,208.9,Spear,Account-9365,Player-DDA6,1,3,2939,3 0,64,0
20260930-233450,208.9,Spear,Account-83FE,Player-BCA0,1,9,9782,0 3 4,54,0
20260930-233450,208.9,Spear,Account-5C40,Player-F494,1,13,4529,3 0 6,43,0
20260930-233450,208.9,Spear,Account-9FFE,Player-74C1,1,8,6762,4 0 3 5,220,1
20260930-233450,208.9,Spear,Account-E596,Player-1B8E,1,3,7014,0 3,0,0
20260930-233450,208.9,Spear,Account-8C31,Player-FBAD,1,3,3188,3 0 6,13,0
20260930-233450,208.9,Spear,Account-F4C4,Player-89AD,1,3,5146,0 3,0,0
20260930-233450,208.9,Spear,Account-9754,Player-DE24,1,3,2396,3 0 6,0,0
20260930-233450,208.9,Spear,Account-16AE,Player-1BA4,1,14,9157,0 6 3,0,0
20260930-233450,208.9,Spear,Account-1150,Player-470E,1,4,4312,0 3 6,0,0
20260930-233450,259.5,Spear,Account-9365,Player-DDA6,1,3,8060,3 0,36,0
20260930-233450,259.5,Spear,Account-83FE,Player-BCA0,1,3,7650,0 3,0,0
20260930-233450,259.5,Spear,Account-5C40,Player-F494,0,0,0,,0,0
20260930-233450,259.5,Spear,Account-9FFE,Player-74C1,1,2,8196,0,0,0
20260930-233450,259.5,Spear,Account-E596,Player-1B8E,1,10,10592,0 5 3 6,124,0
20260930-233450,259.5,Spear,Account-F4C4,Player-89AD,1,4,4255,0 5 3,124,0
20260930-233450,259.5,Spear,Account-16AE,Player-1BA4,1,2,9466,0,26,0
20260930-233450,259.5,Spear,Account-1150,Player-470E,1,3,8664,0,0,0
20260930-234618,152.3,Spear,Account-9365,Player-DDA6,1,2,5983,0,0,0
20260930-234618,152.3,Spear,Account-83FE,Player-BCA0,1,4,3609,6 3 0,0,0
20260930-234618,152.3,Spear,Account-5C40,Player-F494,1,3,4478,0 3,0,0
20260930-234618,152.3,Spear,Account-9FFE,Player-74C1,1,1,2846,0,0,0
20260930-234618,152.3,Spear,Account-E596,Player-1B8E,1,5,4926,0 3 4,0,0
20260930-234618,152.3,Spear,Account-8C31,Player-FBAD,1,22,683,6 3 0 4,0,0
20260930-234618,152.3,Spear,Account-F4C4,Player-89AD,1,5,5820,0 3 4,68,0
20260930-234618,152.3,Spear,Account-9754,Player-DE24,1,6,2567,3 0 5 6,0,0
20260930-234618,152.3,Spear,Account-16AE,Player-1BA4,1,7,3516,3 0 6,44,0
20260930-234618,152.3,Spear,Account-1150,Player-470E,1,5,5339,0 3 4,0,0
20260930-234618,208.7,Spear,Account-9365,Player-DDA6,1,4,5719,6 3 0,22,0
20260930-234618,208.7,Spear,Account-83FE,Player-BCA0,1,7,3038,6 0 3,0,0
20260930-234618,208.7,Spear,Account-5C40,Player-F494,1,3,5674,3 0,0,0
20260930-234618,208.7,Spear,Account-9FFE,Player-74C1,1,6,6622,6 3 0,0,0
20260930-234618,208.7,Spear,Account-8C31,Player-FBAD,1,8,8429,3 0 4,0,0
20260930-234618,208.7,Spear,Account-F4C4,Player-89AD,1,12,6795,6 0 3 4,0,0
20260930-234618,208.7,Spear,Account-9754,Player-DE24,1,3,4856,3 0,25,0
20260930-234618,208.7,Spear,Account-16AE,Player-1BA4,1,3,6850,3 0,0,0
20260930-234618,208.7,Spear,Account-1150,Player-470E,1,15,9460,0 3,0,0
20260930-234618,255.9,Spear,Account-9365,Player-DDA6,1,3,4004,0 3,31,0
20260930-234618,255.9,Spear,Account-83FE,Player-BCA0,1,1,2899,0,0,0
20260930-234618,255.9,Spear,Account-5C40,Player-F494,1,2,3905,0 3,0,0
20260930-234618,255.9,Spear,Account-9FFE,Player-74C1,1,8,2430,3 0 4,21,0
20260930-234618,255.9,Spear,Account-E596,Player-1B8E,1,3,7282,0,14,0
20260930-234618,255.9,Spear,Account-8C31,Player-FBAD,1,2,2979,3 0,4,0
20260930-234618,255.9,Spear,Account-F4C4,Player-89AD,1,4,9004,0,21,0
20260930-234618,255.9,Spear,Account-9754,Player-DE24,1,2,2239,3 0,0,0
20260930-234618,255.9,Spear,Account-16AE,Player-1BA4,1,2,3066,3 0,0,0
20260930-234618,255.9,Spear,Account-1150,Player-470E,1,5,5479,3 0 5,21,0
20261001-195456,158.1,Spear,Account-9365,Player-DDA6,1,15,6425,0 3 6,0,0
20261001-195456,158.1,Spear,Account-CD88,Player-C2E3,1,1,2223,0,147,0
20261001-195456,158.1,Spear,Account-83FE,Player-BCA0,1,5,8341,0 4,167,1
20261001-195456,158.1,Spear,Account-9FFE,Player-74C1,1,2,5378,0,0,0
20261001-195456,158.1,Spear,Account-E596,Player-1B8E,1,4,4040,0 5 3,117,0
20261001-195456,158.1,Spear,Account-F4C4,Player-89AD,1,2,2470,0 5,145,0
20261001-195456,158.1,Spear,Account-5C40,Player-F494,1,2,7615,0,0,0
20261001-195456,158.1,Spear,Account-16AE,Player-1BA4,1,4,6329,0 5 3,149,0
20261001-195456,158.1,Spear,Account-8C31,Player-FBAD,1,15,8623,0 3 6 4,59,0
20261001-195456,158.1,Spear,Account-9754,Player-DE24,1,12,5284,0 6,0,0
20261001-195456,214.9,Spear,Account-9365,Player-DDA6,1,5,8253,3 0,62,0
20261001-195456,214.9,Spear,Account-CD88,Player-C2E3,1,6,5912,3 0,0,0
20261001-195456,214.9,Spear,Account-83FE,Player-BCA0,1,6,10968,3 0,0,0
20261001-195456,214.9,Spear,Account-9FFE,Player-74C1,1,11,9042,3 0,0,0
20261001-195456,214.9,Spear,Account-E596,Player-1B8E,1,6,8087,4 3 0,99,0
20261001-195456,214.9,Spear,Account-F4C4,Player-89AD,1,3,5713,3 0,37,0
20261001-195456,214.9,Spear,Account-5C40,Player-F494,1,10,9643,3 0 4,0,0
20261001-195456,214.9,Spear,Account-16AE,Player-1BA4,1,3,6607,3 0,37,0
20261001-195456,214.9,Spear,Account-8C31,Player-FBAD,1,3,8265,3 0,0,0
20261001-195456,214.9,Spear,Account-9754,Player-DE24,1,3,4931,3 0,0,0
20261001-195456,261.1,Spear,Account-9365,Player-DDA6,1,9,7923,3 0,0,0
20261001-195456,261.1,Spear,Account-CD88,Player-C2E3,1,10,10154,0,0,0
20261001-195456,261.1,Spear,Account-83FE,Player-BCA0,1,4,9728,0 3,0,0
20261001-195456,261.1,Spear,Account-9FFE,Player-74C1,1,4,2576,6 0,99,0
20261001-195456,261.1,Spear,Account-E596,Player-1B8E,1,10,15837,0 3,0,0
20261001-195456,261.1,Spear,Account-F4C4,Player-89AD,1,13,1662,6 3 0 4,0,0
20261001-195456,261.1,Spear,Account-5C40,Player-F494,1,3,4052,6 0,0,0
20261001-195456,261.1,Spear,Account-16AE,Player-1BA4,1,6,9516,3 0,14,0
20261001-195456,261.1,Spear,Account-8C31,Player-FBAD,1,12,6182,6 0,0,0
20261001-195456,261.1,Spear,Account-9754,Player-DE24,1,8,6484,6 0 3,0,0
20261001-200035,163.8,Spear,Account-9365,Player-DDA6,1,5,0,6 4,0,0
20261001-200035,163.8,Spear,Account-CD88,Player-C2E3,1,11,3375,6 0,0,0
20261001-200035,163.8,Spear,Account-83FE,Player-BCA0,1,4,0,6,0,0
20261001-200035,163.8,Spear,Account-9FFE,Player-74C1,1,2,3024,3 0,0,0
20261001-200035,163.8,Spear,Account-E596,Player-1B8E,1,6,0,6 3,0,0
20261001-200035,163.8,Spear,Account-F4C4,Player-89AD,1,3,2930,0 3,0,0
20261001-200035,163.8,Spear,Account-5C40,Player-F494,1,3,8564,0 3,0,0
20261001-200035,163.8,Spear,Account-16AE,Player-1BA4,1,6,0,6 3,72,0
20261001-200035,163.8,Spear,Account-8C31,Player-FBAD,1,14,13331,0 3 4,0,0
20261001-200035,163.8,Spear,Account-9754,Player-DE24,1,6,5492,4 0 3,107,0
20261001-200035,219.4,Spear,Account-9365,Player-DDA6,1,13,8998,3 0 6,0,0
20261001-200035,219.4,Spear,Account-CD88,Player-C2E3,1,13,5331,4 3 0,178,1
20261001-200035,219.4,Spear,Account-83FE,Player-BCA0,1,3,6323,0 3,89,0
20261001-200035,219.4,Spear,Account-9FFE,Player-74C1,1,16,12990,3 0,34,0
20261001-200035,219.4,Spear,Account-E596,Player-1B8E,1,9,12206,0 3,0,0
20261001-200035,219.4,Spear,Account-F4C4,Player-89AD,1,11,7277,4 0,228,1
20261001-200035,219.4,Spear,Account-5C40,Player-F494,1,11,14423,0 3 4,0,0
20261001-200035,219.4,Spear,Account-16AE,Player-1BA4,1,3,7256,3 0,62,0
20261001-200035,219.4,Spear,Account-8C31,Player-FBAD,1,3,7234,3 0,0,0
20261001-200035,219.4,Spear,Account-9754,Player-DE24,1,1,2424,0,87,0
20261001-201030,156.8,Spear,Account-9365,Player-DDA6,1,6,7305,0,99,0
20261001-201030,156.8,Spear,Account-CD88,Player-C2E3,1,5,2894,0 4,0,0
20261001-201030,156.8,Spear,Account-83FE,Player-BCA0,1,5,3626,6 0,0,0
20261001-201030,156.8,Spear,Account-9FFE,Player-74C1,1,2,2747,3 0,0,0
20261001-201030,156.8,Spear,Account-E596,Player-1B8E,1,9,9594,0 3 4,0,0
20261001-201030,156.8,Spear,Account-F4C4,Player-89AD,1,2,2661,0 3,21,0
20261001-201030,156.8,Spear,Account-5C40,Player-F494,1,4,8821,0 3,0,0
20261001-201030,156.8,Spear,Account-16AE,Player-1BA4,1,4,6927,3 0,19,0
20261001-201030,156.8,Spear,Account-8C31,Player-FBAD,1,12,11741,0 3 4,0,0
20261001-201030,156.8,Spear,Account-9754,Player-DE24,1,9,7223,0 3 4,0,0
20261001-201030,211.6,Spear,Account-9365,Player-DDA6,1,6,8089,3 0,0,0
20261001-201030,211.6,Spear,Account-CD88,Player-C2E3,1,6,9385,0 3,0,0
20261001-201030,211.6,Spear,Account-83FE,Player-BCA0,1,3,12010,0,24,0
20261001-201030,211.6,Spear,Account-9FFE,Player-74C1,1,6,0,6,17,0
20261001-201030,211.6,Spear,Account-F4C4,Player-89AD,1,15,2912,6 0,0,0
20261001-201030,211.6,Spear,Account-5C40,Player-F494,1,4,0,6,0,0
20261001-201030,211.6,Spear,Account-16AE,Player-1BA4,1,11,12290,3 0,0,0
20261001-201030,211.6,Spear,Account-8C31,Player-FBAD,1,20,603,6 0,0,0
20261001-201030,211.6,Spear,Account-9754,Player-DE24,1,19,2385,6 3 0,0,0
20261001-201030,262.4,Spear,Account-9365,Player-DDA6,1,4,7332,3 0,0,0
20261001-201030,262.4,Spear,Account-83FE,Player-BCA0,1,4,6840,3 0,59,0
20261001-201030,262.4,Spear,Account-9FFE,Player-74C1,1,6,6054,0 5 3,45,0
20261001-201030,262.4,Spear,Account-5C40,Player-F494,1,7,2448,4 0,189,1
20261001-201030,262.4,Spear,Account-16AE,Player-1BA4,1,3,9727,0,55,0
20261001-201030,262.4,Spear,Account-8C31,Player-FBAD,1,4,7918,4 0,178,1
20261001-202431,149.8,Spear,Account-9365,Player-DDA6,1,3,3091,6 0,0,0
20261001-202431,149.8,Spear,Account-CD88,Player-C2E3,1,5,1008,6 0,0,0
20261001-202431,149.8,Spear,Account-83FE,Player-BCA0,1,4,3187,6 0,4,0
20261001-202431,149.8,Spear,Account-9FFE,Player-74C1,1,16,12457,0 3,0,0
20261001-202431,149.8,Spear,Account-E596,Player-1B8E,1,14,2755,6 3 0 4,36,0
20261001-202431,149.8,Spear,Account-F4C4,Player-89AD,1,2,2439,0 3,108,0
20261001-202431,149.8,Spear,Account-5C40,Player-F494,1,3,8356,0 3,0,0
20261001-202431,149.8,Spear,Account-16AE,Player-1BA4,1,8,7183,6 0,0,0
20261001-202431,149.8,Spear,Account-8C31,Player-FBAD,1,15,10656,0 3 4,0,0
20261001-202431,149.8,Spear,Account-9754,Player-DE24,1,9,6186,0 3 4,47,0
20261001-202431,204.4,Spear,Account-9365,Player-DDA6,1,8,4914,3 0,56,0
20261001-202431,204.4,Spear,Account-CD88,Player-C2E3,1,10,11739,0 4,0,0
20261001-202431,204.4,Spear,Account-83FE,Player-BCA0,1,11,3738,3 0 4,0,0
20261001-202431,204.4,Spear,Account-9FFE,Player-74C1,1,4,5784,3 0,19,0
20261001-202431,204.4,Spear,Account-F4C4,Player-89AD,1,8,7556,0 3,0,0
20261001-202431,204.4,Spear,Account-5C40,Player-F494,1,3,5847,3 0,0,0
20261001-202431,204.4,Spear,Account-16AE,Player-1BA4,1,3,6854,3 0,7,0
20261001-202431,204.4,Spear,Account-8C31,Player-FBAD,1,7,9290,3 0,95,0
20261001-202431,204.4,Spear,Account-9754,Player-DE24,1,11,7914,3 0 4,0,0
20261001-202431,251.7,Spear,Account-9365,Player-DDA6,1,10,13035,0 4,0,0
20261001-202431,251.7,Spear,Account-CD88,Player-C2E3,1,9,14878,0 4,38,0
20261001-202431,251.7,Spear,Account-83FE,Player-BCA0,1,14,6425,0 6,43,0
20261001-202431,251.7,Spear,Account-9FFE,Player-74C1,1,13,6100,6 0 3,29,0
20261001-202431,251.7,Spear,Account-E596,Player-1B8E,1,12,15648,0 4,83,0
20261001-202431,251.7,Spear,Account-F4C4,Player-89AD,1,13,4494,6 0 3 4,16,0
20261001-202431,251.7,Spear,Account-5C40,Player-F494,1,13,4897,6 0 3 4,0,0
20261001-202431,251.7,Spear,Account-16AE,Player-1BA4,1,6,9956,3 0,23,0
20261001-202431,251.7,Spear,Account-8C31,Player-FBAD,1,16,10832,6 0 3 4,0,0
20261001-202431,251.7,Spear,Account-9754,Player-DE24,1,13,2340,6 3 0 4,0,0
20261001-202923,160.4,Spear,Account-9365,Player-DDA6,1,10,3127,3 0 6 4,0,0
20261001-202923,160.4,Spear,Account-CD88,Player-C2E3,1,4,6284,0 3 6,8,0
20261001-202923,160.4,Spear,Account-83FE,Player-BCA0,1,7,9396,0 3 6,35,0
20261001-202923,160.4,Spear,Account-9FFE,Player-74C1,1,10,10349,0 3,0,0
20261001-202923,160.4,Spear,Account-E596,Player-1B8E,1,4,4893,0 3 6,347,1
20261001-202923,160.4,Spear,Account-F4C4,Player-89AD,1,1,3380,0,0,0
20261001-202923,160.4,Spear,Account-5C40,Player-F494,1,9,14069,3 0 4,0,0
20261001-202923,160.4,Spear,Account-16AE,Player-1BA4,1,2,3879,3 0,10,0
20261001-202923,160.4,Spear,Account-8C31,Player-FBAD,1,7,11988,0 3,0,0
20261001-202923,160.4,Spear,Account-9754,Player-DE24,1,5,7059,0 4,0,0
20261001-202923,215.0,Spear,Account-9365,Player-DDA6,1,3,6042,0,107,0
20261001-202923,215.0,Spear,Account-CD88,Player-C2E3,1,5,7977,0,36,0
20261001-202923,215.0,Spear,Account-83FE,Player-BCA0,1,6,11882,0 3,109,0
20261001-202923,215.0,Spear,Account-9FFE,Player-74C1,1,19,14075,3 0,0,0
20261001-202923,215.0,Spear,Account-E596,Player-1B8E,1,13,12663,0 3,0,0
20261001-202923,215.0,Spear,Account-F4C4,Player-89AD,1,7,6543,0 3,0,0
20261001-202923,215.0,Spear,Account-5C40,Player-F494,1,15,12483,3 0,0,0
20261001-202923,215.0,Spear,Account-16AE,Player-1BA4,1,3,6538,0 3,14,0
20261001-202923,215.0,Spear,Account-8C31,Player-FBAD,1,3,3108,3 0,0,0
20261001-202923,215.0,Spear,Account-9754,Player-DE24,1,3,5975,3 0,0,0
20261001-203309,152.8,Spear,Account-9365,Player-DDA6,1,9,0,6,42,0
20261001-203309,152.8,Spear,Account-CD88,Player-C2E3,1,5,597,6 0,0,0
20261001-203309,152.8,Spear,Account-83FE,Player-BCA0,1,6,0,6,0,0
20261001-203309,152.8,Spear,Account-9FFE,Player-74C1,1,2,6055,0,0,0
20261001-203309,152.8,Spear,Account-E596,Player-1B8E,1,10,800,6 3 0,0,0
20261001-203309,152.8,Spear,Account-F4C4,Player-89AD,1,2,6207,0,0,0
20261001-203309,152.8,Spear,Account-5C40,Player-F494,1,2,8165,0,7,0
20261001-203309,152.8,Spear,Account-16AE,Player-1BA4,1,8,3746,6 0 3,45,0
20261001-203309,152.8,Spear,Account-8C31,Player-FBAD,1,14,13007,3 0 4,0,0
20261001-203309,152.8,Spear,Account-9754,Player-DE24,1,3,5201,3 0,0,0
20261001-203917,157.6,Spear,Account-9365,Player-DDA6,1,2,6687,0,0,0
20261001-203917,157.6,Spear,Account-CD88,Player-C2E3,1,2,8298,0,0,0
20261001-203917,157.6,Spear,Account-83FE,Player-BCA0,1,3,3598,0 4,0,0
20261001-203917,157.6,Spear,Account-9FFE,Player-74C1,1,2,2843,0 5,124,0
20261001-203917,157.6,Spear,Account-E596,Player-1B8E,1,3,8376,0 3,0,0
20261001-203917,157.6,Spear,Account-F4C4,Player-89AD,1,1,3428,0,102,0
20261001-203917,157.6,Spear,Account-5C40,Player-F494,1,2,4259,0 3,0,0
20261001-203917,157.6,Spear,Account-16AE,Player-1BA4,1,7,9848,3 0 4,46,0
20261001-203917,157.6,Spear,Account-8C31,Player-FBAD,1,14,13366,3 0 4,7,0
20261001-203917,157.6,Spear,Account-9754,Player-DE24,1,9,7625,3 0 4,0,0
20261001-203917,212.2,Spear,Account-9365,Player-DDA6,1,2,6608,0,107,0
20261001-203917,212.2,Spear,Account-CD88,Player-C2E3,1,9,11071,0,16,0
20261001-203917,212.2,Spear,Account-83FE,Player-BCA0,1,2,8479,0,0,0
20261001-203917,212.2,Spear,Account-9FFE,Player-74C1,1,21,11810,6 0 3,0,0
20261001-203917,212.2,Spear,Account-E596,Player-1B8E,1,12,14015,0 3,0,0
20261001-203917,212.2,Spear,Account-F4C4,Player-89AD,1,14,2501,6 3 0,0,0
20261001-203917,212.2,Spear,Account-5C40,Player-F494,1,4,5210,6 3 0,0,0
20261001-203917,212.2,Spear,Account-16AE,Player-1BA4,1,2,7376,0,92,0
20261001-203917,212.2,Spear,Account-8C31,Player-FBAD,1,11,5564,6 0 3,151,1
20261001-203917,212.2,Spear,Account-9754,Player-DE24,1,15,10162,6 0 3 4,0,0
20261001-203917,263.2,Spear,Account-9365,Player-DDA6,1,4,9637,0 3,0,0
20261001-203917,263.2,Spear,Account-E596,Player-1B8E,1,5,13231,0 5 3,135,0
20261001-203917,263.2,Spear,Account-5C40,Player-F494,1,1,4612,0,488,1
20261001-203917,263.2,Spear,Account-16AE,Player-1BA4,1,7,3708,3 4 0,115,0
20261001-203917,263.2,Spear,Account-8C31,Player-FBAD,1,2,7222,0,0,0
20261001-204237,162.6,Spear,Account-9365,Player-DDA6,1,3,2313,3 0 5,76,0
20261001-204237,162.6,Spear,Account-CD88,Player-C2E3,1,2,5385,0,0,0
20261001-204237,162.6,Spear,Account-83FE,Player-BCA0,1,2,0,3 6,27,0
20261001-204237,162.6,Spear,Account-9FFE,Player-74C1,1,2,0,3 6,22,0
20261001-204237,162.6,Spear,Account-E596,Player-1B8E,1,15,4408,0 3 6,0,0
20261001-204237,162.6,Spear,Account-F4C4,Player-89AD,1,3,5214,0 3,62,0
20261001-204237,162.6,Spear,Account-5C40,Player-F494,1,2,0,3 6,0,0
20261001-204237,162.6,Spear,Account-16AE,Player-1BA4,1,11,2869,0 3 6,85,0
20261001-204237,162.6,Spear,Account-8C31,Player-FBAD,1,8,7682,0 3 4,239,1
20261001-204237,162.6,Spear,Account-9754,Player-DE24,1,3,4369,3 0,51,0
20261001-205127,164.3,Spear,Account-9365,Player-DDA6,1,8,10788,0 4,36,0
20261001-205127,164.3,Spear,Account-CD88,Player-C2E3,1,6,3700,3 0 6 4,47,0
20261001-205127,164.3,Spear,Account-83FE,Player-BCA0,1,5,0,6 3,0,0
20261001-205127,164.3,Spear,Account-9FFE,Player-74C1,1,3,8614,0 3,0,0
20261001-205127,164.3,Spear,Account-E596,Player-1B8E,1,8,9856,0 6 4,167,1
20261001-205127,164.3,Spear,Account-F4C4,Player-89AD,1,5,8753,0 4,238,1
20261001-205127,164.3,Spear,Account-5C40,Player-F494,1,3,3894,0 3,0,0
20261001-205127,164.3,Spear,Account-16AE,Player-1BA4,1,3,3397,0 3,69,0
20261001-205127,164.3,Spear,Account-8C31,Player-FBAD,1,9,2796,6 3 0,0,0
20261001-205127,164.3,Spear,Account-9754,Player-DE24,1,5,2481,0 3 4,0,0
20261001-210120,151.7,Spear,Account-9365,Player-DDA6,1,7,0,6,62,0
20261001-210120,151.7,Spear,Account-CD88,Player-C2E3,1,15,1096,6 3 0 4,0,0
20261001-210120,151.7,Spear,Account-83FE,Player-BCA0,1,4,0,6,0,0
20261001-210120,151.7,Spear,Account-9FFE,Player-74C1,1,2,5932,0,0,0
20261001-210120,151.7,Spear,Account-E596,Player-1B8E,1,18,2169,6 3 0 4,14,0
20261001-210120,151.7,Spear,Account-F4C4,Player-89AD,1,9,9926,0 3 4,0,0
20261001-210120,151.7,Spear,Account-5C40,Player-F494,1,2,10028,0,0,0
20261001-210120,151.7,Spear,Account-16AE,Player-1BA4,1,5,0,6 3 4,0,0
20261001-210120,151.7,Spear,Account-8C31,Player-FBAD,1,6,3964,0 3 4,0,0
20261001-210120,151.7,Spear,Account-9754,Player-DE24,1,1,2470,0,0,0
20261001-210120,206.4,Spear,Account-9365,Player-DDA6,1,3,5647,3 0,26,0
20261001-210120,206.4,Spear,Account-CD88,Player-C2E3,1,5,6448,3 0,0,0
20261001-210120,206.4,Spear,Account-83FE,Player-BCA0,1,10,12895,3 0 4,4,0
20261001-210120,206.4,Spear,Account-9FFE,Player-74C1,1,16,8081,6 0 3,21,0
20261001-210120,206.4,Spear,Account-E596,Player-1B8E,1,8,10652,0 3,0,0
20261001-210120,206.4,Spear,Account-F4C4,Player-89AD,1,14,1571,6 3 0,21,0
20261001-210120,206.4,Spear,Account-5C40,Player-F494,1,22,9425,6 0 3,0,0
20261001-210120,206.4,Spear,Account-16AE,Player-1BA4,1,3,6636,3 0,0,0
20261001-210120,206.4,Spear,Account-8C31,Player-FBAD,1,6,0,6 3,0,0
20261001-210120,206.4,Spear,Account-9754,Player-DE24,1,4,0,6 3,0,0
20261001-210120,257.3,Spear,Account-9365,Player-DDA6,1,4,11147,0 3,0,0
20261001-210120,257.3,Spear,Account-CD88,Player-C2E3,1,4,9373,0 3,57,0
20261001-210120,257.3,Spear,Account-83FE,Player-BCA0,1,7,2757,6 0,32,0
20261001-210120,257.3,Spear,Account-E596,Player-1B8E,1,9,14150,0 3,0,0
20261001-210120,257.3,Spear,Account-F4C4,Player-89AD,1,5,7338,4 0 5,188,1
20261001-210120,257.3,Spear,Account-16AE,Player-1BA4,1,3,9836,0,61,0
20261001-210120,257.3,Spear,Account-8C31,Player-FBAD,1,3,13054,0,0,0
20261001-210120,257.3,Spear,Account-9754,Player-DE24,1,6,7951,0 3,0,0
20261001-211048,148.1,Spear,Account-9365,Player-DDA6,1,8,1214,6 3 0 4,0,0
20261001-211048,148.1,Spear,Account-CD88,Player-C2E3,1,3,0,6,21,0
20261001-211048,148.1,Spear,Account-83FE,Player-BCA0,1,5,0,6,0,0
20261001-211048,148.1,Spear,Account-9FFE,Player-74C1,1,8,12423,0,0,0
20261001-211048,148.1,Spear,Account-E596,Player-1B8E,1,15,2896,6 3 0 4,0,0
20261001-211048,148.1,Spear,Account-F4C4,Player-89AD,1,3,7209,0,62,0
20261001-211048,148.1,Spear,Account-5C40,Player-F494,1,11,19168,0 3 4,0,0
20261001-211048,148.1,Spear,Account-16AE,Player-1BA4,1,4,0,6,64,0
20261001-211048,148.1,Spear,Account-8C31,Player-FBAD,1,14,10264,0 4,0,0
20261001-211048,148.1,Spear,Account-9754,Player-DE24,1,2,2746,3 0,0,0
20261001-211048,193.2,Spear,Account-9365,Player-DDA6,1,2,5193,0,35,0
20261001-211048,193.2,Spear,Account-CD88,Player-C2E3,1,2,5218,0,17,0
20261001-211048,193.2,Spear,Account-83FE,Player-BCA0,1,1,2948,0,109,0
20261001-211048,193.2,Spear,Account-9FFE,Player-74C1,1,2,5641,0,99,0
20261001-211048,193.2,Spear,Account-E596,Player-1B8E,1,3,10406,0,287,1
20261001-211048,193.2,Spear,Account-F4C4,Player-89AD,1,3,5612,0 4,207,1
20261001-211048,193.2,Spear,Account-5C40,Player-F494,0,0,0,,0,0
20261001-211048,193.2,Spear,Account-16AE,Player-1BA4,1,3,5798,0 3,96,0
20261001-211048,193.2,Spear,Account-8C31,Player-FBAD,1,2,3030,3 0,107,0
20261001-211048,193.2,Spear,Account-9754,Player-DE24,1,3,4703,0 5,13,0
20261001-211048,238.9,Spear,Account-9365,Player-DDA6,1,5,8343,0 3,112,0
20261001-211048,238.9,Spear,Account-CD88,Player-C2E3,1,3,5934,0 3,65,0
20261001-211048,238.9,Spear,Account-9FFE,Player-74C1,1,5,11859,0 3,0,0
20261001-211048,238.9,Spear,Account-E596,Player-1B8E,1,6,13294,0 3,91,0
20261001-211048,238.9,Spear,Account-F4C4,Player-89AD,1,4,9659,0 3,0,0
20261001-211048,238.9,Spear,Account-5C40,Player-F494,1,3,6250,0 3,36,0
20261001-211048,238.9,Spear,Account-16AE,Player-1BA4,1,4,9977,0 3,63,0
20261001-211048,238.9,Spear,Account-8C31,Player-FBAD,1,7,7214,6 0,0,0
20261001-211048,238.9,Spear,Account-9754,Player-DE24,1,3,5348,0 3,0,0
20261001-212705,154.6,Spear,Account-9365,Player-DDA6,1,9,0,6,220,1
20261001-212705,154.6,Spear,Account-CD88,Player-C2E3,1,3,0,6,22,0
20261001-212705,154.6,Spear,Account-E596,Player-1B8E,1,7,0,6,17,0
20261001-212705,154.6,Spear,Account-83FE,Player-BCA0,1,12,0,6,0,0
20261001-212705,154.6,Spear,Account-F4C4,Player-89AD,1,3,0,6,0,0
20261001-212705,154.6,Spear,Account-5C40,Player-F494,1,4,0,6,0,0
20261001-212705,154.6,Spear,Account-16AE,Player-1BA4,1,10,0,6,29,0
20261001-212705,154.6,Spear,Account-8C31,Player-FBAD,1,12,1104,6 0 4,130,0
20261001-212705,154.6,Spear,Account-9754,Player-DE24,1,11,0,6 3,33,0
20261001-212705,154.6,Spear,Account-9FFE,Player-74C1,1,4,0,6,0,0
20261001-213007,147.1,Spear,Account-9365,Player-DDA6,1,7,2599,6 0,36,0
20261001-213007,147.1,Spear,Account-CD88,Player-C2E3,1,17,2496,6 3 0 4,0,0
20261001-213007,147.1,Spear,Account-E596,Player-1B8E,1,14,0,6 3 4,0,0
20261001-213007,147.1,Spear,Account-83FE,Player-BCA0,1,9,0,6 3 4,0,0
20261001-213007,147.1,Spear,Account-F4C4,Player-89AD,1,10,9171,6 0,22,0
20261001-213007,147.1,Spear,Account-5C40,Player-F494,1,4,0,6 3,23,0
20261001-213007,147.1,Spear,Account-16AE,Player-1BA4,1,4,0,6,0,0
20261001-213007,147.1,Spear,Account-8C31,Player-FBAD,1,11,7490,6 0,0,0
20261001-213007,147.1,Spear,Account-9754,Player-DE24,1,16,12630,6 0 3,0,0
20261001-213007,147.1,Spear,Account-9FFE,Player-74C1,1,4,0,6 3,0,0
20261001-213946,153.8,Spear,Account-9365,Player-DDA6,1,4,0,6 3,58,0
20261001-213946,153.8,Spear,Account-CD88,Player-C2E3,1,3,0,6,0,0
20261001-213946,153.8,Spear,Account-E596,Player-1B8E,1,4,0,6,0,0
20261001-213946,153.8,Spear,Account-83FE,Player-BCA0,1,6,0,6 3 4,37,0
20261001-213946,153.8,Spear,Account-F4C4,Player-89AD,1,2,2466,0 3,0,0
20261001-213946,153.8,Spear,Account-5C40,Player-F494,1,2,4181,3 0,0,0
20261001-213946,153.8,Spear,Account-16AE,Player-1BA4,1,11,3489,6 0 4,31,0
20261001-213946,153.8,Spear,Account-8C31,Player-FBAD,1,10,8012,0 3 4,14,0
20261001-213946,153.8,Spear,Account-9754,Player-DE24,1,8,7245,0 3 4,33,0
20261001-213946,153.8,Spear,Account-9FFE,Player-74C1,1,3,3126,3 0,25,0
20261001-213946,208.6,Spear,Account-CD88,Player-C2E3,1,11,7452,0 3,0,0
20261001-213946,208.6,Spear,Account-E596,Player-1B8E,1,21,7683,3 0,0,0
20261001-213946,208.6,Spear,Account-83FE,Player-BCA0,1,4,11048,0 3,27,0
20261001-213946,208.6,Spear,Account-F4C4,Player-89AD,1,16,10868,0 3,0,0
20261001-213946,208.6,Spear,Account-5C40,Player-F494,1,4,12557,0 3,0,0
20261001-213946,208.6,Spear,Account-16AE,Player-1BA4,1,11,10962,3 0,0,0
20261001-213946,208.6,Spear,Account-8C31,Player-FBAD,1,11,10010,3 0 4,7,0
20261001-213946,208.6,Spear,Account-9754,Player-DE24,1,7,7559,3 0,61,0
20261001-213946,208.6,Spear,Account-9FFE,Player-74C1,1,4,10721,0 3,0,0
20261001-213946,259.7,Spear,Account-9365,Player-DDA6,1,3,6023,0,0,0
20261001-213946,259.7,Spear,Account-E596,Player-1B8E,1,6,11418,0 3,0,0
20261001-213946,259.7,Spear,Account-8C31,Player-FBAD,1,17,2386,3 6 0,0,0
20261001-220542,153.3,Spear,Account-9365,Player-DDA6,1,6,0,6,50,0
20261001-220542,153.3,Spear,Account-8C31,Player-FBAD,1,12,1833,6 0 4,0,0
20261001-220542,153.3,Spear,Account-9FFE,Player-74C1,1,17,3700,6 0,0,0
20261001-220542,153.3,Spear,Account-E596,Player-1B8E,1,11,720,6 0,24,0
20261001-220542,153.3,Spear,Account-F4C4,Player-89AD,1,7,528,6 0,0,0
20261001-220542,153.3,Spear,Account-9754,Player-DE24,1,14,984,6 3 0 4,0,0
20261001-220542,153.3,Spear,Account-AD4B,Player-8FDE,1,11,0,6 4,31,0
20261001-220542,153.3,Spear,Account-5C40,Player-F494,1,3,0,6,0,0
20261001-220542,153.3,Spear,Account-83FE,Player-BCA0,1,10,0,6 4 3,28,0
20261001-220542,153.3,Spear,Account-16AE,Player-1BA4,1,5,0,6 3 4,22,0
20261001-220542,208.4,Spear,Account-9365,Player-DDA6,1,4,5365,3 0,64,0
20261001-220542,208.4,Spear,Account-8C31,Player-FBAD,1,4,13785,0 3,0,0
20261001-220542,208.4,Spear,Account-9FFE,Player-74C1,1,14,24331,0 3 6,93,0
20261001-220542,208.4,Spear,Account-E596,Player-1B8E,1,5,15830,0 9,29,0
20261001-220542,208.4,Spear,Account-F4C4,Player-89AD,1,4,6164,0 3,97,0
20261001-220542,208.4,Spear,Account-AD4B,Player-8FDE,1,4,11125,0 3,39,0
20261001-220542,208.4,Spear,Account-5C40,Player-F494,1,4,8376,0 3 5,148,0
20261001-220542,208.4,Spear,Account-83FE,Player-BCA0,1,3,6369,3 0,112,0
20261001-220542,208.4,Spear,Account-16AE,Player-1BA4,1,3,8217,3 0,34,0
20261001-220938,149.4,Spear,Account-9365,Player-DDA6,1,7,3064,3 0 6,109,0
20261001-220938,149.4,Spear,Account-8C31,Player-FBAD,1,9,2546,6 3 0,0,0
20261001-220938,149.4,Spear,Account-9FFE,Player-74C1,1,15,3513,6 3 0,108,0
20261001-220938,149.4,Spear,Account-E596,Player-1B8E,1,8,4740,0 3 6,0,0
20261001-220938,149.4,Spear,Account-F4C4,Player-89AD,1,3,0,6,7,0
20261001-220938,149.4,Spear,Account-9754,Player-DE24,1,3,2628,0 3 6,0,0
20261001-220938,149.4,Spear,Account-AD4B,Player-8FDE,1,13,0,6 3,0,0
20261001-220938,149.4,Spear,Account-5C40,Player-F494,1,19,5672,6 3 0,16,0
20261001-220938,149.4,Spear,Account-83FE,Player-BCA0,1,6,3068,0 6,50,0
20261001-220938,149.4,Spear,Account-16AE,Player-1BA4,1,2,2851,0 3,0,0
20261001-221556,149.3,Spear,Account-9365,Player-DDA6,1,17,5264,6 0 4 3,0,0
20261001-221556,149.3,Spear,Account-8C31,Player-FBAD,1,11,0,6 3 4,0,0
20261001-221556,149.3,Spear,Account-9FFE,Player-74C1,1,25,6275,6 3 0,0,0
20261001-221556,149.3,Spear,Account-E596,Player-1B8E,1,8,0,6 3,0,0
20261001-221556,149.3,Spear,Account-F4C4,Player-89AD,1,4,0,6,38,0
20261001-221556,149.3,Spear,Account-9754,Player-DE24,1,19,9498,6 0 4,0,0
20261001-221556,149.3,Spear,Account-AD4B,Player-8FDE,1,4,0,6,17,0
20261001-221556,149.3,Spear,Account-5C40,Player-F494,1,6,1646,6 3 0,0,0
20261001-221556,149.3,Spear,Account-83FE,Player-BCA0,1,8,663,6 3 4 0,0,0
20261001-221556,149.3,Spear,Account-16AE,Player-1BA4,1,5,0,6 4,14,0
20261001-221556,204.4,Spear,Account-9365,Player-DDA6,1,8,4821,0 3 4,0,0
20261001-221556,204.4,Spear,Account-8C31,Player-FBAD,1,6,10897,0 4,0,0
20261001-221556,204.4,Spear,Account-9FFE,Player-74C1,1,4,8273,0,0,0
20261001-221556,204.4,Spear,Account-E596,Player-1B8E,1,9,12089,0,0,0
20261001-221556,204.4,Spear,Account-F4C4,Player-89AD,1,10,10356,0 4,0,0
20261001-221556,204.4,Spear,Account-9754,Player-DE24,1,2,7676,0,0,0
20261001-221556,204.4,Spear,Account-AD4B,Player-8FDE,1,7,8331,0 4,0,0
20261001-221556,204.4,Spear,Account-5C40,Player-F494,1,14,20540,0,0,0
20261001-221556,204.4,Spear,Account-83FE,Player-BCA0,1,6,9018,0 3,0,0
20261001-221556,204.4,Spear,Account-16AE,Player-1BA4,1,3,9947,0,0,0
20261001-221556,249.5,Spear,Account-9365,Player-DDA6,0,0,0,,0,0
20261001-221556,249.5,Spear,Account-8C31,Player-FBAD,0,0,0,,0,0
20261001-221556,249.5,Spear,Account-9FFE,Player-74C1,0,0,0,,0,0
20261001-221556,249.5,Spear,Account-F4C4,Player-89AD,0,0,0,,0,0
20261001-221556,249.5,Spear,Account-9754,Player-DE24,0,0,0,,0,0
20261001-221556,249.5,Spear,Account-AD4B,Player-8FDE,0,0,0,,0,0
20261001-221556,249.5,Spear,Account-5C40,Player-F494,0,0,0,,0,0
20261001-221556,249.5,Spear,Account-83FE,Player-BCA0,0,0,0,,0,0
20261001-221556,249.5,Spear,Account-16AE,Player-1BA4,0,0,0,,0,0
20261001-222029,152.1,Spear,Account-9365,Player-DDA6,1,6,2691,0 6,0,0
20261001-222029,152.1,Spear,Account-8C31,Player-FBAD,1,12,1935,6 3 0,0,0
20261001-222029,152.1,Spear,Account-9FFE,Player-74C1,1,4,0,6 3,0,0
20261001-222029,152.1,Spear,Account-E596,Player-1B8E,1,7,3568,0 3 6,24,0
20261001-222029,152.1,Spear,Account-F4C4,Player-89AD,1,3,0,6,0,0
20261001-222029,152.1,Spear,Account-9754,Player-DE24,1,11,2834,0 6,0,0
20261001-222029,152.1,Spear,Account-AD4B,Player-8FDE,1,3,0,6,0,0
20261001-222029,152.1,Spear,Account-5C40,Player-F494,1,3,0,6,0,0
20261001-222029,152.1,Spear,Account-83FE,Player-BCA0,1,6,3156,0 3 6 4,0,0
20261001-222029,152.1,Spear,Account-16AE,Player-1BA4,1,6,3004,0 6,17,0
20261001-222029,208.0,Spear,Account-9365,Player-DDA6,1,4,4052,3 0,70,0
20261001-222029,208.0,Spear,Account-8C31,Player-FBAD,1,3,8046,0,0,0
20261001-222029,208.0,Spear,Account-9FFE,Player-74C1,1,3,6052,0 5,108,0
20261001-222029,208.0,Spear,Account-E596,Player-1B8E,1,5,14623,0 5,135,0
20261001-222029,208.0,Spear,Account-F4C4,Player-89AD,1,9,11432,0 4,0,0
20261001-222029,208.0,Spear,Account-9754,Player-DE24,1,5,8993,0 5,135,0
20261001-222029,208.0,Spear,Account-AD4B,Player-8FDE,1,17,15081,0 3 9 6,0,0
20261001-222029,208.0,Spear,Account-5C40,Player-F494,1,3,10272,3 0,0,0
20261001-222029,208.0,Spear,Account-83FE,Player-BCA0,1,7,0,6 3,0,0
20261001-222029,208.0,Spear,Account-16AE,Player-1BA4,1,3,12038,3 0,0,0
20261001-222522,151.6,Spear,Account-9365,Player-DDA6,1,3,9651,0,62,0
20261001-222522,151.6,Spear,Account-8C31,Player-FBAD,1,7,8990,6 0 3,0,0
20261001-222522,151.6,Spear,Account-9FFE,Player-74C1,1,3,3102,3 0,0,0
20261001-222522,151.6,Spear,Account-E596,Player-1B8E,1,6,13035,3 0 6,122,0
20261001-222522,151.6,Spear,Account-F4C4,Player-89AD,1,6,6413,3 0 4,67,0
20261001-222522,151.6,Spear,Account-9754,Player-DE24,1,4,4638,0 3,0,0
20261001-222522,151.6,Spear,Account-AD4B,Player-8FDE,1,6,8263,3 0 4,41,0
20261001-222522,151.6,Spear,Account-5C40,Player-F494,1,4,7280,0 3,0,0
20261001-222522,151.6,Spear,Account-83FE,Player-BCA0,1,8,0,6 4,0,0
20261001-222522,151.6,Spear,Account-16AE,Player-1BA4,1,3,2858,3 0,74,0
20261001-222522,206.3,Spear,Account-9365,Player-DDA6,1,2,3055,0 3,0,0
20261001-222522,206.3,Spear,Account-8C31,Player-FBAD,1,2,0,6,4,0
20261001-222522,206.3,Spear,Account-9FFE,Player-74C1,1,14,5904,0 5 6 3 4,104,0
20261001-222522,206.3,Spear,Account-E596,Player-1B8E,1,2,8211,0,0,0
20261001-222522,206.3,Spear,Account-F4C4,Player-89AD,1,3,2972,0 6,0,0
20261001-222522,206.3,Spear,Account-9754,Player-DE24,0,0,0,,0,0
20261001-222522,206.3,Spear,Account-AD4B,Player-8FDE,0,0,0,,0,0
20261001-222522,206.3,Spear,Account-5C40,Player-F494,1,6,6783,0 6,104,0
20261001-222522,206.3,Spear,Account-83FE,Player-BCA0,1,14,9186,0 6 3,22,0
20261001-222522,206.3,Spear,Account-16AE,Player-1BA4,0,0,0,,0,0
20261001-223543,148.8,Spear,Account-9365,Player-DDA6,1,8,4235,4 3 0,210,1
20261001-223543,148.8,Spear,Account-8C31,Player-FBAD,1,8,1490,6 3 0 4,0,0
20261001-223543,148.8,Spear,Account-9FFE,Player-74C1,1,1,0,6,0,0
20261001-223543,148.8,Spear,Account-E596,Player-1B8E,1,10,9555,0 3 4,0,0
20261001-223543,148.8,Spear,Account-F4C4,Player-89AD,1,13,2919,6 3 0 4,52,0
20261001-223543,148.8,Spear,Account-9754,Player-DE24,1,6,3055,3 0 4,0,0
20261001-223543,148.8,Spear,Account-AD4B,Player-8FDE,1,10,0,6 3 4,231,1
20261001-223543,148.8,Spear,Account-5C40,Player-F494,1,3,0,6,0,0
20261001-223543,148.8,Spear,Account-83FE,Player-BCA0,1,1,3611,0,0,0
20261001-223543,148.8,Spear,Account-16AE,Player-1BA4,1,6,3356,3 0 4,0,0
20261001-223543,203.3,Spear,Account-9365,Player-DDA6,1,7,4298,3 0 4,65,0
20261001-223543,203.3,Spear,Account-8C31,Player-FBAD,1,8,10971,3 0 4,0,0
20261001-223543,203.3,Spear,Account-9FFE,Player-74C1,1,11,11549,0,8,0
20261001-223543,203.3,Spear,Account-E596,Player-1B8E,1,7,9983,0 3,13,0
20261001-223543,203.3,Spear,Account-F4C4,Player-89AD,1,8,8175,0 3,0,0
20261001-223543,203.3,Spear,Account-9754,Player-DE24,1,3,5726,3 0,0,0
20261001-223543,203.3,Spear,Account-AD4B,Player-8FDE,1,10,9860,3 0 4,22,0
20261001-223543,203.3,Spear,Account-5C40,Player-F494,1,6,5151,3 0 5 4,0,0
20261001-223543,203.3,Spear,Account-83FE,Player-BCA0,1,10,15927,3 0 4,170,1
20261001-223543,203.3,Spear,Account-16AE,Player-1BA4,1,3,6666,3 0,14,0
20261001-223543,250.5,Spear,Account-9365,Player-DDA6,1,2,5886,0,46,0
20261001-223543,250.5,Spear,Account-8C31,Player-FBAD,1,8,6639,4 0 5 3,77,0
20261001-223543,250.5,Spear,Account-9FFE,Player-74C1,1,10,8312,3 0 5,31,0
20261001-223543,250.5,Spear,Account-F4C4,Player-89AD,1,9,9041,0 3 4,0,0
20261001-223543,250.5,Spear,Account-9754,Player-DE24,1,15,11441,0 3 4,0,0
20261001-223543,250.5,Spear,Account-AD4B,Player-8FDE,1,6,9927,3 0 5,26,0
20261001-223543,250.5,Spear,Account-5C40,Player-F494,1,10,10432,0 3 4,0,0
20261001-223543,250.5,Spear,Account-83FE,Player-BCA0,1,7,7750,3 0 4,46,0
20261001-223543,250.5,Spear,Account-16AE,Player-1BA4,1,5,8295,3 4 0,94,0
20261001-224122,146.6,Spear,Account-9365,Player-DDA6,1,3,0,6,49,0
20261001-224122,146.6,Spear,Account-8C31,Player-FBAD,1,8,2662,6 0,42,0
20261001-224122,146.6,Spear,Account-9FFE,Player-74C1,1,23,5639,6 3 0,0,0
20261001-224122,146.6,Spear,Account-E596,Player-1B8E,1,7,0,6 3,20,0
20261001-224122,146.6,Spear,Account-F4C4,Player-89AD,1,7,564,6 4 3 0,0,0
20261001-224122,146.6,Spear,Account-9754,Player-DE24,1,3,0,6,0,0
20261001-224122,146.6,Spear,Account-AD4B,Player-8FDE,1,7,0,6 4 3,44,0
20261001-224122,146.6,Spear,Account-5C40,Player-F494,1,24,8417,6 3 0 4,8,0
20261001-224122,146.6,Spear,Account-83FE,Player-BCA0,1,19,6338,6 3 0,0,0
20261001-224122,146.6,Spear,Account-16AE,Player-1BA4,1,3,0,6,0,0
20261001-224122,201.9,Spear,Account-9365,Player-DDA6,1,2,5295,0,0,0
20261001-224122,201.9,Spear,Account-8C31,Player-FBAD,1,4,11938,0,0,0
20261001-224122,201.9,Spear,Account-9FFE,Player-74C1,1,9,7465,3 0,0,0
20261001-224122,201.9,Spear,Account-E596,Player-1B8E,1,6,9162,0 3,0,0
20261001-224122,201.9,Spear,Account-AD4B,Player-8FDE,1,6,7912,3 0,68,0
20261001-224122,201.9,Spear,Account-5C40,Player-F494,1,6,10797,3 0,27,0
20261001-224122,201.9,Spear,Account-83FE,Player-BCA0,1,7,7681,0 6,22,0
20261001-224122,201.9,Spear,Account-16AE,Player-1BA4,1,3,9957,0,36,0
20261001-224122,247.2,Spear,Account-9365,Player-DDA6,1,3,2514,3 0,55,0
20261001-224122,247.2,Spear,Account-8C31,Player-FBAD,1,10,8634,6 0 3,0,0
20261001-224122,247.2,Spear,Account-9FFE,Player-74C1,1,4,8067,0 5,13,0
20261001-224122,247.2,Spear,Account-E596,Player-1B8E,1,4,4115,0 3 5,135,0
20261001-224122,247.2,Spear,Account-F4C4,Player-89AD,1,2,3019,3 0,0,0
20261001-224122,247.2,Spear,Account-9754,Player-DE24,1,3,4908,3 0,43,0
20261001-224122,247.2,Spear,Account-AD4B,Player-8FDE,1,2,3465,0 3,31,0
20261001-224122,247.2,Spear,Account-5C40,Player-F494,1,6,9708,3 0 5,34,0
20261001-224122,247.2,Spear,Account-83FE,Player-BCA0,1,10,14914,0 4 3 6,124,0
20261001-224122,247.2,Spear,Account-16AE,Player-1BA4,1,10,14830,3 0 4,0,0
20261001-224532,148.9,Spear,Account-9365,Player-DDA6,1,8,0,6,66,0
20261001-224532,148.9,Spear,Account-8C31,Player-FBAD,1,10,0,6 4,0,0
20261001-224532,148.9,Spear,Account-9FFE,Player-74C1,1,18,8538,6 0,0,0
20261001-224532,148.9,Spear,Account-E596,Player-1B8E,1,4,0,6,8,0
20261001-224532,148.9,Spear,Account-F4C4,Player-89AD,1,17,5349,6 0,0,0
20261001-224532,148.9,Spear,Account-9754,Player-DE24,1,8,1943,6 0,0,0
20261001-224532,148.9,Spear,Account-AD4B,Player-8FDE,1,4,0,6,0,0
20261001-224532,148.9,Spear,Account-5C40,Player-F494,1,20,10429,6 0 4,0,0
20261001-224532,148.9,Spear,Account-83FE,Player-BCA0,1,12,0,6,110,0
20261001-224532,148.9,Spear,Account-16AE,Player-1BA4,1,3,0,6,0,0
20261001-224532,203.8,Spear,Account-8C31,Player-FBAD,1,4,7149,3 0,0,0
20261001-224532,203.8,Spear,Account-9FFE,Player-74C1,1,3,5206,3 0,56,0
20261001-224532,203.8,Spear,Account-E596,Player-1B8E,1,4,3853,3 0,95,0
20261001-224532,203.8,Spear,Account-F4C4,Player-89AD,1,3,5778,3 0,0,0
20261001-224532,203.8,Spear,Account-9754,Player-DE24,1,3,6147,3 0,43,0
20261001-224532,203.8,Spear,Account-AD4B,Player-8FDE,1,9,7574,0 3 4,32,0
20261001-224532,203.8,Spear,Account-5C40,Player-F494,1,4,6886,3 0,0,0
20261001-224532,203.8,Spear,Account-83FE,Player-BCA0,1,4,6239,3 0,17,0
20261001-224532,203.8,Spear,Account-16AE,Player-1BA4,1,4,6008,0 3,14,0
20261001-225245,152.4,Spear,Account-8C31,Player-FBAD,1,21,4312,6 3 0 4,0,0
20261001-225245,152.4,Spear,Account-9FFE,Player-74C1,1,2,0,6,0,0
20261001-225245,152.4,Spear,Account-E596,Player-1B8E,1,9,5680,0 3 6,14,0
20261001-225245,152.4,Spear,Account-F4C4,Player-89AD,1,5,0,6 4,79,0
20261001-225245,152.4,Spear,Account-9754,Player-DE24,1,12,2973,0 3 6,0,0
20261001-225245,152.4,Spear,Account-AD4B,Player-8FDE,1,3,0,6,29,0
20261001-225245,152.4,Spear,Account-5C40,Player-F494,1,2,0,6,0,0
20261001-225245,152.4,Spear,Account-83FE,Player-BCA0,1,3,3501,0 6,36,0
20261001-225245,152.4,Spear,Account-16AE,Player-1BA4,1,15,1652,3 6 0 4,80,0
20261001-225245,207.1,Spear,Account-9365,Player-DDA6,1,4,7862,3 0,0,0
20261001-225245,207.1,Spear,Account-8C31,Player-FBAD,1,4,3421,3 0 6,0,0
20261001-225245,207.1,Spear,Account-9FFE,Player-74C1,1,11,17486,0 3,16,0
20261001-225245,207.1,Spear,Account-E596,Player-1B8E,1,13,10696,3 0,103,0
20261001-225245,207.1,Spear,Account-F4C4,Player-89AD,1,6,8258,3 0,0,0
20261001-225245,207.1,Spear,Account-9754,Player-DE24,1,4,6409,3 0,43,0
20261001-225245,207.1,Spear,Account-AD4B,Player-8FDE,1,6,8845,3 0,13,0
20261001-225245,207.1,Spear,Account-5C40,Player-F494,1,18,17152,3 0 4,0,0
20261001-225245,207.1,Spear,Account-83FE,Player-BCA0,1,13,13442,3 0 4,7,0
20261001-225245,207.1,Spear,Account-16AE,Player-1BA4,1,4,8777,3 0,0,0
20261001-225245,252.1,Spear,Account-9365,Player-DDA6,1,10,3700,3 4 0,168,1
20261001-225245,252.1,Spear,Account-8C31,Player-FBAD,1,6,4648,6 0 3,0,0
20261001-225245,252.1,Spear,Account-9FFE,Player-74C1,1,15,6888,6 0 3,57,0
20261001-225245,252.1,Spear,Account-E596,Player-1B8E,1,14,16772,0 3,0,0
20261001-225245,252.1,Spear,Account-F4C4,Player-89AD,1,11,9636,0 4,20,0
20261001-225245,252.1,Spear,Account-9754,Player-DE24,1,3,5702,3 0,56,0
20261001-225245,252.1,Spear,Account-AD4B,Player-8FDE,1,18,3433,6 0 4,83,0
20261001-225245,252.1,Spear,Account-5C40,Player-F494,1,24,16050,6 0,0,0
20261001-225245,252.1,Spear,Account-83FE,Player-BCA0,1,10,16587,3 0,0,0
20261001-225245,252.1,Spear,Account-16AE,Player-1BA4,1,4,3904,6 0 3,66,0
20261002-151055,182.2,Spear,Account-9365,Player-DDA6,1,2,3683,3 0,70,0
20261002-151055,182.2,Spear,Account-37C6,Player-A555,1,4,2903,0 3 5 4,114,0
20261002-151055,182.2,Spear,Account-5C40,Player-F494,1,15,18690,3 0 4,0,0
20261002-151055,182.2,Spear,Account-9590,Player-C645,1,2,4683,3 0,0,0
20261002-151055,182.2,Spear,Account-059D,Player-858A,1,1,3834,0,0,0
20261002-151055,182.2,Spear,Account-E596,Player-DDFD,1,7,7833,0 3,0,0
20261002-151055,182.2,Spear,Account-19CD,Player-382D,1,14,9712,0 4,0,0
20261002-151055,182.2,Spear,Account-9FFE,Player-74C1,1,13,14999,3 0 5,0,0
20261002-151055,182.2,Spear,Account-83FE,Player-BCA0,1,6,5384,0 3 4,0,0
20261002-151055,182.2,Spear,Account-8C31,Player-DCBD,1,10,8182,0 3 4,22,0
20261002-151055,237.2,Spear,Account-9365,Player-DDA6,1,2,5995,4 0,179,1
20261002-151055,237.2,Spear,Account-37C6,Player-A555,1,6,8466,3 0,18,0
20261002-151055,237.2,Spear,Account-5C40,Player-F494,1,5,4950,3 0 6,97,0
20261002-151055,237.2,Spear,Account-9590,Player-C645,1,7,15228,0 3,108,0
20261002-151055,237.2,Spear,Account-059D,Player-858A,1,4,10037,3 0,64,0
20261002-151055,237.2,Spear,Account-E596,Player-DDFD,1,2,8289,0,0,0
20261002-151055,237.2,Spear,Account-19CD,Player-382D,1,11,7979,4 0 3,191,1
20261002-151055,237.2,Spear,Account-9FFE,Player-74C1,1,3,8559,3 0,7,0
20261002-151055,237.2,Spear,Account-83FE,Player-BCA0,1,6,10960,3 0 4,48,0
20261002-151055,237.2,Spear,Account-8C31,Player-DCBD,1,10,9925,0 3,38,0
20261002-151055,282.4,Spear,Account-9365,Player-DDA6,1,4,9190,4 0 5,191,1
20261002-151055,282.4,Spear,Account-37C6,Player-A555,1,7,0,6 3,0,0
20261002-151055,282.4,Spear,Account-5C40,Player-F494,1,3,11703,3 0,0,0
20261002-151055,282.4,Spear,Account-9590,Player-C645,1,12,15193,0 9 6,0,0
20261002-151055,282.4,Spear,Account-059D,Player-858A,1,6,0,3 6,21,0
20261002-151055,282.4,Spear,Account-19CD,Player-382D,1,9,10403,4 0 9 6,220,1
20261002-151055,282.4,Spear,Account-9FFE,Player-74C1,1,14,8117,6 0 4,0,0
20261002-151055,282.4,Spear,Account-83FE,Player-BCA0,1,10,5193,3 6 0,59,0
20261002-151055,282.4,Spear,Account-8C31,Player-DCBD,1,8,3078,3 0 9 6,0,0
20261002-151558,192.3,Spear,Account-9365,Player-DDA6,1,1,4553,0,81,0
20261002-151558,192.3,Spear,Account-37C6,Player-A555,1,2,8915,0,65,0
20261002-151558,192.3,Spear,Account-5C40,Player-F494,1,1,3792,0,0,0
20261002-151558,192.3,Spear,Account-9590,Player-C645,1,2,10839,0,0,0
20261002-151558,192.3,Spear,Account-059D,Player-858A,1,2,7776,0,0,0
20261002-151558,192.3,Spear,Account-E596,Player-DDFD,1,3,16024,0,41,0
20261002-151558,192.3,Spear,Account-19CD,Player-382D,1,1,4409,0,0,0
20261002-151558,192.3,Spear,Account-9FFE,Player-74C1,1,1,4148,0,0,0
20261002-151558,192.3,Spear,Account-83FE,Player-BCA0,1,7,11662,0 4,33,0
20261002-151558,192.3,Spear,Account-8C31,Player-DCBD,1,11,12325,0 6,0,0
20261002-152053,178.8,Spear,Account-9365,Player-DDA6,1,17,27832,0 9 6,7,0
20261002-152053,178.8,Spear,Account-37C6,Player-A555,1,3,4377,0 5,145,0
20261002-152053,178.8,Spear,Account-5C40,Player-F494,1,2,3247,0 5,145,0
20261002-152053,178.8,Spear,Account-9590,Player-C645,1,17,16114,0 4 9 6,73,0
20261002-152053,178.8,Spear,Account-059D,Player-858A,1,8,3851,4 0 3,203,1
20261002-152053,178.8,Spear,Account-E596,Player-DDFD,1,5,10434,0,0,0
20261002-152053,178.8,Spear,Account-19CD,Player-382D,1,2,6090,0,0,0
20261002-152053,178.8,Spear,Account-9FFE,Player-74C1,1,2,3761,0 5,145,0
20261002-152053,178.8,Spear,Account-83FE,Player-BCA0,1,4,10107,0 3,30,0
20261002-152053,178.8,Spear,Account-8C31,Player-DCBD,1,12,13904,0 3 6,0,0
20261002-152706,179.9,Spear,Account-8C31,Player-DCBD,1,12,14391,0 3 6,0,0
20261002-152706,179.9,Spear,Account-9365,Player-1172,1,1,4078,0,55,0
20261002-152706,179.9,Spear,Account-37C6,Player-A555,1,5,0,6,0,0
20261002-152706,179.9,Spear,Account-5C40,Player-F494,1,29,20683,6 3 0,0,0
20261002-152706,179.9,Spear,Account-9590,Player-C645,1,3,6940,0 3,0,0
20261002-152706,179.9,Spear,Account-059D,Player-858A,1,21,9238,6 3 0,21,0
20261002-152706,179.9,Spear,Account-E596,Player-DDFD,1,4,3924,0 3 5,83,0
20261002-152706,179.9,Spear,Account-19CD,Player-382D,1,12,16903,3 0,93,0
20261002-152706,179.9,Spear,Account-9FFE,Player-74C1,1,23,11112,6 3 0,63,0
20261002-152706,179.9,Spear,Account-83FE,Player-BCA0,1,3,0,6,0,0
20261002-153333,188.8,Spear,Account-9365,Player-010B,1,8,4854,3 0 6,22,0
20261002-153333,188.8,Spear,Account-37C6,Player-A555,1,3,7865,0 3,14,0
20261002-153333,188.8,Spear,Account-5C40,Player-F494,1,3,13431,0 3,0,0
20261002-153333,188.8,Spear,Account-9590,Player-C645,1,13,6270,0 3 6,0,0
20261002-153333,188.8,Spear,Account-059D,Player-858A,1,15,16065,3 0,22,0
20261002-153333,188.8,Spear,Account-E596,Player-DDFD,1,3,10424,0 3,0,0
20261002-153333,188.8,Spear,Account-19CD,Player-382D,1,2,3826,3 0,0,0
20261002-153333,188.8,Spear,Account-9FFE,Player-74C1,1,2,9844,0,0,0
20261002-153333,188.8,Spear,Account-83FE,Player-BCA0,1,3,11462,0 3,14,0
20261002-153333,188.8,Spear,Account-8C31,Player-FBAD,1,12,10094,0 3 6,0,0
20261002-154127,172.4,Spear,Account-9365,Player-1172,1,20,6138,6 3 0 4,59,0
20261002-154127,172.4,Spear,Account-37C6,Player-A555,1,1,3555,0,39,0
20261002-154127,172.4,Spear,Account-5C40,Player-F494,1,2,3488,0 5,114,0
20261002-154127,172.4,Spear,Account-9590,Player-C645,1,4,0,6,0,0
20261002-154127,172.4,Spear,Account-059D,Player-858A,1,19,13091,0 3 5 6,0,0
20261002-154127,172.4,Spear,Account-E596,Player-DDFD,1,3,0,6,0,0
20261002-154127,172.4,Spear,Account-19CD,Player-382D,1,3,0,6,0,0
20261002-154127,172.4,Spear,Account-9FFE,Player-74C1,1,2,7200,0,0,0
20261002-154127,172.4,Spear,Account-83FE,Player-BCA0,1,1,4253,0,217,1
20261002-154127,172.4,Spear,Account-8C31,Player-FBAD,1,19,5068,6 0 4,14,0
20261002-154127,227.5,Spear,Account-9365,Player-1172,1,2,8990,0,124,0
20261002-154127,227.5,Spear,Account-37C6,Player-A555,1,2,8502,0,0,0
20261002-154127,227.5,Spear,Account-5C40,Player-F494,1,10,15919,0,0,0
20261002-154127,227.5,Spear,Account-9590,Player-C645,1,3,11138,3 0,0,0
20261002-154127,227.5,Spear,Account-059D,Player-858A,1,2,9125,0,57,0
20261002-154127,227.5,Spear,Account-E596,Player-DDFD,1,3,7394,0 5,135,0
20261002-154127,227.5,Spear,Account-19CD,Player-382D,1,11,20017,0 6,0,0
20261002-154127,227.5,Spear,Account-9FFE,Player-74C1,1,14,14780,3 0,0,0
20261002-154127,227.5,Spear,Account-83FE,Player-BCA0,1,3,5134,0,55,0
20261002-154127,227.5,Spear,Account-8C31,Player-FBAD,1,3,12457,0,7,0
20261002-154530,182.4,Spear,Account-9365,Player-1172,1,2,9791,0,29,0
20261002-154530,182.4,Spear,Account-37C6,Player-A555,1,4,3089,0 3 6,0,0
20261002-154530,182.4,Spear,Account-5C40,Player-F494,1,22,6017,0 3 6 4,4,0
20261002-154530,182.4,Spear,Account-059D,Player-858A,1,11,7120,0 3 6,56,0
20261002-154530,182.4,Spear,Account-E596,Player-DDFD,1,5,5430,0 3,0,0
20261002-154530,182.4,Spear,Account-19CD,Player-382D,1,17,15776,0 3 4,0,0
20261002-154530,182.4,Spear,Account-9FFE,Player-74C1,1,21,3432,3 6 0,43,0
20261002-154530,182.4,Spear,Account-83FE,Player-BCA0,1,13,3440,0 3 6,0,0
20261002-154530,182.4,Spear,Account-8C31,Player-FBAD,1,12,1187,6 3 0,29,0
20261002-222650,156.4,Spear,Account-9365,Player-DDA6,1,2,3037,0 3,0,0
20261002-222650,156.4,Spear,Account-5C40,Player-F494,1,19,11050,6 3 0 4,0,0
20261002-222650,156.4,Spear,Account-E596,Player-1B8E,1,5,9618,0 3,0,0
20261002-222650,156.4,Spear,Account-8C31,Player-FBAD,1,6,737,6 3 4 0,0,0
20261002-222650,156.4,Spear,Account-9FFE,Player-74C1,1,13,5349,6 3 0,0,0
20261002-222650,156.4,Spear,Account-83FE,Player-BCA0,1,5,7709,0 6,50,0
20261002-222650,156.4,Spear,Account-9754,Player-DE24,1,2,3057,0 3,0,0
20261002-222650,156.4,Spear,Account-E3BC,Player-258F,1,2,3057,0 3,0,0
20261002-222650,156.4,Spear,Account-F4C4,Player-89AD,1,6,0,6 3 4,0,0
20261002-222650,156.4,Spear,Account-AD4B,Player-8FDE,1,8,0,6 4 3,50,0
20261002-222650,212.8,Spear,Account-9365,Player-DDA6,1,5,8717,0 3,67,0
20261002-222650,212.8,Spear,Account-5C40,Player-F494,1,3,11443,3 0,0,0
20261002-222650,212.8,Spear,Account-E596,Player-1B8E,1,8,13099,0 3 4,0,0
20261002-222650,212.8,Spear,Account-8C31,Player-FBAD,1,4,11206,0,0,0
20261002-222650,212.8,Spear,Account-9FFE,Player-74C1,1,3,8387,3 0,0,0
20261002-222650,212.8,Spear,Account-83FE,Player-BCA0,1,2,9437,0,51,0
20261002-222650,212.8,Spear,Account-9754,Player-DE24,1,4,10794,0,0,0
20261002-222650,212.8,Spear,Account-E3BC,Player-258F,1,3,5848,3 0,0,0
20261002-222650,212.8,Spear,Account-F4C4,Player-89AD,1,6,11244,0,0,0
20261002-222650,212.8,Spear,Account-AD4B,Player-8FDE,1,4,6488,3 0,15,0
20261002-222650,258.8,Spear,Account-9365,Player-DDA6,1,2,3381,3 0,0,0
20261002-222650,258.8,Spear,Account-5C40,Player-F494,1,1,0,3,36,0
20261002-222650,258.8,Spear,Account-E596,Player-1B8E,1,8,16171,0 5 4,72,0
20261002-222650,258.8,Spear,Account-8C31,Player-FBAD,1,4,938,6 4 0,0,0
20261002-222650,258.8,Spear,Account-9FFE,Player-74C1,1,2,3523,3 0,0,0
20261002-222650,258.8,Spear,Account-83FE,Player-BCA0,1,3,4061,3 0,56,0
20261002-222650,258.8,Spear,Account-9754,Player-DE24,1,1,3062,0,0,0
20261002-222650,258.8,Spear,Account-E3BC,Player-258F,1,2,3062,3 0,0,0
20261002-222650,258.8,Spear,Account-F4C4,Player-89AD,1,11,16528,0 3,0,0
20261002-222650,258.8,Spear,Account-AD4B,Player-8FDE,1,4,7316,0 3 5,48,0
20261002-223049,149.5,Spear,Account-9365,Player-DDA6,1,9,10009,0 3,0,0
20261002-223049,149.5,Spear,Account-5C40,Player-F494,1,2,10354,0,17,0
20261002-223049,149.5,Spear,Account-E596,Player-1B8E,1,5,6525,0 3,0,0
20261002-223049,149.5,Spear,Account-8C31,Player-FBAD,1,8,12598,0 6,0,0
20261002-223049,149.5,Spear,Account-9FFE,Player-74C1,1,9,8034,0 3 6,51,0
20261002-223049,149.5,Spear,Account-83FE,Player-BCA0,1,1,3391,0,0,0
20261002-223049,149.5,Spear,Account-9754,Player-DE24,1,2,6595,0,0,0
20261002-223049,149.5,Spear,Account-E3BC,Player-258F,1,7,8331,0 3,0,0
20261002-223049,149.5,Spear,Account-F4C4,Player-89AD,1,2,2591,0 3,0,0
20261002-223049,149.5,Spear,Account-AD4B,Player-8FDE,1,3,2973,0 6,36,0
20261002-223049,204.7,Spear,Account-9365,Player-DDA6,1,5,3558,6 0 3,58,0
20261002-223049,204.7,Spear,Account-5C40,Player-F494,1,3,9094,0 3,13,0
20261002-223049,204.7,Spear,Account-E596,Player-1B8E,1,8,0,6,83,0
20261002-223049,204.7,Spear,Account-8C31,Player-FBAD,1,5,9588,3 0,0,0
20261002-223049,204.7,Spear,Account-9FFE,Player-74C1,1,2,3529,3 0,103,0
20261002-223049,204.7,Spear,Account-83FE,Player-BCA0,1,5,0,6 3,55,0
20261002-223049,204.7,Spear,Account-9754,Player-DE24,1,18,6140,6 3 0,0,0
20261002-223049,204.7,Spear,Account-E3BC,Player-258F,1,4,4028,6 3 0,16,0
20261002-223049,204.7,Spear,Account-F4C4,Player-89AD,1,5,6160,0 3,114,0
20261002-223049,204.7,Spear,Account-AD4B,Player-8FDE,1,11,15953,0 3,109,0
20261002-224131,154.7,Spear,Account-9365,Player-DDA6,1,5,1189,6 0,37,0
20261002-224131,154.7,Spear,Account-5C40,Player-F494,1,3,4637,0 4,0,0
20261002-224131,154.7,Spear,Account-E596,Player-1B8E,1,8,0,6 3,0,0
20261002-224131,154.7,Spear,Account-8C31,Player-FBAD,1,12,11576,0 3,0,0
20261002-224131,154.7,Spear,Account-9FFE,Player-74C1,1,1,3090,0,0,0
20261002-224131,154.7,Spear,Account-83FE,Player-BCA0,1,12,728,6 4 3 0,0,0
20261002-224131,154.7,Spear,Account-9754,Player-DE24,1,16,5371,6 3 0,0,0
20261002-224131,154.7,Spear,Account-E3BC,Player-258F,1,20,8088,6 0 3,0,0
20261002-224131,154.7,Spear,Account-F4C4,Player-89AD,1,2,2596,0 3,46,0
20261002-224131,154.7,Spear,Account-AD4B,Player-8FDE,1,3,7426,0 3,22,0
20261002-224131,211.2,Spear,Account-9365,Player-DDA6,1,2,7606,0,0,0
20261002-224131,211.2,Spear,Account-5C40,Player-F494,1,7,21612,0 3 4,0,0
20261002-224131,211.2,Spear,Account-E596,Player-1B8E,1,9,19037,0,0,0
20261002-224131,211.2,Spear,Account-8C31,Player-FBAD,1,2,8250,0,0,0
20261002-224131,211.2,Spear,Account-9FFE,Player-74C1,1,7,14221,0 3,0,0
20261002-224131,211.2,Spear,Account-83FE,Player-BCA0,1,10,4568,0 6,0,0
20261002-224131,211.2,Spear,Account-9754,Player-DE24,1,2,6890,0,88,0
20261002-224131,211.2,Spear,Account-E3BC,Player-258F,1,2,6890,0,21,0
20261002-224131,211.2,Spear,Account-F4C4,Player-89AD,1,5,10656,0 3,0,0
20261002-224131,211.2,Spear,Account-AD4B,Player-8FDE,1,3,11463,0,14,0
20261002-224131,257.2,Spear,Account-9365,Player-DDA6,1,7,8215,3 0,29,0
20261002-224131,257.2,Spear,Account-5C40,Player-F494,1,14,19744,3 0,0,0
20261002-224131,257.2,Spear,Account-E596,Player-1B8E,1,8,9665,0 3,0,0
20261002-224131,257.2,Spear,Account-8C31,Player-FBAD,1,3,7675,3 0,0,0
20261002-224131,257.2,Spear,Account-9FFE,Player-74C1,1,9,11872,3 0,55,0
20261002-224131,257.2,Spear,Account-83FE,Player-BCA0,1,7,10125,3 0 4,0,0
20261002-224131,257.2,Spear,Account-9754,Player-DE24,1,3,6409,3 0,22,0
20261002-224131,257.2,Spear,Account-E3BC,Player-258F,1,3,6409,3 0,0,0
20261002-224131,257.2,Spear,Account-F4C4,Player-89AD,1,7,6782,6 0 3,14,0
20261002-224131,257.2,Spear,Account-AD4B,Player-8FDE,1,6,10481,6 0 3,0,0
20261002-225404,157.8,Spear,Account-9365,Player-DDA6,1,9,2637,0 6,29,0
20261002-225404,157.8,Spear,Account-5C40,Player-F494,1,3,7907,0 3,0,0
20261002-225404,157.8,Spear,Account-E596,Player-1B8E,1,4,3496,0 3 6,0,0
20261002-225404,157.8,Spear,Account-8C31,Player-FBAD,1,10,12017,0 3 4,0,0
20261002-225404,157.8,Spear,Account-9FFE,Player-74C1,1,4,5796,0 3,0,0
20261002-225404,157.8,Spear,Account-83FE,Player-BCA0,1,7,3672,0 3 6 4,32,0
20261002-225404,157.8,Spear,Account-9754,Player-DE24,1,17,5047,3 0 6,0,0
20261002-225404,157.8,Spear,Account-E3BC,Player-258F,1,15,3975,0 6,0,0
20261002-225404,157.8,Spear,Account-F4C4,Player-89AD,1,4,5410,0 3,22,0
20261002-225404,157.8,Spear,Account-AD4B,Player-8FDE,1,4,6209,0 3,29,0
20261002-225404,213.8,Spear,Account-9365,Player-DDA6,1,4,5294,0 3,7,0
20261002-225404,213.8,Spear,Account-5C40,Player-F494,1,12,9129,3 0,0,0
20261002-225404,213.8,Spear,Account-E596,Player-1B8E,1,8,11646,0 3,59,0
20261002-225404,213.8,Spear,Account-8C31,Player-FBAD,1,3,5742,3 0,0,0
20261002-225404,213.8,Spear,Account-9FFE,Player-74C1,1,10,11580,3 0,0,0
20261002-225404,213.8,Spear,Account-83FE,Player-BCA0,1,4,6066,3 0,75,0
20261002-225404,213.8,Spear,Account-9754,Player-DE24,1,3,4794,0 3,0,0
20261002-225404,213.8,Spear,Account-E3BC,Player-258F,1,17,9157,3 0 5 4,0,0
20261002-225404,213.8,Spear,Account-F4C4,Player-89AD,1,7,6331,0 3,0,0
20261002-225404,213.8,Spear,Account-AD4B,Player-8FDE,1,5,8804,3 0,0,0
20261002-225404,260.3,Spear,Account-9365,Player-DDA6,1,3,5759,3 0,0,0
20261002-225404,260.3,Spear,Account-5C40,Player-F494,1,18,14563,0 3,0,0
20261002-225404,260.3,Spear,Account-E596,Player-1B8E,1,15,17883,0 3,0,0
20261002-225404,260.3,Spear,Account-8C31,Player-FBAD,1,12,13437,0 3 4,0,0
20261002-225404,260.3,Spear,Account-9FFE,Player-74C1,1,14,13323,0 3,0,0
20261002-225404,260.3,Spear,Account-83FE,Player-BCA0,1,13,13612,0 3 4,0,0
20261002-225404,260.3,Spear,Account-9754,Player-DE24,1,4,5796,3 0,65,0
20261002-225404,260.3,Spear,Account-E3BC,Player-258F,1,8,9286,3 0,0,0
20261002-225404,260.3,Spear,Account-F4C4,Player-89AD,1,5,4444,0 3,93,0
20261002-231326,159.1,Spear,Account-83FE,Player-BCA0,1,4,3254,0 6,0,0
20261002-231326,159.1,Spear,Account-8C31,Player-FBAD,1,7,9645,0 4,0,0
20261002-231326,159.1,Spear,Account-E3BC,Player-258F,1,14,17596,0 3,0,0
20261002-231326,159.1,Spear,Account-E596,Player-1B8E,1,4,5119,0 3,29,0
20261002-231326,159.1,Spear,Account-9FFE,Player-74C1,1,2,3458,0,0,0
20261002-231326,159.1,Spear,Account-5C40,Player-F494,1,3,9000,0,0,0
20261002-231326,159.1,Spear,Account-F4C4,Player-89AD,1,1,2699,0,0,0
20261002-231326,159.1,Spear,Account-AD4B,Player-8FDE,1,1,3098,0,13,0
20261002-231326,159.1,Spear,Account-9754,Player-DE24,1,9,7811,0 3 6,36,0
20261002-231326,214.3,Spear,Account-9365,Player-DDA6,1,3,5119,3 0,14,0
20261002-231326,214.3,Spear,Account-83FE,Player-BCA0,1,3,3317,3 0,0,0
20261002-231326,214.3,Spear,Account-8C31,Player-FBAD,1,13,5842,6 0 3,0,0
20261002-231326,214.3,Spear,Account-E3BC,Player-258F,1,15,5431,6 0 3,29,0
20261002-231326,214.3,Spear,Account-E596,Player-1B8E,1,9,9016,0 3,0,0
20261002-231326,214.3,Spear,Account-9FFE,Player-74C1,1,18,8464,6 0 3,0,0
20261002-231326,214.3,Spear,Account-5C40,Player-F494,1,6,0,6 3,0,0
20261002-231326,214.3,Spear,Account-F4C4,Player-89AD,1,21,3821,6 3 0,0,0
20261002-231326,214.3,Spear,Account-AD4B,Player-8FDE,1,8,10826,0,0,0
20261002-231326,214.3,Spear,Account-9754,Player-DE24,1,9,6344,3 0 4,22,0
20261002-231326,265.2,Spear,Account-9365,Player-DDA6,1,4,5607,3 0,57,0
20261002-231326,265.2,Spear,Account-83FE,Player-BCA0,1,4,6225,3 0,0,0
20261002-231326,265.2,Spear,Account-8C31,Player-FBAD,1,5,6207,4 0,161,1
20261002-231326,265.2,Spear,Account-E596,Player-1B8E,1,16,10723,0 5 3,83,0
20261002-231326,265.2,Spear,Account-9FFE,Player-74C1,1,4,5963,0 4,101,0
20261002-231326,265.2,Spear,Account-9754,Player-DE24,1,5,5789,3 0,22,0
20261002-231907,153.8,Spear,Account-9365,Player-DDA6,1,6,0,6,144,0
20261002-231907,153.8,Spear,Account-83FE,Player-BCA0,1,16,0,6 4,29,0
20261002-231907,153.8,Spear,Account-8C31,Player-FBAD,1,12,5216,0 3 6 4,0,0
20261002-231907,153.8,Spear,Account-E3BC,Player-258F,1,7,1521,3 4 0,0,0
20261002-231907,153.8,Spear,Account-E596,Player-1B8E,1,5,0,6 3,0,0
20261002-231907,153.8,Spear,Account-9FFE,Player-74C1,1,11,10619,3 0,29,0
20261002-231907,153.8,Spear,Account-5C40,Player-F494,1,13,10122,3 0,0,0
20261002-231907,153.8,Spear,Account-F4C4,Player-89AD,1,11,11114,0 3 4,0,0
20261002-231907,153.8,Spear,Account-AD4B,Player-8FDE,1,4,0,6,29,0
20261002-231907,153.8,Spear,Account-9754,Player-DE24,1,8,1014,6 4 0,0,0
20261002-232932,153.5,Spear,Account-9365,Player-DDA6,1,13,509,3 6 0,96,0
20261002-232932,153.5,Spear,Account-83FE,Player-BCA0,1,8,3906,0 6 4,0,0
20261002-232932,153.5,Spear,Account-8C31,Player-FBAD,1,6,2764,0 3 6,0,0
20261002-232932,153.5,Spear,Account-E3BC,Player-258F,1,3,2560,3 0,0,0
20261002-232932,153.5,Spear,Account-E596,Player-1B8E,1,18,4129,0 6 3 4,26,0
20261002-232932,153.5,Spear,Account-9FFE,Player-74C1,1,6,6224,3 0 4,0,0
20261002-232932,153.5,Spear,Account-5C40,Player-F494,1,3,8491,0 3,26,0
20261002-232932,153.5,Spear,Account-F4C4,Player-89AD,1,6,9970,0 4,17,0
20261002-232932,153.5,Spear,Account-AD4B,Player-8FDE,1,15,6853,0 6 4,53,0
20261002-232932,153.5,Spear,Account-9754,Player-DE24,1,5,2308,0 3 6,0,0
20261002-232932,209.3,Spear,Account-9365,Player-DDA6,1,4,6102,3 0,29,0
20261002-232932,209.3,Spear,Account-83FE,Player-BCA0,1,3,6911,3 0,43,0
20261002-232932,209.3,Spear,Account-8C31,Player-FBAD,1,19,4201,6 0,0,0
20261002-232932,209.3,Spear,Account-E3BC,Player-258F,1,16,13015,6 3 0,0,0
20261002-232932,209.3,Spear,Account-E596,Player-1B8E,1,9,13224,0 4,0,0
20261002-232932,209.3,Spear,Account-9FFE,Player-74C1,1,5,6521,6 0,0,0
20261002-232932,209.3,Spear,Account-5C40,Player-F494,1,3,7981,6 0,0,0
20261002-232932,209.3,Spear,Account-F4C4,Player-89AD,1,7,3010,6 0 3,34,0
20261002-232932,209.3,Spear,Account-AD4B,Player-8FDE,1,4,6127,3 0,0,0
20261002-232932,209.3,Spear,Account-9754,Player-DE24,1,6,5523,0 3 4,22,0
20261002-232932,255.8,Spear,Account-9365,Player-DDA6,1,11,650,6 3 0,0,0
20261002-232932,255.8,Spear,Account-83FE,Player-BCA0,1,17,0,6,0,0
20261002-232932,255.8,Spear,Account-8C31,Player-FBAD,1,3,7150,3 0,0,0
20261002-232932,255.8,Spear,Account-E3BC,Player-258F,1,4,5970,3 0,0,0
20261002-232932,255.8,Spear,Account-E596,Player-1B8E,1,5,0,6,0,0
20261002-232932,255.8,Spear,Account-9FFE,Player-74C1,1,3,6814,0 3,0,0
20261002-232932,255.8,Spear,Account-5C40,Player-F494,1,4,9025,0 3,58,0
20261002-232932,255.8,Spear,Account-F4C4,Player-89AD,1,3,6175,3 0,0,0
20261002-232932,255.8,Spear,Account-AD4B,Player-8FDE,1,14,1997,6 3 0,39,0
20261002-232932,255.8,Spear,Account-9754,Player-DE24,1,4,0,6 3,0,0
20261002-234158,160.9,Spear,Account-9365,Player-DDA6,1,2,5257,0,103,0
20261002-234158,160.9,Spear,Account-83FE,Player-BCA0,1,2,6723,0,123,0
20261002-234158,160.9,Spear,Account-8C31,Player-FBAD,1,15,10109,0 3 4,83,0
20261002-234158,160.9,Spear,Account-E3BC,Player-258F,1,2,2921,3 0,7,0
20261002-234158,160.9,Spear,Account-E596,Player-1B8E,1,8,6141,0 3 5,124,0
20261002-234158,160.9,Spear,Account-9FFE,Player-74C1,1,17,15765,3 0,0,0
20261002-234158,160.9,Spear,Account-5C40,Player-F494,1,2,4126,3 0,0,0
20261002-234158,160.9,Spear,Account-F4C4,Player-89AD,1,6,2545,0 3 4,47,0
20261002-234158,160.9,Spear,Account-AD4B,Player-8FDE,1,7,3479,0 3 4,21,0
20261002-234158,160.9,Spear,Account-9754,Player-DE24,1,8,9121,0 3,0,0
20261002-234158,215.8,Spear,Account-9365,Player-DDA6,1,11,3208,6 0,0,0
20261002-234158,215.8,Spear,Account-83FE,Player-BCA0,1,15,5366,6 0 4,0,0
20261002-234158,215.8,Spear,Account-8C31,Player-FBAD,1,5,2680,6 3 0,0,0
20261002-234158,215.8,Spear,Account-E3BC,Player-258F,1,4,2238,6 3 0,0,0
20261002-234158,215.8,Spear,Account-E596,Player-1B8E,1,16,3666,6 0,0,0
20261002-234158,215.8,Spear,Account-9FFE,Player-74C1,1,16,8545,6 0 3,0,0
20261002-234158,215.8,Spear,Account-5C40,Player-F494,1,17,7527,6 0 3,0,0
20261002-234158,215.8,Spear,Account-F4C4,Player-89AD,1,16,1728,6 3 0,0,0
20261002-234158,215.8,Spear,Account-AD4B,Player-8FDE,1,14,992,6 0,7,0
20261002-234158,215.8,Spear,Account-9754,Player-DE24,1,4,0,6 3,0,0
20261002-234158,263.0,Spear,Account-9365,Player-DDA6,1,10,7345,3 0 4,60,0
20261002-234158,263.0,Spear,Account-83FE,Player-BCA0,1,14,4873,3 0 4 6,118,0
20261002-234158,263.0,Spear,Account-E3BC,Player-258F,1,6,5142,4 0,220,1
20261002-234158,263.0,Spear,Account-E596,Player-1B8E,1,11,9600,0 3 4,0,0
20261002-234158,263.0,Spear,Account-9FFE,Player-74C1,1,16,13293,3 0 4,0,0
20261002-234158,263.0,Spear,Account-F4C4,Player-89AD,1,13,9753,0 4 3,42,0
20261002-234158,263.0,Spear,Account-AD4B,Player-8FDE,1,5,8671,0 4,44,0
20261002-234910,155.7,Spear,Account-9365,Player-DDA6,1,2,7349,0,0,0
20261002-234910,155.7,Spear,Account-83FE,Player-BCA0,1,6,6671,0 4,82,0
20261002-234910,155.7,Spear,Account-8C31,Player-FBAD,1,7,4285,0 4,0,0
20261002-234910,155.7,Spear,Account-E3BC,Player-258F,1,5,5500,0 3,0,0
20261002-234910,155.7,Spear,Account-E596,Player-1B8E,1,3,6674,0 5,155,1
20261002-234910,155.7,Spear,Account-9FFE,Player-74C1,1,4,8835,0,63,0
20261002-234910,155.7,Spear,Account-5C40,Player-F494,1,6,11346,0,42,0
20261002-234910,155.7,Spear,Account-F4C4,Player-89AD,1,6,9495,3 0 4,0,0
20261002-234910,155.7,Spear,Account-AD4B,Player-8FDE,1,2,7281,0,12,0
20261002-234910,155.7,Spear,Account-9754,Player-DE24,1,3,4891,0 5,155,1
20261002-234910,210.6,Spear,Account-9365,Player-DDA6,1,3,3851,3 0 6,29,0
20261002-234910,210.6,Spear,Account-83FE,Player-BCA0,1,8,8547,0 3 6,0,0
20261002-234910,210.6,Spear,Account-8C31,Player-FBAD,1,2,6800,0,12,0
20261002-234910,210.6,Spear,Account-E3BC,Player-258F,1,12,20337,0 3 4,17,0
20261002-234910,210.6,Spear,Account-E596,Player-1B8E,1,6,7929,0 3,36,0
20261002-234910,210.6,Spear,Account-9FFE,Player-74C1,1,9,15035,0,60,0
20261002-234910,210.6,Spear,Account-5C40,Player-F494,1,16,24048,0 4,0,0
20261002-234910,210.6,Spear,Account-F4C4,Player-89AD,1,6,12398,0 3,21,0
20261002-234910,210.6,Spear,Account-AD4B,Player-8FDE,1,4,10541,0 3,22,0
20261002-234910,210.6,Spear,Account-9754,Player-DE24,1,3,3637,3 0 6,0,0
20261002-235314,156.9,Spear,Account-9365,Player-DDA6,1,5,4032,0 3 6,77,0
20261002-235314,156.9,Spear,Account-83FE,Player-BCA0,1,12,3514,0 3 6,4,0
20261002-235314,156.9,Spear,Account-8C31,Player-FBAD,1,2,6478,0,0,0
20261002-235314,156.9,Spear,Account-E3BC,Player-258F,1,2,3971,3 0,0,0
20261002-235314,156.9,Spear,Account-E596,Player-1B8E,1,8,3868,0 3 6,4,0
20261002-235314,156.9,Spear,Account-9FFE,Player-74C1,1,2,10806,0,0,0
20261002-235314,156.9,Spear,Account-5C40,Player-F494,1,2,8491,0,0,0
20261002-235314,156.9,Spear,Account-F4C4,Player-89AD,1,5,12607,0 3 4,14,0
20261002-235314,156.9,Spear,Account-AD4B,Player-8FDE,1,6,4231,0 3 6,20,0
20261002-235314,156.9,Spear,Account-9754,Player-DE24,1,3,4702,0 3 6,0,0
20261002-235723,157.2,Spear,Account-9365,Player-DDA6,1,5,3929,0 3 6,0,0
20261002-235723,157.2,Spear,Account-83FE,Player-BCA0,1,2,2961,0 6,38,0
20261002-235723,157.2,Spear,Account-8C31,Player-FBAD,1,6,0,6 4 3,0,0
20261002-235723,157.2,Spear,Account-E3BC,Player-258F,1,22,5606,6 3 0,0,0
20261002-235723,157.2,Spear,Account-E596,Player-1B8E,1,16,4918,0 3 6,43,0
20261002-235723,157.2,Spear,Account-9FFE,Player-74C1,1,3,0,6,0,0
20261002-235723,157.2,Spear,Account-5C40,Player-F494,1,4,0,6,0,0
20261002-235723,157.2,Spear,Account-F4C4,Player-89AD,1,7,1506,6 3 0,72,0
20261002-235723,157.2,Spear,Account-AD4B,Player-8FDE,1,13,3286,3 0 6 4,19,0
20261002-235723,157.2,Spear,Account-9754,Player-DE24,1,7,3651,0 3 6 4,0,0
20261002-235723,212.2,Spear,Account-9365,Player-DDA6,1,4,7506,4 0 9,238,1
20261002-235723,212.2,Spear,Account-83FE,Player-BCA0,1,10,16779,0 3,16,0
20261002-235723,212.2,Spear,Account-8C31,Player-FBAD,1,9,10253,3 0,0,0
20261002-235723,212.2,Spear,Account-E3BC,Player-258F,1,3,8748,3 0,0,0
20261002-235723,212.2,Spear,Account-E596,Player-1B8E,1,11,7576,6 0,0,0
20261002-235723,212.2,Spear,Account-9FFE,Player-74C1,1,3,7873,3 0,0,0
20261002-235723,212.2,Spear,Account-5C40,Player-F494,1,3,5762,3 0,63,0
20261002-235723,212.2,Spear,Account-F4C4,Player-89AD,1,14,22588,0 3 4,0,0
20261002-235723,212.2,Spear,Account-AD4B,Player-8FDE,1,4,4705,6 0,0,0
20261002-235723,212.2,Spear,Account-9754,Player-DE24,1,16,28996,0 3 4 6,0,0
20261003-000447,150.5,Spear,Account-9365,Player-DDA6,1,7,4052,0 6,36,0
20261003-000447,150.5,Spear,Account-83FE,Player-BCA0,1,13,0,3 6,0,0
20261003-000447,150.5,Spear,Account-8C31,Player-FBAD,1,10,5679,0 3 6 4,0,0
20261003-000447,150.5,Spear,Account-E3BC,Player-258F,1,4,4576,0 4,14,0
20261003-000447,150.5,Spear,Account-E596,Player-1B8E,1,6,4126,0 6 3,0,0
20261003-000447,150.5,Spear,Account-9FFE,Player-74C1,1,18,7414,3 0 6,0,0
20261003-000447,150.5,Spear,Account-5C40,Player-F494,1,17,5918,3 0 6,0,0
20261003-000447,150.5,Spear,Account-F4C4,Player-89AD,1,3,7197,0 3,0,0
20261003-000447,150.5,Spear,Account-AD4B,Player-8FDE,1,4,3827,0 6,21,0
20261003-000447,150.5,Spear,Account-9754,Player-DE24,1,6,5325,0 6 3,0,0
20261003-000447,205.8,Spear,Account-9365,Player-DDA6,1,3,7194,3 0,108,0
20261003-000447,205.8,Spear,Account-83FE,Player-BCA0,1,17,6681,6 0 3 4,0,0
20261003-000447,205.8,Spear,Account-8C31,Player-FBAD,1,6,7890,0,124,0
20261003-000447,205.8,Spear,Account-E3BC,Player-258F,1,11,17442,0,45,0
20261003-000447,205.8,Spear,Account-E596,Player-1B8E,1,10,10109,0 3,0,0
20261003-000447,205.8,Spear,Account-9FFE,Player-74C1,1,2,6794,0,0,0
20261003-000447,205.8,Spear,Account-5C40,Player-F494,1,2,7422,0,0,0
20261003-000447,205.8,Spear,Account-AD4B,Player-8FDE,1,6,8152,3 0,40,0
20261003-000447,205.8,Spear,Account-9754,Player-DE24,1,5,9384,3 0,103,0
20261003-000447,256.5,Spear,Account-8C31,Player-FBAD,1,2,0,4,206,1
20261003-000447,256.5,Spear,Account-E596,Player-1B8E,1,2,2963,0 3,42,0
20261003-000447,256.5,Spear,Account-5C40,Player-F494,1,3,2554,3 0,29,0
20261003-000447,256.5,Spear,Account-AD4B,Player-8FDE,1,3,3233,3 0 5,10,0
20261003-001430,151.8,Spear,Account-9365,Player-DDA6,1,7,4128,0 6,86,0
20261003-001430,151.8,Spear,Account-83FE,Player-BCA0,1,11,3161,0 6,0,0
20261003-001430,151.8,Spear,Account-8C31,Player-FBAD,1,8,6961,0 4,0,0
20261003-001430,151.8,Spear,Account-E3BC,Player-258F,1,2,10513,0,65,0
20261003-001430,151.8,Spear,Account-E596,Player-1B8E,1,5,3574,0 6 3,0,0
20261003-001430,151.8,Spear,Account-9FFE,Player-74C1,1,6,0,3 6,108,0
20261003-001430,151.8,Spear,Account-5C40,Player-F494,1,5,8724,3 0,86,0
20261003-001430,151.8,Spear,Account-F4C4,Player-89AD,1,3,4332,0 3,29,0
20261003-001430,151.8,Spear,Account-AD4B,Player-8FDE,1,3,3899,0 6,17,0
20261003-001430,151.8,Spear,Account-9754,Player-DE24,1,5,4332,0 5 3 4,93,0
20261003-001430,206.9,Spear,Account-9365,Player-DDA6,1,4,7928,3 0,35,0
20261003-001430,206.9,Spear,Account-83FE,Player-BCA0,1,11,12251,3 0 4,0,0
20261003-001430,206.9,Spear,Account-8C31,Player-FBAD,1,5,6877,3 0 4,0,0
20261003-001430,206.9,Spear,Account-E3BC,Player-258F,1,3,9683,3 0,0,0
20261003-001430,206.9,Spear,Account-E596,Player-1B8E,1,6,7477,0 3,0,0
20261003-001430,206.9,Spear,Account-9FFE,Player-74C1,1,15,17515,6 3 0,0,0
20261003-001430,206.9,Spear,Account-5C40,Player-F494,1,11,9895,3 0,0,0
20261003-001430,206.9,Spear,Account-AD4B,Player-8FDE,1,9,11264,0 3,0,0
20261003-001430,206.9,Spear,Account-9754,Player-DE24,1,4,8320,3 0,0,0
20261003-001430,257.6,Spear,Account-8C31,Player-FBAD,0,0,0,,0,0
20261003-001430,257.6,Spear,Account-E3BC,Player-258F,0,0,0,,0,0
20261003-001430,257.6,Spear,Account-9FFE,Player-74C1,0,0,0,,0,0
20261003-001430,257.6,Spear,Account-5C40,Player-F494,0,0,0,,0,0
20261003-001430,257.6,Spear,Account-F4C4,Player-89AD,0,0,0,,0,0
20261003-001430,257.6,Spear,Account-AD4B,Player-8FDE,0,0,0,,0,0
20261003-002223,150.7,Spear,Account-9365,Player-DDA6,1,9,6597,0 3 6 4,0,0
20261003-002223,150.7,Spear,Account-83FE,Player-BCA0,1,7,4978,3 0 4,0,0
20261003-002223,150.7,Spear,Account-8C31,Player-FBAD,1,17,15814,0 3 4,0,0
20261003-002223,150.7,Spear,Account-E3BC,Player-258F,1,2,5761,0,0,0
20261003-002223,150.7,Spear,Account-E596,Player-1B8E,1,2,4435,0 3,0,0
20261003-002223,150.7,Spear,Account-9FFE,Player-74C1,1,1,3486,0,13,0
20261003-002223,150.7,Spear,Account-5C40,Player-F494,1,2,5613,0,0,0
20261003-002223,150.7,Spear,Account-F4C4,Player-89AD,1,2,3254,3 0,17,0
20261003-002223,150.7,Spear,Account-AD4B,Player-8FDE,1,2,3734,0 3,41,0
20261003-002223,150.7,Spear,Account-9754,Player-DE24,1,9,7107,0 3 6,65,0
20261003-002223,207.4,Spear,Account-9365,Player-DDA6,1,3,7667,0,0,0
20261003-002223,207.4,Spear,Account-83FE,Player-BCA0,1,3,12589,0,154,1
20261003-002223,207.4,Spear,Account-8C31,Player-FBAD,1,7,14298,0,0,0
20261003-002223,207.4,Spear,Account-E3BC,Player-258F,1,8,9942,3 0,0,0
20261003-002223,207.4,Spear,Account-E596,Player-1B8E,1,6,10594,0 3,23,0
20261003-002223,207.4,Spear,Account-9FFE,Player-74C1,1,2,9247,0,0,0
20261003-002223,207.4,Spear,Account-5C40,Player-F494,1,4,15108,0 9 6,0,0
20261003-002223,207.4,Spear,Account-F4C4,Player-89AD,1,5,10742,3 0,0,0
20261003-002223,207.4,Spear,Account-AD4B,Player-8FDE,1,4,9995,0 3,0,0
20261003-002223,207.4,Spear,Account-9754,Player-DE24,1,5,9135,3 0,0,0
20261003-002223,253.2,Spear,Account-9365,Player-DDA6,1,3,7677,3 0,0,0
20261003-002223,253.2,Spear,Account-83FE,Player-BCA0,1,14,17464,3 0 4,0,0
20261003-002223,253.2,Spear,Account-8C31,Player-FBAD,1,3,8438,3 0,0,0
20261003-002223,253.2,Spear,Account-E3BC,Player-258F,1,9,11214,3 0,0,0
20261003-002223,253.2,Spear,Account-E596,Player-1B8E,1,11,17041,0 3,0,0
20261003-002223,253.2,Spear,Account-9FFE,Player-74C1,1,5,9711,3 0,0,0
20261003-002223,253.2,Spear,Account-5C40,Player-F494,1,10,12424,3 0,0,0
20261003-002223,253.2,Spear,Account-F4C4,Player-89AD,1,7,8507,0 3,0,0
20261003-002223,253.2,Spear,Account-AD4B,Player-8FDE,1,9,7688,3 0 4,89,0
20261003-002223,253.2,Spear,Account-9754,Player-DE24,1,3,7046,3 0,0,0
20261003-002526,151.5,Spear,Account-9365,Player-DDA6,1,3,3129,0 5 3,155,1
20261003-002526,151.5,Spear,Account-83FE,Player-BCA0,1,6,9281,0 3 4,96,0
20261003-002526,151.5,Spear,Account-8C31,Player-FBAD,1,4,7266,0 3,17,0
20261003-002526,151.5,Spear,Account-E3BC,Player-258F,1,2,3191,3 0,7,0
20261003-002526,151.5,Spear,Account-E596,Player-1B8E,1,8,12238,0 3 4,0,0
20261003-002526,151.5,Spear,Account-9FFE,Player-74C1,1,3,8869,3 0,107,0
20261003-002526,151.5,Spear,Account-5C40,Player-F494,1,3,11748,3 0,148,0
20261003-002526,151.5,Spear,Account-F4C4,Player-89AD,1,2,3427,0 3,36,0
20261003-002526,151.5,Spear,Account-AD4B,Player-8FDE,1,2,7478,0,42,0
20261003-002526,151.5,Spear,Account-9754,Player-DE24,1,5,4421,0 3 4,0,0