log,unit,agent,open_s,since_spawn_s,hp_pct_at_open,duration_s,start_pct,min_pct,broken,time_to_break_s,player_damage,soft_cc,self_drain,total_damage,player_hits,end_state,casting_at_open,cast_started_s_before
20260929-230929,Vloxx,89a,186.0,,69.5,15.00,100.0,2.3,1,14.40,4585,1101,593,6279,24,2,,
20260929-230929,Aspect of the Staff,8a1,116.8,113.8,24.4,2.10,82.9,0.0,1,2.10,555,0,298,853,2,2,Ancora Strike,3.1
20260929-230929,Aspect of the Spear,8f6,226.1,66.3,25.4,6.90,100.0,0.0,1,6.90,550,200,356,1106,3,2,Ancora Strike,3.3
20260929-230929,Cosmic Piercer,8f7,159.8,0.0,100.0,8.70,100.0,0.0,1,8.70,150,407,148,705,1,1,,
20260929-230929,Cosmic Piercer,8f7,183.5,23.7,19.1,2.10,100.0,0.0,1,2.10,555,10,217,781,2,1,Eternal Reflection,9.0
20260929-231520,Vloxx,941,165.6,,69.4,12.60,99.7,1.6,1,11.40,4503,602,1043,6148,20,2,,
20260929-231520,Aspect of the Staff,946,40.9,37.9,24.0,4.80,100.0,0.0,1,4.50,610,0,612,1222,3,2,Ancora Strike,1.0
20260929-231520,Aspect of the Staff,96b,156.8,69.1,24.6,16.20,97.4,0.0,1,16.20,260,22,893,1175,1,2,Ancora Strike,8.3
20260929-231520,Cosmic Piercer,97c,139.9,0.0,100.0,18.00,100.0,1.6,1,17.40,480,10,110,600,3,1,,
20260929-231520,Cosmic Piercer,97c,172.9,33.0,0.0,119.06,100.0,100.0,0,,0,0,0,0,0,log end,Eternal Reflection,10.0
20260929-231520,Aspect of the Spear,97e,189.4,49.5,23.9,10.50,100.0,0.0,1,10.20,0,0,977,977,0,2,Ancora Strike,2.8
20260929-232028,Vloxx,a66,160.0,,69.1,13.50,100.0,0.7,1,12.90,4700,1,1259,5960,20,2,Visions of Eternity,14.7
20260929-232028,Aspect of the Staff,a6a,81.1,78.1,27.9,3.30,100.0,0.0,1,3.30,600,0,395,995,3,2,Eternal Reflection,2.0
20260929-232028,Aspect of the Staff,b41,178.1,45.0,26.4,3.90,100.0,0.0,1,3.60,395,0,577,972,2,2,Ancora Strike,2.2
20260929-232028,Cosmic Piercer,b46,137.5,0.1,100.0,13.80,100.0,1.6,1,13.80,480,10,136,625,3,1,,
20260929-232028,Cosmic Piercer,b46,166.3,28.9,0.0,45.95,100.0,100.0,0,,0,0,0,0,0,log end,Eternal Reflection,10.0
20260929-232602,Vloxx,c4a,188.1,,69.2,12.60,100.0,2.2,1,12.30,5325,23,834,6181,26,2,,
20260929-232602,Aspect of the Staff,c4d,30.3,27.3,24.1,2.40,78.6,0.0,1,2.40,560,0,245,805,3,2,Eternal Reflection,2.1
20260929-232602,Aspect of the Staff,cc8,106.3,31.2,21.6,5.10,100.0,0.0,1,4.80,230,0,720,950,2,2,Eternal Reflection,4.8
20260929-232602,Aspect of the Staff,d4c,192.9,40.9,26.1,3.30,100.0,0.0,1,2.70,585,0,395,980,3,2,80311,1.7
20260929-232602,Cosmic Piercer,d4e,152.9,0.1,100.0,9.30,100.0,1.6,1,9.30,760,42,12,814,4,1,,
20260929-232602,Cosmic Piercer,d4e,177.2,24.4,38.2,6.00,99.8,0.7,1,5.70,520,11,76,607,2,1,Eternal Reflection,7.6
20260929-232602,Aspect of the Spear,d50,186.8,34.0,28.3,4.50,100.0,0.0,1,3.90,560,0,430,990,3,2,Thousand Strikes,4.1
20260929-233227,Vloxx,dd1,179.5,,68.8,15.90,100.0,3.4,1,14.40,4670,5,1327,6002,22,2,,
20260929-233227,Aspect of the Staff,dd7,30.4,27.4,22.8,2.10,85.6,0.0,1,1.80,620,0,217,837,3,2,Eternal Reflection,1.7
20260929-233227,Aspect of the Staff,de2,102.8,27.7,23.6,166.33,100.0,18.0,0,,450,302,370,1122,4,log end,Eternal Reflection,3.0
20260929-233227,Aspect of the Spear,deb,168.6,30.9,24.4,5.40,100.0,0.0,1,5.40,720,0,451,1171,3,2,Ancora Strike,1.5
20260929-233227,Cosmic Piercer,dec,137.7,0.0,100.0,9.60,100.0,0.0,1,8.70,600,19,10,629,4,1,,
20260929-233227,Cosmic Piercer,dec,162.3,24.6,68.7,11.70,100.0,0.0,1,11.70,360,0,451,811,2,1,Eternal Reflection,8.2
20260929-233227,Cosmic Piercer,dec,189.0,51.3,0.0,80.13,100.0,100.0,0,,0,0,0,0,0,log end,,
20260929-233227,Aspect of the Staff,dee,190.1,41.5,26.4,3.90,100.0,0.0,1,3.60,795,0,353,1148,5,2,80311,2.0
20260929-233952,Vloxx,ee7,184.0,,69.0,12.90,100.0,0.4,1,11.40,4820,0,1156,5976,23,2,,
20260929-233952,Aspect of the Staff,eea,37.9,34.9,20.4,1.50,100.0,0.0,1,1.50,760,0,262,1022,3,2,Ancora Strike,5.8
20260929-233952,Aspect of the Staff,f0c,132.9,51.1,25.9,4.20,100.0,0.0,1,4.20,660,0,440,1100,5,2,Ancora Strike,5.8
20260929-233952,Cosmic Piercer,f32,155.5,0.1,100.0,18.90,100.0,1.6,1,18.30,250,14,335,599,2,1,,
20260929-233952,Cosmic Piercer,f32,189.4,34.0,0.0,83.31,100.0,100.0,0,,0,0,0,0,0,log end,81114,9.3
20260929-233952,Aspect of the Spear,f34,181.0,25.6,22.6,3.90,96.7,0.0,1,3.90,560,0,429,989,3,2,Thousand Strikes,0.9
20260929-233952,Aspect of the Staff,f3d,221.2,43.3,23.0,10.20,97.9,0.0,1,10.20,750,0,373,1123,3,2,Eternal Reflection,1.9
20260929-234806,Vloxx,f61,197.1,,69.1,14.70,100.0,0.2,1,12.30,5380,28,636,6043,26,2,,
20260929-234806,Aspect of the Staff,f67,38.4,35.4,23.3,8.70,95.0,0.0,1,7.50,230,0,715,945,2,2,Ancora Strike,0.4
20260929-234806,Aspect of the Staff,f8b,133.1,46.0,23.9,3.90,87.0,0.0,1,3.90,450,0,534,984,2,2,Ancora Strike,1.3
20260929-234806,Cosmic Piercer,fad,168.1,0.1,100.0,8.70,100.0,1.6,1,8.10,500,21,94,616,3,1,,
20260929-234806,Cosmic Piercer,fad,191.8,23.8,18.2,138.49,99.8,8.7,0,,200,302,346,849,1,log end,Eternal Reflection,8.7
20260929-234806,Aspect of the Spear,faf,202.9,34.9,23.7,6.30,100.0,0.0,1,5.40,640,0,356,996,3,2,Ancora Strike,4.7
20260929-234806,Aspect of the Staff,fb4,228.0,48.1,23.9,4.50,100.0,0.0,1,4.50,1310,0,28,1338,6,2,Ancora Strike,1.3
20260929-235415,Vloxx,10a4,165.6,,69.2,12.60,100.0,3.6,1,12.00,5100,0,884,5984,26,2,,
20260929-235415,Aspect of the Staff,10a6,74.7,71.7,21.5,4.80,100.0,0.0,1,4.50,150,0,828,978,1,2,Ancora Strike,2.2
20260929-235415,Aspect of the Staff,10b7,178.5,58.0,24.8,3.30,90.0,0.0,1,3.30,360,0,517,877,2,2,Eternal Reflection,2.2
20260929-235415,Aspect of the Spear,10bb,180.4,43.9,26.8,2.70,100.0,0.0,1,2.70,455,0,487,942,2,2,Ancora Strike,0.2
20260929-235415,Cosmic Piercer,10bc,136.6,0.1,100.0,8.40,100.0,1.6,1,8.40,700,17,5,722,4,1,,
20260929-235415,Cosmic Piercer,10bc,160.0,23.5,23.1,150.76,100.0,16.8,0,,360,295,139,794,2,log end,Eternal Reflection,8.5
20260929-235848,Vloxx,10d5,151.5,,69.0,12.60,100.0,0.5,1,11.40,4620,0,1462,6082,25,2,Visions of Eternity,12.4
20260929-235848,Aspect of the Staff,10d9,79.6,76.6,26.7,13.50,100.0,0.0,1,13.50,150,29,905,1083,1,2,Eternal Reflection,2.2
20260929-235848,Cosmic Piercer,10eb,133.3,0.1,100.0,7.20,100.0,1.6,1,7.20,460,10,140,610,4,1,,
20260929-235848,Cosmic Piercer,10eb,155.2,22.0,0.0,67.73,100.0,100.0,0,,0,0,0,0,0,log end,Annihilating Orb,9.0
20260929-235848,Aspect of the Spear,10ed,192.1,58.9,23.3,6.30,100.0,0.0,1,5.70,100,0,888,988,1,2,Ancora Strike,1.4
20260930-000603,Vloxx,11b7,155.7,,69.1,9.30,100.0,0.9,1,8.40,5325,12,729,6066,28,2,,
20260930-000603,Aspect of the Staff,11b9,111.0,108.0,24.9,15.90,100.0,0.0,1,15.90,360,22,698,1080,2,2,80311,0.8
20260930-000603,Cosmic Piercer,11d2,132.3,0.1,100.0,8.70,100.0,1.6,1,7.80,860,35,10,904,4,1,,
20260930-000603,Cosmic Piercer,11d2,156.0,23.8,0.0,105.77,100.0,100.0,0,,0,0,0,0,0,log end,Eternal Reflection,7.5
20260930-000603,Aspect of the Spear,11d3,183.3,51.1,24.6,13.20,100.0,0.0,1,12.60,150,5,847,1002,1,2,Thousand Strikes,3.0
20260930-000603,Aspect of the Staff,11de,233.0,63.0,23.7,15.60,97.4,0.0,1,15.00,100,0,861,961,1,2,Ancora Strike,2.1
20260930-002046,Vloxx,11ef,153.9,,68.8,9.60,100.0,0.0,1,8.70,5400,0,799,6199,28,2,Visions of Eternity,12.6
20260930-002046,Aspect of the Staff,11f5,81.1,78.1,23.4,11.40,98.6,0.0,1,10.80,100,0,867,967,1,2,Ancora Strike,0.9
20260930-002046,Cosmic Piercer,120c,133.5,0.1,100.0,6.30,100.0,1.6,1,6.30,580,10,27,616,4,1,,
20260930-002046,Cosmic Piercer,120c,154.8,21.4,0.0,163.03,100.0,100.0,0,,0,0,0,0,0,log end,Annihilating Orb,10.0
20260930-002046,Aspect of the Spear,120d,186.0,52.6,23.1,131.83,100.0,4.7,1,15.90,150,302,808,1260,1,log end,Ancora Strike,6.6
20260930-002046,Aspect of the Staff,120f,188.3,53.5,24.5,10.20,100.0,0.0,1,9.60,450,0,544,994,4,2,Ancora Strike,4.2
20260930-002947,Vloxx,1229,160.5,,69.0,14.10,100.0,4.4,1,13.50,5360,95,963,6418,30,2,,
20260930-002947,Vloxx,1229,437.7,,39.8,15.60,100.0,0.8,1,15.30,5530,120,737,6387,31,2,,
20260930-002947,Aspect of the Staff,122c,132.1,129.1,24.9,7.20,100.0,0.0,1,6.60,350,0,643,993,3,2,Ancora Strike,3.0
20260930-002947,Aspect of the Spear,123e,176.9,41.4,22.1,6.00,93.8,0.0,1,5.40,260,0,670,930,1,2,Thousand Strikes,0.3
20260930-002947,Cosmic Piercer,123f,135.8,0.3,100.0,5.70,100.0,0.0,1,5.70,660,22,0,682,3,1,,
20260930-002947,Cosmic Piercer,123f,156.5,21.0,0.0,338.55,100.0,100.0,0,,0,0,0,0,0,log end,Annihilating Orb,8.6
20260930-002947,Aspect of the Staff,124f,235.6,55.5,22.1,259.45,100.0,47.2,0,,100,295,427,822,1,log end,Ancora Strike,3.8
20260930-002947,Aspect of the Spear,1257,281.9,58.3,24.6,20.40,99.1,0.0,1,20.40,510,29,616,1155,3,2,Cosmic Charge,0.3
20260930-002947,Aspect of the Staff,1260,424.7,142.2,24.9,26.40,100.0,0.0,1,26.40,520,115,610,1246,3,2,Eternal Reflection,0.8
20260930-002947,Aspect of the Spear,1266,427.0,78.4,25.0,18.60,100.0,0.0,1,18.60,930,90,170,1190,4,2,Ancora Strike,4.1
20260930-002947,Cosmic Bulwark,126d,414.5,0.0,100.0,8.70,100.0,0.0,1,8.70,600,9,11,620,4,1,,
20260930-002947,Cosmic Bulwark,126d,438.2,23.7,0.0,56.85,100.0,100.0,0,,0,0,0,0,0,log end,Worldpiercer,5.4
20260930-003645,Vloxx,1286,158.8,,69.0,16.20,100.0,4.5,1,15.90,5385,77,839,6301,30,2,,
20260930-003645,Aspect of the Staff,1288,125.2,122.2,24.9,3.60,97.4,0.0,1,3.30,620,0,337,957,3,2,Ancora Strike,4.9
20260930-003645,Aspect of the Spear,129f,184.0,50.2,24.5,15.90,100.0,0.0,1,15.60,100,0,884,984,1,2,Ancora Strike,3.4
20260930-003645,Cosmic Piercer,12a1,133.9,0.1,100.0,6.30,100.0,1.6,1,6.30,710,10,74,793,4,1,,
20260930-003645,Cosmic Piercer,12a1,155.2,21.4,0.0,148.59,100.0,100.0,0,,0,0,0,0,0,log end,Annihilating Orb,10.1
20260930-003645,Aspect of the Staff,12a9,282.9,110.5,25.1,20.89,100.0,60.3,0,,130,215,296,641,1,log end,Eternal Reflection,2.6
20260930-004322,Vloxx,12bd,146.1,,69.0,11.40,100.0,0.9,1,9.30,5245,0,837,6082,30,2,Visions of Eternity,11.6
20260930-004322,Aspect of the Staff,12c0,133.2,130.2,24.9,8.10,100.0,0.0,1,8.10,260,0,723,983,1,2,Ancora Strike,2.5
20260930-004322,Cosmic Piercer,12d2,128.7,0.1,100.0,6.60,100.0,0.0,1,6.60,790,45,0,835,4,1,,
20260930-004322,Cosmic Piercer,12d2,150.3,21.7,0.0,213.74,100.0,100.0,0,,0,0,0,0,0,log end,Annihilating Orb,9.8
20260930-004322,Aspect of the Spear,12d5,192.6,64.0,24.1,20.70,100.0,0.0,1,20.10,0,38,1023,1061,0,2,Thousand Strikes,2.7
20260930-004322,Aspect of the Staff,12e2,282.4,86.5,23.4,12.30,85.0,0.0,1,10.50,130,0,692,822,1,2,Ancora Strike,2.2
20260930-004322,Aspect of the Spear,12ee,314.9,61.6,23.5,16.80,100.0,0.0,1,15.00,200,0,780,980,2,2,Thousand Strikes,1.9
20260930-004322,Cosmic Bulwark,1300,351.6,0.0,100.0,12.44,100.0,100.0,0,,0,0,0,0,0,log end,,
20260930-004948,Vloxx,1309,156.6,,68.9,11.70,100.0,1.0,1,10.80,5630,35,542,6207,30,2,,
20260930-004948,Aspect of the Staff,130c,121.2,118.2,25.7,8.70,100.0,0.0,1,8.10,620,0,620,1240,3,2,Ancora Strike,6.9
20260930-004948,Aspect of the Spear,1323,187.8,53.5,24.7,4.80,100.0,0.0,1,4.80,720,0,362,1082,4,2,Ancora Strike,0.9
20260930-004948,Cosmic Piercer,1324,134.4,0.1,100.0,8.70,100.0,1.6,1,8.70,790,21,13,824,5,1,,
20260930-004948,Cosmic Piercer,1324,158.1,23.8,0.0,103.87,100.0,100.0,0,,0,0,0,0,0,log end,Eternal Reflection,8.0
20260930-010007,Vloxx,1411,161.1,,69.0,8.10,100.0,2.3,1,7.80,5190,0,907,6097,25,2,,
20260930-010007,Aspect of the Staff,1415,190.8,187.8,24.9,9.60,69.1,0.0,1,8.70,200,0,485,685,2,2,Ancora Strike,6.1
20260930-010007,Aspect of the Spear,143e,177.7,42.4,24.6,13.80,100.0,0.0,1,13.20,200,0,857,1057,2,2,Ancora Strike,3.9
20260930-010007,Cosmic Piercer,143f,135.4,0.1,100.0,7.50,100.0,1.6,1,7.50,760,17,5,782,4,1,,
20260930-010007,Cosmic Piercer,143f,157.9,22.6,0.0,135.35,100.0,100.0,0,,0,0,0,0,0,log end,Annihilating Orb,9.7
20260930-010656,Vloxx,146c,156.6,,68.9,9.00,100.0,0.3,1,8.10,5280,0,701,5981,28,2,,
20260930-010656,Aspect of the Staff,1470,155.1,152.1,24.9,70.50,100.0,0.0,1,12.00,820,891,1321,3032,4,2,Ancora Strike,6.2
20260930-010656,Cosmic Piercer,1487,135.2,0.0,100.0,7.80,100.0,1.6,1,7.80,710,12,11,733,5,1,,
20260930-010656,Cosmic Piercer,1487,158.0,22.8,0.0,180.73,100.0,100.0,0,,0,0,0,0,0,log end,Eternal Reflection,8.3
20260930-010656,Aspect of the Spear,148a,218.0,82.8,24.9,8.70,100.0,0.0,1,7.50,920,0,67,987,5,2,Ancora Strike,1.7
20260930-011344,Vloxx,14b6,162.9,,69.2,11.70,100.0,0.4,1,9.30,4810,12,1175,5997,25,2,Visions of Eternity,13.5
20260930-011344,Aspect of the Staff,14bd,141.9,138.9,24.5,21.00,100.0,0.0,1,21.00,600,43,446,1088,5,2,Ancora Strike,1.4
20260930-011344,Cosmic Piercer,14d4,141.6,0.1,100.0,6.60,100.0,0.0,1,6.60,680,2,12,694,5,1,,
20260930-011344,Cosmic Piercer,14d4,163.2,21.7,0.0,136.88,100.0,100.0,0,,0,0,0,0,0,log end,Annihilating Orb,9.1
20260930-011344,Aspect of the Spear,14d6,183.6,42.1,26.0,116.48,100.0,27.3,0,,0,302,726,1029,0,log end,Ancora Strike,8.4
20260930-011344,Aspect of the Spear,14ed,283.2,46.2,23.3,16.89,98.6,5.3,1,16.20,0,0,945,945,0,log end,Ancora Strike,2.4
20260930-011934,Vloxx,14f4,164.1,,69.1,5.10,100.0,1.5,1,4.50,5720,6,391,6117,29,2,,
20260930-011934,Aspect of the Staff,14f8,46.0,43.0,23.0,217.79,100.0,2.8,1,13.50,150,302,821,1273,1,log end,Eternal Reflection,1.3
20260930-011934,Aspect of the Staff,150a,164.5,63.7,24.8,1.50,99.4,0.0,1,1.50,1120,0,132,1252,4,2,Ancora Strike,2.8
20260930-011934,Cosmic Piercer,1512,140.6,0.1,100.0,6.60,100.0,0.0,1,6.60,700,16,3,720,4,1,,
20260930-011934,Cosmic Piercer,1512,162.2,21.7,0.0,101.59,100.0,100.0,0,,0,0,0,0,0,log end,Annihilating Orb,9.7
20260930-011934,Aspect of the Spear,1514,213.5,72.9,24.3,9.30,100.0,0.0,1,9.30,820,0,174,994,4,2,Cosmic Charge,5.3
20260930-012807,Vloxx,1531,171.1,,69.1,12.90,100.0,7.8,0,,6020,225,385,6631,33,2,,
20260930-012807,Aspect of the Staff,1537,133.6,130.6,24.7,16.20,100.0,0.0,1,16.20,810,9,284,1104,5,2,Ancora Strike,5.3
20260930-012807,Cosmic Piercer,1550,144.5,0.1,100.0,9.00,100.0,0.4,1,8.40,630,47,6,683,4,1,,
20260930-012807,Cosmic Piercer,1550,168.5,24.1,12.8,180.06,100.0,93.9,0,,0,36,36,73,0,log end,Eternal Reflection,9.6
20260930-012807,Aspect of the Spear,1553,192.5,48.1,27.1,9.00,100.0,0.0,1,9.00,730,0,399,1129,5,2,Ancora Strike,3.7
20260930-012807,Aspect of the Staff,1562,275.1,72.6,23.2,6.60,97.9,0.0,1,6.00,660,0,570,1230,4,2,Ancora Strike,1.9
20260930-012807,Aspect of the Spear,156d,300.7,56.5,24.2,9.00,100.0,0.0,1,7.50,660,0,337,997,3,2,Ancora Strike,5.5
20260930-013625,Vloxx,1583,150.4,,68.9,7.20,100.0,4.0,1,6.60,4875,0,1142,6017,27,2,Visions of Eternity,11.8
20260930-013625,Aspect of the Staff,1587,94.6,91.6,24.4,6.90,84.9,0.0,1,6.90,800,0,113,913,5,2,Eternal Reflection,3.1
20260930-013625,Aspect of the Spear,159e,191.3,58.8,25.6,6.00,100.0,0.0,1,5.70,430,0,672,1102,3,2,Ancora Strike,4.8
20260930-013625,Cosmic Piercer,159f,132.5,0.0,100.0,6.00,100.0,0.0,1,6.00,760,10,0,770,4,1,,
20260930-013625,Cosmic Piercer,159f,153.5,21.0,0.0,207.81,100.0,100.0,0,,0,0,0,0,0,log end,Annihilating Orb,9.8
20260930-013625,Aspect of the Staff,15a2,285.9,142.6,25.0,12.90,100.0,0.0,1,12.60,600,0,553,1153,4,2,Eternal Reflection,4.4
20260930-014701,Vloxx,15cc,159.7,,69.1,7.50,98.3,0.5,1,7.20,5425,0,703,6128,29,2,,
20260930-014701,Vloxx,15cc,435.4,,39.9,30.60,100.0,1.8,1,28.50,4960,116,1306,6382,27,2,,
20260930-014701,Aspect of the Staff,15d0,106.9,103.9,24.8,389.33,99.9,5.3,1,19.80,580,312,382,1274,5,log end,Ancora Strike,3.3
20260930-014701,Aspect of the Spear,15e4,178.7,43.2,23.6,14.70,100.0,0.0,1,14.10,100,0,890,990,1,2,Ancora Strike,2.5
20260930-014701,Cosmic Piercer,15e5,135.5,0.0,100.0,8.70,100.0,1.6,1,8.70,670,42,0,712,3,1,,
20260930-014701,Cosmic Piercer,15e5,159.2,23.7,0.0,337.03,100.0,100.0,0,,0,0,0,0,0,log end,Annihilating Orb,9.9
20260930-014701,Aspect of the Staff,15eb,279.5,112.9,23.4,25.80,100.0,0.0,1,25.80,260,130,902,1291,1,2,Ancora Strike,2.7
20260930-014701,Aspect of the Spear,15f8,324.7,90.1,24.2,11.40,99.9,0.0,1,10.50,460,0,532,992,3,2,Ancora Strike,1.3
20260930-014701,Cosmic Bulwark,1616,392.5,0.1,100.0,11.70,100.0,0.0,1,11.10,860,82,0,942,4,1,,
20260930-014701,Cosmic Bulwark,1616,419.2,26.8,51.5,5.10,56.7,0.0,1,3.30,130,10,209,349,1,1,Worldpiercer,7.5
20260930-014701,Cosmic Bulwark,1616,439.3,46.9,0.0,56.93,100.0,100.0,0,,0,0,0,0,0,log end,Raging Storm,6.1
20260930-015718,Vloxx,162e,150.1,,69.1,11.40,100.0,1.1,1,10.50,5370,91,850,6311,28,2,Visions of Eternity,12.4
20260930-015718,Vloxx,162e,346.9,,39.3,15.90,100.0,0.0,1,13.50,4650,18,1364,6032,25,2,,
20260930-015718,Aspect of the Staff,1632,136.3,133.3,24.9,17.70,100.0,0.0,1,17.40,620,100,482,1202,4,2,Ancora Strike,5.7
20260930-015718,Cosmic Piercer,1647,131.7,0.1,100.0,7.20,100.0,1.6,1,7.20,760,17,1,778,4,1,,
20260930-015718,Cosmic Piercer,1647,153.9,22.3,0.0,256.65,100.0,100.0,0,,0,0,0,0,0,log end,Annihilating Orb,9.7
20260930-015718,Aspect of the Spear,1649,174.0,42.4,24.1,13.80,100.0,0.0,1,12.90,100,0,889,989,1,2,Ancora Strike,0.3
20260930-015718,Aspect of the Staff,165d,269.5,62.4,23.4,141.05,98.6,25.4,0,,100,333,661,1094,1,log end,Eternal Reflection,2.0
20260930-015718,Aspect of the Spear,1660,281.5,51.6,24.7,17.40,99.9,0.0,1,17.40,510,0,595,1105,3,2,Ancora Strike,3.3
20260930-015718,Cosmic Bulwark,1671,321.7,0.1,100.0,9.60,100.0,1.6,1,9.60,500,14,261,775,3,1,,
20260930-015718,Cosmic Bulwark,1671,346.3,24.7,0.0,64.25,100.0,100.0,0,,0,0,0,0,0,log end,Worldpiercer,6.5
20260930-020654,Vloxx,1685,156.7,,69.0,5.70,100.0,4.2,1,5.40,5560,0,435,5995,29,2,Visions of Eternity,10.1
20260930-020654,Vloxx,1685,344.5,,39.1,5.10,100.0,3.4,1,4.80,5640,0,366,6006,29,2,,
20260930-020654,Aspect of the Staff,1688,104.2,101.2,23.8,24.90,100.0,0.0,1,24.00,620,53,432,1105,3,2,Ancora Strike,0.6
20260930-020654,Cosmic Piercer,16a2,138.8,0.1,100.0,6.90,100.0,0.0,1,6.90,630,0,13,643,4,1,,
20260930-020654,Cosmic Piercer,16a2,160.7,22.0,0.0,376.16,100.0,100.0,0,,0,0,0,0,0,log end,Annihilating Orb,9.8
20260930-020654,Aspect of the Spear,16a3,209.9,71.2,23.9,4.80,100.0,0.0,1,4.80,940,0,173,1113,6,2,Ancora Strike,2.0
20260930-020654,Aspect of the Staff,16ac,253.1,81.4,23.8,25.80,100.0,0.0,1,24.30,260,0,735,995,1,2,Ancora Strike,3.2
20260930-020654,Aspect of the Spear,16bf,302.1,43.3,24.0,8.10,100.0,0.0,1,7.80,480,0,498,978,4,2,Ancora Strike,5.4
20260930-020654,Cosmic Bulwark,16d0,312.8,0.1,100.0,9.60,100.0,0.3,1,9.30,660,13,202,875,4,1,,
20260930-020654,Cosmic Bulwark,16d0,337.4,24.7,0.0,199.46,100.0,100.0,0,,0,0,0,0,0,log end,Raging Storm,5.8
20260930-020654,Aspect of the Sword,16d2,375.2,62.5,24.6,21.90,100.0,0.0,1,21.00,760,14,240,1014,4,2,Division Eternal,4.9
20260930-020654,Aspect of the Staff,16d5,447.1,118.2,25.8,12.60,100.0,0.0,1,12.30,650,0,411,1061,5,2,Ancora Strike,5.0
20260930-020654,Aspect of the Spear,16dd,442.9,87.9,24.2,16.20,99.9,0.0,1,16.20,400,0,731,1131,3,2,Ancora Strike,6.0
20260930-130931,Vloxx,8a7,149.2,,69.0,6.90,100.0,1.5,1,6.60,5058,0,1049,6107,26,2,,
20260930-130931,Aspect of the Staff,8aa,139.6,136.6,23.7,12.90,97.9,0.0,1,12.60,295,0,654,949,2,2,Ancora Strike,2.4
20260930-130931,Cosmic Piercer,8b5,126.4,0.1,100.0,8.10,100.0,1.6,1,8.10,460,10,235,705,2,1,,
20260930-130931,Cosmic Piercer,8b5,149.5,23.2,0.0,134.26,100.0,100.0,0,,0,0,0,0,0,log end,Eternal Reflection,9.1
20260930-130931,Aspect of the Spear,8b6,181.3,55.0,22.8,6.30,100.0,1.4,1,6.00,523,0,463,986,3,2,Ancora Strike,3.3
20260930-130931,Aspect of the Staff,8c7,265.1,65.8,24.9,14.70,100.0,0.0,1,13.80,163,0,814,977,1,2,Ancora Strike,2.3
20260930-131331,Vloxx,8d2,152.2,,68.8,10.20,100.0,0.0,1,9.30,5283,0,714,5997,26,2,Visions of Eternity,13.6
20260930-131331,Aspect of the Staff,8d6,136.6,133.6,25.2,7.50,100.0,0.0,1,7.50,510,0,523,1033,3,2,Ancora Strike,2.6
20260930-131331,Cosmic Piercer,8e4,130.4,0.0,100.0,6.60,100.0,1.6,1,6.60,700,13,2,715,4,1,,
20260930-131331,Cosmic Piercer,8e4,152.0,21.6,0.4,64.39,100.0,100.0,0,,0,0,0,0,0,log end,Eternal Reflection,1.8
20260930-131331,Aspect of the Spear,8e5,203.9,73.5,25.7,12.50,100.0,25.1,0,,130,0,619,749,1,log end,Ancora Strike,3.2
20260930-131748,Vloxx,8f6,150.1,,68.8,6.00,99.7,5.5,1,5.70,4920,0,1091,6011,26,2,Visions of Eternity,10.6
20260930-131748,Aspect of the Staff,8fb,101.8,98.8,24.9,129.00,100.0,25.5,0,,100,400,739,1239,1,log end,Ancora Strike,4.8
20260930-131748,Cosmic Piercer,905,133.3,0.1,100.0,6.90,100.0,1.6,1,6.90,460,10,103,572,2,1,,
20260930-131748,Cosmic Piercer,905,155.2,22.0,0.0,75.60,100.0,100.0,0,,0,0,0,0,0,log end,Annihilating Orb,10.4
20260930-131748,Aspect of the Spear,907,164.8,31.6,24.9,5.40,100.0,0.0,1,5.40,300,0,677,977,3,2,Thousand Strikes,2.4
20260930-132907,Vloxx,925,149.4,,68.9,15.30,99.8,4.2,1,14.70,4080,0,1911,5991,24,2,Visions of Eternity,10.0
20260930-132907,Vloxx,925,367.2,,39.8,14.10,100.0,3.0,1,13.20,4878,38,1229,6145,25,2,,
20260930-132907,Aspect of the Staff,92a,102.1,99.1,27.1,6.30,100.0,0.0,1,6.30,560,0,477,1037,4,2,Ancora Strike,4.1
20260930-132907,Cosmic Piercer,939,132.9,0.0,100.0,7.80,100.0,1.6,1,7.50,690,10,76,775,4,1,,
20260930-132907,Cosmic Piercer,939,155.7,22.8,0.0,362.89,100.0,100.0,0,,0,0,0,0,0,log end,Annihilating Orb,9.8
20260930-132907,Aspect of the Spear,93a,173.4,40.5,23.0,6.60,100.0,0.0,1,6.30,100,0,855,955,1,2,Ancora Strike,0.7
20260930-132907,Aspect of the Staff,93e,207.3,57.3,26.7,4.50,100.0,0.0,1,4.50,776,0,236,1012,5,2,Ancora Strike,3.4
20260930-132907,Aspect of the Spear,950,269.8,48.6,26.9,4.80,98.6,0.0,1,4.20,200,0,766,966,2,2,Ancora Strike,0.1
20260930-132907,Aspect of the Staff,954,325.8,70.6,24.9,4.20,98.6,0.0,1,3.90,810,0,342,1152,4,2,Ancora Strike,2.1
20260930-132907,Aspect of the Spear,95b,394.1,78.4,23.8,20.10,100.0,0.0,1,16.80,610,54,590,1254,4,2,Ancora Strike,5.3
20260930-132907,Cosmic Bulwark,963,333.9,0.1,100.0,9.60,100.0,1.6,1,9.00,489,10,98,596,1,1,,
20260930-132907,Cosmic Bulwark,963,358.2,24.4,22.5,160.39,100.0,23.6,0,,300,295,157,752,2,log end,Smash,1.7
20260930-132907,Aspect of the Sword,965,393.6,59.7,25.4,25.20,100.0,0.0,1,24.30,723,211,626,1560,4,2,Division Eternal,0.8
20260930-132907,Aspect of the Staff,96a,467.6,89.5,25.2,13.80,100.0,0.0,1,13.20,300,4,702,1006,2,2,Ancora Strike,3.4
20260930-133514,Vloxx,986,148.8,,68.6,10.50,100.0,0.7,1,8.70,5228,0,963,6191,28,2,Visions of Eternity,11.0
20260930-133514,Aspect of the Staff,98b,132.9,129.9,24.9,3.30,100.0,0.0,1,3.30,460,0,530,990,2,2,Eternal Reflection,7.6
20260930-133514,Aspect of the Spear,999,170.6,39.4,24.6,12.30,100.0,0.0,1,12.30,100,0,876,976,1,2,Ancora Strike,3.4
20260930-133514,Cosmic Piercer,99a,131.3,0.1,100.0,8.10,100.0,0.0,1,8.10,640,0,111,751,3,1,,
20260930-133514,Cosmic Piercer,99a,154.4,23.2,0.0,132.62,100.0,100.0,0,,0,0,0,0,0,log end,Annihilating Orb,9.5
20260930-133514,Aspect of the Staff,9a8,271.7,84.0,24.4,15.32,100.0,59.3,0,,150,86,352,588,1,log end,Ancora Strike,4.9
20260930-134135,Vloxx,9b0,150.0,,68.6,9.90,100.0,0.4,1,9.60,5430,0,751,6181,29,2,Visions of Eternity,9.4
20260930-134135,Aspect of the Staff,9b6,55.0,52.0,23.8,17.10,99.1,0.0,1,17.10,163,23,857,1043,1,2,Ancora Strike,7.9
20260930-134135,Aspect of the Staff,9c3,204.4,78.7,24.4,8.40,100.0,0.0,1,8.10,100,0,881,981,1,2,Ancora Strike,0.5
20260930-134135,Aspect of the Spear,9c6,190.9,60.7,23.1,4.50,100.0,0.0,1,4.50,400,0,548,948,3,2,Thousand Strikes,2.4
20260930-134135,Cosmic Piercer,9c7,130.3,0.1,100.0,8.10,100.0,1.6,1,7.80,560,10,271,841,3,1,,
20260930-134135,Cosmic Piercer,9c7,153.1,22.9,0.0,161.48,100.0,100.0,0,,0,0,0,0,0,log end,Eternal Reflection,8.7
20260930-134135,Aspect of the Spear,9db,274.0,36.4,23.8,10.20,96.2,0.0,1,9.30,263,0,690,953,2,2,Ancora Strike,6.2
20260930-134554,Vloxx,9e4,149.4,,69.0,4.80,100.0,1.7,1,4.20,5570,0,626,6196,29,2,Visions of Eternity,10.5
20260930-134554,Aspect of the Staff,9e9,81.9,78.9,24.1,6.30,98.6,0.0,1,6.30,690,0,315,1005,4,2,Ancora Strike,1.0
20260930-134554,Aspect of the Spear,9f9,187.1,54.0,23.4,1.28,100.0,95.8,0,,0,0,56,56,0,log end,Ancora Strike,3.0
20260930-134554,Cosmic Piercer,9fa,133.1,0.0,100.0,7.20,100.0,0.0,1,7.20,400,0,289,689,3,1,,
20260930-134554,Cosmic Piercer,9fa,155.3,22.2,0.0,33.08,100.0,100.0,0,,0,0,0,0,0,log end,Annihilating Orb,10.0
20260930-135458,Vloxx,a04,150.9,,69.0,9.90,100.0,1.4,1,8.40,5033,0,1076,6109,26,2,,
20260930-135458,Vloxx,a04,329.7,,39.2,11.40,100.0,2.0,1,10.80,4928,0,1145,6073,26,2,,
20260930-135458,Aspect of the Staff,a08,116.4,113.4,24.8,5.40,100.0,0.0,1,5.40,260,0,752,1012,1,2,Eternal Reflection,4.4
20260930-135458,Cosmic Piercer,a1b,126.9,0.3,100.0,8.70,100.0,1.6,1,8.70,563,26,217,806,3,1,,
20260930-135458,Cosmic Piercer,a1b,150.6,24.0,0.0,364.67,100.0,100.0,0,,0,0,0,0,0,log end,Eternal Reflection,9.0
20260930-135458,Aspect of the Spear,a1c,169.8,43.2,22.1,9.90,100.0,0.0,1,9.30,200,0,772,972,1,2,Ancora Strike,3.3
20260930-135458,Aspect of the Staff,a26,247.7,71.5,24.4,12.00,98.6,0.0,1,11.70,200,0,771,971,2,2,80311,1.3
20260930-135458,Aspect of the Spear,a2c,264.5,43.9,24.7,3.60,96.2,0.0,1,2.40,699,0,253,952,3,2,Ancora Strike,1.8
20260930-135458,Cosmic Bulwark,a3c,301.6,0.0,100.0,9.60,100.0,1.6,1,9.60,560,10,186,755,3,1,,
20260930-135458,Cosmic Bulwark,a3c,326.2,24.6,0.0,189.07,100.0,100.0,0,,0,0,0,0,0,log end,Worldpiercer,9.6
20260930-135458,Aspect of the Sword,a3d,382.0,80.4,25.1,14.70,100.0,0.0,1,13.50,100,0,892,992,1,2,Division Eternal,2.0
20260930-135458,Aspect of the Staff,a3e,418.9,116.5,25.3,9.90,100.0,0.0,1,9.90,260,0,856,1116,1,2,Ancora Strike,0.7
20260930-135458,Aspect of the Spear,a41,376.5,64.3,24.6,8.70,87.0,0.0,1,8.40,100,0,763,863,1,2,Cosmic Charge,0.4
20260930-140955,Vloxx,a71,160.6,,69.1,4.50,100.0,2.1,1,4.20,5705,0,383,6088,30,2,,
20260930-140955,Vloxx,a71,338.5,,39.1,14.40,100.0,0.0,1,13.20,5543,42,692,6277,29,2,Visions of Eternity,13.2
20260930-140955,Aspect of the Staff,a73,103.9,100.9,24.4,9.60,85.0,0.0,1,8.40,0,0,821,821,0,2,Ancora Strike,0.3
20260930-140955,Aspect of the Spear,a84,197.2,58.0,25.1,8.70,100.0,0.0,1,7.50,150,0,847,997,1,2,Ancora Strike,1.3
20260930-140955,Cosmic Piercer,a85,139.3,0.1,100.0,8.70,100.0,1.6,1,8.70,690,10,108,807,5,1,,
20260930-140955,Cosmic Piercer,a85,162.7,23.5,0.0,401.02,100.0,100.0,0,,0,0,0,0,0,log end,Eternal Reflection,9.1
20260930-140955,Aspect of the Staff,a8b,259.8,79.0,24.1,10.20,100.0,0.0,1,9.30,200,0,793,993,2,2,Ancora Strike,1.1
20260930-140955,Aspect of the Spear,a95,308.8,46.6,22.8,3.00,96.2,0.0,1,3.00,560,0,453,1013,3,2,Thousand Strikes,0.4
20260930-140955,Aspect of the Staff,a9d,433.7,120.9,23.6,4.50,86.2,0.0,1,4.20,150,0,694,844,1,2,Ancora Strike,4.4
20260930-140955,Cosmic Bulwark,aa3,319.5,0.1,100.0,9.00,100.0,0.0,1,9.00,263,0,420,683,2,1,,
20260930-140955,Cosmic Bulwark,aa3,343.5,24.1,0.0,220.22,100.0,100.0,0,,0,0,0,0,0,log end,Worldpiercer,10.0
20260930-140955,Aspect of the Sword,aa5,409.8,90.4,23.5,6.30,100.0,0.0,1,6.30,710,0,433,1143,4,2,Division Eternal,0.2
20260930-140955,Aspect of the Spear,aac,421.8,66.4,24.8,9.60,100.0,0.0,1,9.30,195,0,770,965,1,2,Cosmic Charge,1.6
20260930-142129,Vloxx,acb,157.2,,69.1,8.10,100.0,4.2,1,7.50,5170,0,1001,6171,28,2,,
20260930-142129,Aspect of the Staff,ad3,130.3,127.3,24.7,5.10,97.4,0.0,1,4.80,360,0,590,950,2,2,Ancora Strike,0.7
20260930-142129,Aspect of the Spear,ae0,198.2,65.8,24.8,55.02,98.6,8.0,0,,260,302,653,1215,1,log end,Thousand Strikes,0.3
20260930-142129,Cosmic Piercer,ae1,132.5,0.1,100.0,9.00,100.0,0.0,1,9.00,685,0,47,732,4,1,,
20260930-142129,Cosmic Piercer,ae1,156.5,24.1,0.0,96.72,100.0,100.0,0,,0,0,0,0,0,log end,Eternal Reflection,9.0
20260930-142522,Vloxx,af1,152.1,,69.0,8.70,100.0,2.7,1,7.50,5455,14,599,6068,30,2,,
20260930-142522,Aspect of the Staff,af6,154.5,151.5,24.0,3.90,73.4,0.0,1,3.60,525,0,173,698,4,2,Ancora Strike,0.6
20260930-142522,Cosmic Piercer,b05,131.0,0.1,100.0,6.90,100.0,1.6,1,6.60,460,10,105,575,2,1,,
20260930-142522,Cosmic Piercer,b05,152.9,22.0,0.0,50.95,100.0,100.0,0,,0,0,0,0,0,log end,Annihilating Orb,10.0
20260930-142522,Aspect of the Spear,b07,195.8,64.9,24.3,8.06,96.2,52.6,0,,0,0,437,437,0,log end,Cosmic Charge,3.0
20260930-143043,Vloxx,b15,153.0,,69.1,5.40,100.0,3.7,1,4.80,5670,24,327,6021,31,2,Visions of Eternity,14.8
20260930-143043,Aspect of the Staff,b1b,136.2,133.3,23.9,2.40,100.0,0.0,1,2.10,980,0,245,1225,5,2,Ancora Strike,1.9
20260930-143043,Cosmic Piercer,b2b,130.4,0.1,100.0,7.20,100.0,1.6,1,7.20,360,10,273,642,2,1,,
20260930-143043,Cosmic Piercer,b2b,152.6,22.3,0.0,141.29,100.0,100.0,0,,0,0,0,0,0,log end,Eternal Reflection,9.7
20260930-143043,Aspect of the Spear,b2c,194.0,63.7,27.3,99.89,100.0,8.6,0,,150,295,763,1208,1,log end,Thousand Strikes,2.1
20260930-143043,Aspect of the Staff,b38,271.8,86.7,24.2,14.70,100.0,0.0,1,14.40,0,0,975,975,0,2,Ancora Strike,2.2
20260930-144016,Vloxx,b43,171.0,,69.3,10.50,100.0,0.3,1,9.30,4843,0,1141,5984,28,2,,
20260930-144016,Vloxx,b43,396.6,,39.5,7.50,100.0,4.6,1,6.60,5345,0,659,6004,29,2,,
20260930-144016,Aspect of the Staff,b49,80.5,77.5,23.9,20.70,100.0,0.0,1,20.10,0,293,1284,1577,0,2,Eternal Reflection,2.3
20260930-144016,Cosmic Piercer,b5b,143.7,0.1,100.0,9.90,100.0,1.6,1,9.90,600,12,6,618,4,1,,
20260930-144016,Cosmic Piercer,b5b,168.6,25.0,0.0,369.40,100.0,100.0,0,,0,0,0,0,0,log end,Eternal Reflection,9.2
20260930-144016,Aspect of the Spear,b5c,183.6,40.0,22.3,354.40,100.0,2.8,1,4.50,560,302,412,1274,4,log end,Ancora Strike,1.8
20260930-144016,Aspect of the Staff,b60,283.1,112.9,24.8,6.90,100.0,0.0,1,6.90,260,0,763,1023,1,2,Ancora Strike,3.0
20260930-144016,Aspect of the Spear,b67,316.3,87.6,24.8,7.50,98.6,0.0,1,6.90,250,0,729,979,2,2,Ancora Strike,6.3
20260930-144016,Aspect of the Staff,b78,457.7,98.2,24.8,6.60,100.0,0.0,1,6.30,430,0,675,1105,3,2,Ancora Strike,3.0
20260930-144016,Cosmic Bulwark,b7b,362.7,0.1,100.0,8.70,100.0,0.0,1,8.70,660,0,118,778,3,1,,
20260930-144016,Cosmic Bulwark,b7b,386.4,23.8,0.0,151.60,100.0,100.0,0,,0,0,0,0,0,log end,Worldpiercer,9.9
20260930-144016,Aspect of the Sword,b7c,437.7,75.1,24.7,9.30,100.0,0.0,1,9.00,150,0,816,966,1,2,Ancora Strike,4.4
20260930-144016,Aspect of the Spear,b7d,419.4,54.4,25.8,13.20,100.0,0.0,1,13.20,0,0,973,973,0,2,Ancora Strike,3.6
20260930-144536,Vloxx,b97,151.0,,69.0,7.80,100.0,5.5,1,7.50,5315,0,759,6074,28,2,Visions of Eternity,11.4
20260930-144536,Aspect of the Staff,b9d,138.1,135.1,24.6,9.60,100.0,0.0,1,9.60,195,0,911,1106,1,2,Eternal Reflection,10.0
20260930-144536,Cosmic Piercer,bab,133.8,0.1,100.0,6.00,100.0,1.6,1,6.00,595,10,21,626,3,1,,
20260930-144536,Cosmic Piercer,bab,154.8,21.1,0.0,108.37,100.0,100.0,0,,0,0,0,0,0,log end,Annihilating Orb,9.9
20260930-144536,Aspect of the Spear,bad,183.9,50.2,24.9,7.50,100.0,0.0,1,6.90,150,0,839,989,1,2,Ancora Strike,3.5
20260930-145035,Vloxx,bc3,146.8,,68.8,6.00,99.8,3.1,1,5.70,5370,0,634,6004,30,2,Visions of Eternity,11.5
20260930-145035,Aspect of the Staff,bc5,91.6,88.6,24.5,7.80,100.0,0.0,1,7.20,150,0,832,982,1,2,Ancora Strike,3.9
20260930-145035,Aspect of the Spear,bd6,190.7,61.3,25.2,14.10,100.0,0.0,1,13.80,200,0,764,964,2,2,Thousand Strikes,0.1
20260930-145035,Cosmic Piercer,bd7,129.5,0.1,100.0,6.60,100.0,1.3,1,6.30,460,10,132,601,2,1,,
20260930-145035,Cosmic Piercer,bd7,151.1,21.7,0.0,90.87,100.0,100.0,0,,0,0,0,0,0,log end,Annihilating Orb,10.0
20260930-145735,Vloxx,be4,157.0,,69.1,4.20,97.3,4.4,1,3.90,5645,0,350,5995,30,2,,
20260930-145735,Vloxx,be4,330.4,,39.0,8.40,100.0,1.8,1,6.90,5535,0,551,6086,31,2,Visions of Eternity,12.0
20260930-145735,Aspect of the Staff,bea,96.4,93.4,23.6,9.60,100.0,0.0,1,9.00,0,0,998,998,0,2,Eternal Reflection,3.4
20260930-145735,Cosmic Piercer,bf8,128.5,0.0,100.0,8.40,100.0,0.0,1,8.40,560,0,58,618,3,1,,
20260930-145735,Cosmic Piercer,bf8,151.9,23.4,0.0,236.09,100.0,100.0,0,,0,0,0,0,0,log end,Eternal Reflection,9.0
20260930-145735,Aspect of the Spear,bf9,192.7,64.2,23.5,4.80,100.0,0.0,1,4.80,460,0,674,1134,3,2,Thousand Strikes,2.2
20260930-145735,Aspect of the Staff,c01,230.9,55.6,22.9,8.70,100.0,0.0,1,8.70,585,0,536,1121,3,2,Ancora Strike,3.2
20260930-145735,Aspect of the Spear,c0a,287.5,48.0,24.9,100.49,96.2,7.8,0,,100,302,791,1193,1,log end,Thousand Strikes,4.3
20260930-145735,Cosmic Bulwark,c1a,310.5,0.0,100.0,11.10,100.0,1.6,1,11.10,400,10,253,663,4,1,,
20260930-145735,Cosmic Bulwark,c1a,336.6,26.1,0.0,51.39,100.0,100.0,0,,0,0,0,0,0,log end,Worldpiercer,6.5
20260930-161109,Vloxx,9d3,157.0,,69.2,16.80,100.0,2.0,1,16.20,5080,78,1007,6165,28,2,,
20260930-161109,Aspect of the Staff,9e3,138.1,135.1,26.0,11.10,100.0,0.0,1,11.10,910,119,372,1401,3,2,Ancora Strike,8.5
20260930-161109,Cosmic Piercer,9ed,132.5,0.1,100.0,7.50,100.0,3.2,1,7.20,550,19,216,785,4,1,,
20260930-161109,Cosmic Piercer,9ed,154.7,22.3,7.5,65.51,100.0,35.0,0,,200,295,190,685,1,log end,Eternal Reflection,9.0
20260930-161109,Aspect of the Spear,9ee,204.8,72.4,24.3,12.90,96.7,0.0,1,12.00,100,0,848,948,1,2,Cosmic Charge,10.2
20260930-161736,Vloxx,a00,158.5,,68.9,9.00,100.0,0.3,1,8.10,5170,0,810,5980,27,2,Visions of Eternity,10.6
20260930-161736,Aspect of the Staff,a09,121.6,118.6,24.9,7.80,100.0,0.0,1,6.90,1190,0,157,1347,6,2,Ancora Strike,2.1
20260930-161736,Aspect of the Spear,a1f,200.4,60.4,24.4,7.80,100.0,0.0,1,6.60,300,0,697,997,2,2,Thousand Strikes,0.2
20260930-161736,Cosmic Piercer,a20,140.1,0.1,100.0,6.30,100.0,1.6,1,6.30,580,10,55,644,4,1,,
20260930-161736,Cosmic Piercer,a20,161.1,21.1,0.0,110.05,100.0,100.0,0,,0,0,0,0,0,log end,Annihilating Orb,9.9
20260930-162218,Vloxx,a3c,160.2,,69.0,13.20,100.0,0.8,1,12.30,4960,6,1098,6064,29,2,,
20260930-162218,Aspect of the Staff,a46,133.5,130.5,22.7,4.80,97.4,0.0,1,4.50,410,0,538,948,2,2,Ancora Strike,4.9
20260930-162218,Cosmic Piercer,a51,131.0,0.0,100.0,11.70,100.0,0.4,1,11.10,400,31,218,649,3,1,,
20260930-162218,Cosmic Piercer,a51,157.7,26.7,0.0,63.63,100.0,100.0,0,,0,0,0,0,0,log end,Eternal Reflection,9.8
20260930-162757,Vloxx,a63,155.2,,68.8,14.40,98.4,1.6,1,14.10,4600,2,1354,5957,28,2,Visions of Eternity,12.7
20260930-162757,Aspect of the Staff,a6b,103.6,100.6,23.7,20.10,100.0,0.0,1,19.80,300,162,857,1319,2,2,Ancora Strike,6.8
20260930-162757,Cosmic Piercer,a7a,136.7,0.1,100.0,6.60,100.0,0.0,1,6.60,560,0,47,607,3,1,,
20260930-162757,Cosmic Piercer,a7a,158.3,21.7,0.0,127.21,100.0,100.0,0,,0,0,0,0,0,log end,Annihilating Orb,9.5
20260930-162757,Aspect of the Spear,a7b,194.3,57.7,24.9,8.10,100.0,0.0,1,7.50,550,0,579,1129,4,2,Ancora Strike,4.0
20260930-163327,Vloxx,a8c,156.0,,68.9,10.20,100.0,1.2,1,9.00,5100,0,881,5981,30,2,,
20260930-163327,Aspect of the Staff,a95,157.2,154.2,24.6,19.50,98.7,0.0,1,19.20,0,0,963,963,0,2,Ancora Strike,9.2
20260930-163327,Cosmic Piercer,a9e,133.9,0.0,100.0,7.20,100.0,1.6,1,7.20,670,10,79,758,3,1,,
20260930-163327,Cosmic Piercer,a9e,156.1,22.2,0.0,68.71,100.0,100.0,0,,0,0,0,0,0,log end,Annihilating Orb,9.7
20260930-163327,Aspect of the Spear,aa0,175.0,41.1,23.0,8.70,96.2,0.0,1,7.50,100,0,859,959,1,2,Ancora Strike,2.8
20260930-163913,Vloxx,ab4,161.1,,69.0,14.10,100.0,0.4,1,11.70,5110,0,1084,6194,29,2,,
20260930-163913,Aspect of the Staff,abf,94.0,91.0,24.9,29.40,100.0,0.0,1,29.40,710,92,454,1256,4,2,Eternal Reflection,0.3
20260930-163913,Aspect of the Spear,aca,189.9,51.4,24.2,7.80,100.0,0.0,1,7.80,860,0,205,1065,4,2,Ancora Strike,7.8
20260930-163913,Cosmic Piercer,acb,138.6,0.1,100.0,7.20,100.0,0.0,1,7.20,610,0,106,716,3,1,,
20260930-163913,Cosmic Piercer,acb,161.1,22.6,0.0,76.61,100.0,100.0,0,,0,0,0,0,0,log end,Annihilating Orb,9.4
20260930-164624,Vloxx,adc,152.7,,69.0,16.80,99.9,0.3,1,15.30,4680,94,1389,6164,26,2,Visions of Eternity,13.7
20260930-164624,Aspect of the Staff,ae2,102.1,99.1,24.3,4.80,100.0,0.0,1,4.50,510,0,480,990,3,2,Ancora Strike,4.4
20260930-164624,Cosmic Piercer,aee,133.2,0.0,100.0,7.80,100.0,1.6,1,7.80,410,10,223,643,2,1,,
20260930-164624,Cosmic Piercer,aee,156.0,22.8,0.0,229.98,100.0,100.0,0,,0,0,0,0,0,log end,Eternal Reflection,9.1
20260930-164624,Aspect of the Spear,af0,186.6,53.4,24.3,13.50,100.0,0.0,1,12.90,150,0,844,994,1,2,Ancora Strike,9.1
20260930-164624,Aspect of the Staff,af4,261.0,112.0,25.4,18.90,100.0,0.0,1,18.60,710,184,465,1359,4,2,Ancora Strike,0.6
20260930-164624,Aspect of the Spear,b02,340.9,80.5,25.0,9.90,100.0,0.0,1,9.90,600,0,488,1088,3,2,Thousand Strikes,2.9
20260930-165517,Vloxx,b13,159.9,,68.8,15.00,100.0,1.5,1,14.10,4360,0,1647,6007,26,2,,
20260930-165517,Vloxx,b13,417.9,,39.6,25.50,100.0,1.5,1,24.00,4390,48,1828,6266,24,2,,
20260930-165517,Aspect of the Staff,b1e,156.6,153.7,23.8,7.20,100.0,0.0,1,7.20,690,0,439,1129,3,2,Eternal Reflection,0.2
20260930-165517,Cosmic Piercer,b25,132.1,0.1,100.0,7.80,100.0,1.6,1,7.50,400,10,177,587,2,1,,
20260930-165517,Cosmic Piercer,b25,154.9,22.9,6.5,346.29,100.0,100.0,0,,0,0,0,0,0,log end,Eternal Reflection,9.1
20260930-165517,Aspect of the Spear,b28,178.6,46.6,21.4,4.80,81.2,0.0,1,4.80,200,0,720,920,1,2,Ancora Strike,0.3
20260930-165517,Aspect of the Staff,b3a,349.2,143.8,24.6,4.80,97.5,0.0,1,4.80,350,0,605,955,2,2,Ancora Strike,3.1
20260930-165517,Aspect of the Spear,b3c,324.2,100.9,23.5,4.50,100.0,0.0,1,3.90,700,0,298,998,4,2,Ancora Strike,0.5
20260930-165517,Aspect of the Spear,b4c,455.6,82.5,23.8,13.80,96.7,0.0,1,13.50,300,0,641,941,2,2,Ancora Strike,0.3
20260930-165517,Cosmic Bulwark,b4e,389.3,0.3,100.0,7.80,100.0,0.0,1,7.80,590,0,105,695,3,1,,
20260930-165517,Cosmic Bulwark,b4e,412.1,23.1,0.0,89.09,100.0,100.0,0,,0,0,0,0,0,log end,Worldpiercer,7.5
20260930-165517,Aspect of the Sword,b50,456.2,67.2,24.9,27.90,100.0,0.0,1,27.90,360,206,958,1524,2,2,Excision Extremis,0.1
20260930-170422,Vloxx,b64,159.3,,69.1,6.00,100.0,1.9,1,5.70,5360,200,476,6036,30,2,,
20260930-170422,Vloxx,b64,399.0,,39.6,14.70,98.3,1.3,1,13.80,5050,12,954,6015,32,2,,
20260930-170422,Aspect of the Staff,b70,108.9,105.9,25.0,9.60,100.0,0.0,1,9.30,710,58,485,1252,4,2,80311,1.9
20260930-170422,Cosmic Piercer,b9c,134.1,0.0,100.0,9.00,100.0,1.6,1,8.70,410,10,170,589,2,1,,
20260930-170422,Cosmic Piercer,b9c,157.8,23.7,0.0,287.24,100.0,100.0,0,,0,0,0,0,0,log end,Eternal Reflection,9.1
20260930-170422,Aspect of the Spear,b9e,203.7,69.6,24.5,14.40,98.6,0.0,1,14.40,300,22,698,1019,2,2,Ancora Strike,3.6
20260930-170422,Aspect of the Staff,bb0,319.4,125.2,24.9,6.00,100.0,0.0,1,5.40,150,0,805,955,1,2,Eternal Reflection,0.6
20260930-170422,Aspect of the Spear,bc7,327.1,51.7,25.0,11.10,100.0,0.0,1,10.20,100,0,898,998,1,2,Ancora Strike,5.6
20260930-170422,Cosmic Bulwark,be3,345.2,0.1,100.0,27.30,100.0,1.6,1,27.30,690,35,11,736,4,1,,
20260930-170422,Cosmic Bulwark,be3,387.5,42.4,28.4,10.50,100.0,0.5,1,9.60,400,71,257,728,2,1,Cosmic Charge,3.6
20260930-170947,Vloxx,bf6,157.3,,68.9,10.20,100.0,0.3,1,9.00,5000,407,588,5995,30,2,Visions of Eternity,14.7
20260930-170947,Aspect of the Staff,bfd,66.7,63.7,25.0,9.60,100.0,0.0,1,9.60,0,200,954,1154,0,2,Ancora Strike,1.9
20260930-170947,Cosmic Piercer,c2b,136.7,0.0,100.0,8.10,100.0,0.0,1,8.10,710,0,93,803,4,1,,
20260930-170947,Cosmic Piercer,c2b,159.8,23.1,0.0,63.58,100.0,100.0,0,,0,0,0,0,0,log end,Annihilating Orb,9.6
20260930-170947,Aspect of the Spear,c2d,217.7,81.0,24.8,5.67,100.0,99.4,0,,0,7,7,14,0,log end,Thousand Strikes,3.7
20260930-175523,Vloxx,8c8,157.0,,69.1,8.10,100.0,3.5,1,7.50,5465,18,641,6124,30,2,Visions of Eternity,10.3
20260930-175523,Aspect of the Staff,8cc,75.1,72.1,23.8,3.00,69.0,0.0,1,3.00,150,0,551,701,1,2,80311,0.9
20260930-175523,Cosmic Piercer,900,140.9,0.1,100.0,5.70,100.0,0.0,1,5.70,610,0,1,611,3,1,,
20260930-175523,Cosmic Piercer,900,161.6,20.8,0.0,230.77,100.0,100.0,0,,0,0,0,0,0,log end,Annihilating Orb,9.5
20260930-175523,Aspect of the Spear,901,222.5,81.7,24.5,3.30,96.7,0.0,1,3.00,510,200,253,963,2,2,Thousand Strikes,3.5
20260930-175523,Aspect of the Staff,902,240.6,97.2,24.9,4.20,100.0,0.0,1,4.20,520,0,443,963,2,2,Eternal Reflection,8.3
20260930-175523,Aspect of the Spear,931,370.6,90.4,24.7,8.40,100.0,0.0,1,8.40,585,0,473,1058,3,2,Ancora Strike,5.9
20260930-180129,Vloxx,948,157.0,,69.5,8.70,100.0,5.3,1,8.40,4887,612,533,6032,26,2,,
20260930-180129,Aspect of the Staff,94d,133.3,130.3,24.9,3.60,100.0,0.0,1,3.30,655,0,337,992,3,2,Ancora Strike,3.9
20260930-180129,Cosmic Piercer,977,133.2,0.1,100.0,9.90,100.0,1.6,1,9.60,490,10,93,592,3,1,,
20260930-180129,Cosmic Piercer,977,158.1,25.0,0.0,158.35,100.0,100.0,0,,0,0,0,0,0,log end,80547,10.0
20260930-180129,Aspect of the Spear,979,190.2,57.1,24.9,2.70,100.0,0.0,1,2.70,300,200,449,949,3,2,Ancora Strike,4.1
20260930-180129,Aspect of the Staff,994,272.2,81.9,24.0,5.70,100.0,0.0,1,5.70,780,0,270,1050,3,2,Ancora Strike,4.8
20260930-180129,Aspect of the Spear,9a3,279.4,42.1,24.3,12.00,100.0,0.0,1,12.00,550,0,546,1096,4,2,Thousand Strikes,0.6
20260930-180617,Vloxx,9bf,161.1,,69.2,7.50,99.8,1.0,1,6.90,4535,600,921,6056,26,2,Visions of Eternity,14.6
20260930-180617,Aspect of the Staff,9c3,122.4,119.5,26.1,7.20,100.0,0.0,1,7.20,520,0,588,1108,2,2,Ancora Strike,5.5
20260930-180617,Cosmic Piercer,9f5,138.7,0.1,100.0,7.20,100.0,0.0,1,7.20,600,0,168,768,3,1,,
20260930-180617,Cosmic Piercer,9f5,160.9,22.3,0.0,88.95,100.0,100.0,0,,0,0,0,0,0,log end,Annihilating Orb,10.2
20260930-180617,Aspect of the Spear,9f7,175.9,37.3,23.5,4.20,100.0,0.0,1,4.20,450,0,548,998,3,2,Ancora Strike,0.2
20260930-181021,Vloxx,a21,157.9,,69.4,8.40,100.0,2.8,1,8.10,4670,600,713,5983,27,2,Visions of Eternity,10.4
20260930-181021,Aspect of the Staff,a25,111.7,108.7,24.9,3.90,100.0,0.0,1,3.90,670,0,497,1167,3,2,80311,2.0
20260930-181021,Cosmic Piercer,a57,141.7,0.1,100.0,7.80,100.0,1.6,1,7.80,660,60,19,739,3,1,,
20260930-181021,Cosmic Piercer,a57,164.5,22.9,0.0,28.35,100.0,100.0,0,,0,0,0,0,0,log end,Annihilating Orb,10.1
20260930-181643,Vloxx,a65,159.9,,69.3,6.30,100.0,3.6,1,6.00,4834,600,601,6035,28,2,Visions of Eternity,12.1
20260930-181643,Aspect of the Staff,a6b,105.9,102.9,24.9,30.00,100.0,0.0,1,29.40,0,138,1119,1257,0,2,Ancora Strike,7.1
20260930-181643,Cosmic Piercer,a99,142.2,0.3,100.0,8.10,100.0,1.6,1,7.50,300,238,99,637,2,1,,
20260930-181643,Cosmic Piercer,a99,165.3,23.4,0.0,123.13,100.0,100.0,0,,0,0,0,0,0,log end,Eternal Reflection,9.3
20260930-181643,Aspect of the Spear,a9b,206.4,64.5,23.8,5.10,100.0,0.0,1,4.20,432,0,566,998,2,2,Thousand Strikes,2.0
20260930-182315,Vloxx,acb,174.4,,69.5,5.70,100.0,1.9,1,5.40,5562,6,631,6199,30,2,,
20260930-182315,Aspect of the Staff,ad0,130.3,127.3,24.7,6.60,100.0,0.0,1,6.00,260,0,721,981,1,2,Ancora Strike,2.0
20260930-182315,Cosmic Piercer,b01,151.5,0.1,100.0,7.20,100.0,1.6,1,7.20,724,10,47,780,3,1,,
20260930-182315,Cosmic Piercer,b01,173.7,22.3,0.0,97.56,100.0,100.0,0,,0,0,0,0,0,log end,Eternal Reflection,9.3
20260930-182315,Aspect of the Spear,b03,219.3,67.9,24.3,3.60,69.0,0.0,1,3.00,0,200,483,683,0,2,Ancora Strike,3.9
20260930-183207,Vloxx,b54,163.2,,69.3,6.60,100.0,2.3,1,6.30,5477,0,553,6030,29,2,Visions of Eternity,14.2
20260930-183207,Aspect of the Staff,b59,97.2,94.2,24.7,223.17,100.0,12.1,0,,200,302,678,1181,2,log end,Ancora Strike,1.4
20260930-183207,Aspect of the Spear,b69,199.1,58.0,24.7,7.50,100.0,0.0,1,6.90,250,0,741,991,2,2,Cosmic Charge,2.9
20260930-183207,Cosmic Piercer,b6a,141.2,0.1,100.0,7.50,100.0,0.0,1,7.50,560,0,48,608,3,1,,
20260930-183207,Cosmic Piercer,b6a,164.0,22.9,0.0,156.37,100.0,100.0,0,,0,0,0,0,0,log end,Eternal Reflection,8.0
20260930-183207,Aspect of the Staff,b6c,226.0,82.5,23.2,5.40,100.0,0.0,1,4.50,590,0,400,990,4,2,Ancora Strike,2.4
20260930-183207,Aspect of the Spear,b80,313.3,61.3,24.5,7.07,98.7,86.0,0,,0,0,128,128,0,log end,Thousand Strikes,0.3
20260930-183742,Vloxx,b87,162.9,,69.2,9.30,100.0,0.6,1,8.40,4925,18,1185,6128,25,2,,
20260930-183742,Aspect of the Staff,b8c,119.2,116.2,25.0,4.20,100.0,0.0,1,4.20,820,0,235,1055,4,2,Ancora Strike,1.8
20260930-183742,Cosmic Piercer,b9e,140.9,0.0,100.0,9.30,100.0,0.3,1,8.40,460,10,138,608,3,1,,
20260930-183742,Cosmic Piercer,b9e,164.9,24.0,0.0,68.92,100.0,100.0,0,,0,0,0,0,0,log end,Eternal Reflection,9.0
20260930-183742,Aspect of the Spear,b9f,183.8,42.9,26.5,10.80,100.0,0.0,1,9.90,250,0,744,994,1,2,Thousand Strikes,0.3
20260930-184348,Vloxx,baf,153.1,,68.8,10.80,100.0,2.2,1,10.20,5319,8,780,6106,30,2,Visions of Eternity,9.2
20260930-184348,Aspect of the Staff,bb4,76.3,73.3,23.4,4.50,96.2,0.0,1,3.60,360,0,596,956,2,2,Ancora Strike,2.3
20260930-184348,Aspect of the Staff,bc3,173.2,50.2,24.9,15.60,100.0,0.0,1,14.70,0,0,993,993,0,2,Ancora Strike,4.1
20260930-184348,Cosmic Piercer,bc6,136.1,0.1,100.0,6.30,100.0,0.0,1,6.30,580,0,130,710,3,1,,
20260930-184348,Cosmic Piercer,bc6,157.7,21.7,0.0,178.50,100.0,100.0,0,,0,0,0,0,0,log end,Annihilating Orb,10.2
20260930-184348,Aspect of the Spear,bc8,184.1,48.1,24.5,9.30,98.6,0.0,1,8.70,400,0,574,974,2,2,Thousand Strikes,3.8
20260930-184348,Aspect of the Staff,bda,318.3,83.5,24.9,17.90,100.0,73.6,0,,0,185,264,449,0,log end,Ancora Strike,2.2
20260930-184348,Aspect of the Spear,bdc,309.8,64.0,24.3,12.00,100.0,0.0,1,10.80,450,0,548,998,3,2,Ancora Strike,3.5
20260930-191231,Vloxx,d2d,138.7,,68.9,12.60,100.0,1.1,1,12.30,4915,20,1280,6215,26,2,Visions of Eternity,7.0
20260930-191231,Vloxx,d2d,356.2,,39.3,24.00,100.0,0.2,1,23.10,3835,97,2347,6279,22,2,,
20260930-191231,Aspect of the Staff,d38,100.3,97.3,24.7,7.50,100.0,0.0,1,7.20,260,4,722,986,1,2,Ancora Strike,3.0
20260930-191231,Cosmic Piercer,d46,123.8,0.1,100.0,6.60,100.0,1.6,1,6.60,460,10,170,639,2,1,,
20260930-191231,Cosmic Piercer,d46,145.4,21.7,0.0,262.44,100.0,100.0,0,,0,0,0,0,0,log end,Annihilating Orb,9.3
20260930-191231,Aspect of the Spear,d47,164.0,40.3,24.9,12.90,100.0,0.0,1,12.90,410,7,565,982,2,2,Ancora Strike,6.1
20260930-191231,Aspect of the Staff,d53,280.6,106.5,24.6,12.00,98.6,0.0,1,11.40,130,0,835,965,1,2,80311,2.3
20260930-191231,Aspect of the Spear,d5e,283.0,63.7,23.5,10.80,100.0,0.0,1,10.20,230,0,756,986,2,2,Ancora Strike,1.9
20260930-191231,Cosmic Bulwark,d73,330.0,0.1,100.0,15.90,100.0,1.6,1,15.90,590,53,196,839,3,1,,
20260930-191231,Cosmic Bulwark,d73,360.9,31.0,0.0,46.94,100.0,100.0,0,,0,0,0,0,0,log end,Worldpiercer,10.1
20260930-191231,Aspect of the Sword,d74,387.3,57.4,23.4,5.10,100.0,0.0,1,5.10,560,0,482,1042,4,2,Ancora Strike,2.3
20260930-191231,Aspect of the Spear,d75,385.8,52.0,21.7,22.04,95.0,16.5,0,,100,295,685,1080,1,log end,Ancora Strike,3.1
20260930-192340,Vloxx,d8d,137.7,,68.9,8.70,100.0,3.1,1,7.80,5025,0,1110,6135,27,2,Visions of Eternity,8.6
20260930-192340,Vloxx,d8d,306.9,,39.4,7.20,99.7,2.3,1,6.30,5375,6,638,6019,27,2,,
20260930-192340,Aspect of the Staff,d91,69.6,66.6,24.8,5.10,100.0,0.0,1,5.10,400,0,580,980,2,2,Ancora Strike,1.6
20260930-192340,Aspect of the Spear,da4,171.5,49.8,24.8,6.60,100.0,0.0,1,6.00,350,0,637,987,3,2,Ancora Strike,3.8
20260930-192340,Cosmic Piercer,da5,122.0,0.3,100.0,6.30,100.0,1.6,1,6.30,600,10,128,738,4,1,,
20260930-192340,Cosmic Piercer,da5,143.0,21.3,0.0,313.25,100.0,100.0,0,,0,0,0,0,0,log end,Annihilating Orb,9.6
20260930-192340,Aspect of the Staff,da7,198.7,57.3,24.4,3.60,90.0,0.0,1,3.00,610,0,275,885,3,2,Eternal Reflection,0.7
20260930-192340,Aspect of the Spear,db9,267.6,48.0,24.7,6.30,100.0,0.0,1,5.70,750,0,316,1066,5,2,Thousand Strikes,6.7
20260930-192340,Aspect of the Staff,dc0,348.1,104.5,24.2,7.50,100.0,0.0,1,6.90,0,0,979,979,0,2,80311,2.2
20260930-192340,Cosmic Bulwark,dc9,280.8,0.1,100.0,9.00,100.0,1.6,1,9.00,400,10,204,614,3,1,,
20260930-192340,Cosmic Bulwark,dc9,304.8,24.1,0.0,151.45,100.0,100.0,0,,0,0,0,0,0,log end,Worldpiercer,7.4
20260930-192340,Aspect of the Sword,dca,323.1,42.4,24.6,7.20,100.0,0.0,1,6.00,400,0,595,995,3,2,Division Eternal,0.1
20260930-192340,Aspect of the Spear,dce,373.4,55.9,24.3,82.85,98.6,9.8,0,,0,302,888,1190,0,log end,Ancora Strike,1.8
20260930-193130,Vloxx,de8,137.4,,69.2,13.80,100.0,2.9,1,13.50,4550,6,1478,6034,25,2,Visions of Eternity,12.3
20260930-193130,Vloxx,de8,301.5,,39.2,10.50,99.8,1.5,1,8.40,4445,0,1680,6125,23,2,,
20260930-193130,Aspect of the Staff,deb,122.2,119.2,24.0,3.30,80.0,0.0,1,3.30,885,40,61,986,4,2,Ancora Strike,0.2
20260930-193130,Aspect of the Spear,dfa,162.8,43.6,23.2,9.00,99.9,0.0,1,8.70,200,0,779,979,1,2,Thousand Strikes,1.9
20260930-193130,Cosmic Piercer,dfb,119.3,0.1,100.0,7.20,100.0,0.0,1,7.20,810,40,0,850,4,1,,
20260930-193130,Cosmic Piercer,dfb,141.5,22.3,0.0,236.08,100.0,100.0,0,,0,0,0,0,0,log end,Annihilating Orb,9.6
20260930-193130,Aspect of the Staff,e0f,243.4,37.3,22.3,5.10,100.0,0.0,1,5.10,460,0,662,1122,2,2,Ancora Strike,0.9
20260930-193130,Aspect of the Spear,e10,255.7,42.1,24.5,5.70,100.0,0.0,1,5.70,460,0,666,1126,2,2,Ancora Strike,0.8
20260930-193130,Cosmic Bulwark,e1d,277.0,0.1,100.0,8.40,100.0,1.6,1,8.40,730,10,6,745,4,1,,
20260930-193130,Cosmic Bulwark,e1d,300.4,23.5,0.0,77.18,100.0,100.0,0,,0,0,0,0,0,log end,Raging Storm,9.8
20260930-193130,Aspect of the Sword,e20,328.0,51.1,24.8,2.70,97.4,0.0,1,2.70,580,0,441,1021,4,2,Ancora Strike,3.0
20260930-193130,Aspect of the Spear,e25,362.0,57.4,24.1,15.58,98.6,14.0,0,,410,62,435,907,2,log end,Ancora Strike,6.0
20260930-193906,Vloxx,e36,136.6,,69.2,8.40,100.0,0.0,1,6.60,4600,0,1398,5998,25,2,Visions of Eternity,9.8
20260930-193906,Vloxx,e36,315.4,,39.2,13.50,100.0,0.6,1,12.30,4490,0,1440,5930,25,2,,
20260930-193906,Aspect of the Staff,e3b,125.5,122.5,24.6,3.00,100.0,0.0,1,3.00,975,0,191,1166,5,2,Ancora Strike,1.1
20260930-193906,Cosmic Piercer,e47,119.3,0.3,100.0,7.20,100.0,0.0,1,7.20,560,0,78,638,2,1,,
20260930-193906,Cosmic Piercer,e47,141.5,22.5,0.0,279.17,100.0,100.0,0,,0,0,0,0,0,log end,Annihilating Orb,9.9
20260930-193906,Aspect of the Spear,e49,172.1,53.1,25.7,5.10,100.0,0.0,1,5.10,410,0,794,1204,2,2,Ancora Strike,1.3
20260930-193906,Aspect of the Staff,e5d,283.4,85.0,24.1,3.00,100.0,0.0,1,2.70,715,0,275,990,4,2,Ancora Strike,4.8
20260930-193906,Aspect of the Spear,e5f,269.2,47.8,24.2,5.70,100.0,0.0,1,5.40,700,0,370,1070,5,2,Ancora Strike,2.0
20260930-193906,Cosmic Bulwark,e6e,289.3,0.1,100.0,14.10,100.0,1.6,1,11.10,760,10,22,791,4,1,,
20260930-193906,Cosmic Bulwark,e6e,318.4,29.2,0.0,102.27,100.0,100.0,0,,0,0,0,0,0,log end,Worldpiercer,9.9
20260930-193906,Aspect of the Sword,e70,331.9,42.7,22.2,88.77,100.0,5.4,1,6.90,350,295,595,1240,2,log end,Division Eternal,0.7
20260930-193906,Aspect of the Spear,e73,374.4,59.4,24.7,13.80,98.6,0.0,1,13.20,500,0,672,1172,3,2,Cosmic Charge,2.6
20260930-193906,Aspect of the Staff,e76,416.5,82.3,24.9,4.17,100.0,100.0,0,,0,0,0,0,0,log end,Ancora Strike,5.9
20260930-194816,Vloxx,e87,138.0,,68.9,12.00,100.0,4.9,1,11.40,4920,5,1051,5976,26,2,Visions of Eternity,8.7
20260930-194816,Vloxx,e87,301.8,,39.2,14.40,100.0,0.5,1,12.00,5140,77,906,6123,27,2,,
20260930-194816,Aspect of the Staff,e8b,101.4,98.5,25.1,6.00,98.6,0.0,1,5.40,400,0,574,974,2,2,Ancora Strike,4.9
20260930-194816,Aspect of the Spear,e9c,155.0,33.4,21.9,5.40,100.0,0.0,1,4.80,495,0,484,979,3,2,Ancora Strike,3.1
20260930-194816,Cosmic Piercer,e9d,121.7,0.1,100.0,7.20,100.0,0.0,1,7.20,660,0,79,739,3,1,,
20260930-194816,Cosmic Piercer,e9d,143.9,22.3,0.0,296.29,100.0,100.0,0,,0,0,0,0,0,log end,Annihilating Orb,9.6
20260930-194816,Aspect of the Staff,ea4,230.3,80.8,24.7,12.30,100.0,0.0,1,12.30,300,12,854,1166,2,2,Ancora Strike,1.2
20260930-194816,Aspect of the Spear,eb2,239.5,37.6,27.2,9.30,100.0,0.0,1,9.30,150,0,916,1066,1,2,Ancora Strike,2.2
20260930-194816,Cosmic Bulwark,ec2,280.5,0.1,100.0,7.20,100.0,1.6,1,7.20,830,10,59,898,5,1,,
20260930-194816,Cosmic Bulwark,ec2,302.7,22.3,0.0,137.49,100.0,100.0,0,,0,0,0,0,0,log end,Cosmic Charge,10.0
20260930-194816,Aspect of the Sword,ec4,319.2,38.8,26.6,5.40,100.0,0.0,1,4.80,400,0,595,995,3,2,Excision Extremis,2.4
20260930-194816,Aspect of the Staff,ec6,330.1,40.9,24.5,13.80,74.0,0.0,1,13.20,100,0,625,725,1,2,Eternal Reflection,0.8
20260930-194816,Aspect of the Spear,ec7,339.2,47.7,24.9,27.60,100.0,0.0,1,27.30,200,64,1006,1270,1,2,Ancora Strike,2.0
20260930-194816,Aspect of the Sword,eda,429.2,60.1,24.9,10.99,100.0,44.3,0,,0,108,556,664,0,log end,Division Eternal,1.9
20260930-195751,Vloxx,ee4,137.7,,69.0,8.40,100.0,4.3,1,7.50,4870,0,1265,6135,25,2,Visions of Eternity,9.1
20260930-195751,Vloxx,ee4,293.4,,39.2,14.70,100.0,3.6,1,13.80,4135,0,1886,6021,22,2,Visions of Eternity,13.4
20260930-195751,Aspect of the Staff,ee9,125.7,122.7,25.1,2.70,100.0,0.0,1,2.70,780,0,259,1039,4,2,Ancora Strike,1.2
20260930-195751,Aspect of the Spear,ef8,161.5,39.4,24.9,9.60,100.0,0.0,1,9.30,150,2,840,993,1,2,Ancora Strike,7.6
20260930-195751,Cosmic Piercer,ef9,122.2,0.1,100.0,7.50,100.0,3.2,1,7.50,350,19,379,748,2,1,,
20260930-195751,Cosmic Piercer,ef9,144.4,22.3,0.0,353.51,100.0,100.0,0,,0,0,0,0,0,log end,Annihilating Orb,9.9
20260930-195751,Aspect of the Staff,f0a,296.9,118.3,24.8,2.40,100.0,0.0,1,2.40,585,0,449,1034,3,2,Ancora Strike,6.6
20260930-195751,Aspect of the Spear,f0f,251.6,34.9,28.6,3.60,100.0,0.0,1,3.60,850,0,195,1045,4,2,Ancora Strike,1.0
20260930-195751,Cosmic Bulwark,f19,272.2,0.1,100.0,9.90,100.0,1.6,1,9.60,810,35,56,901,4,1,,
20260930-195751,Cosmic Bulwark,f19,297.1,25.0,0.0,200.81,100.0,100.0,0,,0,0,0,0,0,log end,Worldpiercer,7.1
20260930-195751,Aspect of the Sword,f1b,319.9,47.8,24.4,4.80,96.2,0.0,1,4.20,130,0,814,944,1,2,Division Eternal,2.4
20260930-195751,Aspect of the Spear,f1f,351.2,54.6,23.1,5.10,100.0,0.0,1,5.10,260,0,796,1056,1,2,Ancora Strike,0.5
20260930-195751,Aspect of the Staff,f2e,466.9,119.1,24.6,22.80,100.0,0.0,1,20.10,100,50,941,1092,1,2,Ancora Strike,3.5
20260930-195751,Aspect of the Spear,f39,452.0,43.0,26.0,4.50,100.0,0.0,1,3.90,560,0,428,988,3,2,Ancora Strike,1.7
20260930-200445,Vloxx,f4a,138.1,,69.0,6.90,100.0,1.3,1,6.60,4935,0,1197,6132,25,2,Visions of Eternity,9.9
20260930-200445,Aspect of the Staff,f50,85.3,82.3,24.0,9.90,99.1,0.0,1,9.90,650,58,380,1087,3,2,Eternal Reflection,7.6
20260930-200445,Cosmic Piercer,f5f,120.2,0.1,100.0,6.60,100.0,1.6,1,6.60,660,10,163,833,3,1,,
20260930-200445,Cosmic Piercer,f5f,141.8,21.7,0.0,26.00,100.0,100.0,0,,0,0,0,0,0,log end,Annihilating Orb,10.0
20260930-200445,Aspect of the Spear,f60,155.9,35.8,22.9,11.90,100.0,25.5,0,,0,0,764,764,0,log end,Ancora Strike,1.0
20260930-201108,Vloxx,f6d,135.7,,69.1,8.10,99.9,3.0,1,7.50,4940,0,1069,6009,26,2,Visions of Eternity,8.9
20260930-201108,Vloxx,f6d,300.7,,39.0,13.20,100.0,0.3,1,11.40,4715,23,1291,6029,26,2,,
20260930-201108,Aspect of the Staff,f72,79.3,76.3,24.0,11.70,100.0,0.0,1,11.40,0,0,978,978,0,2,Eternal Reflection,1.8
20260930-201108,Cosmic Piercer,f83,121.0,0.1,100.0,5.70,100.0,1.6,1,5.70,650,10,27,687,4,1,,
20260930-201108,Cosmic Piercer,f83,141.7,20.8,0.0,221.07,100.0,100.0,0,,0,0,0,0,0,log end,Annihilating Orb,9.7
20260930-201108,Aspect of the Spear,f84,172.0,51.1,24.6,4.20,100.0,0.0,1,3.90,150,0,808,958,1,2,Ancora Strike,4.2
20260930-201108,Aspect of the Staff,f88,198.7,67.6,24.9,3.60,100.0,0.0,1,3.60,550,0,624,1174,3,2,Ancora Strike,6.5
20260930-201108,Aspect of the Spear,f99,272.3,53.5,25.0,7.20,100.0,0.0,1,7.20,260,0,861,1121,1,2,Ancora Strike,6.1
20260930-201108,Aspect of the Staff,f9d,317.1,71.8,23.8,7.80,100.0,0.0,1,7.80,0,0,969,969,0,2,Ancora Strike,1.0
20260930-201108,Cosmic Bulwark,fa2,272.0,0.1,100.0,13.20,100.0,0.0,1,12.00,800,26,4,830,5,1,,
20260930-201108,Cosmic Bulwark,fa2,300.5,28.6,0.0,62.27,100.0,100.0,0,,0,0,0,0,0,log end,Smash,4.0
20260930-201108,Aspect of the Sword,fa4,332.3,60.4,25.8,30.47,100.0,46.0,0,,300,263,503,1065,2,log end,Division Eternal,0.9
20260930-203200,Vloxx,fb6,143.5,,69.0,9.30,100.0,0.1,1,8.10,5190,0,806,5996,26,2,Visions of Eternity,12.8
20260930-203200,Vloxx,fb6,315.4,,39.3,12.30,100.0,5.8,1,12.00,5255,8,905,6168,28,2,,
20260930-203200,Aspect of the Staff,fbd,124.3,121.3,24.6,3.90,100.0,0.0,1,3.90,660,0,353,1013,3,2,Ancora Strike,4.2
20260930-203200,Cosmic Piercer,fcb,124.3,0.1,100.0,8.40,100.0,0.8,1,8.10,250,10,345,604,2,1,,
20260930-203200,Cosmic Piercer,fcb,147.7,23.5,0.0,332.69,100.0,100.0,0,,0,0,0,0,0,log end,Eternal Reflection,9.4
20260930-203200,Aspect of the Spear,fcc,178.6,54.4,24.2,2.70,93.8,0.0,1,2.40,300,0,619,919,2,2,Ancora Strike,6.7
20260930-203200,Aspect of the Staff,fe0,272.4,84.3,24.7,12.00,100.0,0.0,1,11.70,0,0,981,981,0,2,Ancora Strike,4.8
20260930-203200,Aspect of the Spear,fe1,323.0,99.4,24.9,4.20,100.0,0.0,1,3.60,770,0,365,1135,5,2,Ancora Strike,3.6
20260930-203200,Cosmic Bulwark,fe9,291.3,0.1,100.0,8.70,100.0,1.6,1,8.70,550,10,73,633,4,1,,
20260930-203200,Cosmic Bulwark,fe9,315.0,23.8,0.0,165.39,100.0,100.0,0,,0,0,0,0,0,log end,Worldpiercer,10.0
20260930-203200,Aspect of the Sword,fea,334.5,43.3,27.0,6.30,100.0,0.0,1,6.30,560,0,432,992,3,2,Division Eternal,0.9
20260930-203200,Aspect of the Spear,ffe,466.6,92.8,24.8,13.79,100.0,63.5,0,,100,89,265,453,1,log end,Ancora Strike,3.7
20260930-203200,Aspect of the Sword,1001,464.2,80.8,24.9,16.19,100.0,0.1,1,7.20,460,94,537,1091,3,log end,Ancora Strike,0.4
20260930-203600,Vloxx,100c,140.4,,69.0,9.00,100.0,1.5,1,7.80,5200,6,936,6142,27,2,Visions of Eternity,10.1
20260930-203600,Aspect of the Staff,1010,76.2,73.2,23.9,7.50,100.0,0.0,1,7.50,260,0,767,1027,1,2,80311,0.3
20260930-203600,Cosmic Piercer,1021,124.5,0.1,100.0,6.90,100.0,1.6,1,6.90,610,28,86,724,3,1,,
20260930-203600,Cosmic Piercer,1021,146.4,22.0,0.0,24.34,100.0,100.0,0,,0,0,0,0,0,log end,Annihilating Orb,10.0
20260930-203947,Vloxx,102d,145.6,,69.0,9.60,100.0,5.3,1,9.30,4580,0,1448,6028,24,2,,
20260930-203947,Aspect of the Staff,1031,130.9,127.9,24.9,3.90,100.0,0.0,1,3.90,780,0,338,1118,4,2,Eternal Reflection,1.7
20260930-203947,Cosmic Piercer,1040,118.7,0.1,100.0,8.10,100.0,1.6,1,8.10,600,10,151,760,4,1,,
20260930-203947,Cosmic Piercer,1040,141.5,22.9,0.0,33.34,100.0,100.0,0,,0,0,0,0,0,log end,Eternal Reflection,9.4
20260930-203947,Aspect of the Spear,1041,165.2,46.6,21.6,7.50,100.0,0.0,1,6.90,200,0,777,977,1,2,Thousand Strikes,1.8
20260930-204517,Vloxx,104e,143.1,,69.2,7.80,98.3,1.8,1,7.50,5000,0,989,5989,26,2,Visions of Eternity,14.5
20260930-204517,Aspect of the Staff,1052,105.7,102.7,24.3,8.40,100.0,0.0,1,7.50,300,0,684,984,2,2,Ancora Strike,2.1
20260930-204517,Aspect of the Spear,1065,159.3,37.3,22.3,8.40,100.0,0.0,1,7.50,450,0,538,988,3,2,Ancora Strike,3.1
20260930-204517,Cosmic Piercer,1066,122.1,0.1,100.0,5.40,100.0,1.6,1,5.40,660,10,108,778,3,1,,
20260930-204517,Cosmic Piercer,1066,142.2,20.2,0.0,142.52,100.0,100.0,0,,0,0,0,0,0,log end,Annihilating Orb,9.6
20260930-204517,Aspect of the Staff,106d,256.9,89.5,24.6,8.40,98.2,0.0,1,8.10,260,0,965,1225,1,2,Eternal Reflection,0.3
20260930-204517,Aspect of the Spear,1077,254.8,43.6,24.9,3.30,100.0,0.0,1,3.00,610,0,361,971,3,2,Thousand Strikes,1.6
20260930-205557,Vloxx,1098,145.8,,69.0,7.50,100.0,3.7,1,6.60,5160,0,814,5974,27,2,Visions of Eternity,13.9
20260930-205557,Vloxx,1098,300.9,,39.0,9.30,100.0,3.3,1,9.00,5065,0,1079,6144,27,2,,
20260930-205557,Aspect of the Staff,109e,57.0,54.0,24.6,11.40,100.0,0.0,1,10.20,620,22,622,1264,3,2,Ancora Strike,5.3
20260930-205557,Aspect of the Spear,10ae,159.2,35.1,24.8,4.50,90.0,0.0,1,4.20,300,0,584,884,2,2,Ancora Strike,5.5
20260930-205557,Cosmic Piercer,10af,124.1,0.0,100.0,8.10,100.0,1.6,1,8.10,700,30,14,744,4,1,,
20260930-205557,Cosmic Piercer,10af,146.9,22.8,0.0,216.79,100.0,100.0,0,,0,0,0,0,0,log end,Annihilating Orb,9.7
20260930-205557,Aspect of the Staff,10b1,209.7,79.9,24.2,11.10,100.0,0.0,1,10.20,0,0,986,986,0,2,Eternal Reflection,6.0
20260930-205557,Aspect of the Spear,10c2,250.9,44.5,24.7,5.10,100.0,0.0,1,4.80,260,0,710,970,1,2,Ancora Strike,0.3
20260930-205557,Cosmic Bulwark,10d2,277.7,0.0,100.0,8.10,100.0,0.0,1,8.10,330,10,328,667,2,1,,
20260930-205557,Cosmic Bulwark,10d2,300.8,23.1,0.0,62.89,100.0,100.0,0,,0,0,0,0,0,log end,Worldpiercer,6.3
20260930-210018,Vloxx,10df,143.2,,68.8,6.60,97.4,3.2,1,6.00,4940,0,957,5897,26,2,Visions of Eternity,13.2
20260930-210018,Aspect of the Staff,10e2,86.8,83.8,25.2,3.60,100.0,0.0,1,3.30,540,0,433,973,2,2,Ancora Strike,0.0
20260930-210018,Cosmic Piercer,10f1,124.2,0.1,100.0,6.90,100.0,0.0,1,6.90,660,10,199,868,4,1,,
20260930-210018,Cosmic Piercer,10f1,146.1,22.0,0.0,53.70,100.0,100.0,0,,0,0,0,0,0,log end,Annihilating Orb,9.8
20260930-210018,Aspect of the Spear,10f3,180.6,56.5,23.2,3.60,100.0,0.0,1,3.00,460,0,531,991,2,2,Ancora Strike,2.3
20260930-210743,Vloxx,1104,136.3,,68.9,7.50,100.0,0.5,1,6.60,4720,0,1246,5966,24,2,Visions of Eternity,4.8
20260930-210743,Vloxx,1104,294.7,,39.2,14.70,100.0,5.1,1,14.40,4145,0,1861,6006,21,2,Visions of Eternity,12.9
20260930-210743,Aspect of the Staff,1107,99.1,96.1,24.0,4.20,100.0,0.0,1,4.20,460,0,652,1112,2,2,Ancora Strike,2.1
20260930-210743,Cosmic Piercer,1118,121.0,0.1,100.0,5.70,100.0,1.6,1,5.70,700,24,2,726,5,1,,
20260930-210743,Cosmic Piercer,1118,141.4,20.5,0.0,287.68,100.0,100.0,0,,0,0,0,0,0,log end,Annihilating Orb,9.9
20260930-210743,Aspect of the Spear,111a,153.1,32.2,27.4,13.20,100.0,0.0,1,12.60,250,0,735,985,2,2,Ancora Strike,3.5
20260930-210743,Aspect of the Staff,1120,206.2,57.4,22.7,7.80,100.0,0.0,1,7.20,350,0,846,1196,2,2,Eternal Reflection,0.4
20260930-210743,Aspect of the Spear,112c,246.6,34.6,24.9,3.30,100.0,0.0,1,3.00,390,0,601,991,2,2,Ancora Strike,5.1
20260930-210743,Aspect of the Staff,1138,315.0,49.0,28.2,3.30,80.5,0.0,1,3.30,150,0,699,849,1,2,Ancora Strike,3.4
20260930-210743,Cosmic Bulwark,113a,274.0,0.1,100.0,8.40,100.0,0.1,1,8.10,590,10,9,609,3,1,,
20260930-210743,Cosmic Bulwark,113a,297.1,23.2,0.0,131.98,100.0,100.0,0,,0,0,0,0,0,log end,Worldpiercer,6.9
20260930-210743,Aspect of the Sword,113c,348.4,74.5,24.8,5.70,100.0,0.0,1,5.10,610,0,370,980,3,2,Ancora Strike,2.0
20260930-210743,Aspect of the Spear,1140,354.3,62.2,24.5,10.20,100.0,0.0,1,9.90,450,0,636,1086,3,2,Thousand Strikes,0.5
20260930-211921,Vloxx,115f,145.9,,68.8,5.70,100.0,3.3,1,5.40,5230,0,870,6100,28,2,,
20260930-211921,Vloxx,115f,300.7,,39.3,11.70,100.0,1.4,1,9.90,4595,0,1540,6135,23,2,,
20260930-211921,Vloxx,115f,506.2,,9.4,10.80,100.0,3.9,1,9.60,4395,0,1762,6157,22,2,80591,11.2
20260930-211921,Aspect of the Staff,1165,66.4,63.4,24.9,2.40,100.0,0.0,1,2.10,610,0,353,963,3,2,Ancora Strike,2.1
20260930-211921,Aspect of the Staff,1178,175.6,61.3,25.7,5.40,100.0,0.0,1,4.80,410,0,573,983,2,2,Eternal Reflection,5.0
20260930-211921,Aspect of the Spear,117b,165.9,41.8,24.6,9.30,100.0,0.0,1,9.00,500,32,484,1015,3,2,Thousand Strikes,1.0
20260930-211921,Cosmic Piercer,117c,124.2,0.1,100.0,7.50,100.0,0.0,1,7.50,620,10,217,846,3,1,,
20260930-211921,Cosmic Piercer,117c,146.7,22.6,0.0,453.93,100.0,100.0,0,,0,0,0,0,0,log end,Eternal Reflection,7.7
20260930-211921,Aspect of the Spear,1193,250.6,31.8,23.4,4.20,100.0,0.0,1,3.90,350,0,632,982,2,2,Ancora Strike,1.6
20260930-211921,Aspect of the Staff,1195,300.6,63.1,25.8,3.60,100.0,0.0,1,3.00,590,0,402,992,3,2,Ancora Strike,2.5
20260930-211921,Cosmic Bulwark,119d,279.2,0.1,100.0,6.60,100.0,0.0,1,6.60,610,0,129,739,3,1,,
20260930-211921,Cosmic Bulwark,119d,300.8,21.7,0.0,299.82,100.0,100.0,0,,0,0,0,0,0,log end,Worldpiercer,3.1
20260930-211921,Aspect of the Sword,11a0,340.7,61.6,24.9,7.80,100.0,0.0,1,7.20,500,0,480,980,3,2,Division Eternal,2.5
20260930-211921,Aspect of the Spear,11a3,355.9,58.3,23.8,4.20,100.0,0.0,1,4.20,560,0,560,1120,3,2,Ancora Strike,6.1
20260930-211921,Aspect of the Staff,11b2,514.1,154.3,24.2,1.20,99.4,0.0,1,1.20,860,0,142,1002,4,2,Ancora Strike,6.7
20260930-211921,Aspect of the Spear,11bb,458.1,54.4,22.3,3.90,100.0,0.0,1,3.90,610,0,414,1024,3,2,Ancora Strike,1.7
20260930-211921,Aspect of the Sword,11be,459.7,52.3,22.4,3.90,100.0,0.0,1,3.30,610,0,389,999,3,2,Ancora Strike,5.1
20260930-211921,Cosmic Sunderer,11d0,487.2,0.1,100.0,6.90,100.0,1.6,1,6.90,480,10,220,709,3,1,,
20260930-211921,Cosmic Sunderer,11d0,508.8,21.7,0.0,91.83,100.0,100.0,0,,0,0,0,0,0,log end,80732,9.6
20260930-211921,Aspect of the Spear,11dd,549.8,45.7,24.4,3.60,98.6,0.0,1,3.60,550,0,495,1045,4,2,Thousand Strikes,0.3
20260930-211921,Aspect of the Sword,11df,567.6,57.0,24.8,5.40,100.0,0.0,1,5.10,850,0,227,1077,5,2,Ancora Strike,0.2
20260930-213637,Vloxx,120d,134.8,,69.0,7.20,100.0,2.0,1,6.60,5175,0,966,6141,27,2,Visions of Eternity,6.5
20260930-213637,Aspect of the Staff,1211,62.2,59.2,24.8,4.20,100.0,0.0,1,4.20,380,0,719,1099,3,2,Eternal Reflection,2.5
20260930-213637,Cosmic Piercer,122f,120.5,0.1,100.0,6.00,100.0,1.6,1,6.00,550,24,108,682,4,1,,
20260930-213637,Cosmic Piercer,122f,141.5,21.1,0.0,74.32,100.0,100.0,0,,0,0,0,0,0,log end,Annihilating Orb,9.7
20260930-213637,Aspect of the Spear,1231,164.0,43.6,25.0,3.30,100.0,0.0,1,3.30,500,0,476,976,3,2,Thousand Strikes,0.8
20260930-213637,Aspect of the Staff,1235,185.7,54.6,25.2,5.40,100.0,0.0,1,5.40,560,0,678,1238,3,2,Ancora Strike,0.5
20260930-214712,Vloxx,1250,146.2,,68.8,6.00,100.0,7.9,0,,5580,0,401,5981,28,2,,
20260930-214712,Vloxx,1250,297.7,,39.3,13.20,100.0,0.7,1,12.60,4255,0,1742,5997,23,2,,
20260930-214712,Vloxx,1250,517.3,,9.6,14.10,100.0,1.9,1,12.60,4440,12,1658,6110,24,2,Visions of Eternity,15.0
20260930-214712,Aspect of the Staff,1259,65.5,62.5,24.5,6.00,97.4,0.0,1,5.40,200,0,764,964,1,2,Ancora Strike,1.6
20260930-214712,Cosmic Piercer,1279,123.9,0.1,100.0,6.90,100.0,3.2,1,6.30,400,26,182,608,2,1,,
20260930-214712,Cosmic Piercer,1279,145.5,21.7,0.0,455.11,100.0,100.0,0,,0,0,0,0,0,log end,Annihilating Orb,9.8
20260930-214712,Aspect of the Spear,127a,176.7,52.9,24.5,3.60,100.0,0.0,1,3.60,600,0,387,987,4,2,Ancora Strike,3.7
20260930-214712,Aspect of the Staff,127f,186.6,49.2,22.9,5.10,80.0,0.0,1,4.80,200,0,690,890,2,2,Ancora Strike,6.2
20260930-214712,Aspect of the Spear,1299,258.9,34.3,22.0,5.10,100.0,0.0,1,4.50,250,0,748,998,2,2,Ancora Strike,0.6
20260930-214712,Aspect of the Staff,129a,303.2,68.8,23.3,5.10,100.0,0.0,1,4.50,0,0,960,960,0,2,Ancora Strike,0.4
20260930-214712,Cosmic Bulwark,12a9,276.5,0.0,100.0,9.00,100.0,1.5,1,8.10,530,28,78,636,4,1,,
20260930-214712,Cosmic Bulwark,12a9,300.2,23.7,0.0,300.40,100.0,100.0,0,,0,0,0,0,0,log end,Worldpiercer,6.6
20260930-214712,Aspect of the Sword,12ab,325.1,48.6,22.3,5.10,95.0,0.0,1,4.50,0,0,938,938,0,2,Division Eternal,3.6
20260930-214712,Aspect of the Spear,12b3,361.1,56.4,25.0,2.40,100.0,0.0,1,2.40,560,0,511,1071,3,2,Ancora Strike,6.3
20260930-214712,Aspect of the Staff,12c6,418.4,59.4,24.9,9.90,100.0,0.0,1,9.30,130,0,842,972,1,2,Eternal Reflection,1.0
20260930-214712,Aspect of the Sword,12cc,453.2,75.4,24.1,5.10,100.0,0.0,1,5.10,200,0,961,1161,1,2,Ancora Strike,1.9
20260930-214712,Aspect of the Spear,12d5,454.1,47.5,26.7,3.90,100.0,0.0,1,3.60,200,0,785,985,1,2,Thousand Strikes,1.2
20260930-214712,Aspect of the Staff,12ea,543.6,55.9,24.0,4.50,100.0,0.0,1,4.20,130,0,826,956,1,2,Ancora Strike,2.7
20260930-214712,Cosmic Sunderer,12ee,496.5,0.0,100.0,9.30,100.0,1.6,1,9.30,500,10,112,621,3,1,,
20260930-214712,Cosmic Sunderer,12ee,520.5,24.0,0.0,80.11,100.0,100.0,0,,0,0,0,0,0,log end,80510,9.4
20260930-214712,Aspect of the Spear,12f0,545.7,42.6,24.2,3.30,100.0,0.0,1,2.70,200,0,781,981,1,2,Thousand Strikes,1.0
20260930-214712,Aspect of the Sword,12fc,554.3,48.7,24.2,7.20,100.0,0.0,1,7.20,300,0,691,991,2,2,Division Eternal,4.2
20260930-215627,Vloxx,133d,135.4,,68.9,9.00,100.0,2.9,1,7.80,4400,0,1621,6021,25,2,Visions of Eternity,9.8
20260930-215627,Aspect of the Staff,1341,63.4,60.4,24.1,4.20,76.2,0.0,1,3.90,100,0,644,744,1,2,Eternal Reflection,3.2
20260930-215627,Aspect of the Spear,1370,166.6,46.9,25.7,3.90,100.0,0.0,1,3.60,750,0,329,1079,5,2,Ancora Strike,3.1
20260930-215627,Cosmic Piercer,1371,119.8,0.1,100.0,5.10,100.0,0.0,1,5.10,600,0,9,609,4,1,,
20260930-215627,Cosmic Piercer,1371,139.9,20.2,0.0,130.58,100.0,100.0,0,,0,0,0,0,0,log end,Annihilating Orb,9.7
20260930-215627,Aspect of the Staff,1372,165.3,45.1,24.4,10.80,100.0,0.0,1,10.20,350,23,658,1031,2,2,Eternal Reflection,2.9
20260930-215821,Aspect of the Staff,13ae,57.7,54.7,24.6,6.30,100.0,0.0,1,5.70,350,0,636,986,2,2,Ancora Strike,10.0
20260930-220441,Vloxx,13c7,144.0,,69.0,8.70,100.0,3.7,1,8.40,5075,14,1020,6109,26,2,Visions of Eternity,9.5
20260930-220441,Vloxx,13c7,309.6,,39.1,11.10,100.0,4.1,1,9.90,5070,52,1135,6256,29,2,,
20260930-220441,Aspect of the Staff,13cc,81.1,78.1,24.8,3.00,98.2,0.0,1,2.70,780,0,198,978,4,2,Ancora Strike,0.4
20260930-220441,Cosmic Piercer,13fa,126.7,0.1,100.0,7.50,100.0,0.3,1,7.20,400,10,198,608,2,1,,
20260930-220441,Cosmic Piercer,13fa,148.9,22.3,0.0,212.32,100.0,100.0,0,,0,0,0,0,0,log end,Eternal Reflection,9.3
20260930-220441,Aspect of the Spear,13fb,165.1,38.5,22.8,9.00,100.0,0.0,1,9.00,395,0,625,1020,2,2,Ancora Strike,3.7
20260930-220441,Aspect of the Staff,1409,237.6,73.8,25.0,7.80,100.0,0.0,1,6.90,350,0,623,973,3,2,80311,1.7
20260930-220441,Aspect of the Spear,1421,256.0,35.1,24.2,4.80,97.4,0.0,1,4.80,400,0,588,988,3,2,Thousand Strikes,4.7
20260930-220441,Cosmic Bulwark,143c,282.2,0.1,100.0,11.10,100.0,0.0,1,11.10,650,48,19,717,4,1,,
20260930-220441,Cosmic Bulwark,143c,308.6,26.5,0.0,52.62,100.0,100.0,0,,0,0,0,0,0,log end,Worldpiercer,10.2
20260930-220441,Aspect of the Sword,143e,332.6,50.5,24.7,4.20,100.0,0.0,1,3.60,300,0,692,992,2,2,Ancora Strike,2.5
20260930-220831,Vloxx,145d,135.7,,68.7,6.60,100.0,0.6,1,6.30,5200,0,785,5985,29,2,Visions of Eternity,4.9
20260930-220831,Aspect of the Staff,1463,72.1,69.1,24.4,3.30,100.0,0.0,1,3.30,545,0,529,1074,3,2,Ancora Strike,3.3
20260930-220831,Cosmic Piercer,1490,120.5,0.1,100.0,6.90,100.0,1.6,1,6.90,400,10,276,685,2,1,,
20260930-220831,Cosmic Piercer,1490,142.4,22.0,0.0,17.57,100.0,100.0,0,,0,0,0,0,0,log end,Annihilating Orb,9.8
20260930-221626,Vloxx,149e,147.7,,69.2,6.30,100.0,3.1,1,5.40,5045,0,948,5993,26,2,,
20260930-221626,Vloxx,149e,315.1,,39.5,10.20,100.0,6.1,0,,4835,0,1185,6020,26,2,,
20260930-221626,Aspect of the Staff,14a4,45.7,42.7,21.9,6.00,100.0,0.0,1,5.70,200,0,790,990,2,2,Eternal Reflection,0.9
20260930-221626,Aspect of the Staff,14ba,151.9,58.3,24.2,2.40,100.0,0.0,1,2.10,690,0,461,1151,4,2,Eternal Reflection,2.8
20260930-221626,Cosmic Piercer,14c3,125.6,0.1,100.0,6.60,100.0,1.6,1,6.60,580,17,114,711,5,1,,
20260930-221626,Cosmic Piercer,14c3,147.2,21.7,0.0,218.87,100.0,100.0,0,,0,0,0,0,0,log end,Annihilating Orb,10.3
20260930-221626,Aspect of the Spear,14c5,161.6,36.1,21.0,4.80,97.4,0.0,1,4.80,100,0,844,944,1,2,Ancora Strike,1.2
20260930-221626,Aspect of the Staff,14dd,286.5,88.2,24.5,5.70,100.0,0.0,1,4.80,600,0,392,992,5,2,Ancora Strike,3.3
20260930-221626,Aspect of the Spear,14e1,251.0,39.6,23.7,6.00,100.0,0.0,1,6.00,450,0,645,1095,4,2,Ancora Strike,6.1
20260930-221626,Cosmic Bulwark,14f9,289.6,0.1,100.0,13.20,100.0,1.6,1,13.20,710,20,33,764,4,1,,
20260930-221626,Cosmic Bulwark,14f9,317.8,28.3,0.0,48.27,100.0,100.0,0,,0,0,0,0,0,log end,Worldpiercer,9.5
20260930-221626,Aspect of the Sword,14fa,337.9,48.4,24.6,6.00,100.0,0.0,1,5.40,460,0,526,986,2,2,Division Eternal,3.8
20260930-221626,Aspect of the Spear,1501,355.3,54.4,25.1,10.77,100.0,66.8,0,,200,0,131,331,2,log end,Ancora Strike,2.1
20260930-225431,Vloxx,88d,141.6,,68.8,11.40,98.6,0.6,1,10.20,4250,0,1625,5875,24,2,Visions of Eternity,12.1
20260930-225431,Vloxx,88d,296.4,,39.1,11.10,100.0,5.4,1,10.80,4810,0,1260,6070,27,2,,
20260930-225431,Aspect of the Staff,891,72.4,69.4,25.5,4.80,100.0,0.0,1,4.50,260,0,696,956,1,2,Ancora Strike,5.3
20260930-225431,Cosmic Piercer,8b0,122.0,0.1,100.0,5.70,100.0,1.6,1,5.70,690,10,2,702,3,1,,
20260930-225431,Cosmic Piercer,8b0,142.7,20.8,0.0,277.91,100.0,100.0,0,,0,0,0,0,0,log end,Annihilating Orb,10.2
20260930-225431,Aspect of the Spear,8b2,162.8,40.9,23.6,5.40,100.0,0.0,1,4.80,200,0,784,984,2,2,Ancora Strike,6.1
20260930-225431,Aspect of the Staff,8b4,190.6,58.6,26.8,6.90,100.0,0.0,1,6.60,550,0,447,997,3,2,Eternal Reflection,2.4
20260930-225431,Aspect of the Spear,8cd,252.4,38.8,22.2,3.00,100.0,0.0,1,2.70,500,0,453,953,4,2,Ancora Strike,0.1
20260930-225431,Aspect of the Staff,8d3,301.8,62.4,24.7,4.20,100.0,0.0,1,3.90,200,0,760,960,1,2,Ancora Strike,0.2
20260930-225431,Cosmic Bulwark,8e1,271.6,0.3,100.0,9.00,100.0,1.6,1,8.40,660,10,29,699,4,1,,
20260930-225431,Cosmic Bulwark,8e1,295.3,24.0,0.0,125.31,100.0,100.0,0,,0,0,0,0,0,log end,Raging Storm,5.8
20260930-225431,Aspect of the Sword,8e2,312.7,41.4,23.7,4.20,100.0,0.0,1,3.90,350,0,632,982,2,2,Excision Extremis,3.3
20260930-225431,Aspect of the Spear,8e9,370.6,73.3,26.9,2.70,100.0,0.0,1,2.70,750,0,283,1033,5,2,Ancora Strike,5.9
20260930-225808,Aspect of the Staff,916,78.7,75.7,24.9,4.20,97.4,0.0,1,3.90,345,0,606,951,2,2,Eternal Reflection,1.0
20260930-230802,Vloxx,931,138.4,,68.9,7.80,100.0,0.0,1,6.30,5190,4,812,6006,29,2,Visions of Eternity,8.6
20260930-230802,Vloxx,931,295.6,,39.1,9.00,100.0,2.9,1,8.10,5135,0,1029,6164,28,2,Visions of Eternity,11.8
20260930-230802,Vloxx,931,483.4,,9.7,12.30,100.0,0.4,1,11.10,4445,11,1543,5999,26,2,Visions of Eternity,12.1
20260930-230802,Aspect of the Staff,935,90.4,87.4,24.1,1.80,100.0,0.0,1,1.80,710,0,265,975,4,2,Ancora Strike,1.2
20260930-230802,Aspect of the Spear,955,169.8,46.3,24.9,4.50,100.0,0.0,1,4.50,350,0,754,1104,2,2,Ancora Strike,3.0
20260930-230802,Cosmic Piercer,956,123.6,0.1,100.0,5.70,100.0,1.6,1,5.70,600,13,66,679,3,1,,
20260930-230802,Cosmic Piercer,956,144.3,20.8,0.0,396.91,100.0,100.0,0,,0,0,0,0,0,log end,Annihilating Orb,10.2
20260930-230802,Aspect of the Staff,95b,227.7,89.5,24.2,8.10,100.0,0.0,1,7.20,150,0,843,993,1,2,Eternal Reflection,2.2
20260930-230802,Aspect of the Spear,970,278.7,59.1,24.4,11.10,100.0,0.0,1,10.80,0,0,987,987,0,2,Ancora Strike,7.3
20260930-230802,Cosmic Bulwark,97e,274.1,0.1,100.0,9.90,100.0,1.6,1,9.90,660,19,33,712,4,1,,
20260930-230802,Cosmic Bulwark,97e,299.0,25.0,0.0,242.21,100.0,100.0,0,,0,0,0,0,0,log end,Worldpiercer,10.2
20260930-230802,Aspect of the Sword,981,332.3,58.3,23.9,4.50,100.0,0.0,1,3.90,550,0,442,992,3,2,Ancora Strike,5.6
20260930-230802,Aspect of the Staff,985,364.2,78.7,23.9,3.00,100.0,0.0,1,3.00,350,0,623,973,2,2,Ancora Strike,2.2
20260930-230802,Aspect of the Spear,999,391.4,46.9,25.4,7.20,100.0,0.0,1,6.60,260,0,725,985,1,2,Thousand Strikes,2.4
20260930-230802,Aspect of the Sword,9a5,436.6,55.5,23.2,5.40,100.0,0.0,1,5.10,350,0,616,966,3,2,Ancora Strike,3.9
20260930-230802,Aspect of the Staff,9b0,486.5,74.4,25.6,1.50,100.0,0.0,1,1.50,935,0,252,1187,5,2,Eternal Reflection,0.3
20260930-230802,Aspect of the Spear,9b7,495.2,52.8,22.4,3.60,100.0,0.0,1,3.30,260,0,699,959,1,2,Ancora Strike,5.5
20260930-230802,Cosmic Sunderer,9c0,465.5,0.0,100.0,10.50,100.0,1.6,1,10.50,200,10,359,568,2,1,,
20260930-230802,Cosmic Sunderer,9c0,491.0,25.5,0.0,50.21,100.0,100.0,0,,0,0,0,0,0,log end,80510,9.8
20260930-230802,Aspect of the Sword,9cf,524.0,40.6,24.2,4.50,100.0,0.0,1,4.20,900,0,362,1262,5,2,Excision Extremis,2.7
20260930-231403,Vloxx,9e7,138.9,,68.7,11.10,100.0,0.1,1,10.50,5030,10,975,6014,27,2,Visions of Eternity,9.8
20260930-231403,Aspect of the Staff,9eb,67.3,64.3,24.7,5.70,100.0,0.0,1,5.40,300,0,668,968,2,2,Ancora Strike,3.9
20260930-231403,Aspect of the Staff,a07,160.8,44.7,24.7,3.60,100.0,0.0,1,3.60,300,0,613,913,2,2,Ancora Strike,0.4
20260930-231403,Cosmic Piercer,a0b,122.6,0.3,100.0,6.30,100.0,1.6,1,5.70,550,13,42,605,3,1,,
20260930-231403,Cosmic Piercer,a0b,143.9,21.6,0.0,68.99,100.0,100.0,0,,0,0,0,0,0,log end,Annihilating Orb,10.0
20260930-231403,Aspect of the Spear,a0c,166.7,44.4,25.0,7.80,100.0,0.0,1,7.20,300,0,686,986,2,2,Thousand Strikes,1.0
20260930-231723,Vloxx,a28,149.2,,68.8,7.20,100.0,2.4,1,6.30,5495,17,618,6130,29,2,,
20260930-231723,Aspect of the Staff,a2c,78.4,75.4,24.8,3.60,100.0,0.0,1,3.60,650,0,401,1051,4,2,Eternal Reflection,1.4
20260930-231723,Aspect of the Spear,a4f,162.2,35.5,24.7,4.80,100.0,0.0,1,4.80,450,0,598,1048,3,2,Ancora Strike,0.2
20260930-231723,Cosmic Piercer,a50,126.8,0.1,100.0,6.60,100.0,1.6,1,6.60,500,10,235,744,3,1,,
20260930-231723,Cosmic Piercer,a50,148.4,21.7,0.0,27.56,100.0,100.0,0,,0,0,0,0,0,log end,Annihilating Orb,9.8
20260930-232430,Vloxx,a60,135.4,,68.9,7.80,100.0,2.3,1,7.50,5220,7,797,6024,28,2,Visions of Eternity,10.6
20260930-232430,Vloxx,a60,302.8,,39.3,15.90,97.5,0.2,1,15.60,3500,4,2338,5841,19,2,,
20260930-232430,Aspect of the Staff,a64,61.3,58.3,23.9,3.00,100.0,0.0,1,2.40,510,0,489,999,3,2,Eternal Reflection,0.9
20260930-232430,Aspect of the Staff,a81,164.9,54.7,23.8,4.20,100.0,0.0,1,3.90,300,0,682,982,2,2,Ancora Strike,1.6
20260930-232430,Cosmic Piercer,a84,118.7,0.1,100.0,6.30,100.0,0.0,1,6.30,550,0,61,611,4,1,,
20260930-232430,Cosmic Piercer,a84,140.0,21.4,0.0,246.37,100.0,100.0,0,,0,0,0,0,0,log end,Annihilating Orb,9.7
20260930-232430,Aspect of the Spear,a86,172.4,53.8,24.7,4.20,100.0,0.0,1,3.90,500,0,474,974,3,2,Ancora Strike,0.2
20260930-232430,Aspect of the Staff,aa2,306.0,95.2,25.5,2.10,100.0,0.0,1,2.10,670,0,426,1096,3,2,Eternal Reflection,4.6
20260930-232430,Aspect of the Spear,aa5,271.8,52.5,24.3,2.70,100.0,0.0,1,2.70,695,0,345,1040,4,2,Ancora Strike,2.8
20260930-232430,Cosmic Bulwark,ab1,270.4,0.1,100.0,9.90,100.0,0.0,1,9.90,650,9,6,665,5,1,,
20260930-232430,Cosmic Bulwark,ab1,295.6,25.3,0.0,90.77,100.0,100.0,0,,0,0,0,0,0,log end,Cosmic Charge,4.3
20260930-232430,Aspect of the Sword,ab3,311.8,41.5,21.9,1.20,100.0,0.0,1,1.20,780,0,195,975,4,2,Excision Extremis,4.0
20260930-233450,Vloxx,ad9,141.6,,69.2,6.30,100.0,0.8,1,6.00,5465,0,628,6093,27,2,,
20260930-233450,Vloxx,ad9,302.1,,39.4,12.30,100.0,2.0,1,12.00,5265,51,901,6217,27,2,Visions of Eternity,9.9
20260930-233450,Vloxx,ad9,519.3,,9.4,9.90,100.0,0.0,1,9.30,5445,0,748,6193,28,2,,
20260930-233450,Aspect of the Staff,ade,76.3,73.3,22.3,3.90,100.0,0.0,1,3.90,500,0,569,1069,3,2,80311,1.6
20260930-233450,Aspect of the Spear,afc,173.6,56.8,25.0,3.60,100.0,0.0,1,3.30,400,0,553,953,3,2,Ancora Strike,0.5
20260930-233450,Cosmic Piercer,afd,116.9,0.1,100.0,8.10,100.0,0.8,1,7.50,360,10,235,604,2,1,,
20260930-233450,Cosmic Piercer,afd,140.0,23.2,0.0,443.69,100.0,100.0,0,,0,0,0,0,0,log end,Eternal Reflection,9.3
20260930-233450,Aspect of the Staff,b00,199.6,77.4,24.1,3.30,100.0,0.0,1,2.70,610,0,385,995,3,2,Eternal Reflection,2.2
20260930-233450,Aspect of the Spear,b1d,277.5,52.0,24.8,2.70,100.0,0.0,1,2.10,1000,0,110,1110,6,2,Ancora Strike,2.8
20260930-233450,Aspect of the Staff,b24,316.7,69.3,23.1,2.40,100.0,0.0,1,2.10,580,0,401,981,4,2,Ancora Strike,6.7
20260930-233450,Cosmic Bulwark,b33,284.1,0.1,100.0,6.90,100.0,0.0,1,6.90,610,22,19,651,3,1,,
20260930-233450,Cosmic Bulwark,b33,306.3,22.3,0.0,277.38,100.0,100.0,0,,0,0,0,0,0,log end,Raging Storm,6.6
20260930-233450,Aspect of the Sword,b34,346.2,62.2,24.7,5.10,100.0,0.0,1,5.10,300,0,700,1000,2,2,Division Eternal,0.6
20260930-233450,Aspect of the Spear,b41,371.6,45.6,25.2,4.50,100.0,0.0,1,4.50,560,0,490,1050,3,2,Ancora Strike,0.2
20260930-233450,Aspect of the Staff,b4d,435.2,72.7,24.6,12.00,97.4,0.0,1,11.10,250,2,717,970,2,2,Ancora Strike,2.3
20260930-233450,Aspect of the Sword,b56,463.6,68.4,23.8,5.40,100.0,0.0,1,5.40,810,0,286,1096,5,2,Ancora Strike,1.7
20260930-233450,Aspect of the Spear,b5e,470.0,52.5,23.1,9.30,100.0,0.0,1,9.00,650,0,504,1154,4,2,Ancora Strike,1.1
20260930-233450,Cosmic Sunderer,b7b,496.1,0.3,100.0,9.90,100.0,1.6,1,9.90,600,10,107,716,4,1,,
20260930-233450,Cosmic Sunderer,b7b,521.0,25.2,0.0,62.69,100.0,100.0,0,,0,0,0,0,0,log end,80510,9.3
20260930-233450,Aspect of the Staff,b7d,556.2,59.1,24.2,7.80,100.0,0.0,1,7.50,430,0,712,1142,3,2,Eternal Reflection,2.4
20260930-233450,Aspect of the Sword,b8c,576.4,63.9,24.4,7.29,99.9,98.3,0,,0,17,17,34,0,log end,Ancora Strike,1.0
20260930-233450,Aspect of the Spear,b90,573.6,53.8,23.9,10.09,99.4,93.0,0,,0,14,64,77,0,log end,Ancora Strike,1.5
20260930-234618,Vloxx,b9f,136.2,,69.3,9.00,100.0,2.1,1,8.40,5565,0,576,6141,28,2,Visions of Eternity,12.2
20260930-234618,Vloxx,b9f,290.1,,39.2,13.20,98.2,3.6,1,12.90,4790,0,1098,5888,27,2,Visions of Eternity,14.1
20260930-234618,Vloxx,b9f,470.4,,9.4,6.90,100.0,3.1,1,6.60,5390,0,646,6036,29,2,Visions of Eternity,14.4
20260930-234618,Aspect of the Staff,ba5,77.1,74.1,26.6,5.70,100.0,0.0,1,5.70,500,0,524,1024,3,2,Eternal Reflection,0.7
20260930-234618,Cosmic Piercer,bc4,118.2,0.1,100.0,6.90,100.0,1.6,1,6.90,500,10,90,599,3,1,,
20260930-234618,Cosmic Piercer,bc4,140.1,22.0,0.0,416.06,100.0,100.0,0,,0,0,0,0,0,log end,Annihilating Orb,9.7
20260930-234618,Aspect of the Spear,bc7,164.4,46.3,24.2,4.50,100.0,0.0,1,4.20,410,0,572,982,2,2,Thousand Strikes,4.4
20260930-234618,Aspect of the Staff,bcd,188.4,51.4,24.9,7.80,100.0,0.0,1,7.20,450,0,539,989,2,2,Ancora Strike,0.4
20260930-234618,Aspect of the Spear,be9,258.2,39.9,22.8,12.30,100.0,0.0,1,11.40,100,0,887,987,1,2,Ancora Strike,5.6
20260930-234618,Aspect of the Staff,bef,310.6,69.3,24.7,4.80,100.0,0.0,1,4.80,460,0,558,1018,2,2,Ancora Strike,3.0
20260930-234618,Cosmic Bulwark,bf5,270.2,0.1,100.0,10.80,100.0,0.0,1,10.80,480,10,194,684,3,1,,
20260930-234618,Cosmic Bulwark,bf5,296.0,25.9,0.0,260.16,100.0,100.0,0,,0,0,0,0,0,log end,Worldpiercer,9.7
20260930-234618,Aspect of the Sword,bf6,311.0,40.9,23.8,4.20,96.2,0.0,1,4.20,660,0,512,1172,4,2,Excision Extremis,3.5
20260930-234618,Aspect of the Spear,c05,359.3,43.2,21.8,3.30,97.4,0.0,1,2.70,560,0,407,967,3,2,Thousand Strikes,1.2
20260930-234618,Aspect of the Sword,c17,435.2,74.5,24.3,2.70,100.0,0.0,1,2.70,850,0,259,1109,4,2,Ancora Strike,2.5
20260930-234618,Aspect of the Staff,c1e,438.7,54.1,24.4,1.80,60.0,0.0,1,1.50,450,0,277,727,3,2,Ancora Strike,1.3
20260930-234618,Aspect of the Spear,c26,444.3,39.4,23.3,4.80,100.0,0.0,1,4.80,700,0,446,1146,4,2,Ancora Strike,2.5
20260930-234618,Cosmic Sunderer,c35,448.2,0.1,100.0,7.20,100.0,1.6,1,7.20,560,10,69,639,3,1,,
20260930-234618,Cosmic Sunderer,c35,470.4,22.3,0.0,85.76,100.0,100.0,0,,0,0,0,0,0,log end,80510,9.5
20260930-234618,Aspect of the Spear,c51,542.5,52.3,23.6,13.66,100.0,43.5,0,,0,0,567,567,0,log end,Ancora Strike,5.9
20261001-195456,Vloxx,1640,146.4,,69.2,5.40,93.5,5.3,1,5.10,5005,0,538,5543,26,2,,
20261001-195456,Vloxx,1640,307.8,,39.1,14.10,100.0,0.4,1,12.00,5120,30,885,6035,28,2,,
20261001-195456,Vloxx,1640,489.6,,9.3,7.50,100.0,0.5,1,6.30,5385,48,761,6194,29,2,80591,15.0
20261001-195456,Aspect of the Staff,1645,94.8,91.8,24.6,7.20,100.0,0.0,1,7.20,560,0,464,1024,4,2,Eternal Reflection,0.7
20261001-195456,Cosmic Piercer,1664,120.6,0.1,100.0,12.60,100.0,1.6,1,12.60,560,31,83,674,3,1,,
20261001-195456,Cosmic Piercer,1664,148.2,27.7,0.0,387.04,100.0,100.0,0,,0,0,0,0,0,log end,Eternal Reflection,10.1
20261001-195456,Aspect of the Spear,1665,159.9,39.4,24.7,12.30,90.0,0.0,1,12.30,460,5,587,1052,2,2,Ancora Strike,4.4
20261001-195456,Aspect of the Staff,166d,205.4,60.7,25.0,3.00,100.0,0.0,1,3.00,700,0,311,1011,5,2,Ancora Strike,0.2
20261001-195456,Aspect of the Spear,1681,257.8,43.8,24.3,3.90,100.0,0.0,1,3.90,510,0,473,983,3,2,Thousand Strikes,2.0
20261001-195456,Aspect of the Staff,168a,290.0,39.1,22.6,9.00,100.0,0.0,1,9.00,300,0,799,1099,2,2,80311,1.4
20261001-195456,Cosmic Bulwark,1693,272.6,0.1,100.0,17.10,100.0,0.0,1,17.10,200,0,487,687,1,1,,
20261001-195456,Cosmic Bulwark,1693,304.7,32.2,16.8,230.54,100.0,14.8,0,,200,295,311,806,1,log end,Cosmic Charge,1.6
20261001-195456,Aspect of the Sword,1696,334.7,62.2,24.4,15.00,100.0,0.0,1,15.00,390,71,700,1161,2,2,Ancora Strike,0.9
20261001-195456,Aspect of the Spear,16a1,353.0,48.4,24.4,4.50,100.0,0.0,1,4.50,295,0,732,1027,2,2,Ancora Strike,5.3
20261001-195456,Aspect of the Staff,16ac,412.9,69.7,24.8,23.10,97.4,0.0,1,22.80,150,122,928,1200,1,2,Ancora Strike,8.6
20261001-195456,Aspect of the Spear,16bd,454.0,53.2,23.8,4.50,98.6,0.0,1,4.50,550,0,442,992,5,2,Ancora Strike,5.2
20261001-195456,Aspect of the Sword,16c2,459.7,51.1,23.7,3.90,100.0,0.0,1,3.90,660,0,462,1122,3,2,Ancora Strike,2.9
20261001-195456,Cosmic Sunderer,16d4,468.8,0.1,100.0,6.60,100.0,1.6,1,6.60,650,19,2,671,4,1,,
20261001-195456,Cosmic Sunderer,16d4,490.4,21.7,0.0,44.84,100.0,100.0,0,,0,0,0,0,0,log end,80732,9.8
20261001-200035,Vloxx,16ed,144.1,,69.3,12.90,98.3,1.7,1,11.70,4305,0,1684,5989,24,2,,
20261001-200035,Aspect of the Staff,16f3,114.1,111.1,25.4,3.30,100.0,0.0,1,3.30,650,0,361,1011,3,2,Ancora Strike,1.8
20261001-200035,Cosmic Piercer,170f,120.3,0.1,100.0,7.50,100.0,1.6,1,7.50,550,12,55,617,4,1,,
20261001-200035,Cosmic Piercer,170f,142.8,22.6,8.9,118.72,100.0,63.3,0,,100,220,120,440,1,log end,Eternal Reflection,9.5
20261001-200035,Aspect of the Spear,1710,162.3,42.1,23.5,4.20,100.0,0.0,1,3.60,750,0,368,1118,5,2,Ancora Strike,4.6
20261001-200035,Aspect of the Spear,1729,259.5,51.4,24.8,2.02,100.0,91.6,0,,0,0,97,97,0,log end,Ancora Strike,0.2
20261001-201030,Vloxx,1733,144.9,,68.9,6.00,100.0,3.4,1,5.40,5365,2,672,6038,28,2,,
20261001-201030,Vloxx,1733,294.3,,39.4,8.70,100.0,9.2,0,,5335,48,843,6226,30,2,,
20261001-201030,Vloxx,1733,462.3,,9.4,13.20,100.0,1.3,1,12.60,4850,24,1296,6170,27,2,Visions of Eternity,14.3
20261001-201030,Aspect of the Staff,1739,105.0,102.0,24.9,6.90,100.0,0.0,1,6.60,100,0,893,993,1,2,Ancora Strike,7.2
20261001-201030,Cosmic Piercer,1756,122.2,0.1,100.0,8.70,100.0,1.6,1,8.70,610,17,66,692,3,1,,
20261001-201030,Cosmic Piercer,1756,145.6,23.5,0.0,402.11,100.0,100.0,0,,0,0,0,0,0,log end,Eternal Reflection,8.1
20261001-201030,Aspect of the Spear,1758,174.4,52.3,24.7,4.50,95.5,0.0,1,4.20,100,0,839,939,1,2,Ancora Strike,2.0
20261001-201030,Aspect of the Staff,1760,198.6,45.3,22.5,2.40,100.0,0.0,1,2.40,750,0,281,1031,6,2,Ancora Strike,1.3
20261001-201030,Aspect of the Spear,1774,267.2,41.7,25.2,3.90,100.0,0.0,1,3.60,700,0,281,981,4,2,Ancora Strike,0.8
20261001-201030,Aspect of the Staff,177b,310.1,66.7,23.8,4.20,100.0,0.0,1,3.60,560,0,414,974,4,2,Ancora Strike,5.9
20261001-201030,Cosmic Bulwark,177f,269.1,0.0,100.0,12.90,100.0,0.0,1,12.90,500,40,198,738,3,1,,
20261001-201030,Cosmic Bulwark,177f,297.0,27.9,0.0,250.71,100.0,100.0,0,,0,0,0,0,0,log end,Smash,3.5
20261001-201030,Aspect of the Sword,1780,316.2,47.1,25.7,7.50,100.0,0.0,1,7.20,200,0,765,965,1,2,Ancora Strike,0.2
20261001-201030,Aspect of the Spear,1790,358.8,39.7,24.9,4.50,100.0,0.0,1,4.20,530,0,466,996,4,2,Ancora Strike,3.1
20261001-201030,Aspect of the Staff,179b,445.6,85.6,23.8,9.60,98.6,0.0,1,9.00,450,0,528,978,3,2,Eternal Reflection,1.9
20261001-201030,Aspect of the Sword,17a1,454.0,79.9,25.0,12.60,85.0,0.0,1,12.00,100,0,747,847,1,2,Ancora Strike,0.7
20261001-201030,Aspect of the Spear,17ab,445.8,42.4,24.0,8.10,100.0,0.0,1,8.10,650,0,449,1099,5,2,Ancora Strike,2.2
20261001-201030,Cosmic Sunderer,17b1,440.1,0.0,100.0,7.50,100.0,1.6,1,7.20,460,12,116,588,2,1,,
20261001-201030,Cosmic Sunderer,17b1,462.6,22.5,0.0,85.11,100.0,100.0,0,,0,0,0,0,0,log end,Excision,9.8
20261001-202431,Vloxx,180f,138.1,,69.1,5.40,100.0,2.7,1,5.10,5515,6,624,6145,30,2,Visions of Eternity,13.8
20261001-202431,Vloxx,180f,294.1,,39.1,11.70,99.9,3.7,1,10.80,4950,9,1084,6044,28,2,,
20261001-202431,Aspect of the Staff,1813,80.2,77.2,25.0,13.20,100.0,0.0,1,12.30,150,0,839,989,1,2,Eternal Reflection,2.4
20261001-202431,Cosmic Piercer,182d,118.1,0.1,100.0,6.60,100.0,1.6,1,6.30,300,10,279,588,2,1,,
20261001-202431,Cosmic Piercer,182d,139.7,21.7,0.0,305.59,100.0,100.0,0,,0,0,0,0,0,log end,Annihilating Orb,10.0
20261001-202431,Aspect of the Spear,182e,158.6,40.6,24.7,9.90,100.0,0.0,1,9.90,410,0,724,1134,2,2,Ancora Strike,2.6
20261001-202431,Aspect of the Staff,1838,225.4,70.2,24.7,2.40,98.6,0.0,1,2.40,560,0,401,961,3,2,Ancora Strike,2.4
20261001-202431,Aspect of the Spear,184a,268.8,54.4,24.3,2.70,100.0,0.0,1,2.70,500,0,475,975,3,2,Ancora Strike,5.8
20261001-202431,Cosmic Bulwark,1857,270.9,0.1,100.0,14.40,100.0,1.6,1,14.40,300,29,272,601,3,1,,
20261001-202431,Cosmic Bulwark,1857,300.0,29.2,0.0,145.29,100.0,100.0,0,,0,0,0,0,0,log end,Worldpiercer,9.8
20261001-202431,Aspect of the Sword,1859,313.2,42.4,25.9,5.70,100.0,0.0,1,5.10,300,0,678,978,2,2,Ancora Strike,0.4
20261001-202431,Aspect of the Staff,185a,346.1,74.5,25.1,4.80,100.0,0.0,1,4.50,150,0,847,997,1,2,Eternal Reflection,1.2
20261001-202431,Aspect of the Spear,1868,361.0,42.4,24.7,84.29,100.0,37.3,0,,300,302,334,936,2,log end,Thousand Strikes,0.1
20261001-202431,Aspect of the Sword,187a,436.3,74.1,23.5,5.10,100.0,0.0,1,4.50,260,0,734,994,1,2,Ancora Strike,1.9
20261001-202923,Vloxx,188e,143.8,,68.7,10.20,100.0,2.4,1,9.00,5110,34,1027,6170,26,2,Visions of Eternity,14.6
20261001-202923,Aspect of the Staff,1893,53.2,50.2,23.5,6.90,98.6,0.0,1,5.70,560,0,423,983,3,2,Ancora Strike,4.1
20261001-202923,Aspect of the Staff,18ab,148.9,42.9,23.9,7.80,100.0,0.0,1,7.50,300,0,663,963,2,2,Eternal Reflection,0.6
20261001-202923,Aspect of the Spear,18b1,166.6,45.1,24.9,12.00,100.0,0.0,1,11.70,0,0,957,957,0,2,Thousand Strikes,1.8
20261001-202923,Cosmic Piercer,18b2,121.6,0.1,100.0,7.20,100.0,1.6,1,6.90,450,13,275,738,3,1,,
20261001-202923,Cosmic Piercer,18b2,143.8,22.3,0.0,108.67,100.0,100.0,0,,0,0,0,0,0,log end,Eternal Reflection,8.6
20261001-203309,Vloxx,18d5,139.0,,69.3,7.80,100.0,8.2,0,,5050,0,990,6040,27,2,,
20261001-203309,Aspect of the Staff,18d8,127.3,124.3,23.9,2.70,100.0,0.0,1,2.70,750,0,209,959,4,2,Ancora Strike,2.3
20261001-203309,Cosmic Piercer,18f0,117.3,0.1,100.0,7.80,100.0,0.0,1,7.80,660,0,81,741,4,1,,
20261001-203309,Cosmic Piercer,18f0,140.1,22.9,0.0,66.48,100.0,100.0,0,,0,0,0,0,0,log end,Eternal Reflection,9.4
20261001-203309,Aspect of the Spear,18f2,160.5,43.3,23.2,10.80,100.0,0.0,1,10.20,300,7,686,993,2,2,Thousand Strikes,1.2
20261001-203917,Vloxx,190d,140.2,,68.9,10.80,100.0,3.7,1,8.70,4850,0,1198,6048,26,2,Visions of Eternity,7.0
20261001-203917,Vloxx,190d,302.8,,39.2,11.10,100.0,0.3,1,10.80,4845,7,1143,5995,26,2,,
20261001-203917,Aspect of the Staff,1911,82.6,79.6,25.2,6.60,100.0,0.0,1,6.00,250,0,733,983,2,2,Ancora Strike,2.1
20261001-203917,Aspect of the Spear,192f,158.4,33.1,21.0,4.80,100.0,0.0,1,4.50,880,0,278,1158,7,2,Ancora Strike,3.0
20261001-203917,Cosmic Piercer,1930,125.4,0.1,100.0,6.60,100.0,0.0,1,6.60,560,14,145,720,3,1,,
20261001-203917,Cosmic Piercer,1930,147.0,21.7,0.0,187.99,100.0,100.0,0,,0,0,0,0,0,log end,Annihilating Orb,9.9
20261001-203917,Aspect of the Staff,1935,219.8,75.3,24.7,8.10,98.6,0.0,1,7.80,150,0,831,981,1,2,Eternal Reflection,1.3
20261001-203917,Aspect of the Spear,1945,252.7,49.5,24.1,6.90,97.4,0.0,1,6.30,300,0,644,944,2,2,Ancora Strike,4.8
20261001-203917,Cosmic Bulwark,1958,274.6,0.1,100.0,6.90,100.0,0.0,1,6.90,550,0,143,693,3,1,,
20261001-203917,Cosmic Bulwark,1958,296.5,22.0,0.0,38.49,100.0,100.0,0,,0,0,0,0,0,log end,Worldpiercer,9.7
20261001-204237,Vloxx,196a,140.7,,68.9,15.90,100.0,0.0,1,14.70,4430,0,1561,5991,24,2,Visions of Eternity,10.6
20261001-204237,Aspect of the Staff,196e,75.6,72.6,23.6,3.60,86.2,0.0,1,3.00,300,0,555,855,1,2,80311,0.6
20261001-204237,Aspect of the Spear,198b,161.8,37.6,21.2,2.40,100.0,0.0,1,1.80,610,0,375,985,4,2,Ancora Strike,6.7
20261001-204237,Cosmic Piercer,198c,124.3,0.1,100.0,6.90,100.0,0.0,1,6.90,500,0,108,608,4,1,,
20261001-204237,Cosmic Piercer,198c,146.5,22.3,0.0,29.00,100.0,100.0,0,,0,0,0,0,0,log end,Annihilating Orb,9.3
20261001-205127,Vloxx,19c3,149.5,,69.2,8.10,100.0,0.6,1,7.20,5215,7,755,5977,27,2,,
20261001-205127,Aspect of the Staff,19c6,83.8,80.8,23.9,11.40,100.0,0.0,1,9.00,450,14,558,1022,3,2,Ancora Strike,3.2
20261001-205127,Cosmic Piercer,19e5,123.6,0.1,100.0,9.90,100.0,0.0,1,9.90,450,43,200,693,3,1,,
20261001-205127,Cosmic Piercer,19e5,148.5,25.0,0.0,68.68,100.0,100.0,0,,0,0,0,0,0,log end,Eternal Reflection,8.3
20261001-205127,Aspect of the Spear,19e8,167.1,43.6,26.9,7.50,100.0,0.0,1,7.20,200,0,777,977,2,2,Ancora Strike,0.1
20261001-210120,Vloxx,1a02,137.5,,68.9,7.80,100.0,1.0,1,7.50,4935,0,1049,5984,27,2,Visions of Eternity,12.1
20261001-210120,Vloxx,1a02,289.9,,39.2,13.50,100.0,0.6,1,12.90,4860,0,1252,6112,28,2,Visions of Eternity,13.1
20261001-210120,Vloxx,1a02,468.4,,9.3,7.20,100.0,1.9,1,6.60,5620,58,476,6154,31,2,Visions of Eternity,9.1
20261001-210120,Aspect of the Staff,1a07,92.8,89.8,24.1,7.50,100.0,0.0,1,7.50,560,0,508,1068,3,2,Eternal Reflection,0.1
20261001-210120,Cosmic Piercer,1a24,119.6,0.1,100.0,6.90,100.0,1.6,1,6.90,700,10,47,757,5,1,,
20261001-210120,Cosmic Piercer,1a24,141.5,22.0,0.0,413.50,100.0,100.0,0,,0,0,0,0,0,log end,Annihilating Orb,9.8
20261001-210120,Aspect of the Spear,1a25,174.8,55.3,24.4,3.60,100.0,0.0,1,3.60,400,0,685,1085,3,2,Ancora Strike,4.5
20261001-210120,Aspect of the Staff,1a2c,214.1,63.4,23.7,12.60,100.0,0.0,1,12.30,150,0,840,990,1,2,Ancora Strike,4.4
20261001-210120,Aspect of the Spear,1a3d,275.0,52.3,25.0,2.10,100.0,0.0,1,1.80,885,0,111,996,4,2,Ancora Strike,4.5
20261001-210120,Cosmic Bulwark,1a4c,271.0,0.1,100.0,8.70,100.0,1.6,1,8.70,610,10,132,751,3,1,,
20261001-210120,Cosmic Bulwark,1a4c,294.7,23.8,0.0,260.30,100.0,100.0,0,,0,0,0,0,0,log end,Worldpiercer,9.8
20261001-210120,Aspect of the Sword,1a4e,356.2,85.3,24.8,11.10,100.0,0.0,1,10.20,100,0,890,990,1,2,Ancora Strike,4.7
20261001-210120,Aspect of the Staff,1a55,354.9,72.9,24.6,3.30,100.0,0.0,1,3.00,150,0,649,799,1,2,80311,1.0
20261001-210120,Aspect of the Spear,1a64,421.3,82.3,24.6,4.50,80.0,0.0,1,4.20,250,0,538,788,2,2,Ancora Strike,0.2
20261001-210120,Aspect of the Staff,1a74,454.2,53.4,24.6,100.80,100.0,23.9,0,,100,302,658,1060,1,log end,Ancora Strike,6.3
20261001-210120,Aspect of the Sword,1a7b,474.6,52.6,25.8,6.60,100.0,0.0,1,6.60,545,0,564,1109,4,2,Ancora Strike,1.7
20261001-210120,Cosmic Sunderer,1a85,453.5,0.0,100.0,7.50,100.0,1.6,1,7.50,450,10,161,621,4,1,,
20261001-210120,Cosmic Sunderer,1a85,476.0,22.5,0.0,79.00,100.0,100.0,0,,0,0,0,0,0,log end,Excision,9.9
20261001-210120,Aspect of the Spear,1a96,504.1,36.7,24.9,13.20,100.0,0.0,1,12.30,100,0,887,987,1,2,Ancora Strike,4.6
20261001-211048,Vloxx,1abe,130.0,,69.4,11.10,100.0,0.9,1,9.00,5295,0,857,6152,29,2,Visions of Eternity,9.7
20261001-211048,Vloxx,1abe,294.1,,39.6,9.30,100.0,3.9,1,9.00,5490,12,529,6031,30,2,,
20261001-211048,Aspect of the Staff,1ac1,114.4,111.4,24.6,3.90,100.0,0.0,1,3.90,975,0,150,1125,5,2,Ancora Strike,1.1
20261001-211048,Cosmic Piercer,1ad9,114.5,0.1,100.0,6.60,100.0,1.6,1,6.30,720,10,64,794,3,1,,
20261001-211048,Cosmic Piercer,1ad9,136.1,21.7,0.0,292.38,100.0,100.0,0,,0,0,0,0,0,log end,Annihilating Orb,10.1
20261001-211048,Aspect of the Spear,1ada,158.0,43.6,24.4,9.00,97.4,0.0,1,8.40,150,11,825,986,1,2,Thousand Strikes,1.1
20261001-211048,Aspect of the Staff,1af3,263.7,84.0,24.9,8.10,100.0,0.0,1,6.90,490,0,501,991,2,2,Ancora Strike,5.7
20261001-211048,Aspect of the Spear,1afa,324.3,111.0,24.4,6.90,98.6,0.0,1,6.30,300,0,661,961,2,2,Ancora Strike,8.8
20261001-211048,Cosmic Bulwark,1b05,268.5,0.1,100.0,15.30,100.0,0.0,1,15.30,560,29,143,732,3,1,,
20261001-211048,Cosmic Bulwark,1b05,298.8,30.4,0.0,129.68,100.0,100.0,0,,0,0,0,0,0,log end,Smash,6.0
20261001-211048,Aspect of the Sword,1b07,333.3,64.9,25.0,8.70,100.0,0.0,1,7.80,130,0,854,984,1,2,Ancora Strike,1.6
20261001-212705,Vloxx,1b45,139.5,,69.1,9.00,100.0,5.1,1,8.70,5460,0,561,6021,30,2,Visions of Eternity,14.0
20261001-212705,Aspect of the Staff,1b49,88.5,85.5,25.1,9.90,100.0,0.0,1,9.30,350,0,642,992,2,2,Ancora Strike,0.8
20261001-212705,Cosmic Piercer,1b6a,119.7,0.1,100.0,8.70,100.0,1.0,1,6.60,600,24,8,632,3,1,,
20261001-212705,Cosmic Piercer,1b6a,143.4,23.8,0.0,26.26,100.0,100.0,0,,0,0,0,0,0,log end,Eternal Reflection,8.6
20261001-213007,Vloxx,1b79,134.1,,69.2,6.00,100.0,4.0,1,5.70,5265,0,868,6133,28,2,Visions of Eternity,8.5
20261001-213007,Aspect of the Staff,1b7e,98.4,95.4,24.9,14.70,100.0,0.0,1,13.20,350,0,643,993,2,2,Eternal Reflection,5.2
20261001-213007,Aspect of the Spear,1b9c,157.9,40.6,24.2,4.31,98.6,77.1,0,,0,0,214,214,0,log end,Ancora Strike,6.0
20261001-213007,Cosmic Piercer,1b9d,117.4,0.1,100.0,6.00,100.0,1.6,1,6.00,650,14,28,692,4,1,,
20261001-213007,Cosmic Piercer,1b9d,138.4,21.1,0.0,23.81,100.0,100.0,0,,0,0,0,0,0,log end,Annihilating Orb,10.0
20261001-213946,Vloxx,1ba9,140.5,,69.2,8.10,100.0,0.3,1,7.50,4875,0,1109,5984,26,2,,
20261001-213946,Vloxx,1ba9,304.9,,39.2,6.00,100.0,1.4,1,5.70,5445,0,585,6030,29,2,,
20261001-213946,Vloxx,1ba9,480.4,,9.3,6.90,100.0,0.3,1,6.30,5465,0,667,6132,29,2,Visions of Eternity,8.0
20261001-213946,Aspect of the Staff,1bac,104.5,101.5,25.0,2.40,100.0,0.0,1,2.10,770,0,377,1147,4,2,Ancora Strike,0.2
20261001-213946,Cosmic Piercer,1bc9,119.6,0.1,100.0,5.70,100.0,0.7,1,5.40,600,10,96,705,4,1,,
20261001-213946,Cosmic Piercer,1bc9,140.3,20.8,0.0,426.64,100.0,100.0,0,,0,0,0,0,0,log end,Annihilating Orb,9.9
20261001-213946,Aspect of the Spear,1bcb,166.1,46.6,24.8,7.50,100.0,0.0,1,7.50,450,47,714,1211,3,2,Ancora Strike,0.1
20261001-213946,Aspect of the Staff,1bd7,203.8,49.0,24.7,3.90,100.0,0.0,1,3.60,500,0,486,986,3,2,Ancora Strike,4.4
20261001-213946,Aspect of the Spear,1beb,259.3,37.3,21.0,1.80,56.2,0.0,1,1.80,300,0,265,565,2,2,Ancora Strike,6.9
20261001-213946,Aspect of the Staff,1bf1,292.1,43.5,21.9,4.80,100.0,0.0,1,4.20,600,0,468,1068,4,2,Eternal Reflection,1.9
20261001-213946,Cosmic Bulwark,1bfb,271.6,0.1,100.0,24.60,100.0,0.0,1,24.00,300,0,392,692,3,1,,
20261001-213946,Cosmic Bulwark,1bfb,311.2,39.7,0.0,255.74,100.0,100.0,0,,0,0,0,0,0,log end,Raging Storm,8.8
20261001-213946,Aspect of the Sword,1bfc,346.0,74.5,24.1,6.60,76.2,0.0,1,6.60,200,0,585,785,1,2,Excision Extremis,5.0
20261001-213946,Aspect of the Spear,1c06,362.3,58.3,23.9,12.60,100.0,0.0,1,12.00,100,0,881,981,1,2,Cosmic Charge,0.3
20261001-213946,Aspect of the Staff,1c10,432.7,92.2,24.4,10.50,100.0,0.0,1,9.90,300,0,792,1092,2,2,Ancora Strike,0.3
20261001-213946,Aspect of the Sword,1c22,447.0,46.3,24.9,6.00,77.4,0.0,1,6.00,300,0,562,862,2,2,Division Eternal,3.4
20261001-213946,Aspect of the Spear,1c26,471.8,49.6,24.9,3.30,86.2,0.0,1,3.30,500,0,397,897,4,2,Ancora Strike,4.5
20261001-213946,Cosmic Sunderer,1c33,464.6,0.1,100.0,6.90,100.0,1.6,1,6.90,550,24,162,735,3,1,,
20261001-213946,Cosmic Sunderer,1c33,486.5,22.0,0.0,80.44,100.0,100.0,0,,0,0,0,0,0,log end,80510,10.0
20261001-213946,Aspect of the Staff,1c48,545.8,54.3,25.7,21.14,85.0,11.3,0,,200,0,550,750,1,log end,Ancora Strike,2.2
20261001-220542,Vloxx,2576,135.6,,69.2,10.80,100.0,0.4,1,9.60,5315,2,664,5981,28,2,,
20261001-220542,Aspect of the Staff,257f,112.6,109.6,26.1,2.70,100.0,0.0,1,2.40,840,0,158,998,5,2,Eternal Reflection,2.8
20261001-220542,Cosmic Piercer,259e,112.6,0.1,100.0,11.40,100.0,1.6,1,11.40,550,13,166,729,4,1,,
20261001-220542,Cosmic Piercer,259e,139.0,26.5,0.0,79.70,100.0,100.0,0,,0,0,0,0,0,log end,Eternal Reflection,9.3
20261001-220542,Aspect of the Spear,259f,158.8,46.3,25.0,9.90,100.0,0.0,1,9.30,300,0,693,993,2,2,Ancora Strike,0.7
20261001-220542,Aspect of the Staff,25b3,208.9,48.3,28.5,2.70,100.0,0.0,1,2.70,810,0,201,1011,4,2,Ancora Strike,4.1
20261001-220938,Vloxx,25cd,136.0,,69.4,7.50,100.0,3.0,1,5.70,5335,0,681,6016,29,2,,
20261001-220938,Aspect of the Staff,25d1,110.5,107.5,24.9,4.80,97.4,0.0,1,4.80,750,0,276,1026,4,2,Eternal Reflection,0.6
20261001-220938,Cosmic Piercer,25e9,112.2,0.1,100.0,10.80,100.0,1.6,1,10.50,500,13,178,691,3,1,,
20261001-220938,Cosmic Piercer,25e9,138.0,25.9,0.0,48.34,100.0,100.0,0,,0,0,0,0,0,log end,Eternal Reflection,9.4
20261001-220938,Aspect of the Spear,25ec,153.3,41.2,23.9,33.04,97.4,6.6,0,,0,305,916,1221,0,log end,Ancora Strike,4.9
20261001-221556,Vloxx,25fe,130.3,,69.1,12.60,99.8,4.3,1,12.00,4905,0,1223,6128,28,2,Visions of Eternity,8.5
20261001-221556,Vloxx,25fe,281.2,,38.7,12.30,100.0,3.6,1,12.00,5470,102,753,6325,29,2,,
20261001-221556,Aspect of the Staff,2600,82.0,79.0,23.7,8.70,100.0,0.0,1,7.80,0,0,993,993,0,2,Ancora Strike,0.9
20261001-221556,Aspect of the Spear,261d,145.0,29.2,26.6,2.70,100.0,0.0,1,2.10,850,0,139,989,4,2,Ancora Strike,2.5
20261001-221556,Cosmic Piercer,261e,115.9,0.1,100.0,7.80,100.0,1.6,1,7.80,580,10,45,635,4,1,,
20261001-221556,Cosmic Piercer,261e,138.4,22.6,0.0,208.48,100.0,100.0,0,,0,0,0,0,0,log end,Annihilating Orb,9.4
20261001-221556,Aspect of the Staff,2626,206.4,58.6,24.3,7.80,98.6,0.0,1,7.20,200,0,767,967,1,2,Eternal Reflection,0.3
20261001-221556,Aspect of the Spear,2633,245.5,52.6,24.8,3.90,100.0,0.0,1,3.90,200,0,750,950,1,2,Ancora Strike,0.2
20261001-221556,Cosmic Bulwark,2646,251.8,0.0,100.0,11.10,100.0,1.6,1,11.10,800,74,7,881,5,1,,
20261001-221556,Cosmic Bulwark,2646,277.9,26.1,10.2,68.98,100.0,98.8,0,,0,8,8,17,0,log end,Smash,1.7
20261001-221556,Aspect of the Sword,2649,339.4,87.6,25.0,7.48,100.0,69.9,0,,0,0,300,300,0,log end,Ancora Strike,1.0
20261001-222029,Vloxx,265d,136.8,,69.5,8.70,100.0,2.0,1,7.80,5000,0,1079,6079,26,2,,
20261001-222029,Aspect of the Staff,2661,92.4,89.4,24.4,13.50,99.1,0.0,1,12.60,395,0,589,984,2,2,Ancora Strike,11.2
20261001-222029,Cosmic Piercer,267a,113.0,0.0,100.0,15.30,100.0,1.6,1,14.70,500,10,284,794,3,1,,
20261001-222029,Cosmic Piercer,267a,143.3,30.3,0.0,81.69,100.0,100.0,0,,0,0,0,0,0,log end,Eternal Reflection,9.7
20261001-222029,Aspect of the Spear,267d,158.0,45.0,23.9,9.30,100.0,0.0,1,9.30,400,0,732,1132,2,2,Thousand Strikes,1.8
20261001-222522,Vloxx,269c,133.0,,69.3,12.00,100.0,2.9,1,11.40,4960,0,1101,6061,27,2,Visions of Eternity,8.3
20261001-222522,Aspect of the Staff,26a0,77.2,74.2,26.6,4.80,100.0,0.0,1,3.60,590,0,408,998,2,2,Eternal Reflection,0.6
20261001-222522,Cosmic Piercer,26bd,116.7,0.1,100.0,7.80,100.0,1.6,1,7.80,330,10,307,647,3,1,,
20261001-222522,Cosmic Piercer,26bd,139.5,22.9,0.0,104.39,100.0,100.0,0,,0,0,0,0,0,log end,Annihilating Orb,9.3
20261001-222522,Aspect of the Spear,26bf,150.6,34.0,21.5,1.80,100.0,0.0,1,1.80,650,0,325,975,4,2,Ancora Strike,3.6
20261001-222522,Aspect of the Staff,26c7,210.7,64.5,24.9,25.50,98.6,0.0,1,24.60,150,76,909,1135,1,2,Ancora Strike,1.0
20261001-223543,Vloxx,26df,134.2,,69.1,8.40,100.0,7.5,0,,5365,19,637,6021,29,2,,
20261001-223543,Vloxx,26df,288.1,,39.2,10.50,100.0,3.0,1,9.00,5450,38,611,6099,27,2,Visions of Eternity,14.6
20261001-223543,Vloxx,26df,468.4,,9.4,9.30,100.0,2.0,1,8.70,5180,12,936,6128,26,2,Visions of Eternity,14.6
20261001-223543,Aspect of the Staff,26e4,110.2,107.2,24.4,7.50,100.0,0.0,1,7.50,585,0,479,1064,3,2,Eternal Reflection,1.0
20261001-223543,Cosmic Piercer,26fb,112.0,0.1,100.0,13.80,100.0,1.6,1,13.80,400,14,306,721,2,1,,
20261001-223543,Cosmic Piercer,26fb,140.8,28.9,0.0,449.50,100.0,100.0,0,,0,0,0,0,0,log end,Eternal Reflection,9.5
20261001-223543,Aspect of the Spear,26fc,164.8,52.9,24.1,5.40,97.4,0.0,1,5.10,200,0,928,1128,1,2,Ancora Strike,2.6
20261001-223543,Aspect of the Staff,270e,237.2,70.2,23.5,8.70,98.6,0.0,1,8.40,600,0,527,1127,5,2,Ancora Strike,4.4
20261001-223543,Aspect of the Spear,271c,263.2,46.9,24.8,6.60,100.0,0.0,1,6.30,300,0,675,975,3,2,Ancora Strike,0.2
20261001-223543,Cosmic Bulwark,272c,267.7,0.1,100.0,7.20,100.0,1.6,1,7.20,700,10,33,742,4,1,,
20261001-223543,Cosmic Bulwark,272c,289.9,22.3,0.0,300.40,100.0,100.0,0,,0,0,0,0,0,log end,Worldpiercer,2.7
20261001-223543,Aspect of the Sword,272f,313.3,45.7,24.8,3.60,97.4,0.0,1,3.60,550,0,387,937,4,2,Division Eternal,1.7
20261001-223543,Aspect of the Staff,2735,391.3,105.4,24.1,10.20,100.0,0.0,1,9.30,200,0,788,988,2,2,Ancora Strike,2.0
20261001-223543,Aspect of the Spear,273f,362.9,46.9,23.4,6.60,100.0,0.0,1,6.00,300,0,699,999,2,2,Thousand Strikes,3.1
20261001-223543,Aspect of the Sword,274b,448.6,86.8,24.4,7.80,100.0,0.0,1,7.80,640,0,445,1085,4,2,Ancora Strike,2.4
20261001-223543,Aspect of the Spear,275d,485.4,75.7,25.2,5.10,100.0,0.0,1,5.10,600,0,638,1238,4,2,Ancora Strike,1.3
20261001-223543,Cosmic Sunderer,2765,447.9,0.0,100.0,10.20,100.0,1.6,1,10.20,700,50,29,779,5,1,,
20261001-223543,Cosmic Sunderer,2765,473.1,25.2,0.0,117.20,100.0,100.0,0,,0,0,0,0,0,log end,80510,9.3
20261001-223543,Aspect of the Staff,2776,542.6,77.7,23.6,5.70,93.8,0.0,1,5.40,250,0,668,918,2,2,Eternal Reflection,4.4
20261001-224122,Vloxx,278e,129.3,,69.2,10.50,100.0,0.2,1,9.60,4985,0,1004,5989,26,2,Visions of Eternity,6.9
20261001-224122,Aspect of the Staff,2793,87.9,84.9,24.3,16.80,100.0,0.0,1,16.20,350,0,798,1148,2,2,Ancora Strike,1.5
20261001-224122,Aspect of the Spear,27af,149.7,35.2,22.4,6.00,100.0,0.0,1,6.00,200,0,948,1148,1,2,Ancora Strike,6.8
20261001-224122,Cosmic Piercer,27b0,114.6,0.1,100.0,6.90,100.0,0.0,1,6.90,660,14,13,687,4,1,,
20261001-224122,Cosmic Piercer,27b0,136.5,22.0,0.0,124.13,100.0,100.0,0,,0,0,0,0,0,log end,Annihilating Orb,9.6
20261001-224122,Aspect of the Staff,27b9,224.3,69.6,24.9,12.00,100.0,0.0,1,11.70,350,0,816,1166,2,2,Ancora Strike,1.7
20261001-224122,Aspect of the Spear,27c7,238.4,40.9,24.8,3.00,95.0,0.0,1,2.40,550,0,381,931,3,2,Ancora Strike,3.1
20261001-224532,Vloxx,27d5,135.1,,69.1,9.00,99.5,0.1,1,8.10,5030,0,933,5963,27,2,Visions of Eternity,13.3
20261001-224532,Aspect of the Staff,27da,75.4,72.4,24.8,4.20,100.0,0.0,1,4.20,450,0,522,972,3,2,80311,0.4
20261001-224532,Aspect of the Spear,27f7,157.9,43.3,23.4,7.50,100.0,0.0,1,7.50,200,0,839,1039,1,2,Thousand Strikes,1.2
20261001-224532,Cosmic Piercer,27f8,114.7,0.1,100.0,6.30,100.0,0.1,1,6.00,500,10,99,609,4,1,,
20261001-224532,Cosmic Piercer,27f8,136.0,21.4,0.0,81.98,100.0,100.0,0,,0,0,0,0,0,log end,Annihilating Orb,10.0
20261001-224532,Aspect of the Staff,27fb,189.1,67.3,24.9,6.30,98.6,0.0,1,6.30,260,0,912,1172,1,2,Ancora Strike,6.4
20261001-225245,Vloxx,2816,138.9,,69.2,7.50,100.0,0.3,1,6.00,5490,0,489,5979,30,2,,
20261001-225245,Vloxx,2816,286.2,,39.2,10.80,100.0,1.8,1,10.20,5595,20,513,6128,29,2,Visions of Eternity,13.9
20261001-225245,Aspect of the Staff,281a,117.6,114.6,25.0,3.00,100.0,0.0,1,3.00,1080,0,7,1087,6,2,Ancora Strike,0.4
20261001-225245,Cosmic Piercer,2830,114.5,0.1,100.0,9.60,100.0,1.6,1,9.00,550,29,53,631,3,1,,
20261001-225245,Cosmic Piercer,2830,139.1,24.7,0.0,236.17,100.0,100.0,0,,0,0,0,0,0,log end,Eternal Reflection,9.9
20261001-225245,Aspect of the Spear,2832,173.3,58.9,24.8,5.40,100.0,0.0,1,5.40,500,0,580,1080,3,2,Ancora Strike,5.9
20261001-225245,Aspect of the Staff,2842,232.7,57.1,24.9,8.10,77.4,0.0,1,8.10,350,0,431,781,2,2,Ancora Strike,6.3
20261001-225245,Aspect of the Spear,2851,257.0,34.9,25.0,9.30,100.0,0.0,1,9.00,410,0,708,1118,2,2,Ancora Strike,4.1
20261001-225245,Cosmic Bulwark,285d,264.5,0.1,100.0,6.60,100.0,0.0,1,6.60,650,25,132,807,4,1,,
20261001-225245,Cosmic Bulwark,285d,286.4,22.0,0.0,88.87,100.0,100.0,0,,0,0,0,0,0,log end,Cosmic Charge,7.7
20261001-225245,Aspect of the Sword,2860,327.2,62.8,24.4,10.80,100.0,0.0,1,10.20,510,0,739,1249,3,2,Division Eternal,2.7
20261001-225245,Aspect of the Staff,286d,358.5,52.3,24.9,5.40,80.0,0.0,1,5.10,410,0,364,774,2,2,Ancora Strike,0.8
20261002-150509,Aspect of the Staff,96d,36.7,33.7,24.7,1.80,100.0,0.0,1,1.80,720,0,299,1019,3,2,Ancora Strike,5.1
20261002-151055,Vloxx,982,164.4,,68.7,11.40,100.0,2.7,1,10.50,5245,34,874,6153,29,2,Visions of Eternity,11.2
20261002-151055,Aspect of the Staff,987,39.1,36.1,20.6,2.10,100.0,0.0,1,2.10,750,0,305,1055,4,2,Ancora Strike,0.2
20261002-151055,Aspect of the Staff,9a7,113.9,31.0,22.4,2.40,96.7,0.0,1,2.40,700,0,322,1022,4,2,Ancora Strike,3.7
20261002-151055,Cosmic Piercer,9c0,147.3,0.0,100.0,6.30,100.0,0.0,1,6.30,600,10,48,657,4,1,,
20261002-151055,Cosmic Piercer,9c0,168.6,21.3,0.0,126.68,100.0,100.0,0,,0,0,0,0,0,log end,Annihilating Orb,9.8
20261002-151055,Aspect of the Spear,9c1,187.2,39.9,24.4,9.60,100.0,0.0,1,9.30,0,0,998,998,0,2,Ancora Strike,3.0
20261002-151055,Aspect of the Staff,9c6,233.1,74.5,23.7,2.40,95.0,0.0,1,2.40,600,0,329,929,5,2,Eternal Reflection,0.4
20261002-151558,Vloxx,9f6,172.0,,69.4,13.20,100.0,1.8,1,12.30,5000,83,1031,6114,27,2,Visions of Eternity,14.0
20261002-151558,Aspect of the Staff,9fc,29.5,26.5,23.6,4.20,100.0,0.0,1,4.20,200,0,740,940,1,2,Eternal Reflection,3.0
20261002-151558,Aspect of the Staff,a1a,145.9,71.5,24.5,4.50,100.0,0.0,1,4.20,0,0,982,982,0,2,Ancora Strike,2.7
20261002-151558,Cosmic Piercer,a2f,150.4,0.3,100.0,6.60,100.0,1.6,1,6.60,820,20,5,845,4,1,,
20261002-151558,Cosmic Piercer,a2f,172.0,21.9,0.0,67.85,100.0,100.0,0,,0,0,0,0,0,log end,Annihilating Orb,9.7
20261002-151558,Aspect of the Spear,a30,196.3,46.2,23.2,5.40,100.0,0.0,1,5.40,390,0,642,1032,2,2,Thousand Strikes,2.2
20261002-152053,Vloxx,b42,161.8,,68.7,9.90,100.0,1.6,1,8.40,4975,38,1021,6034,27,2,,
20261002-152053,Aspect of the Staff,b45,31.0,28.0,25.0,3.60,100.0,0.0,1,3.30,350,0,639,989,2,2,Eternal Reflection,1.4
20261002-152053,Aspect of the Staff,b65,105.0,28.6,21.7,4.50,100.0,0.0,1,4.20,655,0,490,1145,3,2,Eternal Reflection,3.4
20261002-152053,Aspect of the Spear,b7d,182.8,45.7,21.2,7.80,98.6,0.0,1,7.80,300,0,743,1043,1,2,Thousand Strikes,2.9
20261002-152053,Cosmic Piercer,b7e,137.2,0.1,100.0,7.50,100.0,0.0,1,7.20,770,0,89,859,3,1,,
20261002-152053,Cosmic Piercer,b7e,159.7,22.6,0.0,36.10,100.0,100.0,0,,0,0,0,0,0,log end,Annihilating Orb,10.0
20261002-152053,Aspect of the Staff,b84,184.4,34.6,24.2,11.40,100.0,38.5,0,,0,0,615,615,0,log end,Ancora Strike,4.6
20261002-152706,Vloxx,c8c,162.0,,69.0,11.10,100.0,0.3,1,10.20,5595,39,424,6059,31,2,Visions of Eternity,11.3
20261002-152706,Aspect of the Staff,c8f,29.7,26.7,22.1,2.10,100.0,0.0,1,1.80,600,0,375,975,3,2,Eternal Reflection,0.3
20261002-152706,Aspect of the Staff,cea,111.1,36.4,24.8,2.10,100.0,0.0,1,1.80,750,0,228,978,4,2,Ancora Strike,0.8
20261002-152706,Cosmic Piercer,d42,144.8,0.0,100.0,8.40,100.0,1.6,1,8.10,700,24,79,803,4,1,,
20261002-152706,Cosmic Piercer,d42,167.9,23.1,0.0,24.95,100.0,100.0,0,,0,0,0,0,0,log end,Eternal Reflection,9.9
20261002-152921,Aspect of the Staff,e60,32.2,29.2,23.2,2.40,100.0,0.0,1,2.40,760,0,259,1019,4,2,Eternal Reflection,2.8
20261002-153333,Vloxx,e7c,169.8,,69.4,13.20,100.0,0.0,1,12.00,5180,2,969,6151,29,2,Visions of Eternity,14.6
20261002-153333,Aspect of the Staff,e7e,30.0,27.0,27.9,2.70,100.0,0.0,1,2.40,500,0,465,965,3,2,Eternal Reflection,0.1
20261002-153333,Aspect of the Staff,e9f,129.5,52.6,24.6,3.30,100.0,0.0,1,3.30,1135,4,13,1151,6,2,Ancora Strike,0.3
20261002-153333,Cosmic Piercer,eba,149.4,0.1,100.0,7.50,100.0,1.6,1,7.50,650,10,1,661,3,1,,
20261002-153333,Cosmic Piercer,eba,171.6,22.3,0.0,53.07,100.0,100.0,0,,0,0,0,0,0,log end,Eternal Reflection,8.7
20261002-153333,Aspect of the Spear,ebd,192.9,43.6,24.6,5.70,100.0,0.0,1,5.70,200,0,860,1060,1,2,Thousand Strikes,1.3
20261002-153652,Aspect of the Staff,fc4,46.3,43.3,23.7,5.40,97.4,0.0,1,4.50,300,0,671,971,2,2,Eternal Reflection,2.0
20261002-154127,Vloxx,1000,159.4,,69.1,6.60,100.0,2.2,1,6.30,5695,0,428,6123,31,2,,
20261002-154127,Aspect of the Staff,1003,46.6,43.6,24.9,3.30,100.0,0.0,1,3.30,600,0,545,1145,3,2,Eternal Reflection,2.7
20261002-154127,Aspect of the Staff,106d,169.8,73.5,24.9,8.40,97.0,0.0,1,8.40,300,0,782,1082,2,2,80311,1.6
20261002-154127,Aspect of the Spear,1095,196.1,62.8,25.0,6.00,97.4,0.0,1,6.00,400,0,548,948,2,2,Ancora Strike,2.5
20261002-154127,Cosmic Piercer,1097,133.4,0.1,100.0,8.10,100.0,1.6,1,8.10,550,17,101,667,3,1,,
20261002-154127,Cosmic Piercer,1097,156.5,23.2,0.0,105.49,100.0,100.0,0,,0,0,0,0,0,log end,Eternal Reflection,10.1
20261002-154530,Vloxx,110b,168.4,,69.0,7.20,100.0,2.6,1,6.00,5535,3,472,6011,32,2,,
20261002-154530,Aspect of the Staff,110d,54.4,51.4,24.3,2.10,100.0,0.0,1,2.10,800,0,394,1194,5,2,Ancora Strike,5.9
20261002-154530,Aspect of the Staff,1188,147.8,42.6,25.1,2.70,100.0,0.0,1,2.70,850,0,175,1025,4,2,Eternal Reflection,1.7
20261002-154530,Aspect of the Spear,11ac,199.0,63.7,24.7,5.25,100.0,60.8,0,,200,0,200,400,2,log end,Ancora Strike,0.6
20261002-154530,Cosmic Piercer,11ad,135.4,0.1,100.0,20.70,100.0,0.0,1,20.70,250,40,395,685,1,1,,
20261002-154530,Cosmic Piercer,11ad,171.4,36.1,0.0,32.85,100.0,100.0,0,,0,0,0,0,0,log end,Annihilating Orb,4.0
20261002-222650,Vloxx,901,139.2,,69.1,10.20,100.0,3.0,1,9.90,5455,34,590,6079,29,2,,
20261002-222650,Vloxx,901,306.3,,39.1,6.00,100.0,2.1,1,5.70,5660,0,473,6133,31,2,,
20261002-222650,Aspect of the Staff,90e,105.9,102.9,24.2,9.00,99.1,0.0,1,9.00,500,0,506,1006,3,2,Ancora Strike,1.5
20261002-222650,Cosmic Piercer,929,117.4,0.0,100.0,8.70,100.0,1.6,1,8.10,460,19,126,605,3,1,,
20261002-222650,Cosmic Piercer,929,140.8,23.4,0.0,225.65,100.0,100.0,0,,0,0,0,0,0,log end,Eternal Reflection,9.3
20261002-222650,Aspect of the Spear,92b,159.4,42.0,23.5,5.40,100.0,0.0,1,4.50,500,0,498,998,4,2,Ancora Strike,3.9
20261002-222650,Aspect of the Staff,941,249.3,81.7,24.6,3.30,100.0,0.0,1,3.00,500,0,467,967,4,2,Ancora Strike,2.6
20261002-222650,Aspect of the Spear,949,249.3,42.1,25.2,2.40,100.0,0.0,1,2.10,650,0,327,977,5,2,Thousand Strikes,0.0
20261002-222650,Cosmic Bulwark,95d,279.7,0.3,100.0,9.60,100.0,1.6,1,9.60,650,48,1,699,4,1,,
20261002-222650,Cosmic Bulwark,95d,304.0,24.6,0.0,62.45,100.0,100.0,0,,0,0,0,0,0,log end,81015,9.5
20261002-222650,Aspect of the Sword,960,364.6,85.2,24.5,1.85,100.0,93.0,0,,0,0,83,83,0,log end,Ancora Strike,3.2
20261002-222650,Aspect of the Spear,964,353.2,58.6,24.7,3.90,100.0,0.0,1,3.30,500,0,497,997,5,2,Ancora Strike,5.1
20261002-223049,Vloxx,977,137.1,,69.1,6.60,100.0,0.8,1,5.70,5435,0,780,6215,29,2,Visions of Eternity,12.1
20261002-223049,Aspect of the Staff,97b,42.0,39.0,27.7,4.50,100.0,0.0,1,4.20,450,0,524,974,3,2,Ancora Strike,2.1
20261002-223049,Aspect of the Staff,991,144.2,55.2,23.1,77.91,98.6,28.1,0,,100,295,605,1000,1,log end,Ancora Strike,5.8
20261002-223049,Cosmic Piercer,998,118.4,0.1,100.0,7.20,100.0,1.6,1,7.20,530,17,224,771,3,1,,
20261002-223049,Cosmic Piercer,998,140.6,22.3,0.0,81.50,100.0,100.0,0,,0,0,0,0,0,log end,Annihilating Orb,10.0
20261002-223049,Aspect of the Spear,99a,156.2,37.9,23.9,8.70,100.0,0.0,1,8.10,460,0,527,987,2,2,Ancora Strike,1.9
20261002-223258,Aspect of the Staff,9bb,63.7,60.7,24.2,4.20,97.4,0.0,1,3.90,660,0,414,1074,4,2,Ancora Strike,0.6
20261002-224131,Vloxx,9d5,139.5,,69.3,8.70,100.0,0.2,1,8.10,5620,0,518,6138,31,2,Visions of Eternity,14.7
20261002-224131,Vloxx,9d5,302.7,,39.1,10.80,100.0,8.0,0,,5200,11,828,6040,30,2,,
20261002-224131,Aspect of the Staff,9d9,107.2,104.2,23.8,5.70,100.0,0.0,1,5.40,360,0,627,987,2,2,Ancora Strike,2.9
20261002-224131,Cosmic Piercer,9f4,119.0,0.1,100.0,7.80,100.0,0.0,1,7.80,580,0,66,646,4,1,,
20261002-224131,Cosmic Piercer,9f4,141.8,22.9,0.0,345.52,100.0,100.0,0,,0,0,0,0,0,log end,Eternal Reflection,8.7
20261002-224131,Aspect of the Spear,9f6,177.5,58.6,25.0,4.80,100.0,0.0,1,4.20,280,0,694,974,2,2,Ancora Strike,0.8
20261002-224131,Aspect of the Staff,a03,211.7,42.7,24.9,3.30,100.0,0.0,1,2.70,950,0,181,1131,6,2,Eternal Reflection,1.8
20261002-224131,Aspect of the Spear,a13,266.6,43.0,24.8,4.80,100.0,0.0,1,4.50,500,0,480,980,3,2,Ancora Strike,8.5
20261002-224131,Aspect of the Staff,a1a,320.7,60.1,24.1,6.60,100.0,0.0,1,6.60,500,0,483,983,4,2,Eternal Reflection,3.4
20261002-224131,Cosmic Bulwark,a1f,272.9,0.1,100.0,18.90,100.0,1.0,1,18.60,550,28,62,639,4,1,,
20261002-224131,Cosmic Bulwark,a1f,306.8,34.0,0.0,180.52,100.0,100.0,0,,0,0,0,0,0,log end,80536,6.8
20261002-224131,Aspect of the Sword,a20,323.9,51.1,24.8,5.40,98.6,0.0,1,4.80,400,0,580,980,3,2,Ancora Strike,2.7
20261002-224131,Aspect of the Spear,a2b,365.0,43.5,22.0,4.20,100.0,0.0,1,3.30,750,0,236,986,6,2,Thousand Strikes,1.2
20261002-224131,Aspect of the Sword,a44,444.5,61.9,24.0,6.90,100.0,0.0,1,6.00,400,0,567,967,3,2,Division Eternal,3.1
20261002-224131,Aspect of the Spear,a4a,457.4,46.6,24.1,4.20,80.0,0.0,1,4.20,550,0,222,772,4,2,Thousand Strikes,1.1
20261002-225404,Vloxx,a60,139.0,,69.4,12.30,100.0,0.5,1,11.40,5505,29,517,6051,29,2,,
20261002-225404,Vloxx,a60,288.7,,39.3,10.80,100.0,5.2,1,10.50,4840,0,1243,6083,27,2,Visions of Eternity,12.0
20261002-225404,Vloxx,a60,454.9,,9.3,11.10,100.0,0.2,1,10.50,5755,0,426,6181,31,2,,
20261002-225404,Aspect of the Staff,a64,44.2,41.2,22.8,1.50,100.0,0.0,1,1.50,910,0,227,1137,5,2,80311,0.6
20261002-225404,Aspect of the Staff,a78,133.3,43.3,23.5,2.70,85.0,0.0,1,2.70,650,0,199,849,4,2,Eternal Reflection,1.5
20261002-225404,Cosmic Piercer,a7f,112.9,0.0,100.0,10.50,100.0,1.6,1,10.50,150,10,413,573,1,1,,
20261002-225404,Cosmic Piercer,a7f,138.4,25.5,2.9,410.09,89.7,79.4,0,,0,124,62,186,0,log end,Eternal Reflection,9.3
20261002-225404,Aspect of the Spear,a80,161.2,48.3,24.5,9.30,100.0,0.0,1,8.40,200,0,778,978,1,2,Ancora Strike,2.1
20261002-225404,Aspect of the Staff,a98,221.9,40.9,23.6,7.20,100.0,0.0,1,7.20,150,0,828,978,1,2,Eternal Reflection,0.1
20261002-225404,Aspect of the Spear,a9f,258.1,38.2,24.9,4.50,100.0,0.0,1,4.50,710,0,320,1030,4,2,Ancora Strike,7.0
20261002-225404,Cosmic Bulwark,ab0,269.2,0.3,100.0,9.90,100.0,1.6,1,9.90,600,10,138,747,3,1,,
20261002-225404,Cosmic Bulwark,ab0,294.1,25.2,0.0,254.38,100.0,100.0,0,,0,0,0,0,0,log end,Worldpiercer,6.6
20261002-225404,Aspect of the Sword,ab3,327.7,58.8,23.8,6.00,100.0,0.0,1,5.40,200,0,898,1098,2,2,Division Eternal,0.2
20261002-225404,Aspect of the Staff,ab4,408.7,121.9,24.9,6.00,98.6,0.0,1,6.00,590,0,504,1094,3,2,Ancora Strike,7.0
20261002-225404,Aspect of the Spear,ab9,353.0,49.0,24.9,6.00,100.0,0.0,1,6.00,460,0,658,1118,3,2,Ancora Strike,1.7
20261002-225404,Aspect of the Sword,ad0,476.8,99.3,24.5,7.80,100.0,0.0,1,7.20,530,0,469,999,3,2,Ancora Strike,1.7
20261002-225404,Aspect of the Spear,ad8,462.2,61.5,24.2,9.00,98.6,0.0,1,9.00,395,0,658,1053,2,2,Thousand Strikes,0.9
20261002-225404,Cosmic Sunderer,ae0,431.2,0.1,100.0,8.40,100.0,1.6,1,8.40,650,38,1,690,4,1,,
20261002-225404,Cosmic Sunderer,ae0,454.6,23.5,0.0,93.89,100.0,100.0,0,,0,0,0,0,0,log end,80510,9.2
20261002-231326,Vloxx,c1b,140.8,,69.1,12.00,100.0,1.4,1,9.60,5375,2,804,6181,30,2,,
20261002-231326,Vloxx,c1b,307.0,,39.3,8.10,100.0,1.2,1,6.90,5465,14,577,6056,28,2,,
20261002-231326,Aspect of the Staff,c1f,56.5,53.5,24.9,6.30,100.0,0.0,1,6.00,710,0,452,1162,4,2,Ancora Strike,0.2
20261002-231326,Aspect of the Staff,c38,134.6,28.9,24.0,6.00,100.0,0.0,1,5.70,200,0,974,1174,1,2,Ancora Strike,1.2
20261002-231326,Cosmic Piercer,c3c,117.4,0.1,100.0,14.40,100.0,1.6,1,14.40,650,82,173,905,4,1,,
20261002-231326,Cosmic Piercer,c3c,146.8,29.5,0.0,244.84,100.0,100.0,0,,0,0,0,0,0,log end,Eternal Reflection,9.5
20261002-231326,Aspect of the Spear,c3d,179.5,62.2,23.5,3.90,100.0,0.0,1,3.30,450,0,533,983,3,2,Thousand Strikes,1.7
20261002-231326,Aspect of the Staff,c4e,282.2,101.8,26.3,2.70,100.0,0.0,1,2.40,700,0,355,1055,4,2,Eternal Reflection,0.9
20261002-231326,Aspect of the Spear,c58,263.2,37.8,24.9,3.90,100.0,0.0,1,3.60,600,0,377,977,5,2,Ancora Strike,3.7
20261002-231326,Cosmic Bulwark,c66,278.4,0.1,100.0,19.80,100.0,1.0,1,19.50,560,66,91,717,4,1,,
20261002-231326,Cosmic Bulwark,c66,312.9,34.6,0.0,78.74,100.0,100.0,0,,0,0,0,0,0,log end,Smash,9.8
20261002-231326,Aspect of the Sword,c69,342.9,64.6,23.9,5.40,100.0,0.0,1,5.40,1010,0,130,1140,5,2,Ancora Strike,1.0
20261002-231326,Aspect of the Spear,c72,356.9,47.5,27.6,5.40,100.0,0.0,1,4.80,800,0,292,1092,6,2,Ancora Strike,0.1
20261002-231326,Aspect of the Staff,c79,372.7,43.6,26.3,2.70,100.0,0.0,1,2.40,860,0,139,999,4,2,Eternal Reflection,2.3
20261002-231907,Vloxx,c8d,136.8,,68.8,9.90,100.0,4.8,1,9.30,5475,24,683,6182,29,2,Visions of Eternity,6.3
20261002-231907,Aspect of the Staff,c92,76.0,73.0,24.7,3.60,100.0,0.0,1,3.30,350,0,603,953,2,2,80311,1.2
20261002-231907,Cosmic Piercer,cac,121.1,0.1,100.0,6.00,100.0,1.6,1,6.00,650,10,60,719,4,1,,
20261002-231907,Cosmic Piercer,cac,142.1,21.1,0.0,66.86,100.0,100.0,0,,0,0,0,0,0,log end,Annihilating Orb,9.6
20261002-231907,Aspect of the Spear,caf,174.8,53.8,23.7,1.50,100.0,0.0,1,1.50,800,0,203,1003,6,2,Ancora Strike,2.3
20261002-232932,Vloxx,cc5,134.1,,69.4,13.20,100.0,1.4,1,11.10,5165,0,943,6108,29,2,Visions of Eternity,11.6
20261002-232932,Vloxx,cc5,295.5,,39.0,8.10,100.0,2.7,1,7.80,5625,74,518,6217,32,2,,
20261002-232932,Vloxx,cc5,541.2,,9.5,9.60,100.0,0.3,1,8.40,4895,3,1087,5985,26,2,Visions of Eternity,14.7
20261002-232932,Aspect of the Staff,cca,43.2,40.2,24.9,2.70,100.0,0.0,1,2.70,810,0,285,1095,5,2,80311,0.8
20261002-232932,Aspect of the Staff,cdf,137.7,48.9,23.7,2.10,96.2,0.0,1,1.50,900,0,217,1117,4,2,Ancora Strike,1.2
20261002-232932,Cosmic Piercer,ce5,116.7,0.1,100.0,6.30,100.0,1.6,1,6.30,650,10,47,706,4,1,,
20261002-232932,Cosmic Piercer,ce5,137.7,21.1,0.0,462.92,100.0,100.0,0,,0,0,0,0,0,log end,Annihilating Orb,9.5
20261002-232932,Aspect of the Spear,ce8,156.6,40.0,23.9,444.02,100.0,15.0,0,,200,302,650,1152,1,log end,Ancora Strike,2.0
20261002-232932,Aspect of the Staff,cfb,247.3,61.9,24.9,3.30,90.0,0.0,1,3.00,500,0,397,897,4,2,Ancora Strike,1.9
20261002-232932,Aspect of the Spear,d00,248.3,40.8,24.7,1.50,100.0,0.0,1,1.50,950,0,250,1200,7,2,Ancora Strike,4.8
20261002-232932,Cosmic Bulwark,d12,270.7,0.1,100.0,11.40,100.0,1.6,1,11.40,510,10,175,695,3,1,,
20261002-232932,Cosmic Bulwark,d12,297.1,26.5,0.0,303.52,100.0,100.0,0,,0,0,0,0,0,log end,Raging Storm,9.8
20261002-232932,Aspect of the Sword,d15,303.4,32.8,24.6,18.60,100.0,0.0,1,18.60,790,39,352,1181,4,2,Division Eternal,4.9
20261002-232932,Aspect of the Staff,d1b,344.0,51.4,22.5,2.10,100.0,0.0,1,2.10,895,0,181,1076,4,2,Ancora Strike,5.8
20261002-232932,Aspect of the Spear,d1c,346.7,51.6,23.3,2.40,100.0,0.0,1,1.80,650,0,341,991,3,2,Ancora Strike,0.2
20261002-232932,Aspect of the Sword,d3a,432.9,60.7,23.4,9.30,100.0,0.0,1,8.10,350,0,646,996,3,2,Division Eternal,0.9
20261002-232932,Aspect of the Staff,d3f,469.7,79.8,24.9,18.60,100.0,0.0,1,18.30,650,16,536,1202,4,2,Eternal Reflection,5.0
20261002-232932,Aspect of the Spear,d41,515.9,117.4,22.4,84.72,97.4,2.8,1,9.60,300,302,646,1249,3,log end,Ancora Strike,1.4
20261002-232932,Aspect of the Sword,d51,545.0,62.2,24.6,3.60,100.0,0.0,1,3.60,720,0,323,1043,3,2,Division Eternal,1.4
20261002-232932,Cosmic Sunderer,d5d,518.7,0.1,100.0,7.20,100.0,0.0,1,7.20,560,10,148,718,3,1,,
20261002-232932,Cosmic Sunderer,d5d,540.9,22.3,0.0,59.72,100.0,100.0,0,,0,0,0,0,0,log end,80732,9.9
20261002-232932,Aspect of the Staff,d6d,579.0,46.0,22.7,21.62,100.0,14.7,0,,100,223,774,1097,1,log end,Eternal Reflection,5.0
20261002-233546,Aspect of the Staff,d85,42.4,39.4,24.8,3.60,100.0,0.0,1,3.60,550,0,469,1019,4,2,80311,0.3
20261002-234158,Vloxx,d96,146.4,,69.1,8.10,100.0,2.8,1,7.80,5505,16,628,6149,30,2,,
20261002-234158,Vloxx,d96,298.8,,39.4,6.60,100.0,1.8,1,6.00,5260,2,844,6106,29,2,,
20261002-234158,Aspect of the Staff,d9a,52.6,49.6,23.9,8.40,100.0,0.0,1,6.60,350,0,641,991,2,2,Ancora Strike,5.1
20261002-234158,Aspect of the Staff,db6,146.7,28.2,24.1,3.00,100.0,0.0,1,2.40,695,0,297,992,4,2,Ancora Strike,1.6
20261002-234158,Cosmic Piercer,db7,119.0,0.0,100.0,13.80,100.0,1.6,1,13.50,300,22,295,616,2,1,,
20261002-234158,Cosmic Piercer,db7,147.8,28.8,0.0,201.73,100.0,100.0,0,,0,0,0,0,0,log end,Eternal Reflection,9.5
20261002-234158,Aspect of the Spear,db9,172.4,53.4,24.6,4.20,100.0,0.0,1,3.90,300,0,678,978,3,2,Ancora Strike,0.3
20261002-234158,Aspect of the Staff,dd2,240.8,40.3,24.7,5.40,100.0,0.0,1,4.80,350,0,628,978,2,2,80311,1.7
20261002-234158,Aspect of the Spear,dd5,255.1,36.1,26.3,3.90,100.0,0.0,1,3.90,750,0,425,1175,5,2,Ancora Strike,0.7
20261002-234158,Cosmic Bulwark,de8,274.0,0.0,100.0,8.10,100.0,1.6,1,8.10,680,43,27,750,5,1,,
20261002-234158,Cosmic Bulwark,de8,297.1,23.1,0.0,52.43,100.0,100.0,0,,0,0,0,0,0,log end,Smash,9.7
20261002-234158,Aspect of the Sword,de9,328.6,54.6,24.7,7.80,100.0,0.0,1,7.50,100,0,860,960,1,2,Ancora Strike,1.3
20261002-234910,Vloxx,e09,139.0,,69.2,10.20,99.9,2.1,1,9.30,5575,10,534,6119,32,2,,
20261002-234910,Aspect of the Staff,e0c,49.0,46.0,24.9,3.00,100.0,0.0,1,3.00,600,0,383,983,4,2,Ancora Strike,1.9
20261002-234910,Aspect of the Staff,e25,136.0,24.4,24.3,3.60,100.0,0.0,1,3.30,660,0,533,1193,3,2,Eternal Reflection,1.5
20261002-234910,Cosmic Piercer,e26,115.0,0.1,100.0,16.80,100.0,1.6,1,16.80,0,10,562,571,0,1,,
20261002-234910,Cosmic Piercer,e26,146.8,31.9,0.0,100.34,100.0,100.0,0,,0,0,0,0,0,log end,Eternal Reflection,9.8
20261002-234910,Aspect of the Spear,e28,160.3,45.4,24.8,7.50,98.6,0.0,1,7.50,300,0,695,995,2,2,Ancora Strike,0.5
20261002-235314,Vloxx,e51,140.4,,69.1,10.50,100.0,0.5,1,10.20,5385,46,630,6061,29,2,Visions of Eternity,13.7
20261002-235314,Aspect of the Staff,e56,80.5,77.5,24.9,5.70,85.0,0.0,1,5.70,400,0,502,902,2,2,Eternal Reflection,3.4
20261002-235314,Aspect of the Spear,e76,168.9,48.1,23.9,3.33,100.0,84.7,0,,0,0,154,154,0,log end,Ancora Strike,3.2
20261002-235314,Cosmic Piercer,e77,120.9,0.1,100.0,9.00,100.0,1.6,1,8.70,350,17,222,588,3,1,,
20261002-235314,Cosmic Piercer,e77,144.9,24.1,0.0,27.33,100.0,100.0,0,,0,0,0,0,0,log end,Eternal Reflection,9.0
20261002-235723,Vloxx,e80,141.7,,69.2,9.00,100.0,1.8,1,8.40,5425,8,583,6017,29,2,,
20261002-235723,Aspect of the Staff,e85,41.2,38.2,20.7,3.90,100.0,0.0,1,3.60,600,0,377,977,5,2,Ancora Strike,2.6
20261002-235723,Aspect of the Staff,e98,122.3,37.3,24.3,2.70,98.6,0.0,1,2.70,650,0,355,1005,5,2,Ancora Strike,5.6
20261002-235723,Cosmic Piercer,ea0,117.3,0.1,100.0,18.00,100.0,1.6,1,18.00,850,57,23,930,5,1,,
20261002-235723,Cosmic Piercer,ea0,150.0,32.8,0.0,73.58,100.0,100.0,0,,0,0,0,0,0,log end,81114,9.4
20261002-235723,Aspect of the Spear,ea1,170.1,52.9,24.8,4.20,100.0,0.0,1,3.30,260,0,738,998,1,2,Ancora Strike,2.3
20261002-235723,Aspect of the Staff,eae,217.3,48.3,21.7,6.29,100.0,60.4,0,,0,0,405,405,0,log end,Ancora Strike,2.3
20261003-000447,Vloxx,ec7,136.9,,69.2,7.50,100.0,2.3,1,6.90,5385,0,674,6059,29,2,,
20261003-000447,Vloxx,ec7,285.7,,39.2,9.90,100.0,4.0,1,9.60,5130,5,829,5964,28,2,,
20261003-000447,Aspect of the Staff,ecb,43.6,40.6,23.6,1.20,83.6,0.0,1,1.20,670,0,152,822,3,2,80311,1.0
20261003-000447,Aspect of the Staff,ee1,129.4,39.1,23.4,2.40,100.0,0.0,1,2.40,920,0,125,1045,5,2,Ancora Strike,1.1
20261003-000447,Aspect of the Spear,ee9,154.3,45.9,22.9,6.60,100.0,0.0,1,6.60,460,0,567,1027,3,2,Ancora Strike,1.8
20261003-000447,Cosmic Piercer,eea,108.4,0.0,100.0,16.50,100.0,1.6,1,16.50,0,10,552,561,0,1,,
20261003-000447,Cosmic Piercer,eea,139.9,31.5,0.0,228.06,100.0,100.0,0,,0,0,0,0,0,log end,Eternal Reflection,10.0
20261003-000447,Aspect of the Staff,efe,247.6,72.4,23.7,7.80,98.6,0.0,1,7.80,490,0,565,1055,3,2,80311,0.7
20261003-000447,Aspect of the Spear,f04,238.9,32.8,24.5,4.80,87.4,0.0,1,4.50,300,0,564,864,2,2,Ancora Strike,5.4
20261003-000447,Cosmic Bulwark,f14,260.3,0.1,100.0,16.50,100.0,1.6,1,15.90,430,13,148,591,3,1,,
20261003-000447,Cosmic Bulwark,f14,291.5,31.3,0.0,76.46,100.0,100.0,0,,0,0,0,0,0,log end,Worldpiercer,9.9
20261003-000447,Aspect of the Sword,f15,314.6,54.4,25.2,10.20,100.0,0.0,1,10.20,685,0,457,1142,4,2,Ancora Strike,5.7
20261003-000447,Aspect of the Spear,f19,333.1,47.2,24.6,4.80,100.0,0.0,1,4.80,705,0,376,1081,4,2,Ancora Strike,4.0
20261003-000447,Aspect of the Staff,f1e,339.8,44.4,24.3,3.60,100.0,0.0,1,3.30,975,0,195,1170,5,2,Eternal Reflection,2.6
20261003-001430,Vloxx,f35,137.2,,69.1,8.70,100.0,0.3,1,7.50,4770,0,1209,5979,25,2,,
20261003-001430,Vloxx,f35,283.3,,39.0,11.40,100.0,8.1,0,,5300,0,890,6190,28,2,Visions of Eternity,14.9
20261003-001430,Aspect of the Staff,f3b,41.8,38.8,20.8,2.70,95.0,0.0,1,2.40,670,0,499,1169,3,2,Ancora Strike,1.3
20261003-001430,Aspect of the Staff,f51,125.9,39.4,23.2,3.30,99.4,0.0,1,3.00,760,0,303,1063,4,2,Ancora Strike,7.5
20261003-001430,Cosmic Piercer,f58,110.0,0.1,100.0,17.40,100.0,0.0,1,17.40,710,0,113,823,4,1,,
20261003-001430,Cosmic Piercer,f58,142.4,32.5,0.0,302.45,100.0,100.0,0,,0,0,0,0,0,log end,81114,9.7
20261003-001430,Aspect of the Spear,f5a,162.2,52.3,24.7,6.60,100.0,0.0,1,6.60,500,0,522,1022,3,2,Ancora Strike,2.5
20261003-001430,Aspect of the Staff,f6d,244.9,73.3,23.6,199.95,100.0,4.5,1,8.70,200,302,754,1257,1,log end,80311,1.6
20261003-001430,Aspect of the Spear,f76,255.3,40.2,23.3,4.20,100.0,0.0,1,4.20,500,0,512,1012,4,2,Ancora Strike,5.3
20261003-001430,Cosmic Bulwark,f80,260.0,0.1,100.0,8.40,100.0,1.6,1,8.40,750,17,32,799,4,1,,
20261003-001430,Cosmic Bulwark,f80,283.4,23.5,0.0,161.45,100.0,100.0,0,,0,0,0,0,0,log end,Raging Storm,10.0
20261003-001430,Aspect of the Sword,f82,303.2,43.3,24.9,5.10,100.0,0.0,1,4.50,400,0,578,978,3,2,Division Eternal,0.2
20261003-001430,Aspect of the Staff,f8d,333.1,39.4,21.0,2.10,100.0,0.0,1,2.10,800,0,241,1041,6,2,80311,0.3
20261003-001430,Aspect of the Spear,f8e,335.7,35.5,26.2,2.40,100.0,0.0,1,2.40,960,0,301,1261,4,2,Ancora Strike,0.5
20261003-001430,Aspect of the Sword,fa3,416.4,67.0,23.5,6.30,93.8,0.0,1,6.30,200,0,792,992,1,2,Excision Extremis,1.0
20261003-001430,Aspect of the Spear,fab,436.9,52.2,24.8,7.95,100.0,84.6,0,,0,5,156,161,0,log end,Ancora Strike,7.6
20261003-002223,Vloxx,fba,136.9,,69.2,6.90,100.0,0.8,1,6.60,5610,18,592,6220,29,2,Visions of Eternity,14.9
20261003-002223,Vloxx,fba,291.4,,39.1,15.60,100.0,3.0,1,15.00,4485,29,1570,6084,25,2,,
20261003-002223,Aspect of the Staff,fbe,102.4,99.4,24.7,8.10,100.0,0.0,1,8.10,685,0,444,1129,4,2,Ancora Strike,3.8
20261003-002223,Cosmic Piercer,fd7,116.1,0.1,100.0,7.50,100.0,3.2,1,7.50,450,24,180,654,3,1,,
20261003-002223,Cosmic Piercer,fd7,138.3,22.3,0.0,192.22,100.0,100.0,0,,0,0,0,0,0,log end,Eternal Reflection,9.4
20261003-002223,Aspect of the Spear,fd9,166.2,50.2,24.4,2.70,100.0,0.0,1,2.70,700,0,381,1081,5,2,Ancora Strike,2.7
20261003-002223,Aspect of the Staff,fe3,201.1,36.9,24.8,12.00,100.0,0.0,1,11.70,0,0,955,955,0,2,Ancora Strike,6.3
20261003-002223,Aspect of the Spear,fef,251.3,38.2,21.2,79.22,100.0,26.7,0,,510,302,222,1035,3,log end,Ancora Strike,4.2
20261003-002223,Aspect of the Staff,ffc,297.9,39.1,24.6,25.80,100.0,0.0,1,22.80,380,165,766,1311,3,2,Ancora Strike,1.1
20261003-002223,Cosmic Bulwark,1001,266.1,0.1,100.0,9.00,100.0,1.6,1,9.00,660,38,0,698,3,1,,
20261003-002223,Cosmic Bulwark,1001,290.1,24.1,8.1,40.42,100.0,88.4,0,,0,70,70,139,0,log end,Smash,0.9
20261003-002526,Vloxx,1013,133.9,,69.3,10.80,100.0,0.4,1,9.00,4570,0,1404,5974,26,2,Visions of Eternity,10.8
20261003-002526,Aspect of the Staff,1018,111.4,108.4,24.9,6.90,96.7,0.0,1,6.90,540,0,478,1018,3,2,Eternal Reflection,2.0
20261003-002526,Aspect of the Spear,1031,154.0,38.8,25.3,10.61,100.0,18.1,0,,100,0,718,818,1,log end,Ancora Strike,5.0
20261003-002526,Cosmic Piercer,1032,115.3,0.1,100.0,9.30,100.0,1.6,1,9.00,800,19,81,900,5,1,,
20261003-002526,Cosmic Piercer,1032,139.6,24.4,0.0,25.00,100.0,100.0,0,,0,0,0,0,0,log end,Annihilating Orb,9.7
20261003-143958,Aspect of the Staff,bc2,41.7,38.7,26.1,27.84,100.0,39.9,0,,200,302,406,909,2,log end,Ancora Strike,0.7
20261003-144217,Aspect of the Staff,bd5,41.8,38.8,23.3,3.90,100.0,0.0,1,3.30,620,0,370,990,3,2,Ancora Strike,1.9
20261003-144623,Vloxx,bee,135.3,,68.9,21.30,100.0,0.1,1,19.80,4100,24,1914,6038,26,2,Visions of Eternity,10.5
20261003-144623,Aspect of the Staff,bf2,44.2,41.2,22.2,4.20,90.0,0.0,1,3.90,820,0,258,1078,4,2,80311,2.1
20261003-144623,Aspect of the Staff,c06,157.3,67.3,24.3,70.28,100.0,69.7,0,,200,293,103,595,2,log end,Ancora Strike,4.7
20261003-144623,Aspect of the Spear,c0c,156.8,37.9,24.9,6.00,100.0,0.0,1,5.10,890,0,183,1073,5,2,Ancora Strike,4.5
20261003-144623,Cosmic Piercer,c0d,119.0,0.1,100.0,6.30,100.0,1.6,1,6.30,560,10,48,617,3,1,,
20261003-144623,Cosmic Piercer,c0d,140.0,21.1,0.0,87.58,100.0,100.0,0,,0,0,0,0,0,log end,Annihilating Orb,9.8
20261003-145054,Vloxx,c2c,142.2,,69.0,20.70,100.0,4.7,1,20.10,3940,674,1680,6294,23,2,Visions of Eternity,13.5
20261003-145054,Aspect of the Staff,c2f,48.0,45.0,22.5,3.90,100.0,0.0,1,3.90,890,0,113,1003,5,2,Eternal Reflection,2.7
20261003-145054,Aspect of the Staff,c48,167.5,66.6,23.4,39.11,87.4,20.6,0,,360,365,378,1103,2,log end,Ancora Strike,2.3
20261003-145054,Aspect of the Spear,c4e,168.9,47.5,25.0,37.71,100.0,4.0,1,12.60,360,302,599,1262,2,log end,Ancora Strike,2.1
20261003-145054,Cosmic Piercer,c4f,121.5,0.1,100.0,8.10,100.0,3.2,1,7.50,500,19,68,587,4,1,,
20261003-145054,Cosmic Piercer,c4f,144.3,22.9,0.0,62.31,100.0,100.0,0,,0,0,0,0,0,log end,Eternal Reflection,9.4
20261003-145412,Aspect of the Staff,c65,43.0,40.0,23.4,3.00,100.0,0.0,1,2.70,1045,0,271,1316,5,2,80311,1.5
20261003-150148,Vloxx,c7e,142.3,,68.8,18.00,100.0,1.9,1,17.10,4385,707,1107,6199,25,2,Visions of Eternity,10.2
20261003-150148,Vloxx,c7e,306.4,,39.3,27.30,100.0,3.0,1,25.50,4925,160,1280,6365,27,2,,
20261003-150148,Aspect of the Staff,c83,72.4,69.4,24.1,3.90,100.0,0.0,1,3.90,790,0,209,999,4,2,Ancora Strike,0.4
20261003-150148,Cosmic Piercer,c9f,126.6,0.3,100.0,6.30,100.0,1.6,1,6.30,430,10,216,656,4,1,,
20261003-150148,Cosmic Piercer,c9f,147.9,21.6,0.0,235.99,100.0,100.0,0,,0,0,0,0,0,log end,Annihilating Orb,9.8
20261003-150148,Aspect of the Spear,ca1,165.3,39.0,23.6,218.59,98.7,68.2,0,,260,300,46,605,1,log end,Ancora Strike,2.8
20261003-150148,Aspect of the Staff,ca3,185.0,56.8,24.5,10.80,98.6,0.0,1,9.90,260,0,720,980,1,2,Ancora Strike,1.2
20261003-150148,Aspect of the Spear,cba,254.5,42.4,24.5,9.60,100.0,0.0,1,9.00,0,0,986,986,0,2,Thousand Strikes,1.0
20261003-150148,Aspect of the Staff,cc2,326.7,73.9,24.8,3.30,100.0,0.0,1,3.00,560,0,499,1059,4,2,80311,1.1
20261003-150148,Cosmic Bulwark,ccc,282.3,0.0,100.0,12.30,100.0,1.6,1,12.30,400,10,249,659,3,1,,
20261003-150148,Cosmic Bulwark,ccc,309.6,27.3,0.0,74.29,100.0,100.0,0,,0,0,0,0,0,log end,Worldpiercer,9.8
20261003-150148,Aspect of the Sword,ccf,346.2,63.9,24.8,31.20,100.0,0.0,1,30.00,200,119,920,1239,2,2,Ancora Strike,0.8
20261003-150905,Vloxx,ce7,144.1,,69.2,18.00,100.0,1.8,1,16.80,3640,624,1906,6170,22,2,,
20261003-150905,Vloxx,ce7,306.1,,39.0,25.20,100.0,0.0,1,22.80,4410,48,1637,6095,27,2,,
20261003-150905,Aspect of the Staff,ceb,40.6,37.6,21.2,335.71,100.0,5.7,1,4.80,715,302,228,1245,3,log end,Ancora Strike,2.5
20261003-150905,Aspect of the Staff,cfe,141.3,55.8,22.8,4.80,100.0,0.0,1,4.80,785,0,264,1049,3,2,Ancora Strike,3.4
20261003-150905,Cosmic Piercer,d04,119.4,0.1,100.0,17.70,100.0,1.6,1,17.70,500,10,285,795,3,1,,
20261003-150905,Cosmic Piercer,d04,152.1,32.8,0.0,224.22,100.0,100.0,0,,0,0,0,0,0,log end,81114,10.0
20261003-150905,Aspect of the Spear,d06,166.2,46.9,25.5,210.12,100.0,51.5,0,,0,302,484,786,0,log end,Ancora Strike,0.1
20261003-150905,Aspect of the Staff,d1c,255.2,64.0,23.5,4.50,100.0,0.0,1,4.20,560,0,418,978,4,2,Ancora Strike,3.5
20261003-150905,Aspect of the Spear,d20,250.8,33.7,24.9,125.52,98.6,62.9,0,,100,301,264,665,1,log end,Ancora Strike,4.4
20261003-150905,Cosmic Bulwark,d31,282.9,0.1,100.0,9.00,100.0,0.0,1,9.00,650,9,140,799,5,1,,
20261003-150905,Cosmic Bulwark,d31,306.9,24.1,0.0,69.42,100.0,100.0,0,,0,0,0,0,0,log end,Worldpiercer,7.3
20261003-150905,Aspect of the Sword,d34,333.9,51.1,23.8,42.41,100.0,9.4,0,,250,317,676,1243,2,log end,Division Eternal,5.7
20261003-150905,Aspect of the Spear,d37,335.8,40.3,22.7,40.52,100.0,36.4,0,,100,295,534,929,1,log end,Ancora Strike,2.8
20261003-151632,Vloxx,d46,140.5,,68.8,15.60,100.0,3.1,1,12.60,4465,608,975,6048,26,2,Visions of Eternity,10.8
20261003-151632,Vloxx,d46,313.0,,39.0,17.10,100.0,1.8,1,16.50,4920,42,1110,6072,29,2,,
20261003-151632,Aspect of the Staff,d4a,52.3,49.3,24.2,4.80,99.9,0.0,1,4.50,975,0,23,998,4,2,Ancora Strike,4.8
20261003-151632,Cosmic Piercer,d69,124.2,0.3,100.0,5.40,100.0,1.6,1,5.40,660,17,0,677,4,1,,
20261003-151632,Cosmic Piercer,d69,144.6,20.7,0.0,232.41,100.0,100.0,0,,0,0,0,0,0,log end,Annihilating Orb,9.3
20261003-151632,Aspect of the Spear,d6c,163.2,39.3,23.4,213.81,100.0,85.0,0,,100,156,59,315,1,log end,Ancora Strike,4.4
20261003-151632,Aspect of the Staff,d77,229.9,84.6,24.8,147.10,70.0,26.0,0,,360,302,86,748,2,log end,Ancora Strike,0.4
20261003-151632,Aspect of the Spear,d89,250.0,33.9,22.9,127.00,100.0,2.0,1,7.50,360,295,620,1275,2,log end,Ancora Strike,3.2
20261003-151632,Aspect of the Staff,d93,353.5,74.1,24.5,17.10,99.4,0.0,1,17.10,520,0,614,1134,2,2,80311,1.9
20261003-151632,Cosmic Bulwark,d95,283.9,0.0,100.0,8.40,100.0,1.6,1,6.00,600,45,14,659,4,1,,
20261003-151632,Cosmic Bulwark,d95,307.0,23.1,0.0,70.00,100.0,100.0,0,,0,0,0,0,0,log end,Worldpiercer,7.1
20261003-151632,Aspect of the Sword,d97,338.5,54.6,22.8,10.50,100.0,0.0,1,9.30,400,0,598,998,3,2,Ancora Strike,5.5
20261003-151632,Aspect of the Spear,d9b,345.5,47.7,23.9,31.50,100.0,1.8,1,20.10,200,302,776,1278,1,log end,Ancora Strike,3.6
20261003-152049,Aspect of the Staff,db9,44.8,41.8,22.0,1.50,70.5,0.0,1,1.50,650,0,155,805,3,2,Eternal Reflection,0.4
20261003-152218,Aspect of the Staff,dd0,43.3,40.3,28.4,3.00,100.0,0.0,1,3.00,1080,0,53,1133,6,2,80311,1.0
20261003-152721,Vloxx,de3,154.8,,69.0,13.80,100.0,0.0,1,12.60,5205,94,1020,6319,30,2,,
20261003-152721,Aspect of the Staff,de7,68.1,65.1,24.6,2.40,98.6,0.0,1,2.10,975,0,185,1160,5,2,Ancora Strike,2.9
20261003-152721,Aspect of the Staff,e02,156.5,34.6,22.1,3.90,99.4,0.0,1,3.90,780,0,233,1013,3,2,Ancora Strike,6.9
20261003-152721,Aspect of the Spear,e04,172.8,48.0,24.0,115.87,98.6,9.5,0,,300,295,598,1193,3,log end,Thousand Strikes,4.2
20261003-152721,Cosmic Piercer,e05,124.8,0.0,100.0,12.60,100.0,1.6,1,12.60,860,96,2,958,4,1,,
20261003-152721,Cosmic Piercer,e05,152.4,27.6,9.2,136.27,97.7,78.8,0,,0,134,120,255,0,log end,Eternal Reflection,10.0
20261003-152721,Aspect of the Staff,e1c,264.6,57.4,23.9,24.07,100.0,31.9,0,,100,71,665,836,1,log end,Ancora Strike,4.6
20261003-152721,Aspect of the Spear,e1f,257.0,38.5,26.4,31.67,100.0,33.6,0,,100,295,563,958,1,log end,Ancora Strike,2.5
20261003-153810,Vloxx,e27,144.6,,69.0,11.10,100.0,0.2,1,10.50,5205,6,888,6099,27,2,Visions of Eternity,11.7
20261003-153810,Vloxx,e27,329.7,,39.1,22.20,100.0,3.1,1,21.90,4975,53,1097,6125,26,2,,
20261003-153810,Vloxx,e27,550.8,,9.2,13.50,100.0,1.5,1,12.90,5040,6,1094,6140,26,2,Visions of Eternity,11.9
20261003-153810,Aspect of the Staff,e2d,53.1,50.1,23.7,6.00,100.0,0.0,1,5.70,1045,0,100,1145,6,2,Ancora Strike,5.1
20261003-153810,Aspect of the Staff,e3d,202.7,86.8,24.9,11.40,99.9,0.0,1,11.40,195,0,835,1030,1,2,Ancora Strike,2.8
20261003-153810,Aspect of the Spear,e41,174.2,47.2,24.2,6.60,98.6,0.0,1,6.00,510,0,458,968,3,2,Ancora Strike,0.3
20261003-153810,Cosmic Piercer,e42,127.1,0.1,100.0,5.70,100.0,1.6,1,5.70,650,19,13,682,3,1,,
20261003-153810,Cosmic Piercer,e42,147.5,20.5,0.0,453.06,100.0,100.0,0,,0,0,0,0,0,log end,Annihilating Orb,9.9
20261003-153810,Aspect of the Spear,e56,344.7,116.8,24.4,6.00,100.0,0.0,1,6.00,660,0,372,1032,5,2,Ancora Strike,0.9
20261003-153810,Aspect of the Staff,e59,342.8,85.3,24.1,2.40,100.0,0.0,1,2.40,885,0,214,1099,4,2,Ancora Strike,5.9
20261003-153810,Cosmic Bulwark,e5c,287.1,0.1,100.0,25.80,100.0,1.6,1,25.80,600,10,62,671,3,1,,
20261003-153810,Cosmic Bulwark,e5c,327.9,40.9,3.5,272.66,100.0,99.4,0,,0,5,5,10,0,log end,Worldpiercer,2.3
20261003-153810,Aspect of the Sword,e5e,336.3,49.3,22.9,2.70,96.2,0.0,1,2.70,820,0,379,1199,5,2,Ancora Strike,0.5
20261003-153810,Aspect of the Sword,e6f,438.5,53.5,24.3,22.20,97.4,0.0,1,21.60,0,98,1048,1147,0,2,Ancora Strike,3.6
20261003-153810,Aspect of the Staff,e71,565.4,174.7,26.0,16.20,100.0,0.0,1,14.40,560,0,435,995,4,2,Ancora Strike,4.9
20261003-153810,Aspect of the Spear,e72,437.9,45.4,23.5,162.66,100.0,21.7,0,,0,315,802,1117,0,log end,Ancora Strike,1.3
20261003-153810,Aspect of the Spear,e7d,554.3,61.6,24.5,8.10,100.0,0.0,1,7.80,0,0,965,965,0,2,Thousand Strikes,0.9
20261003-153810,Aspect of the Sword,e82,569.5,47.5,24.0,31.06,100.0,45.9,0,,100,295,447,842,1,log end,Division Eternal,5.6
20261003-153810,Cosmic Sunderer,e87,531.1,0.1,100.0,8.40,100.0,1.6,1,7.80,330,10,249,589,2,1,,
20261003-153810,Cosmic Sunderer,e87,554.5,23.5,0.0,46.06,100.0,100.0,0,,0,0,0,0,0,log end,80510,9.4
20261003-154559,Vloxx,e9f,151.9,,68.9,9.90,100.0,3.4,1,8.70,5015,24,1002,6041,27,2,,
20261003-154559,Aspect of the Staff,ea3,50.5,47.5,23.8,4.80,100.0,0.0,1,4.80,800,0,250,1050,4,2,Ancora Strike,1.3
20261003-154559,Aspect of the Staff,eb2,157.4,36.1,23.8,1.80,100.0,0.0,1,1.80,815,0,232,1047,4,2,Ancora Strike,0.1
20261003-154559,Aspect of the Spear,eb6,173.7,46.6,24.4,10.12,98.6,42.9,0,,0,0,556,556,0,log end,Ancora Strike,0.3
20261003-154559,Cosmic Piercer,eb7,127.2,0.1,100.0,14.10,100.0,1.6,1,13.50,350,10,236,596,2,1,,
20261003-154559,Cosmic Piercer,eb7,156.3,29.2,0.0,27.52,100.0,100.0,0,,0,0,0,0,0,log end,Eternal Reflection,9.8
20261003-165843,Vloxx,8cf,146.8,,69.0,12.00,100.0,1.4,1,10.20,5384,30,696,6110,28,2,Visions of Eternity,14.5
20261003-165843,Vloxx,8cf,301.0,,39.2,11.40,100.0,0.7,1,10.20,4832,0,1122,5954,24,2,,
20261003-165843,Vloxx,8cf,490.6,,9.5,15.00,100.0,0.2,1,11.40,5114,25,901,6040,27,2,,
20261003-165843,Aspect of the Staff,8d7,80.2,77.2,24.7,6.30,96.2,0.0,1,6.30,660,0,406,1066,3,2,Ancora Strike,0.9
20261003-165843,Cosmic Piercer,8fd,126.5,0.1,100.0,7.20,100.0,1.6,1,7.20,600,10,56,665,4,1,,
20261003-165843,Cosmic Piercer,8fd,148.7,22.3,0.0,451.94,100.0,100.0,0,,0,0,0,0,0,log end,Annihilating Orb,9.9
20261003-165843,Aspect of the Spear,8ff,171.8,45.4,24.3,9.60,100.0,0.0,1,8.70,450,0,528,978,3,2,Thousand Strikes,2.3
20261003-165843,Aspect of the Staff,909,222.5,66.4,23.6,378.14,100.0,19.5,0,,100,295,703,1098,1,log end,Ancora Strike,5.7
20261003-165843,Aspect of the Spear,91f,252.3,29.7,26.0,5.40,100.0,0.0,1,5.10,700,0,292,992,5,2,Thousand Strikes,4.9
20261003-165843,Aspect of the Staff,92c,400.2,125.8,24.6,23.10,98.7,0.0,1,22.20,0,7,980,987,0,2,Eternal Reflection,0.8
20261003-165843,Cosmic Bulwark,931,277.5,0.1,100.0,9.00,100.0,1.6,1,9.00,750,10,22,781,5,1,,
20261003-165843,Cosmic Bulwark,931,301.5,24.1,0.0,299.14,100.0,100.0,0,,0,0,0,0,0,log end,80536,9.6
20261003-165843,Aspect of the Sword,933,345.9,68.5,23.6,3.30,100.0,0.0,1,3.00,900,0,97,997,5,2,Excision Extremis,0.2
20261003-165843,Aspect of the Spear,938,353.9,54.7,22.9,4.80,100.0,0.0,1,4.80,750,0,264,1014,6,2,Ancora Strike,1.0
20261003-165843,Aspect of the Sword,953,444.1,51.4,24.0,6.90,100.0,0.0,1,6.30,760,0,319,1079,5,2,Ancora Strike,2.4
20261003-165843,Aspect of the Spear,958,439.0,40.3,21.8,161.65,100.0,17.4,0,,650,302,160,1112,5,log end,Ancora Strike,0.2
20261003-165843,Cosmic Sunderer,96b,466.5,0.1,100.0,12.00,100.0,0.4,1,11.40,400,10,197,607,3,1,,
20261003-165843,Cosmic Sunderer,96b,493.5,27.1,0.0,107.14,100.0,100.0,0,,0,0,0,0,0,log end,80510,8.5
20261003-165843,Aspect of the Staff,97b,539.2,55.3,24.6,61.45,100.0,54.5,0,,300,295,154,748,2,log end,Ancora Strike,0.5
20261003-165843,Aspect of the Spear,97c,560.4,75.7,24.1,7.50,89.9,0.0,1,6.90,550,0,348,898,4,2,Ancora Strike,0.3
20261003-165843,Aspect of the Sword,97f,559.7,66.7,25.0,40.95,100.0,3.2,1,15.90,200,334,800,1335,2,log end,Excision Extremis,0.6
20261003-170507,Vloxx,9a2,137.8,,69.0,12.00,100.0,1.2,1,10.80,5664,103,562,6328,29,2,Visions of Eternity,11.0
20261003-170507,Aspect of the Staff,9a7,85.9,82.9,24.9,3.60,100.0,0.0,1,3.30,760,0,455,1215,3,2,Ancora Strike,5.6
20261003-170507,Aspect of the Spear,9cc,163.0,42.1,24.0,5.58,100.0,83.4,0,,0,0,167,167,0,log end,Ancora Strike,3.5
20261003-170507,Cosmic Piercer,9cd,121.0,0.1,100.0,6.30,100.0,1.6,1,6.30,600,10,84,693,3,1,,
20261003-170507,Cosmic Piercer,9cd,142.3,21.4,0.0,26.27,100.0,100.0,0,,0,0,0,0,0,log end,Annihilating Orb,9.8
20261003-171045,Vloxx,9da,143.4,,69.0,9.00,100.0,2.0,1,8.40,5222,5,760,5987,26,2,,
20261003-171045,Vloxx,9da,289.2,,39.3,14.40,100.0,3.9,1,14.10,5474,26,642,6142,28,2,Visions of Eternity,12.8
20261003-171045,Aspect of the Staff,9df,70.8,67.8,23.8,5.10,100.0,0.0,1,5.10,810,0,302,1112,4,2,Ancora Strike,0.5
20261003-171045,Aspect of the Spear,a03,150.4,31.9,23.7,1.80,100.0,0.0,1,1.80,782,0,227,1009,4,2,Ancora Strike,2.4
20261003-171045,Cosmic Piercer,a04,118.6,0.1,100.0,7.20,100.0,0.5,1,6.90,500,19,107,626,3,1,,
20261003-171045,Cosmic Piercer,a04,140.8,22.3,0.0,183.25,100.0,100.0,0,,0,0,0,0,0,log end,Annihilating Orb,9.5
20261003-171045,Aspect of the Staff,a05,219.4,90.7,24.4,11.10,100.0,0.0,1,10.20,400,12,599,1011,2,2,Ancora Strike,4.6
20261003-171045,Aspect of the Spear,a1b,242.6,46.9,24.7,81.45,100.0,5.2,1,6.00,600,302,348,1250,4,log end,Ancora Strike,3.2
20261003-171045,Cosmic Bulwark,a2e,270.6,0.1,100.0,9.90,100.0,1.6,1,9.90,650,14,38,702,5,1,,
20261003-171045,Cosmic Bulwark,a2e,295.5,25.0,0.0,28.55,100.0,100.0,0,,0,0,0,0,0,log end,Cosmic Charge,9.9
20261003-171605,Vloxx,a3f,139.5,,69.0,9.30,100.0,2.1,1,8.10,5312,6,823,6141,27,2,Visions of Eternity,12.7
20261003-171605,Aspect of the Staff,a43,66.3,63.4,24.7,2.10,100.0,0.0,1,1.20,900,0,97,997,5,2,Eternal Reflection,3.6
20261003-171605,Aspect of the Staff,a66,160.8,49.5,24.8,13.50,99.9,0.0,1,12.90,900,2,101,1003,3,2,Ancora Strike,4.9
20261003-171605,Cosmic Piercer,a67,119.0,0.0,100.0,7.50,100.0,1.6,1,7.20,500,24,89,612,3,1,,
20261003-171605,Cosmic Piercer,a67,141.4,22.5,0.0,128.20,100.0,100.0,0,,0,0,0,0,0,log end,Eternal Reflection,9.5
20261003-171605,Aspect of the Spear,a68,158.3,39.3,22.6,12.60,100.0,0.0,1,12.60,650,0,476,1126,4,2,Ancora Strike,6.7
20261003-171605,Aspect of the Spear,a87,241.1,29.5,27.4,6.00,100.0,0.0,1,6.00,600,0,510,1110,3,2,Ancora Strike,1.1
20261003-172039,Vloxx,a9a,134.1,,68.9,11.40,100.0,4.6,1,10.80,5106,6,955,6067,24,2,Visions of Eternity,10.6
20261003-172039,Aspect of the Staff,a9e,61.9,58.9,24.3,4.20,99.4,0.0,1,4.20,1010,0,207,1217,6,2,Eternal Reflection,0.3
20261003-172039,Aspect of the Staff,abe,205.5,97.9,23.9,3.30,100.0,0.0,1,2.70,1100,0,77,1177,5,2,Ancora Strike,6.2
20261003-172039,Aspect of the Spear,ac1,151.9,34.3,24.4,90.77,100.0,32.3,0,,100,302,576,978,1,log end,Ancora Strike,5.7
20261003-172039,Cosmic Piercer,ac3,117.7,0.1,100.0,6.00,100.0,0.0,1,6.00,800,26,0,826,5,1,,
20261003-172039,Cosmic Piercer,ac3,138.7,21.1,0.0,103.97,100.0,100.0,0,,0,0,0,0,0,log end,Annihilating Orb,10.1
20261003-172039,Aspect of the Spear,ad8,232.6,31.8,24.8,10.07,100.0,12.0,0,,500,130,354,983,4,log end,Ancora Strike,5.8
20261003-172858,Vloxx,ae3,139.0,,68.8,11.10,100.0,1.1,1,10.50,5396,37,908,6341,28,2,Visions of Eternity,11.6
20261003-172858,Vloxx,ae3,295.9,,39.0,11.40,100.0,6.1,0,,5264,7,905,6176,27,2,,
20261003-172858,Aspect of the Staff,ae7,73.6,70.6,24.9,2.10,100.0,0.0,1,2.10,900,0,207,1107,6,2,Ancora Strike,1.9
20261003-172858,Cosmic Piercer,b0d,121.6,0.1,100.0,7.20,100.0,1.6,1,6.90,660,20,41,721,4,1,,
20261003-172858,Cosmic Piercer,b0d,143.5,22.0,0.0,318.30,100.0,100.0,0,,0,0,0,0,0,log end,Eternal Reflection,8.7
20261003-172858,Aspect of the Spear,b0e,167.2,45.7,24.8,5.40,100.0,0.0,1,4.50,850,0,137,987,5,2,Thousand Strikes,3.4
20261003-172858,Aspect of the Staff,b10,162.5,38.5,24.5,11.10,100.0,0.0,1,9.90,760,11,247,1018,4,2,80311,0.9
20261003-172858,Aspect of the Spear,b2c,268.1,47.1,24.2,8.10,99.4,0.0,1,8.10,690,0,343,1033,4,2,Ancora Strike,1.3
20261003-172858,Aspect of the Staff,b2e,309.4,80.1,24.9,152.40,85.0,5.0,1,10.80,400,302,398,1101,3,log end,Ancora Strike,3.0
20261003-172858,Cosmic Bulwark,b39,271.0,0.0,100.0,16.20,100.0,0.0,1,16.20,550,13,194,757,4,1,,
20261003-172858,Cosmic Bulwark,b39,302.2,31.2,0.0,159.60,100.0,100.0,0,,0,0,0,0,0,log end,Worldpiercer,9.7
20261003-172858,Aspect of the Sword,b3c,316.0,45.0,24.3,145.80,98.6,19.3,0,,300,302,493,1095,3,log end,Division Eternal,1.5
20261003-172858,Aspect of the Spear,b4e,360.2,36.4,23.1,101.60,100.0,50.2,0,,150,295,348,793,1,log end,Ancora Strike,2.8
20261003-172858,Aspect of the Sword,b58,440.4,75.7,24.9,9.60,96.2,0.0,1,8.70,100,0,854,954,1,2,Division Eternal,1.1
20261003-173208,Vloxx,b6b,135.1,,69.2,12.00,100.0,0.1,1,10.80,5234,30,788,6052,27,2,Visions of Eternity,11.4
20261003-173208,Aspect of the Staff,b6f,51.1,48.1,22.0,3.90,100.0,0.0,1,3.90,920,0,113,1033,4,2,Ancora Strike,0.8
20261003-173208,Aspect of the Staff,b90,151.7,43.9,24.1,12.16,99.4,31.8,0,,200,0,475,675,2,log end,Eternal Reflection,2.7
20261003-173208,Aspect of the Spear,b94,154.2,36.3,23.4,9.66,100.0,95.3,0,,0,0,47,47,0,log end,Ancora Strike,3.6
20261003-173208,Cosmic Piercer,b95,117.9,0.0,100.0,7.50,100.0,1.6,1,6.90,400,10,178,588,3,1,,
20261003-173208,Cosmic Piercer,b95,140.1,22.2,0.0,23.76,100.0,100.0,0,,0,0,0,0,0,log end,Annihilating Orb,9.9
20261003-173523,Vloxx,ba2,136.3,,68.9,11.10,100.0,0.7,1,9.90,5656,36,667,6359,28,2,Visions of Eternity,10.4
20261003-173523,Aspect of the Staff,ba6,60.4,57.4,24.2,6.00,99.4,0.0,1,4.80,1070,0,150,1220,6,2,Ancora Strike,1.2
20261003-173523,Aspect of the Staff,bc7,158.0,46.9,24.8,8.05,98.6,91.2,0,,0,0,75,75,0,log end,Ancora Strike,3.6
20261003-173523,Cosmic Piercer,bce,120.0,0.0,100.0,6.60,100.0,2.4,1,6.30,600,33,0,633,3,1,,
20261003-173523,Cosmic Piercer,bce,141.3,21.3,0.0,24.75,100.0,100.0,0,,0,0,0,0,0,log end,Annihilating Orb,9.8
20261003-174507,Vloxx,bdb,132.0,,69.0,12.00,100.0,3.7,1,10.50,5596,43,565,6204,28,2,Visions of Eternity,7.3
20261003-174507,Vloxx,bdb,283.8,,38.9,10.50,100.0,0.1,1,9.60,5572,14,439,6024,30,2,,
20261003-174507,Vloxx,bdb,467.7,,9.5,12.60,100.0,2.7,1,10.50,5596,122,544,6261,28,2,Visions of Eternity,12.0
20261003-174507,Aspect of the Staff,bdf,54.9,51.9,24.9,9.00,100.0,0.0,1,9.00,960,0,237,1197,6,2,Ancora Strike,2.7
20261003-174507,Aspect of the Staff,c02,155.5,47.8,24.8,17.40,100.0,0.0,1,17.40,660,43,464,1167,3,2,Ancora Strike,2.9
20261003-174507,Aspect of the Spear,c06,153.5,36.7,23.8,13.80,100.0,0.0,1,12.90,500,40,530,1069,3,2,Ancora Strike,4.3
20261003-174507,Cosmic Piercer,c07,116.9,0.1,100.0,6.90,100.0,0.0,1,6.30,460,10,140,609,3,1,,
20261003-174507,Cosmic Piercer,c07,138.8,22.0,0.0,401.97,100.0,100.0,0,,0,0,0,0,0,log end,Annihilating Orb,10.3
20261003-174507,Aspect of the Spear,c26,252.4,39.1,22.6,5.40,100.0,0.0,1,5.40,800,0,306,1106,5,2,Ancora Strike,0.7
20261003-174507,Aspect of the Staff,c29,313.6,92.8,24.6,32.70,100.0,0.0,1,30.90,400,63,661,1124,3,2,Ancora Strike,5.3
20261003-174507,Cosmic Bulwark,c34,256.9,0.1,100.0,9.60,100.0,1.6,1,9.60,700,17,0,717,4,1,,
20261003-174507,Cosmic Bulwark,c34,281.2,24.4,0.0,259.57,100.0,100.0,0,,0,0,0,0,0,log end,Worldpiercer,6.3
20261003-174507,Aspect of the Sword,c36,314.8,58.0,24.5,24.00,100.0,0.0,1,23.70,650,147,468,1265,4,2,Ancora Strike,2.7
20261003-174507,Aspect of the Spear,c43,350.1,49.9,24.1,190.67,100.0,17.7,0,,350,302,473,1125,3,log end,Thousand Strikes,5.0
20261003-174507,Aspect of the Sword,c5f,504.8,116.8,24.9,35.97,100.0,44.9,0,,200,295,349,844,2,log end,Division Eternal,0.4
20261003-174507,Aspect of the Spear,c62,441.0,42.7,24.3,99.77,100.0,3.6,1,6.90,790,295,172,1257,5,log end,Thousand Strikes,0.3
20261003-174507,Aspect of the Staff,c65,517.6,104.1,24.8,23.17,99.4,64.1,0,,100,5,253,358,1,log end,Eternal Reflection,12.2
20261003-174507,Cosmic Sunderer,c6e,449.9,0.1,100.0,7.50,100.0,1.6,1,7.50,600,24,132,756,3,1,,
20261003-174507,Cosmic Sunderer,c6e,472.4,22.6,0.0,68.37,100.0,100.0,0,,0,0,0,0,0,log end,80732,9.9
20261003-175607,Vloxx,c90,138.9,,69.0,9.00,100.0,0.3,1,7.80,5262,1,925,6189,28,2,,
20261003-175607,Vloxx,c90,288.0,,39.1,11.10,100.0,0.3,1,9.90,5514,38,658,6210,27,2,Visions of Eternity,12.3
20261003-175607,Vloxx,c90,501.6,,9.5,10.50,100.0,0.7,1,9.60,5084,0,1070,6154,26,2,,
20261003-175607,Aspect of the Staff,c94,52.6,49.6,26.1,6.00,100.0,0.0,1,4.50,720,0,277,997,3,2,Ancora Strike,4.7
20261003-175607,Aspect of the Staff,cb4,202.0,95.5,24.9,6.90,100.0,0.0,1,5.70,700,0,294,994,4,2,Ancora Strike,0.3
20261003-175607,Aspect of the Spear,cb7,155.9,39.0,22.6,11.10,98.6,0.0,1,10.80,650,0,490,1140,4,2,Ancora Strike,3.6
20261003-175607,Cosmic Piercer,cba,117.2,0.3,100.0,8.40,100.0,1.6,1,8.10,400,10,178,587,3,1,,
20261003-175607,Cosmic Piercer,cba,140.6,23.7,0.0,460.03,100.0,100.0,0,,0,0,0,0,0,log end,Annihilating Orb,10.3
20261003-175607,Aspect of the Spear,cd1,265.7,57.1,25.9,2.70,100.0,0.0,1,2.10,1100,0,72,1172,6,2,Ancora Strike,3.8
20261003-175607,Cosmic Bulwark,ce6,270.2,0.3,100.0,7.20,100.0,0.0,1,7.20,700,17,2,719,4,1,,
20261003-175607,Cosmic Bulwark,ce6,292.4,22.5,0.0,308.23,100.0,100.0,0,,0,0,0,0,0,log end,Raging Storm,5.7
20261003-175607,Aspect of the Sword,ce7,322.4,52.5,24.6,16.80,99.9,0.0,1,16.80,300,9,722,1032,2,2,Ancora Strike,4.7
20261003-175607,Aspect of the Staff,ced,385.0,97.3,24.9,4.80,80.0,0.0,1,4.80,600,0,369,969,3,2,Ancora Strike,5.5
20261003-175607,Aspect of the Spear,cf7,357.9,46.2,24.9,6.30,98.6,0.0,1,5.40,610,0,372,982,4,2,Ancora Strike,2.1
20261003-175607,Aspect of the Sword,d10,431.2,43.6,24.5,8.70,100.0,0.0,1,7.50,500,0,487,987,4,2,Division Eternal,0.2
20261003-175607,Aspect of the Spear,d16,439.7,34.6,24.1,160.93,100.0,28.8,0,,350,295,361,1007,3,log end,Ancora Strike,3.8
20261003-175607,Cosmic Sunderer,d2a,467.9,0.0,100.0,6.90,100.0,1.6,1,6.90,600,14,32,647,4,1,,
20261003-175607,Cosmic Sunderer,d2a,489.8,21.9,0.0,110.83,100.0,100.0,0,,0,0,0,0,0,log end,80510,9.4
20261003-175607,Aspect of the Staff,d2b,523.4,55.2,26.1,77.23,100.0,67.5,0,,200,343,168,711,2,log end,Ancora Strike,2.4
20261003-175607,Aspect of the Sword,d39,558.5,77.5,25.0,42.13,100.0,7.9,0,,400,302,504,1206,4,log end,Division Eternal,4.7
20261003-175607,Aspect of the Spear,d3a,568.1,82.3,24.5,32.53,99.9,8.2,0,,0,158,910,1069,0,log end,Thousand Strikes,1.5
20261003-210118,Vloxx,8d3,145.9,,69.3,15.00,99.8,0.3,1,13.80,4850,80,1203,6134,27,2,,
20261003-210118,Aspect of the Staff,8d8,45.1,42.1,26.9,3.00,100.0,0.0,1,3.00,870,0,167,1037,5,2,Eternal Reflection,1.5
20261003-210118,Aspect of the Staff,8eb,131.9,40.8,24.7,4.20,98.6,0.0,1,3.90,970,0,222,1192,6,2,80311,1.9
20261003-210118,Aspect of the Spear,8f3,167.8,54.7,21.2,83.59,100.0,25.6,0,,480,295,264,1039,4,log end,Ancora Strike,6.3
20261003-210118,Cosmic Piercer,8f4,113.2,0.1,100.0,23.10,100.0,1.6,1,23.10,500,17,209,726,3,1,,
20261003-210118,Cosmic Piercer,8f4,151.3,38.2,0.0,100.09,100.0,100.0,0,,0,0,0,0,0,log end,81114,9.7
20261003-210118,Aspect of the Staff,907,232.7,55.2,25.0,18.69,100.0,21.2,0,,460,235,326,1021,2,log end,Ancora Strike,1.6
20261003-211223,Vloxx,917,137.4,,69.2,12.90,100.0,1.5,1,9.00,4834,6,1180,6020,28,2,,
20261003-211223,Vloxx,917,288.9,,39.4,16.20,100.0,4.1,1,15.30,5236,14,792,6041,31,2,Visions of Eternity,10.2
20261003-211223,Vloxx,917,468.6,,9.2,14.10,100.0,0.3,1,12.30,5194,20,810,6024,28,2,,
20261003-211223,Aspect of the Staff,91c,48.0,45.0,23.9,2.10,100.0,0.0,1,2.10,810,0,279,1089,4,2,Ancora Strike,0.8
20261003-211223,Aspect of the Staff,932,132.1,25.3,24.9,2.70,100.0,0.0,1,2.70,750,0,281,1031,5,2,Eternal Reflection,2.6
20261003-211223,Cosmic Piercer,936,111.9,0.0,100.0,13.80,100.0,1.6,1,13.80,650,10,101,760,4,1,,
20261003-211223,Cosmic Piercer,936,140.7,28.8,0.0,421.38,100.0,100.0,0,,0,0,0,0,0,log end,Eternal Reflection,9.8
20261003-211223,Aspect of the Spear,938,180.3,68.4,24.8,1.50,100.0,0.0,1,1.50,1000,0,36,1036,5,2,Ancora Strike,6.3
20261003-211223,Aspect of the Staff,94c,258.3,80.4,24.7,7.80,100.0,0.0,1,7.80,710,0,405,1115,4,2,Eternal Reflection,4.6
20261003-211223,Aspect of the Spear,955,281.9,56.2,24.9,5.70,100.0,0.0,1,5.70,870,0,296,1166,4,2,Ancora Strike,7.1
20261003-211223,Cosmic Bulwark,965,271.2,0.3,100.0,8.40,100.0,0.4,1,7.80,750,35,72,857,6,1,,
20261003-211223,Cosmic Bulwark,965,294.6,23.7,0.0,267.48,100.0,100.0,0,,0,0,0,0,0,log end,80717,9.9
20261003-211223,Aspect of the Sword,966,312.6,41.7,21.6,5.70,100.0,0.0,1,5.70,530,0,476,1006,4,2,Excision Extremis,4.2
20261003-211223,Aspect of the Staff,974,361.4,50.2,25.1,2.40,100.0,0.0,1,2.40,900,0,139,1039,5,2,Ancora Strike,6.3
20261003-211223,Aspect of the Spear,97f,418.3,69.1,24.6,11.40,100.0,0.0,1,10.50,400,0,593,993,3,2,Cosmic Charge,0.5
20261003-211223,Aspect of the Sword,982,441.3,82.9,23.9,3.60,98.6,0.0,1,3.00,600,0,373,973,4,2,Ancora Strike,4.8
20261003-211223,Aspect of the Staff,990,455.3,48.3,21.9,1.80,100.0,0.0,1,1.50,770,0,217,987,4,2,Ancora Strike,3.9
20261003-211223,Cosmic Sunderer,99d,444.9,0.1,100.0,7.20,100.0,1.6,1,6.90,700,22,100,822,4,1,,
20261003-211223,Cosmic Sunderer,99d,467.1,22.3,0.0,94.98,100.0,100.0,0,,0,0,0,0,0,log end,80510,9.5
20261003-211223,Aspect of the Spear,9b6,515.2,43.0,24.7,6.00,100.0,0.0,1,4.80,700,0,299,999,4,2,Ancora Strike,4.6
20261003-212216,Aspect of the Staff,d91,47.2,44.2,24.4,7.20,100.0,0.0,1,6.00,500,0,492,992,3,2,Eternal Reflection,2.6
20261003-212652,Vloxx,da6,137.2,,69.0,9.00,100.0,2.4,1,6.90,5512,37,590,6139,30,2,,
20261003-212652,Aspect of the Staff,da9,43.9,40.9,22.1,1.20,97.4,0.0,1,0.90,870,0,104,974,5,2,80311,1.7
20261003-212652,Aspect of the Staff,dd2,125.5,35.8,24.3,3.60,100.0,0.0,1,3.30,600,0,387,987,5,2,Ancora Strike,2.2
20261003-212652,Cosmic Piercer,dda,107.4,0.1,100.0,14.40,100.0,0.0,1,14.40,450,0,176,626,2,1,,
20261003-212652,Cosmic Piercer,dda,136.8,29.5,4.0,128.02,100.0,99.0,0,,0,6,6,12,0,log end,Eternal Reflection,9.1
20261003-212652,Aspect of the Spear,ddb,156.3,49.0,25.1,8.40,100.0,0.0,1,7.80,550,0,521,1071,5,2,Ancora Strike,3.3
20261003-212652,Aspect of the Staff,dfa,251.1,79.8,26.7,6.90,100.0,0.0,1,6.00,450,0,543,993,4,2,Ancora Strike,0.2
20261003-212652,Aspect of the Spear,e07,261.7,56.4,24.5,3.12,100.0,86.1,0,,0,0,153,153,0,log end,Ancora Strike,3.5
20261003-213542,Vloxx,e20,126.9,,69.1,12.30,100.0,0.4,1,9.90,5802,139,479,6420,32,2,Visions of Eternity,12.5
20261003-213542,Vloxx,e20,290.1,,39.1,9.60,100.0,1.6,1,8.10,5894,32,241,6166,32,2,,
20261003-213542,Aspect of the Staff,e25,56.7,53.7,25.1,4.20,100.0,0.0,1,4.20,770,0,368,1138,4,2,Ancora Strike,1.1
20261003-213542,Cosmic Piercer,e54,108.6,0.1,100.0,6.00,100.0,0.0,1,6.00,650,22,19,691,4,1,,
20261003-213542,Cosmic Piercer,e54,129.9,21.4,0.0,335.87,100.0,100.0,0,,0,0,0,0,0,log end,Annihilating Orb,10.1
20261003-213542,Aspect of the Spear,e55,154.2,45.7,24.9,7.80,100.0,0.0,1,6.30,610,0,375,985,4,2,Ancora Strike,0.6
20261003-213542,Aspect of the Staff,e5b,163.2,46.6,23.5,2.70,43.8,0.0,1,2.10,450,0,59,509,3,2,Ancora Strike,3.4
20261003-213542,Aspect of the Spear,e87,254.4,49.3,22.8,6.90,100.0,0.0,1,6.60,630,0,461,1091,6,2,Ancora Strike,0.7
20261003-213542,Aspect of the Staff,e8b,354.7,139.9,23.8,6.60,99.4,0.0,1,5.70,530,0,450,980,5,2,Ancora Strike,5.7
20261003-213542,Cosmic Bulwark,e9e,261.6,0.1,100.0,10.80,100.0,1.6,1,9.90,750,10,38,798,5,1,,
20261003-213542,Cosmic Bulwark,e9e,287.4,25.9,0.0,178.37,100.0,100.0,0,,0,0,0,0,0,log end,Worldpiercer,9.8
20261003-213542,Aspect of the Sword,e9f,348.9,87.4,24.9,11.40,100.0,0.0,1,11.40,450,0,580,1030,5,2,Ancora Strike,2.7
20261003-213542,Aspect of the Spear,eb2,363.8,62.5,24.7,8.40,100.0,0.0,1,8.40,650,4,393,1046,5,2,Thousand Strikes,1.1
20261003-214253,Vloxx,ef7,131.7,,69.0,10.20,100.0,0.2,1,9.90,5334,1,754,6089,29,2,Visions of Eternity,14.4
20261003-214253,Vloxx,ef7,280.5,,39.1,11.40,100.0,2.3,1,11.10,5202,53,929,6184,28,2,,
20261003-214253,Aspect of the Staff,efa,63.0,60.0,25.5,3.30,100.0,0.0,1,3.30,880,0,181,1061,5,2,Eternal Reflection,1.5
20261003-214253,Cosmic Piercer,f24,109.5,0.0,100.0,9.60,100.0,1.6,1,9.60,550,10,76,636,4,1,,
20261003-214253,Cosmic Piercer,f24,134.1,24.6,0.0,230.46,100.0,100.0,0,,0,0,0,0,0,log end,Eternal Reflection,9.6
20261003-214253,Aspect of the Spear,f26,152.4,42.9,21.0,212.16,100.0,41.8,0,,200,302,382,884,1,log end,Ancora Strike,4.2
20261003-214253,Aspect of the Staff,f27,205.1,92.1,25.0,5.70,100.0,0.0,1,5.10,800,0,306,1106,6,2,Ancora Strike,3.8
20261003-214253,Aspect of the Spear,f45,236.9,38.7,24.6,3.00,100.0,0.0,1,2.70,860,0,167,1027,4,2,Ancora Strike,2.3
20261003-214253,Aspect of the Staff,f5b,339.6,88.3,25.0,24.96,100.0,3.6,1,22.50,0,25,987,1012,0,log end,Ancora Strike,1.0
20261003-214253,Cosmic Bulwark,f5f,256.5,0.0,100.0,9.90,100.0,1.6,1,9.90,600,20,14,635,3,1,,
20261003-214253,Cosmic Bulwark,f5f,281.1,24.6,0.0,83.46,100.0,100.0,0,,0,0,0,0,0,log end,Worldpiercer,6.5
20261003-214253,Aspect of the Sword,f60,327.9,71.4,24.8,7.50,100.0,0.0,1,7.50,700,0,353,1053,5,2,Excision Extremis,2.4
20261003-214253,Aspect of the Spear,f69,335.4,52.6,24.9,8.10,100.0,0.0,1,8.10,760,0,395,1155,5,2,Ancora Strike,6.8
20261003-215125,Vloxx,f97,138.3,,69.4,10.20,100.0,3.2,1,9.00,5220,48,844,6112,29,2,,
20261003-215125,Vloxx,f97,282.3,,38.8,12.60,100.0,1.4,1,11.40,5390,22,590,6002,30,2,Visions of Eternity,11.9
20261003-215125,Aspect of the Staff,f9a,41.4,38.4,26.1,3.30,100.0,0.0,1,3.30,750,0,366,1116,4,2,Ancora Strike,2.7
20261003-215125,Aspect of the Staff,fbb,131.0,42.7,23.8,3.90,98.6,0.0,1,3.00,960,0,209,1169,5,2,Eternal Reflection,0.9
20261003-215125,Aspect of the Spear,fc5,164.6,52.0,24.8,8.10,100.0,0.0,1,8.10,850,0,287,1137,5,2,Ancora Strike,7.3
20261003-215125,Cosmic Piercer,fc6,112.7,0.1,100.0,16.20,100.0,0.0,1,15.90,560,7,125,692,3,1,,
20261003-215125,Cosmic Piercer,fc6,144.2,31.6,0.0,220.59,100.0,100.0,0,,0,0,0,0,0,log end,Eternal Reflection,9.2
20261003-215125,Aspect of the Staff,fe4,243.4,66.7,24.9,2.70,100.0,0.0,1,2.70,1130,0,91,1221,7,2,Ancora Strike,3.5
20261003-215125,Aspect of the Spear,fef,302.0,85.0,26.6,4.20,100.0,0.0,1,4.20,830,0,236,1066,5,2,Ancora Strike,3.6
20261003-215125,Cosmic Bulwark,1002,259.5,0.1,100.0,9.60,100.0,1.6,1,9.60,750,13,9,772,4,1,,
20261003-215125,Cosmic Bulwark,1002,284.1,24.7,0.0,80.69,100.0,100.0,0,,0,0,0,0,0,log end,Smash,9.8
20261003-215125,Aspect of the Sword,1003,324.0,64.6,24.7,6.00,80.0,0.0,1,5.70,750,0,164,914,5,2,Ancora Strike,2.1
20261003-220139,Vloxx,1028,124.3,,69.3,11.70,100.0,1.1,1,11.10,5790,74,369,6233,30,2,Visions of Eternity,6.8
20261003-220139,Vloxx,1028,276.1,,39.3,12.90,100.0,1.3,1,9.00,5570,73,524,6167,32,2,Visions of Eternity,12.6
20261003-220139,Vloxx,1028,452.8,,9.5,15.90,100.0,0.5,1,15.00,5880,98,386,6364,34,2,Visions of Eternity,11.0
20261003-220139,Aspect of the Staff,102a,50.5,47.5,24.1,1.20,99.4,0.0,1,1.20,970,0,24,994,4,2,Ancora Strike,2.8
20261003-220139,Aspect of the Spear,1055,148.4,38.8,24.0,9.00,100.0,0.0,1,9.00,660,0,354,1014,4,2,Ancora Strike,0.4
20261003-220139,Cosmic Piercer,1056,109.7,0.1,100.0,6.30,100.0,1.6,1,6.30,680,10,4,694,4,1,,
20261003-220139,Cosmic Piercer,1056,131.0,21.4,0.0,426.04,100.0,100.0,0,,0,0,0,0,0,log end,Annihilating Orb,9.7
20261003-220139,Aspect of the Staff,105b,221.5,103.3,26.0,1.80,90.0,0.0,1,1.80,810,0,155,965,4,2,Ancora Strike,1.2
20261003-220139,Aspect of the Spear,1079,254.1,55.8,24.3,2.40,100.0,0.0,1,1.80,850,0,149,999,5,2,Thousand Strikes,0.1
20261003-220139,Cosmic Bulwark,1090,257.7,0.1,100.0,6.90,100.0,1.6,1,6.90,600,12,5,617,4,1,,
20261003-220139,Cosmic Bulwark,1090,279.3,21.7,0.0,277.74,100.0,100.0,0,,0,0,0,0,0,log end,Smash,9.3
20261003-220139,Aspect of the Sword,1093,303.3,45.7,22.8,12.90,97.4,0.0,1,12.90,350,35,721,1105,2,2,Division Eternal,2.4
20261003-220139,Aspect of the Staff,109b,382.9,113.5,24.2,23.10,100.0,0.0,1,23.10,350,10,789,1149,2,2,Eternal Reflection,4.0
20261003-220139,Aspect of the Spear,10a5,426.4,127.6,23.4,7.20,100.0,0.0,1,7.20,850,0,208,1058,6,2,Ancora Strike,4.5
20261003-220139,Aspect of the Sword,10b9,457.5,98.5,25.0,1.50,96.2,0.0,1,1.50,810,0,190,1000,4,2,Ancora Strike,1.6
20261003-220139,Cosmic Sunderer,10d5,434.0,0.1,100.0,6.90,100.0,0.0,1,6.90,700,10,13,723,4,1,,
20261003-220139,Cosmic Sunderer,10d5,456.2,22.3,0.0,100.84,100.0,100.0,0,,0,0,0,0,0,log end,Excision,10.3
20261003-220139,Aspect of the Staff,10e9,532.4,78.7,24.7,24.64,100.0,3.9,1,23.10,300,157,821,1278,2,log end,Eternal Reflection,3.8
20261003-220139,Aspect of the Spear,10f6,532.2,58.0,24.1,22.50,97.4,0.0,1,21.30,350,35,653,1038,2,2,Ancora Strike,5.8
20261003-221232,Vloxx,1110,133.9,,69.1,12.90,100.0,5.1,1,12.30,5390,32,734,6156,32,2,,
20261003-221232,Vloxx,1110,285.1,,39.4,15.00,100.0,8.5,0,,5710,174,550,6434,32,2,,
20261003-221232,Aspect of the Staff,1113,43.0,40.0,24.9,5.40,100.0,0.0,1,4.80,800,0,196,996,5,2,80311,1.1
20261003-221232,Aspect of the Staff,1138,128.2,36.4,21.2,2.40,98.6,0.0,1,2.40,920,0,125,1045,4,2,Ancora Strike,6.5
20261003-221232,Cosmic Piercer,113f,108.7,0.0,100.0,16.50,100.0,1.6,1,16.50,500,12,208,720,3,1,,
20261003-221232,Cosmic Piercer,113f,140.2,31.5,0.0,306.59,100.0,100.0,0,,0,0,0,0,0,log end,Eternal Reflection,9.7
20261003-221232,Aspect of the Spear,1142,154.0,45.3,23.7,4.50,78.6,0.0,1,4.50,710,0,250,960,4,2,Thousand Strikes,1.5
20261003-221232,Aspect of the Staff,115f,236.9,63.0,24.7,7.50,100.0,0.0,1,7.50,760,0,258,1018,5,2,Eternal Reflection,4.2
20261003-221232,Aspect of the Spear,1166,236.5,35.8,25.0,3.60,100.0,0.0,1,3.30,800,0,387,1187,5,2,Ancora Strike,5.7
20261003-221232,Cosmic Bulwark,117e,261.6,0.1,100.0,14.10,100.0,0.0,1,14.10,600,0,83,683,4,1,,
20261003-221232,Cosmic Bulwark,117e,290.7,29.2,0.0,156.09,100.0,100.0,0,,0,0,0,0,0,log end,Worldpiercer,9.8
20261003-221232,Aspect of the Sword,1180,296.4,34.9,24.4,3.60,95.8,0.0,1,3.60,850,0,269,1119,5,2,Ancora Strike,3.6
20261003-221232,Aspect of the Spear,1187,342.4,58.0,24.6,104.39,100.0,32.4,0,,200,302,473,976,1,log end,Ancora Strike,0.1
20261003-221232,Aspect of the Staff,118b,350.6,60.4,24.6,2.40,81.2,0.0,1,1.80,660,0,149,809,4,2,Eternal Reflection,1.5
20261003-221232,Aspect of the Sword,11a1,407.9,65.5,25.1,6.60,100.0,0.0,1,6.60,300,0,735,1035,2,2,Ancora Strike,2.7
20261003-222355,Vloxx,11ca,129.0,,69.3,10.20,100.0,0.3,1,9.60,5260,1,934,6195,30,2,Visions of Eternity,11.1
20261003-222355,Vloxx,11ca,291.3,,39.2,13.20,100.0,1.4,1,11.70,5110,43,1048,6201,28,2,,
20261003-222355,Vloxx,11ca,468.6,,9.6,11.70,100.0,2.9,1,11.40,5400,80,702,6183,30,2,Visions of Eternity,14.7
20261003-222355,Aspect of the Staff,11cd,71.5,68.5,24.9,4.50,100.0,0.0,1,4.50,800,0,264,1064,4,2,Ancora Strike,0.8
20261003-222355,Cosmic Piercer,11f2,112.1,0.1,100.0,6.90,100.0,3.2,1,6.30,750,19,23,792,4,1,,
20261003-222355,Cosmic Piercer,11f2,133.7,21.7,0.0,436.12,100.0,100.0,0,,0,0,0,0,0,log end,Annihilating Orb,10.0
20261003-222355,Aspect of the Spear,11f4,161.3,49.3,24.2,2.70,80.0,0.0,1,2.70,810,0,101,911,4,2,Ancora Strike,2.8
20261003-222355,Aspect of the Staff,1201,176.9,36.7,23.7,392.92,100.0,9.2,0,,350,302,558,1211,2,log end,Ancora Strike,1.5
20261003-222355,Aspect of the Spear,1218,292.6,83.5,24.9,2.70,90.0,0.0,1,2.40,1020,0,97,1117,5,2,Ancora Strike,5.3
20261003-222355,Aspect of the Staff,121d,269.0,46.3,25.0,5.40,100.0,0.0,1,5.10,850,0,306,1156,4,2,Ancora Strike,1.2
20261003-222355,Cosmic Bulwark,122a,255.9,0.1,100.0,24.60,100.0,1.6,1,24.60,450,10,187,646,3,1,,
20261003-222355,Cosmic Bulwark,122a,295.2,39.4,0.0,274.62,100.0,100.0,0,,0,0,0,0,0,log end,Smash,6.1
20261003-222355,Aspect of the Sword,122b,337.5,81.7,25.4,6.90,100.0,0.0,1,6.90,650,0,376,1026,5,2,Ancora Strike,2.2
20261003-222355,Aspect of the Staff,1243,468.2,151.5,24.9,12.90,99.4,0.0,1,12.90,760,16,308,1083,4,2,Ancora Strike,3.3
20261003-222355,Aspect of the Spear,124d,410.5,67.9,24.6,1.80,100.0,0.0,1,1.80,650,0,145,795,4,2,Ancora Strike,3.6
20261003-222355,Aspect of the Sword,125c,436.6,51.7,25.9,7.20,100.0,0.0,1,7.20,860,0,172,1032,4,2,Ancora Strike,1.1
20261003-222355,Cosmic Sunderer,1276,448.3,0.3,100.0,6.60,100.0,0.0,1,6.30,780,2,20,803,5,1,,
20261003-222355,Cosmic Sunderer,1276,469.9,21.9,0.0,99.91,100.0,100.0,0,,0,0,0,0,0,log end,Echoing Attack,9.8
20261003-222355,Aspect of the Spear,1285,497.4,39.4,23.9,3.00,100.0,0.0,1,2.40,750,0,249,999,5,2,Ancora Strike,1.6
20261003-222355,Aspect of the Sword,1292,551.3,62.8,24.2,18.51,100.0,97.8,0,,0,7,24,31,0,log end,Division Eternal,2.9
20261003-230650,Aspect of the Staff,352b,58.9,55.9,24.6,7.59,100.0,53.8,0,,0,5,467,471,0,log end,Ancora Strike,3.7
20261003-230915,Aspect of the Staff,354a,58.2,55.2,24.3,5.40,100.0,0.0,1,4.20,750,0,242,992,4,2,Ancora Strike,3.0
20261003-230915,Cosmic Piercer,357e,111.2,0.3,100.0,6.56,100.0,100.0,0,,0,0,0,0,0,log end,,
20261003-231134,Aspect of the Staff,3587,44.7,41.7,25.1,2.70,85.0,0.0,1,2.70,800,0,59,859,5,2,80311,1.9
20261003-231134,Cosmic Piercer,35b5,108.0,0.1,100.0,12.86,100.0,100.0,0,,0,0,0,0,0,log end,,
20261003-231557,Vloxx,35b7,122.2,,68.8,11.10,100.0,2.3,1,10.50,5260,6,827,6092,29,2,Visions of Eternity,9.5
20261003-231557,Aspect of the Staff,35bc,60.1,57.1,24.9,4.80,100.0,0.0,1,4.80,680,0,395,1075,5,2,Ancora Strike,3.3
20261003-231557,Aspect of the Spear,35ee,156.1,49.2,27.9,2.10,100.0,0.0,1,1.80,960,0,207,1167,5,2,Ancora Strike,4.2
20261003-231557,Cosmic Piercer,35ef,107.0,0.1,100.0,7.20,100.0,3.2,1,6.90,600,19,126,745,4,1,,
20261003-231557,Cosmic Piercer,35ef,128.9,22.0,0.0,93.73,100.0,100.0,0,,0,0,0,0,0,log end,Annihilating Orb,9.6
20261003-231557,Aspect of the Staff,35f5,186.2,62.5,25.0,21.60,100.0,0.0,1,21.60,200,0,926,1126,1,2,Ancora Strike,0.2
20261003-232004,Vloxx,3621,127.5,,69.0,10.80,100.0,1.3,1,9.90,5250,0,891,6141,28,2,Visions of Eternity,9.6
20261003-232004,Aspect of the Staff,3626,70.9,67.9,24.7,8.40,97.4,0.0,1,8.40,660,0,331,991,3,2,Ancora Strike,2.5
20261003-232004,Cosmic Piercer,3655,110.1,0.1,100.0,6.60,100.0,1.6,1,6.60,510,10,106,626,3,1,,
20261003-232004,Cosmic Piercer,3655,131.7,21.7,0.0,78.95,100.0,100.0,0,,0,0,0,0,0,log end,Annihilating Orb,9.8
20261003-232004,Aspect of the Spear,3657,152.7,42.7,26.5,8.70,100.0,0.0,1,8.70,700,0,479,1179,3,2,Thousand Strikes,0.8
20261003-232004,Aspect of the Staff,3667,202.3,52.0,24.0,8.35,97.4,26.8,0,,200,0,519,719,2,log end,Ancora Strike,2.8
20261003-232322,Vloxx,367d,134.2,,69.2,8.10,100.0,1.7,1,7.80,5630,6,484,6120,29,2,Visions of Eternity,14.6
20261003-232322,Aspect of the Staff,3682,73.6,70.6,23.7,3.30,100.0,0.0,1,3.00,710,0,241,951,3,2,Ancora Strike,1.4
20261003-232322,Aspect of the Spear,36b1,151.0,37.3,23.9,13.20,100.0,0.0,1,13.20,550,0,549,1099,4,2,Ancora Strike,0.9
20261003-232322,Cosmic Piercer,36b2,113.8,0.1,100.0,7.20,100.0,1.6,1,7.20,580,17,45,642,4,1,,
20261003-232322,Cosmic Piercer,36b2,136.0,22.3,0.0,32.08,100.0,100.0,0,,0,0,0,0,0,log end,Annihilating Orb,9.7
20261003-232757,Vloxx,36cc,136.8,,68.9,12.30,100.0,2.1,1,11.70,5170,0,1010,6180,28,2,,
20261003-232757,Aspect of the Staff,36d1,45.6,42.6,24.5,3.90,100.0,0.0,1,3.30,860,0,383,1243,5,2,Eternal Reflection,1.4
20261003-232757,Aspect of the Staff,36f9,134.5,41.8,24.2,5.10,98.6,0.0,1,5.10,860,0,142,1002,5,2,Eternal Reflection,2.0
20261003-232757,Aspect of the Spear,3700,153.0,47.8,23.1,4.20,95.0,0.0,1,4.20,650,0,392,1042,4,2,Ancora Strike,2.3
20261003-232757,Cosmic Piercer,3702,105.3,0.1,100.0,7.50,100.0,1.6,1,7.50,500,13,118,631,3,1,,
20261003-232757,Cosmic Piercer,3702,127.8,22.6,34.3,4.20,100.0,1.6,1,4.20,300,10,428,737,2,1,Eternal Reflection,1.2
20261003-233303,Vloxx,3735,135.3,,68.7,9.90,100.0,0.0,1,7.80,5190,0,808,5998,29,2,,
20261003-233303,Aspect of the Staff,373a,49.2,46.2,23.8,4.20,100.0,0.0,1,4.20,700,0,310,1010,4,2,Ancora Strike,0.4
20261003-233303,Aspect of the Staff,3763,127.6,25.6,23.4,3.00,98.6,0.0,1,2.70,770,0,177,947,3,2,Eternal Reflection,0.6
20261003-233303,Cosmic Piercer,3766,106.1,0.1,100.0,16.50,100.0,0.0,1,16.50,350,0,333,683,2,1,,
20261003-233303,Cosmic Piercer,3766,137.6,31.6,0.0,130.32,100.0,100.0,0,,0,0,0,0,0,log end,Eternal Reflection,9.2
20261003-233303,Aspect of the Spear,3767,152.0,46.0,24.2,6.60,100.0,0.0,1,6.00,750,0,375,1125,4,2,Thousand Strikes,4.1
20261003-234425,Vloxx,379d,139.2,,69.3,10.50,100.0,0.1,1,9.90,5240,2,755,5997,28,2,,
20261003-234425,Vloxx,379d,297.6,,39.2,18.30,100.0,2.7,1,18.00,4920,0,1164,6084,28,2,,
20261003-234425,Vloxx,379d,470.4,,9.2,12.60,100.0,6.4,0,,5130,10,879,6019,29,2,,
20261003-234425,Aspect of the Staff,37a2,44.1,41.1,27.4,4.20,100.0,0.0,1,4.20,600,0,414,1014,3,2,80311,1.9
20261003-234425,Aspect of the Staff,37c9,124.4,33.3,23.1,1.50,100.0,0.0,1,1.50,920,0,130,1050,4,2,Ancora Strike,3.8
20261003-234425,Cosmic Piercer,37d0,111.2,0.0,100.0,19.80,100.0,0.0,1,19.80,450,0,189,639,3,1,,
20261003-234425,Cosmic Piercer,37d0,146.0,34.8,0.0,433.43,100.0,100.0,0,,0,0,0,0,0,log end,Surrounding Curse,9.9
20261003-234425,Aspect of the Spear,37d1,172.4,61.2,24.8,1.20,75.0,0.0,1,1.20,750,0,130,880,5,2,Ancora Strike,4.2
20261003-234425,Aspect of the Staff,37f3,214.2,45.0,24.6,7.50,100.0,0.0,1,6.90,550,0,441,991,3,2,Ancora Strike,0.8
20261003-234425,Aspect of the Spear,3805,259.1,40.9,21.8,2.70,97.4,0.0,1,2.70,850,0,259,1109,5,2,Ancora Strike,0.3
20261003-234425,Cosmic Bulwark,3815,262.7,0.1,100.0,24.90,100.0,0.9,1,23.70,400,111,287,798,3,1,,
20261003-234425,Cosmic Bulwark,3815,302.3,39.7,0.0,277.13,100.0,100.0,0,,0,0,0,0,0,log end,Raging Storm,6.2
20261003-234425,Aspect of the Sword,3818,319.7,57.1,22.3,4.80,100.0,0.0,1,4.80,600,0,492,1092,4,2,Division Eternal,0.9
20261003-234425,Aspect of the Staff,381c,294.3,28.3,23.7,6.30,100.0,0.0,1,6.30,740,0,372,1112,4,2,Eternal Reflection,2.7
20261003-234425,Aspect of the Spear,3827,381.3,77.8,23.8,3.30,74.0,0.0,1,3.30,700,0,77,777,5,2,Ancora Strike,0.2
20261003-234425,Aspect of the Staff,383c,485.0,139.9,24.9,16.50,100.0,0.0,1,16.50,400,0,621,1021,3,2,80311,0.0
20261003-234425,Aspect of the Sword,3843,503.3,134.7,23.2,11.10,98.6,0.0,1,10.80,200,0,854,1054,2,2,Ancora Strike,4.4
20261003-234425,Aspect of the Spear,385f,489.4,61.3,24.6,3.90,83.6,0.0,1,3.90,610,0,306,916,3,2,Thousand Strikes,0.4
20261003-234425,Cosmic Sunderer,3864,445.7,0.1,100.0,11.40,100.0,0.0,1,11.10,540,0,189,729,3,1,,
20261003-234425,Cosmic Sunderer,3864,472.1,26.5,0.0,107.33,100.0,100.0,0,,0,0,0,0,0,log end,Echoing Attack,10.1
20261003-235149,Vloxx,38a9,137.4,,69.0,13.20,100.0,0.0,1,11.10,5300,20,719,6038,31,2,,
20261003-235149,Vloxx,38a9,282.3,,38.9,12.30,100.0,2.5,1,12.00,4940,0,1259,6199,26,2,Visions of Eternity,12.9
20261003-235149,Aspect of the Staff,38ad,60.0,57.0,24.8,3.60,98.6,0.0,1,3.30,800,0,181,981,4,2,Eternal Reflection,0.3
20261003-235149,Aspect of the Staff,38d9,133.2,23.5,24.9,2.10,100.0,0.0,1,2.10,910,0,111,1021,5,2,Ancora Strike,3.1
20261003-235149,Cosmic Piercer,38dc,110.7,0.0,100.0,15.90,100.0,1.6,1,15.90,450,10,239,698,3,1,,
20261003-235149,Cosmic Piercer,38dc,141.6,30.9,0.0,183.23,100.0,100.0,0,,0,0,0,0,0,log end,Eternal Reflection,9.4
20261003-235149,Aspect of the Spear,38dd,154.8,44.1,25.7,3.60,100.0,0.0,1,3.30,650,0,325,975,4,2,Thousand Strikes,0.8
20261003-235149,Aspect of the Staff,38fd,258.2,79.2,23.2,2.10,100.0,0.0,1,2.10,900,0,207,1107,5,2,Ancora Strike,2.6
20261003-235149,Aspect of the Spear,3907,237.0,34.2,24.8,3.90,100.0,0.0,1,3.30,600,0,389,989,4,2,Ancora Strike,5.2
20261003-235149,Cosmic Bulwark,3919,261.7,0.1,100.0,10.20,100.0,0.0,1,9.90,650,0,82,732,5,1,,
20261003-235149,Cosmic Bulwark,3919,287.2,25.6,0.0,37.63,100.0,100.0,0,,0,0,0,0,0,log end,Worldpiercer,7.6
20261003-235149,Aspect of the Sword,391c,319.6,58.0,24.4,5.22,100.0,71.8,0,,0,0,287,287,0,log end,Ancora Strike,3.6
20261003-235615,Vloxx,393c,129.7,,68.9,11.70,100.0,3.4,1,10.50,5310,0,762,6072,29,2,,
20261003-235615,Aspect of the Staff,3941,47.5,44.5,22.2,5.40,100.0,0.0,1,5.40,510,0,544,1054,3,2,Eternal Reflection,2.9
20261003-235615,Aspect of the Staff,3967,125.8,32.5,23.5,3.00,97.4,0.0,1,2.70,660,0,285,945,4,2,Ancora Strike,3.6
20261003-235615,Cosmic Piercer,396d,106.1,0.1,100.0,13.50,100.0,1.0,1,13.20,550,12,46,608,4,1,,
20261003-235615,Cosmic Piercer,396d,134.6,28.6,0.0,80.33,100.0,100.0,0,,0,0,0,0,0,log end,Eternal Reflection,9.9
20261003-235615,Aspect of the Spear,396e,163.1,57.1,24.4,3.00,98.6,0.0,1,3.00,900,0,145,1045,5,2,Ancora Strike,0.5
20261004-000409,Vloxx,3998,129.0,,69.0,6.60,100.0,1.2,1,6.30,5530,6,749,6285,29,2,Visions of Eternity,11.6
20261004-000409,Vloxx,3998,275.4,,38.8,13.80,100.0,0.2,1,12.30,5200,6,941,6147,30,2,,
20261004-000409,Aspect of the Staff,399e,80.5,77.5,24.9,6.90,100.0,0.0,1,6.90,810,0,238,1048,4,2,Eternal Reflection,2.3
20261004-000409,Aspect of the Spear,39d4,138.4,28.9,24.9,294.33,98.6,3.8,1,10.20,350,295,598,1243,2,log end,Thousand Strikes,2.5
20261004-000409,Cosmic Piercer,39d5,109.6,0.1,100.0,7.80,100.0,1.6,1,7.80,600,13,48,661,3,1,,
20261004-000409,Cosmic Piercer,39d5,132.4,22.9,0.0,300.33,100.0,100.0,0,,0,0,0,0,0,log end,Annihilating Orb,9.9
20261004-000409,Aspect of the Staff,39e6,176.0,36.9,22.4,2.70,90.0,0.0,1,2.70,750,0,259,1009,4,2,Ancora Strike,1.9
20261004-000409,Aspect of the Spear,39fb,247.4,58.6,25.1,7.50,100.0,0.0,1,7.50,680,0,431,1111,4,2,Ancora Strike,5.8
20261004-000409,Aspect of the Staff,3a06,324.8,104.8,24.7,5.10,100.0,0.0,1,5.10,810,0,197,1007,4,2,Ancora Strike,5.7
20261004-000409,Cosmic Bulwark,3a0f,245.6,0.1,100.0,14.70,100.0,0.0,1,14.70,540,24,100,664,2,1,,
20261004-000409,Cosmic Bulwark,3a0f,275.3,29.8,0.0,157.43,100.0,100.0,0,,0,0,0,0,0,log end,Smash,4.1
20261004-000409,Aspect of the Sword,3a11,296.3,50.8,24.7,136.43,100.0,29.1,0,,0,302,708,1011,0,log end,Ancora Strike,2.5
20261004-000409,Aspect of the Spear,3a33,364.1,47.8,25.5,4.50,100.0,0.0,1,3.90,700,0,295,995,4,2,Ancora Strike,3.3
20261004-000409,Aspect of the Sword,3a42,422.0,73.9,22.2,10.73,100.0,18.3,0,,150,0,680,830,1,log end,Ancora Strike,2.9
20261004-001305,Vloxx,3a62,130.8,,68.9,6.90,100.0,1.1,1,6.30,5590,0,621,6211,30,2,,
20261004-001305,Vloxx,3a62,298.2,,39.0,12.00,100.0,0.5,1,9.00,5000,0,1190,6190,29,2,,
20261004-001305,Aspect of the Staff,3a65,75.0,72.0,24.3,1.80,98.6,0.0,1,1.80,900,0,97,997,6,2,80311,0.7
20261004-001305,Cosmic Piercer,3a94,107.5,0.0,100.0,7.50,100.0,0.0,1,7.50,400,0,225,625,3,1,,
20261004-001305,Cosmic Piercer,3a94,130.0,22.5,0.0,301.42,100.0,100.0,0,,0,0,0,0,0,log end,Eternal Reflection,9.3
20261004-001305,Aspect of the Spear,3a96,165.4,57.9,24.9,3.30,100.0,0.0,1,3.30,800,0,279,1079,5,2,Ancora Strike,5.1
20261004-001305,Aspect of the Staff,3a9d,170.5,47.8,21.5,3.00,100.0,0.0,1,3.00,650,0,359,1009,5,2,Ancora Strike,4.0
20261004-001305,Aspect of the Spear,3acc,251.5,41.1,26.7,3.00,100.0,0.0,1,3.00,800,0,285,1085,4,2,Ancora Strike,1.6
20261004-001305,Aspect of the Staff,3ace,315.9,100.6,24.6,4.50,100.0,0.0,1,4.50,950,0,226,1176,6,2,Ancora Strike,1.3
20261004-001305,Cosmic Bulwark,3adc,261.5,0.1,100.0,24.60,100.0,1.6,1,24.60,350,10,385,744,2,1,,
20261004-001305,Cosmic Bulwark,3adc,301.1,39.7,0.0,130.32,100.0,100.0,0,,0,0,0,0,0,log end,Raging Storm,6.1
20261004-001305,Aspect of the Sword,3adf,297.5,36.1,24.4,6.90,100.0,0.0,1,6.90,600,0,485,1085,3,2,Ancora Strike,3.8
20261004-001305,Aspect of the Spear,3aee,356.6,56.2,22.8,4.20,100.0,0.0,1,3.90,550,0,414,964,4,2,Ancora Strike,1.5
20261004-001305,Aspect of the Sword,3b06,422.2,64.9,24.3,9.22,100.0,51.3,0,,0,0,500,500,0,log end,Ancora Strike,1.1
20261004-124516,Vloxx,9c7,160.5,,69.2,11.40,100.0,1.6,1,10.50,5080,0,947,6027,29,2,,
20261004-124516,Aspect of the Staff,9c9,71.8,68.8,23.2,4.50,100.0,0.0,1,4.20,720,0,488,1208,3,2,Ancora Strike,7.0
20261004-124516,Aspect of the Staff,9df,165.5,48.7,23.1,5.70,100.0,0.0,1,5.70,680,0,347,1027,5,2,Ancora Strike,2.0
20261004-124516,Cosmic Piercer,9e2,133.2,0.1,100.0,10.50,100.0,0.3,1,9.30,560,10,38,608,2,1,,
20261004-124516,Cosmic Piercer,9e2,158.7,25.6,11.2,56.97,100.0,64.7,0,,200,218,18,436,2,log end,Eternal Reflection,9.2
20261004-124516,Aspect of the Spear,9e4,193.2,60.1,24.7,10.80,80.0,0.0,1,10.50,180,0,625,805,2,2,Cosmic Charge,0.7
20261004-124952,Vloxx,ac3,153.7,,68.9,10.50,100.0,0.5,1,9.90,5576,8,550,6134,34,2,,
20261004-124952,Aspect of the Staff,ac5,43.9,40.9,21.8,178.62,100.0,21.8,0,,480,302,302,1084,5,log end,80311,2.0
20261004-124952,Aspect of the Staff,ad2,138.4,49.6,21.1,84.12,100.0,3.3,1,5.70,350,295,616,1261,4,log end,Ancora Strike,3.0
20261004-124952,Cosmic Piercer,ad8,119.2,0.0,100.0,23.40,100.0,0.1,1,22.50,200,24,413,637,2,1,,
20261004-124952,Cosmic Piercer,ad8,157.6,38.4,0.0,64.92,100.0,100.0,0,,0,0,0,0,0,log end,81114,9.8
20261004-124952,Aspect of the Spear,ad9,172.9,53.7,22.7,8.40,100.0,0.0,1,8.10,200,0,777,977,2,2,Ancora Strike,0.0
20261004-125415,Vloxx,aec,150.6,,69.0,12.00,100.0,6.5,0,,5416,37,623,6076,35,2,,
20261004-125415,Aspect of the Staff,af1,132.3,129.3,25.1,1.80,100.0,0.0,1,1.80,1030,0,93,1123,8,2,Ancora Strike,2.5
20261004-125415,Cosmic Piercer,afb,124.1,0.1,100.0,21.30,100.0,1.6,1,21.00,450,23,293,766,3,1,,
20261004-125415,Cosmic Piercer,afb,160.1,36.1,0.0,42.10,100.0,100.0,0,,0,0,0,0,0,log end,81114,9.8
20261004-125415,Aspect of the Spear,afd,186.5,62.5,24.9,12.30,100.0,0.0,1,11.40,200,0,790,990,1,2,Thousand Strikes,0.8
20261004-130036,Vloxx,b20,155.1,,69.1,11.10,100.0,8.7,0,,5176,53,1002,6231,35,2,,
20261004-130036,Aspect of the Staff,b22,45.9,42.9,24.9,5.10,100.0,0.0,1,4.80,560,0,402,962,3,2,Eternal Reflection,1.5
20261004-130036,Aspect of the Staff,b2f,141.2,46.3,25.1,3.90,100.0,0.0,1,3.90,820,0,187,1007,4,2,Ancora Strike,0.7
20261004-130036,Aspect of the Spear,b34,181.5,58.5,23.0,18.00,100.0,0.0,1,17.40,400,0,590,990,3,2,Ancora Strike,1.5
20261004-130036,Cosmic Piercer,b35,123.0,0.0,100.0,21.30,100.0,1.6,1,20.10,550,10,39,599,5,1,,
20261004-130036,Cosmic Piercer,b35,159.3,36.3,0.0,47.76,100.0,100.0,0,,0,0,0,0,0,log end,81114,10.2
20261004-130327,Aspect of the Staff,b50,56.7,53.7,26.6,9.00,100.0,0.0,1,9.00,1060,32,34,1126,9,2,Ancora Strike,1.4
20261004-130836,Vloxx,b62,147.3,,68.8,14.70,100.0,2.8,1,14.40,5528,73,724,6325,35,2,,
20261004-130836,Aspect of the Staff,b67,44.2,41.2,24.9,5.40,100.0,0.0,1,5.40,1080,0,108,1188,8,2,80311,2.1
20261004-130836,Aspect of the Staff,bb0,143.6,53.5,26.7,2.40,100.0,0.0,1,2.40,810,0,245,1055,4,2,Ancora Strike,7.1
20261004-130836,Aspect of the Spear,bc9,162.0,40.3,22.5,82.09,99.9,39.7,0,,560,302,42,904,4,log end,Ancora Strike,6.3
20261004-130836,Cosmic Piercer,bcb,121.8,0.1,100.0,18.00,100.0,0.1,1,17.40,310,118,445,873,2,1,,
20261004-130836,Cosmic Piercer,bcb,154.8,33.1,0.0,89.30,100.0,100.0,0,,0,0,0,0,0,log end,81114,10.2
20261004-131253,Vloxx,c3f,137.8,,68.9,10.50,100.0,6.5,0,,5346,43,739,6129,31,2,Visions of Eternity,6.6
20261004-131253,Aspect of the Staff,c44,76.6,73.6,24.8,4.80,100.0,0.0,1,4.50,550,0,420,970,2,2,80311,2.3
20261004-131253,Cosmic Piercer,cae,122.2,0.0,100.0,7.80,100.0,0.0,1,7.80,780,60,0,840,5,1,,
20261004-131253,Cosmic Piercer,cae,145.0,22.8,0.0,85.44,100.0,100.0,0,,0,0,0,0,0,log end,Annihilating Orb,9.8
20261004-131253,Aspect of the Spear,caf,162.7,40.5,23.5,67.74,100.0,10.4,0,,350,346,588,1283,2,log end,Ancora Strike,0.7
20261004-131253,Aspect of the Staff,cb7,208.2,73.0,23.5,22.24,100.0,38.2,0,,200,238,398,835,2,log end,80311,0.2
20261004-131623,Vloxx,d08,148.0,,69.0,8.40,100.0,6.2,0,,5526,0,452,5978,30,2,,
20261004-131623,Aspect of the Staff,d0b,121.9,118.9,24.9,5.10,100.0,0.0,1,5.10,950,0,220,1170,4,2,Ancora Strike,0.9
20261004-131623,Cosmic Piercer,d77,125.4,0.0,100.0,15.60,100.0,1.6,1,15.30,300,23,292,615,4,1,,
20261004-131623,Cosmic Piercer,d77,155.7,30.3,0.0,24.43,100.0,100.0,0,,0,0,0,0,0,log end,Eternal Reflection,10.1
20261004-132338,Vloxx,da8,141.9,,68.8,9.60,100.0,2.0,1,9.30,5336,44,744,6124,33,2,Visions of Eternity,13.4
20261004-132338,Vloxx,da8,299.1,,39.4,16.50,100.0,0.2,1,15.30,5466,132,655,6253,35,2,,
20261004-132338,Aspect of the Staff,daa,81.3,78.3,27.1,11.70,100.0,0.0,1,11.70,550,0,699,1249,2,2,Ancora Strike,1.2
20261004-132338,Cosmic Piercer,e0d,121.3,0.0,100.0,6.90,100.0,1.6,1,6.90,510,10,121,640,3,1,,
20261004-132338,Cosmic Piercer,e0d,143.2,21.9,0.0,229.10,100.0,100.0,0,,0,0,0,0,0,log end,Annihilating Orb,9.2
20261004-132338,Aspect of the Spear,e10,164.8,43.5,22.9,16.50,100.0,0.0,1,16.50,600,36,495,1131,4,2,Ancora Strike,7.5
20261004-132338,Aspect of the Staff,e1d,246.3,111.1,25.4,126.00,100.0,24.9,0,,200,302,547,1049,2,log end,Ancora Strike,1.0
20261004-132338,Aspect of the Spear,e5d,265.2,42.6,24.4,15.90,100.0,0.0,1,15.30,700,0,293,993,5,2,Ancora Strike,3.1
20261004-132338,Cosmic Bulwark,e88,275.3,0.0,100.0,10.80,100.0,2.2,1,9.90,540,19,47,606,4,1,,
20261004-132338,Cosmic Bulwark,e88,300.8,25.5,0.0,71.50,100.0,100.0,0,,0,0,0,0,0,log end,81015,7.2
20261004-132338,Aspect of the Sword,e8a,318.5,43.2,24.1,53.80,100.0,82.1,0,,100,177,80,357,1,log end,Ancora Strike,1.0
20261004-132603,Aspect of the Staff,ec0,42.0,39.0,25.3,4.80,100.0,0.0,1,4.80,810,0,246,1056,4,2,80311,0.4
20261004-132950,Vloxx,f17,157.9,,69.3,14.70,97.6,0.4,1,13.20,5508,159,627,6293,34,2,Visions of Eternity,8.9
20261004-132950,Aspect of the Staff,f1b,126.1,123.1,24.9,6.00,100.0,0.0,1,6.00,1050,0,99,1149,9,2,Eternal Reflection,1.2
20261004-132950,Cosmic Piercer,f90,141.2,0.0,100.0,7.20,100.0,1.6,1,6.90,510,10,122,642,4,1,,
20261004-132950,Cosmic Piercer,f90,163.4,22.2,0.0,31.91,100.0,100.0,0,,0,0,0,0,0,log end,Annihilating Orb,9.7
20261004-132950,Aspect of the Spear,f91,177.5,36.3,24.9,1.50,100.0,0.0,1,1.20,890,0,98,988,4,2,Ancora Strike,5.2
20261004-133634,Vloxx,fb9,147.3,,69.0,13.50,100.0,1.2,1,13.20,4938,152,1113,6202,32,2,,
20261004-133634,Vloxx,fb9,319.5,,39.5,12.90,100.0,4.2,1,12.60,5568,89,634,6291,33,2,Visions of Eternity,14.3
20261004-133634,Aspect of the Staff,fbd,70.0,67.0,25.0,3.30,87.0,0.0,1,3.30,540,0,350,890,4,2,Ancora Strike,6.1
20261004-133634,Aspect of the Staff,1032,146.9,24.7,24.4,3.00,80.0,0.0,1,3.00,710,0,217,927,5,2,Ancora Strike,3.7
20261004-133634,Cosmic Piercer,1034,122.3,0.0,100.0,16.50,100.0,1.6,1,16.50,400,10,201,610,4,1,,
20261004-133634,Cosmic Piercer,1034,153.8,31.5,0.0,229.70,100.0,100.0,0,,0,0,0,0,0,log end,Eternal Reflection,10.0
20261004-133634,Aspect of the Spear,1035,172.7,50.4,22.6,10.50,99.4,0.0,1,9.60,350,0,628,978,4,2,Ancora Strike,5.6
20261004-133634,Aspect of the Staff,1080,274.6,79.9,25.2,5.70,100.0,0.0,1,5.40,500,0,491,991,4,2,Ancora Strike,2.4
20261004-133634,Aspect of the Spear,1096,272.9,46.9,24.7,6.90,100.0,0.0,1,6.90,550,0,519,1069,4,2,Thousand Strikes,2.9
20261004-133634,Cosmic Bulwark,10cf,297.3,0.0,100.0,7.50,100.0,1.6,1,7.20,560,10,29,598,3,1,,
20261004-133634,Cosmic Bulwark,10cf,319.5,22.2,0.0,64.00,100.0,100.0,0,,0,0,0,0,0,log end,Worldpiercer,7.1
20261004-133634,Aspect of the Sword,10d0,374.1,76.8,24.8,9.40,100.0,56.4,0,,350,22,86,458,4,log end,Division Eternal,0.8
20261004-134153,Vloxx,1112,155.4,,68.8,10.50,100.0,5.1,1,10.20,5438,30,658,6126,33,2,Visions of Eternity,14.4
20261004-134153,Aspect of the Staff,1117,109.5,106.5,24.6,11.40,100.0,0.0,1,11.40,1120,193,167,1480,5,2,80311,2.1
20261004-134153,Aspect of the Spear,118b,194.3,62.2,26.4,4.80,100.0,0.0,1,4.80,1000,0,47,1047,8,2,Thousand Strikes,2.1
20261004-134153,Cosmic Piercer,118c,132.2,0.1,100.0,18.60,100.0,1.6,1,18.60,600,79,130,809,5,1,,
20261004-152618,Vloxx,8bd,143.8,,69.1,9.30,100.0,4.1,1,8.70,5174,17,854,6045,28,2,Visions of Eternity,13.0
20261004-152618,Aspect of the Staff,8c4,80.8,77.8,25.0,7.20,100.0,0.0,1,7.20,650,0,487,1137,4,2,Ancora Strike,0.5
20261004-152618,Cosmic Piercer,8f0,125.0,0.0,100.0,6.90,100.0,1.6,1,6.90,610,10,15,635,3,1,,
20261004-152618,Cosmic Piercer,8f0,146.9,21.9,0.0,92.49,100.0,100.0,0,,0,0,0,0,0,log end,Annihilating Orb,10.0
20261004-152618,Aspect of the Spear,8f2,186.8,61.8,24.4,3.00,100.0,0.0,1,3.00,550,0,455,1005,4,2,Thousand Strikes,2.0
20261004-152618,Aspect of the Staff,8f4,179.1,46.3,25.6,7.20,100.0,0.0,1,6.60,100,0,886,986,1,2,Ancora Strike,1.0
20261004-152832,Aspect of the Staff,91f,42.9,39.9,24.1,3.30,100.0,0.0,1,3.30,800,0,409,1209,4,2,80311,0.2
20261004-153051,Aspect of the Staff,946,79.6,76.6,24.4,4.80,98.6,0.0,1,4.20,0,600,372,972,0,2,Eternal Reflection,3.3
20261004-154121,Vloxx,96c,156.7,,69.1,8.10,100.0,4.6,1,7.20,5024,201,837,6062,29,2,,
20261004-154121,Vloxx,96c,325.6,,39.4,9.30,100.0,6.0,0,,4794,660,795,6249,28,2,Visions of Eternity,11.7
20261004-154121,Vloxx,96c,529.9,,9.4,11.40,100.0,4.5,1,11.10,5234,13,919,6166,31,2,Visions of Eternity,14.3
20261004-154121,Aspect of the Staff,970,126.7,123.7,24.3,5.10,100.0,0.0,1,5.10,770,0,353,1123,4,2,Eternal Reflection,1.0
20261004-154121,Cosmic Piercer,993,128.0,0.0,100.0,9.60,100.0,0.0,1,9.60,450,0,197,647,4,1,,
20261004-154121,Cosmic Piercer,993,152.9,24.9,0.0,442.43,100.0,100.0,0,,0,0,0,0,0,log end,Eternal Reflection,9.8
20261004-154121,Aspect of the Spear,995,205.1,77.1,24.0,3.00,100.0,0.0,1,3.00,600,0,359,959,4,2,Ancora Strike,6.8
20261004-154121,Aspect of the Staff,9ae,257.8,73.2,24.1,6.00,100.0,0.0,1,6.00,400,200,492,1092,2,2,80311,2.0
20261004-154121,Aspect of the Spear,9c8,340.0,84.1,24.4,6.30,96.2,0.0,1,5.70,300,0,648,948,2,2,Ancora Strike,1.3
20261004-154121,Cosmic Bulwark,9da,306.3,0.3,100.0,7.80,100.0,1.6,1,7.50,560,10,155,725,3,1,,
20261004-154121,Cosmic Bulwark,9da,329.1,23.1,0.0,266.23,100.0,100.0,0,,0,0,0,0,0,log end,Worldpiercer,9.7
20261004-154121,Aspect of the Sword,9dd,378.0,72.0,25.9,6.60,100.0,0.0,1,6.30,300,0,673,973,2,2,Ancora Strike,0.4
20261004-154121,Aspect of the Staff,9de,374.8,65.2,23.4,1.80,75.0,0.0,1,1.80,750,0,97,847,5,2,Ancora Strike,4.1
20261004-154121,Aspect of the Spear,a04,456.1,64.3,24.7,11.70,100.0,0.0,1,11.40,150,0,837,987,1,2,Cosmic Charge,0.1
20261004-154121,Aspect of the Staff,a10,479.6,55.0,24.4,3.90,97.4,0.0,1,3.60,250,200,509,959,2,2,Ancora Strike,1.0
20261004-154121,Aspect of the Sword,a11,485.7,59.7,24.1,4.80,98.2,0.0,1,4.50,600,0,357,957,4,2,Division Eternal,1.7
20261004-154121,Cosmic Sunderer,a37,507.8,0.1,100.0,6.60,100.0,1.6,1,6.60,550,10,82,641,4,1,,
20261004-154121,Cosmic Sunderer,a37,529.1,21.4,0.0,66.23,100.0,100.0,0,,0,0,0,0,0,log end,80732,9.7
20261004-155218,Vloxx,a59,147.3,,69.0,12.30,100.0,2.4,1,11.70,3950,802,1453,6205,24,2,,
20261004-155218,Vloxx,a59,311.1,,39.3,11.40,100.0,0.1,1,9.30,4030,200,1760,5990,23,2,,
20261004-155218,Vloxx,a59,487.8,,9.2,9.60,100.0,0.1,1,9.00,4340,800,853,5993,26,2,Visions of Eternity,14.8
20261004-155218,Aspect of the Staff,a5d,48.9,45.9,23.1,3.90,97.4,0.0,1,3.90,820,0,298,1118,4,2,Eternal Reflection,3.5
20261004-155218,Aspect of the Staff,a8b,138.8,35.1,23.3,2.40,100.0,0.0,1,2.40,610,0,378,988,3,2,Ancora Strike,0.6
20261004-155218,Aspect of the Spear,a92,168.8,46.9,23.2,9.30,85.0,0.0,1,7.80,250,0,591,841,2,2,Thousand Strikes,3.2
20261004-155218,Cosmic Piercer,a94,122.0,0.1,100.0,12.30,100.0,1.6,1,12.30,650,56,95,802,3,1,,
20261004-155218,Cosmic Piercer,a94,149.3,27.4,0.0,451.30,100.0,100.0,0,,0,0,0,0,0,log end,Eternal Reflection,10.1
20261004-155218,Aspect of the Staff,ab1,263.5,78.1,24.8,18.00,100.0,0.0,1,18.00,500,45,595,1140,3,2,Eternal Reflection,3.6
20261004-155218,Aspect of the Spear,ac5,272.1,51.7,24.6,9.00,100.0,0.0,1,8.70,450,0,666,1116,3,2,Ancora Strike,3.7
20261004-155218,Cosmic Bulwark,ae2,280.0,0.1,100.0,7.80,100.0,1.6,1,7.80,500,10,115,624,3,1,,
20261004-155218,Cosmic Bulwark,ae2,302.8,22.9,0.0,297.79,100.0,100.0,0,,0,0,0,0,0,log end,Worldpiercer,7.4
20261004-155218,Aspect of the Sword,ae4,336.1,56.2,22.6,264.49,90.0,24.0,0,,0,436,799,1235,0,log end,Ancora Strike,1.6
20261004-155218,Aspect of the Spear,b00,377.4,51.3,22.4,3.30,97.4,0.0,1,3.30,850,0,181,1031,6,2,Ancora Strike,3.8
20261004-155218,Aspect of the Staff,b0b,508.2,160.0,24.9,5.40,100.0,0.0,1,5.40,500,0,544,1044,3,2,Ancora Strike,2.1
20261004-155218,Aspect of the Sword,b24,445.3,48.4,24.6,4.80,80.0,0.0,1,4.20,450,0,324,774,2,2,Ancora Strike,0.2
20261004-155218,Aspect of the Spear,b31,465.2,42.1,21.4,135.39,98.6,8.5,0,,250,295,650,1196,2,log end,Thousand Strikes,0.3
20261004-155218,Cosmic Sunderer,b4b,467.2,0.1,100.0,6.90,100.0,1.6,1,6.90,770,17,0,787,4,1,,
20261004-155218,Cosmic Sunderer,b4b,489.1,22.0,0.0,111.50,100.0,100.0,0,,0,0,0,0,0,log end,80510,10.1
20261004-155218,Aspect of the Sword,b64,557.5,61.9,23.6,12.30,100.0,0.0,1,11.40,0,0,992,992,0,2,Division Eternal,1.1
20261004-160448,Vloxx,b8e,146.1,,68.8,8.70,100.0,4.4,1,8.10,5114,12,1002,6128,27,2,,
20261004-160448,Vloxx,b8e,302.4,,39.2,9.60,100.0,2.4,1,9.30,4974,0,1169,6143,27,2,,
20261004-160448,Vloxx,b8e,495.3,,9.6,8.10,100.0,5.4,1,7.80,5146,0,933,6079,28,2,,
20261004-160448,Aspect of the Staff,b94,77.4,74.4,22.6,5.40,97.4,0.0,1,4.80,670,0,544,1214,3,2,80311,2.3
20261004-160448,Cosmic Piercer,ba4,121.2,0.1,100.0,7.50,100.0,0.0,1,7.20,660,0,88,748,4,1,,
20261004-160448,Cosmic Piercer,ba4,143.7,22.6,0.0,451.82,100.0,100.0,0,,0,0,0,0,0,log end,Eternal Reflection,9.5
20261004-160448,Aspect of the Spear,ba6,167.1,46.0,24.9,7.50,100.0,0.0,1,7.20,150,0,830,980,1,2,Ancora Strike,0.0
20261004-160448,Aspect of the Staff,ba9,192.8,63.7,25.9,11.10,100.0,0.0,1,10.20,150,0,838,988,1,2,Eternal Reflection,4.0
20261004-160448,Aspect of the Spear,bbe,265.4,40.3,24.8,10.80,85.0,0.0,1,7.20,200,0,639,839,2,2,Ancora Strike,7.1
20261004-160448,Aspect of the Staff,bc1,321.7,73.0,22.8,5.10,100.0,0.0,1,4.50,500,0,640,1140,4,2,80311,0.5
20261004-160448,Cosmic Bulwark,bc8,278.1,0.0,100.0,6.90,100.0,0.0,1,6.90,820,4,41,864,4,1,,
20261004-160448,Cosmic Bulwark,bc8,300.3,22.2,0.0,295.22,100.0,100.0,0,,0,0,0,0,0,log end,Worldpiercer,6.8
20261004-160448,Aspect of the Sword,bca,355.2,77.1,24.9,4.50,98.2,0.0,1,4.20,650,0,300,950,4,2,Division Eternal,0.5
20261004-160448,Aspect of the Spear,bd6,373.2,57.0,25.0,5.40,100.0,0.0,1,5.10,450,0,678,1128,3,2,Ancora Strike,7.1
20261004-160448,Aspect of the Staff,bea,437.2,54.7,23.3,6.90,100.0,0.0,1,6.90,250,0,797,1047,2,2,Eternal Reflection,2.7
20261004-160448,Aspect of the Sword,bef,463.4,52.0,26.0,14.40,100.0,0.0,1,14.40,670,83,448,1201,3,2,Ancora Strike,4.1
20261004-160448,Aspect of the Spear,bf0,465.2,44.4,23.7,7.50,97.4,0.0,1,5.10,600,0,371,971,3,2,Ancora Strike,1.9
20261004-160448,Cosmic Sunderer,bfe,471.1,0.0,100.0,6.60,100.0,1.6,1,6.00,550,10,37,597,3,1,,
20261004-160448,Cosmic Sunderer,bfe,492.4,21.3,0.0,103.12,100.0,100.0,0,,0,0,0,0,0,log end,80510,4.2
20261004-160448,Aspect of the Staff,c13,529.4,40.3,22.2,66.12,100.0,28.0,0,,100,302,627,1029,1,log end,Eternal Reflection,0.5
20261004-161448,Vloxx,c24,140.4,,68.8,11.10,100.0,0.9,1,10.50,5190,41,894,6124,28,2,Visions of Eternity,14.9
20261004-161448,Vloxx,c24,297.0,,39.3,11.70,100.0,2.8,1,11.40,5040,4,1011,6055,27,2,,
20261004-161448,Vloxx,c24,489.3,,9.6,12.60,100.0,6.1,0,,5160,58,920,6138,27,2,,
20261004-161448,Aspect of the Staff,c29,42.9,39.9,24.9,3.30,100.0,0.0,1,3.00,920,0,78,998,5,2,80311,0.5
20261004-161448,Aspect of the Staff,c3a,146.4,59.4,23.9,4.20,100.0,0.0,1,4.20,730,0,316,1046,5,2,Eternal Reflection,3.4
20261004-161448,Cosmic Piercer,c3d,119.7,0.1,100.0,6.30,100.0,0.0,1,6.30,660,0,32,692,4,1,,
20261004-161448,Cosmic Piercer,c3d,141.0,21.4,0.0,413.79,100.0,100.0,0,,0,0,0,0,0,log end,Annihilating Orb,9.0
20261004-161448,Aspect of the Spear,c3e,178.8,59.2,24.1,2.70,100.0,0.0,1,2.70,1000,0,165,1165,6,2,Ancora Strike,1.1
20261004-161448,Aspect of the Staff,c57,276.5,80.2,22.8,3.00,100.0,0.0,1,2.40,920,0,339,1259,4,2,Ancora Strike,0.7
20261004-161448,Aspect of the Spear,c5f,283.9,58.3,24.8,7.20,100.0,0.0,1,7.20,630,0,398,1028,4,2,Cosmic Charge,3.6
20261004-161448,Cosmic Bulwark,c65,274.0,0.1,100.0,11.10,100.0,1.6,1,10.80,450,10,129,589,3,1,,
20261004-161448,Cosmic Bulwark,c65,300.1,26.2,0.0,254.69,100.0,100.0,0,,0,0,0,0,0,log end,Worldpiercer,6.9
20261004-161448,Aspect of the Sword,c66,325.6,51.7,23.6,10.20,100.0,0.0,1,9.90,350,0,699,1049,3,2,Ancora Strike,4.5
20261004-161448,Aspect of the Staff,c7b,437.6,105.3,23.5,7.20,100.0,0.0,1,7.20,560,0,609,1169,3,2,Ancora Strike,1.9
20261004-161448,Aspect of the Spear,c7d,383.1,46.3,23.0,5.70,85.0,0.0,1,5.70,530,0,296,826,4,2,Ancora Strike,2.3
20261004-161448,Aspect of the Sword,c8b,445.9,66.4,24.6,8.70,100.0,0.0,1,8.70,260,0,775,1035,1,2,Ancora Strike,6.1
20261004-161448,Aspect of the Spear,c99,484.1,55.2,24.0,14.10,100.0,0.0,1,13.80,450,29,561,1040,2,2,Ancora Strike,2.1
20261004-161448,Cosmic Sunderer,ca5,466.0,0.1,100.0,10.20,100.0,0.0,1,10.20,600,10,128,737,4,1,,
20261004-161448,Cosmic Sunderer,ca5,491.2,25.3,0.0,63.59,100.0,100.0,0,,0,0,0,0,0,log end,80510,9.6
20261004-161912,Vloxx,cc5,136.5,,68.9,10.80,100.0,0.3,1,10.20,5110,0,873,5983,29,2,Visions of Eternity,10.8
20261004-161912,Aspect of the Staff,ccc,59.4,56.4,23.5,3.30,100.0,0.0,1,3.30,800,0,325,1125,5,2,Ancora Strike,4.7
20261004-161912,Cosmic Piercer,ce3,119.9,0.1,100.0,6.90,100.0,1.6,1,6.90,610,10,17,636,3,1,,
20261004-161912,Cosmic Piercer,ce3,141.8,22.0,0.0,39.54,100.0,100.0,0,,0,0,0,0,0,log end,Annihilating Orb,10.1
20261004-161912,Aspect of the Spear,ce5,160.1,40.3,24.6,11.10,100.0,0.0,1,11.10,400,9,716,1125,2,2,Ancora Strike,6.1
20261004-162419,Vloxx,cf8,132.0,,69.0,14.10,100.0,1.1,1,13.50,4600,4,1437,6041,27,2,Visions of Eternity,9.7
20261004-162419,Aspect of the Staff,cff,42.6,39.6,24.5,3.60,100.0,0.0,1,3.60,1160,0,83,1243,6,2,80311,0.4
20261004-162419,Aspect of the Staff,d11,151.9,63.3,23.3,4.20,100.0,0.0,1,3.90,430,0,558,988,3,2,Ancora Strike,1.5
20261004-162419,Cosmic Piercer,d15,116.5,0.1,100.0,4.50,100.0,0.0,1,4.50,700,0,0,700,3,1,,
20261004-162419,Cosmic Piercer,d15,136.0,19.6,0.0,150.21,100.0,100.0,0,,0,0,0,0,0,log end,Annihilating Orb,8.9
20261004-162419,Aspect of the Spear,d17,180.7,64.3,21.1,4.80,97.5,0.0,1,4.80,660,0,353,1013,4,2,Ancora Strike,2.6
20261004-163454,Vloxx,e0b,138.9,,68.9,12.90,100.0,1.5,1,11.40,4250,0,1835,6085,25,2,Visions of Eternity,10.1
20261004-163454,Vloxx,e0b,300.6,,39.1,9.30,99.5,0.5,1,8.40,4370,0,1570,5940,24,2,,
20261004-163454,Vloxx,e0b,497.7,,9.8,10.20,100.0,2.4,1,9.90,4930,40,1093,6063,29,2,Visions of Eternity,14.7
20261004-163454,Aspect of the Staff,e0d,43.8,40.8,25.1,3.30,100.0,0.0,1,3.30,1010,0,143,1153,6,2,80311,1.4
20261004-163454,Aspect of the Staff,e17,158.8,69.1,22.6,12.90,98.2,0.0,1,12.00,150,0,829,979,1,2,Ancora Strike,0.8
20261004-163454,Aspect of the Spear,e1c,159.4,38.5,25.0,441.17,100.0,14.9,0,,250,302,601,1153,2,log end,Ancora Strike,1.9
20261004-163454,Cosmic Piercer,e1d,121.0,0.1,100.0,6.30,100.0,1.6,1,6.30,700,10,5,714,4,1,,
20261004-163454,Cosmic Piercer,e1d,142.3,21.4,0.0,458.27,100.0,100.0,0,,0,0,0,0,0,log end,Annihilating Orb,9.8
20261004-163454,Aspect of the Spear,e2f,243.3,36.1,22.6,5.70,97.4,0.0,1,5.40,450,0,596,1046,4,2,Ancora Strike,2.0
20261004-163454,Aspect of the Staff,e30,303.4,91.9,23.9,1.50,100.0,0.0,1,1.50,1070,0,218,1288,5,2,Eternal Reflection,1.3
20261004-163454,Cosmic Bulwark,e3b,273.0,0.1,100.0,16.80,100.0,0.0,1,16.80,350,0,324,674,2,1,,
20261004-163454,Cosmic Bulwark,e3b,304.8,31.9,0.0,295.77,100.0,100.0,0,,0,0,0,0,0,log end,Smash,4.6
20261004-163454,Aspect of the Sword,e3c,321.3,48.4,23.6,13.20,100.0,0.0,1,13.20,350,5,629,984,3,2,Ancora Strike,0.2
20261004-163454,Aspect of the Spear,e3e,347.4,57.4,23.4,3.90,100.0,0.0,1,3.90,450,0,514,964,3,2,Ancora Strike,0.2
20261004-163454,Aspect of the Staff,e53,452.3,102.1,25.0,7.50,100.0,0.0,1,5.40,610,0,372,982,4,2,Eternal Reflection,4.1
20261004-163454,Aspect of the Sword,e5d,484.9,106.9,25.6,15.30,100.0,0.0,1,14.40,600,11,403,1014,3,2,Division Eternal,1.0
20261004-163454,Aspect of the Spear,e60,461.6,62.4,25.8,21.00,100.0,0.0,1,21.00,530,218,752,1500,3,2,Ancora Strike,1.2
20261004-163454,Cosmic Sunderer,e70,477.0,0.1,100.0,9.30,100.0,0.0,1,9.30,650,0,86,736,4,1,,
20261004-163454,Cosmic Sunderer,e70,501.3,24.4,0.0,99.27,100.0,100.0,0,,0,0,0,0,0,log end,Echoing Attack,9.8
20261004-163454,Aspect of the Staff,e88,578.1,75.0,23.5,13.80,98.6,0.0,1,13.20,200,9,782,991,1,2,Eternal Reflection,1.5
20261004-164242,Aspect of the Staff,1079,41.2,38.2,28.7,4.80,100.0,0.0,1,4.20,550,0,428,978,3,2,Ancora Strike,2.8
20261004-164733,Vloxx,1088,148.3,,68.9,12.60,100.0,2.7,1,12.00,5100,76,1001,6176,29,2,,
20261004-164733,Aspect of the Staff,108a,48.4,45.4,23.9,6.60,100.0,0.0,1,4.50,760,0,239,999,5,2,Eternal Reflection,3.2
20261004-164733,Aspect of the Staff,1096,168.6,57.3,23.1,3.90,97.4,0.0,1,3.60,500,0,449,949,4,2,Ancora Strike,0.6
20261004-164733,Cosmic Piercer,1098,123.8,0.1,100.0,7.80,100.0,1.6,1,7.80,550,10,65,624,4,1,,
20261004-164733,Cosmic Piercer,1098,146.3,22.6,8.6,132.00,100.0,17.0,0,,300,302,198,800,2,log end,Eternal Reflection,0.9
20261004-164733,Aspect of the Spear,1099,167.6,43.9,22.3,4.50,100.0,0.0,1,4.20,450,0,524,974,4,2,Thousand Strikes,1.8
20261004-164733,Aspect of the Spear,10a9,257.5,43.0,24.0,3.00,75.0,0.0,1,3.00,650,0,160,810,4,2,Ancora Strike,5.6
20261004-165754,Vloxx,10b3,143.4,,69.1,10.50,100.0,1.5,1,8.70,5230,7,986,6223,30,2,,
20261004-165754,Vloxx,10b3,298.5,,39.2,11.70,100.0,2.1,1,11.40,4950,1,1157,6108,27,2,,
20261004-165754,Vloxx,10b3,481.8,,9.0,11.40,100.0,0.4,1,10.20,5000,0,1125,6125,28,2,,
20261004-165754,Aspect of the Staff,10b6,42.0,39.0,23.7,4.80,100.0,0.0,1,4.80,910,0,173,1083,5,2,80311,0.4
20261004-165754,Aspect of the Staff,10c1,160.2,72.4,24.9,6.30,90.0,0.0,1,5.40,350,0,540,890,3,2,Ancora Strike,2.1
20261004-165754,Cosmic Piercer,10c2,117.9,0.1,100.0,7.50,100.0,1.6,1,7.50,550,10,82,642,4,1,,
20261004-165754,Cosmic Piercer,10c2,140.1,22.3,0.0,454.96,100.0,100.0,0,,0,0,0,0,0,log end,Eternal Reflection,8.7
20261004-165754,Aspect of the Spear,10c4,166.2,48.4,26.9,11.40,100.0,0.0,1,11.40,400,25,631,1057,3,2,Ancora Strike,3.7
20261004-165754,Aspect of the Staff,10d8,259.2,49.9,24.9,6.90,97.4,0.0,1,6.30,250,0,699,949,2,2,Ancora Strike,3.9
20261004-165754,Aspect of the Spear,10d9,258.6,38.5,24.4,3.30,100.0,0.0,1,2.70,680,0,311,991,5,2,Ancora Strike,5.8
20261004-165754,Cosmic Bulwark,10e6,275.9,0.1,100.0,7.20,100.0,1.6,1,7.20,580,10,23,612,4,1,,
20261004-165754,Cosmic Bulwark,10e6,297.8,22.0,0.0,297.26,100.0,100.0,0,,0,0,0,0,0,log end,Worldpiercer,6.9
20261004-165754,Aspect of the Sword,10e9,327.5,51.7,24.7,11.10,100.0,0.0,1,10.20,150,0,844,994,1,2,Ancora Strike,4.1
20261004-165754,Aspect of the Spear,10ec,376.1,71.5,24.2,2.70,97.0,0.0,1,2.40,600,0,367,967,3,2,Thousand Strikes,3.8
20261004-165754,Aspect of the Staff,10f3,482.1,174.6,24.9,3.60,100.0,0.0,1,3.30,910,0,328,1238,4,2,Eternal Reflection,1.1
20261004-165754,Aspect of the Sword,1105,440.5,55.2,21.5,2.70,96.2,0.0,1,2.40,750,0,307,1057,4,2,Division Eternal,3.6
20261004-165754,Aspect of the Spear,110b,461.8,37.9,22.6,3.30,100.0,0.0,1,3.30,650,0,301,951,5,2,Ancora Strike,2.4
20261004-165754,Cosmic Sunderer,1113,457.9,0.1,100.0,6.30,100.0,0.0,1,6.30,550,0,66,616,3,1,,
20261004-165754,Cosmic Sunderer,1113,479.5,21.7,0.0,115.56,100.0,100.0,0,,0,0,0,0,0,log end,Excision,10.1
20261004-165754,Aspect of the Sword,1127,544.7,59.5,24.6,12.00,100.0,0.0,1,12.00,350,0,661,1011,2,2,Division Eternal,1.3