log,cast_s,account,name,big_hits,knocked,knock_hits,stab_protected,blocked_evaded_invuln,first_knock_s
20260929-230929,207.2,Account-9365,Player-DDA6,1,0,0,1,4,
20260929-230929,207.2,Account-8C31,Player-FBAD,2,0,0,2,1,
20260929-230929,207.2,Account-1150,Player-82BE,1,1,1,0,1,3.08
20260929-230929,207.2,Account-83FE,Player-BCA0,2,0,0,2,0,
20260929-230929,207.2,Account-9FFE,Player-74C1,1,1,1,0,0,3.08
20260929-230929,207.2,Account-5C40,Player-F494,1,1,1,0,1,3.08
20260929-230929,207.2,Account-9754,Player-DE24,2,1,2,0,0,3.08
20260929-230929,207.2,Account-F4C4,Player-89AD,2,0,0,2,1,
20260929-230929,207.2,Account-16AE,Player-631B,2,0,0,2,1,
20260929-230929,207.2,Account-AD4B,Player-8FDE,2,0,0,2,0,
20260929-230929,262.4,Account-9365,Player-DDA6,3,1,2,1,0,4.52
20260929-230929,262.4,Account-8C31,Player-FBAD,10,1,9,1,4,4.04
20260929-230929,262.4,Account-1150,Player-82BE,1,1,1,0,0,3.09
20260929-230929,262.4,Account-83FE,Player-BCA0,2,1,1,1,1,3.56
20260929-230929,262.4,Account-9FFE,Player-74C1,2,0,0,2,1,
20260929-230929,262.4,Account-5C40,Player-F494,1,1,1,0,2,3.57
20260929-230929,262.4,Account-9754,Player-DE24,1,1,1,0,0,3.09
20260929-230929,262.4,Account-F4C4,Player-89AD,2,0,0,2,1,
20260929-230929,262.4,Account-AD4B,Player-8FDE,2,0,0,2,4,
20260929-231520,185.0,Account-9365,Player-DDA6,2,1,2,0,2,3.08
20260929-231520,185.0,Account-8C31,Player-FBAD,1,0,0,1,3,
20260929-231520,185.0,Account-1150,Player-82BE,2,1,2,0,4,3.08
20260929-231520,185.0,Account-83FE,Player-BCA0,1,1,1,0,1,3.56
20260929-231520,185.0,Account-9FFE,Player-74C1,1,1,1,0,1,3.56
20260929-231520,185.0,Account-5C40,Player-F494,1,1,1,0,1,3.08
20260929-231520,185.0,Account-9754,Player-DE24,1,1,1,0,0,3.08
20260929-231520,185.0,Account-F4C4,Player-89AD,2,1,2,0,1,3.56
20260929-231520,185.0,Account-16AE,Player-631B,1,1,1,0,0,3.08
20260929-231520,185.0,Account-AD4B,Player-8FDE,1,1,1,0,0,3.08
20260929-231520,241.1,Account-9365,Player-DDA6,2,0,0,2,2,
20260929-231520,241.1,Account-8C31,Player-FBAD,1,0,0,1,4,
20260929-231520,241.1,Account-1150,Player-82BE,2,1,1,1,3,4.52
20260929-231520,241.1,Account-83FE,Player-BCA0,1,1,1,0,3,4.04
20260929-231520,241.1,Account-9FFE,Player-74C1,2,1,1,1,3,5.00
20260929-231520,241.1,Account-5C40,Player-F494,2,1,1,1,1,4.04
20260929-231520,241.1,Account-9754,Player-DE24,1,0,0,1,1,
20260929-231520,241.1,Account-F4C4,Player-89AD,1,0,0,1,1,
20260929-231520,241.1,Account-16AE,Player-631B,1,1,1,0,5,4.04
20260929-231520,241.1,Account-AD4B,Player-8FDE,3,1,2,1,5,8.24
20260929-231520,286.9,Account-8C31,Player-FBAD,0,0,0,0,1,
20260929-231520,286.9,Account-1150,Player-82BE,0,0,0,0,0,
20260929-231520,286.9,Account-9FFE,Player-74C1,0,0,0,0,0,
20260929-231520,286.9,Account-5C40,Player-F494,0,0,0,0,0,
20260929-232028,180.3,Account-9365,Player-3025,5,1,4,1,0,4.04
20260929-232028,180.3,Account-8C31,Player-FBAD,3,0,0,3,2,
20260929-232028,180.3,Account-1150,Player-470E,1,0,0,1,0,
20260929-232028,180.3,Account-83FE,Player-BCA0,2,1,2,0,0,3.09
20260929-232028,180.3,Account-9FFE,Player-80A0,3,1,2,1,0,5.15
20260929-232028,180.3,Account-5C40,Player-F494,3,1,2,1,1,3.08
20260929-232028,180.3,Account-9754,Player-DE24,2,1,2,0,0,3.09
20260929-232028,180.3,Account-AD4B,Player-8FDE,2,1,2,0,1,3.09
20260929-232028,180.3,Account-F4C4,Player-89AD,1,0,0,1,0,
20260929-232028,180.3,Account-16AE,Player-051A,2,1,2,0,0,3.09
20260929-232602,207.0,Account-9365,Player-DDA6,2,0,0,2,2,
20260929-232602,207.0,Account-8C31,Player-FBAD,2,0,0,2,1,
20260929-232602,207.0,Account-1150,Player-470E,2,1,1,1,1,4.52
20260929-232602,207.0,Account-83FE,Player-BCA0,1,0,0,1,1,
20260929-232602,207.0,Account-9FFE,Player-80A0,2,0,0,2,2,
20260929-232602,207.0,Account-5C40,Player-F494,2,0,0,2,1,
20260929-232602,207.0,Account-9754,Player-DE24,2,0,0,2,2,
20260929-232602,207.0,Account-AD4B,Player-8FDE,1,0,0,1,1,
20260929-232602,207.0,Account-F4C4,Player-89AD,1,0,0,1,1,
20260929-232602,207.0,Account-16AE,Player-051A,1,0,0,1,1,
20260929-232602,261.9,Account-8C31,Player-FBAD,12,1,12,0,7,4.04
20260929-233227,200.4,Account-9FFE,Player-74C1,1,0,0,1,2,
20260929-233227,200.4,Account-9365,Player-DDA6,1,0,0,1,2,
20260929-233227,200.4,Account-8C31,Player-FBAD,2,0,0,2,0,
20260929-233227,200.4,Account-83FE,Player-BCA0,0,0,0,0,4,
20260929-233227,200.4,Account-5C40,Player-F494,2,1,2,0,1,3.56
20260929-233227,200.4,Account-9754,Player-DE24,2,1,2,0,4,3.56
20260929-233227,200.4,Account-AD4B,Player-8FDE,2,1,2,0,1,3.56
20260929-233227,200.4,Account-F4C4,Player-89AD,2,1,1,1,2,4.53
20260929-233227,200.4,Account-16AE,Player-1BA4,1,1,1,0,0,3.09
20260929-233227,200.4,Account-1150,Player-470E,2,1,2,0,9,3.09
20260929-233227,255.1,Account-9365,Player-DDA6,0,0,0,0,0,
20260929-233227,255.1,Account-8C31,Player-FBAD,0,0,0,0,0,
20260929-233227,255.1,Account-83FE,Player-BCA0,0,0,0,0,0,
20260929-233227,255.1,Account-5C40,Player-F494,1,1,1,0,3,4.52
20260929-233227,255.1,Account-AD4B,Player-8FDE,0,0,0,0,0,
20260929-233952,203.8,Account-9365,Player-1172,2,1,1,1,0,3.08
20260929-233952,203.8,Account-8C31,Player-FBAD,2,1,1,1,4,4.05
20260929-233952,203.8,Account-1150,Player-470E,1,1,1,0,0,3.08
20260929-233952,203.8,Account-83FE,Player-BCA0,1,0,0,1,0,
20260929-233952,203.8,Account-9FFE,Player-74C1,2,1,1,1,0,4.05
20260929-233952,203.8,Account-5C40,Player-F494,2,0,0,2,1,
20260929-233952,203.8,Account-9754,Player-AB6A,1,0,0,1,0,
20260929-233952,203.8,Account-AD4B,Player-8FDE,1,1,1,0,0,3.08
20260929-233952,203.8,Account-F4C4,Player-89AD,2,1,1,1,2,4.05
20260929-233952,203.8,Account-16AE,Player-1BA4,1,0,0,1,0,
20260929-233952,259.8,Account-9365,Player-1172,1,1,1,0,3,4.99
20260929-233952,259.8,Account-8C31,Player-FBAD,3,1,2,1,0,3.56
20260929-233952,259.8,Account-1150,Player-470E,0,0,0,0,1,
20260929-233952,259.8,Account-83FE,Player-BCA0,1,1,1,0,0,3.07
20260929-233952,259.8,Account-5C40,Player-F494,2,1,1,1,0,4.04
20260929-233952,259.8,Account-9754,Player-AB6A,2,1,1,1,0,4.04
20260929-233952,259.8,Account-AD4B,Player-8FDE,3,1,3,0,0,3.56
20260929-233952,259.8,Account-F4C4,Player-89AD,1,1,1,0,1,3.56
20260929-233952,259.8,Account-16AE,Player-1BA4,2,1,2,0,3,3.56
20260929-234806,216.7,Account-9754,Player-AB6A,1,0,0,1,1,
20260929-234806,216.7,Account-9365,Player-1172,2,0,0,2,0,
20260929-234806,216.7,Account-8C31,Player-FBAD,2,0,0,2,0,
20260929-234806,216.7,Account-1150,Player-470E,2,0,0,2,0,
20260929-234806,216.7,Account-83FE,Player-BCA0,1,0,0,1,1,
20260929-234806,216.7,Account-9FFE,Player-80A0,2,1,1,1,0,4.04
20260929-234806,216.7,Account-5C40,Player-F494,1,0,0,1,1,
20260929-234806,216.7,Account-AD4B,Player-8FDE,1,0,0,1,1,
20260929-234806,216.7,Account-F4C4,Player-89AD,2,0,0,2,0,
20260929-234806,216.7,Account-16AE,Player-631B,1,0,0,1,1,
20260929-234806,271.9,Account-9754,Player-AB6A,0,0,0,0,0,
20260929-234806,271.9,Account-9365,Player-1172,1,1,1,0,1,3.56
20260929-234806,271.9,Account-8C31,Player-FBAD,2,0,0,2,4,
20260929-234806,271.9,Account-1150,Player-470E,0,0,0,0,0,
20260929-234806,271.9,Account-83FE,Player-BCA0,2,0,0,2,2,
20260929-234806,271.9,Account-9FFE,Player-80A0,0,0,0,0,1,
20260929-234806,271.9,Account-5C40,Player-F494,2,0,0,2,7,
20260929-234806,271.9,Account-AD4B,Player-8FDE,2,1,1,1,1,4.52
20260929-234806,271.9,Account-F4C4,Player-89AD,0,0,0,0,0,
20260929-234806,271.9,Account-16AE,Player-631B,1,0,0,1,0,
20260929-234806,317.5,Account-9365,Player-1172,0,0,0,0,0,
20260929-234806,317.5,Account-8C31,Player-FBAD,2,1,1,1,0,4.52
20260929-234806,317.5,Account-1150,Player-470E,2,1,1,1,0,4.52
20260929-234806,317.5,Account-83FE,Player-BCA0,4,1,1,3,8,3.08
20260929-234806,317.5,Account-5C40,Player-F494,2,1,1,1,4,3.08
20260929-234806,317.5,Account-F4C4,Player-89AD,3,1,2,1,3,3.08
20260929-235415,184.9,Account-9FFE,Player-80A0,1,1,1,0,0,3.08
20260929-235415,184.9,Account-9365,Player-7AAB,1,1,1,0,0,3.08
20260929-235415,184.9,Account-8C31,Player-FBAD,2,1,2,0,0,3.09
20260929-235415,184.9,Account-1150,Player-470E,3,1,2,1,0,3.08
20260929-235415,184.9,Account-83FE,Player-BCA0,1,0,0,1,0,
20260929-235415,184.9,Account-5C40,Player-F494,2,1,1,1,0,3.08
20260929-235415,184.9,Account-9754,Player-DE24,3,1,2,1,1,3.09
20260929-235415,184.9,Account-AD4B,Player-8FDE,2,0,0,2,0,
20260929-235415,184.9,Account-F4C4,Player-89AD,2,1,2,0,1,3.57
20260929-235415,184.9,Account-16AE,Player-631B,1,1,1,0,0,3.09
20260929-235415,239.5,Account-9FFE,Player-80A0,1,1,1,0,0,3.08
20260929-235415,239.5,Account-9365,Player-7AAB,2,1,1,1,1,4.03
20260929-235415,239.5,Account-8C31,Player-FBAD,2,1,1,1,1,4.51
20260929-235415,239.5,Account-1150,Player-470E,2,0,0,2,1,
20260929-235415,239.5,Account-83FE,Player-BCA0,0,0,0,0,0,
20260929-235415,239.5,Account-5C40,Player-F494,1,1,1,0,0,3.08
20260929-235415,239.5,Account-9754,Player-DE24,1,0,0,1,0,
20260929-235415,239.5,Account-AD4B,Player-8FDE,1,1,1,0,1,3.55
20260929-235415,239.5,Account-F4C4,Player-89AD,0,0,0,0,0,
20260929-235415,239.5,Account-16AE,Player-631B,1,1,1,0,0,3.08
20260929-235415,286.8,Account-9FFE,Player-80A0,2,1,1,1,1,3.56
20260929-235415,286.8,Account-9365,Player-7AAB,1,1,1,0,0,3.09
20260929-235415,286.8,Account-1150,Player-470E,1,1,1,0,1,3.56
20260929-235415,286.8,Account-83FE,Player-BCA0,1,1,1,0,0,3.09
20260929-235415,286.8,Account-5C40,Player-F494,0,0,0,0,0,
20260929-235415,286.8,Account-9754,Player-DE24,0,0,0,0,0,
20260929-235415,286.8,Account-AD4B,Player-8FDE,0,0,0,0,4,
20260929-235415,286.8,Account-F4C4,Player-89AD,1,1,1,0,1,3.56
20260929-235848,170.1,Account-9365,Player-7AAB,1,0,0,1,0,
20260929-235848,170.1,Account-8C31,Player-FBAD,2,1,1,1,0,4.05
20260929-235848,170.1,Account-1150,Player-470E,2,1,1,1,2,4.52
20260929-235848,170.1,Account-83FE,Player-BCA0,1,0,0,1,0,
20260929-235848,170.1,Account-5C40,Player-F494,2,0,0,2,1,
20260929-235848,170.1,Account-9754,Player-DE24,1,0,0,1,1,
20260929-235848,170.1,Account-AD4B,Player-8FDE,2,0,0,2,0,
20260929-235848,170.1,Account-F4C4,Player-89AD,2,1,1,1,0,4.05
20260929-235848,170.1,Account-16AE,Player-631B,1,0,0,1,1,
20260929-235848,170.1,Account-9FFE,Player-74C1,1,0,0,1,0,
20260930-000603,171.1,Account-9365,Player-010B,2,1,2,0,1,3.08
20260930-000603,171.1,Account-8C31,Player-FBAD,2,1,1,1,1,3.08
20260930-000603,171.1,Account-1150,Player-470E,2,1,2,0,1,3.08
20260930-000603,171.1,Account-83FE,Player-BCA0,1,0,0,1,6,
20260930-000603,171.1,Account-9FFE,Player-74C1,2,1,2,0,0,3.08
20260930-000603,171.1,Account-5C40,Player-F494,1,0,0,1,1,
20260930-000603,171.1,Account-9754,Player-DE24,1,0,0,1,1,
20260930-000603,171.1,Account-AD4B,Player-8FDE,1,0,0,1,1,
20260930-000603,171.1,Account-F4C4,Player-89AD,1,1,1,0,1,3.57
20260930-000603,171.1,Account-16AE,Player-631B,1,0,0,1,3,
20260930-000603,227.4,Account-9365,Player-010B,1,1,1,0,0,3.09
20260930-000603,227.4,Account-1150,Player-470E,4,1,1,3,4,4.61
20260930-000603,227.4,Account-83FE,Player-BCA0,0,0,0,0,3,
20260930-000603,227.4,Account-9FFE,Player-74C1,3,1,3,0,0,3.09
20260930-000603,227.4,Account-5C40,Player-F494,1,0,0,1,1,
20260930-000603,227.4,Account-9754,Player-DE24,3,0,0,3,0,
20260930-000603,227.4,Account-AD4B,Player-8FDE,1,0,0,1,1,
20260930-000603,227.4,Account-F4C4,Player-89AD,9,1,9,0,5,3.09
20260930-000603,227.4,Account-16AE,Player-631B,2,0,0,2,2,
20260930-002046,170.0,Account-8C31,Player-FBAD,0,0,0,0,5,
20260930-002046,170.0,Account-9365,Player-010B,2,1,1,1,1,4.51
20260930-002046,170.0,Account-1150,Player-470E,2,1,2,0,1,3.08
20260930-002046,170.0,Account-83FE,Player-BCA0,3,0,0,3,0,
20260930-002046,170.0,Account-9FFE,Player-74C1,2,1,1,1,0,4.04
20260930-002046,170.0,Account-5C40,Player-F494,2,1,1,1,1,4.04
20260930-002046,170.0,Account-9754,Player-DE24,1,0,0,1,2,
20260930-002046,170.0,Account-AD4B,Player-8FDE,2,1,1,1,1,4.04
20260930-002046,170.0,Account-F4C4,Player-89AD,3,0,0,3,0,
20260930-002046,170.0,Account-16AE,Player-1BA4,1,1,1,0,2,4.03
20260930-002046,225.4,Account-9365,Player-010B,2,1,1,1,0,4.04
20260930-002046,225.4,Account-1150,Player-470E,2,0,0,2,0,
20260930-002046,225.4,Account-83FE,Player-BCA0,0,0,0,0,0,
20260930-002046,225.4,Account-9FFE,Player-74C1,2,0,0,2,0,
20260930-002046,225.4,Account-5C40,Player-F494,1,0,0,1,1,
20260930-002046,225.4,Account-9754,Player-DE24,2,0,0,2,1,
20260930-002046,225.4,Account-AD4B,Player-8FDE,0,0,0,0,0,
20260930-002046,225.4,Account-F4C4,Player-89AD,3,1,2,1,1,4.52
20260930-002046,225.4,Account-16AE,Player-1BA4,2,0,0,2,1,
20260930-002046,270.8,Account-9365,Player-010B,1,0,0,1,1,
20260930-002046,270.8,Account-1150,Player-470E,1,0,0,1,0,
20260930-002046,270.8,Account-83FE,Player-BCA0,1,1,1,0,2,3.08
20260930-002046,270.8,Account-9FFE,Player-74C1,1,1,1,0,0,4.05
20260930-002046,270.8,Account-5C40,Player-F494,2,1,2,0,4,3.08
20260930-002046,270.8,Account-9754,Player-DE24,2,0,0,2,0,
20260930-002046,270.8,Account-AD4B,Player-8FDE,1,0,0,1,0,
20260930-002046,270.8,Account-F4C4,Player-89AD,1,0,0,1,1,
20260930-002947,179.7,Account-9365,Player-010B,0,0,0,0,4,
20260930-002947,179.7,Account-8C31,Player-FBAD,0,0,0,0,4,
20260930-002947,179.7,Account-1150,Player-470E,1,0,0,1,4,
20260930-002947,179.7,Account-83FE,Player-BCA0,1,0,0,1,4,
20260930-002947,179.7,Account-9FFE,Player-74C1,0,0,0,0,3,
20260930-002947,179.7,Account-5C40,Player-F494,2,1,1,1,0,4.05
20260930-002947,179.7,Account-9754,Player-DE24,2,1,1,1,0,4.04
20260930-002947,179.7,Account-AD4B,Player-8FDE,2,1,1,1,1,4.05
20260930-002947,179.7,Account-F4C4,Player-89AD,2,1,1,1,0,4.05
20260930-002947,179.7,Account-16AE,Player-1BA4,2,1,1,1,0,4.05
20260930-002947,234.7,Account-9365,Player-010B,2,1,1,1,1,3.08
20260930-002947,234.7,Account-8C31,Player-FBAD,0,0,0,0,0,
20260930-002947,234.7,Account-1150,Player-470E,3,1,1,2,2,3.08
20260930-002947,234.7,Account-83FE,Player-BCA0,1,1,1,0,5,3.08
20260930-002947,234.7,Account-9FFE,Player-74C1,3,1,1,2,2,5.47
20260930-002947,234.7,Account-5C40,Player-F494,1,0,0,1,2,
20260930-002947,234.7,Account-9754,Player-DE24,0,0,0,0,0,
20260930-002947,234.7,Account-AD4B,Player-8FDE,2,1,2,0,0,7.11
20260930-002947,234.7,Account-F4C4,Player-89AD,1,1,1,0,0,7.64
20260930-002947,234.7,Account-16AE,Player-1BA4,1,0,0,1,1,
20260930-002947,279.7,Account-9365,Player-010B,1,1,1,0,0,3.09
20260930-002947,279.7,Account-8C31,Player-FBAD,2,1,1,1,1,3.57
20260930-002947,279.7,Account-1150,Player-470E,1,1,1,0,0,3.09
20260930-002947,279.7,Account-83FE,Player-BCA0,3,1,1,2,0,5.01
20260930-002947,279.7,Account-9FFE,Player-74C1,1,1,1,0,0,4.04
20260930-002947,279.7,Account-5C40,Player-F494,1,1,1,0,0,3.09
20260930-002947,279.7,Account-9754,Player-DE24,2,0,0,2,1,
20260930-002947,279.7,Account-AD4B,Player-8FDE,1,0,0,1,0,
20260930-002947,279.7,Account-F4C4,Player-89AD,2,1,2,0,1,3.09
20260930-002947,279.7,Account-16AE,Player-1BA4,2,0,0,2,0,
20260930-002947,335.5,Account-9365,Player-010B,0,0,0,0,0,
20260930-002947,335.5,Account-8C31,Player-FBAD,0,0,0,0,0,
20260930-002947,335.5,Account-1150,Player-470E,0,0,0,0,0,
20260930-002947,335.5,Account-83FE,Player-BCA0,3,1,2,1,0,4.24
20260930-002947,335.5,Account-9FFE,Player-74C1,0,0,0,0,0,
20260930-002947,335.5,Account-5C40,Player-F494,0,0,0,0,0,
20260930-002947,335.5,Account-9754,Player-DE24,0,0,0,0,0,
20260930-002947,335.5,Account-AD4B,Player-8FDE,0,0,0,0,0,
20260930-002947,335.5,Account-F4C4,Player-89AD,0,0,0,0,0,
20260930-002947,335.5,Account-16AE,Player-1BA4,0,0,0,0,0,
20260930-002947,390.4,Account-9365,Player-010B,0,0,0,0,1,
20260930-002947,390.4,Account-8C31,Player-FBAD,2,1,1,1,2,4.52
20260930-002947,390.4,Account-1150,Player-470E,0,0,0,0,0,
20260930-002947,390.4,Account-83FE,Player-BCA0,0,0,0,0,0,
20260930-002947,390.4,Account-9FFE,Player-74C1,0,0,0,0,0,
20260930-002947,390.4,Account-5C40,Player-F494,3,1,1,2,2,5.48
20260930-002947,390.4,Account-9754,Player-DE24,0,0,0,0,0,
20260930-002947,390.4,Account-AD4B,Player-8FDE,2,0,0,2,2,
20260930-002947,390.4,Account-F4C4,Player-89AD,0,0,0,0,0,
20260930-002947,390.4,Account-16AE,Player-1BA4,0,0,0,0,0,
20260930-003645,181.6,Account-9365,Player-010B,1,0,0,1,0,
20260930-003645,181.6,Account-8C31,Player-FBAD,2,0,0,2,0,
20260930-003645,181.6,Account-1150,Player-470E,1,0,0,1,0,
20260930-003645,181.6,Account-83FE,Player-BCA0,1,0,0,1,0,
20260930-003645,181.6,Account-9FFE,Player-74C1,1,0,0,1,0,
20260930-003645,181.6,Account-5C40,Player-F494,2,1,1,1,1,3.56
20260930-003645,181.6,Account-9754,Player-DE24,2,1,2,0,0,3.08
20260930-003645,181.6,Account-AD4B,Player-8FDE,1,1,1,0,0,3.08
20260930-003645,181.6,Account-F4C4,Player-89AD,1,0,0,1,0,
20260930-003645,181.6,Account-16AE,Player-1BA4,1,1,1,0,0,3.08
20260930-003645,238.2,Account-9365,Player-010B,2,0,0,2,2,
20260930-003645,238.2,Account-8C31,Player-FBAD,1,1,1,0,2,3.56
20260930-003645,238.2,Account-1150,Player-470E,1,1,1,0,3,3.56
20260930-003645,238.2,Account-83FE,Player-BCA0,1,0,0,1,5,
20260930-003645,238.2,Account-9FFE,Player-74C1,2,1,1,1,3,4.52
20260930-003645,238.2,Account-5C40,Player-F494,2,0,0,2,4,
20260930-003645,238.2,Account-9754,Player-DE24,2,1,1,1,2,4.04
20260930-003645,238.2,Account-AD4B,Player-8FDE,2,1,1,1,2,4.52
20260930-003645,238.2,Account-F4C4,Player-89AD,1,1,1,0,1,3.56
20260930-003645,238.2,Account-16AE,Player-1BA4,2,1,1,1,0,4.04
20260930-003645,284.5,Account-9365,Player-010B,3,0,0,3,0,
20260930-003645,284.5,Account-8C31,Player-FBAD,2,1,2,0,0,3.09
20260930-003645,284.5,Account-1150,Player-470E,2,0,0,2,0,
20260930-003645,284.5,Account-83FE,Player-BCA0,2,1,1,1,2,4.53
20260930-003645,284.5,Account-9FFE,Player-74C1,2,1,2,0,0,3.09
20260930-003645,284.5,Account-5C40,Player-F494,5,1,5,0,0,3.09
20260930-003645,284.5,Account-9754,Player-DE24,3,1,3,0,0,3.57
20260930-003645,284.5,Account-AD4B,Player-8FDE,2,1,2,0,2,3.57
20260930-003645,284.5,Account-F4C4,Player-89AD,2,0,0,2,0,
20260930-003645,284.5,Account-16AE,Player-1BA4,2,1,2,0,0,3.09
20260930-004322,164.5,Account-9365,Player-010B,1,1,1,0,1,3.56
20260930-004322,164.5,Account-8C31,Player-FBAD,2,1,1,1,0,3.08
20260930-004322,164.5,Account-1150,Player-470E,2,1,2,0,0,3.56
20260930-004322,164.5,Account-83FE,Player-BCA0,3,1,3,0,0,3.08
20260930-004322,164.5,Account-9FFE,Player-74C1,2,1,1,1,0,3.08
20260930-004322,164.5,Account-5C40,Player-F494,1,1,1,0,0,3.08
20260930-004322,164.5,Account-9754,Player-DE24,1,1,1,0,0,3.08
20260930-004322,164.5,Account-AD4B,Player-8FDE,3,1,3,0,0,3.08
20260930-004322,164.5,Account-F4C4,Player-89AD,1,1,1,0,0,3.08
20260930-004322,164.5,Account-16AE,Player-1BA4,1,1,1,0,0,3.08
20260930-004322,221.4,Account-9365,Player-010B,2,0,0,2,1,
20260930-004322,221.4,Account-8C31,Player-FBAD,1,0,0,1,0,
20260930-004322,221.4,Account-1150,Player-470E,2,1,1,1,3,4.04
20260930-004322,221.4,Account-83FE,Player-BCA0,2,0,0,2,0,
20260930-004322,221.4,Account-9FFE,Player-74C1,1,0,0,1,3,
20260930-004322,221.4,Account-5C40,Player-F494,2,0,0,2,1,
20260930-004322,221.4,Account-9754,Player-DE24,2,0,0,2,0,
20260930-004322,221.4,Account-AD4B,Player-8FDE,2,0,0,2,2,
20260930-004322,221.4,Account-F4C4,Player-89AD,2,1,1,1,0,3.56
20260930-004322,221.4,Account-16AE,Player-1BA4,1,1,1,0,1,3.56
20260930-004322,267.8,Account-9365,Player-010B,2,0,0,2,0,
20260930-004322,267.8,Account-8C31,Player-FBAD,2,1,2,0,1,4.04
20260930-004322,267.8,Account-1150,Player-470E,2,0,0,2,0,
20260930-004322,267.8,Account-83FE,Player-BCA0,3,1,2,1,0,4.04
20260930-004322,267.8,Account-9FFE,Player-74C1,1,0,0,1,1,
20260930-004322,267.8,Account-5C40,Player-F494,1,0,0,1,1,
20260930-004322,267.8,Account-9754,Player-DE24,1,0,0,1,5,
20260930-004322,267.8,Account-AD4B,Player-8FDE,2,0,0,2,0,
20260930-004322,267.8,Account-F4C4,Player-89AD,2,0,0,2,0,
20260930-004322,267.8,Account-16AE,Player-1BA4,2,1,1,1,0,4.04
20260930-004322,316.1,Account-9365,Player-010B,2,1,1,1,0,4.04
20260930-004322,316.1,Account-1150,Player-470E,2,1,1,1,0,4.04
20260930-004322,316.1,Account-83FE,Player-BCA0,2,1,1,1,1,4.04
20260930-004322,316.1,Account-9FFE,Player-74C1,2,1,1,1,0,4.04
20260930-004322,316.1,Account-5C40,Player-F494,2,1,1,1,0,4.52
20260930-004322,316.1,Account-9754,Player-DE24,1,0,0,1,2,
20260930-004322,316.1,Account-F4C4,Player-89AD,1,0,0,1,0,
20260930-004322,316.1,Account-16AE,Player-1BA4,1,0,0,1,0,
20260930-004948,174.2,Account-9365,Player-010B,2,1,2,0,1,3.09
20260930-004948,174.2,Account-8C31,Player-FBAD,1,1,1,0,2,3.57
20260930-004948,174.2,Account-1150,Player-470E,1,1,1,0,0,3.09
20260930-004948,174.2,Account-83FE,Player-BCA0,0,0,0,0,0,
20260930-004948,174.2,Account-9FFE,Player-74C1,1,1,1,0,2,3.57
20260930-004948,174.2,Account-5C40,Player-F494,2,0,0,2,0,
20260930-004948,174.2,Account-9754,Player-DE24,1,0,0,1,5,
20260930-004948,174.2,Account-AD4B,Player-8FDE,1,0,0,1,0,
20260930-004948,174.2,Account-F4C4,Player-89AD,0,0,0,0,0,
20260930-004948,174.2,Account-16AE,Player-1BA4,2,0,0,2,0,
20260930-004948,228.9,Account-9365,Player-010B,2,0,0,2,1,
20260930-004948,228.9,Account-8C31,Player-FBAD,2,1,1,1,0,5.01
20260930-004948,228.9,Account-1150,Player-470E,2,1,2,0,1,4.52
20260930-004948,228.9,Account-83FE,Player-BCA0,10,1,6,4,4,7.60
20260930-004948,228.9,Account-9FFE,Player-74C1,3,1,2,1,1,5.01
20260930-004948,228.9,Account-5C40,Player-F494,2,0,0,2,2,
20260930-004948,228.9,Account-9754,Player-DE24,2,0,0,2,1,
20260930-004948,228.9,Account-AD4B,Player-8FDE,3,0,0,3,1,
20260930-004948,228.9,Account-F4C4,Player-89AD,9,1,9,0,7,3.56
20260930-004948,228.9,Account-16AE,Player-1BA4,2,1,1,1,1,4.52
20260930-010007,176.0,Account-9365,Player-1172,3,1,1,2,0,5.01
20260930-010007,176.0,Account-8C31,Player-DCBD,2,1,1,1,2,3.57
20260930-010007,176.0,Account-1150,Player-470E,1,1,1,0,2,3.57
20260930-010007,176.0,Account-83FE,Player-BCA0,2,1,1,1,0,5.48
20260930-010007,176.0,Account-9FFE,Player-74C1,2,1,1,1,1,5.49
20260930-010007,176.0,Account-5C40,Player-F494,1,1,1,0,1,3.57
20260930-010007,176.0,Account-9754,Player-1B7A,2,1,1,1,1,5.48
20260930-010007,176.0,Account-AD4B,Player-8FDE,2,1,1,1,0,5.48
20260930-010007,176.0,Account-F4C4,Player-89AD,2,1,1,1,0,3.08
20260930-010007,176.0,Account-16AE,Player-1BA4,3,1,1,2,0,5.01
20260930-010007,230.7,Account-9365,Player-1172,1,0,0,1,1,
20260930-010007,230.7,Account-8C31,Player-DCBD,0,0,0,0,1,
20260930-010007,230.7,Account-1150,Player-470E,2,1,1,1,2,4.52
20260930-010007,230.7,Account-83FE,Player-BCA0,1,0,0,1,1,
20260930-010007,230.7,Account-9FFE,Player-74C1,2,0,0,2,0,
20260930-010007,230.7,Account-5C40,Player-F494,1,0,0,1,1,
20260930-010007,230.7,Account-9754,Player-1B7A,1,1,1,0,1,3.56
20260930-010007,230.7,Account-AD4B,Player-8FDE,2,0,0,2,1,
20260930-010007,230.7,Account-F4C4,Player-89AD,2,1,1,1,2,5.48
20260930-010007,230.7,Account-16AE,Player-1BA4,2,1,1,1,2,5.48
20260930-010007,276.3,Account-9365,Player-1172,9,1,8,1,2,3.09
20260930-010007,276.3,Account-8C31,Player-DCBD,8,1,6,2,2,5.01
20260930-010007,276.3,Account-1150,Player-470E,3,0,0,3,4,
20260930-010007,276.3,Account-83FE,Player-BCA0,1,0,0,1,4,
20260930-010007,276.3,Account-9FFE,Player-74C1,2,1,2,0,0,3.09
20260930-010007,276.3,Account-5C40,Player-F494,1,1,1,0,0,3.09
20260930-010007,276.3,Account-9754,Player-1B7A,1,1,1,0,0,3.09
20260930-010007,276.3,Account-AD4B,Player-8FDE,1,1,1,0,0,3.09
20260930-010007,276.3,Account-F4C4,Player-89AD,1,1,1,0,0,4.05
20260930-010007,276.3,Account-16AE,Player-1BA4,2,1,2,0,2,4.05
20260930-010656,171.4,Account-9365,Player-1172,1,0,0,1,1,
20260930-010656,171.4,Account-8C31,Player-DCBD,2,0,0,2,2,
20260930-010656,171.4,Account-1150,Player-470E,2,0,0,2,0,
20260930-010656,171.4,Account-83FE,Player-BCA0,1,0,0,1,1,
20260930-010656,171.4,Account-9FFE,Player-74C1,1,0,0,1,1,
20260930-010656,171.4,Account-5C40,Player-F494,2,1,2,0,1,4.05
20260930-010656,171.4,Account-9754,Player-1B7A,1,1,1,0,1,4.05
20260930-010656,171.4,Account-AD4B,Player-8FDE,2,1,1,1,0,5.00
20260930-010656,171.4,Account-F4C4,Player-89AD,2,0,0,2,1,
20260930-010656,171.4,Account-16AE,Player-1BA4,1,1,1,0,1,4.05
20260930-010656,226.8,Account-9365,Player-1172,1,1,1,0,1,5.00
20260930-010656,226.8,Account-8C31,Player-DCBD,1,1,1,0,3,4.05
20260930-010656,226.8,Account-1150,Player-470E,1,1,1,0,6,5.48
20260930-010656,226.8,Account-83FE,Player-BCA0,2,1,1,1,3,5.00
20260930-010656,226.8,Account-9FFE,Player-74C1,2,1,2,0,3,3.56
20260930-010656,226.8,Account-5C40,Player-F494,2,1,1,1,1,5.00
20260930-010656,226.8,Account-9754,Player-1B7A,2,0,0,2,1,
20260930-010656,226.8,Account-AD4B,Player-8FDE,2,1,1,1,2,4.05
20260930-010656,226.8,Account-F4C4,Player-89AD,1,1,1,0,1,5.00
20260930-010656,226.8,Account-16AE,Player-1BA4,3,1,1,2,3,4.52
20260930-010656,272.2,Account-9365,Player-1172,2,1,2,0,0,4.04
20260930-010656,272.2,Account-8C31,Player-DCBD,2,1,2,0,2,3.56
20260930-010656,272.2,Account-1150,Player-470E,5,1,5,0,3,3.08
20260930-010656,272.2,Account-83FE,Player-BCA0,3,1,1,2,3,4.04
20260930-010656,272.2,Account-9FFE,Player-74C1,2,1,2,0,0,3.56
20260930-010656,272.2,Account-5C40,Player-F494,6,1,2,4,1,4.04
20260930-010656,272.2,Account-9754,Player-1B7A,2,1,1,1,0,5.00
20260930-010656,272.2,Account-AD4B,Player-8FDE,3,1,1,2,4,3.09
20260930-010656,272.2,Account-F4C4,Player-89AD,1,1,1,0,1,3.08
20260930-010656,272.2,Account-16AE,Player-1BA4,2,0,0,2,1,
20260930-010656,327.7,Account-9365,Player-1172,0,0,0,0,0,
20260930-010656,327.7,Account-8C31,Player-DCBD,3,1,2,1,0,3.56
20260930-010656,327.7,Account-1150,Player-470E,2,1,1,1,0,4.04
20260930-010656,327.7,Account-83FE,Player-BCA0,1,0,0,1,6,
20260930-010656,327.7,Account-9FFE,Player-74C1,3,0,0,3,1,
20260930-010656,327.7,Account-5C40,Player-F494,2,0,0,2,1,
20260930-010656,327.7,Account-9754,Player-1B7A,2,0,0,2,1,
20260930-010656,327.7,Account-AD4B,Player-8FDE,2,1,1,1,1,4.04
20260930-010656,327.7,Account-16AE,Player-1BA4,2,0,0,2,1,
20260930-011344,180.7,Account-9365,Player-1172,1,0,0,1,1,
20260930-011344,180.7,Account-8C31,Player-DCBD,1,0,0,1,1,
20260930-011344,180.7,Account-1150,Player-470E,1,0,0,1,1,
20260930-011344,180.7,Account-83FE,Player-BCA0,2,0,0,2,0,
20260930-011344,180.7,Account-9FFE,Player-74C1,1,0,0,1,1,
20260930-011344,180.7,Account-5C40,Player-F494,2,0,0,2,0,
20260930-011344,180.7,Account-9754,Player-1B7A,2,0,0,2,1,
20260930-011344,180.7,Account-AD4B,Player-8FDE,1,0,0,1,0,
20260930-011344,180.7,Account-F4C4,Player-89AD,1,0,0,1,1,
20260930-011344,180.7,Account-16AE,Player-1BA4,1,0,0,1,1,
20260930-011344,235.5,Account-9365,Player-1172,2,1,2,0,0,4.05
20260930-011344,235.5,Account-8C31,Player-DCBD,1,1,1,0,6,4.05
20260930-011344,235.5,Account-1150,Player-470E,1,1,1,0,2,4.05
20260930-011344,235.5,Account-83FE,Player-BCA0,2,0,0,2,2,
20260930-011344,235.5,Account-9FFE,Player-74C1,2,1,2,0,1,3.56
20260930-011344,235.5,Account-5C40,Player-F494,9,1,6,3,2,5.60
20260930-011344,235.5,Account-9754,Player-1B7A,2,0,0,2,2,
20260930-011344,235.5,Account-AD4B,Player-8FDE,2,0,0,2,0,
20260930-011344,235.5,Account-F4C4,Player-89AD,3,1,2,1,0,3.08
20260930-011344,235.5,Account-16AE,Player-1BA4,10,1,3,7,3,5.60
20260930-011344,280.8,Account-9365,Player-1172,2,0,0,2,0,
20260930-011344,280.8,Account-8C31,Player-DCBD,12,1,12,0,8,5.00
20260930-011344,280.8,Account-1150,Player-470E,2,1,2,0,6,5.47
20260930-011344,280.8,Account-83FE,Player-BCA0,2,0,0,2,7,
20260930-011344,280.8,Account-9FFE,Player-74C1,5,1,5,0,7,6.52
20260930-011344,280.8,Account-5C40,Player-F494,8,0,0,8,10,
20260930-011344,280.8,Account-9754,Player-1B7A,0,0,0,0,12,
20260930-011344,280.8,Account-AD4B,Player-8FDE,6,1,6,0,6,6.07
20260930-011344,280.8,Account-F4C4,Player-89AD,8,1,7,1,3,5.00
20260930-011344,280.8,Account-16AE,Player-1BA4,1,0,0,1,10,
20260930-011934,175.6,Account-9365,Player-1172,2,1,2,0,0,3.09
20260930-011934,175.6,Account-8C31,Player-DCBD,2,1,2,0,0,3.09
20260930-011934,175.6,Account-1150,Player-470E,2,1,2,0,0,3.57
20260930-011934,175.6,Account-83FE,Player-BCA0,1,0,0,1,2,
20260930-011934,175.6,Account-9FFE,Player-74C1,2,1,2,0,4,3.09
20260930-011934,175.6,Account-5C40,Player-F494,3,1,2,1,1,3.09
20260930-011934,175.6,Account-9754,Player-1B7A,2,1,1,1,1,5.01
20260930-011934,175.6,Account-AD4B,Player-8FDE,2,1,1,1,0,3.09
20260930-011934,175.6,Account-F4C4,Player-89AD,2,1,2,0,1,3.57
20260930-011934,175.6,Account-16AE,Player-1BA4,2,1,1,1,1,3.09
20260930-011934,232.6,Account-9365,Player-1172,4,1,2,2,0,3.08
20260930-011934,232.6,Account-8C31,Player-DCBD,1,0,0,1,7,
20260930-011934,232.6,Account-1150,Player-470E,1,0,0,1,1,
20260930-011934,232.6,Account-83FE,Player-BCA0,1,0,0,1,3,
20260930-011934,232.6,Account-9FFE,Player-74C1,2,0,0,2,0,
20260930-011934,232.6,Account-5C40,Player-F494,1,1,1,0,1,4.53
20260930-011934,232.6,Account-9754,Player-1B7A,1,0,0,1,1,
20260930-011934,232.6,Account-AD4B,Player-8FDE,11,1,11,0,7,3.56
20260930-011934,232.6,Account-F4C4,Player-89AD,2,1,1,1,1,3.56
20260930-011934,232.6,Account-16AE,Player-1BA4,4,0,0,4,5,
20260930-012807,190.8,Account-9365,Player-1172,2,0,0,2,2,
20260930-012807,190.8,Account-8C31,Player-DCBD,2,0,0,2,1,
20260930-012807,190.8,Account-1150,Player-470E,2,0,0,2,2,
20260930-012807,190.8,Account-83FE,Player-BCA0,3,0,0,3,0,
20260930-012807,190.8,Account-9FFE,Player-74C1,2,0,0,2,0,
20260930-012807,190.8,Account-5C40,Player-F494,4,1,1,3,1,5.48
20260930-012807,190.8,Account-9754,Player-1B7A,1,0,0,1,1,
20260930-012807,190.8,Account-AD4B,Player-8FDE,1,0,0,1,1,
20260930-012807,190.8,Account-F4C4,Player-89AD,2,0,0,2,0,
20260930-012807,190.8,Account-16AE,Player-1BA4,1,0,0,1,1,
20260930-012807,247.5,Account-9365,Player-1172,2,1,2,0,0,4.53
20260930-012807,247.5,Account-8C31,Player-DCBD,2,1,2,0,2,4.53
20260930-012807,247.5,Account-1150,Player-470E,1,1,1,0,1,5.48
20260930-012807,247.5,Account-83FE,Player-BCA0,2,1,1,1,4,5.48
20260930-012807,247.5,Account-9FFE,Player-74C1,2,1,2,0,2,4.53
20260930-012807,247.5,Account-5C40,Player-F494,2,1,1,1,1,5.48
20260930-012807,247.5,Account-9754,Player-1B7A,1,1,1,0,1,5.48
20260930-012807,247.5,Account-AD4B,Player-8FDE,2,1,1,1,1,5.48
20260930-012807,247.5,Account-F4C4,Player-89AD,1,0,0,1,0,
20260930-012807,247.5,Account-16AE,Player-1BA4,2,1,1,1,0,5.48
20260930-012807,293.7,Account-9365,Player-1172,1,1,1,0,2,4.53
20260930-012807,293.7,Account-8C31,Player-DCBD,2,0,0,2,1,
20260930-012807,293.7,Account-1150,Player-470E,1,0,0,1,3,
20260930-012807,293.7,Account-83FE,Player-BCA0,2,0,0,2,1,
20260930-012807,293.7,Account-9FFE,Player-74C1,2,0,0,2,1,
20260930-012807,293.7,Account-5C40,Player-F494,1,1,1,0,0,4.53
20260930-012807,293.7,Account-9754,Player-1B7A,1,0,0,1,0,
20260930-012807,293.7,Account-AD4B,Player-8FDE,2,0,0,2,2,
20260930-012807,293.7,Account-F4C4,Player-89AD,1,0,0,1,0,
20260930-012807,293.7,Account-16AE,Player-1BA4,2,0,0,2,4,
20260930-012807,346.9,Account-8C31,Player-DCBD,0,0,0,0,0,
20260930-012807,346.9,Account-5C40,Player-F494,0,0,0,0,0,
20260930-012807,346.9,Account-16AE,Player-1BA4,0,0,0,0,0,
20260930-013625,163.8,Account-9754,Player-DE24,2,1,1,1,1,5.00
20260930-013625,163.8,Account-9365,Player-1172,2,0,0,2,1,
20260930-013625,163.8,Account-8C31,Player-DCBD,1,0,0,1,2,
20260930-013625,163.8,Account-1150,Player-470E,2,1,1,1,1,5.48
20260930-013625,163.8,Account-83FE,Player-BCA0,2,1,1,1,1,4.52
20260930-013625,163.8,Account-9FFE,Player-74C1,2,1,1,1,1,5.01
20260930-013625,163.8,Account-5C40,Player-F494,2,1,1,1,1,4.52
20260930-013625,163.8,Account-AD4B,Player-8FDE,1,0,0,1,4,
20260930-013625,163.8,Account-F4C4,Player-89AD,1,0,0,1,1,
20260930-013625,163.8,Account-16AE,Player-1BA4,1,0,0,1,1,
20260930-013625,219.5,Account-9754,Player-DE24,0,0,0,0,0,
20260930-013625,219.5,Account-9365,Player-1172,1,0,0,1,0,
20260930-013625,219.5,Account-8C31,Player-DCBD,1,0,0,1,1,
20260930-013625,219.5,Account-1150,Player-470E,1,0,0,1,0,
20260930-013625,219.5,Account-83FE,Player-BCA0,0,0,0,0,0,
20260930-013625,219.5,Account-9FFE,Player-74C1,0,0,0,0,0,
20260930-013625,219.5,Account-5C40,Player-F494,1,0,0,1,0,
20260930-013625,219.5,Account-AD4B,Player-8FDE,3,1,3,0,3,4.04
20260930-013625,219.5,Account-F4C4,Player-89AD,1,0,0,1,1,
20260930-013625,219.5,Account-16AE,Player-1BA4,1,1,1,0,1,4.52
20260930-013625,265.4,Account-9754,Player-DE24,10,0,0,10,1,
20260930-013625,265.4,Account-9365,Player-1172,2,0,0,2,0,
20260930-013625,265.4,Account-8C31,Player-DCBD,2,0,0,2,2,
20260930-013625,265.4,Account-9FFE,Player-74C1,17,0,0,17,0,
20260930-013625,265.4,Account-5C40,Player-F494,2,1,2,0,4,3.09
20260930-013625,265.4,Account-AD4B,Player-8FDE,1,1,1,0,0,3.56
20260930-013625,265.4,Account-F4C4,Player-89AD,10,1,9,1,7,4.51
20260930-013625,265.4,Account-16AE,Player-1BA4,5,1,2,3,1,3.09
20260930-013625,313.3,Account-1150,Player-470E,2,1,1,1,0,4.52
20260930-013625,313.3,Account-83FE,Player-BCA0,5,0,0,5,2,
20260930-013625,313.3,Account-5C40,Player-F494,3,0,0,3,0,
20260930-013625,313.3,Account-AD4B,Player-8FDE,2,1,2,0,0,3.08
20260930-013625,313.3,Account-16AE,Player-1BA4,3,1,2,1,3,4.52
20260930-014701,173.6,Account-9365,Player-1172,2,0,0,2,0,
20260930-014701,173.6,Account-8C31,Player-DCBD,2,0,0,2,4,
20260930-014701,173.6,Account-1150,Player-470E,2,0,0,2,1,
20260930-014701,173.6,Account-83FE,Player-BCA0,0,0,0,0,4,
20260930-014701,173.6,Account-9FFE,Player-74C1,2,1,2,0,1,4.52
20260930-014701,173.6,Account-5C40,Player-F494,3,0,0,3,2,
20260930-014701,173.6,Account-9754,Player-DE24,2,0,0,2,2,
20260930-014701,173.6,Account-AD4B,Player-8FDE,2,0,0,2,1,
20260930-014701,173.6,Account-F4C4,Player-89AD,1,0,0,1,4,
20260930-014701,173.6,Account-16AE,Player-1BA4,2,1,1,1,5,4.04
20260930-014701,228.2,Account-9365,Player-1172,2,1,2,0,1,4.03
20260930-014701,228.2,Account-8C31,Player-DCBD,2,1,2,0,0,4.52
20260930-014701,228.2,Account-1150,Player-470E,1,1,1,0,0,5.00
20260930-014701,228.2,Account-83FE,Player-BCA0,2,0,0,2,1,
20260930-014701,228.2,Account-9FFE,Player-74C1,1,1,1,0,0,5.00
20260930-014701,228.2,Account-5C40,Player-F494,1,0,0,1,2,
20260930-014701,228.2,Account-9754,Player-DE24,1,0,0,1,1,
20260930-014701,228.2,Account-AD4B,Player-8FDE,1,0,0,1,1,
20260930-014701,228.2,Account-F4C4,Player-89AD,2,1,2,0,1,4.52
20260930-014701,228.2,Account-16AE,Player-1BA4,1,0,0,1,1,
20260930-014701,273.7,Account-9365,Player-1172,1,0,0,1,1,
20260930-014701,273.7,Account-8C31,Player-DCBD,1,1,1,0,1,5.00
20260930-014701,273.7,Account-1150,Player-470E,1,0,0,1,1,
20260930-014701,273.7,Account-83FE,Player-BCA0,1,0,0,1,0,
20260930-014701,273.7,Account-9FFE,Player-74C1,1,0,0,1,1,
20260930-014701,273.7,Account-5C40,Player-F494,1,0,0,1,2,
20260930-014701,273.7,Account-9754,Player-DE24,1,0,0,1,1,
20260930-014701,273.7,Account-AD4B,Player-8FDE,3,1,3,0,2,3.56
20260930-014701,273.7,Account-F4C4,Player-89AD,1,0,0,1,12,
20260930-014701,273.7,Account-16AE,Player-1BA4,3,1,1,2,5,6.04
20260930-014701,329.4,Account-9365,Player-1172,2,0,0,2,0,
20260930-014701,329.4,Account-8C31,Player-DCBD,2,1,1,1,2,3.57
20260930-014701,329.4,Account-83FE,Player-BCA0,1,0,0,1,3,
20260930-014701,329.4,Account-5C40,Player-F494,2,1,1,1,1,4.53
20260930-014701,329.4,Account-9754,Player-DE24,2,1,1,1,0,4.05
20260930-014701,329.4,Account-AD4B,Player-8FDE,2,0,0,2,0,
20260930-014701,329.4,Account-16AE,Player-1BA4,2,1,1,1,0,4.05
20260930-014701,386.0,Account-9365,Player-1172,2,0,0,2,0,
20260930-014701,386.0,Account-8C31,Player-DCBD,2,0,0,2,1,
20260930-014701,386.0,Account-1150,Player-470E,1,1,1,0,0,5.01
20260930-014701,386.0,Account-83FE,Player-BCA0,2,1,1,1,0,5.49
20260930-014701,386.0,Account-5C40,Player-F494,1,1,1,0,2,3.56
20260930-014701,386.0,Account-9754,Player-DE24,2,0,0,2,1,
20260930-014701,386.0,Account-AD4B,Player-8FDE,2,0,0,2,1,
20260930-014701,386.0,Account-16AE,Player-1BA4,2,1,2,0,4,4.53
20260930-015718,167.4,Account-9365,Player-1172,3,0,0,3,0,
20260930-015718,167.4,Account-8C31,Player-DCBD,1,0,0,1,3,
20260930-015718,167.4,Account-1150,Player-470E,2,0,0,2,0,
20260930-015718,167.4,Account-83FE,Player-BCA0,2,0,0,2,0,
20260930-015718,167.4,Account-9FFE,Player-74C1,2,0,0,2,0,
20260930-015718,167.4,Account-5C40,Player-F494,3,0,0,3,0,
20260930-015718,167.4,Account-9754,Player-DE24,2,0,0,2,0,
20260930-015718,167.4,Account-AD4B,Player-8FDE,2,0,0,2,0,
20260930-015718,167.4,Account-F4C4,Player-89AD,3,0,0,3,0,
20260930-015718,167.4,Account-16AE,Player-1BA4,1,0,0,1,1,
20260930-015718,222.4,Account-9365,Player-1172,0,0,0,0,0,
20260930-015718,222.4,Account-8C31,Player-DCBD,0,0,0,0,1,
20260930-015718,222.4,Account-1150,Player-470E,0,0,0,0,1,
20260930-015718,222.4,Account-83FE,Player-BCA0,1,0,0,1,3,
20260930-015718,222.4,Account-9FFE,Player-74C1,0,0,0,0,0,
20260930-015718,222.4,Account-5C40,Player-F494,0,0,0,0,0,
20260930-015718,222.4,Account-9754,Player-DE24,0,0,0,0,0,
20260930-015718,222.4,Account-AD4B,Player-8FDE,2,0,0,2,1,
20260930-015718,222.4,Account-F4C4,Player-89AD,0,0,0,0,2,
20260930-015718,222.4,Account-16AE,Player-1BA4,0,0,0,0,0,
20260930-015718,267.7,Account-9365,Player-1172,2,1,1,1,0,4.52
20260930-015718,267.7,Account-8C31,Player-DCBD,1,0,0,1,0,
20260930-015718,267.7,Account-1150,Player-470E,0,0,0,0,0,
20260930-015718,267.7,Account-83FE,Player-BCA0,2,0,0,2,1,
20260930-015718,267.7,Account-9FFE,Player-74C1,0,0,0,0,1,
20260930-015718,267.7,Account-5C40,Player-F494,1,1,1,0,0,4.04
20260930-015718,267.7,Account-9754,Player-DE24,2,0,0,2,1,
20260930-015718,267.7,Account-AD4B,Player-8FDE,2,0,0,2,0,
20260930-015718,267.7,Account-F4C4,Player-89AD,2,1,1,1,1,4.52
20260930-015718,267.7,Account-16AE,Player-1BA4,2,0,0,2,1,
20260930-020654,169.6,Account-9365,Player-1172,1,0,0,1,1,
20260930-020654,169.6,Account-8C31,Player-DCBD,2,0,0,2,2,
20260930-020654,169.6,Account-1150,Player-470E,0,0,0,0,1,
20260930-020654,169.6,Account-83FE,Player-BCA0,1,0,0,1,6,
20260930-020654,169.6,Account-9FFE,Player-74C1,1,1,1,0,0,3.09
20260930-020654,169.6,Account-5C40,Player-F494,2,0,0,2,0,
20260930-020654,169.6,Account-9754,Player-DE24,2,0,0,2,2,
20260930-020654,169.6,Account-AD4B,Player-8FDE,0,0,0,0,1,
20260930-020654,169.6,Account-F4C4,Player-89AD,2,1,2,0,0,3.09
20260930-020654,169.6,Account-16AE,Player-1BA4,1,1,1,0,1,3.09
20260930-020654,225.9,Account-9365,Player-1172,2,0,0,2,1,
20260930-020654,225.9,Account-1150,Player-470E,2,1,1,1,1,5.01
20260930-020654,225.9,Account-83FE,Player-BCA0,1,0,0,1,1,
20260930-020654,225.9,Account-9FFE,Player-74C1,1,0,0,1,1,
20260930-020654,225.9,Account-5C40,Player-F494,1,0,0,1,2,
20260930-020654,225.9,Account-9754,Player-DE24,1,0,0,1,2,
20260930-020654,225.9,Account-AD4B,Player-8FDE,1,0,0,1,1,
20260930-020654,225.9,Account-F4C4,Player-89AD,2,1,1,1,1,5.01
20260930-020654,225.9,Account-16AE,Player-1BA4,1,0,0,1,2,
20260930-020654,271.7,Account-9365,Player-1172,1,1,1,0,0,5.00
20260930-020654,271.7,Account-8C31,Player-DCBD,1,1,1,0,0,5.00
20260930-020654,271.7,Account-1150,Player-470E,1,1,1,0,0,5.00
20260930-020654,271.7,Account-83FE,Player-BCA0,1,0,0,1,0,
20260930-020654,271.7,Account-9FFE,Player-74C1,1,0,0,1,0,
20260930-020654,271.7,Account-5C40,Player-F494,1,1,1,0,0,5.00
20260930-020654,271.7,Account-9754,Player-DE24,1,0,0,1,0,
20260930-020654,271.7,Account-AD4B,Player-8FDE,1,0,0,1,0,
20260930-020654,271.7,Account-F4C4,Player-89AD,1,1,1,0,0,5.00
20260930-020654,271.7,Account-16AE,Player-1BA4,0,0,0,0,0,
20260930-130931,161.8,Account-9365,Player-DDA6,3,0,0,3,0,
20260930-130931,161.8,Account-83FE,Player-BCA0,3,0,0,3,0,
20260930-130931,161.8,Account-9FFE,Player-74C1,2,0,0,2,0,
20260930-130931,161.8,Account-2EB3,Player-01BF,1,0,0,1,1,
20260930-130931,161.8,Account-9FE4,Player-717E,2,0,0,2,4,
20260930-130931,161.8,Account-1150,Player-470E,2,0,0,2,0,
20260930-130931,161.8,Account-ABC8,Player-F7E0,1,0,0,1,4,
20260930-130931,161.8,Account-5C40,Player-F494,2,0,0,2,0,
20260930-130931,161.8,Account-EA9E,Player-C842,2,0,0,2,0,
20260930-130931,161.8,Account-059D,Player-CC68,2,0,0,2,1,
20260930-130931,216.9,Account-9365,Player-DDA6,2,1,2,0,1,4.04
20260930-130931,216.9,Account-83FE,Player-BCA0,1,0,0,1,3,
20260930-130931,216.9,Account-9FFE,Player-74C1,3,0,0,3,0,
20260930-130931,216.9,Account-2EB3,Player-01BF,2,1,1,1,2,3.56
20260930-130931,216.9,Account-ABC8,Player-F7E0,3,0,0,3,1,
20260930-130931,216.9,Account-5C40,Player-F494,3,1,3,0,1,3.56
20260930-130931,216.9,Account-EA9E,Player-C842,1,1,1,0,1,3.56
20260930-130931,216.9,Account-059D,Player-CC68,4,0,0,4,0,
20260930-130931,267.6,Account-9365,Player-DDA6,1,1,1,0,0,3.56
20260930-130931,267.6,Account-83FE,Player-BCA0,1,0,0,1,3,
20260930-130931,267.6,Account-9FFE,Player-74C1,9,1,8,1,1,4.63
20260930-130931,267.6,Account-ABC8,Player-F7E0,3,0,0,3,0,
20260930-130931,267.6,Account-059D,Player-CC68,2,0,0,2,1,
20260930-131331,168.2,Account-9365,Player-DDA6,1,0,0,1,0,
20260930-131331,168.2,Account-83FE,Player-BCA0,1,0,0,1,0,
20260930-131331,168.2,Account-9FFE,Player-74C1,2,0,0,2,0,
20260930-131331,168.2,Account-2EB3,Player-01BF,2,0,0,2,0,
20260930-131331,168.2,Account-9FE4,Player-717E,2,0,0,2,0,
20260930-131331,168.2,Account-1150,Player-470E,2,0,0,2,3,
20260930-131331,168.2,Account-ABC8,Player-F7E0,2,0,0,2,0,
20260930-131331,168.2,Account-5C40,Player-F494,2,0,0,2,4,
20260930-131331,168.2,Account-EA9E,Player-C842,2,0,0,2,0,
20260930-131331,168.2,Account-059D,Player-CC68,3,1,1,2,2,7.64
20260930-131748,162.9,Account-9365,Player-DDA6,1,1,1,0,1,3.56
20260930-131748,162.9,Account-83FE,Player-BCA0,2,1,2,0,1,3.09
20260930-131748,162.9,Account-9FFE,Player-74C1,2,1,1,1,1,4.52
20260930-131748,162.9,Account-2EB3,Player-01BF,2,1,1,1,1,4.52
20260930-131748,162.9,Account-9FE4,Player-717E,1,1,1,0,1,3.56
20260930-131748,162.9,Account-1150,Player-470E,1,1,1,0,1,3.56
20260930-131748,162.9,Account-ABC8,Player-F7E0,1,0,0,1,0,
20260930-131748,162.9,Account-5C40,Player-F494,1,1,1,0,1,3.09
20260930-131748,162.9,Account-EA9E,Player-C842,1,0,0,1,1,
20260930-131748,162.9,Account-059D,Player-CC68,1,0,0,1,1,
20260930-131748,218.8,Account-83FE,Player-BCA0,1,0,0,1,2,
20260930-131748,218.8,Account-9FFE,Player-74C1,4,0,0,4,5,
20260930-131748,218.8,Account-1150,Player-470E,3,1,1,2,2,3.56
20260930-131748,218.8,Account-ABC8,Player-F7E0,2,0,0,2,2,
20260930-131748,218.8,Account-5C40,Player-F494,9,1,6,3,3,3.56
20260930-131748,218.8,Account-EA9E,Player-C842,1,0,0,1,2,
20260930-131748,218.8,Account-059D,Player-CC68,4,1,4,0,0,3.56
20260930-132907,170.8,Account-9365,Player-DDA6,2,1,2,0,1,3.56
20260930-132907,170.8,Account-83FE,Player-BCA0,2,1,1,1,0,4.04
20260930-132907,170.8,Account-9FFE,Player-74C1,2,0,0,2,0,
20260930-132907,170.8,Account-2EB3,Player-01BF,2,0,0,2,0,
20260930-132907,170.8,Account-9FE4,Player-717E,1,0,0,1,0,
20260930-132907,170.8,Account-1150,Player-470E,2,1,2,0,1,3.56
20260930-132907,170.8,Account-ABC8,Player-F7E0,2,0,0,2,0,
20260930-132907,170.8,Account-5C40,Player-F494,2,1,1,1,0,4.04
20260930-132907,170.8,Account-EA9E,Player-C842,3,0,0,3,0,
20260930-132907,170.8,Account-059D,Player-CC68,2,0,0,2,0,
20260930-132907,227.1,Account-9365,Player-DDA6,2,1,1,1,2,5.48
20260930-132907,227.1,Account-83FE,Player-BCA0,0,0,0,0,10,
20260930-132907,227.1,Account-9FFE,Player-74C1,2,0,0,2,0,
20260930-132907,227.1,Account-2EB3,Player-01BF,1,0,0,1,3,
20260930-132907,227.1,Account-9FE4,Player-717E,2,1,1,1,2,4.53
20260930-132907,227.1,Account-1150,Player-470E,1,0,0,1,1,
20260930-132907,227.1,Account-ABC8,Player-F7E0,3,0,0,3,2,
20260930-132907,227.1,Account-5C40,Player-F494,2,0,0,2,2,
20260930-132907,227.1,Account-EA9E,Player-C842,2,0,0,2,0,
20260930-132907,227.1,Account-059D,Player-CC68,2,0,0,2,1,
20260930-132907,273.2,Account-9365,Player-DDA6,1,1,1,0,2,3.08
20260930-132907,273.2,Account-83FE,Player-BCA0,1,1,1,0,1,3.08
20260930-132907,273.2,Account-9FFE,Player-74C1,2,0,0,2,1,
20260930-132907,273.2,Account-2EB3,Player-01BF,2,0,0,2,3,
20260930-132907,273.2,Account-9FE4,Player-717E,2,1,2,0,1,3.08
20260930-132907,273.2,Account-1150,Player-470E,1,1,1,0,0,3.08
20260930-132907,273.2,Account-ABC8,Player-F7E0,1,1,1,0,2,3.56
20260930-132907,273.2,Account-5C40,Player-F494,1,0,0,1,2,
20260930-132907,273.2,Account-EA9E,Player-C842,2,0,0,2,1,
20260930-132907,273.2,Account-059D,Player-CC68,1,0,0,1,0,
20260930-132907,321.3,Account-9365,Player-DDA6,2,0,0,2,1,
20260930-132907,321.3,Account-83FE,Player-BCA0,2,0,0,2,1,
20260930-132907,321.3,Account-9FFE,Player-74C1,2,0,0,2,1,
20260930-132907,321.3,Account-2EB3,Player-01BF,2,1,1,1,1,4.04
20260930-132907,321.3,Account-9FE4,Player-717E,2,0,0,2,0,
20260930-132907,321.3,Account-1150,Player-470E,2,0,0,2,1,
20260930-132907,321.3,Account-ABC8,Player-F7E0,2,0,0,2,0,
20260930-132907,321.3,Account-5C40,Player-F494,2,0,0,2,1,
20260930-132907,321.3,Account-EA9E,Player-C842,3,0,0,3,0,
20260930-132907,321.3,Account-059D,Player-CC68,2,0,0,2,0,
20260930-133514,165.3,Account-9365,Player-DDA6,2,0,0,2,1,
20260930-133514,165.3,Account-83FE,Player-BCA0,3,1,1,2,0,5.00
20260930-133514,165.3,Account-9FFE,Player-74C1,2,0,0,2,0,
20260930-133514,165.3,Account-2EB3,Player-01BF,1,0,0,1,3,
20260930-133514,165.3,Account-9FE4,Player-717E,2,1,1,1,1,4.52
20260930-133514,165.3,Account-1150,Player-470E,1,1,1,0,1,3.56
20260930-133514,165.3,Account-ABC8,Player-F7E0,2,0,0,2,0,
20260930-133514,165.3,Account-5C40,Player-F494,1,1,1,0,1,3.56
20260930-133514,165.3,Account-EA9E,Player-C842,2,1,1,1,0,4.05
20260930-133514,165.3,Account-059D,Player-CC68,2,0,0,2,0,
20260930-133514,220.0,Account-9365,Player-DDA6,2,0,0,2,2,
20260930-133514,220.0,Account-83FE,Player-BCA0,2,0,0,2,2,
20260930-133514,220.0,Account-9FFE,Player-74C1,2,0,0,2,1,
20260930-133514,220.0,Account-2EB3,Player-01BF,2,0,0,2,1,
20260930-133514,220.0,Account-9FE4,Player-717E,2,0,0,2,2,
20260930-133514,220.0,Account-1150,Player-470E,1,1,1,0,2,3.56
20260930-133514,220.0,Account-ABC8,Player-F7E0,3,0,0,3,0,
20260930-133514,220.0,Account-5C40,Player-F494,2,1,1,1,2,5.00
20260930-133514,220.0,Account-EA9E,Player-C842,2,0,0,2,1,
20260930-133514,220.0,Account-059D,Player-CC68,2,0,0,2,2,
20260930-133514,270.7,Account-9365,Player-DDA6,2,1,1,1,1,4.53
20260930-133514,270.7,Account-83FE,Player-BCA0,1,1,1,0,2,3.56
20260930-133514,270.7,Account-1150,Player-470E,1,0,0,1,3,
20260930-133514,270.7,Account-ABC8,Player-F7E0,19,1,19,0,7,3.09
20260930-133514,270.7,Account-5C40,Player-F494,2,1,2,0,1,3.56
20260930-133514,270.7,Account-EA9E,Player-C842,2,1,2,0,1,3.56
20260930-133514,270.7,Account-059D,Player-CC68,3,1,3,0,0,3.09
20260930-134135,167.0,Account-9365,Player-DDA6,2,1,1,1,0,4.04
20260930-134135,167.0,Account-83FE,Player-BCA0,2,0,0,2,1,
20260930-134135,167.0,Account-9FFE,Player-74C1,2,0,0,2,1,
20260930-134135,167.0,Account-2EB3,Player-01BF,1,0,0,1,0,
20260930-134135,167.0,Account-9FE4,Player-717E,1,1,1,0,0,3.08
20260930-134135,167.0,Account-1150,Player-470E,2,1,1,1,1,4.04
20260930-134135,167.0,Account-ABC8,Player-F7E0,1,0,0,1,1,
20260930-134135,167.0,Account-5C40,Player-F494,2,0,0,2,0,
20260930-134135,167.0,Account-EA9E,Player-C842,3,0,0,3,0,
20260930-134135,167.0,Account-059D,Player-CC68,2,0,0,2,1,
20260930-134135,223.3,Account-9365,Player-DDA6,2,0,0,2,0,
20260930-134135,223.3,Account-83FE,Player-BCA0,1,0,0,1,3,
20260930-134135,223.3,Account-9FFE,Player-74C1,2,1,1,1,1,4.52
20260930-134135,223.3,Account-2EB3,Player-01BF,2,1,2,0,1,3.08
20260930-134135,223.3,Account-9FE4,Player-717E,2,1,2,0,1,3.56
20260930-134135,223.3,Account-1150,Player-470E,2,0,0,2,0,
20260930-134135,223.3,Account-ABC8,Player-F7E0,2,0,0,2,1,
20260930-134135,223.3,Account-5C40,Player-F494,3,1,3,0,0,3.08
20260930-134135,223.3,Account-EA9E,Player-C842,2,0,0,2,1,
20260930-134135,223.3,Account-059D,Player-CC68,1,0,0,1,4,
20260930-134135,270.3,Account-9365,Player-DDA6,2,1,2,0,2,3.08
20260930-134135,270.3,Account-83FE,Player-BCA0,1,0,0,1,6,
20260930-134135,270.3,Account-9FFE,Player-74C1,2,1,2,0,2,3.57
20260930-134135,270.3,Account-2EB3,Player-01BF,2,1,2,0,2,3.08
20260930-134135,270.3,Account-9FE4,Player-717E,2,1,2,0,5,3.57
20260930-134135,270.3,Account-1150,Player-470E,2,1,2,0,1,3.57
20260930-134135,270.3,Account-ABC8,Player-F7E0,2,1,2,0,2,3.57
20260930-134135,270.3,Account-5C40,Player-F494,2,1,2,0,2,3.57
20260930-134135,270.3,Account-EA9E,Player-C842,2,1,2,0,1,3.57
20260930-134135,270.3,Account-059D,Player-CC68,2,1,2,0,2,3.57
20260930-134554,161.0,Account-9365,Player-DDA6,2,0,0,2,0,
20260930-134554,161.0,Account-83FE,Player-BCA0,3,1,1,2,0,5.00
20260930-134554,161.0,Account-9FFE,Player-74C1,3,0,0,3,1,
20260930-134554,161.0,Account-2EB3,Player-01BF,2,0,0,2,1,
20260930-134554,161.0,Account-9FE4,Player-717E,2,0,0,2,5,
20260930-134554,161.0,Account-1150,Player-470E,2,0,0,2,3,
20260930-134554,161.0,Account-ABC8,Player-F7E0,2,0,0,2,0,
20260930-134554,161.0,Account-5C40,Player-F494,2,0,0,2,0,
20260930-134554,161.0,Account-EA9E,Player-C842,2,0,0,2,0,
20260930-134554,161.0,Account-059D,Player-CC68,2,0,0,2,0,
20260930-135458,167.5,Account-9365,Player-DDA6,2,0,0,2,2,
20260930-135458,167.5,Account-83FE,Player-BCA0,2,0,0,2,0,
20260930-135458,167.5,Account-9FFE,Player-74C1,3,0,0,3,0,
20260930-135458,167.5,Account-2EB3,Player-01BF,2,0,0,2,0,
20260930-135458,167.5,Account-9FE4,Player-717E,2,0,0,2,2,
20260930-135458,167.5,Account-1150,Player-470E,1,1,1,0,1,3.56
20260930-135458,167.5,Account-ABC8,Player-F7E0,2,0,0,2,2,
20260930-135458,167.5,Account-5C40,Player-F494,2,0,0,2,0,
20260930-135458,167.5,Account-EA9E,Player-C842,3,0,0,3,0,
20260930-135458,167.5,Account-059D,Player-CC68,2,0,0,2,0,
20260930-135458,222.9,Account-9365,Player-DDA6,2,0,0,2,2,
20260930-135458,222.9,Account-83FE,Player-BCA0,2,0,0,2,2,
20260930-135458,222.9,Account-9FFE,Player-74C1,2,0,0,2,0,
20260930-135458,222.9,Account-2EB3,Player-01BF,2,0,0,2,1,
20260930-135458,222.9,Account-9FE4,Player-717E,0,0,0,0,1,
20260930-135458,222.9,Account-1150,Player-470E,1,0,0,1,1,
20260930-135458,222.9,Account-ABC8,Player-F7E0,2,0,0,2,4,
20260930-135458,222.9,Account-5C40,Player-F494,1,0,0,1,8,
20260930-135458,222.9,Account-EA9E,Player-C842,2,0,0,2,1,
20260930-135458,222.9,Account-059D,Player-CC68,2,0,0,2,0,
20260930-135458,274.1,Account-9365,Player-DDA6,2,1,2,0,1,3.56
20260930-135458,274.1,Account-83FE,Player-BCA0,2,1,2,0,1,3.56
20260930-135458,274.1,Account-9FFE,Player-74C1,3,1,3,0,1,3.09
20260930-135458,274.1,Account-2EB3,Player-01BF,1,1,1,0,0,3.09
20260930-135458,274.1,Account-9FE4,Player-717E,1,1,1,0,1,3.56
20260930-135458,274.1,Account-1150,Player-470E,2,1,2,0,1,3.56
20260930-135458,274.1,Account-ABC8,Player-F7E0,2,1,2,0,1,3.09
20260930-135458,274.1,Account-5C40,Player-F494,1,1,1,0,3,3.09
20260930-135458,274.1,Account-EA9E,Player-C842,3,1,3,0,1,3.09
20260930-135458,274.1,Account-059D,Player-CC68,2,0,0,2,1,
20260930-140955,171.1,Account-9365,Player-DDA6,2,0,0,2,0,
20260930-140955,171.1,Account-83FE,Player-BCA0,1,0,0,1,1,
20260930-140955,171.1,Account-9FFE,Player-74C1,2,0,0,2,1,
20260930-140955,171.1,Account-2EB3,Player-01BF,2,0,0,2,1,
20260930-140955,171.1,Account-9FE4,Player-717E,2,0,0,2,1,
20260930-140955,171.1,Account-1150,Player-470E,1,1,1,0,1,3.08
20260930-140955,171.1,Account-ABC8,Player-F7E0,1,0,0,1,0,
20260930-140955,171.1,Account-5C40,Player-F494,2,0,0,2,0,
20260930-140955,171.1,Account-EA9E,Player-C842,2,0,0,2,0,
20260930-140955,171.1,Account-059D,Player-CC68,2,0,0,2,0,
20260930-140955,227.6,Account-9365,Player-DDA6,1,1,1,0,11,4.52
20260930-140955,227.6,Account-83FE,Player-BCA0,1,1,1,0,7,4.52
20260930-140955,227.6,Account-9FFE,Player-74C1,2,1,1,1,0,4.05
20260930-140955,227.6,Account-2EB3,Player-01BF,2,0,0,2,2,
20260930-140955,227.6,Account-9FE4,Player-717E,2,0,0,2,5,
20260930-140955,227.6,Account-1150,Player-470E,2,0,0,2,3,
20260930-140955,227.6,Account-ABC8,Player-F7E0,2,0,0,2,3,
20260930-140955,227.6,Account-5C40,Player-F494,0,0,0,0,11,
20260930-140955,227.6,Account-EA9E,Player-C842,3,0,0,3,2,
20260930-140955,227.6,Account-059D,Player-CC68,2,0,0,2,5,
20260930-140955,273.3,Account-9365,Player-DDA6,2,0,0,2,0,
20260930-140955,273.3,Account-83FE,Player-BCA0,3,0,0,3,1,
20260930-140955,273.3,Account-9FFE,Player-74C1,2,1,2,0,1,3.08
20260930-140955,273.3,Account-2EB3,Player-01BF,1,1,1,0,0,3.08
20260930-140955,273.3,Account-9FE4,Player-717E,2,0,0,2,0,
20260930-140955,273.3,Account-1150,Player-470E,2,0,0,2,0,
20260930-140955,273.3,Account-ABC8,Player-F7E0,1,1,1,0,0,3.08
20260930-140955,273.3,Account-5C40,Player-F494,1,0,0,1,1,
20260930-140955,273.3,Account-EA9E,Player-C842,1,1,1,0,1,3.08
20260930-140955,273.3,Account-059D,Player-CC68,0,0,0,0,3,
20260930-142129,171.6,Account-9365,Player-DDA6,2,0,0,2,0,
20260930-142129,171.6,Account-83FE,Player-BCA0,2,0,0,2,1,
20260930-142129,171.6,Account-9FFE,Player-74C1,2,1,1,1,3,7.25
20260930-142129,171.6,Account-2EB3,Player-01BF,5,1,2,3,5,5.68
20260930-142129,171.6,Account-9FE4,Player-717E,2,1,1,1,1,6.21
20260930-142129,171.6,Account-33F7,Player-E1F6,2,0,0,2,2,
20260930-142129,171.6,Account-ABC8,Player-F7E0,2,0,0,2,1,
20260930-142129,171.6,Account-5C40,Player-F494,1,0,0,1,1,
20260930-142129,171.6,Account-EA9E,Player-C842,1,0,0,1,0,
20260930-142129,171.6,Account-059D,Player-CC68,2,0,0,2,0,
20260930-142129,226.2,Account-9365,Player-DDA6,0,0,0,0,6,
20260930-142129,226.2,Account-83FE,Player-BCA0,3,1,2,1,2,3.57
20260930-142129,226.2,Account-9FFE,Player-74C1,2,1,2,0,1,4.04
20260930-142129,226.2,Account-2EB3,Player-01BF,2,1,2,0,6,3.08
20260930-142129,226.2,Account-9FE4,Player-717E,2,1,2,0,2,4.04
20260930-142129,226.2,Account-33F7,Player-E1F6,1,1,1,0,2,4.52
20260930-142129,226.2,Account-ABC8,Player-F7E0,2,1,2,0,2,4.04
20260930-142129,226.2,Account-5C40,Player-F494,4,1,4,0,2,4.04
20260930-142129,226.2,Account-EA9E,Player-C842,1,1,1,0,3,4.04
20260930-142129,226.2,Account-059D,Player-CC68,0,0,0,0,15,
20260930-142522,166.6,Account-9365,Player-DDA6,1,0,0,1,4,
20260930-142522,166.6,Account-83FE,Player-BCA0,2,0,0,2,1,
20260930-142522,166.6,Account-9FFE,Player-74C1,1,0,0,1,0,
20260930-142522,166.6,Account-2EB3,Player-01BF,2,0,0,2,1,
20260930-142522,166.6,Account-9FE4,Player-717E,1,0,0,1,1,
20260930-142522,166.6,Account-33F7,Player-E1F6,2,0,0,2,1,
20260930-142522,166.6,Account-ABC8,Player-F7E0,2,0,0,2,1,
20260930-142522,166.6,Account-5C40,Player-F494,1,0,0,1,1,
20260930-142522,166.6,Account-EA9E,Player-C842,2,0,0,2,1,
20260930-142522,166.6,Account-059D,Player-CC68,1,0,0,1,0,
20260930-143043,165.4,Account-9365,Player-DDA6,1,0,0,1,5,
20260930-143043,165.4,Account-83FE,Player-BCA0,2,0,0,2,1,
20260930-143043,165.4,Account-9FFE,Player-74C1,1,0,0,1,1,
20260930-143043,165.4,Account-2EB3,Player-01BF,1,0,0,1,1,
20260930-143043,165.4,Account-9FE4,Player-717E,2,0,0,2,1,
20260930-143043,165.4,Account-33F7,Player-E1F6,1,0,0,1,1,
20260930-143043,165.4,Account-ABC8,Player-F7E0,1,0,0,1,1,
20260930-143043,165.4,Account-5C40,Player-F494,1,0,0,1,0,
20260930-143043,165.4,Account-EA9E,Player-C842,2,0,0,2,1,
20260930-143043,165.4,Account-059D,Player-CC68,2,0,0,2,0,
20260930-143043,220.4,Account-9365,Player-DDA6,2,0,0,2,3,
20260930-143043,220.4,Account-83FE,Player-BCA0,1,0,0,1,3,
20260930-143043,220.4,Account-9FFE,Player-74C1,2,1,2,0,5,3.56
20260930-143043,220.4,Account-2EB3,Player-01BF,1,1,1,0,3,4.53
20260930-143043,220.4,Account-9FE4,Player-717E,2,0,0,2,2,
20260930-143043,220.4,Account-33F7,Player-E1F6,3,0,0,3,0,
20260930-143043,220.4,Account-ABC8,Player-F7E0,2,1,2,0,3,3.08
20260930-143043,220.4,Account-5C40,Player-F494,3,0,0,3,1,
20260930-143043,220.4,Account-EA9E,Player-C842,2,1,2,0,0,3.08
20260930-143043,220.4,Account-059D,Player-CC68,1,1,1,0,12,3.08
20260930-143043,267.5,Account-9365,Player-DDA6,2,1,2,0,0,3.08
20260930-143043,267.5,Account-83FE,Player-BCA0,1,0,0,1,0,
20260930-143043,267.5,Account-9FFE,Player-74C1,2,0,0,2,0,
20260930-143043,267.5,Account-2EB3,Player-01BF,2,1,2,0,0,3.08
20260930-143043,267.5,Account-9FE4,Player-717E,2,1,2,0,0,3.08
20260930-143043,267.5,Account-33F7,Player-E1F6,2,1,2,0,3,3.56
20260930-143043,267.5,Account-ABC8,Player-F7E0,2,0,0,2,0,
20260930-143043,267.5,Account-5C40,Player-F494,2,1,2,0,0,3.08
20260930-143043,267.5,Account-EA9E,Player-C842,2,0,0,2,0,
20260930-143043,267.5,Account-059D,Player-CC68,2,1,1,1,0,4.05
20260930-144016,187.5,Account-9365,Player-DDA6,1,0,0,1,0,
20260930-144016,187.5,Account-83FE,Player-BCA0,1,0,0,1,0,
20260930-144016,187.5,Account-9FFE,Player-74C1,2,0,0,2,0,
20260930-144016,187.5,Account-2EB3,Player-01BF,2,0,0,2,0,
20260930-144016,187.5,Account-9FE4,Player-717E,2,0,0,2,0,
20260930-144016,187.5,Account-33F7,Player-E1F6,1,0,0,1,0,
20260930-144016,187.5,Account-ABC8,Player-F7E0,2,0,0,2,2,
20260930-144016,187.5,Account-5C40,Player-F494,2,1,1,1,0,4.04
20260930-144016,187.5,Account-EA9E,Player-C842,1,0,0,1,0,
20260930-144016,187.5,Account-059D,Player-CC68,2,0,0,2,1,
20260930-144016,242.1,Account-9365,Player-DDA6,2,0,0,2,2,
20260930-144016,242.1,Account-83FE,Player-BCA0,2,0,0,2,3,
20260930-144016,242.1,Account-9FFE,Player-74C1,6,1,2,4,3,4.53
20260930-144016,242.1,Account-2EB3,Player-01BF,2,1,2,0,2,4.05
20260930-144016,242.1,Account-9FE4,Player-717E,3,0,0,3,6,
20260930-144016,242.1,Account-33F7,Player-E1F6,3,0,0,3,6,
20260930-144016,242.1,Account-ABC8,Player-F7E0,3,0,0,3,1,
20260930-144016,242.1,Account-5C40,Player-F494,1,0,0,1,4,
20260930-144016,242.1,Account-EA9E,Player-C842,3,1,2,1,1,4.53
20260930-144016,242.1,Account-059D,Player-CC68,1,0,0,1,11,
20260930-144016,287.3,Account-9365,Player-DDA6,1,1,1,0,2,4.04
20260930-144016,287.3,Account-83FE,Player-BCA0,2,1,1,1,1,4.52
20260930-144016,287.3,Account-9FFE,Player-74C1,0,0,0,0,15,
20260930-144016,287.3,Account-2EB3,Player-01BF,1,0,0,1,12,
20260930-144016,287.3,Account-9FE4,Player-717E,2,1,2,0,1,3.56
20260930-144016,287.3,Account-33F7,Player-E1F6,3,1,3,0,1,3.09
20260930-144016,287.3,Account-ABC8,Player-F7E0,0,0,0,0,2,
20260930-144016,287.3,Account-5C40,Player-F494,11,1,10,1,4,4.52
20260930-144016,287.3,Account-EA9E,Player-C842,0,0,0,0,4,
20260930-144016,287.3,Account-059D,Player-CC68,0,0,0,0,4,
20260930-144016,343.0,Account-9365,Player-DDA6,1,0,0,1,1,
20260930-144016,343.0,Account-83FE,Player-BCA0,1,0,0,1,0,
20260930-144016,343.0,Account-9FFE,Player-74C1,1,0,0,1,1,
20260930-144016,343.0,Account-2EB3,Player-01BF,3,0,0,3,7,
20260930-144016,343.0,Account-9FE4,Player-717E,1,0,0,1,9,
20260930-144016,343.0,Account-33F7,Player-E1F6,2,0,0,2,1,
20260930-144016,343.0,Account-ABC8,Player-F7E0,0,0,0,0,1,
20260930-144016,343.0,Account-5C40,Player-F494,1,0,0,1,1,
20260930-144016,343.0,Account-EA9E,Player-C842,2,0,0,2,2,
20260930-144016,343.0,Account-059D,Player-CC68,0,0,0,0,4,
20260930-144536,164.9,Account-9365,Player-DDA6,1,0,0,1,0,
20260930-144536,164.9,Account-83FE,Player-BCA0,1,0,0,1,3,
20260930-144536,164.9,Account-9FFE,Player-74C1,1,1,1,0,0,3.09
20260930-144536,164.9,Account-2EB3,Player-01BF,2,0,0,2,1,
20260930-144536,164.9,Account-9FE4,Player-717E,3,0,0,3,1,
20260930-144536,164.9,Account-33F7,Player-E1F6,1,0,0,1,0,
20260930-144536,164.9,Account-ABC8,Player-F7E0,2,1,2,0,1,3.09
20260930-144536,164.9,Account-5C40,Player-F494,1,0,0,1,1,
20260930-144536,164.9,Account-EA9E,Player-C842,1,1,1,0,1,3.09
20260930-144536,164.9,Account-059D,Player-CC68,2,1,2,0,1,3.09
20260930-144536,220.0,Account-9365,Player-DDA6,0,0,0,0,3,
20260930-144536,220.0,Account-83FE,Player-BCA0,2,0,0,2,1,
20260930-144536,220.0,Account-9FFE,Player-74C1,0,0,0,0,0,
20260930-144536,220.0,Account-2EB3,Player-01BF,0,0,0,0,0,
20260930-144536,220.0,Account-9FE4,Player-717E,2,0,0,2,1,
20260930-144536,220.0,Account-33F7,Player-E1F6,0,0,0,0,0,
20260930-144536,220.0,Account-ABC8,Player-F7E0,1,1,1,0,1,4.05
20260930-144536,220.0,Account-5C40,Player-F494,3,1,1,2,0,3.08
20260930-144536,220.0,Account-EA9E,Player-C842,3,1,1,2,1,5.48
20260930-144536,220.0,Account-059D,Player-CC68,2,0,0,2,0,
20260930-145035,158.8,Account-9365,Player-DDA6,1,0,0,1,2,
20260930-145035,158.8,Account-83FE,Player-BCA0,1,0,0,1,1,
20260930-145035,158.8,Account-9FFE,Player-74C1,2,0,0,2,1,
20260930-145035,158.8,Account-2EB3,Player-01BF,2,0,0,2,1,
20260930-145035,158.8,Account-9FE4,Player-717E,1,0,0,1,2,
20260930-145035,158.8,Account-33F7,Player-E1F6,1,0,0,1,6,
20260930-145035,158.8,Account-ABC8,Player-F7E0,2,0,0,2,2,
20260930-145035,158.8,Account-5C40,Player-F494,0,0,0,0,2,
20260930-145035,158.8,Account-EA9E,Player-C842,2,0,0,2,1,
20260930-145035,158.8,Account-059D,Player-CC68,2,0,0,2,3,
20260930-145035,213.8,Account-9365,Player-DDA6,2,1,1,1,3,5.00
20260930-145035,213.8,Account-83FE,Player-BCA0,0,0,0,0,6,
20260930-145035,213.8,Account-9FFE,Player-74C1,2,0,0,2,5,
20260930-145035,213.8,Account-2EB3,Player-01BF,4,1,4,0,3,3.57
20260930-145035,213.8,Account-9FE4,Player-717E,2,0,0,2,3,
20260930-145035,213.8,Account-33F7,Player-E1F6,2,1,2,0,2,4.53
20260930-145035,213.8,Account-ABC8,Player-F7E0,1,1,1,0,1,3.57
20260930-145035,213.8,Account-5C40,Player-F494,10,1,8,2,2,5.12
20260930-145035,213.8,Account-EA9E,Player-C842,2,1,2,0,5,3.08
20260930-145035,213.8,Account-059D,Player-CC68,7,1,4,3,4,5.48
20260930-145735,167.3,Account-9365,Player-DDA6,2,0,0,2,1,
20260930-145735,167.3,Account-83FE,Player-BCA0,1,0,0,1,1,
20260930-145735,167.3,Account-9FFE,Player-74C1,2,0,0,2,1,
20260930-145735,167.3,Account-2EB3,Player-01BF,2,0,0,2,1,
20260930-145735,167.3,Account-9FE4,Player-717E,1,0,0,1,0,
20260930-145735,167.3,Account-33F7,Player-E1F6,2,0,0,2,3,
20260930-145735,167.3,Account-ABC8,Player-F7E0,2,0,0,2,1,
20260930-145735,167.3,Account-5C40,Player-F494,1,0,0,1,0,
20260930-145735,167.3,Account-EA9E,Player-C842,1,0,0,1,1,
20260930-145735,167.3,Account-059D,Player-CC68,2,0,0,2,4,
20260930-145735,224.0,Account-9365,Player-DDA6,0,0,0,0,4,
20260930-145735,224.0,Account-83FE,Player-BCA0,1,0,0,1,6,
20260930-145735,224.0,Account-9FFE,Player-74C1,2,1,1,1,1,5.49
20260930-145735,224.0,Account-2EB3,Player-01BF,1,1,1,0,2,5.00
20260930-145735,224.0,Account-9FE4,Player-717E,0,0,0,0,14,
20260930-145735,224.0,Account-33F7,Player-E1F6,1,0,0,1,3,
20260930-145735,224.0,Account-ABC8,Player-F7E0,2,1,1,1,1,5.49
20260930-145735,224.0,Account-5C40,Player-F494,0,0,0,0,9,
20260930-145735,224.0,Account-EA9E,Player-C842,1,1,1,0,0,4.05
20260930-145735,224.0,Account-059D,Player-CC68,2,0,0,2,3,
20260930-145735,269.7,Account-9365,Player-DDA6,2,1,2,0,1,3.56
20260930-145735,269.7,Account-83FE,Player-BCA0,3,0,0,3,0,
20260930-145735,269.7,Account-9FFE,Player-74C1,1,0,0,1,2,
20260930-145735,269.7,Account-2EB3,Player-01BF,1,0,0,1,2,
20260930-145735,269.7,Account-9FE4,Player-717E,3,0,0,3,0,
20260930-145735,269.7,Account-33F7,Player-E1F6,2,0,0,2,1,
20260930-145735,269.7,Account-ABC8,Player-F7E0,2,0,0,2,3,
20260930-145735,269.7,Account-5C40,Player-F494,3,0,0,3,0,
20260930-145735,269.7,Account-EA9E,Player-C842,2,1,1,1,0,4.52
20260930-145735,269.7,Account-059D,Player-CC68,3,1,2,1,1,4.04
20260930-161109,179.8,Account-9365,Player-DDA6,3,0,0,3,1,
20260930-161109,179.8,Account-D27F,Player-C729,2,0,0,2,0,
20260930-161109,179.8,Account-1B91,Player-8B8A,2,0,0,2,4,
20260930-161109,179.8,Account-A3D3,Player-3760,2,0,0,2,0,
20260930-161109,179.8,Account-1DFC,Player-781D,3,0,0,3,0,
20260930-161109,179.8,Account-83FE,Player-BCA0,3,0,0,3,2,
20260930-161109,179.8,Account-3D72,Player-6B3D,2,0,0,2,0,
20260930-161109,179.8,Account-B488,Player-F273,2,0,0,2,0,
20260930-161109,179.8,Account-8C31,Player-00E6,2,0,0,2,2,
20260930-161109,179.8,Account-F5B9,Player-10E1,1,0,0,1,3,
20260930-161736,174.2,Account-9365,Player-DDA6,2,0,0,2,0,
20260930-161736,174.2,Account-D27F,Player-C729,2,0,0,2,0,
20260930-161736,174.2,Account-1B91,Player-8B8A,1,0,0,1,4,
20260930-161736,174.2,Account-A3D3,Player-3760,1,0,0,1,0,
20260930-161736,174.2,Account-1DFC,Player-781D,2,0,0,2,0,
20260930-161736,174.2,Account-83FE,Player-BCA0,2,0,0,2,2,
20260930-161736,174.2,Account-3D72,Player-6B3D,1,0,0,1,0,
20260930-161736,174.2,Account-B488,Player-F273,1,0,0,1,0,
20260930-161736,174.2,Account-8C31,Player-00E6,1,0,0,1,0,
20260930-161736,174.2,Account-F5B9,Player-10E1,2,1,1,1,0,4.04
20260930-161736,229.2,Account-9365,Player-DDA6,1,0,0,1,2,
20260930-161736,229.2,Account-D27F,Player-C729,1,1,1,0,0,5.01
20260930-161736,229.2,Account-1B91,Player-8B8A,2,1,2,0,1,4.52
20260930-161736,229.2,Account-A3D3,Player-3760,1,0,0,1,0,
20260930-161736,229.2,Account-1DFC,Player-781D,1,0,0,1,2,
20260930-161736,229.2,Account-83FE,Player-BCA0,1,0,0,1,2,
20260930-161736,229.2,Account-3D72,Player-6B3D,2,1,2,0,0,4.52
20260930-161736,229.2,Account-B488,Player-F273,2,1,2,0,0,3.09
20260930-161736,229.2,Account-F5B9,Player-10E1,1,1,1,0,4,3.57
20260930-162218,179.3,Account-9365,Player-DDA6,1,0,0,1,2,
20260930-162218,179.3,Account-D27F,Player-C729,1,0,0,1,0,
20260930-162218,179.3,Account-1B91,Player-8B8A,2,0,0,2,2,
20260930-162218,179.3,Account-A3D3,Player-3760,2,0,0,2,0,
20260930-162218,179.3,Account-1DFC,Player-781D,1,0,0,1,3,
20260930-162218,179.3,Account-83FE,Player-BCA0,1,0,0,1,0,
20260930-162218,179.3,Account-3D72,Player-6B3D,1,0,0,1,3,
20260930-162218,179.3,Account-B488,Player-F273,1,0,0,1,0,
20260930-162218,179.3,Account-8C31,Player-5862,2,0,0,2,0,
20260930-162218,179.3,Account-F5B9,Player-10E1,2,0,0,2,5,
20260930-162757,175.7,Account-9365,Player-DDA6,2,0,0,2,2,
20260930-162757,175.7,Account-D27F,Player-C729,1,0,0,1,0,
20260930-162757,175.7,Account-1B91,Player-8B8A,1,0,0,1,3,
20260930-162757,175.7,Account-A3D3,Player-3760,1,0,0,1,0,
20260930-162757,175.7,Account-1DFC,Player-781D,2,0,0,2,3,
20260930-162757,175.7,Account-83FE,Player-BCA0,1,0,0,1,0,
20260930-162757,175.7,Account-3D72,Player-6B3D,1,1,1,0,1,3.08
20260930-162757,175.7,Account-B488,Player-F273,2,0,0,2,3,
20260930-162757,175.7,Account-8C31,Player-5862,3,0,0,3,1,
20260930-162757,175.7,Account-F5B9,Player-10E1,1,1,1,0,5,3.08
20260930-162757,230.5,Account-9365,Player-DDA6,0,0,0,0,4,
20260930-162757,230.5,Account-D27F,Player-C729,1,0,0,1,1,
20260930-162757,230.5,Account-1B91,Player-8B8A,2,0,0,2,1,
20260930-162757,230.5,Account-A3D3,Player-3760,0,0,0,0,3,
20260930-162757,230.5,Account-1DFC,Player-781D,1,1,1,0,4,3.08
20260930-162757,230.5,Account-83FE,Player-BCA0,0,0,0,0,4,
20260930-162757,230.5,Account-3D72,Player-6B3D,2,1,2,0,1,3.56
20260930-162757,230.5,Account-B488,Player-F273,2,0,0,2,1,
20260930-162757,230.5,Account-8C31,Player-5862,1,1,1,0,3,5.48
20260930-162757,230.5,Account-F5B9,Player-10E1,2,1,2,0,0,3.08
20260930-162757,281.4,Account-D27F,Player-C729,0,0,0,0,0,
20260930-162757,281.4,Account-83FE,Player-BCA0,1,1,1,0,0,3.56
20260930-162757,281.4,Account-3D72,Player-6B3D,1,1,1,0,0,3.09
20260930-162757,281.4,Account-8C31,Player-5862,2,1,2,0,0,3.09
20260930-163327,172.1,Account-9365,Player-DDA6,1,1,1,0,4,3.08
20260930-163327,172.1,Account-D27F,Player-C729,2,0,0,2,0,
20260930-163327,172.1,Account-1B91,Player-8B8A,1,0,0,1,0,
20260930-163327,172.1,Account-A3D3,Player-3760,1,1,1,0,5,3.08
20260930-163327,172.1,Account-1DFC,Player-781D,1,0,0,1,2,
20260930-163327,172.1,Account-83FE,Player-BCA0,1,0,0,1,4,
20260930-163327,172.1,Account-3D72,Player-6B3D,2,0,0,2,1,
20260930-163327,172.1,Account-B488,Player-F273,2,0,0,2,1,
20260930-163327,172.1,Account-8C31,Player-5862,1,0,0,1,2,
20260930-163327,172.1,Account-F5B9,Player-10E1,2,1,1,1,1,4.04
20260930-163913,181.6,Account-9365,Player-DDA6,1,1,1,0,0,3.09
20260930-163913,181.6,Account-D27F,Player-C729,1,0,0,1,0,
20260930-163913,181.6,Account-1B91,Player-8B8A,2,0,0,2,4,
20260930-163913,181.6,Account-A3D3,Player-3760,1,0,0,1,0,
20260930-163913,181.6,Account-1DFC,Player-781D,2,0,0,2,3,
20260930-163913,181.6,Account-83FE,Player-BCA0,2,0,0,2,5,
20260930-163913,181.6,Account-3D72,Player-6B3D,2,0,0,2,3,
20260930-163913,181.6,Account-F5B9,Player-10E1,1,0,0,1,7,
20260930-163913,181.6,Account-B488,Player-F273,1,0,0,1,0,
20260930-163913,181.6,Account-8C31,Player-DCBD,1,0,0,1,4,
20260930-163913,236.6,Account-8C31,Player-DCBD,0,0,0,0,0,
20260930-164624,175.4,Account-9365,Player-DDA6,3,0,0,3,2,
20260930-164624,175.4,Account-D27F,Player-C729,2,0,0,2,4,
20260930-164624,175.4,Account-1B91,Player-8B8A,1,0,0,1,1,
20260930-164624,175.4,Account-A3D3,Player-3760,1,0,0,1,0,
20260930-164624,175.4,Account-1DFC,Player-781D,1,0,0,1,1,
20260930-164624,175.4,Account-83FE,Player-BCA0,1,0,0,1,7,
20260930-164624,175.4,Account-3D72,Player-6B3D,1,0,0,1,0,
20260930-164624,175.4,Account-F5B9,Player-10E1,2,0,0,2,1,
20260930-164624,175.4,Account-B488,Player-F273,2,0,0,2,4,
20260930-164624,175.4,Account-8C31,Player-DCBD,1,0,0,1,0,
20260930-164624,230.1,Account-9365,Player-DDA6,1,0,0,1,3,
20260930-164624,230.1,Account-D27F,Player-C729,1,1,1,0,0,5.01
20260930-164624,230.1,Account-1B91,Player-8B8A,1,1,1,0,1,5.01
20260930-164624,230.1,Account-A3D3,Player-3760,1,0,0,1,5,
20260930-164624,230.1,Account-1DFC,Player-781D,1,0,0,1,3,
20260930-164624,230.1,Account-83FE,Player-BCA0,1,0,0,1,2,
20260930-164624,230.1,Account-3D72,Player-6B3D,1,1,1,0,2,5.01
20260930-164624,230.1,Account-F5B9,Player-10E1,3,1,1,2,0,5.01
20260930-164624,230.1,Account-B488,Player-F273,1,1,1,0,0,5.01
20260930-164624,230.1,Account-8C31,Player-DCBD,1,0,0,1,3,
20260930-164624,280.9,Account-9365,Player-DDA6,1,0,0,1,4,
20260930-164624,280.9,Account-D27F,Player-C729,1,1,1,0,2,3.57
20260930-164624,280.9,Account-1B91,Player-8B8A,1,0,0,1,2,
20260930-164624,280.9,Account-A3D3,Player-3760,1,1,1,0,2,3.57
20260930-164624,280.9,Account-83FE,Player-BCA0,1,0,0,1,2,
20260930-164624,280.9,Account-3D72,Player-6B3D,2,1,2,0,2,3.08
20260930-164624,280.9,Account-F5B9,Player-10E1,2,1,2,0,0,3.08
20260930-164624,280.9,Account-B488,Player-F273,2,0,0,2,6,
20260930-164624,280.9,Account-8C31,Player-DCBD,2,0,0,2,1,
20260930-164624,328.4,Account-9365,Player-DDA6,2,0,0,2,1,
20260930-164624,328.4,Account-D27F,Player-C729,2,1,2,0,1,4.04
20260930-164624,328.4,Account-1B91,Player-8B8A,2,1,2,0,0,3.08
20260930-164624,328.4,Account-A3D3,Player-3760,3,1,2,1,0,4.04
20260930-164624,328.4,Account-83FE,Player-BCA0,3,1,1,2,1,4.04
20260930-164624,328.4,Account-3D72,Player-6B3D,2,1,2,0,1,4.04
20260930-164624,328.4,Account-F5B9,Player-10E1,3,1,2,1,4,4.52
20260930-164624,328.4,Account-B488,Player-F273,1,1,1,0,7,4.04
20260930-164624,328.4,Account-8C31,Player-DCBD,2,1,1,1,1,4.52
20260930-164624,373.9,Account-83FE,Player-BCA0,1,1,1,0,2,3.56
20260930-164624,373.9,Account-8C31,Player-DCBD,1,1,1,0,0,3.08
20260930-165517,180.9,Account-9365,Player-DDA6,2,1,2,0,0,3.08
20260930-165517,180.9,Account-D27F,Player-C729,2,0,0,2,3,
20260930-165517,180.9,Account-1B91,Player-8B8A,2,0,0,2,0,
20260930-165517,180.9,Account-A3D3,Player-3760,1,1,1,0,2,3.08
20260930-165517,180.9,Account-1DFC,Player-781D,2,1,2,0,2,3.08
20260930-165517,180.9,Account-83FE,Player-BCA0,2,1,2,0,1,3.08
20260930-165517,180.9,Account-3D72,Player-6B3D,1,0,0,1,2,
20260930-165517,180.9,Account-F5B9,Player-10E1,2,0,0,2,0,
20260930-165517,180.9,Account-B488,Player-F273,2,0,0,2,1,
20260930-165517,180.9,Account-8C31,Player-DCBD,1,1,1,0,2,3.08
20260930-165517,235.9,Account-9365,Player-DDA6,1,1,1,0,0,4.99
20260930-165517,235.9,Account-D27F,Player-C729,1,1,1,0,0,5.00
20260930-165517,235.9,Account-1B91,Player-8B8A,2,0,0,2,2,
20260930-165517,235.9,Account-A3D3,Player-3760,2,0,0,2,1,
20260930-165517,235.9,Account-1DFC,Player-781D,2,0,0,2,1,
20260930-165517,235.9,Account-83FE,Player-BCA0,1,0,0,1,6,
20260930-165517,235.9,Account-3D72,Player-6B3D,2,1,2,0,1,4.04
20260930-165517,235.9,Account-F5B9,Player-10E1,3,0,0,3,0,
20260930-165517,235.9,Account-B488,Player-F273,2,1,1,1,0,4.04
20260930-165517,235.9,Account-8C31,Player-DCBD,1,0,0,1,0,
20260930-165517,286.9,Account-9365,Player-DDA6,2,1,2,0,1,3.55
20260930-165517,286.9,Account-1B91,Player-8B8A,2,0,0,2,1,
20260930-165517,286.9,Account-A3D3,Player-3760,2,1,1,1,1,4.52
20260930-165517,286.9,Account-83FE,Player-BCA0,0,0,0,0,0,
20260930-165517,286.9,Account-3D72,Player-6B3D,2,1,1,1,1,4.52
20260930-165517,286.9,Account-B488,Player-F273,0,0,0,0,0,
20260930-165517,286.9,Account-8C31,Player-DCBD,2,1,2,0,1,3.08
20260930-165517,333.8,Account-9365,Player-DDA6,3,1,1,2,0,5.48
20260930-165517,333.8,Account-D27F,Player-C729,2,1,2,0,1,4.53
20260930-165517,333.8,Account-1B91,Player-8B8A,1,1,1,0,1,5.00
20260930-165517,333.8,Account-A3D3,Player-3760,4,0,0,4,0,
20260930-165517,333.8,Account-83FE,Player-BCA0,2,0,0,2,1,
20260930-165517,333.8,Account-3D72,Player-6B3D,3,0,0,3,0,
20260930-165517,333.8,Account-F5B9,Player-10E1,7,1,7,0,8,3.56
20260930-165517,333.8,Account-B488,Player-F273,2,1,2,0,0,4.53
20260930-165517,333.8,Account-8C31,Player-DCBD,2,0,0,2,1,
20260930-165517,379.2,Account-9365,Player-DDA6,2,1,2,0,0,4.03
20260930-165517,379.2,Account-D27F,Player-C729,3,1,3,0,2,3.56
20260930-165517,379.2,Account-1B91,Player-8B8A,2,1,1,1,2,3.56
20260930-165517,379.2,Account-A3D3,Player-3760,2,1,1,1,0,3.56
20260930-165517,379.2,Account-83FE,Player-BCA0,0,0,0,0,6,
20260930-165517,379.2,Account-3D72,Player-6B3D,2,1,1,1,1,3.56
20260930-165517,379.2,Account-F5B9,Player-10E1,2,1,1,1,5,3.08
20260930-165517,379.2,Account-B488,Player-F273,2,1,1,1,1,3.56
20260930-170422,171.6,Account-9365,Player-DDA6,3,0,0,3,1,
20260930-170422,171.6,Account-D27F,Player-C729,2,0,0,2,1,
20260930-170422,171.6,Account-1B91,Player-8B8A,2,0,0,2,2,
20260930-170422,171.6,Account-A3D3,Player-3760,2,0,0,2,0,
20260930-170422,171.6,Account-1DFC,Player-781D,2,0,0,2,0,
20260930-170422,171.6,Account-F5B9,Player-3BD3,1,0,0,1,2,
20260930-170422,171.6,Account-83FE,Player-BCA0,2,0,0,2,0,
20260930-170422,171.6,Account-3D72,Player-6B3D,2,0,0,2,1,
20260930-170422,171.6,Account-B488,Player-F273,2,0,0,2,3,
20260930-170422,171.6,Account-8C31,Player-0AFD,1,0,0,1,1,
20260930-170422,226.7,Account-9365,Player-DDA6,2,1,1,1,0,5.48
20260930-170422,226.7,Account-D27F,Player-C729,1,1,1,0,0,5.00
20260930-170422,226.7,Account-1B91,Player-8B8A,3,1,2,1,0,4.52
20260930-170422,226.7,Account-A3D3,Player-3760,2,0,0,2,0,
20260930-170422,226.7,Account-1DFC,Player-781D,2,0,0,2,1,
20260930-170422,226.7,Account-F5B9,Player-3BD3,3,0,0,3,0,
20260930-170422,226.7,Account-83FE,Player-BCA0,3,0,0,3,0,
20260930-170422,226.7,Account-3D72,Player-6B3D,2,1,2,0,0,4.52
20260930-170422,226.7,Account-B488,Player-F273,2,1,2,0,1,4.05
20260930-170422,226.7,Account-8C31,Player-0AFD,1,1,1,0,0,4.05
20260930-170422,277.5,Account-9365,Player-DDA6,3,1,3,0,0,3.57
20260930-170422,277.5,Account-1B91,Player-8B8A,2,1,2,0,0,3.57
20260930-170422,277.5,Account-A3D3,Player-3760,2,1,2,0,0,3.57
20260930-170422,277.5,Account-1DFC,Player-781D,2,1,2,0,0,3.57
20260930-170422,277.5,Account-83FE,Player-BCA0,3,1,3,0,0,3.57
20260930-170422,277.5,Account-3D72,Player-6B3D,11,1,11,0,1,4.52
20260930-170422,277.5,Account-B488,Player-F273,3,1,2,1,0,3.57
20260930-170422,277.5,Account-8C31,Player-0AFD,2,1,2,0,0,3.57
20260930-170422,325.0,Account-9365,Player-DDA6,1,1,1,0,2,3.56
20260930-170422,325.0,Account-D27F,Player-C729,4,1,2,2,1,5.12
20260930-170422,325.0,Account-1B91,Player-8B8A,2,0,0,2,1,
20260930-170422,325.0,Account-A3D3,Player-3760,2,1,2,0,1,3.08
20260930-170422,325.0,Account-1DFC,Player-781D,1,1,1,0,1,3.08
20260930-170422,325.0,Account-F5B9,Player-3BD3,3,1,2,1,2,7.75
20260930-170422,325.0,Account-83FE,Player-BCA0,2,1,1,1,0,4.04
20260930-170422,325.0,Account-3D72,Player-6B3D,1,0,0,1,3,
20260930-170422,325.0,Account-B488,Player-F273,1,0,0,1,5,
20260930-170422,325.0,Account-8C31,Player-0AFD,1,1,1,0,5,4.04
20260930-170947,174.1,Account-9365,Player-DDA6,1,0,0,1,0,
20260930-170947,174.1,Account-D27F,Player-C729,2,0,0,2,1,
20260930-170947,174.1,Account-1B91,Player-8B8A,2,0,0,2,0,
20260930-170947,174.1,Account-A3D3,Player-3760,2,1,1,1,0,4.04
20260930-170947,174.1,Account-1DFC,Player-781D,1,0,0,1,0,
20260930-170947,174.1,Account-F5B9,Player-3BD3,1,0,0,1,4,
20260930-170947,174.1,Account-83FE,Player-BCA0,2,0,0,2,6,
20260930-170947,174.1,Account-3D72,Player-6B3D,1,0,0,1,2,
20260930-170947,174.1,Account-B488,Player-F273,2,0,0,2,1,
20260930-170947,174.1,Account-8C31,Player-0AFD,2,1,1,1,0,4.04
20260930-175523,171.6,Account-9365,Player-1172,2,0,0,2,0,
20260930-175523,171.6,Account-83FE,Player-BCA0,2,0,0,2,0,
20260930-175523,171.6,Account-5C40,Player-F494,2,0,0,2,1,
20260930-175523,171.6,Account-EA9E,Player-C842,3,0,0,3,1,
20260930-175523,171.6,Account-F4C4,Player-89AD,1,1,1,0,0,3.08
20260930-175523,171.6,Account-8C31,Player-0AFD,2,0,0,2,1,
20260930-175523,171.6,Account-8E7B,Player-B757,2,1,1,1,0,3.08
20260930-175523,171.6,Account-BFFB,Player-08B9,1,1,1,0,0,3.08
20260930-175523,171.6,Account-27FE,Player-D808,2,0,0,2,0,
20260930-175523,171.6,Account-2334,Player-D74D,2,0,0,2,0,
20260930-175523,226.7,Account-9365,Player-1172,3,0,0,3,0,
20260930-175523,226.7,Account-83FE,Player-BCA0,2,0,0,2,4,
20260930-175523,226.7,Account-5C40,Player-F494,12,0,0,12,1,
20260930-175523,226.7,Account-EA9E,Player-C842,2,1,2,0,0,4.04
20260930-175523,226.7,Account-F4C4,Player-89AD,2,1,1,1,2,5.01
20260930-175523,226.7,Account-8C31,Player-0AFD,7,1,2,5,1,5.01
20260930-175523,226.7,Account-8E7B,Player-B757,2,0,0,2,0,
20260930-175523,226.7,Account-BFFB,Player-08B9,3,1,1,2,2,5.01
20260930-175523,226.7,Account-27FE,Player-D808,3,0,0,3,0,
20260930-175523,226.7,Account-2334,Player-D74D,3,1,2,1,0,4.52
20260930-175523,272.6,Account-9365,Player-1172,2,0,0,2,0,
20260930-175523,272.6,Account-83FE,Player-BCA0,2,1,1,1,2,3.08
20260930-175523,272.6,Account-5C40,Player-F494,4,1,2,2,0,3.08
20260930-175523,272.6,Account-EA9E,Player-C842,2,0,0,2,1,
20260930-175523,272.6,Account-F4C4,Player-89AD,2,1,1,1,0,3.08
20260930-175523,272.6,Account-8C31,Player-0AFD,1,0,0,1,1,
20260930-175523,272.6,Account-8E7B,Player-B757,2,1,1,1,0,3.08
20260930-175523,272.6,Account-BFFB,Player-08B9,18,1,17,1,8,4.04
20260930-175523,272.6,Account-27FE,Player-D808,2,0,0,2,8,
20260930-175523,272.6,Account-2334,Player-D74D,9,1,8,1,3,4.04
20260930-175523,319.1,Account-9365,Player-1172,2,1,2,0,1,3.08
20260930-175523,319.1,Account-83FE,Player-BCA0,2,0,0,2,8,
20260930-175523,319.1,Account-5C40,Player-F494,4,0,0,4,7,
20260930-175523,319.1,Account-EA9E,Player-C842,2,1,2,0,2,3.57
20260930-175523,319.1,Account-F4C4,Player-89AD,0,0,0,0,0,
20260930-175523,319.1,Account-8C31,Player-0AFD,2,0,0,2,1,
20260930-175523,319.1,Account-BFFB,Player-08B9,0,0,0,0,0,
20260930-175523,319.1,Account-27FE,Player-D808,0,0,0,0,0,
20260930-175523,319.1,Account-2334,Player-D74D,1,1,1,0,0,3.08
20260930-175523,364.3,Account-83FE,Player-BCA0,2,0,0,2,5,
20260930-175523,364.3,Account-5C40,Player-F494,3,1,3,0,1,3.08
20260930-175523,364.3,Account-EA9E,Player-C842,2,1,2,0,0,3.09
20260930-175523,364.3,Account-F4C4,Player-89AD,2,0,0,2,1,
20260930-175523,364.3,Account-BFFB,Player-08B9,2,1,2,0,0,3.09
20260930-175523,364.3,Account-27FE,Player-D808,2,0,0,2,3,
20260930-175523,364.3,Account-2334,Player-D74D,2,1,2,0,0,3.09
20260930-180129,172.3,Account-9365,Player-1172,1,0,0,1,2,
20260930-180129,172.3,Account-83FE,Player-BCA0,2,0,0,2,2,
20260930-180129,172.3,Account-5C40,Player-F494,2,0,0,2,0,
20260930-180129,172.3,Account-EA9E,Player-C842,2,0,0,2,1,
20260930-180129,172.3,Account-F4C4,Player-89AD,2,1,1,1,0,4.03
20260930-180129,172.3,Account-8C31,Player-0AFD,1,0,0,1,0,
20260930-180129,172.3,Account-8E7B,Player-B757,2,0,0,2,0,
20260930-180129,172.3,Account-BFFB,Player-08B9,2,0,0,2,0,
20260930-180129,172.3,Account-27FE,Player-D808,2,0,0,2,2,
20260930-180129,172.3,Account-2334,Player-D74D,1,0,0,1,6,
20260930-180129,228.7,Account-9365,Player-1172,2,1,1,1,2,4.04
20260930-180129,228.7,Account-83FE,Player-BCA0,0,0,0,0,9,
20260930-180129,228.7,Account-5C40,Player-F494,1,0,0,1,3,
20260930-180129,228.7,Account-EA9E,Player-C842,1,1,1,0,4,4.04
20260930-180129,228.7,Account-F4C4,Player-89AD,2,0,0,2,5,
20260930-180129,228.7,Account-8C31,Player-0AFD,0,0,0,0,6,
20260930-180129,228.7,Account-8E7B,Player-B757,1,0,0,1,3,
20260930-180129,228.7,Account-BFFB,Player-08B9,2,1,1,1,3,5.00
20260930-180129,228.7,Account-27FE,Player-D808,2,0,0,2,1,
20260930-180129,228.7,Account-2334,Player-D74D,2,0,0,2,2,
20260930-180129,275.2,Account-9365,Player-1172,3,0,0,3,0,
20260930-180129,275.2,Account-83FE,Player-BCA0,3,0,0,3,0,
20260930-180129,275.2,Account-5C40,Player-F494,2,0,0,2,3,
20260930-180129,275.2,Account-EA9E,Player-C842,3,1,1,2,1,3.56
20260930-180129,275.2,Account-F4C4,Player-89AD,2,0,0,2,1,
20260930-180129,275.2,Account-8C31,Player-0AFD,2,0,0,2,2,
20260930-180129,275.2,Account-8E7B,Player-B757,1,0,0,1,1,
20260930-180129,275.2,Account-BFFB,Player-08B9,2,0,0,2,2,
20260930-180129,275.2,Account-27FE,Player-D808,3,1,1,2,1,3.09
20260930-180129,275.2,Account-2334,Player-D74D,2,1,1,1,0,3.56
20260930-180617,175.1,Account-9365,Player-1172,3,1,1,2,2,4.04
20260930-180617,175.1,Account-83FE,Player-BCA0,2,1,1,1,0,4.04
20260930-180617,175.1,Account-5C40,Player-F494,1,0,0,1,1,
20260930-180617,175.1,Account-EA9E,Player-C842,2,1,1,1,0,4.04
20260930-180617,175.1,Account-F4C4,Player-89AD,2,0,0,2,1,
20260930-180617,175.1,Account-8C31,Player-0AFD,1,0,0,1,1,
20260930-180617,175.1,Account-8E7B,Player-B757,2,0,0,2,1,
20260930-180617,175.1,Account-BFFB,Player-08B9,1,0,0,1,1,
20260930-180617,175.1,Account-27FE,Player-D808,2,1,1,1,0,4.04
20260930-180617,175.1,Account-2334,Player-D74D,2,1,1,1,0,4.04
20260930-180617,229.7,Account-9365,Player-1172,4,1,3,1,3,4.52
20260930-180617,229.7,Account-83FE,Player-BCA0,0,0,0,0,18,
20260930-180617,229.7,Account-5C40,Player-F494,4,0,0,4,12,
20260930-180617,229.7,Account-EA9E,Player-C842,1,0,0,1,4,
20260930-180617,229.7,Account-F4C4,Player-89AD,1,0,0,1,1,
20260930-180617,229.7,Account-8C31,Player-0AFD,1,0,0,1,1,
20260930-180617,229.7,Account-8E7B,Player-B757,2,0,0,2,1,
20260930-180617,229.7,Account-BFFB,Player-08B9,8,1,8,0,2,4.04
20260930-180617,229.7,Account-27FE,Player-D808,5,1,5,0,13,6.16
20260930-180617,229.7,Account-2334,Player-D74D,1,0,0,1,4,
20260930-181021,172.8,Account-9365,Player-1172,1,0,0,1,0,
20260930-181021,172.8,Account-83FE,Player-BCA0,2,0,0,2,0,
20260930-181021,172.8,Account-5C40,Player-F494,8,1,6,2,3,6.15
20260930-181021,172.8,Account-EA9E,Player-C842,1,1,1,0,0,3.08
20260930-181021,172.8,Account-F4C4,Player-89AD,1,0,0,1,1,
20260930-181021,172.8,Account-8C31,Player-0AFD,2,0,0,2,1,
20260930-181021,172.8,Account-8E7B,Player-B757,2,0,0,2,5,
20260930-181021,172.8,Account-BFFB,Player-08B9,2,0,0,2,0,
20260930-181021,172.8,Account-27FE,Player-D808,8,1,6,2,2,5.11
20260930-181021,172.8,Account-2334,Player-D74D,1,1,1,0,0,3.08
20260930-181643,172.2,Account-9365,Player-1172,1,0,0,1,3,
20260930-181643,172.2,Account-83FE,Player-BCA0,2,0,0,2,2,
20260930-181643,172.2,Account-5C40,Player-F494,10,1,8,2,1,5.13
20260930-181643,172.2,Account-EA9E,Player-C842,1,0,0,1,1,
20260930-181643,172.2,Account-F4C4,Player-89AD,2,1,1,1,0,4.04
20260930-181643,172.2,Account-8C31,Player-0AFD,2,1,1,1,5,4.04
20260930-181643,172.2,Account-8E7B,Player-B757,4,1,2,2,3,5.13
20260930-181643,172.2,Account-BFFB,Player-08B9,1,0,0,1,0,
20260930-181643,172.2,Account-27FE,Player-D808,2,0,0,2,1,
20260930-181643,172.2,Account-2334,Player-D74D,2,0,0,2,1,
20260930-181643,227.0,Account-9365,Player-1172,3,0,0,3,0,
20260930-181643,227.0,Account-83FE,Player-BCA0,0,0,0,0,4,
20260930-181643,227.0,Account-5C40,Player-F494,1,0,0,1,2,
20260930-181643,227.0,Account-EA9E,Player-C842,3,0,0,3,2,
20260930-181643,227.0,Account-F4C4,Player-89AD,2,1,1,1,1,4.52
20260930-181643,227.0,Account-8C31,Player-0AFD,1,0,0,1,2,
20260930-181643,227.0,Account-BFFB,Player-08B9,3,0,0,3,1,
20260930-181643,227.0,Account-27FE,Player-D808,2,0,0,2,4,
20260930-181643,227.0,Account-2334,Player-D74D,2,0,0,2,1,
20260930-181643,277.9,Account-83FE,Player-BCA0,2,1,1,1,2,4.51
20260930-181643,277.9,Account-5C40,Player-F494,2,1,2,0,2,3.55
20260930-181643,277.9,Account-EA9E,Player-C842,3,1,2,1,0,4.03
20260930-181643,277.9,Account-BFFB,Player-08B9,2,1,2,0,2,3.07
20260930-181643,277.9,Account-27FE,Player-D808,0,0,0,0,0,
20260930-181643,277.9,Account-2334,Player-D74D,3,1,2,1,0,4.03
20260930-182315,187.1,Account-9365,Player-1172,2,1,1,1,1,4.04
20260930-182315,187.1,Account-83FE,Player-BCA0,1,0,0,1,8,
20260930-182315,187.1,Account-5C40,Player-F494,3,1,2,1,0,4.04
20260930-182315,187.1,Account-EA9E,Player-C842,2,1,1,1,0,4.04
20260930-182315,187.1,Account-F4C4,Player-89AD,1,0,0,1,0,
20260930-182315,187.1,Account-8C31,Player-0AFD,3,0,0,3,0,
20260930-182315,187.1,Account-8E7B,Player-B757,2,0,0,2,1,
20260930-182315,187.1,Account-BFFB,Player-08B9,1,0,0,1,0,
20260930-182315,187.1,Account-27FE,Player-D808,2,0,0,2,1,
20260930-182315,187.1,Account-2334,Player-D74D,2,0,0,2,1,
20260930-182315,243.6,Account-9365,Player-1172,5,1,3,2,4,7.17
20260930-182315,243.6,Account-83FE,Player-BCA0,9,1,8,1,11,5.01
20260930-182315,243.6,Account-5C40,Player-F494,6,1,5,1,7,5.13
20260930-182315,243.6,Account-EA9E,Player-C842,5,1,5,0,4,4.04
20260930-182315,243.6,Account-F4C4,Player-89AD,7,1,6,1,8,5.01
20260930-182315,243.6,Account-8C31,Player-0AFD,8,1,6,2,7,5.13
20260930-182315,243.6,Account-8E7B,Player-B757,1,1,1,0,9,5.60
20260930-182315,243.6,Account-BFFB,Player-08B9,1,1,1,0,3,4.04
20260930-182315,243.6,Account-27FE,Player-D808,1,0,0,1,3,
20260930-182315,243.6,Account-2334,Player-D74D,1,0,0,1,2,
20260930-183207,176.8,Account-9365,Player-1172,1,0,0,1,6,
20260930-183207,176.8,Account-83FE,Player-BCA0,1,0,0,1,2,
20260930-183207,176.8,Account-5C40,Player-F494,6,1,3,3,4,5.59
20260930-183207,176.8,Account-EA9E,Player-C842,1,0,0,1,1,
20260930-183207,176.8,Account-F4C4,Player-89AD,2,0,0,2,0,
20260930-183207,176.8,Account-8E7B,Player-B757,1,0,0,1,1,
20260930-183207,176.8,Account-BFFB,Player-08B9,1,0,0,1,0,
20260930-183207,176.8,Account-8C31,Player-DCBD,1,0,0,1,1,
20260930-183207,176.8,Account-27FE,Player-D808,2,0,0,2,4,
20260930-183207,176.8,Account-2334,Player-D74D,3,0,0,3,0,
20260930-183207,231.6,Account-9365,Player-1172,2,1,1,1,2,4.52
20260930-183207,231.6,Account-83FE,Player-BCA0,0,0,0,0,12,
20260930-183207,231.6,Account-5C40,Player-F494,3,0,0,3,8,
20260930-183207,231.6,Account-EA9E,Player-C842,3,0,0,3,3,
20260930-183207,231.6,Account-F4C4,Player-89AD,2,0,0,2,0,
20260930-183207,231.6,Account-8E7B,Player-B757,2,0,0,2,4,
20260930-183207,231.6,Account-BFFB,Player-08B9,2,1,2,0,1,4.52
20260930-183207,231.6,Account-8C31,Player-DCBD,1,0,0,1,2,
20260930-183207,231.6,Account-27FE,Player-D808,2,1,1,1,1,4.52
20260930-183207,231.6,Account-2334,Player-D74D,3,0,0,3,0,
20260930-183207,282.4,Account-9365,Player-1172,0,0,0,0,2,
20260930-183207,282.4,Account-83FE,Player-BCA0,2,1,1,1,3,3.56
20260930-183207,282.4,Account-5C40,Player-F494,7,1,2,5,3,7.16
20260930-183207,282.4,Account-EA9E,Player-C842,1,1,1,0,4,5.01
20260930-183207,282.4,Account-F4C4,Player-89AD,3,1,1,2,2,3.56
20260930-183207,282.4,Account-8E7B,Player-B757,3,1,1,2,2,3.08
20260930-183207,282.4,Account-BFFB,Player-08B9,1,1,1,0,3,4.05
20260930-183207,282.4,Account-8C31,Player-DCBD,2,1,1,1,5,3.08
20260930-183207,282.4,Account-27FE,Player-D808,1,1,1,0,3,4.52
20260930-183207,282.4,Account-2334,Player-D74D,1,1,1,0,3,4.05
20260930-183742,178.1,Account-9365,Player-1172,1,0,0,1,0,
20260930-183742,178.1,Account-83FE,Player-BCA0,1,0,0,1,5,
20260930-183742,178.1,Account-5C40,Player-F494,2,1,1,1,0,4.04
20260930-183742,178.1,Account-EA9E,Player-C842,1,0,0,1,4,
20260930-183742,178.1,Account-F4C4,Player-89AD,1,0,0,1,0,
20260930-183742,178.1,Account-8E7B,Player-B757,1,0,0,1,0,
20260930-183742,178.1,Account-BFFB,Player-08B9,1,0,0,1,0,
20260930-183742,178.1,Account-8C31,Player-DCBD,1,0,0,1,4,
20260930-183742,178.1,Account-27FE,Player-D808,1,0,0,1,0,
20260930-183742,178.1,Account-2334,Player-D74D,2,0,0,2,0,
20260930-184348,170.7,Account-9365,Player-1172,1,1,1,0,0,3.08
20260930-184348,170.7,Account-83FE,Player-BCA0,0,0,0,0,10,
20260930-184348,170.7,Account-5C40,Player-F494,0,0,0,0,2,
20260930-184348,170.7,Account-EA9E,Player-C842,2,1,1,1,1,3.08
20260930-184348,170.7,Account-F4C4,Player-89AD,0,0,0,0,3,
20260930-184348,170.7,Account-8E7B,Player-B757,0,0,0,0,11,
20260930-184348,170.7,Account-BFFB,Player-08B9,1,0,0,1,3,
20260930-184348,170.7,Account-8C31,Player-DCBD,0,0,0,0,5,
20260930-184348,170.7,Account-27FE,Player-D808,1,1,1,0,0,3.08
20260930-184348,170.7,Account-2334,Player-D74D,1,1,1,0,0,3.08
20260930-184348,225.4,Account-9365,Player-1172,2,1,1,1,0,5.00
20260930-184348,225.4,Account-83FE,Player-BCA0,1,1,1,0,4,3.08
20260930-184348,225.4,Account-5C40,Player-F494,2,1,2,0,1,3.08
20260930-184348,225.4,Account-EA9E,Player-C842,3,1,2,1,1,4.52
20260930-184348,225.4,Account-F4C4,Player-89AD,1,0,0,1,0,
20260930-184348,225.4,Account-8E7B,Player-B757,2,0,0,2,0,
20260930-184348,225.4,Account-BFFB,Player-08B9,1,0,0,1,0,
20260930-184348,225.4,Account-8C31,Player-DCBD,1,0,0,1,1,
20260930-184348,225.4,Account-27FE,Player-D808,2,1,1,1,0,4.52
20260930-184348,225.4,Account-2334,Player-D74D,3,1,2,1,1,4.04
20260930-184348,270.5,Account-9365,Player-1172,3,0,0,3,0,
20260930-184348,270.5,Account-83FE,Player-BCA0,3,1,2,1,1,4.52
20260930-184348,270.5,Account-5C40,Player-F494,3,0,0,3,0,
20260930-184348,270.5,Account-EA9E,Player-C842,3,0,0,3,0,
20260930-184348,270.5,Account-F4C4,Player-89AD,3,1,2,1,0,4.52
20260930-184348,270.5,Account-8E7B,Player-B757,3,1,1,2,1,5.00
20260930-184348,270.5,Account-BFFB,Player-08B9,2,1,2,0,0,4.52
20260930-184348,270.5,Account-8C31,Player-DCBD,2,0,0,2,0,
20260930-184348,270.5,Account-27FE,Player-D808,2,1,2,0,0,3.08
20260930-184348,317.7,Account-83FE,Player-BCA0,2,0,0,2,1,
20260930-184348,317.7,Account-5C40,Player-F494,10,1,8,2,2,4.64
20260930-184348,317.7,Account-EA9E,Player-C842,2,0,0,2,1,
20260930-184348,317.7,Account-F4C4,Player-89AD,1,1,1,0,0,3.08
20260930-184348,317.7,Account-BFFB,Player-08B9,5,1,5,0,0,3.08
20260930-184348,317.7,Account-8C31,Player-DCBD,2,0,0,2,8,
20260930-184348,317.7,Account-27FE,Player-D808,2,1,2,0,1,3.08
20260930-191231,158.0,Account-9365,Player-DDA6,1,1,1,0,0,3.08
20260930-191231,158.0,Account-83FE,Player-BCA0,1,0,0,1,1,
20260930-191231,158.0,Account-9FFE,Player-74C1,3,1,1,2,2,3.09
20260930-191231,158.0,Account-E596,Player-1B8E,2,1,1,1,1,3.09
20260930-191231,158.0,Account-9754,Player-DE24,0,0,0,0,4,
20260930-191231,158.0,Account-16AE,Player-1BA4,0,0,0,0,6,
20260930-191231,158.0,Account-1150,Player-470E,0,0,0,0,8,
20260930-191231,158.0,Account-8C31,Player-FBAD,1,1,1,0,16,5.00
20260930-191231,158.0,Account-5C40,Player-F494,0,0,0,0,3,
20260930-191231,158.0,Account-F4C4,Player-89AD,1,1,1,0,0,3.09
20260930-191231,213.2,Account-9365,Player-DDA6,1,1,1,0,3,4.04
20260930-191231,213.2,Account-83FE,Player-BCA0,1,0,0,1,2,
20260930-191231,213.2,Account-9FFE,Player-74C1,1,0,0,1,2,
20260930-191231,213.2,Account-E596,Player-1B8E,1,1,1,0,1,3.08
20260930-191231,213.2,Account-9754,Player-DE24,2,1,2,0,1,3.08
20260930-191231,213.2,Account-16AE,Player-1BA4,8,1,8,0,3,3.08
20260930-191231,213.2,Account-1150,Player-470E,1,1,1,0,4,4.04
20260930-191231,213.2,Account-8C31,Player-FBAD,3,0,0,3,1,
20260930-191231,213.2,Account-5C40,Player-F494,2,1,1,1,2,4.04
20260930-191231,213.2,Account-F4C4,Player-89AD,1,0,0,1,2,
20260930-191231,258.6,Account-9365,Player-DDA6,3,0,0,3,1,
20260930-191231,258.6,Account-83FE,Player-BCA0,2,1,1,1,0,4.04
20260930-191231,258.6,Account-9FFE,Player-74C1,2,0,0,2,0,
20260930-191231,258.6,Account-E596,Player-1B8E,2,1,1,1,0,4.04
20260930-191231,258.6,Account-9754,Player-DE24,0,0,0,0,11,
20260930-191231,258.6,Account-16AE,Player-1BA4,0,0,0,0,12,
20260930-191231,258.6,Account-1150,Player-470E,0,0,0,0,3,
20260930-191231,258.6,Account-8C31,Player-FBAD,0,0,0,0,10,
20260930-191231,258.6,Account-5C40,Player-F494,0,0,0,0,14,
20260930-191231,258.6,Account-F4C4,Player-89AD,3,0,0,3,1,
20260930-191231,314.0,Account-9365,Player-DDA6,1,0,0,1,1,
20260930-191231,314.0,Account-83FE,Player-BCA0,1,0,0,1,1,
20260930-191231,314.0,Account-9FFE,Player-74C1,2,0,0,2,1,
20260930-191231,314.0,Account-9754,Player-DE24,3,1,1,2,1,5.08
20260930-191231,314.0,Account-16AE,Player-1BA4,1,0,0,1,2,
20260930-191231,314.0,Account-1150,Player-470E,2,0,0,2,6,
20260930-191231,314.0,Account-8C31,Player-FBAD,2,0,0,2,1,
20260930-191231,314.0,Account-5C40,Player-F494,1,0,0,1,1,
20260930-191231,314.0,Account-F4C4,Player-89AD,1,0,0,1,1,
20260930-192340,152.2,Account-9365,Player-DDA6,1,0,0,1,0,
20260930-192340,152.2,Account-83FE,Player-BCA0,1,0,0,1,2,
20260930-192340,152.2,Account-9FFE,Player-74C1,2,0,0,2,1,
20260930-192340,152.2,Account-E596,Player-1B8E,2,0,0,2,0,
20260930-192340,152.2,Account-9754,Player-DE24,2,0,0,2,1,
20260930-192340,152.2,Account-16AE,Player-1BA4,2,1,1,1,2,3.56
20260930-192340,152.2,Account-1150,Player-470E,0,0,0,0,4,
20260930-192340,152.2,Account-8C31,Player-FBAD,1,0,0,1,5,
20260930-192340,152.2,Account-5C40,Player-F494,2,0,0,2,1,
20260930-192340,152.2,Account-F4C4,Player-89AD,1,0,0,1,0,
20260930-192340,206.8,Account-9365,Player-DDA6,0,0,0,0,6,
20260930-192340,206.8,Account-83FE,Player-BCA0,0,0,0,0,4,
20260930-192340,206.8,Account-9FFE,Player-74C1,1,0,0,1,6,
20260930-192340,206.8,Account-E596,Player-1B8E,1,0,0,1,8,
20260930-192340,206.8,Account-9754,Player-DE24,1,0,0,1,3,
20260930-192340,206.8,Account-16AE,Player-1BA4,2,0,0,2,0,
20260930-192340,206.8,Account-1150,Player-470E,2,0,0,2,2,
20260930-192340,206.8,Account-8C31,Player-FBAD,2,0,0,2,2,
20260930-192340,206.8,Account-5C40,Player-F494,2,0,0,2,3,
20260930-192340,206.8,Account-F4C4,Player-89AD,1,0,0,1,10,
20260930-192340,252.2,Account-9365,Player-DDA6,2,1,1,1,1,4.53
20260930-192340,252.2,Account-83FE,Player-BCA0,2,0,0,2,1,
20260930-192340,252.2,Account-9FFE,Player-74C1,3,0,0,3,2,
20260930-192340,252.2,Account-E596,Player-1B8E,2,0,0,2,4,
20260930-192340,252.2,Account-9754,Player-DE24,2,1,1,1,1,4.05
20260930-192340,252.2,Account-16AE,Player-1BA4,1,0,0,1,7,
20260930-192340,252.2,Account-1150,Player-470E,2,0,0,2,7,
20260930-192340,252.2,Account-8C31,Player-FBAD,1,0,0,1,16,
20260930-192340,252.2,Account-5C40,Player-F494,1,0,0,1,2,
20260930-192340,252.2,Account-F4C4,Player-89AD,2,0,0,2,0,
20260930-193130,157.5,Account-9365,Player-DDA6,1,0,0,1,1,
20260930-193130,157.5,Account-83FE,Player-BCA0,2,0,0,2,1,
20260930-193130,157.5,Account-9FFE,Player-74C1,2,0,0,2,5,
20260930-193130,157.5,Account-E596,Player-1B8E,2,0,0,2,1,
20260930-193130,157.5,Account-9754,Player-DE24,0,0,0,0,5,
20260930-193130,157.5,Account-16AE,Player-1BA4,0,0,0,0,4,
20260930-193130,157.5,Account-1150,Player-470E,0,0,0,0,9,
20260930-193130,157.5,Account-8C31,Player-FBAD,0,0,0,0,5,
20260930-193130,157.5,Account-5C40,Player-F494,0,0,0,0,10,
20260930-193130,157.5,Account-F4C4,Player-89AD,2,0,0,2,2,
20260930-193130,212.7,Account-9365,Player-DDA6,0,0,0,0,4,
20260930-193130,212.7,Account-83FE,Player-BCA0,1,0,0,1,14,
20260930-193130,212.7,Account-9FFE,Player-74C1,1,0,0,1,10,
20260930-193130,212.7,Account-E596,Player-1B8E,0,0,0,0,11,
20260930-193130,212.7,Account-9754,Player-DE24,2,0,0,2,2,
20260930-193130,212.7,Account-16AE,Player-1BA4,2,0,0,2,2,
20260930-193130,212.7,Account-1150,Player-470E,2,0,0,2,1,
20260930-193130,212.7,Account-8C31,Player-FBAD,1,0,0,1,3,
20260930-193130,212.7,Account-5C40,Player-F494,1,0,0,1,2,
20260930-193130,212.7,Account-F4C4,Player-89AD,0,0,0,0,6,
20260930-193130,260.0,Account-9365,Player-DDA6,3,0,0,3,1,
20260930-193130,260.0,Account-83FE,Player-BCA0,2,0,0,2,2,
20260930-193130,260.0,Account-E596,Player-1B8E,2,0,0,2,5,
20260930-193130,260.0,Account-9754,Player-DE24,1,0,0,1,10,
20260930-193130,260.0,Account-16AE,Player-1BA4,1,0,0,1,10,
20260930-193130,260.0,Account-1150,Player-470E,1,0,0,1,11,
20260930-193130,260.0,Account-8C31,Player-FBAD,1,0,0,1,15,
20260930-193130,260.0,Account-5C40,Player-F494,1,0,0,1,15,
20260930-193130,260.0,Account-F4C4,Player-89AD,2,0,0,2,1,
20260930-193906,147.0,Account-9365,Player-DDA6,2,0,0,2,3,
20260930-193906,147.0,Account-83FE,Player-BCA0,1,0,0,1,2,
20260930-193906,147.0,Account-9FFE,Player-74C1,1,0,0,1,1,
20260930-193906,147.0,Account-E596,Player-1B8E,2,0,0,2,3,
20260930-193906,147.0,Account-9754,Player-DE24,2,0,0,2,3,
20260930-193906,147.0,Account-1150,Player-470E,2,0,0,2,2,
20260930-193906,147.0,Account-8C31,Player-FBAD,1,0,0,1,4,
20260930-193906,147.0,Account-5C40,Player-F494,1,0,0,1,5,
20260930-193906,147.0,Account-F4C4,Player-89AD,1,0,0,1,1,
20260930-193906,198.9,Account-9365,Player-DDA6,2,1,1,1,1,4.52
20260930-193906,198.9,Account-83FE,Player-BCA0,3,1,2,1,2,4.52
20260930-193906,198.9,Account-9FFE,Player-74C1,3,1,2,1,1,4.52
20260930-193906,198.9,Account-E596,Player-1B8E,2,1,1,1,1,4.52
20260930-193906,198.9,Account-9754,Player-DE24,3,1,1,2,1,5.48
20260930-193906,198.9,Account-16AE,Player-1BA4,1,0,0,1,3,
20260930-193906,198.9,Account-1150,Player-470E,2,0,0,2,1,
20260930-193906,198.9,Account-8C31,Player-FBAD,3,0,0,3,1,
20260930-193906,198.9,Account-5C40,Player-F494,3,0,0,3,6,
20260930-193906,198.9,Account-F4C4,Player-89AD,2,1,1,1,1,5.01
20260930-193906,247.7,Account-9365,Player-DDA6,2,0,0,2,2,
20260930-193906,247.7,Account-83FE,Player-BCA0,1,0,0,1,11,
20260930-193906,247.7,Account-9FFE,Player-74C1,2,0,0,2,16,
20260930-193906,247.7,Account-E596,Player-1B8E,1,0,0,1,8,
20260930-193906,247.7,Account-9754,Player-DE24,2,0,0,2,1,
20260930-193906,247.7,Account-16AE,Player-1BA4,4,1,3,1,4,4.53
20260930-193906,247.7,Account-1150,Player-470E,3,0,0,3,3,
20260930-193906,247.7,Account-8C31,Player-FBAD,1,0,0,1,12,
20260930-193906,247.7,Account-5C40,Player-F494,4,1,3,1,3,4.04
20260930-193906,247.7,Account-F4C4,Player-89AD,1,1,1,0,0,5.01
20260930-194816,155.2,Account-9365,Player-DDA6,2,1,2,0,0,3.08
20260930-194816,155.2,Account-83FE,Player-BCA0,1,0,0,1,1,
20260930-194816,155.2,Account-9FFE,Player-74C1,2,0,0,2,1,
20260930-194816,155.2,Account-E596,Player-1B8E,2,0,0,2,4,
20260930-194816,155.2,Account-9754,Player-DE24,2,1,1,1,0,3.08
20260930-194816,155.2,Account-16AE,Player-1BA4,1,1,1,0,0,3.08
20260930-194816,155.2,Account-1150,Player-470E,7,1,6,1,2,3.08
20260930-194816,155.2,Account-8C31,Player-FBAD,2,0,0,2,2,
20260930-194816,155.2,Account-5C40,Player-F494,1,0,0,1,1,
20260930-194816,155.2,Account-F4C4,Player-89AD,2,0,0,2,0,
20260930-194816,209.8,Account-9365,Player-DDA6,2,0,0,2,1,
20260930-194816,209.8,Account-83FE,Player-BCA0,2,0,0,2,1,
20260930-194816,209.8,Account-9FFE,Player-74C1,2,0,0,2,1,
20260930-194816,209.8,Account-E596,Player-1B8E,2,0,0,2,0,
20260930-194816,209.8,Account-9754,Player-DE24,3,0,0,3,0,
20260930-194816,209.8,Account-16AE,Player-1BA4,2,0,0,2,0,
20260930-194816,209.8,Account-1150,Player-470E,2,0,0,2,2,
20260930-194816,209.8,Account-8C31,Player-FBAD,3,0,0,3,2,
20260930-194816,209.8,Account-5C40,Player-F494,2,0,0,2,1,
20260930-194816,209.8,Account-F4C4,Player-89AD,2,0,0,2,1,
20260930-194816,254.9,Account-9365,Player-DDA6,0,0,0,0,7,
20260930-194816,254.9,Account-83FE,Player-BCA0,0,0,0,0,13,
20260930-194816,254.9,Account-9FFE,Player-74C1,2,1,2,0,4,4.04
20260930-194816,254.9,Account-E596,Player-1B8E,6,1,6,0,8,4.52
20260930-194816,254.9,Account-9754,Player-DE24,1,1,1,0,4,5.00
20260930-194816,254.9,Account-16AE,Player-1BA4,1,1,1,0,3,5.00
20260930-194816,254.9,Account-1150,Player-470E,2,1,2,0,3,3.08
20260930-194816,254.9,Account-8C31,Player-FBAD,6,0,0,6,6,
20260930-194816,254.9,Account-5C40,Player-F494,0,0,0,0,11,
20260930-194816,254.9,Account-F4C4,Player-89AD,1,1,1,0,9,4.04
20260930-195751,152.6,Account-9365,Player-DDA6,2,1,1,1,1,3.08
20260930-195751,152.6,Account-83FE,Player-BCA0,1,0,0,1,3,
20260930-195751,152.6,Account-9FFE,Player-74C1,1,1,1,0,3,3.09
20260930-195751,152.6,Account-E596,Player-1B8E,2,1,1,1,2,3.08
20260930-195751,152.6,Account-9754,Player-DE24,1,0,0,1,1,
20260930-195751,152.6,Account-16AE,Player-1BA4,1,0,0,1,1,
20260930-195751,152.6,Account-1150,Player-470E,1,0,0,1,6,
20260930-195751,152.6,Account-8C31,Player-FBAD,1,0,0,1,2,
20260930-195751,152.6,Account-5C40,Player-F494,1,0,0,1,2,
20260930-195751,152.6,Account-F4C4,Player-89AD,2,1,1,1,2,3.08
20260930-195751,207.2,Account-9365,Player-DDA6,0,0,0,0,8,
20260930-195751,207.2,Account-83FE,Player-BCA0,0,0,0,0,13,
20260930-195751,207.2,Account-9FFE,Player-74C1,0,0,0,0,11,
20260930-195751,207.2,Account-E596,Player-1B8E,1,0,0,1,12,
20260930-195751,207.2,Account-9754,Player-DE24,1,0,0,1,2,
20260930-195751,207.2,Account-16AE,Player-1BA4,1,0,0,1,1,
20260930-195751,207.2,Account-1150,Player-470E,3,0,0,3,1,
20260930-195751,207.2,Account-8C31,Player-FBAD,1,0,0,1,2,
20260930-195751,207.2,Account-5C40,Player-F494,2,0,0,2,3,
20260930-195751,207.2,Account-F4C4,Player-89AD,1,1,1,0,10,3.08
20260930-195751,254.4,Account-9365,Player-DDA6,3,0,0,3,1,
20260930-195751,254.4,Account-83FE,Player-BCA0,2,0,0,2,2,
20260930-195751,254.4,Account-9FFE,Player-74C1,3,0,0,3,1,
20260930-195751,254.4,Account-E596,Player-1B8E,3,0,0,3,1,
20260930-195751,254.4,Account-9754,Player-DE24,2,0,0,2,1,
20260930-195751,254.4,Account-16AE,Player-1BA4,3,0,0,3,0,
20260930-195751,254.4,Account-1150,Player-470E,1,0,0,1,3,
20260930-195751,254.4,Account-8C31,Player-FBAD,3,0,0,3,0,
20260930-195751,254.4,Account-5C40,Player-F494,2,0,0,2,0,
20260930-195751,254.4,Account-F4C4,Player-89AD,2,0,0,2,1,
20260930-200445,151.8,Account-9365,Player-DDA6,1,0,0,1,0,
20260930-200445,151.8,Account-83FE,Player-BCA0,1,0,0,1,5,
20260930-200445,151.8,Account-9FFE,Player-74C1,0,0,0,0,10,
20260930-200445,151.8,Account-E596,Player-1B8E,2,0,0,2,4,
20260930-200445,151.8,Account-9754,Player-DE24,1,1,1,0,0,3.08
20260930-200445,151.8,Account-16AE,Player-1BA4,0,0,0,0,6,
20260930-200445,151.8,Account-1150,Player-470E,0,0,0,0,6,
20260930-200445,151.8,Account-8C31,Player-FBAD,1,0,0,1,10,
20260930-200445,151.8,Account-5C40,Player-F494,1,0,0,1,2,
20260930-200445,151.8,Account-F4C4,Player-89AD,1,0,0,1,0,
20260930-201108,150.1,Account-9365,Player-DDA6,2,0,0,2,4,
20260930-201108,150.1,Account-83FE,Player-BCA0,2,0,0,2,0,
20260930-201108,150.1,Account-9FFE,Player-74C1,1,0,0,1,1,
20260930-201108,150.1,Account-E596,Player-1B8E,2,0,0,2,1,
20260930-201108,150.1,Account-9754,Player-DE24,2,0,0,2,0,
20260930-201108,150.1,Account-16AE,Player-1BA4,1,0,0,1,1,
20260930-201108,150.1,Account-1150,Player-470E,2,0,0,2,0,
20260930-201108,150.1,Account-8C31,Player-FBAD,2,0,0,2,0,
20260930-201108,150.1,Account-5C40,Player-F494,2,0,0,2,1,
20260930-201108,150.1,Account-F4C4,Player-89AD,1,0,0,1,0,
20260930-201108,206.9,Account-9365,Player-DDA6,1,0,0,1,5,
20260930-201108,206.9,Account-83FE,Player-BCA0,0,0,0,0,10,
20260930-201108,206.9,Account-9FFE,Player-74C1,2,1,2,0,6,4.53
20260930-201108,206.9,Account-E596,Player-1B8E,0,0,0,0,10,
20260930-201108,206.9,Account-9754,Player-DE24,0,0,0,0,5,
20260930-201108,206.9,Account-16AE,Player-1BA4,0,0,0,0,5,
20260930-201108,206.9,Account-1150,Player-470E,0,0,0,0,10,
20260930-201108,206.9,Account-8C31,Player-FBAD,0,0,0,0,5,
20260930-201108,206.9,Account-5C40,Player-F494,0,0,0,0,14,
20260930-201108,206.9,Account-F4C4,Player-89AD,0,0,0,0,6,
20260930-201108,252.9,Account-9365,Player-DDA6,2,1,1,1,0,4.05
20260930-201108,252.9,Account-83FE,Player-BCA0,2,0,0,2,0,
20260930-201108,252.9,Account-9FFE,Player-74C1,2,0,0,2,1,
20260930-201108,252.9,Account-E596,Player-1B8E,2,0,0,2,5,
20260930-201108,252.9,Account-9754,Player-DE24,2,1,2,0,1,3.08
20260930-201108,252.9,Account-16AE,Player-1BA4,2,1,1,1,0,4.53
20260930-201108,252.9,Account-1150,Player-470E,2,0,0,2,3,
20260930-201108,252.9,Account-8C31,Player-FBAD,2,1,1,1,0,4.05
20260930-201108,252.9,Account-5C40,Player-F494,3,1,1,2,0,5.01
20260930-201108,252.9,Account-F4C4,Player-89AD,2,0,0,2,2,
20260930-203200,154.5,Account-9365,Player-DDA6,3,1,2,1,2,4.04
20260930-203200,154.5,Account-83FE,Player-BCA0,3,0,0,3,1,
20260930-203200,154.5,Account-9FFE,Player-74C1,3,0,0,3,0,
20260930-203200,154.5,Account-E596,Player-1B8E,3,0,0,3,2,
20260930-203200,154.5,Account-9754,Player-DE24,0,0,0,0,11,
20260930-203200,154.5,Account-16AE,Player-1BA4,0,0,0,0,6,
20260930-203200,154.5,Account-1150,Player-470E,0,0,0,0,6,
20260930-203200,154.5,Account-8C31,Player-FBAD,1,0,0,1,16,
20260930-203200,154.5,Account-5C40,Player-F494,1,0,0,1,10,
20260930-203200,154.5,Account-F4C4,Player-89AD,3,0,0,3,1,
20260930-203200,200.0,Account-9365,Player-DDA6,1,1,1,0,1,3.08
20260930-203200,200.0,Account-83FE,Player-BCA0,1,0,0,1,0,
20260930-203200,200.0,Account-9FFE,Player-74C1,1,1,1,0,2,3.08
20260930-203200,200.0,Account-E596,Player-1B8E,1,1,1,0,1,3.08
20260930-203200,200.0,Account-9754,Player-DE24,2,0,0,2,0,
20260930-203200,200.0,Account-16AE,Player-1BA4,1,0,0,1,0,
20260930-203200,200.0,Account-1150,Player-470E,1,0,0,1,0,
20260930-203200,200.0,Account-8C31,Player-FBAD,2,0,0,2,1,
20260930-203200,200.0,Account-5C40,Player-F494,1,0,0,1,0,
20260930-203200,200.0,Account-F4C4,Player-89AD,1,1,1,0,0,3.08
20260930-203200,245.1,Account-9365,Player-DDA6,3,0,0,3,2,
20260930-203200,245.1,Account-83FE,Player-BCA0,1,0,0,1,7,
20260930-203200,245.1,Account-9FFE,Player-74C1,3,0,0,3,2,
20260930-203200,245.1,Account-E596,Player-1B8E,3,0,0,3,2,
20260930-203200,245.1,Account-9754,Player-DE24,0,0,0,0,7,
20260930-203200,245.1,Account-16AE,Player-1BA4,1,1,1,0,5,5.00
20260930-203200,245.1,Account-1150,Player-470E,1,1,1,0,5,5.48
20260930-203200,245.1,Account-8C31,Player-FBAD,1,1,1,0,8,5.48
20260930-203200,245.1,Account-5C40,Player-F494,1,1,1,0,4,5.48
20260930-203200,245.1,Account-F4C4,Player-89AD,3,0,0,3,1,
20260930-203600,155.6,Account-9365,Player-DDA6,2,0,0,2,0,
20260930-203600,155.6,Account-83FE,Player-BCA0,2,0,0,2,0,
20260930-203600,155.6,Account-9FFE,Player-74C1,3,0,0,3,0,
20260930-203600,155.6,Account-E596,Player-1B8E,8,1,6,2,1,5.15
20260930-203600,155.6,Account-9754,Player-DE24,2,1,2,0,3,3.09
20260930-203600,155.6,Account-16AE,Player-1BA4,3,1,3,0,1,3.09
20260930-203600,155.6,Account-1150,Player-470E,1,1,1,0,0,3.09
20260930-203600,155.6,Account-8C31,Player-FBAD,2,1,1,1,2,4.52
20260930-203600,155.6,Account-5C40,Player-F494,1,0,0,1,1,
20260930-203600,155.6,Account-F4C4,Player-89AD,1,1,1,0,0,3.09
20260930-203947,161.4,Account-9365,Player-DDA6,1,0,0,1,3,
20260930-203947,161.4,Account-83FE,Player-BCA0,2,0,0,2,0,
20260930-203947,161.4,Account-9FFE,Player-74C1,1,0,0,1,1,
20260930-203947,161.4,Account-E596,Player-1B8E,2,0,0,2,1,
20260930-203947,161.4,Account-9754,Player-DE24,0,0,0,0,3,
20260930-203947,161.4,Account-16AE,Player-1BA4,0,0,0,0,2,
20260930-203947,161.4,Account-1150,Player-470E,0,0,0,0,4,
20260930-203947,161.4,Account-8C31,Player-FBAD,0,0,0,0,12,
20260930-203947,161.4,Account-5C40,Player-F494,0,0,0,0,4,
20260930-203947,161.4,Account-F4C4,Player-89AD,2,0,0,2,3,
20260930-204517,157.6,Account-9365,Player-DDA6,2,0,0,2,2,
20260930-204517,157.6,Account-83FE,Player-BCA0,2,0,0,2,1,
20260930-204517,157.6,Account-9FFE,Player-74C1,2,0,0,2,2,
20260930-204517,157.6,Account-E596,Player-1B8E,0,0,0,0,9,
20260930-204517,157.6,Account-9754,Player-DE24,2,0,0,2,0,
20260930-204517,157.6,Account-16AE,Player-1BA4,2,0,0,2,1,
20260930-204517,157.6,Account-1150,Player-470E,2,0,0,2,2,
20260930-204517,157.6,Account-8C31,Player-FBAD,2,0,0,2,1,
20260930-204517,157.6,Account-5C40,Player-F494,2,0,0,2,1,
20260930-204517,157.6,Account-F4C4,Player-89AD,1,0,0,1,1,
20260930-204517,213.8,Account-9365,Player-DDA6,2,0,0,2,5,
20260930-204517,213.8,Account-83FE,Player-BCA0,2,0,0,2,4,
20260930-204517,213.8,Account-9FFE,Player-74C1,2,0,0,2,3,
20260930-204517,213.8,Account-E596,Player-1B8E,3,1,3,0,9,4.60
20260930-204517,213.8,Account-9754,Player-DE24,1,0,0,1,5,
20260930-204517,213.8,Account-16AE,Player-1BA4,1,0,0,1,3,
20260930-204517,213.8,Account-1150,Player-470E,1,0,0,1,5,
20260930-204517,213.8,Account-8C31,Player-FBAD,1,1,1,0,7,5.00
20260930-204517,213.8,Account-5C40,Player-F494,1,0,0,1,6,
20260930-204517,213.8,Account-F4C4,Player-89AD,0,0,0,0,10,
20260930-204517,259.4,Account-9365,Player-DDA6,3,0,0,3,2,
20260930-204517,259.4,Account-83FE,Player-BCA0,2,0,0,2,3,
20260930-204517,259.4,Account-9FFE,Player-74C1,2,0,0,2,3,
20260930-204517,259.4,Account-E596,Player-1B8E,2,1,1,1,2,4.04
20260930-204517,259.4,Account-9754,Player-DE24,2,1,2,0,0,3.08
20260930-204517,259.4,Account-16AE,Player-1BA4,3,1,3,0,0,3.56
20260930-204517,259.4,Account-1150,Player-470E,2,0,0,2,0,
20260930-204517,259.4,Account-8C31,Player-FBAD,2,1,2,0,1,3.08
20260930-204517,259.4,Account-5C40,Player-F494,2,1,2,0,1,3.08
20260930-204517,259.4,Account-F4C4,Player-89AD,2,1,1,1,0,5.00
20260930-205557,159.8,Account-9365,Player-DDA6,0,0,0,0,5,
20260930-205557,159.8,Account-83FE,Player-BCA0,0,0,0,0,8,
20260930-205557,159.8,Account-9FFE,Player-74C1,0,0,0,0,10,
20260930-205557,159.8,Account-E596,Player-1B8E,0,0,0,0,9,
20260930-205557,159.8,Account-9754,Player-DE24,1,1,1,0,2,3.08
20260930-205557,159.8,Account-16AE,Player-1BA4,1,1,1,0,0,3.08
20260930-205557,159.8,Account-1150,Player-470E,2,1,2,0,1,3.08
20260930-205557,159.8,Account-8C31,Player-FBAD,1,1,1,0,0,3.08
20260930-205557,159.8,Account-5C40,Player-F494,2,1,2,0,0,3.08
20260930-205557,159.8,Account-F4C4,Player-89AD,0,0,0,0,4,
20260930-205557,214.8,Account-9365,Player-DDA6,2,0,0,2,3,
20260930-205557,214.8,Account-83FE,Player-BCA0,1,0,0,1,11,
20260930-205557,214.8,Account-9FFE,Player-74C1,2,0,0,2,4,
20260930-205557,214.8,Account-E596,Player-1B8E,2,0,0,2,0,
20260930-205557,214.8,Account-9754,Player-DE24,1,0,0,1,3,
20260930-205557,214.8,Account-16AE,Player-1BA4,0,0,0,0,3,
20260930-205557,214.8,Account-1150,Player-470E,1,0,0,1,10,
20260930-205557,214.8,Account-8C31,Player-FBAD,1,0,0,1,3,
20260930-205557,214.8,Account-5C40,Player-F494,0,0,0,0,9,
20260930-205557,214.8,Account-F4C4,Player-89AD,3,0,0,3,0,
20260930-205557,265.9,Account-9365,Player-DDA6,2,1,1,1,1,4.04
20260930-205557,265.9,Account-83FE,Player-BCA0,2,0,0,2,1,
20260930-205557,265.9,Account-9FFE,Player-74C1,2,1,2,0,1,3.56
20260930-205557,265.9,Account-E596,Player-1B8E,2,1,2,0,1,3.08
20260930-205557,265.9,Account-9754,Player-DE24,2,0,0,2,2,
20260930-205557,265.9,Account-16AE,Player-1BA4,3,1,3,0,1,3.56
20260930-205557,265.9,Account-1150,Player-470E,2,1,1,1,2,5.47
20260930-205557,265.9,Account-8C31,Player-FBAD,1,0,0,1,3,
20260930-205557,265.9,Account-5C40,Player-F494,2,1,1,1,2,3.08
20260930-205557,265.9,Account-F4C4,Player-89AD,3,1,2,1,2,3.56
20260930-210018,155.7,Account-9365,Player-DDA6,3,0,0,3,1,
20260930-210018,155.7,Account-83FE,Player-BCA0,1,0,0,1,3,
20260930-210018,155.7,Account-9FFE,Player-74C1,1,0,0,1,4,
20260930-210018,155.7,Account-E596,Player-1B8E,1,0,0,1,0,
20260930-210018,155.7,Account-9754,Player-DE24,2,0,0,2,1,
20260930-210018,155.7,Account-16AE,Player-1BA4,2,0,0,2,1,
20260930-210018,155.7,Account-1150,Player-470E,1,0,0,1,1,
20260930-210018,155.7,Account-8C31,Player-FBAD,2,0,0,2,7,
20260930-210018,155.7,Account-5C40,Player-F494,2,0,0,2,1,
20260930-210018,155.7,Account-F4C4,Player-89AD,1,0,0,1,0,
20260930-210743,150.7,Account-9365,Player-DDA6,1,0,0,1,2,
20260930-210743,150.7,Account-83FE,Player-BCA0,2,0,0,2,3,
20260930-210743,150.7,Account-9FFE,Player-74C1,1,0,0,1,0,
20260930-210743,150.7,Account-E596,Player-1B8E,2,0,0,2,1,
20260930-210743,150.7,Account-9754,Player-DE24,1,1,1,0,2,3.09
20260930-210743,150.7,Account-16AE,Player-1BA4,1,1,1,0,1,3.09
20260930-210743,150.7,Account-1150,Player-470E,1,1,1,0,4,3.09
20260930-210743,150.7,Account-8C31,Player-FBAD,1,0,0,1,4,
20260930-210743,150.7,Account-5C40,Player-F494,0,0,0,0,2,
20260930-210743,150.7,Account-F4C4,Player-89AD,2,0,0,2,0,
20260930-210743,207.0,Account-9365,Player-DDA6,2,0,0,2,1,
20260930-210743,207.0,Account-83FE,Player-BCA0,2,0,0,2,1,
20260930-210743,207.0,Account-9FFE,Player-74C1,2,0,0,2,0,
20260930-210743,207.0,Account-E596,Player-1B8E,2,0,0,2,2,
20260930-210743,207.0,Account-9754,Player-DE24,2,0,0,2,2,
20260930-210743,207.0,Account-16AE,Player-1BA4,1,0,0,1,3,
20260930-210743,207.0,Account-1150,Player-470E,3,1,3,0,1,3.08
20260930-210743,207.0,Account-8C31,Player-FBAD,0,0,0,0,9,
20260930-210743,207.0,Account-5C40,Player-F494,2,0,0,2,1,
20260930-210743,207.0,Account-F4C4,Player-89AD,2,0,0,2,1,
20260930-210743,252.4,Account-9365,Player-DDA6,1,1,1,0,8,4.52
20260930-210743,252.4,Account-83FE,Player-BCA0,0,0,0,0,20,
20260930-210743,252.4,Account-9FFE,Player-74C1,1,0,0,1,13,
20260930-210743,252.4,Account-E596,Player-1B8E,0,0,0,0,9,
20260930-210743,252.4,Account-9754,Player-DE24,2,0,0,2,4,
20260930-210743,252.4,Account-16AE,Player-1BA4,1,0,0,1,7,
20260930-210743,252.4,Account-1150,Player-470E,2,1,2,0,1,3.08
20260930-210743,252.4,Account-8C31,Player-FBAD,1,0,0,1,15,
20260930-210743,252.4,Account-5C40,Player-F494,2,0,0,2,15,
20260930-210743,252.4,Account-F4C4,Player-89AD,1,0,0,1,10,
20260930-211921,157.6,Account-9365,Player-DDA6,2,0,0,2,2,
20260930-211921,157.6,Account-83FE,Player-BCA0,1,0,0,1,8,
20260930-211921,157.6,Account-9FFE,Player-74C1,2,0,0,2,8,
20260930-211921,157.6,Account-E596,Player-1B8E,2,0,0,2,2,
20260930-211921,157.6,Account-9754,Player-DE24,0,0,0,0,5,
20260930-211921,157.6,Account-16AE,Player-1BA4,0,0,0,0,2,
20260930-211921,157.6,Account-1150,Player-470E,0,0,0,0,3,
20260930-211921,157.6,Account-8C31,Player-FBAD,0,0,0,0,4,
20260930-211921,157.6,Account-5C40,Player-F494,0,0,0,0,12,
20260930-211921,157.6,Account-F4C4,Player-89AD,1,0,0,1,1,
20260930-211921,212.6,Account-9365,Player-DDA6,1,0,0,1,2,
20260930-211921,212.6,Account-83FE,Player-BCA0,0,0,0,0,12,
20260930-211921,212.6,Account-9FFE,Player-74C1,2,0,0,2,5,
20260930-211921,212.6,Account-E596,Player-1B8E,2,0,0,2,3,
20260930-211921,212.6,Account-9754,Player-DE24,1,0,0,1,1,
20260930-211921,212.6,Account-16AE,Player-1BA4,2,0,0,2,1,
20260930-211921,212.6,Account-1150,Player-470E,2,0,0,2,3,
20260930-211921,212.6,Account-8C31,Player-FBAD,2,0,0,2,1,
20260930-211921,212.6,Account-5C40,Player-F494,2,0,0,2,4,
20260930-211921,212.6,Account-F4C4,Player-89AD,2,0,0,2,3,
20260930-211921,259.9,Account-9365,Player-DDA6,1,0,0,1,5,
20260930-211921,259.9,Account-83FE,Player-BCA0,1,0,0,1,7,
20260930-211921,259.9,Account-9FFE,Player-74C1,1,0,0,1,9,
20260930-211921,259.9,Account-E596,Player-1B8E,1,0,0,1,10,
20260930-211921,259.9,Account-9754,Player-DE24,1,1,1,0,4,4.52
20260930-211921,259.9,Account-16AE,Player-1BA4,1,0,0,1,1,
20260930-211921,259.9,Account-1150,Player-470E,2,1,1,1,1,4.05
20260930-211921,259.9,Account-8C31,Player-FBAD,3,1,1,2,3,5.48
20260930-211921,259.9,Account-5C40,Player-F494,2,0,0,2,5,
20260930-211921,259.9,Account-F4C4,Player-89AD,1,0,0,1,6,
20260930-213637,148.5,Account-9365,Player-DDA6,1,1,1,0,0,3.09
20260930-213637,148.5,Account-83FE,Player-BCA0,1,1,1,0,1,3.09
20260930-213637,148.5,Account-9FFE,Player-74C1,2,1,1,1,1,3.09
20260930-213637,148.5,Account-E596,Player-1B8E,1,1,1,0,0,3.09
20260930-213637,148.5,Account-9754,Player-DE24,1,1,1,0,0,3.09
20260930-213637,148.5,Account-16AE,Player-1BA4,3,1,3,0,0,3.09
20260930-213637,148.5,Account-1150,Player-470E,1,1,1,0,0,3.09
20260930-213637,148.5,Account-8C31,Player-FBAD,1,1,1,0,2,3.09
20260930-213637,148.5,Account-5C40,Player-F494,2,1,2,0,0,3.09
20260930-213637,148.5,Account-F4C4,Player-89AD,1,1,1,0,0,3.09
20260930-213637,203.2,Account-9365,Player-DDA6,0,0,0,0,12,
20260930-213637,203.2,Account-83FE,Player-BCA0,2,0,0,2,10,
20260930-213637,203.2,Account-9FFE,Player-74C1,2,0,0,2,7,
20260930-213637,203.2,Account-E596,Player-1B8E,0,0,0,0,11,
20260930-213637,203.2,Account-9754,Player-DE24,1,0,0,1,4,
20260930-213637,203.2,Account-16AE,Player-1BA4,0,0,0,0,4,
20260930-213637,203.2,Account-1150,Player-470E,0,0,0,0,14,
20260930-213637,203.2,Account-8C31,Player-FBAD,0,0,0,0,4,
20260930-213637,203.2,Account-5C40,Player-F494,0,0,0,0,12,
20260930-213637,203.2,Account-F4C4,Player-89AD,1,0,0,1,9,
20260930-214712,157.5,Account-9365,Player-DDA6,1,0,0,1,4,
20260930-214712,157.5,Account-83FE,Player-BCA0,1,0,0,1,10,
20260930-214712,157.5,Account-9FFE,Player-74C1,3,0,0,3,0,
20260930-214712,157.5,Account-E596,Player-1B8E,2,0,0,2,2,
20260930-214712,157.5,Account-9754,Player-DE24,1,0,0,1,4,
20260930-214712,157.5,Account-16AE,Player-1BA4,1,0,0,1,1,
20260930-214712,157.5,Account-1150,Player-470E,2,0,0,2,1,
20260930-214712,157.5,Account-8C31,Player-FBAD,1,0,0,1,1,
20260930-214712,157.5,Account-5C40,Player-F494,2,0,0,2,1,
20260930-214712,157.5,Account-F4C4,Player-89AD,1,0,0,1,1,
20260930-214712,212.2,Account-9365,Player-DDA6,1,0,0,1,2,
20260930-214712,212.2,Account-83FE,Player-BCA0,0,0,0,0,5,
20260930-214712,212.2,Account-9FFE,Player-74C1,1,0,0,1,3,
20260930-214712,212.2,Account-E596,Player-1B8E,0,0,0,0,9,
20260930-214712,212.2,Account-9754,Player-DE24,1,0,0,1,3,
20260930-214712,212.2,Account-16AE,Player-1BA4,1,0,0,1,3,
20260930-214712,212.2,Account-1150,Player-470E,0,0,0,0,12,
20260930-214712,212.2,Account-8C31,Player-FBAD,1,0,0,1,5,
20260930-214712,212.2,Account-5C40,Player-F494,0,0,0,0,4,
20260930-214712,212.2,Account-F4C4,Player-89AD,0,0,0,0,10,
20260930-214712,257.4,Account-9365,Player-DDA6,1,0,0,1,1,
20260930-214712,257.4,Account-83FE,Player-BCA0,2,0,0,2,2,
20260930-214712,257.4,Account-9FFE,Player-74C1,3,0,0,3,1,
20260930-214712,257.4,Account-E596,Player-1B8E,4,1,2,2,2,5.07
20260930-214712,257.4,Account-9754,Player-DE24,2,1,1,1,3,4.04
20260930-214712,257.4,Account-16AE,Player-1BA4,2,1,1,1,3,4.04
20260930-214712,257.4,Account-1150,Player-470E,3,1,2,1,2,3.08
20260930-214712,257.4,Account-8C31,Player-FBAD,1,0,0,1,7,
20260930-214712,257.4,Account-5C40,Player-F494,2,1,1,1,1,3.56
20260930-214712,257.4,Account-F4C4,Player-89AD,2,0,0,2,3,
20260930-215627,151.0,Account-9365,Player-DDA6,2,0,0,2,2,
20260930-215627,151.0,Account-83FE,Player-BCA0,1,0,0,1,3,
20260930-215627,151.0,Account-9FFE,Player-74C1,2,0,0,2,2,
20260930-215627,151.0,Account-E596,Player-1B8E,1,0,0,1,7,
20260930-215627,151.0,Account-9754,Player-DE24,0,0,0,0,3,
20260930-215627,151.0,Account-16AE,Player-1BA4,0,0,0,0,3,
20260930-215627,151.0,Account-1150,Player-470E,0,0,0,0,5,
20260930-215627,151.0,Account-8C31,Player-FBAD,0,0,0,0,4,
20260930-215627,151.0,Account-5C40,Player-F494,0,0,0,0,12,
20260930-215627,151.0,Account-F4C4,Player-89AD,2,0,0,2,2,
20260930-215627,206.4,Account-9365,Player-DDA6,2,0,0,2,1,
20260930-215627,206.4,Account-83FE,Player-BCA0,1,0,0,1,3,
20260930-215627,206.4,Account-9FFE,Player-74C1,2,0,0,2,1,
20260930-215627,206.4,Account-E596,Player-1B8E,2,0,0,2,3,
20260930-215627,206.4,Account-9754,Player-DE24,2,1,1,1,1,4.05
20260930-215627,206.4,Account-16AE,Player-1BA4,1,0,0,1,2,
20260930-215627,206.4,Account-1150,Player-470E,2,1,1,1,5,3.08
20260930-215627,206.4,Account-8C31,Player-FBAD,2,0,0,2,2,
20260930-215627,206.4,Account-5C40,Player-F494,2,1,1,1,2,3.56
20260930-215627,206.4,Account-F4C4,Player-89AD,2,0,0,2,1,
20260930-215627,251.8,Account-9365,Player-DDA6,0,0,0,0,7,
20260930-215627,251.8,Account-83FE,Player-BCA0,0,0,0,0,9,
20260930-215627,251.8,Account-9FFE,Player-74C1,0,0,0,0,2,
20260930-215627,251.8,Account-E596,Player-1B8E,0,0,0,0,5,
20260930-215627,251.8,Account-9754,Player-DE24,2,1,2,0,0,3.08
20260930-215627,251.8,Account-16AE,Player-1BA4,0,0,0,0,1,
20260930-215627,251.8,Account-1150,Player-470E,2,1,2,0,0,3.08
20260930-215627,251.8,Account-8C31,Player-FBAD,3,1,2,1,0,3.08
20260930-215627,251.8,Account-5C40,Player-F494,1,1,1,0,0,3.08
20260930-215627,251.8,Account-F4C4,Player-89AD,0,0,0,0,5,
20260930-220441,159.5,Account-9365,Player-DDA6,0,0,0,0,7,
20260930-220441,159.5,Account-83FE,Player-BCA0,1,0,0,1,1,
20260930-220441,159.5,Account-9FFE,Player-74C1,1,0,0,1,2,
20260930-220441,159.5,Account-E596,Player-1B8E,1,0,0,1,4,
20260930-220441,159.5,Account-9754,Player-DE24,1,1,1,0,1,3.09
20260930-220441,159.5,Account-16AE,Player-1BA4,1,1,1,0,0,3.09
20260930-220441,159.5,Account-1150,Player-470E,1,0,0,1,6,
20260930-220441,159.5,Account-8C31,Player-FBAD,1,0,0,1,4,
20260930-220441,159.5,Account-5C40,Player-F494,1,1,1,0,0,3.09
20260930-220441,159.5,Account-F4C4,Player-89AD,1,0,0,1,3,
20260930-220441,215.8,Account-9365,Player-DDA6,2,1,2,0,3,3.08
20260930-220441,215.8,Account-83FE,Player-BCA0,2,0,0,2,1,
20260930-220441,215.8,Account-9FFE,Player-74C1,1,0,0,1,2,
20260930-220441,215.8,Account-E596,Player-1B8E,4,0,0,4,1,
20260930-220441,215.8,Account-9754,Player-DE24,2,1,1,1,4,8.12
20260930-220441,215.8,Account-16AE,Player-1BA4,1,0,0,1,3,
20260930-220441,215.8,Account-1150,Player-470E,0,0,0,0,14,
20260930-220441,215.8,Account-8C31,Player-FBAD,1,0,0,1,8,
20260930-220441,215.8,Account-5C40,Player-F494,0,0,0,0,4,
20260930-220441,215.8,Account-F4C4,Player-89AD,1,0,0,1,2,
20260930-220441,262.0,Account-9365,Player-DDA6,1,0,0,1,4,
20260930-220441,262.0,Account-83FE,Player-BCA0,0,0,0,0,10,
20260930-220441,262.0,Account-9FFE,Player-74C1,1,1,1,0,5,4.04
20260930-220441,262.0,Account-E596,Player-1B8E,1,1,1,0,9,4.52
20260930-220441,262.0,Account-9754,Player-DE24,2,1,1,1,1,5.49
20260930-220441,262.0,Account-16AE,Player-1BA4,2,1,1,1,1,5.00
20260930-220441,262.0,Account-1150,Player-470E,2,0,0,2,2,
20260930-220441,262.0,Account-8C31,Player-FBAD,2,1,1,1,2,5.00
20260930-220441,262.0,Account-5C40,Player-F494,1,1,1,0,3,3.57
20260930-220441,262.0,Account-F4C4,Player-89AD,0,0,0,0,7,
20260930-220831,148.8,Account-9365,Player-DDA6,0,0,0,0,6,
20260930-220831,148.8,Account-83FE,Player-BCA0,0,0,0,0,5,
20260930-220831,148.8,Account-9FFE,Player-74C1,0,0,0,0,4,
20260930-220831,148.8,Account-E596,Player-1B8E,4,1,4,0,8,5.16
20260930-220831,148.8,Account-9754,Player-DE24,3,1,3,0,3,3.55
20260930-220831,148.8,Account-16AE,Player-1BA4,2,1,2,0,0,3.08
20260930-220831,148.8,Account-1150,Player-470E,1,1,1,0,0,3.08
20260930-220831,148.8,Account-8C31,Player-FBAD,1,1,1,0,1,3.08
20260930-220831,148.8,Account-5C40,Player-F494,0,0,0,0,3,
20260930-220831,148.8,Account-F4C4,Player-89AD,1,0,0,1,0,
20260930-221626,158.9,Account-9365,Player-DDA6,1,0,0,1,0,
20260930-221626,158.9,Account-83FE,Player-BCA0,2,0,0,2,4,
20260930-221626,158.9,Account-9FFE,Player-74C1,2,0,0,2,2,
20260930-221626,158.9,Account-E596,Player-1B8E,2,0,0,2,0,
20260930-221626,158.9,Account-9754,Player-DE24,2,0,0,2,2,
20260930-221626,158.9,Account-16AE,Player-1BA4,2,0,0,2,2,
20260930-221626,158.9,Account-1150,Player-470E,1,0,0,1,0,
20260930-221626,158.9,Account-8C31,Player-FBAD,2,0,0,2,7,
20260930-221626,158.9,Account-5C40,Player-F494,2,0,0,2,1,
20260930-221626,158.9,Account-F4C4,Player-89AD,1,0,0,1,0,
20260930-221626,213.6,Account-9365,Player-DDA6,0,0,0,0,3,
20260930-221626,213.6,Account-83FE,Player-BCA0,1,0,0,1,6,
20260930-221626,213.6,Account-9FFE,Player-74C1,1,0,0,1,5,
20260930-221626,213.6,Account-E596,Player-1B8E,1,0,0,1,14,
20260930-221626,213.6,Account-9754,Player-DE24,1,0,0,1,5,
20260930-221626,213.6,Account-16AE,Player-1BA4,1,0,0,1,7,
20260930-221626,213.6,Account-1150,Player-470E,2,1,2,0,7,3.08
20260930-221626,213.6,Account-8C31,Player-FBAD,1,0,0,1,8,
20260930-221626,213.6,Account-5C40,Player-F494,0,0,0,0,6,
20260930-221626,213.6,Account-F4C4,Player-89AD,1,0,0,1,13,
20260930-221626,258.7,Account-9365,Player-DDA6,2,1,1,1,3,5.01
20260930-221626,258.7,Account-83FE,Player-BCA0,3,0,0,3,0,
20260930-221626,258.7,Account-9FFE,Player-74C1,3,0,0,3,2,
20260930-221626,258.7,Account-E596,Player-1B8E,1,1,1,0,0,3.08
20260930-221626,258.7,Account-9754,Player-DE24,2,1,2,0,1,3.57
20260930-221626,258.7,Account-16AE,Player-1BA4,2,1,1,1,1,4.52
20260930-221626,258.7,Account-1150,Player-470E,1,1,1,0,0,3.08
20260930-221626,258.7,Account-8C31,Player-FBAD,3,1,2,1,2,4.04
20260930-221626,258.7,Account-5C40,Player-F494,10,1,9,1,1,4.52
20260930-221626,258.7,Account-F4C4,Player-89AD,2,0,0,2,0,
20260930-225431,158.7,Account-9365,Player-DDA6,0,0,0,0,4,
20260930-225431,158.7,Account-83FE,Player-BCA0,0,0,0,0,11,
20260930-225431,158.7,Account-5C40,Player-F494,0,0,0,0,8,
20260930-225431,158.7,Account-9FFE,Player-74C1,0,0,0,0,7,
20260930-225431,158.7,Account-E596,Player-1B8E,0,0,0,0,9,
20260930-225431,158.7,Account-8C31,Player-FBAD,0,0,0,0,5,
20260930-225431,158.7,Account-F4C4,Player-89AD,0,0,0,0,11,
20260930-225431,158.7,Account-9754,Player-DE24,0,0,0,0,5,
20260930-225431,158.7,Account-16AE,Player-1BA4,0,0,0,0,3,
20260930-225431,158.7,Account-1150,Player-470E,0,0,0,0,5,
20260930-225431,213.9,Account-9365,Player-DDA6,2,0,0,2,2,
20260930-225431,213.9,Account-83FE,Player-BCA0,0,0,0,0,12,
20260930-225431,213.9,Account-5C40,Player-F494,2,0,0,2,1,
20260930-225431,213.9,Account-9FFE,Player-74C1,2,0,0,2,1,
20260930-225431,213.9,Account-E596,Player-1B8E,2,0,0,2,3,
20260930-225431,213.9,Account-8C31,Player-FBAD,0,0,0,0,4,
20260930-225431,213.9,Account-F4C4,Player-89AD,2,0,0,2,2,
20260930-225431,213.9,Account-9754,Player-DE24,1,0,0,1,1,
20260930-225431,213.9,Account-16AE,Player-1BA4,1,0,0,1,1,
20260930-225431,213.9,Account-1150,Player-470E,2,0,0,2,2,
20260930-225431,259.4,Account-9365,Player-DDA6,1,0,0,1,4,
20260930-225431,259.4,Account-83FE,Player-BCA0,0,0,0,0,18,
20260930-225431,259.4,Account-5C40,Player-F494,1,0,0,1,7,
20260930-225431,259.4,Account-9FFE,Player-74C1,0,0,0,0,4,
20260930-225431,259.4,Account-E596,Player-1B8E,0,0,0,0,12,
20260930-225431,259.4,Account-8C31,Player-FBAD,0,0,0,0,4,
20260930-225431,259.4,Account-F4C4,Player-89AD,0,0,0,0,13,
20260930-225431,259.4,Account-9754,Player-DE24,1,0,0,1,10,
20260930-225431,259.4,Account-16AE,Player-1BA4,1,1,1,0,4,5.48
20260930-225431,259.4,Account-1150,Player-470E,1,0,0,1,2,
20260930-230802,152.1,Account-9365,Player-DDA6,2,0,0,2,3,
20260930-230802,152.1,Account-83FE,Player-BCA0,2,0,0,2,4,
20260930-230802,152.1,Account-5C40,Player-F494,2,0,0,2,4,
20260930-230802,152.1,Account-9FFE,Player-74C1,2,0,0,2,1,
20260930-230802,152.1,Account-E596,Player-1B8E,1,0,0,1,1,
20260930-230802,152.1,Account-8C31,Player-FBAD,0,0,0,0,2,
20260930-230802,152.1,Account-F4C4,Player-89AD,1,0,0,1,0,
20260930-230802,152.1,Account-9754,Player-DE24,1,1,1,0,4,3.56
20260930-230802,152.1,Account-16AE,Player-1BA4,1,0,0,1,1,
20260930-230802,152.1,Account-1150,Player-470E,1,0,0,1,1,
20260930-230802,208.6,Account-9365,Player-DDA6,1,0,0,1,2,
20260930-230802,208.6,Account-83FE,Player-BCA0,1,0,0,1,2,
20260930-230802,208.6,Account-5C40,Player-F494,0,0,0,0,7,
20260930-230802,208.6,Account-9FFE,Player-74C1,1,0,0,1,8,
20260930-230802,208.6,Account-E596,Player-1B8E,2,1,2,0,5,3.08
20260930-230802,208.6,Account-8C31,Player-FBAD,0,0,0,0,8,
20260930-230802,208.6,Account-F4C4,Player-89AD,2,0,0,2,0,
20260930-230802,208.6,Account-9754,Player-DE24,0,0,0,0,3,
20260930-230802,208.6,Account-16AE,Player-1BA4,0,0,0,0,3,
20260930-230802,208.6,Account-1150,Player-470E,1,0,0,1,11,
20260930-230802,254.6,Account-9365,Player-DDA6,2,0,0,2,6,
20260930-230802,254.6,Account-83FE,Player-BCA0,1,0,0,1,3,
20260930-230802,254.6,Account-5C40,Player-F494,2,1,2,0,3,3.57
20260930-230802,254.6,Account-9FFE,Player-74C1,2,0,0,2,1,
20260930-230802,254.6,Account-E596,Player-1B8E,2,0,0,2,6,
20260930-230802,254.6,Account-8C31,Player-FBAD,0,0,0,0,14,
20260930-230802,254.6,Account-F4C4,Player-89AD,2,0,0,2,2,
20260930-230802,254.6,Account-9754,Player-DE24,2,1,2,0,1,4.05
20260930-230802,254.6,Account-16AE,Player-1BA4,2,1,2,0,1,4.53
20260930-230802,254.6,Account-1150,Player-470E,2,1,2,0,4,3.08
20260930-231403,156.1,Account-9365,Player-DDA6,1,0,0,1,2,
20260930-231403,156.1,Account-83FE,Player-BCA0,1,0,0,1,2,
20260930-231403,156.1,Account-5C40,Player-F494,0,0,0,0,2,
20260930-231403,156.1,Account-9FFE,Player-74C1,1,0,0,1,0,
20260930-231403,156.1,Account-E596,Player-1B8E,1,0,0,1,4,
20260930-231403,156.1,Account-8C31,Player-FBAD,0,0,0,0,12,
20260930-231403,156.1,Account-F4C4,Player-89AD,1,0,0,1,0,
20260930-231403,156.1,Account-9754,Player-DE24,1,0,0,1,6,
20260930-231403,156.1,Account-16AE,Player-1BA4,1,0,0,1,9,
20260930-231403,156.1,Account-1150,Player-470E,0,0,0,0,4,
20260930-231723,162.6,Account-9365,Player-DDA6,0,0,0,0,7,
20260930-231723,162.6,Account-83FE,Player-BCA0,0,0,0,0,3,
20260930-231723,162.6,Account-5C40,Player-F494,2,0,0,2,0,
20260930-231723,162.6,Account-9FFE,Player-74C1,0,0,0,0,9,
20260930-231723,162.6,Account-E596,Player-1B8E,0,0,0,0,11,
20260930-231723,162.6,Account-8C31,Player-FBAD,1,0,0,1,0,
20260930-231723,162.6,Account-F4C4,Player-89AD,0,0,0,0,3,
20260930-231723,162.6,Account-9754,Player-DE24,1,0,0,1,0,
20260930-231723,162.6,Account-16AE,Player-1BA4,1,0,0,1,0,
20260930-231723,162.6,Account-1150,Player-470E,3,0,0,3,0,
20260930-232430,148.8,Account-9365,Player-DDA6,0,0,0,0,9,
20260930-232430,148.8,Account-83FE,Player-BCA0,0,0,0,0,5,
20260930-232430,148.8,Account-5C40,Player-F494,2,1,1,1,1,3.09
20260930-232430,148.8,Account-9FFE,Player-74C1,0,0,0,0,3,
20260930-232430,148.8,Account-E596,Player-1B8E,0,0,0,0,12,
20260930-232430,148.8,Account-8C31,Player-FBAD,2,0,0,2,1,
20260930-232430,148.8,Account-F4C4,Player-89AD,0,0,0,0,4,
20260930-232430,148.8,Account-9754,Player-DE24,2,1,1,1,1,3.09
20260930-232430,148.8,Account-16AE,Player-1BA4,2,1,1,1,1,3.09
20260930-232430,148.8,Account-1150,Player-470E,3,1,1,2,0,3.09
20260930-232430,203.6,Account-9365,Player-DDA6,2,0,0,2,2,
20260930-232430,203.6,Account-83FE,Player-BCA0,0,0,0,0,13,
20260930-232430,203.6,Account-5C40,Player-F494,2,1,2,0,2,4.05
20260930-232430,203.6,Account-9FFE,Player-74C1,2,0,0,2,4,
20260930-232430,203.6,Account-E596,Player-1B8E,2,0,0,2,2,
20260930-232430,203.6,Account-8C31,Player-FBAD,1,0,0,1,3,
20260930-232430,203.6,Account-F4C4,Player-89AD,2,0,0,2,2,
20260930-232430,203.6,Account-9754,Player-DE24,1,1,1,0,3,4.53
20260930-232430,203.6,Account-16AE,Player-1BA4,1,1,1,0,3,4.53
20260930-232430,203.6,Account-1150,Player-470E,1,1,1,0,2,3.56
20260930-232430,249.4,Account-9365,Player-DDA6,0,0,0,0,8,
20260930-232430,249.4,Account-83FE,Player-BCA0,0,0,0,0,5,
20260930-232430,249.4,Account-5C40,Player-F494,1,0,0,1,3,
20260930-232430,249.4,Account-9FFE,Player-74C1,0,0,0,0,4,
20260930-232430,249.4,Account-E596,Player-1B8E,0,0,0,0,8,
20260930-232430,249.4,Account-8C31,Player-FBAD,1,0,0,1,6,
20260930-232430,249.4,Account-F4C4,Player-89AD,2,0,0,2,7,
20260930-232430,249.4,Account-9754,Player-DE24,2,0,0,2,8,
20260930-232430,249.4,Account-16AE,Player-1BA4,2,0,0,2,4,
20260930-232430,249.4,Account-1150,Player-470E,0,0,0,0,8,
20260930-233450,154.1,Account-9365,Player-DDA6,0,0,0,0,2,
20260930-233450,154.1,Account-83FE,Player-BCA0,0,0,0,0,3,
20260930-233450,154.1,Account-5C40,Player-F494,1,0,0,1,0,
20260930-233450,154.1,Account-9FFE,Player-74C1,0,0,0,0,2,
20260930-233450,154.1,Account-E596,Player-1B8E,0,0,0,0,10,
20260930-233450,154.1,Account-8C31,Player-FBAD,2,1,1,1,0,4.04
20260930-233450,154.1,Account-F4C4,Player-89AD,0,0,0,0,8,
20260930-233450,154.1,Account-9754,Player-DE24,1,0,0,1,0,
20260930-233450,154.1,Account-16AE,Player-1BA4,1,0,0,1,0,
20260930-233450,154.1,Account-1150,Player-470E,3,1,1,2,0,5.00
20260930-233450,208.9,Account-9365,Player-DDA6,1,0,0,1,2,
20260930-233450,208.9,Account-83FE,Player-BCA0,2,1,1,1,3,5.00
20260930-233450,208.9,Account-5C40,Player-F494,1,0,0,1,11,
20260930-233450,208.9,Account-9FFE,Player-74C1,2,1,2,0,4,4.04
20260930-233450,208.9,Account-E596,Player-1B8E,2,0,0,2,1,
20260930-233450,208.9,Account-8C31,Player-FBAD,1,0,0,1,2,
20260930-233450,208.9,Account-F4C4,Player-89AD,2,0,0,2,1,
20260930-233450,208.9,Account-9754,Player-DE24,1,0,0,1,2,
20260930-233450,208.9,Account-16AE,Player-1BA4,2,0,0,2,11,
20260930-233450,208.9,Account-1150,Player-470E,2,0,0,2,2,
20260930-233450,259.5,Account-9365,Player-DDA6,2,1,2,0,1,3.56
20260930-233450,259.5,Account-83FE,Player-BCA0,2,1,2,0,1,3.09
20260930-233450,259.5,Account-5C40,Player-F494,0,0,0,0,0,
20260930-233450,259.5,Account-9FFE,Player-74C1,2,1,2,0,0,3.09
20260930-233450,259.5,Account-E596,Player-1B8E,5,1,5,0,3,3.09
20260930-233450,259.5,Account-F4C4,Player-89AD,1,1,1,0,1,3.09
20260930-233450,259.5,Account-9754,Player-DE24,2,1,1,1,1,4.52
20260930-233450,259.5,Account-16AE,Player-1BA4,2,1,1,1,0,5.00
20260930-233450,259.5,Account-1150,Player-470E,3,1,1,2,0,5.00
20260930-234618,152.3,Account-9365,Player-DDA6,2,0,0,2,0,
20260930-234618,152.3,Account-83FE,Player-BCA0,1,0,0,1,3,
20260930-234618,152.3,Account-5C40,Player-F494,1,1,1,0,2,3.08
20260930-234618,152.3,Account-9FFE,Player-74C1,1,0,0,1,0,
20260930-234618,152.3,Account-E596,Player-1B8E,1,0,0,1,3,
20260930-234618,152.3,Account-8C31,Player-FBAD,0,0,0,0,21,
20260930-234618,152.3,Account-F4C4,Player-89AD,2,0,0,2,3,
20260930-234618,152.3,Account-9754,Player-DE24,1,1,1,0,4,3.57
20260930-234618,152.3,Account-16AE,Player-1BA4,1,1,1,0,6,3.57
20260930-234618,152.3,Account-1150,Player-470E,2,1,1,1,2,3.08
20260930-234618,208.7,Account-9365,Player-DDA6,2,0,0,2,2,
20260930-234618,208.7,Account-83FE,Player-BCA0,1,0,0,1,6,
20260930-234618,208.7,Account-5C40,Player-F494,2,0,0,2,1,
20260930-234618,208.7,Account-9FFE,Player-74C1,2,0,0,2,2,
20260930-234618,208.7,Account-E596,Player-1B8E,2,0,0,2,7,
20260930-234618,208.7,Account-8C31,Player-FBAD,2,0,0,2,3,
20260930-234618,208.7,Account-F4C4,Player-89AD,2,0,0,2,7,
20260930-234618,208.7,Account-9754,Player-DE24,2,1,1,1,1,5.00
20260930-234618,208.7,Account-16AE,Player-1BA4,2,0,0,2,1,
20260930-234618,208.7,Account-1150,Player-470E,2,0,0,2,2,
20260930-234618,255.9,Account-9365,Player-DDA6,2,0,0,2,1,
20260930-234618,255.9,Account-83FE,Player-BCA0,1,0,0,1,0,
20260930-234618,255.9,Account-5C40,Player-F494,1,0,0,1,1,
20260930-234618,255.9,Account-9FFE,Player-74C1,0,0,0,0,3,
20260930-234618,255.9,Account-E596,Player-1B8E,2,0,0,2,0,
20260930-234618,255.9,Account-8C31,Player-FBAD,1,0,0,1,1,
20260930-234618,255.9,Account-F4C4,Player-89AD,3,0,0,3,0,
20260930-234618,255.9,Account-9754,Player-DE24,1,0,0,1,1,
20260930-234618,255.9,Account-16AE,Player-1BA4,1,0,0,1,1,
20260930-234618,255.9,Account-1150,Player-470E,2,1,2,0,1,3.56
20261001-195456,158.1,Account-9365,Player-DDA6,2,0,0,2,11,
20261001-195456,158.1,Account-CD88,Player-C2E3,1,1,1,0,0,3.08
20261001-195456,158.1,Account-83FE,Player-BCA0,2,0,0,2,1,
20261001-195456,158.1,Account-9FFE,Player-74C1,2,0,0,2,0,
20261001-195456,158.1,Account-E596,Player-1B8E,1,1,1,0,1,3.08
20261001-195456,158.1,Account-F4C4,Player-89AD,1,1,1,0,0,3.08
20261001-195456,158.1,Account-5C40,Player-F494,2,0,0,2,0,
20261001-195456,158.1,Account-16AE,Player-1BA4,2,1,2,0,1,3.08
20261001-195456,158.1,Account-8C31,Player-FBAD,2,0,0,2,11,
20261001-195456,158.1,Account-9754,Player-DE24,2,0,0,2,8,
20261001-195456,214.9,Account-9365,Player-DDA6,3,0,0,3,2,
20261001-195456,214.9,Account-CD88,Player-C2E3,2,0,0,2,2,
20261001-195456,214.9,Account-83FE,Player-BCA0,3,0,0,3,1,
20261001-195456,214.9,Account-9FFE,Player-74C1,2,0,0,2,2,
20261001-195456,214.9,Account-E596,Player-1B8E,2,0,0,2,3,
20261001-195456,214.9,Account-F4C4,Player-89AD,2,0,0,2,1,
20261001-195456,214.9,Account-5C40,Player-F494,2,0,0,2,4,
20261001-195456,214.9,Account-16AE,Player-1BA4,2,0,0,2,1,
20261001-195456,214.9,Account-8C31,Player-FBAD,2,0,0,2,1,
20261001-195456,214.9,Account-9754,Player-DE24,2,0,0,2,1,
20261001-195456,261.1,Account-9365,Player-DDA6,2,0,0,2,2,
20261001-195456,261.1,Account-CD88,Player-C2E3,2,0,0,2,0,
20261001-195456,261.1,Account-83FE,Player-BCA0,3,0,0,3,1,
20261001-195456,261.1,Account-9FFE,Player-74C1,1,0,0,1,3,
20261001-195456,261.1,Account-E596,Player-1B8E,2,0,0,2,1,
20261001-195456,261.1,Account-F4C4,Player-89AD,0,0,0,0,10,
20261001-195456,261.1,Account-5C40,Player-F494,1,0,0,1,2,
20261001-195456,261.1,Account-16AE,Player-1BA4,2,0,0,2,2,
20261001-195456,261.1,Account-8C31,Player-FBAD,1,0,0,1,6,
20261001-195456,261.1,Account-9754,Player-DE24,2,0,0,2,5,
20261001-200035,163.8,Account-9365,Player-DDA6,0,0,0,0,5,
20261001-200035,163.8,Account-CD88,Player-C2E3,1,0,0,1,8,
20261001-200035,163.8,Account-83FE,Player-BCA0,0,0,0,0,4,
20261001-200035,163.8,Account-9FFE,Player-74C1,1,0,0,1,1,
20261001-200035,163.8,Account-E596,Player-1B8E,0,0,0,0,6,
20261001-200035,163.8,Account-F4C4,Player-89AD,1,0,0,1,2,
20261001-200035,163.8,Account-5C40,Player-F494,2,0,0,2,1,
20261001-200035,163.8,Account-16AE,Player-1BA4,0,0,0,0,6,
20261001-200035,163.8,Account-8C31,Player-FBAD,3,0,0,3,4,
20261001-200035,163.8,Account-9754,Player-DE24,2,0,0,2,4,
20261001-200035,219.4,Account-9365,Player-DDA6,2,0,0,2,6,
20261001-200035,219.4,Account-CD88,Player-C2E3,1,1,1,0,6,4.52
20261001-200035,219.4,Account-83FE,Player-BCA0,2,0,0,2,1,
20261001-200035,219.4,Account-9FFE,Player-74C1,2,0,0,2,2,
20261001-200035,219.4,Account-E596,Player-1B8E,2,0,0,2,1,
20261001-200035,219.4,Account-F4C4,Player-89AD,1,1,1,0,5,4.04
20261001-200035,219.4,Account-5C40,Player-F494,3,1,1,2,2,3.56
20261001-200035,219.4,Account-16AE,Player-1BA4,2,0,0,2,1,
20261001-200035,219.4,Account-8C31,Player-FBAD,2,1,1,1,1,3.56
20261001-200035,219.4,Account-9754,Player-DE24,1,1,1,0,0,3.56
20261001-201030,156.8,Account-9365,Player-DDA6,2,0,0,2,0,
20261001-201030,156.8,Account-CD88,Player-C2E3,1,0,0,1,3,
20261001-201030,156.8,Account-83FE,Player-BCA0,1,0,0,1,4,
20261001-201030,156.8,Account-9FFE,Player-74C1,1,0,0,1,1,
20261001-201030,156.8,Account-E596,Player-1B8E,2,0,0,2,4,
20261001-201030,156.8,Account-F4C4,Player-89AD,1,0,0,1,1,
20261001-201030,156.8,Account-5C40,Player-F494,2,0,0,2,2,
20261001-201030,156.8,Account-16AE,Player-1BA4,2,1,1,1,2,4.52
20261001-201030,156.8,Account-8C31,Player-FBAD,2,0,0,2,2,
20261001-201030,156.8,Account-9754,Player-DE24,2,0,0,2,3,
20261001-201030,211.6,Account-9365,Player-DDA6,2,0,0,2,2,
20261001-201030,211.6,Account-CD88,Player-C2E3,3,0,0,3,1,
20261001-201030,211.6,Account-83FE,Player-BCA0,3,0,0,3,0,
20261001-201030,211.6,Account-9FFE,Player-74C1,0,0,0,0,6,
20261001-201030,211.6,Account-E596,Player-1B8E,2,0,0,2,1,
20261001-201030,211.6,Account-F4C4,Player-89AD,0,0,0,0,10,
20261001-201030,211.6,Account-5C40,Player-F494,0,0,0,0,4,
20261001-201030,211.6,Account-16AE,Player-1BA4,2,0,0,2,4,
20261001-201030,211.6,Account-8C31,Player-FBAD,0,0,0,0,19,
20261001-201030,211.6,Account-9754,Player-DE24,0,0,0,0,14,
20261001-201030,262.4,Account-9365,Player-DDA6,3,0,0,3,1,
20261001-201030,262.4,Account-CD88,Player-C2E3,3,0,0,3,2,
20261001-201030,262.4,Account-83FE,Player-BCA0,2,0,0,2,2,
20261001-201030,262.4,Account-9FFE,Player-74C1,2,1,2,0,1,3.08
20261001-201030,262.4,Account-E596,Player-1B8E,2,0,0,2,3,
20261001-201030,262.4,Account-F4C4,Player-89AD,2,1,2,0,1,3.56
20261001-201030,262.4,Account-5C40,Player-F494,1,1,1,0,6,4.04
20261001-201030,262.4,Account-16AE,Player-1BA4,3,0,0,3,0,
20261001-201030,262.4,Account-8C31,Player-FBAD,2,1,1,1,2,4.99
20261001-201030,262.4,Account-9754,Player-DE24,2,1,2,0,0,3.08
20261001-202431,149.8,Account-9365,Player-DDA6,1,0,0,1,2,
20261001-202431,149.8,Account-CD88,Player-C2E3,0,0,0,0,3,
20261001-202431,149.8,Account-83FE,Player-BCA0,1,0,0,1,3,
20261001-202431,149.8,Account-9FFE,Player-74C1,2,0,0,2,1,
20261001-202431,149.8,Account-E596,Player-1B8E,0,0,0,0,10,
20261001-202431,149.8,Account-F4C4,Player-89AD,1,0,0,1,1,
20261001-202431,149.8,Account-5C40,Player-F494,2,0,0,2,1,
20261001-202431,149.8,Account-16AE,Player-1BA4,2,0,0,2,5,
20261001-202431,149.8,Account-8C31,Player-FBAD,2,0,0,2,4,
20261001-202431,149.8,Account-9754,Player-DE24,2,0,0,2,4,
20261001-202431,204.4,Account-9365,Player-DDA6,1,0,0,1,2,
20261001-202431,204.4,Account-CD88,Player-C2E3,3,1,1,2,3,5.48
20261001-202431,204.4,Account-83FE,Player-BCA0,1,0,0,1,10,
20261001-202431,204.4,Account-9FFE,Player-74C1,2,0,0,2,1,
20261001-202431,204.4,Account-E596,Player-1B8E,2,0,0,2,2,
20261001-202431,204.4,Account-F4C4,Player-89AD,2,0,0,2,2,
20261001-202431,204.4,Account-5C40,Player-F494,2,0,0,2,1,
20261001-202431,204.4,Account-16AE,Player-1BA4,2,1,1,1,1,5.00
20261001-202431,204.4,Account-8C31,Player-FBAD,2,0,0,2,1,
20261001-202431,204.4,Account-9754,Player-DE24,2,0,0,2,4,
20261001-202431,251.7,Account-9365,Player-DDA6,3,0,0,3,3,
20261001-202431,251.7,Account-CD88,Player-C2E3,3,0,0,3,2,
20261001-202431,251.7,Account-83FE,Player-BCA0,1,0,0,1,10,
20261001-202431,251.7,Account-9FFE,Player-74C1,1,1,1,0,7,4.53
20261001-202431,251.7,Account-E596,Player-1B8E,3,0,0,3,2,
20261001-202431,251.7,Account-F4C4,Player-89AD,1,0,0,1,10,
20261001-202431,251.7,Account-5C40,Player-F494,1,0,0,1,11,
20261001-202431,251.7,Account-16AE,Player-1BA4,3,0,0,3,1,
20261001-202431,251.7,Account-8C31,Player-FBAD,2,0,0,2,11,
20261001-202431,251.7,Account-9754,Player-DE24,1,0,0,1,12,
20261001-202923,160.4,Account-9365,Player-DDA6,1,0,0,1,9,
20261001-202923,160.4,Account-CD88,Player-C2E3,2,0,0,2,2,
20261001-202923,160.4,Account-83FE,Player-BCA0,2,0,0,2,3,
20261001-202923,160.4,Account-9FFE,Player-74C1,2,0,0,2,2,
20261001-202923,160.4,Account-E596,Player-1B8E,1,0,0,1,2,
20261001-202923,160.4,Account-F4C4,Player-89AD,1,0,0,1,0,
20261001-202923,160.4,Account-5C40,Player-F494,2,0,0,2,2,
20261001-202923,160.4,Account-16AE,Player-1BA4,1,0,0,1,1,
20261001-202923,160.4,Account-8C31,Player-FBAD,2,0,0,2,1,
20261001-202923,160.4,Account-9754,Player-DE24,2,0,0,2,3,
20261001-202923,215.0,Account-9365,Player-DDA6,2,1,1,1,0,3.56
20261001-202923,215.0,Account-CD88,Player-C2E3,2,1,1,1,0,3.08
20261001-202923,215.0,Account-83FE,Player-BCA0,3,0,0,3,1,
20261001-202923,215.0,Account-9FFE,Player-74C1,2,0,0,2,2,
20261001-202923,215.0,Account-E596,Player-1B8E,2,1,1,1,3,3.08
20261001-202923,215.0,Account-F4C4,Player-89AD,2,1,1,1,2,3.08
20261001-202923,215.0,Account-5C40,Player-F494,2,0,0,2,2,
20261001-202923,215.0,Account-16AE,Player-1BA4,2,1,1,1,1,5.01
20261001-202923,215.0,Account-8C31,Player-FBAD,1,0,0,1,2,
20261001-202923,215.0,Account-9754,Player-DE24,2,0,0,2,1,
20261001-203309,152.8,Account-9365,Player-DDA6,0,0,0,0,9,
20261001-203309,152.8,Account-CD88,Player-C2E3,0,0,0,0,4,
20261001-203309,152.8,Account-83FE,Player-BCA0,0,0,0,0,6,
20261001-203309,152.8,Account-9FFE,Player-74C1,2,0,0,2,0,
20261001-203309,152.8,Account-E596,Player-1B8E,0,0,0,0,9,
20261001-203309,152.8,Account-F4C4,Player-89AD,2,0,0,2,0,
20261001-203309,152.8,Account-5C40,Player-F494,2,0,0,2,0,
20261001-203309,152.8,Account-16AE,Player-1BA4,1,0,0,1,7,
20261001-203309,152.8,Account-8C31,Player-FBAD,2,0,0,2,3,
20261001-203309,152.8,Account-9754,Player-DE24,2,0,0,2,1,
20261001-203917,157.6,Account-9365,Player-DDA6,2,0,0,2,0,
20261001-203917,157.6,Account-CD88,Player-C2E3,2,0,0,2,0,
20261001-203917,157.6,Account-83FE,Player-BCA0,1,0,0,1,2,
20261001-203917,157.6,Account-9FFE,Player-74C1,1,1,1,0,0,3.08
20261001-203917,157.6,Account-E596,Player-1B8E,2,0,0,2,1,
20261001-203917,157.6,Account-F4C4,Player-89AD,1,0,0,1,0,
20261001-203917,157.6,Account-5C40,Player-F494,1,0,0,1,1,
20261001-203917,157.6,Account-16AE,Player-1BA4,2,0,0,2,3,
20261001-203917,157.6,Account-8C31,Player-FBAD,2,0,0,2,4,
20261001-203917,157.6,Account-9754,Player-DE24,2,0,0,2,3,
20261001-203917,212.2,Account-9365,Player-DDA6,2,0,0,2,0,
20261001-203917,212.2,Account-CD88,Player-C2E3,2,0,0,2,0,
20261001-203917,212.2,Account-83FE,Player-BCA0,2,0,0,2,0,
20261001-203917,212.2,Account-9FFE,Player-74C1,1,0,0,1,8,
20261001-203917,212.2,Account-E596,Player-1B8E,2,0,0,2,3,
20261001-203917,212.2,Account-F4C4,Player-89AD,0,0,0,0,10,
20261001-203917,212.2,Account-5C40,Player-F494,1,0,0,1,3,
20261001-203917,212.2,Account-16AE,Player-1BA4,2,0,0,2,0,
20261001-203917,212.2,Account-8C31,Player-FBAD,1,0,0,1,8,
20261001-203917,212.2,Account-9754,Player-DE24,2,0,0,2,8,
20261001-203917,263.2,Account-9365,Player-DDA6,3,1,1,2,1,3.09
20261001-203917,263.2,Account-CD88,Player-C2E3,1,0,0,1,4,
20261001-203917,263.2,Account-83FE,Player-BCA0,3,1,1,2,1,3.09
20261001-203917,263.2,Account-9FFE,Player-74C1,2,1,1,1,0,4.04
20261001-203917,263.2,Account-E596,Player-1B8E,3,1,1,2,1,3.08
20261001-203917,263.2,Account-F4C4,Player-89AD,2,1,1,1,1,4.04
20261001-203917,263.2,Account-5C40,Player-F494,1,0,0,1,0,
20261001-203917,263.2,Account-16AE,Player-1BA4,1,0,0,1,6,
20261001-203917,263.2,Account-8C31,Player-FBAD,2,1,1,1,0,4.04
20261001-203917,263.2,Account-9754,Player-DE24,2,1,1,1,0,4.04
20261001-204237,162.6,Account-9365,Player-DDA6,1,1,1,0,1,3.55
20261001-204237,162.6,Account-CD88,Player-C2E3,2,1,2,0,0,3.08
20261001-204237,162.6,Account-83FE,Player-BCA0,0,0,0,0,2,
20261001-204237,162.6,Account-9FFE,Player-74C1,0,0,0,0,2,
20261001-204237,162.6,Account-E596,Player-1B8E,1,0,0,1,13,
20261001-204237,162.6,Account-F4C4,Player-89AD,2,1,2,0,1,3.08
20261001-204237,162.6,Account-5C40,Player-F494,0,0,0,0,2,
20261001-204237,162.6,Account-16AE,Player-1BA4,1,0,0,1,10,
20261001-204237,162.6,Account-8C31,Player-FBAD,2,0,0,2,3,
20261001-204237,162.6,Account-9754,Player-DE24,2,1,2,0,1,3.56
20261001-205127,164.3,Account-9365,Player-DDA6,3,0,0,3,2,
20261001-205127,164.3,Account-CD88,Player-C2E3,1,0,0,1,5,
20261001-205127,164.3,Account-83FE,Player-BCA0,0,0,0,0,5,
20261001-205127,164.3,Account-9FFE,Player-74C1,2,0,0,2,1,
20261001-205127,164.3,Account-E596,Player-1B8E,2,0,0,2,3,
20261001-205127,164.3,Account-F4C4,Player-89AD,3,0,0,3,1,
20261001-205127,164.3,Account-5C40,Player-F494,1,0,0,1,2,
20261001-205127,164.3,Account-16AE,Player-1BA4,1,0,0,1,2,
20261001-205127,164.3,Account-8C31,Player-FBAD,0,0,0,0,5,
20261001-205127,164.3,Account-9754,Player-DE24,1,0,0,1,4,
20261001-210120,151.7,Account-9365,Player-DDA6,0,0,0,0,7,
20261001-210120,151.7,Account-CD88,Player-C2E3,0,0,0,0,13,
20261001-210120,151.7,Account-83FE,Player-BCA0,0,0,0,0,4,
20261001-210120,151.7,Account-9FFE,Player-74C1,2,0,0,2,0,
20261001-210120,151.7,Account-E596,Player-1B8E,0,0,0,0,15,
20261001-210120,151.7,Account-F4C4,Player-89AD,2,0,0,2,3,
20261001-210120,151.7,Account-5C40,Player-F494,2,0,0,2,0,
20261001-210120,151.7,Account-16AE,Player-1BA4,0,0,0,0,5,
20261001-210120,151.7,Account-8C31,Player-FBAD,1,0,0,1,4,
20261001-210120,151.7,Account-9754,Player-DE24,1,0,0,1,0,
20261001-210120,206.4,Account-9365,Player-DDA6,2,1,1,1,1,5.00
20261001-210120,206.4,Account-CD88,Player-C2E3,2,0,0,2,1,
20261001-210120,206.4,Account-83FE,Player-BCA0,3,0,0,3,3,
20261001-210120,206.4,Account-9FFE,Player-74C1,1,0,0,1,7,
20261001-210120,206.4,Account-E596,Player-1B8E,2,0,0,2,1,
20261001-210120,206.4,Account-F4C4,Player-89AD,0,0,0,0,11,
20261001-210120,206.4,Account-5C40,Player-F494,1,0,0,1,11,
20261001-210120,206.4,Account-16AE,Player-1BA4,2,1,1,1,1,5.00
20261001-210120,206.4,Account-8C31,Player-FBAD,0,0,0,0,6,
20261001-210120,206.4,Account-9754,Player-DE24,0,0,0,0,4,
20261001-210120,257.3,Account-9365,Player-DDA6,3,0,0,3,1,
20261001-210120,257.3,Account-CD88,Player-C2E3,3,0,0,3,1,
20261001-210120,257.3,Account-83FE,Player-BCA0,1,0,0,1,6,
20261001-210120,257.3,Account-9FFE,Player-74C1,2,0,0,2,1,
20261001-210120,257.3,Account-E596,Player-1B8E,3,0,0,3,3,
20261001-210120,257.3,Account-F4C4,Player-89AD,2,1,1,1,2,3.56
20261001-210120,257.3,Account-5C40,Player-F494,3,0,0,3,2,
20261001-210120,257.3,Account-16AE,Player-1BA4,3,0,0,3,0,
20261001-210120,257.3,Account-8C31,Player-FBAD,3,1,1,2,0,5.48
20261001-210120,257.3,Account-9754,Player-DE24,3,0,0,3,2,
20261001-211048,148.1,Account-9365,Player-DDA6,0,0,0,0,6,
20261001-211048,148.1,Account-CD88,Player-C2E3,0,0,0,0,3,
20261001-211048,148.1,Account-83FE,Player-BCA0,0,0,0,0,5,
20261001-211048,148.1,Account-9FFE,Player-74C1,3,0,0,3,0,
20261001-211048,148.1,Account-E596,Player-1B8E,0,0,0,0,11,
20261001-211048,148.1,Account-F4C4,Player-89AD,2,0,0,2,0,
20261001-211048,148.1,Account-5C40,Player-F494,3,0,0,3,2,
20261001-211048,148.1,Account-16AE,Player-1BA4,0,0,0,0,4,
20261001-211048,148.1,Account-8C31,Player-FBAD,2,0,0,2,6,
20261001-211048,148.1,Account-9754,Player-DE24,1,0,0,1,1,
20261001-211048,193.2,Account-9365,Player-DDA6,2,0,0,2,0,
20261001-211048,193.2,Account-CD88,Player-C2E3,2,1,1,1,0,3.09
20261001-211048,193.2,Account-83FE,Player-BCA0,1,0,0,1,0,
20261001-211048,193.2,Account-9FFE,Player-74C1,2,1,2,0,0,3.09
20261001-211048,193.2,Account-E596,Player-1B8E,3,1,1,2,0,3.09
20261001-211048,193.2,Account-F4C4,Player-89AD,2,1,2,0,1,3.09
20261001-211048,193.2,Account-5C40,Player-F494,0,0,0,0,0,
20261001-211048,193.2,Account-16AE,Player-1BA4,2,1,1,1,1,3.09
20261001-211048,193.2,Account-8C31,Player-FBAD,1,0,0,1,1,
20261001-211048,193.2,Account-9754,Player-DE24,2,1,2,0,0,3.09
20261001-211048,238.9,Account-9365,Player-DDA6,3,0,0,3,2,
20261001-211048,238.9,Account-CD88,Player-C2E3,2,0,0,2,1,
20261001-211048,238.9,Account-83FE,Player-BCA0,3,0,0,3,0,
20261001-211048,238.9,Account-9FFE,Player-74C1,3,0,0,3,1,
20261001-211048,238.9,Account-E596,Player-1B8E,3,0,0,3,1,
20261001-211048,238.9,Account-F4C4,Player-89AD,3,0,0,3,1,
20261001-211048,238.9,Account-5C40,Player-F494,2,0,0,2,1,
20261001-211048,238.9,Account-16AE,Player-1BA4,3,0,0,3,1,
20261001-211048,238.9,Account-8C31,Player-FBAD,2,0,0,2,5,
20261001-211048,238.9,Account-9754,Player-DE24,2,0,0,2,1,
20261001-212705,154.6,Account-9365,Player-DDA6,0,0,0,0,9,
20261001-212705,154.6,Account-CD88,Player-C2E3,0,0,0,0,3,
20261001-212705,154.6,Account-E596,Player-1B8E,0,0,0,0,7,
20261001-212705,154.6,Account-83FE,Player-BCA0,0,0,0,0,12,
20261001-212705,154.6,Account-F4C4,Player-89AD,0,0,0,0,3,
20261001-212705,154.6,Account-5C40,Player-F494,0,0,0,0,4,
20261001-212705,154.6,Account-16AE,Player-1BA4,0,0,0,0,10,
20261001-212705,154.6,Account-8C31,Player-FBAD,0,0,0,0,10,
20261001-212705,154.6,Account-9754,Player-DE24,0,0,0,0,11,
20261001-212705,154.6,Account-9FFE,Player-74C1,0,0,0,0,4,
20261001-213007,147.1,Account-9365,Player-DDA6,1,0,0,1,6,
20261001-213007,147.1,Account-CD88,Player-C2E3,0,0,0,0,13,
20261001-213007,147.1,Account-E596,Player-1B8E,0,0,0,0,14,
20261001-213007,147.1,Account-83FE,Player-BCA0,0,0,0,0,9,
20261001-213007,147.1,Account-F4C4,Player-89AD,2,0,0,2,4,
20261001-213007,147.1,Account-5C40,Player-F494,0,0,0,0,4,
20261001-213007,147.1,Account-16AE,Player-1BA4,0,0,0,0,4,
20261001-213007,147.1,Account-8C31,Player-FBAD,1,0,0,1,6,
20261001-213007,147.1,Account-9754,Player-DE24,2,0,0,2,5,
20261001-213007,147.1,Account-9FFE,Player-74C1,0,0,0,0,4,
20261001-213946,153.8,Account-9365,Player-DDA6,0,0,0,0,4,
20261001-213946,153.8,Account-CD88,Player-C2E3,0,0,0,0,3,
20261001-213946,153.8,Account-E596,Player-1B8E,0,0,0,0,4,
20261001-213946,153.8,Account-83FE,Player-BCA0,0,0,0,0,6,
20261001-213946,153.8,Account-F4C4,Player-89AD,1,0,0,1,1,
20261001-213946,153.8,Account-5C40,Player-F494,1,0,0,1,1,
20261001-213946,153.8,Account-16AE,Player-1BA4,1,0,0,1,10,
20261001-213946,153.8,Account-8C31,Player-FBAD,2,0,0,2,5,
20261001-213946,153.8,Account-9754,Player-DE24,2,0,0,2,4,
20261001-213946,153.8,Account-9FFE,Player-74C1,1,0,0,1,2,
20261001-213946,208.6,Account-9365,Player-DDA6,3,0,0,3,1,
20261001-213946,208.6,Account-CD88,Player-C2E3,2,0,0,2,3,
20261001-213946,208.6,Account-E596,Player-1B8E,0,0,0,0,10,
20261001-213946,208.6,Account-83FE,Player-BCA0,3,0,0,3,1,
20261001-213946,208.6,Account-F4C4,Player-89AD,2,0,0,2,3,
20261001-213946,208.6,Account-5C40,Player-F494,3,1,1,2,1,5.00
20261001-213946,208.6,Account-16AE,Player-1BA4,2,0,0,2,2,
20261001-213946,208.6,Account-8C31,Player-FBAD,2,0,0,2,3,
20261001-213946,208.6,Account-9754,Player-DE24,2,0,0,2,1,
20261001-213946,208.6,Account-9FFE,Player-74C1,3,1,1,2,1,5.00
20261001-213946,259.7,Account-9365,Player-DDA6,3,0,0,3,0,
20261001-213946,259.7,Account-CD88,Player-C2E3,3,0,0,3,2,
20261001-213946,259.7,Account-E596,Player-1B8E,3,0,0,3,1,
20261001-213946,259.7,Account-83FE,Player-BCA0,3,0,0,3,1,
20261001-213946,259.7,Account-F4C4,Player-89AD,3,0,0,3,7,
20261001-213946,259.7,Account-5C40,Player-F494,2,1,2,0,6,3.56
20261001-213946,259.7,Account-16AE,Player-1BA4,3,0,0,3,1,
20261001-213946,259.7,Account-8C31,Player-FBAD,0,0,0,0,13,
20261001-213946,259.7,Account-9754,Player-DE24,2,0,0,2,9,
20261001-213946,259.7,Account-9FFE,Player-74C1,3,0,0,3,3,
20261001-220542,153.3,Account-9365,Player-DDA6,0,0,0,0,6,
20261001-220542,153.3,Account-8C31,Player-FBAD,0,0,0,0,9,
20261001-220542,153.3,Account-9FFE,Player-74C1,0,0,0,0,12,
20261001-220542,153.3,Account-E596,Player-1B8E,0,0,0,0,10,
20261001-220542,153.3,Account-F4C4,Player-89AD,0,0,0,0,6,
20261001-220542,153.3,Account-9754,Player-DE24,0,0,0,0,12,
20261001-220542,153.3,Account-AD4B,Player-8FDE,0,0,0,0,11,
20261001-220542,153.3,Account-5C40,Player-F494,0,0,0,0,3,
20261001-220542,153.3,Account-83FE,Player-BCA0,0,0,0,0,10,
20261001-220542,153.3,Account-16AE,Player-1BA4,0,0,0,0,5,
20261001-220542,208.4,Account-9365,Player-DDA6,2,1,1,1,2,5.00
20261001-220542,208.4,Account-8C31,Player-FBAD,3,0,0,3,1,
20261001-220542,208.4,Account-9FFE,Player-74C1,8,1,8,0,3,3.08
20261001-220542,208.4,Account-E596,Player-1B8E,3,1,1,2,0,5.00
20261001-220542,208.4,Account-F4C4,Player-89AD,2,0,0,2,1,
20261001-220542,208.4,Account-9754,Player-DE24,2,0,0,2,0,
20261001-220542,208.4,Account-AD4B,Player-8FDE,3,1,1,2,1,5.00
20261001-220542,208.4,Account-5C40,Player-F494,2,1,2,0,1,3.08
20261001-220542,208.4,Account-83FE,Player-BCA0,2,1,1,1,1,4.52
20261001-220542,208.4,Account-16AE,Player-1BA4,2,0,0,2,1,
20261001-220938,149.4,Account-9365,Player-DDA6,1,0,0,1,5,
20261001-220938,149.4,Account-8C31,Player-FBAD,0,0,0,0,5,
20261001-220938,149.4,Account-9FFE,Player-74C1,0,0,0,0,9,
20261001-220938,149.4,Account-E596,Player-1B8E,1,0,0,1,5,
20261001-220938,149.4,Account-F4C4,Player-89AD,0,0,0,0,3,
20261001-220938,149.4,Account-9754,Player-DE24,1,0,0,1,2,
20261001-220938,149.4,Account-AD4B,Player-8FDE,0,0,0,0,13,
20261001-220938,149.4,Account-5C40,Player-F494,0,0,0,0,12,
20261001-220938,149.4,Account-83FE,Player-BCA0,1,0,0,1,5,
20261001-220938,149.4,Account-16AE,Player-1BA4,1,0,0,1,1,
20261001-221556,149.3,Account-9365,Player-DDA6,1,0,0,1,12,
20261001-221556,149.3,Account-8C31,Player-FBAD,0,0,0,0,11,
20261001-221556,149.3,Account-9FFE,Player-74C1,0,0,0,0,13,
20261001-221556,149.3,Account-E596,Player-1B8E,0,0,0,0,8,
20261001-221556,149.3,Account-F4C4,Player-89AD,0,0,0,0,4,
20261001-221556,149.3,Account-9754,Player-DE24,1,0,0,1,11,
20261001-221556,149.3,Account-AD4B,Player-8FDE,0,0,0,0,4,
20261001-221556,149.3,Account-5C40,Player-F494,0,0,0,0,4,
20261001-221556,149.3,Account-83FE,Player-BCA0,0,0,0,0,7,
20261001-221556,149.3,Account-16AE,Player-1BA4,0,0,0,0,5,
20261001-221556,204.4,Account-9365,Player-DDA6,1,1,1,0,3,5.00
20261001-221556,204.4,Account-8C31,Player-FBAD,2,0,0,2,1,
20261001-221556,204.4,Account-9FFE,Player-74C1,3,0,0,3,0,
20261001-221556,204.4,Account-E596,Player-1B8E,2,0,0,2,0,
20261001-221556,204.4,Account-F4C4,Player-89AD,3,0,0,3,2,
20261001-221556,204.4,Account-9754,Player-DE24,2,0,0,2,0,
20261001-221556,204.4,Account-AD4B,Player-8FDE,2,0,0,2,1,
20261001-221556,204.4,Account-5C40,Player-F494,3,0,0,3,0,
20261001-221556,204.4,Account-83FE,Player-BCA0,2,0,0,2,1,
20261001-221556,204.4,Account-16AE,Player-1BA4,3,0,0,3,0,
20261001-221556,249.5,Account-9365,Player-DDA6,0,0,0,0,0,
20261001-221556,249.5,Account-8C31,Player-FBAD,0,0,0,0,0,
20261001-221556,249.5,Account-9FFE,Player-74C1,0,0,0,0,0,
20261001-221556,249.5,Account-E596,Player-1B8E,0,0,0,0,0,
20261001-221556,249.5,Account-F4C4,Player-89AD,0,0,0,0,0,
20261001-221556,249.5,Account-9754,Player-DE24,0,0,0,0,0,
20261001-221556,249.5,Account-AD4B,Player-8FDE,0,0,0,0,0,
20261001-221556,249.5,Account-5C40,Player-F494,0,0,0,0,0,
20261001-221556,249.5,Account-83FE,Player-BCA0,0,0,0,0,0,
20261001-221556,249.5,Account-16AE,Player-1BA4,0,0,0,0,0,
20261001-222029,152.1,Account-9365,Player-DDA6,1,0,0,1,5,
20261001-222029,152.1,Account-8C31,Player-FBAD,0,0,0,0,9,
20261001-222029,152.1,Account-9FFE,Player-74C1,0,0,0,0,4,
20261001-222029,152.1,Account-E596,Player-1B8E,1,0,0,1,6,
20261001-222029,152.1,Account-F4C4,Player-89AD,0,0,0,0,3,
20261001-222029,152.1,Account-9754,Player-DE24,1,0,0,1,9,
20261001-222029,152.1,Account-AD4B,Player-8FDE,0,0,0,0,3,
20261001-222029,152.1,Account-5C40,Player-F494,0,0,0,0,3,
20261001-222029,152.1,Account-83FE,Player-BCA0,1,0,0,1,5,
20261001-222029,152.1,Account-16AE,Player-1BA4,1,0,0,1,5,
20261001-222029,208.0,Account-9365,Player-DDA6,1,1,1,0,1,3.56
20261001-222029,208.0,Account-8C31,Player-FBAD,2,1,1,1,0,4.52
20261001-222029,208.0,Account-9FFE,Player-74C1,2,1,1,1,0,4.52
20261001-222029,208.0,Account-E596,Player-1B8E,3,1,3,0,0,3.08
20261001-222029,208.0,Account-F4C4,Player-89AD,3,1,1,2,4,5.00
20261001-222029,208.0,Account-9754,Player-DE24,3,1,3,0,0,3.08
20261001-222029,208.0,Account-AD4B,Player-8FDE,2,1,2,0,6,3.08
20261001-222029,208.0,Account-5C40,Player-F494,2,1,1,1,1,5.00
20261001-222029,208.0,Account-83FE,Player-BCA0,0,0,0,0,7,
20261001-222029,208.0,Account-16AE,Player-1BA4,2,1,2,0,1,4.05
20261001-222522,151.6,Account-9365,Player-DDA6,3,0,0,3,0,
20261001-222522,151.6,Account-8C31,Player-FBAD,2,0,0,2,4,
20261001-222522,151.6,Account-9FFE,Player-74C1,1,0,0,1,1,
20261001-222522,151.6,Account-E596,Player-1B8E,3,0,0,3,3,
20261001-222522,151.6,Account-F4C4,Player-89AD,2,0,0,2,3,
20261001-222522,151.6,Account-9754,Player-DE24,2,0,0,2,2,
20261001-222522,151.6,Account-AD4B,Player-8FDE,2,0,0,2,4,
20261001-222522,151.6,Account-5C40,Player-F494,2,0,0,2,2,
20261001-222522,151.6,Account-83FE,Player-BCA0,0,0,0,0,8,
20261001-222522,151.6,Account-16AE,Player-1BA4,1,0,0,1,2,
20261001-222522,206.3,Account-9365,Player-DDA6,1,0,0,1,1,
20261001-222522,206.3,Account-8C31,Player-FBAD,0,0,0,0,2,
20261001-222522,206.3,Account-9FFE,Player-74C1,1,1,1,0,8,3.08
20261001-222522,206.3,Account-E596,Player-1B8E,2,0,0,2,0,
20261001-222522,206.3,Account-F4C4,Player-89AD,1,1,1,0,2,3.08
20261001-222522,206.3,Account-9754,Player-DE24,0,0,0,0,0,
20261001-222522,206.3,Account-AD4B,Player-8FDE,0,0,0,0,0,
20261001-222522,206.3,Account-5C40,Player-F494,1,1,1,0,3,3.08
20261001-222522,206.3,Account-83FE,Player-BCA0,1,0,0,1,5,
20261001-222522,206.3,Account-16AE,Player-1BA4,0,0,0,0,0,
20261001-223543,148.8,Account-9365,Player-DDA6,1,0,0,1,5,
20261001-223543,148.8,Account-8C31,Player-FBAD,0,0,0,0,6,
20261001-223543,148.8,Account-9FFE,Player-74C1,0,0,0,0,1,
20261001-223543,148.8,Account-E596,Player-1B8E,2,0,0,2,6,
20261001-223543,148.8,Account-F4C4,Player-89AD,1,0,0,1,12,
20261001-223543,148.8,Account-9754,Player-DE24,1,0,0,1,4,
20261001-223543,148.8,Account-AD4B,Player-8FDE,0,0,0,0,10,
20261001-223543,148.8,Account-5C40,Player-F494,0,0,0,0,3,
20261001-223543,148.8,Account-83FE,Player-BCA0,1,0,0,1,0,
20261001-223543,148.8,Account-16AE,Player-1BA4,1,0,0,1,5,
20261001-223543,203.3,Account-9365,Player-DDA6,1,1,1,0,3,5.00
20261001-223543,203.3,Account-8C31,Player-FBAD,2,0,0,2,3,
20261001-223543,203.3,Account-9FFE,Player-74C1,3,0,0,3,0,
20261001-223543,203.3,Account-E596,Player-1B8E,2,0,0,2,1,
20261001-223543,203.3,Account-F4C4,Player-89AD,2,0,0,2,2,
20261001-223543,203.3,Account-9754,Player-DE24,2,0,0,2,1,
20261001-223543,203.3,Account-AD4B,Player-8FDE,2,0,0,2,4,
20261001-223543,203.3,Account-5C40,Player-F494,2,1,1,1,3,4.04
20261001-223543,203.3,Account-83FE,Player-BCA0,3,0,0,3,2,
20261001-223543,203.3,Account-16AE,Player-1BA4,2,0,0,2,1,
20261001-223543,250.5,Account-9365,Player-DDA6,2,0,0,2,0,
20261001-223543,250.5,Account-8C31,Player-FBAD,2,1,1,1,4,3.57
20261001-223543,250.5,Account-9FFE,Player-74C1,2,1,1,1,3,3.57
20261001-223543,250.5,Account-E596,Player-1B8E,5,1,3,2,2,6.53
20261001-223543,250.5,Account-F4C4,Player-89AD,3,0,0,3,5,
20261001-223543,250.5,Account-9754,Player-DE24,2,0,0,2,3,
20261001-223543,250.5,Account-AD4B,Player-8FDE,3,1,1,2,2,3.57
20261001-223543,250.5,Account-5C40,Player-F494,3,1,1,2,4,3.09
20261001-223543,250.5,Account-83FE,Player-BCA0,2,0,0,2,4,
20261001-223543,250.5,Account-16AE,Player-1BA4,2,0,0,2,3,
20261001-224122,146.6,Account-9365,Player-DDA6,0,0,0,0,3,
20261001-224122,146.6,Account-8C31,Player-FBAD,0,0,0,0,4,
20261001-224122,146.6,Account-9FFE,Player-74C1,0,0,0,0,13,
20261001-224122,146.6,Account-E596,Player-1B8E,0,0,0,0,7,
20261001-224122,146.6,Account-F4C4,Player-89AD,0,0,0,0,6,
20261001-224122,146.6,Account-9754,Player-DE24,0,0,0,0,3,
20261001-224122,146.6,Account-AD4B,Player-8FDE,0,0,0,0,7,
20261001-224122,146.6,Account-5C40,Player-F494,0,0,0,0,14,
20261001-224122,146.6,Account-83FE,Player-BCA0,0,0,0,0,10,
20261001-224122,146.6,Account-16AE,Player-1BA4,0,0,0,0,3,
20261001-224122,201.9,Account-9365,Player-DDA6,2,0,0,2,0,
20261001-224122,201.9,Account-8C31,Player-FBAD,3,0,0,3,0,
20261001-224122,201.9,Account-9FFE,Player-74C1,2,0,0,2,3,
20261001-224122,201.9,Account-E596,Player-1B8E,2,0,0,2,1,
20261001-224122,201.9,Account-F4C4,Player-89AD,3,0,0,3,2,
20261001-224122,201.9,Account-9754,Player-DE24,2,0,0,2,0,
20261001-224122,201.9,Account-AD4B,Player-8FDE,2,0,0,2,1,
20261001-224122,201.9,Account-5C40,Player-F494,4,0,0,4,2,
20261001-224122,201.9,Account-83FE,Player-BCA0,2,0,0,2,4,
20261001-224122,201.9,Account-16AE,Player-1BA4,3,0,0,3,0,
20261001-224122,247.2,Account-9365,Player-DDA6,1,0,0,1,2,
20261001-224122,247.2,Account-8C31,Player-FBAD,3,0,0,3,7,
20261001-224122,247.2,Account-9FFE,Player-74C1,2,1,2,0,0,3.08
20261001-224122,247.2,Account-E596,Player-1B8E,1,1,1,0,2,3.08
20261001-224122,247.2,Account-F4C4,Player-89AD,1,1,1,0,1,3.57
20261001-224122,247.2,Account-9754,Player-DE24,1,1,1,0,2,5.48
20261001-224122,247.2,Account-AD4B,Player-8FDE,1,1,1,0,1,3.08
20261001-224122,247.2,Account-5C40,Player-F494,2,1,2,0,2,3.57
20261001-224122,247.2,Account-83FE,Player-BCA0,4,1,2,2,6,3.08
20261001-224122,247.2,Account-16AE,Player-1BA4,5,0,0,5,5,
20261001-224532,148.9,Account-9365,Player-DDA6,0,0,0,0,8,
20261001-224532,148.9,Account-8C31,Player-FBAD,0,0,0,0,10,
20261001-224532,148.9,Account-9FFE,Player-74C1,1,0,0,1,9,
20261001-224532,148.9,Account-E596,Player-1B8E,0,0,0,0,4,
20261001-224532,148.9,Account-F4C4,Player-89AD,1,0,0,1,12,
20261001-224532,148.9,Account-9754,Player-DE24,0,0,0,0,4,
20261001-224532,148.9,Account-AD4B,Player-8FDE,0,0,0,0,4,
20261001-224532,148.9,Account-5C40,Player-F494,1,0,0,1,12,
20261001-224532,148.9,Account-83FE,Player-BCA0,0,0,0,0,12,
20261001-224532,148.9,Account-16AE,Player-1BA4,0,0,0,0,3,
20261001-224532,203.8,Account-9365,Player-DDA6,1,0,0,1,1,
20261001-224532,203.8,Account-8C31,Player-FBAD,2,0,0,2,1,
20261001-224532,203.8,Account-9FFE,Player-74C1,2,0,0,2,1,
20261001-224532,203.8,Account-E596,Player-1B8E,1,1,1,0,2,3.57
20261001-224532,203.8,Account-F4C4,Player-89AD,2,0,0,2,1,
20261001-224532,203.8,Account-9754,Player-DE24,2,0,0,2,1,
20261001-224532,203.8,Account-AD4B,Player-8FDE,1,0,0,1,3,
20261001-224532,203.8,Account-5C40,Player-F494,2,0,0,2,2,
20261001-224532,203.8,Account-83FE,Player-BCA0,2,0,0,2,2,
20261001-224532,203.8,Account-16AE,Player-1BA4,2,0,0,2,2,
20261001-225245,152.4,Account-9365,Player-DDA6,0,0,0,0,2,
20261001-225245,152.4,Account-8C31,Player-FBAD,0,0,0,0,15,
20261001-225245,152.4,Account-9FFE,Player-74C1,0,0,0,0,2,
20261001-225245,152.4,Account-E596,Player-1B8E,1,0,0,1,6,
20261001-225245,152.4,Account-F4C4,Player-89AD,0,0,0,0,5,
20261001-225245,152.4,Account-9754,Player-DE24,1,0,0,1,10,
20261001-225245,152.4,Account-AD4B,Player-8FDE,0,0,0,0,3,
20261001-225245,152.4,Account-5C40,Player-F494,0,0,0,0,2,
20261001-225245,152.4,Account-83FE,Player-BCA0,1,0,0,1,2,
20261001-225245,152.4,Account-16AE,Player-1BA4,0,0,0,0,13,
20261001-225245,207.1,Account-9365,Player-DDA6,2,0,0,2,2,
20261001-225245,207.1,Account-8C31,Player-FBAD,1,0,0,1,3,
20261001-225245,207.1,Account-9FFE,Player-74C1,3,0,0,3,1,
20261001-225245,207.1,Account-E596,Player-1B8E,1,1,1,0,3,3.57
20261001-225245,207.1,Account-F4C4,Player-89AD,2,0,0,2,2,
20261001-225245,207.1,Account-9754,Player-DE24,2,0,0,2,2,
20261001-225245,207.1,Account-AD4B,Player-8FDE,2,0,0,2,3,
20261001-225245,207.1,Account-5C40,Player-F494,2,0,0,2,7,
20261001-225245,207.1,Account-83FE,Player-BCA0,2,0,0,2,3,
20261001-225245,207.1,Account-16AE,Player-1BA4,2,0,0,2,2,
20261001-225245,252.1,Account-9365,Player-DDA6,0,0,0,0,4,
20261001-225245,252.1,Account-8C31,Player-FBAD,1,0,0,1,4,
20261001-225245,252.1,Account-9FFE,Player-74C1,1,0,0,1,8,
20261001-225245,252.1,Account-E596,Player-1B8E,2,0,0,2,1,
20261001-225245,252.1,Account-F4C4,Player-89AD,2,1,2,0,2,3.08
20261001-225245,252.1,Account-9754,Player-DE24,2,0,0,2,1,
20261001-225245,252.1,Account-AD4B,Player-8FDE,0,0,0,0,13,
20261001-225245,252.1,Account-5C40,Player-F494,1,0,0,1,10,
20261001-225245,252.1,Account-83FE,Player-BCA0,4,0,0,4,2,
20261001-225245,252.1,Account-16AE,Player-1BA4,1,0,0,1,3,
20261002-151055,182.2,Account-9365,Player-DDA6,1,0,0,1,1,
20261002-151055,182.2,Account-37C6,Player-A555,1,1,1,0,2,3.09
20261002-151055,182.2,Account-5C40,Player-F494,2,1,2,0,2,3.56
20261002-151055,182.2,Account-9590,Player-C645,1,0,0,1,1,
20261002-151055,182.2,Account-059D,Player-858A,1,1,1,0,0,3.56
20261002-151055,182.2,Account-E596,Player-DDFD,1,0,0,1,1,
20261002-151055,182.2,Account-19CD,Player-382D,2,0,0,2,5,
20261002-151055,182.2,Account-9FFE,Player-74C1,3,1,1,2,1,3.56
20261002-151055,182.2,Account-83FE,Player-BCA0,1,0,0,1,2,
20261002-151055,182.2,Account-8C31,Player-DCBD,2,0,0,2,3,
20261002-151055,237.2,Account-9365,Player-DDA6,1,1,1,0,1,5.01
20261002-151055,237.2,Account-37C6,Player-A555,2,0,0,2,3,
20261002-151055,237.2,Account-5C40,Player-F494,1,1,1,0,3,4.52
20261002-151055,237.2,Account-9590,Player-C645,5,0,0,5,1,
20261002-151055,237.2,Account-059D,Player-858A,2,0,0,2,1,
20261002-151055,237.2,Account-E596,Player-DDFD,2,0,0,2,0,
20261002-151055,237.2,Account-19CD,Player-382D,1,0,0,1,4,
20261002-151055,237.2,Account-9FFE,Player-74C1,2,0,0,2,1,
20261002-151055,237.2,Account-83FE,Player-BCA0,3,0,0,3,3,
20261002-151055,237.2,Account-8C31,Player-DCBD,2,0,0,2,1,
20261002-151055,282.4,Account-9365,Player-DDA6,2,1,2,0,1,3.56
20261002-151055,282.4,Account-37C6,Player-A555,0,0,0,0,7,
20261002-151055,282.4,Account-5C40,Player-F494,2,1,2,0,1,4.51
20261002-151055,282.4,Account-9590,Player-C645,3,1,3,0,8,3.56
20261002-151055,282.4,Account-059D,Player-858A,0,0,0,0,6,
20261002-151055,282.4,Account-19CD,Player-382D,2,1,2,0,6,3.56
20261002-151055,282.4,Account-9FFE,Player-74C1,3,1,2,1,11,6.04
20261002-151055,282.4,Account-83FE,Player-BCA0,1,0,0,1,9,
20261002-151055,282.4,Account-8C31,Player-DCBD,1,0,0,1,6,
20261002-151558,192.3,Account-9365,Player-DDA6,1,0,0,1,0,
20261002-151558,192.3,Account-37C6,Player-A555,2,0,0,2,0,
20261002-151558,192.3,Account-5C40,Player-F494,1,0,0,1,0,
20261002-151558,192.3,Account-9590,Player-C645,2,0,0,2,0,
20261002-151558,192.3,Account-059D,Player-858A,2,0,0,2,0,
20261002-151558,192.3,Account-E596,Player-DDFD,3,1,2,1,0,4.04
20261002-151558,192.3,Account-19CD,Player-382D,1,0,0,1,0,
20261002-151558,192.3,Account-9FFE,Player-74C1,1,0,0,1,0,
20261002-151558,192.3,Account-83FE,Player-BCA0,3,0,0,3,3,
20261002-151558,192.3,Account-8C31,Player-DCBD,2,0,0,2,4,
20261002-152053,178.8,Account-9365,Player-DDA6,10,1,9,1,6,4.52
20261002-152053,178.8,Account-37C6,Player-A555,1,1,1,0,0,3.08
20261002-152053,178.8,Account-5C40,Player-F494,1,1,1,0,0,3.08
20261002-152053,178.8,Account-9590,Player-C645,7,1,5,2,9,5.12
20261002-152053,178.8,Account-059D,Player-858A,2,1,1,1,6,3.56
20261002-152053,178.8,Account-E596,Player-DDFD,2,0,0,2,0,
20261002-152053,178.8,Account-19CD,Player-382D,2,0,0,2,0,
20261002-152053,178.8,Account-9FFE,Player-74C1,1,1,1,0,0,3.08
20261002-152053,178.8,Account-83FE,Player-BCA0,3,1,2,1,1,3.08
20261002-152053,178.8,Account-8C31,Player-DCBD,7,1,5,2,2,5.12
20261002-152706,179.9,Account-8C31,Player-DCBD,7,1,5,2,4,5.11
20261002-152706,179.9,Account-9365,Player-1172,1,0,0,1,0,
20261002-152706,179.9,Account-37C6,Player-A555,0,0,0,0,5,
20261002-152706,179.9,Account-5C40,Player-F494,10,1,10,0,19,5.11
20261002-152706,179.9,Account-9590,Player-C645,2,0,0,2,1,
20261002-152706,179.9,Account-059D,Player-858A,3,0,0,3,14,
20261002-152706,179.9,Account-E596,Player-DDFD,1,1,1,0,2,3.08
20261002-152706,179.9,Account-19CD,Player-382D,5,1,3,2,1,7.72
20261002-152706,179.9,Account-9FFE,Player-74C1,7,1,3,4,16,7.68
20261002-152706,179.9,Account-83FE,Player-BCA0,0,0,0,0,3,
20261002-153333,188.8,Account-9365,Player-010B,1,0,0,1,7,
20261002-153333,188.8,Account-37C6,Player-A555,2,0,0,2,1,
20261002-153333,188.8,Account-5C40,Player-F494,2,0,0,2,1,
20261002-153333,188.8,Account-9590,Player-C645,1,0,0,1,11,
20261002-153333,188.8,Account-059D,Player-858A,2,0,0,2,2,
20261002-153333,188.8,Account-E596,Player-DDFD,2,1,1,1,1,4.04
20261002-153333,188.8,Account-19CD,Player-382D,1,0,0,1,1,
20261002-153333,188.8,Account-9FFE,Player-74C1,2,0,0,2,0,
20261002-153333,188.8,Account-83FE,Player-BCA0,2,1,1,1,1,4.04
20261002-153333,188.8,Account-8C31,Player-FBAD,2,0,0,2,8,
20261002-154127,172.4,Account-9365,Player-1172,0,0,0,0,14,
20261002-154127,172.4,Account-37C6,Player-A555,1,0,0,1,0,
20261002-154127,172.4,Account-5C40,Player-F494,1,1,1,0,0,3.09
20261002-154127,172.4,Account-9590,Player-C645,0,0,0,0,4,
20261002-154127,172.4,Account-059D,Player-858A,2,1,2,0,9,3.09
20261002-154127,172.4,Account-E596,Player-DDFD,0,0,0,0,3,
20261002-154127,172.4,Account-19CD,Player-382D,0,0,0,0,3,
20261002-154127,172.4,Account-9FFE,Player-74C1,2,1,2,0,0,3.09
20261002-154127,172.4,Account-83FE,Player-BCA0,1,0,0,1,0,
20261002-154127,172.4,Account-8C31,Player-FBAD,0,0,0,0,12,
20261002-154127,227.5,Account-9365,Player-1172,2,1,1,1,0,3.09
20261002-154127,227.5,Account-37C6,Player-A555,2,0,0,2,0,
20261002-154127,227.5,Account-5C40,Player-F494,3,0,0,3,0,
20261002-154127,227.5,Account-9590,Player-C645,2,0,0,2,1,
20261002-154127,227.5,Account-059D,Player-858A,2,0,0,2,0,
20261002-154127,227.5,Account-E596,Player-DDFD,2,1,2,0,0,3.09
20261002-154127,227.5,Account-19CD,Player-382D,4,1,2,2,2,3.09
20261002-154127,227.5,Account-9FFE,Player-74C1,2,1,1,1,2,5.00
20261002-154127,227.5,Account-83FE,Player-BCA0,1,0,0,1,0,
20261002-154127,227.5,Account-8C31,Player-FBAD,3,0,0,3,0,
20261002-154530,182.4,Account-9365,Player-1172,2,1,2,0,0,3.08
20261002-154530,182.4,Account-37C6,Player-A555,1,0,0,1,3,
20261002-154530,182.4,Account-5C40,Player-F494,1,0,0,1,15,
20261002-154530,182.4,Account-9590,Player-C645,2,1,2,0,1,3.08
20261002-154530,182.4,Account-059D,Player-858A,1,0,0,1,4,
20261002-154530,182.4,Account-E596,Player-DDFD,1,1,1,0,2,3.08
20261002-154530,182.4,Account-19CD,Player-382D,3,1,1,2,2,3.08
20261002-154530,182.4,Account-9FFE,Player-74C1,0,0,0,0,15,
20261002-154530,182.4,Account-83FE,Player-BCA0,1,0,0,1,12,
20261002-154530,182.4,Account-8C31,Player-FBAD,0,0,0,0,10,
20261002-222650,156.4,Account-9365,Player-DDA6,1,0,0,1,1,
20261002-222650,156.4,Account-5C40,Player-F494,1,0,0,1,11,
20261002-222650,156.4,Account-E596,Player-1B8E,2,0,0,2,1,
20261002-222650,156.4,Account-8C31,Player-FBAD,0,0,0,0,5,
20261002-222650,156.4,Account-9FFE,Player-74C1,1,0,0,1,9,
20261002-222650,156.4,Account-83FE,Player-BCA0,2,0,0,2,3,
20261002-222650,156.4,Account-9754,Player-DE24,1,0,0,1,1,
20261002-222650,156.4,Account-E3BC,Player-258F,1,0,0,1,1,
20261002-222650,156.4,Account-F4C4,Player-89AD,0,0,0,0,6,
20261002-222650,156.4,Account-AD4B,Player-8FDE,0,0,0,0,8,
20261002-222650,212.8,Account-9365,Player-DDA6,3,0,0,3,1,
20261002-222650,212.8,Account-5C40,Player-F494,2,0,0,2,1,
20261002-222650,212.8,Account-E596,Player-1B8E,3,1,1,2,3,5.00
20261002-222650,212.8,Account-8C31,Player-FBAD,3,0,0,3,0,
20261002-222650,212.8,Account-9FFE,Player-74C1,2,1,2,0,1,4.05
20261002-222650,212.8,Account-83FE,Player-BCA0,2,0,0,2,0,
20261002-222650,212.8,Account-9754,Player-DE24,3,0,0,3,0,
20261002-222650,212.8,Account-E3BC,Player-258F,2,0,0,2,1,
20261002-222650,212.8,Account-F4C4,Player-89AD,3,0,0,3,0,
20261002-222650,212.8,Account-AD4B,Player-8FDE,2,0,0,2,2,
20261002-222650,258.8,Account-9365,Player-DDA6,1,0,0,1,1,
20261002-222650,258.8,Account-5C40,Player-F494,0,0,0,0,1,
20261002-222650,258.8,Account-E596,Player-1B8E,5,1,4,1,1,3.08
20261002-222650,258.8,Account-8C31,Player-FBAD,0,0,0,0,3,
20261002-222650,258.8,Account-9FFE,Player-74C1,1,0,0,1,1,
20261002-222650,258.8,Account-83FE,Player-BCA0,1,0,0,1,2,
20261002-222650,258.8,Account-9754,Player-DE24,1,1,1,0,0,3.08
20261002-222650,258.8,Account-E3BC,Player-258F,1,1,1,0,1,3.56
20261002-222650,258.8,Account-F4C4,Player-89AD,2,1,2,0,1,3.08
20261002-222650,258.8,Account-AD4B,Player-8FDE,2,1,2,0,1,3.08
20261002-223049,149.5,Account-9365,Player-DDA6,2,0,0,2,3,
20261002-223049,149.5,Account-5C40,Player-F494,2,0,0,2,0,
20261002-223049,149.5,Account-E596,Player-1B8E,1,0,0,1,1,
20261002-223049,149.5,Account-8C31,Player-FBAD,2,0,0,2,1,
20261002-223049,149.5,Account-9FFE,Player-74C1,2,0,0,2,5,
20261002-223049,149.5,Account-83FE,Player-BCA0,1,0,0,1,0,
20261002-223049,149.5,Account-9754,Player-DE24,2,0,0,2,0,
20261002-223049,149.5,Account-E3BC,Player-258F,2,0,0,2,3,
20261002-223049,149.5,Account-F4C4,Player-89AD,1,0,0,1,1,
20261002-223049,149.5,Account-AD4B,Player-8FDE,1,0,0,1,2,
20261002-223049,204.7,Account-9365,Player-DDA6,1,0,0,1,3,
20261002-223049,204.7,Account-5C40,Player-F494,2,0,0,2,1,
20261002-223049,204.7,Account-E596,Player-1B8E,0,0,0,0,8,
20261002-223049,204.7,Account-8C31,Player-FBAD,2,0,0,2,3,
20261002-223049,204.7,Account-9FFE,Player-74C1,1,1,1,0,1,4.05
20261002-223049,204.7,Account-83FE,Player-BCA0,0,0,0,0,5,
20261002-223049,204.7,Account-9754,Player-DE24,0,0,0,0,10,
20261002-223049,204.7,Account-E3BC,Player-258F,1,0,0,1,3,
20261002-223049,204.7,Account-F4C4,Player-89AD,2,1,2,0,2,3.08
20261002-223049,204.7,Account-AD4B,Player-8FDE,9,1,7,2,2,5.08
20261002-224131,154.7,Account-9365,Player-DDA6,0,0,0,0,3,
20261002-224131,154.7,Account-5C40,Player-F494,1,0,0,1,1,
20261002-224131,154.7,Account-E596,Player-1B8E,0,0,0,0,8,
20261002-224131,154.7,Account-8C31,Player-FBAD,2,0,0,2,2,
20261002-224131,154.7,Account-9FFE,Player-74C1,1,0,0,1,0,
20261002-224131,154.7,Account-83FE,Player-BCA0,0,0,0,0,11,
20261002-224131,154.7,Account-9754,Player-DE24,1,0,0,1,10,
20261002-224131,154.7,Account-E3BC,Player-258F,1,0,0,1,9,
20261002-224131,154.7,Account-F4C4,Player-89AD,1,0,0,1,1,
20261002-224131,154.7,Account-AD4B,Player-8FDE,2,0,0,2,1,
20261002-224131,211.2,Account-9365,Player-DDA6,2,0,0,2,0,
20261002-224131,211.2,Account-5C40,Player-F494,4,0,0,4,2,
20261002-224131,211.2,Account-E596,Player-1B8E,3,0,0,3,0,
20261002-224131,211.2,Account-8C31,Player-FBAD,2,0,0,2,0,
20261002-224131,211.2,Account-9FFE,Player-74C1,3,0,0,3,1,
20261002-224131,211.2,Account-83FE,Player-BCA0,1,0,0,1,9,
20261002-224131,211.2,Account-9754,Player-DE24,2,0,0,2,0,
20261002-224131,211.2,Account-E3BC,Player-258F,2,0,0,2,0,
20261002-224131,211.2,Account-F4C4,Player-89AD,3,0,0,3,1,
20261002-224131,211.2,Account-AD4B,Player-8FDE,3,0,0,3,0,
20261002-224131,257.2,Account-9365,Player-DDA6,2,0,0,2,1,
20261002-224131,257.2,Account-5C40,Player-F494,2,0,0,2,1,
20261002-224131,257.2,Account-E596,Player-1B8E,2,0,0,2,5,
20261002-224131,257.2,Account-8C31,Player-FBAD,2,0,0,2,1,
20261002-224131,257.2,Account-9FFE,Player-74C1,2,0,0,2,1,
20261002-224131,257.2,Account-83FE,Player-BCA0,2,0,0,2,2,
20261002-224131,257.2,Account-9754,Player-DE24,2,0,0,2,1,
20261002-224131,257.2,Account-E3BC,Player-258F,2,0,0,2,1,
20261002-224131,257.2,Account-F4C4,Player-89AD,2,1,1,1,4,4.52
20261002-224131,257.2,Account-AD4B,Player-8FDE,3,0,0,3,3,
20261002-225404,157.8,Account-9365,Player-DDA6,1,0,0,1,8,
20261002-225404,157.8,Account-5C40,Player-F494,2,1,1,1,1,4.04
20261002-225404,157.8,Account-E596,Player-1B8E,1,0,0,1,3,
20261002-225404,157.8,Account-8C31,Player-FBAD,2,1,2,0,3,3.08
20261002-225404,157.8,Account-9FFE,Player-74C1,2,1,1,1,2,4.04
20261002-225404,157.8,Account-83FE,Player-BCA0,1,0,0,1,5,
20261002-225404,157.8,Account-9754,Player-DE24,1,0,0,1,12,
20261002-225404,157.8,Account-E3BC,Player-258F,1,0,0,1,11,
20261002-225404,157.8,Account-F4C4,Player-89AD,2,1,1,1,2,4.04
20261002-225404,157.8,Account-AD4B,Player-8FDE,2,1,1,1,2,4.04
20261002-225404,213.8,Account-9365,Player-DDA6,2,0,0,2,2,
20261002-225404,213.8,Account-5C40,Player-F494,2,0,0,2,2,
20261002-225404,213.8,Account-E596,Player-1B8E,2,0,0,2,2,
20261002-225404,213.8,Account-8C31,Player-FBAD,2,0,0,2,1,
20261002-225404,213.8,Account-9FFE,Player-74C1,3,0,0,3,1,
20261002-225404,213.8,Account-83FE,Player-BCA0,2,1,1,1,2,4.53
20261002-225404,213.8,Account-9754,Player-DE24,2,0,0,2,1,
20261002-225404,213.8,Account-E3BC,Player-258F,2,1,1,1,5,4.53
20261002-225404,213.8,Account-F4C4,Player-89AD,2,0,0,2,2,
20261002-225404,213.8,Account-AD4B,Player-8FDE,3,0,0,3,1,
20261002-225404,260.3,Account-9365,Player-DDA6,2,0,0,2,1,
20261002-225404,260.3,Account-5C40,Player-F494,2,0,0,2,1,
20261002-225404,260.3,Account-E596,Player-1B8E,2,0,0,2,2,
20261002-225404,260.3,Account-8C31,Player-FBAD,3,0,0,3,4,
20261002-225404,260.3,Account-9FFE,Player-74C1,2,0,0,2,1,
20261002-225404,260.3,Account-83FE,Player-BCA0,2,0,0,2,2,
20261002-225404,260.3,Account-9754,Player-DE24,2,0,0,2,2,
20261002-225404,260.3,Account-E3BC,Player-258F,2,0,0,2,2,
20261002-225404,260.3,Account-F4C4,Player-89AD,1,1,1,0,1,3.08
20261002-231326,159.1,Account-9365,Player-DDA6,2,0,0,2,2,
20261002-231326,159.1,Account-83FE,Player-BCA0,1,0,0,1,3,
20261002-231326,159.1,Account-8C31,Player-FBAD,2,0,0,2,3,
20261002-231326,159.1,Account-E3BC,Player-258F,3,0,0,3,1,
20261002-231326,159.1,Account-E596,Player-1B8E,1,0,0,1,1,
20261002-231326,159.1,Account-9FFE,Player-74C1,1,0,0,1,0,
20261002-231326,159.1,Account-5C40,Player-F494,2,0,0,2,0,
20261002-231326,159.1,Account-F4C4,Player-89AD,1,0,0,1,0,
20261002-231326,159.1,Account-AD4B,Player-8FDE,1,0,0,1,0,
20261002-231326,159.1,Account-9754,Player-DE24,2,0,0,2,5,
20261002-231326,214.3,Account-9365,Player-DDA6,2,1,1,1,1,5.00
20261002-231326,214.3,Account-83FE,Player-BCA0,1,0,0,1,2,
20261002-231326,214.3,Account-8C31,Player-FBAD,1,0,0,1,7,
20261002-231326,214.3,Account-E3BC,Player-258F,1,0,0,1,8,
20261002-231326,214.3,Account-E596,Player-1B8E,2,0,0,2,3,
20261002-231326,214.3,Account-9FFE,Player-74C1,1,0,0,1,8,
20261002-231326,214.3,Account-5C40,Player-F494,0,0,0,0,6,
20261002-231326,214.3,Account-F4C4,Player-89AD,0,0,0,0,13,
20261002-231326,214.3,Account-AD4B,Player-8FDE,3,0,0,3,0,
20261002-231326,214.3,Account-9754,Player-DE24,2,0,0,2,4,
20261002-231326,265.2,Account-9365,Player-DDA6,2,1,2,0,2,4.04
20261002-231326,265.2,Account-83FE,Player-BCA0,2,1,2,0,2,3.56
20261002-231326,265.2,Account-8C31,Player-FBAD,2,0,0,2,3,
20261002-231326,265.2,Account-E3BC,Player-258F,2,0,0,2,1,
20261002-231326,265.2,Account-E596,Player-1B8E,2,1,2,0,11,3.08
20261002-231326,265.2,Account-9FFE,Player-74C1,2,0,0,2,2,
20261002-231326,265.2,Account-5C40,Player-F494,3,1,1,2,1,5.00
20261002-231326,265.2,Account-F4C4,Player-89AD,2,1,2,0,4,3.08
20261002-231326,265.2,Account-AD4B,Player-8FDE,2,1,2,0,2,3.08
20261002-231326,265.2,Account-9754,Player-DE24,2,1,2,0,3,3.56
20261002-231907,153.8,Account-9365,Player-DDA6,0,0,0,0,6,
20261002-231907,153.8,Account-83FE,Player-BCA0,0,0,0,0,16,
20261002-231907,153.8,Account-8C31,Player-FBAD,1,0,0,1,7,
20261002-231907,153.8,Account-E3BC,Player-258F,0,0,0,0,4,
20261002-231907,153.8,Account-E596,Player-1B8E,0,0,0,0,5,
20261002-231907,153.8,Account-9FFE,Player-74C1,2,0,0,2,2,
20261002-231907,153.8,Account-5C40,Player-F494,2,0,0,2,2,
20261002-231907,153.8,Account-F4C4,Player-89AD,3,0,0,3,4,
20261002-231907,153.8,Account-AD4B,Player-8FDE,0,0,0,0,4,
20261002-231907,153.8,Account-9754,Player-DE24,0,0,0,0,6,
20261002-232932,153.5,Account-9365,Player-DDA6,0,0,0,0,12,
20261002-232932,153.5,Account-83FE,Player-BCA0,1,0,0,1,6,
20261002-232932,153.5,Account-8C31,Player-FBAD,1,0,0,1,5,
20261002-232932,153.5,Account-E3BC,Player-258F,1,0,0,1,2,
20261002-232932,153.5,Account-E596,Player-1B8E,1,0,0,1,16,
20261002-232932,153.5,Account-9FFE,Player-74C1,2,0,0,2,4,
20261002-232932,153.5,Account-5C40,Player-F494,2,0,0,2,1,
20261002-232932,153.5,Account-F4C4,Player-89AD,3,0,0,3,1,
20261002-232932,153.5,Account-AD4B,Player-8FDE,2,0,0,2,13,
20261002-232932,153.5,Account-9754,Player-DE24,1,0,0,1,4,
20261002-232932,209.3,Account-9365,Player-DDA6,2,0,0,2,1,
20261002-232932,209.3,Account-83FE,Player-BCA0,2,0,0,2,1,
20261002-232932,209.3,Account-8C31,Player-FBAD,0,0,0,0,12,
20261002-232932,209.3,Account-E3BC,Player-258F,2,0,0,2,3,
20261002-232932,209.3,Account-E596,Player-1B8E,3,0,0,3,1,
20261002-232932,209.3,Account-9FFE,Player-74C1,2,0,0,2,1,
20261002-232932,209.3,Account-5C40,Player-F494,2,0,0,2,1,
20261002-232932,209.3,Account-F4C4,Player-89AD,1,0,0,1,5,
20261002-232932,209.3,Account-AD4B,Player-8FDE,2,0,0,2,1,
20261002-232932,209.3,Account-9754,Player-DE24,2,0,0,2,3,
20261002-232932,255.8,Account-9365,Player-DDA6,0,0,0,0,10,
20261002-232932,255.8,Account-83FE,Player-BCA0,0,0,0,0,17,
20261002-232932,255.8,Account-8C31,Player-FBAD,2,0,0,2,1,
20261002-232932,255.8,Account-E3BC,Player-258F,2,0,0,2,2,
20261002-232932,255.8,Account-E596,Player-1B8E,0,0,0,0,5,
20261002-232932,255.8,Account-9FFE,Player-74C1,2,1,1,1,1,3.08
20261002-232932,255.8,Account-5C40,Player-F494,2,1,2,0,2,3.08
20261002-232932,255.8,Account-F4C4,Player-89AD,2,1,2,0,1,3.56
20261002-232932,255.8,Account-AD4B,Player-8FDE,0,0,0,0,11,
20261002-232932,255.8,Account-9754,Player-DE24,0,0,0,0,4,
20261002-234158,160.9,Account-9365,Player-DDA6,2,0,0,2,0,
20261002-234158,160.9,Account-83FE,Player-BCA0,2,0,0,2,0,
20261002-234158,160.9,Account-8C31,Player-FBAD,2,0,0,2,6,
20261002-234158,160.9,Account-E3BC,Player-258F,1,0,0,1,1,
20261002-234158,160.9,Account-E596,Player-1B8E,1,1,1,0,2,3.09
20261002-234158,160.9,Account-9FFE,Player-74C1,2,0,0,2,2,
20261002-234158,160.9,Account-5C40,Player-F494,1,0,0,1,1,
20261002-234158,160.9,Account-F4C4,Player-89AD,1,0,0,1,5,
20261002-234158,160.9,Account-AD4B,Player-8FDE,1,1,1,0,5,3.09
20261002-234158,160.9,Account-9754,Player-DE24,3,0,0,3,2,
20261002-234158,215.8,Account-9365,Player-DDA6,1,0,0,1,9,
20261002-234158,215.8,Account-83FE,Player-BCA0,1,0,0,1,11,
20261002-234158,215.8,Account-8C31,Player-FBAD,1,0,0,1,4,
20261002-234158,215.8,Account-E3BC,Player-258F,1,0,0,1,3,
20261002-234158,215.8,Account-E596,Player-1B8E,0,0,0,0,10,
20261002-234158,215.8,Account-9FFE,Player-74C1,1,0,0,1,7,
20261002-234158,215.8,Account-5C40,Player-F494,1,0,0,1,8,
20261002-234158,215.8,Account-F4C4,Player-89AD,0,0,0,0,12,
20261002-234158,215.8,Account-AD4B,Player-8FDE,0,0,0,0,12,
20261002-234158,215.8,Account-9754,Player-DE24,0,0,0,0,4,
20261002-234158,263.0,Account-9365,Player-DDA6,2,0,0,2,5,
20261002-234158,263.0,Account-83FE,Player-BCA0,1,1,1,0,10,4.53
20261002-234158,263.0,Account-8C31,Player-FBAD,2,0,0,2,6,
20261002-234158,263.0,Account-E3BC,Player-258F,1,0,0,1,2,
20261002-234158,263.0,Account-E596,Player-1B8E,2,0,0,2,5,
20261002-234158,263.0,Account-9FFE,Player-74C1,3,0,0,3,5,
20261002-234158,263.0,Account-5C40,Player-F494,2,0,0,2,7,
20261002-234158,263.0,Account-F4C4,Player-89AD,3,0,0,3,7,
20261002-234158,263.0,Account-AD4B,Player-8FDE,2,0,0,2,2,
20261002-234158,263.0,Account-9754,Player-DE24,1,1,1,0,1,4.53
20261002-234910,155.7,Account-9365,Player-DDA6,2,1,2,0,0,3.08
20261002-234910,155.7,Account-83FE,Player-BCA0,2,1,1,1,3,3.08
20261002-234910,155.7,Account-8C31,Player-FBAD,1,0,0,1,3,
20261002-234910,155.7,Account-E3BC,Player-258F,1,0,0,1,2,
20261002-234910,155.7,Account-E596,Player-1B8E,2,1,2,0,0,3.08
20261002-234910,155.7,Account-9FFE,Player-74C1,2,0,0,2,0,
20261002-234910,155.7,Account-5C40,Player-F494,2,0,0,2,0,
20261002-234910,155.7,Account-F4C4,Player-89AD,2,1,1,1,3,3.56
20261002-234910,155.7,Account-AD4B,Player-8FDE,2,1,2,0,0,3.08
20261002-234910,155.7,Account-9754,Player-DE24,1,1,1,0,0,3.08
20261002-234910,210.6,Account-9365,Player-DDA6,1,0,0,1,2,
20261002-234910,210.6,Account-83FE,Player-BCA0,3,0,0,3,5,
20261002-234910,210.6,Account-8C31,Player-FBAD,2,0,0,2,0,
20261002-234910,210.6,Account-E3BC,Player-258F,3,0,0,3,2,
20261002-234910,210.6,Account-E596,Player-1B8E,2,0,0,2,2,
20261002-234910,210.6,Account-9FFE,Player-74C1,3,0,0,3,0,
20261002-234910,210.6,Account-5C40,Player-F494,3,0,0,3,2,
20261002-234910,210.6,Account-F4C4,Player-89AD,3,0,0,3,1,
20261002-234910,210.6,Account-AD4B,Player-8FDE,3,0,0,3,1,
20261002-234910,210.6,Account-9754,Player-DE24,1,0,0,1,2,
20261002-235314,156.9,Account-9365,Player-DDA6,1,0,0,1,4,
20261002-235314,156.9,Account-83FE,Player-BCA0,1,0,0,1,11,
20261002-235314,156.9,Account-8C31,Player-FBAD,2,0,0,2,0,
20261002-235314,156.9,Account-E3BC,Player-258F,1,0,0,1,1,
20261002-235314,156.9,Account-E596,Player-1B8E,1,0,0,1,7,
20261002-235314,156.9,Account-9FFE,Player-74C1,2,0,0,2,0,
20261002-235314,156.9,Account-5C40,Player-F494,2,0,0,2,0,
20261002-235314,156.9,Account-F4C4,Player-89AD,3,0,0,3,2,
20261002-235314,156.9,Account-AD4B,Player-8FDE,1,0,0,1,5,
20261002-235314,156.9,Account-9754,Player-DE24,1,0,0,1,2,
20261002-235723,157.2,Account-9365,Player-DDA6,1,0,0,1,3,
20261002-235723,157.2,Account-83FE,Player-BCA0,1,0,0,1,1,
20261002-235723,157.2,Account-8C31,Player-FBAD,0,0,0,0,6,
20261002-235723,157.2,Account-E3BC,Player-258F,0,0,0,0,14,
20261002-235723,157.2,Account-E596,Player-1B8E,1,0,0,1,12,
20261002-235723,157.2,Account-9FFE,Player-74C1,0,0,0,0,3,
20261002-235723,157.2,Account-5C40,Player-F494,0,0,0,0,4,
20261002-235723,157.2,Account-F4C4,Player-89AD,0,0,0,0,5,
20261002-235723,157.2,Account-AD4B,Player-8FDE,1,0,0,1,12,
20261002-235723,157.2,Account-9754,Player-DE24,1,0,0,1,6,
20261002-235723,212.2,Account-9365,Player-DDA6,1,1,1,0,2,5.00
20261002-235723,212.2,Account-83FE,Player-BCA0,4,0,0,4,1,
20261002-235723,212.2,Account-8C31,Player-FBAD,2,1,1,1,2,5.00
20261002-235723,212.2,Account-E3BC,Player-258F,2,0,0,2,1,
20261002-235723,212.2,Account-E596,Player-1B8E,2,1,2,0,6,4.52
20261002-235723,212.2,Account-9FFE,Player-74C1,2,1,1,1,1,5.00
20261002-235723,212.2,Account-5C40,Player-F494,2,0,0,2,1,
20261002-235723,212.2,Account-F4C4,Player-89AD,6,1,5,1,2,4.52
20261002-235723,212.2,Account-AD4B,Player-8FDE,1,1,1,0,3,4.04
20261002-235723,212.2,Account-9754,Player-DE24,11,0,0,11,4,
20261003-000447,150.5,Account-9365,Player-DDA6,1,0,0,1,6,
20261003-000447,150.5,Account-83FE,Player-BCA0,0,0,0,0,13,
20261003-000447,150.5,Account-8C31,Player-FBAD,2,0,0,2,8,
20261003-000447,150.5,Account-E3BC,Player-258F,1,0,0,1,2,
20261003-000447,150.5,Account-E596,Player-1B8E,1,0,0,1,4,
20261003-000447,150.5,Account-9FFE,Player-74C1,1,0,0,1,11,
20261003-000447,150.5,Account-5C40,Player-F494,1,0,0,1,9,
20261003-000447,150.5,Account-F4C4,Player-89AD,2,0,0,2,1,
20261003-000447,150.5,Account-AD4B,Player-8FDE,1,0,0,1,3,
20261003-000447,150.5,Account-9754,Player-DE24,1,0,0,1,3,
20261003-000447,205.8,Account-9365,Player-DDA6,2,0,0,2,1,
20261003-000447,205.8,Account-83FE,Player-BCA0,1,0,0,1,10,
20261003-000447,205.8,Account-8C31,Player-FBAD,2,0,0,2,0,
20261003-000447,205.8,Account-E3BC,Player-258F,3,0,0,3,0,
20261003-000447,205.8,Account-E596,Player-1B8E,2,0,0,2,2,
20261003-000447,205.8,Account-9FFE,Player-74C1,2,0,0,2,0,
20261003-000447,205.8,Account-5C40,Player-F494,2,0,0,2,0,
20261003-000447,205.8,Account-F4C4,Player-89AD,3,0,0,3,0,
20261003-000447,205.8,Account-AD4B,Player-8FDE,2,0,0,2,2,
20261003-000447,205.8,Account-9754,Player-DE24,2,1,2,0,1,4.04
20261003-000447,256.5,Account-9365,Player-DDA6,1,0,0,1,0,
20261003-000447,256.5,Account-83FE,Player-BCA0,1,0,0,1,0,
20261003-000447,256.5,Account-8C31,Player-FBAD,0,0,0,0,2,
20261003-000447,256.5,Account-E3BC,Player-258F,1,1,1,0,0,3.57
20261003-000447,256.5,Account-E596,Player-1B8E,1,0,0,1,1,
20261003-000447,256.5,Account-9FFE,Player-74C1,1,0,0,1,1,
20261003-000447,256.5,Account-5C40,Player-F494,1,0,0,1,1,
20261003-000447,256.5,Account-F4C4,Player-89AD,1,0,0,1,1,
20261003-000447,256.5,Account-AD4B,Player-8FDE,1,1,1,0,1,3.57
20261003-000447,256.5,Account-9754,Player-DE24,1,0,0,1,0,
20261003-001430,151.8,Account-9365,Player-DDA6,1,0,0,1,6,
20261003-001430,151.8,Account-83FE,Player-BCA0,1,0,0,1,10,
20261003-001430,151.8,Account-8C31,Player-FBAD,2,0,0,2,5,
20261003-001430,151.8,Account-E3BC,Player-258F,2,0,0,2,0,
20261003-001430,151.8,Account-E596,Player-1B8E,1,0,0,1,4,
20261003-001430,151.8,Account-9FFE,Player-74C1,0,0,0,0,6,
20261003-001430,151.8,Account-5C40,Player-F494,3,0,0,3,2,
20261003-001430,151.8,Account-F4C4,Player-89AD,1,0,0,1,2,
20261003-001430,151.8,Account-AD4B,Player-8FDE,1,0,0,1,2,
20261003-001430,151.8,Account-9754,Player-DE24,1,1,1,0,3,3.08
20261003-001430,206.9,Account-9365,Player-DDA6,2,0,0,2,2,
20261003-001430,206.9,Account-83FE,Player-BCA0,3,0,0,3,5,
20261003-001430,206.9,Account-8C31,Player-FBAD,2,0,0,2,2,
20261003-001430,206.9,Account-E3BC,Player-258F,2,0,0,2,1,
20261003-001430,206.9,Account-E596,Player-1B8E,2,0,0,2,3,
20261003-001430,206.9,Account-9FFE,Player-74C1,2,0,0,2,4,
20261003-001430,206.9,Account-5C40,Player-F494,2,0,0,2,1,
20261003-001430,206.9,Account-F4C4,Player-89AD,2,0,0,2,4,
20261003-001430,206.9,Account-AD4B,Player-8FDE,2,0,0,2,2,
20261003-001430,206.9,Account-9754,Player-DE24,2,0,0,2,2,
20261003-001430,257.6,Account-9365,Player-DDA6,0,0,0,0,0,
20261003-001430,257.6,Account-83FE,Player-BCA0,0,0,0,0,0,
20261003-001430,257.6,Account-8C31,Player-FBAD,0,0,0,0,0,
20261003-001430,257.6,Account-E3BC,Player-258F,0,0,0,0,0,
20261003-001430,257.6,Account-E596,Player-1B8E,0,0,0,0,0,
20261003-001430,257.6,Account-9FFE,Player-74C1,0,0,0,0,0,
20261003-001430,257.6,Account-5C40,Player-F494,0,0,0,0,0,
20261003-001430,257.6,Account-F4C4,Player-89AD,0,0,0,0,0,
20261003-001430,257.6,Account-AD4B,Player-8FDE,0,0,0,0,0,
20261003-001430,257.6,Account-9754,Player-DE24,0,0,0,0,0,
20261003-002223,150.7,Account-9365,Player-DDA6,2,1,1,1,5,3.07
20261003-002223,150.7,Account-83FE,Player-BCA0,1,0,0,1,4,
20261003-002223,150.7,Account-8C31,Player-FBAD,2,0,0,2,4,
20261003-002223,150.7,Account-E3BC,Player-258F,2,1,2,0,0,3.07
20261003-002223,150.7,Account-E596,Player-1B8E,1,1,1,0,1,3.07
20261003-002223,150.7,Account-9FFE,Player-74C1,1,0,0,1,0,
20261003-002223,150.7,Account-5C40,Player-F494,1,0,0,1,0,
20261003-002223,150.7,Account-F4C4,Player-89AD,1,0,0,1,1,
20261003-002223,150.7,Account-AD4B,Player-8FDE,1,1,1,0,1,3.07
20261003-002223,150.7,Account-9754,Player-DE24,2,1,1,1,7,3.07
20261003-002223,207.4,Account-9365,Player-DDA6,3,0,0,3,0,
20261003-002223,207.4,Account-83FE,Player-BCA0,3,0,0,3,0,
20261003-002223,207.4,Account-8C31,Player-FBAD,3,0,0,3,0,
20261003-002223,207.4,Account-E3BC,Player-258F,2,0,0,2,3,
20261003-002223,207.4,Account-E596,Player-1B8E,2,0,0,2,1,
20261003-002223,207.4,Account-9FFE,Player-74C1,2,1,2,0,0,3.56
20261003-002223,207.4,Account-5C40,Player-F494,2,1,2,0,1,3.56
20261003-002223,207.4,Account-F4C4,Player-89AD,2,0,0,2,1,
20261003-002223,207.4,Account-AD4B,Player-8FDE,3,0,0,3,1,
20261003-002223,207.4,Account-9754,Player-DE24,2,0,0,2,1,
20261003-002223,253.2,Account-9365,Player-DDA6,2,0,0,2,1,
20261003-002223,253.2,Account-83FE,Player-BCA0,2,0,0,2,3,
20261003-002223,253.2,Account-8C31,Player-FBAD,2,0,0,2,1,
20261003-002223,253.2,Account-E3BC,Player-258F,2,0,0,2,1,
20261003-002223,253.2,Account-E596,Player-1B8E,3,0,0,3,3,
20261003-002223,253.2,Account-9FFE,Player-74C1,2,0,0,2,1,
20261003-002223,253.2,Account-5C40,Player-F494,2,0,0,2,1,
20261003-002223,253.2,Account-F4C4,Player-89AD,2,0,0,2,2,
20261003-002223,253.2,Account-AD4B,Player-8FDE,1,1,1,0,3,4.04
20261003-002223,253.2,Account-9754,Player-DE24,2,0,0,2,1,
20261003-002526,151.5,Account-9365,Player-DDA6,1,1,1,0,1,3.08
20261003-002526,151.5,Account-83FE,Player-BCA0,3,0,0,3,3,
20261003-002526,151.5,Account-8C31,Player-FBAD,2,0,0,2,2,
20261003-002526,151.5,Account-E3BC,Player-258F,1,0,0,1,1,
20261003-002526,151.5,Account-E596,Player-1B8E,4,0,0,4,4,
20261003-002526,151.5,Account-9FFE,Player-74C1,2,1,2,0,1,3.55
20261003-002526,151.5,Account-5C40,Player-F494,2,0,0,2,1,
20261003-002526,151.5,Account-F4C4,Player-89AD,1,0,0,1,1,
20261003-002526,151.5,Account-AD4B,Player-8FDE,2,1,2,0,0,3.08
20261003-002526,151.5,Account-9754,Player-DE24,1,1,1,0,3,3.08