log,t,caster,skill,pulse_s,x,y,slash_rot_deg,telegraph,tele_offset,rot_diff_deg,mismatch,boss_turn_deg,players_hit
20260930-002947,427.14,Aspect of the Sword,81326,5.0,12740,15570,66,0,,,,,0
20260930-002947,427.34,Aspect of the Sword,81326,5.2,12510,15470,66,0,,,,,0
20260930-002947,427.55,Aspect of the Sword,81326,5.4,12280,15370,66,0,,,,,0
20260930-002947,427.74,Aspect of the Sword,81326,5.6,12050,15260,66,0,,,,,0
20260930-002947,427.95,Aspect of the Sword,81326,5.8,11830,15160,66,0,,,,,0
20260930-002947,428.15,Aspect of the Sword,81326,6.1,11600,15060,66,0,,,,,0
20260930-002947,442.46,Aspect of the Sword,,,11450,15530,-7,0,,,,,0
20260930-002947,442.66,Aspect of the Sword,,,11480,15280,-7,0,,,,,0
20260930-002947,442.87,Aspect of the Sword,,,11510,15030,-7,0,,,,,0
20260930-002947,443.07,Aspect of the Sword,,,11540,14780,-7,0,,,,,0
20260930-002947,443.27,Aspect of the Sword,,,11560,14530,-7,0,,,,,0
20260930-002947,443.47,Aspect of the Sword,,,11590,14290,-7,0,,,,,0
20260930-002947,458.22,Aspect of the Sword,81326,6.8,12390,15260,53,0,,,,,0
20260930-002947,458.42,Aspect of the Sword,81326,7.0,12190,15110,53,0,,,,,0
20260930-002947,458.62,Aspect of the Sword,81326,7.2,11990,14960,53,0,,,,,0
20260930-002947,458.82,Aspect of the Sword,81326,7.4,11790,14810,53,0,,,,,0
20260930-002947,459.02,Aspect of the Sword,81326,7.6,11590,14660,53,0,,,,,0
20260930-002947,459.22,Aspect of the Sword,81326,7.8,11390,14510,53,0,,,,,0
20260930-002947,473.90,Aspect of the Sword,,,11940,15360,-256,0,,,,,0
20260930-002947,474.10,Aspect of the Sword,,,11700,15420,-256,0,,,,,0
20260930-002947,474.30,Aspect of the Sword,,,11460,15480,-256,0,,,,,0
20260930-002947,474.50,Aspect of the Sword,,,11210,15540,-256,0,,,,,0
20260930-002947,474.71,Aspect of the Sword,,,10970,15600,-256,0,,,,,0
20260930-002947,474.90,Aspect of the Sword,,,10730,15660,-256,0,,,,,0
20260930-002947,475.31,Vloxx,81053,4.8,10950,16650,150,1,0,180,0,0,1
20260930-002947,475.82,Vloxx,81053,5.3,11490,16820,60,1,0,-180,0,0,3
20260930-002947,475.82,Vloxx,81053,5.3,11590,15920,150,1,0,180,0,0,3
20260930-002947,476.35,Vloxx,81053,5.8,11380,15390,60,1,0,-180,0,0,2
20260930-002947,476.35,Vloxx,81053,5.8,11310,17360,-30,1,0,-180,0,0,2
20260930-002947,476.74,Vloxx,81053,6.2,11140,17170,150,1,0,180,0,0,0
20260930-002947,476.86,Vloxx,81053,6.3,11910,15180,-30,1,0,-180,0,0,0
20260930-002947,476.86,Vloxx,81053,6.3,10770,17180,-120,1,0,-180,0,0,0
20260930-002947,477.26,Vloxx,81053,6.7,10720,16780,60,1,0,-180,0,0,0
20260930-002947,477.34,Vloxx,81053,6.8,11300,17020,150,1,0,180,0,0,1
20260930-002947,477.38,Vloxx,81053,6.8,12120,15700,-120,1,0,-180,0,0,1
20260930-002947,477.78,Vloxx,81053,7.2,11110,16370,-30,1,0,-180,0,0,2
20260930-002947,477.86,Vloxx,81053,7.3,11740,16680,60,1,0,-180,0,0,2
20260930-002947,478.30,Vloxx,81053,7.8,11520,16760,49,1,0,-11,1,-169,4
20260930-002947,478.38,Vloxx,81053,7.8,12090,17120,139,1,0,-11,1,-169,4
20260930-002947,478.90,Vloxx,81053,8.4,11650,17470,49,1,0,-11,1,-169,1
20260930-002947,482.46,Vloxx,81053,11.9,11130,16930,2,0,,,,,0
20260930-002947,482.66,Vloxx,,,11120,16680,2,0,,,,,0
20260930-002947,482.86,Vloxx,,,11110,16430,2,0,,,,,0
20260930-002947,483.06,Vloxx,,,11100,16180,2,0,,,,,0
20260930-002947,483.26,Vloxx,,,11090,15930,2,0,,,,,0
20260930-002947,483.46,Vloxx,,,11080,15680,2,0,,,,,0
20260930-002947,483.66,Vloxx,,,11080,15430,2,0,,,,,0
20260930-002947,483.86,Vloxx,,,11070,15180,-103,0,,,,,0
20260930-002947,490.54,Aspect of the Sword,81326,9.1,11840,16590,-223,0,,,,,0
20260930-002947,490.74,Aspect of the Sword,81326,9.3,11670,16780,-223,0,,,,,0
20260930-002947,490.94,Aspect of the Sword,81326,9.5,11500,16960,-223,0,,,,,0
20260930-002947,491.14,Aspect of the Sword,81326,9.7,11330,17140,-223,0,,,,,0
20260930-002947,491.34,Aspect of the Sword,81326,9.9,11160,17320,-223,0,,,,,0
20260930-002947,491.54,Aspect of the Sword,81326,10.1,10990,17510,-223,0,,,,,0
20260930-014701,405.50,Aspect of the Sword,81326,5.1,12680,15630,-261,0,,,,,0
20260930-014701,405.70,Aspect of the Sword,81326,5.3,12430,15670,-261,0,,,,,0
20260930-014701,405.90,Aspect of the Sword,81326,5.5,12180,15710,-261,0,,,,,4
20260930-014701,406.11,Aspect of the Sword,81326,5.7,11940,15750,-261,0,,,,,0
20260930-014701,406.30,Aspect of the Sword,81326,5.9,11690,15790,-261,0,,,,,0
20260930-014701,406.50,Aspect of the Sword,81326,6.1,11440,15830,-261,0,,,,,0
20260930-014701,421.18,Aspect of the Sword,,,12530,16160,43,0,,,,,0
20260930-014701,421.38,Aspect of the Sword,,,12360,15980,43,0,,,,,0
20260930-014701,421.59,Aspect of the Sword,,,12190,15790,43,0,,,,,0
20260930-014701,421.79,Aspect of the Sword,,,12020,15610,43,0,,,,,0
20260930-014701,421.99,Aspect of the Sword,,,11850,15430,43,0,,,,,0
20260930-014701,422.18,Aspect of the Sword,,,11680,15240,43,0,,,,,0
20260930-014701,437.43,Aspect of the Sword,81326,7.5,12890,15990,-224,0,,,,,0
20260930-014701,437.62,Aspect of the Sword,81326,7.7,12720,16170,-224,0,,,,,0
20260930-014701,437.83,Aspect of the Sword,81326,7.9,12550,16350,-224,0,,,,,0
20260930-014701,438.02,Aspect of the Sword,81326,8.1,12380,16530,-224,0,,,,,0
20260930-014701,438.23,Aspect of the Sword,81326,8.3,12200,16710,-224,0,,,,,0
20260930-014701,438.42,Aspect of the Sword,81326,8.5,12030,16900,-224,0,,,,,0
20260930-014701,452.86,Aspect of the Sword,,,12180,15030,69,0,,,,,0
20260930-014701,453.06,Aspect of the Sword,,,11950,14940,69,0,,,,,0
20260930-014701,453.26,Aspect of the Sword,,,11720,14850,69,0,,,,,0
20260930-014701,453.46,Aspect of the Sword,,,11480,14760,69,0,,,,,0
20260930-014701,453.66,Aspect of the Sword,,,11250,14670,69,0,,,,,0
20260930-014701,453.86,Aspect of the Sword,,,11020,14580,69,0,,,,,0
20260930-014701,471.66,Aspect of the Sword,81326,10.6,12310,15350,-31,0,,,,,0
20260930-014701,471.87,Aspect of the Sword,81326,10.8,12440,15140,-31,0,,,,,0
20260930-014701,472.06,Aspect of the Sword,81326,11.0,12570,14920,-31,0,,,,,0
20260930-014701,472.26,Aspect of the Sword,81326,11.2,12700,14710,-31,0,,,,,0
20260930-014701,472.46,Aspect of the Sword,81326,11.4,12830,14490,-31,0,,,,,0
20260930-014701,472.66,Aspect of the Sword,81326,11.6,12950,14280,-31,0,,,,,0
20260930-014701,487.18,Aspect of the Sword,,,12870,15330,-146,0,,,,,0
20260930-014701,487.38,Aspect of the Sword,,,13010,15540,-146,0,,,,,0
20260930-014701,487.43,Vloxx,81053,4.8,12980,15500,404,1,0,-180,0,0,4
20260930-014701,487.58,Aspect of the Sword,,,13150,15740,-146,0,,,,,0
20260930-014701,487.78,Aspect of the Sword,,,13290,15950,-146,0,,,,,0
20260930-014701,487.94,Vloxx,81053,5.3,12420,15400,314,1,0,180,0,0,3
20260930-014701,487.94,Vloxx,81053,5.3,12950,15790,404,1,0,-180,0,0,3
20260930-014701,487.98,Aspect of the Sword,,,13430,16160,-146,0,,,,,0
20260930-014701,488.19,Aspect of the Sword,,,13570,16370,-146,0,,,,,0
20260930-014701,488.46,Vloxx,81053,5.8,12520,14840,224,1,0,180,0,0,4
20260930-014701,488.46,Vloxx,81053,5.8,12390,15770,314,1,0,180,0,0,4
20260930-014701,488.98,Vloxx,81053,6.3,12410,15200,224,1,0,180,0,0,3
20260930-014701,488.99,Vloxx,81053,6.3,13080,14950,134,1,0,-180,0,0,3
20260930-014701,489.50,Vloxx,81053,6.8,12980,15220,134,1,0,-180,0,0,1
20260930-014701,494.82,Vloxx,,,13730,16640,53,0,,,,,0
20260930-014701,495.02,Vloxx,,,13530,16490,53,0,,,,,0
20260930-014701,495.22,Vloxx,,,13330,16340,53,0,,,,,0
20260930-014701,495.42,Vloxx,,,13130,16190,53,0,,,,,0
20260930-014701,495.61,Vloxx,,,12930,16040,53,0,,,,,0
20260930-015718,334.35,Aspect of the Sword,81326,5.0,12710,15620,-238,0,,,,,0
20260930-015718,334.55,Aspect of the Sword,81326,5.2,12500,15760,-238,0,,,,,0
20260930-015718,334.75,Aspect of the Sword,81326,5.4,12290,15890,-238,0,,,,,0
20260930-015718,334.94,Aspect of the Sword,81326,5.6,12070,16020,-238,0,,,,,0
20260930-015718,335.14,Aspect of the Sword,81326,5.8,11860,16160,-238,0,,,,,0
20260930-015718,335.34,Aspect of the Sword,81326,6.0,11650,16290,-238,0,,,,,0
20260930-015718,349.78,Aspect of the Sword,,,12190,15620,-231,0,,,,,0
20260930-015718,349.98,Aspect of the Sword,,,12000,15780,-231,0,,,,,0
20260930-015718,350.19,Aspect of the Sword,,,11800,15940,-231,0,,,,,0
20260930-015718,350.38,Aspect of the Sword,,,11610,16100,-231,0,,,,,0
20260930-015718,350.58,Aspect of the Sword,,,11420,16250,-231,0,,,,,0
20260930-015718,350.78,Aspect of the Sword,,,11220,16410,-231,0,,,,,0
20260930-015718,366.62,Aspect of the Sword,81326,5.1,12050,15020,-78,0,,,,,1
20260930-015718,366.82,Aspect of the Sword,81326,5.3,12300,14970,-78,0,,,,,0
20260930-015718,367.02,Aspect of the Sword,81326,5.5,12540,14920,-78,0,,,,,1
20260930-015718,367.22,Aspect of the Sword,81326,5.7,12780,14860,-78,0,,,,,0
20260930-015718,367.42,Aspect of the Sword,81326,5.9,13030,14810,-78,0,,,,,0
20260930-015718,367.63,Aspect of the Sword,81326,6.1,13270,14760,-78,0,,,,,0
20260930-015718,381.99,Aspect of the Sword,,,12140,14880,-211,0,,,,,0
20260930-015718,382.18,Aspect of the Sword,,,12010,15100,-211,0,,,,,0
20260930-015718,382.38,Aspect of the Sword,,,11880,15310,-211,0,,,,,0
20260930-015718,382.58,Aspect of the Sword,,,11760,15530,-211,0,,,,,0
20260930-015718,382.77,Aspect of the Sword,,,11630,15740,-211,0,,,,,0
20260930-015718,382.98,Aspect of the Sword,,,11500,15960,-211,0,,,,,0
20260930-015718,384.42,Vloxx,81053,4.8,11840,13400,194,1,0,180,0,0,2
20260930-015718,384.94,Vloxx,81053,5.3,11650,13510,194,1,0,180,0,0,2
20260930-015718,384.94,Vloxx,81053,5.3,12410,13380,104,1,0,180,0,0,2
20260930-015718,385.46,Vloxx,81053,5.8,11710,14070,104,1,0,180,0,0,2
20260930-015718,385.46,Vloxx,81053,5.8,12430,13940,14,1,0,-180,0,0,2
20260930-015718,385.86,Vloxx,81053,6.2,11890,14120,194,1,0,180,0,0,4
20260930-015718,385.99,Vloxx,81053,6.3,11860,13960,-76,1,0,-180,0,0,2
20260930-015718,385.99,Vloxx,81053,6.3,11150,14130,14,1,0,-180,0,0,2
20260930-015718,386.38,Vloxx,81053,6.7,12350,14450,104,1,0,180,0,0,7
20260930-015718,386.47,Vloxx,81053,6.8,11830,13910,194,1,0,180,0,0,7
20260930-015718,386.50,Vloxx,81053,6.8,11080,13570,-76,1,0,-180,0,0,7
20260930-015718,386.90,Vloxx,81053,7.2,12010,14910,14,1,0,-180,0,0,3
20260930-015718,386.98,Vloxx,81053,7.3,12260,14270,104,1,0,180,0,0,3
20260930-015718,387.42,Vloxx,81053,7.8,11550,14570,-76,1,0,-180,0,0,2
20260930-015718,387.50,Vloxx,81053,7.8,11900,14700,14,1,0,-180,0,0,2
20260930-015718,388.02,Vloxx,81053,8.4,11470,14340,-52,1,0,-156,1,-24,5
20260930-015718,392.18,Vloxx,,,11830,13390,-137,0,,,,,0
20260930-015718,392.38,Vloxx,,,12000,13580,-137,0,,,,,0
20260930-015718,392.58,Vloxx,,,12170,13760,-137,0,,,,,0
20260930-015718,392.78,Vloxx,,,12340,13940,-137,0,,,,,0
20260930-015718,392.98,Vloxx,,,12510,14130,-137,0,,,,,0
20260930-015718,393.18,Vloxx,,,12680,14310,-137,0,,,,,0
20260930-015718,393.38,Vloxx,,,12850,14500,-137,0,,,,,0
20260930-015718,393.58,Vloxx,,,13020,14680,-137,0,,,,,0
20260930-015718,397.38,Aspect of the Sword,81326,5.9,12130,13980,-25,0,,,,,0
20260930-015718,397.58,Aspect of the Sword,81326,6.1,12240,13750,-25,0,,,,,0
20260930-015718,397.77,Aspect of the Sword,81326,6.3,12350,13520,-25,0,,,,,0
20260930-015718,397.98,Aspect of the Sword,81326,6.5,12450,13300,-25,0,,,,,0
20260930-015718,398.18,Aspect of the Sword,81326,6.7,12560,13070,-25,0,,,,,0
20260930-015718,398.38,Aspect of the Sword,81326,6.9,12670,12850,-25,0,,,,,0
20260930-015718,405.01,Vloxx,81053,4.8,11670,13590,365,1,0,180,0,0,2
20260930-015718,405.54,Vloxx,81053,5.3,12230,13520,275,1,0,180,0,0,0
20260930-015718,406.06,Vloxx,81053,5.8,12300,14080,185,1,0,-180,0,0,0
20260930-015718,406.58,Vloxx,81053,6.3,11740,14150,95,1,0,-180,0,0,0
20260930-020654,324.39,Aspect of the Sword,81326,5.0,13060,15630,-16,0,,,,,0
20260930-020654,324.59,Aspect of the Sword,81326,5.2,13130,15390,-16,0,,,,,0
20260930-020654,324.79,Aspect of the Sword,81326,5.4,13190,15150,-16,0,,,,,0
20260930-020654,324.99,Aspect of the Sword,81326,5.6,13260,14910,-16,0,,,,,0
20260930-020654,325.19,Aspect of the Sword,81326,5.8,13330,14670,-16,0,,,,,0
20260930-020654,325.39,Aspect of the Sword,81326,6.0,13400,14420,-16,0,,,,,0
20260930-020654,339.75,Aspect of the Sword,,,13660,15900,-77,0,,,,,0
20260930-020654,339.94,Aspect of the Sword,,,13900,15850,-77,0,,,,,0
20260930-020654,340.15,Aspect of the Sword,,,14150,15790,-77,0,,,,,0
20260930-020654,340.35,Aspect of the Sword,,,14390,15740,-77,0,,,,,0
20260930-020654,340.55,Aspect of the Sword,,,14640,15680,-77,0,,,,,0
20260930-020654,340.75,Aspect of the Sword,,,14880,15630,-77,0,,,,,0
20260930-020654,355.43,Aspect of the Sword,81326,6.5,12420,15120,23,0,,,,,0
20260930-020654,355.63,Aspect of the Sword,81326,6.7,12330,14890,23,0,,,,,0
20260930-020654,355.82,Aspect of the Sword,81326,6.9,12230,14660,23,0,,,,,0
20260930-020654,356.03,Aspect of the Sword,81326,7.1,12130,14430,23,0,,,,,0
20260930-020654,356.23,Aspect of the Sword,81326,7.3,12040,14200,23,0,,,,,0
20260930-020654,356.42,Aspect of the Sword,81326,7.5,11940,13970,23,0,,,,,0
20260930-020654,371.03,Aspect of the Sword,,,12410,14920,7,0,,,,,0
20260930-020654,371.23,Aspect of the Sword,,,12380,14670,7,0,,,,,0
20260930-020654,371.43,Aspect of the Sword,,,12350,14420,7,0,,,,,0
20260930-020654,371.62,Aspect of the Sword,,,12320,14180,7,0,,,,,0
20260930-020654,371.83,Aspect of the Sword,,,12290,13930,7,0,,,,,0
20260930-020654,372.03,Aspect of the Sword,,,12260,13680,7,0,,,,,0
20260930-020654,372.23,Vloxx,81053,4.8,12250,14610,213,1,0,-180,0,0,3
20260930-020654,372.75,Vloxx,81053,5.3,12260,14450,213,1,0,-180,0,0,4
20260930-020654,372.75,Vloxx,81053,5.3,12820,14640,123,1,0,180,0,0,4
20260930-020654,373.26,Vloxx,81053,5.8,12780,15200,33,1,0,180,0,0,0
20260930-020654,373.26,Vloxx,81053,5.8,12820,14440,123,1,0,180,0,0,0
20260930-020654,373.66,Vloxx,81053,6.2,11690,13820,213,1,0,-180,0,0,0
20260930-020654,373.79,Vloxx,81053,6.3,12220,15170,-57,1,0,-180,0,0,0
20260930-020654,373.79,Vloxx,81053,6.3,12840,15000,33,1,0,180,0,0,0
20260930-020654,374.18,Vloxx,81053,6.7,12250,13740,123,1,0,180,0,0,4
20260930-020654,374.27,Vloxx,81053,6.8,11880,14370,213,1,0,-180,0,0,4
20260930-020654,374.30,Vloxx,81053,6.8,12270,15020,-57,1,0,-180,0,0,4
20260930-020654,374.70,Vloxx,81053,7.2,12330,14300,33,1,0,180,0,0,0
20260930-020654,374.79,Vloxx,81053,7.3,12430,14470,123,1,0,180,0,0,0
20260930-020654,375.23,Vloxx,81053,7.8,11770,14380,-57,1,0,-180,0,0,0
20260930-020654,375.31,Vloxx,81053,7.8,12330,15030,33,1,0,180,0,0,0
20260930-020654,375.82,Vloxx,81053,8.4,11780,14920,-77,1,0,160,1,20,0
20260930-020654,379.87,Vloxx,,,11300,13620,-187,0,,,,,0
20260930-020654,380.07,Vloxx,,,11270,13870,-187,0,,,,,0
20260930-020654,380.27,Vloxx,,,11240,14120,-187,0,,,,,0
20260930-020654,380.46,Vloxx,,,11200,14360,-187,0,,,,,0
20260930-020654,380.66,Vloxx,,,11170,14610,-187,0,,,,,0
20260930-020654,380.87,Vloxx,,,11140,14860,-187,0,,,,,0
20260930-020654,381.07,Vloxx,,,11110,15110,-187,0,,,,,0
20260930-020654,381.26,Vloxx,,,11070,15360,-237,0,,,,,0
20260930-020654,388.59,Aspect of the Sword,81326,10.0,11310,14100,7,0,,,,,0
20260930-020654,388.78,Aspect of the Sword,81326,10.2,11270,13850,7,0,,,,,0
20260930-020654,388.99,Aspect of the Sword,81326,10.4,11240,13600,7,0,,,,,0
20260930-020654,389.18,Aspect of the Sword,81326,10.6,11210,13360,7,0,,,,,0
20260930-020654,389.38,Aspect of the Sword,81326,10.8,11180,13110,7,0,,,,,0
20260930-020654,389.59,Aspect of the Sword,81326,11.0,11150,12860,7,0,,,,,0
20260930-020654,392.27,Vloxx,81053,4.8,11050,13650,368,1,0,180,0,0,4
20260930-020654,392.79,Vloxx,81053,5.3,11070,13650,368,1,0,180,0,0,2
20260930-020654,392.79,Vloxx,81053,5.3,11490,13300,278,1,0,-180,0,0,2
20260930-020654,393.31,Vloxx,81053,5.8,11840,13750,188,1,0,-180,0,0,1
20260930-020654,393.31,Vloxx,81053,5.8,11560,13350,278,1,0,-180,0,0,1
20260930-020654,393.71,Vloxx,81053,6.2,11130,13920,368,1,0,180,0,0,10
20260930-020654,393.82,Vloxx,81053,6.3,11850,13840,188,1,0,-180,0,0,10
20260930-020654,393.82,Vloxx,81053,6.3,11390,14100,98,1,0,-180,0,0,10
20260930-020654,394.22,Vloxx,81053,6.7,11530,14320,278,1,0,-180,0,0,4
20260930-020654,394.31,Vloxx,81053,6.8,10870,13740,368,1,0,180,0,0,7
20260930-020654,394.35,Vloxx,81053,6.8,11370,14130,98,1,0,-180,0,0,7
20260930-020654,394.75,Vloxx,81053,7.2,11130,14720,188,1,0,-180,0,0,2
20260930-020654,394.83,Vloxx,81053,7.3,11140,13240,278,1,0,-180,0,0,2
20260930-020654,395.26,Vloxx,81053,7.8,10730,14320,98,1,0,-180,0,0,3
20260930-020654,395.35,Vloxx,81053,7.8,11630,13510,188,1,0,-180,0,0,3
20260930-020654,395.87,Vloxx,81053,8.4,11360,14010,11,1,0,92,1,88,5
20260930-020654,397.95,Vloxx,81053,10.4,11210,13650,-79,0,,,,,0
20260930-020654,398.15,Vloxx,81053,10.6,11450,13600,-79,0,,,,,0
20260930-020654,398.35,Vloxx,81053,10.8,11700,13550,-79,0,,,,,0
20260930-020654,398.54,Vloxx,81053,11.0,11940,13510,-79,0,,,,,0
20260930-020654,398.75,Vloxx,81053,11.2,12190,13460,-79,0,,,,,0
20260930-020654,398.95,Vloxx,81053,11.4,12440,13420,-79,0,,,,,0
20260930-020654,399.14,Vloxx,81053,11.6,12680,13370,-79,0,,,,,0
20260930-020654,399.34,Vloxx,81053,11.8,12930,13320,-69,0,,,,,0
20260930-020654,408.54,Vloxx,81053,4.8,11100,13690,251,1,0,180,0,0,2
20260930-020654,409.06,Vloxx,81053,5.3,11110,13120,161,1,0,180,0,0,9
20260930-020654,409.06,Vloxx,81053,5.3,11220,13700,251,1,0,180,0,0,9
20260930-020654,409.59,Vloxx,81053,5.8,11750,13500,161,1,0,180,0,0,5
20260930-020654,409.59,Vloxx,81053,5.8,11680,13140,71,1,0,-180,0,0,5
20260930-020654,409.98,Vloxx,81053,6.2,11250,13760,251,1,0,180,0,0,5
20260930-020654,410.10,Vloxx,81053,6.3,11670,13700,-17,1,0,-178,0,0,5
20260930-020654,410.10,Vloxx,81053,6.3,11960,14020,73,1,0,-178,0,0,5
20260930-020654,410.51,Vloxx,81053,6.7,10680,13800,163,1,0,-178,0,-2,6
20260930-020654,410.58,Vloxx,81053,6.8,11240,13670,253,1,0,-178,0,-2,6
20260930-020654,410.63,Vloxx,81053,6.8,11430,14230,-17,1,0,-178,0,-2,6
20260930-020654,411.03,Vloxx,81053,7.2,10650,13230,73,1,0,-178,0,-2,7
20260930-020654,411.11,Vloxx,81053,7.3,11670,13300,163,1,0,-178,0,-2,7
20260930-020654,411.55,Vloxx,81053,7.8,11220,13200,-17,1,0,-178,0,-2,0
20260930-020654,411.62,Vloxx,81053,7.8,12040,13730,73,1,0,-178,0,-2,0
20260930-020654,412.14,Vloxx,81053,8.4,11610,14100,-17,1,0,-180,0,-2,1
20260930-020654,413.59,Aspect of the Sword,81326,5.1,11350,14040,27,0,,,,,0
20260930-020654,413.78,Aspect of the Sword,81326,5.3,11230,13820,27,0,,,,,0
20260930-020654,413.98,Aspect of the Sword,81326,5.5,11120,13590,27,0,,,,,0
20260930-020654,414.18,Aspect of the Sword,81326,5.7,11000,13370,27,0,,,,,0
20260930-020654,414.38,Aspect of the Sword,81326,5.9,10890,13150,27,0,,,,,0
20260930-020654,414.58,Aspect of the Sword,81326,6.1,10780,12930,27,0,,,,,0
20260930-020654,421.27,Vloxx,,,11160,13730,-161,0,,,,,0
20260930-020654,421.47,Vloxx,,,11240,13970,-161,0,,,,,0
20260930-020654,421.67,Vloxx,,,11320,14200,-161,0,,,,,0
20260930-020654,421.86,Vloxx,,,11410,14440,-161,0,,,,,0
20260930-020654,422.07,Vloxx,,,11490,14680,-161,0,,,,,0
20260930-020654,422.26,Vloxx,,,11570,14910,-161,0,,,,,0
20260930-020654,422.46,Vloxx,,,11650,15150,-161,0,,,,,0
20260930-020654,422.66,Vloxx,81053,0.0,11740,15380,-161,0,,,,,0
20260930-020654,427.42,Vloxx,81053,4.8,11190,13720,145,1,0,-180,0,0,0
20260930-020654,427.94,Vloxx,81053,5.3,11750,13750,55,1,0,-180,0,0,5
20260930-020654,427.94,Vloxx,81053,5.3,11170,13790,145,1,0,-180,0,0,5
20260930-020654,428.46,Vloxx,81053,5.8,11720,14320,-35,1,0,-180,0,0,5
20260930-020654,428.46,Vloxx,81053,5.8,11680,14050,55,1,0,-180,0,0,5
20260930-020654,428.86,Vloxx,81053,6.2,11300,13690,145,1,0,-180,0,0,0
20260930-020654,428.98,Vloxx,81053,6.3,11160,14290,-125,1,0,180,0,0,0
20260930-020654,428.98,Vloxx,81053,6.3,11410,14550,-35,1,0,-180,0,0,0
20260930-020654,429.06,Aspect of the Sword,,,11420,13760,54,0,,,,,0
20260930-020654,429.26,Aspect of the Sword,,,11220,13610,54,0,,,,,0
20260930-020654,429.39,Vloxx,81053,6.7,11770,13380,177,1,0,-58,1,-122,10
20260930-020654,429.46,Aspect of the Sword,,,11020,13460,54,0,,,,,0
20260930-020654,429.46,Vloxx,81053,6.8,11130,13660,267,1,0,-58,1,-122,10
20260930-020654,429.50,Vloxx,81053,6.8,10910,14290,-3,1,0,-58,1,-122,10
20260930-020654,429.66,Aspect of the Sword,,,10820,13320,54,0,,,,,0
20260930-020654,429.86,Aspect of the Sword,,,10620,13170,54,0,,,,,0
20260930-020654,429.90,Vloxx,81053,7.2,12080,13850,87,1,0,-58,1,-122,10
20260930-020654,429.98,Vloxx,81053,7.3,11470,13220,177,1,0,-58,1,-122,10
20260930-020654,430.06,Aspect of the Sword,,,10420,13020,54,0,,,,,0
20260930-020654,430.42,Vloxx,81053,7.8,11610,14160,-3,1,0,-58,1,-122,10
20260930-020654,430.51,Vloxx,81053,7.9,11920,13560,87,1,0,-58,1,-122,10
20260930-020654,431.03,Vloxx,81053,8.4,11570,14010,-3,1,0,-180,0,-122,10
20260930-020654,431.38,Vloxx,81053,8.7,11210,13660,-93,0,,,,,0
20260930-020654,431.59,Vloxx,81053,8.9,11460,13680,-93,0,,,,,0
20260930-020654,431.78,Vloxx,81053,9.1,11710,13690,-93,0,,,,,0
20260930-020654,431.98,Vloxx,81053,9.3,11960,13700,-93,0,,,,,0
20260930-020654,432.19,Vloxx,81053,9.5,12210,13710,-93,0,,,,,0
20260930-020654,432.38,Vloxx,81053,9.7,12460,13720,-93,0,,,,,0
20260930-020654,432.58,Vloxx,81053,9.9,12710,13740,-93,0,,,,,0
20260930-020654,432.79,Vloxx,81053,10.1,12960,13750,-111,0,,,,,0
20260930-020654,455.90,Vloxx,81053,4.8,11650,13590,271,1,0,180,0,0,3
20260930-020654,456.42,Vloxx,81053,5.3,11580,14150,181,1,0,-180,0,0,3
20260930-020654,456.42,Vloxx,81053,5.3,11670,13790,271,1,0,180,0,0,3
20260930-020654,456.94,Vloxx,81053,5.8,12100,13410,181,1,0,-180,0,0,3
20260930-020654,456.94,Vloxx,81053,5.8,11020,14080,91,1,0,-180,0,0,3
20260930-020654,457.34,Vloxx,81053,6.2,11650,13700,271,1,0,180,0,0,3
20260930-020654,457.46,Vloxx,81053,6.3,12470,13840,89,1,0,178,0,0,3
20260930-020654,457.46,Vloxx,81053,6.3,11090,13520,-1,1,0,178,0,0,3
20260930-020654,457.86,Vloxx,81053,6.7,11380,14200,179,1,0,178,0,2,2
20260930-020654,457.94,Vloxx,81053,6.8,11610,13760,269,1,0,178,0,2,2
20260930-020654,457.98,Vloxx,81053,6.8,12050,14210,-1,1,0,178,0,2,2
20260930-020654,458.38,Vloxx,81053,7.2,10880,13930,89,1,0,178,0,2,0
20260930-020654,458.46,Vloxx,81053,7.3,11230,14180,179,1,0,178,0,2,0
20260930-020654,458.90,Vloxx,81053,7.8,11150,13430,-1,1,0,178,0,2,0
20260930-020654,458.98,Vloxx,81053,7.8,10810,13810,89,1,0,178,0,2,0
20260930-020654,459.50,Vloxx,81053,8.4,11180,13380,-1,1,0,180,0,2,0
20260930-020654,463.30,Vloxx,,,11490,13750,-71,0,,,,,0
20260930-020654,463.50,Vloxx,,,11730,13660,-71,0,,,,,0
20260930-020654,463.70,Vloxx,,,11960,13580,-71,0,,,,,0
20260930-020654,463.91,Vloxx,,,12200,13500,-71,0,,,,,0
20260930-020654,464.10,Vloxx,,,12440,13410,-71,0,,,,,0
20260930-020654,464.30,Vloxx,,,12670,13330,-71,0,,,,,0
20260930-020654,464.50,Vloxx,,,12910,13250,-71,0,,,,,0
20260930-020654,464.70,Vloxx,,,13140,13170,-36,0,,,,,0
20260930-020654,476.78,Vloxx,81053,4.8,11810,13520,405,1,0,-180,0,0,8
20260930-020654,477.30,Vloxx,81053,5.3,11250,13420,315,1,0,180,0,0,8
20260930-020654,477.30,Vloxx,81053,5.3,11770,13480,405,1,0,-180,0,0,8
20260930-020654,477.83,Vloxx,81053,5.8,11350,12870,225,1,0,180,0,0,8
20260930-020654,477.83,Vloxx,81053,5.8,11210,13440,315,1,0,180,0,0,8
20260930-020654,478.22,Vloxx,81053,6.2,11940,13580,405,1,0,-180,0,0,6
20260930-020654,478.34,Vloxx,81053,6.3,11240,12880,244,1,0,-161,1,-19,6
20260930-020654,478.34,Vloxx,81053,6.3,11900,12960,154,1,0,-161,1,-19,6
20260930-020654,478.75,Vloxx,81053,6.7,11390,13720,334,1,0,-161,1,-19,8
20260930-020654,478.82,Vloxx,81053,6.8,11920,13490,424,1,0,-161,1,-19,8
20260930-020654,478.86,Vloxx,81053,6.8,11810,12910,154,1,0,-161,1,-19,8
20260930-020654,479.26,Vloxx,81053,7.2,11250,13170,244,1,0,-161,1,-19,7
20260930-020654,479.34,Vloxx,81053,7.3,11500,13870,334,1,0,-161,1,-19,7
20260930-020654,479.78,Vloxx,81053,7.8,11800,13030,154,1,0,-161,1,-19,4
20260930-020654,479.86,Vloxx,81053,7.8,11120,13450,244,1,0,-161,1,-19,4
20260930-020654,480.39,Vloxx,81053,8.4,11530,13070,154,1,0,-180,0,0,0
20260930-020654,480.66,Vloxx,81053,8.6,11710,13450,64,0,,,,,0
20260930-020654,480.86,Vloxx,81053,8.8,11490,13340,64,0,,,,,0
20260930-020654,481.06,Vloxx,81053,9.0,11260,13230,64,0,,,,,0
20260930-020654,481.26,Vloxx,81053,9.2,11040,13120,64,0,,,,,0
20260930-020654,481.46,Vloxx,81053,9.4,10820,13010,64,0,,,,,0
20260930-020654,481.66,Vloxx,81053,9.6,10590,12890,64,0,,,,,0
20260930-020654,481.86,Vloxx,81053,9.8,10370,12780,64,0,,,,,0
20260930-020654,482.06,Vloxx,81053,10.0,10140,12670,64,0,,,,,0
20260930-020654,484.38,Aspect of the Sword,81326,5.0,12990,15640,34,0,,,,,0
20260930-020654,484.58,Aspect of the Sword,81326,5.2,12860,15430,34,0,,,,,0
20260930-020654,484.78,Aspect of the Sword,81326,5.4,12720,15220,34,0,,,,,3
20260930-020654,484.98,Aspect of the Sword,81326,5.6,12580,15010,34,0,,,,,0
20260930-020654,485.18,Aspect of the Sword,81326,5.8,12440,14810,34,0,,,,,0
20260930-020654,485.38,Aspect of the Sword,81326,6.0,12300,14600,34,0,,,,,0
20260930-020654,489.46,Vloxx,,,11890,14050,86,0,,,,,0
20260930-020654,489.66,Vloxx,,,11640,14030,86,0,,,,,0
20260930-020654,489.86,Vloxx,,,11390,14010,86,0,,,,,0
20260930-020654,490.06,Vloxx,,,11140,13990,86,0,,,,,0
20260930-020654,490.26,Vloxx,,,10890,13970,86,0,,,,,0
20260930-020654,490.46,Vloxx,,,10640,13950,86,0,,,,,0
20260930-020654,490.66,Vloxx,,,10400,13930,86,0,,,,,0
20260930-020654,490.86,Vloxx,81053,0.0,10150,13910,86,0,,,,,0
20260930-020654,495.62,Vloxx,81053,4.8,11840,13970,411,1,0,-180,0,0,0
20260930-020654,496.13,Vloxx,81053,5.3,12390,13840,321,1,0,180,0,0,0
20260930-020654,496.13,Vloxx,81053,5.3,11810,14010,411,1,0,-180,0,0,0
20260930-020654,496.66,Vloxx,81053,5.8,12520,14390,231,1,0,180,0,0,0
20260930-020654,496.66,Vloxx,81053,5.8,12290,13720,321,1,0,180,0,0,0
20260930-020654,497.06,Vloxx,81053,6.2,11880,13980,411,1,0,-180,0,0,0
20260930-020654,497.18,Vloxx,81053,6.3,12580,14200,231,1,0,180,0,0,0
20260930-020654,497.18,Vloxx,81053,6.3,11970,14520,141,1,0,-180,0,0,0
20260930-020654,497.58,Vloxx,81053,6.7,12450,13940,332,1,0,-169,1,-11,0
20260930-020654,497.66,Vloxx,81053,6.8,11810,13920,421,1,0,-169,1,-11,0
20260930-020654,497.70,Vloxx,81053,6.8,12100,14490,151,1,0,-169,1,-11,0
20260930-020654,498.10,Vloxx,81053,7.2,12490,14500,242,1,0,-169,1,-11,0
20260930-020654,498.18,Vloxx,81053,7.3,12370,13880,332,1,0,-169,1,-11,0
20260930-020654,498.62,Vloxx,81053,7.8,11920,14540,151,1,0,-169,1,-11,0
20260930-020654,498.70,Vloxx,81053,7.8,12420,14440,242,1,0,-169,1,-11,0
20260930-020654,499.22,Vloxx,81053,8.4,11850,14480,151,1,0,-180,0,-11,0
20260930-020654,499.86,Aspect of the Sword,,,12050,14370,54,0,,,,,0
20260930-020654,500.06,Aspect of the Sword,,,11840,14220,54,0,,,,,0
20260930-020654,500.26,Aspect of the Sword,,,11640,14070,54,0,,,,,0
20260930-020654,500.46,Aspect of the Sword,,,11440,13930,54,0,,,,,0
20260930-020654,500.66,Aspect of the Sword,,,11230,13780,54,0,,,,,0
20260930-020654,500.86,Aspect of the Sword,,,11030,13640,54,0,,,,,0
20260930-020654,516.26,Aspect of the Sword,81326,7.6,11840,14110,25,0,,,,,0
20260930-020654,516.46,Aspect of the Sword,81326,7.8,11730,13890,25,0,,,,,0
20260930-020654,516.66,Aspect of the Sword,81326,8.0,11630,13660,25,0,,,,,0
20260930-020654,516.86,Aspect of the Sword,81326,8.2,11520,13440,25,0,,,,,0
20260930-020654,517.05,Aspect of the Sword,81326,8.4,11410,13210,25,0,,,,,0
20260930-020654,517.26,Aspect of the Sword,81326,8.6,11310,12980,25,0,,,,,0
20260930-020654,518.66,Vloxx,81053,4.8,11420,13410,188,1,0,-180,0,0,4
20260930-020654,519.18,Vloxx,81053,5.3,11830,13800,98,1,0,180,0,0,6
20260930-020654,519.18,Vloxx,81053,5.3,11400,13320,188,1,0,-180,0,0,6
20260930-020654,519.70,Vloxx,81053,5.8,11440,14210,8,1,0,180,0,0,6
20260930-020654,519.70,Vloxx,81053,5.8,11730,13780,98,1,0,180,0,0,6
20260930-020654,520.10,Vloxx,81053,6.2,11380,13440,188,1,0,-180,0,0,5
20260930-020654,520.23,Vloxx,81053,6.3,11280,14120,8,1,0,180,0,0,4
20260930-020654,520.23,Vloxx,81053,6.3,11030,13820,-82,1,0,-180,0,0,4
20260930-020654,520.61,Vloxx,81053,6.7,11700,13900,123,1,0,-156,1,-24,5
20260930-020654,520.70,Vloxx,81053,6.8,11380,13560,213,1,0,-156,1,-24,5
20260930-020654,520.74,Vloxx,81053,6.8,10940,13660,-57,1,0,-156,1,-24,5
20260930-020654,521.13,Vloxx,81053,7.2,11230,14230,33,1,0,-156,1,-24,4
20260930-020654,521.22,Vloxx,81053,7.3,11740,14000,123,1,0,-156,1,-24,4
20260930-020654,521.66,Vloxx,81053,7.8,10910,13760,-57,1,0,-156,1,-24,4
20260930-020654,521.74,Vloxx,81053,7.8,11300,14350,33,1,0,-156,1,-24,4
20260930-020654,522.26,Vloxx,81053,8.4,10940,13920,-57,1,0,180,0,-24,3
20260930-020654,524.74,Vloxx,81053,10.8,11490,13200,-75,0,,,,,0
20260930-020654,524.94,Vloxx,81053,11.0,11730,13130,-75,0,,,,,0
20260930-020654,525.14,Vloxx,81053,11.2,11970,13070,-75,0,,,,,0
20260930-020654,525.34,Vloxx,81053,11.4,12220,13010,-75,0,,,,,0
20260930-020654,525.54,Vloxx,81053,11.6,12460,12940,-75,0,,,,,0
20260930-020654,525.74,Vloxx,81053,11.8,12700,12880,-75,0,,,,,0
20260930-020654,525.94,Vloxx,,,12940,12820,-75,0,,,,,0
20260930-020654,526.14,Vloxx,,,13180,12760,-75,0,,,,,0
20260930-020654,531.66,Aspect of the Sword,,,11320,13750,-3,0,,,,,0
20260930-020654,531.86,Aspect of the Sword,,,11330,13500,-3,0,,,,,0
20260930-020654,532.06,Aspect of the Sword,,,11350,13250,-3,0,,,,,0
20260930-020654,532.26,Aspect of the Sword,,,11360,13000,-3,0,,,,,0
20260930-020654,532.46,Aspect of the Sword,,,11380,12750,-3,0,,,,,0
20260930-020654,532.66,Aspect of the Sword,,,11390,12500,-3,0,,,,,0
20260930-132907,346.39,Aspect of the Sword,81326,5.0,12780,15650,-246,0,,,,,7
20260930-132907,346.58,Aspect of the Sword,81326,5.2,12550,15750,-246,0,,,,,0
20260930-132907,346.79,Aspect of the Sword,81326,5.4,12330,15850,-246,0,,,,,7
20260930-132907,346.98,Aspect of the Sword,81326,5.6,12100,15950,-246,0,,,,,0
20260930-132907,347.18,Aspect of the Sword,81326,5.8,11870,16050,-246,0,,,,,0
20260930-132907,347.39,Aspect of the Sword,81326,6.0,11640,16160,-246,0,,,,,0
20260930-132907,361.83,Aspect of the Sword,,,11940,15330,-206,0,,,,,0
20260930-132907,362.02,Aspect of the Sword,,,11830,15560,-206,0,,,,,0
20260930-132907,362.22,Aspect of the Sword,,,11720,15780,-206,0,,,,,0
20260930-132907,362.42,Aspect of the Sword,,,11610,16010,-206,0,,,,,0
20260930-132907,362.63,Aspect of the Sword,,,11500,16240,-206,0,,,,,0
20260930-132907,362.82,Aspect of the Sword,,,11400,16460,-206,0,,,,,0
20260930-132907,377.90,Aspect of the Sword,81326,6.6,12000,15320,-121,0,,,,,0
20260930-132907,378.10,Aspect of the Sword,81326,6.8,12210,15450,-121,0,,,,,0
20260930-132907,378.30,Aspect of the Sword,81326,7.0,12430,15570,-121,0,,,,,0
20260930-132907,378.51,Aspect of the Sword,81326,7.2,12640,15700,-121,0,,,,,0
20260930-132907,378.70,Aspect of the Sword,81326,7.4,12860,15830,-121,0,,,,,0
20260930-132907,378.91,Aspect of the Sword,81326,7.6,13070,15960,-121,0,,,,,0
20260930-132907,393.58,Aspect of the Sword,,,11680,15540,-205,0,,,,,0
20260930-132907,393.78,Aspect of the Sword,,,11580,15770,-205,0,,,,,0
20260930-132907,393.98,Aspect of the Sword,,,11470,15990,-205,0,,,,,0
20260930-132907,394.19,Aspect of the Sword,,,11370,16220,-205,0,,,,,0
20260930-132907,394.38,Aspect of the Sword,,,11260,16450,-205,0,,,,,0
20260930-132907,394.58,Aspect of the Sword,,,11160,16670,-205,0,,,,,0
20260930-132907,403.90,Vloxx,81053,4.8,10300,15680,292,1,0,180,0,0,4
20260930-132907,404.42,Vloxx,81053,5.3,10260,15700,292,1,0,180,0,0,6
20260930-132907,404.42,Vloxx,81053,5.3,10580,15190,202,1,0,-180,0,0,6
20260930-132907,404.95,Vloxx,81053,5.8,10820,15790,202,1,0,-180,0,0,4
20260930-132907,404.95,Vloxx,81053,5.8,11070,15470,112,1,0,-180,0,0,4
20260930-132907,405.34,Vloxx,81053,6.2,10320,15540,292,1,0,180,0,0,2
20260930-132907,405.47,Vloxx,81053,6.3,10740,16350,112,1,0,-180,0,0,2
20260930-132907,405.47,Vloxx,81053,6.3,10790,15960,22,1,0,180,0,0,2
20260930-132907,405.87,Vloxx,81053,6.7,10110,15020,202,1,0,-180,0,0,7
20260930-132907,405.95,Vloxx,81053,6.8,10470,15510,292,1,0,180,0,0,8
20260930-132907,405.99,Vloxx,81053,6.8,10180,16260,22,1,0,180,0,0,8
20260930-132907,406.38,Vloxx,81053,7.2,10630,14810,112,1,0,-180,0,0,5
20260930-132907,406.46,Vloxx,81053,7.3,10510,14940,202,1,0,-180,0,0,5
20260930-132907,406.90,Vloxx,81053,7.8,10840,15330,22,1,0,180,0,0,4
20260930-132907,406.99,Vloxx,81053,7.8,11080,14980,112,1,0,-180,0,0,4
20260930-132907,407.50,Vloxx,81053,8.4,11030,15550,60,1,0,-142,1,-38,0
20260930-132907,409.30,Aspect of the Sword,81326,8.0,10640,15490,-264,0,,,,,0
20260930-132907,409.50,Aspect of the Sword,81326,8.2,10390,15520,-264,0,,,,,0
20260930-132907,409.70,Aspect of the Sword,81326,8.4,10140,15540,-264,0,,,,,0
20260930-132907,409.90,Aspect of the Sword,81326,8.6,9890,15570,-264,0,,,,,0
20260930-132907,410.10,Aspect of the Sword,81326,8.8,9640,15590,-264,0,,,,,0
20260930-132907,410.30,Aspect of the Sword,81326,9.0,9390,15620,-264,0,,,,,0
20260930-132907,411.63,Vloxx,,,10260,15620,-2,0,,,,,0
20260930-132907,411.82,Vloxx,,,10270,15370,-2,0,,,,,0
20260930-132907,412.02,Vloxx,,,10270,15120,-2,0,,,,,0
20260930-132907,412.22,Vloxx,,,10280,14870,-2,0,,,,,0
20260930-132907,412.43,Vloxx,,,10290,14620,-2,0,,,,,0
20260930-132907,412.62,Vloxx,,,10300,14370,-2,0,,,,,0
20260930-132907,412.83,Vloxx,,,10310,14120,-2,0,,,,,0
20260930-132907,413.02,Vloxx,,,10310,13870,-2,0,,,,,0
20260930-132907,424.46,Vloxx,81053,4.8,10280,15710,273,1,0,180,0,0,9
20260930-132907,424.99,Vloxx,81053,5.3,10840,15580,183,1,0,-180,0,0,9
20260930-132907,424.99,Vloxx,81053,5.3,10190,15630,273,1,0,180,0,0,9
20260930-132907,425.50,Vloxx,81053,5.8,10960,16130,93,1,0,-180,0,0,7
20260930-132907,425.50,Vloxx,81053,5.8,10760,15640,183,1,0,-180,0,0,7
20260930-132907,425.90,Vloxx,81053,6.2,10230,15690,273,1,0,180,0,0,10
20260930-132907,426.02,Vloxx,81053,6.3,10410,16260,3,1,0,-180,0,0,10
20260930-132907,426.02,Vloxx,81053,6.3,10750,16200,93,1,0,-180,0,0,10
20260930-132907,426.43,Vloxx,81053,6.7,10670,15330,183,1,0,-180,0,0,10
20260930-132907,426.51,Vloxx,81053,6.8,10120,15680,273,1,0,180,0,0,10
20260930-132907,426.54,Vloxx,81053,6.8,10190,16190,3,1,0,-180,0,0,10
20260930-132907,426.94,Vloxx,81053,7.2,11030,15770,93,1,0,-180,0,0,10
20260930-132907,427.02,Vloxx,81053,7.3,10550,15320,183,1,0,-180,0,0,10
20260930-132907,427.46,Vloxx,81053,7.8,10590,16130,34,1,0,-150,1,-30,6
20260930-132907,427.54,Vloxx,81053,7.8,10910,15760,124,1,0,-150,1,-30,6
20260930-132907,428.06,Vloxx,81053,8.4,10470,16120,34,1,0,-150,1,-30,4
20260930-132907,429.51,Vloxx,81053,9.8,10320,15650,-56,0,,,,,0
20260930-132907,429.70,Vloxx,81053,10.0,10530,15510,-56,0,,,,,0
20260930-132907,429.90,Vloxx,81053,10.2,10730,15370,-56,0,,,,,0
20260930-132907,430.10,Vloxx,81053,10.4,10940,15240,-56,0,,,,,0
20260930-132907,430.30,Vloxx,81053,10.6,11150,15100,-56,0,,,,,0
20260930-132907,430.50,Vloxx,81053,10.8,11360,14960,-56,0,,,,,0
20260930-132907,430.70,Vloxx,81053,11.0,11570,14820,-56,0,,,,,0
20260930-132907,430.90,Vloxx,81053,11.2,11780,14680,14,0,,,,,0
20260930-132907,441.38,Vloxx,81053,4.8,10300,15730,402,1,0,180,0,0,3
20260930-132907,441.90,Vloxx,81053,5.3,10280,15710,402,1,0,180,0,0,3
20260930-132907,441.90,Vloxx,81053,5.3,10860,15710,312,1,0,-180,0,0,3
20260930-132907,442.42,Vloxx,81053,5.8,10850,15660,312,1,0,-180,0,0,0
20260930-132907,442.42,Vloxx,81053,5.8,10880,16280,222,1,0,-180,0,0,0
20260930-132907,442.82,Vloxx,81053,6.2,10230,15700,402,1,0,180,0,0,1
20260930-132907,442.94,Vloxx,81053,6.3,10900,16220,222,1,0,-180,0,0,1
20260930-132907,442.94,Vloxx,81053,6.3,10320,16300,132,1,0,-180,0,0,1
20260930-132907,443.34,Vloxx,81053,6.7,10530,15220,306,1,0,174,0,6,0
20260930-132907,443.42,Vloxx,81053,6.8,10170,15720,396,1,0,174,0,6,0
20260930-132907,443.46,Vloxx,81053,6.8,10340,16280,126,1,0,174,0,6,0
20260930-132907,443.86,Vloxx,81053,7.2,11010,15530,216,1,0,174,0,6,0
20260930-132907,443.94,Vloxx,81053,7.3,10420,15220,306,1,0,174,0,6,0
20260930-132907,444.38,Vloxx,81053,7.8,10700,16000,126,1,0,174,0,6,0
20260930-132907,444.46,Vloxx,81053,7.8,10930,15470,216,1,0,174,0,6,0
20260930-132907,444.98,Vloxx,81053,8.4,10670,15980,126,1,0,180,0,6,0
20260930-132907,454.30,Vloxx,,,10190,15720,-244,0,,,,,0
20260930-132907,454.50,Vloxx,,,9960,15830,-244,0,,,,,0
20260930-132907,454.70,Vloxx,,,9740,15940,-244,0,,,,,0
20260930-132907,454.90,Vloxx,,,9510,16050,-244,0,,,,,0
20260930-132907,455.10,Vloxx,,,9290,16160,-244,0,,,,,0
20260930-132907,455.30,Vloxx,,,9060,16270,-244,0,,,,,0
20260930-132907,455.50,Vloxx,,,8840,16370,-244,0,,,,,0
20260930-132907,455.70,Vloxx,81053,0.0,8610,16480,44,0,,,,,0
20260930-132907,460.42,Vloxx,81053,4.8,10240,15700,404,1,0,-180,0,0,1
20260930-132907,460.94,Vloxx,81053,5.3,10340,15140,314,1,0,-180,0,0,1
20260930-132907,460.94,Vloxx,81053,5.3,10160,15690,404,1,0,-180,0,0,1
20260930-132907,461.46,Vloxx,81053,5.8,10900,15240,224,1,0,-180,0,0,1
20260930-132907,461.46,Vloxx,81053,5.8,10570,15290,314,1,0,-180,0,0,1
20260930-132907,461.86,Vloxx,81053,6.2,10130,15660,404,1,0,-180,0,0,9
20260930-132907,461.98,Vloxx,81053,6.3,10800,15800,23,1,0,69,1,0,9
20260930-132907,461.98,Vloxx,81053,6.3,10960,15700,113,1,0,69,1,0,9
20260930-132907,462.38,Vloxx,81053,6.7,10610,15360,203,1,0,69,1,111,9
20260930-132907,462.46,Vloxx,81053,6.8,10150,15680,293,1,0,69,1,111,9
20260930-132907,462.50,Vloxx,81053,6.8,10560,16090,23,1,0,69,1,111,9
20260930-132907,462.91,Vloxx,81053,7.3,10910,15840,113,1,0,69,1,111,9
20260930-132907,462.98,Vloxx,81053,7.3,10590,15320,203,1,0,69,1,111,9
20260930-132907,463.42,Vloxx,81053,7.8,10430,16140,23,1,0,69,1,111,9
20260930-132907,463.50,Vloxx,81053,7.8,10950,15760,113,1,0,69,1,111,9
20260930-132907,464.02,Vloxx,81053,8.4,10510,16120,23,1,0,180,0,0,5
20260930-132907,464.30,Vloxx,81053,8.6,10320,15660,-67,0,,,,,0
20260930-132907,464.50,Vloxx,81053,8.8,10550,15560,-67,0,,,,,0
20260930-132907,464.70,Vloxx,81053,9.0,10780,15470,-67,0,,,,,0
20260930-132907,464.90,Vloxx,81053,9.2,11010,15370,-67,0,,,,,0
20260930-132907,465.10,Vloxx,81053,9.4,11240,15270,-67,0,,,,,0
20260930-132907,465.30,Vloxx,81053,9.6,11470,15170,-67,0,,,,,0
20260930-132907,465.49,Vloxx,81053,9.8,11700,15070,-67,0,,,,,0
20260930-132907,465.70,Vloxx,81053,10.0,11930,14980,18,0,,,,,0
20260930-132907,478.98,Vloxx,81053,4.8,11910,16190,428,1,0,-180,0,0,3
20260930-132907,479.50,Vloxx,81053,5.3,11990,16100,428,1,0,-180,0,0,5
20260930-132907,479.50,Vloxx,81053,5.3,12060,16740,338,1,0,-180,0,0,5
20260930-132907,480.02,Vloxx,81053,5.8,11970,16670,338,1,0,-180,0,0,6
20260930-132907,480.02,Vloxx,81053,5.8,11510,16880,248,1,0,180,0,0,6
20260930-132907,480.42,Vloxx,81053,6.2,11940,16140,428,1,0,-180,0,0,4
20260930-132907,480.54,Vloxx,81053,6.3,11370,16340,156,1,0,178,0,0,4
20260930-132907,480.54,Vloxx,81053,6.3,11410,16660,246,1,0,178,0,0,4
20260930-132907,480.94,Vloxx,81053,6.7,12220,16620,336,1,0,178,0,2,3
20260930-132907,481.02,Vloxx,81053,6.8,11920,16170,426,1,0,178,0,2,3
20260930-132907,481.06,Vloxx,81053,6.8,11420,16090,156,1,0,178,0,2,3
20260930-132907,481.46,Vloxx,81053,7.2,11730,16910,246,1,0,178,0,2,4
20260930-132907,481.54,Vloxx,81053,7.3,11840,16730,336,1,0,178,0,2,4
20260930-132907,481.98,Vloxx,81053,7.8,11450,16420,156,1,0,178,0,2,1
20260930-132907,482.06,Vloxx,81053,7.8,11280,16650,246,1,0,178,0,2,1
20260930-132907,482.58,Vloxx,81053,8.4,11360,16080,156,1,0,-180,0,2,0
20260930-132907,483.06,Aspect of the Sword,81326,5.0,12840,15890,-266,0,,,,,0
20260930-132907,483.26,Aspect of the Sword,81326,5.2,12600,15910,-266,0,,,,,0
20260930-132907,483.46,Aspect of the Sword,81326,5.4,12350,15920,-266,0,,,,,2
20260930-132907,483.66,Aspect of the Sword,81326,5.6,12100,15940,-266,0,,,,,0
20260930-132907,483.86,Aspect of the Sword,81326,5.8,11850,15960,-266,0,,,,,0
20260930-132907,484.06,Aspect of the Sword,81326,6.0,11600,15970,-266,0,,,,,0
20260930-132907,497.22,Vloxx,81053,4.8,11890,16080,100,1,0,-180,0,0,1
20260930-132907,497.74,Vloxx,81053,5.3,11880,16160,100,1,0,-180,0,0,2
20260930-132907,497.74,Vloxx,81053,5.3,12440,16220,10,1,0,180,0,0,2
20260930-132907,498.26,Vloxx,81053,5.8,11500,16570,10,1,0,180,0,0,2
20260930-132907,498.26,Vloxx,81053,5.8,12310,16770,-80,1,0,180,0,0,2
20260930-132907,498.50,Aspect of the Sword,,,12080,15880,-222,0,,,,,0
20260930-132907,498.66,Vloxx,81053,6.2,11990,15900,100,1,0,-180,0,0,5
20260930-132907,498.70,Aspect of the Sword,,,11910,16070,-222,0,,,,,0
20260930-132907,498.77,Vloxx,81053,6.3,11080,16190,-80,1,0,180,0,0,5
20260930-132907,498.77,Vloxx,81053,6.3,11760,16630,-169,1,0,-180,0,0,5
20260930-132907,498.90,Aspect of the Sword,,,11750,16260,-222,0,,,,,0
20260930-132907,499.09,Aspect of the Sword,,,11580,16440,-222,0,,,,,0
20260930-132907,499.17,Vloxx,81053,6.7,12300,16380,10,1,0,180,0,0,2
20260930-132907,499.26,Vloxx,81053,6.8,11920,16310,100,1,0,-180,0,0,3
20260930-132907,499.30,Aspect of the Sword,,,11410,16630,-222,0,,,,,0
20260930-132907,499.30,Vloxx,81053,6.8,11460,15770,-169,1,0,-180,0,0,2
20260930-132907,499.49,Aspect of the Sword,,,11250,16820,-222,0,,,,,0
20260930-132907,499.70,Vloxx,81053,7.2,11820,16690,-80,1,0,180,0,0,4
20260930-132907,499.77,Vloxx,81053,7.3,11560,15880,10,1,0,180,0,0,4
20260930-132907,500.21,Vloxx,81053,7.8,11510,16210,-169,1,0,-180,0,0,2
20260930-132907,500.29,Vloxx,81053,7.8,11990,15510,-80,1,0,180,0,0,2
20260930-132907,500.82,Vloxx,81053,8.4,12350,15940,67,1,0,57,1,123,3
20260930-132907,502.81,Vloxx,81053,10.4,11960,16080,-23,0,,,,,0
20260930-132907,503.02,Vloxx,81053,10.6,12060,15850,-23,0,,,,,0
20260930-132907,503.21,Vloxx,81053,10.8,12160,15620,-23,0,,,,,0
20260930-132907,503.41,Vloxx,81053,11.0,12260,15390,-23,0,,,,,0
20260930-132907,503.62,Vloxx,81053,11.2,12350,15160,-23,0,,,,,0
20260930-132907,503.82,Vloxx,81053,11.4,12450,14930,-23,0,,,,,0
20260930-132907,504.01,Vloxx,81053,11.6,12550,14700,-23,0,,,,,0
20260930-132907,504.22,Vloxx,81053,11.8,12640,14470,-158,0,,,,,0
20260930-132907,514.17,Vloxx,81053,4.8,12040,16250,182,1,0,180,0,0,0
20260930-132907,514.70,Vloxx,81053,5.3,12460,16630,92,1,0,180,0,0,0
20260930-132907,514.70,Vloxx,81053,5.3,12060,16200,182,1,0,180,0,0,0
20260930-132907,514.93,Aspect of the Sword,81326,6.6,12170,16200,-18,0,,,,,0
20260930-132907,515.14,Aspect of the Sword,81326,6.8,12240,15970,-18,0,,,,,0
20260930-132907,515.21,Vloxx,81053,5.8,12080,17050,2,1,0,-180,0,0,0
20260930-132907,515.21,Vloxx,81053,5.8,11940,15650,92,1,0,180,0,0,0
20260930-132907,515.33,Aspect of the Sword,81326,7.0,12320,15730,-18,0,,,,,0
20260930-132907,515.54,Aspect of the Sword,81326,7.2,12400,15490,-18,0,,,,,0
20260930-132907,515.73,Aspect of the Sword,81326,7.4,12480,15250,-18,0,,,,,0
20260930-132907,515.73,Vloxx,81053,6.3,12490,15530,139,1,0,-43,1,0,1
20260930-132907,515.73,Vloxx,81053,6.3,11660,16660,49,1,0,-43,1,0,1
20260930-132907,515.94,Aspect of the Sword,81326,7.6,12560,15020,-18,0,,,,,0
20260930-132907,516.26,Vloxx,81053,6.8,12610,16090,49,1,0,-43,1,-136,2
20260930-135458,315.43,Aspect of the Sword,81326,5.1,12910,15420,24,0,,,,,8
20260930-135458,315.62,Aspect of the Sword,81326,5.3,12810,15190,24,0,,,,,0
20260930-135458,315.82,Aspect of the Sword,81326,5.5,12710,14960,24,0,,,,,5
20260930-135458,316.03,Aspect of the Sword,81326,5.7,12600,14740,24,0,,,,,0
20260930-135458,316.23,Aspect of the Sword,81326,5.9,12500,14510,24,0,,,,,0
20260930-135458,316.43,Aspect of the Sword,81326,6.1,12400,14280,24,0,,,,,0
20260930-135458,330.99,Aspect of the Sword,,,12090,15050,-213,0,,,,,0
20260930-135458,331.19,Aspect of the Sword,,,11950,15260,-213,0,,,,,0
20260930-135458,331.39,Aspect of the Sword,,,11820,15470,-213,0,,,,,0
20260930-135458,331.59,Aspect of the Sword,,,11680,15680,-213,0,,,,,0
20260930-135458,331.79,Aspect of the Sword,,,11540,15890,-213,0,,,,,0
20260930-135458,331.99,Aspect of the Sword,,,11410,16100,-213,0,,,,,0
20260930-135458,347.02,Aspect of the Sword,81326,6.7,12300,15530,-56,0,,,,,0
20260930-135458,347.22,Aspect of the Sword,81326,6.9,12510,15390,-56,0,,,,,0
20260930-135458,347.42,Aspect of the Sword,81326,7.1,12720,15250,-56,0,,,,,0
20260930-135458,347.62,Aspect of the Sword,81326,7.3,12920,15110,-56,0,,,,,0
20260930-135458,347.82,Aspect of the Sword,81326,7.5,13130,14960,-56,0,,,,,0
20260930-135458,348.02,Aspect of the Sword,81326,7.7,13340,14820,-56,0,,,,,0
20260930-135458,362.78,Vloxx,81053,4.8,13670,16700,398,1,0,-180,0,0,2
20260930-135458,363.30,Vloxx,81053,5.3,13590,16610,398,1,0,-180,0,0,5
20260930-135458,363.30,Vloxx,81053,5.3,13130,16530,308,1,0,-180,0,0,5
20260930-135458,363.82,Vloxx,81053,5.8,13300,15990,218,1,0,-180,0,0,6
20260930-135458,363.82,Vloxx,81053,5.8,13030,16560,308,1,0,-180,0,0,6
20260930-135458,364.22,Vloxx,81053,6.2,13480,16410,398,1,0,-180,0,0,4
20260930-135458,364.35,Vloxx,81053,6.3,13840,16160,128,1,0,180,0,0,5
20260930-135458,364.35,Vloxx,81053,6.3,13080,16000,218,1,0,-180,0,0,5
20260930-135458,364.74,Vloxx,81053,6.7,12930,16290,308,1,0,-180,0,0,5
20260930-135458,364.82,Vloxx,81053,6.8,13640,16450,398,1,0,-180,0,0,5
20260930-135458,364.87,Vloxx,81053,6.8,13640,16050,128,1,0,180,0,0,5
20260930-135458,364.99,Aspect of the Sword,,,13080,16290,-81,0,,,,,0
20260930-135458,365.18,Aspect of the Sword,,,13330,16250,-81,0,,,,,0
20260930-135458,365.26,Vloxx,81053,7.2,13050,15740,218,1,0,-180,0,0,4
20260930-135458,365.35,Vloxx,81053,7.3,13210,16090,308,1,0,-180,0,0,4
20260930-135458,365.38,Aspect of the Sword,,,13580,16210,-81,0,,,,,0
20260930-135458,365.58,Aspect of the Sword,,,13820,16170,-81,0,,,,,0
20260930-135458,365.78,Aspect of the Sword,,,14070,16130,-81,0,,,,,0
20260930-135458,365.78,Vloxx,81053,7.8,13600,15860,21,1,0,74,1,0,0
20260930-135458,365.86,Vloxx,81053,7.8,13570,15650,111,1,0,74,1,0,0
20260930-135458,365.99,Aspect of the Sword,,,14320,16090,-81,0,,,,,0
20260930-135458,366.38,Vloxx,81053,8.4,14000,16010,21,1,0,74,1,106,0
20260930-135458,370.26,Vloxx,,,13730,16750,-123,0,,,,,0
20260930-135458,370.46,Vloxx,,,13940,16890,-123,0,,,,,0
20260930-135458,370.66,Vloxx,,,14150,17020,-123,0,,,,,0
20260930-135458,370.87,Vloxx,,,14360,17160,-123,0,,,,,0
20260930-135458,371.06,Vloxx,,,14570,17300,-123,0,,,,,0
20260930-135458,371.26,Vloxx,,,14780,17440,-123,0,,,,,0
20260930-135458,371.46,Vloxx,,,14980,17580,-123,0,,,,,0
20260930-135458,371.66,Vloxx,,,15190,17710,-81,0,,,,,0
20260930-135458,380.83,Aspect of the Sword,81326,9.3,13370,16500,-141,0,,,,,0
20260930-135458,381.02,Aspect of the Sword,81326,9.5,13530,16700,-141,0,,,,,0
20260930-135458,381.22,Aspect of the Sword,81326,9.7,13690,16890,-141,0,,,,,0
20260930-135458,381.43,Aspect of the Sword,81326,9.9,13850,17080,-141,0,,,,,0
20260930-135458,381.62,Aspect of the Sword,81326,10.1,14010,17280,-141,0,,,,,0
20260930-135458,381.82,Aspect of the Sword,81326,10.3,14160,17470,-141,0,,,,,0
20260930-135458,382.82,Vloxx,81053,4.8,13680,16620,224,1,0,-180,0,0,1
20260930-135458,383.34,Vloxx,81053,5.3,13200,16910,134,1,0,180,0,0,2
20260930-135458,383.34,Vloxx,81053,5.3,13640,16530,224,1,0,-180,0,0,2
20260930-135458,383.86,Vloxx,81053,5.8,12900,16430,44,1,0,180,0,0,0
20260930-135458,383.86,Vloxx,81053,5.8,13100,16690,134,1,0,180,0,0,0
20260930-135458,384.27,Vloxx,81053,6.2,13710,16580,224,1,0,-180,0,0,10
20260930-135458,384.38,Vloxx,81053,6.3,12940,16140,256,1,0,31,1,149,10
20260930-135458,384.38,Vloxx,81053,6.3,13390,16130,166,1,0,31,1,149,10
20260930-135458,384.79,Vloxx,81053,6.7,13180,16790,345,1,0,31,1,149,8
20260930-135458,384.87,Vloxx,81053,6.8,13700,16570,436,1,0,31,1,149,8
20260930-135458,384.91,Vloxx,81053,6.8,13480,15980,166,1,0,31,1,149,8
20260930-135458,385.30,Vloxx,81053,7.2,12980,16260,256,1,0,31,1,149,8
20260930-135458,385.38,Vloxx,81053,7.3,13160,16740,345,1,0,31,1,149,8
20260930-135458,385.83,Vloxx,81053,7.8,13500,16060,166,1,0,31,1,149,7
20260930-135458,385.90,Vloxx,81053,7.8,12990,16200,256,1,0,31,1,149,7
20260930-135458,386.43,Vloxx,81053,8.4,13530,16030,166,1,0,-180,0,0,3
20260930-135458,386.70,Vloxx,81053,8.6,13830,16650,76,0,,,,,0
20260930-135458,386.91,Vloxx,81053,8.8,13590,16590,76,0,,,,,0
20260930-135458,387.10,Vloxx,81053,9.0,13350,16530,76,0,,,,,0
20260930-135458,387.30,Vloxx,81053,9.2,13110,16460,76,0,,,,,0
20260930-135458,387.50,Vloxx,81053,9.4,12870,16400,76,0,,,,,0
20260930-135458,387.70,Vloxx,81053,9.6,12620,16340,76,0,,,,,0
20260930-135458,387.90,Vloxx,81053,9.8,12380,16280,76,0,,,,,0
20260930-135458,388.10,Vloxx,81053,10.0,12140,16210,76,0,,,,,0
20260930-135458,396.42,Aspect of the Sword,,,13380,16500,-138,0,,,,,0
20260930-135458,396.42,Vloxx,,,13830,16660,83,0,,,,,0
20260930-135458,396.62,Vloxx,,,13580,16630,83,0,,,,,0
20260930-135458,396.62,Aspect of the Sword,,,13540,16680,-138,0,,,,,0
20260930-135458,396.82,Vloxx,,,13340,16600,83,0,,,,,0
20260930-135458,396.82,Aspect of the Sword,,,13710,16870,-138,0,,,,,0
20260930-135458,397.02,Vloxx,,,13090,16570,83,0,,,,,0
20260930-135458,397.02,Aspect of the Sword,,,13880,17060,-138,0,,,,,0
20260930-135458,397.22,Aspect of the Sword,,,14050,17240,-138,0,,,,,0
20260930-135458,397.22,Vloxx,,,12840,16540,83,0,,,,,0
20260930-135458,397.42,Vloxx,,,12590,16510,83,0,,,,,0
20260930-135458,397.42,Aspect of the Sword,,,14210,17430,-138,0,,,,,0
20260930-135458,397.62,Vloxx,,,12340,16480,83,0,,,,,0
20260930-135458,397.82,Vloxx,81053,0.1,12100,16450,52,0,,,,,0
20260930-135458,402.50,Vloxx,81053,4.8,13920,16690,412,1,0,-180,0,0,5
20260930-135458,403.02,Vloxx,81053,5.3,13370,16570,322,1,0,-180,0,0,6
20260930-135458,403.02,Vloxx,81053,5.3,13950,16610,412,1,0,-180,0,0,6
20260930-135458,403.54,Vloxx,81053,5.8,14040,17170,322,1,0,-180,0,0,5
20260930-135458,403.54,Vloxx,81053,5.8,13490,16020,232,1,0,180,0,0,5
20260930-135458,403.94,Vloxx,81053,6.2,13930,16730,412,1,0,-180,0,0,7
20260930-135458,404.06,Vloxx,81053,6.3,14040,16140,142,1,0,180,0,0,7
20260930-135458,404.06,Vloxx,81053,6.3,13490,17260,232,1,0,180,0,0,7
20260930-135458,404.46,Vloxx,81053,6.7,13410,16500,174,1,0,32,1,148,6
20260930-135458,404.54,Vloxx,81053,6.8,13910,16660,264,1,0,32,1,148,9
20260930-135458,404.58,Vloxx,81053,6.8,13390,16700,-6,1,0,32,1,148,8
20260930-135458,404.98,Vloxx,81053,7.2,13640,15990,84,1,0,32,1,148,0
20260930-135458,405.06,Vloxx,81053,7.3,14170,17160,174,1,0,32,1,148,0
20260930-135458,405.50,Vloxx,81053,7.8,14160,16210,-6,1,0,32,1,148,0
20260930-135458,405.58,Vloxx,81053,7.8,13670,17420,84,1,0,32,1,148,0
20260930-135458,406.10,Vloxx,81053,8.4,13410,16920,-6,1,0,-180,0,148,7
20260930-135458,415.62,Vloxx,,,13910,16750,-178,0,,,,,0
20260930-135458,415.82,Vloxx,,,13920,17000,-178,0,,,,,0
20260930-135458,416.02,Vloxx,,,13930,17250,-178,0,,,,,0
20260930-135458,416.22,Vloxx,,,13940,17500,-178,0,,,,,0
20260930-135458,416.42,Vloxx,,,13950,17750,-178,0,,,,,0
20260930-135458,416.62,Vloxx,,,13960,18000,-178,0,,,,,0
20260930-135458,416.82,Vloxx,,,13970,18250,-178,0,,,,,0
20260930-135458,417.02,Vloxx,81053,0.0,13980,18490,86,0,,,,,0
20260930-135458,421.74,Vloxx,81053,4.8,13900,16670,446,1,0,-180,0,0,8
20260930-135458,422.26,Vloxx,81053,5.3,13890,16660,446,1,0,-180,0,0,7
20260930-135458,422.26,Vloxx,81053,5.3,13360,16830,356,1,0,-180,0,0,7
20260930-135458,422.78,Vloxx,81053,5.8,13320,16680,356,1,0,-180,0,0,5
20260930-135458,422.78,Vloxx,81053,5.8,13200,16290,266,1,0,180,0,0,5
20260930-135458,423.18,Vloxx,81053,6.2,14000,16790,446,1,0,-180,0,0,2
20260930-135458,423.30,Vloxx,81053,6.3,13740,16130,123,1,0,127,1,0,7
20260930-135458,423.30,Vloxx,81053,6.3,13300,16120,213,1,0,127,1,0,7
20260930-135458,423.70,Vloxx,81053,6.7,13440,16710,303,1,0,128,1,53,8
20260930-135458,423.78,Vloxx,81053,6.8,13830,16630,393,1,0,127,1,53,8
20260930-135458,423.82,Vloxx,81053,6.8,13860,16090,123,1,0,127,1,53,8
20260930-135458,424.22,Vloxx,81053,7.2,13510,16150,213,1,0,127,1,53,8
20260930-135458,424.30,Vloxx,81053,7.3,13290,16810,303,1,0,128,1,53,8
20260930-135458,424.75,Vloxx,81053,7.8,14070,16230,123,1,0,127,1,53,9
20260930-135458,424.82,Vloxx,81053,7.8,13110,16270,213,1,0,127,1,53,9
20260930-135458,425.33,Vloxx,81053,8.4,13650,16090,123,1,0,-180,0,0,6
20260930-135458,425.66,Vloxx,81053,8.7,13870,16610,33,0,,,,,0
20260930-135458,425.86,Vloxx,81053,8.9,13730,16400,33,0,,,,,0
20260930-135458,426.06,Vloxx,81053,9.1,13590,16190,33,0,,,,,0
20260930-135458,426.26,Vloxx,81053,9.3,13450,15980,33,0,,,,,0
20260930-135458,426.46,Vloxx,81053,9.5,13310,15770,33,0,,,,,0
20260930-135458,426.66,Vloxx,81053,9.7,13180,15570,33,0,,,,,0
20260930-135458,426.86,Vloxx,81053,9.9,13040,15360,33,0,,,,,0
20260930-135458,427.06,Vloxx,81053,10.1,12900,15150,35,0,,,,,0
20260930-135458,449.58,Vloxx,81053,4.8,11780,15870,94,1,0,-180,0,0,4
20260930-135458,450.11,Vloxx,81053,5.3,12350,15890,4,1,0,-180,0,0,5
20260930-135458,450.11,Vloxx,81053,5.3,11860,15960,94,1,0,-180,0,0,5
20260930-135458,450.62,Vloxx,81053,5.8,12330,16450,-86,1,0,-180,0,0,2
20260930-135458,450.62,Vloxx,81053,5.8,11290,15910,4,1,0,-180,0,0,2
20260930-135458,451.02,Vloxx,81053,6.2,11760,15950,94,1,0,-180,0,0,5
20260930-135458,451.14,Vloxx,81053,6.3,11340,15340,-86,1,0,-180,0,0,2
20260930-135458,451.14,Vloxx,81053,6.3,11760,16430,-176,1,0,180,0,0,2
20260930-135458,451.54,Vloxx,81053,6.7,11760,16510,33,1,0,-151,1,-29,5
20260930-135458,451.62,Vloxx,81053,6.8,11810,16040,123,1,0,-151,1,-29,5
20260930-135458,451.65,Vloxx,81053,6.8,11900,15390,-147,1,0,-151,1,-29,5
20260930-135458,452.06,Vloxx,81053,7.2,11190,16510,-57,1,0,-151,1,-29,3
20260930-135458,452.13,Vloxx,81053,7.3,11410,15640,33,1,0,-151,1,-29,3
20260930-135458,452.58,Vloxx,81053,7.8,11190,15950,-147,1,0,-151,1,-29,2
20260930-135458,452.66,Vloxx,81053,7.8,11810,15240,-57,1,0,-151,1,-29,2
20260930-135458,453.17,Vloxx,81053,8.4,12210,15650,-147,1,0,-180,0,-29,3
20260930-135458,455.58,Vloxx,81053,10.8,11780,15970,-204,0,,,,,0
20260930-135458,455.78,Vloxx,81053,11.0,11680,16190,-204,0,,,,,0
20260930-135458,455.98,Vloxx,81053,11.2,11570,16420,-204,0,,,,,0
20260930-135458,456.18,Vloxx,81053,11.4,11470,16650,-204,0,,,,,0
20260930-135458,456.38,Vloxx,81053,11.6,11370,16880,-204,0,,,,,0
20260930-135458,456.57,Vloxx,81053,11.8,11270,17110,-204,0,,,,,0
20260930-135458,456.69,Aspect of the Sword,81326,5.1,12700,15640,-260,0,,,,,0
20260930-135458,456.78,Vloxx,81053,12.0,11160,17330,-204,0,,,,,0
20260930-135458,456.89,Aspect of the Sword,81326,5.3,12460,15680,-260,0,,,,,0
20260930-135458,456.98,Vloxx,,,11060,17560,-204,0,,,,,0
20260930-135458,457.10,Aspect of the Sword,81326,5.5,12210,15720,-260,0,,,,,6
20260930-135458,457.30,Aspect of the Sword,81326,5.7,11970,15760,-260,0,,,,,0
20260930-135458,457.50,Aspect of the Sword,81326,5.9,11720,15810,-260,0,,,,,0
20260930-135458,457.70,Aspect of the Sword,81326,6.1,11470,15850,-260,0,,,,,0
20260930-135458,471.34,Vloxx,81053,4.8,11880,15940,143,1,0,-180,0,0,1
20260930-135458,471.86,Vloxx,81053,5.3,12440,15950,53,1,0,-180,0,0,2
20260930-135458,471.86,Vloxx,81053,5.3,11570,15730,143,1,0,-180,0,0,2
20260930-135458,472.38,Vloxx,81053,5.8,11470,15170,53,1,0,-180,0,0,0
20260930-135458,472.38,Vloxx,81053,5.8,12440,16510,-37,1,0,-180,0,0,0
20260930-135458,472.78,Vloxx,81053,6.2,11620,15910,143,1,0,-180,0,0,3
20260930-135458,472.89,Vloxx,81053,6.3,11870,16510,-127,1,0,180,0,0,3
20260930-135458,472.89,Vloxx,81053,6.3,12030,15070,-37,1,0,-180,0,0,3
20260930-135458,473.29,Vloxx,81053,6.7,11210,15520,188,1,0,-45,1,-135,8
20260930-135458,473.34,Aspect of the Sword,,,11650,15500,-144,0,,,,,0
20260930-135458,473.38,Vloxx,81053,6.8,11520,15800,278,1,0,-45,1,-135,8
20260930-135458,473.42,Vloxx,81053,6.8,12130,15620,8,1,0,-45,1,-135,8
20260930-135458,473.54,Aspect of the Sword,,,11800,15710,-144,0,,,,,0
20260930-135458,473.74,Aspect of the Sword,,,11940,15910,-144,0,,,,,0
20260930-135458,473.81,Vloxx,81053,7.2,11610,15110,98,1,0,-45,1,-135,0
20260930-135458,473.90,Vloxx,81053,7.3,11610,16360,188,1,0,-45,1,-135,0
20260930-135458,473.93,Aspect of the Sword,,,12090,16110,-144,0,,,,,0
20260930-135458,474.14,Aspect of the Sword,,,12240,16320,-144,0,,,,,0
20260930-135458,474.34,Aspect of the Sword,,,12380,16520,-144,0,,,,,0
20260930-135458,474.34,Vloxx,81053,7.8,12010,15510,8,1,0,-45,1,-135,1
20260930-135458,474.42,Vloxx,81053,7.8,11050,16440,98,1,0,-45,1,-135,1
20260930-135458,474.94,Vloxx,81053,8.4,10960,15880,8,1,0,-180,0,-135,0
20260930-135458,475.30,Vloxx,81053,8.7,11690,15660,-82,0,,,,,0
20260930-135458,475.50,Vloxx,81053,8.9,11930,15630,-82,0,,,,,0
20260930-135458,475.69,Vloxx,81053,9.1,12180,15590,-82,0,,,,,0
20260930-135458,475.90,Vloxx,81053,9.3,12430,15560,-82,0,,,,,0
20260930-135458,476.10,Vloxx,81053,9.5,12680,15520,-82,0,,,,,0
20260930-135458,476.29,Vloxx,81053,9.7,12930,15490,-82,0,,,,,0
20260930-135458,476.50,Vloxx,81053,9.9,13170,15450,-82,0,,,,,0
20260930-135458,476.70,Vloxx,81053,10.1,13420,15420,-82,0,,,,,0
20260930-135458,484.54,Vloxx,,,11560,15730,-222,0,,,,,0
20260930-135458,484.74,Vloxx,,,11400,15920,-222,0,,,,,0
20260930-135458,484.94,Vloxx,,,11230,16100,-222,0,,,,,0
20260930-135458,485.14,Vloxx,,,11070,16290,-222,0,,,,,0
20260930-135458,485.33,Vloxx,,,10900,16480,-222,0,,,,,0
20260930-135458,485.54,Vloxx,,,10740,16660,-222,0,,,,,0
20260930-135458,485.74,Vloxx,,,10570,16850,-222,0,,,,,0
20260930-135458,485.94,Vloxx,,,10400,17040,-222,0,,,,,0
20260930-135458,489.10,Aspect of the Sword,81326,7.6,11640,15770,-59,0,,,,,0
20260930-135458,489.30,Aspect of the Sword,81326,7.8,11850,15650,-59,0,,,,,0
20260930-135458,489.50,Aspect of the Sword,81326,8.0,12070,15520,-59,0,,,,,0
20260930-135458,489.70,Aspect of the Sword,81326,8.2,12290,15390,-59,0,,,,,0
20260930-135458,489.89,Aspect of the Sword,81326,8.4,12500,15260,-59,0,,,,,0
20260930-135458,490.10,Aspect of the Sword,81326,8.6,12720,15140,-59,0,,,,,0
20260930-135458,504.98,Aspect of the Sword,,,11620,15360,9,0,,,,,0
20260930-135458,505.18,Aspect of the Sword,,,11580,15110,9,0,,,,,0
20260930-135458,505.38,Aspect of the Sword,,,11540,14870,9,0,,,,,0
20260930-135458,505.57,Aspect of the Sword,,,11510,14620,9,0,,,,,0
20260930-135458,505.78,Aspect of the Sword,,,11470,14370,9,0,,,,,0
20260930-135458,505.98,Aspect of the Sword,,,11430,14130,9,0,,,,,0
20260930-135458,507.42,Vloxx,81053,4.8,11180,13690,129,1,0,-180,0,0,0
20260930-135458,507.93,Vloxx,81053,5.3,11400,13710,129,1,0,-180,0,0,1
20260930-135458,507.93,Vloxx,81053,5.3,11560,13280,39,1,0,-180,0,0,1
20260930-135458,508.46,Vloxx,81053,5.8,11970,13670,-51,1,0,180,0,0,0
20260930-135458,508.46,Vloxx,81053,5.8,11950,13600,39,1,0,-180,0,0,0
20260930-135458,508.86,Vloxx,81053,6.2,11360,13710,129,1,0,-180,0,0,1
20260930-135458,508.97,Vloxx,81053,6.3,12070,14150,4,1,0,-126,1,0,1
20260930-135458,508.97,Vloxx,81053,6.3,11590,14080,-86,1,0,-125,1,0,1
20260930-135458,509.39,Vloxx,81053,6.7,11860,13990,94,1,0,-125,1,-55,1
20260930-135458,509.50,Vloxx,81053,6.8,11510,14270,-86,1,0,-125,1,-55,1
20260930-135458,509.90,Vloxx,81053,7.2,11570,14490,4,1,0,-126,1,-55,1
20260930-135458,510.41,Vloxx,81053,7.8,11080,14210,-86,1,0,-125,1,-55,1
20260930-135458,513.45,Vloxx,81053,10.8,11360,13760,-176,0,,,,,0
20260930-135458,513.65,Vloxx,81053,11.0,11380,14010,-176,0,,,,,0
20260930-135458,513.85,Vloxx,81053,11.2,11390,14260,-176,0,,,,,0
20260930-135458,514.05,Vloxx,81053,11.4,11410,14510,-176,0,,,,,0
20260930-135458,514.25,Vloxx,81053,11.6,11420,14760,-176,0,,,,,0
20260930-135458,514.45,Vloxx,81053,11.8,11440,15010,-176,0,,,,,0
20260930-135458,514.65,Vloxx,81053,12.0,11460,15260,-176,0,,,,,0
20260930-140955,331.94,Aspect of the Sword,81326,5.1,12860,15400,38,0,,,,,1
20260930-140955,332.14,Aspect of the Sword,81326,5.3,12710,15210,38,0,,,,,0
20260930-140955,332.34,Aspect of the Sword,81326,5.5,12550,15010,38,0,,,,,8
20260930-140955,332.55,Aspect of the Sword,81326,5.7,12400,14810,38,0,,,,,0
20260930-140955,332.74,Aspect of the Sword,81326,5.9,12240,14620,38,0,,,,,0
20260930-140955,332.94,Aspect of the Sword,81326,6.1,12090,14420,38,0,,,,,0
20260930-140955,347.47,Aspect of the Sword,,,12310,15180,-268,0,,,,,0
20260930-140955,347.66,Aspect of the Sword,,,12060,15190,-268,0,,,,,0
20260930-140955,347.86,Aspect of the Sword,,,11810,15200,-268,0,,,,,0
20260930-140955,348.06,Aspect of the Sword,,,11560,15210,-268,0,,,,,0
20260930-140955,348.26,Aspect of the Sword,,,11310,15220,-268,0,,,,,0
20260930-140955,348.46,Aspect of the Sword,,,11060,15230,-268,0,,,,,0
20260930-140955,362.82,Aspect of the Sword,81326,6.7,12120,15700,-52,0,,,,,0
20260930-140955,363.03,Aspect of the Sword,81326,6.9,12310,15550,-52,0,,,,,0
20260930-140955,363.22,Aspect of the Sword,81326,7.1,12510,15400,-52,0,,,,,0
20260930-140955,363.42,Aspect of the Sword,81326,7.3,12710,15240,-52,0,,,,,0
20260930-140955,363.62,Aspect of the Sword,81326,7.5,12910,15090,-52,0,,,,,0
20260930-140955,363.82,Aspect of the Sword,81326,7.7,13100,14940,-52,0,,,,,0
20260930-140955,369.79,Vloxx,81053,4.8,12220,15370,243,1,0,-180,0,0,7
20260930-140955,370.30,Vloxx,81053,5.3,12560,15820,153,1,0,-180,0,0,7
20260930-140955,370.30,Vloxx,81053,5.3,12220,15330,243,1,0,-180,0,0,7
20260930-140955,370.82,Vloxx,81053,5.8,12110,16170,63,1,0,180,0,0,3
20260930-140955,370.82,Vloxx,81053,5.8,12530,14860,153,1,0,-180,0,0,3
20260930-140955,371.22,Vloxx,81053,6.2,12260,15300,243,1,0,-180,0,0,7
20260930-140955,371.35,Vloxx,81053,6.3,13010,15170,113,1,0,-129,1,0,3
20260930-140955,371.35,Vloxx,81053,6.3,11770,15720,23,1,0,-129,1,0,3
20260930-140955,371.74,Vloxx,81053,6.7,12200,15860,178,1,0,-154,1,-51,7
20260930-140955,371.82,Vloxx,81053,6.8,12200,15340,268,1,0,-155,1,-25,7
20260930-140955,371.86,Vloxx,81053,6.8,12690,15640,-2,1,0,-155,1,-25,7
20260930-140955,372.26,Vloxx,81053,7.2,11640,15800,88,1,0,-155,1,-25,2
20260930-140955,372.34,Vloxx,81053,7.3,12380,14800,178,1,0,-154,1,-25,2
20260930-140955,372.78,Vloxx,81053,7.8,11690,15240,-2,1,0,-155,1,-25,1
20260930-140955,372.86,Vloxx,81053,7.8,12920,14980,88,1,0,-155,1,-25,1
20260930-140955,373.38,Vloxx,81053,8.4,12740,15510,-2,1,0,155,1,-25,2
20260930-140955,378.39,Aspect of the Sword,,,12260,15480,-84,0,,,,,0
20260930-140955,378.58,Aspect of the Sword,,,12510,15460,-84,0,,,,,0
20260930-140955,378.78,Aspect of the Sword,,,12750,15430,-84,0,,,,,0
20260930-140955,378.98,Aspect of the Sword,,,13000,15410,-84,0,,,,,0
20260930-140955,379.18,Aspect of the Sword,,,13250,15380,-84,0,,,,,0
20260930-140955,379.38,Aspect of the Sword,,,13500,15360,-84,0,,,,,0
20260930-140955,380.50,Vloxx,,,14140,15480,72,0,,,,,0
20260930-140955,380.71,Vloxx,,,13910,15400,72,0,,,,,0
20260930-140955,380.90,Vloxx,,,13670,15320,72,0,,,,,0
20260930-140955,381.10,Vloxx,,,13430,15240,72,0,,,,,0
20260930-140955,381.30,Vloxx,,,13190,15160,72,0,,,,,0
20260930-140955,381.50,Vloxx,,,12960,15090,72,0,,,,,0
20260930-140955,381.70,Vloxx,,,12720,15010,72,0,,,,,0
20260930-140955,381.90,Vloxx,,,12480,14930,-203,0,,,,,0
20260930-140955,391.98,Vloxx,81053,4.8,14240,15500,300,1,0,180,0,0,1
20260930-140955,392.50,Vloxx,81053,5.3,13870,15930,210,1,0,180,0,0,1
20260930-140955,392.50,Vloxx,81053,5.3,14320,15440,300,1,0,180,0,0,1
20260930-140955,393.02,Vloxx,81053,5.8,14170,15980,210,1,0,180,0,0,0
20260930-140955,393.02,Vloxx,81053,5.8,13440,15550,120,1,0,-180,0,0,0
20260930-140955,393.42,Vloxx,81053,6.2,14380,15430,300,1,0,180,0,0,1
20260930-140955,393.54,Vloxx,81053,6.3,13630,15830,96,1,0,156,1,0,1
20260930-140955,393.54,Vloxx,81053,6.3,13810,15130,6,1,0,156,1,0,1
20260930-140955,393.94,Vloxx,81053,6.7,14170,15950,186,1,0,156,1,24,1
20260930-140955,394.02,Vloxx,81053,6.8,14430,15460,276,1,0,156,1,24,1
20260930-140955,394.07,Vloxx,81053,6.9,13780,15290,6,1,0,156,1,24,1
20260930-140955,394.46,Vloxx,81053,7.2,13650,15740,96,1,0,156,1,24,0
20260930-140955,394.54,Vloxx,81053,7.3,14110,15930,186,1,0,156,1,24,0
20260930-140955,394.98,Vloxx,81053,7.8,13860,15220,6,1,0,156,1,24,0
20260930-140955,395.06,Vloxx,81053,7.8,13640,15610,96,1,0,156,1,24,0
20260930-140955,395.18,Aspect of the Sword,81326,9.4,13740,15970,-23,0,,,,,0
20260930-140955,395.39,Aspect of the Sword,81326,9.7,13840,15740,-23,0,,,,,0
20260930-140955,395.58,Aspect of the Sword,81326,9.8,13930,15510,-23,0,,,,,0
20260930-140955,395.58,Vloxx,81053,8.4,13960,15140,-7,1,0,167,1,24,0
20260930-140955,395.78,Aspect of the Sword,81326,10.0,14030,15280,-23,0,,,,,0
20260930-140955,395.98,Aspect of the Sword,81326,10.2,14130,15050,-23,0,,,,,0
20260930-140955,396.18,Aspect of the Sword,81326,10.4,14230,14820,-23,0,,,,,0
20260930-140955,397.94,Vloxx,81053,10.7,14290,15510,-97,0,,,,,0
20260930-140955,398.14,Vloxx,81053,10.9,14540,15540,-97,0,,,,,0
20260930-140955,398.34,Vloxx,81053,11.1,14780,15570,-97,0,,,,,0
20260930-140955,398.54,Vloxx,81053,11.3,15030,15600,-97,0,,,,,0
20260930-140955,398.74,Vloxx,81053,11.5,15280,15630,-97,0,,,,,0
20260930-140955,398.94,Vloxx,81053,11.7,15530,15670,-97,0,,,,,0
20260930-140955,399.14,Vloxx,81053,11.9,15780,15700,-97,0,,,,,0
20260930-140955,399.34,Vloxx,,,16020,15730,-97,0,,,,,0
20260930-140955,408.42,Vloxx,81053,4.8,14030,16100,281,1,0,-180,0,0,0
20260930-140955,408.94,Vloxx,81053,5.3,13470,16020,191,1,0,180,0,0,1
20260930-140955,408.94,Vloxx,81053,5.3,14050,16070,281,1,0,-180,0,0,1
20260930-140955,409.46,Vloxx,81053,5.8,13500,16160,191,1,0,180,0,0,0
20260930-140955,409.46,Vloxx,81053,5.8,13550,15460,101,1,0,180,0,0,0
20260930-140955,409.86,Vloxx,81053,6.2,14070,16090,281,1,0,-180,0,0,0
20260930-140955,409.98,Vloxx,81053,6.3,13400,15610,22,1,0,101,1,0,0
20260930-140955,409.98,Vloxx,81053,6.3,14110,15540,-68,1,0,101,1,0,0
20260930-140955,410.38,Vloxx,81053,6.7,13510,16160,112,1,0,101,1,79,1
20260930-140955,410.42,Aspect of the Sword,,,13720,16120,-114,0,,,,,0
20260930-140955,410.46,Vloxx,81053,6.8,14040,16030,202,1,0,101,1,79,1
20260930-140955,410.50,Vloxx,81053,6.8,13960,15510,-68,1,0,101,1,79,1
20260930-140955,410.62,Aspect of the Sword,,,13950,16220,-114,0,,,,,0
20260930-140955,410.83,Aspect of the Sword,,,14180,16330,-114,0,,,,,0
20260930-140955,410.90,Vloxx,81053,7.2,13440,15600,22,1,0,101,1,79,0
20260930-140955,410.98,Vloxx,81053,7.3,13530,16260,112,1,0,101,1,79,0
20260930-140955,411.02,Aspect of the Sword,,,14400,16430,-114,0,,,,,0
20260930-140955,411.22,Aspect of the Sword,,,14630,16530,-114,0,,,,,0
20260930-140955,411.42,Aspect of the Sword,,,14860,16630,-114,0,,,,,0
20260930-140955,411.42,Vloxx,81053,7.8,14010,15530,-68,1,0,101,1,79,0
20260930-140955,411.50,Vloxx,81053,7.8,13290,15750,22,1,0,101,1,79,0
20260930-140955,412.02,Vloxx,81053,8.4,13810,15510,-68,1,0,-180,0,79,0
20260930-140955,425.94,Vloxx,81053,4.8,13800,16050,213,1,0,180,0,0,3
20260930-140955,426.46,Vloxx,81053,5.3,13570,16560,123,1,0,180,0,0,3
20260930-140955,426.46,Vloxx,81053,5.3,13980,16150,213,1,0,180,0,0,3
20260930-140955,426.98,Vloxx,81053,5.8,13510,15830,123,1,0,180,0,0,3
20260930-140955,426.98,Vloxx,81053,5.8,13060,16330,33,1,0,-180,0,0,3
20260930-140955,427.38,Vloxx,81053,6.2,13950,16090,213,1,0,180,0,0,5
20260930-140955,427.50,Vloxx,81053,6.3,13290,15820,-57,1,0,-180,0,0,5
20260930-140955,427.50,Vloxx,81053,6.3,13830,15370,33,1,0,-180,0,0,5
20260930-140955,427.91,Vloxx,81053,6.7,13550,15690,155,1,0,-148,1,-32,7
20260930-140955,427.98,Vloxx,81053,6.8,13890,15990,245,1,0,-148,1,-32,7
20260930-140955,428.02,Vloxx,81053,6.8,14300,15680,-25,1,0,-148,1,-32,7
20260930-140955,428.42,Vloxx,81053,7.2,13950,15290,65,1,0,-148,1,-32,0
20260930-140955,428.50,Vloxx,81053,7.3,13500,16400,155,1,0,-148,1,-32,0
20260930-140955,428.94,Vloxx,81053,7.8,14350,15690,-25,1,0,-148,1,-32,0
20260930-140955,429.02,Vloxx,81053,7.8,13090,16010,65,1,0,-148,1,-32,0
20260930-140955,429.54,Vloxx,81053,8.4,13480,15600,-25,1,0,180,0,-32,1
20260930-140955,432.01,Vloxx,81053,10.8,14020,16000,-97,0,,,,,0
20260930-140955,432.22,Vloxx,81053,11.0,14270,16030,-97,0,,,,,0
20260930-140955,432.42,Vloxx,81053,11.2,14520,16060,-97,0,,,,,0
20260930-140955,432.62,Vloxx,81053,11.4,14760,16090,-97,0,,,,,0
20260930-140955,432.82,Vloxx,81053,11.6,15010,16130,-97,0,,,,,0
20260930-140955,433.02,Vloxx,81053,11.8,15260,16160,-97,0,,,,,0
20260930-140955,433.22,Vloxx,,,15510,16190,-97,0,,,,,0
20260930-140955,433.42,Vloxx,,,15760,16220,-97,0,,,,,0
20260930-140955,447.46,Vloxx,81053,4.8,14330,15620,122,1,0,180,0,0,10
20260930-140955,447.98,Vloxx,81053,5.3,13980,16060,32,1,0,-180,0,0,8
20260930-140955,447.99,Vloxx,81053,5.3,14110,15790,122,1,0,180,0,0,8
20260930-140955,448.49,Vloxx,81053,5.8,13540,15710,-58,1,0,-180,0,0,7
20260930-140955,448.50,Vloxx,81053,5.8,14070,16360,32,1,0,-180,0,0,7
20260930-140955,448.90,Vloxx,81053,6.2,14400,15570,122,1,0,180,0,0,9
20260930-140955,449.02,Vloxx,81053,6.3,13890,15270,179,1,0,147,1,0,9
20260930-140955,449.02,Vloxx,81053,6.3,13510,16330,269,1,0,147,1,0,9
20260930-140955,449.42,Vloxx,81053,6.7,14220,16100,22,1,0,170,1,33,10
20260930-140955,449.50,Vloxx,81053,6.8,14260,15640,112,1,0,170,1,33,10
20260930-140955,449.54,Vloxx,81053,6.8,13540,15760,-158,1,0,170,1,10,10
20260930-140955,449.93,Vloxx,81053,7.2,13690,15920,-68,1,0,170,1,10,9
20260930-140955,450.02,Vloxx,81053,7.3,14080,16170,22,1,0,170,1,10,9
20260930-140955,450.45,Vloxx,81053,7.8,13870,15380,-158,1,0,170,1,10,9
20260930-140955,450.54,Vloxx,81053,7.8,13540,15980,-68,1,0,170,1,10,9
20260930-140955,451.06,Vloxx,81053,8.4,13730,15450,-158,1,0,-157,1,10,7
20260930-140955,456.86,Vloxx,,,12590,16510,-64,0,,,,,0
20260930-140955,457.06,Vloxx,,,12810,16400,-64,0,,,,,0
20260930-140955,457.25,Vloxx,,,13040,16290,-64,0,,,,,0
20260930-140955,457.46,Vloxx,,,13260,16180,-64,0,,,,,0
20260930-140955,457.66,Vloxx,,,13490,16070,-64,0,,,,,0
20260930-140955,457.86,Vloxx,,,13710,15960,-64,0,,,,,0
20260930-140955,458.06,Vloxx,,,13940,15850,-64,0,,,,,0
20260930-140955,458.26,Vloxx,,,14160,15740,-64,0,,,,,0
20260930-140955,464.06,Vloxx,81053,4.8,12670,16210,342,1,0,180,0,0,4
20260930-140955,464.58,Vloxx,81053,5.3,12480,15680,252,1,0,-180,0,0,9
20260930-140955,464.58,Vloxx,81053,5.3,12610,16470,342,1,0,180,0,0,9
20260930-140955,465.10,Vloxx,81053,5.8,13010,15490,162,1,0,-180,0,0,7
20260930-140955,465.10,Vloxx,81053,5.8,12660,15900,252,1,0,-180,0,0,7
20260930-140955,465.49,Vloxx,81053,6.2,12790,16030,342,1,0,180,0,0,5
20260930-140955,465.62,Vloxx,81053,6.3,13230,15960,162,1,0,-180,0,0,5
20260930-140955,465.62,Vloxx,81053,6.3,13200,16020,72,1,0,-180,0,0,5
20260930-140955,466.02,Vloxx,81053,6.7,12630,15490,252,1,0,-180,0,0,7
20260930-140955,466.10,Vloxx,81053,6.8,12640,16050,342,1,0,180,0,0,9
20260930-140955,466.14,Vloxx,81053,6.8,13170,16520,72,1,0,-180,0,0,9
20260930-140955,466.54,Vloxx,81053,7.2,13170,15330,162,1,0,-180,0,0,4
20260930-140955,466.62,Vloxx,81053,7.3,12350,15570,252,1,0,-180,0,0,4
20260930-140955,467.06,Vloxx,81053,7.8,13340,15870,72,1,0,-180,0,0,6
20260930-140955,467.14,Vloxx,81053,7.8,12830,15270,162,1,0,-180,0,0,6
20260930-140955,467.66,Vloxx,81053,8.4,13120,15760,-7,1,0,101,1,79,0
20260930-140955,470.74,Aspect of the Sword,81326,5.1,13010,15770,-203,0,,,,,0
20260930-140955,470.94,Aspect of the Sword,81326,5.3,12910,16000,-203,0,,,,,0
20260930-140955,471.14,Aspect of the Sword,81326,5.5,12810,16230,-203,0,,,,,0
20260930-140955,471.34,Aspect of the Sword,81326,5.7,12720,16460,-203,0,,,,,0
20260930-140955,471.54,Aspect of the Sword,81326,5.9,12620,16690,-203,0,,,,,0
20260930-140955,471.74,Aspect of the Sword,81326,6.1,12520,16920,-203,0,,,,,0
20260930-140955,481.90,Vloxx,81053,4.8,12670,16650,405,1,0,-180,0,0,9
20260930-140955,482.42,Vloxx,81053,5.3,12110,16730,315,1,0,-180,0,0,10
20260930-140955,482.42,Vloxx,81053,5.3,12690,16510,405,1,0,-180,0,0,10
20260930-140955,482.94,Vloxx,81053,5.8,12020,16170,225,1,0,-180,0,0,9
20260930-140955,482.94,Vloxx,81053,5.8,12360,16970,315,1,0,-180,0,0,9
20260930-140955,483.34,Vloxx,81053,6.2,12520,16540,405,1,0,-180,0,0,6
20260930-140955,483.46,Vloxx,81053,6.3,12580,16090,87,1,0,132,1,0,5
20260930-140955,483.46,Vloxx,81053,6.3,11900,16640,177,1,0,132,1,0,5
20260930-140955,483.86,Vloxx,81053,6.7,12080,16890,267,1,0,132,1,48,10
20260930-140955,483.94,Vloxx,81053,6.8,12650,16700,357,1,0,132,1,48,10
20260930-140955,483.97,Vloxx,81053,6.8,12240,16180,87,1,0,132,1,48,10
20260930-140955,484.38,Vloxx,81053,7.2,11730,16450,177,1,0,132,1,48,3
20260930-140955,484.45,Vloxx,81053,7.3,12090,16640,267,1,0,132,1,48,3
20260930-140955,484.89,Vloxx,81053,7.8,12170,16100,87,1,0,132,1,48,2
20260930-140955,484.98,Vloxx,81053,7.8,12150,16080,177,1,0,132,1,48,2
20260930-140955,485.50,Vloxx,81053,8.4,12720,16140,143,1,0,-123,1,-8,8
20260930-140955,486.38,Aspect of the Sword,,,12440,16390,-108,0,,,,,0
20260930-140955,486.57,Aspect of the Sword,,,12680,16460,-108,0,,,,,0
20260930-140955,486.77,Aspect of the Sword,,,12910,16540,-108,0,,,,,0
20260930-140955,486.98,Aspect of the Sword,,,13150,16620,-108,0,,,,,0
20260930-140955,487.17,Aspect of the Sword,,,13390,16690,-108,0,,,,,0
20260930-140955,487.38,Aspect of the Sword,,,13630,16770,-108,0,,,,,0
20260930-140955,487.86,Vloxx,81053,10.7,12460,16490,54,0,,,,,0
20260930-140955,488.05,Vloxx,81053,10.9,12260,16350,54,0,,,,,0
20260930-140955,488.25,Vloxx,81053,11.1,12060,16200,54,0,,,,,0
20260930-140955,488.46,Vloxx,81053,11.3,11860,16050,54,0,,,,,0
20260930-140955,488.66,Vloxx,81053,11.5,11660,15900,54,0,,,,,0
20260930-140955,488.86,Vloxx,81053,11.7,11460,15750,54,0,,,,,0
20260930-140955,489.05,Vloxx,81053,11.9,11250,15600,54,0,,,,,0
20260930-140955,489.25,Vloxx,,,11050,15450,54,0,,,,,0
20260930-140955,498.38,Vloxx,81053,4.8,12290,16740,163,1,0,-180,0,0,0
20260930-140955,498.89,Vloxx,81053,5.3,12440,16600,163,1,0,-180,0,0,1
20260930-140955,498.89,Vloxx,81053,5.3,12320,16180,73,1,0,-180,0,0,1
20260930-140955,499.42,Vloxx,81053,5.8,12890,16210,-17,1,0,-180,0,0,0
20260930-140955,499.42,Vloxx,81053,5.8,12500,16040,73,1,0,-180,0,0,0
20260930-140955,499.81,Vloxx,81053,6.2,12420,16960,163,1,0,-180,0,0,1
20260930-140955,499.94,Vloxx,81053,6.3,13060,16100,-17,1,0,-180,0,0,1
20260930-140955,499.94,Vloxx,81053,6.3,12850,16780,-107,1,0,180,0,0,1
20260930-140955,500.33,Vloxx,81053,6.7,12710,17440,65,1,0,172,0,8,3
20260930-140955,500.41,Vloxx,81053,6.8,12270,16490,155,1,0,172,0,8,3
20260930-140955,500.46,Vloxx,81053,6.8,13000,16660,-115,1,0,172,0,8,3
20260930-140955,500.85,Vloxx,81053,7.2,12230,17730,-25,1,0,172,0,8,0
20260930-140955,500.94,Vloxx,81053,7.3,12740,16170,65,1,0,172,0,8,0
20260930-140955,501.38,Vloxx,81053,7.8,11930,17250,-115,1,0,172,0,8,4
20260930-140955,501.46,Vloxx,81053,7.8,13050,16650,-25,1,0,172,0,8,4
20260930-140955,501.69,Aspect of the Sword,81326,6.6,12440,16380,-100,0,,,,,0
20260930-140955,501.89,Aspect of the Sword,81326,6.8,12690,16420,-100,0,,,,,0
20260930-140955,501.99,Vloxx,81053,8.4,12580,16960,-115,1,0,-180,0,8,1
20260930-140955,502.10,Aspect of the Sword,81326,7.0,12930,16470,-100,0,,,,,0
20260930-140955,502.29,Aspect of the Sword,81326,7.2,13180,16510,-100,0,,,,,0
20260930-140955,502.50,Aspect of the Sword,81326,7.4,13420,16560,-100,0,,,,,0
20260930-140955,502.69,Aspect of the Sword,81326,7.6,13670,16600,-100,0,,,,,0
20260930-140955,507.78,Vloxx,,,12450,16540,87,0,,,,,0
20260930-140955,507.97,Vloxx,,,12200,16520,87,0,,,,,0
20260930-140955,508.17,Vloxx,,,11950,16510,87,0,,,,,0
20260930-140955,508.38,Vloxx,,,11700,16490,87,0,,,,,0
20260930-140955,508.58,Vloxx,,,11450,16480,87,0,,,,,0
20260930-140955,508.77,Vloxx,,,11200,16460,87,0,,,,,0
20260930-140955,508.98,Vloxx,,,10950,16450,87,0,,,,,0
20260930-140955,509.18,Vloxx,,,10700,16430,-162,0,,,,,0
20260930-140955,518.09,Aspect of the Sword,,,12660,17430,-187,0,,,,,0
20260930-140955,518.30,Aspect of the Sword,,,12640,17680,-187,0,,,,,0
20260930-140955,518.50,Aspect of the Sword,,,12610,17930,-187,0,,,,,0
20260930-140955,518.70,Aspect of the Sword,,,12580,18180,-187,0,,,,,0
20260930-140955,518.89,Aspect of the Sword,,,12550,18430,-187,0,,,,,0
20260930-140955,519.10,Aspect of the Sword,,,12520,18680,-187,0,,,,,0
20260930-140955,520.98,Vloxx,81053,4.8,12850,17210,161,1,0,-180,0,0,1
20260930-140955,521.49,Vloxx,81053,5.3,12320,17000,71,1,0,-180,0,0,0
20260930-140955,522.02,Vloxx,81053,5.8,12530,16470,-19,1,0,-180,0,0,2
20260930-140955,522.54,Vloxx,81053,6.3,13050,16680,-109,1,0,180,0,0,0
20260930-140955,523.01,Vloxx,81053,6.8,12870,17160,386,1,0,44,1,136,4
20260930-140955,523.54,Vloxx,81053,7.3,12370,16900,296,1,0,44,1,136,6
20260930-140955,524.06,Vloxx,81053,7.8,12640,16400,206,1,0,45,1,136,4
20260930-140955,524.57,Vloxx,81053,8.4,13140,16670,116,1,0,-180,0,136,2
20260930-140955,534.13,Aspect of the Sword,81326,9.6,12660,16720,-80,0,,,,,0
20260930-140955,534.33,Aspect of the Sword,81326,9.8,12910,16680,-80,0,,,,,0
20260930-140955,534.54,Aspect of the Sword,81326,10.0,13150,16630,-80,0,,,,,0
20260930-140955,534.74,Aspect of the Sword,81326,10.2,13400,16590,-80,0,,,,,0
20260930-140955,534.93,Aspect of the Sword,81326,10.4,13640,16540,-80,0,,,,,0
20260930-140955,535.13,Aspect of the Sword,81326,10.6,13890,16500,-80,0,,,,,0
20260930-140955,537.26,Vloxx,81053,4.8,12770,17330,353,1,0,180,0,0,3
20260930-140955,537.78,Vloxx,81053,5.3,12220,17470,263,1,0,180,0,0,4
20260930-140955,537.78,Vloxx,81053,5.3,12990,17140,353,1,0,180,0,0,4
20260930-140955,538.30,Vloxx,81053,5.8,12080,16920,173,1,0,-180,0,0,5
20260930-140955,538.30,Vloxx,81053,5.8,12640,16690,263,1,0,180,0,0,5
20260930-140955,538.69,Vloxx,81053,6.2,12900,17470,353,1,0,180,0,0,2
20260930-140955,538.82,Vloxx,81053,6.3,12630,16780,83,1,0,-180,0,0,7
20260930-140955,538.82,Vloxx,81053,6.3,13090,16340,173,1,0,-180,0,0,7
20260930-140955,539.21,Vloxx,81053,6.7,13070,16930,263,1,0,180,0,0,5
20260930-140955,539.30,Vloxx,81053,6.8,12710,17180,353,1,0,180,0,0,7
20260930-140955,539.34,Vloxx,81053,6.8,13440,16790,83,1,0,-180,0,0,6
20260930-140955,539.74,Vloxx,81053,7.2,13610,17100,173,1,0,-180,0,0,1
20260930-140955,539.82,Vloxx,81053,7.3,12140,17160,263,1,0,180,0,0,1
20260930-140955,540.26,Vloxx,81053,7.8,13440,17640,83,1,0,-180,0,0,2
20260930-140955,540.33,Vloxx,81053,7.8,12170,16590,183,1,0,-170,0,0,2
20260930-140955,540.86,Vloxx,81053,8.4,12730,16610,93,1,0,-170,0,-10,0
20260930-140955,544.78,Vloxx,,,12960,17370,-3,0,,,,,0
20260930-140955,544.97,Vloxx,,,12970,17120,-3,0,,,,,0
20260930-140955,545.18,Vloxx,,,12990,16870,-3,0,,,,,0
20260930-140955,545.37,Vloxx,,,13000,16620,-3,0,,,,,0
20260930-140955,545.57,Vloxx,,,13020,16370,-3,0,,,,,0
20260930-140955,545.78,Vloxx,,,13030,16120,-3,0,,,,,0
20260930-140955,545.97,Vloxx,,,13050,15870,-3,0,,,,,0
20260930-140955,546.17,Vloxx,,,13060,15620,-3,0,,,,,0
20260930-140955,550.57,Aspect of the Sword,,,13040,16500,-169,0,,,,,0
20260930-140955,550.78,Aspect of the Sword,,,13080,16740,-169,0,,,,,0
20260930-140955,550.97,Aspect of the Sword,,,13130,16990,-169,0,,,,,0
20260930-140955,551.17,Aspect of the Sword,,,13180,17230,-169,0,,,,,0
20260930-140955,551.38,Aspect of the Sword,,,13230,17480,-169,0,,,,,0
20260930-140955,551.57,Aspect of the Sword,,,13270,17730,-169,0,,,,,0
20260930-140955,553.57,Vloxx,81053,4.8,13070,16880,374,1,0,-180,0,0,0
20260930-140955,554.09,Vloxx,81053,5.3,13040,16880,374,1,0,-180,0,0,0
20260930-140955,554.09,Vloxx,81053,5.3,12500,16910,284,1,0,-180,0,0,0
20260930-140955,554.61,Vloxx,81053,5.8,12490,16760,284,1,0,-180,0,0,1
20260930-140955,554.61,Vloxx,81053,5.8,12470,16350,194,1,0,180,0,0,1
20260930-140955,555.14,Vloxx,81053,6.3,12610,16200,194,1,0,180,0,0,3
20260930-140955,555.14,Vloxx,81053,6.3,13030,16310,104,1,0,180,0,0,3
20260930-140955,555.61,Vloxx,81053,6.8,12900,16590,388,1,0,-166,1,-14,2
20260930-140955,555.65,Vloxx,81053,6.8,13160,16320,118,1,0,-166,1,-14,2
20260930-140955,556.13,Vloxx,81053,7.3,12370,16390,298,1,0,-166,1,-14,2
20260930-140955,556.66,Vloxx,81053,7.8,12570,15860,208,1,0,-166,1,-14,3
20260930-140955,557.18,Vloxx,81053,8.4,13100,16060,118,1,0,-180,0,-14,2
20260930-144016,378.06,Aspect of the Sword,81326,7.8,12930,15680,-227,0,,,,,0
20260930-144016,378.27,Aspect of the Sword,81326,8.0,12750,15850,-227,0,,,,,0
20260930-144016,378.47,Aspect of the Sword,81326,8.2,12560,16020,-227,0,,,,,0
20260930-144016,378.67,Aspect of the Sword,81326,8.4,12380,16190,-227,0,,,,,0
20260930-144016,378.86,Aspect of the Sword,81326,8.6,12190,16350,-227,0,,,,,0
20260930-144016,379.07,Aspect of the Sword,81326,8.8,12010,16520,-227,0,,,,,0
20260930-144016,394.19,Aspect of the Sword,,,12740,15090,-258,0,,,,,0
20260930-144016,394.39,Aspect of the Sword,,,12500,15140,-258,0,,,,,0
20260930-144016,394.59,Aspect of the Sword,,,12250,15190,-258,0,,,,,0
20260930-144016,394.78,Aspect of the Sword,,,12010,15240,-258,0,,,,,0
20260930-144016,394.99,Aspect of the Sword,,,11760,15290,-258,0,,,,,0
20260930-144016,395.18,Aspect of the Sword,,,11520,15350,-258,0,,,,,0
20260930-144016,409.75,Aspect of the Sword,81326,10.2,12360,15170,-236,0,,,,,0
20260930-144016,409.94,Aspect of the Sword,81326,10.4,12150,15310,-236,0,,,,,0
20260930-144016,410.14,Aspect of the Sword,81326,10.6,11940,15450,-236,0,,,,,0
20260930-144016,410.34,Aspect of the Sword,81326,10.8,11740,15590,-236,0,,,,,0
20260930-144016,410.54,Aspect of the Sword,81326,11.0,11530,15740,-236,0,,,,,0
20260930-144016,410.74,Aspect of the Sword,81326,11.2,11330,15880,-236,0,,,,,0
20260930-144016,425.22,Aspect of the Sword,,,11780,16580,-185,0,,,,,0
20260930-144016,425.43,Aspect of the Sword,,,11760,16830,-185,0,,,,,0
20260930-144016,425.62,Aspect of the Sword,,,11730,17080,-185,0,,,,,0
20260930-144016,425.62,Vloxx,81053,4.8,11500,17180,319,1,0,-180,0,0,3
20260930-144016,425.82,Aspect of the Sword,,,11710,17330,-185,0,,,,,0
20260930-144016,426.03,Aspect of the Sword,,,11690,17580,-185,0,,,,,0
20260930-144016,426.15,Vloxx,81053,5.3,11490,17190,319,1,0,-180,0,0,1
20260930-144016,426.15,Vloxx,81053,5.3,11380,16620,229,1,0,-180,0,0,1
20260930-144016,426.22,Aspect of the Sword,,,11670,17830,-185,0,,,,,0
20260930-144016,426.66,Vloxx,81053,5.8,11930,16500,139,1,0,180,0,0,2
20260930-144016,426.66,Vloxx,81053,5.8,11260,16680,229,1,0,-180,0,0,2
20260930-144016,427.06,Vloxx,81053,6.2,11610,17150,319,1,0,-180,0,0,3
20260930-144016,427.19,Vloxx,81053,6.3,12060,17050,49,1,0,180,0,0,2
20260930-144016,427.19,Vloxx,81053,6.3,11770,16440,139,1,0,180,0,0,2
20260930-144016,427.58,Vloxx,81053,6.7,11880,16650,229,1,0,-180,0,0,3
20260930-144016,427.67,Vloxx,81053,6.8,11710,17160,319,1,0,-180,0,0,3
20260930-144016,427.70,Vloxx,81053,6.8,12010,16960,49,1,0,180,0,0,3
20260930-144016,428.10,Vloxx,81053,7.2,12380,16920,139,1,0,180,0,0,3
20260930-144016,428.19,Vloxx,81053,7.3,12060,16720,229,1,0,-180,0,0,3
20260930-144016,428.62,Vloxx,81053,7.8,12110,17420,-145,1,0,-14,1,0,1
20260930-144016,428.70,Vloxx,81053,7.8,12510,17070,-55,1,0,-14,1,0,1
20260930-144016,429.22,Vloxx,81053,8.4,12160,17510,-145,1,0,-14,1,-166,1
20260930-144016,433.06,Vloxx,,,11430,17230,-236,0,,,,,0
20260930-144016,433.27,Vloxx,,,11230,17370,-236,0,,,,,0
20260930-144016,433.46,Vloxx,,,11020,17510,-236,0,,,,,0
20260930-144016,433.67,Vloxx,,,10810,17650,-236,0,,,,,0
20260930-144016,433.86,Vloxx,,,10600,17790,-236,0,,,,,0
20260930-144016,434.06,Vloxx,,,10400,17930,-236,0,,,,,0
20260930-144016,434.26,Vloxx,,,10190,18070,-236,0,,,,,0
20260930-144016,434.46,Vloxx,,,9980,18210,34,0,,,,,0
20260930-144016,440.51,Aspect of the Sword,81326,11.4,11270,16600,-248,0,,,,,0
20260930-144016,440.71,Aspect of the Sword,81326,11.6,11040,16690,-248,0,,,,,0
20260930-144016,440.91,Aspect of the Sword,81326,11.8,10810,16780,-248,0,,,,,0
20260930-144016,441.10,Aspect of the Sword,,,10580,16880,-248,0,,,,,0
20260930-144016,441.30,Aspect of the Sword,,,10350,16970,-248,0,,,,,0
20260930-144016,441.51,Aspect of the Sword,,,10110,17060,-248,0,,,,,0
20260930-144016,445.63,Vloxx,81053,4.8,11280,16880,254,1,0,-180,0,0,3
20260930-144016,446.14,Vloxx,81053,5.3,11290,16900,254,1,0,-180,0,0,2
20260930-144016,446.14,Vloxx,81053,5.3,11840,16990,164,1,0,-180,0,0,2
20260930-144016,446.66,Vloxx,81053,5.8,11730,17540,74,1,0,180,0,0,1
20260930-144016,446.66,Vloxx,81053,5.8,11850,16960,164,1,0,-180,0,0,1
20260930-144016,447.06,Vloxx,81053,6.2,11400,17150,254,1,0,-180,0,0,0
20260930-144016,447.19,Vloxx,81053,6.3,11790,17520,74,1,0,180,0,0,1
20260930-144016,447.19,Vloxx,81053,6.3,11170,17430,-16,1,0,180,0,0,1
20260930-144016,447.58,Vloxx,81053,6.7,10910,16870,164,1,0,-180,0,0,0
20260930-144016,447.66,Vloxx,81053,6.8,11370,17020,254,1,0,-180,0,0,0
20260930-144016,447.70,Vloxx,81053,6.8,11230,17460,-16,1,0,180,0,0,0
20260930-144016,448.10,Vloxx,81053,7.2,11200,16380,74,1,0,180,0,0,1
20260930-144016,448.18,Vloxx,81053,7.3,10850,16800,164,1,0,-180,0,0,1
20260930-144016,448.62,Vloxx,81053,7.8,11690,16660,115,1,0,-49,1,-131,9
20260930-144016,448.70,Vloxx,81053,7.8,11070,16280,205,1,0,-49,1,-131,9
20260930-144016,449.23,Vloxx,81053,8.4,11590,16500,115,1,0,-49,1,-131,9
20260930-144016,450.79,Vloxx,81053,9.9,11330,16920,25,0,,,,,0
20260930-144016,450.98,Vloxx,81053,10.1,11230,16700,25,0,,,,,0
20260930-144016,451.18,Vloxx,81053,10.3,11120,16470,25,0,,,,,0
20260930-144016,451.38,Vloxx,81053,10.5,11020,16240,25,0,,,,,0
20260930-144016,451.58,Vloxx,81053,10.7,10910,16020,25,0,,,,,0
20260930-144016,451.78,Vloxx,81053,10.9,10810,15790,25,0,,,,,0
20260930-144016,451.98,Vloxx,81053,11.1,10700,15560,25,0,,,,,0
20260930-144016,452.18,Vloxx,81053,11.3,10600,15330,24,0,,,,,0
20260930-144016,462.10,Vloxx,81053,4.8,11080,16930,363,1,0,180,0,0,5
20260930-144016,462.62,Vloxx,81053,5.3,11240,16380,273,1,0,-180,0,0,5
20260930-144016,462.62,Vloxx,81053,5.3,11150,16940,363,1,0,180,0,0,5
20260930-144016,463.14,Vloxx,81053,5.8,11780,16540,183,1,0,-180,0,0,4
20260930-144016,463.14,Vloxx,81053,5.8,11140,16370,273,1,0,-180,0,0,4
20260930-144016,463.54,Vloxx,81053,6.2,11250,16840,363,1,0,180,0,0,3
20260930-144016,463.66,Vloxx,81053,6.3,11700,16360,37,1,0,34,1,0,3
20260930-144016,463.66,Vloxx,81053,6.3,11630,17080,-53,1,0,34,1,0,3
20260930-144016,464.06,Vloxx,81053,6.7,11130,16290,127,1,0,34,1,146,9
20260930-144016,464.15,Vloxx,81053,6.8,11180,16720,217,1,0,34,1,146,9
20260930-144016,464.18,Vloxx,81053,6.8,11720,16920,-53,1,0,34,1,146,9
20260930-144016,464.58,Vloxx,81053,7.2,11690,16170,37,1,0,34,1,146,6
20260930-144016,464.66,Vloxx,81053,7.3,11730,16830,127,1,0,34,1,146,6
20260930-144016,465.10,Vloxx,81053,7.8,11800,16730,-53,1,0,34,1,146,4
20260930-144016,465.18,Vloxx,81053,7.8,11620,17380,37,1,0,34,1,146,4
20260930-144016,465.70,Vloxx,81053,8.4,11070,17270,-53,1,0,180,0,146,3
20260930-144016,474.94,Vloxx,,,11320,16810,-71,0,,,,,0
20260930-144016,475.14,Vloxx,,,11560,16730,-71,0,,,,,0
20260930-144016,475.34,Vloxx,,,11800,16650,-71,0,,,,,0
20260930-144016,475.54,Vloxx,,,12040,16570,-71,0,,,,,0
20260930-144016,475.74,Vloxx,,,12270,16490,-71,0,,,,,0
20260930-144016,475.94,Vloxx,,,12510,16410,-71,0,,,,,0
20260930-144016,476.14,Vloxx,,,12750,16330,-71,0,,,,,0
20260930-144016,476.34,Vloxx,81053,0.1,12980,16250,-5,0,,,,,0
20260930-144016,481.02,Vloxx,81053,4.8,11350,16910,355,1,0,180,0,0,4
20260930-144016,481.54,Vloxx,81053,5.3,10790,16990,265,1,0,180,0,0,9
20260930-144016,481.54,Vloxx,81053,5.3,11170,16710,355,1,0,180,0,0,9
20260930-144016,482.07,Vloxx,81053,5.8,10710,16430,175,1,0,-180,0,0,1
20260930-144016,482.07,Vloxx,81053,5.8,10620,16600,265,1,0,180,0,0,1
20260930-144016,482.46,Vloxx,81053,6.2,11250,16820,355,1,0,180,0,0,5
20260930-144016,482.58,Vloxx,81053,6.3,10730,16040,175,1,0,-180,0,0,5
20260930-144016,482.58,Vloxx,81053,6.3,11270,16350,85,1,0,-180,0,0,5
20260930-144016,482.98,Vloxx,81053,6.7,10760,16540,101,1,0,16,1,164,2
20260930-144016,483.06,Vloxx,81053,6.8,11180,16680,191,1,0,16,1,164,5
20260930-144016,483.10,Vloxx,81053,6.8,11290,16160,-79,1,0,16,1,164,5
20260930-144016,483.50,Vloxx,81053,7.2,11040,16050,11,1,0,16,1,164,0
20260930-144016,483.58,Vloxx,81053,7.3,10640,16500,101,1,0,16,1,164,0
20260930-144016,484.02,Vloxx,81053,7.8,11530,16330,-79,1,0,16,1,164,2
20260930-144016,484.10,Vloxx,81053,7.8,10830,15970,11,1,0,16,1,164,2
20260930-144016,484.62,Vloxx,81053,8.4,11360,16150,-79,1,0,180,0,164,3
20260930-144016,484.98,Vloxx,81053,8.7,11270,16910,-169,0,,,,,0
20260930-144016,485.18,Vloxx,81053,8.9,11310,17150,-169,0,,,,,0
20260930-144016,485.38,Vloxx,81053,9.1,11360,17400,-169,0,,,,,0
20260930-144016,485.58,Vloxx,81053,9.3,11400,17640,-169,0,,,,,0
20260930-144016,485.78,Vloxx,81053,9.5,11450,17890,-169,0,,,,,0
20260930-144016,485.98,Vloxx,81053,9.7,11500,18140,-169,0,,,,,0
20260930-144016,486.18,Vloxx,81053,9.9,11540,18380,-169,0,,,,,0
20260930-144016,486.38,Vloxx,81053,10.1,11590,18630,-169,0,,,,,0
20260930-144016,508.74,Aspect of the Sword,81326,5.1,13090,15750,-138,0,,,,,0
20260930-144016,508.95,Aspect of the Sword,81326,5.3,13250,15940,-138,0,,,,,0
20260930-144016,509.14,Aspect of the Sword,81326,5.5,13420,16130,-138,0,,,,,7
20260930-144016,509.34,Aspect of the Sword,81326,5.7,13590,16310,-138,0,,,,,0
20260930-144016,509.53,Aspect of the Sword,81326,5.9,13750,16500,-138,0,,,,,0
20260930-144016,509.58,Vloxx,81053,4.8,13340,16270,199,1,0,-180,0,0,3
20260930-144016,509.74,Aspect of the Sword,81326,6.1,13920,16690,-138,0,,,,,0
20260930-144016,510.10,Vloxx,81053,5.3,13880,16090,109,1,0,180,0,0,9
20260930-144016,510.10,Vloxx,81053,5.3,13270,16180,199,1,0,-180,0,0,9
20260930-144016,510.62,Vloxx,81053,5.8,14060,16630,19,1,0,180,0,0,7
20260930-144016,510.62,Vloxx,81053,5.8,13830,16250,109,1,0,180,0,0,7
20260930-144016,511.02,Vloxx,81053,6.2,13270,16420,199,1,0,-180,0,0,4
20260930-144016,511.14,Vloxx,81053,6.3,13760,16810,54,1,0,-145,1,0,4
20260930-144016,511.14,Vloxx,81053,6.3,13520,16810,-36,1,0,-145,1,0,4
20260930-144016,511.54,Vloxx,81053,6.7,13070,15890,144,1,0,-145,1,-35,7
20260930-144016,511.62,Vloxx,81053,6.8,13510,16280,234,1,0,-145,1,-35,7
20260930-144016,511.66,Vloxx,81053,6.8,13200,16740,-36,1,0,-145,1,-35,7
20260930-144016,512.06,Vloxx,81053,7.2,13600,15700,54,1,0,-145,1,-35,0
20260930-144016,512.14,Vloxx,81053,7.3,13090,16660,144,1,0,-145,1,-35,0
20260930-144016,512.58,Vloxx,81053,7.8,13800,16230,-36,1,0,-145,1,-35,2
20260930-144016,512.66,Vloxx,81053,7.8,12710,16250,54,1,0,-145,1,-35,2
20260930-144016,513.18,Vloxx,81053,8.4,13120,15860,-42,1,0,174,0,-35,0
20260930-144016,515.54,Vloxx,81053,10.7,13390,16320,-132,0,,,,,0
20260930-144016,515.74,Vloxx,81053,10.9,13580,16490,-132,0,,,,,0
20260930-144016,515.94,Vloxx,81053,11.1,13760,16660,-132,0,,,,,0
20260930-144016,516.14,Vloxx,81053,11.3,13950,16820,-132,0,,,,,0
20260930-144016,516.34,Vloxx,81053,11.5,14130,16990,-132,0,,,,,0
20260930-144016,516.53,Vloxx,81053,11.7,14320,17160,-132,0,,,,,0
20260930-144016,516.73,Vloxx,81053,11.9,14510,17330,-132,0,,,,,0
20260930-144016,516.93,Vloxx,,,14690,17490,-132,0,,,,,0
20260930-144016,524.18,Aspect of the Sword,,,13250,16180,-202,0,,,,,0
20260930-144016,524.37,Aspect of the Sword,,,13160,16410,-202,0,,,,,0
20260930-144016,524.58,Aspect of the Sword,,,13070,16650,-202,0,,,,,0
20260930-144016,524.79,Aspect of the Sword,,,12980,16880,-202,0,,,,,0
20260930-144016,524.97,Aspect of the Sword,,,12880,17110,-202,0,,,,,0
20260930-144016,525.18,Aspect of the Sword,,,12790,17340,-202,0,,,,,0
20260930-144016,530.98,Vloxx,81053,4.8,13410,16240,364,1,0,-180,0,0,7
20260930-144016,531.50,Vloxx,81053,5.3,13030,15820,274,1,0,180,0,0,5
20260930-144016,531.50,Vloxx,81053,5.3,13510,15840,364,1,0,-180,0,0,5
20260930-144016,532.02,Vloxx,81053,5.8,13450,15440,184,1,0,180,0,0,6
20260930-144016,532.02,Vloxx,81053,5.8,13210,15360,274,1,0,180,0,0,6
20260930-144016,532.42,Vloxx,81053,6.2,13570,16010,364,1,0,-180,0,0,8
20260930-144016,532.54,Vloxx,81053,6.3,13830,15860,94,1,0,-180,0,0,8
20260930-144016,532.54,Vloxx,81053,6.3,13690,15060,184,1,0,180,0,0,8
20260930-144016,532.93,Vloxx,81053,6.7,13460,15460,299,1,0,-155,1,-25,7
20260930-144016,533.02,Vloxx,81053,6.8,13430,16190,389,1,0,-155,1,-25,8
20260930-144016,533.06,Vloxx,81053,6.8,13990,15540,119,1,0,-155,1,-25,7
20260930-144016,533.46,Vloxx,81053,7.2,14010,15350,209,1,0,-155,1,-25,4
20260930-144016,533.54,Vloxx,81053,7.3,13190,15670,299,1,0,-155,1,-25,4
20260930-144016,533.98,Vloxx,81053,7.8,14120,15900,119,1,0,-155,1,-25,4
20260930-144016,534.06,Vloxx,81053,7.8,13700,15440,209,1,0,-155,1,-25,4
20260930-144016,534.57,Vloxx,81053,8.4,13940,15950,119,1,0,180,0,-25,1
20260930-144016,534.93,Vloxx,81053,8.7,13370,16180,29,0,,,,,0
20260930-144016,535.14,Vloxx,81053,8.9,13250,15960,29,0,,,,,0
20260930-144016,535.33,Vloxx,81053,9.1,13130,15740,29,0,,,,,0
20260930-144016,535.53,Vloxx,81053,9.3,13000,15530,29,0,,,,,0
20260930-144016,535.73,Vloxx,81053,9.5,12880,15310,29,0,,,,,0
20260930-144016,535.93,Vloxx,81053,9.7,12760,15090,29,0,,,,,0
20260930-144016,536.14,Vloxx,81053,9.9,12640,14870,29,0,,,,,0
20260930-144016,536.34,Vloxx,81053,10.1,12510,14650,-8,0,,,,,0
20260930-145735,323.23,Aspect of the Sword,81326,5.0,12690,15610,85,0,,,,,8
20260930-145735,323.44,Aspect of the Sword,81326,5.3,12450,15590,85,0,,,,,0
20260930-145735,323.62,Aspect of the Sword,81326,5.4,12200,15570,85,0,,,,,8
20260930-145735,323.83,Aspect of the Sword,81326,5.6,11950,15550,85,0,,,,,0
20260930-145735,324.03,Aspect of the Sword,81326,5.8,11700,15530,85,0,,,,,0
20260930-145735,324.23,Aspect of the Sword,81326,6.0,11450,15510,85,0,,,,,0
20260930-145735,339.07,Aspect of the Sword,,,12200,15680,-40,0,,,,,0
20260930-145735,339.26,Aspect of the Sword,,,12360,15490,-40,0,,,,,0
20260930-145735,339.47,Aspect of the Sword,,,12520,15300,-40,0,,,,,0
20260930-145735,339.66,Aspect of the Sword,,,12680,15110,-40,0,,,,,0
20260930-145735,339.87,Aspect of the Sword,,,12840,14910,-40,0,,,,,0
20260930-145735,340.07,Aspect of the Sword,,,13000,14720,-40,0,,,,,0
20260930-145735,355.50,Aspect of the Sword,81326,7.7,12410,15710,-197,0,,,,,0
20260930-145735,355.71,Aspect of the Sword,81326,7.9,12340,15950,-197,0,,,,,0
20260930-145735,355.91,Aspect of the Sword,81326,8.1,12270,16190,-197,0,,,,,0
20260930-145735,356.11,Aspect of the Sword,81326,8.3,12190,16430,-197,0,,,,,0
20260930-145735,356.31,Aspect of the Sword,81326,8.5,12120,16670,-197,0,,,,,0
20260930-145735,356.50,Aspect of the Sword,81326,8.7,12050,16910,-197,0,,,,,0
20260930-145735,361.15,Vloxx,81053,4.8,10530,15850,290,1,0,180,0,0,2
20260930-145735,361.67,Vloxx,81053,5.3,10520,15930,290,1,0,180,0,0,2
20260930-145735,361.67,Vloxx,81053,5.3,10570,15290,200,1,0,180,0,0,2
20260930-145735,362.19,Vloxx,81053,5.8,11130,15320,110,1,0,-180,0,0,1
20260930-145735,362.19,Vloxx,81053,5.8,10690,15390,200,1,0,180,0,0,1
20260930-145735,362.59,Vloxx,81053,6.2,10440,15970,290,1,0,180,0,0,3
20260930-145735,362.70,Vloxx,81053,6.3,11230,15560,110,1,0,-180,0,0,3
20260930-145735,362.71,Vloxx,81053,6.3,11100,15890,20,1,0,-180,0,0,3
20260930-145735,363.11,Vloxx,81053,6.7,10600,15430,200,1,0,180,0,0,2
20260930-145735,363.19,Vloxx,81053,6.8,10780,15450,290,1,0,180,0,0,2
20260930-145735,363.23,Vloxx,81053,6.8,11060,16100,20,1,0,-180,0,0,2
20260930-145735,363.63,Vloxx,81053,7.2,11140,15580,110,1,0,-180,0,0,2
20260930-145735,363.71,Vloxx,81053,7.3,10700,14890,200,1,0,180,0,0,2
20260930-145735,364.14,Vloxx,81053,7.8,10980,16130,20,1,0,-180,0,0,3
20260930-145735,364.22,Vloxx,81053,7.8,11260,14810,232,1,0,-58,1,0,3
20260930-145735,364.75,Vloxx,81053,8.4,11340,15370,142,1,0,-58,1,-122,0
20260930-145735,368.59,Vloxx,,,10280,15980,57,0,,,,,0
20260930-145735,368.78,Vloxx,,,10070,15840,57,0,,,,,0
20260930-145735,368.99,Vloxx,,,9860,15700,57,0,,,,,0
20260930-145735,369.19,Vloxx,,,9650,15570,57,0,,,,,0
20260930-145735,369.39,Vloxx,,,9440,15430,57,0,,,,,0
20260930-145735,369.59,Vloxx,,,9230,15300,57,0,,,,,0
20260930-145735,369.79,Vloxx,,,9030,15160,57,0,,,,,0
20260930-145735,369.98,Vloxx,,,8820,15020,65,0,,,,,0
20260930-145735,372.18,Aspect of the Sword,,,10960,15920,82,0,,,,,0
20260930-145735,372.39,Aspect of the Sword,,,10710,15890,82,0,,,,,0
20260930-145735,372.59,Aspect of the Sword,,,10470,15850,82,0,,,,,0
20260930-145735,372.79,Aspect of the Sword,,,10220,15820,82,0,,,,,0
20260930-145735,372.99,Aspect of the Sword,,,9970,15790,82,0,,,,,0
20260930-145735,373.19,Aspect of the Sword,,,9720,15750,82,0,,,,,0
20260930-145735,386.47,Vloxx,81053,10.0,10150,15860,-56,0,,,,,0
20260930-145735,386.66,Vloxx,81053,10.2,10360,15720,-56,0,,,,,0
20260930-145735,386.87,Vloxx,81053,10.4,10570,15580,-56,0,,,,,0
20260930-145735,387.06,Vloxx,81053,10.6,10770,15440,-56,0,,,,,0
20260930-145735,387.26,Vloxx,81053,10.8,10980,15300,-56,0,,,,,0
20260930-145735,387.47,Vloxx,81053,11.0,11190,15160,-56,0,,,,,0
20260930-165517,401.79,Aspect of the Sword,81326,5.1,12790,15620,86,0,,,,,0
20260930-165517,401.98,Aspect of the Sword,81326,5.3,12540,15600,86,0,,,,,0
20260930-165517,402.18,Aspect of the Sword,81326,5.5,12290,15580,86,0,,,,,1
20260930-165517,402.38,Aspect of the Sword,81326,5.7,12040,15560,86,0,,,,,0
20260930-165517,402.58,Aspect of the Sword,81326,5.9,11790,15540,86,0,,,,,0
20260930-165517,402.78,Aspect of the Sword,81326,6.1,11540,15520,86,0,,,,,0
20260930-165517,417.06,Aspect of the Sword,,,12700,15740,53,0,,,,,0
20260930-165517,417.25,Aspect of the Sword,,,12500,15590,53,0,,,,,0
20260930-165517,417.46,Aspect of the Sword,,,12310,15440,53,0,,,,,0
20260930-165517,417.66,Aspect of the Sword,,,12110,15290,53,0,,,,,0
20260930-165517,417.86,Aspect of the Sword,,,11910,15140,53,0,,,,,0
20260930-165517,418.06,Aspect of the Sword,,,11710,14990,53,0,,,,,0
20260930-165517,432.70,Aspect of the Sword,81326,6.7,12360,15150,-175,0,,,,,0
20260930-165517,432.90,Aspect of the Sword,81326,6.9,12390,15400,-175,0,,,,,0
20260930-165517,433.10,Aspect of the Sword,81326,7.1,12410,15650,-175,0,,,,,0
20260930-165517,433.30,Aspect of the Sword,81326,7.3,12430,15900,-175,0,,,,,0
20260930-165517,433.50,Aspect of the Sword,81326,7.5,12450,16140,-175,0,,,,,0
20260930-165517,433.69,Aspect of the Sword,81326,7.7,12470,16390,-175,0,,,,,0
20260930-165517,448.13,Aspect of the Sword,,,12290,15130,-233,0,,,,,0
20260930-165517,448.33,Aspect of the Sword,,,12090,15290,-233,0,,,,,0
20260930-165517,448.54,Aspect of the Sword,,,11890,15440,-233,0,,,,,0
20260930-165517,448.74,Aspect of the Sword,,,11690,15590,-233,0,,,,,0
20260930-165517,448.94,Aspect of the Sword,,,11490,15740,-233,0,,,,,0
20260930-165517,449.14,Aspect of the Sword,,,11300,15890,-233,0,,,,,0
20260930-165517,463.49,Aspect of the Sword,81326,7.4,12090,15370,-107,0,,,,,0
20260930-165517,463.69,Aspect of the Sword,81326,7.6,12320,15440,-107,0,,,,,0
20260930-165517,463.90,Aspect of the Sword,81326,7.8,12560,15510,-107,0,,,,,0
20260930-165517,464.09,Aspect of the Sword,81326,8.0,12800,15590,-107,0,,,,,0
20260930-165517,464.30,Aspect of the Sword,81326,8.2,13040,15660,-107,0,,,,,0
20260930-165517,464.30,Vloxx,81053,4.8,12370,13300,161,1,0,-180,0,0,5
20260930-165517,464.50,Aspect of the Sword,81326,8.4,13280,15740,-107,0,,,,,0
20260930-165517,464.82,Vloxx,81053,5.3,12190,13200,161,1,0,-180,0,0,5
20260930-165517,464.82,Vloxx,81053,5.3,12330,13870,71,1,0,180,0,0,5
20260930-165517,465.33,Vloxx,81053,5.8,11770,13820,-19,1,0,180,0,0,1
20260930-165517,465.33,Vloxx,81053,5.8,11710,13500,71,1,0,180,0,0,1
20260930-165517,465.73,Vloxx,81053,6.2,12360,13280,161,1,0,-180,0,0,2
20260930-165517,465.86,Vloxx,81053,6.3,11810,13260,-109,1,0,-180,0,0,1
20260930-165517,465.86,Vloxx,81053,6.3,11410,13020,-19,1,0,180,0,0,1
20260930-165517,466.25,Vloxx,81053,6.7,12080,13770,71,1,0,180,0,0,3
20260930-165517,466.34,Vloxx,81053,6.8,12340,13430,161,1,0,-180,0,0,4
20260930-165517,466.38,Vloxx,81053,6.8,11900,12720,-109,1,0,-180,0,0,4
20260930-165517,466.78,Vloxx,81053,7.2,11590,13500,-19,1,0,180,0,0,4
20260930-165517,466.86,Vloxx,81053,7.3,12530,13970,71,1,0,180,0,0,4
20260930-165517,467.30,Vloxx,81053,7.8,11860,13000,-109,1,0,-180,0,0,3
20260930-165517,467.38,Vloxx,81053,7.8,12000,14150,-19,1,0,180,0,0,3
20260930-165517,467.89,Vloxx,81053,8.4,11810,13620,-66,1,0,-137,1,-43,0
20260930-165517,471.86,Vloxx,,,12430,13330,-176,0,,,,,0
20260930-165517,472.06,Vloxx,,,12450,13580,-176,0,,,,,0
20260930-165517,472.25,Vloxx,,,12470,13830,-176,0,,,,,0
20260930-165517,472.46,Vloxx,,,12480,14080,-176,0,,,,,0
20260930-165517,472.65,Vloxx,,,12500,14330,-176,0,,,,,0
20260930-165517,472.85,Vloxx,,,12520,14580,-176,0,,,,,0
20260930-165517,473.06,Vloxx,,,12540,14830,-176,0,,,,,0
20260930-165517,473.25,Vloxx,,,12550,15080,-176,0,,,,,0
20260930-165517,479.58,Aspect of the Sword,,,12520,13450,73,0,,,,,0
20260930-165517,479.78,Aspect of the Sword,,,12280,13380,73,0,,,,,0
20260930-165517,479.98,Aspect of the Sword,,,12050,13310,73,0,,,,,0
20260930-165517,480.17,Aspect of the Sword,,,11810,13230,73,0,,,,,0
20260930-165517,480.38,Aspect of the Sword,,,11570,13160,73,0,,,,,0
20260930-165517,480.58,Aspect of the Sword,,,11330,13080,73,0,,,,,0
20260930-165517,484.81,Vloxx,81053,4.8,12420,13290,113,1,0,-180,0,0,6
20260930-165517,485.34,Vloxx,81053,5.3,12770,13730,23,1,0,180,0,0,6
20260930-165517,485.34,Vloxx,81053,5.3,12500,13280,113,1,0,-180,0,0,6
20260930-165517,485.86,Vloxx,81053,5.8,12330,14080,-67,1,0,180,0,0,1
20260930-165517,485.86,Vloxx,81053,5.8,12010,13560,23,1,0,180,0,0,1
20260930-165517,486.26,Vloxx,81053,6.2,12360,13500,113,1,0,-180,0,0,1
20260930-165517,486.38,Vloxx,81053,6.3,11740,13060,-67,1,0,180,0,0,1
20260930-165517,486.38,Vloxx,81053,6.3,11980,13640,-157,1,0,-180,0,0,1
20260930-165517,486.78,Vloxx,81053,6.7,12640,13990,23,1,0,180,0,0,4
20260930-165517,486.85,Vloxx,81053,6.8,12340,13170,113,1,0,-180,0,0,4
20260930-165517,486.89,Vloxx,81053,6.8,12230,12790,-157,1,0,-180,0,0,4
20260930-165517,487.30,Vloxx,81053,7.2,12150,14280,-67,1,0,180,0,0,0
20260930-165517,487.38,Vloxx,81053,7.3,12900,13170,23,1,0,180,0,0,0
20260930-165517,487.82,Vloxx,81053,7.8,11870,13790,-18,1,0,-42,1,-138,5
20260930-165517,487.90,Vloxx,81053,7.8,12910,13730,72,1,0,-42,1,-138,5
20260930-165517,488.42,Vloxx,81053,8.4,12350,13740,-18,1,0,-42,1,-138,7
20260930-165517,489.90,Vloxx,81053,9.8,12500,13280,-108,0,,,,,0
20260930-165517,490.10,Vloxx,81053,10.0,12740,13360,-108,0,,,,,0
20260930-165517,490.30,Vloxx,81053,10.2,12970,13440,-108,0,,,,,0
20260930-165517,490.50,Vloxx,81053,10.4,13210,13520,-108,0,,,,,0
20260930-165517,490.69,Vloxx,81053,10.6,13450,13600,-108,0,,,,,0
20260930-165517,490.89,Vloxx,81053,10.8,13690,13680,-108,0,,,,,0
20260930-165517,491.10,Vloxx,81053,11.0,13920,13760,-108,0,,,,,0
20260930-165517,491.29,Vloxx,81053,11.2,14160,13830,-132,0,,,,,0
20260930-165517,500.37,Aspect of the Sword,81326,6.4,12520,13610,-250,0,,,,,0
20260930-165517,500.57,Aspect of the Sword,81326,6.6,12290,13690,-250,0,,,,,0
20260930-170422,357.43,Aspect of the Sword,81326,5.1,12770,15640,-266,0,,,,,6
20260930-170422,357.63,Aspect of the Sword,81326,5.3,12520,15660,-266,0,,,,,0
20260930-170422,357.83,Aspect of the Sword,81326,5.5,12270,15670,-266,0,,,,,4
20260930-170422,358.02,Aspect of the Sword,81326,5.7,12020,15690,-266,0,,,,,0
20260930-170422,358.22,Aspect of the Sword,81326,5.9,11770,15700,-266,0,,,,,0
20260930-170422,358.42,Aspect of the Sword,81326,6.1,11520,15720,-266,0,,,,,0
20260930-170422,373.39,Aspect of the Sword,,,11500,15480,-224,0,,,,,0
20260930-170422,373.58,Aspect of the Sword,,,11320,15660,-224,0,,,,,0
20260930-170422,373.79,Aspect of the Sword,,,11150,15840,-224,0,,,,,0
20260930-170422,373.98,Aspect of the Sword,,,10970,16020,-224,0,,,,,0
20260930-170422,374.19,Aspect of the Sword,,,10800,16200,-224,0,,,,,0
20260930-170422,374.38,Aspect of the Sword,,,10620,16380,-224,0,,,,,0
20260930-170422,389.30,Aspect of the Sword,81326,6.6,11720,15380,-69,0,,,,,0
20260930-170422,389.50,Aspect of the Sword,81326,6.8,11950,15290,-69,0,,,,,0
20260930-170422,389.71,Aspect of the Sword,81326,7.0,12190,15200,-69,0,,,,,0
20260930-170422,389.91,Aspect of the Sword,81326,7.2,12420,15120,-69,0,,,,,0
20260930-170422,390.10,Aspect of the Sword,81326,7.4,12650,15030,-69,0,,,,,0
20260930-170422,390.30,Aspect of the Sword,81326,7.6,12890,14940,-69,0,,,,,0
20260930-170422,406.34,Aspect of the Sword,,,12070,15640,-118,0,,,,,0
20260930-170422,406.54,Aspect of the Sword,,,12290,15760,-118,0,,,,,0
20260930-170422,406.74,Aspect of the Sword,,,12510,15870,-118,0,,,,,0
20260930-170422,406.94,Aspect of the Sword,,,12730,15990,-118,0,,,,,0
20260930-170422,407.14,Aspect of the Sword,,,12950,16110,-118,0,,,,,0
20260930-170422,407.34,Aspect of the Sword,,,13170,16230,-118,0,,,,,0
20260930-170422,421.79,Aspect of the Sword,81326,9.1,12060,15550,-49,0,,,,,0
20260930-170422,421.99,Aspect of the Sword,81326,9.3,12250,15390,-49,0,,,,,0
20260930-170422,422.19,Aspect of the Sword,81326,9.5,12440,15230,-49,0,,,,,0
20260930-170422,422.38,Aspect of the Sword,81326,9.7,12630,15060,-49,0,,,,,0
20260930-170422,422.58,Aspect of the Sword,81326,9.9,12810,14900,-49,0,,,,,0
20260930-170422,422.78,Aspect of the Sword,81326,10.1,13000,14740,-49,0,,,,,0
20260930-170422,435.70,Vloxx,81053,4.8,13780,15240,425,1,0,180,0,0,0
20260930-170422,436.22,Vloxx,81053,5.3,13230,15100,335,1,0,-180,0,0,0
20260930-170422,436.74,Vloxx,81053,5.8,13380,14550,245,1,0,-180,0,0,0
20260930-170422,437.10,Aspect of the Sword,,,13410,14650,43,0,,,,,0
20260930-170422,437.26,Vloxx,81053,6.3,13920,14700,155,1,0,-180,0,0,0
20260930-170422,437.30,Aspect of the Sword,,,13240,14470,43,0,,,,,0
20260930-170422,437.50,Aspect of the Sword,,,13070,14280,43,0,,,,,0
20260930-170422,437.70,Aspect of the Sword,,,12900,14100,43,0,,,,,0
20260930-170422,437.90,Aspect of the Sword,,,12730,13920,43,0,,,,,0
20260930-170422,438.10,Aspect of the Sword,,,12560,13730,43,0,,,,,0
20260930-170422,442.98,Vloxx,,,14050,15770,60,0,,,,,0
20260930-170422,443.18,Vloxx,,,13830,15650,60,0,,,,,0
20260930-170422,443.38,Vloxx,,,13610,15520,60,0,,,,,0
20260930-170422,443.58,Vloxx,,,13390,15400,60,0,,,,,0
20260930-170422,443.78,Vloxx,,,13180,15280,60,0,,,,,0
20260930-170422,443.98,Vloxx,,,12960,15150,60,0,,,,,0
20260930-170422,444.18,Vloxx,,,12740,15030,60,0,,,,,0
20260930-170422,444.38,Vloxx,,,12530,14900,60,0,,,,,0
20260930-191231,342.19,Aspect of the Sword,81326,5.1,12800,15560,42,0,,,,,0
20260930-191231,342.39,Aspect of the Sword,81326,5.3,12630,15380,42,0,,,,,0
20260930-191231,342.58,Aspect of the Sword,81326,5.5,12460,15190,42,0,,,,,7
20260930-191231,342.78,Aspect of the Sword,81326,5.7,12300,15010,42,0,,,,,0
20260930-191231,342.98,Aspect of the Sword,81326,5.9,12130,14820,42,0,,,,,0
20260930-191231,343.18,Aspect of the Sword,81326,6.1,11960,14640,42,0,,,,,0
20260930-191231,358.19,Aspect of the Sword,,,12070,14800,-214,0,,,,,0
20260930-191231,358.38,Aspect of the Sword,,,11930,15010,-214,0,,,,,0
20260930-191231,358.59,Aspect of the Sword,,,11790,15220,-214,0,,,,,0
20260930-191231,358.78,Aspect of the Sword,,,11650,15420,-214,0,,,,,0
20260930-191231,358.99,Aspect of the Sword,,,11510,15630,-214,0,,,,,0
20260930-191231,359.19,Aspect of the Sword,,,11370,15840,-214,0,,,,,0
20260930-191231,373.90,Aspect of the Sword,81326,6.6,12470,15250,43,0,,,,,0
20260930-191231,374.10,Aspect of the Sword,81326,6.8,12300,15070,43,0,,,,,0
20260930-191231,374.31,Aspect of the Sword,81326,7.0,12130,14880,43,0,,,,,0
20260930-191231,374.51,Aspect of the Sword,81326,7.2,11950,14700,43,0,,,,,0
20260930-191231,374.70,Aspect of the Sword,81326,7.4,11780,14520,43,0,,,,,0
20260930-191231,374.91,Aspect of the Sword,81326,7.6,11610,14340,43,0,,,,,0
20260930-191231,389.50,Aspect of the Sword,,,12300,15330,-98,0,,,,,0
20260930-191231,389.71,Aspect of the Sword,,,12550,15360,-98,0,,,,,0
20260930-191231,389.91,Aspect of the Sword,,,12800,15390,-98,0,,,,,0
20260930-191231,390.10,Aspect of the Sword,,,13040,15430,-98,0,,,,,0
20260930-191231,390.31,Aspect of the Sword,,,13290,15460,-98,0,,,,,0
20260930-191231,390.50,Aspect of the Sword,,,13540,15500,-98,0,,,,,0
20260930-191231,401.94,Vloxx,81053,4.8,11290,17260,333,1,0,180,0,0,3
20260930-191231,402.46,Vloxx,81053,5.3,11310,17050,333,1,0,180,0,0,1
20260930-191231,402.46,Vloxx,81053,5.3,11760,17570,244,1,0,-180,0,0,1
20260930-191231,402.98,Vloxx,81053,5.8,11450,18040,153,1,0,-180,0,0,0
20260930-191231,402.98,Vloxx,81053,5.8,11540,16530,244,1,0,-180,0,0,0
20260930-191231,403.38,Vloxx,81053,6.2,11290,17000,333,1,0,180,0,0,0
20260930-191231,403.51,Vloxx,81053,6.3,12060,16760,153,1,0,-180,0,0,0
20260930-191231,403.51,Vloxx,81053,6.3,10980,17730,63,1,0,-180,0,0,0
20260930-191231,403.90,Vloxx,81053,6.7,11110,16460,244,1,0,-180,0,0,3
20260930-191231,403.98,Vloxx,81053,6.8,11100,16780,333,1,0,180,0,0,3
20260930-191231,404.02,Vloxx,81053,6.8,11830,17280,63,1,0,-180,0,0,3
20260930-191231,404.43,Vloxx,81053,7.2,11650,16280,153,1,0,-180,0,0,2
20260930-191231,404.50,Vloxx,81053,7.3,11640,16960,244,1,0,-180,0,0,2
20260930-191231,404.94,Vloxx,81053,7.8,11820,16820,-57,1,0,60,1,0,1
20260930-191231,405.02,Vloxx,81053,7.8,11460,17500,33,1,0,60,1,0,1
20260930-191231,405.54,Vloxx,81053,8.4,10920,17320,-57,1,0,60,1,120,0
20260930-192340,292.51,Aspect of the Sword,81326,5.1,13110,15690,-79,0,,,,,0
20260930-192340,292.71,Aspect of the Sword,81326,5.3,13360,15640,-79,0,,,,,0
20260930-192340,292.91,Aspect of the Sword,81326,5.5,13600,15590,-79,0,,,,,5
20260930-192340,293.11,Aspect of the Sword,81326,5.7,13850,15550,-79,0,,,,,0
20260930-192340,293.31,Aspect of the Sword,81326,5.9,14090,15500,-79,0,,,,,0
20260930-192340,293.51,Aspect of the Sword,81326,6.1,14340,15460,-79,0,,,,,0
20260930-192340,308.03,Aspect of the Sword,,,12300,15630,67,0,,,,,0
20260930-192340,308.23,Aspect of the Sword,,,12070,15540,67,0,,,,,0
20260930-192340,308.43,Aspect of the Sword,,,11840,15440,67,0,,,,,0
20260930-192340,308.63,Aspect of the Sword,,,11610,15340,67,0,,,,,0
20260930-192340,308.83,Aspect of the Sword,,,11380,15240,67,0,,,,,0
20260930-192340,309.03,Aspect of the Sword,,,11150,15140,67,0,,,,,0
20260930-192340,323.83,Aspect of the Sword,81326,7.2,12260,15050,11,0,,,,,0
20260930-192340,324.03,Aspect of the Sword,81326,7.4,12220,14800,11,0,,,,,0
20260930-192340,324.23,Aspect of the Sword,81326,7.6,12170,14560,11,0,,,,,0
20260930-192340,324.43,Aspect of the Sword,81326,7.8,12120,14310,11,0,,,,,0
20260930-192340,324.63,Aspect of the Sword,81326,8.0,12070,14070,11,0,,,,,0
20260930-192340,324.83,Aspect of the Sword,81326,8.2,12020,13820,11,0,,,,,0
20260930-192340,335.95,Vloxx,81053,4.8,14130,14920,138,1,0,-180,0,0,10
20260930-192340,336.47,Vloxx,81053,5.3,14190,14880,138,1,0,-180,0,0,10
20260930-192340,336.48,Vloxx,81053,5.3,13750,15340,48,1,0,-180,0,0,10
20260930-192340,336.99,Vloxx,81053,5.8,14470,15370,48,1,0,-180,0,0,6
20260930-192340,336.99,Vloxx,81053,5.8,13330,14970,-42,1,0,180,0,0,6
20260930-192340,337.39,Vloxx,81053,6.2,14190,14900,138,1,0,-180,0,0,5
20260930-192340,337.51,Vloxx,81053,6.3,13980,15650,-42,1,0,180,0,0,8
20260930-192340,337.51,Vloxx,81053,6.3,13700,14550,-132,1,0,180,0,0,8
20260930-192340,337.91,Vloxx,81053,6.7,14300,15460,48,1,0,-180,0,0,4
20260930-192340,337.99,Vloxx,81053,6.8,14130,14900,138,1,0,-180,0,0,4
20260930-192340,338.03,Vloxx,81053,6.8,13700,15160,-132,1,0,180,0,0,4
20260930-192340,338.43,Vloxx,81053,7.2,13750,15570,-42,1,0,180,0,0,4
20260930-192340,338.51,Vloxx,81053,7.3,13630,15150,48,1,0,-180,0,0,4
20260930-192340,338.94,Vloxx,81053,7.8,13630,15020,131,1,0,83,1,97,6
20260930-192340,339.03,Vloxx,81053,7.8,13380,14640,221,1,0,83,1,97,6
20260930-192340,339.55,Vloxx,81053,8.4,13880,14390,131,1,0,83,1,97,3
20260930-192340,343.07,Vloxx,81053,11.9,14180,14840,0,0,,,,,0
20260930-192340,343.28,Vloxx,,,14180,14590,0,0,,,,,0
20260930-192340,343.47,Vloxx,,,14180,14340,0,0,,,,,0
20260930-192340,343.67,Vloxx,,,14180,14090,0,0,,,,,0
20260930-192340,343.87,Vloxx,,,14180,13840,0,0,,,,,0
20260930-192340,344.07,Vloxx,,,14190,13590,0,0,,,,,0
20260930-192340,344.26,Vloxx,,,14190,13340,0,0,,,,,0
20260930-192340,344.47,Vloxx,,,14190,13090,78,0,,,,,0
20260930-192340,356.83,Vloxx,81053,4.8,13700,14540,335,1,0,-180,0,0,0
20260930-192340,357.34,Vloxx,81053,5.3,13640,14660,335,1,0,-180,0,0,0
20260930-192340,357.34,Vloxx,81053,5.3,14080,14970,245,1,0,-180,0,0,0
20260930-192340,357.87,Vloxx,81053,5.8,14190,14800,245,1,0,-180,0,0,0
20260930-192340,357.87,Vloxx,81053,5.8,13650,15340,155,1,0,180,0,0,0
20260930-192340,358.27,Vloxx,81053,6.2,13780,14590,335,1,0,-180,0,0,0
20260930-192340,358.39,Vloxx,81053,6.3,14040,15350,155,1,0,180,0,0,0
20260930-192340,358.39,Vloxx,81053,6.3,13280,14910,65,1,0,180,0,0,0
20260930-192340,358.79,Vloxx,81053,6.7,13920,15130,245,1,0,-180,0,0,5
20260930-192340,358.87,Vloxx,81053,6.8,13820,14680,335,1,0,-180,0,0,5
20260930-192340,358.90,Vloxx,81053,6.8,13500,15210,65,1,0,180,0,0,5
20260930-192340,359.31,Vloxx,81053,7.2,13370,15270,155,1,0,180,0,0,0
20260930-192340,359.39,Vloxx,81053,7.3,13630,15210,245,1,0,-180,0,0,0
20260930-192340,359.83,Vloxx,81053,7.8,13240,14720,65,1,0,180,0,0,0
20260930-192340,359.91,Vloxx,81053,7.8,13100,15020,155,1,0,180,0,0,0
20260930-192340,360.43,Vloxx,81053,8.4,13290,14490,-127,1,0,-12,1,-168,9
20260930-192340,362.31,Vloxx,81053,10.2,13640,14800,-217,0,,,,,0
20260930-192340,362.50,Vloxx,81053,10.4,13500,15000,-217,0,,,,,0
20260930-192340,362.71,Vloxx,81053,10.6,13350,15200,-217,0,,,,,0
20260930-192340,362.91,Vloxx,81053,10.8,13200,15400,-217,0,,,,,0
20260930-192340,363.11,Vloxx,81053,11.0,13050,15610,-217,0,,,,,0
20260930-192340,363.31,Vloxx,81053,11.2,12900,15810,-217,0,,,,,0
20260930-192340,363.50,Vloxx,81053,11.4,12750,16010,-217,0,,,,,0
20260930-192340,363.71,Vloxx,81053,11.6,12600,16210,-40,0,,,,,0
20260930-192340,373.79,Vloxx,81053,4.8,13720,14620,374,1,0,-180,0,0,2
20260930-192340,374.31,Vloxx,81053,5.3,14000,15110,284,1,0,-180,0,0,3
20260930-192340,374.31,Vloxx,81053,5.3,13510,14800,374,1,0,-180,0,0,3
20260930-192340,374.82,Vloxx,81053,5.8,13770,14300,284,1,0,-180,0,0,3
20260930-192340,374.82,Vloxx,81053,5.8,13510,15390,194,1,0,180,0,0,3
20260930-192340,375.23,Vloxx,81053,6.2,13580,14770,374,1,0,-180,0,0,5
20260930-192340,375.35,Vloxx,81053,6.3,13230,14890,104,1,0,180,0,0,5
20260930-192340,375.35,Vloxx,81053,6.3,14270,14560,194,1,0,180,0,0,5
20260930-192340,375.75,Vloxx,81053,6.7,13860,14280,74,1,0,-29,1,-151,8
20260930-192340,375.83,Vloxx,81053,6.8,13740,14780,164,1,0,-29,1,-151,8
20260930-192340,375.86,Vloxx,81053,6.8,14010,15060,-106,1,0,-29,1,-151,8
20260930-192340,376.26,Vloxx,81053,7.2,14350,14560,-16,1,0,-29,1,-151,0
20260930-192340,376.35,Vloxx,81053,7.3,13190,14900,74,1,0,-29,1,-151,0
20260930-192340,376.79,Vloxx,81053,7.8,14070,15050,-106,1,0,-29,1,-151,0
20260930-192340,376.87,Vloxx,81053,7.8,13070,14340,-16,1,0,-29,1,-151,0
20260930-192340,377.39,Vloxx,81053,8.4,13620,14220,-106,1,0,-180,0,-151,0
20260930-192340,384.87,Aspect of the Sword,81326,5.1,13070,15630,-29,0,,,,,0
20260930-192340,385.07,Aspect of the Sword,81326,5.3,13190,15420,-29,0,,,,,0
20260930-192340,385.27,Aspect of the Sword,81326,5.5,13320,15200,-29,0,,,,,0
20260930-192340,385.47,Aspect of the Sword,81326,5.7,13440,14980,-29,0,,,,,0
20260930-192340,385.67,Aspect of the Sword,81326,5.9,13560,14760,-29,0,,,,,0
20260930-192340,385.87,Aspect of the Sword,81326,6.1,13680,14540,-29,0,,,,,0
20260930-192340,386.43,Vloxx,,,13610,14750,-263,0,,,,,0
20260930-192340,386.63,Vloxx,,,13370,14780,-263,0,,,,,0
20260930-192340,386.82,Vloxx,,,13120,14810,-263,0,,,,,0
20260930-192340,387.02,Vloxx,,,12870,14840,-263,0,,,,,0
20260930-192340,387.22,Vloxx,,,12620,14870,-263,0,,,,,0
20260930-192340,387.42,Vloxx,,,12370,14890,-263,0,,,,,0
20260930-192340,387.63,Vloxx,,,12120,14920,-263,0,,,,,0
20260930-192340,387.83,Vloxx,81053,0.0,11880,14950,-263,0,,,,,0
20260930-192340,392.59,Vloxx,81053,4.8,13580,14690,397,1,0,-180,0,0,0
20260930-192340,393.11,Vloxx,81053,5.3,14100,14490,307,1,0,-180,0,0,1
20260930-192340,393.11,Vloxx,81053,5.3,13530,14690,397,1,0,-180,0,0,1
20260930-192340,393.62,Vloxx,81053,5.8,14030,14430,307,1,0,-180,0,0,0
20260930-192340,393.62,Vloxx,81053,5.8,14310,15010,217,1,0,180,0,0,0
20260930-192340,394.03,Vloxx,81053,6.2,13660,14660,397,1,0,-180,0,0,2
20260930-192340,394.15,Vloxx,81053,6.3,13780,15220,-31,1,0,22,1,0,6
20260930-192340,394.15,Vloxx,81053,6.3,14290,14930,59,1,0,22,1,0,6
20260930-192340,394.55,Vloxx,81053,6.7,14180,14880,149,1,0,22,1,158,8
20260930-192340,394.63,Vloxx,81053,6.8,13670,14530,239,1,0,22,1,158,8
20260930-192340,394.66,Vloxx,81053,6.8,13790,15190,-31,1,0,22,1,158,8
20260930-192340,395.07,Vloxx,81053,7.2,13950,15400,59,1,0,22,1,158,5
20260930-192340,395.14,Vloxx,81053,7.3,14100,14890,149,1,0,22,1,158,5
20260930-192340,395.59,Vloxx,81053,7.8,13430,15180,-31,1,0,22,1,158,6
20260930-192340,395.67,Vloxx,81053,7.8,13740,15330,59,1,0,22,1,158,6
20260930-192340,396.19,Vloxx,81053,8.4,13310,14960,-31,1,0,-180,0,158,6
20260930-192340,396.47,Vloxx,81053,8.6,13750,14780,-121,0,,,,,0
20260930-192340,396.67,Vloxx,81053,8.8,13970,14910,-121,0,,,,,0
20260930-192340,396.86,Vloxx,81053,9.0,14180,15040,-121,0,,,,,0
20260930-192340,397.07,Vloxx,81053,9.2,14400,15170,-121,0,,,,,0
20260930-192340,397.26,Vloxx,81053,9.4,14610,15290,-121,0,,,,,0
20260930-192340,397.47,Vloxx,81053,9.6,14830,15420,-121,0,,,,,0
20260930-192340,397.67,Vloxx,81053,9.8,15040,15550,-121,0,,,,,0
20260930-192340,397.87,Vloxx,81053,10.0,15260,15680,-121,0,,,,,0
20260930-192340,400.46,Aspect of the Sword,,,13510,14950,50,0,,,,,0
20260930-192340,400.67,Aspect of the Sword,,,13320,14790,50,0,,,,,0
20260930-192340,400.87,Aspect of the Sword,,,13130,14630,50,0,,,,,0
20260930-192340,401.06,Aspect of the Sword,,,12940,14470,50,0,,,,,0
20260930-192340,401.27,Aspect of the Sword,,,12750,14310,50,0,,,,,0
20260930-192340,401.46,Aspect of the Sword,,,12560,14150,50,0,,,,,0
20260930-192340,417.11,Aspect of the Sword,81326,7.6,12620,15440,-225,0,,,,,0
20260930-192340,417.31,Aspect of the Sword,81326,7.8,12440,15610,-225,0,,,,,0
20260930-192340,417.50,Aspect of the Sword,81326,7.9,12270,15790,-225,0,,,,,0
20260930-192340,417.71,Aspect of the Sword,81326,8.2,12090,15970,-225,0,,,,,0
20260930-192340,417.91,Aspect of the Sword,81326,8.4,11910,16140,-225,0,,,,,0
20260930-192340,418.11,Aspect of the Sword,81326,8.6,11740,16320,-225,0,,,,,0
20260930-192340,421.11,Vloxx,81053,4.8,12290,15650,292,1,0,-180,0,0,5
20260930-192340,421.63,Vloxx,81053,5.3,11940,15760,292,1,0,-180,0,0,6
20260930-192340,421.63,Vloxx,81053,5.3,12540,15140,202,1,0,180,0,0,6
20260930-192340,422.15,Vloxx,81053,5.8,13050,15390,112,1,0,180,0,0,6
20260930-192340,422.15,Vloxx,81053,5.8,12380,15410,202,1,0,180,0,0,6
20260930-192340,422.55,Vloxx,81053,6.2,12010,15780,292,1,0,-180,0,0,4
20260930-192340,422.67,Vloxx,81053,6.3,12730,15850,112,1,0,180,0,0,6
20260930-192340,422.67,Vloxx,81053,6.3,12800,15900,22,1,0,-180,0,0,6
20260930-192340,423.06,Vloxx,81053,6.7,12500,15490,178,1,0,156,1,24,6
20260930-192340,423.15,Vloxx,81053,6.8,11960,15730,268,1,0,156,1,24,8
20260930-192340,423.18,Vloxx,81053,6.8,12290,16200,-2,1,0,156,1,24,7
20260930-192340,423.59,Vloxx,81053,7.2,12790,15970,88,1,0,156,1,24,7
20260930-192340,423.67,Vloxx,81053,7.3,12480,15940,178,1,0,156,1,24,7
20260930-192340,424.11,Vloxx,81053,7.8,12300,16260,-2,1,0,156,1,24,2
20260930-192340,424.19,Vloxx,81053,7.8,12280,16460,88,1,0,156,1,24,2
20260930-192340,424.70,Vloxx,81053,8.4,11750,16260,-2,1,0,180,0,24,2
20260930-192340,427.10,Vloxx,81053,10.8,12040,15740,-66,0,,,,,0
20260930-192340,427.31,Vloxx,81053,11.0,12270,15640,-66,0,,,,,0
20260930-192340,427.50,Vloxx,81053,11.2,12500,15530,-66,0,,,,,0
20260930-192340,427.70,Vloxx,81053,11.4,12730,15430,-66,0,,,,,0
20260930-192340,427.91,Vloxx,81053,11.6,12960,15330,-66,0,,,,,0
20260930-192340,428.10,Vloxx,81053,11.8,13180,15230,-66,0,,,,,0
20260930-192340,428.31,Vloxx,81053,12.0,13410,15130,-66,0,,,,,0
20260930-192340,428.50,Vloxx,,,13640,15030,-66,0,,,,,0
20260930-192340,432.46,Aspect of the Sword,,,12230,15560,-236,0,,,,,0
20260930-192340,432.67,Aspect of the Sword,,,12020,15700,-236,0,,,,,0
20260930-192340,432.87,Aspect of the Sword,,,11820,15840,-236,0,,,,,0
20260930-192340,433.07,Aspect of the Sword,,,11610,15980,-236,0,,,,,0
20260930-192340,433.27,Aspect of the Sword,,,11400,16120,-236,0,,,,,0
20260930-192340,433.46,Aspect of the Sword,,,11200,16270,-236,0,,,,,0
20260930-192340,442.42,Vloxx,81053,4.8,11950,15780,392,1,0,180,0,0,8
20260930-192340,442.95,Vloxx,81053,5.3,11840,16340,302,1,0,-180,0,0,10
20260930-192340,442.95,Vloxx,81053,5.3,12070,15920,392,1,0,180,0,0,10
20260930-192340,443.47,Vloxx,81053,5.8,11520,15810,302,1,0,-180,0,0,6
20260930-192340,443.47,Vloxx,81053,5.8,11290,16240,212,1,0,-180,0,0,6
20260930-192340,443.87,Vloxx,81053,6.2,11930,15710,392,1,0,180,0,0,6
20260930-192340,443.99,Vloxx,81053,6.3,11390,15680,173,1,0,-130,1,0,5
20260930-192340,443.99,Vloxx,81053,6.3,11630,15250,263,1,0,-130,1,0,5
20260930-192340,444.39,Vloxx,81053,6.7,12490,15800,353,1,0,-130,1,-50,4
20260930-192340,444.47,Vloxx,81053,6.8,12040,15780,443,1,0,-130,1,-50,5
20260930-192340,444.51,Vloxx,81053,6.8,12190,15370,173,1,0,-130,1,-50,5
20260930-192340,444.91,Vloxx,81053,7.2,12400,16360,263,1,0,-130,1,-50,4
20260930-192340,444.99,Vloxx,81053,7.3,11560,16080,353,1,0,-130,1,-50,4
20260930-192340,445.43,Vloxx,81053,7.8,11840,16270,173,1,0,-130,1,-50,3
20260930-192340,445.51,Vloxx,81053,7.8,11270,15600,263,1,0,-130,1,-50,3
20260930-192340,446.02,Vloxx,81053,8.4,11750,15300,173,1,0,-180,0,-50,0
20260930-192340,446.30,Vloxx,81053,8.6,11900,15760,83,0,,,,,0
20260930-192340,446.51,Vloxx,81053,8.8,11650,15720,83,0,,,,,0
20260930-192340,446.70,Vloxx,81053,9.0,11400,15690,83,0,,,,,0
20260930-192340,446.91,Vloxx,81053,9.2,11150,15660,83,0,,,,,0
20260930-192340,447.10,Vloxx,81053,9.4,10910,15630,83,0,,,,,0
20260930-192340,447.31,Vloxx,81053,9.6,10660,15600,83,0,,,,,0
20260930-192340,447.50,Vloxx,81053,9.8,10410,15560,83,0,,,,,0
20260930-192340,447.70,Vloxx,81053,10.0,10160,15530,83,0,,,,,0
20260930-192340,447.90,Aspect of the Sword,81326,9.0,12010,15750,-211,0,,,,,0
20260930-192340,448.11,Aspect of the Sword,81326,9.2,11880,15960,-211,0,,,,,0
20260930-192340,448.31,Aspect of the Sword,81326,9.4,11750,16180,-211,0,,,,,0
20260930-192340,448.51,Aspect of the Sword,81326,9.6,11620,16390,-211,0,,,,,0
20260930-192340,448.70,Aspect of the Sword,81326,9.8,11500,16610,-211,0,,,,,0
20260930-192340,448.91,Aspect of the Sword,81326,10.0,11370,16820,-211,0,,,,,0
20260930-192340,455.14,Vloxx,,,12070,15870,-90,0,,,,,0
20260930-192340,455.35,Vloxx,,,12320,15870,-90,0,,,,,0
20260930-192340,455.54,Vloxx,,,12570,15870,-90,0,,,,,0
20260930-192340,455.74,Vloxx,,,12820,15870,-90,0,,,,,0
20260930-193130,289.51,Aspect of the Sword,81326,5.1,12750,15470,67,0,,,,,0
20260930-193130,289.71,Aspect of the Sword,81326,5.3,12520,15370,67,0,,,,,0
20260930-193130,289.91,Aspect of the Sword,81326,5.5,12290,15270,67,0,,,,,7
20260930-193130,290.12,Aspect of the Sword,81326,5.7,12060,15170,67,0,,,,,0
20260930-193130,290.32,Aspect of the Sword,81326,5.9,11830,15070,67,0,,,,,0
20260930-193130,290.51,Aspect of the Sword,81326,6.1,11600,14970,67,0,,,,,0
20260930-193130,305.11,Aspect of the Sword,,,12270,15680,-58,0,,,,,0
20260930-193130,305.31,Aspect of the Sword,,,12480,15550,-58,0,,,,,0
20260930-193130,305.51,Aspect of the Sword,,,12690,15420,-58,0,,,,,0
20260930-193130,305.71,Aspect of the Sword,,,12910,15290,-58,0,,,,,0
20260930-193130,305.91,Aspect of the Sword,,,13120,15160,-58,0,,,,,0
20260930-193130,306.11,Aspect of the Sword,,,13330,15030,-58,0,,,,,0
20260930-193130,320.67,Aspect of the Sword,81326,6.7,12200,15290,-255,0,,,,,0
20260930-193130,320.87,Aspect of the Sword,81326,6.9,11960,15360,-255,0,,,,,0
20260930-193130,321.07,Aspect of the Sword,81326,7.1,11710,15420,-255,0,,,,,0
20260930-193130,321.27,Aspect of the Sword,81326,7.3,11470,15490,-255,0,,,,,0
20260930-193130,321.47,Aspect of the Sword,81326,7.5,11230,15550,-255,0,,,,,0
20260930-193130,321.67,Aspect of the Sword,81326,7.7,10990,15620,-255,0,,,,,0
20260930-193130,327.91,Vloxx,81053,4.8,12220,15290,313,1,0,-180,0,0,7
20260930-193130,328.43,Vloxx,81053,5.3,11750,14970,223,1,0,-180,0,0,7
20260930-193130,328.43,Vloxx,81053,5.3,12250,15270,313,1,0,-180,0,0,7
20260930-193130,328.95,Vloxx,81053,5.8,12080,14510,133,1,0,180,0,0,2
20260930-193130,328.95,Vloxx,81053,5.8,12420,15810,223,1,0,-180,0,0,2
20260930-193130,329.35,Vloxx,81053,6.2,12110,15330,313,1,0,-180,0,0,7
20260930-193130,329.47,Vloxx,81053,6.3,12540,14830,87,1,0,-135,1,-45,7
20260930-193130,329.47,Vloxx,81053,6.3,11890,15990,177,1,0,-135,1,-45,7
20260930-193130,329.87,Vloxx,81053,6.7,12510,14930,273,1,0,-129,1,-45,3
20260930-193130,329.95,Vloxx,81053,6.8,12140,15330,363,1,0,-129,1,-45,3
20260930-193130,329.99,Vloxx,81053,6.8,11710,15450,93,1,0,-129,1,-45,3
20260930-193130,330.39,Vloxx,81053,7.2,12910,15330,183,1,0,-130,1,-50,0
20260930-193130,330.47,Vloxx,81053,7.3,12540,14930,273,1,0,-129,1,-50,0
20260930-193130,330.91,Vloxx,81053,7.8,12510,15730,93,1,0,-129,1,-50,5
20260930-193130,331.00,Vloxx,81053,7.8,12940,15340,183,1,0,-130,1,-50,5
20260930-193130,331.51,Vloxx,81053,8.4,12530,15730,93,1,0,-174,0,-6,3
20260930-193130,338.91,Vloxx,,,11720,13470,-173,0,,,,,0
20260930-193130,339.11,Vloxx,,,11750,13720,-173,0,,,,,0
20260930-193130,339.31,Vloxx,,,11780,13960,-173,0,,,,,0
20260930-193130,339.51,Vloxx,,,11820,14210,-173,0,,,,,0
20260930-193130,339.71,Vloxx,,,11850,14460,-173,0,,,,,0
20260930-193130,339.91,Vloxx,,,11880,14710,-173,0,,,,,0
20260930-193130,340.10,Vloxx,,,11910,14960,-173,0,,,,,0
20260930-193130,340.31,Vloxx,,,11940,15200,-222,0,,,,,0
20260930-193130,350.35,Vloxx,81053,4.8,11870,13210,263,1,0,-180,0,0,0
20260930-193130,350.87,Vloxx,81053,5.3,11910,13780,173,1,0,-180,0,0,0
20260930-193130,350.87,Vloxx,81053,5.3,11780,13350,263,1,0,-180,0,0,0
20260930-193130,351.39,Vloxx,81053,5.8,11680,13910,173,1,0,-180,0,0,0
20260930-193130,351.39,Vloxx,81053,5.8,11340,13820,83,1,0,180,0,0,0
20260930-193130,351.79,Vloxx,81053,6.2,11750,13370,263,1,0,-180,0,0,0
20260930-193130,351.92,Vloxx,81053,6.3,11120,13810,-87,1,0,10,1,170,10
20260930-193130,351.92,Vloxx,81053,6.3,11300,13250,-177,1,0,10,1,170,10
20260930-193130,352.31,Vloxx,81053,6.7,11640,13920,3,1,0,10,1,170,10
20260930-193130,352.39,Vloxx,81053,6.8,11800,13370,93,1,0,10,1,170,10
20260930-193130,352.43,Vloxx,81053,6.8,11220,13250,-177,1,0,10,1,170,10
20260930-193130,352.83,Vloxx,81053,7.2,11090,13820,-87,1,0,10,1,170,9
20260930-193130,352.91,Vloxx,81053,7.3,11540,13870,3,1,0,10,1,170,9
20260930-193130,353.35,Vloxx,81053,7.8,11190,13260,-177,1,0,10,1,170,10
20260930-193130,353.43,Vloxx,81053,7.8,11030,13610,-87,1,0,10,1,170,10
20260930-193130,353.95,Vloxx,81053,8.4,11290,13110,-177,1,0,180,0,0,8
20260930-193130,356.39,Vloxx,81053,10.8,11660,13450,-218,0,,,,,0
20260930-193130,356.59,Vloxx,81053,11.0,11510,13650,-218,0,,,,,0
20260930-193130,356.79,Vloxx,81053,11.2,11350,13840,-218,0,,,,,0
20260930-193130,356.99,Vloxx,81053,11.4,11200,14040,-218,0,,,,,0
20260930-193130,357.19,Vloxx,81053,11.6,11040,14240,-218,0,,,,,0
20260930-193130,357.39,Vloxx,81053,11.8,10890,14430,-218,0,,,,,0
20260930-193130,357.59,Vloxx,,,10730,14630,-218,0,,,,,0
20260930-193130,357.79,Vloxx,,,10580,14820,-218,0,,,,,0
20260930-193130,367.15,Vloxx,81053,4.8,11500,13240,235,1,0,180,0,0,5
20260930-193130,367.67,Vloxx,81053,5.3,12060,13150,145,1,0,-180,0,0,4
20260930-193130,367.67,Vloxx,81053,5.3,11540,13270,235,1,0,180,0,0,4
20260930-193130,368.19,Vloxx,81053,5.8,12090,13170,145,1,0,-180,0,0,3
20260930-193130,368.19,Vloxx,81053,5.8,12150,13710,55,1,0,-180,0,0,3
20260930-193130,368.59,Vloxx,81053,6.2,11530,13370,235,1,0,180,0,0,4
20260930-193130,368.71,Vloxx,81053,6.3,12190,13730,55,1,0,-180,0,0,5
20260930-193130,368.71,Vloxx,81053,6.3,11600,13800,-35,1,0,-180,0,0,5
20260930-193130,369.11,Vloxx,81053,6.7,11080,13720,1,1,0,36,1,144,4
20260930-193130,369.19,Vloxx,81053,6.8,11670,13330,91,1,0,36,1,144,4
20260930-193130,369.23,Vloxx,81053,6.8,11640,13830,-179,1,0,36,1,144,4
20260930-193130,369.62,Vloxx,81053,7.2,10730,13270,-89,1,0,36,1,144,2
20260930-193130,369.71,Vloxx,81053,7.3,12220,13430,1,1,0,36,1,144,2
20260930-193130,370.15,Vloxx,81053,7.8,11180,12920,-179,1,0,36,1,144,2
20260930-193130,370.23,Vloxx,81053,7.8,12120,13990,-89,1,0,36,1,144,2
20260930-193130,370.74,Vloxx,81053,8.4,11560,13880,-179,1,0,180,0,144,0
20260930-193906,301.07,Aspect of the Sword,81326,6.6,12990,15640,37,0,,,,,0
20260930-193906,301.27,Aspect of the Sword,81326,6.8,12840,15440,37,0,,,,,0
20260930-193906,301.47,Aspect of the Sword,81326,7.0,12690,15240,37,0,,,,,0
20260930-193906,301.67,Aspect of the Sword,81326,7.2,12540,15040,37,0,,,,,0
20260930-193906,301.87,Aspect of the Sword,81326,7.4,12390,14840,37,0,,,,,0
20260930-193906,302.07,Aspect of the Sword,81326,7.6,12240,14640,37,0,,,,,0
20260930-193906,316.59,Aspect of the Sword,,,12420,15390,-261,0,,,,,0
20260930-193906,316.79,Aspect of the Sword,,,12170,15430,-261,0,,,,,0
20260930-193906,316.99,Aspect of the Sword,,,11920,15470,-261,0,,,,,0
20260930-193906,317.19,Aspect of the Sword,,,11680,15510,-261,0,,,,,0
20260930-193906,317.39,Aspect of the Sword,,,11430,15550,-261,0,,,,,0
20260930-193906,317.58,Aspect of the Sword,,,11180,15580,-261,0,,,,,0
20260930-193906,331.95,Aspect of the Sword,81326,7.6,12390,15270,-171,0,,,,,0
20260930-193906,332.15,Aspect of the Sword,81326,7.8,12430,15520,-171,0,,,,,0
20260930-193906,332.35,Aspect of the Sword,81326,8.0,12470,15760,-171,0,,,,,0
20260930-193906,332.55,Aspect of the Sword,81326,8.2,12510,16010,-171,0,,,,,0
20260930-193906,332.75,Aspect of the Sword,81326,8.4,12550,16260,-171,0,,,,,0
20260930-193906,332.95,Aspect of the Sword,81326,8.6,12600,16500,-171,0,,,,,0
20260930-193906,350.63,Vloxx,81053,4.8,11140,13800,396,1,0,180,0,0,0
20260930-193906,351.14,Vloxx,81053,5.3,11490,14250,307,1,0,-180,0,0,1
20260930-193906,351.15,Vloxx,81053,5.3,11290,13920,396,1,0,180,0,0,1
20260930-193906,351.67,Vloxx,81053,5.8,11860,13910,307,1,0,-180,0,0,1
20260930-193906,351.67,Vloxx,81053,5.8,11040,14600,217,1,0,-180,0,0,1
20260930-193906,352.07,Vloxx,81053,6.2,11300,13930,396,1,0,180,0,0,0
20260930-193906,352.19,Vloxx,81053,6.3,11870,14480,217,1,0,-180,0,0,0
20260930-193906,352.19,Vloxx,81053,6.3,10690,14150,127,1,0,-180,0,0,0
20260930-193906,352.59,Vloxx,81053,6.7,11870,13940,307,1,0,-180,0,0,0
20260930-193906,352.67,Vloxx,81053,6.8,11010,13680,396,1,0,180,0,0,0
20260930-193906,352.71,Vloxx,81053,6.8,11300,14480,127,1,0,-180,0,0,0
20260930-193906,353.11,Vloxx,81053,7.2,11860,14500,217,1,0,-180,0,0,0
20260930-193906,353.19,Vloxx,81053,7.3,11570,13580,307,1,0,-180,0,0,0
20260930-193906,353.63,Vloxx,81053,7.8,11300,14500,-94,1,0,-41,1,-139,2
20260930-193906,353.71,Vloxx,81053,7.8,11680,14140,-4,1,0,-41,1,-139,2
20260930-193906,354.23,Vloxx,81053,8.4,11120,14240,-94,1,0,-41,1,-139,9
20260930-193906,357.95,Vloxx,,,11140,13850,-180,0,,,,,0
20260930-193906,358.14,Vloxx,,,11140,14100,-180,0,,,,,0
20260930-193906,358.35,Vloxx,,,11150,14350,-180,0,,,,,0
20260930-193906,358.55,Vloxx,,,11150,14600,-180,0,,,,,0
20260930-193906,358.75,Vloxx,,,11150,14850,-180,0,,,,,0
20260930-193906,358.94,Vloxx,,,11150,15100,-180,0,,,,,0
20260930-193906,359.15,Vloxx,,,11150,15350,-180,0,,,,,0
20260930-193906,359.35,Vloxx,,,11150,15600,-180,0,,,,,0
20260930-193906,370.71,Vloxx,81053,4.8,11010,13740,377,1,0,-180,0,0,0
20260930-193906,371.23,Vloxx,81053,5.3,11140,13670,377,1,0,-180,0,0,0
20260930-193906,371.23,Vloxx,81053,5.3,11480,13440,287,1,0,-180,0,0,0
20260930-193906,371.75,Vloxx,81053,5.8,11550,14060,287,1,0,-180,0,0,0
20260930-193906,371.75,Vloxx,81053,5.8,11790,13910,197,1,0,180,0,0,0
20260930-193906,372.14,Vloxx,81053,6.2,11140,13770,377,1,0,-180,0,0,0
20260930-193906,372.27,Vloxx,81053,6.3,11150,14470,197,1,0,180,0,0,8
20260930-193906,372.27,Vloxx,81053,6.3,11310,14220,107,1,0,180,0,0,8
20260930-193906,372.67,Vloxx,81053,6.7,11530,14190,287,1,0,-180,0,0,0
20260930-193906,372.74,Vloxx,81053,6.8,11080,13580,377,1,0,-180,0,0,0
20260930-193906,372.78,Vloxx,81053,6.8,10750,14080,107,1,0,180,0,0,0
20260930-193906,373.19,Vloxx,81053,7.2,11120,14570,197,1,0,180,0,0,0
20260930-193906,373.27,Vloxx,81053,7.3,11590,13840,287,1,0,-180,0,0,0
20260930-193906,373.71,Vloxx,81053,7.8,10730,14160,-142,1,0,-69,1,-111,4
20260930-193906,373.79,Vloxx,81053,7.8,11330,14350,-52,1,0,-69,1,-111,4
20260930-193906,374.31,Vloxx,81053,8.4,10820,14090,-142,1,0,-69,1,-111,3
20260930-193906,375.82,Vloxx,81053,9.9,11080,13820,-232,0,,,,,0
20260930-193906,376.03,Vloxx,81053,10.1,10890,13970,-232,0,,,,,0
20260930-193906,376.22,Vloxx,81053,10.3,10690,14120,-232,0,,,,,0
20260930-193906,376.42,Vloxx,81053,10.5,10490,14280,-232,0,,,,,0
20260930-193906,376.63,Vloxx,81053,10.7,10290,14430,-232,0,,,,,0
20260930-193906,376.83,Vloxx,81053,10.9,10090,14580,-232,0,,,,,0
20260930-193906,377.02,Vloxx,81053,11.1,9900,14730,-232,0,,,,,0
20260930-193906,377.23,Vloxx,81053,11.3,9700,14880,60,0,,,,,0
20260930-193906,387.07,Vloxx,81053,4.8,11260,13830,414,1,0,-180,0,0,9
20260930-193906,387.59,Vloxx,81053,5.3,10720,14010,324,1,0,180,0,0,6
20260930-193906,387.59,Vloxx,81053,5.3,11160,13730,414,1,0,-180,0,0,6
20260930-193906,388.11,Vloxx,81053,5.8,10910,13220,324,1,0,180,0,0,6
20260930-193906,388.12,Vloxx,81053,5.8,10550,13470,234,1,0,180,0,0,6
20260930-193906,388.50,Vloxx,81053,6.2,11210,13830,414,1,0,-180,0,0,6
20260930-193906,388.63,Vloxx,81053,6.3,11090,13290,-22,1,0,15,1,165,6
20260930-193906,388.63,Vloxx,81053,6.3,11410,12970,68,1,0,15,1,165,6
20260930-193906,389.02,Vloxx,81053,6.7,10650,13880,158,1,0,15,1,165,7
20260930-193906,389.11,Vloxx,81053,6.8,11130,13780,248,1,0,15,1,165,7
20260930-193906,389.15,Vloxx,81053,6.8,11670,13470,-22,1,0,15,1,165,7
20260930-193906,389.54,Vloxx,81053,7.2,10610,13310,68,1,0,15,1,165,0
20260930-193906,389.63,Vloxx,81053,7.3,11190,13220,158,1,0,15,1,165,0
20260930-193906,390.06,Vloxx,81053,7.8,11170,13270,-22,1,0,15,1,165,0
20260930-193906,390.15,Vloxx,81053,7.8,11750,13270,68,1,0,15,1,165,0
20260930-193906,390.67,Vloxx,81053,8.4,11700,13840,-22,1,0,180,0,0,0
20260930-193906,399.62,Vloxx,,,11140,13850,-186,0,,,,,0
20260930-193906,399.83,Vloxx,,,11110,14100,-186,0,,,,,0
20260930-193906,400.03,Vloxx,,,11090,14340,-186,0,,,,,0
20260930-193906,400.23,Vloxx,,,11060,14590,-186,0,,,,,0
20260930-193906,400.43,Vloxx,,,11040,14840,-186,0,,,,,0
20260930-193906,400.62,Vloxx,,,11010,15090,-186,0,,,,,0
20260930-193906,400.82,Vloxx,,,10990,15340,-186,0,,,,,0
20260930-193906,401.02,Vloxx,81053,0.0,10960,15590,-190,0,,,,,0
20260930-193906,405.75,Vloxx,81053,4.8,11090,13750,170,1,0,-180,0,0,3
20260930-193906,406.26,Vloxx,81053,5.3,11610,13530,80,1,0,180,0,0,7
20260930-193906,406.27,Vloxx,81053,5.3,11090,13730,170,1,0,-180,0,0,7
20260930-193906,406.79,Vloxx,81053,5.8,11830,14050,-10,1,0,180,0,0,2
20260930-193906,406.79,Vloxx,81053,5.8,11650,13660,80,1,0,180,0,0,2
20260930-193906,407.18,Vloxx,81053,6.2,11200,13670,170,1,0,-180,0,0,4
20260930-193906,407.31,Vloxx,81053,6.3,11310,14270,-100,1,0,-180,0,0,0
20260930-193906,407.31,Vloxx,81053,6.3,11730,14220,-10,1,0,180,0,0,0
20260930-193906,407.71,Vloxx,81053,6.7,11380,14200,77,1,0,177,0,3,5
20260930-193906,407.79,Vloxx,81053,6.8,11020,13900,167,1,0,177,0,3,5
20260930-193906,407.82,Vloxx,81053,6.8,11170,14290,-103,1,0,177,0,3,5
20260930-193906,408.23,Vloxx,81053,7.2,10850,14390,-13,1,0,177,0,3,4
20260930-193906,408.31,Vloxx,81053,7.3,11020,13330,77,1,0,177,0,3,4
20260930-193906,408.75,Vloxx,81053,7.8,10660,13850,-103,1,0,177,0,3,2
20260930-193906,408.82,Vloxx,81053,7.8,11580,13330,-13,1,0,177,0,3,2
20260930-193906,409.34,Vloxx,81053,8.4,11580,13900,-103,1,0,180,0,3,0
20260930-193906,409.71,Vloxx,81053,8.7,11130,13850,-193,0,,,,,0
20260930-193906,409.90,Vloxx,81053,8.9,11070,14090,-193,0,,,,,0
20260930-193906,410.10,Vloxx,81053,9.1,11010,14330,-193,0,,,,,0
20260930-193906,410.31,Vloxx,81053,9.3,10960,14580,-193,0,,,,,0
20260930-193906,410.50,Vloxx,81053,9.5,10900,14820,-193,0,,,,,0
20260930-193906,410.71,Vloxx,81053,9.7,10850,15060,-193,0,,,,,0
20260930-193906,410.90,Vloxx,81053,9.9,10790,15310,-193,0,,,,,0
20260930-193906,411.10,Vloxx,81053,10.1,10730,15550,-193,0,,,,,0
20260930-194816,293.87,Aspect of the Sword,81326,6.7,12870,15770,-261,0,,,,,0
20260930-194816,294.07,Aspect of the Sword,81326,6.9,12630,15810,-261,0,,,,,0
20260930-194816,294.27,Aspect of the Sword,81326,7.1,12380,15850,-261,0,,,,,0
20260930-194816,294.47,Aspect of the Sword,81326,7.3,12130,15890,-261,0,,,,,0
20260930-194816,294.66,Aspect of the Sword,81326,7.5,11890,15930,-261,0,,,,,0
20260930-194816,294.87,Aspect of the Sword,81326,7.7,11640,15970,-261,0,,,,,0
20260930-194816,309.59,Aspect of the Sword,,,12180,15190,-27,0,,,,,0
20260930-194816,309.79,Aspect of the Sword,,,12300,14960,-27,0,,,,,0
20260930-194816,309.99,Aspect of the Sword,,,12410,14740,-27,0,,,,,0
20260930-194816,310.19,Aspect of the Sword,,,12530,14520,-27,0,,,,,0
20260930-194816,310.39,Aspect of the Sword,,,12640,14300,-27,0,,,,,0
20260930-194816,310.58,Aspect of the Sword,,,12750,14070,-27,0,,,,,0
20260930-194816,338.70,Vloxx,81053,4.8,13630,13940,133,1,0,180,0,0,8
20260930-194816,339.22,Vloxx,81053,5.3,13660,13930,133,1,0,180,0,0,6
20260930-194816,339.22,Vloxx,81053,5.3,13310,14410,43,1,0,-180,0,0,6
20260930-194816,339.74,Vloxx,81053,5.8,13500,14480,43,1,0,-180,0,0,0
20260930-194816,339.74,Vloxx,81053,5.8,12840,14090,-47,1,0,-180,0,0,0
20260930-194816,340.15,Vloxx,81053,6.2,13730,13890,133,1,0,180,0,0,2
20260930-194816,340.27,Vloxx,81053,6.3,12950,14320,-47,1,0,-180,0,0,5
20260930-194816,340.27,Vloxx,81053,6.3,13160,13620,-137,1,0,180,0,0,5
20260930-194816,340.66,Vloxx,81053,6.7,13570,14440,43,1,0,-180,0,0,0
20260930-194816,340.74,Vloxx,81053,6.8,13620,13920,133,1,0,180,0,0,2
20260930-194816,340.79,Vloxx,81053,6.8,13110,13780,-137,1,0,180,0,0,2
20260930-194816,341.19,Vloxx,81053,7.2,13030,14280,-47,1,0,-180,0,0,0
20260930-194816,341.26,Vloxx,81053,7.3,13120,14180,43,1,0,-180,0,0,0
20260930-194816,341.70,Vloxx,81053,7.8,13180,13740,54,1,0,10,1,0,0
20260930-194816,341.79,Vloxx,81053,7.8,12860,13670,144,1,0,11,1,170,0
20260930-194816,342.31,Vloxx,81053,8.4,13370,13420,54,1,0,10,1,170,0
20260930-194816,346.03,Vloxx,,,13720,13970,-122,0,,,,,0
20260930-194816,346.23,Vloxx,,,13930,14110,-122,0,,,,,0
20260930-194816,346.43,Vloxx,,,14140,14240,-122,0,,,,,0
20260930-194816,346.63,Vloxx,,,14350,14370,-122,0,,,,,0
20260930-194816,346.82,Vloxx,,,14570,14510,-122,0,,,,,0
20260930-194816,347.03,Vloxx,,,14780,14640,-122,0,,,,,0
20260930-194816,347.23,Vloxx,,,14990,14770,-122,0,,,,,0
20260930-194816,347.43,Vloxx,,,15200,14910,-122,0,,,,,0
20260930-194816,359.83,Vloxx,81053,4.8,13880,14500,98,1,0,-180,0,0,5
20260930-194816,360.35,Vloxx,81053,5.3,13410,14800,8,1,0,180,0,0,10
20260930-194816,360.35,Vloxx,81053,5.3,13700,14450,98,1,0,-180,0,0,10
20260930-194816,360.87,Vloxx,81053,5.8,13300,14850,8,1,0,180,0,0,10
20260930-194816,360.87,Vloxx,81053,5.8,13100,14330,-82,1,0,180,0,0,10
20260930-194816,361.26,Vloxx,81053,6.2,13800,14460,98,1,0,-180,0,0,10
20260930-194816,361.39,Vloxx,81053,6.3,12900,14450,-82,1,0,180,0,0,10
20260930-194816,361.39,Vloxx,81053,6.3,13580,14020,-172,1,0,-180,0,0,10
20260930-194816,361.78,Vloxx,81053,6.7,13390,14840,8,1,0,180,0,0,10
20260930-194816,361.86,Vloxx,81053,6.8,13750,14460,98,1,0,-180,0,0,10
20260930-194816,361.91,Vloxx,81053,6.8,13300,14050,-172,1,0,-180,0,0,9
20260930-194816,362.30,Vloxx,81053,7.2,13000,14420,-82,1,0,180,0,0,6
20260930-194816,362.38,Vloxx,81053,7.3,13280,14790,8,1,0,180,0,0,6
20260930-194816,362.82,Vloxx,81053,7.8,13420,14040,177,1,0,169,1,11,8
20260930-194816,362.91,Vloxx,81053,7.8,12960,14320,267,1,0,169,1,11,8
20260930-194816,363.42,Vloxx,81053,8.4,13430,14000,177,1,0,169,1,11,6
20260930-194816,364.94,Vloxx,81053,9.9,13610,14450,87,0,,,,,0
20260930-194816,365.14,Vloxx,81053,10.1,13360,14440,87,0,,,,,0
20260930-194816,365.34,Vloxx,81053,10.3,13110,14420,87,0,,,,,0
20260930-194816,365.54,Vloxx,81053,10.5,12860,14410,87,0,,,,,0
20260930-194816,365.74,Vloxx,81053,10.7,12610,14400,87,0,,,,,0
20260930-194816,365.94,Vloxx,81053,10.9,12360,14380,87,0,,,,,0
20260930-194816,366.14,Vloxx,81053,11.1,12110,14370,87,0,,,,,0
20260930-194816,366.34,Vloxx,81053,11.3,11860,14360,23,0,,,,,0
20260930-194816,373.66,Vloxx,,,13760,14460,-99,0,,,,,0
20260930-194816,373.87,Vloxx,,,14000,14500,-99,0,,,,,0
20260930-194816,374.07,Vloxx,,,14250,14540,-99,0,,,,,0
20260930-194816,374.27,Vloxx,,,14500,14580,-99,0,,,,,0
20260930-194816,374.46,Vloxx,,,14740,14610,-99,0,,,,,0
20260930-194816,374.67,Vloxx,,,14990,14650,-99,0,,,,,0
20260930-194816,374.86,Vloxx,,,15240,14690,-99,0,,,,,0
20260930-194816,375.06,Vloxx,,,15490,14720,-99,0,,,,,0
20260930-194816,381.06,Aspect of the Sword,81326,5.0,13060,15630,-19,0,,,,,1
20260930-194816,381.27,Aspect of the Sword,81326,5.2,13140,15390,-19,0,,,,,0
20260930-194816,381.46,Aspect of the Sword,81326,5.4,13230,15160,-19,0,,,,,0
20260930-194816,381.67,Aspect of the Sword,81326,5.6,13310,14920,-19,0,,,,,0
20260930-194816,381.87,Aspect of the Sword,81326,5.8,13400,14690,-19,0,,,,,0
20260930-194816,382.07,Aspect of the Sword,81326,6.0,13480,14450,-19,0,,,,,0
20260930-194816,385.35,Vloxx,81053,4.8,13760,14520,375,1,0,180,0,0,10
20260930-194816,385.86,Vloxx,81053,5.3,13790,14480,375,1,0,180,0,0,7
20260930-194816,385.86,Vloxx,81053,5.3,13190,14560,285,1,0,180,0,0,7
20260930-194816,386.38,Vloxx,81053,5.8,13150,14000,195,1,0,-180,0,0,1
20260930-194816,386.39,Vloxx,81053,5.8,13310,14770,285,1,0,180,0,0,1
20260930-194816,386.79,Vloxx,81053,6.2,13580,14670,375,1,0,180,0,0,8
20260930-194816,386.91,Vloxx,81053,6.3,13720,13950,105,1,0,-180,0,0,8
20260930-194816,386.91,Vloxx,81053,6.3,13020,14280,195,1,0,-180,0,0,8
20260930-194816,387.31,Vloxx,81053,6.7,13390,14130,285,1,0,180,0,0,5
20260930-194816,387.38,Vloxx,81053,6.8,13780,14550,375,1,0,180,0,0,5
20260930-194816,387.43,Vloxx,81053,6.8,13500,13990,105,1,0,-180,0,0,5
20260930-194816,387.82,Vloxx,81053,7.2,13920,13940,195,1,0,-180,0,0,4
20260930-194816,387.90,Vloxx,81053,7.3,13220,14570,285,1,0,180,0,0,4
20260930-194816,388.35,Vloxx,81053,7.8,14110,14470,105,1,0,-180,0,0,10
20260930-194816,388.42,Vloxx,81053,7.8,13200,14000,195,1,0,-180,0,0,10
20260930-194816,388.94,Vloxx,81053,8.4,13770,13980,-133,1,0,-58,1,-122,2
20260930-194816,392.91,Vloxx,,,13610,14430,71,0,,,,,0
20260930-194816,393.11,Vloxx,,,13370,14340,71,0,,,,,0
20260930-194816,393.31,Vloxx,,,13140,14260,71,0,,,,,0
20260930-194816,393.51,Vloxx,,,12900,14180,71,0,,,,,0
20260930-194816,393.70,Vloxx,,,12670,14100,71,0,,,,,0
20260930-194816,393.90,Vloxx,,,12430,14010,71,0,,,,,0
20260930-194816,394.10,Vloxx,,,12200,13930,71,0,,,,,0
20260930-194816,394.30,Vloxx,,,11960,13850,71,0,,,,,0
20260930-194816,396.38,Aspect of the Sword,,,13050,14520,-239,0,,,,,0
20260930-194816,396.58,Aspect of the Sword,,,12840,14650,-239,0,,,,,0
20260930-194816,396.78,Aspect of the Sword,,,12630,14780,-239,0,,,,,0
20260930-194816,396.98,Aspect of the Sword,,,12410,14910,-239,0,,,,,0
20260930-194816,397.18,Aspect of the Sword,,,12200,15040,-239,0,,,,,0
20260930-194816,397.38,Aspect of the Sword,,,11980,15160,-239,0,,,,,0
20260930-194816,401.91,Vloxx,81053,4.8,13690,14540,426,1,0,-180,0,0,6
20260930-194816,402.43,Vloxx,81053,5.3,13260,14160,336,1,0,-180,0,0,9
20260930-194816,402.43,Vloxx,81053,5.3,13520,14370,426,1,0,-180,0,0,9
20260930-194816,402.94,Vloxx,81053,5.8,12980,14550,336,1,0,-180,0,0,7
20260930-194816,402.94,Vloxx,81053,5.8,13640,13740,246,1,0,180,0,0,7
20260930-194816,403.34,Vloxx,81053,6.2,13650,14440,426,1,0,-180,0,0,10
20260930-194816,403.47,Vloxx,81053,6.3,14060,14120,156,1,0,180,0,0,7
20260930-194816,403.47,Vloxx,81053,6.3,12800,14020,246,1,0,180,0,0,7
20260930-194816,403.86,Vloxx,81053,6.7,13160,14710,359,1,0,-156,1,-24,8
20260930-194816,403.94,Vloxx,81053,6.8,13520,14380,449,1,0,-156,1,-24,9
20260930-194816,403.98,Vloxx,81053,6.8,13330,13840,179,1,0,-156,1,-24,9
20260930-194816,404.38,Vloxx,81053,7.2,12890,14210,269,1,0,-156,1,-24,5
20260930-194816,404.47,Vloxx,81053,7.3,12990,14570,359,1,0,-156,1,-24,5
20260930-194816,404.90,Vloxx,81053,7.8,13390,13940,179,1,0,-156,1,-24,10
20260930-194816,404.98,Vloxx,81053,7.8,12800,14040,269,1,0,-156,1,-24,10
20260930-194816,405.50,Vloxx,81053,8.4,13330,13850,179,1,0,180,0,-24,9
20260930-194816,412.03,Aspect of the Sword,81326,6.7,13640,14190,-128,0,,,,,0
20260930-194816,412.23,Aspect of the Sword,81326,6.9,13840,14340,-128,0,,,,,0
20260930-194816,412.42,Aspect of the Sword,81326,7.1,14030,14490,-128,0,,,,,0
20260930-194816,412.62,Aspect of the Sword,81326,7.3,14230,14650,-128,0,,,,,0
20260930-194816,412.82,Aspect of the Sword,81326,7.5,14430,14800,-128,0,,,,,0
20260930-194816,413.02,Aspect of the Sword,81326,7.7,14630,14950,-128,0,,,,,0
20260930-194816,420.66,Vloxx,81053,4.8,13610,14830,309,1,0,-180,0,0,9
20260930-194816,421.18,Vloxx,81053,5.3,13290,14370,219,1,0,180,0,0,10
20260930-194816,421.18,Vloxx,81053,5.3,13520,14750,309,1,0,-180,0,0,10
20260930-194816,421.70,Vloxx,81053,5.8,13760,14040,129,1,0,180,0,0,10
20260930-194816,421.70,Vloxx,81053,5.8,13360,14210,219,1,0,180,0,0,10
20260930-194816,422.11,Vloxx,81053,6.2,13560,14830,309,1,0,-180,0,0,10
20260930-194816,422.22,Vloxx,81053,6.3,13900,14040,164,1,0,-145,1,0,10
20260930-194816,422.22,Vloxx,81053,6.3,14080,14510,74,1,0,-145,1,0,10
20260930-194816,422.62,Vloxx,81053,6.7,13300,14330,254,1,0,-145,1,-35,9
20260930-194816,422.70,Vloxx,81053,6.8,13550,14770,344,1,0,-145,1,-35,10
20260930-194816,422.75,Vloxx,81053,6.8,14060,14590,74,1,0,-145,1,-35,10
20260930-194816,423.14,Vloxx,81053,7.2,13800,14070,164,1,0,-145,1,-35,10
20260930-194816,423.22,Vloxx,81053,7.3,13330,14250,254,1,0,-145,1,-35,10
20260930-194816,423.66,Vloxx,81053,7.8,14060,14570,74,1,0,-145,1,-35,10
20260930-194816,423.76,Vloxx,81053,7.9,13860,14030,164,1,0,-145,1,-35,10
20260930-194816,424.27,Vloxx,81053,8.4,14070,14550,74,1,0,-180,0,-35,7
20260930-194816,428.10,Aspect of the Sword,,,13730,14110,-257,0,,,,,0
20260930-194816,428.30,Aspect of the Sword,,,13490,14170,-257,0,,,,,0
20260930-194816,428.50,Aspect of the Sword,,,13250,14220,-257,0,,,,,0
20260930-194816,428.70,Aspect of the Sword,,,13000,14280,-257,0,,,,,0
20260930-194816,428.90,Aspect of the Sword,,,12760,14340,-257,0,,,,,0
20260930-194816,429.02,Vloxx,,,13620,14410,52,0,,,,,0
20260930-194816,429.11,Aspect of the Sword,,,12520,14400,-257,0,,,,,0
20260930-194816,429.22,Vloxx,,,13430,14250,52,0,,,,,0
20260930-194816,429.42,Vloxx,,,13230,14100,52,0,,,,,0
20260930-194816,429.62,Vloxx,,,13030,13940,52,0,,,,,0
20260930-194816,429.82,Vloxx,,,12840,13790,52,0,,,,,0
20260930-194816,430.02,Vloxx,,,12640,13630,52,0,,,,,0
20260930-194816,430.22,Vloxx,,,12450,13480,52,0,,,,,0
20260930-194816,430.42,Vloxx,,,12250,13320,52,0,,,,,0
20260930-195751,285.11,Aspect of the Sword,81326,5.1,12760,15570,60,0,,,,,0
20260930-195751,285.31,Aspect of the Sword,81326,5.3,12540,15440,60,0,,,,,0
20260930-195751,285.51,Aspect of the Sword,81326,5.5,12330,15320,60,0,,,,,4
20260930-195751,285.71,Aspect of the Sword,81326,5.7,12110,15190,60,0,,,,,0
20260930-195751,285.91,Aspect of the Sword,81326,5.9,11900,15060,60,0,,,,,0
20260930-195751,286.10,Aspect of the Sword,81326,6.1,11680,14940,60,0,,,,,0
20260930-195751,300.39,Aspect of the Sword,,,12090,15480,-87,0,,,,,0
20260930-195751,300.59,Aspect of the Sword,,,12340,15460,-87,0,,,,,0
20260930-195751,300.78,Aspect of the Sword,,,12590,15450,-87,0,,,,,0
20260930-195751,300.99,Aspect of the Sword,,,12840,15440,-87,0,,,,,0
20260930-195751,301.19,Aspect of the Sword,,,13090,15420,-87,0,,,,,0
20260930-195751,301.39,Aspect of the Sword,,,13340,15410,-87,0,,,,,0
20260930-195751,318.31,Aspect of the Sword,81326,8.9,12190,14980,-78,0,,,,,0
20260930-195751,318.51,Aspect of the Sword,81326,9.1,12430,14930,-78,0,,,,,0
20260930-195751,318.71,Aspect of the Sword,81326,9.3,12680,14880,-78,0,,,,,0
20260930-195751,318.90,Aspect of the Sword,81326,9.5,12920,14830,-78,0,,,,,0
20260930-195751,319.11,Aspect of the Sword,81326,9.7,13170,14780,-78,0,,,,,0
20260930-195751,319.30,Aspect of the Sword,81326,9.9,13410,14720,-78,0,,,,,0
20260930-195751,330.03,Vloxx,81053,4.8,10380,14090,243,1,0,-180,0,0,8
20260930-195751,330.54,Vloxx,81053,5.3,10490,14200,243,1,0,-180,0,0,5
20260930-195751,330.54,Vloxx,81053,5.3,10950,14090,153,1,0,-180,0,0,5
20260930-195751,331.07,Vloxx,81053,5.8,10950,14650,63,1,0,180,0,0,0
20260930-195751,331.07,Vloxx,81053,5.8,11050,14270,153,1,0,-180,0,0,0
20260930-195751,331.47,Vloxx,81053,6.2,10450,14150,243,1,0,-180,0,0,6
20260930-195751,331.59,Vloxx,81053,6.3,10390,14660,-27,1,0,180,0,0,7
20260930-195751,331.59,Vloxx,81053,6.3,10980,14830,63,1,0,180,0,0,7
20260930-195751,331.98,Vloxx,81053,6.7,10910,14490,153,1,0,-180,0,0,0
20260930-195751,332.07,Vloxx,81053,6.8,10450,14190,243,1,0,-180,0,0,1
20260930-195751,332.11,Vloxx,81053,6.8,10420,14760,-27,1,0,180,0,0,1
20260930-195751,332.50,Vloxx,81053,7.2,10570,14940,63,1,0,180,0,0,0
20260930-195751,332.59,Vloxx,81053,7.3,10850,14590,153,1,0,-180,0,0,0
20260930-195751,333.03,Vloxx,81053,7.8,10120,14600,-27,1,0,180,0,0,0
20260930-195751,333.11,Vloxx,81053,7.8,10440,14990,63,1,0,180,0,0,0
20260930-195751,333.63,Vloxx,81053,8.4,10050,14580,129,1,0,-23,1,-157,0
20260930-195751,335.34,Aspect of the Sword,,,12070,14880,56,0,,,,,0
20260930-195751,335.55,Aspect of the Sword,,,11860,14740,56,0,,,,,0
20260930-195751,335.75,Aspect of the Sword,,,11650,14600,56,0,,,,,0
20260930-195751,335.95,Aspect of the Sword,,,11450,14460,56,0,,,,,0
20260930-195751,336.14,Aspect of the Sword,,,11240,14320,56,0,,,,,0
20260930-195751,336.35,Aspect of the Sword,,,11040,14180,56,0,,,,,0
20260930-195751,337.59,Vloxx,,,10520,14120,-61,0,,,,,0
20260930-195751,337.79,Vloxx,,,10740,14000,-61,0,,,,,0
20260930-195751,337.98,Vloxx,,,10960,13880,-61,0,,,,,0
20260930-195751,338.19,Vloxx,,,11170,13760,-61,0,,,,,0
20260930-195751,338.39,Vloxx,,,11390,13640,-61,0,,,,,0
20260930-195751,338.58,Vloxx,,,11610,13520,-61,0,,,,,0
20260930-195751,338.78,Vloxx,,,11830,13390,-61,0,,,,,0
20260930-195751,338.98,Vloxx,,,12050,13270,21,0,,,,,0
20260930-195751,350.43,Vloxx,81053,4.8,10570,13770,175,1,0,-180,0,0,9
20260930-195751,350.95,Vloxx,81053,5.3,10370,13710,175,1,0,-180,0,0,9
20260930-195751,350.95,Vloxx,81053,5.3,10450,14320,85,1,0,-180,0,0,9
20260930-195751,351.46,Vloxx,81053,5.8,9900,14190,-5,1,0,180,0,0,8
20260930-195751,351.46,Vloxx,81053,5.8,10920,13840,85,1,0,-180,0,0,8
20260930-195751,351.87,Vloxx,81053,6.2,10150,13940,175,1,0,-180,0,0,9
20260930-195751,351.98,Vloxx,81053,6.3,10020,13640,-95,1,0,180,0,0,9
20260930-195751,351.98,Vloxx,81053,6.3,10780,14390,-5,1,0,180,0,0,9
20260930-195751,352.39,Vloxx,81053,6.7,10410,13440,85,1,0,-180,0,0,9
20260930-195751,352.47,Vloxx,81053,6.8,10450,13890,175,1,0,-180,0,0,9
20260930-195751,352.51,Vloxx,81053,6.8,10230,14260,-95,1,0,180,0,0,9
20260930-195751,352.91,Vloxx,81053,7.2,10910,13700,-5,1,0,180,0,0,6
20260930-195751,352.99,Vloxx,81053,7.3,10860,14280,85,1,0,-180,0,0,6
20260930-195751,353.42,Vloxx,81053,7.8,10650,14200,-95,1,0,180,0,0,7
20260930-195751,353.51,Vloxx,81053,7.8,10460,14690,-5,1,0,180,0,0,7
20260930-195751,354.03,Vloxx,81053,8.4,10060,14290,-3,1,0,-88,1,-92,1
20260930-195751,355.95,Vloxx,81053,10.3,10520,13850,-93,0,,,,,0
20260930-195751,356.15,Vloxx,81053,10.5,10770,13860,-93,0,,,,,0
20260930-195751,356.34,Vloxx,81053,10.7,11020,13870,-93,0,,,,,0
20260930-195751,356.55,Vloxx,81053,10.9,11270,13880,-93,0,,,,,0
20260930-195751,356.74,Vloxx,81053,11.1,11520,13900,-93,0,,,,,0
20260930-195751,356.95,Vloxx,81053,11.3,11770,13910,-93,0,,,,,0
20260930-195751,357.15,Vloxx,81053,11.5,12020,13920,-93,0,,,,,0
20260930-195751,357.35,Vloxx,81053,11.7,12270,13930,-93,0,,,,,0
20260930-195751,367.23,Vloxx,81053,4.8,10610,13820,145,1,0,-180,0,0,3
20260930-195751,367.75,Vloxx,81053,5.3,10270,14280,55,1,0,-180,0,0,7
20260930-195751,367.75,Vloxx,81053,5.3,10400,13940,145,1,0,-180,0,0,7
20260930-195751,368.26,Vloxx,81053,5.8,10580,14480,55,1,0,-180,0,0,7
20260930-195751,368.26,Vloxx,81053,5.8,9820,13940,-35,1,0,-180,0,0,7
20260930-195751,368.66,Vloxx,81053,6.2,10510,14110,145,1,0,-180,0,0,9
20260930-195751,368.78,Vloxx,81053,6.3,10160,13480,-125,1,0,180,0,0,9
20260930-195751,368.78,Vloxx,81053,6.3,10050,14660,-35,1,0,-180,0,0,9
20260930-195751,369.19,Vloxx,81053,6.7,10990,14400,65,1,0,-170,0,-10,9
20260930-195751,369.27,Vloxx,81053,6.8,10520,14100,154,1,0,-170,0,-10,9
20260930-195751,369.31,Vloxx,81053,6.8,9870,14120,-116,1,0,-170,0,-10,9
20260930-195751,369.71,Vloxx,81053,7.2,10700,14890,-25,1,0,-170,0,-10,2
20260930-195751,369.79,Vloxx,81053,7.3,11020,14370,65,1,0,-170,0,-10,2
20260930-195751,370.22,Vloxx,81053,7.8,10220,14590,-116,1,0,-170,0,-10,1
20260930-195751,370.31,Vloxx,81053,7.8,10750,14870,-25,1,0,-170,0,-10,1
20260930-195751,370.83,Vloxx,81053,8.4,10250,14600,-116,1,0,-180,0,-10,0
20260930-195751,380.51,Vloxx,,,10480,13920,-158,0,,,,,0
20260930-195751,380.71,Vloxx,,,10570,14150,-158,0,,,,,0
20260930-195751,380.91,Vloxx,,,10660,14380,-158,0,,,,,0
20260930-195751,381.10,Vloxx,,,10760,14610,-158,0,,,,,0
20260930-195751,381.31,Vloxx,,,10850,14840,-158,0,,,,,0
20260930-195751,381.51,Vloxx,,,10940,15080,-158,0,,,,,0
20260930-195751,381.71,Vloxx,,,11040,15310,-158,0,,,,,0
20260930-195751,381.91,Vloxx,81053,0.0,11130,15540,-158,0,,,,,0
20260930-195751,386.67,Vloxx,81053,4.8,10420,14190,167,1,0,180,0,0,0
20260930-195751,387.19,Vloxx,81053,5.3,10450,13800,167,1,0,180,0,0,9
20260930-195751,387.19,Vloxx,81053,5.3,10790,14620,77,1,0,-180,0,0,9
20260930-195751,387.71,Vloxx,81053,5.8,10820,14230,77,1,0,-180,0,0,10
20260930-195751,387.71,Vloxx,81053,5.8,10350,14980,-13,1,0,-180,0,0,10
20260930-195751,388.11,Vloxx,81053,6.2,10630,13840,167,1,0,180,0,0,9
20260930-195751,388.23,Vloxx,81053,6.3,9990,14550,-103,1,0,180,0,0,9
20260930-195751,388.23,Vloxx,81053,6.3,10400,14600,-13,1,0,-180,0,0,9
20260930-195751,388.62,Vloxx,81053,6.7,10250,14260,194,1,0,-63,1,-117,8
20260930-195751,388.71,Vloxx,81053,6.8,10390,13690,284,1,0,-63,1,-117,8
20260930-195751,388.75,Vloxx,81053,6.8,10030,14170,14,1,0,-63,1,-117,8
20260930-195751,389.14,Vloxx,81053,7.2,9830,13880,104,1,0,-63,1,-117,2
20260930-195751,389.23,Vloxx,81053,7.3,10910,13930,194,1,0,-63,1,-117,2
20260930-195751,389.66,Vloxx,81053,7.7,10210,13460,14,1,0,-63,1,-117,0
20260930-195751,389.75,Vloxx,81053,7.8,10670,14440,104,1,0,-63,1,-117,0
20260930-195751,390.26,Vloxx,81053,8.3,10150,14200,14,1,0,-180,0,-117,0
20260930-195751,390.63,Vloxx,81053,8.7,10520,13830,-76,0,,,,,0
20260930-195751,390.83,Vloxx,81053,8.9,10770,13770,-76,0,,,,,0
20260930-195751,391.03,Vloxx,81053,9.1,11010,13710,-76,0,,,,,0
20260930-195751,391.22,Vloxx,81053,9.3,11250,13650,-76,0,,,,,0
20260930-195751,391.43,Vloxx,81053,9.5,11490,13590,-76,0,,,,,0
20260930-195751,391.63,Vloxx,81053,9.7,11740,13530,-76,0,,,,,0
20260930-195751,391.83,Vloxx,81053,9.9,11980,13470,-76,0,,,,,0
20260930-195751,392.02,Vloxx,81053,10.1,12220,13410,-76,0,,,,,0
20260930-195751,415.62,Vloxx,81053,4.8,12050,15340,327,1,0,180,0,0,7
20260930-195751,416.15,Vloxx,81053,5.3,12270,15410,327,1,0,180,0,0,7
20260930-195751,416.15,Vloxx,81053,5.3,12390,14880,237,1,0,180,0,0,7
20260930-195751,416.67,Vloxx,81053,5.8,11710,15340,237,1,0,180,0,0,4
20260930-195751,416.67,Vloxx,81053,5.8,12840,15210,147,1,0,-180,0,0,4
20260930-195751,417.07,Vloxx,81053,6.2,12070,15280,327,1,0,180,0,0,7
20260930-195751,417.18,Vloxx,81053,6.3,11780,14770,159,1,0,-169,1,0,7
20260930-195751,417.18,Vloxx,81053,6.3,12510,15670,69,1,0,-169,1,0,7
20260930-195751,417.58,Vloxx,81053,6.7,12560,14990,249,1,0,-169,1,-11,9
20260930-195751,417.66,Vloxx,81053,6.8,12250,15240,339,1,0,-169,1,-11,9
20260930-195751,417.71,Vloxx,81053,6.8,12340,14840,69,1,0,-169,1,-11,8
20260930-195751,418.10,Vloxx,81053,7.2,12850,15480,159,1,0,-169,1,-11,7
20260930-195751,418.18,Vloxx,81053,7.3,12150,14690,249,1,0,-169,1,-11,7
20260930-195751,418.62,Vloxx,81053,7.8,12360,15770,69,1,0,-169,1,-11,4
20260930-195751,418.70,Vloxx,81053,7.8,12700,14580,159,1,0,-169,1,-11,4
20260930-195751,419.22,Vloxx,81053,8.4,12810,15130,113,1,0,-136,1,-11,2
20260930-195751,421.54,Vloxx,81053,10.7,12180,15250,23,0,,,,,0
20260930-195751,421.74,Vloxx,81053,10.9,12080,15020,23,0,,,,,0
20260930-195751,421.94,Vloxx,81053,11.1,11980,14790,23,0,,,,,0
20260930-195751,422.14,Vloxx,81053,11.3,11890,14560,23,0,,,,,0
20260930-195751,422.34,Vloxx,81053,11.5,11790,14330,23,0,,,,,0
20260930-195751,422.55,Vloxx,81053,11.7,11690,14090,23,0,,,,,0
20260930-195751,422.74,Vloxx,81053,11.9,11600,13860,23,0,,,,,0
20260930-195751,422.94,Vloxx,,,11500,13630,23,0,,,,,0
20260930-195751,437.23,Vloxx,81053,4.8,12220,15260,388,1,0,-180,0,0,0
20260930-195751,437.75,Vloxx,81053,5.3,12500,15750,298,1,0,-180,0,0,0
20260930-195751,437.75,Vloxx,81053,5.3,12080,15250,388,1,0,-180,0,0,0
20260930-195751,438.26,Vloxx,81053,5.8,12630,15090,298,1,0,-180,0,0,0
20260930-195751,438.26,Vloxx,81053,5.8,12010,16030,208,1,0,-180,0,0,0
20260930-195751,438.66,Vloxx,81053,6.2,12400,15210,388,1,0,-180,0,0,2
20260930-195751,438.78,Vloxx,81053,6.3,11730,15540,-144,1,0,-82,1,0,6
20260930-195751,438.79,Vloxx,81053,6.3,12780,15640,-54,1,0,-82,1,0,6
20260930-195751,439.18,Vloxx,81053,6.7,12240,15750,36,1,0,-82,1,-98,7
20260930-195751,439.27,Vloxx,81053,6.8,12060,15430,126,1,0,-82,1,-98,7
20260930-195751,439.30,Vloxx,81053,6.8,12240,15790,-144,1,0,-82,1,-98,6
20260930-195751,439.71,Vloxx,81053,7.3,11700,15600,-54,1,0,-82,1,-98,8
20260930-195751,439.78,Vloxx,81053,7.3,12140,14860,36,1,0,-82,1,-98,8
20260930-195751,440.22,Vloxx,81053,7.8,11850,15050,-144,1,0,-82,1,-98,10
20260930-195751,440.30,Vloxx,81053,7.8,12700,14940,-54,1,0,-82,1,-98,10
20260930-195751,440.82,Vloxx,81053,8.4,12620,15500,-144,1,0,-180,0,-98,0
20260930-195751,441.14,Vloxx,81053,8.7,12140,15360,-234,0,,,,,0
20260930-195751,441.34,Vloxx,81053,8.9,11940,15510,-234,0,,,,,0
20260930-195751,441.54,Vloxx,81053,9.1,11740,15650,-234,0,,,,,0
20260930-195751,441.74,Vloxx,81053,9.3,11540,15800,-234,0,,,,,0
20260930-195751,441.94,Vloxx,81053,9.5,11340,15950,-234,0,,,,,0
20260930-195751,442.15,Vloxx,81053,9.7,11130,16100,-234,0,,,,,0
20260930-195751,442.34,Vloxx,81053,9.9,10930,16240,-234,0,,,,,0
20260930-195751,442.54,Vloxx,81053,10.1,10730,16390,-234,0,,,,,0
20260930-195751,449.94,Vloxx,,,12270,15280,-64,0,,,,,0
20260930-195751,450.14,Vloxx,,,12500,15170,-64,0,,,,,0
20260930-195751,450.34,Vloxx,,,12720,15060,-64,0,,,,,0
20260930-195751,450.54,Vloxx,,,12940,14950,-64,0,,,,,0
20260930-195751,450.75,Vloxx,,,13170,14840,-64,0,,,,,0
20260930-195751,450.94,Vloxx,,,13390,14730,-64,0,,,,,0
20260930-195751,451.14,Aspect of the Sword,81326,5.1,12720,15580,80,0,,,,,5
20260930-195751,451.14,Vloxx,,,13620,14620,-64,0,,,,,0
20260930-195751,451.34,Vloxx,,,13840,14510,-64,0,,,,,0
20260930-195751,451.34,Aspect of the Sword,81326,5.3,12470,15530,80,0,,,,,0
20260930-195751,451.54,Aspect of the Sword,81326,5.5,12220,15490,80,0,,,,,0
20260930-195751,451.74,Aspect of the Sword,81326,5.7,11980,15440,80,0,,,,,0
20260930-195751,451.94,Aspect of the Sword,81326,5.9,11730,15400,80,0,,,,,0
20260930-195751,452.15,Aspect of the Sword,81326,6.1,11490,15360,80,0,,,,,0
20260930-195751,467.10,Aspect of the Sword,,,12080,14970,2,0,,,,,0
20260930-195751,467.30,Aspect of the Sword,,,12070,14720,2,0,,,,,0
20260930-195751,467.51,Aspect of the Sword,,,12060,14470,2,0,,,,,0
20260930-195751,467.70,Aspect of the Sword,,,12050,14220,2,0,,,,,0
20260930-195751,467.90,Aspect of the Sword,,,12040,13970,2,0,,,,,0
20260930-195751,468.11,Aspect of the Sword,,,12030,13720,2,0,,,,,0
20260930-195751,472.62,Vloxx,81053,4.8,11800,13630,162,1,0,-180,0,0,5
20260930-195751,473.15,Vloxx,81053,5.3,11930,13610,162,1,0,-180,0,0,7
20260930-195751,473.15,Vloxx,81053,5.3,11910,14180,72,1,0,180,0,0,7
20260930-195751,473.66,Vloxx,81053,5.8,11350,14280,-18,1,0,180,0,0,8
20260930-195751,473.66,Vloxx,81053,5.8,12200,14110,72,1,0,180,0,0,8
20260930-195751,474.06,Vloxx,81053,6.2,11690,13730,162,1,0,-180,0,0,7
20260930-195751,474.19,Vloxx,81053,6.3,11700,14380,-35,1,0,164,1,0,8
20260930-195751,474.19,Vloxx,81053,6.3,11250,13730,-125,1,0,164,1,0,8
20260930-195751,474.58,Vloxx,81053,6.7,11760,14290,55,1,0,164,1,16,8
20260930-195751,474.66,Vloxx,81053,6.8,11870,13570,145,1,0,164,1,16,8
20260930-195751,474.70,Vloxx,81053,6.8,11430,13890,-125,1,0,164,1,16,8
20260930-195751,475.10,Vloxx,81053,7.2,11190,14350,-35,1,0,164,1,16,5
20260930-195751,475.18,Vloxx,81053,7.3,12020,14120,55,1,0,164,1,16,5
20260930-195751,475.62,Vloxx,81053,7.8,11130,13790,-125,1,0,164,1,16,5
20260930-195751,475.70,Vloxx,81053,7.8,11470,14270,-35,1,0,164,1,16,5
20260930-195751,476.23,Vloxx,81053,8.4,11320,13720,-125,1,0,180,0,16,4
20260930-195751,478.62,Vloxx,81053,10.8,11950,13370,-234,0,,,,,0
20260930-195751,478.82,Vloxx,81053,11.0,11750,13520,-234,0,,,,,0
20260930-195751,479.02,Vloxx,81053,11.2,11550,13660,-234,0,,,,,0
20260930-195751,479.22,Vloxx,81053,11.4,11340,13810,-234,0,,,,,0
20260930-195751,479.42,Vloxx,81053,11.6,11140,13960,-234,0,,,,,0
20260930-195751,479.62,Vloxx,81053,11.8,10940,14110,-234,0,,,,,0
20260930-195751,479.82,Vloxx,81053,12.0,10740,14250,-234,0,,,,,0
20260930-195751,480.02,Vloxx,,,10540,14400,-234,0,,,,,0
20260930-195751,482.70,Aspect of the Sword,81326,7.2,12070,13880,64,0,,,,,0
20260930-195751,482.90,Aspect of the Sword,81326,7.4,11850,13770,64,0,,,,,0
20260930-195751,483.10,Aspect of the Sword,81326,7.6,11620,13660,64,0,,,,,0
20260930-195751,483.30,Aspect of the Sword,81326,7.8,11400,13550,64,0,,,,,0
20260930-195751,483.50,Aspect of the Sword,81326,8.0,11170,13440,64,0,,,,,0
20260930-195751,483.70,Aspect of the Sword,81326,8.2,10950,13330,64,0,,,,,0
20260930-201108,284.59,Aspect of the Sword,81326,5.0,12700,15610,84,0,,,,,7
20260930-201108,284.79,Aspect of the Sword,81326,5.2,12460,15590,84,0,,,,,0
20260930-201108,284.99,Aspect of the Sword,81326,5.4,12210,15560,84,0,,,,,3
20260930-201108,285.19,Aspect of the Sword,81326,5.6,11960,15530,84,0,,,,,0
20260930-201108,285.38,Aspect of the Sword,81326,5.8,11710,15500,84,0,,,,,0
20260930-201108,285.58,Aspect of the Sword,81326,6.0,11460,15480,84,0,,,,,0
20260930-201108,301.39,Aspect of the Sword,,,11760,15730,-89,0,,,,,0
20260930-201108,301.59,Aspect of the Sword,,,12010,15730,-89,0,,,,,0
20260930-201108,301.79,Aspect of the Sword,,,12260,15720,-89,0,,,,,0
20260930-201108,301.98,Aspect of the Sword,,,12510,15720,-89,0,,,,,0
20260930-201108,302.19,Aspect of the Sword,,,12760,15710,-89,0,,,,,0
20260930-201108,302.39,Aspect of the Sword,,,13010,15710,-89,0,,,,,0
20260930-201108,316.79,Aspect of the Sword,81326,6.6,12330,15120,-261,0,,,,,0
20260930-201108,316.99,Aspect of the Sword,81326,6.8,12080,15160,-261,0,,,,,0
20260930-201108,317.19,Aspect of the Sword,81326,7.0,11840,15200,-261,0,,,,,0
20260930-201108,317.38,Aspect of the Sword,81326,7.2,11590,15240,-261,0,,,,,0
20260930-201108,317.59,Aspect of the Sword,81326,7.4,11340,15280,-261,0,,,,,0
20260930-201108,317.78,Aspect of the Sword,81326,7.6,11100,15320,-261,0,,,,,0
20260930-201108,332.14,Aspect of the Sword,,,12660,15410,-195,0,,,,,0
20260930-201108,332.34,Aspect of the Sword,,,12600,15650,-195,0,,,,,0
20260930-201108,332.55,Aspect of the Sword,,,12530,15890,-195,0,,,,,0
20260930-201108,332.75,Aspect of the Sword,,,12470,16140,-195,0,,,,,0
20260930-201108,332.94,Aspect of the Sword,,,12410,16380,-195,0,,,,,0
20260930-201108,333.15,Aspect of the Sword,,,12340,16620,-195,0,,,,,0
20260930-201108,336.19,Vloxx,81053,4.8,12330,17060,358,1,0,-180,0,0,1
20260930-201108,336.71,Vloxx,81053,5.3,11940,16650,268,1,0,-180,0,0,3
20260930-201108,336.71,Vloxx,81053,5.3,12390,17290,358,1,0,-180,0,0,3
20260930-201108,337.22,Vloxx,81053,5.8,12340,16260,178,1,0,-180,0,0,2
20260930-201108,337.22,Vloxx,81053,5.8,12560,16750,268,1,0,-180,0,0,2
20260930-201108,337.62,Vloxx,81053,6.2,12520,17250,358,1,0,-180,0,0,0
20260930-201108,337.75,Vloxx,81053,6.3,13100,16910,178,1,0,-180,0,0,2
20260930-201108,337.75,Vloxx,81053,6.3,12740,16660,88,1,0,180,0,0,2
20260930-201108,338.14,Vloxx,81053,6.7,12730,16720,268,1,0,-180,0,0,0
20260930-201108,338.23,Vloxx,81053,6.8,12410,17320,358,1,0,-180,0,0,4
20260930-201108,338.27,Vloxx,81053,6.8,12940,17450,88,1,0,180,0,0,4
20260930-201108,338.66,Vloxx,81053,7.2,13260,16940,178,1,0,-180,0,0,0
20260930-201108,338.75,Vloxx,81053,7.3,12810,16920,268,1,0,-180,0,0,0
20260930-201108,339.19,Vloxx,81053,7.8,13040,17460,-136,1,0,-44,1,0,0
20260930-201108,339.27,Vloxx,81053,7.8,13210,17320,-46,1,0,-44,1,0,0
20260930-201108,339.79,Vloxx,81053,8.4,12810,17720,-136,1,0,-44,1,-136,0
20260930-201108,343.54,Vloxx,,,12320,17250,8,0,,,,,0
20260930-201108,343.75,Vloxx,,,12290,17000,8,0,,,,,0
20260930-201108,343.94,Vloxx,,,12250,16750,8,0,,,,,0
20260930-201108,344.14,Vloxx,,,12220,16510,8,0,,,,,0
20260930-201108,344.34,Vloxx,,,12190,16260,8,0,,,,,0
20260930-201108,344.54,Vloxx,,,12150,16010,8,0,,,,,0
20260930-201108,344.75,Vloxx,,,12120,15760,8,0,,,,,0
20260930-201108,344.94,Vloxx,,,12080,15520,8,0,,,,,0
20260930-201108,348.66,Aspect of the Sword,81326,8.3,12290,16640,-207,0,,,,,0
20260930-201108,348.87,Aspect of the Sword,81326,8.5,12180,16860,-207,0,,,,,0
20260930-201108,349.06,Aspect of the Sword,81326,8.7,12060,17090,-207,0,,,,,0
20260930-201108,349.26,Aspect of the Sword,81326,8.9,11950,17310,-207,0,,,,,0
20260930-201108,349.46,Aspect of the Sword,81326,9.1,11840,17530,-207,0,,,,,0
20260930-201108,349.66,Aspect of the Sword,81326,9.3,11720,17750,-207,0,,,,,0
20260930-201108,357.26,Vloxx,81053,4.8,12260,17050,174,1,0,-180,0,0,0
20260930-201108,357.79,Vloxx,81053,5.3,12390,16970,174,1,0,-180,0,0,0
20260930-201108,357.79,Vloxx,81053,5.3,11840,16660,84,1,0,180,0,0,0
20260930-201108,358.30,Vloxx,81053,5.8,11820,16960,84,1,0,180,0,0,0
20260930-201108,358.30,Vloxx,81053,5.8,12230,16250,-6,1,0,180,0,0,0
20260930-201108,358.70,Vloxx,81053,6.2,12470,16860,174,1,0,-180,0,0,1
20260930-201108,358.82,Vloxx,81053,6.3,11830,16400,-6,1,0,180,0,0,0
20260930-201108,358.82,Vloxx,81053,6.3,12640,16630,-96,1,0,-180,0,0,0
20260930-201108,359.22,Vloxx,81053,6.7,12020,17200,84,1,0,180,0,0,2
20260930-201108,359.30,Vloxx,81053,6.8,12480,16710,174,1,0,-180,0,0,2
20260930-201108,359.34,Vloxx,81053,6.8,12400,16410,-96,1,0,-180,0,0,1
20260930-201108,359.74,Vloxx,81053,7.2,11680,16750,-6,1,0,180,0,0,2
20260930-201108,359.82,Vloxx,81053,7.3,12310,17250,84,1,0,180,0,0,2
20260930-201108,360.26,Vloxx,81053,7.8,12130,16410,-151,1,0,125,1,55,2
20260930-201108,360.35,Vloxx,81053,7.8,11770,17080,-61,1,0,125,1,55,2
20260930-201108,360.86,Vloxx,81053,8.4,11940,16540,-151,1,0,125,1,55,1
20260930-203200,303.31,Aspect of the Sword,81326,5.0,12960,15460,32,0,,,,,6
20260930-203200,303.51,Aspect of the Sword,81326,5.2,12820,15250,32,0,,,,,0
20260930-203200,303.71,Aspect of the Sword,81326,5.4,12690,15040,32,0,,,,,5
20260930-203200,303.91,Aspect of the Sword,81326,5.6,12550,14830,32,0,,,,,0
20260930-203200,304.12,Aspect of the Sword,81326,5.8,12420,14610,32,0,,,,,0
20260930-203200,304.31,Aspect of the Sword,81326,6.0,12280,14400,32,0,,,,,0
20260930-203200,318.80,Aspect of the Sword,,,12030,15300,-218,0,,,,,0
20260930-203200,318.99,Aspect of the Sword,,,11880,15500,-218,0,,,,,0
20260930-203200,319.19,Aspect of the Sword,,,11730,15700,-218,0,,,,,0
20260930-203200,319.39,Aspect of the Sword,,,11570,15900,-218,0,,,,,0
20260930-203200,319.59,Aspect of the Sword,,,11420,16090,-218,0,,,,,0
20260930-203200,319.79,Aspect of the Sword,,,11270,16290,-218,0,,,,,0
20260930-203200,334.36,Aspect of the Sword,81326,6.7,12130,15200,-124,0,,,,,0
20260930-203200,334.56,Aspect of the Sword,81326,6.9,12340,15340,-124,0,,,,,0
20260930-203200,334.75,Aspect of the Sword,81326,7.1,12550,15480,-124,0,,,,,0
20260930-203200,334.95,Aspect of the Sword,81326,7.3,12750,15620,-124,0,,,,,0
20260930-203200,335.15,Aspect of the Sword,81326,7.5,12960,15760,-124,0,,,,,0
20260930-203200,335.35,Aspect of the Sword,81326,7.7,13170,15900,-124,0,,,,,0
20260930-203200,350.15,Vloxx,81053,4.8,11800,17470,357,1,0,-180,0,0,5
20260930-203200,350.67,Vloxx,81053,5.3,11440,17040,267,1,0,-180,0,0,5
20260930-203200,350.67,Vloxx,81053,5.3,11840,17270,357,1,0,-180,0,0,5
20260930-203200,351.19,Vloxx,81053,5.8,11890,16710,267,1,0,-180,0,0,2
20260930-203200,351.19,Vloxx,81053,5.8,11870,16680,177,1,0,180,0,0,2
20260930-203200,351.58,Vloxx,81053,6.2,11820,17280,357,1,0,-180,0,0,2
20260930-203200,351.71,Vloxx,81053,6.3,12240,17110,87,1,0,180,0,0,7
20260930-203200,351.71,Vloxx,81053,6.3,12450,16760,177,1,0,180,0,0,7
20260930-203200,352.11,Vloxx,81053,6.7,11760,16720,267,1,0,-180,0,0,2
20260930-203200,352.19,Vloxx,81053,6.8,11810,17300,357,1,0,-180,0,0,6
20260930-203200,352.23,Vloxx,81053,6.8,12400,17320,87,1,0,180,0,0,6
20260930-203200,352.63,Vloxx,81053,7.2,12320,16650,177,1,0,180,0,0,1
20260930-203200,352.71,Vloxx,81053,7.3,11710,16750,267,1,0,-180,0,0,1
20260930-203200,353.14,Vloxx,81053,7.8,12380,17220,-110,1,0,-17,1,0,0
20260930-203200,353.23,Vloxx,81053,7.8,12270,16650,-20,1,0,-17,1,-163,0
20260930-203200,353.75,Vloxx,81053,8.4,12360,17210,-110,1,0,-17,1,-163,0
20260930-203200,357.39,Vloxx,81053,12.0,11840,17210,-15,0,,,,,0
20260930-203200,357.59,Vloxx,,,11900,16970,-15,0,,,,,0
20260930-203200,357.78,Vloxx,,,11970,16730,-15,0,,,,,0
20260930-203200,357.99,Vloxx,,,12030,16490,-15,0,,,,,0
20260930-203200,358.19,Vloxx,,,12100,16250,-15,0,,,,,0
20260930-203200,358.39,Vloxx,,,12170,16010,-15,0,,,,,0
20260930-203200,358.58,Vloxx,,,12230,15770,-15,0,,,,,0
20260930-203200,358.79,Vloxx,,,12300,15520,-15,0,,,,,0
20260930-203200,370.11,Vloxx,81053,4.8,11790,17240,229,1,0,180,0,0,3
20260930-203200,370.63,Vloxx,81053,5.3,11760,17140,229,1,0,180,0,0,5
20260930-203200,370.63,Vloxx,81053,5.3,12330,17410,139,1,0,180,0,0,5
20260930-203200,371.14,Vloxx,81053,5.8,12280,17370,139,1,0,180,0,0,2
20260930-203200,371.14,Vloxx,81053,5.8,12170,17950,49,1,0,-180,0,0,2
20260930-203200,371.56,Vloxx,81053,6.2,11950,17120,229,1,0,180,0,0,2
20260930-203200,371.67,Vloxx,81053,6.3,12050,17890,49,1,0,-180,0,0,2
20260930-203200,371.67,Vloxx,81053,6.3,11630,17780,-41,1,0,-180,0,0,2
20260930-203200,372.07,Vloxx,81053,6.7,12010,17680,277,1,0,-43,1,-137,10
20260930-203200,372.15,Vloxx,81053,6.8,11990,17390,366,1,0,-43,1,-137,10
20260930-203200,372.19,Vloxx,81053,6.8,11530,17660,96,1,0,-43,1,-137,10
20260930-203200,372.59,Vloxx,81053,7.2,11450,17740,186,1,0,-43,1,-137,1
20260930-203200,372.67,Vloxx,81053,7.3,11440,17530,277,1,0,-43,1,-137,1
20260930-203200,373.11,Vloxx,81053,7.8,11390,17180,96,1,0,-43,1,-137,0
20260930-203200,373.19,Vloxx,81053,7.8,11300,16980,186,1,0,-43,1,-137,0
20260930-203200,373.71,Vloxx,81053,8.4,11840,16840,96,1,0,-180,0,-137,0
20260930-203200,374.07,Vloxx,81053,8.7,11810,17210,6,0,,,,,0
20260930-203200,374.26,Vloxx,81053,8.9,11780,16960,6,0,,,,,0
20260930-203200,374.47,Vloxx,81053,9.1,11750,16710,6,0,,,,,0
20260930-203200,374.67,Vloxx,81053,9.3,11730,16470,6,0,,,,,0
20260930-203200,374.87,Vloxx,81053,9.5,11700,16220,6,0,,,,,0
20260930-203200,375.06,Vloxx,81053,9.7,11670,15970,6,0,,,,,0
20260930-203200,375.27,Vloxx,81053,9.9,11640,15720,6,0,,,,,0
20260930-203200,375.47,Vloxx,81053,10.1,11610,15470,6,0,,,,,0
20260930-203200,383.75,Vloxx,,,11890,17310,-109,0,,,,,0
20260930-203200,383.94,Vloxx,,,12130,17390,-109,0,,,,,0
20260930-203200,384.15,Vloxx,,,12360,17470,-109,0,,,,,0
20260930-203200,384.35,Vloxx,,,12600,17560,-109,0,,,,,0
20260930-203200,384.55,Vloxx,,,12830,17640,-109,0,,,,,0
20260930-203200,384.75,Vloxx,,,13070,17720,-109,0,,,,,0
20260930-203200,384.94,Vloxx,,,13310,17800,-109,0,,,,,0
20260930-203200,385.14,Vloxx,81053,0.0,13540,17880,-109,0,,,,,0
20260930-203200,389.87,Vloxx,81053,4.8,11910,17360,251,1,0,-180,0,0,2
20260930-203200,390.38,Vloxx,81053,5.3,11860,17300,251,1,0,-180,0,0,2
20260930-203200,390.38,Vloxx,81053,5.3,11350,17440,161,1,0,180,0,0,2
20260930-203200,390.90,Vloxx,81053,5.8,12370,17050,161,1,0,180,0,0,1
20260930-203200,390.90,Vloxx,81053,5.8,11270,16880,71,1,0,180,0,0,1
20260930-203200,391.31,Vloxx,81053,6.2,11710,17070,251,1,0,-180,0,0,10
20260930-203200,391.43,Vloxx,81053,6.3,12620,17560,161,1,0,-90,1,0,10
20260930-203200,391.43,Vloxx,81053,6.3,11830,16800,72,1,0,-89,1,0,10
20260930-203200,391.83,Vloxx,81053,6.7,12250,17250,251,1,0,-90,1,-91,8
20260930-203200,391.91,Vloxx,81053,6.8,11920,17450,341,1,0,-89,1,-91,8
20260930-203200,391.96,Vloxx,81053,6.9,12110,17810,72,1,0,-89,1,-91,8
20260930-203200,392.35,Vloxx,81053,7.2,12070,17780,161,1,0,-90,1,-91,10
20260930-203200,392.43,Vloxx,81053,7.3,11370,17330,251,1,0,-90,1,-91,10
20260930-203200,392.87,Vloxx,81053,7.8,11530,17600,72,1,0,-89,1,-91,10
20260930-203200,392.95,Vloxx,81053,7.8,11490,16780,161,1,0,-90,1,-91,10
20260930-203200,393.47,Vloxx,81053,8.4,12050,16900,72,1,0,-180,0,-91,10
20260930-203200,396.30,Aspect of the Sword,81326,5.1,12820,15950,-210,0,,,,,0
20260930-203200,396.51,Aspect of the Sword,81326,5.3,12690,16170,-210,0,,,,,0
20260930-203200,396.71,Aspect of the Sword,81326,5.5,12570,16380,-210,0,,,,,0
20260930-203200,396.91,Aspect of the Sword,81326,5.7,12440,16600,-210,0,,,,,0
20260930-203200,397.11,Aspect of the Sword,81326,5.9,12310,16810,-210,0,,,,,0
20260930-203200,397.31,Aspect of the Sword,81326,6.1,12190,17030,-210,0,,,,,0
20260930-203200,402.81,Vloxx,,,11860,17350,-148,0,,,,,0
20260930-203200,402.99,Vloxx,,,11990,17560,-148,0,,,,,0
20260930-203200,403.19,Vloxx,,,12120,17780,-148,0,,,,,0
20260930-203200,403.38,Vloxx,,,12250,17990,-148,0,,,,,0
20260930-203200,403.59,Vloxx,,,12380,18200,-148,0,,,,,0
20260930-203200,403.78,Vloxx,,,12510,18410,-148,0,,,,,0
20260930-203200,403.99,Vloxx,,,12650,18630,-148,0,,,,,0
20260930-203200,404.19,Vloxx,81053,0.1,12780,18840,-81,0,,,,,0
20260930-203200,408.87,Vloxx,81053,4.8,11830,17340,279,1,0,-180,0,0,2
20260930-203200,409.39,Vloxx,81053,5.3,11360,17020,189,1,0,-180,0,0,9
20260930-203200,409.39,Vloxx,81053,5.3,11920,17050,279,1,0,-180,0,0,9
20260930-203200,409.90,Vloxx,81053,5.8,11680,16560,99,1,0,-180,0,0,2
20260930-203200,409.90,Vloxx,81053,5.8,11720,16530,189,1,0,-180,0,0,2
20260930-203200,410.31,Vloxx,81053,6.2,11910,17580,279,1,0,-180,0,0,0
20260930-203200,410.43,Vloxx,81053,6.3,12250,16320,224,1,0,-56,1,0,2
20260930-203200,410.43,Vloxx,81053,6.3,12150,16880,134,1,0,-56,1,0,2
20260930-203200,410.83,Vloxx,81053,6.7,11410,17320,314,1,0,-56,1,-124,10
20260930-203200,410.91,Vloxx,81053,6.8,12020,17340,404,1,0,-56,1,-124,10
20260930-203200,410.95,Vloxx,81053,6.8,12450,16850,134,1,0,-56,1,-124,9
20260930-203200,411.35,Vloxx,81053,7.2,11670,16810,224,1,0,-56,1,-124,10
20260930-203200,411.44,Vloxx,81053,7.3,11530,17620,314,1,0,-56,1,-124,10
20260930-203200,411.87,Vloxx,81053,7.8,12170,17080,134,1,0,-56,1,-124,9
20260930-203200,411.94,Vloxx,81053,7.8,11240,17140,224,1,0,-56,1,-124,9
20260930-203200,412.47,Vloxx,81053,8.4,11730,16850,134,1,0,-180,0,-124,1
20260930-203200,412.75,Vloxx,81053,8.6,11770,17230,44,0,,,,,0
20260930-203200,412.94,Vloxx,81053,8.8,11590,17050,44,0,,,,,0
20260930-203200,413.07,Aspect of the Sword,,,11660,17250,-119,0,,,,,0
20260930-203200,413.14,Vloxx,81053,9.0,11420,16870,44,0,,,,,0
20260930-203200,413.26,Aspect of the Sword,,,11870,17370,-119,0,,,,,0
20260930-203200,413.34,Vloxx,81053,9.2,11250,16690,44,0,,,,,0
20260930-203200,413.48,Aspect of the Sword,,,12090,17500,-119,0,,,,,0
20260930-203200,413.54,Vloxx,81053,9.4,11080,16510,44,0,,,,,0
20260930-203200,413.67,Aspect of the Sword,,,12310,17620,-119,0,,,,,0
20260930-203200,413.75,Vloxx,81053,9.6,10910,16330,44,0,,,,,0
20260930-203200,413.87,Aspect of the Sword,,,12530,17740,-119,0,,,,,0
20260930-203200,413.94,Vloxx,81053,9.8,10730,16140,44,0,,,,,0
20260930-203200,414.07,Aspect of the Sword,,,12750,17860,-119,0,,,,,0
20260930-203200,414.15,Vloxx,81053,10.0,10560,15960,44,0,,,,,0
20260930-203200,429.07,Aspect of the Sword,81326,7.2,11970,16960,5,0,,,,,0
20260930-203200,429.26,Aspect of the Sword,81326,7.4,11950,16710,5,0,,,,,0
20260930-203200,429.47,Aspect of the Sword,81326,7.6,11930,16460,5,0,,,,,0
20260930-203200,429.67,Aspect of the Sword,81326,7.8,11910,16210,5,0,,,,,0
20260930-203200,429.87,Aspect of the Sword,81326,8.0,11880,15960,5,0,,,,,0
20260930-203200,430.07,Aspect of the Sword,81326,8.2,11860,15710,5,0,,,,,0
20260930-203200,437.19,Vloxx,81053,4.8,12170,15310,348,1,0,-180,0,0,5
20260930-203200,437.71,Vloxx,81053,5.3,12140,15250,348,1,0,-180,0,0,5
20260930-203200,437.71,Vloxx,81053,5.3,12690,15080,258,1,0,-180,0,0,5
20260930-203200,438.23,Vloxx,81053,5.8,12710,15250,258,1,0,-180,0,0,0
20260930-203200,438.23,Vloxx,81053,5.8,12910,15600,168,1,0,-180,0,0,0
20260930-203200,438.62,Vloxx,81053,6.2,12300,15290,348,1,0,-180,0,0,7
20260930-203200,438.75,Vloxx,81053,6.3,12390,15830,78,1,0,180,0,0,2
20260930-203200,438.75,Vloxx,81053,6.3,12710,15810,168,1,0,-180,0,0,2
20260930-203200,439.14,Vloxx,81053,6.7,12500,14760,264,1,0,-174,0,-6,7
20260930-203200,439.23,Vloxx,81053,6.8,12210,15190,354,1,0,-174,0,-6,7
20260930-203200,439.27,Vloxx,81053,6.8,12150,15820,84,1,0,-174,0,-6,7
20260930-203200,439.67,Vloxx,81053,7.2,13030,14960,174,1,0,-174,0,-6,6
20260930-203200,439.75,Vloxx,81053,7.3,11810,14790,264,1,0,-174,0,-6,6
20260930-203200,440.19,Vloxx,81053,7.8,12830,15490,84,1,0,-174,0,-6,7
20260930-203200,440.27,Vloxx,81053,7.8,12200,14390,174,1,0,-174,0,-6,7
20260930-203200,440.79,Vloxx,81053,8.4,12610,14780,84,1,0,-174,0,-6,3
20260930-203200,443.26,Vloxx,81053,10.8,12230,15250,-9,0,,,,,0
20260930-203200,443.47,Vloxx,81053,11.0,12270,15010,-9,0,,,,,0
20260930-203200,443.66,Vloxx,81053,11.2,12310,14760,-9,0,,,,,0
20260930-203200,443.87,Vloxx,81053,11.4,12350,14510,-9,0,,,,,0
20260930-203200,444.07,Vloxx,81053,11.6,12390,14270,-9,0,,,,,0
20260930-203200,444.27,Vloxx,81053,11.8,12430,14020,-9,0,,,,,0
20260930-203200,444.47,Vloxx,,,12470,13770,-9,0,,,,,0
20260930-203200,444.63,Aspect of the Sword,,,12690,15040,-18,0,,,,,0
20260930-203200,444.67,Vloxx,,,12510,13530,-9,0,,,,,0
20260930-203200,444.83,Aspect of the Sword,,,12770,14800,-18,0,,,,,0
20260930-203200,445.02,Aspect of the Sword,,,12850,14570,-18,0,,,,,0
20260930-203200,445.23,Aspect of the Sword,,,12920,14330,-18,0,,,,,0
20260930-203200,445.43,Aspect of the Sword,,,13000,14090,-18,0,,,,,0
20260930-203200,445.62,Aspect of the Sword,,,13080,13850,-18,0,,,,,0
20260930-203200,458.55,Vloxx,81053,4.8,12790,15390,146,1,0,180,0,0,5
20260930-203200,459.07,Vloxx,81053,5.3,12230,15320,56,1,0,180,0,0,7
20260930-203200,459.07,Vloxx,81053,5.3,12670,15250,146,1,0,180,0,0,7
20260930-203200,459.58,Vloxx,81053,5.8,13230,15240,56,1,0,180,0,0,1
20260930-203200,459.58,Vloxx,81053,5.8,12300,14760,-34,1,0,-180,0,0,1
20260930-203200,459.99,Vloxx,81053,6.2,12720,15290,146,1,0,180,0,0,7
20260930-203200,460.03,Aspect of the Sword,81326,8.1,12490,15200,-125,0,,,,,0
20260930-203200,460.11,Vloxx,81053,6.3,12860,14830,-124,1,0,-180,0,0,7
20260930-203200,460.11,Vloxx,81053,6.3,13240,15810,-34,1,0,-180,0,0,7
20260930-203200,460.23,Aspect of the Sword,81326,8.3,12690,15340,-125,0,,,,,0
20260930-203200,460.43,Aspect of the Sword,81326,8.5,12900,15480,-125,0,,,,,0
20260930-203200,460.51,Vloxx,81053,6.7,12170,15160,332,1,0,96,1,83,10
20260930-203200,460.59,Vloxx,81053,6.8,12830,15180,422,1,0,96,1,83,10
20260930-203200,460.62,Aspect of the Sword,81326,8.7,13100,15620,-125,0,,,,,0
20260930-203200,460.62,Vloxx,81053,6.8,12680,15820,152,1,0,97,1,83,10
20260930-203200,460.82,Aspect of the Sword,81326,8.9,13310,15770,-125,0,,,,,0
20260930-203200,461.03,Aspect of the Sword,81326,9.1,13510,15910,-125,0,,,,,0
20260930-203200,461.03,Vloxx,81053,7.2,12300,14610,242,1,0,97,1,83,4
20260930-203200,461.11,Vloxx,81053,7.3,12890,15740,332,1,0,96,1,83,4
20260930-203200,461.55,Vloxx,81053,7.8,12850,14740,152,1,0,97,1,83,8
20260930-203200,461.63,Vloxx,81053,7.8,12330,15800,242,1,0,97,1,83,8
20260930-203200,462.14,Vloxx,81053,8.4,12270,15240,152,1,0,-180,0,83,0
20260930-203200,462.51,Vloxx,81053,8.7,12660,15270,62,0,,,,,0
20260930-203200,462.71,Vloxx,81053,8.9,12440,15150,62,0,,,,,0
20260930-203200,462.91,Vloxx,81053,9.1,12220,15040,62,0,,,,,0
20260930-203200,463.10,Vloxx,81053,9.3,12000,14920,62,0,,,,,0
20260930-203200,463.30,Vloxx,81053,9.5,11780,14800,62,0,,,,,0
20260930-203200,463.50,Vloxx,81053,9.7,11550,14680,62,0,,,,,0
20260930-203200,463.70,Vloxx,81053,9.9,11330,14570,62,0,,,,,0
20260930-203200,463.90,Vloxx,81053,10.1,11110,14450,62,0,,,,,0
20260930-203200,471.87,Vloxx,,,12680,15250,37,0,,,,,0
20260930-203200,472.06,Vloxx,,,12530,15050,37,0,,,,,0
20260930-203200,472.26,Vloxx,,,12380,14850,37,0,,,,,0
20260930-203200,472.46,Vloxx,,,12230,14650,37,0,,,,,0
20260930-203200,472.67,Vloxx,,,12080,14450,37,0,,,,,0
20260930-203200,472.87,Vloxx,,,11930,14250,37,0,,,,,0
20260930-203200,473.06,Vloxx,,,11780,14050,37,0,,,,,0
20260930-203200,473.27,Vloxx,,,11630,13850,-240,0,,,,,0
20260930-203200,475.50,Aspect of the Sword,,,12500,15370,-10,0,,,,,0
20260930-203200,475.70,Aspect of the Sword,,,12540,15130,-10,0,,,,,0
20260930-203200,475.90,Aspect of the Sword,,,12590,14880,-10,0,,,,,0
20260930-203200,476.10,Aspect of the Sword,,,12630,14640,-10,0,,,,,0
20260930-203200,476.30,Aspect of the Sword,,,12670,14390,-10,0,,,,,0
20260930-203200,476.51,Aspect of the Sword,,,12720,14140,-10,0,,,,,0
20260930-205557,289.26,Aspect of the Sword,81326,5.1,12660,15640,79,0,,,,,1
20260930-205557,289.47,Aspect of the Sword,81326,5.3,12410,15590,79,0,,,,,0
20260930-205557,289.67,Aspect of the Sword,81326,5.5,12170,15550,79,0,,,,,1
20260930-205557,289.87,Aspect of the Sword,81326,5.7,11920,15500,79,0,,,,,0
20260930-205557,290.07,Aspect of the Sword,81326,5.9,11680,15450,79,0,,,,,0
20260930-205557,290.27,Aspect of the Sword,81326,6.1,11430,15400,79,0,,,,,0
20260930-205557,304.75,Aspect of the Sword,,,12190,15410,-23,0,,,,,0
20260930-205557,304.95,Aspect of the Sword,,,12280,15180,-23,0,,,,,0
20260930-205557,305.14,Aspect of the Sword,,,12380,14950,-23,0,,,,,0
20260930-205557,305.35,Aspect of the Sword,,,12480,14720,-23,0,,,,,0
20260930-205557,305.55,Aspect of the Sword,,,12570,14490,-23,0,,,,,0
20260930-205557,305.75,Aspect of the Sword,,,12670,14260,-23,0,,,,,0
20260930-205557,320.42,Aspect of the Sword,81326,6.8,12120,15550,-5,0,,,,,0
20260930-205557,320.62,Aspect of the Sword,81326,7.0,12140,15300,-5,0,,,,,0
20260930-205557,320.83,Aspect of the Sword,81326,7.2,12160,15050,-5,0,,,,,0
20260930-205557,321.03,Aspect of the Sword,81326,7.4,12190,14800,-5,0,,,,,0
20260930-205557,321.22,Aspect of the Sword,81326,7.6,12210,14550,-5,0,,,,,0
20260930-205557,321.42,Aspect of the Sword,81326,7.8,12230,14300,-5,0,,,,,0
20260930-205557,330.62,Vloxx,81053,4.8,14260,15890,434,1,0,-180,0,0,9
20260930-205557,331.15,Vloxx,81053,5.3,14280,16050,434,1,0,-180,0,0,4
20260930-205557,331.15,Vloxx,81053,5.3,14170,16450,344,1,0,180,0,0,4
20260930-205557,331.66,Vloxx,81053,5.8,13770,15810,344,1,0,180,0,0,5
20260930-205557,331.66,Vloxx,81053,5.8,13610,16360,254,1,0,180,0,0,5
20260930-205557,332.07,Vloxx,81053,6.2,14200,15910,434,1,0,-180,0,0,4
20260930-205557,332.19,Vloxx,81053,6.3,14010,15300,254,1,0,180,0,0,4
20260930-205557,332.19,Vloxx,81053,6.3,13700,15800,164,1,0,-180,0,0,4
20260930-205557,332.59,Vloxx,81053,6.7,13830,16330,344,1,0,180,0,0,3
20260930-205557,332.67,Vloxx,81053,6.8,14250,15940,434,1,0,-180,0,0,8
20260930-205557,332.71,Vloxx,81053,6.8,14520,15540,164,1,0,-180,0,0,8
20260930-205557,333.11,Vloxx,81053,7.2,13410,15950,254,1,0,180,0,0,1
20260930-205557,333.19,Vloxx,81053,7.3,13700,15810,344,1,0,180,0,0,1
20260930-205557,333.63,Vloxx,81053,7.8,13780,15530,164,1,0,-180,0,0,1
20260930-205557,333.70,Vloxx,81053,7.8,13840,15260,254,1,0,180,0,0,1
20260930-205557,334.22,Vloxx,81053,8.4,14390,15390,-18,1,0,-3,1,-177,0
20260930-205557,336.02,Aspect of the Sword,,,13670,15500,-137,0,,,,,0
20260930-205557,336.22,Aspect of the Sword,,,13840,15690,-137,0,,,,,0
20260930-205557,336.43,Aspect of the Sword,,,14010,15870,-137,0,,,,,0
20260930-205557,336.63,Aspect of the Sword,,,14180,16050,-137,0,,,,,0
20260930-205557,336.83,Aspect of the Sword,,,14350,16240,-137,0,,,,,0
20260930-205557,337.03,Aspect of the Sword,,,14520,16420,-137,0,,,,,0
20260930-205557,338.27,Vloxx,,,14210,15980,-193,0,,,,,0
20260930-205557,338.46,Vloxx,,,14160,16220,-193,0,,,,,0
20260930-205557,338.67,Vloxx,,,14100,16470,-193,0,,,,,0
20260930-205557,338.86,Vloxx,,,14040,16710,-193,0,,,,,0
20260930-205557,339.06,Vloxx,,,13980,16950,-193,0,,,,,0
20260930-205557,339.27,Vloxx,,,13930,17200,-193,0,,,,,0
20260930-205557,339.46,Vloxx,,,13870,17440,-193,0,,,,,0
20260930-205557,339.66,Vloxx,,,13810,17680,-193,0,,,,,0
20260930-205557,350.90,Vloxx,81053,4.8,13840,15860,180,1,0,-180,0,0,6
20260930-205557,351.43,Vloxx,81053,5.3,14400,15810,89,1,0,-180,0,0,10
20260930-205557,351.43,Vloxx,81053,5.3,14230,16040,180,1,0,-180,0,0,10
20260930-205557,351.55,Aspect of the Sword,81326,8.4,13950,16150,-75,0,,,,,0
20260930-205557,351.75,Aspect of the Sword,81326,8.6,14190,16080,-75,0,,,,,0
20260930-205557,351.94,Aspect of the Sword,81326,8.8,14430,16020,-75,0,,,,,0
20260930-205557,351.95,Vloxx,81053,5.8,13790,16390,89,1,0,-180,0,0,1
20260930-205557,351.95,Vloxx,81053,5.8,14450,16380,-1,1,0,180,0,0,1
20260930-205557,352.14,Aspect of the Sword,81326,9.0,14670,15960,-75,0,,,,,0
20260930-205557,352.35,Aspect of the Sword,81326,9.2,14910,15890,-75,0,,,,,0
20260930-205557,352.35,Vloxx,81053,6.2,13930,16000,180,1,0,-180,0,0,0
20260930-205557,352.47,Vloxx,81053,6.3,13880,16420,-91,1,0,180,0,0,4
20260930-205557,352.47,Vloxx,81053,6.3,13440,15950,-1,1,0,180,0,0,4
20260930-205557,352.55,Aspect of the Sword,81326,9.4,15150,15830,-75,0,,,,,0
20260930-205557,352.87,Vloxx,81053,6.7,14380,15660,89,1,0,-180,0,0,9
20260930-205557,352.94,Vloxx,81053,6.8,13880,16060,180,1,0,-180,0,0,9
20260930-205557,352.99,Vloxx,81053,6.8,13880,15600,-91,1,0,180,0,0,9
20260930-205557,353.38,Vloxx,81053,7.2,14730,16110,-1,1,0,180,0,0,9
20260930-205557,353.47,Vloxx,81053,7.3,14140,15560,89,1,0,-180,0,0,9
20260930-205557,353.91,Vloxx,81053,7.8,14280,16450,82,1,0,-7,1,-173,2
20260930-205557,353.99,Vloxx,81053,7.8,14640,15810,172,1,0,-7,1,-173,2
20260930-205557,354.51,Vloxx,81053,8.4,14390,16310,82,1,0,-7,1,-173,2
20260930-205557,356.06,Vloxx,81053,9.9,14040,15940,-8,0,,,,,0
20260930-205557,356.27,Vloxx,81053,10.1,14070,15690,-8,0,,,,,0
20260930-205557,356.47,Vloxx,81053,10.3,14100,15450,-8,0,,,,,0
20260930-205557,356.67,Vloxx,81053,10.5,14140,15200,-8,0,,,,,0
20260930-205557,356.86,Vloxx,81053,10.7,14170,14950,-8,0,,,,,0
20260930-205557,357.07,Vloxx,81053,10.9,14210,14700,-8,0,,,,,0
20260930-205557,357.26,Vloxx,81053,11.1,14240,14450,-8,0,,,,,0
20260930-205557,357.46,Vloxx,81053,11.3,14280,14210,-256,0,,,,,0
20260930-210743,286.31,Aspect of the Sword,81326,5.1,12740,15630,88,0,,,,,0
20260930-210743,286.51,Aspect of the Sword,81326,5.3,12490,15620,88,0,,,,,0
20260930-210743,286.71,Aspect of the Sword,81326,5.5,12240,15610,88,0,,,,,3
20260930-210743,286.91,Aspect of the Sword,81326,5.7,11990,15600,88,0,,,,,0
20260930-210743,287.11,Aspect of the Sword,81326,5.9,11740,15590,88,0,,,,,0
20260930-210743,287.31,Aspect of the Sword,81326,6.1,11490,15580,88,0,,,,,0
20260930-210743,301.78,Aspect of the Sword,,,12290,15740,38,0,,,,,0
20260930-210743,301.99,Aspect of the Sword,,,12130,15540,38,0,,,,,0
20260930-210743,302.19,Aspect of the Sword,,,11980,15340,38,0,,,,,0
20260930-210743,302.39,Aspect of the Sword,,,11830,15150,38,0,,,,,0
20260930-210743,302.59,Aspect of the Sword,,,11670,14950,38,0,,,,,0
20260930-210743,302.79,Aspect of the Sword,,,11520,14750,38,0,,,,,0
20260930-210743,318.15,Aspect of the Sword,81326,6.7,12220,15610,-33,0,,,,,0
20260930-210743,318.35,Aspect of the Sword,81326,6.9,12350,15400,-33,0,,,,,0
20260930-210743,318.55,Aspect of the Sword,81326,7.1,12490,15190,-33,0,,,,,0
20260930-210743,318.75,Aspect of the Sword,81326,7.3,12620,14980,-33,0,,,,,0
20260930-210743,318.95,Aspect of the Sword,81326,7.5,12760,14770,-33,0,,,,,0
20260930-210743,319.15,Aspect of the Sword,81326,7.7,12890,14560,-33,0,,,,,0
20260930-210743,331.47,Vloxx,81053,4.8,13560,16880,419,1,0,-180,0,0,5
20260930-210743,331.99,Vloxx,81053,5.3,13020,16700,329,1,0,180,0,0,4
20260930-210743,331.99,Vloxx,81053,5.3,13400,16640,419,1,0,-180,0,0,4
20260930-210743,332.51,Vloxx,81053,5.8,12840,16530,329,1,0,180,0,0,4
20260930-210743,332.51,Vloxx,81053,5.8,13200,16170,239,1,0,180,0,0,4
20260930-210743,332.91,Vloxx,81053,6.2,13390,16650,419,1,0,-180,0,0,0
20260930-210743,333.03,Vloxx,81053,6.3,12940,15980,239,1,0,180,0,0,9
20260930-210743,333.03,Vloxx,81053,6.3,13730,16340,149,1,0,-180,0,0,9
20260930-210743,333.42,Vloxx,81053,6.7,12830,16570,329,1,0,180,0,0,0
20260930-210743,333.50,Vloxx,81053,6.8,13560,16810,419,1,0,-180,0,0,0
20260930-210743,333.54,Vloxx,81053,6.8,13500,16080,149,1,0,-180,0,0,0
20260930-210743,333.95,Aspect of the Sword,,,13240,16440,-113,0,,,,,0
20260930-210743,333.95,Vloxx,81053,7.2,12910,16010,239,1,0,180,0,0,0
20260930-210743,334.03,Vloxx,81053,7.3,13530,16240,329,1,0,180,0,0,0
20260930-210743,334.15,Aspect of the Sword,,,13470,16540,-113,0,,,,,0
20260930-210743,334.35,Aspect of the Sword,,,13700,16630,-113,0,,,,,0
20260930-210743,334.47,Vloxx,81053,7.8,13470,16090,149,1,0,-180,0,0,0
20260930-210743,334.55,Aspect of the Sword,,,13930,16730,-113,0,,,,,0
20260930-210743,334.55,Vloxx,81053,7.8,14090,16210,239,1,0,180,0,0,0
20260930-210743,334.74,Aspect of the Sword,,,14160,16830,-113,0,,,,,0
20260930-210743,334.95,Aspect of the Sword,,,14390,16920,-113,0,,,,,0
20260930-210743,335.07,Vloxx,81053,8.4,14130,16780,-20,1,0,10,1,170,0
20260930-210743,339.04,Vloxx,,,13460,16860,-251,0,,,,,0
20260930-210743,339.22,Vloxx,,,13230,16940,-251,0,,,,,0
20260930-210743,339.43,Vloxx,,,12990,17020,-251,0,,,,,0
20260930-210743,339.63,Vloxx,,,12760,17110,-251,0,,,,,0
20260930-210743,339.82,Vloxx,,,12520,17190,-251,0,,,,,0
20260930-210743,340.03,Vloxx,,,12280,17270,-251,0,,,,,0
20260930-210743,340.23,Vloxx,,,12050,17350,-251,0,,,,,0
20260930-210743,340.43,Vloxx,,,11810,17440,-251,0,,,,,0
20260930-210743,350.11,Aspect of the Sword,81326,8.8,13380,16760,-47,0,,,,,0
20260930-210743,350.31,Aspect of the Sword,81326,9.0,13570,16590,-47,0,,,,,0
20260930-210743,350.51,Aspect of the Sword,81326,9.2,13750,16420,-47,0,,,,,0
20260930-210743,350.70,Aspect of the Sword,81326,9.4,13930,16240,-47,0,,,,,0
20260930-210743,350.91,Aspect of the Sword,81326,9.6,14110,16070,-47,0,,,,,0
20260930-210743,351.11,Aspect of the Sword,81326,9.8,14290,15900,-47,0,,,,,0
20260930-210743,351.38,Vloxx,81053,4.8,13540,17020,154,1,0,-180,0,0,0
20260930-210743,351.90,Vloxx,81053,5.3,13560,16900,154,1,0,-180,0,0,3
20260930-210743,351.90,Vloxx,81053,5.3,13130,16630,64,1,0,-180,0,0,3
20260930-210743,352.43,Vloxx,81053,5.8,13510,16220,-26,1,0,180,0,0,0
20260930-210743,352.43,Vloxx,81053,5.8,13030,16710,64,1,0,-180,0,0,0
20260930-210743,352.83,Vloxx,81053,6.2,13310,17020,154,1,0,-180,0,0,0
20260930-210743,352.95,Vloxx,81053,6.3,13930,16610,-116,1,0,180,0,0,0
20260930-210743,352.95,Vloxx,81053,6.3,13220,16180,-26,1,0,180,0,0,0
20260930-210743,353.34,Vloxx,81053,6.7,13370,16450,323,1,0,80,1,100,8
20260930-210743,353.43,Vloxx,81053,6.8,13290,16970,413,1,0,80,1,100,8
20260930-210743,353.46,Vloxx,81053,6.8,13750,16360,143,1,0,80,1,100,8
20260930-210743,353.86,Vloxx,81053,7.2,13930,16520,233,1,0,80,1,100,1
20260930-210743,353.95,Vloxx,81053,7.3,13440,16430,323,1,0,80,1,100,1
20260930-210743,354.39,Vloxx,81053,7.8,13870,17080,143,1,0,80,1,100,3
20260930-210743,354.47,Vloxx,81053,7.8,13990,16580,233,1,0,80,1,100,3
20260930-210743,354.99,Vloxx,81053,8.4,13830,17130,143,1,0,180,0,100,2
20260930-210743,355.35,Vloxx,81053,8.7,13470,16790,53,0,,,,,0
20260930-210743,355.54,Vloxx,81053,8.9,13270,16640,53,0,,,,,0
20260930-210743,355.75,Vloxx,81053,9.1,13070,16490,53,0,,,,,0
20260930-210743,355.95,Vloxx,81053,9.3,12870,16340,53,0,,,,,0
20260930-210743,356.15,Vloxx,81053,9.5,12670,16190,53,0,,,,,0
20260930-210743,356.35,Vloxx,81053,9.7,12470,16040,53,0,,,,,0
20260930-210743,356.55,Vloxx,81053,9.9,12270,15890,53,0,,,,,0
20260930-210743,356.74,Vloxx,81053,10.1,12070,15740,53,0,,,,,0
20260930-210743,364.75,Vloxx,,,13520,16910,-192,0,,,,,0
20260930-210743,364.95,Vloxx,,,13470,17150,-192,0,,,,,0
20260930-210743,365.14,Vloxx,,,13420,17400,-192,0,,,,,0
20260930-210743,365.34,Vloxx,,,13370,17640,-192,0,,,,,0
20260930-210743,365.55,Vloxx,,,13320,17890,-192,0,,,,,0
20260930-210743,365.74,Vloxx,,,13270,18130,-192,0,,,,,0
20260930-210743,365.95,Vloxx,,,13220,18380,-192,0,,,,,0
20260930-210743,366.15,Vloxx,81053,0.0,13170,18620,-200,0,,,,,0
20260930-210743,370.87,Vloxx,81053,4.8,13580,16940,160,1,0,-180,0,0,5
20260930-210743,371.39,Vloxx,81053,5.3,13050,16720,70,1,0,-180,0,0,4
20260930-210743,371.39,Vloxx,81053,5.3,13530,16850,160,1,0,-180,0,0,4
20260930-210743,371.91,Vloxx,81053,5.8,13280,16200,-20,1,0,-180,0,0,1
20260930-210743,371.91,Vloxx,81053,5.8,13680,17390,70,1,0,-180,0,0,1
20260930-210743,372.31,Vloxx,81053,6.2,13590,16790,160,1,0,-180,0,0,4
20260930-210743,372.43,Vloxx,81053,6.3,13130,17540,191,1,0,30,1,0,8
20260930-210743,372.43,Vloxx,81053,6.3,13800,16420,101,1,0,30,1,0,8
20260930-210743,372.82,Vloxx,81053,6.7,13540,17350,281,1,0,30,1,150,10
20260930-210743,372.91,Vloxx,81053,6.8,13550,16820,371,1,0,30,1,150,10
20260930-210743,372.95,Vloxx,81053,6.8,12980,17000,101,1,0,30,1,150,9
20260930-210743,373.35,Vloxx,81053,7.2,12980,17300,191,1,0,30,1,150,0
20260930-210743,373.42,Vloxx,81053,7.3,13450,17380,281,1,0,30,1,150,0
20260930-210743,373.87,Vloxx,81053,7.8,13030,16740,101,1,0,30,1,150,0
20260930-210743,373.95,Vloxx,81053,7.8,12890,17270,191,1,0,30,1,150,0
20260930-210743,374.46,Vloxx,81053,8.4,13000,16720,101,1,0,-180,0,150,0
20260930-210743,383.71,Vloxx,,,13550,16760,-14,0,,,,,0
20260930-210743,383.91,Vloxx,,,13610,16520,-14,0,,,,,0
20260930-210743,384.11,Vloxx,,,13670,16280,-14,0,,,,,0
20260930-210743,384.31,Vloxx,,,13730,16030,-14,0,,,,,0
20260930-210743,384.51,Vloxx,,,13790,15790,-14,0,,,,,0
20260930-210743,384.71,Vloxx,,,13850,15550,-14,0,,,,,0
20260930-210743,384.91,Vloxx,,,13900,15310,-14,0,,,,,0
20260930-210743,385.10,Vloxx,81053,0.0,13960,15060,-14,0,,,,,0
20260930-210743,389.86,Vloxx,81053,4.8,13740,16550,295,1,0,-180,0,0,0
20260930-210743,390.38,Vloxx,81053,5.3,13510,16980,295,1,0,-180,0,0,2
20260930-210743,390.38,Vloxx,81053,5.3,13650,16000,205,1,0,-180,0,0,2
20260930-210743,390.91,Vloxx,81053,5.8,14210,15910,115,1,0,180,0,0,6
20260930-210743,390.91,Vloxx,81053,5.8,13180,16520,205,1,0,-180,0,0,6
20260930-210743,391.31,Vloxx,81053,6.2,13580,16720,295,1,0,-180,0,0,0
20260930-210743,391.42,Vloxx,81053,6.3,13640,16190,-88,1,0,-22,1,0,0
20260930-210743,391.42,Vloxx,81053,6.3,14300,16460,-178,1,0,-22,1,0,0
20260930-210743,391.82,Vloxx,81053,6.7,13820,17230,2,1,0,-22,1,-158,7
20260930-210743,391.91,Vloxx,81053,6.8,13830,16790,92,1,0,-22,1,-158,7
20260930-210743,391.95,Vloxx,81053,6.8,13970,16650,-178,1,0,-22,1,-158,5
20260930-210743,392.34,Vloxx,81053,7.2,13310,17470,-88,1,0,-22,1,-158,10
20260930-210743,392.43,Vloxx,81053,7.3,13490,17250,2,1,0,-22,1,-158,10
20260930-210743,392.86,Vloxx,81053,7.8,13070,16960,-178,1,0,-22,1,-158,10
20260930-210743,392.95,Vloxx,81053,7.8,13030,16910,-88,1,0,-22,1,-158,10
20260930-210743,393.46,Vloxx,81053,8.4,13370,16460,-178,1,0,-180,0,-158,3
20260930-210743,393.79,Vloxx,81053,8.7,13460,16840,-268,0,,,,,0
20260930-210743,393.99,Vloxx,81053,8.9,13210,16850,-268,0,,,,,0
20260930-210743,394.19,Vloxx,81053,9.1,12960,16860,-268,0,,,,,0
20260930-210743,394.39,Vloxx,81053,9.3,12710,16870,-268,0,,,,,0
20260930-210743,394.58,Vloxx,81053,9.5,12460,16880,-268,0,,,,,0
20260930-210743,394.79,Vloxx,81053,9.7,12210,16890,-268,0,,,,,0
20260930-210743,394.98,Vloxx,81053,9.9,11960,16900,-268,0,,,,,0
20260930-210743,395.19,Vloxx,81053,10.1,11710,16910,-268,0,,,,,0
20260930-210743,412.87,Aspect of the Sword,81326,5.0,12960,15700,-268,0,,,,,0
20260930-210743,413.06,Aspect of the Sword,81326,5.2,12710,15710,-268,0,,,,,0
20260930-210743,413.26,Aspect of the Sword,81326,5.4,12460,15710,-268,0,,,,,0
20260930-210743,413.47,Aspect of the Sword,81326,5.6,12210,15720,-268,0,,,,,0
20260930-210743,413.66,Aspect of the Sword,81326,5.8,11960,15730,-268,0,,,,,0
20260930-210743,413.86,Aspect of the Sword,81326,6.0,11710,15730,-268,0,,,,,0
20260930-210743,418.62,Vloxx,81053,4.8,12040,15450,329,1,0,180,0,0,5
20260930-210743,419.15,Vloxx,81053,5.3,12140,14900,239,1,0,180,0,0,9
20260930-210743,419.15,Vloxx,81053,5.3,12210,15330,329,1,0,180,0,0,9
20260930-210743,419.66,Vloxx,81053,5.8,12690,15000,149,1,0,-180,0,0,9
20260930-210743,419.66,Vloxx,81053,5.8,12740,15120,239,1,0,180,0,0,9
20260930-210743,420.06,Vloxx,81053,6.2,12110,15420,329,1,0,180,0,0,7
20260930-210743,420.19,Vloxx,81053,6.3,12600,15550,59,1,0,-180,0,0,4
20260930-210743,420.19,Vloxx,81053,6.3,12950,15650,149,1,0,-180,0,0,4
20260930-210743,420.58,Vloxx,81053,6.7,12170,14860,250,1,0,-170,1,-10,8
20260930-210743,420.67,Vloxx,81053,6.8,12220,15320,340,1,0,-170,1,-10,8
20260930-210743,420.71,Vloxx,81053,6.8,12420,15850,70,1,0,-170,1,-10,8
20260930-210743,421.11,Vloxx,81053,7.2,12730,14920,160,1,0,-170,1,-10,7
20260930-210743,421.18,Vloxx,81053,7.3,11990,14800,250,1,0,-170,1,-10,7
20260930-210743,421.62,Vloxx,81053,7.8,12670,15490,70,1,0,-170,1,-10,7
20260930-210743,421.70,Vloxx,81053,7.8,12510,14570,160,1,0,-170,1,-10,7
20260930-210743,422.22,Vloxx,81053,8.4,12740,15090,70,1,0,180,0,-10,5
20260930-210743,424.70,Vloxx,81053,10.8,12230,15250,-5,0,,,,,0
20260930-210743,424.90,Vloxx,81053,11.0,12250,15000,-5,0,,,,,0
20260930-210743,425.10,Vloxx,81053,11.2,12270,14760,-5,0,,,,,0
20260930-210743,425.30,Vloxx,81053,11.4,12300,14510,-5,0,,,,,0
20260930-210743,425.50,Vloxx,81053,11.6,12320,14260,-5,0,,,,,0
20260930-210743,425.70,Vloxx,81053,11.8,12340,14010,-5,0,,,,,0
20260930-210743,425.90,Vloxx,,,12370,13760,-5,0,,,,,0
20260930-210743,426.11,Vloxx,,,12390,13510,-5,0,,,,,0
20260930-210743,428.26,Aspect of the Sword,,,11980,15150,-239,0,,,,,0
20260930-210743,428.46,Aspect of the Sword,,,11770,15280,-239,0,,,,,0
20260930-211921,291.46,Aspect of the Sword,81326,5.1,12780,15580,62,0,,,,,7
20260930-211921,291.67,Aspect of the Sword,81326,5.3,12560,15460,62,0,,,,,0
20260930-211921,291.87,Aspect of the Sword,81326,5.5,12330,15350,62,0,,,,,2
20260930-211921,292.07,Aspect of the Sword,81326,5.7,12110,15230,62,0,,,,,0
20260930-211921,292.27,Aspect of the Sword,81326,5.9,11890,15110,62,0,,,,,0
20260930-211921,292.47,Aspect of the Sword,81326,6.1,11670,15000,62,0,,,,,0
20260930-211921,307.00,Aspect of the Sword,,,12490,15110,-209,0,,,,,0
20260930-211921,307.19,Aspect of the Sword,,,12370,15330,-209,0,,,,,0
20260930-211921,307.39,Aspect of the Sword,,,12250,15550,-209,0,,,,,0
20260930-211921,307.58,Aspect of the Sword,,,12130,15760,-209,0,,,,,0
20260930-211921,307.79,Aspect of the Sword,,,12010,15980,-209,0,,,,,0
20260930-211921,307.99,Aspect of the Sword,,,11890,16200,-209,0,,,,,0
20260930-211921,323.35,Aspect of the Sword,81326,7.5,12310,15320,26,0,,,,,0
20260930-211921,323.55,Aspect of the Sword,81326,7.8,12200,15100,26,0,,,,,0
20260930-211921,323.75,Aspect of the Sword,81326,7.9,12090,14870,26,0,,,,,0
20260930-211921,323.94,Aspect of the Sword,81326,8.1,11980,14650,26,0,,,,,0
20260930-211921,324.14,Aspect of the Sword,81326,8.3,11870,14420,26,0,,,,,0
20260930-211921,324.35,Aspect of the Sword,81326,8.6,11760,14200,26,0,,,,,0
20260930-211921,335.11,Vloxx,81053,4.8,11750,13620,191,1,0,180,0,0,8
20260930-211921,335.63,Vloxx,81053,5.3,12190,13970,101,1,0,-180,0,0,8
20260930-211921,335.63,Vloxx,81053,5.3,11740,13460,191,1,0,180,0,0,8
20260930-211921,336.15,Vloxx,81053,5.8,12190,13800,101,1,0,-180,0,0,1
20260930-211921,336.15,Vloxx,81053,5.8,11830,14410,11,1,0,-180,0,0,1
20260930-211921,336.55,Vloxx,81053,6.2,11730,13500,191,1,0,180,0,0,2
20260930-211921,336.67,Vloxx,81053,6.3,11850,14250,11,1,0,-180,0,0,2
20260930-211921,336.67,Vloxx,81053,6.3,11390,14050,-79,1,0,-180,0,0,2
20260930-211921,337.07,Vloxx,81053,6.7,12130,13900,101,1,0,-180,0,0,2
20260930-211921,337.15,Vloxx,81053,6.8,11750,13320,191,1,0,180,0,0,2
20260930-211921,337.19,Vloxx,81053,6.8,11400,13910,-79,1,0,-180,0,0,2
20260930-211921,337.59,Vloxx,81053,7.2,11740,14300,11,1,0,-180,0,0,0
20260930-211921,337.67,Vloxx,81053,7.3,12010,13830,101,1,0,-180,0,0,0
20260930-211921,338.11,Vloxx,81053,7.8,11330,13900,-79,1,0,-180,0,0,3
20260930-211921,338.19,Vloxx,81053,7.8,11500,14080,213,1,0,22,1,158,3
20260930-211921,338.70,Vloxx,81053,8.4,11250,13580,123,1,0,22,1,158,0
20260930-211921,339.03,Aspect of the Sword,,,11670,13600,26,0,,,,,0
20260930-211921,339.23,Aspect of the Sword,,,11560,13380,26,0,,,,,0
20260930-211921,339.44,Aspect of the Sword,,,11450,13150,26,0,,,,,0
20260930-211921,339.63,Aspect of the Sword,,,11340,12920,26,0,,,,,0
20260930-211921,339.83,Aspect of the Sword,,,11230,12700,26,0,,,,,0
20260930-211921,340.03,Aspect of the Sword,,,11130,12470,26,0,,,,,0
20260930-211921,342.67,Vloxx,,,11800,13370,-75,0,,,,,0
20260930-211921,342.87,Vloxx,,,12040,13310,-75,0,,,,,0
20260930-211921,343.08,Vloxx,,,12290,13240,-75,0,,,,,0
20260930-211921,343.27,Vloxx,,,12530,13180,-75,0,,,,,0
20260930-211921,343.47,Vloxx,,,12770,13120,-75,0,,,,,0
20260930-211921,343.68,Vloxx,,,13010,13050,-75,0,,,,,0
20260930-211921,343.87,Vloxx,,,13250,12990,-75,0,,,,,0
20260930-211921,344.06,Vloxx,,,13490,12920,-81,0,,,,,0
20260930-211921,355.11,Vloxx,81053,4.8,11560,13470,177,1,0,-180,0,0,0
20260930-211921,355.63,Vloxx,81053,5.3,11830,12970,87,1,0,-180,0,0,2
20260930-211921,355.63,Vloxx,81053,5.3,11840,13450,177,1,0,-180,0,0,2
20260930-211921,356.15,Vloxx,81053,5.8,11740,12900,87,1,0,-180,0,0,2
20260930-211921,356.15,Vloxx,81053,5.8,12330,13230,-3,1,0,180,0,0,2
20260930-211921,356.55,Vloxx,81053,6.2,11900,13490,177,1,0,-180,0,0,1
20260930-211921,356.66,Vloxx,81053,6.3,12060,13730,-93,1,0,180,0,0,1
20260930-211921,356.66,Vloxx,81053,6.3,12300,12800,-3,1,0,180,0,0,1
20260930-211921,357.07,Vloxx,81053,6.7,11510,13090,87,1,0,-180,0,0,1
20260930-211921,357.15,Vloxx,81053,6.8,11760,13470,177,1,0,-180,0,0,1
20260930-211921,357.19,Vloxx,81053,6.8,12390,13360,-93,1,0,180,0,0,1
20260930-211921,357.59,Vloxx,81053,7.2,11910,12690,-3,1,0,180,0,0,1
20260930-211921,357.67,Vloxx,81053,7.3,11840,12910,87,1,0,-180,0,0,1
20260930-211921,358.11,Vloxx,81053,7.8,12310,13100,-93,1,0,180,0,0,0
20260930-211921,358.19,Vloxx,81053,7.8,12400,12990,-3,1,0,180,0,0,0
20260930-211921,358.71,Vloxx,81053,8.4,12320,13550,-54,1,0,-141,1,-39,0
20260930-211921,359.19,Aspect of the Sword,,,12120,13900,-38,0,,,,,0
20260930-211921,359.39,Aspect of the Sword,,,12270,13700,-38,0,,,,,0
20260930-211921,359.60,Aspect of the Sword,,,12420,13510,-38,0,,,,,0
20260930-211921,359.79,Aspect of the Sword,,,12570,13310,-38,0,,,,,0
20260930-211921,359.99,Aspect of the Sword,,,12720,13110,-38,0,,,,,0
20260930-211921,360.19,Aspect of the Sword,,,12880,12910,-38,0,,,,,0
20260930-211921,360.63,Vloxx,81053,10.3,11950,13420,-144,0,,,,,0
20260930-211921,360.84,Vloxx,81053,10.5,12090,13620,-144,0,,,,,0
20260930-211921,361.03,Vloxx,81053,10.7,12240,13830,-144,0,,,,,0
20260930-211921,361.23,Vloxx,81053,10.9,12390,14030,-144,0,,,,,0
20260930-211921,361.43,Vloxx,81053,11.1,12530,14230,-144,0,,,,,0
20260930-211921,361.62,Vloxx,81053,11.3,12680,14440,-144,0,,,,,0
20260930-211921,361.83,Vloxx,81053,11.5,12820,14640,-144,0,,,,,0
20260930-211921,362.02,Vloxx,81053,11.7,12970,14840,-144,0,,,,,0
20260930-211921,371.95,Vloxx,81053,4.8,11870,13350,419,1,0,180,0,0,3
20260930-211921,372.48,Vloxx,81053,5.3,11400,13670,329,1,0,180,0,0,8
20260930-211921,372.48,Vloxx,81053,5.3,11840,13560,419,1,0,180,0,0,8
20260930-211921,372.99,Vloxx,81053,5.8,11080,13200,239,1,0,-180,0,0,6
20260930-211921,372.99,Vloxx,81053,5.8,11580,13050,329,1,0,180,0,0,6
20260930-211921,373.39,Vloxx,81053,6.2,11750,13560,419,1,0,180,0,0,3
20260930-211921,373.51,Vloxx,81053,6.3,12090,12800,239,1,0,-180,0,0,7
20260930-211921,373.51,Vloxx,81053,6.3,11550,12880,149,1,0,-180,0,0,7
20260930-211921,373.90,Vloxx,81053,6.7,11680,13000,332,1,0,-178,0,-2,5
20260930-211921,373.99,Vloxx,81053,6.8,11970,13240,422,1,0,-178,0,-2,8
20260930-211921,374.02,Vloxx,81053,6.8,12340,13310,152,1,0,-178,0,-2,8
20260930-211921,374.43,Vloxx,81053,7.2,12240,12930,242,1,0,-178,0,-2,3
20260930-211921,374.51,Vloxx,81053,7.3,12110,13790,332,1,0,-178,0,-2,3
20260930-211921,374.94,Vloxx,81053,7.8,12310,13490,152,1,0,-178,0,-2,2
20260930-211921,375.04,Vloxx,81053,7.9,11560,13930,242,1,0,-178,0,-2,2
20260930-211921,375.55,Vloxx,81053,8.4,11420,13380,152,1,0,-180,0,-2,1
20260930-211921,384.71,Vloxx,,,11960,13310,-52,0,,,,,0
20260930-211921,384.91,Vloxx,,,12160,13160,-52,0,,,,,0
20260930-211921,385.11,Vloxx,,,12360,13000,-52,0,,,,,0
20260930-211921,385.31,Vloxx,,,12550,12850,-52,0,,,,,0
20260930-211921,385.51,Vloxx,,,12750,12700,-52,0,,,,,0
20260930-211921,385.70,Vloxx,,,12950,12540,-52,0,,,,,0
20260930-211921,385.91,Vloxx,,,13140,12390,-52,0,,,,,0
20260930-211921,386.11,Vloxx,81053,0.1,13340,12230,-41,0,,,,,0
20260930-211921,390.75,Vloxx,81053,4.8,12040,13250,319,1,0,-180,0,0,0
20260930-211921,391.27,Vloxx,81053,5.3,11980,13810,229,1,0,180,0,0,0
20260930-211921,391.27,Vloxx,81053,5.3,11960,13350,319,1,0,-180,0,0,0
20260930-211921,391.78,Vloxx,81053,5.8,11420,13740,139,1,0,180,0,0,0
20260930-211921,391.78,Vloxx,81053,5.8,11640,13810,229,1,0,180,0,0,0
20260930-211921,392.19,Vloxx,81053,6.2,12080,13240,319,1,0,-180,0,0,0
20260930-211921,392.31,Vloxx,81053,6.3,11180,13490,-68,1,0,-27,1,0,10
20260930-211921,392.31,Vloxx,81053,6.3,11480,13180,-158,1,0,-27,1,0,10
20260930-211921,392.71,Vloxx,81053,6.7,11970,13800,22,1,0,-27,1,-153,9
20260930-211921,392.79,Vloxx,81053,6.8,12050,13220,112,1,0,-27,1,-153,10
20260930-211921,392.83,Vloxx,81053,6.8,11500,13030,-158,1,0,-27,1,-153,10
20260930-211921,393.24,Vloxx,81053,7.2,11410,13680,-68,1,0,-27,1,-153,10
20260930-211921,393.31,Vloxx,81053,7.3,12040,13790,22,1,0,-27,1,-153,10
20260930-211921,393.75,Vloxx,81053,7.8,11530,13130,-158,1,0,-27,1,-153,10
20260930-211921,393.83,Vloxx,81053,7.8,11470,13780,-68,1,0,-27,1,-153,10
20260930-211921,394.35,Vloxx,81053,8.4,11480,13210,-158,1,0,-180,0,-153,7
20260930-211921,394.67,Vloxx,81053,8.7,11830,13390,-248,0,,,,,0
20260930-211921,394.86,Vloxx,81053,8.9,11600,13480,-248,0,,,,,0
20260930-211921,395.07,Vloxx,81053,9.1,11370,13570,-248,0,,,,,0
20260930-211921,395.27,Vloxx,81053,9.3,11140,13670,-248,0,,,,,0
20260930-211921,395.47,Vloxx,81053,9.5,10910,13760,-248,0,,,,,0
20260930-211921,395.67,Vloxx,81053,9.7,10670,13850,-248,0,,,,,0
20260930-211921,395.87,Vloxx,81053,9.9,10440,13950,-248,0,,,,,0
20260930-211921,396.07,Vloxx,81053,10.1,10210,14040,-248,0,,,,,0
20260930-211921,419.07,Vloxx,81053,4.8,13830,13930,379,1,0,-180,0,0,5
20260930-211921,419.11,Aspect of the Sword,81326,5.1,13080,15640,-31,0,,,,,0
20260930-211921,419.31,Aspect of the Sword,81326,5.3,13210,15420,-31,0,,,,,0
20260930-211921,419.50,Aspect of the Sword,81326,5.5,13340,15210,-31,0,,,,,1
20260930-211921,419.59,Vloxx,81053,5.3,14180,14380,289,1,0,-180,0,0,3
20260930-211921,419.59,Vloxx,81053,5.3,13940,13810,379,1,0,-180,0,0,3
20260930-211921,419.71,Aspect of the Sword,81326,5.7,13470,15000,-31,0,,,,,0
20260930-211921,419.91,Aspect of the Sword,81326,5.9,13600,14780,-31,0,,,,,0
20260930-211921,420.11,Aspect of the Sword,81326,6.1,13730,14570,-31,0,,,,,0
20260930-211921,420.11,Vloxx,81053,5.8,13720,14330,289,1,0,-180,0,0,3
20260930-211921,420.11,Vloxx,81053,5.8,13730,14720,199,1,0,180,0,0,3
20260930-211921,420.51,Vloxx,81053,6.2,13880,13840,379,1,0,-180,0,0,7
20260930-211921,420.63,Vloxx,81053,6.3,13390,14280,-169,1,0,-98,1,0,7
20260930-211921,420.63,Vloxx,81053,6.3,13200,14100,-79,1,0,-98,1,0,7
20260930-211921,421.02,Vloxx,81053,6.7,13630,14350,11,1,0,-98,1,-82,7
20260930-211921,421.11,Vloxx,81053,6.8,13830,13910,101,1,0,-98,1,-82,7
20260930-211921,421.15,Vloxx,81053,6.8,13430,13580,-169,1,0,-98,1,-82,7
20260930-211921,421.55,Vloxx,81053,7.2,13120,14100,-79,1,0,-98,1,-82,8
20260930-211921,421.63,Vloxx,81053,7.3,14150,14380,11,1,0,-98,1,-82,8
20260930-211921,422.06,Vloxx,81053,7.8,13370,13590,-169,1,0,-98,1,-82,6
20260930-211921,422.15,Vloxx,81053,7.8,13690,14700,-79,1,0,-98,1,-82,6
20260930-211921,422.67,Vloxx,81053,8.4,13370,14230,-169,1,0,-180,0,-82,1
20260930-211921,425.06,Vloxx,81053,10.8,13770,13820,69,0,,,,,0
20260930-211921,425.27,Vloxx,81053,11.0,13540,13730,69,0,,,,,0
20260930-211921,425.46,Vloxx,81053,11.2,13310,13640,69,0,,,,,0
20260930-211921,425.66,Vloxx,81053,11.4,13070,13560,69,0,,,,,0
20260930-211921,425.86,Vloxx,81053,11.6,12840,13470,69,0,,,,,0
20260930-211921,426.06,Vloxx,81053,11.8,12610,13380,69,0,,,,,0
20260930-211921,426.27,Vloxx,81053,12.0,12370,13290,69,0,,,,,0
20260930-211921,426.46,Vloxx,,,12140,13200,69,0,,,,,0
20260930-211921,434.67,Aspect of the Sword,,,13940,14000,8,0,,,,,0
20260930-211921,434.87,Aspect of the Sword,,,13910,13760,8,0,,,,,0
20260930-211921,435.06,Aspect of the Sword,,,13870,13510,8,0,,,,,0
20260930-211921,435.27,Aspect of the Sword,,,13840,13260,8,0,,,,,0
20260930-211921,435.46,Aspect of the Sword,,,13810,13010,8,0,,,,,0
20260930-211921,435.66,Aspect of the Sword,,,13770,12760,8,0,,,,,0
20260930-211921,440.43,Vloxx,81053,4.8,13870,13640,237,1,0,-180,0,0,7
20260930-211921,440.94,Vloxx,81053,5.3,13860,13970,237,1,0,-180,0,0,3
20260930-211921,440.94,Vloxx,81053,5.3,14210,14090,147,1,0,180,0,0,3
20260930-211921,441.46,Vloxx,81053,5.8,13760,14430,57,1,0,180,0,0,4
20260930-211921,441.46,Vloxx,81053,5.8,14320,14290,147,1,0,180,0,0,4
20260930-211921,441.87,Vloxx,81053,6.2,13850,13840,237,1,0,-180,0,0,1
20260930-211921,441.99,Vloxx,81053,6.3,13990,14750,-67,1,0,56,1,124,4
20260930-211921,441.99,Vloxx,81053,6.3,13420,13980,-157,1,0,56,1,124,4
20260930-211921,442.38,Vloxx,81053,6.7,14040,14370,23,1,0,56,1,124,9
20260930-211921,442.47,Vloxx,81053,6.8,13930,13770,113,1,0,56,1,124,9
20260930-211921,442.51,Vloxx,81053,6.8,13530,14430,-157,1,0,56,1,124,9
20260930-211921,442.90,Vloxx,81053,7.2,13510,14560,-67,1,0,56,1,124,1
20260930-211921,442.98,Vloxx,81053,7.3,13900,14330,23,1,0,56,1,124,1
20260930-211921,443.42,Vloxx,81053,7.8,13320,14030,-157,1,0,56,1,124,1
20260930-211921,443.51,Vloxx,81053,7.8,13340,14310,-67,1,0,56,1,124,1
20260930-211921,444.02,Vloxx,81053,8.4,13370,13740,-157,1,0,-180,0,0,1
20260930-211921,444.34,Vloxx,81053,8.7,13770,13880,-247,0,,,,,0
20260930-211921,444.55,Vloxx,81053,8.9,13540,13980,-247,0,,,,,0
20260930-211921,444.74,Vloxx,81053,9.1,13310,14070,-247,0,,,,,0
20260930-211921,444.94,Vloxx,81053,9.3,13080,14170,-247,0,,,,,0
20260930-211921,445.14,Vloxx,81053,9.5,12850,14260,-247,0,,,,,0
20260930-211921,445.34,Vloxx,81053,9.7,12620,14360,-247,0,,,,,0
20260930-211921,445.55,Vloxx,81053,9.9,12390,14460,-247,0,,,,,0
20260930-211921,445.74,Vloxx,81053,10.1,12160,14550,-247,0,,,,,0
20260930-211921,451.15,Aspect of the Sword,81326,7.6,13540,13900,-157,0,,,,,0
20260930-211921,451.35,Aspect of the Sword,81326,7.8,13640,14130,-157,0,,,,,0
20260930-211921,451.55,Aspect of the Sword,81326,8.0,13740,14360,-157,0,,,,,0
20260930-211921,451.75,Aspect of the Sword,81326,8.2,13840,14590,-157,0,,,,,0
20260930-211921,451.94,Aspect of the Sword,81326,8.4,13940,14810,-157,0,,,,,0
20260930-211921,452.14,Aspect of the Sword,81326,8.6,14040,15040,-157,0,,,,,0
20260930-211921,453.23,Vloxx,,,13780,13890,-236,0,,,,,0
20260930-211921,453.43,Vloxx,,,13570,14030,-236,0,,,,,0
20260930-211921,453.63,Vloxx,,,13370,14170,-236,0,,,,,0
20260930-211921,453.82,Vloxx,,,13160,14310,-236,0,,,,,0
20260930-211921,454.03,Vloxx,,,12950,14460,-236,0,,,,,0
20260930-211921,454.23,Vloxx,,,12750,14600,-236,0,,,,,0
20260930-211921,454.42,Vloxx,,,12540,14740,-236,0,,,,,0
20260930-211921,454.62,Vloxx,,,12330,14880,24,0,,,,,0
20260930-211921,475.99,Vloxx,81053,4.8,12540,15160,293,1,0,-180,0,0,6
20260930-211921,476.51,Vloxx,81053,5.3,12850,14690,203,1,0,180,0,0,4
20260930-211921,476.51,Vloxx,81053,5.3,12560,15170,293,1,0,-180,0,0,4
20260930-211921,477.02,Vloxx,81053,5.8,12900,14720,203,1,0,180,0,0,0
20260930-211921,477.02,Vloxx,81053,5.8,13320,15010,113,1,0,180,0,0,0
20260930-211921,477.43,Vloxx,81053,6.2,12390,15080,293,1,0,-180,0,0,3
20260930-211921,477.54,Vloxx,81053,6.3,13010,15480,81,1,0,-122,1,0,3
20260930-211921,477.54,Vloxx,81053,6.3,13350,15060,171,1,0,-122,1,0,3
20260930-211921,477.94,Vloxx,81053,6.7,12110,14590,261,1,0,-122,1,-58,6
20260930-211921,478.02,Vloxx,81053,6.8,12380,15570,351,1,0,-122,1,-58,6
20260930-211921,478.06,Vloxx,81053,6.8,13010,15510,81,1,0,-122,1,-58,6
20260930-211921,478.46,Vloxx,81053,7.2,12600,14300,171,1,0,-122,1,-58,1
20260930-211921,478.55,Vloxx,81053,7.3,12800,15950,261,1,0,-122,1,-58,1
20260930-211921,478.98,Vloxx,81053,7.8,12880,14790,81,1,0,-122,1,-58,1
20260930-211921,479.07,Vloxx,81053,7.8,12420,16370,171,1,0,-122,1,-58,1
20260930-211921,479.59,Vloxx,81053,8.4,12000,15980,131,1,0,-130,1,-58,0
20260930-211921,481.94,Vloxx,81053,10.7,12310,15140,41,0,,,,,0
20260930-211921,482.14,Vloxx,81053,10.9,12150,14950,41,0,,,,,0
20260930-211921,482.35,Vloxx,81053,11.1,11990,14760,41,0,,,,,0
20260930-211921,482.54,Vloxx,81053,11.3,11820,14570,41,0,,,,,0
20260930-211921,482.74,Vloxx,81053,11.5,11660,14380,41,0,,,,,0
20260930-211921,482.94,Vloxx,81053,11.7,11500,14190,41,0,,,,,0
20260930-211921,483.14,Vloxx,81053,11.9,11340,14000,41,0,,,,,0
20260930-211921,483.34,Vloxx,,,11170,13810,41,0,,,,,0
20260930-211921,523.98,Aspect of the Sword,81326,5.0,12750,15640,68,0,,,,,9
20260930-211921,524.19,Aspect of the Sword,81326,5.2,12520,15540,68,0,,,,,0
20260930-211921,524.38,Aspect of the Sword,81326,5.4,12290,15450,68,0,,,,,8
20260930-211921,524.58,Aspect of the Sword,81326,5.6,12050,15350,68,0,,,,,0
20260930-211921,524.78,Aspect of the Sword,81326,5.8,11820,15260,68,0,,,,,0
20260930-211921,524.98,Aspect of the Sword,81326,6.0,11590,15170,68,0,,,,,0
20260930-211921,536.67,Vloxx,,,12160,15200,270,1,14,180,0,0,5
20260930-211921,536.67,Vloxx,,,12170,15190,270,1,0,180,0,0,5
20260930-211921,536.67,Vloxx,,,12130,15230,270,1,0,180,0,0,5
20260930-211921,537.18,Vloxx,,,12700,15380,180,1,0,-180,0,0,1
20260930-211921,537.18,Vloxx,,,12690,15230,180,1,0,-180,0,0,1
20260930-211921,537.18,Vloxx,,,12690,15440,180,1,0,-180,0,0,1
20260930-211921,537.70,Vloxx,,,12520,15920,90,1,0,-180,0,0,1
20260930-211921,537.70,Vloxx,,,12450,15950,90,1,0,-180,0,0,1
20260930-211921,537.70,Vloxx,,,12690,15800,90,1,0,-180,0,0,1
20260930-211921,538.22,Vloxx,,,12130,15800,0,1,0,-180,0,0,1
20260930-211921,538.22,Vloxx,,,11980,15740,0,1,0,-180,0,0,1
20260930-211921,538.22,Vloxx,,,11930,15710,0,1,0,-180,0,0,1
20260930-211921,539.91,Aspect of the Sword,,,12240,15260,27,0,,,,,0
20260930-211921,540.10,Aspect of the Sword,,,12120,15030,27,0,,,,,0
20260930-211921,540.30,Aspect of the Sword,,,12010,14810,27,0,,,,,0
20260930-211921,540.50,Aspect of the Sword,,,11890,14590,27,0,,,,,0
20260930-211921,540.70,Aspect of the Sword,,,11780,14370,27,0,,,,,0
20260930-211921,540.90,Aspect of the Sword,,,11660,14140,27,0,,,,,0
20260930-211921,551.66,Vloxx,,,12210,15340,270,1,0,180,0,0,0
20260930-211921,551.66,Vloxx,,,12220,15320,270,1,0,180,0,0,0
20260930-211921,551.66,Vloxx,,,12310,15300,270,1,0,180,0,0,0
20260930-211921,552.20,Vloxx,,,12060,15810,180,1,0,-180,0,0,0
20260930-211921,552.20,Vloxx,,,12290,15900,180,1,14,-180,0,0,0
20260930-211921,552.20,Vloxx,,,12280,15890,180,1,0,-180,0,0,0
20260930-211921,552.70,Vloxx,,,11720,15950,90,1,0,-180,0,0,0
20260930-211921,552.70,Vloxx,,,11550,15560,90,1,0,-180,0,0,0
20260930-211921,552.70,Vloxx,,,11730,15980,90,1,0,-180,0,0,0
20260930-211921,553.22,Vloxx,,,11800,15050,0,1,0,-180,0,0,5
20260930-211921,553.22,Vloxx,,,11650,15420,0,1,0,-180,0,0,5
20260930-211921,553.22,Vloxx,,,11660,15380,0,1,0,-180,0,0,5
20260930-211921,555.35,Aspect of the Sword,81326,6.7,12250,15660,30,0,,,,,0
20260930-211921,555.54,Aspect of the Sword,81326,6.9,12120,15450,30,0,,,,,0
20260930-211921,555.74,Aspect of the Sword,81326,7.1,12000,15230,30,0,,,,,0
20260930-211921,555.94,Aspect of the Sword,81326,7.3,11870,15010,30,0,,,,,0
20260930-211921,556.14,Aspect of the Sword,81326,7.5,11750,14800,30,0,,,,,0
20260930-211921,556.34,Aspect of the Sword,81326,7.7,11620,14580,30,0,,,,,0
20260930-211921,566.66,Vloxx,,,12320,14920,270,1,0,180,0,0,3
20260930-211921,566.66,Vloxx,,,12020,15250,270,1,0,180,0,0,3
20260930-211921,566.66,Vloxx,,,11750,15320,270,1,0,180,0,0,3
20260930-211921,567.18,Vloxx,,,11350,15720,180,1,0,-180,0,0,4
20260930-211921,567.18,Vloxx,,,12020,14440,180,1,0,-180,0,0,4
20260930-211921,567.18,Vloxx,,,12540,15020,180,1,0,-180,0,0,4
20260930-211921,567.70,Vloxx,,,12770,15540,90,1,0,-180,0,0,1
20260930-211921,567.70,Vloxx,,,10950,15320,90,1,0,-180,0,0,1
20260930-211921,567.70,Vloxx,,,12500,14140,90,1,0,-180,0,0,1
20260930-211921,568.23,Vloxx,,,11350,14920,0,1,0,-180,0,0,2
20260930-211921,568.23,Vloxx,,,12800,14620,0,1,0,-180,0,0,2
20260930-211921,568.23,Vloxx,,,12250,15770,0,1,0,-180,0,0,2
20260930-211921,571.38,Aspect of the Sword,,,11950,15480,-121,0,,,,,0
20260930-211921,571.58,Aspect of the Sword,,,12170,15610,-121,0,,,,,0
20260930-211921,571.78,Aspect of the Sword,,,12380,15740,-121,0,,,,,0
20260930-211921,571.98,Aspect of the Sword,,,12600,15870,-121,0,,,,,0
20260930-211921,572.18,Aspect of the Sword,,,12810,16000,-121,0,,,,,0
20260930-211921,572.38,Aspect of the Sword,,,13020,16130,-121,0,,,,,0
20260930-211921,581.66,Vloxx,,,12410,15440,270,1,0,180,0,0,0
20260930-211921,581.66,Vloxx,,,12290,15450,270,1,0,180,0,0,0
20260930-211921,581.66,Vloxx,,,12230,15340,270,1,0,180,0,0,0
20260930-211921,582.19,Vloxx,,,11670,15270,180,1,0,-180,0,0,0
20260930-211921,582.19,Vloxx,,,11860,15580,180,1,0,-180,0,0,0
20260930-211921,582.19,Vloxx,,,11750,15300,180,1,0,-180,0,0,0
20260930-211921,582.70,Vloxx,,,11740,14710,90,1,0,-180,0,0,0
20260930-211921,582.70,Vloxx,,,11720,15030,90,1,0,-180,0,0,0
20260930-211921,582.70,Vloxx,,,11900,14750,90,1,0,-180,0,0,0
20260930-211921,583.22,Vloxx,,,12300,14780,0,1,0,-180,0,0,0
20260930-211921,583.22,Vloxx,,,12270,14890,0,1,0,-180,0,0,0
20260930-211921,583.22,Vloxx,,,12450,14910,0,1,0,-180,0,0,0
20260930-211921,596.66,Vloxx,,,12250,15320,270,1,0,180,0,0,0
20260930-211921,597.18,Vloxx,,,11920,15780,180,1,0,-180,0,0,0
20260930-211921,597.70,Vloxx,,,11460,15450,90,1,0,-180,0,0,0
20260930-211921,598.22,Vloxx,,,11790,14990,0,1,0,-180,0,0,0
20260930-214712,289.48,Aspect of the Sword,81326,5.1,12730,15600,71,0,,,,,0
20260930-214712,289.67,Aspect of the Sword,81326,5.3,12490,15520,71,0,,,,,0
20260930-214712,289.87,Aspect of the Sword,81326,5.5,12250,15440,71,0,,,,,4
20260930-214712,290.07,Aspect of the Sword,81326,5.7,12020,15350,71,0,,,,,0
20260930-214712,290.27,Aspect of the Sword,81326,5.9,11780,15270,71,0,,,,,0
20260930-214712,290.47,Aspect of the Sword,81326,6.1,11550,15190,71,0,,,,,0
20260930-214712,306.87,Aspect of the Sword,,,12260,15560,-206,0,,,,,0
20260930-214712,307.07,Aspect of the Sword,,,12150,15790,-206,0,,,,,0
20260930-214712,307.27,Aspect of the Sword,,,12040,16010,-206,0,,,,,0
20260930-214712,307.46,Aspect of the Sword,,,11930,16230,-206,0,,,,,0
20260930-214712,307.67,Aspect of the Sword,,,11820,16460,-206,0,,,,,0
20260930-214712,307.87,Aspect of the Sword,,,11710,16680,-206,0,,,,,0
20260930-214712,322.31,Aspect of the Sword,81326,8.2,11910,15400,-214,0,,,,,0
20260930-214712,322.51,Aspect of the Sword,81326,8.4,11770,15610,-214,0,,,,,0
20260930-214712,322.71,Aspect of the Sword,81326,8.6,11630,15820,-214,0,,,,,0
20260930-214712,322.91,Aspect of the Sword,81326,8.8,11490,16020,-214,0,,,,,0
20260930-214712,323.11,Aspect of the Sword,81326,9.0,11350,16230,-214,0,,,,,0
20260930-214712,323.31,Aspect of the Sword,81326,9.2,11210,16440,-214,0,,,,,0
20260930-214712,333.39,Vloxx,81053,4.8,10530,14260,225,1,0,-180,0,0,1
20260930-214712,333.91,Vloxx,81053,5.3,10560,14270,225,1,0,-180,0,0,1
20260930-214712,333.91,Vloxx,81053,5.3,10670,14810,135,1,0,-180,0,0,1
20260930-214712,334.42,Vloxx,81053,5.8,10580,14840,135,1,0,-180,0,0,1
20260930-214712,334.42,Vloxx,81053,5.8,10130,14950,45,1,0,-180,0,0,1
20260930-214712,334.82,Vloxx,81053,6.2,10480,14360,225,1,0,-180,0,0,7
20260930-214712,334.94,Vloxx,81053,6.3,10020,14860,45,1,0,-180,0,0,7
20260930-214712,334.94,Vloxx,81053,6.3,9980,14410,-45,1,0,180,0,0,7
20260930-214712,335.35,Vloxx,81053,6.7,10470,14930,135,1,0,-180,0,0,1
20260930-214712,335.43,Vloxx,81053,6.8,10520,14430,225,1,0,-180,0,0,7
20260930-214712,335.48,Vloxx,81053,6.9,9990,14290,-45,1,0,180,0,0,7
20260930-214712,335.87,Vloxx,81053,7.2,9910,14930,45,1,0,-180,0,0,0
20260930-214712,335.95,Vloxx,81053,7.3,9960,14450,135,1,0,-180,0,0,0
20260930-214712,336.39,Vloxx,81053,7.8,9910,14360,54,1,0,-81,1,0,0
20260930-214712,336.47,Vloxx,81053,7.8,9940,13890,144,1,0,-81,1,-99,0
20260930-214712,336.98,Vloxx,81053,8.4,10500,13870,54,1,0,-81,1,-99,1
20260930-214712,340.71,Vloxx,,,10540,14360,-77,0,,,,,0
20260930-214712,340.90,Vloxx,,,10780,14310,-77,0,,,,,0
20260930-214712,341.10,Vloxx,,,11020,14250,-77,0,,,,,0
20260930-214712,341.31,Vloxx,,,11270,14190,-77,0,,,,,0
20260930-214712,341.50,Vloxx,,,11510,14140,-77,0,,,,,0
20260930-214712,341.70,Vloxx,,,11750,14080,-77,0,,,,,0
20260930-214712,341.90,Vloxx,,,12000,14030,-77,0,,,,,0
20260930-214712,342.11,Vloxx,,,12240,13970,-77,0,,,,,0
20260930-214712,353.39,Vloxx,81053,4.8,10300,14400,150,1,0,-180,0,0,1
20260930-214712,353.91,Vloxx,81053,5.3,10580,14190,150,1,0,-180,0,0,9
20260930-214712,353.91,Vloxx,81053,5.3,10640,13950,60,1,0,180,0,0,9
20260930-214712,354.42,Vloxx,81053,5.8,11090,14300,-30,1,0,180,0,0,1
20260930-214712,354.42,Vloxx,81053,5.8,10710,14740,60,1,0,180,0,0,1
20260930-214712,354.82,Vloxx,81053,6.2,10640,14420,150,1,0,-180,0,0,1
20260930-214712,354.95,Vloxx,81053,6.3,10160,14870,205,1,0,55,1,0,0
20260930-214712,354.95,Vloxx,81053,6.3,10750,14740,115,1,0,55,1,0,0
20260930-214712,355.35,Vloxx,81053,6.7,10150,14710,295,1,0,55,1,125,0
20260930-214712,355.42,Vloxx,81053,6.8,11690,15140,385,1,0,55,1,125,0
20260930-214712,355.47,Vloxx,81053,6.8,10030,14320,115,1,0,55,1,125,0
20260930-214712,355.87,Vloxx,81053,7.2,9860,14230,205,1,0,55,1,125,1
20260930-214712,355.95,Vloxx,81053,7.3,12240,15020,295,1,0,55,1,125,1
20260930-214712,356.38,Vloxx,81053,7.8,10340,13940,115,1,0,55,1,125,3
20260930-214712,356.47,Vloxx,81053,7.8,12370,15570,205,1,0,55,1,125,3
20260930-214712,356.99,Vloxx,81053,8.4,11820,15690,115,1,0,-180,0,125,0
20260930-214712,357.27,Vloxx,81053,8.6,10430,14310,25,0,,,,,0
20260930-214712,357.47,Vloxx,81053,8.8,10320,14080,25,0,,,,,0
20260930-214712,357.66,Vloxx,81053,9.0,10220,13860,25,0,,,,,0
20260930-214712,357.86,Vloxx,81053,9.2,10110,13630,25,0,,,,,0
20260930-214712,358.06,Vloxx,81053,9.4,10000,13410,25,0,,,,,0
20260930-214712,358.26,Vloxx,81053,9.6,9890,13180,25,0,,,,,0
20260930-214712,358.47,Vloxx,81053,9.8,9790,12950,25,0,,,,,0
20260930-214712,358.66,Vloxx,81053,10.0,9680,12730,25,0,,,,,0
20260930-214712,366.87,Vloxx,,,10500,14440,-150,0,,,,,0
20260930-214712,367.06,Vloxx,,,10630,14660,-150,0,,,,,0
20260930-214712,367.26,Vloxx,,,10750,14870,-150,0,,,,,0
20260930-214712,367.47,Vloxx,,,10880,15090,-150,0,,,,,0
20260930-214712,367.66,Vloxx,,,11010,15300,-150,0,,,,,0
20260930-214712,367.87,Vloxx,,,11130,15520,-150,0,,,,,0
20260930-214712,368.06,Vloxx,,,11260,15740,-150,0,,,,,0
20260930-214712,368.27,Vloxx,81053,0.0,11390,15950,-144,0,,,,,0
20260930-214712,372.99,Vloxx,81053,4.8,10450,14360,216,1,0,-180,0,0,3
20260930-214712,373.50,Vloxx,81053,5.3,11000,14490,126,1,0,180,0,0,4
20260930-214712,373.50,Vloxx,81053,5.3,10400,14460,216,1,0,-180,0,0,4
20260930-214712,374.02,Vloxx,81053,5.8,10870,15040,36,1,0,180,0,0,2
20260930-214712,374.02,Vloxx,81053,5.8,10320,13900,126,1,0,180,0,0,2
20260930-214712,374.42,Vloxx,81053,6.2,10500,14450,216,1,0,-180,0,0,0
20260930-214712,374.55,Vloxx,81053,6.3,10320,14910,-54,1,0,-180,0,0,4
20260930-214712,374.55,Vloxx,81053,6.3,10880,13810,36,1,0,180,0,0,4
20260930-214712,374.95,Vloxx,81053,6.7,11040,14620,47,1,0,101,1,79,7
20260930-214712,375.03,Vloxx,81053,6.8,10540,14350,137,1,0,101,1,79,7
20260930-214712,375.07,Vloxx,81053,6.8,10960,14370,-133,1,0,101,1,79,7
20260930-214712,375.47,Vloxx,81053,7.2,10870,15160,-43,1,0,101,1,79,2
20260930-214712,375.55,Vloxx,81053,7.3,10270,14850,47,1,0,101,1,79,2
20260930-214712,375.98,Vloxx,81053,7.8,10330,14990,-133,1,0,101,1,79,0
20260930-214712,376.07,Vloxx,81053,7.8,9770,14580,-43,1,0,101,1,79,0
20260930-214712,376.58,Vloxx,81053,8.4,10040,14080,-133,1,0,180,0,79,8
20260930-214712,385.86,Vloxx,,,10470,14450,-175,0,,,,,0
20260930-214712,386.07,Vloxx,,,10490,14700,-175,0,,,,,0
20260930-214712,386.27,Vloxx,,,10520,14950,-175,0,,,,,0
20260930-214712,386.47,Vloxx,,,10540,15200,-175,0,,,,,0
20260930-214712,386.67,Vloxx,,,10560,15450,-175,0,,,,,0
20260930-214712,386.87,Vloxx,,,10590,15700,-175,0,,,,,0
20260930-214712,387.07,Vloxx,,,10610,15940,-175,0,,,,,0
20260930-214712,387.27,Vloxx,81053,0.0,10640,16190,-244,0,,,,,0
20260930-214712,391.99,Vloxx,81053,4.8,10650,14500,116,1,0,-180,0,0,8
20260930-214712,392.51,Vloxx,81053,5.3,10610,14400,116,1,0,-180,0,0,7
20260930-214712,392.51,Vloxx,81053,5.3,10090,14610,26,1,0,-180,0,0,7
20260930-214712,393.03,Vloxx,81053,5.8,10160,14740,26,1,0,-180,0,0,3
20260930-214712,393.03,Vloxx,81053,5.8,9990,14050,-64,1,0,180,0,0,3
20260930-214712,393.42,Vloxx,81053,6.2,10420,14600,116,1,0,-180,0,0,0
20260930-214712,393.55,Vloxx,81053,6.3,9810,14290,-64,1,0,180,0,0,9
20260930-214712,393.55,Vloxx,81053,6.3,10540,13950,-154,1,0,180,0,0,9
20260930-214712,393.95,Vloxx,81053,6.7,10110,14120,172,1,0,-34,1,-146,5
20260930-214712,394.03,Vloxx,81053,6.8,10760,14380,262,1,0,-34,1,-146,5
20260930-214712,394.06,Vloxx,81053,6.8,10260,13950,-8,1,0,-34,1,-146,5
20260930-214712,394.47,Vloxx,81053,7.2,10580,13810,82,1,0,-34,1,-146,0
20260930-214712,394.54,Vloxx,81053,7.3,10360,14780,172,1,0,-34,1,-146,0
20260930-214712,394.99,Vloxx,81053,7.8,10890,14290,-8,1,0,-34,1,-146,0
20260930-214712,395.07,Vloxx,81053,7.8,9960,14370,82,1,0,-34,1,-146,0
20260930-214712,395.58,Vloxx,81053,8.4,10370,13980,-8,1,0,180,0,-146,0
20260930-214712,395.94,Vloxx,81053,8.7,10540,14390,-98,0,,,,,0
20260930-214712,396.15,Vloxx,81053,8.9,10780,14420,-98,0,,,,,0
20260930-214712,396.35,Vloxx,81053,9.1,11030,14450,-98,0,,,,,0
20260930-214712,396.55,Vloxx,81053,9.3,11280,14490,-98,0,,,,,0
20260930-214712,396.75,Vloxx,81053,9.5,11530,14520,-98,0,,,,,0
20260930-214712,396.95,Vloxx,81053,9.7,11770,14560,-98,0,,,,,0
20260930-214712,397.15,Vloxx,81053,9.9,12020,14590,-98,0,,,,,0
20260930-214712,397.35,Vloxx,81053,10.1,12270,14620,-98,0,,,,,0
20260930-214712,408.35,Aspect of the Sword,81326,5.1,12910,15640,62,0,,,,,0
20260930-214712,408.55,Aspect of the Sword,81326,5.3,12690,15520,62,0,,,,,0
20260930-214712,408.74,Aspect of the Sword,81326,5.5,12470,15400,62,0,,,,,4
20260930-214712,408.95,Aspect of the Sword,81326,5.7,12250,15290,62,0,,,,,0
20260930-214712,409.14,Aspect of the Sword,81326,5.9,12030,15170,62,0,,,,,0
20260930-214712,409.34,Aspect of the Sword,81326,6.1,11810,15050,62,0,,,,,0
20260930-214712,419.94,Vloxx,81053,4.8,12210,15180,338,1,0,-180,0,0,5
20260930-214712,420.47,Vloxx,81053,5.3,11800,14800,248,1,0,-180,0,0,6
20260930-214712,420.47,Vloxx,81053,5.3,12200,15330,338,1,0,-180,0,0,6
20260930-214712,420.98,Vloxx,81053,5.8,12180,14390,158,1,0,180,0,0,4
20260930-214712,420.98,Vloxx,81053,5.8,11840,15770,248,1,0,-180,0,0,4
20260930-214712,421.39,Vloxx,81053,6.2,12300,15380,338,1,0,-180,0,0,2
20260930-214712,421.51,Vloxx,81053,6.3,11400,15410,158,1,0,180,0,0,4
20260930-214712,421.51,Vloxx,81053,6.3,12600,14770,68,1,0,180,0,0,4
20260930-214712,421.90,Vloxx,81053,6.7,11750,15490,240,1,0,173,0,8,2
20260930-214712,422.00,Vloxx,81053,6.8,12240,15330,330,1,0,172,0,8,2
20260930-214712,422.02,Vloxx,81053,6.8,11760,14970,60,1,0,172,0,8,2
20260930-214712,422.43,Vloxx,81053,7.2,11640,14930,150,1,0,172,0,8,5
20260930-214712,422.50,Vloxx,81053,7.3,11820,15710,240,1,0,173,0,8,5
20260930-214712,422.94,Vloxx,81053,7.8,12200,14830,60,1,0,172,0,8,1
20260930-214712,423.03,Vloxx,81053,7.8,11440,15290,150,1,0,172,0,8,1
20260930-214712,423.54,Vloxx,81053,8.4,11860,14910,60,1,0,-180,0,8,0
20260930-214712,424.50,Aspect of the Sword,,,12200,15080,-100,0,,,,,0
20260930-214712,424.71,Aspect of the Sword,,,12450,15130,-100,0,,,,,0
20260930-214712,424.90,Aspect of the Sword,,,12690,15170,-100,0,,,,,0
20260930-214712,425.11,Aspect of the Sword,,,12940,15220,-100,0,,,,,0
20260930-214712,425.30,Aspect of the Sword,,,13180,15260,-100,0,,,,,0
20260930-214712,425.50,Aspect of the Sword,,,13430,15310,-100,0,,,,,0
20260930-214712,425.98,Vloxx,81053,10.8,12300,15310,-80,0,,,,,0
20260930-214712,426.18,Vloxx,81053,11.0,12540,15270,-80,0,,,,,0
20260930-214712,426.38,Vloxx,81053,11.2,12790,15220,-80,0,,,,,0
20260930-214712,426.59,Vloxx,81053,11.4,13030,15180,-80,0,,,,,0
20260930-214712,426.78,Vloxx,81053,11.6,13280,15130,-80,0,,,,,0
20260930-214712,426.98,Vloxx,81053,11.8,13520,15090,-80,0,,,,,0
20260930-214712,427.18,Vloxx,,,13770,15040,-80,0,,,,,0
20260930-214712,427.39,Vloxx,,,14020,15000,-80,0,,,,,0
20260930-214712,440.30,Aspect of the Sword,81326,7.7,12250,14770,-260,0,,,,,0
20260930-214712,440.51,Aspect of the Sword,81326,7.9,12000,14820,-260,0,,,,,0
20260930-214712,440.70,Aspect of the Sword,81326,8.1,11750,14860,-260,0,,,,,0
20260930-214712,440.78,Vloxx,81053,4.8,12480,14850,427,1,0,180,0,0,7
20260930-214712,440.91,Aspect of the Sword,81326,8.3,11510,14910,-260,0,,,,,0
20260930-214712,441.11,Aspect of the Sword,81326,8.5,11260,14950,-260,0,,,,,0
20260930-214712,441.31,Aspect of the Sword,81326,8.7,11020,15000,-260,0,,,,,0
20260930-214712,441.31,Vloxx,81053,5.3,12540,15020,427,1,0,180,0,0,9
20260930-214712,441.31,Vloxx,81053,5.3,12370,15400,337,1,0,180,0,0,9
20260930-214712,441.83,Vloxx,81053,5.8,11980,15140,337,1,0,180,0,0,8
20260930-214712,441.83,Vloxx,81053,5.8,11820,15290,247,1,0,-180,0,0,8
20260930-214712,442.22,Vloxx,81053,6.2,12310,14730,427,1,0,180,0,0,0
20260930-214712,442.34,Vloxx,81053,6.3,11870,14580,247,1,0,-180,0,0,1
20260930-214712,442.34,Vloxx,81053,6.3,11930,14740,157,1,0,-180,0,0,1
20260930-214712,442.74,Vloxx,81053,6.7,12820,14970,330,1,0,173,0,7,1
20260930-214712,442.82,Vloxx,81053,6.8,12480,14760,420,1,0,173,0,7,2
20260930-214712,442.87,Vloxx,81053,6.8,12420,14470,150,1,0,173,0,7,2
20260930-214712,443.26,Vloxx,81053,7.2,12580,15490,240,1,0,173,0,7,7
20260930-214712,443.35,Vloxx,81053,7.3,12590,15320,330,1,0,173,0,7,7
20260930-214712,443.79,Vloxx,81053,7.8,12070,15250,150,1,0,173,0,7,5
20260930-214712,443.87,Vloxx,81053,7.8,12040,15430,240,1,0,173,0,7,5
20260930-214712,444.39,Vloxx,81053,8.4,11930,14870,150,1,0,-180,0,7,0
20260930-214712,444.74,Vloxx,81053,8.7,12310,14880,60,0,,,,,0
20260930-214712,444.95,Vloxx,81053,8.9,12100,14750,60,0,,,,,0
20260930-214712,445.14,Vloxx,81053,9.1,11880,14630,60,0,,,,,0
20260930-214712,445.35,Vloxx,81053,9.3,11660,14510,60,0,,,,,0
20260930-214712,445.54,Vloxx,81053,9.5,11440,14380,60,0,,,,,0
20260930-214712,445.75,Vloxx,81053,9.7,11230,14260,60,0,,,,,0
20260930-214712,445.95,Vloxx,81053,9.9,11010,14140,60,0,,,,,0
20260930-214712,446.15,Vloxx,81053,10.1,10790,14010,60,0,,,,,0
20260930-214712,453.74,Vloxx,,,12340,15070,-97,0,,,,,0
20260930-214712,453.95,Vloxx,,,12590,15100,-97,0,,,,,0
20260930-214712,454.15,Vloxx,,,12840,15130,-97,0,,,,,0
20260930-214712,454.34,Vloxx,,,13080,15160,-97,0,,,,,0
20260930-214712,454.54,Vloxx,,,13330,15190,-97,0,,,,,0
20260930-214712,454.74,Vloxx,,,13580,15220,-97,0,,,,,0
20260930-214712,454.94,Vloxx,,,13830,15250,-97,0,,,,,0
20260930-214712,455.14,Vloxx,,,14080,15280,-97,0,,,,,0
20260930-214712,455.99,Aspect of the Sword,,,12390,15220,-248,0,,,,,0
20260930-214712,456.18,Aspect of the Sword,,,12160,15320,-248,0,,,,,0
20260930-214712,456.38,Aspect of the Sword,,,11930,15410,-248,0,,,,,0
20260930-214712,456.58,Aspect of the Sword,,,11690,15500,-248,0,,,,,0
20260930-214712,456.79,Aspect of the Sword,,,11460,15600,-248,0,,,,,0
20260930-214712,456.98,Aspect of the Sword,,,11230,15690,-248,0,,,,,0
20260930-214712,476.91,Vloxx,81053,4.8,10640,16030,191,1,0,-180,0,0,6
20260930-214712,477.43,Vloxx,81053,5.3,11060,15650,101,1,0,-180,0,0,5
20260930-214712,477.43,Vloxx,81053,5.3,10660,16030,191,1,0,-180,0,0,5
20260930-214712,477.94,Vloxx,81053,5.8,11090,15660,101,1,0,-180,0,0,0
20260930-214712,477.94,Vloxx,81053,5.8,11440,16060,11,1,0,180,0,0,0
20260930-214712,478.34,Vloxx,81053,6.2,10230,16000,191,1,0,-180,0,0,3
20260930-214712,478.46,Vloxx,81053,6.3,11460,16090,11,1,0,180,0,0,3
20260930-214712,478.46,Vloxx,81053,6.3,11030,16450,-79,1,0,180,0,0,3
20260930-214712,478.86,Vloxx,81053,6.7,10660,15630,347,1,0,66,1,114,4
20260930-214712,478.95,Vloxx,81053,6.8,10850,16000,437,1,0,66,1,114,5
20260930-214712,478.99,Vloxx,81053,6.8,11030,16460,167,1,0,66,1,114,5
20260930-214712,479.38,Vloxx,81053,7.2,11030,16060,257,1,0,66,1,114,0
20260930-214712,479.47,Vloxx,81053,7.3,11220,15560,347,1,0,66,1,114,0
20260930-214712,479.90,Vloxx,81053,7.8,10600,16430,167,1,0,66,1,114,1
20260930-214712,479.99,Vloxx,81053,7.8,11650,15930,257,1,0,66,1,114,1
20260930-214712,480.51,Vloxx,81053,8.4,11280,16360,167,1,0,-180,0,114,2
20260930-214712,482.91,Vloxx,81053,10.8,10440,16030,-261,0,,,,,0
20260930-214712,483.10,Vloxx,81053,11.0,10190,16070,-261,0,,,,,0
20260930-214712,483.31,Vloxx,81053,11.2,9940,16110,-261,0,,,,,0
20260930-214712,483.50,Vloxx,81053,11.4,9700,16150,-261,0,,,,,0
20260930-214712,483.71,Vloxx,81053,11.6,9450,16190,-261,0,,,,,0
20260930-214712,483.91,Vloxx,81053,11.8,9200,16230,-261,0,,,,,0
20260930-214712,484.10,Vloxx,81053,12.0,8960,16270,-261,0,,,,,0
20260930-214712,484.31,Vloxx,,,8710,16310,-261,0,,,,,0
20260930-214712,497.14,Vloxx,81053,4.8,10670,16160,390,1,0,-180,0,0,10
20260930-214712,497.66,Vloxx,81053,5.3,10100,16200,300,1,0,-180,0,0,8
20260930-214712,497.66,Vloxx,81053,5.3,10640,16080,390,1,0,-180,0,0,8
20260930-214712,498.18,Vloxx,81053,5.8,10060,15640,90,1,0,60,1,0,0
20260930-214712,498.19,Vloxx,81053,5.8,10120,16290,180,1,0,60,1,0,0
20260930-214712,517.34,Aspect of the Sword,81326,5.1,13000,15630,28,0,,,,,0
20260930-214712,517.54,Aspect of the Sword,81326,5.3,12880,15410,28,0,,,,,0
20260930-214712,517.74,Aspect of the Sword,81326,5.5,12770,15190,28,0,,,,,0
20260930-214712,517.95,Aspect of the Sword,81326,5.7,12650,14970,28,0,,,,,0
20260930-214712,518.14,Aspect of the Sword,81326,5.9,12530,14750,28,0,,,,,0
20260930-214712,518.34,Aspect of the Sword,81326,6.1,12420,14530,28,0,,,,,0
20260930-214712,532.82,Aspect of the Sword,,,11930,15240,-5,0,,,,,0
20260930-214712,533.02,Aspect of the Sword,,,11950,14990,-5,0,,,,,0
20260930-214712,533.22,Aspect of the Sword,,,11970,14740,-5,0,,,,,0
20260930-214712,533.42,Aspect of the Sword,,,12000,14490,-5,0,,,,,0
20260930-214712,533.62,Aspect of the Sword,,,12020,14240,-5,0,,,,,0
20260930-214712,533.82,Aspect of the Sword,,,12040,13990,-5,0,,,,,0
20260930-214712,550.91,Aspect of the Sword,81326,9.0,12370,15480,-100,0,,,,,0
20260930-214712,551.10,Aspect of the Sword,81326,9.2,12620,15520,-100,0,,,,,0
20260930-214712,551.15,Vloxx,,,12230,15390,270,1,0,180,0,0,4
20260930-214712,551.15,Vloxx,,,12220,15410,270,1,0,180,0,0,4
20260930-214712,551.16,Vloxx,,,12280,15460,270,1,0,180,0,0,4
20260930-214712,551.30,Aspect of the Sword,81326,9.4,12860,15570,-100,0,,,,,0
20260930-214712,551.50,Aspect of the Sword,81326,9.6,13110,15610,-100,0,,,,,0
20260930-214712,551.66,Vloxx,,,11750,15260,180,1,0,-180,0,0,1
20260930-214712,551.66,Vloxx,,,11800,15020,180,1,0,-180,0,0,1
20260930-214712,551.66,Vloxx,,,11850,14980,180,1,0,-180,0,0,1
20260930-214712,551.70,Aspect of the Sword,81326,9.8,13360,15660,-100,0,,,,,0
20260930-214712,551.90,Aspect of the Sword,81326,10.0,13600,15700,-100,0,,,,,0
20260930-214712,552.18,Vloxx,,,12170,14590,90,1,0,-180,0,0,4
20260930-214712,552.18,Vloxx,,,11950,14730,90,1,0,-180,0,0,4
20260930-214712,552.18,Vloxx,,,12280,14610,90,1,0,-180,0,0,4
20260930-214712,552.70,Vloxx,,,12480,14930,0,1,0,-180,0,0,3
20260930-214712,552.70,Vloxx,,,12600,14970,0,1,0,-180,0,0,3
20260930-214712,552.70,Vloxx,,,12640,15040,0,1,0,-180,0,0,3
20260930-214712,566.15,Vloxx,,,12130,15080,270,1,0,180,0,0,7
20260930-214712,566.15,Vloxx,,,12210,15170,270,1,0,180,0,0,7
20260930-214712,566.15,Vloxx,,,12220,15310,270,1,0,180,0,0,7
20260930-214712,566.66,Vloxx,,,12630,15540,180,1,0,-180,0,0,7
20260930-214712,566.66,Vloxx,,,12620,15710,180,1,0,-180,0,0,7
20260930-214712,566.66,Vloxx,,,12640,15310,180,1,0,-180,0,0,7
20260930-214712,567.18,Vloxx,,,12410,15830,90,1,0,-180,0,0,5
20260930-214712,567.18,Vloxx,,,12260,15960,90,1,0,-180,0,0,5
20260930-214712,567.18,Vloxx,,,12220,16110,90,1,0,-180,0,0,5
20260930-214712,567.71,Vloxx,,,11840,15590,0,1,0,-180,0,0,3
20260930-214712,567.71,Vloxx,,,11820,15710,0,1,0,-180,0,0,3
20260930-214712,567.71,Vloxx,,,11900,15600,0,1,0,-180,0,0,3
20260930-214712,581.14,Vloxx,,,12140,14900,270,1,0,180,0,0,3
20260930-214712,581.14,Vloxx,,,12210,15370,270,1,0,180,0,0,3
20260930-214712,581.14,Vloxx,,,12240,15350,270,1,0,180,0,0,3
20260930-214712,581.66,Vloxx,,,11670,14580,180,1,0,-180,0,0,3
20260930-214712,581.66,Vloxx,,,12790,15460,180,1,0,-180,0,0,3
20260930-214712,581.66,Vloxx,,,11960,14860,180,1,0,-180,0,0,3
20260930-214712,582.18,Vloxx,,,12690,16020,90,1,0,-180,0,0,0
20260930-214712,582.18,Vloxx,,,11990,14110,90,1,0,-180,0,0,0
20260930-214712,582.18,Vloxx,,,12470,14620,90,1,0,-180,0,0,0
20260930-214712,582.70,Vloxx,,,12720,15130,0,1,0,-180,0,0,1
20260930-214712,582.70,Vloxx,,,12130,15910,0,1,0,-180,0,0,1
20260930-214712,582.70,Vloxx,,,12460,14430,0,1,0,-180,0,0,1
20260930-214712,596.14,Vloxx,,,12090,15460,270,1,0,180,0,0,1
20260930-214712,596.66,Vloxx,,,12070,14900,180,1,0,-180,0,0,1
20260930-214712,597.18,Vloxx,,,12640,14880,90,1,0,-180,0,0,0
20260930-214712,597.70,Vloxx,,,12660,15450,0,1,0,-180,0,0,0
20260930-220441,293.98,Aspect of the Sword,81326,5.1,13020,15770,-192,0,,,,,4
20260930-220441,294.18,Aspect of the Sword,81326,5.3,12970,16020,-192,0,,,,,0
20260930-220441,294.39,Aspect of the Sword,81326,5.5,12910,16260,-192,0,,,,,1
20260930-220441,294.59,Aspect of the Sword,81326,5.7,12860,16510,-192,0,,,,,0
20260930-220441,294.79,Aspect of the Sword,81326,5.9,12810,16750,-192,0,,,,,0
20260930-220441,294.99,Aspect of the Sword,81326,6.1,12760,16990,-192,0,,,,,0
20260930-220441,309.39,Aspect of the Sword,,,12730,15560,38,0,,,,,0
20260930-220441,309.59,Aspect of the Sword,,,12580,15370,38,0,,,,,0
20260930-220441,309.79,Aspect of the Sword,,,12420,15170,38,0,,,,,0
20260930-220441,309.99,Aspect of the Sword,,,12270,14970,38,0,,,,,0
20260930-220441,310.18,Aspect of the Sword,,,12120,14770,38,0,,,,,0
20260930-220441,310.39,Aspect of the Sword,,,11960,14580,38,0,,,,,0
20260930-220441,325.95,Aspect of the Sword,81326,7.6,12370,15660,-121,0,,,,,0
20260930-220441,326.15,Aspect of the Sword,81326,7.8,12580,15790,-121,0,,,,,0
20260930-220441,326.34,Aspect of the Sword,81326,8.0,12800,15920,-121,0,,,,,0
20260930-220441,326.55,Aspect of the Sword,81326,8.2,13010,16050,-121,0,,,,,0
20260930-220441,326.75,Aspect of the Sword,81326,8.4,13230,16180,-121,0,,,,,0
20260930-220441,326.95,Aspect of the Sword,81326,8.6,13440,16310,-121,0,,,,,0
20260930-220441,342.47,Vloxx,81053,4.8,12630,17300,349,1,0,-180,0,0,2
20260930-220441,342.99,Vloxx,81053,5.3,12620,17870,259,1,0,-180,0,0,4
20260930-220441,342.99,Vloxx,81053,5.3,12460,17350,349,1,0,-180,0,0,4
20260930-220441,343.51,Vloxx,81053,5.8,12770,16870,259,1,0,-180,0,0,0
20260930-220441,343.51,Vloxx,81053,5.8,12060,17860,169,1,0,180,0,0,0
20260930-220441,343.91,Vloxx,81053,6.2,12620,17440,349,1,0,-180,0,0,5
20260930-220441,344.02,Vloxx,81053,6.3,12070,17290,79,1,0,180,0,0,5
20260930-220441,344.02,Vloxx,81053,6.3,13250,17180,169,1,0,180,0,0,5
20260930-220441,344.43,Vloxx,81053,6.7,12210,17060,259,1,0,-180,0,0,8
20260930-220441,344.50,Vloxx,81053,6.8,12600,17270,349,1,0,-180,0,0,8
20260930-220441,344.54,Vloxx,81053,6.8,12940,17660,79,1,0,180,0,0,8
20260930-220441,344.95,Vloxx,81053,7.2,12590,16640,169,1,0,180,0,0,5
20260930-220441,345.02,Vloxx,81053,7.3,12070,17070,259,1,0,-180,0,0,5
20260930-220441,345.47,Vloxx,81053,7.8,13010,17030,79,1,0,180,0,0,4
20260930-220441,345.55,Vloxx,81053,7.8,12260,16540,169,1,0,180,0,0,4
20260930-220441,346.07,Vloxx,81053,8.4,12790,16740,-171,1,0,-70,1,-110,1
20260930-220441,347.63,Aspect of the Sword,,,12320,15770,-178,0,,,,,0
20260930-220441,347.83,Aspect of the Sword,,,12330,16020,-178,0,,,,,0
20260930-220441,348.03,Aspect of the Sword,,,12340,16270,-178,0,,,,,0
20260930-220441,348.22,Aspect of the Sword,,,12350,16510,-178,0,,,,,0
20260930-220441,348.43,Aspect of the Sword,,,12350,16760,-178,0,,,,,0
20260930-220441,348.63,Aspect of the Sword,,,12360,17010,-178,0,,,,,0
20260930-220441,350.23,Vloxx,,,12600,17240,13,0,,,,,0
20260930-220441,350.42,Vloxx,,,12550,17000,13,0,,,,,0
20260930-220441,350.63,Vloxx,,,12490,16760,13,0,,,,,0
20260930-220441,350.82,Vloxx,,,12440,16510,13,0,,,,,0
20260930-220441,351.02,Vloxx,,,12380,16270,13,0,,,,,0
20260930-220441,351.23,Vloxx,,,12330,16020,13,0,,,,,0
20260930-220441,351.43,Vloxx,,,12270,15780,13,0,,,,,0
20260930-220441,351.64,Vloxx,,,12210,15540,13,0,,,,,0
20260930-221626,302.02,Aspect of the Sword,81326,5.1,12850,15550,17,0,,,,,0
20260930-221626,302.23,Aspect of the Sword,81326,5.3,12770,15320,17,0,,,,,0
20260930-221626,302.43,Aspect of the Sword,81326,5.5,12700,15080,17,0,,,,,0
20260930-221626,302.62,Aspect of the Sword,81326,5.7,12620,14840,17,0,,,,,0
20260930-221626,302.83,Aspect of the Sword,81326,5.9,12550,14600,17,0,,,,,0
20260930-221626,303.03,Aspect of the Sword,81326,6.1,12480,14360,17,0,,,,,0
20260930-221626,318.79,Aspect of the Sword,,,12390,15070,-113,0,,,,,0
20260930-221626,318.99,Aspect of the Sword,,,12620,15170,-113,0,,,,,0
20260930-221626,319.18,Aspect of the Sword,,,12850,15260,-113,0,,,,,0
20260930-221626,319.38,Aspect of the Sword,,,13080,15360,-113,0,,,,,0
20260930-221626,319.59,Aspect of the Sword,,,13310,15460,-113,0,,,,,0
20260930-221626,319.79,Aspect of the Sword,,,13540,15550,-113,0,,,,,0
20260930-221626,334.91,Aspect of the Sword,81326,8.4,12270,15480,-68,0,,,,,0
20260930-221626,335.10,Aspect of the Sword,81326,8.6,12500,15390,-68,0,,,,,0
20260930-221626,335.31,Aspect of the Sword,81326,8.8,12730,15300,-68,0,,,,,0
20260930-221626,335.50,Aspect of the Sword,81326,9.0,12970,15200,-68,0,,,,,0
20260930-221626,335.70,Aspect of the Sword,81326,9.2,13200,15110,-68,0,,,,,0
20260930-221626,335.90,Aspect of the Sword,81326,9.4,13430,15020,-68,0,,,,,0
20260930-221626,347.31,Vloxx,81053,4.8,10360,16440,296,1,0,180,0,0,4
20260930-221626,347.83,Vloxx,81053,5.3,10620,16300,296,1,0,180,0,0,7
20260930-221626,347.83,Vloxx,81053,5.3,10460,15880,206,1,0,180,0,0,7
20260930-221626,348.35,Vloxx,81053,5.8,11020,15980,116,1,0,-180,0,0,3
20260930-221626,348.35,Vloxx,81053,5.8,10870,15790,206,1,0,180,0,0,3
20260930-221626,348.75,Vloxx,81053,6.2,10490,16340,296,1,0,180,0,0,6
20260930-221626,348.86,Vloxx,81053,6.3,11380,16040,116,1,0,-180,0,0,6
20260930-221626,348.86,Vloxx,81053,6.3,10920,16540,26,1,0,-180,0,0,6
20260930-221626,349.26,Vloxx,81053,6.7,10970,16030,206,1,0,180,0,0,0
20260930-221626,349.35,Vloxx,81053,6.8,11440,15700,296,1,0,180,0,0,0
20260930-221626,349.39,Vloxx,81053,6.8,11130,16550,26,1,0,-180,0,0,0
20260930-221626,349.78,Vloxx,81053,7.2,11280,16500,116,1,0,-180,0,0,1
20260930-221626,349.87,Vloxx,81053,7.3,11550,15150,206,1,0,180,0,0,1
20260930-221626,350.30,Vloxx,81053,7.8,10800,16810,26,1,0,-180,0,0,1
20260930-221626,350.38,Vloxx,81053,7.8,12100,15250,116,1,0,-180,0,0,1
20260930-221626,350.90,Vloxx,81053,8.4,12000,15810,37,1,0,-169,1,-11,1
20260930-221626,354.66,Aspect of the Sword,,,12160,15610,-257,0,,,,,0
20260930-221626,354.87,Aspect of the Sword,,,11920,15670,-257,0,,,,,0
20260930-221626,355.02,Vloxx,,,10560,16300,-53,0,,,,,0
20260930-221626,355.07,Aspect of the Sword,,,11680,15730,-257,0,,,,,0
20260930-221626,355.23,Vloxx,,,10760,16150,-53,0,,,,,0
20260930-221626,355.26,Aspect of the Sword,,,11430,15780,-257,0,,,,,0
20260930-221626,355.43,Vloxx,,,10960,16000,-53,0,,,,,0
20260930-221626,355.46,Aspect of the Sword,,,11190,15840,-257,0,,,,,0
20260930-221626,355.63,Vloxx,,,11160,15850,-53,0,,,,,0
20260930-221626,355.66,Aspect of the Sword,,,10950,15900,-257,0,,,,,0
20260930-221626,355.82,Vloxx,,,11360,15700,-53,0,,,,,0
20260930-221626,356.02,Vloxx,,,11560,15550,-53,0,,,,,0
20260930-221626,356.23,Vloxx,,,11760,15400,-53,0,,,,,0
20260930-221626,356.43,Vloxx,,,11960,15250,-53,0,,,,,0
20260930-225431,286.23,Aspect of the Sword,81326,6.6,12980,15440,-59,0,,,,,0
20260930-225431,286.43,Aspect of the Sword,81326,6.8,13200,15310,-59,0,,,,,0
20260930-225431,286.64,Aspect of the Sword,81326,7.0,13410,15180,-59,0,,,,,0
20260930-225431,286.84,Aspect of the Sword,81326,7.2,13620,15050,-59,0,,,,,0
20260930-225431,287.04,Aspect of the Sword,81326,7.4,13840,14920,-59,0,,,,,0
20260930-225431,287.24,Aspect of the Sword,81326,7.6,14050,14790,-59,0,,,,,0
20260930-225431,301.79,Aspect of the Sword,,,12400,15200,11,0,,,,,0
20260930-225431,301.99,Aspect of the Sword,,,12360,14950,11,0,,,,,0
20260930-225431,302.19,Aspect of the Sword,,,12310,14710,11,0,,,,,0
20260930-225431,302.39,Aspect of the Sword,,,12270,14460,11,0,,,,,0
20260930-225431,302.59,Aspect of the Sword,,,12220,14220,11,0,,,,,0
20260930-225431,302.79,Aspect of the Sword,,,12180,13970,11,0,,,,,0
20260930-225431,328.47,Vloxx,81053,4.8,10820,16280,306,1,0,180,0,0,3
20260930-225431,328.99,Vloxx,81053,5.3,10810,16400,306,1,0,180,0,0,3
20260930-225431,328.99,Vloxx,81053,5.3,10900,15720,216,1,0,-180,0,0,3
20260930-225431,329.51,Vloxx,81053,5.8,11460,15800,126,1,0,-180,0,0,3
20260930-225431,329.51,Vloxx,81053,5.8,11090,15910,216,1,0,-180,0,0,3
20260930-225431,329.92,Vloxx,81053,6.2,11570,15930,306,1,0,180,0,0,4
20260930-225431,330.03,Vloxx,81053,6.3,11580,16180,126,1,0,-180,0,0,4
20260930-225431,330.03,Vloxx,81053,6.3,11380,16360,36,1,0,180,0,0,4
20260930-225431,330.43,Vloxx,81053,6.7,11740,15390,216,1,0,-180,0,0,5
20260930-225431,330.51,Vloxx,81053,6.8,10980,16280,306,1,0,180,0,0,5
20260930-225431,330.55,Vloxx,81053,6.8,11300,16680,36,1,0,180,0,0,5
20260930-225431,330.95,Vloxx,81053,7.2,12280,15550,126,1,0,-180,0,0,3
20260930-225431,331.02,Vloxx,81053,7.3,11180,15740,216,1,0,-180,0,0,3
20260930-225431,331.47,Vloxx,81053,7.8,12110,16090,36,1,0,180,0,0,2
20260930-225431,331.55,Vloxx,81053,7.8,11710,15940,18,1,0,73,1,0,2
20260930-225431,332.07,Vloxx,81053,8.4,11510,16470,-72,1,0,73,1,107,0
20260930-225431,335.99,Vloxx,,,10590,16540,-158,0,,,,,0
20260930-225431,336.19,Vloxx,,,10680,16770,-158,0,,,,,0
20260930-225431,336.39,Vloxx,,,10780,17000,-158,0,,,,,0
20260930-225431,336.59,Vloxx,,,10870,17230,-158,0,,,,,0
20260930-225431,336.79,Vloxx,,,10970,17460,-158,0,,,,,0
20260930-225431,336.99,Vloxx,,,11060,17700,-158,0,,,,,0
20260930-225431,337.19,Vloxx,,,11150,17930,-158,0,,,,,0
20260930-225431,337.40,Vloxx,,,11250,18160,-158,0,,,,,0
20260930-225431,348.87,Vloxx,81053,4.8,10590,16320,304,1,0,-180,0,0,3
20260930-225431,349.39,Vloxx,81053,5.3,10910,16790,214,1,0,-180,0,0,1
20260930-225431,349.39,Vloxx,81053,5.3,10830,16300,304,1,0,-180,0,0,1
20260930-225431,349.91,Vloxx,81053,5.8,10950,15750,214,1,0,-180,0,0,0
20260930-225431,349.91,Vloxx,81053,5.8,10430,17100,124,1,0,180,0,0,0
20260930-225431,350.31,Vloxx,81053,6.2,10440,16370,304,1,0,-180,0,0,2
20260930-225431,350.43,Vloxx,81053,6.3,10120,16630,34,1,0,180,0,0,2
20260930-225431,350.43,Vloxx,81053,6.3,11510,15880,124,1,0,180,0,0,2
20260930-225431,350.83,Vloxx,81053,6.7,11010,16320,214,1,0,-180,0,0,0
20260930-225431,350.92,Vloxx,81053,6.8,10600,16310,304,1,0,-180,0,0,0
20260930-225431,350.95,Vloxx,81053,6.8,11380,16430,34,1,0,180,0,0,0
20260930-225431,351.35,Vloxx,81053,7.2,11050,16890,124,1,0,180,0,0,0
20260930-225431,351.43,Vloxx,81053,7.3,10900,16790,214,1,0,-180,0,0,0
20260930-225431,351.87,Vloxx,81053,7.8,10490,16930,34,1,0,180,0,0,9
20260930-225431,351.95,Vloxx,81053,7.8,10420,17090,124,1,0,180,0,0,9
20260930-225431,352.47,Vloxx,81053,8.4,10120,16610,-153,1,0,-7,1,-173,5
20260930-225431,354.43,Vloxx,81053,10.3,10500,16500,-243,0,,,,,0
20260930-225431,354.63,Vloxx,81053,10.5,10270,16620,-243,0,,,,,0
20260930-225431,354.83,Vloxx,81053,10.7,10050,16730,-243,0,,,,,0
20260930-225431,355.03,Vloxx,81053,10.9,9830,16840,-243,0,,,,,0
20260930-225431,355.22,Vloxx,81053,11.1,9610,16960,-243,0,,,,,0
20260930-225431,355.42,Vloxx,81053,11.3,9380,17070,-243,0,,,,,0
20260930-225431,355.62,Vloxx,81053,11.5,9160,17180,-243,0,,,,,0
20260930-225431,355.83,Vloxx,81053,11.7,8940,17300,-243,0,,,,,0
20260930-225431,366.15,Vloxx,81053,4.8,10780,16350,90,1,0,-180,0,0,6
20260930-225431,366.67,Vloxx,81053,5.3,10770,16440,90,1,0,-180,0,0,8
20260930-225431,366.67,Vloxx,81053,5.3,11080,16830,0,1,0,-180,0,0,8
20260930-225431,367.19,Vloxx,81053,5.8,10600,17130,-90,1,0,-180,0,0,1
20260930-225431,367.19,Vloxx,81053,5.8,10430,15990,0,1,0,-180,0,0,1
20260930-225431,367.59,Vloxx,81053,6.2,10680,16310,90,1,0,-180,0,0,4
20260930-225431,367.71,Vloxx,81053,6.3,10880,15650,247,1,0,156,1,0,6
20260930-225431,367.71,Vloxx,81053,6.3,10300,16650,157,1,0,156,1,0,6
20260930-225431,368.11,Vloxx,81053,6.7,10250,16680,337,1,0,156,1,24,8
20260930-225431,368.19,Vloxx,81053,6.8,10700,16320,427,1,0,156,1,24,8
20260930-225431,368.23,Vloxx,81053,6.8,11220,16100,157,1,0,156,1,24,8
20260930-225431,368.63,Vloxx,81053,7.2,9880,16260,247,1,0,156,1,24,0
20260930-225431,368.71,Vloxx,81053,7.3,10290,16710,337,1,0,156,1,24,0
20260930-225431,369.14,Vloxx,81053,7.8,10310,15880,157,1,0,156,1,24,4
20260930-225431,369.23,Vloxx,81053,7.8,9900,16310,247,1,0,156,1,24,4
20260930-225431,369.75,Vloxx,81053,8.4,10300,15910,157,1,0,180,0,24,1
20260930-225431,379.39,Vloxx,,,10850,16270,-53,0,,,,,0
20260930-225431,379.51,Aspect of the Sword,81326,9.4,12740,15940,-263,0,,,,,0
20260930-225431,379.59,Vloxx,,,11040,16120,-53,0,,,,,0
20260930-225431,379.71,Aspect of the Sword,81326,9.6,12490,15980,-263,0,,,,,0
20260930-225431,379.79,Vloxx,,,11240,15970,-53,0,,,,,0
20260930-225431,379.91,Aspect of the Sword,81326,9.8,12240,16010,-263,0,,,,,0
20260930-225431,379.99,Vloxx,,,11440,15820,-53,0,,,,,0
20260930-225431,380.10,Aspect of the Sword,81326,10.0,11990,16040,-263,0,,,,,0
20260930-225431,380.19,Vloxx,,,11640,15670,-53,0,,,,,0
20260930-225431,380.31,Aspect of the Sword,81326,10.2,11740,16070,-263,0,,,,,0
20260930-225431,380.39,Vloxx,,,11840,15510,-53,0,,,,,0
20260930-225431,380.51,Aspect of the Sword,81326,10.4,11500,16100,-263,0,,,,,0
20260930-225431,380.59,Vloxx,,,12040,15360,-53,0,,,,,0
20260930-225431,380.78,Vloxx,81053,0.0,12240,15210,-111,0,,,,,0
20260930-225431,385.51,Vloxx,81053,4.8,10900,16020,249,1,0,-180,0,0,0
20260930-225431,386.03,Vloxx,81053,5.3,10880,16310,249,1,0,-180,0,0,1
20260930-225431,386.03,Vloxx,81053,5.3,11130,16540,159,1,0,180,0,0,1
20260930-225431,386.54,Vloxx,81053,5.8,10520,16750,159,1,0,180,0,0,3
20260930-225431,386.54,Vloxx,81053,5.8,10620,16770,69,1,0,180,0,0,3
20260930-225431,386.95,Vloxx,81053,6.2,10880,16300,249,1,0,-180,0,0,1
20260930-225431,387.07,Vloxx,81053,6.3,10380,16260,-65,1,0,135,1,45,10
20260930-225431,387.07,Vloxx,81053,6.3,10080,16390,24,1,0,135,1,45,10
20260930-225431,387.47,Vloxx,81053,6.7,10550,16760,114,1,0,135,1,45,9
20260930-225431,387.54,Vloxx,81053,6.8,10880,16340,204,1,0,135,1,45,9
20260930-225431,387.59,Vloxx,81053,6.8,10440,15950,-65,1,0,135,1,45,9
20260930-225431,387.99,Vloxx,81053,7.2,10090,16440,24,1,0,135,1,45,0
20260930-225431,388.07,Vloxx,81053,7.3,10400,16640,114,1,0,135,1,45,0
20260930-225431,388.51,Vloxx,81053,7.8,10420,15970,-65,1,0,135,1,45,4
20260930-225431,388.59,Vloxx,81053,7.8,10100,16160,24,1,0,135,1,45,4
20260930-225431,389.11,Vloxx,81053,8.4,10580,15860,-65,1,0,-180,0,0,3
20260930-225431,389.39,Vloxx,81053,8.6,10820,16390,-156,0,,,,,0
20260930-225431,389.59,Vloxx,81053,8.8,10920,16610,-156,0,,,,,0
20260930-225431,389.79,Vloxx,81053,9.0,11020,16840,-156,0,,,,,0
20260930-225431,389.99,Vloxx,81053,9.2,11130,17070,-156,0,,,,,0
20260930-225431,390.18,Vloxx,81053,9.4,11230,17300,-156,0,,,,,0
20260930-225431,390.39,Vloxx,81053,9.6,11340,17520,-156,0,,,,,0
20260930-225431,390.59,Vloxx,81053,9.8,11440,17750,-156,0,,,,,0
20260930-225431,390.79,Vloxx,81053,10.0,11540,17980,-156,0,,,,,0
20260930-225431,394.82,Aspect of the Sword,,,10970,16500,-185,0,,,,,0
20260930-225431,395.03,Aspect of the Sword,,,10950,16750,-185,0,,,,,0
20260930-225431,395.23,Aspect of the Sword,,,10930,17000,-185,0,,,,,0
20260930-225431,395.42,Aspect of the Sword,,,10910,17250,-185,0,,,,,0
20260930-225431,395.62,Aspect of the Sword,,,10890,17500,-185,0,,,,,0
20260930-225431,395.82,Aspect of the Sword,,,10860,17740,-185,0,,,,,0
20260930-225431,410.94,Aspect of the Sword,81326,10.8,10520,15790,90,0,,,,,0
20260930-225431,411.14,Aspect of the Sword,81326,11.0,10270,15790,90,0,,,,,0
20260930-225431,411.35,Aspect of the Sword,81326,11.2,10020,15790,90,0,,,,,0
20260930-225431,411.55,Aspect of the Sword,81326,11.4,9770,15790,90,0,,,,,0
20260930-225431,411.75,Aspect of the Sword,81326,11.6,9520,15780,90,0,,,,,0
20260930-225431,411.95,Aspect of the Sword,81326,11.8,9270,15780,90,0,,,,,0
20260930-225431,413.19,Vloxx,81053,4.8,10150,15900,237,1,0,-180,0,0,5
20260930-225431,413.71,Vloxx,81053,5.3,9930,16040,237,1,0,-180,0,0,7
20260930-225431,413.71,Vloxx,81053,5.3,10510,15460,147,1,0,180,0,0,7
20260930-225431,414.23,Vloxx,81053,5.8,10490,16170,147,1,0,180,0,0,9
20260930-225431,414.23,Vloxx,81053,5.8,10940,15820,57,1,0,180,0,0,9
20260930-225431,414.63,Vloxx,81053,6.2,10330,16190,237,1,0,-180,0,0,9
20260930-225431,414.75,Vloxx,81053,6.3,10350,16720,31,1,0,154,1,0,9
20260930-225431,414.75,Vloxx,81053,6.3,10590,16260,-59,1,0,154,1,0,9
20260930-225431,415.14,Vloxx,81053,6.7,10880,16040,121,1,0,154,1,26,9
20260930-225431,415.22,Vloxx,81053,6.8,9960,16140,211,1,0,154,1,26,9
20260930-225431,415.27,Vloxx,81053,6.8,9800,16590,-59,1,0,154,1,26,3
20260930-225431,415.66,Vloxx,81053,7.2,11030,16580,31,1,0,154,1,26,5
20260930-225431,415.74,Vloxx,81053,7.3,10490,16330,121,1,0,154,1,26,5
20260930-225431,416.18,Vloxx,81053,7.8,10490,16740,-59,1,0,154,1,26,4
20260930-225431,416.27,Vloxx,81053,7.8,10300,16860,31,1,0,154,1,26,4
20260930-225431,416.79,Vloxx,81053,8.4,9770,16670,-59,1,0,180,0,26,3
20260930-225431,419.15,Vloxx,81053,10.7,9900,15990,-149,0,,,,,0
20260930-225431,419.34,Vloxx,81053,10.9,10030,16210,-149,0,,,,,0
20260930-225431,419.54,Vloxx,81053,11.1,10160,16420,-149,0,,,,,0
20260930-225431,419.74,Vloxx,81053,11.3,10290,16640,-149,0,,,,,0
20260930-225431,419.94,Vloxx,81053,11.5,10420,16850,-149,0,,,,,0
20260930-230802,286.80,Aspect of the Sword,81326,5.0,12830,15820,69,0,,,,,0
20260930-230802,286.99,Aspect of the Sword,81326,5.2,12590,15730,69,0,,,,,0
20260930-230802,287.19,Aspect of the Sword,81326,5.4,12360,15640,69,0,,,,,0
20260930-230802,287.39,Aspect of the Sword,81326,5.6,12130,15550,69,0,,,,,0
20260930-230802,287.59,Aspect of the Sword,81326,5.8,11890,15460,69,0,,,,,0
20260930-230802,287.79,Aspect of the Sword,81326,6.0,11660,15370,69,0,,,,,0
20260930-230802,303.19,Aspect of the Sword,,,12470,15070,17,0,,,,,0
20260930-230802,303.39,Aspect of the Sword,,,12400,14830,17,0,,,,,0
20260930-230802,303.59,Aspect of the Sword,,,12330,14590,17,0,,,,,0
20260930-230802,303.79,Aspect of the Sword,,,12260,14350,17,0,,,,,0
20260930-230802,303.99,Aspect of the Sword,,,12190,14110,17,0,,,,,0
20260930-230802,304.19,Aspect of the Sword,,,12110,13870,17,0,,,,,0
20260930-230802,318.99,Aspect of the Sword,81326,7.6,11960,15180,-176,0,,,,,0
20260930-230802,319.19,Aspect of the Sword,81326,7.8,11980,15430,-176,0,,,,,0
20260930-230802,319.39,Aspect of the Sword,81326,8.0,11990,15680,-176,0,,,,,0
20260930-230802,319.59,Aspect of the Sword,81326,8.2,12010,15930,-176,0,,,,,0
20260930-230802,319.79,Aspect of the Sword,81326,8.4,12030,16180,-176,0,,,,,0
20260930-230802,319.99,Aspect of the Sword,81326,8.6,12050,16430,-176,0,,,,,0
20260930-230802,326.48,Vloxx,81053,4.8,11760,13180,230,1,0,180,0,0,5
20260930-230802,326.99,Vloxx,81053,5.3,11830,13370,230,1,0,180,0,0,2
20260930-230802,326.99,Vloxx,81053,5.3,12210,13520,140,1,0,180,0,0,2
20260930-230802,327.51,Vloxx,81053,5.8,12370,13520,140,1,0,180,0,0,0
20260930-230802,327.51,Vloxx,81053,5.8,11860,13970,50,1,0,-180,0,0,0
20260930-230802,327.91,Vloxx,81053,6.2,11820,13190,230,1,0,180,0,0,0
20260930-230802,328.03,Vloxx,81053,6.3,11410,13630,-40,1,0,-180,0,0,5
20260930-230802,328.03,Vloxx,81053,6.3,12230,14060,50,1,0,-180,0,0,5
20260930-230802,328.43,Vloxx,81053,6.7,11960,13740,140,1,0,180,0,0,0
20260930-230802,328.51,Vloxx,81053,6.8,11820,13210,230,1,0,180,0,0,0
20260930-230802,328.55,Vloxx,81053,6.8,11680,13920,-40,1,0,-180,0,0,0
20260930-230802,328.95,Vloxx,81053,7.2,11410,13880,50,1,0,-180,0,0,1
20260930-230802,329.03,Vloxx,81053,7.3,11880,13780,140,1,0,180,0,0,1
20260930-230802,329.47,Vloxx,81053,7.8,11270,13330,-40,1,0,-180,0,0,2
20260930-230802,329.56,Vloxx,81053,7.8,11310,13830,50,1,0,-180,0,0,2
20260930-230802,330.07,Vloxx,81053,8.4,11260,13270,43,1,0,-97,1,-83,0
20260930-230802,334.20,Vloxx,,,11780,13350,-173,0,,,,,0
20260930-230802,334.39,Vloxx,,,11810,13600,-173,0,,,,,0
20260930-230802,334.58,Vloxx,,,11840,13850,-173,0,,,,,0
20260930-230802,334.79,Vloxx,,,11860,14100,-173,0,,,,,0
20260930-230802,334.99,Vloxx,,,11890,14340,-173,0,,,,,0
20260930-230802,335.19,Vloxx,,,11920,14590,-173,0,,,,,0
20260930-230802,335.39,Vloxx,,,11950,14840,-173,0,,,,,0
20260930-230802,335.59,Vloxx,,,11980,15090,-173,0,,,,,0
20260930-230802,336.15,Aspect of the Sword,,,11960,13390,-122,0,,,,,0
20260930-230802,336.35,Aspect of the Sword,,,12180,13520,-122,0,,,,,0
20260930-230802,336.55,Aspect of the Sword,,,12390,13650,-122,0,,,,,0
20260930-230802,336.75,Aspect of the Sword,,,12600,13780,-122,0,,,,,0
20260930-230802,336.95,Aspect of the Sword,,,12820,13920,-122,0,,,,,0
20260930-230802,337.16,Aspect of the Sword,,,13030,14050,-122,0,,,,,0
20260930-230802,347.14,Vloxx,81053,4.8,11880,13330,314,1,0,-180,0,0,1
20260930-230802,347.67,Vloxx,81053,5.3,11340,13510,224,1,0,-180,0,0,9
20260930-230802,347.68,Vloxx,81053,5.3,11720,13470,314,1,0,-180,0,0,9
20260930-230802,348.19,Vloxx,81053,5.8,11430,12980,224,1,0,-180,0,0,6
20260930-230802,348.19,Vloxx,81053,5.8,11170,12970,134,1,0,-180,0,0,6
20260930-230802,348.59,Vloxx,81053,6.2,11870,13370,314,1,0,-180,0,0,1
20260930-230802,348.70,Vloxx,81053,6.3,11920,12700,134,1,0,-180,0,0,1
20260930-230802,348.70,Vloxx,81053,6.3,11710,12790,44,1,0,180,0,0,1
20260930-230802,349.12,Vloxx,81053,6.7,11300,13370,224,1,0,-180,0,0,8
20260930-230802,349.19,Vloxx,81053,6.8,11710,13480,314,1,0,-180,0,0,8
20260930-230802,349.24,Vloxx,81053,6.8,12210,13190,44,1,0,180,0,0,8
20260930-230802,349.63,Vloxx,81053,7.2,11300,12810,134,1,0,-180,0,0,2
20260930-230802,349.71,Vloxx,81053,7.3,11440,12970,224,1,0,-180,0,0,2
20260930-230802,350.15,Vloxx,81053,7.8,11860,12800,-86,1,0,50,1,0,0
20260930-230802,350.23,Vloxx,81053,7.8,11950,12710,4,1,0,50,1,130,0
20260930-230802,350.75,Vloxx,81053,8.4,12210,13210,-86,1,0,50,1,130,0
20260930-230802,352.43,Vloxx,81053,10.0,11770,13350,-176,0,,,,,0
20260930-230802,352.63,Vloxx,81053,10.2,11790,13600,-176,0,,,,,0
20260930-230802,352.83,Vloxx,81053,10.4,11810,13850,-176,0,,,,,0
20260930-230802,353.03,Vloxx,81053,10.6,11820,14100,-176,0,,,,,0
20260930-230802,353.23,Vloxx,81053,10.8,11840,14350,-176,0,,,,,0
20260930-230802,353.43,Vloxx,81053,11.0,11850,14600,-176,0,,,,,0
20260930-230802,353.63,Vloxx,81053,11.2,11870,14850,-176,0,,,,,0
20260930-230802,353.83,Vloxx,81053,11.4,11880,15100,-116,0,,,,,0
20260930-230802,364.15,Vloxx,81053,4.8,11890,13350,290,1,0,-180,0,0,3
20260930-230802,364.68,Vloxx,81053,5.3,11750,13160,290,1,0,-180,0,0,2
20260930-230802,364.68,Vloxx,81053,5.3,11330,13460,200,1,0,180,0,0,2
20260930-230802,365.19,Vloxx,81053,5.8,11230,12900,110,1,0,180,0,0,1
20260930-230802,365.19,Vloxx,81053,5.8,12220,13470,200,1,0,180,0,0,1
20260930-230802,365.58,Vloxx,81053,6.2,11900,13260,290,1,0,-180,0,0,3
20260930-230802,365.71,Vloxx,81053,6.3,11780,12800,12,1,0,171,0,0,1
20260930-230802,365.71,Vloxx,81053,6.3,11900,13940,102,1,0,171,0,0,1
20260930-230802,366.11,Vloxx,81053,6.7,12240,12800,192,1,0,171,0,9,6
20260930-230802,366.19,Vloxx,81053,6.8,11840,13380,282,1,0,171,0,9,6
20260930-230802,366.23,Vloxx,81053,6.8,11430,13630,12,1,0,171,0,9,6
20260930-230802,366.63,Vloxx,81053,7.2,12690,13140,102,1,0,171,0,9,2
20260930-230802,366.71,Vloxx,81053,7.3,11290,13250,192,1,0,171,0,9,2
20260930-230802,367.15,Vloxx,81053,7.8,12360,13600,12,1,0,171,0,9,4
20260930-230802,367.23,Vloxx,81053,7.8,11420,12700,102,1,0,171,0,9,4
20260930-230802,367.75,Vloxx,81053,8.4,11970,12840,12,1,0,-180,0,9,0
20260930-230802,377.11,Vloxx,,,11800,13210,-24,0,,,,,0
20260930-230802,377.31,Vloxx,,,11900,12980,-24,0,,,,,0
20260930-230802,377.50,Vloxx,,,12010,12750,-24,0,,,,,0
20260930-230802,377.71,Vloxx,,,12110,12520,-24,0,,,,,0
20260930-230802,377.90,Vloxx,,,12210,12300,-24,0,,,,,0
20260930-230802,378.11,Vloxx,,,12320,12070,-24,0,,,,,0
20260930-230802,378.31,Vloxx,,,12420,11840,-24,0,,,,,0
20260930-230802,378.51,Vloxx,81053,0.0,12520,11610,-148,0,,,,,0
20260930-230802,383.23,Vloxx,81053,4.8,11740,13380,212,1,0,180,0,0,0
20260930-230802,383.75,Vloxx,81053,5.3,11860,13120,212,1,0,180,0,0,5
20260930-230802,383.75,Vloxx,81053,5.3,12040,13860,122,1,0,-180,0,0,5
20260930-230802,384.26,Vloxx,81053,5.8,11550,14150,32,1,0,-180,0,0,2
20260930-230802,384.26,Vloxx,81053,5.8,11990,13680,122,1,0,-180,0,0,2
20260930-230802,384.67,Vloxx,81053,6.2,12060,13240,212,1,0,180,0,0,0
20260930-230802,384.79,Vloxx,81053,6.3,11260,13670,155,1,0,33,1,0,0
20260930-230802,384.79,Vloxx,81053,6.3,11440,13800,245,1,0,33,1,0,0
20260930-230802,385.19,Vloxx,81053,6.7,11720,13690,335,1,0,33,1,147,10
20260930-230802,385.27,Vloxx,81053,6.8,11920,13480,425,1,0,33,1,147,10
20260930-230802,385.30,Vloxx,81053,6.8,11310,13250,155,1,0,33,1,147,10
20260930-230802,385.71,Vloxx,81053,7.2,11270,13340,245,1,0,33,1,147,7
20260930-230802,385.79,Vloxx,81053,7.3,11360,13390,335,1,0,33,1,147,7
20260930-230802,386.24,Vloxx,81053,7.8,11610,12890,155,1,0,33,1,147,8
20260930-230802,386.30,Vloxx,81053,7.8,11450,12830,245,1,0,33,1,147,8
20260930-230802,386.83,Vloxx,81053,8.4,12000,12920,155,1,0,-180,0,147,8
20260930-230802,387.14,Vloxx,81053,8.7,11700,13240,65,0,,,,,0
20260930-230802,387.35,Vloxx,81053,8.9,11480,13140,65,0,,,,,0
20260930-230802,387.55,Vloxx,81053,9.1,11250,13030,65,0,,,,,0
20260930-230802,387.75,Vloxx,81053,9.3,11020,12930,65,0,,,,,0
20260930-230802,387.95,Vloxx,81053,9.5,10790,12820,65,0,,,,,0
20260930-230802,388.15,Vloxx,81053,9.7,10570,12720,65,0,,,,,0
20260930-230802,388.35,Vloxx,81053,9.9,10340,12610,65,0,,,,,0
20260930-230802,388.54,Vloxx,81053,10.1,10110,12510,65,0,,,,,0
20260930-230802,398.66,Aspect of the Sword,81326,5.1,12740,15440,31,0,,,,,0
20260930-230802,398.87,Aspect of the Sword,81326,5.3,12610,15220,31,0,,,,,0
20260930-230802,399.07,Aspect of the Sword,81326,5.5,12480,15010,31,0,,,,,2
20260930-230802,399.27,Aspect of the Sword,81326,5.7,12350,14790,31,0,,,,,0
20260930-230802,399.46,Aspect of the Sword,81326,5.9,12220,14580,31,0,,,,,0
20260930-230802,399.67,Aspect of the Sword,81326,6.1,12090,14370,31,0,,,,,0
20260930-230802,411.78,Vloxx,81053,4.8,12360,15310,151,1,0,180,0,0,5
20260930-230802,412.31,Vloxx,81053,5.3,12010,15160,151,1,0,180,0,0,6
20260930-230802,412.31,Vloxx,81053,5.3,11830,15490,61,1,0,180,0,0,6
20260930-230802,412.83,Vloxx,81053,5.8,11640,14960,-29,1,0,-180,0,0,3
20260930-230802,412.83,Vloxx,81053,5.8,12520,14920,61,1,0,180,0,0,3
20260930-230802,413.23,Vloxx,81053,6.2,12110,15240,151,1,0,180,0,0,6
20260930-230802,413.35,Vloxx,81053,6.3,12760,15430,-28,1,0,-179,0,0,6
20260930-230802,413.35,Vloxx,81053,6.3,12180,14780,-118,1,0,-179,0,0,6
20260930-230802,413.74,Vloxx,81053,6.7,12470,14800,62,1,0,-179,0,-1,3
20260930-230802,413.82,Vloxx,81053,6.8,11990,15280,152,1,0,-179,0,-1,4
20260930-230802,413.86,Vloxx,81053,6.8,12250,15670,-118,1,0,-179,0,-1,4
20260930-230802,414.15,Aspect of the Sword,,,11860,15510,-19,0,,,,,0
20260930-230802,414.27,Vloxx,81053,7.2,12900,15160,-28,1,0,-179,0,-1,3
20260930-230802,414.35,Aspect of the Sword,,,11950,15280,-19,0,,,,,0
20260930-230802,414.35,Vloxx,81053,7.3,12290,14800,62,1,0,-179,0,-1,3
20260930-230802,414.55,Aspect of the Sword,,,12030,15040,-19,0,,,,,0
20260930-230802,414.75,Aspect of the Sword,,,12110,14800,-19,0,,,,,0
20260930-230802,414.79,Vloxx,81053,7.8,12540,15600,-118,1,0,-179,0,-1,0
20260930-230802,414.87,Vloxx,81053,7.9,12770,15100,-28,1,0,-179,0,-1,0
20260930-230802,414.94,Aspect of the Sword,,,12200,14570,-19,0,,,,,0
20260930-230802,415.15,Aspect of the Sword,,,12280,14330,-19,0,,,,,0
20260930-230802,415.39,Vloxx,81053,8.4,12460,15580,-89,1,0,-152,1,-1,1
20260930-230802,417.71,Vloxx,81053,10.7,12200,15300,-179,0,,,,,0
20260930-230802,417.90,Vloxx,81053,10.9,12200,15550,-179,0,,,,,0
20260930-230802,418.11,Vloxx,81053,11.1,12200,15800,-179,0,,,,,0
20260930-230802,418.31,Vloxx,81053,11.3,12200,16050,-179,0,,,,,0
20260930-230802,418.50,Vloxx,81053,11.5,12210,16300,-179,0,,,,,0
20260930-230802,418.70,Vloxx,81053,11.7,12210,16550,-179,0,,,,,0
20260930-230802,418.90,Vloxx,81053,11.9,12210,16800,-179,0,,,,,0
20260930-230802,419.11,Vloxx,,,12210,17050,-179,0,,,,,0
20260930-230802,430.14,Aspect of the Sword,81326,5.1,12160,15110,-224,0,,,,,0
20260930-230802,430.35,Aspect of the Sword,81326,5.3,11980,15290,-224,0,,,,,0
20260930-230802,430.54,Aspect of the Sword,81326,5.5,11810,15470,-224,0,,,,,3
20260930-230802,430.74,Aspect of the Sword,81326,5.7,11640,15650,-224,0,,,,,0
20260930-230802,430.95,Aspect of the Sword,81326,5.9,11460,15830,-224,0,,,,,0
20260930-230802,431.15,Aspect of the Sword,81326,6.1,11290,16010,-224,0,,,,,0
20260930-230802,432.95,Vloxx,81053,4.8,12270,15210,125,1,0,-180,0,0,1
20260930-230802,433.47,Vloxx,81053,5.3,11970,15690,35,1,0,-180,0,0,1
20260930-230802,433.47,Vloxx,81053,5.3,12040,15290,125,1,0,-180,0,0,1
20260930-230802,433.99,Vloxx,81053,5.8,11490,15390,-55,1,0,180,0,0,0
20260930-230802,433.99,Vloxx,81053,5.8,12270,14770,35,1,0,-180,0,0,0
20260930-230802,434.39,Vloxx,81053,6.2,12090,15250,125,1,0,-180,0,0,1
20260930-230802,434.51,Vloxx,81053,6.3,12790,15000,16,1,0,-109,1,-71,1
20260930-230802,434.51,Vloxx,81053,6.3,11790,14910,-74,1,0,-109,1,-71,1
20260930-230802,434.90,Vloxx,81053,6.7,12400,14780,106,1,0,-109,1,-71,10
20260930-230802,434.99,Vloxx,81053,6.8,12110,15260,196,1,0,-109,1,-71,10
20260930-230802,435.03,Vloxx,81053,6.8,12560,15520,-74,1,0,-109,1,-71,8
20260930-230802,435.42,Vloxx,81053,7.2,12870,15090,16,1,0,-109,1,-71,3
20260930-230802,435.51,Vloxx,81053,7.3,12370,14760,106,1,0,-109,1,-71,3
20260930-230802,435.95,Vloxx,81053,7.8,12560,15560,-74,1,0,-109,1,-71,3
20260930-230802,436.03,Vloxx,81053,7.8,12870,15020,16,1,0,-109,1,-71,3
20260930-230802,436.55,Vloxx,81053,8.4,12610,15520,-74,1,0,-180,0,0,0
20260930-230802,436.82,Vloxx,81053,8.6,12220,15300,-164,0,,,,,0
20260930-230802,437.03,Vloxx,81053,8.8,12290,15540,-164,0,,,,,0
20260930-230802,437.23,Vloxx,81053,9.0,12360,15780,-164,0,,,,,0
20260930-230802,437.43,Vloxx,81053,9.2,12430,16020,-164,0,,,,,0
20260930-230802,437.62,Vloxx,81053,9.4,12500,16260,-164,0,,,,,0
20260930-230802,437.82,Vloxx,81053,9.6,12560,16500,-164,0,,,,,0
20260930-230802,438.02,Vloxx,81053,9.8,12630,16740,-164,0,,,,,0
20260930-230802,438.23,Vloxx,81053,10.0,12700,16980,-164,0,,,,,0
20260930-230802,445.71,Vloxx,,,12260,15190,-56,0,,,,,0
20260930-230802,445.90,Vloxx,,,12470,15050,-56,0,,,,,0
20260930-230802,446.10,Vloxx,,,12670,14910,-56,0,,,,,0
20260930-230802,446.30,Vloxx,,,12880,14770,-56,0,,,,,0
20260930-230802,446.50,Vloxx,,,13090,14630,-56,0,,,,,0
20260930-230802,446.70,Vloxx,,,13300,14490,-56,0,,,,,0
20260930-230802,446.91,Vloxx,,,13510,14360,-56,0,,,,,0
20260930-230802,447.10,Vloxx,,,13710,14220,-56,0,,,,,0
20260930-230802,497.02,Aspect of the Sword,81326,5.1,12730,15590,35,0,,,,,0
20260930-230802,497.23,Aspect of the Sword,81326,5.3,12590,15390,35,0,,,,,0
20260930-230802,497.43,Aspect of the Sword,81326,5.5,12440,15180,35,0,,,,,1
20260930-230802,497.62,Aspect of the Sword,81326,5.7,12300,14980,35,0,,,,,0
20260930-230802,497.83,Aspect of the Sword,81326,5.9,12160,14770,35,0,,,,,0
20260930-230802,498.03,Aspect of the Sword,81326,6.1,12020,14570,35,0,,,,,0
20260930-230802,512.58,Aspect of the Sword,,,12440,15560,-241,0,,,,,0
20260930-230802,512.78,Aspect of the Sword,,,12220,15680,-241,0,,,,,0
20260930-230802,512.98,Aspect of the Sword,,,12000,15800,-241,0,,,,,0
20260930-230802,513.19,Aspect of the Sword,,,11780,15920,-241,0,,,,,0
20260930-230802,513.38,Aspect of the Sword,,,11560,16040,-241,0,,,,,0
20260930-230802,513.58,Aspect of the Sword,,,11340,16160,-241,0,,,,,0
20260930-230802,515.43,Vloxx,,,12280,15360,270,1,0,180,0,0,6
20260930-230802,515.43,Vloxx,,,12280,15350,270,1,10,180,0,0,6
20260930-230802,515.43,Vloxx,,,12240,15330,270,1,0,180,0,0,6
20260930-230802,515.95,Vloxx,,,12810,15170,180,1,0,-180,0,0,8
20260930-230802,515.95,Vloxx,,,12800,15120,180,1,0,-180,0,0,8
20260930-230802,515.95,Vloxx,,,12750,15100,180,1,0,-180,0,0,8
20260930-230802,516.47,Vloxx,,,13000,15700,90,1,0,-180,0,0,8
20260930-230802,516.47,Vloxx,,,13020,15640,90,1,0,-180,0,0,8
20260930-230802,516.47,Vloxx,,,12980,15620,90,1,0,-180,0,0,8
20260930-230802,516.99,Vloxx,,,12460,15890,0,1,0,-180,0,0,4
20260930-230802,516.99,Vloxx,,,12470,15850,0,1,0,-180,0,0,4
20260930-230802,516.99,Vloxx,,,12500,15870,0,1,0,-180,0,0,4
20260930-230802,528.18,Aspect of the Sword,81326,6.9,12470,15460,24,0,,,,,0
20260930-230802,528.38,Aspect of the Sword,81326,7.1,12370,15230,24,0,,,,,0
20260930-230802,528.58,Aspect of the Sword,81326,7.3,12270,15000,24,0,,,,,0
20260930-230802,528.78,Aspect of the Sword,81326,7.5,12160,14770,24,0,,,,,0
20260930-230802,528.99,Aspect of the Sword,81326,7.7,12060,14540,24,0,,,,,0
20260930-230802,529.18,Aspect of the Sword,81326,7.9,11960,14320,24,0,,,,,0
20260930-230802,530.42,Vloxx,,,12440,15440,270,1,0,180,0,0,4
20260930-230802,530.42,Vloxx,,,12120,15450,270,1,0,180,0,0,4
20260930-230802,530.42,Vloxx,,,12230,15310,270,1,0,180,0,0,4
20260930-230802,530.95,Vloxx,,,11900,15610,180,1,0,-180,0,0,5
20260930-230802,530.95,Vloxx,,,12050,14890,180,1,0,-180,0,0,5
20260930-230802,530.95,Vloxx,,,12550,15770,180,1,0,-180,0,0,5
20260930-230802,531.47,Vloxx,,,12090,16100,90,1,0,-180,0,0,2
20260930-230802,531.47,Vloxx,,,12620,14820,90,1,0,-180,0,0,2
20260930-230802,531.47,Vloxx,,,11730,15080,90,1,0,-180,0,0,2
20260930-230802,531.99,Vloxx,,,11760,15630,0,1,0,-180,0,0,1
20260930-230802,531.99,Vloxx,,,12270,14900,0,1,0,-180,0,0,1
20260930-230802,531.99,Vloxx,,,12680,15390,0,1,0,-180,0,0,1
20260930-232430,285.19,Aspect of the Sword,81326,6.7,12730,15680,-184,0,,,,,0
20260930-232430,285.40,Aspect of the Sword,81326,6.9,12710,15930,-184,0,,,,,0
20260930-232430,285.60,Aspect of the Sword,81326,7.1,12690,16170,-184,0,,,,,0
20260930-232430,285.79,Aspect of the Sword,81326,7.3,12680,16420,-184,0,,,,,0
20260930-232430,285.99,Aspect of the Sword,81326,7.5,12660,16670,-184,0,,,,,0
20260930-232430,286.20,Aspect of the Sword,81326,7.7,12640,16920,-184,0,,,,,0
20260930-232430,300.71,Aspect of the Sword,,,12340,15110,75,0,,,,,0
20260930-232430,300.91,Aspect of the Sword,,,12090,15040,75,0,,,,,0
20260930-232430,301.11,Aspect of the Sword,,,11850,14980,75,0,,,,,0
20260930-232430,301.31,Aspect of the Sword,,,11610,14920,75,0,,,,,0
20260930-232430,301.51,Aspect of the Sword,,,11370,14850,75,0,,,,,0
20260930-232430,301.71,Aspect of the Sword,,,11130,14790,75,0,,,,,0
20260930-232430,340.95,Vloxx,81053,4.8,13790,15780,433,1,0,-180,0,0,5
20260930-232430,341.47,Vloxx,81053,5.3,13280,16030,343,1,0,-180,0,0,6
20260930-232430,341.47,Vloxx,81053,5.3,13770,15810,433,1,0,-180,0,0,6
20260930-232430,341.99,Vloxx,81053,5.8,13290,16110,343,1,0,-180,0,0,2
20260930-232430,341.99,Vloxx,81053,5.8,13030,15520,253,1,0,180,0,0,2
20260930-232430,342.39,Vloxx,81053,6.2,14100,15890,433,1,0,-180,0,0,7
20260930-232430,342.51,Vloxx,81053,6.3,12990,15620,253,1,0,180,0,0,7
20260930-232430,342.51,Vloxx,81053,6.3,13540,15270,163,1,0,180,0,0,7
20260930-232430,342.91,Vloxx,81053,6.7,13610,16180,343,1,0,-180,0,0,6
20260930-232430,342.99,Vloxx,81053,6.8,14250,15970,433,1,0,-180,0,0,7
20260930-232430,343.03,Vloxx,81053,6.8,13470,15330,163,1,0,180,0,0,5
20260930-232430,343.43,Vloxx,81053,7.2,13320,15700,253,1,0,180,0,0,4
20260930-232430,343.51,Vloxx,81053,7.3,13690,16080,343,1,0,-180,0,0,4
20260930-232430,343.95,Vloxx,81053,7.8,13800,15400,122,1,0,138,1,0,4
20260930-232430,344.03,Vloxx,81053,7.8,13590,15520,212,1,0,138,1,0,4
20260930-232430,344.54,Vloxx,81053,8.4,14150,15420,122,1,0,138,1,42,4
20260930-232430,348.39,Vloxx,,,14090,15840,38,0,,,,,0
20260930-232430,348.59,Vloxx,,,13940,15640,38,0,,,,,0
20260930-232430,348.79,Vloxx,,,13790,15440,38,0,,,,,0
20260930-232430,348.99,Vloxx,,,13630,15250,38,0,,,,,0
20260930-232430,349.19,Vloxx,,,13480,15050,38,0,,,,,0
20260930-232430,349.39,Vloxx,,,13330,14850,38,0,,,,,0
20260930-232430,349.59,Vloxx,,,13170,14650,38,0,,,,,0
20260930-232430,349.78,Vloxx,,,13020,14450,38,0,,,,,0
20260930-232430,360.87,Vloxx,81053,4.8,14140,15930,104,1,0,-180,0,0,1
20260930-232430,361.39,Vloxx,81053,5.3,14270,16040,104,1,0,-180,0,0,3
20260930-232430,361.39,Vloxx,81053,5.3,13710,15560,14,1,0,-180,0,0,3
20260930-232430,361.91,Vloxx,81053,5.8,14080,15130,-76,1,0,-180,0,0,0
20260930-232430,361.91,Vloxx,81053,5.8,13710,16020,14,1,0,-180,0,0,0
20260930-232430,362.31,Vloxx,81053,6.2,14140,15960,104,1,0,-180,0,0,7
20260930-232430,362.43,Vloxx,81053,6.3,13720,15460,-76,1,0,-180,0,0,7
20260930-232430,362.43,Vloxx,81053,6.3,14510,15500,-166,1,0,180,0,0,7
20260930-232430,362.83,Vloxx,81053,6.7,13720,15590,136,1,0,-58,1,-122,8
20260930-232430,362.91,Vloxx,81053,6.8,14030,16100,226,1,0,-58,1,-122,8
20260930-232430,362.94,Vloxx,81053,6.8,14290,15470,-44,1,0,-58,1,-122,8
20260930-232430,363.35,Vloxx,81053,7.2,14090,15160,46,1,0,-58,1,-122,0
20260930-232430,363.43,Vloxx,81053,7.3,13860,15560,136,1,0,-58,1,-122,0
20260930-232430,363.87,Vloxx,81053,7.8,14510,15530,-44,1,0,-58,1,-122,0
20260930-232430,363.95,Vloxx,81053,7.8,14400,15390,46,1,0,-58,1,-122,0
20260930-232430,364.47,Vloxx,81053,8.4,14570,15930,-44,1,0,-180,0,-122,0
20260930-232430,364.83,Vloxx,81053,8.7,14190,15950,-134,0,,,,,0
20260930-232430,365.03,Vloxx,81053,8.9,14370,16120,-134,0,,,,,0
20260930-232430,365.23,Vloxx,81053,9.1,14550,16300,-134,0,,,,,0
20260930-232430,365.43,Vloxx,81053,9.3,14730,16470,-134,0,,,,,0
20260930-232430,365.63,Vloxx,81053,9.5,14910,16640,-134,0,,,,,0
20260930-232430,365.83,Vloxx,81053,9.7,15090,16820,-134,0,,,,,0
20260930-232430,366.03,Vloxx,81053,9.9,15270,16990,-134,0,,,,,0
20260930-232430,366.23,Vloxx,81053,10.1,15450,17170,-134,0,,,,,0
20260930-232430,369.83,Aspect of the Sword,81326,5.1,13110,15730,-111,0,,,,,2
20260930-232430,370.02,Aspect of the Sword,81326,5.3,13340,15810,-111,0,,,,,0
20260930-232430,370.23,Aspect of the Sword,81326,5.5,13570,15900,-111,0,,,,,3
20260930-232430,370.43,Aspect of the Sword,81326,5.7,13810,15990,-111,0,,,,,0
20260930-232430,370.63,Aspect of the Sword,81326,5.9,14040,16080,-111,0,,,,,0
20260930-232430,370.83,Aspect of the Sword,81326,6.1,14280,16160,-111,0,,,,,0
20260930-232430,374.39,Vloxx,,,14120,15820,11,0,,,,,0
20260930-232430,374.59,Vloxx,,,14080,15580,11,0,,,,,0
20260930-232430,374.79,Vloxx,,,14030,15330,11,0,,,,,0
20260930-232430,374.99,Vloxx,,,13980,15090,11,0,,,,,0
20260930-232430,375.19,Vloxx,,,13930,14840,11,0,,,,,0
20260930-232430,375.39,Vloxx,,,13880,14600,11,0,,,,,0
20260930-232430,375.59,Vloxx,,,13830,14350,11,0,,,,,0
20260930-232430,375.79,Vloxx,81053,0.0,13780,14110,11,0,,,,,0
20260930-232430,380.55,Vloxx,81053,4.8,14200,15880,361,1,0,-180,0,0,4
20260930-232430,381.07,Vloxx,81053,5.3,14140,15910,361,1,0,-180,0,0,5
20260930-232430,381.07,Vloxx,81053,5.3,13920,16370,271,1,0,-180,0,0,5
20260930-232430,381.59,Vloxx,81053,5.8,13740,15510,271,1,0,-180,0,0,7
20260930-232430,381.59,Vloxx,81053,5.8,13420,16090,181,1,0,-180,0,0,7
20260930-232430,381.99,Vloxx,81053,6.2,14210,15900,361,1,0,-180,0,0,4
20260930-232430,382.11,Vloxx,81053,6.3,14140,15110,181,1,0,-180,0,0,4
20260930-232430,382.11,Vloxx,81053,6.3,13700,15600,91,1,0,180,0,0,4
20260930-232430,382.51,Vloxx,81053,6.7,13790,16280,271,1,0,-180,0,0,7
20260930-232430,382.59,Vloxx,81053,6.8,14000,15820,361,1,0,-180,0,0,7
20260930-232430,382.63,Vloxx,81053,6.8,14540,15520,91,1,0,180,0,0,7
20260930-232430,383.03,Vloxx,81053,7.2,13410,15860,181,1,0,-180,0,0,2
20260930-232430,383.11,Vloxx,81053,7.3,14540,15660,271,1,0,-180,0,0,2
20260930-232430,383.54,Vloxx,81053,7.8,13830,15480,91,1,0,180,0,0,1
20260930-232430,383.62,Vloxx,81053,7.8,14700,16210,181,1,0,-180,0,0,1
20260930-232430,384.15,Vloxx,81053,8.4,14160,16360,91,1,0,180,0,0,2
20260930-232430,385.67,Aspect of the Sword,,,14170,15740,8,0,,,,,0
20260930-233450,299.06,Aspect of the Sword,81326,6.8,12800,15710,-194,0,,,,,0
20260930-233450,299.27,Aspect of the Sword,81326,7.0,12740,15950,-194,0,,,,,0
20260930-233450,299.47,Aspect of the Sword,81326,7.2,12680,16190,-194,0,,,,,0
20260930-233450,299.67,Aspect of the Sword,81326,7.4,12620,16430,-194,0,,,,,0
20260930-233450,299.87,Aspect of the Sword,81326,7.6,12550,16680,-194,0,,,,,0
20260930-233450,300.06,Aspect of the Sword,81326,7.8,12490,16920,-194,0,,,,,0
20260930-233450,315.02,Aspect of the Sword,,,12750,15430,-30,0,,,,,0
20260930-233450,315.22,Aspect of the Sword,,,12880,15210,-30,0,,,,,0
20260930-233450,315.43,Aspect of the Sword,,,13000,14990,-30,0,,,,,0
20260930-233450,315.62,Aspect of the Sword,,,13130,14780,-30,0,,,,,0
20260930-233450,315.82,Aspect of the Sword,,,13250,14560,-30,0,,,,,0
20260930-233450,316.02,Aspect of the Sword,,,13380,14350,-30,0,,,,,0
20260930-233450,330.46,Aspect of the Sword,81326,8.4,12330,15420,-237,0,,,,,0
20260930-233450,330.66,Aspect of the Sword,81326,8.6,12120,15560,-237,0,,,,,0
20260930-233450,330.87,Aspect of the Sword,81326,8.8,11920,15690,-237,0,,,,,0
20260930-233450,331.06,Aspect of the Sword,81326,9.0,11710,15830,-237,0,,,,,0
20260930-233450,331.26,Aspect of the Sword,81326,9.2,11500,15970,-237,0,,,,,0
20260930-233450,331.47,Aspect of the Sword,81326,9.4,11290,16110,-237,0,,,,,0
20260930-233450,336.63,Vloxx,81053,4.8,10700,16660,93,1,0,-180,0,0,5
20260930-233450,337.14,Vloxx,81053,5.3,11210,16900,3,1,0,-180,0,0,4
20260930-233450,337.14,Vloxx,81053,5.3,10700,16450,93,1,0,-180,0,0,4
20260930-233450,337.66,Vloxx,81053,5.8,10870,16990,3,1,0,-180,0,0,6
20260930-233450,337.66,Vloxx,81053,5.8,10970,17410,-87,1,0,180,0,0,6
20260930-233450,338.07,Vloxx,81053,6.2,10640,16470,93,1,0,-180,0,0,9
20260930-233450,338.18,Vloxx,81053,6.3,10450,17170,-177,1,0,180,0,0,9
20260930-233450,338.18,Vloxx,81053,6.3,10330,17170,-87,1,0,180,0,0,9
20260930-233450,338.58,Vloxx,81053,6.7,11080,16820,3,1,0,-180,0,0,7
20260930-233450,338.67,Vloxx,81053,6.8,10620,16440,93,1,0,-180,0,0,7
20260930-233450,338.71,Vloxx,81053,6.8,10160,16630,-177,1,0,180,0,0,7
20260930-233450,339.11,Vloxx,81053,7.2,10730,17260,-87,1,0,180,0,0,2
20260930-233450,339.19,Vloxx,81053,7.3,11130,16680,3,1,0,-180,0,0,2
20260930-233450,339.62,Vloxx,81053,7.8,10290,16910,-177,1,0,180,0,0,2
20260930-233450,339.70,Vloxx,81053,7.8,10890,17190,-87,1,0,180,0,0,2
20260930-233450,340.23,Vloxx,81053,8.4,10380,16950,-92,1,0,-95,1,-85,4
20260930-233450,344.19,Vloxx,,,10620,16610,-205,0,,,,,0
20260930-233450,344.39,Vloxx,,,10520,16830,-205,0,,,,,0
20260930-233450,344.59,Vloxx,,,10410,17060,-205,0,,,,,0
20260930-233450,344.78,Vloxx,,,10300,17290,-205,0,,,,,0
20260930-233450,344.99,Vloxx,,,10200,17510,-205,0,,,,,0
20260930-233450,345.19,Vloxx,,,10090,17740,-205,0,,,,,0
20260930-233450,345.39,Vloxx,,,9990,17970,-205,0,,,,,0
20260930-233450,345.58,Vloxx,,,9880,18190,-205,0,,,,,0
20260930-233450,346.42,Aspect of the Sword,,,10520,16290,-3,0,,,,,0
20260930-233450,346.62,Aspect of the Sword,,,10540,16040,-3,0,,,,,0
20260930-233450,346.82,Aspect of the Sword,,,10550,15790,-3,0,,,,,0
20260930-233450,347.02,Aspect of the Sword,,,10570,15540,-3,0,,,,,0
20260930-233450,347.23,Aspect of the Sword,,,10580,15300,-3,0,,,,,0
20260930-233450,347.42,Aspect of the Sword,,,10600,15050,-3,0,,,,,0
20260930-233450,356.54,Vloxx,81053,4.8,10720,16630,228,1,0,-180,0,0,0
20260930-233450,357.06,Vloxx,81053,5.3,10780,16500,228,1,0,-180,0,0,0
20260930-233450,357.06,Vloxx,81053,5.3,10160,16560,138,1,0,-180,0,0,0
20260930-233450,357.58,Vloxx,81053,5.8,10240,16000,48,1,0,-180,0,0,0
20260930-233450,357.58,Vloxx,81053,5.8,10510,17000,138,1,0,-180,0,0,0
20260930-233450,357.99,Vloxx,81053,6.2,10850,16620,228,1,0,-180,0,0,0
20260930-233450,358.10,Vloxx,81053,6.3,10020,16730,48,1,0,-180,0,0,0
20260930-233450,358.10,Vloxx,81053,6.3,10800,16070,-42,1,0,180,0,0,0
20260930-233450,358.50,Vloxx,81053,6.7,10330,16850,280,1,0,-37,1,-143,10
20260930-233450,358.58,Vloxx,81053,6.8,10820,16710,370,1,0,-37,1,-143,10
20260930-233450,358.62,Vloxx,81053,6.8,10290,16230,100,1,0,-37,1,-143,10
20260930-233450,359.03,Vloxx,81053,7.2,10100,16330,190,1,0,-37,1,-143,6
20260930-233450,359.10,Vloxx,81053,7.3,10260,16710,280,1,0,-37,1,-143,6
20260930-233450,359.55,Vloxx,81053,7.8,10620,16100,100,1,0,-37,1,-143,6
20260930-233450,359.63,Vloxx,81053,7.8,10260,16140,190,1,0,-37,1,-143,6
20260930-233450,360.14,Vloxx,81053,8.4,10820,16140,100,1,0,180,0,-143,4
20260930-233450,360.51,Vloxx,81053,8.7,10640,16470,10,0,,,,,0
20260930-233450,360.70,Vloxx,81053,8.9,10590,16220,10,0,,,,,0
20260930-233450,360.90,Vloxx,81053,9.1,10550,15970,10,0,,,,,0
20260930-233450,361.11,Vloxx,81053,9.3,10500,15730,10,0,,,,,0
20260930-233450,361.31,Vloxx,81053,9.5,10460,15480,10,0,,,,,0
20260930-233450,361.50,Vloxx,81053,9.7,10410,15240,10,0,,,,,0
20260930-233450,361.70,Vloxx,81053,9.9,10370,14990,10,0,,,,,0
20260930-233450,361.90,Vloxx,81053,10.1,10320,14750,10,0,,,,,0
20260930-233450,369.90,Vloxx,,,10700,16600,-141,0,,,,,0
20260930-233450,370.10,Vloxx,,,10860,16790,-141,0,,,,,0
20260930-233450,370.31,Vloxx,,,11020,16990,-141,0,,,,,0
20260930-233450,370.50,Vloxx,,,11170,17180,-141,0,,,,,0
20260930-233450,370.70,Vloxx,,,11330,17370,-141,0,,,,,0
20260930-233450,370.90,Vloxx,,,11490,17570,-141,0,,,,,0
20260930-233450,371.10,Vloxx,,,11650,17760,-141,0,,,,,0
20260930-233450,371.31,Vloxx,81053,0.0,11800,17960,-142,0,,,,,0
20260930-233450,376.03,Vloxx,81053,4.8,10790,16480,218,1,0,-180,0,0,5
20260930-233450,376.55,Vloxx,81053,5.3,10610,16490,218,1,0,-180,0,0,6
20260930-233450,376.55,Vloxx,81053,5.3,10570,17000,128,1,0,-180,0,0,6
20260930-233450,377.07,Vloxx,81053,5.8,11170,16550,128,1,0,-180,0,0,6
20260930-233450,377.07,Vloxx,81053,5.8,10050,16780,38,1,0,180,0,0,6
20260930-233450,377.47,Vloxx,81053,6.2,10560,16740,218,1,0,-180,0,0,8
20260930-233450,377.59,Vloxx,81053,6.3,10270,16260,-136,1,0,96,1,0,8
20260930-233450,377.59,Vloxx,81053,6.3,11110,17120,-46,1,0,96,1,0,8
20260930-233450,377.98,Vloxx,81053,6.7,10360,16210,44,1,0,96,1,84,3
20260930-233450,378.06,Vloxx,81053,6.8,10620,16510,134,1,0,96,1,84,4
20260930-233450,378.11,Vloxx,81053,6.8,10540,17050,-136,1,0,96,1,84,4
20260930-233450,378.50,Vloxx,81053,7.2,10890,16020,-46,1,0,96,1,84,6
20260930-233450,378.58,Vloxx,81053,7.3,11180,16460,44,1,0,96,1,84,6
20260930-233450,379.03,Vloxx,81053,7.8,11090,16550,-136,1,0,96,1,84,1
20260930-233450,379.11,Vloxx,81053,7.8,11230,17020,-46,1,0,96,1,84,1
20260930-233450,379.63,Vloxx,81053,8.4,10670,17070,-136,1,0,-180,0,84,0
20260930-233450,389.03,Vloxx,,,10580,16570,-244,0,,,,,0
20260930-233450,389.22,Vloxx,,,10360,16680,-244,0,,,,,0
20260930-233450,389.43,Vloxx,,,10130,16790,-244,0,,,,,0
20260930-233450,389.62,Vloxx,,,9910,16900,-244,0,,,,,0
20260930-233450,389.82,Vloxx,,,9680,17010,-244,0,,,,,0
20260930-233450,390.03,Vloxx,,,9460,17120,-244,0,,,,,0
20260930-233450,390.22,Vloxx,,,9230,17230,-244,0,,,,,0
20260930-233450,390.42,Vloxx,,,9010,17330,-244,0,,,,,0
20260930-233450,395.18,Vloxx,81053,4.8,10480,16570,387,1,0,180,0,0,0
20260930-233450,395.71,Vloxx,81053,5.3,10810,16110,297,1,0,180,0,0,1
20260930-233450,395.71,Vloxx,81053,5.3,10870,15710,387,1,0,180,0,0,1
20260930-233450,396.22,Vloxx,81053,5.8,10580,15230,297,1,0,180,0,0,0
20260930-233450,396.22,Vloxx,81053,5.8,11270,16430,207,1,0,-180,0,0,0
20260930-233450,396.62,Vloxx,81053,6.2,10410,16300,387,1,0,180,0,0,2
20260930-233450,396.74,Vloxx,81053,6.3,10950,16890,143,1,0,-154,1,0,2
20260930-233450,396.74,Vloxx,81053,6.3,11070,14940,233,1,0,-154,1,0,2
20260930-233450,397.14,Vloxx,81053,6.7,10970,16300,323,1,0,-154,1,-26,2
20260930-233450,397.22,Vloxx,81053,6.8,10410,16500,413,1,0,-154,1,-26,2
20260930-233450,397.26,Vloxx,81053,6.8,11360,15430,143,1,0,-154,1,-26,2
20260930-233450,397.66,Vloxx,81053,7.2,10980,16860,233,1,0,-154,1,-26,0
20260930-233450,397.74,Vloxx,81053,7.3,10870,16170,323,1,0,-154,1,-26,0
20260930-233450,398.18,Vloxx,81053,7.8,10410,16860,143,1,0,-154,1,-26,0
20260930-233450,398.26,Vloxx,81053,7.8,11200,16630,233,1,0,-154,1,-26,0
20260930-233450,398.78,Vloxx,81053,8.4,10740,16960,143,1,0,180,0,-26,0
20260930-233450,399.10,Vloxx,81053,8.7,10590,16490,53,0,,,,,0
20260930-233450,399.30,Vloxx,81053,8.9,10390,16340,53,0,,,,,0
20260930-233450,399.50,Vloxx,81053,9.1,10190,16190,53,0,,,,,0
20260930-233450,399.70,Vloxx,81053,9.3,9990,16040,53,0,,,,,0
20260930-233450,399.91,Vloxx,81053,9.5,9790,15890,53,0,,,,,0
20260930-233450,400.10,Vloxx,81053,9.7,9590,15740,53,0,,,,,0
20260930-233450,400.30,Vloxx,81053,9.9,9390,15590,53,0,,,,,0
20260930-233450,400.50,Vloxx,81053,10.1,9190,15440,53,0,,,,,0
20260930-233450,411.86,Aspect of the Sword,81326,5.1,12990,15490,-203,0,,,,,0
20260930-233450,412.06,Aspect of the Sword,81326,5.3,12900,15720,-203,0,,,,,0
20260930-233450,412.26,Aspect of the Sword,81326,5.5,12800,15950,-203,0,,,,,0
20260930-233450,412.46,Aspect of the Sword,81326,5.7,12710,16180,-203,0,,,,,0
20260930-233450,412.67,Aspect of the Sword,81326,5.9,12610,16410,-203,0,,,,,0
20260930-233450,412.86,Aspect of the Sword,81326,6.1,12510,16640,-203,0,,,,,0
20260930-233450,423.30,Vloxx,81053,4.8,12660,16780,392,1,0,-180,0,0,5
20260930-233450,423.83,Vloxx,81053,5.3,12110,16660,301,1,0,-180,0,0,3
20260930-233450,423.83,Vloxx,81053,5.3,12680,16580,392,1,0,-180,0,0,3
20260930-233450,424.34,Vloxx,81053,5.8,12220,16110,211,1,0,180,0,0,4
20260930-233450,424.34,Vloxx,81053,5.8,12980,17060,301,1,0,-180,0,0,4
20260930-233450,424.75,Vloxx,81053,6.2,12610,16760,392,1,0,-180,0,0,5
20260930-233450,424.87,Vloxx,81053,6.3,12780,16220,125,1,0,-177,0,-3,6
20260930-233450,424.87,Vloxx,81053,6.3,12510,17370,215,1,0,-177,0,-3,6
20260930-233450,425.26,Vloxx,81053,6.7,12800,16230,305,1,0,-177,0,-3,3
20260930-233450,425.35,Vloxx,81053,6.8,12650,16620,395,1,0,-177,0,-3,3
20260930-233450,425.38,Vloxx,81053,6.8,12200,16890,125,1,0,-177,0,-3,3
20260930-233450,425.79,Vloxx,81053,7.2,13330,16420,215,1,0,-177,0,-3,2
20260930-233450,425.86,Vloxx,81053,7.3,13010,17060,305,1,0,-177,0,-3,2
20260930-233450,426.30,Vloxx,81053,7.8,13140,16960,125,1,0,-177,0,-3,2
20260930-233450,426.38,Vloxx,81053,7.8,12580,17420,215,1,0,-177,0,-3,2
20260930-233450,426.90,Vloxx,81053,8.4,12220,16980,128,1,0,-177,0,0,0
20260930-233450,427.70,Aspect of the Sword,,,12870,16640,-216,0,,,,,0
20260930-233450,427.90,Aspect of the Sword,,,12720,16840,-216,0,,,,,0
20260930-233450,428.10,Aspect of the Sword,,,12570,17040,-216,0,,,,,0
20260930-233450,428.30,Aspect of the Sword,,,12430,17250,-216,0,,,,,0
20260930-233450,428.50,Aspect of the Sword,,,12280,17450,-216,0,,,,,0
20260930-233450,428.70,Aspect of the Sword,,,12130,17650,-216,0,,,,,0
20260930-233450,429.26,Vloxx,81053,10.7,12600,16690,38,0,,,,,0
20260930-233450,429.46,Vloxx,81053,10.9,12440,16490,38,0,,,,,0
20260930-233450,429.67,Vloxx,81053,11.1,12290,16290,38,0,,,,,0
20260930-233450,429.86,Vloxx,81053,11.3,12130,16100,38,0,,,,,0
20260930-233450,430.06,Vloxx,81053,11.5,11980,15900,38,0,,,,,0
20260930-233450,430.26,Vloxx,81053,11.7,11820,15710,38,0,,,,,0
20260930-233450,430.46,Vloxx,81053,11.9,11670,15510,38,0,,,,,0
20260930-233450,430.67,Vloxx,,,11510,15310,38,0,,,,,0
20260930-233450,442.98,Aspect of the Sword,81326,6.7,12830,16570,86,0,,,,,0
20260930-233450,443.18,Aspect of the Sword,81326,6.9,12580,16560,86,0,,,,,0
20260930-233450,443.38,Aspect of the Sword,81326,7.1,12340,16540,86,0,,,,,0
20260930-233450,443.58,Aspect of the Sword,81326,7.3,12090,16520,86,0,,,,,0
20260930-233450,443.79,Aspect of the Sword,81326,7.5,11840,16510,86,0,,,,,0
20260930-233450,443.99,Aspect of the Sword,81326,7.7,11590,16490,86,0,,,,,0
20260930-233450,444.98,Vloxx,81053,4.8,12480,16450,220,1,0,180,0,0,3
20260930-233450,445.50,Vloxx,81053,5.3,13010,16270,130,1,0,-180,0,0,8
20260930-233450,445.50,Vloxx,81053,5.3,12180,16220,220,1,0,180,0,0,8
20260930-233450,446.02,Vloxx,81053,5.8,13200,16800,40,1,0,-180,0,0,7
20260930-233450,446.02,Vloxx,81053,5.8,12750,16180,130,1,0,-180,0,0,7
20260930-233450,446.43,Vloxx,81053,6.2,12350,16410,220,1,0,180,0,0,5
20260930-233450,446.55,Vloxx,81053,6.3,12790,16750,85,1,0,-135,1,0,5
20260930-233450,446.55,Vloxx,81053,6.3,12660,16980,-5,1,0,-135,1,0,5
20260930-233450,446.94,Vloxx,81053,6.7,12770,16030,175,1,0,-135,1,-45,6
20260930-233450,447.02,Vloxx,81053,6.8,12670,16590,265,1,0,-135,1,-45,8
20260930-233450,447.06,Vloxx,81053,6.8,12220,16790,-5,1,0,-135,1,-45,5
20260930-233450,447.47,Vloxx,81053,7.2,13150,16450,85,1,0,-135,1,-45,5
20260930-233450,447.54,Vloxx,81053,7.3,13220,16490,175,1,0,-135,1,-45,5
20260930-233450,447.99,Vloxx,81053,7.8,12730,16830,-5,1,0,-135,1,-45,6
20260930-233450,448.06,Vloxx,81053,7.8,13330,17040,85,1,0,-135,1,-45,6
20260930-233450,448.58,Vloxx,81053,8.4,12770,17150,-5,1,0,-180,0,-45,0
20260930-233450,448.90,Vloxx,81053,8.7,12470,16420,-95,0,,,,,0
20260930-233450,449.10,Vloxx,81053,8.9,12720,16440,-95,0,,,,,0
20260930-233450,449.30,Vloxx,81053,9.1,12970,16460,-95,0,,,,,0
20260930-233450,449.50,Vloxx,81053,9.3,13220,16480,-95,0,,,,,0
20260930-233450,449.70,Vloxx,81053,9.5,13470,16500,-95,0,,,,,0
20260930-233450,449.90,Vloxx,81053,9.7,13720,16520,-95,0,,,,,0
20260930-233450,450.10,Vloxx,81053,9.9,13970,16550,-95,0,,,,,0
20260930-233450,450.30,Vloxx,81053,10.1,14210,16570,-95,0,,,,,0
20260930-233450,458.26,Vloxx,,,12440,16350,-38,0,,,,,0
20260930-233450,458.46,Vloxx,,,12600,16160,-38,0,,,,,0
20260930-233450,458.66,Vloxx,,,12750,15960,-38,0,,,,,0
20260930-233450,458.86,Aspect of the Sword,,,12740,16490,-176,0,,,,,0
20260930-233450,458.86,Vloxx,,,12910,15760,-38,0,,,,,0
20260930-233450,459.06,Vloxx,,,13060,15570,-38,0,,,,,0
20260930-233450,459.06,Aspect of the Sword,,,12760,16740,-176,0,,,,,0
20260930-233450,459.26,Vloxx,,,13220,15370,-38,0,,,,,0
20260930-233450,459.26,Aspect of the Sword,,,12770,16990,-176,0,,,,,0
20260930-233450,459.46,Vloxx,,,13380,15180,-38,0,,,,,0
20260930-233450,459.46,Aspect of the Sword,,,12790,17240,-176,0,,,,,0
20260930-233450,459.66,Aspect of the Sword,,,12810,17490,-176,0,,,,,0
20260930-233450,459.66,Vloxx,,,13530,14980,42,0,,,,,0
20260930-233450,459.87,Aspect of the Sword,,,12820,17740,-176,0,,,,,0
20260930-233450,481.38,Vloxx,81053,4.8,12040,17300,321,1,0,180,0,0,5
20260930-233450,481.90,Vloxx,81053,5.3,12260,16780,231,1,0,-180,0,0,7
20260930-233450,481.90,Vloxx,81053,5.3,12070,17270,321,1,0,180,0,0,7
20260930-233450,482.42,Vloxx,81053,5.8,12190,16710,231,1,0,-180,0,0,3
20260930-233450,482.42,Vloxx,81053,5.8,12780,17000,141,1,0,-180,0,0,3
20260930-233450,482.82,Vloxx,81053,6.2,12210,17280,321,1,0,180,0,0,4
20260930-233450,482.94,Vloxx,81053,6.3,12750,16830,46,1,0,86,1,0,4
20260930-233450,482.94,Vloxx,81053,6.3,12560,17520,-44,1,0,86,1,0,4
20260930-233450,483.34,Vloxx,81053,6.7,12540,16820,136,1,0,86,1,94,7
20260930-233450,483.42,Vloxx,81053,6.8,12240,17290,226,1,0,86,1,94,7
20260930-233450,483.46,Vloxx,81053,6.8,12630,17380,-44,1,0,86,1,94,7
20260930-233450,483.86,Vloxx,81053,7.2,13000,17150,46,1,0,86,1,94,2
20260930-233450,483.94,Vloxx,81053,7.3,12590,16850,136,1,0,86,1,94,2
20260930-233450,484.38,Vloxx,81053,7.8,12670,17610,-44,1,0,86,1,94,0
20260930-233450,484.45,Vloxx,81053,7.8,13040,17200,46,1,0,86,1,94,0
20260930-233450,484.98,Vloxx,81053,8.4,12690,17640,-44,1,0,-180,0,94,0
20260930-233450,487.38,Vloxx,81053,10.8,12020,17390,-158,0,,,,,0
20260930-233450,487.58,Vloxx,81053,11.0,12110,17620,-158,0,,,,,0
20260930-233450,487.78,Vloxx,81053,11.2,12200,17860,-158,0,,,,,0
20260930-233450,487.97,Vloxx,81053,11.4,12300,18090,-158,0,,,,,0
20260930-233450,488.18,Vloxx,81053,11.6,12390,18320,-158,0,,,,,0
20260930-233450,488.38,Vloxx,81053,11.8,12480,18550,-158,0,,,,,0
20260930-233450,488.57,Vloxx,81053,12.0,12580,18780,-158,0,,,,,0
20260930-233450,488.77,Vloxx,,,12670,19020,-158,0,,,,,0
20260930-233450,525.38,Aspect of the Sword,81326,5.1,12760,15610,-269,0,,,,,0
20260930-233450,525.58,Aspect of the Sword,81326,5.3,12510,15620,-269,0,,,,,0
20260930-233450,525.78,Aspect of the Sword,81326,5.5,12260,15620,-269,0,,,,,3
20260930-233450,525.99,Aspect of the Sword,81326,5.7,12010,15630,-269,0,,,,,0
20260930-233450,526.18,Aspect of the Sword,81326,5.9,11760,15640,-269,0,,,,,0
20260930-233450,526.38,Aspect of the Sword,81326,6.1,11510,15640,-269,0,,,,,0
20260930-233450,541.46,Aspect of the Sword,,,12020,15530,-102,0,,,,,0
20260930-233450,541.66,Aspect of the Sword,,,12260,15580,-102,0,,,,,0
20260930-233450,541.85,Aspect of the Sword,,,12510,15630,-102,0,,,,,0
20260930-233450,542.06,Aspect of the Sword,,,12750,15680,-102,0,,,,,0
20260930-233450,542.26,Aspect of the Sword,,,13000,15740,-102,0,,,,,0
20260930-233450,542.46,Aspect of the Sword,,,13240,15790,-102,0,,,,,0
20260930-233450,549.10,Vloxx,,,12290,15470,270,1,0,180,0,0,5
20260930-233450,549.10,Vloxx,,,11950,15220,270,1,0,180,0,0,5
20260930-233450,549.10,Vloxx,,,11880,15330,270,1,0,180,0,0,5
20260930-233450,549.62,Vloxx,,,11480,15730,180,1,0,-180,0,0,1
20260930-233450,549.62,Vloxx,,,11430,15450,180,1,0,-180,0,0,1
20260930-233450,549.62,Vloxx,,,11760,15280,180,1,0,-180,0,0,1
20260930-233450,550.13,Vloxx,,,11950,14740,90,1,0,-180,0,0,6
20260930-233450,550.13,Vloxx,,,11080,15340,90,1,0,-180,0,0,6
20260930-233450,550.13,Vloxx,,,11200,14930,90,1,0,-180,0,0,6
20260930-233450,550.65,Vloxx,,,11470,14930,0,1,0,-180,0,0,4
20260930-233450,550.66,Vloxx,,,11720,14700,0,1,0,-180,0,0,4
20260930-233450,550.66,Vloxx,,,12480,14940,0,1,0,-180,0,0,4
20260930-233450,556.89,Aspect of the Sword,81326,7.3,12120,15140,-124,0,,,,,0
20260930-233450,557.10,Aspect of the Sword,81326,7.5,12330,15280,-124,0,,,,,0
20260930-233450,557.30,Aspect of the Sword,81326,7.7,12540,15420,-124,0,,,,,0
20260930-233450,557.50,Aspect of the Sword,81326,7.9,12740,15560,-124,0,,,,,0
20260930-233450,557.70,Aspect of the Sword,81326,8.1,12950,15700,-124,0,,,,,0
20260930-233450,557.89,Aspect of the Sword,81326,8.3,13150,15840,-124,0,,,,,0
20260930-233450,564.09,Vloxx,,,12190,15350,270,1,0,180,0,0,4
20260930-233450,564.10,Vloxx,,,12290,15320,270,1,0,180,0,0,4
20260930-233450,564.10,Vloxx,,,12070,15330,270,1,0,180,0,0,4
20260930-233450,564.62,Vloxx,,,11680,15730,180,1,0,-180,0,0,0
20260930-233450,564.62,Vloxx,,,11950,15770,180,1,0,-180,0,0,0
20260930-233450,564.62,Vloxx,,,12120,15910,180,1,0,-180,0,0,0
20260930-233450,565.14,Vloxx,,,11270,15340,90,1,0,-180,0,0,0
20260930-233450,565.14,Vloxx,,,11560,15840,90,1,0,-180,0,0,0
20260930-233450,565.14,Vloxx,,,11500,15430,90,1,0,-180,0,0,0
20260930-233450,565.65,Vloxx,,,11840,14980,0,1,0,-180,0,0,7
20260930-233450,565.65,Vloxx,,,11670,14930,0,1,0,-180,0,0,7
20260930-233450,565.65,Vloxx,,,11630,15280,0,1,0,-180,0,0,7
20260930-233450,572.93,Aspect of the Sword,,,11710,15270,-54,0,,,,,0
20260930-233450,573.13,Aspect of the Sword,,,11910,15120,-54,0,,,,,0
20260930-233450,573.34,Aspect of the Sword,,,12110,14970,-54,0,,,,,0
20260930-233450,573.53,Aspect of the Sword,,,12310,14820,-54,0,,,,,0
20260930-233450,573.74,Aspect of the Sword,,,12520,14670,-54,0,,,,,0
20260930-233450,573.94,Aspect of the Sword,,,12720,14530,-54,0,,,,,0
20260930-233450,579.10,Vloxx,,,12000,15420,270,1,0,180,0,0,2
20260930-233450,579.10,Vloxx,,,11950,15460,270,1,0,180,0,0,2
20260930-233450,579.10,Vloxx,,,11720,15280,270,1,0,180,0,0,2
20260930-233450,579.62,Vloxx,,,11280,15640,180,1,0,-180,0,0,0
20260930-233450,579.62,Vloxx,,,11760,16000,180,1,0,-180,0,0,0
20260930-233450,579.62,Vloxx,,,11770,15930,180,1,0,-180,0,0,0
20260930-233450,580.13,Vloxx,,,11250,15700,90,1,0,-180,0,0,0
20260930-233450,580.13,Vloxx,,,11230,15820,90,1,0,-180,0,0,0
20260930-233450,580.13,Vloxx,,,10920,15200,90,1,0,-180,0,0,0
20260930-233450,580.66,Vloxx,,,11360,14840,0,1,0,-180,0,0,1
20260930-233450,580.66,Vloxx,,,11480,15190,0,1,0,-180,0,0,1
20260930-233450,580.66,Vloxx,,,11410,15280,0,1,0,-180,0,0,1
20260930-234618,284.26,Aspect of the Sword,81326,6.7,12800,15520,0,0,,,,,0
20260930-234618,284.47,Aspect of the Sword,81326,6.9,12800,15270,0,0,,,,,0
20260930-234618,284.67,Aspect of the Sword,81326,7.1,12790,15020,0,0,,,,,0
20260930-234618,284.87,Aspect of the Sword,81326,7.3,12790,14770,0,0,,,,,0
20260930-234618,285.07,Aspect of the Sword,81326,7.5,12790,14520,0,0,,,,,0
20260930-234618,285.27,Aspect of the Sword,81326,7.7,12790,14270,0,0,,,,,0
20260930-234618,300.63,Aspect of the Sword,,,12230,15100,22,0,,,,,0
20260930-234618,300.83,Aspect of the Sword,,,12130,14870,22,0,,,,,0
20260930-234618,301.02,Aspect of the Sword,,,12040,14640,22,0,,,,,0
20260930-234618,301.23,Aspect of the Sword,,,11940,14410,22,0,,,,,0
20260930-234618,301.43,Aspect of the Sword,,,11850,14170,22,0,,,,,0
20260930-234618,301.63,Aspect of the Sword,,,11760,13940,22,0,,,,,0
20260930-234618,325.47,Vloxx,81053,4.8,11860,17360,358,1,0,-180,0,0,9
20260930-234618,325.99,Vloxx,81053,5.3,12020,16810,268,1,0,-180,0,0,6
20260930-234618,325.99,Vloxx,81053,5.3,11760,17450,358,1,0,-180,0,0,6
20260930-234618,326.51,Vloxx,81053,5.8,12570,16970,178,1,0,180,0,0,4
20260930-234618,326.51,Vloxx,81053,5.8,11850,16890,268,1,0,-180,0,0,4
20260930-234618,326.91,Vloxx,81053,6.2,11920,17320,358,1,0,-180,0,0,9
20260930-234618,327.03,Vloxx,81053,6.3,12410,17510,88,1,0,180,0,0,9
20260930-234618,327.03,Vloxx,81053,6.3,12410,16980,178,1,0,180,0,0,9
20260930-234618,327.43,Vloxx,81053,6.7,12140,16800,268,1,0,-180,0,0,10
20260930-234618,327.50,Vloxx,81053,6.8,11940,17260,358,1,0,-180,0,0,10
20260930-234618,327.55,Vloxx,81053,6.8,12310,17540,88,1,0,180,0,0,10
20260930-234618,327.95,Vloxx,81053,7.2,12660,17020,178,1,0,180,0,0,3
20260930-234618,328.03,Vloxx,81053,7.3,11460,16950,268,1,0,-180,0,0,3
20260930-234618,328.47,Vloxx,81053,7.8,12440,17540,88,1,0,180,0,0,3
20260930-234618,328.55,Vloxx,81053,7.8,11760,16480,252,1,0,-106,1,-74,3
20260930-234618,329.07,Vloxx,81053,8.4,12240,16780,162,1,0,-106,1,-74,1
20260930-234618,333.03,Vloxx,,,11880,17280,68,0,,,,,0
20260930-234618,333.23,Vloxx,,,11650,17190,68,0,,,,,0
20260930-234618,333.43,Vloxx,,,11420,17090,68,0,,,,,0
20260930-234618,333.63,Vloxx,,,11190,17000,68,0,,,,,0
20260930-234618,333.82,Vloxx,,,10950,16900,68,0,,,,,0
20260930-234618,334.03,Vloxx,,,10720,16810,68,0,,,,,0
20260930-234618,334.23,Vloxx,,,10490,16710,68,0,,,,,0
20260930-234618,334.43,Vloxx,,,10260,16620,68,0,,,,,0
20260930-234618,345.75,Vloxx,81053,4.8,11990,17210,290,1,0,180,0,0,1
20260930-234618,346.27,Vloxx,81053,5.3,12230,17720,200,1,0,180,0,0,1
20260930-234618,346.27,Vloxx,81053,5.3,11880,17280,290,1,0,180,0,0,1
20260930-234618,346.78,Vloxx,81053,5.8,11720,17960,110,1,0,-180,0,0,1
20260930-234618,346.78,Vloxx,81053,5.8,12400,17060,200,1,0,180,0,0,1
20260930-234618,347.18,Vloxx,81053,6.2,11900,17060,290,1,0,180,0,0,1
20260930-234618,347.31,Vloxx,81053,6.3,11470,17450,20,1,0,-180,0,0,4
20260930-234618,347.31,Vloxx,81053,6.3,12620,17580,110,1,0,-180,0,0,4
20260930-234618,347.71,Vloxx,81053,6.7,12370,17370,200,1,0,180,0,0,3
20260930-234618,347.78,Vloxx,81053,6.8,12150,17310,290,1,0,180,0,0,3
20260930-234618,347.83,Vloxx,81053,6.8,12100,17800,20,1,0,-180,0,0,3
20260930-234618,348.23,Vloxx,81053,7.2,12060,17840,110,1,0,-180,0,0,1
20260930-234618,348.31,Vloxx,81053,7.3,11750,17710,200,1,0,180,0,0,1
20260930-234618,348.75,Vloxx,81053,7.8,11590,17530,20,1,0,-180,0,0,8
20260930-234618,348.82,Vloxx,81053,7.8,11350,17310,110,1,0,-180,0,0,8
20260930-234618,349.35,Vloxx,81053,8.4,11750,16910,48,1,0,-152,1,-28,0
20260930-234618,351.34,Vloxx,81053,10.4,12000,17250,-42,0,,,,,0
20260930-234618,351.55,Vloxx,81053,10.6,12170,17070,-42,0,,,,,0
20260930-234618,351.75,Vloxx,81053,10.8,12340,16880,-42,0,,,,,0
20260930-234618,351.94,Vloxx,81053,11.0,12500,16700,-42,0,,,,,0
20260930-234618,352.15,Vloxx,81053,11.2,12670,16510,-42,0,,,,,0
20260930-234618,352.35,Vloxx,81053,11.4,12840,16330,-42,0,,,,,0
20260930-234618,352.54,Vloxx,81053,11.6,13010,16140,-42,0,,,,,0
20260930-234618,352.74,Vloxx,81053,11.8,13180,15960,-42,0,,,,,0
20260930-234618,361.99,Vloxx,81053,4.8,11950,17310,235,1,0,180,0,0,7
20260930-234618,362.50,Vloxx,81053,5.3,12040,17430,235,1,0,180,0,0,6
20260930-234618,362.50,Vloxx,81053,5.3,12510,17300,145,1,0,180,0,0,6
20260930-234618,363.02,Vloxx,81053,5.8,11480,17340,145,1,0,180,0,0,3
20260930-234618,363.02,Vloxx,81053,5.8,12510,17870,55,1,0,-180,0,0,3
20260930-234618,363.42,Vloxx,81053,6.2,11970,17330,235,1,0,180,0,0,6
20260930-234618,363.55,Vloxx,81053,6.3,11580,16780,55,1,0,-180,0,0,3
20260930-234618,363.55,Vloxx,81053,6.3,11950,17870,-35,1,0,-180,0,0,3
20260930-234618,363.94,Vloxx,81053,6.7,12530,17290,145,1,0,180,0,0,6
20260930-234618,364.03,Vloxx,81053,6.8,11830,17390,235,1,0,180,0,0,6
20260930-234618,364.06,Vloxx,81053,6.8,12130,16880,-35,1,0,-180,0,0,6
20260930-234618,364.47,Vloxx,81053,7.2,12570,17860,55,1,0,-180,0,0,10
20260930-234618,364.54,Vloxx,81053,7.3,11930,16840,145,1,0,180,0,0,10
20260930-234618,364.99,Vloxx,81053,7.8,12000,17890,-35,1,0,-180,0,0,7
20260930-234618,365.07,Vloxx,81053,7.8,12480,16930,55,1,0,-180,0,0,7
20260930-234618,365.59,Vloxx,81053,8.4,12390,17490,-35,1,0,-180,0,0,3
20260930-234618,373.55,Aspect of the Sword,81326,5.0,12850,15990,-213,0,,,,,5
20260930-234618,373.74,Aspect of the Sword,81326,5.2,12720,16200,-213,0,,,,,0
20260930-234618,373.94,Aspect of the Sword,81326,5.4,12580,16410,-213,0,,,,,2
20260930-234618,374.14,Aspect of the Sword,81326,5.6,12450,16620,-213,0,,,,,0
20260930-234618,374.35,Aspect of the Sword,81326,5.8,12320,16830,-213,0,,,,,0
20260930-234618,374.55,Aspect of the Sword,81326,6.0,12180,17040,-213,0,,,,,0
20260930-234618,374.58,Vloxx,,,11890,17360,-230,0,,,,,0
20260930-234618,374.78,Vloxx,,,11700,17520,-230,0,,,,,0
20260930-234618,374.98,Vloxx,,,11510,17680,-230,0,,,,,0
20260930-234618,375.18,Vloxx,,,11320,17840,-230,0,,,,,0
20260930-234618,375.39,Vloxx,,,11120,18000,-230,0,,,,,0
20260930-234618,375.59,Vloxx,,,10930,18160,-230,0,,,,,0
20260930-234618,375.79,Vloxx,,,10740,18320,-230,0,,,,,0
20260930-234618,375.98,Vloxx,81053,0.0,10550,18480,-230,0,,,,,0
20260930-234618,380.75,Vloxx,81053,4.8,11930,17590,436,1,0,180,0,0,2
20260930-234618,381.26,Vloxx,81053,5.3,11980,17620,436,1,0,180,0,0,4
20260930-234618,381.26,Vloxx,81053,5.3,11560,17170,346,1,0,180,0,0,4
20260930-234618,381.79,Vloxx,81053,5.8,11540,17260,346,1,0,180,0,0,4
20260930-234618,381.79,Vloxx,81053,5.8,11980,16790,256,1,0,-180,0,0,4
20260930-234618,382.19,Vloxx,81053,6.2,11830,17460,436,1,0,180,0,0,1
20260930-234618,382.31,Vloxx,81053,6.3,12360,17210,165,1,0,179,0,0,10
20260930-234618,382.31,Vloxx,81053,6.3,11900,16830,255,1,0,179,0,0,10
20260930-234618,382.71,Vloxx,81053,6.7,11770,16900,345,1,0,179,0,1,9
20260930-234618,382.79,Vloxx,81053,6.8,11930,17590,435,1,0,179,0,1,9
20260930-234618,382.82,Vloxx,81053,6.8,12340,17190,165,1,0,179,0,1,9
20260930-234618,383.23,Vloxx,81053,7.2,12330,16830,255,1,0,179,0,1,0
20260930-234618,383.30,Vloxx,81053,7.3,11560,17160,345,1,0,179,0,1,0
20260930-234618,383.74,Vloxx,81053,7.8,12390,17400,165,1,0,179,0,1,7
20260930-234618,383.82,Vloxx,81053,7.8,11980,16790,255,1,0,179,0,1,7
20260930-234618,384.35,Vloxx,81053,8.4,12360,17210,165,1,0,180,0,1,5
20260930-234618,384.66,Vloxx,81053,8.7,11880,17290,75,0,,,,,0
20260930-234618,384.86,Vloxx,81053,8.9,11630,17230,75,0,,,,,0
20260930-234618,385.06,Vloxx,81053,9.1,11390,17160,75,0,,,,,0
20260930-234618,385.26,Vloxx,81053,9.3,11150,17100,75,0,,,,,0
20260930-234618,385.47,Vloxx,81053,9.5,10910,17040,75,0,,,,,0
20260930-234618,385.66,Vloxx,81053,9.7,10670,16970,75,0,,,,,0
20260930-234618,385.87,Vloxx,81053,9.9,10420,16910,75,0,,,,,0
20260930-234618,386.06,Vloxx,81053,10.1,10180,16850,75,0,,,,,0
20260930-234618,390.22,Aspect of the Sword,,,12170,17520,68,0,,,,,0
20260930-234618,390.42,Aspect of the Sword,,,11940,17430,68,0,,,,,0
20260930-234618,390.62,Aspect of the Sword,,,11710,17330,68,0,,,,,0
20260930-234618,390.82,Aspect of the Sword,,,11480,17240,68,0,,,,,0
20260930-234618,391.02,Aspect of the Sword,,,11250,17140,68,0,,,,,0
20260930-234618,391.22,Aspect of the Sword,,,11010,17050,68,0,,,,,0
20260930-234618,405.74,Aspect of the Sword,81326,8.0,12230,15750,16,0,,,,,0
20260930-234618,405.95,Aspect of the Sword,81326,8.2,12160,15510,16,0,,,,,0
20260930-234618,406.15,Aspect of the Sword,81326,8.4,12090,15270,16,0,,,,,0
20260930-234618,406.34,Aspect of the Sword,81326,8.6,12020,15030,16,0,,,,,0
20260930-234618,406.55,Aspect of the Sword,81326,8.8,11950,14790,16,0,,,,,0
20260930-234618,406.74,Aspect of the Sword,81326,9.0,11880,14550,16,0,,,,,0
20260930-234618,408.75,Vloxx,81053,4.8,12260,15440,250,1,0,-180,0,0,4
20260930-234618,409.26,Vloxx,81053,5.3,11740,15220,160,1,0,-180,0,0,7
20260930-234618,409.26,Vloxx,81053,5.3,12290,15270,250,1,0,-180,0,0,7
20260930-234618,409.78,Vloxx,81053,5.8,12210,15830,160,1,0,-180,0,0,0
20260930-234618,409.78,Vloxx,81053,5.8,11960,14700,70,1,0,180,0,0,0
20260930-234618,410.19,Vloxx,81053,6.2,12250,15440,250,1,0,-180,0,0,4
20260930-234618,410.30,Vloxx,81053,6.3,11650,15750,57,1,0,167,1,0,4
20260930-234618,410.30,Vloxx,81053,6.3,12480,14920,-33,1,0,167,1,0,4
20260930-234618,410.71,Vloxx,81053,6.7,11760,15150,147,1,0,167,1,13,9
20260930-234618,410.78,Vloxx,81053,6.8,12150,15300,237,1,0,167,1,13,10
20260930-234618,410.82,Vloxx,81053,6.8,11730,15190,-33,1,0,167,1,13,10
20260930-234618,411.22,Vloxx,81053,7.2,12050,14660,57,1,0,167,1,13,5
20260930-234618,411.31,Vloxx,81053,7.3,12680,15090,147,1,0,167,1,13,5
20260930-234618,411.74,Vloxx,81053,7.8,12540,14950,-33,1,0,167,1,13,3
20260930-234618,411.83,Vloxx,81053,7.8,12880,15620,57,1,0,167,1,13,3
20260930-234618,412.35,Vloxx,81053,8.4,12360,15820,-3,1,0,-150,1,13,6
20260930-234618,414.66,Vloxx,81053,10.7,12290,15330,-93,0,,,,,0
20260930-234618,414.87,Vloxx,81053,10.9,12540,15350,-93,0,,,,,0
20260930-234618,415.06,Vloxx,81053,11.1,12790,15360,-93,0,,,,,0
20260930-234618,415.26,Vloxx,81053,11.3,13040,15380,-93,0,,,,,0
20260930-234618,415.46,Vloxx,81053,11.5,13290,15390,-93,0,,,,,0
20260930-234618,415.66,Vloxx,81053,11.7,13540,15410,-93,0,,,,,0
20260930-234618,415.86,Vloxx,81053,11.9,13790,15420,-93,0,,,,,0
20260930-234618,416.07,Vloxx,,,14040,15440,-93,0,,,,,0
20260930-234618,421.86,Aspect of the Sword,,,11960,15560,-26,0,,,,,0
20260930-234618,422.06,Aspect of the Sword,,,12070,15330,-26,0,,,,,0
20260930-234618,422.26,Aspect of the Sword,,,12180,15110,-26,0,,,,,0
20260930-234618,422.46,Aspect of the Sword,,,12280,14880,-26,0,,,,,0
20260930-234618,422.67,Aspect of the Sword,,,12390,14660,-26,0,,,,,0
20260930-234618,422.86,Aspect of the Sword,,,12500,14430,-26,0,,,,,0
20260930-234618,430.02,Vloxx,81053,4.8,12310,15230,413,1,0,180,0,0,3
20260930-234618,430.55,Vloxx,81053,5.3,12140,15440,413,1,0,180,0,0,7
20260930-234618,430.55,Vloxx,81053,5.3,12380,15790,323,1,0,180,0,0,7
20260930-234618,431.07,Vloxx,81053,5.8,12370,15950,323,1,0,180,0,0,2
20260930-234618,431.07,Vloxx,81053,5.8,11820,15860,233,1,0,-180,0,0,2
20260930-234618,431.46,Vloxx,81053,6.2,12130,15450,413,1,0,180,0,0,9
20260930-234618,431.58,Vloxx,81053,6.3,11750,15300,143,1,0,-180,0,0,9
20260930-234618,431.58,Vloxx,81053,6.3,11850,16180,233,1,0,-180,0,0,9
20260930-234618,431.98,Vloxx,81053,6.7,12210,16010,13,1,0,-130,1,-50,8
20260930-234618,432.06,Vloxx,81053,6.8,12100,15440,103,1,0,-130,1,-50,8
20260930-234618,432.11,Vloxx,81053,6.8,11620,15670,-167,1,0,-130,1,-50,8
20260930-234618,432.50,Vloxx,81053,7.2,11650,16090,-77,1,0,-130,1,-50,5
20260930-234618,432.58,Vloxx,81053,7.3,11550,15320,13,1,0,-130,1,-50,5
20260930-234618,433.02,Vloxx,81053,7.8,11570,15530,-167,1,0,-130,1,-50,6
20260930-234618,433.10,Vloxx,81053,7.8,11670,14770,-77,1,0,-130,1,-50,6
20260930-234618,433.62,Vloxx,81053,8.4,12220,14880,-167,1,0,180,0,-50,2
20260930-234618,433.99,Vloxx,81053,8.7,12050,15480,-257,0,,,,,0
20260930-234618,434.19,Vloxx,81053,8.9,11810,15540,-257,0,,,,,0
20260930-234618,434.38,Vloxx,81053,9.1,11560,15590,-257,0,,,,,0
20260930-234618,434.58,Vloxx,81053,9.3,11320,15650,-257,0,,,,,0
20260930-234618,434.78,Vloxx,81053,9.5,11080,15700,-257,0,,,,,0
20260930-234618,434.98,Vloxx,81053,9.7,10830,15760,-257,0,,,,,0
20260930-234618,435.18,Vloxx,81053,9.9,10590,15820,-257,0,,,,,0
20260930-234618,435.38,Vloxx,81053,10.1,10340,15870,-257,0,,,,,0
20260930-234618,443.03,Vloxx,,,12070,15520,-224,0,,,,,0
20260930-234618,443.23,Vloxx,,,11900,15700,-224,0,,,,,0
20260930-234618,443.43,Vloxx,,,11720,15880,-224,0,,,,,0
20260930-234618,443.62,Vloxx,,,11550,16060,-224,0,,,,,0
20260930-234618,443.82,Vloxx,,,11370,16240,-224,0,,,,,0
20260930-234618,444.02,Vloxx,,,11200,16420,-224,0,,,,,0
20260930-234618,444.23,Vloxx,,,11030,16600,-224,0,,,,,0
20260930-234618,444.42,Vloxx,,,10850,16780,-224,0,,,,,0
20260930-234618,497.14,Aspect of the Sword,81326,5.1,12760,15450,48,0,,,,,7
20260930-234618,497.30,Vloxx,,,12180,15150,270,1,0,180,0,0,3
20260930-234618,497.30,Vloxx,,,12320,15260,270,1,0,180,0,0,3
20260930-234618,497.30,Vloxx,,,12230,15320,270,1,0,180,0,0,3
20260930-234618,497.34,Aspect of the Sword,81326,5.3,12570,15280,48,0,,,,,0
20260930-234618,497.55,Aspect of the Sword,81326,5.5,12390,15110,48,0,,,,,2
20260930-234618,497.74,Aspect of the Sword,81326,5.7,12200,14950,48,0,,,,,0
20260930-234618,497.82,Vloxx,,,12660,15440,180,1,0,-180,0,0,8
20260930-234618,497.82,Vloxx,,,12130,14760,180,1,0,-180,0,0,8
20260930-234618,497.82,Vloxx,,,12220,15820,180,1,0,-180,0,0,8
20260930-234618,497.94,Aspect of the Sword,81326,5.9,12020,14780,48,0,,,,,0
20260930-234618,498.14,Aspect of the Sword,81326,6.1,11840,14610,48,0,,,,,0
20260930-234618,498.34,Vloxx,,,11660,15720,90,1,0,-180,0,0,0
20260930-234618,498.34,Vloxx,,,12680,14670,90,1,0,-180,0,0,0
20260930-234618,498.34,Vloxx,,,12370,15920,90,1,0,-180,0,0,0
20260930-234618,498.86,Vloxx,,,11890,15630,0,1,0,-180,0,0,10
20260930-234618,498.86,Vloxx,,,11760,15160,0,1,0,-180,0,0,10
20260930-234618,498.86,Vloxx,,,12780,15220,0,1,0,-180,0,0,10
20260930-234618,512.31,Vloxx,,,12310,15320,270,1,0,180,0,0,7
20260930-234618,512.31,Vloxx,,,12270,15320,270,1,0,180,0,0,7
20260930-234618,512.31,Vloxx,,,12030,15360,270,1,0,180,0,0,7
20260930-234618,512.70,Aspect of the Sword,,,12310,15470,-37,0,,,,,0
20260930-234618,512.82,Vloxx,,,12680,14900,180,1,0,-180,0,0,4
20260930-234618,512.82,Vloxx,,,12640,14900,180,1,0,-180,0,0,4
20260930-234618,512.82,Vloxx,,,12350,14900,180,1,0,-180,0,0,4
20260930-234618,512.90,Aspect of the Sword,,,12460,15270,-37,0,,,,,0
20260930-234618,513.10,Aspect of the Sword,,,12610,15070,-37,0,,,,,0
20260930-234618,513.30,Aspect of the Sword,,,12760,14870,-37,0,,,,,0
20260930-234618,513.34,Vloxx,,,12810,15220,90,1,0,-180,0,0,0
20260930-234618,513.34,Vloxx,,,13070,15270,90,1,0,-180,0,0,0
20260930-234618,513.34,Vloxx,,,13110,15270,90,1,0,-180,0,0,0
20260930-234618,513.50,Aspect of the Sword,,,12910,14670,-37,0,,,,,0
20260930-234618,513.70,Aspect of the Sword,,,13060,14470,-37,0,,,,,0
20260930-234618,513.87,Vloxx,,,12700,15690,0,1,0,-180,0,0,0
20260930-234618,513.87,Vloxx,,,12490,15680,0,1,0,-180,0,0,0
20260930-234618,513.87,Vloxx,,,12740,15690,0,1,0,-180,0,0,0
20260930-234618,527.30,Vloxx,,,12290,15370,270,1,0,180,0,0,3
20260930-234618,527.30,Vloxx,,,12200,15500,270,1,0,180,0,0,3
20260930-234618,527.30,Vloxx,,,12510,15180,270,1,0,180,0,0,3
20260930-234618,527.82,Vloxx,,,12690,14640,180,1,0,-180,0,0,6
20260930-234618,527.82,Vloxx,,,11850,15050,180,1,0,-180,0,0,6
20260930-234618,527.82,Vloxx,,,11750,15530,180,1,0,-180,0,0,6
20260930-234618,528.34,Vloxx,,,12290,14700,90,1,0,-180,0,0,0
20260930-234618,528.34,Vloxx,,,13230,14810,90,1,0,-180,0,0,0
20260930-234618,528.34,Vloxx,,,11590,14990,90,1,0,-180,0,0,0
20260930-234618,528.42,Aspect of the Sword,81326,5.8,12170,14790,-122,0,,,,,0
20260930-234618,528.62,Aspect of the Sword,81326,6.0,12380,14920,-122,0,,,,,0
20260930-234618,528.82,Aspect of the Sword,81326,6.2,12590,15060,-122,0,,,,,0
20260930-234618,528.86,Vloxx,,,12130,14830,0,1,0,-180,0,0,1
20260930-234618,528.86,Vloxx,,,12640,15140,0,1,0,-180,0,0,1
20260930-234618,528.86,Vloxx,,,13050,15350,0,1,0,-180,0,0,1
20260930-234618,529.02,Aspect of the Sword,81326,6.4,12800,15190,-122,0,,,,,0
20260930-234618,529.22,Aspect of the Sword,81326,6.6,13020,15320,-122,0,,,,,0
20260930-234618,529.41,Aspect of the Sword,81326,6.8,13230,15460,-122,0,,,,,0
20260930-234618,542.31,Vloxx,,,12140,15360,270,1,0,180,0,0,7
20260930-234618,542.31,Vloxx,,,12190,15310,270,1,0,180,0,0,7
20260930-234618,542.31,Vloxx,,,12010,15310,270,1,0,180,0,0,7
20260930-234618,542.82,Vloxx,,,12360,14840,180,1,0,-180,0,0,5
20260930-234618,542.82,Vloxx,,,11640,15440,180,1,0,-180,0,0,5
20260930-234618,542.82,Vloxx,,,12450,14950,180,1,0,-180,0,0,5
20260930-234618,543.34,Vloxx,,,12810,15390,90,1,0,-180,0,0,6
20260930-234618,543.34,Vloxx,,,11500,14900,90,1,0,-180,0,0,6
20260930-234618,543.34,Vloxx,,,12880,15060,90,1,0,-180,0,0,6
20260930-234618,543.86,Vloxx,,,12660,15580,0,1,0,-180,0,0,6
20260930-234618,543.86,Vloxx,,,12050,14760,0,1,0,-180,0,0,6
20260930-234618,543.86,Vloxx,,,12370,15750,0,1,0,-180,0,0,6
20260930-234618,544.01,Aspect of the Sword,,,12250,15100,-135,0,,,,,0
20260930-234618,544.22,Aspect of the Sword,,,12430,15280,-135,0,,,,,0
20260930-234618,544.42,Aspect of the Sword,,,12600,15450,-135,0,,,,,0
20260930-234618,544.62,Aspect of the Sword,,,12780,15630,-135,0,,,,,0
20260930-234618,544.82,Aspect of the Sword,,,12960,15810,-135,0,,,,,0
20260930-234618,545.02,Aspect of the Sword,,,13130,15980,-135,0,,,,,0
20261001-195456,284.23,Aspect of the Sword,81326,5.1,12970,15730,-248,0,,,,,0
20261001-195456,284.43,Aspect of the Sword,81326,5.3,12730,15820,-248,0,,,,,0
20261001-195456,284.63,Aspect of the Sword,81326,5.5,12500,15910,-248,0,,,,,1
20261001-195456,284.83,Aspect of the Sword,81326,5.7,12270,16010,-248,0,,,,,0
20261001-195456,285.03,Aspect of the Sword,81326,5.9,12040,16100,-248,0,,,,,0
20261001-195456,285.23,Aspect of the Sword,81326,6.1,11810,16200,-248,0,,,,,0
20261001-195456,299.67,Aspect of the Sword,,,12990,15760,-217,0,,,,,0
20261001-195456,299.87,Aspect of the Sword,,,12840,15960,-217,0,,,,,0
20261001-195456,300.07,Aspect of the Sword,,,12690,16160,-217,0,,,,,0
20261001-195456,300.27,Aspect of the Sword,,,12550,16360,-217,0,,,,,0
20261001-195456,300.47,Aspect of the Sword,,,12400,16560,-217,0,,,,,0
20261001-195456,300.67,Aspect of the Sword,,,12250,16760,-217,0,,,,,0
20261001-195456,315.26,Aspect of the Sword,81326,6.6,12700,15460,63,0,,,,,0
20261001-195456,315.47,Aspect of the Sword,81326,6.8,12480,15340,63,0,,,,,0
20261001-195456,315.67,Aspect of the Sword,81326,7.0,12260,15230,63,0,,,,,0
20261001-195456,315.87,Aspect of the Sword,81326,7.2,12030,15120,63,0,,,,,0
20261001-195456,316.06,Aspect of the Sword,81326,7.4,11810,15000,63,0,,,,,0
20261001-195456,316.26,Aspect of the Sword,81326,7.6,11590,14890,63,0,,,,,0
20261001-195456,331.31,Aspect of the Sword,,,12220,15470,5,0,,,,,0
20261001-195456,331.51,Aspect of the Sword,,,12200,15220,5,0,,,,,0
20261001-195456,331.70,Aspect of the Sword,,,12180,14970,5,0,,,,,0
20261001-195456,331.90,Aspect of the Sword,,,12160,14720,5,0,,,,,0
20261001-195456,332.11,Aspect of the Sword,,,12130,14470,5,0,,,,,0
20261001-195456,332.31,Aspect of the Sword,,,12110,14220,5,0,,,,,0
20261001-195456,342.55,Vloxx,81053,4.8,11030,17100,268,1,0,180,0,0,10
20261001-195456,343.07,Vloxx,81053,5.3,11040,17100,268,1,0,180,0,0,9
20261001-195456,343.07,Vloxx,81053,5.3,11460,16730,178,1,0,-180,0,0,9
20261001-195456,343.58,Vloxx,81053,5.8,11540,16830,178,1,0,-180,0,0,2
20261001-195456,343.58,Vloxx,81053,5.8,11830,17160,88,1,0,-180,0,0,2
20261001-195456,343.98,Vloxx,81053,6.2,11000,17020,268,1,0,180,0,0,3
20261001-195456,344.11,Vloxx,81053,6.3,11410,17530,-2,1,0,-180,0,0,6
20261001-195456,344.11,Vloxx,81053,6.3,11810,17330,88,1,0,-180,0,0,6
20261001-195456,344.51,Vloxx,81053,6.7,11560,17130,178,1,0,-180,0,0,3
20261001-195456,344.59,Vloxx,81053,6.8,11010,17040,268,1,0,180,0,0,3
20261001-195456,344.63,Vloxx,81053,6.8,11310,17600,-2,1,0,-180,0,0,3
20261001-195456,345.03,Vloxx,81053,7.2,11450,17690,88,1,0,-180,0,0,2
20261001-195456,345.11,Vloxx,81053,7.3,11570,17150,178,1,0,-180,0,0,2
20261001-195456,345.55,Vloxx,81053,7.8,10900,17580,169,1,0,-9,1,0,0
20261001-195456,345.62,Vloxx,81053,7.8,11450,17700,259,1,0,-9,1,-171,0
20261001-195456,346.15,Vloxx,81053,8.4,10900,17590,169,1,0,-9,1,-171,0
20261001-195456,347.06,Aspect of the Sword,81326,8.4,11710,16570,-232,0,,,,,0
20261001-195456,347.27,Aspect of the Sword,81326,8.6,11510,16720,-232,0,,,,,0
20261001-195456,347.46,Aspect of the Sword,81326,8.8,11320,16880,-232,0,,,,,0
20261001-195456,347.67,Aspect of the Sword,81326,9.0,11120,17030,-232,0,,,,,0
20261001-195456,347.87,Aspect of the Sword,81326,9.2,10920,17190,-232,0,,,,,0
20261001-195456,348.06,Aspect of the Sword,81326,9.4,10730,17340,-232,0,,,,,0
20261001-195456,349.82,Vloxx,,,11070,17030,-10,0,,,,,0
20261001-195456,350.03,Vloxx,,,11120,16790,-10,0,,,,,0
20261001-195456,350.22,Vloxx,,,11160,16540,-10,0,,,,,0
20261001-195456,350.42,Vloxx,,,11200,16290,-10,0,,,,,0
20261001-195456,350.62,Vloxx,,,11250,16050,-10,0,,,,,0
20261001-195456,350.83,Vloxx,,,11290,15800,-10,0,,,,,0
20261001-195456,351.03,Vloxx,,,11330,15550,-10,0,,,,,0
20261001-195456,351.23,Vloxx,,,11380,15310,-10,0,,,,,0
20261001-195456,362.38,Aspect of the Sword,,,11320,16810,-219,0,,,,,0
20261001-195456,362.59,Aspect of the Sword,,,11160,17000,-219,0,,,,,0
20261001-195456,362.79,Aspect of the Sword,,,11000,17190,-219,0,,,,,0
20261001-195456,362.98,Aspect of the Sword,,,10850,17390,-219,0,,,,,0
20261001-195456,363.15,Vloxx,81053,4.8,10930,16900,349,1,0,180,0,0,0
20261001-195456,363.18,Aspect of the Sword,,,10690,17580,-219,0,,,,,0
20261001-195456,363.38,Aspect of the Sword,,,10530,17780,-219,0,,,,,0
20261001-195456,363.67,Vloxx,81053,5.3,11480,17020,259,1,0,180,0,0,0
20261001-195456,363.67,Vloxx,81053,5.3,11030,16810,349,1,0,180,0,0,0
20261001-195456,364.18,Vloxx,81053,5.8,11470,17160,259,1,0,180,0,0,0
20261001-195456,364.18,Vloxx,81053,5.8,11360,17580,169,1,0,-180,0,0,0
20261001-195456,364.59,Vloxx,81053,6.2,11110,16910,349,1,0,180,0,0,0
20261001-195456,364.71,Vloxx,81053,6.3,11110,17600,169,1,0,-180,0,0,0
20261001-195456,364.71,Vloxx,81053,6.3,10810,17450,79,1,0,-180,0,0,0
20261001-195456,365.11,Vloxx,81053,6.7,11390,17410,259,1,0,180,0,0,0
20261001-195456,365.19,Vloxx,81053,6.8,11090,16920,349,1,0,180,0,0,0
20261001-195456,365.23,Vloxx,81053,6.8,10670,17250,79,1,0,-180,0,0,0
20261001-195456,365.63,Vloxx,81053,7.2,10900,17680,169,1,0,-180,0,0,0
20261001-195456,365.71,Vloxx,81053,7.3,11420,17380,259,1,0,180,0,0,0
20261001-195456,366.15,Vloxx,81053,7.8,10620,17190,79,1,0,-180,0,0,4
20261001-195456,366.23,Vloxx,81053,7.8,10960,17710,21,1,0,32,1,0,4
20261001-195456,366.74,Vloxx,81053,8.4,10630,17250,-69,1,0,32,1,148,5
20261001-195456,368.55,Vloxx,81053,10.2,11090,17180,-159,0,,,,,0
20261001-195456,368.74,Vloxx,81053,10.4,11170,17410,-159,0,,,,,0
20261001-195456,368.95,Vloxx,81053,10.6,11260,17640,-159,0,,,,,0
20261001-195456,369.14,Vloxx,81053,10.7,11350,17880,-159,0,,,,,0
20261001-195456,369.34,Vloxx,81053,11.0,11440,18110,-159,0,,,,,0
20261001-195456,369.54,Vloxx,81053,11.1,11530,18340,-159,0,,,,,0
20261001-195456,369.74,Vloxx,81053,11.3,11620,18580,-159,0,,,,,0
20261001-195456,369.94,Vloxx,81053,11.6,11710,18810,-173,0,,,,,0
20261001-195456,379.46,Vloxx,81053,4.8,11060,17110,385,1,0,-180,0,0,7
20261001-195456,379.99,Vloxx,81053,5.3,10720,16650,295,1,0,-180,0,0,10
20261001-195456,379.99,Vloxx,81053,5.3,11170,17230,385,1,0,-180,0,0,10
20261001-195456,380.51,Vloxx,81053,5.8,10600,17200,295,1,0,-180,0,0,7
20261001-195456,380.51,Vloxx,81053,5.8,11180,16320,205,1,0,180,0,0,7
20261001-195456,380.91,Vloxx,81053,6.2,10840,17100,385,1,0,-180,0,0,10
20261001-195456,381.03,Vloxx,81053,6.3,10630,16630,172,1,0,147,1,33,10
20261001-195456,381.03,Vloxx,81053,6.3,11510,16770,82,1,0,147,1,33,10
20261001-195456,381.42,Vloxx,81053,6.7,11260,16710,262,1,0,147,1,33,10
20261001-195456,381.51,Vloxx,81053,6.8,10900,17080,352,1,0,147,1,33,10
20261001-195456,381.55,Vloxx,81053,6.8,11200,16660,82,1,0,147,1,33,9
20261001-195456,381.94,Vloxx,81053,7.2,11640,17130,172,1,0,147,1,33,3
20261001-195456,382.03,Vloxx,81053,7.3,11360,16750,262,1,0,147,1,33,3
20261001-195456,382.47,Vloxx,81053,7.8,11220,17510,82,1,0,147,1,33,1
20261001-195456,382.55,Vloxx,81053,7.8,11690,17210,172,1,0,147,1,33,1
20261001-195456,383.06,Vloxx,81053,8.4,11230,17540,82,1,0,-180,0,0,3
20261001-195456,391.99,Vloxx,,,11100,17170,-148,0,,,,,0
20261001-195456,392.18,Vloxx,,,11230,17380,-148,0,,,,,0
20261001-195456,392.39,Vloxx,,,11360,17590,-148,0,,,,,0
20261001-195456,392.58,Vloxx,,,11490,17810,-148,0,,,,,0
20261001-195456,392.78,Vloxx,,,11620,18020,-148,0,,,,,0
20261001-195456,392.98,Vloxx,,,11760,18230,-148,0,,,,,0
20261001-195456,393.18,Vloxx,,,11890,18450,-148,0,,,,,0
20261001-195456,393.38,Vloxx,81053,0.1,12020,18660,-120,0,,,,,0
20261001-195456,398.03,Vloxx,81053,4.8,11030,17140,240,1,0,-180,0,0,6
20261001-195456,398.54,Vloxx,81053,5.3,11010,16580,150,1,0,-180,0,0,10
20261001-195456,398.54,Vloxx,81053,5.3,10910,17130,240,1,0,-180,0,0,10
20261001-195456,399.06,Vloxx,81053,5.8,11230,16670,150,1,0,-180,0,0,8
20261001-195456,399.06,Vloxx,81053,5.8,11580,16560,60,1,0,-180,0,0,8
20261001-195456,399.46,Vloxx,81053,6.2,11140,17250,240,1,0,-180,0,0,4
20261001-195456,399.58,Vloxx,81053,6.3,11700,16980,163,1,0,-77,1,0,4
20261001-195456,399.58,Vloxx,81053,6.3,11590,17130,73,1,0,-77,1,0,4
20261001-195456,399.98,Vloxx,81053,6.7,10600,17110,253,1,0,-77,1,-103,10
20261001-195456,400.06,Vloxx,81053,6.8,10940,17270,343,1,0,-77,1,-103,10
20261001-195456,400.11,Vloxx,81053,6.8,11380,17450,73,1,0,-77,1,-103,10
20261001-195456,400.51,Vloxx,81053,7.2,10750,16560,163,1,0,-77,1,-103,7
20261001-195456,400.58,Vloxx,81053,7.3,10850,16710,253,1,0,-77,1,-103,7
20261001-195456,401.02,Vloxx,81053,7.8,11290,16710,73,1,0,-77,1,-103,4
20261001-195456,401.11,Vloxx,81053,7.8,11410,16620,163,1,0,-77,1,-103,4
20261001-195456,401.63,Vloxx,81053,8.4,11500,17170,73,1,0,-180,0,0,6
20261001-195456,401.91,Vloxx,81053,8.6,11080,17030,-17,0,,,,,0
20261001-195456,402.11,Vloxx,81053,8.8,11150,16790,-17,0,,,,,0
20261001-195456,402.30,Vloxx,81053,9.0,11230,16560,-17,0,,,,,0
20261001-195456,402.50,Vloxx,81053,9.2,11300,16320,-17,0,,,,,0
20261001-195456,402.71,Vloxx,81053,9.4,11370,16080,-17,0,,,,,0
20261001-195456,402.90,Vloxx,81053,9.6,11440,15840,-17,0,,,,,0
20261001-195456,403.11,Vloxx,81053,9.8,11520,15600,-17,0,,,,,0
20261001-195456,403.30,Vloxx,81053,10.0,11590,15360,-17,0,,,,,0
20261001-195456,421.43,Aspect of the Sword,81326,5.1,12730,15650,-256,0,,,,,0
20261001-195456,421.63,Aspect of the Sword,81326,5.3,12490,15710,-256,0,,,,,0
20261001-195456,421.83,Aspect of the Sword,81326,5.5,12250,15770,-256,0,,,,,7
20261001-195456,422.03,Aspect of the Sword,81326,5.7,12010,15830,-256,0,,,,,0
20261001-195456,422.22,Aspect of the Sword,81326,5.9,11760,15890,-256,0,,,,,0
20261001-195456,422.43,Aspect of the Sword,81326,6.1,11520,15960,-256,0,,,,,0
20261001-195456,426.31,Vloxx,81053,4.8,12260,15610,167,1,0,-180,0,0,4
20261001-195456,426.82,Vloxx,81053,5.3,12170,15580,167,1,0,-180,0,0,4
20261001-195456,426.82,Vloxx,81053,5.3,11710,15480,77,1,0,-180,0,0,4
20261001-195456,427.34,Vloxx,81053,5.8,11850,14930,-13,1,0,-180,0,0,0
20261001-195456,427.34,Vloxx,81053,5.8,11730,15220,77,1,0,-180,0,0,0
20261001-195456,427.74,Vloxx,81053,6.2,12150,15450,167,1,0,-180,0,0,7
20261001-195456,427.86,Vloxx,81053,6.3,12090,14780,-15,1,0,177,0,3,7
20261001-195456,427.86,Vloxx,81053,6.3,12400,15060,-105,1,0,177,0,3,7
20261001-195456,428.26,Vloxx,81053,6.7,12500,15890,75,1,0,177,0,3,8
20261001-195456,428.34,Vloxx,81053,6.8,12170,15360,165,1,0,177,0,3,8
20261001-195456,428.39,Vloxx,81053,6.8,12530,15150,-105,1,0,177,0,3,8
20261001-195456,428.78,Vloxx,81053,7.2,12060,16250,-15,1,0,177,0,3,7
20261001-195456,428.86,Vloxx,81053,7.3,12460,15840,75,1,0,177,0,3,7
20261001-195456,429.30,Vloxx,81053,7.8,11710,15800,-105,1,0,177,0,3,4
20261001-195456,429.39,Vloxx,81053,7.8,11980,16130,-15,1,0,177,0,3,4
20261001-195456,429.90,Vloxx,81053,8.4,11690,15650,-105,1,0,-180,0,0,3
20261001-195456,432.35,Vloxx,81053,10.8,12200,15490,-141,0,,,,,0
20261001-195456,432.54,Vloxx,81053,11.0,12360,15680,-141,0,,,,,0
20261001-195456,432.74,Vloxx,81053,11.2,12510,15880,-141,0,,,,,0
20261001-195456,432.95,Vloxx,81053,11.4,12670,16070,-141,0,,,,,0
20261001-195456,433.14,Vloxx,81053,11.6,12830,16270,-141,0,,,,,0
20261001-195456,433.34,Vloxx,81053,11.8,12980,16460,-141,0,,,,,0
20261001-195456,433.54,Vloxx,81053,12.0,13140,16650,-141,0,,,,,0
20261001-195456,433.74,Vloxx,,,13300,16850,-141,0,,,,,0
20261001-195456,437.14,Aspect of the Sword,,,12240,15010,-137,0,,,,,0
20261001-195456,437.34,Aspect of the Sword,,,12410,15190,-137,0,,,,,0
20261001-195456,437.54,Aspect of the Sword,,,12580,15370,-137,0,,,,,0
20261001-195456,437.74,Aspect of the Sword,,,12750,15550,-137,0,,,,,0
20261001-195456,437.94,Aspect of the Sword,,,12930,15730,-137,0,,,,,0
20261001-195456,438.14,Aspect of the Sword,,,13100,15920,-137,0,,,,,0
20261001-195456,447.22,Vloxx,81053,4.8,12210,15380,432,1,0,-180,0,0,10
20261001-195456,447.75,Vloxx,81053,5.3,12280,15470,432,1,0,-180,0,0,9
20261001-195456,447.75,Vloxx,81053,5.3,12140,15940,342,1,0,-180,0,0,9
20261001-195456,448.26,Vloxx,81053,5.8,11790,15740,342,1,0,-180,0,0,7
20261001-195456,448.27,Vloxx,81053,5.8,11580,15870,252,1,0,180,0,0,7
20261001-195456,448.66,Vloxx,81053,6.2,12250,15200,432,1,0,-180,0,0,8
20261001-195456,448.79,Vloxx,81053,6.3,11510,15250,251,1,0,178,0,0,9
20261001-195456,448.79,Vloxx,81053,6.3,11650,15310,161,1,0,178,0,0,9
20261001-195456,449.18,Vloxx,81053,6.7,12460,15720,341,1,0,178,0,2,10
20261001-195456,449.26,Vloxx,81053,6.8,12180,15440,431,1,0,178,0,2,10
20261001-195456,449.31,Vloxx,81053,6.8,12010,14970,161,1,0,178,0,2,10
20261001-195456,449.71,Vloxx,81053,7.2,11940,15940,251,1,0,178,0,2,7
20261001-195456,449.78,Vloxx,81053,7.3,11660,15670,341,1,0,178,0,2,7
20261001-195456,450.22,Vloxx,81053,7.8,11720,15420,161,1,0,178,0,2,8
20261001-195456,450.30,Vloxx,81053,7.8,11430,15150,251,1,0,178,0,2,8
20261001-195456,450.82,Vloxx,81053,8.4,11950,14920,161,1,0,-180,0,0,4
20261001-195456,451.14,Vloxx,81053,8.7,12080,15410,71,0,,,,,0
20261001-195456,451.34,Vloxx,81053,8.9,11840,15320,71,0,,,,,0
20261001-195456,451.54,Vloxx,81053,9.1,11610,15240,71,0,,,,,0
20261001-195456,451.74,Vloxx,81053,9.3,11370,15160,71,0,,,,,0
20261001-195456,451.95,Vloxx,81053,9.5,11140,15070,71,0,,,,,0
20261001-195456,452.14,Vloxx,81053,9.7,10900,14990,71,0,,,,,0
20261001-195456,452.34,Vloxx,81053,9.9,10660,14910,71,0,,,,,0
20261001-195456,452.46,Aspect of the Sword,81326,6.8,12050,15650,-218,0,,,,,0
20261001-195456,452.54,Vloxx,81053,10.1,10430,14830,71,0,,,,,0
20261001-195456,452.66,Aspect of the Sword,81326,7.0,11900,15850,-218,0,,,,,0
20261001-195456,452.86,Aspect of the Sword,81326,7.2,11750,16050,-218,0,,,,,0
20261001-195456,453.06,Aspect of the Sword,81326,7.4,11590,16240,-218,0,,,,,0
20261001-195456,453.26,Aspect of the Sword,81326,7.6,11440,16440,-218,0,,,,,0
20261001-195456,453.46,Aspect of the Sword,81326,7.8,11290,16640,-218,0,,,,,0
20261001-195456,460.66,Vloxx,,,12130,15500,-196,0,,,,,0
20261001-195456,460.86,Vloxx,,,12060,15740,-196,0,,,,,0
20261001-195456,461.06,Vloxx,,,12000,15980,-196,0,,,,,0
20261001-195456,461.26,Vloxx,,,11930,16220,-196,0,,,,,0
20261001-195456,461.46,Vloxx,,,11860,16460,-196,0,,,,,0
20261001-195456,461.66,Vloxx,,,11790,16710,-196,0,,,,,0
20261001-195456,461.87,Vloxx,,,11730,16950,-196,0,,,,,0
20261001-195456,462.06,Vloxx,,,11660,17190,-149,0,,,,,0
20261001-195456,516.90,Vloxx,,,12100,15590,270,1,0,180,0,0,0
20261001-195456,516.90,Vloxx,,,12190,15390,270,1,0,180,0,0,0
20261001-195456,516.90,Vloxx,,,12190,15390,270,1,0,180,0,0,0
20261001-195456,517.42,Vloxx,,,12370,15930,180,1,0,-180,0,0,1
20261001-195456,517.42,Vloxx,,,12380,15930,180,1,10,-180,0,0,1
20261001-195456,517.42,Vloxx,,,12280,16120,180,1,0,-180,0,0,1
20261001-195456,517.94,Vloxx,,,11840,16110,90,1,0,-180,0,0,5
20261001-195456,517.94,Vloxx,,,11750,16310,90,1,0,-180,0,0,5
20261001-195456,517.94,Vloxx,,,11840,16110,90,1,0,-180,0,0,5
20261001-195456,518.46,Vloxx,,,11560,15780,0,1,0,-180,0,0,1
20261001-195456,518.46,Vloxx,,,11650,15580,0,1,10,-180,0,0,1
20261001-195456,518.46,Vloxx,,,11660,15580,0,1,0,-180,0,0,1
20261001-195456,520.46,Aspect of the Sword,81326,5.2,12670,15640,-248,0,,,,,0
20261001-195456,520.66,Aspect of the Sword,81326,5.4,12440,15730,-248,0,,,,,0
20261001-195456,520.86,Aspect of the Sword,81326,5.6,12210,15820,-248,0,,,,,8
20261001-195456,521.06,Aspect of the Sword,81326,5.8,11970,15910,-248,0,,,,,0
20261001-195456,521.25,Aspect of the Sword,81326,6.0,11740,16010,-248,0,,,,,0
20261001-195456,521.46,Aspect of the Sword,81326,6.2,11510,16100,-248,0,,,,,0
20261001-195456,531.90,Vloxx,,,12340,15570,270,1,0,180,0,0,0
20261001-195456,532.42,Vloxx,,,12880,15750,180,1,0,-180,0,0,0
20261001-195456,532.94,Vloxx,,,12700,16280,90,1,0,-180,0,0,0
20261001-195456,533.46,Vloxx,,,12170,16110,0,1,0,-180,0,0,1
20261001-201030,280.91,Aspect of the Sword,81326,5.1,12960,15690,83,0,,,,,0
20261001-201030,281.11,Aspect of the Sword,81326,5.3,12710,15660,83,0,,,,,0
20261001-201030,281.32,Aspect of the Sword,81326,5.5,12470,15630,83,0,,,,,3
20261001-201030,281.51,Aspect of the Sword,81326,5.7,12220,15600,83,0,,,,,0
20261001-201030,281.71,Aspect of the Sword,81326,5.9,11970,15570,83,0,,,,,0
20261001-201030,281.91,Aspect of the Sword,81326,6.1,11720,15530,83,0,,,,,0
20261001-201030,296.19,Aspect of the Sword,,,12410,15760,-224,0,,,,,0
20261001-201030,296.39,Aspect of the Sword,,,12240,15940,-224,0,,,,,0
20261001-201030,296.59,Aspect of the Sword,,,12070,16120,-224,0,,,,,0
20261001-201030,296.79,Aspect of the Sword,,,11890,16300,-224,0,,,,,0
20261001-201030,297.00,Aspect of the Sword,,,11720,16480,-224,0,,,,,0
20261001-201030,297.19,Aspect of the Sword,,,11550,16660,-224,0,,,,,0
20261001-201030,313.51,Aspect of the Sword,81326,5.0,12310,15250,-192,0,,,,,3
20261001-201030,313.71,Aspect of the Sword,81326,5.2,12260,15490,-192,0,,,,,0
20261001-201030,313.91,Aspect of the Sword,81326,5.4,12200,15730,-192,0,,,,,4
20261001-201030,314.11,Aspect of the Sword,81326,5.6,12150,15980,-192,0,,,,,0
20261001-201030,314.31,Aspect of the Sword,81326,5.8,12090,16220,-192,0,,,,,0
20261001-201030,314.51,Aspect of the Sword,81326,6.0,12040,16470,-192,0,,,,,0
20261001-201030,324.95,Vloxx,81053,4.8,14150,15810,235,1,0,180,0,0,4
20261001-201030,325.47,Vloxx,81053,5.3,14570,16180,145,1,0,-180,0,0,1
20261001-201030,325.47,Vloxx,81053,5.3,14110,15990,235,1,0,180,0,0,1
20261001-201030,325.99,Vloxx,81053,5.8,14200,16610,55,1,0,-180,0,0,1
20261001-201030,325.99,Vloxx,81053,5.8,13840,15500,145,1,0,-180,0,0,1
20261001-201030,326.39,Vloxx,81053,6.2,14110,15910,235,1,0,180,0,0,3
20261001-201030,326.51,Vloxx,81053,6.3,13780,16230,-35,1,0,-180,0,0,3
20261001-201030,326.51,Vloxx,81053,6.3,14330,15220,55,1,0,-180,0,0,3
20261001-201030,326.91,Vloxx,81053,6.7,14020,15350,145,1,0,-180,0,0,8
20261001-201030,326.99,Vloxx,81053,6.8,14180,15850,235,1,0,180,0,0,8
20261001-201030,327.03,Vloxx,81053,6.8,14610,15720,-35,1,0,-180,0,0,8
20261001-201030,327.43,Vloxx,81053,7.2,14580,15260,55,1,0,-180,0,0,2
20261001-201030,327.51,Vloxx,81053,7.3,13910,16340,145,1,0,-180,0,0,2
20261001-201030,327.95,Vloxx,81053,7.8,14670,15820,-35,1,0,-180,0,0,5
20261001-201030,328.03,Vloxx,81053,7.8,13410,16070,55,1,0,-180,0,0,5
20261001-201030,328.55,Vloxx,81053,8.4,13690,15580,40,1,0,-104,1,-76,0
20261001-201030,332.55,Vloxx,,,14220,15830,-67,0,,,,,0
20261001-201030,332.74,Vloxx,,,14450,15730,-67,0,,,,,0
20261001-201030,332.95,Vloxx,,,14680,15640,-67,0,,,,,0
20261001-201030,333.14,Vloxx,,,14910,15540,-67,0,,,,,0
20261001-201030,333.35,Vloxx,,,15140,15440,-67,0,,,,,0
20261001-201030,333.55,Vloxx,,,15370,15350,-67,0,,,,,0
20261001-201030,333.75,Vloxx,,,15600,15250,-67,0,,,,,0
20261001-201030,333.94,Vloxx,,,15830,15150,-67,0,,,,,0
20261001-201030,345.27,Vloxx,81053,4.8,14360,15730,295,1,0,-180,0,0,0
20261001-201030,345.79,Vloxx,81053,5.3,13960,15810,295,1,0,-180,0,0,1
20261001-201030,345.79,Vloxx,81053,5.3,14220,16280,205,1,0,-180,0,0,1
20261001-201030,346.31,Vloxx,81053,5.8,13670,16150,115,1,0,-180,0,0,0
20261001-201030,346.31,Vloxx,81053,5.8,14430,15510,205,1,0,-180,0,0,0
20261001-201030,346.70,Vloxx,81053,6.2,14210,15630,295,1,0,-180,0,0,0
20261001-201030,346.83,Vloxx,81053,6.3,14740,15990,115,1,0,-180,0,0,0
20261001-201030,346.83,Vloxx,81053,6.3,13810,15600,25,1,0,180,0,0,0
20261001-201030,347.23,Vloxx,81053,6.7,14500,16120,205,1,0,-180,0,0,0
20261001-201030,347.31,Vloxx,81053,6.8,14270,15790,295,1,0,-180,0,0,9
20261001-201030,347.36,Vloxx,81053,6.8,14260,16290,25,1,0,180,0,0,9
20261001-201030,347.75,Vloxx,81053,7.2,14010,16400,115,1,0,-180,0,0,0
20261001-201030,347.82,Vloxx,81053,7.3,14110,16330,205,1,0,-180,0,0,0
20261001-201030,348.27,Vloxx,81053,7.8,13720,15920,-175,1,0,-20,1,0,8
20261001-201030,348.35,Vloxx,81053,7.8,13570,16170,-85,1,0,-20,1,-160,8
20261001-201030,348.87,Vloxx,81053,8.4,13730,15630,-175,1,0,-20,1,-160,10
20261001-201030,350.55,Vloxx,81053,10.0,14080,15870,-265,0,,,,,0
20261001-201030,350.75,Vloxx,81053,10.2,13830,15890,-265,0,,,,,0
20261001-201030,350.95,Vloxx,81053,10.4,13580,15910,-265,0,,,,,0
20261001-201030,351.15,Vloxx,81053,10.6,13330,15930,-265,0,,,,,0
20261001-201030,351.35,Vloxx,81053,10.8,13080,15950,-265,0,,,,,0
20261001-201030,351.55,Vloxx,81053,11.0,12830,15980,-265,0,,,,,0
20261001-201030,351.75,Vloxx,81053,11.2,12580,16000,-265,0,,,,,0
20261001-201030,351.95,Vloxx,81053,11.4,12330,16020,-206,0,,,,,0
20261001-201030,361.87,Vloxx,81053,4.8,14310,15920,155,1,0,-180,0,0,7
20261001-201030,362.39,Vloxx,81053,5.3,13790,16150,65,1,0,180,0,0,6
20261001-201030,362.39,Vloxx,81053,5.3,13980,15910,155,1,0,-180,0,0,6
20261001-201030,362.91,Vloxx,81053,5.8,14240,15410,65,1,0,180,0,0,2
20261001-201030,362.91,Vloxx,81053,5.8,13560,15630,-25,1,0,180,0,0,2
20261001-201030,363.31,Vloxx,81053,6.2,14220,15650,155,1,0,-180,0,0,7
20261001-201030,363.43,Vloxx,81053,6.3,14740,15660,-38,1,0,167,1,0,7
20261001-201030,363.43,Vloxx,81053,6.3,14080,15400,-128,1,0,167,1,0,7
20261001-201030,363.83,Vloxx,81053,6.7,14480,16150,52,1,0,167,1,13,10
20261001-201030,363.90,Vloxx,81053,6.8,14170,15810,142,1,0,167,1,13,10
20261001-201030,363.94,Vloxx,81053,6.8,14490,16170,-128,1,0,167,1,13,10
20261001-201030,364.35,Vloxx,81053,7.2,13970,16410,-38,1,0,167,1,13,4
20261001-201030,364.43,Vloxx,81053,7.3,14400,16330,52,1,0,167,1,13,4
20261001-201030,364.86,Vloxx,81053,7.8,13710,15910,-128,1,0,167,1,13,7
20261001-201030,364.95,Vloxx,81053,7.8,13880,16550,-38,1,0,167,1,13,7
20261001-201030,365.47,Vloxx,81053,8.4,13650,16040,-128,1,0,180,0,13,6
20261001-201030,374.87,Vloxx,,,14110,15790,28,0,,,,,0
20261001-201030,375.07,Vloxx,,,14000,15570,28,0,,,,,0
20261001-201030,375.27,Vloxx,,,13880,15350,28,0,,,,,0
20261001-201030,375.47,Vloxx,,,13760,15130,28,0,,,,,0
20261001-201030,375.67,Vloxx,,,13640,14910,28,0,,,,,0
20261001-201030,375.87,Vloxx,,,13520,14690,28,0,,,,,0
20261001-201030,376.07,Vloxx,,,13400,14470,28,0,,,,,0
20261001-201030,376.27,Vloxx,81053,0.0,13280,14250,19,0,,,,,0
20261001-201030,380.99,Vloxx,81053,4.8,14260,15950,379,1,0,180,0,0,6
20261001-201030,381.51,Vloxx,81053,5.3,13700,16000,289,1,0,180,0,0,9
20261001-201030,381.51,Vloxx,81053,5.3,14350,15630,379,1,0,180,0,0,9
20261001-201030,382.02,Vloxx,81053,5.8,13650,15440,199,1,0,-180,0,0,0
20261001-201030,382.02,Vloxx,81053,5.8,14390,16190,289,1,0,180,0,0,0
20261001-201030,382.43,Vloxx,81053,6.2,14270,15700,379,1,0,180,0,0,0
20261001-201030,382.55,Vloxx,81053,6.3,14210,15390,-118,1,0,-46,1,-134,10
20261001-201030,382.55,Vloxx,81053,6.3,13820,16230,-28,1,0,-46,1,-134,10
20261001-201030,382.94,Vloxx,81053,6.7,14350,16260,62,1,0,-46,1,-134,10
20261001-201030,383.02,Vloxx,81053,6.8,14330,15510,152,1,0,-47,1,-134,10
20261001-201030,383.07,Vloxx,81053,6.8,13790,15670,-118,1,0,-46,1,-134,9
20261001-201030,383.47,Vloxx,81053,7.2,13790,16340,-28,1,0,-46,1,-134,10
20261001-201030,383.55,Vloxx,81053,7.3,14500,16050,62,1,0,-46,1,-134,10
20261001-201030,383.99,Vloxx,81053,7.8,13710,15780,-118,1,0,-46,1,-134,10
20261001-201030,384.07,Vloxx,81053,7.8,13960,16220,-28,1,0,-46,1,-134,10
20261001-201030,384.58,Vloxx,81053,8.4,13790,15680,-118,1,0,180,0,0,10
20261001-201030,384.90,Vloxx,81053,8.7,14110,15920,-208,0,,,,,0
20261001-201030,385.10,Vloxx,81053,8.9,14000,16150,-208,0,,,,,0
20261001-201030,385.31,Vloxx,81053,9.1,13880,16370,-208,0,,,,,0
20261001-201030,385.46,Aspect of the Sword,81326,5.0,13110,15720,-106,0,,,,,2
20261001-201030,385.50,Vloxx,81053,9.3,13770,16590,-208,0,,,,,0
20261001-201030,385.67,Aspect of the Sword,81326,5.2,13350,15790,-106,0,,,,,0
20261001-201030,385.71,Vloxx,81053,9.5,13650,16810,-208,0,,,,,0
20261001-201030,385.87,Aspect of the Sword,81326,5.4,13590,15860,-106,0,,,,,5
20261001-201030,385.91,Vloxx,81053,9.7,13530,17030,-208,0,,,,,0
20261001-201030,386.07,Aspect of the Sword,81326,5.6,13830,15930,-106,0,,,,,0
20261001-201030,386.11,Vloxx,81053,9.9,13420,17250,-208,0,,,,,0
20261001-201030,386.27,Aspect of the Sword,81326,5.8,14070,16000,-106,0,,,,,0
20261001-201030,386.31,Vloxx,81053,10.1,13300,17470,-208,0,,,,,0
20261001-201030,386.47,Aspect of the Sword,81326,6.0,14310,16080,-106,0,,,,,0
20261001-201030,400.95,Aspect of the Sword,,,11960,15290,-37,0,,,,,0
20261001-201030,401.15,Aspect of the Sword,,,12110,15090,-37,0,,,,,0
20261001-201030,401.35,Aspect of the Sword,,,12270,14890,-37,0,,,,,0
20261001-201030,401.55,Aspect of the Sword,,,12420,14690,-37,0,,,,,0
20261001-201030,401.74,Aspect of the Sword,,,12570,14500,-37,0,,,,,0
20261001-201030,401.95,Aspect of the Sword,,,12720,14300,-37,0,,,,,0
20261001-201030,409.06,Vloxx,81053,4.8,12340,15060,309,1,0,-180,0,0,6
20261001-201030,409.59,Vloxx,81053,5.3,12060,14570,219,1,0,180,0,0,7
20261001-201030,409.59,Vloxx,81053,5.3,12290,14860,309,1,0,-180,0,0,7
20261001-201030,410.10,Vloxx,81053,5.8,12540,14280,129,1,0,180,0,0,3
20261001-201030,410.10,Vloxx,81053,5.8,12850,14810,219,1,0,180,0,0,3
20261001-201030,410.50,Vloxx,81053,6.2,12510,14900,309,1,0,-180,0,0,3
20261001-201030,410.62,Vloxx,81053,6.3,12830,14770,53,1,0,-166,1,0,7
20261001-201030,410.62,Vloxx,81053,6.3,12900,15370,143,1,0,-166,1,0,7
20261001-201030,411.03,Vloxx,81053,6.7,12240,15400,233,1,0,-166,1,-14,9
20261001-201030,411.11,Vloxx,81053,6.8,12370,14920,323,1,0,-166,1,-14,9
20261001-201030,411.15,Vloxx,81053,6.8,12340,15430,53,1,0,-166,1,-14,9
20261001-201030,411.54,Vloxx,81053,7.2,11740,15130,143,1,0,-166,1,-14,0
20261001-201030,411.63,Vloxx,81053,7.3,12870,15180,233,1,0,-166,1,-14,0
20261001-201030,412.07,Vloxx,81053,7.8,12010,14630,53,1,0,-166,1,-14,0
20261001-201030,412.14,Vloxx,81053,7.8,12610,15680,143,1,0,-166,1,-14,0
20261001-201030,412.67,Vloxx,81053,8.4,12110,15420,53,1,0,-180,0,-14,3
20261001-201030,415.07,Vloxx,81053,10.8,12420,14880,-37,0,,,,,0
20261001-201030,415.27,Vloxx,81053,11.0,12570,14680,-37,0,,,,,0
20261001-201030,415.46,Vloxx,81053,11.2,12720,14480,-37,0,,,,,0
20261001-201030,415.66,Vloxx,81053,11.4,12870,14280,-37,0,,,,,0
20261001-201030,415.86,Vloxx,81053,11.6,13020,14080,-37,0,,,,,0
20261001-201030,416.06,Vloxx,81053,11.8,13170,13880,-37,0,,,,,0
20261001-201030,416.26,Vloxx,81053,12.0,13330,13680,-37,0,,,,,0
20261001-201030,416.46,Vloxx,,,13480,13480,-37,0,,,,,0
20261001-201030,416.75,Aspect of the Sword,81326,6.6,11960,14990,-73,0,,,,,0
20261001-201030,416.94,Aspect of the Sword,81326,6.8,12200,14910,-73,0,,,,,0
20261001-201030,417.14,Aspect of the Sword,81326,7.0,12440,14840,-73,0,,,,,0
20261001-201030,417.35,Aspect of the Sword,81326,7.2,12680,14770,-73,0,,,,,0
20261001-201030,417.55,Aspect of the Sword,81326,7.4,12920,14700,-73,0,,,,,0
20261001-201030,417.75,Aspect of the Sword,81326,7.6,13160,14630,-73,0,,,,,0
20261001-201030,430.10,Vloxx,81053,4.8,12050,14970,265,1,0,-180,0,0,7
20261001-201030,430.62,Vloxx,81053,5.3,12450,14560,175,1,0,-180,0,0,7
20261001-201030,430.62,Vloxx,81053,5.3,12060,14920,265,1,0,-180,0,0,7
20261001-201030,431.15,Vloxx,81053,5.8,12850,14960,85,1,0,180,0,0,4
20261001-201030,431.15,Vloxx,81053,5.8,12570,14680,175,1,0,-180,0,0,4
20261001-201030,431.54,Vloxx,81053,6.2,12310,15180,265,1,0,-180,0,0,1
20261001-201030,431.67,Vloxx,81053,6.3,12460,15360,-5,1,0,180,0,0,2
20261001-201030,431.67,Vloxx,81053,6.3,12810,15200,85,1,0,180,0,0,2
20261001-201030,432.06,Aspect of the Sword,,,12040,14900,-130,0,,,,,0
20261001-201030,432.06,Vloxx,81053,6.7,11770,15030,327,1,0,-28,1,-152,9
20261001-201030,432.14,Vloxx,81053,6.8,12130,15240,417,1,0,-28,1,-152,9
20261001-201030,432.18,Vloxx,81053,6.8,12300,15430,147,1,0,-28,1,-152,9
20261001-201030,432.27,Aspect of the Sword,,,12230,15060,-130,0,,,,,0
20261001-201030,432.47,Aspect of the Sword,,,12420,15230,-130,0,,,,,0
20261001-201030,432.59,Vloxx,81053,7.2,11920,14480,237,1,0,-28,1,-152,7
20261001-201030,432.66,Aspect of the Sword,,,12610,15390,-130,0,,,,,0
20261001-201030,432.66,Vloxx,81053,7.3,11820,14770,327,1,0,-28,1,-152,7
20261001-201030,432.87,Aspect of the Sword,,,12800,15550,-130,0,,,,,0
20261001-201030,433.06,Aspect of the Sword,,,12990,15710,-130,0,,,,,0
20261001-201030,433.11,Vloxx,81053,7.8,12460,14630,147,1,0,-28,1,-152,5
20261001-201030,433.18,Vloxx,81053,7.8,12300,14460,237,1,0,-28,1,-152,5
20261001-201030,433.71,Vloxx,81053,8.4,12610,14930,147,1,0,180,0,-152,1
20261001-201030,434.06,Vloxx,81053,8.7,12130,14930,57,0,,,,,0
20261001-201030,434.27,Vloxx,81053,8.9,11920,14790,57,0,,,,,0
20261001-201030,434.47,Vloxx,81053,9.1,11710,14660,57,0,,,,,0
20261001-201030,434.66,Vloxx,81053,9.3,11500,14520,57,0,,,,,0
20261001-201030,434.86,Vloxx,81053,9.5,11290,14390,57,0,,,,,0
20261001-201030,435.06,Vloxx,81053,9.7,11080,14250,57,0,,,,,0
20261001-201030,435.26,Vloxx,81053,9.9,10870,14120,57,0,,,,,0
20261001-201030,435.47,Vloxx,81053,10.1,10660,13980,57,0,,,,,0
20261001-201030,448.14,Aspect of the Sword,81326,8.6,11880,14970,-194,0,,,,,0
20261001-201030,448.34,Aspect of the Sword,81326,8.8,11820,15210,-194,0,,,,,0
20261001-201030,448.55,Aspect of the Sword,81326,9.0,11770,15460,-194,0,,,,,0
20261001-201030,448.75,Aspect of the Sword,81326,9.2,11710,15700,-194,0,,,,,0
20261001-201030,448.95,Aspect of the Sword,81326,9.4,11650,15940,-194,0,,,,,0
20261001-201030,449.14,Aspect of the Sword,81326,9.6,11590,16190,-194,0,,,,,0
20261001-201030,464.06,Aspect of the Sword,,,12020,15160,-60,0,,,,,0
20261001-201030,464.26,Aspect of the Sword,,,12240,15040,-60,0,,,,,0
20261001-201030,464.46,Aspect of the Sword,,,12450,14910,-60,0,,,,,0
20261001-201030,464.66,Aspect of the Sword,,,12670,14790,-60,0,,,,,0
20261001-201030,464.87,Aspect of the Sword,,,12890,14660,-60,0,,,,,0
20261001-201030,465.06,Aspect of the Sword,,,13100,14540,-60,0,,,,,0
20261001-201030,495.31,Vloxx,,,12380,15360,270,1,0,180,0,0,10
20261001-201030,495.31,Vloxx,,,12140,15300,270,1,0,180,0,0,10
20261001-201030,495.31,Vloxx,,,12490,15410,270,1,0,180,0,0,10
20261001-201030,495.83,Vloxx,,,12860,15070,180,1,0,-180,0,0,10
20261001-201030,495.83,Vloxx,,,12990,15160,180,1,0,-180,0,0,10
20261001-201030,495.83,Vloxx,,,12620,15020,180,1,0,-180,0,0,10
20261001-201030,496.35,Vloxx,,,13150,15550,90,1,0,-180,0,0,10
20261001-201030,496.35,Vloxx,,,13250,15660,90,1,0,-180,0,0,10
20261001-201030,496.35,Vloxx,,,12910,15510,90,1,0,-180,0,0,10
20261001-201030,496.86,Vloxx,,,12420,15790,0,1,0,-180,0,0,7
20261001-201030,496.86,Vloxx,,,12670,15840,0,1,0,-180,0,0,7
20261001-201030,496.86,Vloxx,,,12740,15920,0,1,0,-180,0,0,7
20261001-201030,510.30,Vloxx,,,11990,14950,270,1,0,180,0,0,0
20261001-201030,510.30,Vloxx,,,12050,15020,270,1,0,180,0,0,0
20261001-201030,510.30,Vloxx,,,12020,15050,270,1,0,180,0,0,0
20261001-201030,510.82,Vloxx,,,11510,14870,180,1,0,-180,0,0,10
20261001-201030,510.82,Vloxx,,,11440,14810,180,1,0,-180,0,0,10
20261001-201030,510.82,Vloxx,,,11470,14960,180,1,0,-180,0,0,10
20261001-201030,511.34,Vloxx,,,11570,14260,90,1,0,-180,0,0,0
20261001-201030,511.34,Vloxx,,,11560,14400,90,1,0,-180,0,0,0
20261001-201030,511.34,Vloxx,,,11660,14330,90,1,0,-180,0,0,0
20261001-201030,511.87,Vloxx,,,12120,14400,0,1,0,-180,0,0,0
20261001-201030,511.87,Vloxx,,,12120,14490,0,1,0,-180,0,0,0
20261001-201030,511.87,Vloxx,,,12210,14480,0,1,0,-180,0,0,0
20261001-201030,525.30,Vloxx,,,11900,15530,270,1,0,180,0,0,1
20261001-201030,525.30,Vloxx,,,11930,15650,270,1,0,180,0,0,1
20261001-201030,525.30,Vloxx,,,11900,15540,270,1,10,180,0,0,1
20261001-201030,525.82,Vloxx,,,11960,16210,180,1,0,-180,0,0,0
20261001-201030,525.82,Vloxx,,,11790,16090,180,1,10,-180,0,0,0
20261001-201030,525.82,Vloxx,,,11780,16090,180,1,0,-180,0,0,0
20261001-201030,526.34,Vloxx,,,11230,15970,90,1,0,-180,0,0,0
20261001-201030,526.34,Vloxx,,,11230,15960,90,1,10,-180,0,0,0
20261001-201030,526.34,Vloxx,,,11390,16240,90,1,0,-180,0,0,0
20261001-201030,526.86,Vloxx,,,11350,15420,0,1,10,-180,0,0,1
20261001-201030,526.86,Vloxx,,,11350,15410,0,1,0,-180,0,0,1
20261001-201030,526.86,Vloxx,,,11370,15670,0,1,0,-180,0,0,1
20261001-201030,527.94,Aspect of the Sword,81326,5.1,12740,15560,59,0,,,,,0
20261001-201030,528.14,Aspect of the Sword,81326,5.3,12530,15430,59,0,,,,,0
20261001-201030,528.34,Aspect of the Sword,81326,5.5,12320,15300,59,0,,,,,0
20261001-201030,528.54,Aspect of the Sword,81326,5.7,12100,15170,59,0,,,,,0
20261001-201030,528.74,Aspect of the Sword,81326,5.9,11890,15040,59,0,,,,,0
20261001-201030,528.94,Aspect of the Sword,81326,6.1,11670,14910,59,0,,,,,0
20261001-201030,540.30,Vloxx,,,11960,15310,270,1,0,180,0,0,3
20261001-201030,540.30,Vloxx,,,12220,15330,270,1,0,180,0,0,3
20261001-201030,540.30,Vloxx,,,12360,15340,270,1,0,180,0,0,3
20261001-201030,540.83,Vloxx,,,12530,14850,180,1,0,-180,0,0,4
20261001-201030,540.83,Vloxx,,,12790,14970,180,1,0,-180,0,0,4
20261001-201030,540.83,Vloxx,,,12380,14940,180,1,0,-180,0,0,4
20261001-201030,541.34,Vloxx,,,12760,15360,90,1,0,-180,0,0,3
20261001-201030,541.34,Vloxx,,,13010,15160,90,1,0,-180,0,0,3
20261001-201030,541.34,Vloxx,,,13160,15400,90,1,0,-180,0,0,3
20261001-201030,541.86,Vloxx,,,12730,15770,0,1,0,-180,0,0,0
20261001-201030,541.86,Vloxx,,,12700,15630,0,1,0,-180,0,0,0
20261001-201030,541.86,Vloxx,,,12340,15730,0,1,0,-180,0,0,0
20261001-201030,543.38,Aspect of the Sword,,,12350,15430,-49,0,,,,,0
20261001-201030,543.58,Aspect of the Sword,,,12540,15270,-49,0,,,,,0
20261001-201030,543.79,Aspect of the Sword,,,12730,15100,-49,0,,,,,0
20261001-201030,543.98,Aspect of the Sword,,,12920,14940,-49,0,,,,,0
20261001-201030,544.17,Aspect of the Sword,,,13110,14770,-49,0,,,,,0
20261001-201030,544.38,Aspect of the Sword,,,13300,14610,-49,0,,,,,0
20261001-202431,282.19,Aspect of the Sword,81326,6.0,12770,15560,49,0,,,,,0
20261001-202431,282.38,Aspect of the Sword,81326,6.2,12580,15390,49,0,,,,,0
20261001-202431,282.59,Aspect of the Sword,81326,6.4,12390,15230,49,0,,,,,0
20261001-202431,282.78,Aspect of the Sword,81326,6.6,12200,15070,49,0,,,,,0
20261001-202431,282.99,Aspect of the Sword,81326,6.8,12010,14910,49,0,,,,,0
20261001-202431,283.18,Aspect of the Sword,81326,7.0,11820,14740,49,0,,,,,0
20261001-202431,297.50,Aspect of the Sword,,,12410,15150,49,0,,,,,0
20261001-202431,297.71,Aspect of the Sword,,,12220,14990,49,0,,,,,0
20261001-202431,297.90,Aspect of the Sword,,,12030,14820,49,0,,,,,0
20261001-202431,298.10,Aspect of the Sword,,,11850,14660,49,0,,,,,0
20261001-202431,298.30,Aspect of the Sword,,,11660,14490,49,0,,,,,0
20261001-202431,298.51,Aspect of the Sword,,,11470,14330,49,0,,,,,0
20261001-202431,316.23,Aspect of the Sword,81326,10.2,12440,15300,-255,0,,,,,0
20261001-202431,316.44,Aspect of the Sword,81326,10.5,12200,15360,-255,0,,,,,0
20261001-202431,316.62,Aspect of the Sword,81326,10.6,11960,15430,-255,0,,,,,0
20261001-202431,316.82,Aspect of the Sword,81326,10.8,11720,15500,-255,0,,,,,0
20261001-202431,317.03,Aspect of the Sword,81326,11.0,11480,15560,-255,0,,,,,0
20261001-202431,317.23,Aspect of the Sword,81326,11.2,11240,15630,-255,0,,,,,0
20261001-202431,328.38,Vloxx,81053,4.8,13640,13920,369,1,0,180,0,0,6
20261001-202431,328.90,Vloxx,81053,5.3,13070,13900,279,1,0,180,0,0,7
20261001-202431,328.90,Vloxx,81053,5.3,13670,13930,369,1,0,180,0,0,7
20261001-202431,329.42,Vloxx,81053,5.8,13090,13330,189,1,0,-180,0,0,6
20261001-202431,329.42,Vloxx,81053,5.8,13110,14000,279,1,0,180,0,0,6
20261001-202431,329.82,Vloxx,81053,6.2,13550,13840,369,1,0,180,0,0,7
20261001-202431,329.94,Vloxx,81053,6.3,13040,13440,189,1,0,-180,0,0,6
20261001-202431,329.95,Vloxx,81053,6.3,13660,13350,99,1,0,-180,0,0,6
20261001-202431,330.35,Vloxx,81053,6.7,12990,13900,279,1,0,180,0,0,7
20261001-202431,330.43,Vloxx,81053,6.8,13500,13710,369,1,0,180,0,0,7
20261001-202431,330.46,Vloxx,81053,6.8,13600,13370,99,1,0,-180,0,0,7
20261001-202431,330.86,Vloxx,81053,7.2,12920,13340,189,1,0,-180,0,0,0
20261001-202431,330.94,Vloxx,81053,7.3,14040,13850,279,1,0,180,0,0,0
20261001-202431,331.38,Vloxx,81053,7.8,13480,13280,-58,1,0,22,1,0,8
20261001-202431,331.46,Vloxx,81053,7.8,13910,14390,32,1,0,22,1,0,8
20261001-202431,331.98,Vloxx,81053,8.4,13360,14260,-58,1,0,22,1,158,3
20261001-202431,335.82,Vloxx,,,13530,13910,-243,0,,,,,0
20261001-202431,336.02,Vloxx,,,13310,14020,-243,0,,,,,0
20261001-202431,336.22,Vloxx,,,13080,14130,-243,0,,,,,0
20261001-202431,336.42,Vloxx,,,12860,14250,-243,0,,,,,0
20261001-202431,336.63,Vloxx,,,12640,14360,-243,0,,,,,0
20261001-202431,336.82,Vloxx,,,12410,14470,-243,0,,,,,0
20261001-202431,337.02,Vloxx,,,12190,14580,-243,0,,,,,0
20261001-202431,337.22,Vloxx,,,11970,14700,74,0,,,,,0
20261001-202431,349.26,Vloxx,81053,4.8,13070,13670,179,1,0,-180,0,0,2
20261001-202431,349.79,Vloxx,81053,5.3,13090,13610,179,1,0,-180,0,0,6
20261001-202431,349.79,Vloxx,81053,5.3,13320,13160,89,1,0,-180,0,0,6
20261001-202431,350.31,Vloxx,81053,5.8,13830,13400,-1,1,0,-180,0,0,0
20261001-202431,350.31,Vloxx,81053,5.8,13490,13210,89,1,0,-180,0,0,0
20261001-202431,350.70,Vloxx,81053,6.2,13130,13600,179,1,0,-180,0,0,8
20261001-202431,350.83,Vloxx,81053,6.3,13580,13910,-91,1,0,180,0,0,1
20261001-202431,350.83,Vloxx,81053,6.3,13890,13620,-1,1,0,-180,0,0,1
20261001-202431,351.23,Vloxx,81053,6.7,13560,13230,89,1,0,-180,0,0,10
20261001-202431,351.30,Vloxx,81053,6.8,13310,13640,179,1,0,-180,0,0,10
20261001-202431,351.35,Vloxx,81053,6.8,13480,14010,-91,1,0,180,0,0,10
20261001-202431,351.75,Vloxx,81053,7.2,13930,13670,-1,1,0,-180,0,0,2
20261001-202431,351.82,Vloxx,81053,7.3,13830,13410,89,1,0,-180,0,0,2
20261001-202431,352.26,Vloxx,81053,7.8,13500,14030,-91,1,0,180,0,0,1
20261001-202431,352.34,Vloxx,81053,7.8,14060,13930,-1,1,0,-180,0,0,1
20261001-202431,352.86,Vloxx,81053,8.4,13540,14160,-65,1,0,-154,1,-26,1
20261001-202431,354.86,Vloxx,81053,10.4,13270,13680,-155,0,,,,,0
20261001-202431,355.06,Vloxx,81053,10.6,13380,13900,-155,0,,,,,0
20261001-202431,355.27,Vloxx,81053,10.8,13490,14130,-155,0,,,,,0
20261001-202431,355.46,Vloxx,81053,11.0,13590,14360,-155,0,,,,,0
20261001-202431,355.66,Vloxx,81053,11.2,13700,14580,-155,0,,,,,0
20261001-202431,355.86,Vloxx,81053,11.4,13810,14810,-155,0,,,,,0
20261001-202431,356.07,Vloxx,81053,11.6,13910,15030,-155,0,,,,,0
20261001-202431,356.27,Vloxx,81053,11.8,14020,15260,-155,0,,,,,0
20261001-202431,365.54,Vloxx,81053,4.8,13210,13610,175,1,0,180,0,0,6
20261001-202431,366.06,Vloxx,81053,5.3,13220,13470,175,1,0,180,0,0,8
20261001-202431,366.06,Vloxx,81053,5.3,13600,13200,85,1,0,180,0,0,8
20261001-202431,366.58,Vloxx,81053,5.8,14010,13580,-5,1,0,-180,0,0,7
20261001-202431,366.58,Vloxx,81053,5.8,13680,13810,85,1,0,180,0,0,7
20261001-202431,366.99,Vloxx,81053,6.2,13210,13610,175,1,0,180,0,0,9
20261001-202431,367.10,Vloxx,81053,6.3,13340,14270,-1,1,0,-176,0,0,9
20261001-202431,367.10,Vloxx,81053,6.3,13630,13990,-91,1,0,-176,0,0,9
20261001-202431,367.50,Vloxx,81053,6.7,13620,13220,89,1,0,-176,0,-4,8
20261001-202431,367.58,Vloxx,81053,6.8,13160,13690,179,1,0,-176,0,-4,8
20261001-202431,367.63,Vloxx,81053,6.8,12880,13930,-91,1,0,-176,0,-4,7
20261001-202431,368.03,Vloxx,81053,7.2,14010,13620,-1,1,0,-176,0,-4,3
20261001-202431,368.11,Vloxx,81053,7.3,13150,14250,89,1,0,-176,0,-4,3
20261001-202431,368.54,Vloxx,81053,7.8,13600,14020,-91,1,0,-176,0,-4,2
20261001-202431,368.63,Vloxx,81053,7.8,12590,14250,-1,1,0,-176,0,-4,2
20261001-202431,369.15,Vloxx,81053,8.4,12600,13680,-91,1,0,180,0,-4,1
20261001-202431,374.06,Aspect of the Sword,81326,5.0,13040,15620,-7,0,,,,,0
20261001-202431,374.25,Aspect of the Sword,81326,5.2,13070,15380,-7,0,,,,,0
20261001-202431,374.46,Aspect of the Sword,81326,5.4,13100,15130,-7,0,,,,,0
20261001-202431,374.66,Aspect of the Sword,81326,5.6,13130,14880,-7,0,,,,,0
20261001-202431,374.86,Aspect of the Sword,81326,5.8,13160,14630,-7,0,,,,,0
20261001-202431,375.07,Aspect of the Sword,81326,6.0,13190,14380,-7,0,,,,,0
20261001-202431,378.34,Vloxx,,,13270,13680,-156,0,,,,,0
20261001-202431,378.54,Vloxx,,,13380,13910,-156,0,,,,,0
20261001-202431,378.74,Vloxx,,,13480,14130,-156,0,,,,,0
20261001-202431,378.94,Vloxx,,,13580,14360,-156,0,,,,,0
20261001-202431,379.14,Vloxx,,,13690,14590,-156,0,,,,,0
20261001-202431,379.35,Vloxx,,,13790,14820,-156,0,,,,,0
20261001-202431,379.54,Vloxx,,,13890,15040,-156,0,,,,,0
20261001-202431,379.74,Vloxx,81053,0.0,14000,15270,-265,0,,,,,0
20261001-202431,384.46,Vloxx,81053,4.8,12990,13410,95,1,0,180,0,0,0
20261001-202431,384.98,Vloxx,81053,5.3,13310,13290,95,1,0,180,0,0,6
20261001-202431,384.98,Vloxx,81053,5.3,13550,13340,5,1,0,-180,0,0,6
20261001-202431,385.50,Vloxx,81053,5.8,13620,13900,-85,1,0,-180,0,0,8
20261001-202431,385.50,Vloxx,81053,5.8,13620,13760,5,1,0,-180,0,0,8
20261001-202431,385.91,Vloxx,81053,6.2,13060,13360,95,1,0,180,0,0,10
20261001-202431,386.02,Vloxx,81053,6.3,13150,14070,-85,1,0,-180,0,0,10
20261001-202431,386.02,Vloxx,81053,6.3,13060,13980,-175,1,0,-180,0,0,10
20261001-202431,386.43,Vloxx,81053,6.7,13620,13440,109,1,0,-76,1,-104,10
20261001-202431,386.51,Vloxx,81053,6.8,13200,13440,199,1,0,-76,1,-104,10
20261001-202431,386.54,Vloxx,81053,6.8,12840,13590,-71,1,0,-76,1,-104,10
20261001-202431,386.94,Vloxx,81053,7.2,13530,14000,19,1,0,-76,1,-104,10
20261001-202431,387.03,Vloxx,81053,7.3,13690,13730,109,1,0,-76,1,-104,10
20261001-202431,387.46,Vloxx,81053,7.8,12970,13920,-71,1,0,-76,1,-104,10
20261001-202431,387.54,Vloxx,81053,7.8,13400,14210,19,1,0,-76,1,-104,10
20261001-202431,388.06,Vloxx,81053,8.4,12910,13930,-71,1,0,-180,0,-104,9
20261001-202431,388.42,Vloxx,81053,8.7,13270,13680,-161,0,,,,,0
20261001-202431,388.63,Vloxx,81053,8.9,13350,13920,-161,0,,,,,0
20261001-202431,388.82,Vloxx,81053,9.1,13430,14150,-161,0,,,,,0
20261001-202431,389.01,Vloxx,81053,9.3,13510,14390,-161,0,,,,,0
20261001-202431,389.21,Vloxx,81053,9.5,13590,14630,-161,0,,,,,0
20261001-202431,389.42,Vloxx,81053,9.7,13670,14860,-161,0,,,,,0
20261001-202431,389.62,Vloxx,81053,9.9,13750,15100,-161,0,,,,,0
20261001-202431,389.70,Aspect of the Sword,,,13360,13730,-21,0,,,,,0
20261001-202431,389.82,Vloxx,81053,10.1,13840,15340,-161,0,,,,,0
20261001-202431,389.90,Aspect of the Sword,,,13450,13490,-21,0,,,,,0
20261001-202431,390.10,Aspect of the Sword,,,13540,13260,-21,0,,,,,0
20261001-202431,390.30,Aspect of the Sword,,,13620,13020,-21,0,,,,,0
20261001-202431,390.50,Aspect of the Sword,,,13710,12790,-21,0,,,,,0
20261001-202431,390.70,Aspect of the Sword,,,13800,12550,-21,0,,,,,0
20261001-202431,405.82,Aspect of the Sword,81326,6.7,13560,14530,-144,0,,,,,0
20261001-202431,406.02,Aspect of the Sword,81326,6.9,13710,14730,-144,0,,,,,0
20261001-202431,406.23,Aspect of the Sword,81326,7.1,13850,14940,-144,0,,,,,0
20261001-202431,406.42,Aspect of the Sword,81326,7.3,14000,15140,-144,0,,,,,0
20261001-202431,406.62,Aspect of the Sword,81326,7.5,14140,15340,-144,0,,,,,0
20261001-202431,406.82,Aspect of the Sword,81326,7.7,14290,15550,-144,0,,,,,0
20261001-202431,413.18,Vloxx,81053,4.8,13990,14230,182,1,0,-180,0,0,9
20261001-202431,413.70,Vloxx,81053,5.3,13970,14300,182,1,0,-180,0,0,9
20261001-202431,413.70,Vloxx,81053,5.3,13910,14790,92,1,0,-180,0,0,9
20261001-202431,414.22,Vloxx,81053,5.8,13350,14710,2,1,0,-180,0,0,5
20261001-202431,414.22,Vloxx,81053,5.8,14030,14860,92,1,0,-180,0,0,5
20261001-202431,414.62,Vloxx,81053,6.2,14010,14120,182,1,0,-180,0,0,9
20261001-202431,414.74,Vloxx,81053,6.3,13470,14930,2,1,0,-180,0,0,9
20261001-202431,414.74,Vloxx,81053,6.3,13430,14150,-88,1,0,180,0,0,9
20261001-202431,415.14,Vloxx,81053,6.7,14570,14090,66,1,0,154,1,26,10
20261001-202431,415.22,Vloxx,81053,6.8,13810,14260,156,1,0,154,1,26,10
20261001-202431,415.25,Vloxx,81053,6.8,13410,14370,-114,1,0,154,1,26,10
20261001-202431,415.66,Vloxx,81053,7.2,14610,14650,-24,1,0,154,1,26,6
20261001-202431,415.74,Vloxx,81053,7.3,13550,14760,66,1,0,154,1,26,6
20261001-202431,416.18,Vloxx,81053,7.8,14040,14690,-114,1,0,154,1,26,4
20261001-202431,416.27,Vloxx,81053,7.8,13050,14500,-24,1,0,154,1,26,4
20261001-202431,416.78,Vloxx,81053,8.4,13300,14000,-114,1,0,-180,0,26,2
20261001-202431,419.18,Vloxx,81053,10.8,14040,14250,-197,0,,,,,0
20261001-202431,419.38,Vloxx,81053,11.0,13970,14490,-197,0,,,,,0
20261001-202431,419.58,Vloxx,81053,11.2,13900,14730,-197,0,,,,,0
20261001-202431,419.78,Vloxx,81053,11.4,13830,14960,-197,0,,,,,0
20261001-202431,419.98,Vloxx,81053,11.6,13750,15200,-197,0,,,,,0
20261001-202431,420.18,Vloxx,81053,11.8,13680,15440,-197,0,,,,,0
20261001-202431,420.38,Vloxx,81053,12.0,13610,15680,-197,0,,,,,0
20261001-202431,420.58,Vloxx,,,13530,15920,-197,0,,,,,0
20261001-202431,421.90,Aspect of the Sword,,,13940,14580,-161,0,,,,,0
20261001-202431,422.10,Aspect of the Sword,,,14030,14810,-161,0,,,,,0
20261001-202431,422.30,Aspect of the Sword,,,14110,15050,-161,0,,,,,0
20261001-202431,422.50,Aspect of the Sword,,,14190,15280,-161,0,,,,,0
20261001-202431,422.70,Aspect of the Sword,,,14270,15520,-161,0,,,,,0
20261001-202431,422.90,Aspect of the Sword,,,14350,15760,-161,0,,,,,0
20261001-202431,434.50,Vloxx,81053,4.8,13770,14550,105,1,0,180,0,0,10
20261001-202431,435.02,Vloxx,81053,5.3,13780,14580,105,1,0,180,0,0,10
20261001-202431,435.02,Vloxx,81053,5.3,13430,15000,15,1,0,-180,0,0,10
20261001-202431,435.54,Vloxx,81053,5.8,13340,14930,15,1,0,-180,0,0,9
20261001-202431,435.54,Vloxx,81053,5.8,12980,14650,-75,1,0,-180,0,0,9
20261001-202431,435.94,Vloxx,81053,6.2,13880,14510,105,1,0,180,0,0,9
20261001-202431,436.06,Vloxx,81053,6.3,13320,14200,174,1,0,159,1,0,9
20261001-202431,436.06,Vloxx,81053,6.3,12990,14480,264,1,0,159,1,0,9
20261001-202431,436.46,Vloxx,81053,6.7,13590,14990,354,1,0,159,1,21,10
20261001-202431,436.54,Vloxx,81053,6.8,13650,14370,444,1,0,159,1,21,10
20261001-202431,436.58,Vloxx,81053,6.8,13430,14130,174,1,0,159,1,21,10
20261001-202431,436.99,Vloxx,81053,7.2,13110,14710,264,1,0,159,1,21,9
20261001-202431,437.06,Vloxx,81053,7.3,14080,14740,354,1,0,159,1,21,9
20261001-202431,437.50,Vloxx,81053,7.8,13390,14220,174,1,0,159,1,21,9
20261001-202431,437.57,Vloxx,81053,7.8,13720,15170,264,1,0,159,1,21,9
20261001-202431,438.11,Vloxx,81053,8.4,13280,14810,174,1,0,-180,0,21,0
20261001-202431,438.18,Aspect of the Sword,81326,9.2,13600,14490,-233,0,,,,,0
20261001-202431,438.38,Aspect of the Sword,81326,9.4,13400,14650,-233,0,,,,,0
20261001-202431,438.38,Vloxx,81053,8.6,13590,14550,84,0,,,,,0
20261001-202431,438.57,Vloxx,81053,8.8,13340,14530,84,0,,,,,0
20261001-202431,438.57,Aspect of the Sword,81326,9.6,13200,14800,-233,0,,,,,0
20261001-202431,438.77,Aspect of the Sword,81326,9.8,13000,14950,-233,0,,,,,0
20261001-202431,438.77,Vloxx,81053,9.0,13090,14500,84,0,,,,,0
20261001-202431,438.98,Vloxx,81053,9.2,12840,14470,84,0,,,,,0
20261001-202431,438.98,Aspect of the Sword,81326,10.0,12810,15100,-233,0,,,,,0
20261001-202431,439.18,Aspect of the Sword,81326,10.2,12610,15250,-233,0,,,,,0
20261001-202431,439.18,Vloxx,81053,9.4,12600,14450,84,0,,,,,0
20261001-202431,439.38,Vloxx,81053,9.6,12350,14420,84,0,,,,,0
20261001-202431,439.58,Vloxx,81053,9.8,12100,14390,84,0,,,,,0
20261001-202431,439.77,Vloxx,81053,10.0,11850,14370,84,0,,,,,0
20261001-203917,287.11,Aspect of the Sword,81326,5.1,12780,15590,68,0,,,,,0
20261001-203917,287.31,Aspect of the Sword,81326,5.3,12550,15500,68,0,,,,,0
20261001-203917,287.52,Aspect of the Sword,81326,5.5,12320,15400,68,0,,,,,1
20261001-203917,287.71,Aspect of the Sword,81326,5.7,12090,15310,68,0,,,,,0
20261001-203917,287.91,Aspect of the Sword,81326,5.9,11860,15210,68,0,,,,,0
20261001-203917,288.11,Aspect of the Sword,81326,6.1,11620,15120,68,0,,,,,0
20261001-203917,303.20,Aspect of the Sword,,,11750,15710,-20,0,,,,,0
20261001-203917,303.39,Aspect of the Sword,,,11840,15470,-20,0,,,,,0
20261001-203917,303.59,Aspect of the Sword,,,11930,15240,-20,0,,,,,0
20261001-203917,303.79,Aspect of the Sword,,,12010,15000,-20,0,,,,,0
20261001-203917,303.99,Aspect of the Sword,,,12100,14770,-20,0,,,,,0
20261001-203917,304.19,Aspect of the Sword,,,12190,14530,-20,0,,,,,0
20261001-203917,319.67,Aspect of the Sword,81326,8.2,12490,15360,53,0,,,,,0
20261001-203917,319.87,Aspect of the Sword,81326,8.4,12290,15210,53,0,,,,,0
20261001-203917,320.07,Aspect of the Sword,81326,8.6,12090,15060,53,0,,,,,0
20261001-203917,320.27,Aspect of the Sword,81326,8.8,11890,14910,53,0,,,,,0
20261001-203917,320.47,Aspect of the Sword,81326,9.0,11690,14760,53,0,,,,,0
20261001-203917,320.68,Aspect of the Sword,81326,9.2,11490,14610,53,0,,,,,0
20261001-210120,283.59,Aspect of the Sword,81326,5.1,12720,15540,6,0,,,,,0
20261001-210120,283.78,Aspect of the Sword,81326,5.3,12700,15290,6,0,,,,,0
20261001-210120,283.99,Aspect of the Sword,81326,5.5,12670,15040,6,0,,,,,0
20261001-210120,284.18,Aspect of the Sword,81326,5.7,12650,14790,6,0,,,,,0
20261001-210120,284.38,Aspect of the Sword,81326,5.9,12620,14550,6,0,,,,,0
20261001-210120,284.59,Aspect of the Sword,81326,6.1,12600,14300,6,0,,,,,0
20261001-210120,299.63,Aspect of the Sword,,,11930,15370,-121,0,,,,,0
20261001-210120,299.82,Aspect of the Sword,,,12140,15490,-121,0,,,,,0
20261001-210120,300.02,Aspect of the Sword,,,12360,15620,-121,0,,,,,0
20261001-210120,300.22,Aspect of the Sword,,,12570,15750,-121,0,,,,,0
20261001-210120,300.42,Aspect of the Sword,,,12790,15880,-121,0,,,,,0
20261001-210120,300.62,Aspect of the Sword,,,13000,16000,-121,0,,,,,0
20261001-210120,315.07,Aspect of the Sword,81326,6.8,11940,15350,-104,0,,,,,0
20261001-210120,315.27,Aspect of the Sword,81326,7.0,12180,15410,-104,0,,,,,0
20261001-210120,315.46,Aspect of the Sword,81326,7.2,12420,15470,-104,0,,,,,0
20261001-210120,315.66,Aspect of the Sword,81326,7.4,12660,15530,-104,0,,,,,0
20261001-210120,315.87,Aspect of the Sword,81326,7.6,12910,15590,-104,0,,,,,0
20261001-210120,316.06,Aspect of the Sword,81326,7.8,13150,15650,-104,0,,,,,0
20261001-210120,324.63,Vloxx,81053,4.8,10180,15020,242,1,0,-180,0,0,6
20261001-210120,325.14,Vloxx,81053,5.3,10730,15130,152,1,0,-180,0,0,4
20261001-210120,325.14,Vloxx,81053,5.3,10200,15030,242,1,0,-180,0,0,4
20261001-210120,325.66,Vloxx,81053,5.8,10730,15240,152,1,0,-180,0,0,0
20261001-210120,325.66,Vloxx,81053,5.8,10620,15690,62,1,0,-180,0,0,0
20261001-210120,326.07,Vloxx,81053,6.2,10230,15050,242,1,0,-180,0,0,6
20261001-210120,326.18,Vloxx,81053,6.3,10070,15570,-28,1,0,180,0,0,6
20261001-210120,326.18,Vloxx,81053,6.3,10520,15760,62,1,0,-180,0,0,6
20261001-210120,326.58,Vloxx,81053,6.7,10650,15430,152,1,0,-180,0,0,1
20261001-210120,326.66,Vloxx,81053,6.8,10220,15000,242,1,0,-180,0,0,4
20261001-210120,326.71,Vloxx,81053,6.8,9990,15560,-28,1,0,180,0,0,4
20261001-210120,327.10,Vloxx,81053,7.2,10270,15850,62,1,0,-180,0,0,1
20261001-210120,327.18,Vloxx,81053,7.3,10670,15340,152,1,0,-180,0,0,1
20261001-210120,327.62,Vloxx,81053,7.8,9850,15460,173,1,0,21,1,0,0
20261001-210120,327.70,Vloxx,81053,7.8,10330,15790,263,1,0,21,1,159,0
20261001-210120,328.23,Vloxx,81053,8.4,9880,15450,173,1,0,21,1,159,0
20261001-210120,332.02,Vloxx,,,10200,15040,30,0,,,,,0
20261001-210120,332.23,Vloxx,,,10070,14820,30,0,,,,,0
20261001-210120,332.43,Vloxx,,,9940,14610,30,0,,,,,0
20261001-210120,332.63,Vloxx,,,9820,14390,30,0,,,,,0
20261001-210120,332.82,Vloxx,,,9690,14180,30,0,,,,,0
20261001-210120,333.02,Vloxx,,,9570,13960,30,0,,,,,0
20261001-210120,333.22,Vloxx,,,9440,13740,30,0,,,,,0
20261001-210120,333.42,Vloxx,,,9310,13530,30,0,,,,,0
20261001-210120,342.94,Aspect of the Sword,81326,5.1,12040,15220,-268,0,,,,,1
20261001-210120,343.14,Aspect of the Sword,81326,5.3,11790,15230,-268,0,,,,,0
20261001-210120,343.35,Aspect of the Sword,81326,5.5,11540,15240,-268,0,,,,,4
20261001-210120,343.55,Aspect of the Sword,81326,5.7,11290,15250,-268,0,,,,,0
20261001-210120,343.74,Aspect of the Sword,81326,5.9,11040,15260,-268,0,,,,,0
20261001-210120,343.94,Aspect of the Sword,81326,6.1,10790,15260,-268,0,,,,,0
20261001-210120,344.71,Vloxx,81053,4.8,10130,15030,266,1,0,180,0,0,9
20261001-210120,345.22,Vloxx,81053,5.3,10160,15280,266,1,0,180,0,0,6
20261001-210120,345.23,Vloxx,81053,5.3,10680,14920,176,1,0,-180,0,0,6
20261001-210120,345.75,Vloxx,81053,5.8,9950,14760,176,1,0,-180,0,0,5
20261001-210120,345.75,Vloxx,81053,5.8,10790,15480,86,1,0,-180,0,0,5
20261001-210120,346.14,Vloxx,81053,6.2,10310,15090,266,1,0,180,0,0,3
20261001-210120,346.27,Vloxx,81053,6.3,10240,15590,-4,1,0,-180,0,0,6
20261001-210120,346.27,Vloxx,81053,6.3,10470,14540,86,1,0,-180,0,0,6
20261001-210120,346.66,Vloxx,81053,6.7,10640,14630,176,1,0,-180,0,0,3
20261001-210120,346.74,Vloxx,81053,6.8,10290,14860,266,1,0,180,0,0,3
20261001-210120,346.78,Vloxx,81053,6.8,10680,15070,-4,1,0,-180,0,0,2
20261001-210120,347.18,Vloxx,81053,7.2,11100,14970,86,1,0,-180,0,0,0
20261001-210120,347.27,Vloxx,81053,7.3,10600,15330,176,1,0,-180,0,0,0
20261001-210120,347.70,Vloxx,81053,7.8,10770,15420,164,1,0,-12,1,0,0
20261001-210120,347.78,Vloxx,81053,7.8,10120,15640,254,1,0,-12,1,-168,0
20261001-210120,348.31,Vloxx,81053,8.4,9810,15170,164,1,0,-12,1,-168,1
20261001-210120,350.06,Vloxx,81053,10.1,10160,15080,74,0,,,,,0
20261001-210120,350.27,Vloxx,81053,10.3,9920,15010,74,0,,,,,0
20261001-210120,350.46,Vloxx,81053,10.5,9680,14940,74,0,,,,,0
20261001-210120,350.66,Vloxx,81053,10.7,9440,14870,74,0,,,,,0
20261001-210120,350.86,Vloxx,81053,10.9,9200,14800,74,0,,,,,0
20261001-210120,351.06,Vloxx,81053,11.1,8960,14730,74,0,,,,,0
20261001-210120,351.26,Vloxx,81053,11.3,8720,14660,74,0,,,,,0
20261001-210120,351.46,Vloxx,81053,11.5,8480,14590,-47,0,,,,,0
20261001-210120,361.02,Vloxx,81053,4.8,10200,15180,323,1,0,-180,0,0,7
20261001-210120,361.22,Aspect of the Sword,,,10660,15280,41,0,,,,,0
20261001-210120,361.42,Aspect of the Sword,,,10490,15090,41,0,,,,,0
20261001-210120,361.54,Vloxx,81053,5.3,10250,14980,323,1,0,-180,0,0,5
20261001-210120,361.54,Vloxx,81053,5.3,10020,14640,233,1,0,-180,0,0,5
20261001-210120,361.62,Aspect of the Sword,,,10330,14900,41,0,,,,,0
20261001-210120,361.82,Aspect of the Sword,,,10160,14710,41,0,,,,,0
20261001-210120,362.02,Aspect of the Sword,,,10000,14530,41,0,,,,,0
20261001-210120,362.06,Vloxx,81053,5.8,10610,15410,233,1,0,-180,0,0,4
20261001-210120,362.06,Vloxx,81053,5.8,10560,14470,143,1,0,180,0,0,4
20261001-210120,362.22,Aspect of the Sword,,,9830,14340,41,0,,,,,0
20261001-210120,362.47,Vloxx,81053,6.2,10300,14960,323,1,0,-180,0,0,4
20261001-210120,362.59,Vloxx,81053,6.3,10730,15000,53,1,0,180,0,0,6
20261001-210120,362.59,Vloxx,81053,6.3,10180,15770,143,1,0,180,0,0,6
20261001-210120,362.98,Vloxx,81053,6.7,10490,15490,233,1,0,180,0,0,8
20261001-210120,363.06,Vloxx,81053,6.8,10210,15240,323,1,0,180,0,0,8
20261001-210120,363.10,Vloxx,81053,6.8,9810,15340,53,1,0,180,0,0,8
20261001-210120,363.50,Vloxx,81053,7.2,9960,15680,143,1,0,180,0,0,0
20261001-210120,363.58,Vloxx,81053,7.3,9890,14770,233,1,0,180,0,0,0
20261001-210120,364.02,Vloxx,81053,7.8,9770,15140,53,1,0,180,0,0,1
20261001-210120,364.10,Vloxx,81053,7.8,10360,14460,143,1,0,180,0,0,1
20261001-210120,364.62,Vloxx,81053,8.4,10680,14930,53,1,0,-180,0,0,1
20261001-210120,374.26,Vloxx,,,10290,15150,-128,0,,,,,0
20261001-210120,374.47,Vloxx,,,10490,15300,-128,0,,,,,0
20261001-210120,374.66,Vloxx,,,10690,15450,-128,0,,,,,0
20261001-210120,374.86,Vloxx,,,10890,15610,-128,0,,,,,0
20261001-210120,375.06,Vloxx,,,11090,15760,-128,0,,,,,0
20261001-210120,375.26,Vloxx,,,11280,15910,-128,0,,,,,0
20261001-210120,375.46,Vloxx,,,11480,16070,-128,0,,,,,0
20261001-210120,375.67,Vloxx,81053,0.1,11680,16220,-159,0,,,,,0
20261001-210120,380.34,Vloxx,81053,4.8,10090,15220,201,1,0,180,0,0,1
20261001-210120,380.86,Vloxx,81053,5.3,10150,14660,111,1,0,180,0,0,2
20261001-210120,380.86,Vloxx,81053,5.3,10190,15270,201,1,0,180,0,0,2
20261001-210120,381.38,Vloxx,81053,5.8,10710,14710,21,1,0,-180,0,0,1
20261001-210120,381.38,Vloxx,81053,5.8,9900,14780,111,1,0,180,0,0,1
20261001-210120,381.78,Vloxx,81053,6.2,10300,15380,201,1,0,180,0,0,0
20261001-210120,381.90,Vloxx,81053,6.3,10650,15280,-69,1,0,-180,0,0,0
20261001-210120,381.90,Vloxx,81053,6.3,10390,14490,21,1,0,-180,0,0,0
20261001-210120,382.30,Vloxx,81053,6.7,9820,15090,195,1,0,-96,1,-84,10
20261001-210120,382.38,Vloxx,81053,6.8,10180,15170,285,1,0,-96,1,-84,10
20261001-210120,382.43,Vloxx,81053,6.8,10680,14970,15,1,0,-96,1,-84,10
20261001-210120,382.82,Vloxx,81053,7.2,10110,14600,105,1,0,-96,1,-84,7
20261001-210120,382.90,Vloxx,81053,7.3,10120,14610,195,1,0,-96,1,-84,7
20261001-210120,383.34,Vloxx,81053,7.8,10600,14900,15,1,0,-96,1,-84,3
20261001-210120,383.43,Vloxx,81053,7.8,10680,14540,105,1,0,-96,1,-84,3
20261001-210120,383.95,Vloxx,81053,8.4,10740,15110,15,1,0,-180,0,-84,9
20261001-210120,384.30,Vloxx,81053,8.7,10310,15090,-75,0,,,,,0
20261001-210120,384.50,Vloxx,81053,8.9,10550,15020,-75,0,,,,,0
20261001-210120,384.70,Vloxx,81053,9.1,10790,14960,-75,0,,,,,0
20261001-210120,384.90,Vloxx,81053,9.3,11030,14900,-75,0,,,,,0
20261001-210120,385.10,Vloxx,81053,9.5,11270,14830,-75,0,,,,,0
20261001-210120,385.30,Vloxx,81053,9.7,11520,14770,-75,0,,,,,0
20261001-210120,385.50,Vloxx,81053,9.9,11760,14710,-75,0,,,,,0
20261001-210120,385.70,Vloxx,81053,10.1,12000,14640,-75,0,,,,,0
20261001-210120,408.94,Vloxx,81053,4.8,12370,14950,429,1,0,-180,0,0,7
20261001-210120,409.47,Vloxx,81053,5.3,12420,14950,429,1,0,-180,0,0,7
20261001-210120,409.47,Vloxx,81053,5.3,11950,15330,339,1,0,-180,0,0,7
20261001-210120,409.98,Vloxx,81053,5.8,11570,14920,249,1,0,180,0,0,4
20261001-210120,409.98,Vloxx,81053,5.8,12010,15340,339,1,0,-180,0,0,4
20261001-210120,410.38,Vloxx,81053,6.2,12090,15090,429,1,0,-180,0,0,4
20261001-210120,410.50,Vloxx,81053,6.3,11620,14920,-82,1,0,-151,1,0,6
20261001-210120,410.50,Vloxx,81053,6.3,11980,14540,-172,1,0,-151,1,0,6
20261001-210120,410.90,Vloxx,81053,6.7,12070,14520,8,1,0,-151,1,-29,3
20261001-210120,410.99,Vloxx,81053,6.8,12190,15000,98,1,0,-151,1,-29,7
20261001-210120,411.02,Vloxx,81053,6.8,12040,14540,-172,1,0,-151,1,-29,7
20261001-210120,411.42,Vloxx,81053,7.2,12640,14510,-82,1,0,-151,1,-29,0
20261001-210120,411.50,Vloxx,81053,7.3,12100,14440,8,1,0,-151,1,-29,0
20261001-210120,411.94,Vloxx,81053,7.8,12660,15070,-172,1,0,-151,1,-29,2
20261001-210120,412.01,Vloxx,81053,7.8,12660,14360,-82,1,0,-151,1,-29,2
20261001-210120,412.55,Vloxx,81053,8.4,12750,14920,-172,1,0,180,0,-29,2
20261001-210120,414.98,Vloxx,81053,10.8,12170,14990,-227,0,,,,,0
20261001-210120,415.18,Vloxx,81053,11.0,11990,15160,-227,0,,,,,0
20261001-210120,415.38,Vloxx,81053,11.2,11810,15330,-227,0,,,,,0
20261001-210120,415.58,Vloxx,81053,11.4,11620,15510,-227,0,,,,,0
20261001-210120,415.78,Vloxx,81053,11.6,11440,15680,-227,0,,,,,0
20261001-210120,415.98,Vloxx,81053,11.8,11260,15850,-227,0,,,,,0
20261001-210120,416.18,Vloxx,81053,12.0,11070,16020,-227,0,,,,,0
20261001-210120,416.38,Vloxx,,,10890,16190,-227,0,,,,,0
20261001-210120,430.10,Vloxx,81053,4.8,12220,14750,249,1,0,-180,0,0,0
20261001-210120,430.62,Vloxx,81053,5.3,12320,15190,249,1,0,-180,0,0,0
20261001-210120,430.62,Vloxx,81053,5.3,12630,15130,159,1,0,180,0,0,0
20261001-210120,431.14,Vloxx,81053,5.8,11810,14960,159,1,0,180,0,0,0
20261001-210120,431.14,Vloxx,81053,5.8,12250,15540,69,1,0,180,0,0,0
20261001-210120,431.54,Vloxx,81053,6.2,12340,15190,249,1,0,-180,0,0,2
20261001-210120,431.66,Vloxx,81053,6.3,11830,15160,-21,1,0,-180,0,0,2
20261001-210120,431.66,Vloxx,81053,6.3,12030,14450,69,1,0,180,0,0,2
20261001-210120,432.06,Vloxx,81053,6.7,11810,15000,298,1,0,-42,1,-138,10
20261001-210120,432.15,Vloxx,81053,6.8,12260,15080,388,1,0,-41,1,-138,10
20261001-210120,432.18,Vloxx,81053,6.8,12550,14670,118,1,0,-41,1,-138,10
20261001-210120,432.58,Vloxx,81053,7.2,12010,14470,208,1,0,-42,1,-138,9
20261001-210120,432.66,Vloxx,81053,7.3,11770,14790,298,1,0,-42,1,-138,9
20261001-210120,433.10,Vloxx,81053,7.8,12540,14660,118,1,0,-41,1,-138,10
20261001-210120,433.18,Vloxx,81053,7.8,12060,14300,208,1,0,-42,1,-138,10
20261001-210120,433.70,Vloxx,81053,8.4,12550,14590,118,1,0,-180,0,-138,9
20261001-210120,434.06,Vloxx,81053,8.7,12190,14880,28,0,,,,,0
20261001-210120,434.26,Vloxx,81053,8.9,12080,14660,28,0,,,,,0
20261001-210120,434.38,Aspect of the Sword,81326,5.1,12810,15560,33,0,,,,,2
20261001-210120,434.46,Vloxx,81053,9.1,11960,14430,28,0,,,,,0
20261001-210120,434.58,Aspect of the Sword,81326,5.3,12670,15350,33,0,,,,,0
20261001-210120,434.66,Vloxx,81053,9.3,11840,14210,28,0,,,,,0
20261001-210120,434.78,Aspect of the Sword,81326,5.5,12540,15140,33,0,,,,,8
20261001-210120,434.86,Vloxx,81053,9.5,11730,13990,28,0,,,,,0
20261001-210120,434.98,Aspect of the Sword,81326,5.7,12400,14930,33,0,,,,,0
20261001-210120,435.06,Vloxx,81053,9.7,11610,13770,28,0,,,,,0
20261001-210120,435.18,Aspect of the Sword,81326,5.9,12260,14720,33,0,,,,,0
20261001-210120,435.25,Vloxx,81053,9.9,11490,13550,28,0,,,,,0
20261001-210120,435.38,Aspect of the Sword,81326,6.1,12120,14510,33,0,,,,,0
20261001-210120,435.46,Vloxx,81053,10.1,11380,13330,28,0,,,,,0
20261001-210120,443.54,Vloxx,,,12300,14930,-81,0,,,,,0
20261001-210120,443.74,Vloxx,,,12550,14890,-81,0,,,,,0
20261001-210120,443.94,Vloxx,,,12790,14850,-81,0,,,,,0
20261001-210120,444.14,Vloxx,,,13040,14810,-81,0,,,,,0
20261001-210120,444.34,Vloxx,,,13290,14770,-81,0,,,,,0
20261001-210120,444.55,Vloxx,,,13530,14730,-81,0,,,,,0
20261001-210120,444.73,Vloxx,,,13780,14690,-81,0,,,,,0
20261001-210120,444.94,Vloxx,,,14030,14640,-81,0,,,,,0
20261001-210120,450.90,Aspect of the Sword,,,12090,15000,-269,0,,,,,0
20261001-210120,451.10,Aspect of the Sword,,,11840,15000,-269,0,,,,,0
20261001-210120,451.29,Aspect of the Sword,,,11590,15010,-269,0,,,,,0
20261001-210120,451.50,Aspect of the Sword,,,11340,15010,-269,0,,,,,0
20261001-210120,451.70,Aspect of the Sword,,,11090,15020,-269,0,,,,,0
20261001-210120,451.90,Aspect of the Sword,,,10840,15020,-269,0,,,,,0
20261001-210120,468.61,Aspect of the Sword,81326,9.8,12370,14820,58,0,,,,,0
20261001-210120,468.82,Aspect of the Sword,81326,10.0,12160,14690,58,0,,,,,0
20261001-210120,469.02,Aspect of the Sword,81326,10.2,11950,14560,58,0,,,,,0
20261001-210120,469.21,Aspect of the Sword,81326,10.4,11740,14430,58,0,,,,,0
20261001-210120,469.42,Aspect of the Sword,81326,10.6,11520,14290,58,0,,,,,0
20261001-210120,469.62,Aspect of the Sword,81326,10.8,11310,14160,58,0,,,,,0
20261001-210120,495.30,Vloxx,,,12040,15520,270,1,0,180,0,0,1
20261001-210120,495.30,Vloxx,,,12070,15560,270,1,0,180,0,0,1
20261001-210120,495.30,Vloxx,,,12040,15400,270,1,0,180,0,0,1
20261001-210120,495.82,Vloxx,,,11830,15930,180,1,0,-180,0,0,4
20261001-210120,495.82,Vloxx,,,12190,16110,180,1,0,-180,0,0,4
20261001-210120,495.82,Vloxx,,,12060,16090,180,1,0,-180,0,0,4
20261001-210120,496.33,Vloxx,,,11640,16230,90,1,0,-180,0,0,0
20261001-210120,496.33,Vloxx,,,11500,16110,90,1,0,-180,0,0,0
20261001-210120,496.33,Vloxx,,,11310,15720,90,1,0,-180,0,0,0
20261001-210120,496.85,Vloxx,,,11520,15200,0,1,0,-180,0,0,0
20261001-210120,496.85,Vloxx,,,11520,15670,0,1,0,-180,0,0,0
20261001-210120,496.85,Vloxx,,,11480,15540,0,1,0,-180,0,0,0
20261001-210120,510.30,Vloxx,,,12330,15150,270,1,0,180,0,0,3
20261001-210120,510.30,Vloxx,,,12280,15150,270,1,0,180,0,0,3
20261001-210120,510.30,Vloxx,,,12280,15060,270,1,0,180,0,0,3
20261001-210120,510.82,Vloxx,,,12210,14600,180,1,0,-180,0,0,8
20261001-210120,510.82,Vloxx,,,11970,14580,180,1,0,-180,0,0,8
20261001-210120,510.82,Vloxx,,,12030,14640,180,1,0,-180,0,0,8
20261001-210120,511.34,Vloxx,,,12440,14270,90,1,0,-180,0,0,2
20261001-210120,511.34,Vloxx,,,12540,14390,90,1,0,-180,0,0,2
20261001-210120,511.34,Vloxx,,,12760,14480,90,1,0,-180,0,0,2
20261001-210120,511.86,Vloxx,,,12790,14890,0,1,0,-180,0,0,1
20261001-210120,511.86,Vloxx,,,12750,14750,0,1,0,-180,0,0,1
20261001-210120,511.86,Vloxx,,,12880,15030,0,1,0,-180,0,0,1
20261001-210120,525.29,Vloxx,,,12260,15310,270,1,0,180,0,0,0
20261001-210120,525.29,Vloxx,,,12050,15390,270,1,0,180,0,0,0
20261001-210120,525.30,Vloxx,,,11950,15400,270,1,0,180,0,0,0
20261001-210120,525.81,Vloxx,,,11790,15890,180,1,0,-180,0,0,0
20261001-210120,525.81,Vloxx,,,11660,15880,180,1,0,-180,0,0,0
20261001-210120,525.81,Vloxx,,,12030,15820,180,1,0,-180,0,0,0
20261001-210120,526.33,Vloxx,,,11510,15590,90,1,0,-180,0,0,0
20261001-210120,526.33,Vloxx,,,11290,15640,90,1,0,-180,0,0,0
20261001-210120,526.33,Vloxx,,,11180,15590,90,1,0,-180,0,0,0
20261001-210120,526.85,Vloxx,,,11750,15070,0,1,0,-180,0,0,0
20261001-210120,526.85,Vloxx,,,11540,15130,0,1,0,-180,0,0,0
20261001-210120,526.85,Vloxx,,,11470,15110,0,1,0,-180,0,0,0
20261001-210120,538.33,Aspect of the Sword,81326,5.1,12690,15520,45,0,,,,,0
20261001-210120,538.53,Aspect of the Sword,81326,5.3,12520,15340,45,0,,,,,0
20261001-210120,538.73,Aspect of the Sword,81326,5.5,12340,15170,45,0,,,,,0
20261001-210120,538.93,Aspect of the Sword,81326,5.7,12160,14990,45,0,,,,,0
20261001-210120,539.13,Aspect of the Sword,81326,5.9,11980,14820,45,0,,,,,0
20261001-210120,539.33,Aspect of the Sword,81326,6.1,11800,14640,45,0,,,,,0
20261001-210120,540.29,Vloxx,,,12000,15260,270,1,0,180,0,0,0
20261001-210120,540.29,Vloxx,,,12310,15470,270,1,0,180,0,0,0
20261001-210120,540.81,Vloxx,,,12500,14990,180,1,0,-180,0,0,0
20261001-210120,540.81,Vloxx,,,12860,15610,180,1,0,-180,0,0,0
20261001-210120,541.33,Vloxx,,,12770,15490,90,1,0,-180,0,0,0
20261001-210120,541.33,Vloxx,,,12720,16160,90,1,0,-180,0,0,0
20261001-210120,541.85,Vloxx,,,12170,16020,0,1,0,-180,0,0,0
20261001-210120,541.85,Vloxx,,,12270,15760,0,1,0,-180,0,0,0
20261001-211048,280.67,Aspect of the Sword,81326,5.1,12790,15640,83,0,,,,,0
20261001-211048,280.87,Aspect of the Sword,81326,5.3,12540,15610,83,0,,,,,0
20261001-211048,281.06,Aspect of the Sword,81326,5.5,12290,15580,83,0,,,,,0
20261001-211048,281.27,Aspect of the Sword,81326,5.7,12040,15550,83,0,,,,,0
20261001-211048,281.46,Aspect of the Sword,81326,5.9,11790,15520,83,0,,,,,0
20261001-211048,281.66,Aspect of the Sword,81326,6.1,11550,15490,83,0,,,,,0
20261001-211048,297.91,Aspect of the Sword,,,11620,14800,-217,0,,,,,0
20261001-211048,298.17,Aspect of the Sword,,,11470,15000,-217,0,,,,,0
20261001-211048,298.31,Aspect of the Sword,,,11320,15200,-217,0,,,,,0
20261001-211048,298.51,Aspect of the Sword,,,11170,15400,-217,0,,,,,0
20261001-211048,298.70,Aspect of the Sword,,,11020,15600,-217,0,,,,,0
20261001-211048,298.91,Aspect of the Sword,,,10870,15800,-217,0,,,,,0
20261001-211048,313.67,Aspect of the Sword,81326,8.3,12070,15090,-32,0,,,,,0
20261001-211048,313.87,Aspect of the Sword,81326,8.5,12200,14880,-32,0,,,,,0
20261001-211048,314.07,Aspect of the Sword,81326,8.7,12340,14670,-32,0,,,,,0
20261001-211048,314.27,Aspect of the Sword,81326,8.9,12470,14460,-32,0,,,,,0
20261001-211048,314.47,Aspect of the Sword,81326,9.1,12610,14250,-32,0,,,,,0
20261001-211048,314.67,Aspect of the Sword,81326,9.3,12740,14030,-32,0,,,,,0
20261001-211048,326.03,Vloxx,81053,4.8,12040,13360,222,1,0,180,0,0,5
20261001-211048,326.54,Vloxx,81053,5.3,12070,13320,222,1,0,180,0,0,2
20261001-211048,326.54,Vloxx,81053,5.3,12060,13930,132,1,0,180,0,0,2
20261001-211048,327.06,Vloxx,81053,5.8,11500,13950,42,1,0,-180,0,0,4
20261001-211048,327.06,Vloxx,81053,5.8,12160,13880,132,1,0,180,0,0,4
20261001-211048,327.47,Vloxx,81053,6.2,12000,13450,222,1,0,180,0,0,9
20261001-211048,327.59,Vloxx,81053,6.3,11470,13390,-48,1,0,-180,0,0,9
20261001-211048,327.59,Vloxx,81053,6.3,11600,13960,42,1,0,-180,0,0,9
20261001-211048,327.99,Vloxx,81053,6.7,12150,13990,132,1,0,180,0,0,7
20261001-211048,328.07,Vloxx,81053,6.8,12100,13270,222,1,0,180,0,0,7
20261001-211048,328.11,Vloxx,81053,6.8,11510,13410,-48,1,0,-180,0,0,7
20261001-211048,328.51,Vloxx,81053,7.2,11610,14150,42,1,0,-180,0,0,2
20261001-211048,328.58,Vloxx,81053,7.3,12220,13820,132,1,0,180,0,0,2
20261001-211048,329.03,Vloxx,81053,7.8,11450,13600,-48,1,0,-180,0,0,3
20261001-211048,329.11,Aspect of the Sword,,,11860,13750,22,0,,,,,0
20261001-211048,329.11,Vloxx,81053,7.8,11670,13940,241,1,0,19,1,0,3
20261001-211048,329.30,Aspect of the Sword,,,11770,13510,22,0,,,,,0
20261001-211048,329.51,Aspect of the Sword,,,11680,13280,22,0,,,,,0
20261001-211048,329.63,Vloxx,81053,8.4,11550,13390,151,1,0,19,1,161,0
20261001-211048,329.71,Aspect of the Sword,,,11590,13050,22,0,,,,,0
20261001-211048,329.92,Aspect of the Sword,,,11490,12820,22,0,,,,,0
20261001-211048,330.11,Aspect of the Sword,,,11400,12580,22,0,,,,,0
20261001-211048,333.59,Vloxx,,,12100,13270,-29,0,,,,,0
20261001-211048,333.79,Vloxx,,,12220,13050,-29,0,,,,,0
20261001-211048,333.99,Vloxx,,,12340,12830,-29,0,,,,,0
20261001-211048,334.19,Vloxx,,,12460,12610,-29,0,,,,,0
20261001-211048,334.39,Vloxx,,,12590,12400,-29,0,,,,,0
20261001-211048,334.59,Vloxx,,,12710,12180,-29,0,,,,,0
20261001-211048,334.79,Vloxx,,,12830,11960,-29,0,,,,,0
20261001-211048,334.99,Vloxx,,,12950,11740,-29,0,,,,,0
20261001-211048,346.78,Vloxx,81053,4.8,12070,13210,288,1,0,-180,0,0,0
20261001-211048,347.31,Vloxx,81053,5.3,12450,13630,198,1,0,-180,0,0,0
20261001-211048,347.31,Vloxx,81053,5.3,12290,13320,288,1,0,-180,0,0,0
20261001-211048,347.82,Vloxx,81053,5.8,11910,13740,198,1,0,-180,0,0,1
20261001-211048,347.82,Vloxx,81053,5.8,12030,14010,108,1,0,-180,0,0,1
20261001-211048,348.23,Vloxx,81053,6.2,12130,13200,288,1,0,-180,0,0,6
20261001-211048,348.35,Vloxx,81053,6.3,11650,13590,18,1,0,180,0,0,6
20261001-211048,348.35,Vloxx,81053,6.3,11490,13360,108,1,0,-180,0,0,6
20261001-211048,348.75,Vloxx,81053,6.7,12300,13740,198,1,0,-180,0,0,0
20261001-211048,348.83,Vloxx,81053,6.8,12110,13240,288,1,0,-180,0,0,0
20261001-211048,348.86,Vloxx,81053,6.8,11870,12940,18,1,0,180,0,0,0
20261001-211048,349.26,Vloxx,81053,7.2,11760,13900,108,1,0,-180,0,0,0
20261001-211048,349.34,Vloxx,81053,7.3,12270,13780,198,1,0,-180,0,0,0
20261001-211048,349.79,Vloxx,81053,7.8,11590,13360,114,1,0,-84,1,-96,0
20261001-211048,349.86,Vloxx,81053,7.8,11730,13940,204,1,0,-84,1,-96,0
20261001-211048,350.39,Vloxx,81053,8.4,11570,13400,114,1,0,-84,1,-96,0
20261001-211048,351.87,Vloxx,81053,9.8,12030,13270,24,0,,,,,0
20261001-211048,352.06,Vloxx,81053,10.0,11930,13040,24,0,,,,,0
20261001-211048,352.26,Vloxx,81053,10.2,11820,12810,24,0,,,,,0
20261001-211048,352.46,Vloxx,81053,10.4,11720,12580,24,0,,,,,0
20261001-211048,352.67,Vloxx,81053,10.6,11620,12350,24,0,,,,,0
20261001-211048,352.86,Vloxx,81053,10.8,11520,12130,24,0,,,,,0
20261001-211048,353.07,Vloxx,81053,11.0,11410,11900,24,0,,,,,0
20261001-211048,353.27,Vloxx,81053,11.2,11310,11670,24,0,,,,,0
20261001-211048,363.47,Vloxx,81053,4.8,12050,13340,171,1,0,-180,0,0,6
20261001-211048,363.99,Vloxx,81053,5.3,11860,13870,81,1,0,180,0,0,7
20261001-211048,363.99,Vloxx,81053,5.3,12090,13320,171,1,0,-180,0,0,7
20261001-211048,364.51,Vloxx,81053,5.8,11320,13680,-9,1,0,180,0,0,3
20261001-211048,364.51,Vloxx,81053,5.8,11850,13830,81,1,0,180,0,0,3
20261001-211048,364.91,Vloxx,81053,6.2,12060,13330,171,1,0,-180,0,0,7
20261001-211048,365.03,Vloxx,81053,6.3,11340,13590,-7,1,0,-178,0,0,7
20261001-211048,365.03,Vloxx,81053,6.3,11520,13150,-97,1,0,-178,0,0,7
20261001-211048,365.42,Vloxx,81053,6.7,12420,13760,83,1,0,-178,0,-2,10
20261001-211048,365.51,Vloxx,81053,6.8,11910,13340,173,1,0,-178,0,-2,10
20261001-211048,365.54,Vloxx,81053,6.8,11580,13080,-97,1,0,-178,0,-2,10
20261001-211048,365.95,Vloxx,81053,7.2,11990,14120,-7,1,0,-178,0,-2,4
20261001-211048,366.02,Vloxx,81053,7.3,12280,12920,83,1,0,-178,0,-2,4
20261001-211048,366.47,Vloxx,81053,7.8,11630,13690,-97,1,0,-178,0,-2,7
20261001-211048,366.55,Vloxx,81053,7.8,12710,13290,-7,1,0,-178,0,-2,7
20261001-211048,367.07,Vloxx,81053,8.4,12330,13720,-97,1,0,180,0,-2,0
20261001-211048,376.39,Vloxx,,,12030,13400,-205,0,,,,,0
20261001-211048,376.59,Vloxx,,,11920,13630,-205,0,,,,,0
20261001-211048,376.79,Vloxx,,,11820,13860,-205,0,,,,,0
20261001-211048,376.99,Vloxx,,,11710,14080,-205,0,,,,,0
20261001-211048,377.18,Vloxx,,,11610,14310,-205,0,,,,,0
20261001-211048,377.39,Vloxx,,,11500,14540,-205,0,,,,,0
20261001-211048,377.59,Vloxx,,,11400,14760,-205,0,,,,,0
20261001-211048,377.78,Vloxx,81053,0.0,11290,14990,-52,0,,,,,0
20261001-211048,382.50,Vloxx,81053,4.8,12290,13290,308,1,0,-180,0,0,0
20261001-211048,383.03,Vloxx,81053,5.3,11970,13760,218,1,0,-180,0,0,0
20261001-211048,383.03,Vloxx,81053,5.3,11990,13240,308,1,0,-180,0,0,0
20261001-211048,383.54,Vloxx,81053,5.8,12550,13330,218,1,0,-180,0,0,0
20261001-211048,383.54,Vloxx,81053,5.8,11510,13430,128,1,0,-180,0,0,0
20261001-211048,383.94,Vloxx,81053,6.2,12090,13130,308,1,0,-180,0,0,0
20261001-211048,384.06,Vloxx,81053,6.3,11830,12970,166,1,0,-53,1,-127,7
20261001-211048,384.06,Vloxx,81053,6.3,12470,13890,256,1,0,-53,1,-127,7
20261001-211048,384.47,Vloxx,81053,6.7,12430,13580,346,1,0,-53,1,-127,9
20261001-211048,384.55,Vloxx,81053,6.8,12130,13150,436,1,0,-53,1,-127,9
20261001-211048,384.58,Vloxx,81053,6.8,11910,13800,166,1,0,-53,1,-127,9
20261001-211048,384.98,Vloxx,81053,7.2,11980,13930,256,1,0,-53,1,-127,2
20261001-211048,385.06,Vloxx,81053,7.3,12360,13660,346,1,0,-53,1,-127,2
20261001-211048,385.50,Vloxx,81053,7.8,11640,13480,166,1,0,-53,1,-127,2
20261001-211048,385.58,Vloxx,81053,7.8,11850,13890,256,1,0,-53,1,-127,2
20261001-211048,386.10,Vloxx,81053,8.4,11620,13380,166,1,0,180,0,0,1
20261001-211048,386.39,Vloxx,81053,8.6,11990,13320,76,0,,,,,0
20261001-211048,386.58,Vloxx,81053,8.8,11750,13250,76,0,,,,,0
20261001-211048,386.78,Vloxx,81053,9.0,11500,13190,76,0,,,,,0
20261001-211048,386.99,Vloxx,81053,9.2,11260,13130,76,0,,,,,0
20261001-211048,387.18,Vloxx,81053,9.4,11020,13070,76,0,,,,,0
20261001-211048,387.38,Vloxx,81053,9.6,10780,13000,76,0,,,,,0
20261001-211048,387.58,Vloxx,81053,9.8,10540,12940,76,0,,,,,0
20261001-211048,387.78,Vloxx,81053,10.0,10290,12880,76,0,,,,,0
20261001-211048,401.95,Aspect of the Sword,81326,5.0,13020,15630,14,0,,,,,0
20261001-211048,402.14,Aspect of the Sword,81326,5.2,12960,15380,14,0,,,,,0
20261001-211048,402.34,Aspect of the Sword,81326,5.4,12890,15140,14,0,,,,,2
20261001-211048,402.55,Aspect of the Sword,81326,5.6,12830,14900,14,0,,,,,0
20261001-211048,402.75,Aspect of the Sword,81326,5.8,12770,14660,14,0,,,,,0
20261001-211048,402.95,Aspect of the Sword,81326,6.0,12710,14420,14,0,,,,,0
20261001-211048,410.39,Vloxx,81053,4.8,13290,15150,297,1,0,180,0,0,4
20261001-211048,410.90,Vloxx,81053,5.3,13250,14940,297,1,0,180,0,0,7
20261001-211048,410.90,Vloxx,81053,5.3,12830,14830,207,1,0,180,0,0,7
20261001-211048,411.43,Vloxx,81053,5.8,13490,14430,207,1,0,180,0,0,6
20261001-211048,411.43,Vloxx,81053,5.8,13150,14360,117,1,0,-180,0,0,6
20261001-211048,411.83,Vloxx,81053,6.2,13260,14910,297,1,0,180,0,0,5
20261001-211048,411.95,Vloxx,81053,6.3,14000,14660,118,1,0,-179,0,0,5
20261001-211048,411.95,Vloxx,81053,6.3,13620,14690,28,1,0,-179,0,0,5
20261001-211048,412.34,Vloxx,81053,6.7,13660,15310,208,1,0,-179,0,-1,5
20261001-211048,412.43,Vloxx,81053,6.8,13300,14790,298,1,0,-179,0,-1,5
20261001-211048,412.46,Vloxx,81053,6.8,13760,15180,28,1,0,-179,0,-1,5
20261001-211048,412.87,Vloxx,81053,7.3,13260,15710,118,1,0,-179,0,-1,0
20261001-211048,412.94,Vloxx,81053,7.3,13570,15290,208,1,0,-179,0,-1,0
20261001-211048,413.39,Vloxx,81053,7.8,12860,15310,28,1,0,-179,0,-1,1
20261001-211048,413.47,Vloxx,81053,7.8,13070,15560,118,1,0,-179,0,-1,1
20261001-211048,413.98,Vloxx,81053,8.4,12800,15060,28,1,0,-180,0,0,1
20261001-211048,416.39,Vloxx,81053,10.8,13320,14900,-61,0,,,,,0
20261001-211048,416.58,Vloxx,81053,11.0,13540,14780,-61,0,,,,,0
20261001-211048,416.78,Vloxx,81053,11.2,13760,14660,-61,0,,,,,0
20261001-211048,416.99,Vloxx,81053,11.4,13970,14530,-61,0,,,,,0
20261001-211048,417.18,Vloxx,81053,11.6,14190,14410,-61,0,,,,,0
20261001-211048,417.38,Aspect of the Sword,,,13470,14600,-72,0,,,,,0
20261001-211048,417.38,Vloxx,81053,11.8,14410,14290,-61,0,,,,,0
20261001-211048,417.58,Aspect of the Sword,,,13710,14520,-72,0,,,,,0
20261001-211048,417.58,Vloxx,81053,12.0,14630,14170,-61,0,,,,,0
20261001-211048,417.78,Aspect of the Sword,,,13950,14440,-72,0,,,,,0
20261001-211048,417.78,Vloxx,,,14850,14040,-61,0,,,,,0
20261001-211048,417.98,Aspect of the Sword,,,14180,14360,-72,0,,,,,0
20261001-211048,418.18,Aspect of the Sword,,,14420,14280,-72,0,,,,,0
20261001-211048,418.38,Aspect of the Sword,,,14660,14210,-72,0,,,,,0
20261001-213946,284.63,Aspect of the Sword,81326,5.1,12700,15620,88,0,,,,,0
20261001-213946,284.83,Aspect of the Sword,81326,5.3,12450,15610,88,0,,,,,0
20261001-213946,285.03,Aspect of the Sword,81326,5.5,12200,15610,88,0,,,,,4
20261001-213946,285.23,Aspect of the Sword,81326,5.7,11950,15600,88,0,,,,,0
20261001-213946,285.43,Aspect of the Sword,81326,5.9,11700,15590,88,0,,,,,0
20261001-213946,285.63,Aspect of the Sword,81326,6.1,11450,15580,88,0,,,,,0
20261001-213946,301.03,Aspect of the Sword,,,11410,15630,-90,0,,,,,0
20261001-213946,301.23,Aspect of the Sword,,,11660,15630,-90,0,,,,,0
20261001-213946,301.43,Aspect of the Sword,,,11910,15630,-90,0,,,,,0
20261001-213946,301.63,Aspect of the Sword,,,12160,15630,-90,0,,,,,0
20261001-213946,301.83,Aspect of the Sword,,,12410,15630,-90,0,,,,,0
20261001-213946,302.03,Aspect of the Sword,,,12660,15620,-90,0,,,,,0
20261001-213946,318.63,Aspect of the Sword,81326,9.0,12140,15580,6,0,,,,,0
20261001-213946,318.82,Aspect of the Sword,81326,9.2,12110,15330,6,0,,,,,0
20261001-213946,319.03,Aspect of the Sword,81326,9.4,12080,15090,6,0,,,,,0
20261001-213946,319.23,Aspect of the Sword,81326,9.6,12050,14840,6,0,,,,,0
20261001-213946,319.43,Aspect of the Sword,81326,9.8,12030,14590,6,0,,,,,0
20261001-213946,319.63,Aspect of the Sword,81326,10.0,12000,14340,6,0,,,,,0
20261001-213946,333.11,Vloxx,81053,4.8,10200,15810,283,1,0,-180,0,0,5
20261001-213946,333.63,Vloxx,81053,5.3,10760,15710,193,1,0,180,0,0,5
20261001-213946,333.63,Vloxx,81053,5.3,10150,15840,283,1,0,-180,0,0,5
20261001-213946,334.15,Vloxx,81053,5.8,10610,15530,193,1,0,180,0,0,3
20261001-213946,334.15,Vloxx,81053,5.8,10860,16260,103,1,0,180,0,0,3
20261001-213946,334.56,Vloxx,81053,6.2,10240,15860,283,1,0,-180,0,0,6
20261001-213946,334.67,Aspect of the Sword,,,11090,15750,-257,0,,,,,0
20261001-213946,334.67,Vloxx,81053,6.3,10300,16370,14,1,0,-180,0,0,6
20261001-213946,334.67,Vloxx,81053,6.3,10930,15990,103,1,0,180,0,0,6
20261001-213946,334.87,Aspect of the Sword,,,10840,15800,-257,0,,,,,0
20261001-213946,335.07,Aspect of the Sword,,,10600,15850,-257,0,,,,,0
20261001-213946,335.07,Vloxx,81053,6.7,10730,15570,193,1,0,180,0,0,2
20261001-213946,335.14,Vloxx,81053,6.8,10230,15820,283,1,0,-180,0,0,6
20261001-213946,335.19,Vloxx,81053,6.8,10470,16310,14,1,0,-180,0,0,6
20261001-213946,335.28,Aspect of the Sword,,,10360,15910,-257,0,,,,,0
20261001-213946,335.47,Aspect of the Sword,,,10110,15960,-257,0,,,,,0
20261001-213946,335.58,Vloxx,81053,7.2,11020,16050,103,1,0,180,0,0,2
20261001-213946,335.67,Aspect of the Sword,,,9870,16020,-257,0,,,,,0
20261001-213946,335.67,Vloxx,81053,7.3,10790,15760,193,1,0,180,0,0,2
20261001-213946,336.11,Vloxx,81053,7.8,10530,16340,14,1,0,-180,0,0,2
20261001-213946,336.19,Vloxx,81053,7.8,10850,16330,103,1,0,180,0,0,2
20261001-213946,336.71,Vloxx,81053,8.4,10280,16380,66,1,0,-128,1,-52,3
20261001-213946,340.74,Vloxx,,,10360,15910,-116,0,,,,,0
20261001-213946,340.95,Vloxx,,,10590,16020,-116,0,,,,,0
20261001-213946,341.14,Vloxx,,,10810,16130,-116,0,,,,,0
20261001-213946,341.34,Vloxx,,,11040,16240,-116,0,,,,,0
20261001-213946,341.55,Vloxx,,,11260,16340,-116,0,,,,,0
20261001-213946,341.75,Vloxx,,,11490,16450,-116,0,,,,,0
20261001-213946,341.94,Vloxx,,,11710,16560,-116,0,,,,,0
20261001-213946,342.14,Vloxx,,,11940,16670,-151,0,,,,,0
20261001-213946,350.55,Aspect of the Sword,81326,9.6,10580,15850,-219,0,,,,,0
20261001-213946,350.75,Aspect of the Sword,81326,9.8,10430,16050,-219,0,,,,,0
20261001-213946,350.95,Aspect of the Sword,81326,10.0,10270,16240,-219,0,,,,,0
20261001-213946,351.15,Aspect of the Sword,81326,10.2,10110,16430,-219,0,,,,,0
20261001-213946,351.35,Aspect of the Sword,81326,10.4,9950,16630,-219,0,,,,,0
20261001-213946,351.55,Aspect of the Sword,81326,10.6,9790,16820,-219,0,,,,,0
20261001-213946,353.27,Vloxx,81053,4.8,10240,16110,259,1,0,-180,0,0,2
20261001-213946,353.79,Vloxx,81053,5.3,10480,15600,169,1,0,-180,0,0,9
20261001-213946,353.80,Vloxx,81053,5.3,10550,16180,259,1,0,-180,0,0,9
20261001-213946,354.31,Vloxx,81053,5.8,9990,16240,169,1,0,-180,0,0,9
20261001-213946,354.31,Vloxx,81053,5.8,10990,15840,79,1,0,-180,0,0,9
20261001-213946,354.71,Vloxx,81053,6.2,10430,16030,259,1,0,-180,0,0,8
20261001-213946,354.83,Vloxx,81053,6.3,9920,15680,79,1,0,-180,0,0,0
20261001-213946,354.83,Vloxx,81053,6.3,10750,16350,-11,1,0,180,0,0,0
20261001-213946,355.23,Vloxx,81053,6.7,10500,15470,169,1,0,-180,0,0,10
20261001-213946,355.31,Vloxx,81053,6.8,10450,15990,259,1,0,-180,0,0,10
20261001-213946,355.35,Vloxx,81053,6.8,10480,15610,-11,1,0,180,0,0,6
20261001-213946,355.75,Vloxx,81053,7.2,11060,15550,79,1,0,-180,0,0,8
20261001-213946,355.82,Vloxx,81053,7.3,10360,15430,169,1,0,-180,0,0,8
20261001-213946,356.27,Vloxx,81053,7.8,10990,16110,-11,1,0,180,0,0,2
20261001-213946,356.35,Vloxx,81053,7.8,10920,15340,79,1,0,-180,0,0,2
20261001-213946,356.86,Vloxx,81053,8.4,11010,15900,160,1,0,-9,1,-171,0
20261001-213946,358.78,Vloxx,81053,10.3,10330,16030,70,0,,,,,0
20261001-213946,358.99,Vloxx,81053,10.5,10090,15940,70,0,,,,,0
20261001-213946,359.19,Vloxx,81053,10.7,9860,15860,70,0,,,,,0
20261001-213946,359.38,Vloxx,81053,10.9,9630,15770,70,0,,,,,0
20261001-213946,359.59,Vloxx,81053,11.1,9390,15680,70,0,,,,,0
20261001-213946,359.78,Vloxx,81053,11.3,9160,15590,70,0,,,,,0
20261001-213946,359.99,Vloxx,81053,11.5,8920,15510,70,0,,,,,0
20261001-213946,360.19,Vloxx,81053,11.7,8690,15420,-79,0,,,,,0
20261001-213946,369.99,Vloxx,81053,4.8,10270,15910,102,1,0,-180,0,0,3
20261001-213946,370.51,Vloxx,81053,5.3,10830,15950,12,1,0,180,0,0,4
20261001-213946,370.51,Vloxx,81053,5.3,10530,16070,102,1,0,-180,0,0,4
20261001-213946,371.03,Vloxx,81053,5.8,10980,15740,12,1,0,180,0,0,2
20261001-213946,371.03,Vloxx,81053,5.8,10790,16510,-78,1,0,180,0,0,2
20261001-213946,371.43,Vloxx,81053,6.2,10500,16050,102,1,0,-180,0,0,2
20261001-213946,371.55,Vloxx,81053,6.3,11320,16190,-78,1,0,180,0,0,2
20261001-213946,371.55,Vloxx,81053,6.3,10230,16470,-168,1,0,-180,0,0,2
20261001-213946,371.94,Vloxx,81053,6.7,10870,15620,177,1,0,-15,1,-165,8
20261001-213946,372.03,Vloxx,81053,6.8,10540,15980,267,1,0,-15,1,-165,8
20261001-213946,372.07,Vloxx,81053,6.8,10870,16530,-3,1,0,-15,1,-165,7
20261001-213946,372.46,Vloxx,81053,7.2,11290,15990,87,1,0,-15,1,-165,1
20261001-213946,372.55,Vloxx,81053,7.3,10360,16520,177,1,0,-15,1,-165,1
20261001-213946,372.99,Vloxx,81053,7.8,10920,16420,-3,1,0,-15,1,-165,5
20261001-213946,373.07,Vloxx,81053,7.8,9830,16350,87,1,0,-15,1,-165,5
20261001-213946,373.59,Vloxx,81053,8.4,10000,15810,-3,1,0,180,0,-165,0
20261001-213946,382.83,Vloxx,,,10460,16010,-51,0,,,,,0
20261001-213946,383.02,Vloxx,,,10650,15850,-51,0,,,,,0
20261001-213946,383.23,Vloxx,,,10850,15700,-51,0,,,,,0
20261001-213946,383.42,Vloxx,,,11040,15540,-51,0,,,,,0
20261001-213946,383.63,Vloxx,,,11240,15380,-51,0,,,,,0
20261001-213946,383.82,Vloxx,,,11430,15230,-51,0,,,,,0
20261001-213946,384.03,Vloxx,,,11630,15070,-51,0,,,,,0
20261001-213946,384.23,Vloxx,81053,0.0,11820,14920,89,0,,,,,0
20261001-213946,388.95,Vloxx,81053,4.8,10180,15860,449,1,0,-180,0,0,0
20261001-213946,389.47,Vloxx,81053,5.3,10740,15830,359,1,0,-180,0,0,0
20261001-213946,389.47,Vloxx,81053,5.3,10170,16360,449,1,0,-180,0,0,0
20261001-213946,389.99,Vloxx,81053,5.8,10780,16390,269,1,0,180,0,0,0
20261001-213946,389.99,Vloxx,81053,5.8,10090,15800,359,1,0,-180,0,0,0
20261001-213946,390.38,Vloxx,81053,6.2,10220,15820,449,1,0,-180,0,0,0
20261001-213946,390.51,Vloxx,81053,6.3,10210,16430,18,1,0,19,1,0,10
20261001-213946,390.51,Vloxx,81053,6.3,10650,15720,108,1,0,19,1,0,10
20261001-213946,390.91,Vloxx,81053,6.7,10780,15890,198,1,0,19,1,161,10
20261001-213946,390.98,Vloxx,81053,6.8,10150,16030,288,1,0,19,1,161,10
20261001-213946,391.02,Vloxx,81053,6.8,10730,16280,18,1,0,19,1,161,10
20261001-213946,391.43,Vloxx,81053,7.2,10710,16450,108,1,0,19,1,161,10
20261001-213946,391.51,Vloxx,81053,7.3,10590,15670,198,1,0,19,1,161,10
20261001-213946,391.95,Vloxx,81053,7.8,10150,16380,18,1,0,19,1,161,10
20261001-213946,392.02,Vloxx,81053,7.8,10940,16110,108,1,0,19,1,161,10
20261001-213946,392.55,Vloxx,81053,8.4,10500,16470,18,1,0,-180,0,161,10
20261001-213946,392.87,Vloxx,81053,8.7,10470,16030,-72,0,,,,,0
20261001-213946,393.06,Vloxx,81053,8.9,10710,15960,-72,0,,,,,0
20261001-213946,393.26,Vloxx,81053,9.1,10950,15880,-72,0,,,,,0
20261001-213946,393.46,Vloxx,81053,9.3,11180,15810,-72,0,,,,,0
20261001-213946,393.66,Vloxx,81053,9.5,11420,15730,-72,0,,,,,0
20261001-213946,393.87,Vloxx,81053,9.7,11660,15650,-72,0,,,,,0
20261001-213946,394.06,Vloxx,81053,9.9,11900,15580,-72,0,,,,,0
20261001-213946,394.26,Vloxx,81053,10.1,12140,15500,-72,0,,,,,0
20261001-213946,413.06,Aspect of the Sword,81326,5.0,12800,15610,61,0,,,,,7
20261001-213946,413.27,Aspect of the Sword,81326,5.3,12590,15490,61,0,,,,,0
20261001-213946,413.47,Aspect of the Sword,81326,5.5,12370,15370,61,0,,,,,2
20261001-213946,413.66,Aspect of the Sword,81326,5.6,12150,15250,61,0,,,,,0
20261001-213946,413.87,Aspect of the Sword,81326,5.8,11930,15130,61,0,,,,,0
20261001-213946,414.07,Aspect of the Sword,81326,6.0,11710,15010,61,0,,,,,0
20261001-213946,417.90,Vloxx,81053,4.8,12280,15340,139,1,0,-180,0,0,7
20261001-213946,418.42,Vloxx,81053,5.3,12200,15260,139,1,0,-180,0,0,7
20261001-213946,418.42,Vloxx,81053,5.3,11750,15530,49,1,0,-180,0,0,7
20261001-213946,418.94,Vloxx,81053,5.8,11560,14990,-41,1,0,-180,0,0,6
20261001-213946,418.94,Vloxx,81053,5.8,12760,15280,49,1,0,-180,0,0,6
20261001-213946,419.34,Vloxx,81053,6.2,12320,15360,139,1,0,-180,0,0,10
20261001-213946,419.46,Vloxx,81053,6.3,12090,14810,-119,1,0,-167,1,0,10
20261001-213946,419.46,Vloxx,81053,6.3,12740,15850,-29,1,0,-167,1,0,10
20261001-213946,419.86,Vloxx,81053,6.7,11800,15570,61,1,0,-167,1,-13,10
20261001-213946,419.95,Vloxx,81053,6.8,12330,15190,151,1,0,-167,1,-13,10
20261001-213946,419.98,Vloxx,81053,6.8,12170,15830,-119,1,0,-167,1,-13,10
20261001-213946,420.38,Vloxx,81053,7.2,11580,15050,-29,1,0,-167,1,-13,9
20261001-213946,420.47,Vloxx,81053,7.3,12530,15720,61,1,0,-167,1,-13,9
20261001-213946,420.90,Vloxx,81053,7.8,12100,14830,-119,1,0,-167,1,-13,6
20261001-213946,420.99,Vloxx,81053,7.8,12000,15920,-29,1,0,-167,1,-13,6
20261001-213946,421.51,Vloxx,81053,8.4,11800,15400,-77,1,0,-138,1,0,5
20261001-213946,423.78,Vloxx,81053,10.6,12280,15400,-167,0,,,,,0
20261001-213946,423.99,Vloxx,81053,10.8,12340,15650,-167,0,,,,,0
20261001-213946,424.18,Vloxx,81053,11.0,12400,15890,-167,0,,,,,0
20261001-213946,424.38,Vloxx,81053,11.2,12450,16130,-167,0,,,,,0
20261001-213946,424.58,Vloxx,81053,11.4,12510,16380,-167,0,,,,,0
20261001-213946,424.79,Vloxx,81053,11.6,12570,16620,-167,0,,,,,0
20261001-213946,424.98,Vloxx,81053,11.8,12630,16860,-167,0,,,,,0
20261001-213946,425.18,Vloxx,,,12690,17110,-167,0,,,,,0
20261001-213946,428.82,Aspect of the Sword,,,12210,15220,-1,0,,,,,0
20261001-213946,429.03,Aspect of the Sword,,,12220,14970,-1,0,,,,,0
20261001-213946,429.22,Aspect of the Sword,,,12220,14720,-1,0,,,,,0
20261001-213946,429.42,Aspect of the Sword,,,12220,14470,-1,0,,,,,0
20261001-213946,429.63,Aspect of the Sword,,,12230,14220,-1,0,,,,,0
20261001-213946,429.83,Aspect of the Sword,,,12230,13970,-1,0,,,,,0
20261001-213946,439.11,Vloxx,81053,4.8,12420,15230,220,1,0,-180,0,0,6
20261001-213946,439.63,Vloxx,81053,5.3,12100,15050,220,1,0,-180,0,0,5
20261001-213946,439.63,Vloxx,81053,5.3,12310,15780,130,1,0,180,0,0,5
20261001-213946,440.14,Vloxx,81053,5.8,11760,15680,40,1,0,180,0,0,5
20261001-213946,440.14,Vloxx,81053,5.8,12650,15190,130,1,0,180,0,0,5
20261001-213946,440.55,Vloxx,81053,6.2,12270,15320,220,1,0,-180,0,0,10
20261001-213946,440.66,Vloxx,81053,6.3,12500,15740,40,1,0,180,0,0,10
20261001-213946,440.66,Vloxx,81053,6.3,11860,15120,-50,1,0,-180,0,0,10
20261001-213946,441.06,Vloxx,81053,6.7,12340,15880,269,1,0,-41,1,-139,2
20261001-213946,441.14,Vloxx,81053,6.8,12300,15140,359,1,0,-41,1,-139,2
20261001-213946,441.19,Vloxx,81053,6.8,11950,15590,89,1,0,-41,1,-139,0
20261001-213946,441.58,Vloxx,81053,7.2,11780,15950,179,1,0,-41,1,-139,0
20261001-213946,441.67,Vloxx,81053,7.3,12620,15600,269,1,0,-41,1,-139,0
20261001-213946,442.11,Vloxx,81053,7.8,11710,15390,89,1,0,-41,1,-139,0
20261001-213946,442.18,Vloxx,81053,7.8,12160,15930,179,1,0,-41,1,-139,0
20261001-213946,442.71,Vloxx,81053,8.4,11830,15470,89,1,0,-180,0,-139,0
20261001-213946,443.06,Vloxx,81053,8.7,12260,15260,-1,0,,,,,0
20261001-213946,443.26,Vloxx,81053,8.9,12270,15010,-1,0,,,,,0
20261001-213946,443.46,Vloxx,81053,9.1,12270,14760,-1,0,,,,,0
20261001-213946,443.66,Vloxx,81053,9.3,12270,14510,-1,0,,,,,0
20261001-213946,443.86,Vloxx,81053,9.5,12280,14260,-1,0,,,,,0
20261001-213946,444.06,Vloxx,81053,9.7,12280,14010,-1,0,,,,,0
20261001-213946,444.26,Vloxx,81053,9.9,12280,13760,-1,0,,,,,0
20261001-213946,444.34,Aspect of the Sword,81326,6.8,12180,15670,-113,0,,,,,0
20261001-213946,444.46,Vloxx,81053,10.1,12290,13510,-1,0,,,,,0
20261001-213946,444.54,Aspect of the Sword,81326,7.0,12410,15770,-113,0,,,,,0
20261001-213946,444.74,Aspect of the Sword,81326,7.2,12640,15860,-113,0,,,,,0
20261001-213946,444.94,Aspect of the Sword,81326,7.4,12870,15960,-113,0,,,,,0
20261001-213946,445.14,Aspect of the Sword,81326,7.6,13100,16060,-113,0,,,,,0
20261001-213946,445.34,Aspect of the Sword,81326,7.8,13330,16160,-113,0,,,,,0
20261001-213946,452.26,Vloxx,,,12190,15330,90,0,,,,,0
20261001-213946,452.46,Vloxx,,,11940,15330,90,0,,,,,0
20261001-213946,452.67,Vloxx,,,11690,15330,90,0,,,,,0
20261001-213946,452.86,Vloxx,,,11440,15330,90,0,,,,,0
20261001-213946,453.07,Vloxx,,,11190,15320,90,0,,,,,0
20261001-213946,453.26,Vloxx,,,10940,15320,90,0,,,,,0
20261001-213946,453.46,Vloxx,,,10690,15320,90,0,,,,,0
20261001-213946,453.66,Vloxx,,,10440,15320,-148,0,,,,,0
20261001-213946,507.10,Vloxx,,,12250,15110,270,1,0,180,0,0,3
20261001-213946,507.10,Vloxx,,,12150,15490,270,1,0,180,0,0,3
20261001-213946,507.10,Vloxx,,,12330,15040,270,1,0,180,0,0,3
20261001-213946,507.50,Aspect of the Sword,81326,5.1,12770,15410,37,0,,,,,0
20261001-213946,507.62,Vloxx,,,11950,14960,180,1,0,-180,0,0,9
20261001-213946,507.62,Vloxx,,,12090,14530,180,1,0,-180,0,0,9
20261001-213946,507.62,Vloxx,,,11920,14660,180,1,0,-180,0,0,9
20261001-213946,507.70,Aspect of the Sword,81326,5.3,12620,15210,37,0,,,,,0
20261001-213946,507.90,Aspect of the Sword,81326,5.5,12470,15010,37,0,,,,,0
20261001-213946,508.10,Aspect of the Sword,81326,5.7,12320,14810,37,0,,,,,0
20261001-213946,508.14,Vloxx,,,12370,14320,90,1,0,-180,0,0,3
20261001-213946,508.14,Vloxx,,,12600,14290,90,1,0,-180,0,0,3
20261001-213946,508.14,Vloxx,,,12470,14760,90,1,0,-180,0,0,3
20261001-213946,508.30,Aspect of the Sword,81326,5.9,12170,14610,37,0,,,,,0
20261001-213946,508.50,Aspect of the Sword,81326,6.1,12020,14410,37,0,,,,,0
20261001-213946,508.66,Vloxx,,,12680,15290,0,1,0,-180,0,0,0
20261001-213946,508.66,Vloxx,,,12710,14770,0,1,0,-180,0,0,0
20261001-213946,508.66,Vloxx,,,12840,14810,0,1,0,-180,0,0,0
20261001-213946,522.10,Vloxx,,,12320,15580,270,1,0,180,0,0,10
20261001-213946,522.10,Vloxx,,,12250,15570,270,1,0,180,0,0,10
20261001-213946,522.10,Vloxx,,,12230,15350,270,1,0,180,0,0,10
20261001-213946,522.62,Vloxx,,,12710,15650,180,1,0,-180,0,0,4
20261001-213946,522.62,Vloxx,,,12840,15810,180,1,0,-180,0,0,4
20261001-213946,522.62,Vloxx,,,12680,15930,180,1,0,-180,0,0,4
20261001-213946,522.86,Aspect of the Sword,,,12130,15780,-79,0,,,,,0
20261001-213946,523.06,Aspect of the Sword,,,12370,15730,-79,0,,,,,0
20261001-213946,523.14,Vloxx,,,12610,16330,90,1,0,-180,0,0,0
20261001-213946,523.14,Vloxx,,,12330,16370,90,1,0,-180,0,0,0
20261001-213946,523.14,Vloxx,,,12410,16130,90,1,0,-180,0,0,0
20261001-213946,523.25,Aspect of the Sword,,,12620,15680,-79,0,,,,,0
20261001-213946,523.46,Aspect of the Sword,,,12860,15630,-79,0,,,,,0
20261001-213946,523.66,Aspect of the Sword,,,13110,15580,-79,0,,,,,0
20261001-213946,523.66,Vloxx,,,11930,15830,0,1,0,-180,0,0,0
20261001-213946,523.66,Vloxx,,,11890,16010,0,1,0,-180,0,0,0
20261001-213946,523.66,Vloxx,,,12090,16100,0,1,0,-180,0,0,0
20261001-213946,523.85,Aspect of the Sword,,,13350,15530,-79,0,,,,,0
20261001-213946,537.10,Vloxx,,,12320,15240,270,1,0,180,0,0,2
20261001-213946,537.10,Vloxx,,,12480,15100,270,1,0,180,0,0,2
20261001-213946,537.10,Vloxx,,,12480,15120,270,1,0,180,0,0,2
20261001-213946,537.63,Vloxx,,,12540,14560,180,1,0,-180,0,0,9
20261001-213946,537.63,Vloxx,,,12350,14680,180,1,0,-180,0,0,9
20261001-213946,537.63,Vloxx,,,12530,14540,180,1,0,-180,0,0,9
20261001-213946,538.13,Vloxx,,,13100,14620,90,1,0,-180,0,0,0
20261001-213946,538.13,Vloxx,,,12920,14710,90,1,0,-180,0,0,0
20261001-213946,538.13,Vloxx,,,13090,14580,90,1,0,-180,0,0,0
20261001-213946,538.22,Aspect of the Sword,81326,6.2,12810,15250,35,0,,,,,0
20261001-213946,538.41,Aspect of the Sword,81326,6.4,12670,15050,35,0,,,,,0
20261001-213946,538.62,Aspect of the Sword,81326,6.6,12520,14850,35,0,,,,,0
20261001-213946,538.66,Vloxx,,,13050,15140,0,1,0,-180,0,0,0
20261001-213946,538.66,Vloxx,,,13040,15180,0,1,0,-180,0,0,0
20261001-213946,538.66,Vloxx,,,12880,15270,0,1,0,-180,0,0,0
20261001-213946,538.82,Aspect of the Sword,81326,6.8,12380,14640,35,0,,,,,0
20261001-213946,539.01,Aspect of the Sword,81326,7.0,12230,14440,35,0,,,,,0
20261001-213946,539.22,Aspect of the Sword,81326,7.2,12090,14230,35,0,,,,,0
20261001-213946,552.10,Vloxx,,,12180,15360,270,1,0,180,0,0,1
20261001-213946,552.10,Vloxx,,,12190,15470,270,1,0,180,0,0,1
20261001-213946,552.10,Vloxx,,,12200,15410,270,1,0,180,0,0,1
20261001-213946,552.62,Vloxx,,,11900,14940,180,1,0,-180,0,0,8
20261001-213946,552.63,Vloxx,,,12240,14800,180,1,0,-180,0,0,8
20261001-213946,552.63,Vloxx,,,11890,14990,180,1,0,-180,0,0,8
20261001-213946,553.14,Vloxx,,,12370,14630,90,1,0,-180,0,0,2
20261001-213946,553.14,Vloxx,,,12370,14690,90,1,0,-180,0,0,2
20261001-213946,553.14,Vloxx,,,12800,14850,90,1,0,-180,0,0,2
20261001-213946,553.66,Vloxx,,,12740,15420,0,1,0,-180,0,0,1
20261001-213946,553.66,Vloxx,,,12680,15100,0,1,0,-180,0,0,1
20261001-213946,553.66,Vloxx,,,12670,15160,0,1,0,-180,0,0,1
20261001-221556,264.51,Aspect of the Sword,81326,5.1,12750,15620,75,0,,,,,0
20261001-221556,264.71,Aspect of the Sword,81326,5.3,12510,15550,75,0,,,,,0
20261001-221556,264.91,Aspect of the Sword,81326,5.5,12270,15490,75,0,,,,,1
20261001-221556,265.12,Aspect of the Sword,81326,5.7,12030,15430,75,0,,,,,0
20261001-221556,265.31,Aspect of the Sword,81326,5.9,11780,15360,75,0,,,,,0
20261001-221556,265.51,Aspect of the Sword,81326,6.1,11540,15300,75,0,,,,,0
20261001-221556,280.27,Aspect of the Sword,,,12370,15530,-165,0,,,,,0
20261001-221556,280.46,Aspect of the Sword,,,12440,15770,-165,0,,,,,0
20261001-221556,280.67,Aspect of the Sword,,,12500,16010,-165,0,,,,,0
20261001-221556,280.86,Aspect of the Sword,,,12560,16250,-165,0,,,,,0
20261001-221556,281.07,Aspect of the Sword,,,12630,16500,-165,0,,,,,0
20261001-221556,281.26,Aspect of the Sword,,,12690,16740,-165,0,,,,,0
20261001-221556,295.95,Aspect of the Sword,81326,6.7,12570,15580,36,0,,,,,0
20261001-221556,296.14,Aspect of the Sword,81326,6.9,12420,15370,36,0,,,,,0
20261001-221556,296.35,Aspect of the Sword,81326,7.1,12270,15170,36,0,,,,,0
20261001-221556,296.54,Aspect of the Sword,81326,7.3,12130,14970,36,0,,,,,0
20261001-221556,296.74,Aspect of the Sword,81326,7.5,11980,14770,36,0,,,,,0
20261001-221556,296.95,Aspect of the Sword,81326,7.7,11840,14560,36,0,,,,,0
20261001-221556,311.35,Aspect of the Sword,,,12320,14970,-18,0,,,,,0
20261001-221556,311.54,Aspect of the Sword,,,12400,14740,-18,0,,,,,0
20261001-221556,311.75,Aspect of the Sword,,,12480,14500,-18,0,,,,,0
20261001-221556,311.94,Aspect of the Sword,,,12560,14260,-18,0,,,,,0
20261001-221556,312.15,Aspect of the Sword,,,12630,14030,-18,0,,,,,0
20261001-221556,312.35,Aspect of the Sword,,,12710,13790,-18,0,,,,,0
20261001-221556,315.40,Vloxx,81053,4.8,12620,13550,149,1,0,-180,0,0,0
20261001-221556,315.91,Vloxx,81053,5.3,12510,14110,59,1,0,-180,0,0,7
20261001-221556,315.91,Vloxx,81053,5.3,12900,13370,149,1,0,-180,0,0,7
20261001-221556,316.43,Vloxx,81053,5.8,12770,13910,59,1,0,-180,0,0,1
20261001-221556,316.43,Vloxx,81053,5.8,11950,14000,-31,1,0,180,0,0,1
20261001-221556,316.82,Vloxx,81053,6.2,12600,13300,149,1,0,-180,0,0,0
20261001-221556,316.94,Vloxx,81053,6.3,12060,13440,-121,1,0,180,0,0,0
20261001-221556,316.94,Vloxx,81053,6.3,12220,13780,-31,1,0,180,0,0,0
20261001-221556,317.35,Vloxx,81053,6.7,12070,13510,59,1,0,-180,0,0,4
20261001-221556,317.42,Vloxx,81053,6.8,12910,13410,149,1,0,-180,0,0,7
20261001-221556,317.46,Vloxx,81053,6.8,12350,13230,-121,1,0,180,0,0,7
20261001-221556,317.86,Vloxx,81053,7.2,11860,12990,-31,1,0,180,0,0,1
20261001-221556,317.94,Vloxx,81053,7.3,12470,13770,59,1,0,-180,0,0,1
20261001-221556,318.39,Vloxx,81053,7.8,12380,12770,-121,1,0,180,0,0,4
20261001-221556,318.46,Vloxx,81053,7.8,12110,13330,205,1,0,55,1,0,4
20261001-221556,318.99,Vloxx,81053,8.4,12550,12970,115,1,0,55,1,125,1
20261001-221556,322.91,Vloxx,,,12920,13380,-74,0,,,,,0
20261001-221556,323.10,Vloxx,,,13160,13310,-74,0,,,,,0
20261001-221556,323.31,Vloxx,,,13390,13240,-74,0,,,,,0
20261001-221556,323.50,Vloxx,,,13630,13170,-74,0,,,,,0
20261001-221556,323.70,Vloxx,,,13870,13100,-74,0,,,,,0
20261001-221556,323.91,Vloxx,,,14110,13030,-74,0,,,,,0
20261001-221556,324.10,Vloxx,,,14350,12960,-74,0,,,,,0
20261001-221556,324.30,Vloxx,,,14590,12880,-74,0,,,,,0
20261001-221556,326.91,Aspect of the Sword,81326,7.6,12670,13720,-30,0,,,,,0
20261001-221556,327.10,Aspect of the Sword,81326,7.8,12790,13500,-30,0,,,,,0
20261001-221556,327.30,Aspect of the Sword,81326,8.0,12920,13290,-30,0,,,,,0
20261001-221556,327.51,Aspect of the Sword,81326,8.2,13040,13070,-30,0,,,,,0
20261001-221556,327.70,Aspect of the Sword,81326,8.4,13160,12850,-30,0,,,,,0
20261001-221556,327.90,Aspect of the Sword,81326,8.6,13290,12630,-30,0,,,,,0
20261001-221556,335.63,Vloxx,81053,4.8,12740,13540,149,1,0,-180,0,0,9
20261001-221556,336.15,Vloxx,81053,5.3,12840,13400,149,1,0,-180,0,0,9
20261001-221556,336.15,Vloxx,81053,5.3,12830,14100,58,1,0,-180,0,0,9
20261001-221556,336.67,Vloxx,81053,5.8,12270,14180,-32,1,0,-180,0,0,9
20261001-221556,336.67,Vloxx,81053,5.8,12940,13960,58,1,0,-180,0,0,9
20261001-221556,337.06,Vloxx,81053,6.2,12950,13260,149,1,0,-180,0,0,3
20261001-221556,337.19,Vloxx,81053,6.3,12390,14060,-32,1,0,-180,0,0,8
20261001-221556,337.19,Vloxx,81053,6.3,12180,13620,-122,1,0,180,0,0,8
20261001-221556,337.59,Vloxx,81053,6.7,13030,13820,58,1,0,-180,0,0,9
20261001-221556,337.66,Vloxx,81053,6.8,12900,13330,149,1,0,-180,0,0,9
20261001-221556,337.71,Vloxx,81053,6.8,12290,13500,-122,1,0,180,0,0,9
20261001-221556,338.10,Vloxx,81053,7.2,12470,13910,-32,1,0,-180,0,0,9
20261001-221556,338.19,Vloxx,81053,7.3,12940,13900,58,1,0,-180,0,0,9
20261001-221556,338.63,Vloxx,81053,7.8,12390,13350,-122,1,0,180,0,0,9
20261001-221556,338.71,Vloxx,81053,7.8,12370,13930,-32,1,0,-180,0,0,9
20261001-221556,339.22,Vloxx,81053,8.4,12340,13370,-123,1,0,178,0,2,3
20261001-221556,341.30,Vloxx,81053,10.4,12800,13460,-213,0,,,,,0
20261001-221556,341.51,Vloxx,81053,10.6,12670,13670,-213,0,,,,,0
20261001-221556,341.70,Vloxx,81053,10.8,12530,13880,-213,0,,,,,0
20261001-221556,341.90,Vloxx,81053,11.0,12390,14090,-213,0,,,,,0
20261001-221556,342.10,Vloxx,81053,11.2,12250,14300,-213,0,,,,,0
20261001-221556,342.26,Aspect of the Sword,,,13050,13450,9,0,,,,,0
20261001-221556,342.31,Vloxx,81053,11.4,12120,14510,-213,0,,,,,0
20261001-221556,342.46,Aspect of the Sword,,,13010,13210,9,0,,,,,0
20261001-221556,342.50,Vloxx,81053,11.6,11980,14720,-213,0,,,,,0
20261001-221556,342.67,Aspect of the Sword,,,12970,12960,9,0,,,,,0
20261001-221556,342.70,Vloxx,81053,11.8,11840,14930,-213,0,,,,,0
20261001-221556,342.86,Aspect of the Sword,,,12930,12710,9,0,,,,,0
20261001-221556,343.06,Aspect of the Sword,,,12890,12470,9,0,,,,,0
20261001-221556,343.27,Aspect of the Sword,,,12850,12220,9,0,,,,,0
20261001-223543,280.54,Aspect of the Sword,81326,5.0,12710,15580,81,0,,,,,0
20261001-223543,280.74,Aspect of the Sword,81326,5.2,12460,15540,81,0,,,,,0
20261001-223543,280.94,Aspect of the Sword,81326,5.4,12210,15500,81,0,,,,,0
20261001-223543,281.15,Aspect of the Sword,81326,5.6,11970,15460,81,0,,,,,0
20261001-223543,281.35,Aspect of the Sword,81326,5.8,11720,15420,81,0,,,,,0
20261001-223543,281.55,Aspect of the Sword,81326,6.0,11470,15380,81,0,,,,,0
20261001-223543,296.35,Aspect of the Sword,,,12330,15340,-30,0,,,,,0
20261001-223543,296.54,Aspect of the Sword,,,12450,15120,-30,0,,,,,0
20261001-223543,296.75,Aspect of the Sword,,,12580,14910,-30,0,,,,,0
20261001-223543,296.94,Aspect of the Sword,,,12700,14690,-30,0,,,,,0
20261001-223543,297.15,Aspect of the Sword,,,12830,14470,-30,0,,,,,0
20261001-223543,297.35,Aspect of the Sword,,,12950,14260,-30,0,,,,,0
20261001-223543,312.38,Aspect of the Sword,81326,6.7,12280,15490,-265,0,,,,,0
20261001-223543,312.58,Aspect of the Sword,81326,6.9,12030,15510,-265,0,,,,,0
20261001-223543,312.78,Aspect of the Sword,81326,7.1,11780,15530,-265,0,,,,,0
20261001-223543,312.98,Aspect of the Sword,81326,7.3,11540,15550,-265,0,,,,,0
20261001-223543,313.18,Aspect of the Sword,81326,7.5,11290,15580,-265,0,,,,,0
20261001-223543,313.38,Aspect of the Sword,81326,7.7,11040,15600,-265,0,,,,,0
20261001-223543,315.58,Vloxx,81053,4.8,12240,15370,96,1,0,-180,0,0,3
20261001-223543,316.10,Vloxx,81053,5.3,11710,15160,6,1,0,-180,0,0,3
20261001-223543,316.10,Vloxx,81053,5.3,12180,15380,96,1,0,-180,0,0,3
20261001-223543,316.62,Vloxx,81053,5.8,12120,14810,6,1,0,-180,0,0,0
20261001-223543,316.62,Vloxx,81053,5.8,11920,14630,-84,1,0,-180,0,0,0
20261001-223543,317.02,Vloxx,81053,6.2,12240,15330,96,1,0,-180,0,0,7
20261001-223543,317.14,Vloxx,81053,6.3,12690,14760,-84,1,0,179,0,0,7
20261001-223543,317.14,Vloxx,81053,6.3,12450,14840,-174,1,0,179,0,0,7
20261001-223543,317.54,Vloxx,81053,6.7,11870,15760,6,1,0,179,0,1,4
20261001-223543,317.63,Vloxx,81053,6.8,12200,15310,96,1,0,179,0,1,6
20261001-223543,317.66,Vloxx,81053,6.8,12740,15320,-174,1,0,179,0,1,6
20261001-223543,318.07,Vloxx,81053,7.2,11440,15400,-84,1,0,179,0,1,6
20261001-223543,318.14,Vloxx,81053,7.3,12770,15320,6,1,0,179,0,1,6
20261001-223543,318.59,Vloxx,81053,7.8,11800,14960,-174,1,0,179,0,1,4
20261001-223543,318.66,Vloxx,81053,7.8,12760,15880,-84,1,0,179,0,1,4
20261001-223543,319.18,Vloxx,81053,8.4,12190,15870,-174,1,0,180,0,1,0
20261001-223543,326.66,Vloxx,,,10370,15970,-126,0,,,,,0
20261001-223543,326.87,Vloxx,,,10570,16110,-126,0,,,,,0
20261001-223543,327.06,Vloxx,,,10780,16260,-126,0,,,,,0
20261001-223543,327.26,Vloxx,,,10980,16410,-126,0,,,,,0
20261001-223543,327.46,Vloxx,,,11180,16560,-126,0,,,,,0
20261001-223543,327.66,Vloxx,,,11380,16710,-126,0,,,,,0
20261001-223543,327.87,Vloxx,,,11580,16860,-126,0,,,,,0
20261001-223543,328.06,Vloxx,,,11780,17000,-124,0,,,,,0
20261001-223543,338.14,Vloxx,81053,4.8,10380,15840,150,1,0,-180,0,0,6
20261001-223543,338.67,Vloxx,81053,5.3,10240,15750,150,1,0,-180,0,0,7
20261001-223543,338.67,Vloxx,81053,5.3,10440,16400,60,1,0,180,0,0,7
20261001-223543,339.18,Vloxx,81053,5.8,9880,16460,-30,1,0,180,0,0,8
20261001-223543,339.18,Vloxx,81053,5.8,10760,15960,60,1,0,180,0,0,8
20261001-223543,339.58,Vloxx,81053,6.2,10410,16040,150,1,0,-180,0,0,3
20261001-223543,339.70,Vloxx,81053,6.3,9820,15900,-3,1,0,-64,1,0,3
20261001-223543,339.70,Vloxx,81053,6.3,10550,16480,87,1,0,-64,1,0,3
20261001-223543,340.10,Vloxx,81053,6.7,9850,15990,177,1,0,-64,1,-116,8
20261001-223543,340.18,Vloxx,81053,6.8,10320,16140,267,1,0,-64,1,-116,9
20261001-223543,340.22,Vloxx,81053,6.8,10030,16270,-3,1,0,-64,1,-116,9
20261001-223543,340.62,Vloxx,81053,7.2,9900,15420,87,1,0,-64,1,-116,1
20261001-223543,340.71,Vloxx,81053,7.3,9900,15760,177,1,0,-64,1,-116,1
20261001-223543,341.14,Vloxx,81053,7.8,10460,15480,-3,1,0,-64,1,-116,0
20261001-223543,341.22,Vloxx,81053,7.8,10290,15340,87,1,0,-64,1,-116,0
20261001-223543,341.74,Vloxx,81053,8.3,10700,15720,-3,1,0,-180,0,-116,0
20261001-223543,344.14,Vloxx,81053,10.8,10380,15940,-107,0,,,,,0
20261001-223543,344.34,Vloxx,81053,11.0,10620,16020,-107,0,,,,,0
20261001-223543,344.55,Vloxx,81053,11.2,10860,16090,-107,0,,,,,0
20261001-223543,344.74,Vloxx,81053,11.4,11100,16170,-107,0,,,,,0
20261001-223543,344.95,Vloxx,81053,11.6,11340,16240,-107,0,,,,,0
20261001-223543,345.14,Vloxx,81053,11.7,11580,16310,-107,0,,,,,0
20261001-223543,345.35,Vloxx,81053,12.0,11820,16390,-107,0,,,,,0
20261001-223543,345.54,Vloxx,,,12060,16460,-107,0,,,,,0
20261001-223543,354.46,Vloxx,81053,4.8,10250,16030,330,1,0,-180,0,0,7
20261001-223543,354.99,Vloxx,81053,5.3,10120,15470,240,1,0,180,0,0,7
20261001-223543,354.99,Vloxx,81053,5.3,10220,15940,330,1,0,-180,0,0,7
20261001-223543,355.50,Vloxx,81053,5.8,10680,15350,150,1,0,180,0,0,5
20261001-223543,355.50,Vloxx,81053,5.8,10520,15470,240,1,0,180,0,0,5
20261001-223543,355.91,Vloxx,81053,6.2,10290,15950,330,1,0,-180,0,0,7
20261001-223543,356.03,Vloxx,81053,6.3,10800,15900,36,1,0,156,1,0,6
20261001-223543,356.03,Vloxx,81053,6.3,11000,15770,126,1,0,156,1,0,6
20261001-223543,356.42,Vloxx,81053,6.7,10180,15390,216,1,0,156,1,24,7
20261001-223543,356.50,Vloxx,81053,6.8,10240,16040,306,1,0,156,1,24,7
20261001-223543,356.54,Vloxx,81053,6.8,10690,16250,36,1,0,156,1,24,7
20261001-223543,356.95,Vloxx,81053,7.2,10740,15280,126,1,0,156,1,24,6
20261001-223543,357.02,Vloxx,81053,7.3,10110,15490,216,1,0,156,1,24,6
20261001-223543,357.46,Vloxx,81053,7.8,10850,15830,36,1,0,156,1,24,4
20261001-223543,357.54,Vloxx,81053,7.8,10660,15360,126,1,0,156,1,24,4
20261001-223543,358.06,Vloxx,81053,8.4,10790,15910,36,1,0,-180,0,24,3
20261001-223543,372.33,Vloxx,81053,4.8,10300,15920,359,1,0,180,0,0,3
20261001-223543,372.86,Vloxx,81053,5.3,10720,15540,269,1,0,-180,0,0,3
20261001-223543,372.86,Vloxx,81053,5.3,10330,15920,359,1,0,180,0,0,3
20261001-223543,373.38,Vloxx,81053,5.8,11100,15960,179,1,0,-180,0,0,1
20261001-223543,373.38,Vloxx,81053,5.8,10750,15550,269,1,0,-180,0,0,1
20261001-223543,373.78,Vloxx,81053,6.2,10560,15840,359,1,0,180,0,0,1
20261001-223543,373.90,Vloxx,81053,6.3,10690,16340,89,1,0,-180,0,0,4
20261001-223543,373.90,Vloxx,81053,6.3,11120,15970,179,1,0,-180,0,0,4
20261001-223543,374.30,Vloxx,81053,6.7,10310,16350,272,1,0,-177,0,-3,7
20261001-223543,374.38,Vloxx,81053,6.8,10310,16000,362,1,0,-178,0,-3,7
20261001-223543,374.42,Vloxx,81053,6.8,10700,16340,92,1,0,-177,0,-3,7
20261001-223543,374.82,Vloxx,81053,7.2,9800,16100,182,1,0,-177,0,-3,6
20261001-223543,374.90,Vloxx,81053,7.3,9920,15590,272,1,0,-177,0,-3,6
20261001-223543,375.34,Vloxx,81053,7.8,10050,15590,92,1,0,-177,0,-3,2
20261001-223543,375.42,Vloxx,81053,7.8,10320,15200,182,1,0,-177,0,-3,2
20261001-223543,375.94,Vloxx,81053,8.4,10720,15600,92,1,0,-180,0,-3,8
20261001-223543,378.42,Vloxx,81053,10.8,10340,15850,-24,0,,,,,0
20261001-223543,378.62,Vloxx,81053,11.0,10440,15630,-24,0,,,,,0
20261001-223543,378.81,Vloxx,81053,11.2,10550,15400,-24,0,,,,,0
20261001-223543,379.02,Vloxx,81053,11.4,10650,15170,-24,0,,,,,0
20261001-223543,379.22,Vloxx,81053,11.6,10750,14940,-24,0,,,,,0
20261001-223543,379.42,Vloxx,81053,11.8,10850,14710,-24,0,,,,,0
20261001-223543,379.62,Vloxx,,,10950,14480,-24,0,,,,,0
20261001-223543,379.82,Vloxx,,,11060,14260,-24,0,,,,,0
20261001-223543,392.86,Vloxx,81053,4.8,10140,15900,254,1,0,-180,0,0,8
20261001-223543,393.38,Vloxx,81053,5.3,10600,15560,164,1,0,-180,0,0,10
20261001-223543,393.38,Vloxx,81053,5.3,10200,15900,254,1,0,-180,0,0,10
20261001-223543,393.90,Vloxx,81053,5.8,10940,16010,74,1,0,-180,0,0,6
20261001-223543,393.90,Vloxx,81053,5.8,10680,15600,164,1,0,-180,0,0,6
20261001-223543,394.30,Vloxx,81053,6.2,10420,15960,254,1,0,-180,0,0,6
20261001-223543,394.42,Vloxx,81053,6.3,10980,16080,74,1,0,-180,0,0,9
20261001-223543,394.42,Vloxx,81053,6.3,10490,16350,-16,1,0,180,0,0,9
20261001-223543,394.82,Vloxx,81053,6.7,10930,15710,134,1,0,150,1,24,9
20261001-223543,394.90,Vloxx,81053,6.8,10240,15830,224,1,0,150,1,30,9
20261001-223543,394.94,Vloxx,81053,6.8,10500,16380,-46,1,0,150,1,30,9
20261001-223543,395.34,Vloxx,81053,7.2,11180,16210,44,1,0,150,1,30,8
20261001-223543,395.42,Vloxx,81053,7.3,10800,15890,134,1,0,150,1,30,8
20261001-223543,395.86,Vloxx,81053,7.8,10670,16460,-46,1,0,150,1,30,4
20261001-223543,395.94,Vloxx,81053,7.8,10740,16450,44,1,0,150,1,30,4
20261001-223543,396.46,Vloxx,81053,8.4,10180,16390,-46,1,0,174,0,30,7
20261001-223543,402.31,Vloxx,,,11590,17360,27,0,,,,,0
20261001-223543,402.50,Vloxx,,,11480,17140,27,0,,,,,0
20261001-223543,402.71,Vloxx,,,11370,16920,27,0,,,,,0
20261001-223543,402.90,Vloxx,,,11250,16690,27,0,,,,,0
20261001-223543,403.10,Vloxx,,,11140,16470,27,0,,,,,0
20261001-223543,403.30,Vloxx,,,11030,16250,27,0,,,,,0
20261001-223543,403.50,Vloxx,,,10920,16020,27,0,,,,,0
20261001-223543,403.70,Vloxx,,,10800,15800,27,0,,,,,0
20261001-223543,405.10,Aspect of the Sword,81326,5.1,12980,15750,-226,0,,,,,0
20261001-223543,405.29,Aspect of the Sword,81326,5.3,12800,15920,-226,0,,,,,0
20261001-223543,405.50,Aspect of the Sword,81326,5.5,12620,16100,-226,0,,,,,2
20261001-223543,405.70,Aspect of the Sword,81326,5.7,12440,16270,-226,0,,,,,0
20261001-223543,405.90,Aspect of the Sword,81326,5.9,12260,16450,-226,0,,,,,0
20261001-223543,406.10,Aspect of the Sword,81326,6.1,12080,16620,-226,0,,,,,0
20261001-223543,409.78,Vloxx,81053,4.8,11550,17230,298,1,0,180,0,0,2
20261001-223543,410.30,Vloxx,81053,5.3,11630,17430,298,1,0,180,0,0,5
20261001-223543,410.30,Vloxx,81053,5.3,11040,17000,208,1,0,180,0,0,5
20261001-223543,410.82,Vloxx,81053,5.8,12120,17150,208,1,0,180,0,0,2
20261001-223543,410.82,Vloxx,81053,5.8,11270,16480,118,1,0,-180,0,0,2
20261001-223543,411.22,Vloxx,81053,6.2,11800,17370,298,1,0,180,0,0,2
20261001-223543,411.34,Vloxx,81053,6.3,12400,17640,118,1,0,-180,0,0,2
20261001-223543,411.34,Vloxx,81053,6.3,11780,16720,28,1,0,-180,0,0,2
20261001-223543,411.74,Vloxx,81053,6.7,12050,16860,208,1,0,180,0,0,3
20261001-223543,411.82,Vloxx,81053,6.8,11590,17400,298,1,0,180,0,0,3
20261001-223543,411.86,Vloxx,81053,6.8,11910,17920,28,1,0,-180,0,0,3
20261001-223543,412.26,Vloxx,81053,7.2,12560,17120,118,1,0,-180,0,0,0
20261001-223543,412.34,Vloxx,81053,7.3,12140,17300,208,1,0,180,0,0,0
20261001-223543,412.78,Vloxx,81053,7.8,12310,17620,28,1,0,-180,0,0,0
20261001-223543,412.86,Vloxx,81053,7.8,12240,17860,118,1,0,-180,0,0,0
20261001-223543,413.37,Vloxx,81053,8.4,11680,17960,51,1,0,-157,1,-23,0
20261001-223543,420.71,Aspect of the Sword,,,11910,17160,-246,0,,,,,0
20261001-223543,420.90,Aspect of the Sword,,,11680,17270,-246,0,,,,,0
20261001-223543,421.10,Aspect of the Sword,,,11450,17370,-246,0,,,,,0
20261001-223543,421.30,Aspect of the Sword,,,11220,17470,-246,0,,,,,0
20261001-223543,421.50,Aspect of the Sword,,,11000,17570,-246,0,,,,,0
20261001-223543,421.70,Aspect of the Sword,,,10770,17680,-246,0,,,,,0
20261001-223543,427.78,Vloxx,81053,4.8,11590,17430,277,1,0,-180,0,0,4
20261001-223543,428.31,Vloxx,81053,5.3,11930,16990,187,1,0,180,0,0,4
20261001-223543,428.31,Vloxx,81053,5.3,11630,17490,277,1,0,-180,0,0,4
20261001-223543,428.82,Vloxx,81053,5.8,11210,17120,187,1,0,180,0,0,6
20261001-223543,428.82,Vloxx,81053,5.8,12380,17330,97,1,0,180,0,0,6
20261001-223543,429.22,Vloxx,81053,6.2,11600,17510,277,1,0,-180,0,0,3
20261001-223543,429.34,Vloxx,81053,6.3,11580,16690,97,1,0,180,0,0,3
20261001-223543,429.34,Vloxx,81053,6.3,12040,17780,7,1,0,-180,0,0,3
20261001-223543,429.74,Vloxx,81053,6.7,11350,17000,238,1,0,-130,1,-50,10
20261001-223543,429.82,Vloxx,81053,6.8,11560,17730,328,1,0,-130,1,-50,10
20261001-223543,429.86,Vloxx,81053,6.8,12010,17070,58,1,0,-130,1,-50,9
20261001-223543,430.26,Vloxx,81053,7.2,11860,16750,148,1,0,-130,1,-50,10
20261001-223543,430.34,Vloxx,81053,7.3,11260,17250,238,1,0,-130,1,-50,10
20261001-223543,430.77,Vloxx,81053,7.8,12110,17260,58,1,0,-130,1,-50,8
20261001-223543,430.86,Vloxx,81053,7.8,11740,16950,148,1,0,-130,1,-50,8
20261001-223543,431.38,Vloxx,81053,8.4,12040,17430,58,1,0,-180,0,-50,3
20261001-223543,434.94,Vloxx,81053,11.9,11600,17360,20,0,,,,,0
20261001-223543,435.14,Vloxx,,,11510,17120,20,0,,,,,0
20261001-223543,435.34,Vloxx,,,11430,16890,20,0,,,,,0
20261001-223543,435.54,Vloxx,,,11340,16660,20,0,,,,,0
20261001-223543,435.74,Vloxx,,,11250,16420,20,0,,,,,0
20261001-223543,435.93,Vloxx,,,11170,16190,20,0,,,,,0
20261001-223543,436.13,Vloxx,,,11080,15950,20,0,,,,,0
20261001-223543,436.33,Vloxx,,,10990,15720,20,0,,,,,0
20261001-223543,436.78,Aspect of the Sword,81326,5.1,11700,17260,81,0,,,,,0
20261001-223543,436.98,Aspect of the Sword,81326,5.3,11450,17220,81,0,,,,,0
20261001-223543,437.18,Aspect of the Sword,81326,5.5,11210,17180,81,0,,,,,0
20261001-223543,437.37,Aspect of the Sword,81326,5.7,10960,17140,81,0,,,,,0
20261001-223543,437.58,Aspect of the Sword,81326,5.9,10710,17100,81,0,,,,,0
20261001-223543,437.77,Aspect of the Sword,81326,6.1,10470,17060,81,0,,,,,0
20261001-223543,444.50,Vloxx,81053,4.8,11730,17230,260,1,0,-180,0,0,2
20261001-223543,445.02,Vloxx,81053,5.3,11570,17460,260,1,0,-180,0,0,4
20261001-223543,445.02,Vloxx,81053,5.3,11890,17770,170,1,0,180,0,0,4
20261001-223543,445.54,Vloxx,81053,5.8,11710,16910,170,1,0,180,0,0,6
20261001-223543,445.54,Vloxx,81053,5.8,11350,17940,80,1,0,180,0,0,6
20261001-223543,445.94,Vloxx,81053,6.2,11730,17340,260,1,0,-180,0,0,1
20261001-223543,446.06,Vloxx,81053,6.3,11190,17390,124,1,0,-47,1,0,1
20261001-223543,446.06,Vloxx,81053,6.3,12260,17050,214,1,0,-47,1,0,1
20261001-223543,446.46,Vloxx,81053,6.7,11750,16770,304,1,0,-47,1,-133,8
20261001-223543,446.54,Vloxx,81053,6.8,11630,17600,394,1,0,-47,1,-133,8
20261001-223543,446.57,Vloxx,81053,6.8,12120,17600,124,1,0,-47,1,-133,8
20261001-223543,446.98,Vloxx,81053,7.2,12320,16800,214,1,0,-47,1,-133,7
20261001-223543,447.06,Vloxx,81053,7.3,11220,17210,304,1,0,-47,1,-133,7
20261001-223543,447.50,Vloxx,81053,7.8,12290,17360,124,1,0,-47,1,-133,3
20261001-223543,447.58,Vloxx,81053,7.8,11610,16800,214,1,0,-47,1,-133,3
20261001-223543,448.10,Vloxx,81053,8.4,12020,17190,124,1,0,180,0,-133,3
20261001-223543,452.30,Aspect of the Sword,,,11700,17250,74,0,,,,,0
20261001-223543,452.50,Aspect of the Sword,,,11460,17180,74,0,,,,,0
20261001-223543,452.70,Aspect of the Sword,,,11220,17110,74,0,,,,,0
20261001-223543,452.89,Aspect of the Sword,,,10980,17040,74,0,,,,,0
20261001-223543,453.09,Aspect of the Sword,,,10740,16970,74,0,,,,,0
20261001-223543,453.29,Aspect of the Sword,,,10500,16900,74,0,,,,,0
20261001-223543,472.78,Aspect of the Sword,81326,6.4,12040,16990,-14,0,,,,,0
20261001-223543,472.98,Aspect of the Sword,81326,6.6,12100,16750,-14,0,,,,,0
20261001-223543,473.18,Aspect of the Sword,81326,6.8,12160,16510,-14,0,,,,,0
20261001-223543,473.37,Aspect of the Sword,81326,7.0,12220,16270,-14,0,,,,,0
20261001-223543,473.57,Aspect of the Sword,81326,7.2,12280,16020,-14,0,,,,,0
20261001-223543,473.78,Aspect of the Sword,81326,7.4,12340,15780,-14,0,,,,,0
20261001-223543,497.50,Vloxx,,,12410,15350,270,1,0,180,0,0,8
20261001-223543,497.50,Vloxx,,,12430,15330,270,1,0,180,0,0,8
20261001-223543,497.50,Vloxx,,,12400,15320,270,1,0,180,0,0,8
20261001-223543,498.01,Vloxx,,,12850,14990,180,1,0,-180,0,0,6
20261001-223543,498.01,Vloxx,,,12830,14930,180,1,0,-180,0,0,6
20261001-223543,498.01,Vloxx,,,12790,14920,180,1,0,-180,0,0,6
20261001-223543,498.54,Vloxx,,,13230,15330,90,1,0,-180,0,0,0
20261001-223543,498.54,Vloxx,,,13210,15430,90,1,0,-180,0,0,0
20261001-223543,498.54,Vloxx,,,13200,15310,90,1,0,-180,0,0,0
20261001-223543,499.06,Vloxx,,,12830,15730,0,1,0,-180,0,0,0
20261001-223543,499.06,Vloxx,,,12770,15780,0,1,0,-180,0,0,0
20261001-223543,499.06,Vloxx,,,12800,15720,0,1,0,-180,0,0,0
20261001-223543,512.50,Vloxx,,,12150,15330,270,1,0,180,0,0,1
20261001-223543,512.50,Vloxx,,,11880,15280,270,1,0,180,0,0,1
20261001-223543,512.50,Vloxx,,,11760,15320,270,1,0,180,0,0,1
20261001-223543,513.01,Vloxx,,,11430,15620,180,1,0,-180,0,0,3
20261001-223543,513.01,Vloxx,,,11770,15750,180,1,0,-180,0,0,3
20261001-223543,513.01,Vloxx,,,11350,15700,180,1,0,-180,0,0,3
20261001-223543,513.53,Vloxx,,,11350,15370,90,1,0,-180,0,0,0
20261001-223543,513.53,Vloxx,,,10960,15290,90,1,0,-180,0,0,0
20261001-223543,513.53,Vloxx,,,11090,15160,90,1,0,-180,0,0,0
20261001-223543,514.06,Vloxx,,,11540,14820,0,1,0,-180,0,0,0
20261001-223543,514.06,Vloxx,,,11370,14900,0,1,0,-180,0,0,0
20261001-223543,514.06,Vloxx,,,11730,14950,0,1,0,-180,0,0,0
20261001-223543,527.51,Vloxx,,,12300,15390,270,1,0,180,0,0,8
20261001-223543,527.51,Vloxx,,,12320,15350,270,1,0,180,0,0,8
20261001-223543,527.51,Vloxx,,,12410,15520,270,1,0,180,0,0,8
20261001-223543,528.01,Vloxx,,,12790,15030,180,1,0,-180,0,0,8
20261001-223543,528.01,Vloxx,,,12980,15510,180,1,0,-180,0,0,8
20261001-223543,528.01,Vloxx,,,12870,15330,180,1,0,-180,0,0,8
20261001-223543,528.53,Vloxx,,,12980,16080,90,1,0,-180,0,0,1
20261001-223543,528.53,Vloxx,,,12930,15890,90,1,0,-180,0,0,1
20261001-223543,528.53,Vloxx,,,13110,15490,90,1,0,-180,0,0,1
20261001-223543,529.05,Vloxx,,,12370,15960,0,1,0,-180,0,0,0
20261001-223543,529.05,Vloxx,,,12420,16080,0,1,0,-180,0,0,0
20261001-223543,529.05,Vloxx,,,12640,15810,0,1,0,-180,0,0,0
20261001-223543,536.29,Aspect of the Sword,81326,5.0,12820,15400,68,0,,,,,0
20261001-223543,536.50,Aspect of the Sword,81326,5.2,12590,15310,68,0,,,,,0
20261001-223543,536.69,Aspect of the Sword,81326,5.4,12360,15220,68,0,,,,,0
20261001-223543,536.89,Aspect of the Sword,81326,5.6,12130,15120,68,0,,,,,0
20261001-223543,537.09,Aspect of the Sword,81326,5.8,11890,15030,68,0,,,,,0
20261001-223543,537.29,Aspect of the Sword,81326,6.0,11660,14940,68,0,,,,,0
20261001-223543,542.50,Vloxx,,,12160,15470,270,1,0,180,0,0,7
20261001-223543,542.50,Vloxx,,,12120,15590,270,1,0,180,0,0,7
20261001-223543,542.50,Vloxx,,,12130,15620,270,1,0,180,0,0,7
20261001-223543,543.02,Vloxx,,,12400,16120,180,1,0,-180,0,0,6
20261001-223543,543.02,Vloxx,,,12360,16000,180,1,0,-180,0,0,6
20261001-223543,543.02,Vloxx,,,12340,16110,180,1,0,-180,0,0,6
20261001-223543,543.53,Vloxx,,,11830,16200,90,1,0,-180,0,0,0
20261001-223543,543.53,Vloxx,,,11820,16330,90,1,0,-180,0,0,0
20261001-223543,543.53,Vloxx,,,11900,16390,90,1,0,-180,0,0,0
20261001-223543,544.05,Vloxx,,,11630,15890,0,1,0,-180,0,0,0
20261001-223543,544.05,Vloxx,,,11600,15810,0,1,0,-180,0,0,0
20261001-223543,544.05,Vloxx,,,11630,15670,0,1,0,-180,0,0,0
20261001-223543,552.41,Aspect of the Sword,,,12230,15640,-31,0,,,,,0
20261001-223543,552.61,Aspect of the Sword,,,12360,15420,-31,0,,,,,0
20261001-223543,552.82,Aspect of the Sword,,,12490,15210,-31,0,,,,,0
20261001-223543,553.01,Aspect of the Sword,,,12620,15000,-31,0,,,,,0
20261001-223543,553.21,Aspect of the Sword,,,12750,14780,-31,0,,,,,0
20261001-223543,553.41,Aspect of the Sword,,,12880,14570,-31,0,,,,,0
20261001-223543,557.49,Vloxx,,,12210,15290,270,1,0,180,0,0,0
20261001-223543,557.50,Vloxx,,,12470,15280,270,1,0,180,0,0,0
20261001-223543,558.01,Vloxx,,,12150,15750,180,1,0,-180,0,0,1
20261001-223543,558.01,Vloxx,,,11740,14980,180,1,0,-180,0,0,1
20261001-223543,558.53,Vloxx,,,12040,14510,90,1,0,-180,0,0,1
20261001-223543,558.53,Vloxx,,,11680,15420,90,1,0,-180,0,0,1
20261001-223543,559.06,Vloxx,,,12520,14810,0,1,0,-180,0,0,0
20261001-223543,559.06,Vloxx,,,12010,14960,0,1,0,-180,0,0,0
20261001-223543,567.97,Aspect of the Sword,81326,7.0,12290,15500,-50,0,,,,,0
20261001-223543,568.17,Aspect of the Sword,81326,7.2,12480,15340,-50,0,,,,,0
20261001-223543,568.37,Aspect of the Sword,81326,7.4,12670,15180,-50,0,,,,,0
20261001-223543,568.57,Aspect of the Sword,81326,7.6,12860,15020,-50,0,,,,,0
20261001-223543,568.77,Aspect of the Sword,81326,7.8,13050,14850,-50,0,,,,,0
20261001-223543,568.97,Aspect of the Sword,81326,8.0,13240,14690,-50,0,,,,,0
20261001-223543,572.49,Vloxx,,,12340,15240,270,1,0,180,0,0,0
20261001-223543,573.02,Vloxx,,,12240,15800,180,1,0,-180,0,0,0
20261001-223543,573.53,Vloxx,,,11680,15700,90,1,0,-180,0,0,0
20261001-223543,574.05,Vloxx,,,11780,15140,0,1,0,-180,0,0,0
20261001-223543,585.33,Aspect of the Sword,,,12390,15190,-149,0,,,,,0
20261001-223543,585.53,Aspect of the Sword,,,12510,15400,-149,0,,,,,0
20261001-223543,585.73,Aspect of the Sword,,,12640,15610,-149,0,,,,,0
20261001-223543,585.93,Aspect of the Sword,,,12770,15830,-149,0,,,,,0
20261001-223543,586.13,Aspect of the Sword,,,12900,16040,-149,0,,,,,0
20261001-223543,586.33,Aspect of the Sword,,,13030,16260,-149,0,,,,,0
20261001-225245,276.46,Aspect of the Sword,81326,5.0,12800,15670,-252,0,,,,,7
20261001-225245,276.66,Aspect of the Sword,81326,5.2,12560,15750,-252,0,,,,,0
20261001-225245,276.86,Aspect of the Sword,81326,5.4,12320,15830,-252,0,,,,,4
20261001-225245,277.06,Aspect of the Sword,81326,5.6,12090,15900,-252,0,,,,,0
20261001-225245,277.26,Aspect of the Sword,81326,5.8,11850,15980,-252,0,,,,,0
20261001-225245,277.47,Aspect of the Sword,81326,6.0,11610,16060,-252,0,,,,,0
20261001-225245,292.03,Aspect of the Sword,,,12650,15560,36,0,,,,,0
20261001-225245,292.23,Aspect of the Sword,,,12500,15360,36,0,,,,,0
20261001-225245,292.43,Aspect of the Sword,,,12350,15160,36,0,,,,,0
20261001-225245,292.62,Aspect of the Sword,,,12200,14960,36,0,,,,,0
20261001-225245,292.83,Aspect of the Sword,,,12050,14750,36,0,,,,,0
20261001-225245,293.03,Aspect of the Sword,,,11910,14550,36,0,,,,,0
20261001-225245,308.22,Aspect of the Sword,81326,6.7,12270,15360,61,0,,,,,0
20261001-225245,308.42,Aspect of the Sword,81326,6.9,12050,15240,61,0,,,,,0
20261001-225245,308.62,Aspect of the Sword,81326,7.1,11830,15110,61,0,,,,,0
20261001-225245,308.82,Aspect of the Sword,81326,7.3,11610,14990,61,0,,,,,0
20261001-225245,309.02,Aspect of the Sword,81326,7.5,11390,14870,61,0,,,,,0
20261001-225245,309.22,Aspect of the Sword,81326,7.7,11180,14750,61,0,,,,,0
20261001-225245,318.83,Vloxx,81053,4.8,10440,14300,237,1,0,180,0,0,4
20261001-225245,319.35,Vloxx,81053,5.3,10440,14130,237,1,0,180,0,0,2
20261001-225245,319.35,Vloxx,81053,5.3,10690,14810,148,1,0,-180,0,0,2
20261001-225245,319.87,Vloxx,81053,5.8,10830,14540,148,1,0,-180,0,0,3
20261001-225245,319.87,Vloxx,81053,5.8,10180,15060,58,1,0,-180,0,0,3
20261001-225245,320.26,Vloxx,81053,6.2,10470,14270,237,1,0,180,0,0,2
20261001-225245,320.38,Vloxx,81053,6.3,9930,14560,-32,1,0,-180,0,0,6
20261001-225245,320.38,Vloxx,81053,6.3,10420,14920,58,1,0,-180,0,0,6
20261001-225245,320.78,Vloxx,81053,6.7,10460,14830,148,1,0,-180,0,0,8
20261001-225245,320.87,Vloxx,81053,6.8,10440,14250,237,1,0,180,0,0,8
20261001-225245,320.90,Vloxx,81053,6.8,10030,14510,-32,1,0,-180,0,0,8
20261001-225245,321.30,Vloxx,81053,7.2,9900,14830,58,1,0,-180,0,0,0
20261001-225245,321.38,Vloxx,81053,7.3,10830,14660,148,1,0,-180,0,0,0
20261001-225245,321.82,Vloxx,81053,7.8,9900,14260,-32,1,0,-180,0,0,3
20261001-225245,321.90,Vloxx,81053,7.8,10420,15050,58,1,0,-180,0,0,3
20261001-225245,322.42,Vloxx,81053,8.4,10030,14640,90,1,0,-57,1,-123,0
20261001-225245,325.31,Aspect of the Sword,,,10800,14400,68,0,,,,,0
20261001-225245,325.50,Aspect of the Sword,,,10570,14310,68,0,,,,,0
20261001-225245,325.71,Aspect of the Sword,,,10330,14220,68,0,,,,,0
20261001-225245,325.91,Aspect of the Sword,,,10100,14130,68,0,,,,,0
20261001-225245,326.11,Aspect of the Sword,,,9870,14030,68,0,,,,,0
20261001-225245,326.31,Aspect of the Sword,,,9640,13940,68,0,,,,,0
20261001-225245,326.50,Vloxx,,,10380,14260,57,0,,,,,0
20261001-225245,326.70,Vloxx,,,10170,14120,57,0,,,,,0
20261001-225245,326.90,Vloxx,,,9960,13980,57,0,,,,,0
20261001-225245,327.10,Vloxx,,,9750,13850,57,0,,,,,0
20261001-225245,327.30,Vloxx,,,9540,13710,57,0,,,,,0
20261001-225245,327.51,Vloxx,,,9330,13580,57,0,,,,,0
20261001-225245,327.71,Vloxx,,,9120,13440,57,0,,,,,0
20261001-225245,327.90,Vloxx,,,8910,13310,57,0,,,,,0
20261001-225245,339.14,Vloxx,81053,4.8,10040,14480,254,1,0,-180,0,0,6
20261001-225245,339.67,Vloxx,81053,5.3,10440,14080,164,1,0,-180,0,0,10
20261001-225245,339.67,Vloxx,81053,5.3,10250,14550,254,1,0,-180,0,0,10
20261001-225245,340.18,Vloxx,81053,5.8,10840,14480,74,1,0,-180,0,0,10
20261001-225245,340.18,Vloxx,81053,5.8,10070,14010,164,1,0,-180,0,0,10
20261001-225245,340.58,Vloxx,81053,6.2,10120,14460,254,1,0,-180,0,0,9
20261001-225245,340.70,Vloxx,81053,6.3,10610,13840,74,1,0,-180,0,0,10
20261001-225245,340.70,Vloxx,81053,6.3,10450,14880,-16,1,0,180,0,0,10
20261001-225245,341.10,Vloxx,81053,6.7,10570,14110,164,1,0,-180,0,0,9
20261001-225245,341.18,Vloxx,81053,6.8,10150,14430,254,1,0,-180,0,0,9
20261001-225245,341.23,Vloxx,81053,6.8,10780,14380,-16,1,0,180,0,0,8
20261001-225245,341.62,Vloxx,81053,7.2,10910,14570,74,1,0,-180,0,0,10
20261001-225245,341.70,Vloxx,81053,7.3,10660,14190,164,1,0,-180,0,0,10
20261001-225245,342.14,Vloxx,81053,7.8,10460,14910,104,1,0,-60,1,-120,1
20261001-225245,342.23,Vloxx,81053,7.8,10900,14710,194,1,0,-60,1,-120,1
20261001-225245,342.75,Vloxx,81053,8.4,10380,14940,104,1,0,-60,1,-120,0
20261001-225245,344.22,Vloxx,81053,9.8,10260,14410,14,0,,,,,0
20261001-225245,344.42,Vloxx,81053,10.0,10200,14160,14,0,,,,,0
20261001-225245,344.62,Vloxx,81053,10.2,10140,13920,14,0,,,,,0
20261001-225245,344.82,Vloxx,81053,10.4,10080,13680,14,0,,,,,0
20261001-225245,345.02,Vloxx,81053,10.6,10020,13440,14,0,,,,,0
20261001-225245,345.22,Vloxx,81053,10.8,9960,13190,14,0,,,,,0
20261001-225245,345.42,Vloxx,81053,11.0,9900,12950,14,0,,,,,0
20261001-225245,345.62,Vloxx,81053,11.2,9840,12710,-67,0,,,,,0
20261001-225245,351.55,Aspect of the Sword,,,10860,14330,77,0,,,,,0
20261001-225245,351.75,Aspect of the Sword,,,10620,14280,77,0,,,,,0
20261001-225245,351.94,Aspect of the Sword,,,10370,14220,77,0,,,,,0
20261001-225245,352.14,Aspect of the Sword,,,10130,14160,77,0,,,,,0
20261001-225245,352.34,Aspect of the Sword,,,9890,14110,77,0,,,,,0
20261001-225245,352.54,Aspect of the Sword,,,9640,14050,77,0,,,,,0
20261001-225245,355.47,Vloxx,81053,4.8,10230,14420,369,1,0,-180,0,0,2
20261001-225245,355.98,Vloxx,81053,5.3,10390,14510,369,1,0,-180,0,0,4
20261001-225245,355.98,Vloxx,81053,5.3,10790,14420,279,1,0,180,0,0,4
20261001-225245,356.50,Vloxx,81053,5.8,10810,14880,279,1,0,180,0,0,1
20261001-225245,356.50,Vloxx,81053,5.8,10790,14990,189,1,0,180,0,0,1
20261001-225245,356.90,Vloxx,81053,6.2,10400,14560,369,1,0,-180,0,0,8
20261001-225245,357.02,Vloxx,81053,6.3,10440,15300,45,1,0,36,1,0,8
20261001-225245,357.02,Vloxx,81053,6.3,10230,14990,-45,1,0,36,1,0,8
20261001-225245,357.42,Vloxx,81053,6.7,10040,14120,135,1,0,36,1,144,8
20261001-225245,357.50,Vloxx,81053,6.8,10380,14600,225,1,0,36,1,144,8
20261001-225245,357.54,Vloxx,81053,6.8,10020,14930,-45,1,0,36,1,144,8
20261001-225245,357.94,Vloxx,81053,7.2,10480,13760,45,1,0,36,1,144,3
20261001-225245,358.03,Vloxx,81053,7.3,10570,14070,135,1,0,36,1,144,3
20261001-225245,358.46,Vloxx,81053,7.8,10840,14200,-45,1,0,36,1,144,1
20261001-225245,358.54,Vloxx,81053,7.8,11100,14270,45,1,0,36,1,144,1
20261001-225245,359.06,Vloxx,81053,8.4,10910,14800,-45,1,0,-180,0,0,2
20261001-225245,367.10,Aspect of the Sword,81326,5.1,10810,14680,30,0,,,,,0
20261001-225245,367.30,Aspect of the Sword,81326,5.3,10690,14460,30,0,,,,,0
20261001-225245,367.50,Aspect of the Sword,81326,5.5,10560,14250,30,0,,,,,7
20261001-225245,367.70,Aspect of the Sword,81326,5.7,10430,14030,30,0,,,,,0
20261001-225245,367.89,Aspect of the Sword,81326,5.9,10310,13810,30,0,,,,,0
20261001-225245,368.10,Aspect of the Sword,81326,6.1,10180,13600,30,0,,,,,0
20261001-225245,368.46,Vloxx,,,10400,14670,-178,0,,,,,0
20261001-225245,368.66,Vloxx,,,10410,14920,-178,0,,,,,0
20261001-225245,368.86,Vloxx,,,10420,15170,-178,0,,,,,0
20261001-225245,369.06,Vloxx,,,10420,15420,-178,0,,,,,0
20261001-225245,369.26,Vloxx,,,10430,15670,-178,0,,,,,0
20261001-225245,369.46,Vloxx,,,10440,15920,-178,0,,,,,0
20261001-225245,369.66,Vloxx,,,10440,16170,-178,0,,,,,0
20261001-225245,369.86,Vloxx,81053,0.0,10450,16420,-11,0,,,,,0
20261001-225245,374.58,Vloxx,81053,4.8,10650,14470,349,1,0,-180,0,0,1
20261002-222650,289.67,Aspect of the Sword,81326,5.1,13040,15620,-2,0,,,,,0
20261002-222650,289.87,Aspect of the Sword,81326,5.3,13050,15370,-2,0,,,,,0
20261002-222650,290.07,Aspect of the Sword,81326,5.5,13050,15120,-2,0,,,,,0
20261002-222650,290.27,Aspect of the Sword,81326,5.7,13060,14870,-2,0,,,,,0
20261002-222650,290.47,Aspect of the Sword,81326,5.9,13070,14620,-2,0,,,,,0
20261002-222650,290.66,Aspect of the Sword,81326,6.1,13080,14370,-2,0,,,,,0
20261002-222650,305.31,Aspect of the Sword,,,11900,15730,-35,0,,,,,0
20261002-222650,305.50,Aspect of the Sword,,,12050,15530,-35,0,,,,,0
20261002-222650,305.71,Aspect of the Sword,,,12190,15320,-35,0,,,,,0
20261002-222650,305.91,Aspect of the Sword,,,12330,15110,-35,0,,,,,0
20261002-222650,306.10,Aspect of the Sword,,,12470,14910,-35,0,,,,,0
20261002-222650,306.31,Aspect of the Sword,,,12610,14700,-35,0,,,,,0
20261002-222650,321.23,Aspect of the Sword,81326,7.4,11920,15540,-47,0,,,,,0
20261002-222650,321.42,Aspect of the Sword,81326,7.6,12110,15370,-47,0,,,,,0
20261002-222650,321.63,Aspect of the Sword,81326,7.8,12290,15200,-47,0,,,,,0
20261002-222650,321.83,Aspect of the Sword,81326,8.0,12470,15030,-47,0,,,,,0
20261002-222650,322.02,Aspect of the Sword,81326,8.2,12660,14860,-47,0,,,,,0
20261002-222650,322.23,Aspect of the Sword,81326,8.4,12840,14680,-47,0,,,,,0
20261002-222650,333.99,Vloxx,81053,4.8,13160,17180,387,1,0,180,0,0,5
20261002-222650,334.51,Vloxx,81053,5.3,12660,16900,297,1,0,180,0,0,4
20261002-222650,334.51,Vloxx,81053,5.3,13110,17050,387,1,0,180,0,0,4
20261002-222650,335.03,Vloxx,81053,5.8,12940,16410,207,1,0,-180,0,0,3
20261002-222650,335.03,Vloxx,81053,5.8,12580,16870,297,1,0,180,0,0,3
20261002-222650,335.43,Vloxx,81053,6.2,13090,17160,387,1,0,180,0,0,5
20261002-222650,335.55,Vloxx,81053,6.3,13430,16690,117,1,0,-180,0,0,5
20261002-222650,335.55,Vloxx,81053,6.3,12760,16330,207,1,0,-180,0,0,5
20261002-222650,335.94,Vloxx,81053,6.7,13050,16600,297,1,0,180,0,0,4
20261002-222650,336.02,Vloxx,81053,6.8,12720,16250,387,1,0,180,0,0,4
20261002-222650,336.06,Vloxx,81053,6.8,13300,16520,117,1,0,-180,0,0,4
20261002-222650,336.46,Vloxx,81053,7.2,13620,16560,207,1,0,-180,0,0,2
20261002-222650,336.55,Vloxx,81053,7.3,12180,16060,297,1,0,180,0,0,2
20261002-222650,336.62,Aspect of the Sword,,,12670,16430,-143,0,,,,,0
20261002-222650,336.82,Aspect of the Sword,,,12820,16630,-143,0,,,,,0
20261002-222650,336.99,Vloxx,81053,7.8,13650,17130,117,1,0,-180,0,0,2
20261002-222650,337.03,Aspect of the Sword,,,12970,16820,-143,0,,,,,0
20261002-222650,337.07,Vloxx,81053,7.8,12370,15530,0,1,0,-27,1,0,2
20261002-222650,337.22,Aspect of the Sword,,,13120,17020,-143,0,,,,,0
20261002-222650,337.42,Aspect of the Sword,,,13280,17220,-143,0,,,,,0
20261002-222650,337.58,Vloxx,81053,8.4,12900,15710,-90,1,0,-27,1,-153,0
20261002-222650,337.62,Aspect of the Sword,,,13430,17420,-143,0,,,,,0
20261002-222650,341.51,Vloxx,,,13070,17140,-247,0,,,,,0
20261002-222650,341.71,Vloxx,,,12840,17230,-247,0,,,,,0
20261002-222650,341.91,Vloxx,,,12610,17330,-247,0,,,,,0
20261002-222650,342.11,Vloxx,,,12380,17430,-247,0,,,,,0
20261002-222650,342.31,Vloxx,,,12150,17530,-247,0,,,,,0
20261002-222650,342.51,Vloxx,,,11920,17620,-247,0,,,,,0
20261002-222650,342.70,Vloxx,,,11690,17720,-247,0,,,,,0
20261002-222650,342.90,Vloxx,,,11460,17820,-247,0,,,,,0
20261002-222650,352.15,Aspect of the Sword,81326,8.8,13000,16730,-183,0,,,,,0
20261002-222650,352.34,Aspect of the Sword,81326,9.0,12980,16980,-183,0,,,,,0
20261002-222650,352.54,Aspect of the Sword,81326,9.2,12970,17230,-183,0,,,,,0
20261002-222650,352.75,Aspect of the Sword,81326,9.4,12950,17480,-183,0,,,,,0
20261002-222650,352.95,Aspect of the Sword,81326,9.6,12940,17730,-183,0,,,,,0
20261002-222650,353.14,Aspect of the Sword,81326,9.8,12930,17980,-183,0,,,,,0
20261002-222650,354.66,Vloxx,81053,4.8,13370,17300,434,1,0,-180,0,0,4
20261002-222650,355.18,Vloxx,81053,5.3,13130,17190,434,1,0,-180,0,0,6
20261002-222650,355.18,Vloxx,81053,5.3,12810,17350,344,1,0,-180,0,0,6
20261002-222650,355.71,Vloxx,81053,5.8,12760,16790,254,1,0,-180,0,0,9
20261002-222650,355.71,Vloxx,81053,5.8,12780,16740,344,1,0,-180,0,0,9
20261002-222650,356.11,Vloxx,81053,6.2,13120,17040,434,1,0,-180,0,0,5
20261002-222650,356.23,Vloxx,81053,6.3,13230,16400,254,1,0,-180,0,0,8
20261002-222650,356.23,Vloxx,81053,6.3,13320,16740,164,1,0,180,0,0,8
20261002-222650,356.63,Vloxx,81053,6.7,12620,16770,344,1,0,-180,0,0,6
20261002-222650,356.70,Vloxx,81053,6.8,12970,17350,434,1,0,-180,0,0,6
20261002-222650,356.74,Vloxx,81053,6.8,13580,16850,164,1,0,180,0,0,6
20261002-222650,357.14,Vloxx,81053,7.2,12900,16270,254,1,0,-180,0,0,4
20261002-222650,357.22,Vloxx,81053,7.3,12870,16790,344,1,0,-180,0,0,4
20261002-222650,357.66,Vloxx,81053,7.8,13390,16550,100,1,0,117,1,63,8
20261002-222650,357.75,Vloxx,81053,7.8,13430,16690,190,1,0,117,1,63,8
20261002-222650,358.26,Vloxx,81053,8.4,13520,17250,100,1,0,117,1,63,3
20261002-222650,359.87,Vloxx,81053,10.0,13120,17030,10,0,,,,,0
20261002-222650,360.06,Vloxx,81053,10.2,13080,16790,10,0,,,,,0
20261002-222650,360.26,Vloxx,81053,10.4,13030,16540,10,0,,,,,0
20261002-222650,360.46,Vloxx,81053,10.6,12990,16290,10,0,,,,,0
20261002-222650,360.66,Vloxx,81053,10.8,12940,16050,10,0,,,,,0
20261002-222650,360.86,Vloxx,81053,11.0,12900,15800,10,0,,,,,0
20261002-222650,361.06,Vloxx,81053,11.2,12850,15560,10,0,,,,,0
20261002-222650,361.26,Vloxx,81053,11.4,12810,15310,-19,0,,,,,0
20261002-224131,285.62,Aspect of the Sword,81326,5.0,12750,15660,-248,0,,,,,1
20261002-224131,285.82,Aspect of the Sword,81326,5.2,12520,15760,-248,0,,,,,0
20261002-224131,286.02,Aspect of the Sword,81326,5.4,12280,15850,-248,0,,,,,1
20261002-224131,286.22,Aspect of the Sword,81326,5.6,12050,15950,-248,0,,,,,0
20261002-224131,286.43,Aspect of the Sword,81326,5.8,11820,16040,-248,0,,,,,0
20261002-224131,286.63,Aspect of the Sword,81326,6.0,11590,16140,-248,0,,,,,0
20261002-224131,302.06,Aspect of the Sword,,,11630,15280,88,0,,,,,0
20261002-224131,302.26,Aspect of the Sword,,,11380,15270,88,0,,,,,0
20261002-224131,302.46,Aspect of the Sword,,,11130,15260,88,0,,,,,0
20261002-224131,302.66,Aspect of the Sword,,,10880,15250,88,0,,,,,0
20261002-224131,302.87,Aspect of the Sword,,,10630,15250,88,0,,,,,0
20261002-224131,303.06,Aspect of the Sword,,,10380,15240,88,0,,,,,0
20261002-224131,318.03,Aspect of the Sword,81326,8.0,12200,15170,-130,0,,,,,0
20261002-224131,318.23,Aspect of the Sword,81326,8.2,12390,15330,-130,0,,,,,0
20261002-224131,318.42,Aspect of the Sword,81326,8.4,12590,15500,-130,0,,,,,0
20261002-224131,318.62,Aspect of the Sword,81326,8.6,12780,15660,-130,0,,,,,0
20261002-224131,318.82,Aspect of the Sword,81326,8.8,12970,15820,-130,0,,,,,0
20261002-224131,319.02,Aspect of the Sword,81326,9.0,13160,15980,-130,0,,,,,0
20261002-224131,335.26,Vloxx,81053,4.8,12070,17290,354,1,0,-180,0,0,6
20261002-224131,335.79,Vloxx,81053,5.3,12220,16740,264,1,0,180,0,0,7
20261002-224131,335.79,Vloxx,81053,5.3,12100,17120,354,1,0,-180,0,0,7
20261002-224131,336.30,Vloxx,81053,5.8,11870,16610,264,1,0,180,0,0,4
20261002-224131,336.30,Vloxx,81053,5.8,12770,16890,174,1,0,180,0,0,4
20261002-224131,336.70,Vloxx,81053,6.2,12030,17360,354,1,0,-180,0,0,4
20261002-224131,336.82,Vloxx,81053,6.3,12620,17430,84,1,0,-180,0,0,3
20261002-224131,336.82,Vloxx,81053,6.3,12380,16380,174,1,0,180,0,0,3
20261002-224131,337.22,Vloxx,81053,6.7,11570,17020,264,1,0,180,0,0,5
20261002-224131,337.30,Vloxx,81053,6.8,11930,17440,354,1,0,-180,0,0,5
20261002-224131,337.34,Vloxx,81053,6.8,12610,16890,84,1,0,-180,0,0,3
20261002-224131,337.74,Vloxx,81053,7.2,11900,16570,174,1,0,180,0,0,4
20261002-224131,337.82,Vloxx,81053,7.3,11870,16870,264,1,0,180,0,0,4
20261002-224131,338.25,Vloxx,81053,7.8,12360,16900,84,1,0,-180,0,0,2
20261002-224131,338.34,Vloxx,81053,7.8,12430,16810,174,1,0,180,0,0,2
20261002-224131,338.86,Vloxx,81053,8.4,12490,17370,147,1,0,-118,1,-62,0
20261002-224131,342.90,Vloxx,,,11950,17290,71,0,,,,,0
20261002-224131,343.10,Vloxx,,,11720,17210,71,0,,,,,0
20261002-224131,343.30,Vloxx,,,11480,17130,71,0,,,,,0
20261002-224131,343.50,Vloxx,,,11250,17040,71,0,,,,,0
20261002-224131,343.69,Vloxx,,,11010,16960,71,0,,,,,0
20261002-224131,343.90,Vloxx,,,10770,16880,71,0,,,,,0
20261002-224131,344.10,Vloxx,,,10540,16790,71,0,,,,,0
20261002-224131,344.30,Vloxx,,,10300,16710,71,0,,,,,0
20261002-224131,355.50,Vloxx,81053,4.8,11830,17500,438,1,0,-180,0,0,1
20261002-224131,356.02,Vloxx,81053,5.3,11850,16930,348,1,0,-180,0,0,9
20261002-224131,356.02,Vloxx,81053,5.3,12360,17350,438,1,0,-180,0,0,9
20261002-224131,356.55,Vloxx,81053,5.8,12420,16950,258,1,0,-180,0,0,6
20261002-224131,356.55,Vloxx,81053,5.8,11910,17710,348,1,0,-180,0,0,6
20261002-224131,356.94,Vloxx,81053,6.2,11870,17400,438,1,0,-180,0,0,1
20261002-224131,357.06,Vloxx,81053,6.3,11560,17270,258,1,0,-180,0,0,6
20261002-224131,357.06,Vloxx,81053,6.3,12390,17520,168,1,0,180,0,0,6
20261002-224131,357.46,Vloxx,81053,6.7,12050,16860,348,1,0,-180,0,0,7
20261002-224131,357.54,Vloxx,81053,6.8,11880,17320,438,1,0,-180,0,0,7
20261002-224131,357.58,Vloxx,81053,6.8,12000,16910,168,1,0,180,0,0,7
20261002-224131,357.98,Vloxx,81053,7.2,12580,17040,258,1,0,-180,0,0,0
20261002-224131,358.06,Vloxx,81053,7.3,12260,16910,348,1,0,-180,0,0,0
20261002-224131,358.51,Vloxx,81053,7.8,12400,17570,128,1,0,139,1,0,4
20261002-224131,358.58,Vloxx,81053,7.8,12680,17290,218,1,0,139,1,41,4
20261002-224131,359.10,Vloxx,81053,8.4,12300,17710,128,1,0,139,1,41,0
20261002-224131,360.78,Vloxx,81053,10.0,11980,17260,38,0,,,,,0
20261002-224131,360.98,Vloxx,81053,10.2,11830,17060,38,0,,,,,0
20261002-224131,361.18,Vloxx,81053,10.4,11670,16860,38,0,,,,,0
20261002-224131,361.38,Vloxx,81053,10.6,11520,16660,38,0,,,,,0
20261002-224131,361.57,Vloxx,81053,10.8,11370,16460,38,0,,,,,0
20261002-224131,361.78,Vloxx,81053,11.0,11220,16270,38,0,,,,,0
20261002-224131,361.98,Vloxx,81053,11.2,11060,16070,38,0,,,,,0
20261002-224131,362.18,Vloxx,81053,11.4,10910,15870,-116,0,,,,,0
20261002-224131,371.90,Vloxx,81053,4.8,12020,17360,363,1,0,-180,0,0,7
20261002-224131,372.43,Vloxx,81053,5.3,11610,16970,273,1,0,-180,0,0,7
20261002-224131,372.43,Vloxx,81053,5.3,12000,17410,363,1,0,-180,0,0,7
20261002-224131,372.94,Vloxx,81053,5.8,11720,16920,273,1,0,-180,0,0,6
20261002-224131,372.94,Vloxx,81053,5.8,12000,16560,183,1,0,180,0,0,6
20261002-224131,373.34,Vloxx,81053,6.2,12010,17120,363,1,0,-180,0,0,3
20261002-224131,373.46,Vloxx,81053,6.3,12210,16640,183,1,0,180,0,0,3
20261002-224131,373.46,Vloxx,81053,6.3,12410,16950,93,1,0,180,0,0,3
20261002-224131,373.86,Vloxx,81053,6.7,12440,17490,273,1,0,-180,0,0,3
20261002-224131,373.94,Vloxx,81053,6.8,11950,17190,363,1,0,-180,0,0,3
20261002-224131,373.98,Vloxx,81053,6.8,12490,17140,93,1,0,180,0,0,3
20261002-224131,374.38,Vloxx,81053,7.2,12070,17920,183,1,0,180,0,0,0
20261002-224131,374.46,Vloxx,81053,7.3,12500,17340,273,1,0,-180,0,0,0
20261002-224131,374.90,Vloxx,81053,7.8,11640,17550,93,1,0,180,0,0,0
20261002-224131,374.98,Vloxx,81053,7.8,12350,17890,183,1,0,180,0,0,0
20261002-224131,375.50,Vloxx,81053,8.4,11810,17740,93,1,0,180,0,0,0
20261002-224131,384.77,Vloxx,,,11960,17280,56,0,,,,,0
20261002-224131,384.97,Vloxx,,,11760,17130,56,0,,,,,0
20261002-224131,385.17,Vloxx,,,11550,16990,56,0,,,,,0
20261002-224131,385.38,Vloxx,,,11340,16850,56,0,,,,,0
20261002-224131,385.57,Vloxx,,,11140,16710,56,0,,,,,0
20261002-224131,385.77,Vloxx,,,10930,16570,56,0,,,,,0
20261002-224131,385.98,Vloxx,,,10720,16430,56,0,,,,,0
20261002-224131,386.18,Vloxx,81053,0.0,10520,16290,-137,0,,,,,0
20261002-224131,390.89,Vloxx,81053,4.8,11950,17370,223,1,0,-180,0,0,1
20261002-224131,391.42,Vloxx,81053,5.3,12280,17300,223,1,0,-180,0,0,7
20261002-224131,391.42,Vloxx,81053,5.3,12030,16810,133,1,0,-180,0,0,7
20261002-224131,391.94,Vloxx,81053,5.8,11920,17730,133,1,0,-180,0,0,5
20261002-224131,391.94,Vloxx,81053,5.8,12590,16890,43,1,0,-180,0,0,5
20261002-224131,392.34,Vloxx,81053,6.2,11960,17390,223,1,0,-180,0,0,1
20261002-224131,392.46,Vloxx,81053,6.3,11490,17360,151,1,0,-72,1,0,7
20261002-224131,392.46,Vloxx,81053,6.3,12510,17450,61,1,0,-72,1,0,7
20261002-224131,392.86,Vloxx,81053,6.7,11930,16820,241,1,0,-72,1,-108,9
20261002-224131,392.94,Vloxx,81053,6.8,11960,17390,331,1,0,-72,1,-108,9
20261002-224131,392.98,Vloxx,81053,6.8,11850,16930,61,1,0,-72,1,-108,9
20261002-224131,393.38,Vloxx,81053,7.2,12500,16790,151,1,0,-72,1,-108,8
20261002-224131,393.46,Vloxx,81053,7.3,11940,16820,241,1,0,-72,1,-108,8
20261002-224131,393.90,Vloxx,81053,7.8,12530,17360,61,1,0,-72,1,-108,4
20261002-224131,393.97,Vloxx,81053,7.8,12500,16810,151,1,0,-72,1,-108,4
20261002-224131,394.50,Vloxx,81053,8.4,12520,17370,61,1,0,-180,0,-108,4
20261002-224131,394.82,Vloxx,81053,8.7,12060,17250,-29,0,,,,,0
20261002-224131,395.01,Vloxx,81053,8.9,12180,17030,-29,0,,,,,0
20261002-224131,395.22,Vloxx,81053,9.1,12300,16810,-29,0,,,,,0
20261002-224131,395.33,Aspect of the Sword,81326,5.1,12880,15920,-222,0,,,,,2
20261002-224131,395.42,Vloxx,81053,9.3,12420,16600,-29,0,,,,,0
20261002-224131,395.54,Aspect of the Sword,81326,5.3,12720,16100,-222,0,,,,,0
20261002-224131,395.61,Vloxx,81053,9.5,12540,16380,-29,0,,,,,0
20261002-224131,395.73,Aspect of the Sword,81326,5.5,12550,16290,-222,0,,,,,8
20261002-224131,395.82,Vloxx,81053,9.7,12670,16160,-29,0,,,,,0
20261002-224131,395.94,Aspect of the Sword,81326,5.7,12380,16480,-222,0,,,,,0
20261002-224131,396.01,Vloxx,81053,9.9,12790,15940,-29,0,,,,,0
20261002-224131,396.13,Aspect of the Sword,81326,5.9,12220,16660,-222,0,,,,,0
20261002-224131,396.22,Vloxx,81053,10.1,12910,15720,-29,0,,,,,0
20261002-224131,396.34,Aspect of the Sword,81326,6.1,12050,16850,-222,0,,,,,0
20261002-224131,410.98,Aspect of the Sword,,,11350,15700,-7,0,,,,,0
20261002-224131,411.18,Aspect of the Sword,,,11380,15450,-7,0,,,,,0
20261002-224131,411.38,Aspect of the Sword,,,11410,15200,-7,0,,,,,0
20261002-224131,411.58,Aspect of the Sword,,,11440,14960,-7,0,,,,,0
20261002-224131,411.77,Aspect of the Sword,,,11470,14710,-7,0,,,,,0
20261002-224131,411.98,Aspect of the Sword,,,11500,14460,-7,0,,,,,0
20261002-224131,419.34,Vloxx,81053,4.8,11020,15530,235,1,0,180,0,0,4
20261002-224131,419.86,Vloxx,81053,5.3,11550,15750,146,1,0,-180,0,0,7
20261002-224131,419.86,Vloxx,81053,5.3,10990,15550,235,1,0,180,0,0,7
20261002-224131,420.38,Vloxx,81053,5.8,11520,15370,146,1,0,-180,0,0,7
20261002-224131,420.38,Vloxx,81053,5.8,11330,16270,56,1,0,-180,0,0,7
20261002-224131,420.78,Vloxx,81053,6.2,11060,15640,235,1,0,180,0,0,7
20261002-224131,420.89,Vloxx,81053,6.3,11700,15900,49,1,0,173,0,0,10
20261002-224131,420.91,Vloxx,81053,6.3,10800,16050,-41,1,0,173,0,0,10
20261002-224131,421.30,Vloxx,81053,6.7,11540,15950,139,1,0,173,0,7,7
20261002-224131,421.38,Vloxx,81053,6.8,11190,15640,229,1,0,173,0,7,9
20261002-224131,421.42,Vloxx,81053,6.8,11170,16080,-41,1,0,173,0,7,9
20261002-224131,421.81,Vloxx,81053,7.2,11230,16430,49,1,0,173,0,7,4
20261002-224131,421.89,Vloxx,81053,7.3,11720,15430,139,1,0,173,0,7,4
20261002-224131,422.34,Vloxx,81053,7.8,10750,16120,-41,1,0,173,0,7,7
20261002-224131,422.42,Vloxx,81053,7.8,11930,15960,49,1,0,173,0,7,7
20261002-224131,422.94,Vloxx,81053,8.4,11400,16170,-41,1,0,-180,0,0,0
20261002-224131,426.54,Aspect of the Sword,81326,7.0,11280,15820,-230,0,,,,,0
20261002-224131,426.70,Vloxx,,,11030,15650,-192,0,,,,,0
20261002-224131,426.74,Aspect of the Sword,81326,7.2,11090,15980,-230,0,,,,,0
20261002-224131,426.90,Vloxx,,,10980,15890,-192,0,,,,,0
20261002-224131,426.94,Aspect of the Sword,81326,7.4,10900,16140,-230,0,,,,,0
20261002-224131,427.10,Vloxx,,,10920,16140,-192,0,,,,,0
20261002-224131,427.13,Aspect of the Sword,81326,7.6,10700,16300,-230,0,,,,,0
20261002-224131,427.30,Vloxx,,,10870,16380,-192,0,,,,,0
20261002-224131,427.33,Aspect of the Sword,81326,7.8,10510,16460,-230,0,,,,,0
20261002-224131,427.50,Vloxx,,,10820,16630,-192,0,,,,,0
20261002-224131,427.54,Aspect of the Sword,81326,8.0,10320,16620,-230,0,,,,,0
20261002-224131,427.70,Vloxx,,,10770,16870,-192,0,,,,,0
20261002-224131,427.90,Vloxx,,,10720,17110,-192,0,,,,,0
20261002-224131,428.09,Vloxx,,,10660,17360,-192,0,,,,,0
20261002-224131,440.57,Vloxx,81053,4.8,10920,15410,369,1,0,-180,0,0,0
20261002-224131,441.09,Vloxx,81053,5.3,11480,15480,279,1,0,180,0,0,0
20261002-224131,441.09,Vloxx,81053,5.3,11080,15360,369,1,0,-180,0,0,0
20261002-224131,441.61,Vloxx,81053,5.8,11410,15820,279,1,0,180,0,0,0
20261002-224131,441.61,Vloxx,81053,5.8,11410,16040,189,1,0,180,0,0,0
20261002-224131,442.02,Vloxx,81053,6.2,11160,15500,369,1,0,-180,0,0,0
20261002-224131,442.13,Vloxx,81053,6.3,10850,15980,99,1,0,-180,0,0,0
20261002-224131,442.13,Vloxx,81053,6.3,10940,16150,189,1,0,180,0,0,0
20261002-224131,442.21,Aspect of the Sword,,,11220,15560,-241,0,,,,,0
20261002-224131,442.41,Aspect of the Sword,,,11000,15680,-241,0,,,,,0
20261002-224131,442.54,Vloxx,81053,6.7,11040,16050,57,1,0,-42,1,-138,9
20261002-224131,442.61,Aspect of the Sword,,,10780,15800,-241,0,,,,,0
20261002-224131,442.62,Vloxx,81053,6.8,10920,15420,147,1,0,-42,1,-138,9
20261002-224131,442.66,Vloxx,81053,6.8,10620,15690,-123,1,0,-42,1,-138,9
20261002-224131,442.81,Aspect of the Sword,,,10560,15920,-241,0,,,,,0
20261002-224131,443.01,Aspect of the Sword,,,10350,16050,-241,0,,,,,0
20261002-224131,443.05,Vloxx,81053,7.2,10480,15930,-33,1,0,-42,1,-138,7
20261002-224131,443.14,Vloxx,81053,7.3,11480,15480,57,1,0,-42,1,-138,7
20261002-224131,443.22,Aspect of the Sword,,,10130,16170,-241,0,,,,,0
20261002-224131,443.57,Vloxx,81053,7.8,10600,15380,-123,1,0,-42,1,-138,6
20261002-224131,443.66,Vloxx,81053,7.8,11420,16050,-33,1,0,-42,1,-138,6
20261002-224131,444.18,Vloxx,81053,8.4,10860,15990,-123,1,0,-180,0,-138,2
20261002-224131,444.53,Vloxx,81053,8.7,11000,15640,-213,0,,,,,0
20261002-224131,444.74,Vloxx,81053,8.9,10860,15850,-213,0,,,,,0
20261002-224131,444.93,Vloxx,81053,9.1,10730,16060,-213,0,,,,,0
20261002-224131,445.13,Vloxx,81053,9.3,10590,16260,-213,0,,,,,0
20261002-224131,445.33,Vloxx,81053,9.5,10450,16470,-213,0,,,,,0
20261002-224131,445.54,Vloxx,81053,9.7,10320,16680,-213,0,,,,,0
20261002-224131,445.74,Vloxx,81053,9.9,10180,16890,-213,0,,,,,0
20261002-224131,445.94,Vloxx,81053,10.1,10040,17100,-213,0,,,,,0
20261002-224131,453.98,Vloxx,,,11120,15570,-89,0,,,,,0
20261002-224131,454.17,Vloxx,,,11370,15570,-89,0,,,,,0
20261002-224131,454.37,Vloxx,,,11620,15560,-89,0,,,,,0
20261002-224131,454.57,Vloxx,,,11870,15560,-89,0,,,,,0
20261002-224131,454.77,Vloxx,,,12120,15550,-89,0,,,,,0
20261002-224131,454.97,Vloxx,,,12370,15540,-89,0,,,,,0
20261002-224131,455.17,Vloxx,,,12620,15540,-89,0,,,,,0
20261002-224131,455.37,Vloxx,,,12870,15530,58,0,,,,,0
20261002-224131,477.01,Vloxx,81053,4.8,11440,16910,347,1,0,180,0,0,0
20261002-224131,477.53,Vloxx,81053,5.3,11150,16420,257,1,0,180,0,0,3
20261002-224131,477.53,Vloxx,81053,5.3,11410,15800,347,1,0,180,0,0,3
20261002-224131,478.06,Vloxx,81053,5.8,11640,16140,167,1,0,-180,0,0,4
20261002-224131,478.06,Vloxx,81053,5.8,11050,15370,257,1,0,180,0,0,4
20261002-224131,478.45,Vloxx,81053,6.2,11290,15950,347,1,0,180,0,0,3
20261002-224131,478.57,Vloxx,81053,6.3,11480,15010,174,1,0,-173,0,0,0
20261002-224131,478.57,Vloxx,81053,6.3,11930,16630,84,1,0,-173,0,0,0
20261002-224131,478.97,Vloxx,81053,6.7,10900,15540,264,1,0,-173,0,-7,2
20261002-224131,479.06,Vloxx,81053,6.8,11270,15950,354,1,0,-173,0,-7,2
20261002-224131,479.09,Vloxx,81053,6.8,11850,15440,84,1,0,-173,0,-7,2
20261002-224131,479.50,Vloxx,81053,7.2,11300,15150,174,1,0,-173,0,-7,0
20261002-224131,479.57,Vloxx,81053,7.3,10870,15550,264,1,0,-173,0,-7,0
20261002-224131,480.01,Vloxx,81053,7.8,11700,15560,84,1,0,-173,0,-7,1
20261002-224131,480.09,Vloxx,81053,7.8,11270,15150,174,1,0,-173,0,-7,1
20261002-224131,480.61,Vloxx,81053,8.4,11670,15550,84,1,0,-180,0,-7,1
20261002-224131,483.05,Vloxx,81053,10.8,11280,17490,-11,0,,,,,0
20261002-224131,483.25,Vloxx,81053,11.0,11330,17240,-11,0,,,,,0
20261002-224131,483.45,Vloxx,81053,11.2,11380,17000,-11,0,,,,,0
20261002-224131,483.65,Vloxx,81053,11.4,11420,16750,-11,0,,,,,0
20261002-224131,483.85,Vloxx,81053,11.6,11470,16510,-11,0,,,,,0
20261002-224131,484.05,Vloxx,81053,11.8,11520,16260,-11,0,,,,,0
20261002-224131,484.25,Vloxx,81053,12.0,11570,16020,-11,0,,,,,0
20261002-224131,484.45,Vloxx,,,11620,15770,-11,0,,,,,0
20261002-225404,281.63,Aspect of the Sword,81326,5.1,12750,15640,-269,0,,,,,7
20261002-225404,281.83,Aspect of the Sword,81326,5.3,12500,15640,-269,0,,,,,0
20261002-225404,282.02,Aspect of the Sword,81326,5.5,12250,15650,-269,0,,,,,6
20261002-225404,282.22,Aspect of the Sword,81326,5.7,12000,15650,-269,0,,,,,0
20261002-225404,282.42,Aspect of the Sword,81326,5.9,11750,15660,-269,0,,,,,0
20261002-225404,282.62,Aspect of the Sword,81326,6.1,11500,15660,-269,0,,,,,0
20261002-225404,296.99,Aspect of the Sword,,,12470,15190,-149,0,,,,,0
20261002-225404,297.19,Aspect of the Sword,,,12600,15400,-149,0,,,,,0
20261002-225404,297.38,Aspect of the Sword,,,12730,15620,-149,0,,,,,0
20261002-225404,297.58,Aspect of the Sword,,,12860,15830,-149,0,,,,,0
20261002-225404,297.78,Aspect of the Sword,,,12990,16040,-149,0,,,,,0
20261002-225404,297.98,Aspect of the Sword,,,13120,16260,-149,0,,,,,0
20261002-225404,312.74,Aspect of the Sword,81326,6.8,12220,15060,-145,0,,,,,0
20261002-225404,312.94,Aspect of the Sword,81326,7.0,12360,15270,-145,0,,,,,0
20261002-225404,313.14,Aspect of the Sword,81326,7.2,12500,15480,-145,0,,,,,0
20261002-225404,313.35,Aspect of the Sword,81326,7.4,12650,15680,-145,0,,,,,0
20261002-225404,313.55,Aspect of the Sword,81326,7.6,12790,15890,-145,0,,,,,0
20261002-225404,313.75,Aspect of the Sword,81326,7.8,12930,16090,-145,0,,,,,0
20261002-225404,321.35,Vloxx,81053,4.8,10320,15810,308,1,0,-180,0,0,1
20261002-225404,321.86,Vloxx,81053,5.3,10810,16100,218,1,0,180,0,0,1
20261002-225404,321.86,Vloxx,81053,5.3,10280,15720,308,1,0,-180,0,0,1
20261002-225404,322.38,Vloxx,81053,5.8,10520,16590,128,1,0,180,0,0,1
20261002-225404,322.38,Vloxx,81053,5.8,10820,15880,218,1,0,180,0,0,1
20261002-225404,322.78,Vloxx,81053,6.2,10330,15730,308,1,0,-180,0,0,1
20261002-225404,322.91,Vloxx,81053,6.3,10660,16420,128,1,0,180,0,0,7
20261002-225404,322.91,Vloxx,81053,6.3,10030,16300,38,1,0,-180,0,0,7
20261002-225404,323.30,Vloxx,81053,6.7,10650,16200,218,1,0,180,0,0,7
20261002-225404,323.38,Vloxx,81053,6.8,10350,15740,308,1,0,-180,0,0,7
20261002-225404,323.42,Vloxx,81053,6.8,10120,16270,38,1,0,-180,0,0,7
20261002-225404,323.82,Vloxx,81053,7.2,10180,16520,128,1,0,180,0,0,0
20261002-225404,323.90,Vloxx,81053,7.3,10450,16300,218,1,0,180,0,0,0
20261002-225404,324.34,Vloxx,81053,7.8,9860,16050,-119,1,0,23,1,0,4
20261002-225404,324.43,Vloxx,81053,7.8,9900,16400,-29,1,0,23,1,157,4
20261002-225404,324.94,Vloxx,81053,8.4,9800,15840,-119,1,0,23,1,157,7
20261002-225404,328.27,Aspect of the Sword,,,10600,15830,-226,0,,,,,0
20261002-225404,328.46,Aspect of the Sword,,,10420,16000,-226,0,,,,,0
20261002-225404,328.67,Aspect of the Sword,,,10240,16170,-226,0,,,,,0
20261002-225404,328.71,Vloxx,,,10310,15720,7,0,,,,,0
20261002-225404,328.87,Aspect of the Sword,,,10060,16340,-226,0,,,,,0
20261002-225404,328.90,Vloxx,,,10280,15470,7,0,,,,,0
20261002-225404,329.06,Aspect of the Sword,,,9880,16520,-226,0,,,,,0
20261002-225404,329.10,Vloxx,,,10250,15230,7,0,,,,,0
20261002-225404,329.26,Aspect of the Sword,,,9700,16690,-226,0,,,,,0
20261002-225404,329.31,Vloxx,,,10220,14980,7,0,,,,,0
20261002-225404,329.50,Vloxx,,,10180,14730,7,0,,,,,0
20261002-225404,329.71,Vloxx,,,10150,14480,7,0,,,,,0
20261002-225404,329.90,Vloxx,,,10120,14230,7,0,,,,,0
20261002-225404,330.10,Vloxx,,,10090,13980,7,0,,,,,0
20261002-225404,341.91,Vloxx,81053,4.8,10170,15660,265,1,0,-180,0,0,10
20261002-225404,342.42,Vloxx,81053,5.3,10610,15310,175,1,0,180,0,0,8
20261002-225404,342.42,Vloxx,81053,5.3,9900,15730,265,1,0,-180,0,0,8
20261002-225404,342.94,Vloxx,81053,5.8,10210,15260,175,1,0,180,0,0,9
20261002-225404,342.94,Vloxx,81053,5.8,10960,15760,85,1,0,180,0,0,9
20261002-225404,343.34,Vloxx,81053,6.2,10150,15670,265,1,0,-180,0,0,10
20261002-225404,343.46,Vloxx,81053,6.3,10680,15580,85,1,0,180,0,0,10
20261002-225404,343.46,Vloxx,81053,6.3,10520,16110,-5,1,0,-180,0,0,10
20261002-225404,343.86,Vloxx,81053,6.7,10550,15270,175,1,0,180,0,0,9
20261002-225404,343.94,Vloxx,81053,6.8,10090,15590,265,1,0,-180,0,0,10
20261002-225404,343.98,Vloxx,81053,6.8,10370,16040,-5,1,0,-180,0,0,10
20261002-225404,344.38,Vloxx,81053,7.2,10950,15670,85,1,0,180,0,0,9
20261002-225404,344.46,Vloxx,81053,7.3,10630,15450,175,1,0,180,0,0,9
20261002-225404,344.90,Vloxx,81053,7.8,10550,16070,162,1,0,-13,1,-167,0
20261002-225404,344.98,Vloxx,81053,7.8,10770,16000,252,1,0,-13,1,-167,0
20261002-225404,345.50,Vloxx,81053,8.4,10230,16140,162,1,0,-13,1,-167,0
20261002-225404,347.14,Vloxx,81053,10.0,10150,15640,72,0,,,,,0
20261002-225404,347.34,Vloxx,81053,10.2,9910,15570,72,0,,,,,0
20261002-225404,347.54,Vloxx,81053,10.4,9670,15490,72,0,,,,,0
20261002-225404,347.74,Vloxx,81053,10.6,9430,15420,72,0,,,,,0
20261002-225404,347.94,Vloxx,81053,10.8,9190,15340,72,0,,,,,0
20261002-225404,348.14,Vloxx,81053,11.0,8950,15270,72,0,,,,,0
20261002-225404,348.34,Vloxx,81053,11.2,8720,15190,72,0,,,,,0
20261002-225404,348.55,Vloxx,81053,11.4,8480,15120,-136,0,,,,,0
20261002-225404,358.50,Vloxx,81053,4.8,10290,15870,371,1,0,180,0,0,6
20261002-225404,359.02,Vloxx,81053,5.3,10110,15820,371,1,0,180,0,0,5
20261002-225404,359.02,Vloxx,81053,5.3,9780,15630,281,1,0,180,0,0,5
20261002-225404,359.54,Vloxx,81053,5.8,10020,15120,191,1,0,-180,0,0,3
20261002-225404,359.54,Vloxx,81053,5.8,10010,15270,281,1,0,180,0,0,3
20261002-225404,359.94,Vloxx,81053,6.2,10270,15510,371,1,0,180,0,0,1
20261002-225404,360.06,Vloxx,81053,6.3,10570,15170,18,1,0,7,1,0,1
20261002-225404,360.06,Vloxx,81053,6.3,10530,15360,-72,1,0,7,1,0,1
20261002-225404,360.46,Vloxx,81053,6.7,10520,16020,108,1,0,7,1,173,7
20261002-225404,360.54,Vloxx,81053,6.8,10250,15680,198,1,0,7,1,173,7
20261002-225404,360.58,Vloxx,81053,6.8,10660,15720,-72,1,0,7,1,173,7
20261002-225404,360.98,Vloxx,81053,7.2,10010,16270,18,1,0,7,1,173,8
20261002-225404,361.06,Vloxx,81053,7.3,10780,15490,108,1,0,7,1,173,8
20261002-225404,361.50,Vloxx,81053,7.8,9760,15770,-72,1,0,7,1,173,6
20261002-225404,361.58,Vloxx,81053,7.8,10980,16020,18,1,0,7,1,173,6
20261002-225404,362.10,Vloxx,81053,8.4,10440,16220,-72,1,0,-180,0,0,3
20261002-225404,371.58,Vloxx,,,10170,15610,40,0,,,,,0
20261002-225404,371.78,Vloxx,,,10010,15420,40,0,,,,,0
20261002-225404,371.97,Vloxx,,,9840,15230,40,0,,,,,0
20261002-225404,372.18,Vloxx,,,9680,15040,40,0,,,,,0
20261002-225404,372.38,Vloxx,,,9520,14850,40,0,,,,,0
20261002-225404,372.58,Vloxx,,,9360,14660,40,0,,,,,0
20261002-225404,372.79,Vloxx,,,9200,14470,40,0,,,,,0
20261002-225404,372.98,Vloxx,81053,0.0,9030,14280,-9,0,,,,,0
20261002-225404,377.70,Vloxx,81053,4.8,10200,15660,351,1,0,-180,0,0,0
20261002-225404,378.22,Vloxx,81053,5.3,10720,15430,261,1,0,180,0,0,2
20261002-225404,378.22,Vloxx,81053,5.3,10020,15730,351,1,0,-180,0,0,2
20261002-225404,378.74,Vloxx,81053,5.8,10270,15230,261,1,0,180,0,0,0
20261002-225404,378.74,Vloxx,81053,5.8,10950,15950,171,1,0,180,0,0,0
20261002-225404,379.14,Vloxx,81053,6.2,10180,15640,351,1,0,-180,0,0,0
20261002-225404,379.26,Vloxx,81053,6.3,10780,15480,171,1,0,180,0,0,8
20261002-225404,379.26,Vloxx,81053,6.3,10430,16180,81,1,0,-180,0,0,8
20261002-225404,379.66,Vloxx,81053,6.7,10720,15490,5,1,0,-76,1,-104,4
20261002-225404,379.74,Vloxx,81053,6.8,10200,15520,95,1,0,-76,1,-104,4
20261002-225404,379.78,Vloxx,81053,6.8,10520,15990,-175,1,0,-76,1,-104,4
20261002-225404,380.18,Vloxx,81053,7.2,10880,16030,-85,1,0,-76,1,-104,5
20261002-225404,380.26,Vloxx,81053,7.3,10650,15860,5,1,0,-76,1,-104,5
20261002-225404,380.70,Vloxx,81053,7.8,10330,16190,-175,1,0,-76,1,-104,2
20261002-225404,380.77,Vloxx,81053,7.8,10300,16310,-85,1,0,-76,1,-104,2
20261002-225404,381.30,Vloxx,81053,8.4,9850,15970,-175,1,0,-180,0,0,0
20261002-225404,381.66,Vloxx,81053,8.7,10140,15670,-265,0,,,,,0
20261002-225404,381.85,Vloxx,81053,8.9,9890,15690,-265,0,,,,,0
20261002-225404,382.06,Vloxx,81053,9.1,9640,15720,-265,0,,,,,0
20261002-225404,382.26,Vloxx,81053,9.3,9390,15740,-265,0,,,,,0
20261002-225404,382.45,Vloxx,81053,9.5,9150,15760,-265,0,,,,,0
20261002-225404,382.66,Vloxx,81053,9.7,8900,15780,-265,0,,,,,0
20261002-225404,382.86,Vloxx,81053,9.9,8650,15800,-265,0,,,,,0
20261002-225404,383.05,Vloxx,81053,10.1,8400,15820,-265,0,,,,,0
20261002-225404,405.74,Vloxx,81053,4.8,11380,14180,269,1,0,-180,0,0,4
20261002-225404,406.26,Vloxx,81053,5.3,10910,13870,179,1,0,-180,0,0,9
20261002-225404,406.26,Vloxx,81053,5.3,11210,13980,269,1,0,-180,0,0,9
20261002-225404,406.78,Vloxx,81053,5.8,11710,13710,179,1,0,-180,0,0,7
20261002-225404,406.78,Vloxx,81053,5.8,11220,13400,89,1,0,-180,0,0,7
20261002-225404,407.18,Vloxx,81053,6.2,11290,14040,269,1,0,-180,0,0,6
20261002-225404,407.30,Vloxx,81053,6.3,11980,14210,193,1,0,-76,1,0,7
20261002-225404,407.30,Vloxx,81053,6.3,11690,13710,103,1,0,-76,1,0,7
20261002-225404,407.69,Vloxx,81053,6.7,11540,13530,283,1,0,-76,1,-104,3
20261002-225404,407.78,Vloxx,81053,6.8,11430,13920,373,1,0,-76,1,-104,6
20261002-225404,407.82,Vloxx,81053,6.8,11480,14480,103,1,0,-76,1,-104,6
20261002-225404,408.22,Vloxx,81053,7.2,12050,13780,193,1,0,-76,1,-104,3
20261002-225404,408.30,Vloxx,81053,7.3,11480,14480,283,1,0,-76,1,-104,3
20261002-225404,408.73,Vloxx,81053,7.8,11790,14290,103,1,0,-76,1,-104,3
20261002-225404,408.82,Vloxx,81053,7.8,10920,14530,193,1,0,-76,1,-104,3
20261002-225404,409.33,Vloxx,81053,8.4,10870,13970,108,1,0,-175,0,-109,0
20261002-225404,411.66,Vloxx,81053,10.7,11330,13950,18,0,,,,,0
20261002-225404,411.86,Vloxx,81053,10.9,11250,13710,18,0,,,,,0
20261002-225404,412.06,Vloxx,81053,11.1,11170,13470,18,0,,,,,0
20261002-225404,412.26,Vloxx,81053,11.3,11090,13230,18,0,,,,,0
20261002-225404,412.46,Vloxx,81053,11.5,11010,13000,18,0,,,,,0
20261002-225404,412.65,Vloxx,81053,11.7,10930,12760,18,0,,,,,0
20261002-225404,412.86,Vloxx,81053,11.9,10860,12520,18,0,,,,,0
20261002-225404,413.06,Vloxx,,,10780,12280,18,0,,,,,0
20261002-225404,427.14,Vloxx,81053,4.8,11350,14220,415,1,0,-180,0,0,5
20261002-225404,427.66,Vloxx,81053,5.3,11650,13910,415,1,0,-180,0,0,8
20261002-225404,427.66,Vloxx,81053,5.3,10950,13820,325,1,0,-180,0,0,8
20261002-225404,428.18,Vloxx,81053,5.8,11410,14420,325,1,0,-180,0,0,10
20261002-225404,428.18,Vloxx,81053,5.8,11350,13420,235,1,0,-180,0,0,10
20261002-225404,428.58,Vloxx,81053,6.2,11170,14130,415,1,0,-180,0,0,1
20261002-225404,428.70,Vloxx,81053,6.3,11750,13820,145,1,0,180,0,0,10
20261002-225404,428.70,Vloxx,81053,6.3,10900,14180,235,1,0,-180,0,0,10
20261002-225404,429.10,Vloxx,81053,6.7,11290,13580,286,1,0,140,1,40,0
20261002-225404,429.17,Vloxx,81053,6.8,11240,13780,376,1,0,140,1,40,1
20261002-225404,429.22,Vloxx,81053,6.9,11140,13670,106,1,0,140,1,40,1
20261002-225404,429.61,Vloxx,81053,7.2,11840,13700,196,1,0,140,1,40,0
20261002-225404,429.70,Vloxx,81053,7.3,11770,13980,286,1,0,140,1,40,0
20261002-225404,430.14,Vloxx,81053,7.8,11720,14250,106,1,0,140,1,40,8
20261002-225404,430.22,Vloxx,81053,7.8,11570,14510,196,1,0,140,1,40,8
20261002-225404,430.74,Vloxx,81053,8.4,11040,14310,106,1,0,180,0,40,0
20261002-225404,437.06,Aspect of the Sword,,,12820,16400,35,0,,,,,0
20261002-225404,437.26,Aspect of the Sword,,,12670,16190,35,0,,,,,0
20261002-225404,437.46,Aspect of the Sword,,,12530,15990,35,0,,,,,0
20261002-225404,437.65,Aspect of the Sword,,,12390,15780,35,0,,,,,0
20261002-225404,437.85,Aspect of the Sword,,,12240,15580,35,0,,,,,0
20261002-225404,438.05,Aspect of the Sword,,,12100,15380,35,0,,,,,0
20261002-225404,455.37,Aspect of the Sword,81326,5.1,12350,16060,-30,0,,,,,2
20261002-225404,455.58,Aspect of the Sword,81326,5.3,12480,15840,-30,0,,,,,0
20261002-225404,455.77,Aspect of the Sword,81326,5.5,12610,15630,-30,0,,,,,1
20261002-225404,455.98,Aspect of the Sword,81326,5.7,12730,15410,-30,0,,,,,0
20261002-225404,456.17,Aspect of the Sword,81326,5.9,12860,15190,-30,0,,,,,0
20261002-225404,456.37,Aspect of the Sword,81326,6.1,12980,14980,-30,0,,,,,0
20261002-225404,471.82,Aspect of the Sword,,,12360,14930,-84,0,,,,,0
20261002-225404,472.02,Aspect of the Sword,,,12610,14910,-84,0,,,,,0
20261002-225404,472.21,Aspect of the Sword,,,12850,14880,-84,0,,,,,0
20261002-225404,472.41,Aspect of the Sword,,,13100,14850,-84,0,,,,,0
20261002-225404,472.62,Aspect of the Sword,,,13350,14820,-84,0,,,,,0
20261002-225404,472.82,Aspect of the Sword,,,13600,14800,-84,0,,,,,0
20261002-225404,485.77,Vloxx,,,12260,15220,270,1,0,180,0,0,1
20261002-225404,485.77,Vloxx,,,12250,15130,270,1,0,180,0,0,1
20261002-225404,485.77,Vloxx,,,12300,15130,270,1,0,180,0,0,1
20261002-225404,486.30,Vloxx,,,12030,14710,180,1,0,-180,0,0,8
20261002-225404,486.30,Vloxx,,,11920,14670,180,1,0,-180,0,0,8
20261002-225404,486.30,Vloxx,,,12070,14610,180,1,0,-180,0,0,8
20261002-225404,486.82,Vloxx,,,12590,14380,90,1,0,-180,0,0,1
20261002-225404,486.82,Vloxx,,,12540,14480,90,1,0,-180,0,0,1
20261002-225404,486.82,Vloxx,,,12380,14340,90,1,0,-180,0,0,1
20261002-225404,487.33,Vloxx,,,12820,14900,0,1,0,-180,0,0,0
20261002-225404,487.33,Vloxx,,,12780,14990,0,1,0,-180,0,0,0
20261002-225404,487.33,Vloxx,,,12710,14790,0,1,0,-180,0,0,0
20261002-225404,500.77,Vloxx,,,12060,15180,270,1,0,180,0,0,9
20261002-225404,500.77,Vloxx,,,12200,15360,270,1,0,180,0,0,9
20261002-225404,500.77,Vloxx,,,12190,15520,270,1,0,180,0,0,9
20261002-225404,501.30,Vloxx,,,12500,15980,180,1,0,-180,0,0,6
20261002-225404,501.30,Vloxx,,,12370,15900,180,1,0,-180,0,0,6
20261002-225404,501.30,Vloxx,,,12620,15150,180,1,0,-180,0,0,6
20261002-225404,501.82,Vloxx,,,12660,15710,90,1,0,-180,0,0,6
20261002-225404,501.82,Vloxx,,,11830,16070,90,1,0,-180,0,0,6
20261002-225404,501.82,Vloxx,,,12030,16300,90,1,0,-180,0,0,6
20261002-225404,502.33,Vloxx,,,12090,15750,0,1,0,-180,0,0,0
20261002-225404,502.33,Vloxx,,,11660,15520,0,1,0,-180,0,0,0
20261002-225404,502.33,Vloxx,,,11720,15830,0,1,0,-180,0,0,0
20261002-225404,515.78,Vloxx,,,12240,14970,270,1,0,180,0,0,2
20261002-225404,515.78,Vloxx,,,12360,15140,270,1,0,180,0,0,2
20261002-225404,515.78,Vloxx,,,12220,15290,270,1,0,180,0,0,2
20261002-225404,516.30,Vloxx,,,11870,14860,180,1,0,-180,0,0,9
20261002-225404,516.30,Vloxx,,,12290,14580,180,1,0,-180,0,0,9
20261002-225404,516.30,Vloxx,,,11870,14550,180,1,0,-180,0,0,9
20261002-225404,516.82,Vloxx,,,12850,14510,90,1,0,-180,0,0,2
20261002-225404,516.82,Vloxx,,,12290,14170,90,1,0,-180,0,0,2
20261002-225404,516.82,Vloxx,,,12300,14500,90,1,0,-180,0,0,2
20261002-225404,517.33,Vloxx,,,12930,15070,0,1,0,-180,0,0,0
20261002-225404,517.33,Vloxx,,,12660,14930,0,1,0,-180,0,0,0
20261002-225404,517.33,Vloxx,,,12670,14590,0,1,0,-180,0,0,0
20261002-225404,530.78,Vloxx,,,12320,15620,270,1,0,180,0,0,7
20261002-225404,530.78,Vloxx,,,12230,15350,270,1,0,180,0,0,7
20261002-225404,530.78,Vloxx,,,12240,15320,270,1,0,180,0,0,7
20261002-225404,531.30,Vloxx,,,12770,15510,180,1,0,-180,0,0,7
20261002-225404,531.30,Vloxx,,,12000,15830,180,1,0,-180,0,0,7
20261002-225404,531.30,Vloxx,,,12830,15870,180,1,0,-180,0,0,7
20261002-225404,531.81,Vloxx,,,11490,15590,90,1,0,-180,0,0,4
20261002-225404,531.81,Vloxx,,,12610,16050,90,1,0,-180,0,0,4
20261002-225404,531.81,Vloxx,,,12590,16380,90,1,0,-180,0,0,4
20261002-225404,532.33,Vloxx,,,12080,16130,0,1,0,-180,0,0,3
20261002-225404,532.33,Vloxx,,,12070,15890,0,1,0,-180,0,0,3
20261002-225404,532.33,Vloxx,,,11730,15080,0,1,0,-180,0,0,3
20261002-231326,290.70,Aspect of the Sword,81326,5.1,12840,15560,26,0,,,,,0
20261002-231326,290.90,Aspect of the Sword,81326,5.3,12730,15340,26,0,,,,,0
20261002-231326,291.11,Aspect of the Sword,81326,5.5,12620,15110,26,0,,,,,1
20261002-231326,291.31,Aspect of the Sword,81326,5.7,12510,14890,26,0,,,,,0
20261002-231326,291.50,Aspect of the Sword,81326,5.9,12400,14670,26,0,,,,,0
20261002-231326,291.70,Aspect of the Sword,81326,6.1,12290,14440,26,0,,,,,0
20261002-231326,306.42,Aspect of the Sword,,,12150,14400,2,0,,,,,0
20261002-231326,306.62,Aspect of the Sword,,,12140,14150,2,0,,,,,0
20261002-231326,306.82,Aspect of the Sword,,,12130,13900,2,0,,,,,0
20261002-231326,307.03,Aspect of the Sword,,,12120,13650,2,0,,,,,0
20261002-231326,307.22,Aspect of the Sword,,,12110,13400,2,0,,,,,0
20261002-231326,307.42,Aspect of the Sword,,,12100,13150,2,0,,,,,0
20261002-231326,323.94,Aspect of the Sword,81326,8.2,12180,15120,-190,0,,,,,0
20261002-231326,324.14,Aspect of the Sword,81326,8.4,12140,15370,-190,0,,,,,0
20261002-231326,324.34,Aspect of the Sword,81326,8.6,12090,15610,-190,0,,,,,0
20261002-231326,324.54,Aspect of the Sword,81326,8.8,12050,15860,-190,0,,,,,0
20261002-231326,324.74,Aspect of the Sword,81326,9.0,12010,16100,-190,0,,,,,0
20261002-231326,324.94,Aspect of the Sword,81326,9.2,11960,16350,-190,0,,,,,0
20261002-231326,337.54,Vloxx,81053,4.8,11660,14730,238,1,0,180,0,0,4
20261002-231326,338.06,Vloxx,81053,5.3,11520,14640,238,1,0,180,0,0,8
20261002-231326,338.06,Vloxx,81053,5.3,12190,14540,148,1,0,-180,0,0,8
20261002-231326,338.58,Vloxx,81053,5.8,12050,14450,148,1,0,-180,0,0,7
20261002-231326,338.58,Vloxx,81053,5.8,12380,15080,58,1,0,-180,0,0,7
20261002-231326,338.98,Vloxx,81053,6.2,11530,14630,238,1,0,180,0,0,7
20261002-231326,339.10,Vloxx,81053,6.3,12240,14990,58,1,0,-180,0,0,7
20261002-231326,339.10,Vloxx,81053,6.3,11840,15260,-32,1,0,-180,0,0,7
20261002-231326,339.39,Aspect of the Sword,,,11990,14850,-182,0,,,,,0
20261002-231326,339.50,Vloxx,81053,6.7,12060,14430,148,1,0,-180,0,0,8
20261002-231326,339.58,Aspect of the Sword,,,11990,15100,-182,0,,,,,0
20261002-231326,339.58,Vloxx,81053,6.8,10550,14210,238,1,0,180,0,0,8
20261002-231326,339.62,Vloxx,81053,6.8,11710,15180,-32,1,0,-180,0,0,8
20261002-231326,339.78,Aspect of the Sword,,,11980,15350,-182,0,,,,,0
20261002-231326,339.98,Aspect of the Sword,,,11970,15600,-182,0,,,,,0
20261002-231326,340.02,Vloxx,81053,7.2,12260,14960,58,1,0,-180,0,0,7
20261002-231326,340.10,Vloxx,81053,7.3,10720,13670,148,1,0,-180,0,0,7
20261002-231326,340.18,Aspect of the Sword,,,11960,15850,-182,0,,,,,0
20261002-231326,340.38,Aspect of the Sword,,,11960,16100,-182,0,,,,,0
20261002-231326,340.54,Vloxx,81053,7.8,11730,15160,-32,1,0,-180,0,0,6
20261002-231326,340.62,Vloxx,81053,7.8,11260,13840,74,1,0,-164,1,0,6
20261002-231326,341.14,Vloxx,81053,8.4,11090,14380,-16,1,0,-164,1,-16,0
20261002-231326,345.06,Vloxx,,,10650,14210,-99,0,,,,,0
20261002-231326,345.26,Vloxx,,,10890,14240,-99,0,,,,,0
20261002-231326,345.46,Vloxx,,,11140,14280,-99,0,,,,,0
20261002-231326,345.66,Vloxx,,,11390,14320,-99,0,,,,,0
20261002-231326,345.86,Vloxx,,,11640,14360,-99,0,,,,,0
20261002-231326,346.05,Vloxx,,,11880,14390,-99,0,,,,,0
20261002-231326,346.26,Vloxx,,,12130,14430,-99,0,,,,,0
20261002-231326,346.46,Vloxx,,,12380,14470,-101,0,,,,,0
20261002-231326,357.62,Vloxx,81053,4.8,11550,15260,225,1,0,180,0,0,9
20261002-231326,358.15,Vloxx,81053,5.3,11590,15260,225,1,0,180,0,0,7
20261002-231326,358.15,Vloxx,81053,5.3,12110,15340,135,1,0,-180,0,0,7
20261002-231326,358.66,Vloxx,81053,5.8,12020,15900,45,1,0,-180,0,0,3
20261002-231326,358.66,Vloxx,81053,5.8,12150,15330,135,1,0,-180,0,0,3
20261002-231326,359.07,Vloxx,81053,6.2,11550,15200,225,1,0,180,0,0,8
20261002-231326,359.18,Vloxx,81053,6.3,11470,15820,-45,1,0,-180,0,0,8
20261002-231326,359.18,Vloxx,81053,6.3,12080,15890,45,1,0,-180,0,0,8
20261002-231326,359.58,Vloxx,81053,6.7,12110,15280,135,1,0,-180,0,0,8
20261002-231326,359.66,Vloxx,81053,6.8,11510,15070,225,1,0,180,0,0,8
20261002-231326,359.70,Vloxx,81053,6.8,11520,15820,-45,1,0,-180,0,0,8
20261002-231326,360.10,Vloxx,81053,7.2,12030,15840,45,1,0,-180,0,0,1
20261002-231326,360.18,Vloxx,81053,7.3,12070,15110,135,1,0,-180,0,0,1
20261002-231326,360.62,Vloxx,81053,7.8,11470,15770,-67,1,0,158,1,0,2
20261002-231326,360.70,Vloxx,81053,7.8,12030,15680,23,1,0,158,1,22,2
20261002-231326,361.22,Vloxx,81053,8.4,11460,15630,-67,1,0,158,1,22,4
20261002-231326,362.98,Vloxx,81053,10.1,10840,14310,-157,0,,,,,0
20261002-231326,363.18,Vloxx,81053,10.3,10940,14540,-157,0,,,,,0
20261002-231326,363.38,Vloxx,81053,10.5,11030,14770,-157,0,,,,,0
20261002-231326,363.58,Vloxx,81053,10.7,11130,15000,-157,0,,,,,0
20261002-231326,363.78,Vloxx,81053,10.9,11230,15230,-157,0,,,,,0
20261002-231326,363.98,Vloxx,81053,11.1,11320,15460,-157,0,,,,,0
20261002-231326,364.18,Vloxx,81053,11.3,11420,15690,-157,0,,,,,0
20261002-231326,364.38,Vloxx,81053,11.5,11520,15920,-157,0,,,,,0
20261002-231326,374.34,Vloxx,81053,4.8,11570,14630,241,1,0,-180,0,0,9
20261002-231326,374.86,Vloxx,81053,5.3,11320,14580,241,1,0,-180,0,0,8
20261002-231326,374.86,Vloxx,81053,5.3,12120,14490,151,1,0,-180,0,0,8
20261002-231326,375.38,Vloxx,81053,5.8,12260,15040,61,1,0,-180,0,0,8
20261002-231326,375.38,Vloxx,81053,5.8,11890,14550,151,1,0,-180,0,0,8
20261002-231326,375.78,Vloxx,81053,6.2,11460,14820,241,1,0,-180,0,0,10
20261002-231326,375.90,Vloxx,81053,6.3,11710,15180,-29,1,0,180,0,0,10
20261002-231326,375.90,Vloxx,81053,6.3,11910,15120,61,1,0,-180,0,0,10
20261002-231326,376.29,Vloxx,81053,6.7,12020,14860,157,1,0,-174,0,-5,10
20261002-231326,376.37,Vloxx,81053,6.8,11600,14560,247,1,0,-174,0,-5,10
20261002-231326,376.42,Vloxx,81053,6.8,11350,15140,-23,1,0,-175,0,-5,10
20261002-231326,376.82,Vloxx,81053,7.2,11980,15430,67,1,0,-174,0,-5,5
20261002-231326,376.90,Vloxx,81053,7.3,12130,14360,157,1,0,-174,0,-5,5
20261002-231326,377.33,Vloxx,81053,7.8,11420,15390,-23,1,0,-175,0,-5,8
20261002-231326,377.42,Vloxx,81053,7.8,12330,14890,67,1,0,-174,0,-5,8
20261002-231326,377.94,Vloxx,81053,8.4,11800,15090,-23,1,0,180,0,-5,6
20261002-231326,387.10,Vloxx,,,11030,14340,-143,0,,,,,0
20261002-231326,387.30,Vloxx,,,11180,14540,-143,0,,,,,0
20261002-231326,387.50,Vloxx,,,11330,14740,-143,0,,,,,0
20261002-231326,387.69,Vloxx,,,11480,14940,-143,0,,,,,0
20261002-231326,387.90,Vloxx,,,11630,15140,-143,0,,,,,0
20261002-231326,388.09,Vloxx,,,11780,15340,-143,0,,,,,0
20261002-231326,388.29,Vloxx,,,11930,15540,-143,0,,,,,0
20261002-231326,388.49,Vloxx,81053,0.0,12080,15740,-160,0,,,,,0
20261002-232932,283.87,Aspect of the Sword,81326,5.1,12960,15680,73,0,,,,,0
20261002-232932,284.07,Aspect of the Sword,81326,5.3,12730,15600,73,0,,,,,0
20261002-232932,284.27,Aspect of the Sword,81326,5.5,12490,15530,73,0,,,,,0
20261002-232932,284.47,Aspect of the Sword,81326,5.7,12250,15450,73,0,,,,,0
20261002-232932,284.67,Aspect of the Sword,81326,5.9,12010,15380,73,0,,,,,0
20261002-232932,284.87,Aspect of the Sword,81326,6.1,11770,15300,73,0,,,,,0
20261002-232932,299.26,Aspect of the Sword,,,12890,15490,71,0,,,,,0
20261002-232932,299.46,Aspect of the Sword,,,12650,15410,71,0,,,,,0
20261002-232932,299.67,Aspect of the Sword,,,12410,15330,71,0,,,,,0
20261002-232932,299.86,Aspect of the Sword,,,12180,15250,71,0,,,,,0
20261002-232932,300.06,Aspect of the Sword,,,11940,15170,71,0,,,,,0
20261002-232932,300.26,Aspect of the Sword,,,11700,15090,71,0,,,,,0
20261002-232932,315.19,Aspect of the Sword,81326,6.7,12310,15910,33,0,,,,,0
20261002-232932,315.39,Aspect of the Sword,81326,6.9,12180,15700,33,0,,,,,0
20261002-232932,315.58,Aspect of the Sword,81326,7.1,12040,15490,33,0,,,,,0
20261002-232932,315.78,Aspect of the Sword,81326,7.3,11910,15280,33,0,,,,,0
20261002-232932,315.98,Aspect of the Sword,81326,7.5,11770,15070,33,0,,,,,0
20261002-232932,316.18,Aspect of the Sword,81326,7.7,11640,14860,33,0,,,,,0
20261002-232932,325.66,Vloxx,81053,4.8,11510,16030,276,1,0,180,0,0,3
20261002-232932,326.19,Vloxx,81053,5.3,11490,16000,276,1,0,180,0,0,9
20261002-232932,326.19,Vloxx,81053,5.3,11900,15620,186,1,0,-180,0,0,9
20261002-232932,326.70,Vloxx,81053,5.8,12310,16020,96,1,0,-180,0,0,9
20261002-232932,326.71,Vloxx,81053,5.8,11880,15590,186,1,0,-180,0,0,9
20261002-232932,327.10,Vloxx,81053,6.2,11730,16030,276,1,0,180,0,0,8
20261002-232932,327.23,Vloxx,81053,6.3,12290,15970,96,1,0,-180,0,0,9
20261002-232932,327.23,Vloxx,81053,6.3,11910,16420,6,1,0,-180,0,0,9
20261002-232932,327.63,Vloxx,81053,6.7,12120,15620,186,1,0,-180,0,0,10
20261002-232932,327.70,Vloxx,81053,6.8,11960,16060,276,1,0,180,0,0,10
20261002-232932,327.74,Vloxx,81053,6.8,11910,16390,6,1,0,-180,0,0,10
20261002-232932,328.14,Vloxx,81053,7.2,12530,16020,96,1,0,-180,0,0,6
20261002-232932,328.23,Vloxx,81053,7.3,12360,15660,186,1,0,-180,0,0,6
20261002-232932,328.66,Vloxx,81053,7.8,12130,16420,0,1,0,174,0,6,7
20261002-232932,328.75,Vloxx,81053,7.8,12760,16060,90,1,0,174,0,6,7
20261002-232932,329.26,Vloxx,81053,8.4,12350,16460,0,1,0,174,0,6,1
20261002-232932,332.78,Vloxx,81053,11.9,10430,16040,-86,0,,,,,0
20261002-232932,332.98,Vloxx,,,10680,16020,-86,0,,,,,0
20261002-232932,333.18,Vloxx,,,10930,16010,-86,0,,,,,0
20261002-232932,333.38,Vloxx,,,11180,15990,-86,0,,,,,0
20261002-232932,333.59,Vloxx,,,11430,15980,-86,0,,,,,0
20261002-232932,333.79,Vloxx,,,11680,15960,-86,0,,,,,0
20261002-232932,333.98,Vloxx,,,11930,15950,-86,0,,,,,0
20261002-232932,334.18,Vloxx,,,12180,15930,-86,0,,,,,0
20261002-232932,345.98,Vloxx,81053,4.8,11470,15930,275,1,0,180,0,0,6
20261002-232932,346.51,Vloxx,81053,5.3,11570,15760,275,1,0,180,0,0,9
20261002-232932,346.51,Vloxx,81053,5.3,11800,15470,185,1,0,180,0,0,9
20261002-232932,347.03,Vloxx,81053,5.8,12260,15800,95,1,0,-180,0,0,7
20261002-232932,347.03,Vloxx,81053,5.8,11810,15250,185,1,0,180,0,0,7
20261002-232932,347.42,Vloxx,81053,6.2,11290,15880,275,1,0,180,0,0,6
20261002-232932,347.55,Vloxx,81053,6.3,12320,15490,95,1,0,-180,0,0,7
20261002-232932,347.55,Vloxx,81053,6.3,11930,16260,5,1,0,-180,0,0,7
20261002-232932,347.94,Vloxx,81053,6.7,11550,15380,185,1,0,180,0,0,10
20261002-232932,348.03,Vloxx,81053,6.8,11810,15740,275,1,0,180,0,0,10
20261002-232932,348.06,Vloxx,81053,6.8,12080,16000,5,1,0,-180,0,0,10
20261002-232932,348.46,Vloxx,81053,7.2,12060,15630,95,1,0,-180,0,0,6
20261002-232932,348.54,Vloxx,81053,7.3,12090,15250,185,1,0,180,0,0,6
20261002-232932,348.98,Vloxx,81053,7.8,11800,16140,5,1,0,-180,0,0,7
20261002-232932,349.06,Vloxx,81053,7.8,12580,15520,120,1,0,-155,1,0,7
20261002-232932,349.58,Vloxx,81053,8.4,12310,16020,30,1,0,-155,1,-25,0
20261002-232932,351.43,Vloxx,81053,10.2,10800,16020,-60,0,,,,,0
20261002-232932,351.62,Vloxx,81053,10.4,11020,15890,-60,0,,,,,0
20261002-232932,351.82,Vloxx,81053,10.6,11230,15770,-60,0,,,,,0
20261002-232932,352.02,Vloxx,81053,10.8,11450,15640,-60,0,,,,,0
20261002-232932,352.22,Vloxx,81053,11.0,11670,15510,-60,0,,,,,0
20261002-232932,352.42,Vloxx,81053,11.2,11880,15390,-60,0,,,,,0
20261002-232932,352.62,Vloxx,81053,11.4,12100,15260,-60,0,,,,,0
20261002-232932,352.82,Vloxx,81053,11.6,12310,15130,-60,0,,,,,0
20261002-232932,362.62,Vloxx,81053,4.8,10730,16090,354,1,0,180,0,0,6
20261002-232932,363.14,Vloxx,81053,5.3,10430,15610,264,1,0,180,0,0,6
20261002-232932,363.14,Vloxx,81053,5.3,10740,16080,354,1,0,180,0,0,6
20261002-232932,363.66,Vloxx,81053,5.8,10910,15320,174,1,0,-180,0,0,5
20261002-232932,363.66,Vloxx,81053,5.8,10340,15680,264,1,0,180,0,0,5
20261002-232932,364.06,Vloxx,81053,6.2,10900,15990,354,1,0,180,0,0,3
20261002-232932,364.18,Vloxx,81053,6.3,11210,15800,84,1,0,-180,0,0,6
20261002-232932,364.18,Vloxx,81053,6.3,10740,15280,174,1,0,-180,0,0,6
20261002-232932,364.58,Vloxx,81053,6.7,10680,16510,264,1,0,180,0,0,6
20261002-232932,364.67,Vloxx,81053,6.8,10610,16040,354,1,0,180,0,0,6
20261002-232932,364.70,Vloxx,81053,6.8,11140,15680,84,1,0,-180,0,0,6
20261002-232932,365.10,Vloxx,81053,7.2,10160,16280,174,1,0,-180,0,0,1
20261002-232932,365.18,Vloxx,81053,7.3,11040,15690,264,1,0,180,0,0,1
20261002-232932,365.62,Vloxx,81053,7.8,10390,15760,84,1,0,-180,0,0,0
20261002-232932,365.70,Vloxx,81053,7.8,11400,16120,174,1,0,-180,0,0,0
20261002-232932,366.22,Vloxx,81053,8.4,10960,16480,84,1,0,-180,0,0,1
20261002-232932,375.66,Vloxx,,,10790,16000,-40,0,,,,,0
20261002-232932,375.86,Vloxx,,,10950,15810,-40,0,,,,,0
20261002-232932,376.06,Vloxx,,,11110,15620,-40,0,,,,,0
20261002-232932,376.26,Vloxx,,,11270,15430,-40,0,,,,,0
20261002-232932,376.46,Vloxx,,,11430,15240,-40,0,,,,,0
20261002-232932,376.66,Vloxx,,,11600,15050,-40,0,,,,,0
20261002-232932,376.86,Vloxx,,,11760,14860,-40,0,,,,,0
20261002-232932,377.06,Vloxx,81053,0.1,11920,14670,-123,0,,,,,0
20261002-232932,381.70,Vloxx,81053,4.8,10920,16010,237,1,0,-180,0,0,0
20261002-232932,382.22,Vloxx,81053,5.3,10680,15840,237,1,0,-180,0,0,3
20261002-232932,382.22,Vloxx,81053,5.3,10630,16500,147,1,0,180,0,0,3
20261002-232932,382.74,Vloxx,81053,5.8,11170,16130,147,1,0,180,0,0,1
20261002-232932,382.74,Vloxx,81053,5.8,10150,16200,57,1,0,180,0,0,1
20261002-232932,383.14,Vloxx,81053,6.2,10820,15880,237,1,0,-180,0,0,1
20261002-232932,383.27,Vloxx,81053,6.3,10440,15720,151,1,0,5,1,0,9
20261002-232932,383.27,Vloxx,81053,6.3,10880,16620,241,1,0,5,1,0,9
20261002-232932,383.66,Vloxx,81053,6.7,11000,16420,331,1,0,5,1,175,10
20261002-232932,383.75,Vloxx,81053,6.8,10930,16020,421,1,0,5,1,175,10
20261002-232932,383.78,Vloxx,81053,6.8,10390,16320,151,1,0,5,1,175,9
20261002-232932,384.18,Vloxx,81053,7.2,10470,16600,241,1,0,5,1,175,5
20261002-232932,384.26,Vloxx,81053,7.3,10600,16480,331,1,0,5,1,175,5
20261002-232932,384.70,Vloxx,81053,7.8,10290,16070,151,1,0,5,1,175,2
20261002-232932,384.75,Aspect of the Sword,81326,5.1,12720,15640,-259,0,,,,,0
20261002-232932,384.78,Vloxx,81053,7.8,10140,16150,241,1,0,5,1,175,2
20261002-232932,384.95,Aspect of the Sword,81326,5.3,12480,15690,-259,0,,,,,0
20261002-232932,385.14,Aspect of the Sword,81326,5.5,12230,15740,-259,0,,,,,7
20261002-232932,385.31,Vloxx,81053,8.4,10470,15690,151,1,0,180,0,175,5
20261002-232932,385.34,Aspect of the Sword,81326,5.7,11990,15790,-259,0,,,,,0
20261002-232932,385.54,Aspect of the Sword,81326,5.9,11740,15840,-259,0,,,,,0
20261002-232932,385.58,Vloxx,81053,8.6,10670,16020,61,0,,,,,0
20261002-232932,385.75,Aspect of the Sword,81326,6.1,11500,15890,-259,0,,,,,0
20261002-232932,385.78,Vloxx,81053,8.8,10450,15900,61,0,,,,,0
20261002-232932,385.98,Vloxx,81053,9.0,10230,15780,61,0,,,,,0
20261002-232932,386.19,Vloxx,81053,9.2,10020,15660,61,0,,,,,0
20261002-232932,386.38,Vloxx,81053,9.4,9800,15540,61,0,,,,,0
20261002-232932,386.58,Vloxx,81053,9.6,9580,15420,61,0,,,,,0
20261002-232932,386.78,Vloxx,81053,9.8,9360,15290,61,0,,,,,0
20261002-232932,386.98,Vloxx,81053,10.0,9140,15170,61,0,,,,,0
20261002-232932,400.38,Aspect of the Sword,,,10880,16720,-142,0,,,,,0
20261002-232932,400.58,Aspect of the Sword,,,11030,16910,-142,0,,,,,0
20261002-232932,400.78,Aspect of the Sword,,,11190,17110,-142,0,,,,,0
20261002-232932,400.98,Aspect of the Sword,,,11340,17310,-142,0,,,,,0
20261002-232932,401.18,Aspect of the Sword,,,11500,17500,-142,0,,,,,0
20261002-232932,401.39,Aspect of the Sword,,,11650,17700,-142,0,,,,,0
20261002-232932,409.70,Vloxx,81053,4.8,10860,17150,243,1,0,-180,0,0,4
20261002-232932,410.22,Vloxx,81053,5.3,10950,16590,153,1,0,-180,0,0,9
20261002-232932,410.22,Vloxx,81053,5.3,11010,16970,243,1,0,-180,0,0,9
20261002-232932,410.74,Vloxx,81053,5.8,11550,16790,153,1,0,-180,0,0,4
20261002-232932,410.74,Vloxx,81053,5.8,11510,16680,63,1,0,-180,0,0,4
20261002-232932,411.14,Vloxx,81053,6.2,11210,16860,243,1,0,-180,0,0,5
20261002-232932,411.26,Vloxx,81053,6.3,11420,17240,112,1,0,-41,1,0,5
20261002-232932,411.26,Vloxx,81053,6.3,11730,17330,202,1,0,-41,1,0,5
20261002-232932,411.66,Vloxx,81053,6.7,11200,17430,292,1,0,-41,1,-139,10
20261002-232932,411.74,Vloxx,81053,6.8,10990,16960,382,1,0,-41,1,-139,10
20261002-232932,411.78,Vloxx,81053,6.8,11200,17510,112,1,0,-41,1,-139,10
20261002-232932,412.18,Vloxx,81053,7.2,10640,17430,202,1,0,-41,1,-139,0
20261002-232932,412.26,Vloxx,81053,7.3,11530,16790,292,1,0,-41,1,-139,0
20261002-232932,412.70,Vloxx,81053,7.8,10640,16860,112,1,0,-41,1,-139,0
20261002-232932,412.78,Vloxx,81053,7.8,11700,17330,202,1,0,-41,1,-139,0
20261002-232932,413.29,Vloxx,81053,8.4,11160,17500,112,1,0,-180,0,-139,3
20261002-232932,415.70,Vloxx,81053,10.8,11030,17060,-209,0,,,,,0
20261002-232932,415.90,Vloxx,81053,11.0,10910,17280,-209,0,,,,,0
20261002-232932,416.09,Vloxx,81053,11.2,10790,17500,-209,0,,,,,0
20261002-232932,416.29,Vloxx,81053,11.4,10660,17720,-209,0,,,,,0
20261002-232932,416.50,Vloxx,81053,11.6,10540,17940,-209,0,,,,,0
20261002-232932,416.70,Vloxx,81053,11.8,10420,18150,-209,0,,,,,0
20261002-232932,416.90,Vloxx,81053,12.0,10300,18370,-209,0,,,,,0
20261002-232932,417.06,Aspect of the Sword,81326,7.9,11040,16970,-180,0,,,,,0
20261002-232932,417.10,Vloxx,,,10170,18590,-209,0,,,,,0
20261002-232932,417.26,Aspect of the Sword,81326,8.1,11040,17220,-180,0,,,,,0
20261002-232932,417.46,Aspect of the Sword,81326,8.3,11030,17470,-180,0,,,,,0
20261002-232932,417.66,Aspect of the Sword,81326,8.5,11030,17720,-180,0,,,,,0
20261002-232932,417.85,Aspect of the Sword,81326,8.7,11030,17970,-180,0,,,,,0
20261002-232932,418.06,Aspect of the Sword,81326,8.9,11030,18220,-180,0,,,,,0
20261002-232932,430.90,Vloxx,81053,4.8,11270,17200,433,1,0,-180,0,0,7
20261002-232932,431.42,Vloxx,81053,5.3,10700,17200,343,1,0,180,0,0,10
20261002-232932,431.42,Vloxx,81053,5.3,11260,16730,433,1,0,-180,0,0,10
20261002-232932,431.94,Vloxx,81053,5.8,10700,16630,253,1,0,180,0,0,9
20261002-232932,431.94,Vloxx,81053,5.8,11350,17290,343,1,0,180,0,0,9
20261002-232932,432.34,Vloxx,81053,6.2,10910,17230,433,1,0,-180,0,0,5
20261002-232932,432.46,Vloxx,81053,6.3,10790,17380,253,1,0,180,0,0,9
20261002-232932,432.46,Vloxx,81053,6.3,11270,16630,163,1,0,-180,0,0,9
20261002-232932,432.82,Aspect of the Sword,,,10920,16820,-236,0,,,,,0
20261002-232932,432.86,Vloxx,81053,6.7,10810,16670,107,1,0,-56,1,-124,2
20261002-232932,432.94,Vloxx,81053,6.8,10910,17250,197,1,0,-56,1,-124,10
20261002-232932,432.98,Vloxx,81053,6.8,10710,16820,-73,1,0,-56,1,-124,10
20261002-232932,433.02,Aspect of the Sword,,,10720,16960,-236,0,,,,,0
20261002-232932,433.21,Aspect of the Sword,,,10510,17100,-236,0,,,,,0
20261002-232932,433.38,Vloxx,81053,7.2,11370,16570,17,1,0,-56,1,-124,1
20261002-232932,433.42,Aspect of the Sword,,,10300,17240,-236,0,,,,,0
20261002-232932,433.46,Vloxx,81053,7.3,10790,16690,107,1,0,-56,1,-124,1
20261002-232932,433.62,Aspect of the Sword,,,10090,17370,-236,0,,,,,0
20261002-232932,433.81,Aspect of the Sword,,,9880,17510,-236,0,,,,,0
20261002-232932,433.90,Vloxx,81053,7.8,11470,17120,-73,1,0,-56,1,-124,1
20261002-232932,433.97,Vloxx,81053,7.8,11340,16570,17,1,0,-56,1,-124,1
20261002-232932,434.50,Vloxx,81053,8.4,11470,17120,-73,1,0,180,0,-124,0
20261002-232932,434.86,Vloxx,81053,8.7,11090,17070,-163,0,,,,,0
20261002-232932,435.06,Vloxx,81053,8.9,11170,17310,-163,0,,,,,0
20261002-232932,435.26,Vloxx,81053,9.1,11240,17550,-163,0,,,,,0
20261002-232932,435.46,Vloxx,81053,9.3,11320,17790,-163,0,,,,,0
20261002-232932,435.66,Vloxx,81053,9.5,11390,18030,-163,0,,,,,0
20261002-232932,435.86,Vloxx,81053,9.7,11470,18260,-163,0,,,,,0
20261002-232932,436.06,Vloxx,81053,9.9,11540,18500,-163,0,,,,,0
20261002-232932,436.26,Vloxx,81053,10.1,11610,18740,-163,0,,,,,0
20261002-232932,443.86,Vloxx,,,11040,16930,24,0,,,,,0
20261002-232932,444.05,Vloxx,,,10940,16700,24,0,,,,,0
20261002-232932,444.26,Vloxx,,,10830,16470,24,0,,,,,0
20261002-232932,444.45,Vloxx,,,10730,16250,24,0,,,,,0
20261002-232932,444.66,Vloxx,,,10630,16020,24,0,,,,,0
20261002-232932,444.86,Vloxx,,,10530,15790,24,0,,,,,0
20261002-232932,445.06,Vloxx,,,10430,15560,24,0,,,,,0
20261002-232932,445.26,Vloxx,,,10320,15330,-264,0,,,,,0
20261002-232932,466.78,Vloxx,81053,4.8,11640,15720,137,1,0,-180,0,0,2
20261002-232932,467.29,Vloxx,81053,5.3,11520,16270,47,1,0,-180,0,0,2
20261002-232932,467.29,Vloxx,81053,5.3,11490,15730,137,1,0,-180,0,0,2
20261002-232932,467.82,Vloxx,81053,5.8,11320,16270,47,1,0,-180,0,0,0
20261002-232932,467.82,Vloxx,81053,5.8,10970,16160,-43,1,0,180,0,0,0
20261002-232932,468.22,Vloxx,81053,6.2,12200,15350,137,1,0,-180,0,0,3
20261002-232932,468.34,Vloxx,81053,6.3,10780,16110,-43,1,0,180,0,0,2
20261002-232932,468.34,Vloxx,81053,6.3,11090,15600,-133,1,0,180,0,0,2
20261002-232932,468.73,Vloxx,81053,6.7,12210,14790,67,1,0,-160,1,-20,1
20261002-232932,468.81,Vloxx,81053,6.8,12270,15300,157,1,0,-160,1,-20,3
20261002-232932,468.85,Vloxx,81053,6.8,10950,15560,-113,1,0,-160,1,-20,3
20261002-232932,469.26,Vloxx,81053,7.2,12770,14800,-23,1,0,-160,1,-20,1
20261002-232932,469.33,Vloxx,81053,7.3,12200,15860,67,1,0,-160,1,-20,1
20261002-232932,469.78,Vloxx,81053,7.8,12760,15360,-113,1,0,-160,1,-20,1
20261002-232932,469.85,Vloxx,81053,7.8,11640,15790,-23,1,0,-160,1,-20,1
20261002-232932,470.38,Vloxx,81053,8.4,11710,15230,-113,1,0,-180,0,-20,0
20261002-232932,472.78,Vloxx,81053,10.8,12250,15410,-145,0,,,,,0
20261002-232932,472.98,Vloxx,81053,11.0,12390,15620,-145,0,,,,,0
20261002-232932,473.17,Vloxx,81053,11.2,12530,15820,-145,0,,,,,0
20261002-232932,473.38,Vloxx,81053,11.4,12670,16030,-145,0,,,,,0
20261002-232932,473.57,Vloxx,81053,11.6,12820,16230,-145,0,,,,,0
20261002-232932,473.78,Vloxx,81053,11.8,12960,16440,-145,0,,,,,0
20261002-232932,473.98,Vloxx,81053,12.0,13100,16640,-145,0,,,,,0
20261002-232932,474.17,Vloxx,,,13250,16850,-145,0,,,,,0
20261002-232932,485.22,Vloxx,81053,4.8,12440,15370,393,1,0,-180,0,0,2
20261002-232932,485.74,Vloxx,81053,5.3,12170,15340,393,1,0,-180,0,0,7
20261002-232932,485.74,Vloxx,81053,5.3,12020,15740,303,1,0,-180,0,0,7
20261002-232932,486.25,Vloxx,81053,5.8,11680,15630,303,1,0,-180,0,0,4
20261002-232932,486.25,Vloxx,81053,5.8,11650,15310,213,1,0,180,0,0,4
20261002-232932,486.66,Vloxx,81053,6.2,12270,15440,393,1,0,-180,0,0,8
20261002-232932,486.77,Vloxx,81053,6.3,11390,15140,213,1,0,180,0,0,8
20261002-232932,486.77,Vloxx,81053,6.3,12070,14940,123,1,0,180,0,0,8
20261002-232932,487.17,Vloxx,81053,6.7,11710,15380,303,1,0,-180,0,0,8
20261002-232932,487.25,Vloxx,81053,6.8,12130,15220,393,1,0,-180,0,0,8
20261002-232932,487.30,Vloxx,81053,6.8,11880,14860,123,1,0,180,0,0,7
20261002-232932,487.69,Vloxx,81053,7.2,11770,14820,213,1,0,180,0,0,9
20261002-232932,487.77,Vloxx,81053,7.3,11580,15080,303,1,0,-180,0,0,9
20261002-232932,488.22,Vloxx,81053,7.8,12340,14880,123,1,0,180,0,0,9
20261002-232932,488.29,Vloxx,81053,7.8,11720,14540,213,1,0,180,0,0,9
20261002-232932,488.81,Vloxx,81053,8.4,12270,14680,73,1,0,130,1,50,4
20261002-232932,490.90,Vloxx,81053,10.4,12220,15280,-17,0,,,,,0
20261002-232932,491.09,Vloxx,81053,10.6,12300,15040,-17,0,,,,,0
20261002-232932,491.29,Vloxx,81053,10.8,12370,14800,-17,0,,,,,0
20261002-232932,491.50,Vloxx,81053,11.0,12440,14560,-17,0,,,,,0
20261002-232932,491.69,Vloxx,81053,11.2,12510,14320,-17,0,,,,,0
20261002-232932,491.89,Vloxx,81053,11.4,12580,14080,-17,0,,,,,0
20261002-232932,492.09,Vloxx,81053,11.6,12650,13840,-17,0,,,,,0
20261002-232932,492.29,Vloxx,81053,11.8,12720,13600,-17,0,,,,,0
20261002-232932,494.86,Aspect of the Sword,81326,5.1,12970,15670,64,0,,,,,0
20261002-232932,495.05,Aspect of the Sword,81326,5.3,12740,15560,64,0,,,,,0
20261002-232932,495.25,Aspect of the Sword,81326,5.5,12520,15450,64,0,,,,,6
20261002-232932,495.45,Aspect of the Sword,81326,5.7,12300,15330,64,0,,,,,0
20261002-232932,495.65,Aspect of the Sword,81326,5.9,12070,15220,64,0,,,,,0
20261002-232932,495.85,Aspect of the Sword,81326,6.1,11850,15110,64,0,,,,,0
20261002-232932,501.54,Vloxx,81053,4.8,12190,15420,424,1,0,-180,0,0,5
20261002-232932,502.06,Vloxx,81053,5.3,12170,15230,424,1,0,-180,0,0,4
20261002-232932,502.06,Vloxx,81053,5.3,11860,14960,334,1,0,180,0,0,4
20261002-232932,502.57,Vloxx,81053,5.8,12660,15500,334,1,0,180,0,0,4
20261002-232932,502.57,Vloxx,81053,5.8,12310,14630,244,1,0,180,0,0,4
20261002-232932,502.98,Vloxx,81053,6.2,12170,15230,424,1,0,-180,0,0,7
20261002-232932,503.09,Vloxx,81053,6.3,12650,15080,148,1,0,173,0,0,7
20261002-232932,503.09,Vloxx,81053,6.3,12390,16000,238,1,0,173,0,0,7
20261002-232932,503.49,Vloxx,81053,6.7,12660,15500,328,1,0,173,0,6,7
20261002-232932,503.57,Vloxx,81053,6.8,12150,15410,418,1,0,174,0,6,7
20261002-232932,503.62,Vloxx,81053,6.8,11890,15720,148,1,0,173,0,6,5
20261002-232932,504.02,Vloxx,81053,7.2,12380,16000,238,1,0,173,0,6,0
20261002-232932,504.10,Vloxx,81053,7.3,12140,14840,328,1,0,173,0,6,0
20261002-232932,504.53,Vloxx,81053,7.8,11890,15720,148,1,0,173,0,6,0
20261002-232932,504.62,Vloxx,81053,7.8,12710,14840,238,1,0,173,0,6,0
20261002-232932,505.14,Vloxx,81053,8.4,12710,15410,148,1,0,180,0,0,1
20261002-232932,511.65,Aspect of the Sword,,,12330,15580,-159,0,,,,,0
20261002-232932,511.85,Aspect of the Sword,,,12420,15810,-159,0,,,,,0
20261002-232932,512.05,Aspect of the Sword,,,12510,16040,-159,0,,,,,0
20261002-232932,512.25,Aspect of the Sword,,,12590,16280,-159,0,,,,,0
20261002-232932,512.45,Aspect of the Sword,,,12680,16510,-159,0,,,,,0
20261002-232932,512.65,Aspect of the Sword,,,12770,16750,-159,0,,,,,0
20261002-232932,514.17,Vloxx,,,12240,15290,-34,0,,,,,0
20261002-232932,514.38,Vloxx,,,12380,15080,-34,0,,,,,0
20261002-232932,514.58,Vloxx,,,12520,14870,-34,0,,,,,0
20261002-232932,514.78,Vloxx,,,12660,14670,-34,0,,,,,0
20261002-232932,514.97,Vloxx,,,12800,14460,-34,0,,,,,0
20261002-232932,515.18,Vloxx,,,12940,14250,-34,0,,,,,0
20261002-232932,515.37,Vloxx,,,13080,14040,-34,0,,,,,0
20261002-232932,515.58,Vloxx,81053,0.0,13220,13840,35,0,,,,,0
20261002-232932,520.30,Vloxx,81053,4.8,12260,15340,395,1,0,-180,0,0,8
20261002-232932,528.42,Aspect of the Sword,81326,9.2,12110,15150,22,0,,,,,0
20261002-232932,528.61,Aspect of the Sword,81326,9.4,12020,14920,22,0,,,,,0
20261002-232932,528.81,Aspect of the Sword,81326,9.6,11920,14690,22,0,,,,,0
20261002-232932,529.01,Aspect of the Sword,81326,9.8,11830,14460,22,0,,,,,0
20261002-232932,529.21,Aspect of the Sword,81326,10.0,11740,14230,22,0,,,,,0
20261002-232932,529.42,Aspect of the Sword,81326,10.2,11640,14000,22,0,,,,,0
20261002-232932,544.46,Aspect of the Sword,,,11960,15310,-201,0,,,,,0
20261002-232932,544.65,Aspect of the Sword,,,11870,15550,-201,0,,,,,0
20261002-232932,544.85,Aspect of the Sword,,,11780,15780,-201,0,,,,,0
20261002-232932,545.05,Aspect of the Sword,,,11690,16010,-201,0,,,,,0
20261002-232932,545.25,Aspect of the Sword,,,11600,16250,-201,0,,,,,0
20261002-232932,545.45,Aspect of the Sword,,,11520,16480,-201,0,,,,,0
20261002-232932,570.54,Vloxx,,,12380,15300,270,1,0,180,0,0,9
20261002-232932,570.54,Vloxx,,,12330,15300,270,1,0,180,0,0,9
20261002-232932,570.54,Vloxx,,,12350,15320,270,1,0,180,0,0,9
20261002-232932,571.05,Vloxx,,,12740,14920,180,1,0,-180,0,0,8
20261002-232932,571.05,Vloxx,,,12720,14850,180,1,0,-180,0,0,8
20261002-232932,571.05,Vloxx,,,12590,14800,180,1,0,-180,0,0,8
20261002-232932,571.57,Vloxx,,,13090,15070,90,1,0,-180,0,0,3
20261002-232932,571.57,Vloxx,,,13150,15310,90,1,0,-180,0,0,3
20261002-232932,571.57,Vloxx,,,13170,15190,90,1,0,-180,0,0,3
20261002-232932,572.08,Vloxx,,,12830,15640,0,1,0,-180,0,0,0
20261002-232932,572.08,Vloxx,,,12820,15570,0,1,0,-180,0,0,0
20261002-232932,572.08,Vloxx,,,12760,15720,0,1,0,-180,0,0,0
20261002-232932,585.53,Vloxx,,,12290,15260,270,1,0,180,0,0,1
20261002-232932,585.53,Vloxx,,,12210,15230,270,1,0,180,0,0,1
20261002-232932,585.53,Vloxx,,,12220,15330,270,1,0,180,0,0,1
20261002-232932,586.05,Vloxx,,,12300,15820,180,1,0,-180,0,0,7
20261002-232932,586.05,Vloxx,,,12360,15880,180,1,0,-180,0,0,7
20261002-232932,586.05,Vloxx,,,12650,15590,180,1,0,-180,0,0,7
20261002-232932,586.58,Vloxx,,,12290,16030,90,1,0,-180,0,0,4
20261002-232932,586.58,Vloxx,,,11810,16020,90,1,0,-180,0,0,4
20261002-232932,586.58,Vloxx,,,11730,15830,90,1,0,-180,0,0,4
20261002-232932,587.09,Vloxx,,,11720,15270,0,1,0,-180,0,0,2
20261002-232932,587.09,Vloxx,,,11850,15670,0,1,0,-180,0,0,2
20261002-232932,587.09,Vloxx,,,11670,15470,0,1,0,-180,0,0,2
20261002-234158,286.62,Aspect of the Sword,81326,5.1,12720,15610,-259,0,,,,,0
20261002-234158,286.82,Aspect of the Sword,81326,5.3,12470,15650,-259,0,,,,,0
20261002-234158,287.02,Aspect of the Sword,81326,5.5,12230,15700,-259,0,,,,,0
20261002-234158,287.22,Aspect of the Sword,81326,5.7,11980,15750,-259,0,,,,,0
20261002-234158,287.42,Aspect of the Sword,81326,5.9,11740,15800,-259,0,,,,,0
20261002-234158,287.62,Aspect of the Sword,81326,6.1,11490,15840,-259,0,,,,,0
20261002-234158,302.06,Aspect of the Sword,,,12440,15590,-151,0,,,,,0
20261002-234158,302.26,Aspect of the Sword,,,12560,15810,-151,0,,,,,0
20261002-234158,302.46,Aspect of the Sword,,,12680,16030,-151,0,,,,,0
20261002-234158,302.66,Aspect of the Sword,,,12800,16250,-151,0,,,,,0
20261002-234158,302.86,Aspect of the Sword,,,12920,16470,-151,0,,,,,0
20261002-234158,303.06,Aspect of the Sword,,,13040,16690,-151,0,,,,,0
20261002-234158,317.46,Aspect of the Sword,81326,6.6,11780,15300,66,0,,,,,0
20261002-234158,317.66,Aspect of the Sword,81326,6.8,11550,15200,66,0,,,,,0
20261002-234158,317.86,Aspect of the Sword,81326,7.0,11320,15100,66,0,,,,,0
20261002-234158,318.06,Aspect of the Sword,81326,7.2,11090,15000,66,0,,,,,0
20261002-234158,318.26,Aspect of the Sword,81326,7.4,10860,14900,66,0,,,,,0
20261002-234158,318.46,Aspect of the Sword,81326,7.6,10630,14800,66,0,,,,,0
20261002-234158,323.30,Vloxx,81053,4.8,10520,15190,203,1,0,-180,0,0,4
20261002-234158,323.82,Vloxx,81053,5.3,10350,14630,203,1,0,-180,0,0,7
20261002-234158,323.82,Vloxx,81053,5.3,11030,15450,113,1,0,-180,0,0,7
20261002-234158,324.34,Vloxx,81053,5.8,10770,15950,23,1,0,180,0,0,3
20261002-234158,324.34,Vloxx,81053,5.8,10820,14310,113,1,0,-180,0,0,3
20261002-234158,324.74,Vloxx,81053,6.2,10410,14850,203,1,0,-180,0,0,3
20261002-234158,324.86,Vloxx,81053,6.3,11140,14780,18,1,0,175,0,0,3
20261002-234158,324.86,Vloxx,81053,6.3,10260,15690,-72,1,0,175,0,0,3
20261002-234158,325.27,Vloxx,81053,6.7,10910,15120,108,1,0,175,0,5,6
20261002-234158,325.34,Vloxx,81053,6.8,10460,14910,198,1,0,175,0,5,6
20261002-234158,325.38,Vloxx,81053,6.8,10670,15100,-72,1,0,175,0,5,6
20261002-234158,325.78,Vloxx,81053,7.2,10650,15620,18,1,0,175,0,5,5
20261002-234158,325.86,Vloxx,81053,7.3,10990,15120,108,1,0,175,0,5,5
20261002-234158,326.30,Vloxx,81053,7.8,10150,15350,-72,1,0,175,0,5,4
20261002-234158,326.38,Vloxx,81053,7.8,10770,15650,18,1,0,175,0,5,4
20261002-234158,326.89,Vloxx,81053,8.4,10250,15430,-72,1,0,-180,0,5,4
20261002-234158,333.18,Vloxx,,,10380,14700,-151,0,,,,,0
20261002-234158,333.38,Vloxx,,,10510,14910,-151,0,,,,,0
20261002-234158,333.50,Aspect of the Sword,,,10610,14940,4,0,,,,,0
20261002-234158,333.57,Vloxx,,,10630,15130,-151,0,,,,,0
20261002-234158,333.70,Aspect of the Sword,,,10600,14690,4,0,,,,,0
20261002-234158,333.78,Vloxx,,,10750,15350,-151,0,,,,,0
20261002-234158,333.89,Aspect of the Sword,,,10580,14440,4,0,,,,,0
20261002-234158,333.98,Vloxx,,,10870,15570,-151,0,,,,,0
20261002-234158,334.10,Aspect of the Sword,,,10560,14190,4,0,,,,,0
20261002-234158,334.18,Vloxx,,,11000,15790,-151,0,,,,,0
20261002-234158,334.30,Aspect of the Sword,,,10550,13940,4,0,,,,,0
20261002-234158,334.38,Vloxx,,,11120,16000,-151,0,,,,,0
20261002-234158,334.50,Aspect of the Sword,,,10530,13690,4,0,,,,,0
20261002-234158,334.58,Vloxx,,,11240,16220,-210,0,,,,,0
20261002-234158,344.69,Vloxx,81053,4.8,10360,14520,205,1,0,-180,0,0,7
20261002-234158,345.22,Vloxx,81053,5.3,10200,14410,205,1,0,-180,0,0,5
20261002-234158,345.22,Vloxx,81053,5.3,10710,14960,115,1,0,-180,0,0,5
20261002-234158,345.74,Vloxx,81053,5.8,10270,15320,25,1,0,180,0,0,3
20261002-234158,345.74,Vloxx,81053,5.8,10760,14530,115,1,0,-180,0,0,3
20261002-234158,346.14,Vloxx,81053,6.2,10350,14570,205,1,0,-180,0,0,3
20261002-234158,346.26,Vloxx,81053,6.3,9920,14870,-65,1,0,180,0,0,3
20261002-234158,346.26,Vloxx,81053,6.3,10640,15080,25,1,0,180,0,0,3
20261002-234158,346.66,Vloxx,81053,6.7,10740,14970,112,1,0,177,0,3,3
20261002-234158,346.74,Vloxx,81053,6.8,10430,14910,202,1,0,177,0,3,3
20261002-234158,346.78,Vloxx,81053,6.8,10090,14970,-68,1,0,177,0,3,3
20261002-234158,347.17,Vloxx,81053,7.2,10330,15370,22,1,0,177,0,3,1
20261002-234158,347.25,Vloxx,81053,7.3,9930,14640,112,1,0,177,0,3,1
20261002-234158,347.69,Vloxx,81053,7.8,9940,14960,-68,1,0,177,0,3,0
20261002-234158,347.78,Vloxx,81053,7.8,10200,14140,22,1,0,177,0,3,0
20261002-234158,348.30,Vloxx,81053,8.4,10700,14410,-68,1,0,-180,0,3,0
20261003-000447,272.67,Aspect of the Sword,81326,5.1,12750,15700,57,0,,,,,0
20261003-000447,272.87,Aspect of the Sword,81326,5.3,12540,15560,57,0,,,,,0
20261003-000447,273.06,Aspect of the Sword,81326,5.5,12330,15430,57,0,,,,,2
20261003-000447,273.26,Aspect of the Sword,81326,5.7,12120,15290,57,0,,,,,0
20261003-000447,273.46,Aspect of the Sword,81326,5.9,11910,15150,57,0,,,,,0
20261003-000447,273.67,Aspect of the Sword,81326,6.1,11700,15020,57,0,,,,,0
20261003-000447,289.35,Aspect of the Sword,,,12400,14670,-265,0,,,,,0
20261003-000447,289.55,Aspect of the Sword,,,12150,14690,-265,0,,,,,0
20261003-000447,289.75,Aspect of the Sword,,,11900,14710,-265,0,,,,,0
20261003-000447,289.95,Aspect of the Sword,,,11650,14740,-265,0,,,,,0
20261003-000447,290.15,Aspect of the Sword,,,11400,14760,-265,0,,,,,0
20261003-000447,290.35,Aspect of the Sword,,,11150,14780,-265,0,,,,,0
20261003-000447,305.30,Aspect of the Sword,81326,8.2,12180,15460,-172,0,,,,,0
20261003-000447,305.51,Aspect of the Sword,81326,8.4,12220,15710,-172,0,,,,,0
20261003-000447,305.71,Aspect of the Sword,81326,8.6,12250,15950,-172,0,,,,,0
20261003-000447,305.90,Aspect of the Sword,81326,8.8,12290,16200,-172,0,,,,,0
20261003-000447,306.11,Aspect of the Sword,81326,9.0,12320,16450,-172,0,,,,,0
20261003-000447,306.30,Aspect of the Sword,81326,9.2,12360,16700,-172,0,,,,,0
20261003-000447,316.67,Vloxx,81053,4.8,11820,16210,350,1,0,-180,0,0,5
20261003-000447,317.18,Vloxx,81053,5.3,11450,15770,260,1,0,-180,0,0,3
20261003-000447,317.18,Vloxx,81053,5.3,12690,15190,350,1,0,-180,0,0,3
20261003-000447,317.70,Vloxx,81053,5.8,11880,15410,170,1,0,-180,0,0,8
20261003-000447,317.70,Vloxx,81053,5.8,12490,14660,260,1,0,-180,0,0,8
20261003-000447,318.11,Vloxx,81053,6.2,11880,16350,350,1,0,-180,0,0,8
20261003-000447,318.22,Vloxx,81053,6.3,12250,15840,80,1,0,180,0,0,8
20261003-000447,318.22,Vloxx,81053,6.3,13020,14460,170,1,0,-180,0,0,8
20261003-000447,318.62,Vloxx,81053,6.7,11550,15890,260,1,0,-180,0,0,8
20261003-000447,318.71,Vloxx,81053,6.8,11950,16120,350,1,0,-180,0,0,8
20261003-000447,318.74,Vloxx,81053,6.8,13220,14990,80,1,0,180,0,0,8
20261003-000447,319.15,Vloxx,81053,7.3,12010,15560,170,1,0,-180,0,0,9
20261003-000447,319.23,Vloxx,81053,7.3,11640,15660,260,1,0,-180,0,0,9
20261003-000447,319.67,Vloxx,81053,7.8,12340,16020,81,1,0,-180,0,0,9
20261003-000447,319.74,Vloxx,81053,7.8,12110,15340,171,1,0,-180,0,0,9
20261003-000447,320.26,Vloxx,81053,8.4,12420,15810,81,1,0,-180,0,0,6
20261003-000447,320.91,Aspect of the Sword,,,12410,15390,-217,0,,,,,0
20261003-000447,321.11,Aspect of the Sword,,,12260,15590,-217,0,,,,,0
20261003-000447,321.31,Aspect of the Sword,,,12110,15780,-217,0,,,,,0
20261003-000447,321.50,Aspect of the Sword,,,11960,15980,-217,0,,,,,0
20261003-000447,321.71,Aspect of the Sword,,,11800,16180,-217,0,,,,,0
20261003-000447,321.91,Aspect of the Sword,,,11650,16380,-217,0,,,,,0
20261003-000447,323.91,Vloxx,,,11740,17190,-3,0,,,,,0
20261003-000447,324.11,Vloxx,,,11750,16940,-3,0,,,,,0
20261003-000447,324.31,Vloxx,,,11760,16690,-3,0,,,,,0
20261003-000447,324.50,Vloxx,,,11780,16440,-3,0,,,,,0
20261003-000447,324.70,Vloxx,,,11790,16190,-3,0,,,,,0
20261003-000447,324.90,Vloxx,,,11800,15940,-3,0,,,,,0
20261003-000447,325.10,Vloxx,,,11820,15690,-3,0,,,,,0
20261003-000447,325.30,Vloxx,,,11830,15440,-11,0,,,,,0
20261003-000447,337.38,Vloxx,81053,4.8,12040,16230,382,1,0,-180,0,0,1
20261003-000447,337.90,Vloxx,81053,5.3,11810,15710,292,1,0,-180,0,0,2
20261003-000447,337.90,Vloxx,81053,5.3,11960,16320,382,1,0,-180,0,0,2
20261003-000447,338.42,Vloxx,81053,5.8,12320,15480,202,1,0,-180,0,0,0
20261003-000447,338.42,Vloxx,81053,5.8,11690,15820,292,1,0,-180,0,0,0
20261003-000447,338.83,Vloxx,81053,6.2,11840,16780,382,1,0,-180,0,0,1
20261003-000447,338.95,Vloxx,81053,6.3,12180,15550,202,1,0,-180,0,0,1
20261003-000447,338.95,Vloxx,81053,6.3,12560,16000,112,1,0,180,0,0,1
20261003-000447,339.34,Vloxx,81053,6.7,11800,16220,292,1,0,-180,0,0,1
20261003-000447,339.42,Vloxx,81053,6.8,12190,16160,382,1,0,-180,0,0,1
20261003-000447,339.46,Vloxx,81053,6.8,12460,16050,112,1,0,180,0,0,0
20261003-000447,339.86,Vloxx,81053,7.2,12370,16180,202,1,0,-180,0,0,0
20261003-000447,339.94,Vloxx,81053,7.3,12040,15610,292,1,0,-180,0,0,0
20261003-000447,340.38,Vloxx,81053,7.8,12410,16740,-136,1,0,-68,1,0,0
20261003-000447,340.47,Vloxx,81053,7.8,12590,15470,-46,1,0,-68,1,0,0
20261003-000447,340.98,Vloxx,81053,8.4,12740,16010,-136,1,0,-68,1,-112,0
20261003-000447,341.35,Aspect of the Sword,81326,5.1,12350,15620,-203,0,,,,,0
20261003-000447,341.55,Aspect of the Sword,81326,5.3,12260,15850,-203,0,,,,,0
20261003-000447,341.75,Aspect of the Sword,81326,5.5,12160,16080,-203,0,,,,,0
20261003-000447,341.95,Aspect of the Sword,81326,5.7,12060,16310,-203,0,,,,,0
20261003-000447,342.15,Aspect of the Sword,81326,5.9,11970,16550,-203,0,,,,,0
20261003-000447,342.35,Aspect of the Sword,81326,6.1,11870,16780,-203,0,,,,,0
20261003-000447,342.66,Vloxx,81053,10.0,11770,16860,-226,0,,,,,0
20261003-000447,342.87,Vloxx,81053,10.2,11590,17030,-226,0,,,,,0
20261003-000447,343.07,Vloxx,81053,10.4,11410,17200,-226,0,,,,,0
20261003-000447,343.27,Vloxx,81053,10.6,11230,17380,-226,0,,,,,0
20261003-000447,343.46,Vloxx,81053,10.8,11050,17550,-226,0,,,,,0
20261003-000447,343.66,Vloxx,81053,11.0,10870,17720,-226,0,,,,,0
20261003-000447,343.87,Vloxx,81053,11.2,10690,17900,-226,0,,,,,0
20261003-000447,344.06,Vloxx,81053,11.4,10510,18070,-258,0,,,,,0
20261003-000447,353.90,Vloxx,81053,4.8,11710,16820,169,1,0,-180,0,0,2
20261003-000447,354.43,Vloxx,81053,5.3,12070,16380,79,1,0,180,0,0,5
20261003-000447,354.43,Vloxx,81053,5.3,11730,16820,169,1,0,-180,0,0,5
20261003-000447,354.94,Vloxx,81053,5.8,12500,16740,-11,1,0,180,0,0,2
20261003-000447,354.94,Vloxx,81053,5.8,12070,16360,79,1,0,180,0,0,2
20261003-000447,355.35,Vloxx,81053,6.2,11700,16790,169,1,0,-180,0,0,2
20261003-000447,355.46,Vloxx,81053,6.3,12150,17170,-101,1,0,-180,0,0,2
20261003-000447,355.46,Vloxx,81053,6.3,12520,16700,-11,1,0,180,0,0,2
20261003-000447,355.87,Vloxx,81053,6.7,12150,16450,80,1,0,-179,0,-1,4
20261003-000447,355.94,Vloxx,81053,6.8,11860,17050,170,1,0,-179,0,-1,4
20261003-000447,355.98,Vloxx,81053,6.8,12180,17160,-100,1,0,-179,0,-1,4
20261003-000447,356.38,Vloxx,81053,7.2,12500,16900,-10,1,0,-179,0,-1,4
20261003-000447,356.47,Vloxx,81053,7.3,11400,16710,80,1,0,-179,0,-1,4
20261003-000447,356.90,Vloxx,81053,7.8,12050,17240,-100,1,0,-179,0,-1,2
20261003-000447,356.98,Vloxx,81053,7.8,11740,16260,-10,1,0,-179,0,-1,2
20261003-000447,357.51,Vloxx,81053,8.4,12190,16590,-100,1,0,-180,0,-1,0
20261003-000447,367.06,Vloxx,,,11760,16760,50,0,,,,,0
20261003-000447,367.26,Vloxx,,,11570,16590,50,0,,,,,0
20261003-001430,272.35,Aspect of the Sword,81326,5.1,12720,15670,-224,0,,,,,0
20261003-001430,272.56,Aspect of the Sword,81326,5.3,12540,15850,-224,0,,,,,0
20261003-001430,272.75,Aspect of the Sword,81326,5.5,12370,16030,-224,0,,,,,0
20261003-001430,272.95,Aspect of the Sword,81326,5.7,12200,16210,-224,0,,,,,0
20261003-001430,273.15,Aspect of the Sword,81326,5.9,12020,16390,-224,0,,,,,0
20261003-001430,273.34,Aspect of the Sword,81326,6.1,11850,16570,-224,0,,,,,0
20261003-001430,288.27,Aspect of the Sword,,,12380,15420,-101,0,,,,,0
20261003-001430,288.46,Aspect of the Sword,,,12630,15460,-101,0,,,,,0
20261003-001430,288.66,Aspect of the Sword,,,12870,15510,-101,0,,,,,0
20261003-001430,288.87,Aspect of the Sword,,,13120,15560,-101,0,,,,,0
20261003-001430,289.06,Aspect of the Sword,,,13360,15610,-101,0,,,,,0
20261003-001430,289.27,Aspect of the Sword,,,13610,15650,-101,0,,,,,0
20261003-001430,303.75,Aspect of the Sword,81326,6.6,12510,15590,-139,0,,,,,0
20261003-001430,303.94,Aspect of the Sword,81326,6.8,12680,15780,-139,0,,,,,0
20261003-001430,304.14,Aspect of the Sword,81326,7.0,12840,15970,-139,0,,,,,0
20261003-001430,304.35,Aspect of the Sword,81326,7.2,13010,16160,-139,0,,,,,0
20261003-001430,304.55,Aspect of the Sword,81326,7.4,13170,16340,-139,0,,,,,0
20261003-001430,304.75,Aspect of the Sword,81326,7.6,13340,16530,-139,0,,,,,0
20261003-001430,316.31,Vloxx,81053,4.8,12970,16450,410,1,0,-180,0,0,0
20261003-001430,316.82,Vloxx,81053,5.3,12420,16590,320,1,0,-180,0,0,5
20261003-001430,316.82,Vloxx,81053,5.3,12990,16200,410,1,0,-180,0,0,5
20261003-001430,317.34,Vloxx,81053,5.8,12280,16040,230,1,0,-180,0,0,5
20261003-001430,317.34,Vloxx,81053,5.8,12420,16200,320,1,0,-180,0,0,5
20261003-001430,317.75,Vloxx,81053,6.2,12830,16070,410,1,0,-180,0,0,8
20261003-001430,317.87,Vloxx,81053,6.3,12430,15630,230,1,0,-180,0,0,8
20261003-001430,317.87,Vloxx,81053,6.3,12830,15900,140,1,0,180,0,0,8
20261003-001430,318.27,Vloxx,81053,6.7,12270,16070,320,1,0,-180,0,0,8
20261003-001430,318.35,Vloxx,81053,6.8,12930,16080,410,1,0,-180,0,0,8
20261003-001430,318.38,Vloxx,81053,6.8,12990,15640,140,1,0,180,0,0,8
20261003-001430,318.78,Vloxx,81053,7.2,12260,15510,230,1,0,-180,0,0,5
20261003-001430,318.86,Vloxx,81053,7.3,12370,16040,320,1,0,-180,0,0,5
20261003-001430,319.31,Vloxx,81053,7.8,12830,15500,140,1,0,180,0,0,3
20261003-001430,319.38,Vloxx,81053,7.8,12400,15480,230,1,0,-180,0,0,3
20261003-001430,319.91,Vloxx,81053,8.4,12970,15510,157,1,0,-163,1,-17,1
20261003-001430,323.94,Vloxx,,,13510,16760,60,0,,,,,0
20261003-001430,324.14,Vloxx,,,13290,16640,60,0,,,,,0
20261003-001430,324.34,Vloxx,,,13080,16510,60,0,,,,,0
20261003-001430,324.55,Vloxx,,,12860,16380,60,0,,,,,0
20261003-001430,324.74,Vloxx,,,12650,16260,60,0,,,,,0
20261003-001430,324.95,Vloxx,,,12430,16130,60,0,,,,,0
20261003-001430,325.14,Vloxx,,,12220,16000,60,0,,,,,0
20261003-001430,325.34,Vloxx,,,12000,15880,58,0,,,,,0
20261003-001430,336.66,Vloxx,81053,4.8,13100,16410,95,1,0,-180,0,0,6
20261003-001430,337.19,Vloxx,81053,5.3,13120,16460,95,1,0,-180,0,0,4
20261003-001430,337.19,Vloxx,81053,5.3,12530,16390,5,1,0,-180,0,0,4
20261003-001430,337.70,Vloxx,81053,5.8,12550,16490,5,1,0,-180,0,0,0
20261003-001430,337.70,Vloxx,81053,5.8,12550,15830,-85,1,0,180,0,0,0
20261003-001430,338.11,Vloxx,81053,6.2,13180,16460,95,1,0,-180,0,0,1
20261003-001430,338.22,Vloxx,81053,6.3,13110,15840,-175,1,0,180,0,0,1
20261003-001430,338.22,Vloxx,81053,6.3,12520,15930,-85,1,0,180,0,0,1
20261003-001430,338.62,Vloxx,81053,6.7,12620,16380,5,1,0,-180,0,0,1
20261003-001430,338.71,Vloxx,81053,6.8,13320,16640,95,1,0,-180,0,0,1
20261003-001430,338.75,Vloxx,81053,6.9,13080,15890,-175,1,0,180,0,0,1
20261003-001430,339.15,Vloxx,81053,7.2,12700,15820,-85,1,0,180,0,0,0
20261003-001430,339.22,Vloxx,81053,7.3,12790,16470,5,1,0,-180,0,0,0
20261003-001430,339.66,Vloxx,81053,7.8,13260,15900,-136,1,0,-141,1,0,0
20261003-001430,339.74,Vloxx,81053,7.8,12960,15930,-46,1,0,-141,1,-39,0
20261003-001430,340.27,Vloxx,81053,8.4,13500,16100,-136,1,0,-141,1,-39,0
20261003-001430,341.86,Vloxx,81053,10.0,13270,16700,-226,0,,,,,0
20261003-001430,342.07,Vloxx,81053,10.2,13090,16870,-226,0,,,,,0
20261003-001430,342.26,Vloxx,81053,10.4,12910,17050,-226,0,,,,,0
20261003-001430,342.47,Vloxx,81053,10.6,12730,17220,-226,0,,,,,0
20261003-001430,342.66,Vloxx,81053,10.8,12550,17390,-226,0,,,,,0
20261003-001430,342.86,Vloxx,81053,11.0,12370,17560,-226,0,,,,,0
20261003-001430,343.06,Vloxx,81053,11.2,12190,17740,-226,0,,,,,0
20261003-001430,343.26,Vloxx,81053,11.4,12010,17910,-226,0,,,,,0
20261003-001430,353.07,Vloxx,81053,4.8,13300,16630,226,1,0,180,0,0,8
20261003-001430,353.59,Vloxx,81053,5.3,13860,16550,136,1,0,-180,0,0,7
20261003-001430,353.59,Vloxx,81053,5.3,13330,16650,226,1,0,180,0,0,7
20261003-001430,354.10,Vloxx,81053,5.8,13950,17110,46,1,0,-180,0,0,7
20261003-001430,354.10,Vloxx,81053,5.8,13890,16580,136,1,0,-180,0,0,7
20261003-001430,354.50,Vloxx,81053,6.2,13260,16580,226,1,0,180,0,0,6
20261003-001430,354.62,Vloxx,81053,6.3,13970,17140,48,1,0,-178,0,0,6
20261003-001430,354.62,Vloxx,81053,6.3,13390,17190,-42,1,0,-178,0,0,6
20261003-001430,355.03,Vloxx,81053,6.7,13820,16580,138,1,0,-178,0,-2,7
20261003-001430,355.11,Vloxx,81053,6.8,13340,16630,228,1,0,-178,0,-2,7
20261003-001430,355.14,Vloxx,81053,6.8,13410,17210,-42,1,0,-178,0,-2,7
20261003-001430,355.54,Vloxx,81053,7.2,13820,17140,48,1,0,-178,0,-2,7
20261003-001430,355.62,Vloxx,81053,7.3,13190,16090,138,1,0,-178,0,-2,7
20261003-001430,356.06,Vloxx,81053,7.8,13250,17140,-42,1,0,-178,0,-2,3
20261003-001430,356.15,Vloxx,81053,7.8,13740,15940,48,1,0,-178,0,-2,3
20261003-001430,356.67,Vloxx,81053,8.4,13890,16490,-42,1,0,-180,0,-2,0
20261003-001430,361.26,Aspect of the Sword,81326,5.1,13060,15770,-158,0,,,,,0
20261003-001430,361.46,Aspect of the Sword,81326,5.3,13160,16000,-158,0,,,,,0
20261003-001430,361.66,Aspect of the Sword,81326,5.5,13260,16230,-158,0,,,,,2
20261003-001430,361.86,Aspect of the Sword,81326,5.7,13350,16460,-158,0,,,,,0
20261003-001430,362.06,Aspect of the Sword,81326,5.9,13450,16690,-158,0,,,,,0
20261003-001430,362.26,Aspect of the Sword,81326,6.1,13540,16920,-158,0,,,,,0
20261003-001430,366.22,Vloxx,,,13260,16670,-258,0,,,,,0
20261003-001430,366.42,Vloxx,,,13010,16720,-258,0,,,,,0
20261003-001430,366.62,Vloxx,,,12770,16770,-258,0,,,,,0
20261003-001430,366.82,Vloxx,,,12520,16820,-258,0,,,,,0
20261003-001430,367.02,Vloxx,,,12280,16880,-258,0,,,,,0
20261003-001430,367.22,Vloxx,,,12030,16930,-258,0,,,,,0
20261003-001430,367.42,Vloxx,,,11790,16980,-258,0,,,,,0
20261003-001430,367.63,Vloxx,81053,0.0,11540,17030,-228,0,,,,,0
20261003-001430,372.34,Vloxx,81053,4.8,13220,16630,132,1,0,180,0,0,0
20261003-001430,372.86,Vloxx,81053,5.3,13240,16590,132,1,0,180,0,0,0
20261003-001430,372.86,Vloxx,81053,5.3,13680,16300,42,1,0,-180,0,0,0
20261003-001430,373.39,Vloxx,81053,5.8,13800,16500,42,1,0,-180,0,0,4
20261003-001430,373.39,Vloxx,81053,5.8,14010,16760,-48,1,0,-180,0,0,4
20261003-001430,373.78,Vloxx,81053,6.2,13090,16830,132,1,0,180,0,0,0
20261003-001430,373.90,Vloxx,81053,6.3,13890,17060,-48,1,0,-180,0,0,0
20261003-001430,373.90,Vloxx,81053,6.3,13550,17090,-138,1,0,180,0,0,0
20261003-001430,374.30,Vloxx,81053,6.7,13170,16270,151,1,0,-71,1,-109,10
20261003-001430,374.39,Vloxx,81053,6.8,13190,16640,241,1,0,-71,1,-109,10
20261003-001430,374.43,Vloxx,81053,6.8,13330,17150,-29,1,0,-71,1,-109,10
20261003-001430,374.83,Vloxx,81053,7.2,13730,16350,61,1,0,-71,1,-109,6
20261003-001430,374.91,Vloxx,81053,7.3,13620,16270,151,1,0,-71,1,-109,6
20261003-001430,375.34,Vloxx,81053,7.8,13650,16910,-29,1,0,-71,1,-109,10
20261003-001430,375.43,Vloxx,81053,7.8,13990,16700,61,1,0,-71,1,-109,10
20261003-001430,375.94,Vloxx,81053,8.4,13560,17070,-29,1,0,180,0,-109,9
20261003-001430,376.30,Vloxx,81053,8.7,13390,16690,-119,0,,,,,0
20261003-001430,376.50,Vloxx,81053,8.9,13610,16810,-119,0,,,,,0
20261003-001430,376.70,Vloxx,81053,9.1,13830,16930,-119,0,,,,,0
20261003-001430,376.90,Aspect of the Sword,,,13710,16700,-53,0,,,,,0
20261003-001430,376.90,Vloxx,81053,9.3,14050,17050,-119,0,,,,,0
20261003-001430,377.10,Aspect of the Sword,,,13910,16550,-53,0,,,,,0
20261003-001430,377.10,Vloxx,81053,9.5,14270,17170,-119,0,,,,,0
20261003-001430,377.30,Aspect of the Sword,,,14110,16400,-53,0,,,,,0
20261003-001430,377.30,Vloxx,81053,9.7,14490,17290,-119,0,,,,,0
20261003-001430,377.51,Vloxx,81053,9.9,14710,17410,-119,0,,,,,0
20261003-001430,377.51,Aspect of the Sword,,,14300,16250,-53,0,,,,,0
20261003-001430,377.70,Vloxx,81053,10.1,14930,17530,-119,0,,,,,0
20261003-001430,377.70,Aspect of the Sword,,,14500,16100,-53,0,,,,,0
20261003-001430,377.90,Aspect of the Sword,,,14700,15940,-53,0,,,,,0
20261003-001430,392.30,Aspect of the Sword,81326,6.4,13210,15790,-16,0,,,,,0
20261003-001430,392.50,Aspect of the Sword,81326,6.6,13280,15550,-16,0,,,,,0
20261003-001430,392.70,Aspect of the Sword,81326,6.8,13350,15310,-16,0,,,,,0
20261003-001430,392.90,Aspect of the Sword,81326,7.0,13420,15060,-16,0,,,,,0
20261003-001430,393.10,Aspect of the Sword,81326,7.2,13480,14820,-16,0,,,,,0
20261003-001430,393.30,Aspect of the Sword,81326,7.4,13550,14580,-16,0,,,,,0
20261003-001430,400.67,Vloxx,81053,4.8,12920,14560,140,1,0,-180,0,0,4
20261003-001430,401.18,Vloxx,81053,5.3,13480,14500,50,1,0,-180,0,0,8
20261003-001430,401.18,Vloxx,81053,5.3,13040,14710,140,1,0,-180,0,0,8
20261003-001430,401.70,Vloxx,81053,5.8,13550,15060,-40,1,0,180,0,0,2
20261003-001430,401.70,Vloxx,81053,5.8,12810,14190,50,1,0,-180,0,0,2
20261003-001430,402.10,Vloxx,81053,6.2,13060,14660,140,1,0,-180,0,0,5
20261003-001430,402.22,Vloxx,81053,6.3,13330,13960,-40,1,0,180,0,0,5
20261003-001430,402.22,Vloxx,81053,6.3,12980,15130,-130,1,0,180,0,0,5
20261003-001430,402.63,Vloxx,81053,6.7,13140,15220,58,1,0,-172,0,-8,6
20261003-001430,402.70,Vloxx,81053,6.8,12960,14630,148,1,0,-172,0,-8,6
20261003-001430,402.74,Vloxx,81053,6.8,13550,14480,-122,1,0,-172,0,-8,6
20261003-001430,403.15,Vloxx,81053,7.2,12580,15300,-32,1,0,-172,0,-8,7
20261003-001430,403.22,Vloxx,81053,7.3,13490,14420,58,1,0,-172,0,-8,7
20261003-001430,403.66,Vloxx,81053,7.8,12500,14740,-122,1,0,-172,0,-8,2
20261003-001430,403.74,Vloxx,81053,7.8,13700,14950,-32,1,0,-172,0,-8,2
20261003-001430,404.27,Vloxx,81053,8.4,13170,15160,-122,1,0,180,0,-8,0
20261003-001430,406.74,Vloxx,81053,10.8,13130,14660,-82,0,,,,,0
20261003-001430,406.93,Vloxx,81053,11.0,13370,14620,-82,0,,,,,0
20261003-001430,407.15,Vloxx,81053,11.2,13620,14590,-82,0,,,,,0
20261003-001430,407.34,Vloxx,81053,11.4,13870,14550,-82,0,,,,,0
20261003-001430,407.54,Vloxx,81053,11.6,14110,14510,-82,0,,,,,0
20261003-001430,407.74,Vloxx,81053,11.8,14360,14480,-82,0,,,,,0
20261003-001430,407.94,Vloxx,,,14610,14440,-82,0,,,,,0
20261003-001430,408.06,Aspect of the Sword,,,13260,14220,-17,0,,,,,0
20261003-001430,408.14,Vloxx,,,14860,14400,-82,0,,,,,0
20261003-001430,408.26,Aspect of the Sword,,,13330,13980,-17,0,,,,,0
20261003-001430,408.46,Aspect of the Sword,,,13400,13740,-17,0,,,,,0
20261003-001430,408.66,Aspect of the Sword,,,13470,13500,-17,0,,,,,0
20261003-001430,408.86,Aspect of the Sword,,,13540,13260,-17,0,,,,,0
20261003-001430,409.06,Aspect of the Sword,,,13610,13020,-17,0,,,,,0
20261003-001430,421.94,Vloxx,81053,4.8,13200,14850,369,1,0,-180,0,0,7
20261003-001430,422.46,Vloxx,81053,5.3,12640,14800,279,1,0,-180,0,0,9
20261003-001430,422.46,Vloxx,81053,5.3,13110,14740,369,1,0,-180,0,0,9
20261003-001430,422.98,Vloxx,81053,5.8,12550,14700,279,1,0,-180,0,0,9
20261003-001430,422.98,Vloxx,81053,5.8,12690,14230,189,1,0,180,0,0,9
20261003-001430,423.38,Vloxx,81053,6.2,13230,14740,369,1,0,-180,0,0,8
20261003-001430,423.50,Vloxx,81053,6.3,12590,14130,182,1,0,173,0,0,8
20261003-001430,423.50,Vloxx,81053,6.3,13250,14280,92,1,0,173,0,0,8
20261003-001430,423.90,Vloxx,81053,6.7,12710,14970,272,1,0,173,0,7,9
20261003-001430,423.98,Vloxx,81053,6.8,13010,14630,362,1,0,173,0,7,9
20261003-001430,424.02,Vloxx,81053,6.8,13160,14180,92,1,0,173,0,7,9
20261003-001430,424.42,Vloxx,81053,7.2,12490,14450,182,1,0,173,0,7,7
20261003-001430,424.50,Vloxx,81053,7.3,12440,14690,272,1,0,173,0,7,7
20261003-001430,424.95,Vloxx,81053,7.8,13010,14220,92,1,0,173,0,7,3
20261003-001430,425.02,Vloxx,81053,7.8,12380,14130,182,1,0,173,0,7,3
20261003-001430,425.54,Vloxx,81053,8.4,12950,14070,92,1,0,180,0,7,1
20261003-001430,425.86,Vloxx,81053,8.7,13050,14590,1,0,,,,,0
20261003-001430,426.06,Vloxx,81053,8.9,13040,14340,1,0,,,,,0
20261003-001430,426.25,Vloxx,81053,9.1,13040,14090,1,0,,,,,0
20261003-001430,426.46,Vloxx,81053,9.3,13030,13840,1,0,,,,,0
20261003-001430,426.65,Vloxx,81053,9.5,13020,13590,1,0,,,,,0
20261003-001430,426.86,Vloxx,81053,9.7,13020,13340,1,0,,,,,0
20261003-001430,427.05,Vloxx,81053,9.9,13010,13090,1,0,,,,,0
20261003-001430,427.26,Vloxx,81053,10.1,13000,12840,1,0,,,,,0
20261003-001430,433.46,Aspect of the Sword,,,13170,14400,-224,0,,,,,0
20261003-001430,433.66,Aspect of the Sword,,,13000,14580,-224,0,,,,,0
20261003-001430,433.86,Aspect of the Sword,,,12830,14760,-224,0,,,,,0
20261003-001430,434.06,Aspect of the Sword,,,12650,14940,-224,0,,,,,0
20261003-001430,434.25,Aspect of the Sword,,,12480,15120,-224,0,,,,,0
20261003-001430,434.45,Aspect of the Sword,,,12310,15300,-224,0,,,,,0
20261003-001430,434.86,Vloxx,,,12980,14640,65,0,,,,,0
20261003-001430,435.06,Vloxx,,,12760,14530,65,0,,,,,0
20261003-001430,435.26,Vloxx,,,12530,14430,65,0,,,,,0
20261003-001430,435.45,Vloxx,,,12300,14330,65,0,,,,,0
20261003-001430,435.66,Vloxx,,,12070,14220,65,0,,,,,0
20261003-001430,435.86,Vloxx,,,11850,14120,65,0,,,,,0
20261003-001430,436.06,Vloxx,,,11620,14020,65,0,,,,,0
20261003-001430,436.26,Vloxx,,,11390,13910,-177,0,,,,,0
20261003-002223,278.74,Aspect of the Sword,81326,5.0,12730,15650,-258,0,,,,,6
20261003-002223,278.95,Aspect of the Sword,81326,5.2,12490,15700,-258,0,,,,,0
20261003-002223,279.15,Aspect of the Sword,81326,5.4,12240,15750,-258,0,,,,,6
20261003-002223,279.35,Aspect of the Sword,81326,5.6,12000,15810,-258,0,,,,,0
20261003-002223,279.55,Aspect of the Sword,81326,5.8,11760,15860,-258,0,,,,,0
20261003-002223,279.75,Aspect of the Sword,81326,6.0,11510,15920,-258,0,,,,,0
20261003-002223,294.43,Aspect of the Sword,,,12190,16150,-87,0,,,,,0
20261003-002223,294.63,Aspect of the Sword,,,12440,16140,-87,0,,,,,0
20261003-002223,294.82,Aspect of the Sword,,,12690,16130,-87,0,,,,,0
20261003-002223,295.02,Aspect of the Sword,,,12940,16120,-87,0,,,,,0
20261003-002223,295.22,Aspect of the Sword,,,13190,16100,-87,0,,,,,0
20261003-002223,295.43,Aspect of the Sword,,,13440,16090,-87,0,,,,,0
20261003-002223,309.82,Aspect of the Sword,81326,6.7,12410,15500,-268,0,,,,,0
20261003-002223,310.03,Aspect of the Sword,81326,6.9,12160,15510,-268,0,,,,,0
20261003-002223,310.22,Aspect of the Sword,81326,7.1,11910,15520,-268,0,,,,,0
20261003-002223,310.42,Aspect of the Sword,81326,7.3,11660,15530,-268,0,,,,,0
20261003-002223,310.62,Aspect of the Sword,81326,7.5,11420,15540,-268,0,,,,,0
20261003-002223,310.83,Aspect of the Sword,81326,7.7,11170,15550,-268,0,,,,,0
20261003-002223,325.74,Aspect of the Sword,,,11240,15660,-252,0,,,,,0
20261003-002223,325.95,Aspect of the Sword,,,11000,15740,-252,0,,,,,0
20261003-002223,326.14,Aspect of the Sword,,,10760,15810,-252,0,,,,,0
20261003-002223,326.35,Aspect of the Sword,,,10520,15890,-252,0,,,,,0
20261003-002223,326.55,Aspect of the Sword,,,10290,15960,-252,0,,,,,0
20261003-002223,326.75,Aspect of the Sword,,,10050,16040,-252,0,,,,,0
20261003-002223,329.14,Vloxx,81053,4.8,10330,15840,285,1,0,180,0,0,0
20261003-002223,329.66,Vloxx,81053,5.3,10770,15480,195,1,0,-180,0,0,0
20261003-002223,329.66,Vloxx,81053,5.3,10500,15710,285,1,0,180,0,0,0
20261003-150148,295.19,Aspect of the Sword,81326,5.1,12800,15540,28,0,,,,,0
20261003-150148,295.39,Aspect of the Sword,81326,5.3,12680,15320,28,0,,,,,0
20261003-150148,295.60,Aspect of the Sword,81326,5.5,12570,15100,28,0,,,,,5
20261003-150148,295.80,Aspect of the Sword,81326,5.7,12450,14880,28,0,,,,,0
20261003-150148,296.00,Aspect of the Sword,81326,5.9,12330,14660,28,0,,,,,0
20261003-150148,296.20,Aspect of the Sword,81326,6.1,12220,14440,28,0,,,,,0
20261003-150148,310.64,Aspect of the Sword,,,12750,14900,-198,0,,,,,0
20261003-150148,310.83,Aspect of the Sword,,,12680,15140,-198,0,,,,,0
20261003-150148,311.04,Aspect of the Sword,,,12600,15380,-198,0,,,,,0
20261003-150148,311.24,Aspect of the Sword,,,12520,15610,-198,0,,,,,0
20261003-150148,311.43,Aspect of the Sword,,,12440,15850,-198,0,,,,,0
20261003-150148,311.63,Aspect of the Sword,,,12370,16090,-198,0,,,,,0
20261003-150148,327.35,Aspect of the Sword,81326,7.8,12220,14910,6,0,,,,,0
20261003-150148,327.55,Aspect of the Sword,81326,8.0,12190,14660,6,0,,,,,0
20261003-150148,327.76,Aspect of the Sword,81326,8.2,12160,14420,6,0,,,,,0
20261003-150148,327.95,Aspect of the Sword,81326,8.4,12140,14170,6,0,,,,,0
20261003-150148,328.15,Aspect of the Sword,81326,8.6,12110,13920,6,0,,,,,0
20261003-150148,328.36,Aspect of the Sword,81326,8.8,12080,13670,6,0,,,,,0
20261003-150148,342.83,Aspect of the Sword,,,13060,15560,-132,0,,,,,0
20261003-150148,343.04,Aspect of the Sword,,,13240,15730,-132,0,,,,,0
20261003-150148,343.23,Aspect of the Sword,,,13430,15890,-132,0,,,,,0
20261003-150148,343.43,Aspect of the Sword,,,13610,16060,-132,0,,,,,0
20261003-150148,343.64,Aspect of the Sword,,,13800,16230,-132,0,,,,,0
20261003-150148,343.83,Aspect of the Sword,,,13990,16400,-132,0,,,,,0
20261003-150148,354.11,Vloxx,81053,4.8,14040,14940,132,1,0,180,0,0,8
20261003-150148,354.63,Vloxx,81053,5.3,14000,14920,132,1,0,180,0,0,7
20261003-150148,354.63,Vloxx,81053,5.3,13970,15500,42,1,0,180,0,0,7
20261003-150148,355.15,Vloxx,81053,5.8,13860,15470,42,1,0,180,0,0,2
20261003-150148,355.15,Vloxx,81053,5.8,13410,15430,-48,1,0,-180,0,0,2
20261003-150148,355.55,Vloxx,81053,6.2,14020,14910,132,1,0,180,0,0,8
20261003-150148,355.67,Vloxx,81053,6.3,13310,15330,-48,1,0,-180,0,0,8
20261003-150148,355.67,Vloxx,81053,6.3,13480,14860,-138,1,0,-180,0,0,8
20261003-150148,356.07,Vloxx,81053,6.7,13880,15450,42,1,0,180,0,0,6
20261003-150148,356.15,Vloxx,81053,6.8,14030,14860,132,1,0,180,0,0,8
20261003-150148,356.19,Vloxx,81053,6.8,13450,14780,-138,1,0,-180,0,0,8
20261003-150148,356.59,Vloxx,81053,7.2,13330,15310,-48,1,0,-180,0,0,1
20261003-150148,356.67,Vloxx,81053,7.3,13790,15370,42,1,0,180,0,0,1
20261003-150148,357.11,Vloxx,81053,7.8,13470,14760,-138,1,0,-180,0,0,5
20261003-150148,357.19,Vloxx,81053,7.8,13280,15140,-48,1,0,-180,0,0,5
20261003-150148,357.71,Vloxx,81053,8.4,13510,14620,171,1,0,129,1,51,1
20261003-150148,358.11,Aspect of the Sword,81326,8.8,13420,14950,-57,0,,,,,0
20261003-150148,358.31,Aspect of the Sword,81326,9.0,13630,14810,-57,0,,,,,0
20261003-150148,358.51,Aspect of the Sword,81326,9.2,13840,14670,-57,0,,,,,0
20261003-150148,358.71,Aspect of the Sword,81326,9.4,14050,14530,-57,0,,,,,0
20261003-150148,358.91,Aspect of the Sword,81326,9.6,14260,14400,-57,0,,,,,0
20261003-150148,359.11,Aspect of the Sword,81326,9.8,14470,14260,-57,0,,,,,0
20261003-150148,361.83,Vloxx,,,14210,14710,43,0,,,,,0
20261003-150148,362.03,Vloxx,,,14040,14530,43,0,,,,,0
20261003-150148,362.23,Vloxx,,,13870,14350,43,0,,,,,0
20261003-150148,362.43,Vloxx,,,13700,14160,43,0,,,,,0
20261003-150148,362.63,Vloxx,,,13530,13980,43,0,,,,,0
20261003-150148,362.83,Vloxx,,,13360,13800,43,0,,,,,0
20261003-150148,363.03,Vloxx,,,13190,13620,43,0,,,,,0
20261003-150148,363.23,Vloxx,,,13020,13430,43,0,,,,,0
20261003-150148,373.91,Aspect of the Sword,,,13950,14780,-42,0,,,,,0
20261003-150148,374.11,Aspect of the Sword,,,14120,14590,-42,0,,,,,0
20261003-150148,374.23,Vloxx,81053,4.8,14330,14830,415,1,0,-180,0,0,10
20261003-150148,374.31,Aspect of the Sword,,,14280,14400,-42,0,,,,,0
20261003-150148,374.51,Aspect of the Sword,,,14450,14220,-42,0,,,,,0
20261003-150148,374.71,Aspect of the Sword,,,14620,14030,-42,0,,,,,0
20261003-150148,374.76,Vloxx,81053,5.3,13760,14830,325,1,0,-180,0,0,10
20261003-150148,374.76,Vloxx,81053,5.3,14320,14840,415,1,0,-180,0,0,10
20261003-150148,374.91,Aspect of the Sword,,,14780,13840,-42,0,,,,,0
20261003-150148,375.27,Vloxx,81053,5.8,13770,14260,235,1,0,180,0,0,9
20261003-150148,375.27,Vloxx,81053,5.8,13760,14750,325,1,0,-180,0,0,9
20261003-150148,375.67,Vloxx,81053,6.2,14300,14810,415,1,0,-180,0,0,9
20261003-150148,375.79,Vloxx,81053,6.3,14330,14270,145,1,0,180,0,0,9
20261003-150148,375.79,Vloxx,81053,6.3,13850,14190,235,1,0,180,0,0,9
20261003-150148,376.19,Vloxx,81053,6.7,13740,14760,325,1,0,-180,0,0,7
20261003-150148,376.27,Vloxx,81053,6.8,14370,14850,415,1,0,-180,0,0,7
20261003-150148,376.31,Vloxx,81053,6.8,14410,14290,145,1,0,180,0,0,7
20261003-150148,376.71,Vloxx,81053,7.2,13790,14200,235,1,0,180,0,0,6
20261003-150148,376.80,Vloxx,81053,7.3,13800,14900,325,1,0,-180,0,0,6
20261003-150148,377.23,Vloxx,81053,7.8,14360,14250,145,1,0,180,0,0,5
20261003-150148,377.31,Vloxx,81053,7.8,13750,14340,235,1,0,180,0,0,5
20261003-150148,377.83,Vloxx,81053,8.4,14320,14290,-98,1,0,-63,1,-117,0
20261003-150148,379.91,Vloxx,81053,10.4,14250,14840,-188,0,,,,,0
20261003-150148,380.11,Vloxx,81053,10.6,14220,15090,-188,0,,,,,0
20261003-150148,380.30,Vloxx,81053,10.8,14190,15340,-188,0,,,,,0
20261003-150148,380.51,Vloxx,81053,11.0,14150,15580,-188,0,,,,,0
20261003-150148,380.71,Vloxx,81053,11.2,14120,15830,-188,0,,,,,0
20261003-150148,380.91,Vloxx,81053,11.4,14080,16080,-188,0,,,,,0
20261003-150148,381.11,Vloxx,81053,11.6,14050,16330,-188,0,,,,,0
20261003-150148,381.31,Vloxx,81053,11.8,14020,16570,-188,0,,,,,0
20261003-150905,296.95,Aspect of the Sword,81326,5.0,12780,15650,-32,0,,,,,0
20261003-150905,297.15,Aspect of the Sword,81326,5.2,12910,15440,-32,0,,,,,0
20261003-150905,297.35,Aspect of the Sword,81326,5.4,13050,15220,-32,0,,,,,6
20261003-150905,297.55,Aspect of the Sword,81326,5.6,13180,15010,-32,0,,,,,0
20261003-150905,297.74,Aspect of the Sword,81326,5.8,13310,14800,-32,0,,,,,0
20261003-150905,297.94,Aspect of the Sword,81326,6.0,13450,14590,-32,0,,,,,0
20261003-150905,313.51,Aspect of the Sword,,,12240,15110,-229,0,,,,,0
20261003-150905,313.71,Aspect of the Sword,,,12050,15280,-229,0,,,,,0
20261003-150905,313.91,Aspect of the Sword,,,11860,15440,-229,0,,,,,0
20261003-150905,314.11,Aspect of the Sword,,,11670,15610,-229,0,,,,,0
20261003-150905,314.31,Aspect of the Sword,,,11480,15770,-229,0,,,,,0
20261003-150905,314.51,Aspect of the Sword,,,11290,15930,-229,0,,,,,0
20261003-150905,329.03,Aspect of the Sword,81326,7.5,11930,15160,-67,0,,,,,0
20261003-150905,329.23,Aspect of the Sword,81326,7.7,12160,15060,-67,0,,,,,0
20261003-150905,329.43,Aspect of the Sword,81326,7.9,12390,14960,-67,0,,,,,0
20261003-150905,329.63,Aspect of the Sword,81326,8.1,12620,14860,-67,0,,,,,0
20261003-150905,329.82,Aspect of the Sword,81326,8.3,12850,14760,-67,0,,,,,0
20261003-150905,330.03,Aspect of the Sword,81326,8.5,13080,14660,-67,0,,,,,0
20261003-150905,345.63,Aspect of the Sword,,,12600,16080,-40,0,,,,,0
20261003-150905,345.83,Aspect of the Sword,,,12760,15890,-40,0,,,,,0
20261003-150905,346.03,Aspect of the Sword,,,12920,15700,-40,0,,,,,0
20261003-150905,346.23,Aspect of the Sword,,,13080,15500,-40,0,,,,,0
20261003-150905,346.43,Aspect of the Sword,,,13240,15310,-40,0,,,,,0
20261003-150905,346.63,Aspect of the Sword,,,13400,15120,-40,0,,,,,0
20261003-150905,352.46,Vloxx,81053,4.8,12880,16730,388,1,0,-180,0,0,4
20261003-150905,352.99,Vloxx,81053,5.3,12330,16600,298,1,0,180,0,0,7
20261003-150905,352.99,Vloxx,81053,5.3,12910,16800,388,1,0,-180,0,0,7
20261003-150905,353.51,Vloxx,81053,5.8,12470,16050,208,1,0,180,0,0,6
20261003-150905,353.51,Vloxx,81053,5.8,12350,16680,298,1,0,180,0,0,6
20261003-150905,353.91,Vloxx,81053,6.2,12880,16510,388,1,0,-180,0,0,5
20261003-150905,354.03,Vloxx,81053,6.3,13010,16180,118,1,0,-180,0,0,5
20261003-150905,354.03,Vloxx,81053,6.3,12470,16130,208,1,0,180,0,0,5
20261003-150905,354.42,Vloxx,81053,6.7,12360,16290,298,1,0,180,0,0,5
20261003-150905,354.50,Vloxx,81053,6.8,13130,17140,388,1,0,-180,0,0,5
20261003-150905,354.55,Vloxx,81053,6.8,13020,16250,118,1,0,-180,0,0,5
20261003-150905,354.94,Vloxx,81053,7.2,12580,15770,208,1,0,180,0,0,0
20261003-150905,355.02,Vloxx,81053,7.3,13690,17190,298,1,0,180,0,0,0
20261003-150905,355.47,Vloxx,81053,7.8,13100,15990,118,1,0,-180,0,0,0
20261003-150905,355.55,Vloxx,81053,7.8,13640,17750,208,1,0,180,0,0,0
20261003-150905,356.07,Vloxx,81053,8.4,13080,17700,-57,1,0,5,1,175,8
20261003-150905,360.23,Vloxx,,,13170,17200,-143,0,,,,,0
20261003-150905,360.43,Vloxx,,,13320,17400,-143,0,,,,,0
20261003-150905,360.63,Vloxx,,,13470,17600,-143,0,,,,,0
20261003-150905,360.83,Vloxx,,,13620,17800,-143,0,,,,,0
20261003-150905,361.03,Vloxx,,,13770,18000,-143,0,,,,,0
20261003-150905,361.22,Vloxx,,,13920,18200,-143,0,,,,,0
20261003-150905,361.42,Vloxx,,,14070,18400,-143,0,,,,,0
20261003-150905,361.63,Vloxx,,,14220,18600,-143,0,,,,,0
20261003-150905,372.58,Vloxx,81053,4.8,13470,17160,336,1,0,-180,0,0,0
20261003-150905,373.11,Vloxx,81053,5.3,13040,17540,246,1,0,180,0,0,0
20261003-150905,373.62,Vloxx,81053,5.8,12670,17120,156,1,0,180,0,0,0
20261003-150905,374.14,Vloxx,81053,6.3,13090,16740,66,1,0,-180,0,0,0
20261003-151632,296.72,Aspect of the Sword,81326,5.1,12900,15450,-16,0,,,,,0
20261003-151632,296.91,Aspect of the Sword,81326,5.3,12970,15210,-16,0,,,,,0
20261003-151632,297.12,Aspect of the Sword,81326,5.5,13040,14970,-16,0,,,,,0
20261003-151632,297.32,Aspect of the Sword,81326,5.7,13110,14730,-16,0,,,,,0
20261003-151632,297.51,Aspect of the Sword,81326,5.9,13180,14490,-16,0,,,,,0
20261003-151632,297.72,Aspect of the Sword,81326,6.1,13250,14250,-16,0,,,,,0
20261003-151632,314.23,Aspect of the Sword,,,12490,14920,-219,0,,,,,0
20261003-151632,314.44,Aspect of the Sword,,,12330,15120,-219,0,,,,,0
20261003-151632,314.63,Aspect of the Sword,,,12170,15310,-219,0,,,,,0
20261003-151632,314.84,Aspect of the Sword,,,12010,15510,-219,0,,,,,0
20261003-151632,315.03,Aspect of the Sword,,,11860,15700,-219,0,,,,,0
20261003-151632,315.23,Aspect of the Sword,,,11700,15890,-219,0,,,,,0
20261003-151632,329.67,Aspect of the Sword,81326,8.8,12500,15410,-69,0,,,,,0
20261003-151632,329.88,Aspect of the Sword,81326,9.0,12730,15320,-69,0,,,,,0
20261003-151632,330.07,Aspect of the Sword,81326,9.2,12970,15230,-69,0,,,,,0
20261003-151632,330.28,Aspect of the Sword,81326,9.4,13200,15140,-69,0,,,,,0
20261003-151632,330.47,Aspect of the Sword,81326,9.6,13430,15050,-69,0,,,,,0
20261003-151632,330.68,Aspect of the Sword,81326,9.8,13670,14960,-69,0,,,,,0
20261003-151632,345.59,Aspect of the Sword,,,12460,16140,22,0,,,,,0
20261003-151632,345.79,Aspect of the Sword,,,12360,15910,22,0,,,,,0
20261003-151632,345.99,Aspect of the Sword,,,12270,15670,22,0,,,,,0
20261003-151632,346.19,Aspect of the Sword,,,12180,15440,22,0,,,,,0
20261003-151632,346.39,Aspect of the Sword,,,12090,15210,22,0,,,,,0
20261003-151632,346.59,Aspect of the Sword,,,11990,14980,22,0,,,,,0
20261003-151632,352.48,Vloxx,81053,4.8,12620,17040,375,1,0,180,0,0,9
20261003-151632,353.00,Vloxx,81053,5.3,12070,16930,285,1,0,-180,0,0,9
20261003-151632,353.00,Vloxx,81053,5.3,12690,17070,375,1,0,180,0,0,9
20261003-151632,353.52,Vloxx,81053,5.8,12170,16850,285,1,0,-180,0,0,1
20261003-151632,353.52,Vloxx,81053,5.8,12180,16370,195,1,0,-180,0,0,1
20261003-151632,353.92,Vloxx,81053,6.2,12710,17360,375,1,0,180,0,0,9
20261003-151632,354.03,Vloxx,81053,6.3,12390,16330,195,1,0,-180,0,0,9
20261003-151632,354.03,Vloxx,81053,6.3,12730,16490,105,1,0,-180,0,0,9
20261003-151632,354.43,Vloxx,81053,6.7,12530,16820,285,1,0,-180,0,0,6
20261003-151632,354.52,Vloxx,81053,6.8,12740,17210,375,1,0,180,0,0,6
20261003-151632,354.55,Vloxx,81053,6.8,12910,16550,105,1,0,-180,0,0,6
20261003-151632,354.95,Vloxx,81053,7.2,13070,16640,195,1,0,-180,0,0,5
20261003-151632,355.03,Vloxx,81053,7.3,12230,16960,285,1,0,-180,0,0,5
20261003-151632,355.47,Vloxx,81053,7.8,13240,17180,105,1,0,-180,0,0,7
20261003-151632,355.55,Vloxx,81053,7.8,12480,16450,195,1,0,-180,0,0,7
20261003-151632,356.07,Vloxx,81053,8.4,12990,16700,-118,1,0,-43,1,-137,1
20261003-151632,360.32,Vloxx,,,12730,17320,-200,0,,,,,0
20261003-151632,360.51,Vloxx,,,12650,17560,-200,0,,,,,0
20261003-151632,360.72,Vloxx,,,12560,17800,-200,0,,,,,0
20261003-151632,360.91,Vloxx,,,12480,18030,-200,0,,,,,0
20261003-151632,361.11,Vloxx,,,12400,18270,-200,0,,,,,0
20261003-151632,361.31,Vloxx,,,12310,18500,-200,0,,,,,0
20261003-151632,361.51,Vloxx,,,12230,18740,-200,0,,,,,0
20261003-151632,361.71,Vloxx,,,12140,18970,-200,0,,,,,0
20261003-151632,373.12,Vloxx,81053,4.8,12870,17340,416,1,0,-180,0,0,6
20261003-151632,373.63,Vloxx,81053,5.3,12310,17400,326,1,0,-180,0,0,5
20261003-151632,373.64,Vloxx,81053,5.3,12760,17380,416,1,0,-180,0,0,5
20261003-151632,374.15,Vloxx,81053,5.8,12250,16840,236,1,0,180,0,0,5
20261003-151632,374.15,Vloxx,81053,5.8,12350,16990,326,1,0,-180,0,0,5
20261003-151632,374.55,Vloxx,81053,6.2,12850,17330,416,1,0,-180,0,0,5
20261003-151632,374.68,Vloxx,81053,6.3,12740,16580,236,1,0,180,0,0,4
20261003-151632,374.68,Vloxx,81053,6.3,12810,16780,146,1,0,180,0,0,4
20261003-151632,375.07,Vloxx,81053,6.7,12280,17390,326,1,0,-180,0,0,5
20261003-151632,375.16,Vloxx,81053,6.8,12740,17240,416,1,0,-180,0,0,6
20261003-151632,375.20,Vloxx,81053,6.8,13150,16970,146,1,0,180,0,0,6
20261003-151632,375.59,Vloxx,81053,7.2,12220,16830,236,1,0,180,0,0,3
20261003-151632,375.67,Vloxx,81053,7.3,12180,17160,326,1,0,-180,0,0,3
20261003-151632,376.11,Vloxx,81053,7.8,12780,16760,146,1,0,180,0,0,2
20261003-151632,376.19,Vloxx,81053,7.8,12260,16600,263,1,0,-152,1,0,2
20261003-153810,299.88,Aspect of the Sword,81326,5.1,12670,15620,-264,0,,,,,0
20261003-153810,300.08,Aspect of the Sword,81326,5.3,12420,15640,-264,0,,,,,0
20261003-153810,300.28,Aspect of the Sword,81326,5.5,12170,15670,-264,0,,,,,0
20261003-153810,300.47,Aspect of the Sword,81326,5.7,11920,15700,-264,0,,,,,0
20261003-153810,300.68,Aspect of the Sword,81326,5.9,11670,15720,-264,0,,,,,0
20261003-153810,300.88,Aspect of the Sword,81326,6.1,11420,15750,-264,0,,,,,0
20261003-153810,315.16,Aspect of the Sword,,,12720,15720,-30,0,,,,,0
20261003-153810,315.36,Aspect of the Sword,,,12850,15510,-30,0,,,,,0
20261003-153810,315.56,Aspect of the Sword,,,12970,15290,-30,0,,,,,0
20261003-153810,315.75,Aspect of the Sword,,,13100,15070,-30,0,,,,,0
20261003-153810,315.95,Aspect of the Sword,,,13220,14860,-30,0,,,,,0
20261003-153810,316.16,Aspect of the Sword,,,13350,14640,-30,0,,,,,0
20261003-153810,331.20,Aspect of the Sword,81326,6.7,12190,15270,-223,0,,,,,0
20261003-153810,331.39,Aspect of the Sword,81326,6.9,12020,15460,-223,0,,,,,0
20261003-153810,331.59,Aspect of the Sword,81326,7.1,11840,15640,-223,0,,,,,0
20261003-153810,331.80,Aspect of the Sword,81326,7.3,11670,15820,-223,0,,,,,0
20261003-153810,331.99,Aspect of the Sword,81326,7.5,11500,16000,-223,0,,,,,0
20261003-153810,332.19,Aspect of the Sword,81326,7.7,11330,16180,-223,0,,,,,0
20261003-153810,374.20,Vloxx,81053,4.8,13720,14980,445,1,0,-180,0,0,9
20261003-153810,374.71,Vloxx,81053,5.3,13310,15370,355,1,0,180,0,0,7
20261003-153810,374.71,Vloxx,81053,5.3,13690,14960,445,1,0,-180,0,0,7
20261003-153810,375.23,Vloxx,81053,5.8,12920,14950,265,1,0,180,0,0,1
20261003-153810,375.23,Vloxx,81053,5.8,13270,15330,355,1,0,180,0,0,1
20261003-153810,375.63,Vloxx,81053,6.2,13920,15020,445,1,0,-180,0,0,9
20261003-153810,375.76,Vloxx,81053,6.3,12900,14900,265,1,0,180,0,0,0
20261003-153810,375.76,Vloxx,81053,6.3,13330,14570,175,1,0,-180,0,0,0
20261003-153810,376.15,Vloxx,81053,6.7,13550,15450,355,1,0,180,0,0,6
20261003-153810,376.24,Vloxx,81053,6.8,13920,14960,445,1,0,-180,0,0,6
20261003-153810,376.28,Vloxx,81053,6.8,13320,14530,175,1,0,-180,0,0,6
20261003-153810,376.67,Vloxx,81053,7.2,13120,15080,265,1,0,180,0,0,2
20261003-153810,376.76,Vloxx,81053,7.3,13470,15300,355,1,0,180,0,0,2
20261003-153810,377.20,Vloxx,81053,7.8,13490,14650,76,1,0,81,1,99,0
20261003-153810,377.27,Vloxx,81053,7.8,13130,14840,166,1,0,81,1,99,0
20261003-153810,377.79,Vloxx,81053,8.4,13580,14500,76,1,0,81,1,99,0
20261003-153810,381.40,Vloxx,81053,12.0,14230,14930,-27,0,,,,,0
20261003-153810,381.59,Vloxx,,,14340,14710,-27,0,,,,,0
20261003-153810,381.79,Vloxx,,,14450,14480,-27,0,,,,,0
20261003-153810,381.99,Vloxx,,,14570,14260,-27,0,,,,,0
20261003-153810,382.19,Vloxx,,,14680,14040,-27,0,,,,,0
20261003-153810,382.39,Vloxx,,,14790,13810,-27,0,,,,,0
20261003-153810,382.59,Vloxx,,,14900,13590,-27,0,,,,,0
20261003-153810,382.79,Vloxx,,,15020,13370,-27,0,,,,,0
20261003-153810,394.47,Vloxx,81053,4.8,14400,15200,230,1,0,-180,0,0,0
20261003-153810,394.99,Vloxx,81053,5.3,13830,15200,140,1,0,-180,0,0,0
20261003-153810,394.99,Vloxx,81053,5.3,14350,14970,230,1,0,-180,0,0,0
20261003-153810,395.52,Vloxx,81053,5.8,13840,14640,50,1,0,180,0,0,0
20261003-153810,395.52,Vloxx,81053,5.8,14030,15430,140,1,0,-180,0,0,0
20261003-153810,395.91,Vloxx,81053,6.2,14350,15070,230,1,0,-180,0,0,0
20261003-153810,396.03,Vloxx,81053,6.3,13560,15110,50,1,0,180,0,0,0
20261003-153810,396.03,Vloxx,81053,6.3,14400,14640,-40,1,0,180,0,0,0
20261003-153810,396.43,Vloxx,81053,6.7,13820,15270,140,1,0,-180,0,0,2
20261003-153810,396.51,Vloxx,81053,6.8,14310,15050,230,1,0,-180,0,0,2
20261003-153810,396.55,Vloxx,81053,6.8,13880,14650,-40,1,0,180,0,0,2
20261003-153810,396.71,Aspect of the Sword,81326,5.1,13100,15660,-58,0,,,,,0
20261003-153810,396.91,Aspect of the Sword,81326,5.3,13310,15520,-58,0,,,,,0
20261003-153810,396.95,Vloxx,81053,7.2,13620,14740,50,1,0,180,0,0,0
20261003-153810,397.04,Vloxx,81053,7.3,13780,15240,140,1,0,-180,0,0,0
20261003-153810,397.11,Aspect of the Sword,81326,5.5,13520,15390,-58,0,,,,,2
20261003-153810,397.31,Aspect of the Sword,81326,5.7,13730,15260,-58,0,,,,,0
20261003-153810,397.47,Vloxx,81053,7.8,14150,14540,-40,1,0,180,0,0,0
20261003-153810,397.52,Aspect of the Sword,81326,5.9,13940,15120,-58,0,,,,,0
20261003-153810,397.55,Vloxx,81053,7.8,13590,14710,50,1,0,180,0,0,0
20261003-153810,397.72,Aspect of the Sword,81326,6.1,14150,14990,-58,0,,,,,0
20261003-153810,398.07,Vloxx,81053,8.4,14130,14520,-133,1,0,86,1,94,10
20261003-153810,400.04,Vloxx,81053,10.3,14140,15050,-223,0,,,,,0
20261003-153810,400.23,Vloxx,81053,10.5,13970,15230,-223,0,,,,,0
20261003-153810,400.43,Vloxx,81053,10.7,13800,15420,-223,0,,,,,0
20261003-153810,400.63,Vloxx,81053,10.9,13630,15600,-223,0,,,,,0
20261003-153810,400.83,Vloxx,81053,11.1,13460,15780,-223,0,,,,,0
20261003-153810,401.03,Vloxx,81053,11.3,13280,15960,-223,0,,,,,0
20261003-153810,401.24,Vloxx,81053,11.5,13110,16140,-223,0,,,,,0
20261003-153810,401.43,Vloxx,81053,11.7,12940,16320,-89,0,,,,,0
20261003-153810,411.11,Vloxx,81053,4.8,14390,15110,202,1,0,180,0,0,3
20261003-153810,411.63,Vloxx,81053,5.3,14240,15050,202,1,0,180,0,0,5
20261003-153810,411.63,Vloxx,81053,5.3,13840,15260,112,1,0,180,0,0,5
20261003-153810,412.04,Aspect of the Sword,,,13830,14990,-222,0,,,,,0
20261003-153810,412.16,Vloxx,81053,5.8,13700,14710,22,1,0,-180,0,0,0
20261003-153810,412.16,Vloxx,81053,5.8,13680,15050,112,1,0,180,0,0,0
20261003-153810,412.23,Aspect of the Sword,,,13670,15180,-222,0,,,,,0
20261003-153810,412.44,Aspect of the Sword,,,13500,15360,-222,0,,,,,0
20261003-153810,412.55,Vloxx,81053,6.2,14180,14920,202,1,0,180,0,0,7
20261003-153810,412.63,Aspect of the Sword,,,13330,15550,-222,0,,,,,0
20261003-153810,412.68,Vloxx,81053,6.3,13670,14490,218,1,0,16,1,0,5
20261003-153810,412.68,Vloxx,81053,6.3,14250,14560,128,1,0,16,1,0,5
20261003-153810,412.84,Aspect of the Sword,,,13160,15730,-222,0,,,,,0
20261003-153810,413.03,Aspect of the Sword,,,13000,15920,-222,0,,,,,0
20261003-153810,413.07,Vloxx,81053,6.7,14650,15230,308,1,0,16,1,164,2
20261003-153810,413.15,Vloxx,81053,6.8,13960,15010,398,1,0,16,1,164,4
20261003-153810,413.20,Vloxx,81053,6.8,14240,14480,128,1,0,16,1,164,4
20261003-153810,413.60,Vloxx,81053,7.2,14350,15710,218,1,0,16,1,164,0
20261003-153810,413.67,Vloxx,81053,7.3,14330,14590,308,1,0,16,1,164,0
20261003-153810,414.11,Vloxx,81053,7.8,13870,15400,128,1,0,16,1,164,0
20261003-153810,414.19,Vloxx,81053,7.8,14760,14960,218,1,0,16,1,164,0
20261003-153810,414.72,Vloxx,81053,8.4,14380,15390,128,1,0,180,0,164,1
20261003-153810,423.87,Vloxx,,,14180,14920,9,0,,,,,0
20261003-153810,424.08,Vloxx,,,14140,14680,9,0,,,,,0
20261003-153810,424.27,Vloxx,,,14100,14430,9,0,,,,,0
20261003-153810,424.47,Vloxx,,,14060,14180,9,0,,,,,0
20261003-153810,424.67,Vloxx,,,14020,13940,9,0,,,,,0
20261003-153810,424.87,Vloxx,,,13980,13690,9,0,,,,,0
20261003-153810,425.07,Vloxx,,,13940,13440,9,0,,,,,0
20261003-153810,425.27,Vloxx,81053,0.1,13890,13200,-9,0,,,,,0
20261003-153810,429.95,Vloxx,81053,4.8,14450,14830,351,1,0,-180,0,0,0
20261003-153810,430.47,Vloxx,81053,5.3,14330,15380,261,1,0,-180,0,0,0
20261003-153810,430.47,Vloxx,81053,5.3,14150,14890,351,1,0,-180,0,0,0
20261003-153810,430.99,Vloxx,81053,5.8,13780,15260,171,1,0,-180,0,0,0
20261003-153810,430.99,Vloxx,81053,5.8,14670,15120,261,1,0,-180,0,0,0
20261003-153810,431.40,Vloxx,81053,6.2,14290,14760,351,1,0,-180,0,0,0
20261003-153810,431.47,Aspect of the Sword,81326,8.5,13910,14860,-126,0,,,,,0
20261003-153810,431.52,Vloxx,81053,6.3,14430,15640,171,1,0,-180,0,0,0
20261003-153810,431.52,Vloxx,81053,6.3,13900,14710,81,1,0,180,0,0,0
20261003-153810,431.67,Aspect of the Sword,81326,8.7,14110,15010,-126,0,,,,,0
20261003-153810,431.87,Aspect of the Sword,81326,8.9,14310,15160,-126,0,,,,,0
20261003-153810,431.91,Vloxx,81053,6.7,14510,15280,322,1,0,-118,1,-62,9
20261003-153810,432.00,Vloxx,81053,6.8,14320,15040,412,1,0,-118,1,-62,9
20261003-153810,432.04,Vloxx,81053,6.8,13920,15400,142,1,0,-118,1,-62,9
20261003-153810,432.07,Aspect of the Sword,81326,9.1,14520,15300,-126,0,,,,,0
20261003-153810,432.28,Aspect of the Sword,81326,9.3,14720,15450,-126,0,,,,,0
20261003-153810,432.43,Vloxx,81053,7.2,14000,15510,232,1,0,-118,1,-62,10
20261003-153810,432.48,Aspect of the Sword,81326,9.5,14920,15600,-126,0,,,,,0
20261003-153810,432.52,Vloxx,81053,7.3,13810,15290,322,1,0,-118,1,-62,10
20261003-153810,432.95,Vloxx,81053,7.8,13770,14990,142,1,0,-118,1,-62,1
20261003-153810,433.03,Vloxx,81053,7.8,13560,14780,232,1,0,-118,1,-62,1
20261003-153810,433.56,Vloxx,81053,8.4,14070,14530,142,1,0,-180,0,-62,3
20261003-153810,433.91,Vloxx,81053,8.7,14130,14950,52,0,,,,,0
20261003-153810,434.11,Vloxx,81053,8.9,13940,14800,52,0,,,,,0
20261003-153810,434.31,Vloxx,81053,9.1,13740,14650,52,0,,,,,0
20261003-153810,434.51,Vloxx,81053,9.3,13540,14490,52,0,,,,,0
20261003-153810,434.71,Vloxx,81053,9.5,13340,14340,52,0,,,,,0
20261003-153810,434.92,Vloxx,81053,9.7,13140,14190,52,0,,,,,0
20261003-153810,435.11,Vloxx,81053,9.9,12950,14040,52,0,,,,,0
20261003-153810,435.32,Vloxx,81053,10.1,12750,13890,52,0,,,,,0
20261003-153810,447.80,Aspect of the Sword,,,13510,15780,-219,0,,,,,0
20261003-153810,447.99,Aspect of the Sword,,,13350,15970,-219,0,,,,,0
20261003-153810,448.19,Aspect of the Sword,,,13190,16170,-219,0,,,,,0
20261003-153810,448.39,Aspect of the Sword,,,13040,16360,-219,0,,,,,0
20261003-153810,448.59,Aspect of the Sword,,,12880,16560,-219,0,,,,,0
20261003-153810,448.79,Aspect of the Sword,,,12730,16750,-219,0,,,,,0
20261003-153810,458.19,Vloxx,81053,4.8,13490,16700,325,1,0,-180,0,0,7
20261003-153810,458.72,Vloxx,81053,5.3,13570,16670,325,1,0,-180,0,0,7
20261003-153810,458.72,Vloxx,81053,5.3,13410,16140,235,1,0,-180,0,0,7
20261003-153810,459.23,Vloxx,81053,5.8,13610,16110,235,1,0,-180,0,0,5
20261003-153810,459.23,Vloxx,81053,5.8,13970,16060,145,1,0,-180,0,0,5
20261003-153810,459.63,Vloxx,81053,6.2,13360,16800,325,1,0,-180,0,0,7
20261003-153810,459.75,Vloxx,81053,6.3,14050,16620,58,1,0,-177,0,0,7
20261003-153810,459.75,Vloxx,81053,6.3,14170,16140,148,1,0,-177,0,0,7
20261003-153810,460.15,Vloxx,81053,6.7,12800,16800,238,1,0,-177,0,-3,7
20261003-153810,460.23,Vloxx,81053,6.8,13430,16860,328,1,0,-177,0,-3,7
20261003-153810,460.27,Vloxx,81053,6.8,14140,16710,58,1,0,-177,0,-3,7
20261003-153810,460.67,Vloxx,81053,7.2,12800,16230,148,1,0,-177,0,-3,3
20261003-153810,460.75,Vloxx,81053,7.3,12870,16920,238,1,0,-177,0,-3,3
20261003-153810,461.19,Vloxx,81053,7.8,13370,16230,58,1,0,-177,0,-3,0
20261003-153810,461.27,Vloxx,81053,7.8,12810,16360,148,1,0,-177,0,-3,0
20261003-153810,461.79,Vloxx,81053,8.4,13370,16300,-61,1,0,61,1,-3,0
20261003-153810,464.15,Vloxx,81053,10.7,13430,16890,-151,0,,,,,0
20261003-153810,464.36,Vloxx,81053,10.9,13550,17110,-151,0,,,,,0
20261003-153810,464.55,Vloxx,81053,11.1,13670,17330,-151,0,,,,,0
20261003-153810,464.76,Vloxx,81053,11.3,13800,17550,-151,0,,,,,0
20261003-153810,464.95,Vloxx,81053,11.5,13920,17770,-151,0,,,,,0
20261003-153810,465.15,Vloxx,81053,11.7,14040,17980,-151,0,,,,,0
20261003-153810,465.35,Vloxx,81053,11.9,14170,18200,-151,0,,,,,0
20261003-153810,465.55,Vloxx,,,14290,18420,-151,0,,,,,0
20261003-153810,471.51,Aspect of the Sword,,,13560,16220,-189,0,,,,,0
20261003-153810,471.71,Aspect of the Sword,,,13520,16470,-189,0,,,,,0
20261003-153810,471.91,Aspect of the Sword,,,13480,16710,-189,0,,,,,0
20261003-153810,472.11,Aspect of the Sword,,,13440,16960,-189,0,,,,,0
20261003-153810,472.31,Aspect of the Sword,,,13400,17210,-189,0,,,,,0
20261003-153810,472.51,Aspect of the Sword,,,13360,17450,-189,0,,,,,0
20261003-153810,479.27,Vloxx,81053,4.8,13280,16590,205,1,0,-180,0,0,9
20261003-153810,479.79,Vloxx,81053,5.3,13590,16690,205,1,0,-180,0,0,8
20261003-153810,479.79,Vloxx,81053,5.3,13810,16780,115,1,0,-180,0,0,8
20261003-153810,480.31,Vloxx,81053,5.8,13500,17250,115,1,0,-180,0,0,8
20261003-153810,480.31,Vloxx,81053,5.8,13620,17310,25,1,0,180,0,0,8
20261003-153810,480.71,Vloxx,81053,6.2,13440,16530,205,1,0,-180,0,0,8
20261003-153810,480.83,Vloxx,81053,6.3,13090,17120,124,1,0,8,1,0,8
20261003-153810,480.83,Vloxx,81053,6.3,12940,17160,214,1,0,8,1,0,8
20261003-153810,481.23,Vloxx,81053,6.7,13770,16990,304,1,0,8,1,172,5
20261003-153810,481.31,Vloxx,81053,6.8,13690,16700,394,1,0,8,1,172,5
20261003-153810,481.35,Vloxx,81053,6.8,13030,16600,124,1,0,8,1,172,5
20261003-153810,481.75,Vloxx,81053,7.2,13310,17320,214,1,0,8,1,172,6
20261003-153810,481.83,Vloxx,81053,7.3,13480,17230,304,1,0,8,1,172,6
20261003-153810,482.28,Vloxx,81053,7.8,12980,16860,124,1,0,8,1,172,7
20261003-153810,482.35,Vloxx,81053,7.8,12950,17020,214,1,0,8,1,172,7
20261003-153810,482.87,Vloxx,81053,8.4,13160,16490,124,1,0,180,0,172,7
20261003-153810,483.16,Vloxx,81053,8.6,13350,16770,34,0,,,,,0
20261003-153810,483.35,Vloxx,81053,8.8,13210,16560,34,0,,,,,0
20261003-153810,483.55,Vloxx,81053,9.0,13070,16350,34,0,,,,,0
20261003-153810,483.75,Vloxx,81053,9.2,12940,16140,34,0,,,,,0
20261003-153810,483.95,Vloxx,81053,9.4,12800,15930,34,0,,,,,0
20261003-153810,484.15,Vloxx,81053,9.6,12660,15730,34,0,,,,,0
20261003-153810,484.35,Vloxx,81053,9.8,12520,15520,34,0,,,,,0
20261003-153810,484.55,Vloxx,81053,10.0,12380,15310,34,0,,,,,0
20261003-153810,492.36,Vloxx,,,13450,16870,-125,0,,,,,0
20261003-153810,492.55,Vloxx,,,13660,17020,-125,0,,,,,0
20261003-153810,492.75,Vloxx,,,13860,17160,-125,0,,,,,0
20261003-153810,492.95,Vloxx,,,14070,17300,-125,0,,,,,0
20261003-153810,493.15,Vloxx,,,14270,17450,-125,0,,,,,0
20261003-153810,493.35,Vloxx,,,14480,17590,-125,0,,,,,0
20261003-153810,493.55,Vloxx,,,14680,17730,-125,0,,,,,0
20261003-153810,493.75,Vloxx,,,14890,17880,-145,0,,,,,0
20261003-153810,515.11,Vloxx,81053,4.8,12750,15910,217,1,0,180,0,0,1
20261003-153810,515.64,Vloxx,81053,5.3,13310,15940,127,1,0,-180,0,0,9
20261003-153810,515.64,Vloxx,81053,5.3,12270,15640,217,1,0,180,0,0,9
20261003-153810,516.16,Vloxx,81053,5.8,12770,15910,127,1,0,-180,0,0,10
20261003-153810,516.16,Vloxx,81053,5.8,13280,16500,37,1,0,-180,0,0,10
20261003-153810,516.55,Vloxx,81053,6.2,12470,15710,217,1,0,180,0,0,4
20261003-153810,516.67,Vloxx,81053,6.3,12500,16410,32,1,0,174,0,0,4
20261003-153810,516.67,Vloxx,81053,6.3,12720,16470,-58,1,0,174,0,0,4
20261003-153810,517.07,Vloxx,81053,6.7,13020,15820,122,1,0,174,0,6,6
20261003-153810,517.15,Vloxx,81053,6.8,12330,15670,212,1,0,174,0,6,6
20261003-153810,517.19,Vloxx,81053,6.8,12000,16140,-58,1,0,174,0,6,6
20261003-153810,517.59,Vloxx,81053,7.2,12920,16380,32,1,0,174,0,6,2
20261003-153810,517.67,Vloxx,81053,7.3,12850,15890,122,1,0,174,0,6,2
20261003-153810,518.11,Vloxx,81053,7.8,12360,16270,-58,1,0,174,0,6,0
20261003-153810,518.19,Vloxx,81053,7.8,12630,16410,32,1,0,174,0,6,0
20261003-153810,518.71,Vloxx,81053,8.4,12110,16190,174,1,0,52,1,6,0
20261003-153810,521.07,Vloxx,81053,10.7,12090,15250,84,0,,,,,0
20261003-153810,521.27,Vloxx,81053,10.9,11840,15220,84,0,,,,,0
20261003-153810,521.47,Vloxx,81053,11.1,11590,15190,84,0,,,,,0
20261003-153810,521.67,Vloxx,81053,11.3,11340,15170,84,0,,,,,0
20261003-153810,521.87,Vloxx,81053,11.5,11090,15140,84,0,,,,,0
20261003-153810,522.08,Vloxx,81053,11.7,10840,15120,84,0,,,,,0
20261003-153810,522.27,Vloxx,81053,11.9,10590,15090,84,0,,,,,0
20261003-153810,522.47,Vloxx,,,10350,15060,84,0,,,,,0
20261003-153810,532.55,Aspect of the Sword,81326,5.1,12970,15660,62,0,,,,,0
20261003-153810,532.75,Aspect of the Sword,81326,5.3,12750,15550,62,0,,,,,0
20261003-153810,532.95,Aspect of the Sword,81326,5.5,12530,15430,62,0,,,,,9
20261003-153810,533.15,Aspect of the Sword,81326,5.7,12310,15310,62,0,,,,,0
20261003-153810,533.34,Aspect of the Sword,81326,5.9,12090,15200,62,0,,,,,0
20261003-153810,533.55,Aspect of the Sword,81326,6.1,11870,15080,62,0,,,,,0
20261003-153810,548.83,Aspect of the Sword,,,12900,15120,14,0,,,,,0
20261003-153810,549.03,Aspect of the Sword,,,12840,14880,14,0,,,,,0
20261003-153810,549.23,Aspect of the Sword,,,12780,14640,14,0,,,,,0
20261003-153810,549.43,Aspect of the Sword,,,12720,14390,14,0,,,,,0
20261003-153810,549.63,Aspect of the Sword,,,12660,14150,14,0,,,,,0
20261003-153810,549.82,Aspect of the Sword,,,12600,13910,14,0,,,,,0
20261003-153810,564.71,Aspect of the Sword,81326,7.9,12270,15090,-218,0,,,,,0
20261003-153810,564.91,Aspect of the Sword,81326,8.1,12120,15280,-218,0,,,,,0
20261003-153810,565.11,Aspect of the Sword,81326,8.3,11960,15480,-218,0,,,,,0
20261003-153810,565.30,Aspect of the Sword,81326,8.5,11810,15680,-218,0,,,,,0
20261003-153810,565.51,Aspect of the Sword,81326,8.7,11660,15870,-218,0,,,,,0
20261003-153810,565.71,Aspect of the Sword,81326,8.9,11500,16070,-218,0,,,,,0
20261003-153810,581.07,Aspect of the Sword,,,11690,15440,-186,0,,,,,0
20261003-153810,581.27,Aspect of the Sword,,,11660,15690,-186,0,,,,,0
20261003-153810,581.47,Aspect of the Sword,,,11640,15940,-186,0,,,,,0
20261003-153810,581.67,Aspect of the Sword,,,11610,16180,-186,0,,,,,0
20261003-153810,581.87,Aspect of the Sword,,,11580,16430,-186,0,,,,,0
20261003-153810,582.07,Aspect of the Sword,,,11550,16680,-186,0,,,,,0
20261003-153810,584.23,Vloxx,,,12220,15500,270,1,0,180,0,0,7
20261003-153810,584.23,Vloxx,,,12090,15530,270,1,0,180,0,0,7
20261003-153810,584.23,Vloxx,,,12190,15500,270,1,0,180,0,0,7
20261003-153810,584.75,Vloxx,,,12530,15960,180,1,0,-180,0,0,0
20261003-153810,584.75,Vloxx,,,12600,15910,180,1,0,-180,0,0,0
20261003-153810,584.75,Vloxx,,,12190,16080,180,1,0,-180,0,0,0
20261003-153810,585.27,Vloxx,,,12080,16300,90,1,0,-180,0,0,1
20261003-153810,585.27,Vloxx,,,12190,16300,90,1,0,-180,0,0,1
20261003-153810,585.27,Vloxx,,,11640,16190,90,1,0,-180,0,0,1
20261003-153810,585.79,Vloxx,,,11740,15840,0,1,0,-180,0,0,0
20261003-153810,585.79,Vloxx,,,11530,15640,0,1,0,-180,0,0,0
20261003-153810,585.79,Vloxx,,,11800,15890,0,1,0,-180,0,0,0
20261003-153810,599.22,Vloxx,,,12170,15110,270,1,0,180,0,0,0
20261003-153810,599.22,Vloxx,,,12130,15070,270,1,0,180,0,0,0
20261003-153810,599.22,Vloxx,,,12140,15040,270,1,0,180,0,0,0
20261003-153810,599.75,Vloxx,,,11690,14820,180,1,0,-180,0,0,7
20261003-153810,599.75,Vloxx,,,11610,14830,180,1,0,-180,0,0,7
20261003-153810,599.75,Vloxx,,,11650,14760,180,1,0,-180,0,0,7
20261003-165843,289.83,Aspect of the Sword,81326,5.0,12770,15540,38,0,,,,,4
20261003-165843,290.03,Aspect of the Sword,81326,5.2,12620,15350,38,0,,,,,0
20261003-165843,290.23,Aspect of the Sword,81326,5.4,12460,15150,38,0,,,,,7
20261003-165843,290.43,Aspect of the Sword,81326,5.6,12310,14950,38,0,,,,,0
20261003-165843,290.63,Aspect of the Sword,81326,5.8,12150,14760,38,0,,,,,0
20261003-165843,290.83,Aspect of the Sword,81326,6.0,12000,14560,38,0,,,,,0
20261003-165843,305.35,Aspect of the Sword,,,12580,15550,-259,0,,,,,0
20261003-165843,305.55,Aspect of the Sword,,,12330,15590,-259,0,,,,,0
20261003-165843,305.75,Aspect of the Sword,,,12080,15640,-259,0,,,,,0
20261003-165843,305.95,Aspect of the Sword,,,11840,15690,-259,0,,,,,0
20261003-165843,306.15,Aspect of the Sword,,,11590,15730,-259,0,,,,,0
20261003-165843,306.35,Aspect of the Sword,,,11350,15780,-259,0,,,,,0
20261003-165843,321.46,Aspect of the Sword,81326,5.1,12670,15460,-19,0,,,,,6
20261003-165843,321.66,Aspect of the Sword,81326,5.3,12750,15230,-19,0,,,,,0
20261003-165843,321.87,Aspect of the Sword,81326,5.5,12830,14990,-19,0,,,,,6
20261003-165843,322.07,Aspect of the Sword,81326,5.7,12910,14750,-19,0,,,,,0
20261003-165843,322.27,Aspect of the Sword,81326,5.9,12990,14520,-19,0,,,,,0
20261003-165843,322.47,Aspect of the Sword,81326,6.1,13070,14280,-19,0,,,,,0
20261003-165843,333.55,Vloxx,81053,4.8,13840,16310,356,1,0,180,0,0,5
20261003-165843,334.07,Vloxx,81053,5.3,13290,16160,266,1,0,180,0,0,6
20261003-165843,334.07,Vloxx,81053,5.3,13660,16200,356,1,0,180,0,0,6
20261003-165843,334.58,Vloxx,81053,5.8,13090,16210,266,1,0,180,0,0,5
20261003-165843,334.58,Vloxx,81053,5.8,13440,15620,176,1,0,-180,0,0,5
20261003-165843,334.99,Vloxx,81053,6.2,13710,16090,356,1,0,180,0,0,6
20261003-165843,335.11,Vloxx,81053,6.3,13080,15650,176,1,0,-180,0,0,6
20261003-165843,335.11,Vloxx,81053,6.3,13990,15770,86,1,0,-180,0,0,6
20261003-165843,335.50,Vloxx,81053,6.7,13160,15950,266,1,0,180,0,0,6
20261003-165843,335.58,Vloxx,81053,6.8,13760,16210,356,1,0,180,0,0,6
20261003-165843,335.63,Vloxx,81053,6.8,13640,15630,86,1,0,-180,0,0,6
20261003-165843,336.03,Vloxx,81053,7.2,13310,15400,176,1,0,-180,0,0,1
20261003-165843,336.11,Vloxx,81053,7.3,13210,16100,266,1,0,180,0,0,1
20261003-165843,336.55,Vloxx,81053,7.8,13850,15550,86,1,0,-180,0,0,2
20261003-165843,336.62,Vloxx,81053,7.8,13320,15540,176,1,0,-180,0,0,2
20261003-165843,337.14,Vloxx,81053,8.4,13870,15660,61,1,0,156,1,24,0
20261003-165843,337.99,Aspect of the Sword,,,13630,16400,-187,0,,,,,0
20261003-165843,338.18,Aspect of the Sword,,,13600,16640,-187,0,,,,,0
20261003-165843,338.38,Aspect of the Sword,,,13570,16890,-187,0,,,,,0
20261003-165843,338.59,Aspect of the Sword,,,13540,17140,-187,0,,,,,0
20261003-165843,338.79,Aspect of the Sword,,,13510,17390,-187,0,,,,,0
20261003-165843,338.99,Aspect of the Sword,,,13480,17640,-187,0,,,,,0
20261003-165843,341.14,Vloxx,,,13940,16360,-38,0,,,,,0
20261003-165843,341.35,Vloxx,,,14090,16160,-38,0,,,,,0
20261003-165843,341.55,Vloxx,,,14250,15960,-38,0,,,,,0
20261003-165843,341.75,Vloxx,,,14400,15770,-38,0,,,,,0
20261003-165843,341.94,Vloxx,,,14550,15570,-38,0,,,,,0
20261003-165843,342.14,Vloxx,,,14700,15370,-38,0,,,,,0
20261003-165843,342.35,Vloxx,,,14860,15170,-38,0,,,,,0
20261003-165843,342.55,Vloxx,,,15010,14970,-38,0,,,,,0
20261003-165843,353.67,Vloxx,81053,4.8,14010,16430,323,1,0,180,0,0,1
20261003-165843,354.19,Vloxx,81053,5.3,13970,16440,323,1,0,180,0,0,1
20261003-165843,354.19,Vloxx,81053,5.3,13570,16790,233,1,0,180,0,0,1
20261003-165843,354.70,Vloxx,81053,5.8,13490,16740,233,1,0,180,0,0,0
20261003-165843,354.70,Vloxx,81053,5.8,13220,16340,143,1,0,-180,0,0,0
20261003-165843,355.11,Vloxx,81053,6.2,14070,16420,323,1,0,180,0,0,0
20261003-165843,355.23,Vloxx,81053,6.3,13660,15990,53,1,0,-180,0,0,0
20261003-165843,355.23,Vloxx,81053,6.3,13190,16260,143,1,0,-180,0,0,0
20261003-165843,355.63,Vloxx,81053,6.7,13670,16820,233,1,0,180,0,0,0
20261003-165843,355.70,Vloxx,81053,6.8,14100,16480,323,1,0,180,0,0,0
20261003-165843,355.75,Vloxx,81053,6.8,13680,15960,53,1,0,-180,0,0,0
20261003-165843,356.14,Vloxx,81053,7.2,13270,16420,143,1,0,-180,0,0,0
20261003-165843,356.23,Vloxx,81053,7.3,13610,16760,233,1,0,180,0,0,0
20261003-165843,356.67,Vloxx,81053,7.8,13670,16020,53,1,0,-180,0,0,0
20261003-165843,356.75,Vloxx,81053,7.8,13330,16260,143,1,0,-180,0,0,0
20261003-165843,357.27,Vloxx,81053,8.4,13820,15980,75,1,0,-157,1,-23,7
20261003-165843,359.34,Vloxx,81053,10.4,13920,16350,-15,0,,,,,0
20261003-165843,359.54,Vloxx,81053,10.6,13980,16110,-15,0,,,,,0
20261003-165843,359.75,Vloxx,81053,10.8,14040,15860,-15,0,,,,,0
20261003-165843,359.94,Vloxx,81053,11.0,14110,15620,-15,0,,,,,0
20261003-165843,360.14,Vloxx,81053,11.2,14170,15380,-15,0,,,,,0
20261003-165843,360.34,Vloxx,81053,11.4,14230,15140,-15,0,,,,,0
20261003-165843,360.54,Vloxx,81053,11.6,14300,14900,-15,0,,,,,0
20261003-165843,360.74,Vloxx,81053,11.8,14360,14660,-52,0,,,,,0
20261003-165843,369.94,Vloxx,81053,4.8,13760,16290,355,1,0,-180,0,0,6
20261003-165843,370.47,Vloxx,81053,5.3,13200,16290,265,1,0,-180,0,0,9
20261003-165843,370.47,Vloxx,81053,5.3,13760,16280,355,1,0,-180,0,0,9
20261003-165843,370.99,Vloxx,81053,5.8,13190,15720,175,1,0,180,0,0,7
20261003-165843,370.99,Vloxx,81053,5.8,13190,16270,265,1,0,-180,0,0,7
20261003-165843,371.38,Vloxx,81053,6.2,13920,16220,355,1,0,-180,0,0,4
20261003-165843,371.50,Vloxx,81053,6.3,13200,15700,244,1,0,-111,1,-69,4
20261003-165843,371.50,Vloxx,81053,6.3,13760,15720,154,1,0,-111,1,-69,4
20261003-165843,371.90,Vloxx,81053,6.7,13560,15780,334,1,0,-111,1,-69,2
20261003-165843,371.98,Vloxx,81053,6.8,13680,16460,424,1,0,-111,1,-69,2
20261003-165843,372.02,Vloxx,81053,6.8,13770,15710,154,1,0,-111,1,-69,2
20261003-165843,372.42,Vloxx,81053,7.2,14010,15430,244,1,0,-111,1,-69,2
20261003-165843,372.50,Vloxx,81053,7.3,13350,16920,334,1,0,-111,1,-69,2
20261003-165843,372.94,Vloxx,81053,7.8,14360,15870,154,1,0,-111,1,-69,0
20261003-165843,373.03,Vloxx,81053,7.8,12890,16590,244,1,0,-111,1,-69,0
20261003-165843,373.54,Vloxx,81053,8.4,13210,16130,154,1,0,180,0,0,0
20261003-165843,382.78,Vloxx,,,13940,16360,-40,0,,,,,0
20261003-165843,382.99,Vloxx,,,14110,16170,-40,0,,,,,0
20261003-165843,383.19,Vloxx,,,14270,15980,-40,0,,,,,0
20261003-165843,383.38,Vloxx,,,14430,15790,-40,0,,,,,0
20261003-165843,383.59,Vloxx,,,14590,15600,-40,0,,,,,0
20261003-165843,383.78,Vloxx,,,14750,15410,-40,0,,,,,0
20261003-165843,383.98,Vloxx,,,14920,15220,-40,0,,,,,0
20261003-165843,384.19,Vloxx,81053,0.1,15080,15030,81,0,,,,,0
20261003-165843,388.87,Vloxx,81053,4.8,14040,16520,440,1,0,180,0,0,7
20261003-165843,389.38,Vloxx,81053,5.3,13490,16630,350,1,0,180,0,0,8
20261003-165843,389.39,Vloxx,81053,5.3,14110,16300,440,1,0,180,0,0,8
20261003-165843,389.91,Vloxx,81053,5.8,13960,16840,350,1,0,180,0,0,9
20261003-165843,389.91,Vloxx,81053,5.8,13370,16080,261,1,0,-180,0,0,9
20261003-165843,390.31,Vloxx,81053,6.2,13860,16400,440,1,0,180,0,0,10
20261003-165843,390.42,Vloxx,81053,6.3,13920,15960,-111,1,0,-102,1,0,10
20261003-165843,390.42,Vloxx,81053,6.3,13420,16690,-21,1,0,-102,1,0,10
20261003-165843,390.82,Vloxx,81053,6.7,13310,16530,69,1,0,-102,1,-78,3
20261003-165843,390.90,Vloxx,81053,6.8,13850,16460,159,1,0,-102,1,-78,9
20261003-165843,390.95,Vloxx,81053,6.8,13570,16150,-111,1,0,-102,1,-78,9
20261003-165843,391.35,Vloxx,81053,7.2,13180,15980,-21,1,0,-102,1,-78,2
20261003-165843,391.42,Vloxx,81053,7.3,13800,17020,69,1,0,-102,1,-78,2
20261003-165843,391.87,Vloxx,81053,7.8,13730,15850,-111,1,0,-102,1,-78,0
20261003-165843,391.94,Vloxx,81053,7.8,13230,16970,-21,1,0,-102,1,-78,0
20261003-165843,392.46,Vloxx,81053,8.4,13290,16410,-111,1,0,-180,0,-78,1
20261003-165843,392.78,Vloxx,81053,8.7,13870,16490,-201,0,,,,,0
20261003-165843,392.99,Vloxx,81053,8.9,13780,16720,-201,0,,,,,0
20261003-165843,393.19,Vloxx,81053,9.1,13690,16960,-201,0,,,,,0
20261003-165843,393.39,Vloxx,81053,9.3,13600,17190,-201,0,,,,,0
20261003-165843,393.58,Vloxx,81053,9.5,13510,17420,-201,0,,,,,0
20261003-165843,393.78,Vloxx,81053,9.7,13420,17660,-201,0,,,,,0
20261003-165843,393.98,Vloxx,81053,9.9,13330,17890,-201,0,,,,,0
20261003-165843,394.19,Vloxx,81053,10.1,13240,18120,-201,0,,,,,0
20261003-165843,404.10,Aspect of the Sword,81326,5.0,13100,15730,-115,0,,,,,2
20261003-165843,404.30,Aspect of the Sword,81326,5.2,13330,15830,-115,0,,,,,0
20261003-165843,404.51,Aspect of the Sword,81326,5.4,13560,15940,-115,0,,,,,3
20261003-165843,404.71,Aspect of the Sword,81326,5.6,13790,16040,-115,0,,,,,0
20261003-165843,404.90,Aspect of the Sword,81326,5.8,14010,16150,-115,0,,,,,0
20261003-165843,405.10,Aspect of the Sword,81326,6.0,14240,16250,-115,0,,,,,0
20261003-165843,417.38,Vloxx,81053,4.8,13270,14540,275,1,0,180,0,0,4
20261003-165843,417.90,Vloxx,81053,5.3,13190,14540,275,1,0,180,0,0,7
20261003-165843,417.90,Vloxx,81053,5.3,13610,14090,185,1,0,180,0,0,7
20261003-165843,418.43,Vloxx,81053,5.8,14060,14430,95,1,0,-180,0,0,1
20261003-165843,418.43,Vloxx,81053,5.8,12640,14660,185,1,0,180,0,0,1
20261003-165843,418.82,Vloxx,81053,6.2,13200,14530,275,1,0,180,0,0,5
20261003-165843,418.94,Vloxx,81053,6.3,12520,14110,89,1,0,174,0,6,3
20261003-165843,418.94,Vloxx,81053,6.3,13720,14880,-1,1,0,174,0,6,3
20261003-165843,419.34,Vloxx,81053,6.7,12850,14080,179,1,0,174,0,6,10
20261003-165843,419.43,Vloxx,81053,6.8,13130,14550,268,1,0,174,0,6,10
20261003-165843,419.46,Vloxx,81053,6.8,13070,13990,-1,1,0,174,0,6,10
20261003-165843,419.86,Vloxx,81053,7.2,13300,13730,89,1,0,174,0,6,8
20261003-165843,419.94,Vloxx,81053,7.3,13500,14120,179,1,0,174,0,6,8
20261003-165843,420.11,Aspect of the Sword,,,13550,14420,84,0,,,,,0
20261003-165843,420.31,Aspect of the Sword,,,13300,14390,84,0,,,,,0
20261003-165843,420.39,Vloxx,81053,7.8,13650,14180,-1,1,0,174,0,6,1
20261003-165843,420.46,Vloxx,81053,7.8,13930,14490,89,1,0,174,0,6,1
20261003-165843,420.50,Aspect of the Sword,,,13050,14370,84,0,,,,,0
20261003-165843,420.71,Aspect of the Sword,,,12800,14340,84,0,,,,,0
20261003-165843,420.90,Aspect of the Sword,,,12550,14320,84,0,,,,,0
20261003-165843,420.99,Vloxx,81053,8.4,13560,14920,-1,1,0,-180,0,0,3
20261003-165843,421.10,Aspect of the Sword,,,12300,14290,84,0,,,,,0
20261003-165843,424.54,Vloxx,81053,11.9,13280,14540,-87,0,,,,,0
20261003-165843,424.74,Vloxx,,,13530,14530,-87,0,,,,,0
20261003-165843,424.94,Vloxx,,,13780,14510,-87,0,,,,,0
20261003-165843,425.14,Vloxx,,,14030,14500,-87,0,,,,,0
20261003-165843,425.34,Vloxx,,,14280,14490,-87,0,,,,,0
20261003-165843,425.54,Vloxx,,,14520,14470,-87,0,,,,,0
20261003-165843,425.74,Vloxx,,,14770,14460,-87,0,,,,,0
20261003-165843,425.94,Vloxx,,,15020,14440,-87,0,,,,,0
20261003-165843,437.34,Aspect of the Sword,81326,8.8,13400,14750,-169,0,,,,,0
20261003-165843,437.54,Aspect of the Sword,81326,9.0,13450,15000,-169,0,,,,,0
20261003-165843,437.74,Aspect of the Sword,81326,9.2,13500,15240,-169,0,,,,,0
20261003-165843,437.95,Aspect of the Sword,81326,9.4,13550,15490,-169,0,,,,,0
20261003-165843,438.15,Aspect of the Sword,81326,9.6,13600,15730,-169,0,,,,,0
20261003-165843,438.34,Aspect of the Sword,81326,9.8,13650,15980,-169,0,,,,,0
20261003-165843,438.66,Vloxx,81053,4.8,13240,14060,327,1,0,-180,0,0,1
20261003-165843,439.19,Vloxx,81053,5.3,12870,13630,237,1,0,-180,0,0,4
20261003-165843,439.19,Vloxx,81053,5.3,13370,14640,327,1,0,-180,0,0,4
20261003-165843,439.70,Vloxx,81053,5.8,12830,14800,237,1,0,-180,0,0,1
20261003-165843,439.71,Vloxx,81053,5.8,13290,13260,147,1,0,180,0,0,1
20261003-165843,440.11,Vloxx,81053,6.2,13390,14640,327,1,0,-180,0,0,5
20261003-165843,440.22,Vloxx,81053,6.3,12670,14260,135,1,0,168,1,0,5
20261003-165843,440.22,Vloxx,81053,6.3,13660,13690,45,1,0,168,1,0,5
20261003-165843,440.62,Vloxx,81053,6.7,12850,14810,225,1,0,168,1,12,7
20261003-165843,440.70,Vloxx,81053,6.8,13210,14640,315,1,0,168,1,12,7
20261003-165843,440.74,Vloxx,81053,6.8,13210,14100,45,1,0,168,1,12,6
20261003-165843,441.14,Vloxx,81053,7.2,12680,14270,135,1,0,168,1,12,9
20261003-165843,441.22,Vloxx,81053,7.3,12770,14290,225,1,0,168,1,12,9
20261003-165843,441.66,Vloxx,81053,7.8,13220,14100,45,1,0,168,1,12,3
20261003-165843,441.74,Vloxx,81053,7.8,13120,13850,135,1,0,168,1,12,3
20261003-165843,442.26,Vloxx,81053,8.4,13560,14200,45,1,0,-180,0,12,4
20261003-165843,442.58,Vloxx,81053,8.7,13260,14490,-45,0,,,,,0
20261003-165843,442.79,Vloxx,81053,8.9,13430,14320,-45,0,,,,,0
20261003-165843,442.98,Vloxx,81053,9.1,13610,14140,-45,0,,,,,0
20261003-165843,443.18,Vloxx,81053,9.3,13790,13960,-45,0,,,,,0
20261003-165843,443.38,Vloxx,81053,9.5,13960,13790,-45,0,,,,,0
20261003-165843,443.58,Vloxx,81053,9.7,14140,13610,-45,0,,,,,0
20261003-165843,443.78,Vloxx,81053,9.9,14320,13430,-45,0,,,,,0
20261003-165843,443.99,Vloxx,81053,10.1,14500,13260,-45,0,,,,,0
20261003-165843,451.50,Vloxx,,,13210,14470,-8,0,,,,,0
20261003-165843,451.70,Vloxx,,,13250,14220,-8,0,,,,,0
20261003-165843,451.90,Vloxx,,,13280,13980,-8,0,,,,,0
20261003-165843,452.10,Vloxx,,,13320,13730,-8,0,,,,,0
20261003-165843,452.30,Vloxx,,,13360,13480,-8,0,,,,,0
20261003-165843,452.50,Vloxx,,,13390,13230,-8,0,,,,,0
20261003-165843,452.70,Vloxx,,,13430,12990,-8,0,,,,,0
20261003-165843,452.90,Vloxx,,,13460,12740,-3,0,,,,,0
20261003-165843,506.34,Aspect of the Sword,81326,6.8,12740,15530,38,0,,,,,0
20261003-165843,506.54,Aspect of the Sword,81326,7.0,12590,15340,38,0,,,,,0
20261003-165843,506.74,Aspect of the Sword,81326,7.2,12430,15140,38,0,,,,,0
20261003-165843,506.94,Aspect of the Sword,81326,7.4,12280,14940,38,0,,,,,0
20261003-165843,507.14,Aspect of the Sword,81326,7.6,12130,14750,38,0,,,,,0
20261003-165843,507.34,Aspect of the Sword,81326,7.8,11970,14550,38,0,,,,,0
20261003-165843,521.98,Aspect of the Sword,,,12780,15780,-263,0,,,,,0
20261003-165843,522.18,Aspect of the Sword,,,12530,15810,-263,0,,,,,0
20261003-165843,522.38,Aspect of the Sword,,,12280,15840,-263,0,,,,,0
20261003-165843,522.59,Aspect of the Sword,,,12040,15870,-263,0,,,,,0
20261003-165843,522.78,Aspect of the Sword,,,11790,15900,-263,0,,,,,0
20261003-165843,522.98,Aspect of the Sword,,,11540,15930,-263,0,,,,,0
20261003-165843,525.46,Vloxx,,,12130,15370,270,1,0,180,0,0,0
20261003-165843,525.46,Vloxx,,,12110,15380,270,1,0,180,0,0,0
20261003-165843,525.46,Vloxx,,,12120,15400,270,1,0,180,0,0,0
20261003-165843,525.98,Vloxx,,,11910,15910,180,1,0,-180,0,0,0
20261003-165843,525.98,Vloxx,,,11940,15910,180,1,0,-180,0,0,0
20261003-165843,525.98,Vloxx,,,12030,15960,180,1,0,-180,0,0,0
20261003-165843,526.50,Vloxx,,,11470,15860,90,1,0,-180,0,0,0
20261003-165843,526.50,Vloxx,,,11410,15730,90,1,0,-180,0,0,0
20261003-165843,526.50,Vloxx,,,11380,15710,90,1,0,-180,0,0,0
20261003-165843,527.02,Vloxx,,,11560,15310,0,1,0,-180,0,0,9
20261003-165843,527.02,Vloxx,,,11590,15190,0,1,14,-180,0,0,9
20261003-165843,527.02,Vloxx,,,11580,15180,0,1,0,-180,0,0,9
20261003-165843,538.90,Aspect of the Sword,81326,9.6,12460,15510,-203,0,,,,,0
20261003-165843,539.10,Aspect of the Sword,81326,9.8,12370,15740,-203,0,,,,,0
20261003-165843,539.30,Aspect of the Sword,81326,10.0,12270,15970,-203,0,,,,,0
20261003-165843,539.50,Aspect of the Sword,81326,10.2,12180,16210,-203,0,,,,,0
20261003-165843,539.70,Aspect of the Sword,81326,10.4,12080,16440,-203,0,,,,,0
20261003-165843,539.90,Aspect of the Sword,81326,10.6,11980,16670,-203,0,,,,,0
20261003-165843,540.46,Vloxx,,,12220,15340,270,1,0,180,0,0,0
20261003-165843,540.46,Vloxx,,,12220,15430,270,1,0,180,0,0,0
20261003-165843,540.46,Vloxx,,,12220,15280,270,1,0,180,0,0,0
20261003-165843,540.98,Vloxx,,,12660,15630,180,1,0,-180,0,0,0
20261003-165843,540.98,Vloxx,,,12640,15820,180,1,0,-180,0,0,0
20261003-165843,540.98,Vloxx,,,12640,15730,180,1,0,-180,0,0,0
20261003-165843,541.50,Vloxx,,,12250,16230,90,1,0,-180,0,0,2
20261003-165843,541.50,Vloxx,,,12310,16080,90,1,0,-180,0,0,2
20261003-165843,541.50,Vloxx,,,12260,16140,90,1,0,-180,0,0,2
20261003-165843,542.02,Vloxx,,,11870,15730,0,1,0,-180,0,0,7
20261003-165843,542.02,Vloxx,,,11840,15840,0,1,0,-180,0,0,7
20261003-165843,542.02,Vloxx,,,11840,15760,0,1,0,-180,0,0,7
20261003-165843,555.02,Aspect of the Sword,,,11780,15370,-2,0,,,,,0
20261003-165843,555.22,Aspect of the Sword,,,11790,15120,-2,0,,,,,0
20261003-165843,555.41,Aspect of the Sword,,,11800,14870,-2,0,,,,,0
20261003-165843,555.46,Vloxx,,,11980,15220,270,1,0,180,0,0,1
20261003-165843,555.46,Vloxx,,,12050,15270,270,1,0,180,0,0,1
20261003-165843,555.46,Vloxx,,,11550,15480,270,1,0,180,0,0,1
20261003-165843,555.62,Aspect of the Sword,,,11810,14620,-2,0,,,,,0
20261003-165843,555.82,Aspect of the Sword,,,11820,14370,-2,0,,,,,0
20261003-165843,555.98,Vloxx,,,11450,15440,180,1,0,-180,0,0,0
20261003-165843,555.98,Vloxx,,,11540,15520,180,1,0,-180,0,0,0
20261003-165843,555.98,Vloxx,,,11240,15960,180,1,0,-180,0,0,0
20261003-165843,556.01,Aspect of the Sword,,,11830,14120,-2,0,,,,,0
20261003-165843,556.50,Vloxx,,,11290,15020,90,1,0,-180,0,0,0
20261003-165843,556.50,Vloxx,,,11240,14910,90,1,0,-180,0,0,0
20261003-165843,556.50,Vloxx,,,10770,15650,90,1,0,-180,0,0,0
20261003-165843,557.02,Vloxx,,,11770,14700,0,1,0,-180,0,0,3
20261003-165843,557.02,Vloxx,,,11800,14760,0,1,0,-180,0,0,3
20261003-165843,557.02,Vloxx,,,11070,15180,0,1,0,-180,0,0,3
20261003-165843,570.30,Aspect of the Sword,81326,11.2,12220,15570,-240,0,,,,,0
20261003-165843,570.46,Vloxx,,,12210,15350,270,1,0,180,0,0,0
20261003-165843,570.46,Vloxx,,,12120,15440,270,1,0,180,0,0,0
20261003-165843,570.46,Vloxx,,,12200,15370,270,1,0,180,0,0,0
20261003-165843,570.50,Aspect of the Sword,81326,11.4,12010,15690,-240,0,,,,,0
20261003-165843,570.70,Aspect of the Sword,81326,11.6,11790,15810,-240,0,,,,,0
20261003-165843,570.90,Aspect of the Sword,81326,11.8,11570,15940,-240,0,,,,,0
20261003-165843,570.98,Vloxx,,,12150,16010,180,1,0,-180,0,0,0
20261003-165843,570.98,Vloxx,,,12420,15900,180,1,0,-180,0,0,0
20261003-165843,570.98,Vloxx,,,12450,15860,180,1,0,-180,0,0,0
20261003-165843,571.10,Aspect of the Sword,81326,12.0,11360,16060,-240,0,,,,,0
20261003-165843,571.29,Aspect of the Sword,,,11140,16190,-240,0,,,,,0
20261003-165843,571.50,Vloxx,,,11890,16110,90,1,0,-180,0,0,0
20261003-165843,571.50,Vloxx,,,11940,16100,90,1,0,-180,0,0,0
20261003-165843,571.50,Vloxx,,,11590,16040,90,1,0,-180,0,0,0
20261003-165843,572.02,Vloxx,,,11550,15480,0,1,0,-180,0,0,8
20261003-165843,572.02,Vloxx,,,11680,15590,0,1,0,-180,0,0,8
20261003-165843,572.02,Vloxx,,,11700,15590,0,1,0,-180,0,0,8
20261003-165843,585.47,Vloxx,,,12120,15300,270,1,0,180,0,0,5
20261003-165843,585.47,Vloxx,,,12280,15360,270,1,0,180,0,0,5
20261003-165843,585.47,Vloxx,,,12300,15360,270,1,0,180,0,0,5
20261003-165843,585.98,Vloxx,,,12600,15000,180,1,0,-180,0,0,0
20261003-165843,585.98,Vloxx,,,12820,15110,180,1,0,-180,0,0,0
20261003-165843,585.98,Vloxx,,,12820,15200,180,1,0,-180,0,0,0
20261003-165843,586.49,Vloxx,,,13060,15630,90,1,0,-180,0,0,0
20261003-165843,586.49,Vloxx,,,12990,15740,90,1,0,-180,0,0,0
20261003-165843,586.49,Vloxx,,,12900,15480,90,1,0,-180,0,0,0
20261003-165843,587.02,Vloxx,,,12550,15870,0,1,0,-180,0,0,7
20261003-165843,587.02,Vloxx,,,12420,15780,0,1,0,-180,0,0,7
20261003-165843,587.02,Vloxx,,,12440,15900,0,1,0,-180,0,0,7
20261003-171045,281.68,Aspect of the Sword,81326,6.1,12720,15640,73,0,,,,,0
20261003-171045,281.88,Aspect of the Sword,81326,6.3,12480,15570,73,0,,,,,0
20261003-171045,282.07,Aspect of the Sword,81326,6.5,12240,15500,73,0,,,,,0
20261003-171045,282.27,Aspect of the Sword,81326,6.7,12000,15420,73,0,,,,,0
20261003-171045,282.48,Aspect of the Sword,81326,6.9,11760,15350,73,0,,,,,0
20261003-171045,282.67,Aspect of the Sword,81326,7.1,11520,15280,73,0,,,,,0
20261003-171045,298.15,Aspect of the Sword,,,12160,14930,-243,0,,,,,0
20261003-171045,298.36,Aspect of the Sword,,,11940,15050,-243,0,,,,,0
20261003-171045,298.55,Aspect of the Sword,,,11710,15160,-243,0,,,,,0
20261003-171045,298.75,Aspect of the Sword,,,11490,15270,-243,0,,,,,0
20261003-171045,298.95,Aspect of the Sword,,,11270,15380,-243,0,,,,,0
20261003-171045,299.15,Aspect of the Sword,,,11040,15500,-243,0,,,,,0
20261003-171045,313.59,Aspect of the Sword,81326,8.5,12550,15410,-106,0,,,,,0
20261003-171045,313.79,Aspect of the Sword,81326,8.7,12790,15470,-106,0,,,,,0
20261003-171045,313.99,Aspect of the Sword,81326,8.9,13030,15540,-106,0,,,,,0
20261003-171045,314.19,Aspect of the Sword,81326,9.1,13270,15610,-106,0,,,,,0
20261003-171045,314.39,Aspect of the Sword,81326,9.3,13510,15680,-106,0,,,,,0
20261003-171045,314.58,Aspect of the Sword,81326,9.5,13750,15750,-106,0,,,,,0
20261003-172858,283.39,Aspect of the Sword,81326,5.1,12810,15440,40,0,,,,,0
20261003-172858,283.59,Aspect of the Sword,81326,5.3,12650,15250,40,0,,,,,0
20261003-172858,283.79,Aspect of the Sword,81326,5.5,12490,15060,40,0,,,,,8
20261003-172858,283.99,Aspect of the Sword,81326,5.7,12330,14870,40,0,,,,,0
20261003-172858,284.19,Aspect of the Sword,81326,5.9,12170,14680,40,0,,,,,0
20261003-172858,284.39,Aspect of the Sword,81326,6.1,12000,14480,40,0,,,,,0
20261003-172858,298.83,Aspect of the Sword,,,12290,15360,-223,0,,,,,0
20261003-172858,299.03,Aspect of the Sword,,,12120,15540,-223,0,,,,,0
20261003-172858,299.23,Aspect of the Sword,,,11940,15720,-223,0,,,,,0
20261003-172858,299.43,Aspect of the Sword,,,11770,15900,-223,0,,,,,0
20261003-172858,299.63,Aspect of the Sword,,,11600,16080,-223,0,,,,,0
20261003-172858,299.83,Aspect of the Sword,,,11430,16260,-223,0,,,,,0
20261003-172858,315.23,Aspect of the Sword,81326,6.7,12360,15390,-87,0,,,,,0
20261003-172858,315.43,Aspect of the Sword,81326,6.9,12610,15380,-87,0,,,,,0
20261003-172858,315.63,Aspect of the Sword,81326,7.1,12860,15370,-87,0,,,,,0
20261003-172858,315.83,Aspect of the Sword,81326,7.3,13110,15350,-87,0,,,,,0
20261003-172858,316.03,Aspect of the Sword,81326,7.5,13360,15340,-87,0,,,,,0
20261003-172858,316.23,Aspect of the Sword,81326,7.7,13610,15330,-87,0,,,,,0
20261003-172858,329.48,Vloxx,81053,4.8,13890,14600,114,1,0,-180,0,0,10
20261003-172858,329.99,Vloxx,81053,5.3,13580,15080,24,1,0,-180,0,0,9
20261003-172858,329.99,Vloxx,81053,5.3,14050,14580,114,1,0,-180,0,0,9
20261003-172858,330.51,Vloxx,81053,5.8,13100,14770,-66,1,0,180,0,0,5
20261003-172858,330.51,Vloxx,81053,5.8,14050,15150,24,1,0,-180,0,0,5
20261003-172858,330.91,Vloxx,81053,6.2,14010,14580,114,1,0,-180,0,0,7
20261003-172858,331.03,Vloxx,81053,6.3,13490,15150,-66,1,0,180,0,0,4
20261003-172858,331.03,Vloxx,81053,6.3,13410,14290,-156,1,0,180,0,0,4
20261003-172858,331.44,Vloxx,81053,6.7,13750,15080,24,1,0,-180,0,0,5
20261003-172858,331.51,Vloxx,81053,6.8,13810,14550,114,1,0,-180,0,0,5
20261003-172858,331.55,Vloxx,81053,6.8,13480,14590,-156,1,0,180,0,0,5
20261003-172858,331.95,Vloxx,81053,7.2,13250,14810,-66,1,0,180,0,0,0
20261003-172858,332.02,Vloxx,81053,7.3,13390,14930,24,1,0,-180,0,0,0
20261003-172858,332.47,Vloxx,81053,7.8,13510,14310,-71,1,0,-96,1,-84,2
20261003-172858,332.55,Vloxx,81053,7.8,13010,14510,19,1,0,-96,1,-84,2
20261003-172858,333.07,Vloxx,81053,8.4,13430,14130,-71,1,0,-96,1,-84,1
20261003-172858,336.83,Vloxx,,,14110,14620,-146,0,,,,,0
20261003-172858,337.03,Vloxx,,,14250,14830,-146,0,,,,,0
20261003-172858,337.23,Vloxx,,,14390,15040,-146,0,,,,,0
20261003-172858,337.43,Vloxx,,,14530,15250,-146,0,,,,,0
20261003-172858,337.63,Vloxx,,,14660,15450,-146,0,,,,,0
20261003-172858,337.83,Vloxx,,,14800,15660,-146,0,,,,,0
20261003-172858,338.03,Vloxx,,,14940,15870,-146,0,,,,,0
20261003-172858,338.23,Vloxx,,,15080,16080,-146,0,,,,,0
20261003-172858,349.99,Vloxx,81053,4.8,14310,14530,189,1,0,-180,0,0,4
20261003-172858,350.51,Vloxx,81053,5.3,14040,14370,189,1,0,-180,0,0,10
20261003-172858,350.51,Vloxx,81053,5.3,13960,14980,99,1,0,-180,0,0,10
20261003-172858,351.02,Vloxx,81053,5.8,14490,14710,99,1,0,-180,0,0,9
20261003-172858,351.02,Vloxx,81053,5.8,13510,14630,9,1,0,180,0,0,9
20261003-172858,351.43,Vloxx,81053,6.2,14140,14370,189,1,0,-180,0,0,9
20261003-172858,351.55,Vloxx,81053,6.3,13860,14180,-81,1,0,180,0,0,7
20261003-172858,351.55,Vloxx,81053,6.3,14150,15160,9,1,0,180,0,0,7
20261003-172858,351.95,Vloxx,81053,6.7,14380,14880,99,1,0,-180,0,0,9
20261003-172858,352.03,Vloxx,81053,6.8,14220,14690,189,1,0,-180,0,0,9
20261003-172858,352.07,Vloxx,81053,6.8,13700,14820,-81,1,0,180,0,0,9
20261003-172858,352.47,Vloxx,81053,7.2,13870,15120,9,1,0,180,0,0,7
20261003-172858,352.55,Vloxx,81053,7.3,13650,14730,99,1,0,-180,0,0,7
20261003-172858,352.99,Vloxx,81053,7.8,13630,14610,-47,1,0,-147,1,-33,9
20261003-172858,353.07,Vloxx,81053,7.8,13620,14160,43,1,0,-147,1,-33,9
20261003-172858,353.59,Vloxx,81053,8.4,14180,14120,-47,1,0,-147,1,-33,0
20261003-172858,354.99,Vloxx,81053,9.8,14120,14610,-137,0,,,,,0
20261003-172858,355.19,Vloxx,81053,10.0,14290,14800,-137,0,,,,,0
20261003-172858,355.39,Vloxx,81053,10.2,14460,14980,-137,0,,,,,0
20261003-172858,355.60,Vloxx,81053,10.4,14630,15170,-137,0,,,,,0
20261003-172858,355.79,Vloxx,81053,10.6,14790,15350,-137,0,,,,,0
20261003-172858,355.99,Vloxx,81053,10.8,14960,15540,-137,0,,,,,0
20261003-172858,356.19,Vloxx,81053,11.0,15130,15720,-137,0,,,,,0
20261003-172858,356.39,Vloxx,81053,11.2,15300,15900,-137,0,,,,,0
20261003-172858,366.75,Vloxx,81053,4.8,13760,14760,185,1,0,-180,0,0,4
20261003-172858,367.27,Vloxx,81053,5.3,13510,15270,95,1,0,180,0,0,5
20261003-172858,367.27,Vloxx,81053,5.3,13840,14730,185,1,0,-180,0,0,5
20261003-172858,367.78,Vloxx,81053,5.8,13010,15010,5,1,0,180,0,0,2
20261003-172858,367.78,Vloxx,81053,5.8,13460,15150,95,1,0,180,0,0,2
20261003-172858,368.19,Vloxx,81053,6.2,13890,14880,185,1,0,-180,0,0,7
20261003-172858,368.31,Vloxx,81053,6.3,13040,14760,-24,1,0,151,1,0,7
20261003-172858,368.31,Vloxx,81053,6.3,13260,14510,-114,1,0,151,1,0,7
20261003-172858,368.71,Vloxx,81053,6.7,14360,15200,66,1,0,151,1,29,9
20261003-172858,368.79,Vloxx,81053,6.8,13860,14740,156,1,0,151,1,29,9
20261003-172858,368.83,Vloxx,81053,6.8,13430,14350,-114,1,0,151,1,29,9
20261003-172858,369.23,Vloxx,81053,7.2,14040,15670,-24,1,0,151,1,29,0
20261003-172858,369.31,Vloxx,81053,7.3,14200,15180,66,1,0,151,1,29,0
20261003-172858,369.75,Vloxx,81053,7.8,13570,15350,-114,1,0,151,1,29,0
20261003-172858,369.83,Vloxx,81053,7.8,13760,15530,-24,1,0,151,1,29,0
20261003-172858,370.35,Vloxx,81053,8.4,13410,15080,-114,1,0,180,0,29,0
20261003-172858,376.63,Aspect of the Sword,81326,5.1,13070,15630,-30,0,,,,,0
20261003-172858,376.82,Aspect of the Sword,81326,5.3,13200,15420,-30,0,,,,,0
20261003-172858,377.03,Aspect of the Sword,81326,5.5,13330,15200,-30,0,,,,,0
20261003-172858,377.23,Aspect of the Sword,81326,5.7,13450,14990,-30,0,,,,,0
20261003-172858,377.43,Aspect of the Sword,81326,5.9,13580,14770,-30,0,,,,,0
20261003-172858,377.62,Aspect of the Sword,81326,6.1,13700,14550,-30,0,,,,,0
20261003-172858,379.38,Vloxx,,,13830,14670,29,0,,,,,0
20261003-172858,379.59,Vloxx,,,13700,14450,29,0,,,,,0
20261003-172858,379.79,Vloxx,,,13580,14230,29,0,,,,,0
20261003-172858,379.99,Vloxx,,,13460,14010,29,0,,,,,0
20261003-172858,380.18,Vloxx,,,13340,13790,29,0,,,,,0
20261003-172858,380.39,Vloxx,,,13220,13570,29,0,,,,,0
20261003-172858,380.58,Vloxx,,,13100,13350,29,0,,,,,0
20261003-172858,380.79,Vloxx,81053,0.1,12980,13130,33,0,,,,,0
20261003-172858,385.47,Vloxx,81053,4.8,13250,14560,393,1,0,180,0,0,4
20261003-172858,385.99,Vloxx,81053,5.3,12760,14840,303,1,0,-180,0,0,7
20261003-172858,385.99,Vloxx,81053,5.3,13410,14640,393,1,0,180,0,0,7
20261003-172858,386.51,Vloxx,81053,5.8,12940,14950,303,1,0,-180,0,0,7
20261003-172858,386.51,Vloxx,81053,5.8,12480,14350,213,1,0,-180,0,0,7
20261003-172858,386.91,Vloxx,81053,6.2,13560,14730,393,1,0,180,0,0,5
20261003-172858,387.03,Vloxx,81053,6.3,12630,14480,265,1,0,-128,1,0,5
20261003-172858,387.03,Vloxx,81053,6.3,12980,14070,175,1,0,-128,1,0,5
20261003-172858,387.43,Vloxx,81053,6.7,13160,15130,355,1,0,-128,1,-52,8
20261003-172858,387.50,Vloxx,81053,6.8,13140,14730,445,1,0,-128,1,-52,8
20261003-172858,387.55,Vloxx,81053,6.8,13100,14160,175,1,0,-128,1,-52,8
20261003-172858,387.95,Vloxx,81053,7.2,12760,14730,265,1,0,-128,1,-52,7
20261003-172858,388.03,Vloxx,81053,7.3,12740,15130,355,1,0,-128,1,-52,7
20261003-172858,388.47,Vloxx,81053,7.8,13160,14330,175,1,0,-128,1,-52,1
20261003-172858,388.55,Vloxx,81053,7.8,12340,14730,265,1,0,-128,1,-52,1
20261003-172858,389.07,Vloxx,81053,8.4,12740,14330,175,1,0,-180,0,0,0
20261003-172858,389.35,Vloxx,81053,8.6,13790,14720,85,0,,,,,0
20261003-172858,389.55,Vloxx,81053,8.8,13540,14700,85,0,,,,,0
20261003-172858,389.74,Vloxx,81053,9.0,13290,14680,85,0,,,,,0
20261003-172858,389.95,Vloxx,81053,9.2,13040,14660,85,0,,,,,0
20261003-172858,390.15,Vloxx,81053,9.4,12790,14640,85,0,,,,,0
20261003-172858,390.35,Vloxx,81053,9.6,12540,14620,85,0,,,,,0
20261003-172858,390.55,Vloxx,81053,9.8,12290,14600,85,0,,,,,0
20261003-172858,390.75,Vloxx,81053,10.0,12040,14570,-230,0,,,,,0
20261003-172858,392.19,Aspect of the Sword,,,13130,15030,-103,0,,,,,0
20261003-172858,392.39,Aspect of the Sword,,,13380,15080,-103,0,,,,,0
20261003-172858,392.59,Aspect of the Sword,,,13620,15140,-103,0,,,,,0
20261003-172858,392.79,Aspect of the Sword,,,13860,15200,-103,0,,,,,0
20261003-172858,392.98,Aspect of the Sword,,,14110,15250,-103,0,,,,,0
20261003-172858,393.19,Aspect of the Sword,,,14350,15310,-103,0,,,,,0
20261003-172858,408.35,Aspect of the Sword,81326,7.6,12690,16010,-217,0,,,,,0
20261003-172858,408.55,Aspect of the Sword,81326,7.8,12540,16210,-217,0,,,,,0
20261003-172858,408.75,Aspect of the Sword,81326,8.0,12390,16410,-217,0,,,,,0
20261003-172858,408.94,Aspect of the Sword,81326,8.2,12240,16610,-217,0,,,,,0
20261003-172858,409.15,Aspect of the Sword,81326,8.4,12090,16810,-217,0,,,,,0
20261003-172858,409.35,Aspect of the Sword,81326,8.6,11930,17010,-217,0,,,,,0
20261003-172858,413.87,Vloxx,81053,4.8,12500,16680,184,1,0,-180,0,0,8
20261003-172858,414.39,Vloxx,81053,5.3,13060,16730,94,1,0,-180,0,0,8
20261003-172858,414.39,Vloxx,81053,5.3,12340,16450,184,1,0,-180,0,0,8
20261003-172858,414.90,Vloxx,81053,5.8,13010,17300,4,1,0,180,0,0,8
20261003-172858,414.90,Vloxx,81053,5.8,12650,16930,94,1,0,-180,0,0,8
20261003-172858,415.31,Vloxx,81053,6.2,12390,16470,184,1,0,-180,0,0,10
20261003-172858,415.43,Vloxx,81053,6.3,12440,17240,-57,1,0,-151,1,0,10
20261003-172858,415.43,Vloxx,81053,6.3,12170,17230,33,1,0,-151,1,0,10
20261003-172858,415.83,Vloxx,81053,6.7,12050,16930,123,1,0,-151,1,-29,3
20261003-172858,415.91,Vloxx,81053,6.8,12350,16430,213,1,0,-151,1,-29,5
20261003-172858,415.95,Vloxx,81053,6.8,11870,16760,-57,1,0,-151,1,-29,5
20261003-172858,416.35,Vloxx,81053,7.2,11600,16590,33,1,0,-151,1,-29,3
20261003-172858,416.43,Vloxx,81053,7.3,12640,16910,123,1,0,-151,1,-29,3
20261003-172858,416.87,Vloxx,81053,7.8,11930,16140,-57,1,0,-151,1,-29,1
20261003-172858,416.94,Vloxx,81053,7.8,12150,17200,33,1,0,-151,1,-29,1
20261003-172858,417.47,Vloxx,81053,8.4,11860,16710,-57,1,0,180,0,-29,3
20261003-172858,419.91,Vloxx,81053,10.8,12400,16520,-118,0,,,,,0
20261003-172858,420.11,Vloxx,81053,11.0,12620,16640,-118,0,,,,,0
20261003-172858,420.31,Vloxx,81053,11.2,12840,16760,-118,0,,,,,0
20261003-172858,420.50,Vloxx,81053,11.4,13060,16870,-118,0,,,,,0
20261003-172858,420.71,Vloxx,81053,11.6,13280,16990,-118,0,,,,,0
20261003-172858,420.91,Vloxx,81053,11.8,13500,17110,-118,0,,,,,0
20261003-172858,421.11,Vloxx,,,13720,17230,-118,0,,,,,0
20261003-172858,421.31,Vloxx,,,13940,17350,-118,0,,,,,0
20261003-172858,424.02,Aspect of the Sword,,,12500,16470,53,0,,,,,0
20261003-172858,424.22,Aspect of the Sword,,,12300,16320,53,0,,,,,0
20261003-172858,424.42,Aspect of the Sword,,,12100,16170,53,0,,,,,0
20261003-172858,424.63,Aspect of the Sword,,,11900,16020,53,0,,,,,0
20261003-172858,424.82,Aspect of the Sword,,,11700,15870,53,0,,,,,0
20261003-172858,425.02,Aspect of the Sword,,,11500,15720,53,0,,,,,0
20261003-172858,434.99,Vloxx,81053,4.8,12500,16510,438,1,0,-180,0,0,10
20261003-172858,435.51,Vloxx,81053,5.3,12480,16380,438,1,0,-180,0,0,10
20261003-172858,435.51,Vloxx,81053,5.3,12040,16840,348,1,0,-180,0,0,10
20261003-172858,436.03,Vloxx,81053,5.8,11710,16380,258,1,0,180,0,0,10
20261003-172858,436.03,Vloxx,81053,5.8,12380,16940,348,1,0,-180,0,0,10
20261003-172858,436.43,Vloxx,81053,6.2,12440,16470,438,1,0,-180,0,0,5
20261003-172858,436.55,Vloxx,81053,6.3,12170,16050,-44,1,0,-32,1,0,1
20261003-172858,436.55,Vloxx,81053,6.3,11820,16830,46,1,0,-32,1,0,1
20261003-172858,436.95,Vloxx,81053,6.7,12110,16920,136,1,0,-32,1,-148,10
20261003-172858,437.03,Vloxx,81053,6.8,12500,16390,226,1,0,-32,1,-148,10
20261003-172858,437.07,Vloxx,81053,6.8,11930,16280,-44,1,0,-32,1,-148,10
20261003-172858,437.47,Vloxx,81053,7.2,11650,16580,46,1,0,-32,1,-148,0
20261003-172858,437.55,Vloxx,81053,7.3,12340,16930,136,1,0,-32,1,-148,0
20261003-172858,437.99,Vloxx,81053,7.8,11990,16130,-44,1,0,-32,1,-148,0
20261003-172858,438.07,Vloxx,81053,7.8,11800,16770,46,1,0,-32,1,-148,0
20261003-172858,438.59,Vloxx,81053,8.4,11960,16230,-44,1,0,-180,0,0,0
20261003-172858,438.92,Vloxx,81053,8.7,12390,16530,-134,0,,,,,0
20261003-172858,439.11,Vloxx,81053,8.9,12570,16710,-134,0,,,,,0
20261003-172858,439.30,Vloxx,81053,9.1,12750,16880,-134,0,,,,,0
20261003-172858,439.51,Vloxx,81053,9.3,12930,17060,-134,0,,,,,0
20261003-172858,439.70,Vloxx,81053,9.5,13100,17230,-134,0,,,,,0
20261003-172858,439.91,Vloxx,81053,9.7,13280,17410,-134,0,,,,,0
20261003-172858,440.03,Aspect of the Sword,81326,8.4,12680,16190,-151,0,,,,,0
20261003-172858,440.11,Vloxx,81053,9.9,13460,17580,-134,0,,,,,0
20261003-172858,440.23,Aspect of the Sword,81326,8.6,12800,16410,-151,0,,,,,0
20261003-172858,440.31,Vloxx,81053,10.1,13640,17760,-134,0,,,,,0
20261003-172858,440.42,Aspect of the Sword,81326,8.8,12920,16630,-151,0,,,,,0
20261003-172858,440.62,Aspect of the Sword,81326,9.0,13040,16850,-151,0,,,,,0
20261003-172858,440.82,Aspect of the Sword,81326,9.2,13160,17070,-151,0,,,,,0
20261003-172858,441.02,Aspect of the Sword,81326,9.4,13280,17290,-151,0,,,,,0
20261003-172858,448.27,Vloxx,,,12650,15940,-251,0,,,,,0
20261003-172858,448.47,Vloxx,,,12420,16020,-251,0,,,,,0
20261003-172858,448.67,Vloxx,,,12180,16110,-251,0,,,,,0
20261003-172858,448.86,Vloxx,,,11940,16190,-251,0,,,,,0
20261003-172858,449.06,Vloxx,,,11710,16270,-251,0,,,,,0
20261003-172858,449.27,Vloxx,,,11470,16350,-251,0,,,,,0
20261003-172858,449.46,Vloxx,,,11230,16430,-251,0,,,,,0
20261003-172858,449.66,Vloxx,,,11000,16520,-251,0,,,,,0
20261003-172858,460.66,Aspect of the Sword,,,12510,16040,-265,0,,,,,0
20261003-172858,460.87,Aspect of the Sword,,,12260,16070,-265,0,,,,,0
20261003-172858,461.06,Aspect of the Sword,,,12010,16090,-265,0,,,,,0
20261003-174507,269.71,Aspect of the Sword,81326,5.1,12740,15530,41,0,,,,,0
20261003-174507,269.92,Aspect of the Sword,81326,5.3,12580,15340,41,0,,,,,0
20261003-174507,270.11,Aspect of the Sword,81326,5.5,12420,15150,41,0,,,,,2
20261003-174507,270.31,Aspect of the Sword,81326,5.7,12250,14960,41,0,,,,,0
20261003-174507,270.52,Aspect of the Sword,81326,5.9,12090,14770,41,0,,,,,0
20261003-174507,270.71,Aspect of the Sword,81326,6.1,11930,14580,41,0,,,,,0
20261003-174507,285.15,Aspect of the Sword,,,12630,14850,-259,0,,,,,0
20261003-174507,285.35,Aspect of the Sword,,,12380,14900,-259,0,,,,,0
20261003-174507,285.55,Aspect of the Sword,,,12140,14940,-259,0,,,,,0
20261003-174507,285.75,Aspect of the Sword,,,11890,14990,-259,0,,,,,0
20261003-174507,285.95,Aspect of the Sword,,,11650,15040,-259,0,,,,,0
20261003-174507,286.16,Aspect of the Sword,,,11400,15090,-259,0,,,,,0
20261003-174507,300.67,Aspect of the Sword,81326,6.6,12420,15580,-265,0,,,,,0
20261003-174507,300.87,Aspect of the Sword,81326,6.8,12170,15600,-265,0,,,,,0
20261003-174507,301.07,Aspect of the Sword,81326,7.0,11920,15620,-265,0,,,,,0
20261003-174507,301.27,Aspect of the Sword,81326,7.2,11670,15640,-265,0,,,,,0
20261003-174507,301.47,Aspect of the Sword,81326,7.4,11420,15660,-265,0,,,,,0
20261003-174507,301.67,Aspect of the Sword,81326,7.6,11170,15680,-265,0,,,,,0
20261003-174507,316.28,Aspect of the Sword,,,11800,16070,-212,0,,,,,0
20261003-174507,316.47,Aspect of the Sword,,,11670,16280,-212,0,,,,,0
20261003-174507,316.67,Aspect of the Sword,,,11530,16490,-212,0,,,,,0
20261003-174507,316.71,Vloxx,81053,4.8,11460,16600,333,1,0,180,0,0,8
20261003-174507,316.87,Aspect of the Sword,,,11400,16700,-212,0,,,,,0
20261003-174507,317.07,Aspect of the Sword,,,11260,16910,-212,0,,,,,0
20261003-174507,317.24,Vloxx,81053,5.3,11280,16070,243,1,0,-180,0,0,9
20261003-174507,317.24,Vloxx,81053,5.3,11410,16830,333,1,0,180,0,0,9
20261003-174507,317.27,Aspect of the Sword,,,11130,17120,-212,0,,,,,0
20261003-174507,317.75,Vloxx,81053,5.8,11820,15890,153,1,0,-180,0,0,4
20261003-174507,317.75,Vloxx,81053,5.8,11340,16270,243,1,0,-180,0,0,4
20261003-174507,318.15,Vloxx,81053,6.2,11240,17040,333,1,0,180,0,0,9
20261003-174507,318.27,Vloxx,81053,6.3,11900,16200,153,1,0,-180,0,0,6
20261003-174507,318.27,Vloxx,81053,6.3,12000,16430,63,1,0,-180,0,0,6
20261003-174507,318.67,Vloxx,81053,6.7,11080,16500,243,1,0,-180,0,0,9
20261003-174507,318.76,Vloxx,81053,6.8,11280,16960,333,1,0,180,0,0,9
20261003-174507,318.79,Vloxx,81053,6.8,11970,16760,63,1,0,-180,0,0,9
20261003-174507,319.20,Vloxx,81053,7.3,11630,16340,153,1,0,-180,0,0,4
20261003-174507,319.28,Vloxx,81053,7.3,11100,16430,243,1,0,-180,0,0,4
20261003-174507,319.72,Vloxx,81053,7.8,11780,16890,-9,1,0,108,1,0,1
20261003-174507,319.79,Vloxx,81053,7.8,11640,16250,81,1,0,108,1,0,1
20261003-174507,320.31,Vloxx,81053,8.4,11810,16790,-9,1,0,108,1,72,0
20261003-174507,324.03,Vloxx,,,11240,17140,-170,0,,,,,0
20261003-174507,324.23,Vloxx,,,11280,17380,-170,0,,,,,0
20261003-174507,324.43,Vloxx,,,11320,17630,-170,0,,,,,0
20261003-174507,324.63,Vloxx,,,11360,17880,-170,0,,,,,0
20261003-174507,324.83,Vloxx,,,11410,18120,-170,0,,,,,0
20261003-174507,325.03,Vloxx,,,11450,18370,-170,0,,,,,0
20261003-174507,325.23,Vloxx,,,11490,18620,-170,0,,,,,0
20261003-174507,325.43,Vloxx,,,11530,18860,-170,0,,,,,0
20261003-174507,331.91,Aspect of the Sword,81326,7.9,11580,16790,-256,0,,,,,0
20261003-174507,332.12,Aspect of the Sword,81326,8.1,11340,16850,-256,0,,,,,0
20261003-174507,332.31,Aspect of the Sword,81326,8.3,11100,16910,-256,0,,,,,0
20261003-174507,332.51,Aspect of the Sword,81326,8.5,10850,16970,-256,0,,,,,0
20261003-174507,332.71,Aspect of the Sword,81326,8.7,10610,17040,-256,0,,,,,0
20261003-174507,332.91,Aspect of the Sword,81326,8.9,10370,17100,-256,0,,,,,0
20261003-174507,336.91,Vloxx,81053,4.8,11320,17240,362,1,0,-180,0,0,9
20261003-174507,337.43,Vloxx,81053,5.3,11130,17310,362,1,0,-180,0,0,10
20261003-174507,337.43,Vloxx,81053,5.3,10780,17070,272,1,0,-180,0,0,10
20261003-174507,337.95,Vloxx,81053,5.8,10950,16530,182,1,0,180,0,0,10
20261003-174507,337.95,Vloxx,81053,5.8,10900,16790,272,1,0,-180,0,0,10
20261003-174507,338.35,Vloxx,81053,6.2,11250,17080,362,1,0,-180,0,0,8
20261003-174507,338.47,Vloxx,81053,6.3,11490,16700,92,1,0,180,0,0,8
20261003-174507,338.47,Vloxx,81053,6.3,11420,16570,182,1,0,180,0,0,8
20261003-174507,338.87,Vloxx,81053,6.7,10680,17080,272,1,0,-180,0,0,8
20261003-174507,338.95,Vloxx,81053,6.8,11430,17190,362,1,0,-180,0,0,10
20261003-174507,338.99,Vloxx,81053,6.8,11650,17090,92,1,0,180,0,0,9
20261003-174507,339.39,Vloxx,81053,7.2,10680,16520,182,1,0,180,0,0,6
20261003-174507,339.48,Vloxx,81053,7.3,10880,17320,272,1,0,-180,0,0,6
20261003-174507,339.91,Vloxx,81053,7.8,11250,16520,92,1,0,180,0,0,0
20261003-174507,339.99,Vloxx,81053,7.8,10750,16770,182,1,0,180,0,0,0
20261003-174507,340.51,Vloxx,81053,8.4,11310,16640,-88,1,0,0,1,180,4
20261003-174507,342.55,Vloxx,81053,10.4,11230,17140,-178,0,,,,,0
20261003-174507,342.75,Vloxx,81053,10.6,11240,17390,-178,0,,,,,0
20261003-174507,342.95,Vloxx,81053,10.8,11250,17640,-178,0,,,,,0
20261003-174507,343.15,Vloxx,81053,11.0,11260,17890,-178,0,,,,,0
20261003-174507,343.35,Vloxx,81053,11.2,11270,18140,-178,0,,,,,0
20261003-174507,343.55,Vloxx,81053,11.4,11280,18390,-178,0,,,,,0
20261003-174507,343.75,Vloxx,81053,11.6,11290,18640,-178,0,,,,,0
20261003-174507,343.95,Vloxx,81053,11.8,11300,18890,-65,0,,,,,0
20261003-174507,353.83,Vloxx,81053,4.8,11230,17060,338,1,0,180,0,0,10
20261003-174507,354.35,Vloxx,81053,5.3,11000,16540,248,1,0,-180,0,0,10
20261003-174507,354.35,Vloxx,81053,5.3,11230,17060,338,1,0,180,0,0,10
20261003-174507,354.87,Vloxx,81053,5.8,11520,16320,158,1,0,-180,0,0,4
20261003-174507,354.87,Vloxx,81053,5.8,10960,16560,248,1,0,-180,0,0,4
20261003-174507,355.27,Vloxx,81053,6.2,11290,17060,338,1,0,180,0,0,4
20261003-174507,355.39,Vloxx,81053,6.3,11740,16830,-87,1,0,24,1,0,0
20261003-174507,355.39,Vloxx,81053,6.3,11460,16300,3,1,0,24,1,0,0
20261003-174507,355.79,Vloxx,81053,6.7,11640,16620,93,1,0,24,1,156,9
20261003-174507,355.87,Vloxx,81053,6.8,11190,17060,183,1,0,24,1,156,9
20261003-174507,355.91,Vloxx,81053,6.8,11730,16800,-87,1,0,24,1,156,9
20261003-174507,356.31,Vloxx,81053,7.2,12080,16980,3,1,0,24,1,156,0
20261003-174507,356.39,Vloxx,81053,7.3,11630,16700,93,1,0,24,1,156,0
20261003-174507,356.83,Vloxx,81053,7.8,11720,17410,-87,1,0,24,1,156,0
20261003-174507,356.91,Vloxx,81053,7.8,11990,17140,3,1,0,24,1,156,0
20261003-174507,357.43,Vloxx,81053,8.4,11550,17500,-87,1,0,180,0,156,0
20261003-174507,366.47,Vloxx,,,11150,17040,77,0,,,,,0
20261003-174507,366.67,Vloxx,,,10910,16990,77,0,,,,,0
20261003-174507,366.87,Vloxx,,,10670,16930,77,0,,,,,0
20261003-174507,367.07,Vloxx,,,10420,16870,77,0,,,,,0
20261003-174507,367.27,Vloxx,,,10180,16810,77,0,,,,,0
20261003-174507,367.47,Vloxx,,,9940,16750,77,0,,,,,0
20261003-174507,367.67,Vloxx,,,9700,16700,77,0,,,,,0
20261003-174507,367.87,Vloxx,81053,0.1,9450,16640,27,0,,,,,0
20261003-174507,372.55,Vloxx,81053,4.8,11020,17030,387,1,0,-180,0,0,0
20261003-174507,373.07,Vloxx,81053,5.3,11460,16690,297,1,0,180,0,0,2
20261003-174507,373.07,Vloxx,81053,5.3,11180,17120,387,1,0,-180,0,0,2
20261003-174507,373.59,Vloxx,81053,5.8,11810,17140,207,1,0,180,0,0,0
20261003-174507,373.59,Vloxx,81053,5.8,11160,16550,297,1,0,180,0,0,0
20261003-174507,373.99,Vloxx,81053,6.2,11090,17050,387,1,0,-180,0,0,0
20261003-174507,374.11,Vloxx,81053,6.3,11730,16540,207,1,0,180,0,0,0
20261003-174507,374.11,Vloxx,81053,6.3,11360,17480,117,1,0,-180,0,0,0
20261003-174507,374.51,Vloxx,81053,6.7,11530,16700,167,1,0,50,1,130,10
20261003-174507,374.59,Vloxx,81053,6.8,11040,17020,257,1,0,50,1,130,10
20261003-174507,374.63,Vloxx,81053,6.8,11740,17100,-13,1,0,50,1,130,10
20261003-174507,375.03,Vloxx,81053,7.2,11880,17140,77,1,0,50,1,130,10
20261003-174507,375.11,Vloxx,81053,7.3,11520,16720,167,1,0,50,1,130,10
20261003-174507,375.55,Vloxx,81053,7.8,11440,17490,-13,1,0,50,1,130,9
20261003-174507,375.62,Vloxx,81053,7.8,11820,17200,77,1,0,50,1,130,9
20261003-174507,376.15,Vloxx,81053,8.4,11340,17500,-13,1,0,50,1,130,2
20261003-174507,376.55,Vloxx,81053,8.8,11300,17080,-103,0,,,,,0
20261003-174507,376.75,Vloxx,81053,9.0,11540,17140,-103,0,,,,,0
20261003-174507,376.95,Vloxx,81053,9.2,11790,17190,-103,0,,,,,0
20261003-174507,377.15,Vloxx,81053,9.4,12030,17250,-103,0,,,,,0
20261003-174507,377.35,Vloxx,81053,9.6,12270,17310,-103,0,,,,,0
20261003-174507,377.54,Vloxx,81053,9.8,12520,17370,-103,0,,,,,0
20261003-174507,377.75,Vloxx,81053,10.0,12760,17430,-103,0,,,,,0
20261003-174507,377.95,Vloxx,81053,10.2,13000,17480,-103,0,,,,,0
20261003-174507,391.23,Vloxx,81053,4.8,11010,15450,227,1,0,-180,0,0,10
20261003-174507,391.75,Vloxx,81053,5.3,10910,15480,227,1,0,-180,0,0,10
20261003-174507,391.75,Vloxx,81053,5.3,11560,15310,137,1,0,-180,0,0,10
20261003-174507,392.27,Vloxx,81053,5.8,11470,15440,137,1,0,-180,0,0,9
20261003-174507,392.27,Vloxx,81053,5.8,11700,15850,47,1,0,180,0,0,9
20261003-174507,392.66,Vloxx,81053,6.2,10960,15560,227,1,0,-180,0,0,2
20261003-174507,392.78,Vloxx,81053,6.3,11150,16000,-35,1,0,-173,0,-7,2
20261003-174507,392.78,Vloxx,81053,6.3,11510,16000,55,1,0,-173,0,-7,2
20261003-174507,393.19,Vloxx,81053,6.7,11520,15530,145,1,0,-173,0,-7,8
20261003-174507,393.27,Vloxx,81053,6.8,10870,15370,235,1,0,-173,0,-7,8
20261003-174507,393.30,Vloxx,81053,6.8,10950,16050,-35,1,0,-173,0,-7,8
20261003-174507,393.71,Vloxx,81053,7.2,11540,16100,55,1,0,-173,0,-7,4
20261003-174507,393.79,Vloxx,81053,7.3,11420,15220,145,1,0,-173,0,-7,4
20261003-174507,394.22,Vloxx,81053,7.8,10980,16120,-35,1,0,-173,0,-7,0
20261003-174507,394.31,Vloxx,81053,7.8,11570,15770,55,1,0,-173,0,-7,0
20261003-174507,394.82,Vloxx,81053,8.3,11020,15910,-35,1,0,-180,0,0,0
20261003-174507,405.63,Aspect of the Sword,81326,5.1,12780,16130,66,0,,,,,3
20261003-174507,405.83,Aspect of the Sword,81326,5.3,12550,16030,66,0,,,,,0
20261003-174507,406.02,Aspect of the Sword,81326,5.5,12320,15930,66,0,,,,,1
20261003-174507,406.23,Aspect of the Sword,81326,5.7,12100,15830,66,0,,,,,0
20261003-174507,406.42,Aspect of the Sword,81326,5.9,11870,15730,66,0,,,,,0
20261003-174507,406.63,Aspect of the Sword,81326,6.1,11640,15630,66,0,,,,,0
20261003-174507,409.42,Vloxx,81053,4.8,10500,15280,313,1,0,180,0,0,1
20261003-174507,409.94,Vloxx,81053,5.3,10310,14750,223,1,0,180,0,0,2
20261003-174507,409.94,Vloxx,81053,5.3,10650,15070,313,1,0,180,0,0,2
20261003-174507,410.47,Vloxx,81053,5.8,10840,14560,133,1,0,-180,0,0,0
20261003-174507,410.47,Vloxx,81053,5.8,10680,15640,223,1,0,180,0,0,0
20261003-174507,410.87,Vloxx,81053,6.2,10810,15170,313,1,0,180,0,0,0
20261003-174507,410.99,Vloxx,81053,6.3,11030,15090,43,1,0,-180,0,0,0
20261003-174507,410.99,Vloxx,81053,6.3,10110,15670,133,1,0,-180,0,0,0
20261003-174507,411.39,Vloxx,81053,6.7,10430,15590,223,1,0,180,0,0,0
20261003-174507,411.47,Vloxx,81053,6.8,10700,15120,313,1,0,180,0,0,0
20261003-174507,411.51,Vloxx,81053,6.8,10080,15100,43,1,0,-180,0,0,0
20261003-174507,411.91,Vloxx,81053,7.2,10010,15200,133,1,0,-180,0,0,0
20261003-174507,411.98,Vloxx,81053,7.3,10480,15640,223,1,0,180,0,0,0
20261003-174507,412.42,Vloxx,81053,7.8,10390,14790,-160,1,0,-22,1,0,10
20261003-174507,412.51,Vloxx,81053,7.8,9960,15430,-70,1,0,-22,1,0,10
20261003-174507,413.03,Vloxx,81053,8.4,10180,14900,-160,1,0,-22,1,-158,10
20261003-174507,414.67,Vloxx,81053,10.0,10480,15210,-250,0,,,,,0
20261003-174507,414.87,Vloxx,81053,10.2,10250,15290,-250,0,,,,,0
20261003-174507,415.06,Vloxx,81053,10.4,10010,15380,-250,0,,,,,0
20261003-174507,415.26,Vloxx,81053,10.6,9780,15470,-250,0,,,,,0
20261003-174507,415.47,Vloxx,81053,10.8,9540,15550,-250,0,,,,,0
20261003-174507,415.66,Vloxx,81053,11.0,9310,15640,-250,0,,,,,0
20261003-174507,415.87,Vloxx,81053,11.2,9070,15730,-250,0,,,,,0
20261003-174507,416.06,Vloxx,81053,11.4,8840,15810,-250,0,,,,,0
20261003-174507,425.83,Vloxx,81053,4.8,10600,15280,424,1,0,180,0,0,5
20261003-174507,426.34,Vloxx,81053,5.3,10550,15270,424,1,0,180,0,0,0
20261003-174507,426.34,Vloxx,81053,5.3,10070,15090,334,1,0,180,0,0,0
20261003-174507,426.87,Vloxx,81053,5.8,10260,14560,244,1,0,-180,0,0,0
20261003-174507,426.87,Vloxx,81053,5.8,10160,14860,334,1,0,180,0,0,0
20261003-174507,427.26,Vloxx,81053,6.2,10630,15030,424,1,0,180,0,0,0
20261003-174507,427.39,Vloxx,81053,6.3,10560,14470,14,1,0,-50,1,0,0
20261003-174507,427.39,Vloxx,81053,6.3,10790,14750,-76,1,0,-50,1,0,0
20261003-174507,427.79,Vloxx,81053,6.7,10790,15580,104,1,0,-50,1,-130,10
20261003-174507,427.86,Vloxx,81053,6.8,10520,15010,194,1,0,-50,1,-130,10
20261003-174507,427.91,Vloxx,81053,6.8,10960,14880,-76,1,0,-50,1,-130,10
20261003-174507,428.31,Vloxx,81053,7.2,10250,15740,14,1,0,-50,1,-130,10
20261003-174507,428.38,Vloxx,81053,7.3,10980,15340,104,1,0,-50,1,-130,10
20261003-174507,428.83,Vloxx,81053,7.8,10090,15190,-76,1,0,-50,1,-130,10
20261003-174507,428.91,Vloxx,81053,7.8,10660,15800,14,1,0,-50,1,-130,10
20261003-174507,429.43,Vloxx,81053,8.4,10190,15470,-76,1,0,-180,0,-130,3
20261003-174507,436.83,Vloxx,,,10620,15220,-120,0,,,,,0
20261003-174507,437.03,Vloxx,,,10830,15340,-120,0,,,,,0
20261003-174507,437.23,Vloxx,,,11050,15470,-120,0,,,,,0
20261003-174507,437.42,Vloxx,,,11270,15590,-120,0,,,,,0
20261003-174507,437.62,Vloxx,,,11480,15720,-120,0,,,,,0
20261003-174507,437.83,Vloxx,,,11700,15840,-120,0,,,,,0
20261003-174507,438.03,Vloxx,,,11920,15970,-120,0,,,,,0
20261003-174507,438.22,Vloxx,,,12130,16090,-120,0,,,,,0
20261003-174507,447.47,Vloxx,81053,4.8,10810,15420,239,1,0,180,0,0,7
20261003-174507,447.98,Vloxx,81053,5.3,11380,15400,149,1,0,180,0,0,7
20261003-174507,447.98,Vloxx,81053,5.3,10770,15440,239,1,0,180,0,0,7
20261003-174507,448.51,Vloxx,81053,5.8,11340,15480,149,1,0,180,0,0,5
20261003-174507,448.51,Vloxx,81053,5.8,11400,15970,60,1,0,-180,0,0,5
20261003-174507,448.90,Vloxx,81053,6.2,10670,15230,239,1,0,180,0,0,10
20261003-174507,449.02,Vloxx,81053,6.3,10830,15990,-30,1,0,-180,0,0,10
20261003-174507,449.02,Vloxx,81053,6.3,11300,16040,60,1,0,-180,0,0,10
20261003-174507,449.43,Vloxx,81053,6.7,11190,15000,162,1,0,-168,1,-12,10
20261003-174507,449.50,Vloxx,81053,6.8,10560,15180,252,1,0,-168,1,-12,10
20261003-174507,449.55,Vloxx,81053,6.8,10730,16000,-18,1,0,-168,1,-12,10
20261003-174507,449.95,Vloxx,81053,7.2,11420,15510,72,1,0,-168,1,-12,7
20261003-174507,450.02,Vloxx,81053,7.3,11050,14900,162,1,0,-168,1,-12,7
20261003-174507,450.47,Vloxx,81053,7.8,10900,15740,-18,1,0,-168,1,-12,6
20261003-174507,450.55,Vloxx,81053,7.8,11330,15400,72,1,0,-168,1,-12,6
20261003-174507,451.06,Vloxx,81053,8.4,10840,15670,-18,1,0,179,0,-12,6
20261003-174507,457.90,Aspect of the Sword,81326,5.0,13080,14980,89,0,,,,,0
20261003-174507,458.10,Aspect of the Sword,81326,5.2,12830,14970,89,0,,,,,0
20261003-174507,458.30,Aspect of the Sword,81326,5.4,12580,14970,89,0,,,,,1
20261003-174507,458.50,Aspect of the Sword,81326,5.6,12330,14960,89,0,,,,,0
20261003-174507,458.71,Aspect of the Sword,81326,5.8,12080,14960,89,0,,,,,0
20261003-174507,458.90,Aspect of the Sword,81326,6.0,11830,14950,89,0,,,,,0
20261003-174507,474.07,Aspect of the Sword,,,12360,15130,-211,0,,,,,0
20261003-174507,474.27,Aspect of the Sword,,,12230,15350,-211,0,,,,,0
20261003-174507,474.46,Aspect of the Sword,,,12100,15560,-211,0,,,,,0
20261003-174507,474.67,Aspect of the Sword,,,11980,15770,-211,0,,,,,0
20261003-174507,474.86,Aspect of the Sword,,,11850,15990,-211,0,,,,,0
20261003-174507,475.06,Aspect of the Sword,,,11720,16200,-211,0,,,,,0
20261003-174507,489.51,Aspect of the Sword,81326,7.4,11750,14810,58,0,,,,,0
20261003-174507,489.70,Aspect of the Sword,81326,7.6,11540,14680,58,0,,,,,0
20261003-174507,489.90,Aspect of the Sword,81326,7.8,11320,14540,58,0,,,,,0
20261003-174507,490.11,Aspect of the Sword,81326,8.0,11110,14410,58,0,,,,,0
20261003-174507,490.30,Aspect of the Sword,81326,8.2,10900,14280,58,0,,,,,0
20261003-174507,490.50,Aspect of the Sword,81326,8.4,10690,14150,58,0,,,,,0
20261003-174507,500.31,Vloxx,,,11990,15290,270,1,0,180,0,0,0
20261003-174507,500.31,Vloxx,,,12000,15360,270,1,0,180,0,0,0
20261003-174507,500.31,Vloxx,,,12110,15330,270,1,0,180,0,0,0
20261003-174507,500.83,Vloxx,,,11680,15830,180,1,0,-180,0,0,7
20261003-174507,500.83,Vloxx,,,11530,15610,180,1,0,-180,0,0,7
20261003-174507,500.83,Vloxx,,,11720,15740,180,1,0,-180,0,0,7
20261003-174507,501.34,Vloxx,,,11210,15150,90,1,0,-180,0,0,0
20261003-174507,501.34,Vloxx,,,11310,15360,90,1,0,-180,0,0,0
20261003-174507,501.34,Vloxx,,,11220,15500,90,1,0,-180,0,0,0
20261003-174507,501.86,Vloxx,,,11690,14940,0,1,0,-180,0,0,0
20261003-174507,501.86,Vloxx,,,11670,14830,0,1,0,-180,0,0,0
20261003-174507,501.86,Vloxx,,,11540,15040,0,1,0,-180,0,0,0
20261003-174507,505.18,Aspect of the Sword,,,11770,15230,-142,0,,,,,0
20261003-174507,505.38,Aspect of the Sword,,,11920,15430,-142,0,,,,,0
20261003-174507,505.58,Aspect of the Sword,,,12080,15630,-142,0,,,,,0
20261003-174507,505.78,Aspect of the Sword,,,12230,15820,-142,0,,,,,0
20261003-174507,505.98,Aspect of the Sword,,,12380,16020,-142,0,,,,,0
20261003-174507,506.18,Aspect of the Sword,,,12540,16220,-142,0,,,,,0
20261003-174507,515.30,Vloxx,,,12280,15050,270,1,0,180,0,0,0
20261003-174507,515.30,Vloxx,,,12340,15100,270,1,0,180,0,0,0
20261003-174507,515.30,Vloxx,,,12280,15050,270,1,0,180,0,0,0
20261003-174507,515.83,Vloxx,,,11980,14570,180,1,0,-180,0,0,10
20261003-174507,515.83,Vloxx,,,11970,14580,180,1,14,-180,0,0,10
20261003-174507,515.83,Vloxx,,,12180,14560,180,1,0,-180,0,0,10
20261003-174507,516.34,Vloxx,,,12720,14400,90,1,0,-180,0,0,1
20261003-174507,516.34,Vloxx,,,12460,14270,90,1,0,-180,0,0,1
20261003-174507,516.34,Vloxx,,,12440,14270,90,1,0,-180,0,0,1
20261003-174507,516.86,Vloxx,,,12750,14740,0,1,14,-180,0,0,0
20261003-174507,516.86,Vloxx,,,12760,14750,0,1,0,-180,0,0,0
20261003-174507,516.86,Vloxx,,,12880,14940,0,1,0,-180,0,0,0
20261003-174507,530.30,Vloxx,,,11700,14790,270,1,0,180,0,0,1
20261003-174507,530.30,Vloxx,,,11720,15480,270,1,0,180,0,0,1
20261003-174507,530.30,Vloxx,,,11890,15510,270,1,0,180,0,0,1
20261003-174507,530.82,Vloxx,,,11140,14790,180,1,0,-180,0,0,0
20261003-174507,530.82,Vloxx,,,11460,15980,180,1,0,-180,0,0,0
20261003-174507,530.82,Vloxx,,,11720,16050,180,1,0,-180,0,0,0
20261003-174507,531.34,Vloxx,,,10960,15720,90,1,0,-180,0,0,0
20261003-174507,531.34,Vloxx,,,11180,15890,90,1,0,-180,0,0,0
20261003-174507,531.34,Vloxx,,,11150,14220,90,1,0,-180,0,0,0
20261003-174507,531.86,Vloxx,,,11220,15220,0,1,0,-180,0,0,0
20261003-174507,531.86,Vloxx,,,11710,14230,0,1,0,-180,0,0,0
20261003-174507,531.86,Vloxx,,,11350,15340,0,1,0,-180,0,0,0
20261003-175607,281.75,Aspect of the Sword,81326,6.6,12960,15710,-265,0,,,,,0
20261003-175607,281.96,Aspect of the Sword,81326,6.8,12710,15730,-265,0,,,,,0
20261003-175607,282.16,Aspect of the Sword,81326,7.0,12460,15750,-265,0,,,,,0
20261003-175607,282.36,Aspect of the Sword,81326,7.2,12210,15770,-265,0,,,,,0
20261003-175607,282.55,Aspect of the Sword,81326,7.4,11970,15800,-265,0,,,,,0
20261003-175607,282.75,Aspect of the Sword,81326,7.6,11720,15820,-265,0,,,,,0
20261003-175607,297.11,Aspect of the Sword,,,12380,15200,65,0,,,,,0
20261003-175607,297.31,Aspect of the Sword,,,12150,15090,65,0,,,,,0
20261003-175607,297.51,Aspect of the Sword,,,11920,14990,65,0,,,,,0
20261003-175607,297.71,Aspect of the Sword,,,11700,14880,65,0,,,,,0
20261003-175607,297.92,Aspect of the Sword,,,11470,14780,65,0,,,,,0
20261003-175607,298.11,Aspect of the Sword,,,11240,14670,65,0,,,,,0
20261003-175607,313.12,Aspect of the Sword,81326,8.7,12050,14880,-255,0,,,,,0
20261003-175607,313.31,Aspect of the Sword,81326,8.9,11810,14950,-255,0,,,,,0
20261003-175607,313.52,Aspect of the Sword,81326,9.1,11570,15010,-255,0,,,,,0
20261003-175607,313.72,Aspect of the Sword,81326,9.3,11320,15080,-255,0,,,,,0
20261003-175607,313.92,Aspect of the Sword,81326,9.5,11080,15140,-255,0,,,,,0
20261003-175607,314.12,Aspect of the Sword,81326,9.7,10840,15210,-255,0,,,,,0
20261003-175607,320.87,Vloxx,81053,4.8,11310,15690,324,1,0,-180,0,0,0
20261003-175607,321.39,Vloxx,81053,5.3,10940,16180,324,1,0,-180,0,0,10
20261003-175607,321.39,Vloxx,81053,5.3,11270,15130,234,1,0,-180,0,0,10
20261003-175607,321.91,Vloxx,81053,5.8,10940,15620,234,1,0,-180,0,0,3
20261003-175607,321.91,Vloxx,81053,5.8,11830,15090,144,1,0,180,0,0,3
20261003-175607,322.32,Vloxx,81053,6.2,10990,16230,324,1,0,-180,0,0,7
20261003-175607,322.44,Vloxx,81053,6.3,11510,15620,144,1,0,180,0,0,7
20261003-175607,322.44,Vloxx,81053,6.3,11870,15650,54,1,0,180,0,0,7
20261003-175607,322.83,Vloxx,81053,6.7,11090,15670,234,1,0,-180,0,0,2
20261003-175607,322.91,Vloxx,81053,6.8,10960,16150,324,1,0,-180,0,0,5
20261003-175607,322.95,Vloxx,81053,6.8,11500,16190,54,1,0,180,0,0,5
20261003-175607,323.35,Vloxx,81053,7.2,11640,15760,144,1,0,180,0,0,0
20261003-175607,323.44,Vloxx,81053,7.3,10970,15590,234,1,0,-180,0,0,0
20261003-175607,323.88,Vloxx,81053,7.8,11550,16320,1,1,0,127,1,0,1
20261003-175607,323.96,Vloxx,81053,7.8,11530,15590,91,1,0,127,1,0,1
20261003-175607,324.48,Vloxx,81053,8.4,11530,16160,1,1,0,127,1,53,0
20261003-175607,328.36,Vloxx,,,10660,16560,-139,0,,,,,0
20261003-175607,328.43,Aspect of the Sword,,,11040,16490,-186,0,,,,,0
20261003-175607,328.55,Vloxx,,,10820,16750,-139,0,,,,,0
20261003-175607,328.63,Aspect of the Sword,,,11010,16740,-186,0,,,,,0
20261003-175607,328.76,Vloxx,,,10980,16940,-139,0,,,,,0
20261003-175607,328.83,Aspect of the Sword,,,10990,16990,-186,0,,,,,0
20261003-175607,328.95,Vloxx,,,11150,17130,-139,0,,,,,0
20261003-175607,329.04,Aspect of the Sword,,,10960,17240,-186,0,,,,,0
20261003-175607,329.15,Vloxx,,,11310,17320,-139,0,,,,,0
20261003-175607,329.23,Aspect of the Sword,,,10930,17490,-186,0,,,,,0
20261003-175607,329.36,Vloxx,,,11470,17510,-139,0,,,,,0
20261003-175607,329.43,Aspect of the Sword,,,10910,17740,-186,0,,,,,0
20261003-175607,329.55,Vloxx,,,11640,17700,-139,0,,,,,0
20261003-175607,329.75,Vloxx,,,11800,17880,-139,0,,,,,0
20261003-175607,341.00,Vloxx,81053,4.8,10520,16420,207,1,0,180,0,0,10
20261003-175607,341.52,Vloxx,81053,5.3,11080,16400,117,1,0,-180,0,0,10
20261003-175607,341.52,Vloxx,81053,5.3,10500,16440,207,1,0,180,0,0,10
20261003-175607,342.03,Vloxx,81053,5.8,11050,16320,117,1,0,-180,0,0,9
20261003-175607,342.03,Vloxx,81053,5.8,11100,16970,27,1,0,-180,0,0,9
20261003-175607,342.44,Vloxx,81053,6.2,10480,16410,207,1,0,180,0,0,5
20261003-175607,342.55,Vloxx,81053,6.3,10540,16990,-63,1,0,-180,0,0,5
20261003-175607,342.55,Vloxx,81053,6.3,11170,16870,27,1,0,-180,0,0,5
20261003-175607,342.95,Vloxx,81053,6.7,11040,16320,117,1,0,-180,0,0,3
20261003-175607,343.03,Vloxx,81053,6.8,10550,16450,207,1,0,180,0,0,3
20261003-175607,343.07,Vloxx,81053,6.8,10620,16990,-63,1,0,-180,0,0,0
20261003-175607,343.47,Vloxx,81053,7.2,11130,16880,27,1,0,-180,0,0,0
20261003-175607,343.55,Vloxx,81053,7.3,11110,16410,117,1,0,-180,0,0,0
20261003-175607,343.99,Vloxx,81053,7.8,10570,16970,125,1,0,8,1,0,0
20261003-175607,344.06,Vloxx,81053,7.8,11150,16980,215,1,0,8,1,0,0
20261003-175607,344.59,Vloxx,81053,8.4,10590,17020,125,1,0,8,1,172,0
20261003-175607,346.27,Vloxx,81053,10.0,10560,16440,35,0,,,,,0
20261003-175607,346.47,Vloxx,81053,10.2,10420,16240,35,0,,,,,0
20261003-175607,346.67,Vloxx,81053,10.4,10280,16040,35,0,,,,,0
20261003-175607,346.87,Vloxx,81053,10.6,10130,15830,35,0,,,,,0
20261003-175607,347.07,Vloxx,81053,10.8,9990,15630,35,0,,,,,0
20261003-175607,347.27,Vloxx,81053,11.0,9840,15420,35,0,,,,,0
20261003-175607,347.47,Vloxx,81053,11.2,9700,15220,35,0,,,,,0
20261003-175607,347.67,Vloxx,81053,11.4,9560,15010,12,0,,,,,0
20261003-175607,357.68,Vloxx,81053,4.8,10630,16150,379,1,0,-180,0,0,9
20261003-175607,358.19,Vloxx,81053,5.3,10130,15880,289,1,0,-180,0,0,7
20261003-175607,358.19,Vloxx,81053,5.3,10510,16240,379,1,0,-180,0,0,7
20261003-175607,358.71,Vloxx,81053,5.8,9970,16400,289,1,0,-180,0,0,6
20261003-175607,358.71,Vloxx,81053,5.8,10410,15380,199,1,0,180,0,0,6
20261003-175607,359.11,Vloxx,81053,6.2,10610,16130,379,1,0,-180,0,0,5
20261003-175607,359.23,Vloxx,81053,6.3,10900,15660,110,1,0,-179,0,0,4
20261003-175607,359.24,Vloxx,81053,6.3,9810,15860,200,1,0,-179,0,0,4
20261003-175607,359.63,Vloxx,81053,6.7,10100,15870,290,1,0,-179,0,-1,4
20261003-175607,359.70,Vloxx,81053,6.8,10500,16270,380,1,0,-179,0,-1,4
20261003-175607,359.75,Vloxx,81053,6.8,10350,15700,110,1,0,-179,0,-1,4
20261003-175607,360.15,Vloxx,81053,7.2,10360,15370,200,1,0,-179,0,-1,0
20261003-175607,360.23,Vloxx,81053,7.3,10000,16530,290,1,0,-179,0,-1,0
20261003-175607,360.68,Vloxx,81053,7.8,10860,15620,110,1,0,-179,0,-1,0
20261003-175607,360.75,Vloxx,81053,7.8,9740,16030,200,1,0,-179,0,-1,0
20261003-175607,361.27,Vloxx,81053,8.4,10250,15770,110,1,0,-180,0,-1,0
20261003-175607,370.52,Vloxx,,,10680,16400,-179,0,,,,,0
20261003-175607,370.71,Vloxx,,,10680,16650,-179,0,,,,,0
20261003-175607,370.90,Vloxx,,,10680,16900,-179,0,,,,,0
20261003-175607,371.12,Vloxx,,,10690,17150,-179,0,,,,,0
20261003-175607,371.31,Vloxx,,,10690,17400,-179,0,,,,,0
20261003-175607,371.50,Vloxx,,,10690,17650,-179,0,,,,,0
20261003-175607,371.71,Vloxx,,,10690,17900,-179,0,,,,,0
20261003-175607,371.91,Vloxx,81053,0.0,10700,18150,-195,0,,,,,0
20261003-175607,376.63,Vloxx,81053,4.8,10830,16480,165,1,0,180,0,0,0
20261003-175607,377.15,Vloxx,81053,5.3,10260,16470,75,1,0,-180,0,0,0
20261003-175607,377.15,Vloxx,81053,5.3,10710,16510,165,1,0,180,0,0,0
20261003-175607,377.67,Vloxx,81053,5.8,10270,15910,-15,1,0,-180,0,0,0
20261003-175607,377.67,Vloxx,81053,5.8,10240,16180,75,1,0,-180,0,0,0
20261003-175607,378.07,Vloxx,81053,6.2,10670,16560,165,1,0,180,0,0,0
20261003-175607,378.19,Vloxx,81053,6.3,10570,15720,212,1,0,47,1,0,9
20261003-175607,378.20,Vloxx,81053,6.3,10840,15920,122,1,0,47,1,0,9
20261003-175607,378.60,Vloxx,81053,6.7,10280,16150,302,1,0,47,1,133,10
20261003-175607,378.68,Vloxx,81053,6.8,10810,16480,392,1,0,47,1,133,10
20261003-175607,378.71,Vloxx,81053,6.8,11030,16040,122,1,0,47,1,133,10
20261003-175607,379.12,Vloxx,81053,7.2,10680,15760,212,1,0,47,1,133,9
20261003-175607,379.20,Vloxx,81053,7.3,10250,16440,302,1,0,47,1,133,9
20261003-175607,379.63,Vloxx,81053,7.8,11080,16160,122,1,0,47,1,133,10
20261003-175607,379.71,Vloxx,81053,7.8,10280,15880,212,1,0,47,1,133,10
20261003-175607,380.24,Vloxx,81053,8.4,10850,15920,122,1,0,-180,0,133,6
20261003-175607,380.55,Vloxx,81053,8.7,10640,16260,32,0,,,,,0
20261003-175607,380.75,Vloxx,81053,8.9,10500,16050,32,0,,,,,0
20261003-175607,380.95,Vloxx,81053,9.1,10370,15840,32,0,,,,,0
20261003-175607,381.14,Vloxx,81053,9.3,10240,15630,32,0,,,,,0
20261003-175607,381.35,Vloxx,81053,9.5,10100,15420,32,0,,,,,0
20261003-175607,381.55,Vloxx,81053,9.7,9970,15200,32,0,,,,,0
20261003-175607,381.75,Vloxx,81053,9.9,9840,14990,32,0,,,,,0
20261003-175607,381.95,Vloxx,81053,10.1,9710,14780,32,0,,,,,0
20261003-175607,394.99,Vloxx,81053,4.8,12060,15530,143,1,0,180,0,0,8
20261003-175607,395.51,Vloxx,81053,5.3,12120,15430,143,1,0,180,0,0,8
20261003-175607,395.51,Vloxx,81053,5.3,12060,16090,53,1,0,-180,0,0,8
20261003-175607,396.03,Vloxx,81053,5.8,12070,15990,53,1,0,-180,0,0,3
20261003-175607,396.03,Vloxx,81053,5.8,11490,16090,-37,1,0,-180,0,0,3
20261003-175607,396.43,Vloxx,81053,6.2,12290,15280,143,1,0,180,0,0,8
20261003-175607,396.55,Vloxx,81053,6.3,11500,15940,-37,1,0,-180,0,0,8
20261003-175607,396.55,Vloxx,81053,6.3,11500,15520,-127,1,0,-180,0,0,8
20261003-175607,396.95,Vloxx,81053,6.7,12150,15830,14,1,0,140,1,40,7
20261003-175607,397.03,Vloxx,81053,6.8,12190,15370,104,1,0,140,1,40,7
20261003-175607,397.07,Vloxx,81053,6.8,11560,15380,-166,1,0,141,1,40,6
20261003-175607,397.47,Vloxx,81053,7.2,11600,15700,-76,1,0,140,1,40,1
20261003-175607,397.54,Vloxx,81053,7.3,12130,15940,14,1,0,140,1,40,1
20261003-175607,397.99,Vloxx,81053,7.8,11740,15150,-166,1,0,141,1,40,4
20261003-175607,398.07,Vloxx,81053,7.8,11570,15880,-76,1,0,140,1,40,4
20261003-175607,398.59,Vloxx,81053,8.4,11630,15320,-166,1,0,-180,0,40,1
20261003-175607,400.19,Aspect of the Sword,81326,5.1,12800,15600,52,0,,,,,0
20261003-175607,400.39,Aspect of the Sword,81326,5.3,12610,15450,52,0,,,,,0
20261003-175607,400.60,Aspect of the Sword,81326,5.5,12410,15290,52,0,,,,,0
20261003-175607,400.79,Aspect of the Sword,81326,5.7,12210,15130,52,0,,,,,0
20261003-175607,400.99,Aspect of the Sword,81326,5.9,12020,14980,52,0,,,,,0
20261003-175607,401.19,Aspect of the Sword,81326,6.1,11820,14820,52,0,,,,,0
20261003-175607,411.27,Vloxx,81053,4.8,12590,15180,328,1,0,180,0,0,4
20261003-175607,411.79,Vloxx,81053,5.3,12890,14700,237,1,0,180,0,0,7
20261003-175607,411.79,Vloxx,81053,5.3,12460,14830,328,1,0,180,0,0,7
20261003-175607,412.31,Vloxx,81053,5.8,12180,14340,237,1,0,180,0,0,0
20261003-175607,412.31,Vloxx,81053,5.8,13370,15000,148,1,0,-180,0,0,0
20261003-175607,412.71,Vloxx,81053,6.2,12580,14950,328,1,0,180,0,0,1
20261003-175607,412.82,Vloxx,81053,6.3,12670,14060,148,1,0,-180,0,0,1
20261003-175607,412.82,Vloxx,81053,6.3,13080,15480,58,1,0,-180,0,0,1
20261003-175607,413.23,Vloxx,81053,6.7,12510,14390,237,1,0,180,0,0,0
20261003-175607,413.31,Vloxx,81053,6.8,12480,14930,328,1,0,180,0,0,0
20261003-175607,413.34,Vloxx,81053,6.8,12950,14550,58,1,0,-180,0,0,0
20261003-175607,413.75,Vloxx,81053,7.2,13070,14320,148,1,0,-180,0,0,0
20261003-175607,413.83,Vloxx,81053,7.3,12260,14410,237,1,0,180,0,0,0
20261003-175607,414.26,Vloxx,81053,7.8,13140,14890,114,1,0,-123,1,-57,0
20261003-175607,414.35,Vloxx,81053,7.8,12780,14190,204,1,0,-123,1,-57,0
20261003-175607,414.87,Vloxx,81053,8.4,13000,14710,114,1,0,-123,1,-57,0
20261003-175607,415.99,Aspect of the Sword,,,12260,15100,-213,0,,,,,0
20261003-175607,416.19,Aspect of the Sword,,,12120,15310,-213,0,,,,,0
20261003-175607,416.39,Aspect of the Sword,,,11980,15520,-213,0,,,,,0
20261003-175607,416.58,Aspect of the Sword,,,11850,15730,-213,0,,,,,0
20261003-175607,416.78,Aspect of the Sword,,,11710,15930,-213,0,,,,,0
20261003-175607,416.99,Aspect of the Sword,,,11570,16140,-213,0,,,,,0
20261003-175607,418.43,Vloxx,81053,11.9,12280,15260,-253,0,,,,,0
20261003-175607,418.63,Vloxx,,,12040,15330,-253,0,,,,,0
20261003-175607,418.83,Vloxx,,,11800,15400,-253,0,,,,,0
20261003-175607,419.02,Vloxx,,,11560,15480,-253,0,,,,,0
20261003-175607,419.22,Vloxx,,,11320,15550,-253,0,,,,,0
20261003-175607,419.43,Vloxx,,,11080,15620,-253,0,,,,,0
20261003-175607,419.63,Vloxx,,,10850,15690,-253,0,,,,,0
20261003-175607,419.83,Vloxx,,,10610,15770,-253,0,,,,,0
20261003-175607,427.87,Vloxx,81053,4.8,12320,15270,328,1,0,-180,0,0,8
20261003-175607,428.38,Vloxx,81053,5.3,12240,15230,328,1,0,-180,0,0,4
20261003-175607,428.38,Vloxx,81053,5.3,12340,14710,238,1,0,180,0,0,4
20261003-175607,428.90,Vloxx,81053,5.8,12670,14860,238,1,0,180,0,0,1
20261003-175607,428.90,Vloxx,81053,5.8,12900,14720,148,1,0,180,0,0,1
20261003-175607,429.31,Vloxx,81053,6.2,12250,15270,328,1,0,-180,0,0,1
20261003-175607,429.43,Vloxx,81053,6.3,12880,15290,-146,1,0,-24,1,0,0
20261003-175607,429.43,Vloxx,81053,6.3,13040,15290,-56,1,0,-24,1,0,0
20261003-175607,429.83,Vloxx,81053,6.7,12520,14770,34,1,0,-24,1,-156,10
20261003-175607,429.91,Vloxx,81053,6.8,12240,15240,124,1,0,-24,1,-156,10
20261003-175607,429.95,Vloxx,81053,6.8,12600,15660,-146,1,0,-24,1,-156,10
20261003-175607,430.35,Vloxx,81053,7.2,13010,15050,-56,1,0,-24,1,-156,0
20261003-175607,430.43,Vloxx,81053,7.3,12630,14830,34,1,0,-24,1,-156,0
20261003-175607,430.87,Vloxx,81053,7.8,12740,15540,-146,1,0,-24,1,-156,0
20261003-175607,430.95,Vloxx,81053,7.8,13040,15220,-56,1,0,-24,1,-156,0
20261003-175607,431.46,Vloxx,81053,8.4,12640,15630,-146,1,0,-180,0,-156,0
20261003-175607,431.83,Aspect of the Sword,81326,7.4,12260,15090,-221,0,,,,,0
20261003-175607,432.02,Aspect of the Sword,81326,7.5,12100,15280,-221,0,,,,,0
20261003-175607,432.23,Aspect of the Sword,81326,7.8,11930,15470,-221,0,,,,,0
20261003-175607,432.43,Aspect of the Sword,81326,8.0,11770,15660,-221,0,,,,,0
20261003-175607,432.63,Aspect of the Sword,81326,8.2,11610,15850,-221,0,,,,,0
20261003-175607,432.83,Aspect of the Sword,81326,8.4,11440,16030,-221,0,,,,,0
20261003-175607,438.91,Vloxx,,,12290,15280,-241,0,,,,,0
20261003-175607,439.11,Vloxx,,,12070,15400,-241,0,,,,,0
20261003-175607,439.31,Vloxx,,,11850,15520,-241,0,,,,,0
20261003-175607,439.51,Vloxx,,,11630,15640,-241,0,,,,,0
20261003-175607,439.71,Vloxx,,,11420,15770,-241,0,,,,,0
20261003-175607,439.90,Vloxx,,,11200,15890,-241,0,,,,,0
20261003-175607,440.11,Vloxx,,,10980,16010,-241,0,,,,,0
20261003-175607,440.31,Vloxx,81053,0.1,10760,16130,-195,0,,,,,0
20261003-175607,444.99,Vloxx,81053,4.8,12190,15290,165,1,0,-180,0,0,0
20261003-175607,445.51,Vloxx,81053,5.3,12220,15160,165,1,0,-180,0,0,5
20261003-175607,445.51,Vloxx,81053,5.3,12450,14790,75,1,0,-180,0,0,5
20261003-175607,446.03,Vloxx,81053,5.8,12760,15020,75,1,0,-180,0,0,6
20261003-175607,446.03,Vloxx,81053,5.8,12950,15040,-15,1,0,180,0,0,6
20261003-175607,446.43,Vloxx,81053,6.2,12260,15240,165,1,0,-180,0,0,1
20261003-175607,446.55,Vloxx,81053,6.3,12700,15550,-96,1,0,-171,0,0,9
20261003-175607,446.55,Vloxx,81053,6.3,12900,15570,-6,1,0,-171,0,0,9
20261003-175607,446.95,Vloxx,81053,6.7,12630,14820,84,1,0,-171,0,-9,4
20261003-175607,447.02,Vloxx,81053,6.8,12370,15240,174,1,0,-171,0,-9,4
20261003-175607,447.06,Vloxx,81053,6.8,12350,15710,-96,1,0,-171,0,-9,4
20261003-175607,447.46,Vloxx,81053,7.2,13050,15190,-6,1,0,-171,0,-9,9
20261003-175607,447.55,Vloxx,81053,7.3,12860,14970,84,1,0,-171,0,-9,9
20261003-175607,447.99,Vloxx,81053,7.8,12680,15620,-96,1,0,-171,0,-9,4
20261003-175607,448.07,Vloxx,81053,7.8,13140,15460,-6,1,0,-171,0,-9,4
20261003-175607,448.59,Vloxx,81053,8.4,12640,15740,-96,1,0,-180,0,-9,0
20261003-175607,453.35,Vloxx,,,12430,15240,-88,0,,,,,0
20261003-175607,453.55,Vloxx,,,12680,15230,-88,0,,,,,0
20261003-175607,453.75,Vloxx,,,12930,15220,-88,0,,,,,0
20261003-175607,453.94,Vloxx,,,13180,15210,-88,0,,,,,0
20261003-175607,454.14,Vloxx,,,13430,15200,-88,0,,,,,0
20261003-175607,454.35,Vloxx,,,13680,15190,-88,0,,,,,0
20261003-175607,454.55,Vloxx,,,13930,15180,-88,0,,,,,0
20261003-175607,454.74,Vloxx,,,14180,15180,-88,0,,,,,0
20261003-175607,492.07,Aspect of the Sword,81326,5.1,12790,15600,73,0,,,,,4
20261003-175607,492.26,Aspect of the Sword,81326,5.3,12550,15530,73,0,,,,,0
20261003-175607,492.46,Aspect of the Sword,81326,5.5,12310,15450,73,0,,,,,2
20261003-175607,492.66,Aspect of the Sword,81326,5.7,12070,15380,73,0,,,,,0
20261003-175607,492.87,Aspect of the Sword,81326,5.9,11830,15310,73,0,,,,,0
20261003-175607,493.06,Aspect of the Sword,81326,6.1,11590,15230,73,0,,,,,0
20261003-175607,507.43,Aspect of the Sword,,,12560,15390,-52,0,,,,,0
20261003-175607,507.63,Aspect of the Sword,,,12760,15230,-52,0,,,,,0
20261003-175607,507.82,Aspect of the Sword,,,12950,15080,-52,0,,,,,0
20261003-175607,508.03,Aspect of the Sword,,,13150,14930,-52,0,,,,,0
20261003-175607,508.22,Aspect of the Sword,,,13350,14770,-52,0,,,,,0
20261003-175607,508.42,Aspect of the Sword,,,13550,14620,-52,0,,,,,0
20261003-175607,523.34,Aspect of the Sword,81326,7.0,12550,15570,-215,0,,,,,0
20261003-175607,523.54,Aspect of the Sword,81326,7.2,12400,15780,-215,0,,,,,0
20261003-175607,523.75,Aspect of the Sword,81326,7.4,12260,15980,-215,0,,,,,0
20261003-175607,523.94,Aspect of the Sword,81326,7.6,12120,16190,-215,0,,,,,0
20261003-175607,524.15,Aspect of the Sword,81326,7.8,11980,16390,-215,0,,,,,0
20261003-175607,524.35,Aspect of the Sword,81326,8.0,11840,16600,-215,0,,,,,0
20261003-175607,531.83,Vloxx,,,12550,15380,270,1,0,180,0,0,5
20261003-175607,531.83,Vloxx,,,12480,15250,270,1,0,180,0,0,5
20261003-175607,531.83,Vloxx,,,12520,15240,270,1,0,180,0,0,5
20261003-175607,532.35,Vloxx,,,12790,14740,180,1,0,-180,0,0,3
20261003-175607,532.35,Vloxx,,,12740,14750,180,1,0,-180,0,0,3
20261003-175607,532.35,Vloxx,,,13010,15040,180,1,0,-180,0,0,3
20261003-175607,532.87,Vloxx,,,13280,15010,90,1,0,-180,0,0,0
20261003-175607,532.87,Vloxx,,,13240,15010,90,1,0,-180,0,0,0
20261003-175607,532.87,Vloxx,,,13340,15490,90,1,0,-180,0,0,0
20261003-175607,533.38,Vloxx,,,12890,15830,0,1,0,-180,0,0,1
20261003-175607,533.38,Vloxx,,,12980,15510,0,1,0,-180,0,0,1
20261003-175607,533.38,Vloxx,,,13020,15510,0,1,0,-180,0,0,1
20261003-175607,538.90,Aspect of the Sword,,,12050,14780,87,0,,,,,0
20261003-175607,539.11,Aspect of the Sword,,,11800,14770,87,0,,,,,0
20261003-175607,539.30,Aspect of the Sword,,,11550,14750,87,0,,,,,0
20261003-175607,539.50,Aspect of the Sword,,,11300,14740,87,0,,,,,0
20261003-175607,539.71,Aspect of the Sword,,,11050,14730,87,0,,,,,0
20261003-175607,539.91,Aspect of the Sword,,,10800,14710,87,0,,,,,0
20261003-175607,546.84,Vloxx,,,12040,15560,270,1,0,180,0,0,9
20261003-175607,546.84,Vloxx,,,12000,15620,270,1,0,180,0,0,9
20261003-175607,546.84,Vloxx,,,12070,15600,270,1,0,180,0,0,9
20261003-175607,547.34,Vloxx,,,12100,16120,180,1,0,-180,0,0,0
20261003-175607,547.34,Vloxx,,,12070,16180,180,1,0,-180,0,0,0
20261003-175607,547.34,Vloxx,,,12210,16150,180,1,0,-180,0,0,0
20261003-175607,547.87,Vloxx,,,11510,16250,90,1,0,-180,0,0,0
20261003-175607,547.87,Vloxx,,,11670,16290,90,1,0,-180,0,0,0
20261003-175607,547.87,Vloxx,,,11540,16180,90,1,0,-180,0,0,0
20261003-175607,548.38,Vloxx,,,11520,15750,0,1,0,-180,0,0,0
20261003-175607,548.38,Vloxx,,,11480,15620,0,1,0,-180,0,0,0
20261003-175607,548.38,Vloxx,,,11440,15690,0,1,0,-180,0,0,0
20261003-175607,554.58,Aspect of the Sword,81326,7.6,11890,15870,-117,0,,,,,0
20261003-175607,554.78,Aspect of the Sword,81326,7.8,12120,15980,-117,0,,,,,0
20261003-175607,554.98,Aspect of the Sword,81326,8.0,12340,16100,-117,0,,,,,0
20261003-175607,555.18,Aspect of the Sword,81326,8.2,12560,16210,-117,0,,,,,0
20261003-175607,555.39,Aspect of the Sword,81326,8.4,12790,16320,-117,0,,,,,0
20261003-175607,555.58,Aspect of the Sword,81326,8.6,13010,16430,-117,0,,,,,0
20261003-175607,561.83,Vloxx,,,12220,15320,270,1,0,180,0,0,3
20261003-175607,561.83,Vloxx,,,12760,15200,270,1,0,180,0,0,3
20261003-175607,561.83,Vloxx,,,12350,15270,270,1,0,180,0,0,3
20261003-175607,562.35,Vloxx,,,12550,14740,180,1,0,-180,0,0,3
20261003-175607,562.35,Vloxx,,,12030,14790,180,1,0,-180,0,0,3
20261003-175607,562.35,Vloxx,,,13050,14710,180,1,0,-180,0,0,3
20261003-175607,562.87,Vloxx,,,13080,14940,90,1,0,-180,0,0,9
20261003-175607,562.87,Vloxx,,,13540,15010,90,1,0,-180,0,0,9
20261003-175607,562.87,Vloxx,,,12570,14600,90,1,0,-180,0,0,9
20261003-175607,563.38,Vloxx,,,13240,15490,0,1,0,-180,0,0,2
20261003-175607,563.38,Vloxx,,,12880,15470,0,1,0,-180,0,0,2
20261003-175607,563.38,Vloxx,,,12760,15130,0,1,0,-180,0,0,2
20261003-175607,570.18,Aspect of the Sword,,,12320,15150,-251,0,,,,,0
20261003-175607,570.38,Aspect of the Sword,,,12080,15230,-251,0,,,,,0
20261003-175607,570.58,Aspect of the Sword,,,11850,15310,-251,0,,,,,0
20261003-175607,570.78,Aspect of the Sword,,,11610,15390,-251,0,,,,,0
20261003-175607,570.98,Aspect of the Sword,,,11370,15470,-251,0,,,,,0
20261003-175607,571.18,Aspect of the Sword,,,11140,15560,-251,0,,,,,0
20261003-175607,576.83,Vloxx,,,12290,15640,270,1,0,180,0,0,7
20261003-175607,576.83,Vloxx,,,12310,15670,270,1,0,180,0,0,7
20261003-175607,576.83,Vloxx,,,12230,15590,270,1,0,180,0,0,7
20261003-175607,577.34,Vloxx,,,12790,15960,180,1,0,-180,0,0,1
20261003-175607,577.34,Vloxx,,,12770,15940,180,1,0,-180,0,0,1
20261003-175607,577.34,Vloxx,,,12630,15980,180,1,0,-180,0,0,1
20261003-175607,577.86,Vloxx,,,12470,16420,90,1,0,-180,0,0,0
20261003-175607,577.86,Vloxx,,,12500,16440,90,1,0,-180,0,0,0
20261003-175607,577.86,Vloxx,,,12240,16390,90,1,0,-180,0,0,0
20261003-175607,578.38,Vloxx,,,11830,15990,0,1,0,-180,0,0,0
20261003-175607,578.38,Vloxx,,,11990,16120,0,1,0,-180,0,0,0
20261003-175607,578.38,Vloxx,,,12020,16150,0,1,0,-180,0,0,0
20261003-175607,591.82,Vloxx,,,12110,15300,270,1,0,180,0,0,0
20261003-175607,591.82,Vloxx,,,12190,15310,270,1,0,180,0,0,0
20261003-175607,591.82,Vloxx,,,12120,15280,270,1,0,180,0,0,0
20261003-175607,592.35,Vloxx,,,11650,15470,180,1,0,-180,0,0,7
20261003-175607,592.35,Vloxx,,,11580,15440,180,1,0,-180,0,0,7
20261003-175607,592.35,Vloxx,,,11610,15570,180,1,0,-180,0,0,7
20261003-175607,592.86,Vloxx,,,11340,15080,90,1,0,-180,0,0,0
20261003-175607,592.86,Vloxx,,,11490,14920,90,1,0,-180,0,0,0
20261003-175607,592.86,Vloxx,,,11420,14900,90,1,0,-180,0,0,0
20261003-175607,593.38,Vloxx,,,11830,14800,0,1,0,-180,0,0,0
20261003-175607,593.38,Vloxx,,,12040,14770,0,1,0,-180,0,0,0
20261003-175607,593.38,Vloxx,,,11960,14740,0,1,0,-180,0,0,0
20261003-211223,283.76,Aspect of the Sword,81326,5.1,12730,15580,77,0,,,,,0
20261003-211223,283.95,Aspect of the Sword,81326,5.3,12490,15520,77,0,,,,,0
20261003-211223,284.16,Aspect of the Sword,81326,5.5,12250,15470,77,0,,,,,9
20261003-211223,284.35,Aspect of the Sword,81326,5.7,12000,15410,77,0,,,,,0
20261003-211223,284.55,Aspect of the Sword,81326,5.9,11760,15350,77,0,,,,,0
20261003-211223,284.75,Aspect of the Sword,81326,6.1,11520,15290,77,0,,,,,0
20261003-211223,299.55,Aspect of the Sword,,,12350,15200,35,0,,,,,0
20261003-211223,299.76,Aspect of the Sword,,,12200,14990,35,0,,,,,0
20261003-211223,299.96,Aspect of the Sword,,,12060,14790,35,0,,,,,0
20261003-211223,300.15,Aspect of the Sword,,,11920,14580,35,0,,,,,0
20261003-211223,300.35,Aspect of the Sword,,,11770,14380,35,0,,,,,0
20261003-211223,300.55,Aspect of the Sword,,,11630,14170,35,0,,,,,0
20261003-211223,315.83,Aspect of the Sword,81326,7.4,12410,15310,-206,0,,,,,0
20261003-211223,316.03,Aspect of the Sword,81326,7.6,12300,15540,-206,0,,,,,0
20261003-211223,316.23,Aspect of the Sword,81326,7.8,12190,15760,-206,0,,,,,0
20261003-211223,316.44,Aspect of the Sword,81326,8.0,12080,15990,-206,0,,,,,0
20261003-211223,316.64,Aspect of the Sword,81326,8.2,11970,16210,-206,0,,,,,0
20261003-211223,316.83,Aspect of the Sword,81326,8.4,11860,16440,-206,0,,,,,0
20261003-211223,327.16,Vloxx,81053,4.8,13480,16900,388,1,0,180,0,0,6
20261003-211223,327.68,Vloxx,81053,5.3,13010,16290,388,1,0,180,0,0,1
20261003-211223,327.68,Vloxx,81053,5.3,12930,16750,298,1,0,-180,0,0,1
20261003-211223,328.20,Vloxx,81053,5.8,12450,16230,298,1,0,-180,0,0,1
20261003-211223,328.20,Vloxx,81053,5.8,13080,16210,208,1,0,-180,0,0,1
20261003-211223,328.60,Vloxx,81053,6.2,13480,17080,388,1,0,180,0,0,4
20261003-211223,328.72,Vloxx,81053,6.3,13620,16350,118,1,0,-180,0,0,4
20261003-211223,328.72,Vloxx,81053,6.3,12510,15670,208,1,0,-180,0,0,4
20261003-211223,329.12,Vloxx,81053,6.7,13070,16700,298,1,0,-180,0,0,1
20261003-211223,329.19,Vloxx,81053,6.8,13360,16870,388,1,0,180,0,0,1
20261003-211223,329.23,Vloxx,81053,6.8,13070,15730,118,1,0,-180,0,0,1
20261003-211223,329.63,Vloxx,81053,7.2,13460,16280,208,1,0,-180,0,0,0
20261003-211223,329.72,Vloxx,81053,7.3,13810,16520,298,1,0,-180,0,0,0
20261003-211223,330.15,Vloxx,81053,7.8,13870,16670,128,1,0,-170,1,-10,3
20261003-211223,330.23,Vloxx,81053,7.8,14160,16970,218,1,0,-170,1,-10,3
20261003-211223,330.75,Vloxx,81053,8.4,13710,17320,128,1,0,-170,1,-10,3
20261003-211223,334.20,Vloxx,81053,11.8,13430,16830,40,0,,,,,0
20261003-211223,334.40,Vloxx,,,13260,16640,40,0,,,,,0
20261003-211223,334.59,Vloxx,,,13100,16450,40,0,,,,,0
20261003-211223,334.79,Vloxx,,,12940,16260,40,0,,,,,0
20261003-211223,334.99,Vloxx,,,12780,16070,40,0,,,,,0
20261003-211223,335.19,Vloxx,,,12620,15880,40,0,,,,,0
20261003-211223,335.40,Vloxx,,,12450,15690,40,0,,,,,0
20261003-211223,335.59,Vloxx,,,12290,15500,40,0,,,,,0
20261003-211223,347.44,Vloxx,81053,4.8,13610,17010,97,1,0,180,0,0,7
20261003-211223,347.95,Vloxx,81053,5.3,13040,17040,7,1,0,-180,0,0,7
20261003-211223,347.95,Vloxx,81053,5.3,13630,16910,97,1,0,180,0,0,7
20261003-211223,348.47,Vloxx,81053,5.8,13170,17240,7,1,0,-180,0,0,8
20261003-211223,348.47,Vloxx,81053,5.8,13010,16470,-83,1,0,-180,0,0,8
20261003-211223,348.87,Vloxx,81053,6.2,13390,16700,97,1,0,180,0,0,1
20261003-211223,348.99,Vloxx,81053,6.3,12840,16780,-83,1,0,-180,0,0,1
20261003-211223,348.99,Vloxx,81053,6.3,13580,16440,-173,1,0,-180,0,0,1
20261003-211223,349.39,Vloxx,81053,6.7,13920,16900,7,1,0,-180,0,0,0
20261003-211223,349.47,Vloxx,81053,6.8,13350,16730,97,1,0,180,0,0,0
20261003-211223,349.51,Vloxx,81053,6.8,13300,16450,-173,1,0,-180,0,0,0
20261003-211223,349.91,Vloxx,81053,7.2,13730,17430,-83,1,0,-180,0,0,0
20261003-211223,349.99,Vloxx,81053,7.3,13910,16790,7,1,0,-180,0,0,0
20261003-211223,350.43,Vloxx,81053,7.8,13190,17230,-100,1,0,-107,1,-73,10
20261003-211223,350.51,Vloxx,81053,7.8,13850,17350,-10,1,0,-107,1,-73,10
20261003-211223,351.04,Vloxx,81053,8.4,13290,17290,-100,1,0,-107,1,-73,9
20261003-211223,352.67,Vloxx,81053,10.0,13460,16960,-190,0,,,,,0
20261003-211223,352.87,Vloxx,81053,10.2,13420,17210,-190,0,,,,,0
20261003-211223,353.07,Vloxx,81053,10.4,13380,17450,-190,0,,,,,0
20261003-211223,353.27,Vloxx,81053,10.6,13330,17700,-190,0,,,,,0
20261003-211223,353.47,Vloxx,81053,10.8,13290,17950,-190,0,,,,,0
20261003-211223,353.67,Vloxx,81053,11.0,13250,18190,-190,0,,,,,0
20261003-211223,353.87,Vloxx,81053,11.2,13210,18440,-190,0,,,,,0
20261003-211223,354.08,Vloxx,81053,11.4,13160,18680,27,0,,,,,0
20261003-211223,363.75,Vloxx,81053,4.8,13500,16800,433,1,0,-180,0,0,8
20261003-211223,364.27,Vloxx,81053,5.3,13770,17300,343,1,0,180,0,0,10
20261003-211223,364.27,Vloxx,81053,5.3,13550,16800,433,1,0,-180,0,0,10
20261003-211223,364.79,Vloxx,81053,5.8,13590,17370,343,1,0,180,0,0,2
20261003-211223,364.79,Vloxx,81053,5.8,13270,17560,253,1,0,180,0,0,2
20261003-211223,365.19,Vloxx,81053,6.2,13410,17050,433,1,0,-180,0,0,8
20261003-211223,365.31,Vloxx,81053,6.3,13000,17060,163,1,0,-180,0,0,8
20261003-211223,365.31,Vloxx,81053,6.3,13030,17410,253,1,0,180,0,0,8
20261003-211223,365.71,Vloxx,81053,6.7,13200,16520,343,1,0,180,0,0,8
20261003-211223,365.79,Vloxx,81053,6.8,13450,17000,433,1,0,-180,0,0,8
20261003-211223,365.83,Vloxx,81053,6.8,12980,16840,163,1,0,-180,0,0,8
20261003-211223,366.23,Vloxx,81053,7.2,13720,16310,253,1,0,180,0,0,1
20261003-211223,366.31,Vloxx,81053,7.3,13140,16530,343,1,0,180,0,0,1
20261003-211223,366.75,Vloxx,81053,7.8,13930,16840,163,1,0,-180,0,0,2
20261003-211223,366.83,Vloxx,81053,7.8,13600,16210,253,1,0,180,0,0,2
20261003-211223,367.36,Vloxx,81053,8.4,13920,16680,163,1,0,-180,0,0,4
20261003-211223,369.96,Aspect of the Sword,81326,5.1,13060,15770,-163,0,,,,,0
20261003-211223,370.15,Aspect of the Sword,81326,5.3,13130,16010,-163,0,,,,,0
20261003-211223,370.35,Aspect of the Sword,81326,5.5,13200,16250,-163,0,,,,,9
20261003-211223,370.55,Aspect of the Sword,81326,5.7,13280,16490,-163,0,,,,,0
20261003-211223,370.76,Aspect of the Sword,81326,5.9,13350,16730,-163,0,,,,,0
20261003-211223,370.95,Aspect of the Sword,81326,6.1,13420,16970,-163,0,,,,,0
20261003-211223,376.72,Vloxx,,,13470,16810,1,0,,,,,0
20261003-211223,376.91,Vloxx,,,13470,16560,1,0,,,,,0
20261003-211223,377.11,Vloxx,,,13460,16310,1,0,,,,,0
20261003-211223,377.31,Vloxx,,,13460,16060,1,0,,,,,0
20261003-211223,377.51,Vloxx,,,13460,15810,1,0,,,,,0
20261003-211223,377.71,Vloxx,,,13450,15560,1,0,,,,,0
20261003-211223,377.91,Vloxx,,,13450,15310,1,0,,,,,0
20261003-211223,378.11,Vloxx,,,13440,15060,1,0,,,,,0
20261003-211223,382.87,Vloxx,81053,4.8,13560,16610,330,1,0,-180,0,0,0
20261003-211223,383.39,Vloxx,81053,5.3,13300,16100,240,1,0,180,0,0,0
20261003-211223,383.39,Vloxx,81053,5.3,13520,16570,330,1,0,-180,0,0,0
20261003-211223,383.91,Vloxx,81053,5.8,13810,15850,150,1,0,180,0,0,0
20261003-211223,383.91,Vloxx,81053,5.8,13860,17020,240,1,0,180,0,0,0
20261003-211223,384.31,Vloxx,81053,6.2,13910,16570,330,1,0,-180,0,0,1
20261003-211223,384.43,Vloxx,81053,6.3,14070,16350,113,1,0,-127,1,0,1
20261003-211223,384.43,Vloxx,81053,6.3,13410,17370,203,1,0,-127,1,0,1
20261003-211223,384.83,Vloxx,81053,6.7,14000,16010,293,1,0,-127,1,-53,8
20261003-211223,384.91,Vloxx,81053,6.8,13780,16940,383,1,0,-127,1,-53,8
20261003-211223,384.95,Vloxx,81053,6.8,13070,16920,113,1,0,-127,1,-53,7
20261003-211223,385.35,Aspect of the Sword,,,13530,17150,-44,0,,,,,0
20261003-211223,385.35,Vloxx,81053,7.2,14560,16100,203,1,0,-127,1,-53,7
20261003-211223,385.43,Vloxx,81053,7.3,13310,17260,293,1,0,-127,1,-53,7
20261003-211223,385.55,Aspect of the Sword,,,13710,16970,-44,0,,,,,0
20261003-211223,385.75,Aspect of the Sword,,,13880,16790,-44,0,,,,,0
20261003-211223,385.88,Vloxx,81053,7.8,14470,16660,113,1,0,-127,1,-53,10
20261003-211223,385.95,Aspect of the Sword,,,14060,16610,-44,0,,,,,0
20261003-211223,385.95,Vloxx,81053,7.8,12990,16790,203,1,0,-127,1,-53,10
20261003-211223,386.15,Aspect of the Sword,,,14230,16430,-44,0,,,,,0
20261003-211223,386.35,Aspect of the Sword,,,14400,16250,-44,0,,,,,0
20261003-211223,386.47,Vloxx,81053,8.4,13460,16480,113,1,0,-180,0,-53,7
20261003-211223,386.76,Vloxx,81053,8.6,13440,16820,23,0,,,,,0
20261003-211223,386.95,Vloxx,81053,8.8,13350,16590,23,0,,,,,0
20261003-211223,387.15,Vloxx,81053,9.0,13250,16360,23,0,,,,,0
20261003-211223,387.35,Vloxx,81053,9.2,13150,16130,23,0,,,,,0
20261003-211223,387.55,Vloxx,81053,9.4,13050,15900,23,0,,,,,0
20261003-211223,387.75,Vloxx,81053,9.6,12950,15670,23,0,,,,,0
20261003-211223,387.95,Vloxx,81053,9.8,12850,15440,23,0,,,,,0
20261003-211223,388.15,Vloxx,81053,10.0,12750,15210,23,0,,,,,0
20261003-211223,401.47,Aspect of the Sword,81326,7.4,13300,16800,27,0,,,,,0
20261003-211223,401.67,Aspect of the Sword,81326,7.6,13190,16580,27,0,,,,,0
20261003-211223,401.87,Aspect of the Sword,81326,7.8,13080,16350,27,0,,,,,0
20261003-211223,402.07,Aspect of the Sword,81326,8.0,12970,16130,27,0,,,,,0
20261003-211223,402.26,Aspect of the Sword,81326,8.2,12860,15910,27,0,,,,,0
20261003-211223,402.47,Aspect of the Sword,81326,8.4,12740,15680,27,0,,,,,0
20261003-211223,411.51,Vloxx,81053,4.8,12020,15410,174,1,0,180,0,0,3
20261003-211223,412.03,Vloxx,81053,5.3,12180,15180,174,1,0,180,0,0,7
20261003-211223,412.03,Vloxx,81053,5.3,12240,14890,84,1,0,180,0,0,7
20261003-211223,412.55,Vloxx,81053,5.8,12760,15110,-6,1,0,-180,0,0,7
20261003-211223,412.55,Vloxx,81053,5.8,12670,15470,84,1,0,180,0,0,7
20261003-211223,412.95,Vloxx,81053,6.2,12280,15380,174,1,0,180,0,0,3
20261003-211223,413.07,Vloxx,81053,6.3,12370,15950,6,1,0,-168,1,0,3
20261003-211223,413.07,Vloxx,81053,6.3,12540,15630,-84,1,0,-168,1,0,3
20261003-211223,413.47,Vloxx,81053,6.7,11710,15410,96,1,0,-168,1,-12,5
20261003-211223,413.55,Vloxx,81053,6.8,12100,15390,186,1,0,-168,1,-12,5
20261003-211223,413.59,Vloxx,81053,6.8,11890,15660,-84,1,0,-168,1,-12,5
20261003-211223,413.99,Vloxx,81053,7.2,11690,14840,6,1,0,-168,1,-12,3
20261003-211223,414.07,Vloxx,81053,7.3,12260,14850,96,1,0,-168,1,-12,3
20261003-211223,414.51,Vloxx,81053,7.8,12250,14820,-84,1,0,-168,1,-12,4
20261003-211223,414.59,Vloxx,81053,7.8,12810,15010,6,1,0,-168,1,-12,4
20261003-211223,415.11,Vloxx,81053,8.4,12650,15550,-84,1,0,-180,0,-12,0
20261003-211223,417.07,Aspect of the Sword,,,12550,15310,-265,0,,,,,0
20261003-211223,417.28,Aspect of the Sword,,,12300,15330,-265,0,,,,,0
20261003-211223,417.48,Aspect of the Sword,,,12050,15350,-265,0,,,,,0
20261003-211223,417.51,Vloxx,81053,10.8,12250,15400,-154,0,,,,,0
20261003-211223,417.67,Aspect of the Sword,,,11800,15370,-265,0,,,,,0
20261003-211223,417.71,Vloxx,81053,11.0,12360,15620,-154,0,,,,,0
20261003-211223,417.87,Aspect of the Sword,,,11550,15390,-265,0,,,,,0
20261003-211223,417.91,Vloxx,81053,11.2,12470,15850,-154,0,,,,,0
20261003-211223,418.07,Aspect of the Sword,,,11310,15410,-265,0,,,,,0
20261003-211223,418.11,Vloxx,81053,11.4,12580,16070,-154,0,,,,,0
20261003-211223,418.31,Vloxx,81053,11.6,12690,16300,-154,0,,,,,0
20261003-211223,418.50,Vloxx,81053,11.8,12800,16520,-154,0,,,,,0
20261003-211223,418.71,Vloxx,81053,12.0,12910,16750,-154,0,,,,,0
20261003-211223,418.91,Vloxx,,,13020,16970,-154,0,,,,,0
20261003-211223,432.43,Vloxx,81053,4.8,12100,15600,102,1,0,-180,0,0,0
20261003-211223,432.95,Vloxx,81053,5.3,11700,15200,12,1,0,-180,0,0,0
20261003-211223,432.95,Vloxx,81053,5.3,12100,15560,102,1,0,-180,0,0,0
20261003-211223,433.03,Aspect of the Sword,81326,8.8,12260,15390,-204,0,,,,,0
20261003-211223,433.23,Aspect of the Sword,81326,9.0,12160,15620,-204,0,,,,,0
20261003-211223,433.43,Aspect of the Sword,81326,9.2,12050,15840,-204,0,,,,,0
20261003-211223,433.47,Vloxx,81053,5.8,12100,14800,-78,1,0,180,0,0,0
20261003-211223,433.47,Vloxx,81053,5.8,11680,15180,12,1,0,-180,0,0,0
20261003-211223,433.63,Aspect of the Sword,81326,9.4,11950,16070,-204,0,,,,,0
20261003-211223,433.83,Aspect of the Sword,81326,9.6,11840,16300,-204,0,,,,,0
20261003-211223,433.87,Vloxx,81053,6.2,12010,15660,102,1,0,-180,0,0,7
20261003-211223,433.99,Vloxx,81053,6.3,12060,14760,-61,1,0,-164,1,0,7
20261003-211223,433.99,Vloxx,81053,6.3,12500,15190,-151,1,0,-164,1,0,7
20261003-211223,434.02,Aspect of the Sword,81326,9.8,11740,16530,-204,0,,,,,0
20261003-211223,434.39,Vloxx,81053,6.7,11840,15120,29,1,0,-164,1,-16,7
20261003-211223,434.47,Vloxx,81053,6.8,12040,15650,119,1,0,-164,1,-16,7
20261003-211223,434.51,Vloxx,81053,6.8,12480,15140,-151,1,0,-164,1,-16,7
20261003-211223,434.91,Vloxx,81053,7.2,12380,14950,-61,1,0,-164,1,-16,0
20261003-211223,434.99,Vloxx,81053,7.3,11800,15140,29,1,0,-164,1,-16,0
20261003-211223,435.43,Vloxx,81053,7.8,12550,15490,-151,1,0,-164,1,-16,2
20261003-211223,435.51,Vloxx,81053,7.8,12310,14900,-61,1,0,-164,1,-16,2
20261003-211223,436.02,Vloxx,81053,8.4,12550,15410,-151,1,0,180,0,-16,0
20261003-211223,436.35,Vloxx,81053,8.7,12040,15530,-241,0,,,,,0
20261003-211223,436.55,Vloxx,81053,8.9,11820,15650,-241,0,,,,,0
20261003-211223,436.75,Vloxx,81053,9.1,11600,15770,-241,0,,,,,0
20261003-211223,436.95,Vloxx,81053,9.3,11380,15890,-241,0,,,,,0
20261003-211223,437.15,Vloxx,81053,9.5,11160,16010,-241,0,,,,,0
20261003-211223,437.35,Vloxx,81053,9.7,10940,16120,-241,0,,,,,0
20261003-211223,437.55,Vloxx,81053,9.9,10720,16240,-241,0,,,,,0
20261003-211223,437.75,Vloxx,81053,10.1,10500,16360,-241,0,,,,,0
20261003-211223,502.07,Aspect of the Sword,81326,6.6,12700,15590,89,0,,,,,0
20261003-211223,502.27,Aspect of the Sword,81326,6.8,12450,15590,89,0,,,,,0
20261003-211223,502.43,Vloxx,,,12430,15380,270,1,0,180,0,0,10
20261003-211223,502.44,Vloxx,,,12450,15380,270,1,0,180,0,0,10
20261003-211223,502.44,Vloxx,,,12530,15420,270,1,0,180,0,0,10
20261003-211223,502.47,Aspect of the Sword,81326,7.0,12200,15590,89,0,,,,,0
20261003-211223,502.67,Aspect of the Sword,81326,7.2,11950,15580,89,0,,,,,0
20261003-211223,502.87,Aspect of the Sword,81326,7.4,11700,15580,89,0,,,,,0
20261003-211223,502.95,Vloxx,,,12920,15090,180,1,0,-180,0,0,8
20261003-211223,502.95,Vloxx,,,12930,15070,180,1,0,-180,0,0,8
20261003-211223,502.95,Vloxx,,,13030,15140,180,1,0,-180,0,0,8
20261003-211223,503.06,Aspect of the Sword,81326,7.6,11450,15580,89,0,,,,,0
20261003-211223,503.47,Vloxx,,,13200,15580,90,1,0,-180,0,0,2
20261003-211223,503.47,Vloxx,,,13300,15640,90,1,0,-180,0,0,2
20261003-211223,503.47,Vloxx,,,13230,15540,90,1,0,-180,0,0,2
20261003-211223,503.98,Vloxx,,,12810,15910,0,1,0,-180,0,0,1
20261003-211223,503.98,Vloxx,,,12720,15870,0,1,0,-180,0,0,1
20261003-211223,503.98,Vloxx,,,12760,15850,0,1,0,-180,0,0,1
20261003-211223,517.43,Vloxx,,,12080,15320,270,1,0,180,0,0,0
20261003-211223,517.43,Vloxx,,,12210,15330,270,1,0,180,0,0,0
20261003-211223,517.43,Vloxx,,,12190,15330,270,1,0,180,0,0,0
20261003-211223,517.83,Aspect of the Sword,,,11800,14980,-145,0,,,,,0
20261003-211223,517.95,Vloxx,,,11860,15790,180,1,0,-180,0,0,2
20261003-211223,517.95,Vloxx,,,11820,15740,180,1,0,-180,0,0,2
20261003-211223,517.95,Vloxx,,,11660,15700,180,1,0,-180,0,0,2
20261003-211223,518.03,Aspect of the Sword,,,11940,15180,-145,0,,,,,0
20261003-211223,518.22,Aspect of the Sword,,,12080,15380,-145,0,,,,,0
20261003-211223,518.42,Aspect of the Sword,,,12230,15590,-145,0,,,,,0
20261003-211223,518.46,Vloxx,,,11400,15450,90,1,0,-180,0,0,0
20261003-211223,518.46,Vloxx,,,11410,15340,90,1,0,-180,0,0,0
20261003-211223,518.47,Vloxx,,,11280,15280,90,1,0,-180,0,0,0
20261003-211223,518.62,Aspect of the Sword,,,12370,15790,-145,0,,,,,0
20261003-211223,518.83,Aspect of the Sword,,,12520,16000,-145,0,,,,,0
20261003-211223,518.99,Vloxx,,,11800,14940,0,1,0,-180,0,0,0
20261003-211223,518.99,Vloxx,,,11700,14900,0,1,0,-180,0,0,0
20261003-211223,518.99,Vloxx,,,11740,15000,0,1,0,-180,0,0,0
20261003-211223,532.43,Vloxx,,,12310,15370,270,1,0,180,0,0,9
20261003-211223,532.43,Vloxx,,,12140,15360,270,1,0,180,0,0,9
20261003-211223,532.43,Vloxx,,,12210,15330,270,1,0,180,0,0,9
20261003-211223,532.95,Vloxx,,,12840,15180,180,1,0,-180,0,0,9
20261003-211223,532.95,Vloxx,,,12550,14880,180,1,0,-180,0,0,9
20261003-211223,532.95,Vloxx,,,12370,14840,180,1,0,-180,0,0,9
20261003-211223,533.47,Vloxx,,,13030,15720,90,1,0,-180,0,0,1
20261003-211223,533.47,Vloxx,,,13000,15210,90,1,0,-180,0,0,1
20261003-211223,533.47,Vloxx,,,12890,15060,90,1,0,-180,0,0,1
20261003-211223,533.99,Vloxx,,,12490,15900,0,1,0,-180,0,0,0
20261003-211223,533.99,Vloxx,,,12660,15670,0,1,0,-180,0,0,0
20261003-211223,533.99,Vloxx,,,12660,15580,0,1,0,-180,0,0,0
20261003-211223,534.39,Aspect of the Sword,81326,9.4,12140,15170,-43,0,,,,,0
20261003-211223,534.58,Aspect of the Sword,81326,9.6,12310,14990,-43,0,,,,,0
20261003-211223,534.79,Aspect of the Sword,81326,9.8,12470,14810,-43,0,,,,,0
20261003-211223,534.99,Aspect of the Sword,81326,10.0,12640,14620,-43,0,,,,,0
20261003-211223,535.19,Aspect of the Sword,81326,10.2,12810,14440,-43,0,,,,,0
20261003-211223,535.38,Aspect of the Sword,81326,10.4,12980,14250,-43,0,,,,,0
20261003-211223,547.43,Vloxx,,,12120,15140,270,1,0,180,0,0,1
20261003-211223,547.43,Vloxx,,,12250,15540,270,1,0,180,0,0,1
20261003-211223,547.43,Vloxx,,,12270,15130,270,1,0,180,0,0,1
20261003-211223,547.95,Vloxx,,,12700,15890,180,1,0,-180,0,0,3
20261003-211223,547.95,Vloxx,,,12660,15300,180,1,0,-180,0,0,3
20261003-211223,547.95,Vloxx,,,12570,15610,180,1,0,-180,0,0,3
20261003-211223,548.46,Vloxx,,,12510,15840,90,1,0,-180,0,0,5
20261003-211223,548.46,Vloxx,,,12090,15910,90,1,0,-180,0,0,5
20261003-211223,548.46,Vloxx,,,12350,16330,90,1,0,-180,0,0,5
20261003-213542,273.38,Aspect of the Sword,81326,5.0,13090,15650,-44,0,,,,,0
20261003-213542,273.59,Aspect of the Sword,81326,5.2,13260,15470,-44,0,,,,,0
20261003-213542,273.79,Aspect of the Sword,81326,5.4,13440,15290,-44,0,,,,,5
20261003-213542,273.99,Aspect of the Sword,81326,5.6,13610,15110,-44,0,,,,,0
20261003-213542,274.19,Aspect of the Sword,81326,5.8,13780,14930,-44,0,,,,,0
20261003-213542,274.39,Aspect of the Sword,81326,6.0,13960,14750,-44,0,,,,,0
20261003-213542,289.23,Aspect of the Sword,,,13170,15080,-115,0,,,,,0
20261003-213542,289.42,Aspect of the Sword,,,13400,15190,-115,0,,,,,0
20261003-213542,289.63,Aspect of the Sword,,,13620,15290,-115,0,,,,,0
20261003-213542,289.82,Aspect of the Sword,,,13850,15400,-115,0,,,,,0
20261003-213542,290.03,Aspect of the Sword,,,14070,15510,-115,0,,,,,0
20261003-213542,290.23,Aspect of the Sword,,,14300,15610,-115,0,,,,,0
20261003-213542,304.55,Aspect of the Sword,81326,6.8,12460,14900,66,0,,,,,0
20261003-213542,304.74,Aspect of the Sword,81326,7.0,12230,14800,66,0,,,,,0
20261003-213542,304.94,Aspect of the Sword,81326,7.2,12010,14700,66,0,,,,,0
20261003-213542,305.15,Aspect of the Sword,81326,7.4,11780,14600,66,0,,,,,0
20261003-213542,305.35,Aspect of the Sword,81326,7.6,11550,14500,66,0,,,,,0
20261003-213542,305.55,Aspect of the Sword,81326,7.8,11320,14400,66,0,,,,,0
20261003-213542,320.43,Aspect of the Sword,,,12890,14910,-77,0,,,,,0
20261003-213542,320.63,Aspect of the Sword,,,13140,14850,-77,0,,,,,0
20261003-213542,320.83,Aspect of the Sword,,,13380,14800,-77,0,,,,,0
20261003-213542,321.03,Aspect of the Sword,,,13620,14740,-77,0,,,,,0
20261003-213542,321.23,Aspect of the Sword,,,13870,14690,-77,0,,,,,0
20261003-213542,321.43,Aspect of the Sword,,,14110,14630,-77,0,,,,,0
20261003-213542,322.31,Vloxx,81053,4.8,14030,14410,102,1,0,-180,0,0,6
20261003-213542,322.83,Vloxx,81053,5.3,14080,14460,102,1,0,-180,0,0,3
20261003-213542,322.83,Vloxx,81053,5.3,13820,14940,12,1,0,-180,0,0,3
20261003-213542,323.35,Vloxx,81053,5.8,13290,14730,-78,1,0,180,0,0,0
20261003-213542,323.35,Vloxx,81053,5.8,13540,14640,12,1,0,-180,0,0,0
20261003-213542,323.75,Vloxx,81053,6.2,13840,14300,102,1,0,-180,0,0,1
20261003-213542,323.88,Vloxx,81053,6.3,13510,14200,-168,1,0,180,0,0,1
20261003-213542,323.88,Vloxx,81053,6.3,13360,14100,-78,1,0,180,0,0,1
20261003-213542,324.27,Vloxx,81053,6.7,13280,14380,12,1,0,-180,0,0,6
20261003-213542,324.35,Vloxx,81053,6.8,14000,14370,102,1,0,-180,0,0,6
20261003-213542,324.38,Vloxx,81053,6.8,13900,13920,-168,1,0,180,0,0,6
20261003-213542,324.78,Vloxx,81053,7.2,13190,13820,-78,1,0,180,0,0,2
20261003-213542,324.87,Vloxx,81053,7.3,13530,14050,12,1,0,-180,0,0,2
20261003-213542,325.30,Vloxx,81053,7.8,13750,13740,87,1,0,76,1,104,3
20261003-213542,325.39,Vloxx,81053,7.8,13850,13580,177,1,0,76,1,104,3
20261003-213542,325.91,Vloxx,81053,8.4,14320,13910,87,1,0,76,1,104,8
20261003-213542,329.62,Vloxx,,,14000,14350,7,0,,,,,0
20261003-213542,329.82,Vloxx,,,13970,14100,7,0,,,,,0
20261003-213542,330.03,Vloxx,,,13930,13850,7,0,,,,,0
20261003-213542,330.22,Vloxx,,,13900,13600,7,0,,,,,0
20261003-213542,330.43,Vloxx,,,13870,13360,7,0,,,,,0
20261003-213542,330.63,Vloxx,,,13840,13110,7,0,,,,,0
20261003-213542,330.84,Vloxx,,,13810,12860,7,0,,,,,0
20261003-213542,331.02,Vloxx,,,13780,12610,7,0,,,,,0
20261003-213542,335.98,Aspect of the Sword,81326,8.8,13770,14230,-151,0,,,,,0
20261003-213542,336.20,Aspect of the Sword,81326,9.0,13890,14450,-151,0,,,,,0
20261003-213542,336.38,Aspect of the Sword,81326,9.2,14010,14670,-151,0,,,,,0
20261003-213542,336.59,Aspect of the Sword,81326,9.4,14120,14890,-151,0,,,,,0
20261003-213542,336.79,Aspect of the Sword,81326,9.6,14240,15110,-151,0,,,,,0
20261003-213542,336.98,Aspect of the Sword,81326,9.8,14360,15330,-151,0,,,,,0
20261003-213542,342.99,Vloxx,81053,4.8,14170,14390,428,1,0,-180,0,0,10
20261003-213542,343.51,Vloxx,81053,5.3,14290,14210,428,1,0,-180,0,0,10
20261003-213542,343.51,Vloxx,81053,5.3,13850,14860,338,1,0,-180,0,0,10
20261003-213542,344.03,Vloxx,81053,5.8,13390,14550,248,1,0,180,0,0,9
20261003-213542,344.03,Vloxx,81053,5.8,14210,14770,338,1,0,-180,0,0,9
20261003-213542,344.43,Vloxx,81053,6.2,14170,14270,428,1,0,-180,0,0,10
20261003-213542,344.55,Vloxx,81053,6.3,13650,14690,248,1,0,180,0,0,10
20261003-213542,344.55,Vloxx,81053,6.3,13700,14080,158,1,0,180,0,0,10
20261003-213542,344.95,Vloxx,81053,6.7,14160,14830,338,1,0,-180,0,0,9
20261003-213542,345.03,Vloxx,81053,6.8,13970,14680,428,1,0,-180,0,0,9
20261003-213542,345.06,Vloxx,81053,6.8,13730,14130,158,1,0,180,0,0,9
20261003-213542,345.47,Vloxx,81053,7.2,13600,14830,248,1,0,180,0,0,8
20261003-213542,345.55,Vloxx,81053,7.3,13630,14220,338,1,0,-180,0,0,8
20261003-213542,346.00,Vloxx,81053,7.8,13600,14260,-132,1,0,-109,1,-70,7
20261003-213542,346.07,Vloxx,81053,7.9,14090,13890,-42,1,0,-110,1,-70,7
20261003-213542,346.59,Vloxx,81053,8.4,14420,14340,-132,1,0,-109,1,-70,0
20261003-213542,348.07,Vloxx,81053,9.9,13960,14480,-222,0,,,,,0
20261003-213542,348.27,Vloxx,81053,10.0,13790,14670,-222,0,,,,,0
20261003-213542,348.47,Vloxx,81053,10.2,13620,14850,-222,0,,,,,0
20261003-213542,348.67,Vloxx,81053,10.4,13460,15040,-222,0,,,,,0
20261003-213542,348.87,Vloxx,81053,10.6,13290,15230,-222,0,,,,,0
20261003-213542,349.07,Vloxx,81053,10.8,13120,15410,-222,0,,,,,0
20261003-213542,349.27,Vloxx,81053,11.0,12960,15600,-222,0,,,,,0
20261003-213542,349.47,Vloxx,81053,11.2,12790,15790,-242,0,,,,,0
20261003-213542,351.70,Aspect of the Sword,,,14090,14670,12,0,,,,,0
20261003-213542,351.90,Aspect of the Sword,,,14040,14420,12,0,,,,,0
20261003-213542,352.11,Aspect of the Sword,,,13990,14180,12,0,,,,,0
20261003-213542,352.31,Aspect of the Sword,,,13940,13930,12,0,,,,,0
20261003-213542,352.51,Aspect of the Sword,,,13890,13690,12,0,,,,,0
20261003-213542,352.70,Aspect of the Sword,,,13840,13440,12,0,,,,,0
20261003-213542,356.79,Vloxx,,,13930,14430,-264,0,,,,,0
20261003-213542,356.99,Vloxx,,,13680,14460,-264,0,,,,,0
20261003-213542,357.18,Vloxx,,,13430,14490,-264,0,,,,,0
20261003-213542,357.38,Vloxx,,,13190,14520,-264,0,,,,,0
20261003-213542,357.58,Vloxx,,,12940,14540,-264,0,,,,,0
20261003-213542,357.78,Vloxx,,,12690,14570,-264,0,,,,,0
20261003-213542,357.98,Vloxx,,,12440,14600,-264,0,,,,,0
20261003-213542,358.18,Vloxx,81053,0.1,12190,14630,-264,0,,,,,0
20261003-213542,362.87,Vloxx,81053,4.8,14030,14220,96,1,0,-180,0,0,2
20261003-213542,363.39,Vloxx,81053,5.3,13910,14430,96,1,0,-180,0,0,7
20261003-213542,363.39,Vloxx,81053,5.3,14380,14670,6,1,0,-180,0,0,7
20261003-213542,363.90,Vloxx,81053,5.8,13560,14880,6,1,0,-180,0,0,4
20261003-213542,363.90,Vloxx,81053,5.8,13940,15020,-84,1,0,180,0,0,4
20261003-213542,364.30,Vloxx,81053,6.2,13840,14410,96,1,0,-180,0,0,8
20261003-213542,364.43,Vloxx,81053,6.3,13590,14580,-164,1,0,-170,0,0,4
20261003-213542,364.43,Vloxx,81053,6.3,13110,14520,-74,1,0,-170,0,0,4
20261003-213542,364.82,Vloxx,81053,6.7,13410,14770,16,1,0,-170,0,-10,7
20261003-213542,364.91,Vloxx,81053,6.8,14070,14470,106,1,0,-170,0,-10,8
20261003-213542,364.95,Vloxx,81053,6.8,13470,14080,-164,1,0,-170,0,-10,8
20261003-213542,365.35,Vloxx,81053,7.2,13040,14340,-74,1,0,-170,0,-10,7
20261003-213542,365.42,Vloxx,81053,7.3,13510,14560,16,1,0,-170,0,-10,7
20261003-213542,365.87,Vloxx,81053,7.8,13470,13980,-164,1,0,-170,0,-10,7
20261003-213542,365.94,Vloxx,81053,7.8,13410,14000,-74,1,0,-170,0,-10,7
20261003-213542,366.46,Vloxx,81053,8.4,13970,13910,-164,1,0,-180,0,-10,6
20261003-213542,371.19,Aspect of the Sword,,,14060,14690,42,0,,,,,0
20261003-213542,371.39,Aspect of the Sword,,,13890,14500,42,0,,,,,0
20261003-213542,371.59,Aspect of the Sword,,,13720,14320,42,0,,,,,0
20261003-213542,371.79,Aspect of the Sword,,,13560,14130,42,0,,,,,0
20261003-213542,371.98,Aspect of the Sword,,,13390,13950,42,0,,,,,0
20261003-213542,372.18,Aspect of the Sword,,,13220,13760,42,0,,,,,0
20261003-213542,375.59,Vloxx,,,13940,14380,54,0,,,,,0
20261003-213542,375.79,Vloxx,,,13740,14230,54,0,,,,,0
20261003-213542,375.98,Vloxx,,,13540,14090,54,0,,,,,0
20261003-213542,376.18,Vloxx,,,13330,13940,54,0,,,,,0
20261003-213542,376.38,Vloxx,,,13130,13800,54,0,,,,,0
20261003-213542,376.59,Vloxx,,,12930,13650,54,0,,,,,0
20261003-213542,376.79,Vloxx,,,12720,13510,54,0,,,,,0
20261003-213542,376.99,Vloxx,81053,0.0,12520,13360,56,0,,,,,0
20261003-213542,381.71,Vloxx,81053,4.8,13780,14360,416,1,0,180,0,0,0
20261003-213542,382.23,Vloxx,81053,5.3,14270,14080,326,1,0,-180,0,0,0
20261003-213542,382.23,Vloxx,81053,5.3,13770,14200,416,1,0,180,0,0,0
20261003-213542,382.75,Vloxx,81053,5.8,14340,14190,326,1,0,-180,0,0,0
20261003-213542,382.75,Vloxx,81053,5.8,14550,14580,236,1,0,-180,0,0,0
20261003-213542,383.14,Vloxx,81053,6.2,14030,14150,416,1,0,180,0,0,0
20261003-213542,383.27,Vloxx,81053,6.3,14350,14760,236,1,0,-180,0,0,0
20261003-213542,383.27,Vloxx,81053,6.3,14050,14850,146,1,0,-180,0,0,0
20261003-213542,383.67,Vloxx,81053,6.7,14390,14580,30,1,0,-117,1,-63,10
20261003-213542,383.75,Vloxx,81053,6.8,14040,14250,120,1,0,-117,1,-63,10
20261003-213542,383.78,Vloxx,81053,6.8,13780,14760,-150,1,0,-117,1,-63,10
20261003-213542,384.19,Vloxx,81053,7.2,13960,14940,-60,1,0,-117,1,-63,10
20261003-213542,384.27,Vloxx,81053,7.3,14350,14730,30,1,0,-117,1,-63,10
20261003-213542,384.71,Vloxx,81053,7.8,13600,14510,-150,1,0,-117,1,-63,10
20261003-213542,384.79,Vloxx,81053,7.8,13870,15030,-60,1,0,-117,1,-63,10
20261003-213542,385.30,Vloxx,81053,8.4,13570,14560,-150,1,0,-180,0,-63,8
20261003-213542,385.67,Vloxx,81053,8.7,13940,14460,-240,0,,,,,0
20261003-213542,385.86,Vloxx,81053,8.9,13720,14580,-240,0,,,,,0
20261003-213542,386.06,Vloxx,81053,9.1,13510,14710,-240,0,,,,,0
20261003-213542,386.27,Vloxx,81053,9.3,13290,14830,-240,0,,,,,0
20261003-213542,386.46,Vloxx,81053,9.5,13070,14960,-240,0,,,,,0
20261003-213542,386.67,Vloxx,81053,9.7,12860,15080,-240,0,,,,,0
20261003-213542,386.86,Vloxx,81053,9.9,12640,15200,-240,0,,,,,0
20261003-213542,387.07,Vloxx,81053,10.1,12420,15330,-240,0,,,,,0
20261003-213542,409.82,Vloxx,81053,4.7,12160,15340,308,1,0,-180,0,0,6
20261003-213542,410.35,Vloxx,81053,5.3,12170,15090,308,1,0,-180,0,0,6
20261003-213542,410.35,Vloxx,81053,5.3,12450,14850,218,1,0,-180,0,0,6
20261003-213542,410.86,Vloxx,81053,5.8,12650,15390,218,1,0,-180,0,0,3
20261003-213542,410.86,Vloxx,81053,5.8,12940,15140,128,1,0,-180,0,0,3
20261003-213542,411.26,Vloxx,81053,6.2,12130,15360,308,1,0,-180,0,0,10
20261003-213542,411.38,Vloxx,81053,6.3,12350,15870,104,1,0,157,1,23,10
20261003-213542,411.38,Vloxx,81053,6.3,12650,15620,14,1,0,157,1,23,10
20261003-213542,411.79,Vloxx,81053,6.7,12370,14850,194,1,0,157,1,23,9
20261003-213542,411.86,Vloxx,81053,6.8,12210,15180,284,1,0,157,1,23,9
20261003-213542,411.90,Vloxx,81053,6.8,11870,15570,14,1,0,157,1,23,9
20261003-213542,412.31,Vloxx,81053,7.2,12880,15090,104,1,0,157,1,23,3
20261003-213542,412.39,Vloxx,81053,7.3,12640,15550,194,1,0,157,1,23,3
20261003-213542,412.82,Vloxx,81053,7.7,12640,15600,14,1,0,157,1,23,6
20261003-213542,412.90,Vloxx,81053,7.8,12270,15980,104,1,0,157,1,23,6
20261003-213542,413.42,Vloxx,81053,8.3,11840,15610,14,1,0,-180,0,0,4
20261003-213542,415.75,Vloxx,81053,10.7,12290,15310,-76,0,,,,,0
20261003-213542,415.94,Vloxx,81053,10.9,12540,15250,-76,0,,,,,0
20261003-213542,416.15,Vloxx,81053,11.1,12780,15180,-76,0,,,,,0
20261003-213542,416.34,Vloxx,81053,11.3,13020,15120,-76,0,,,,,0
20261003-213542,416.55,Vloxx,81053,11.5,13260,15060,-76,0,,,,,0
20261003-213542,416.74,Vloxx,81053,11.7,13500,15000,-76,0,,,,,0
20261003-213542,416.95,Vloxx,81053,11.9,13750,14940,-76,0,,,,,0
20261003-213542,417.14,Vloxx,,,13990,14880,-76,0,,,,,0
20261003-213542,428.19,Aspect of the Sword,81326,5.0,12950,15670,70,0,,,,,0
20261003-213542,428.39,Aspect of the Sword,81326,5.2,12710,15580,70,0,,,,,0
20261003-213542,428.58,Aspect of the Sword,81326,5.4,12480,15490,70,0,,,,,0
20261003-213542,428.78,Aspect of the Sword,81326,5.6,12240,15410,70,0,,,,,0
20261003-213542,428.99,Aspect of the Sword,81326,5.8,12010,15320,70,0,,,,,0
20261003-213542,429.18,Aspect of the Sword,81326,6.0,11770,15240,70,0,,,,,0
20261003-213542,430.82,Vloxx,81053,4.8,12230,15260,105,1,0,-180,0,0,7
20261003-213542,431.35,Vloxx,81053,5.3,12590,15690,15,1,0,180,0,0,5
20261003-213542,431.35,Vloxx,81053,5.3,12230,15170,105,1,0,-180,0,0,5
20261003-213542,431.86,Vloxx,81053,5.8,12160,16050,-75,1,0,180,0,0,5
20261003-213542,431.86,Vloxx,81053,5.8,12610,15580,15,1,0,180,0,0,5
20261003-213542,432.26,Vloxx,81053,6.2,12080,15220,105,1,0,-180,0,0,4
20261003-213542,432.38,Vloxx,81053,6.3,11800,15620,-100,1,0,-115,1,0,10
20261003-213542,432.38,Vloxx,81053,6.3,12200,15970,-10,1,0,-115,1,0,10
20261003-213542,432.78,Vloxx,81053,6.7,12640,15130,80,1,0,-115,1,-65,9
20261003-213542,432.86,Vloxx,81053,6.8,12220,15290,170,1,0,-115,1,-65,9
20261003-213542,432.90,Vloxx,81053,6.8,11810,15550,-100,1,0,-115,1,-65,9
20261003-213542,433.31,Vloxx,81053,7.2,12730,15690,-10,1,0,-115,1,-65,3
20261003-213542,433.39,Vloxx,81053,7.3,12670,15620,80,1,0,-115,1,-65,3
20261003-213542,433.83,Vloxx,81053,7.8,12170,15780,-100,1,0,-115,1,-65,3
20261003-213542,433.90,Vloxx,81053,7.8,12340,16080,-10,1,0,-115,1,-65,3
20261003-213542,434.42,Vloxx,81053,8.4,11890,15750,-100,1,0,-180,0,-65,10
20261003-213542,434.74,Vloxx,81053,8.7,12210,15400,-190,0,,,,,0
20261003-213542,434.94,Vloxx,81053,8.9,12160,15650,-190,0,,,,,0
20261003-213542,435.14,Vloxx,81053,9.1,12120,15890,-190,0,,,,,0
20261003-213542,435.34,Vloxx,81053,9.3,12080,16140,-190,0,,,,,0
20261003-213542,435.55,Vloxx,81053,9.5,12030,16380,-190,0,,,,,0
20261003-213542,435.74,Vloxx,81053,9.7,11990,16630,-190,0,,,,,0
20261003-213542,435.94,Vloxx,81053,9.9,11950,16880,-190,0,,,,,0
20261003-213542,436.14,Vloxx,81053,10.1,11900,17120,-190,0,,,,,0
20261003-213542,443.74,Vloxx,,,12150,15350,-247,0,,,,,0
20261003-213542,443.82,Aspect of the Sword,,,11810,15430,-154,0,,,,,0
20261003-213542,443.94,Vloxx,,,11920,15450,-247,0,,,,,0
20261003-213542,444.02,Aspect of the Sword,,,11920,15650,-154,0,,,,,0
20261003-213542,444.14,Vloxx,,,11690,15550,-247,0,,,,,0
20261003-213542,444.22,Aspect of the Sword,,,12030,15880,-154,0,,,,,0
20261003-213542,444.35,Vloxx,,,11460,15640,-247,0,,,,,0
20261003-213542,444.42,Aspect of the Sword,,,12140,16100,-154,0,,,,,0
20261003-213542,444.54,Vloxx,,,11230,15740,-247,0,,,,,0
20261003-213542,444.62,Aspect of the Sword,,,12250,16330,-154,0,,,,,0
20261003-213542,444.74,Vloxx,,,11000,15840,-247,0,,,,,0
20261003-213542,444.82,Aspect of the Sword,,,12350,16550,-154,0,,,,,0
20261003-213542,444.95,Vloxx,,,10770,15940,-247,0,,,,,0
20261003-213542,445.14,Vloxx,,,10540,16030,-235,0,,,,,0
20261003-213542,460.10,Aspect of the Sword,81326,7.6,11790,15470,-213,0,,,,,0
20261003-213542,460.30,Aspect of the Sword,81326,7.8,11660,15680,-213,0,,,,,0
20261003-213542,460.50,Aspect of the Sword,81326,8.0,11520,15890,-213,0,,,,,0
20261003-213542,460.70,Aspect of the Sword,81326,8.2,11390,16100,-213,0,,,,,0
20261003-213542,460.90,Aspect of the Sword,81326,8.4,11250,16310,-213,0,,,,,0
20261003-213542,461.10,Aspect of the Sword,81326,8.6,11110,16520,-213,0,,,,,0
20261003-214253,269.39,Aspect of the Sword,81326,5.1,12910,15430,2,0,,,,,0
20261003-214253,269.60,Aspect of the Sword,81326,5.3,12900,15180,2,0,,,,,0
20261003-214253,269.80,Aspect of the Sword,81326,5.5,12890,14930,2,0,,,,,0
20261003-214253,269.99,Aspect of the Sword,81326,5.7,12880,14680,2,0,,,,,0
20261003-214253,270.19,Aspect of the Sword,81326,5.9,12870,14430,2,0,,,,,0
20261003-214253,270.39,Aspect of the Sword,81326,6.1,12860,14180,2,0,,,,,0
20261003-214253,287.11,Aspect of the Sword,,,12400,14930,-201,0,,,,,0
20261003-214253,287.31,Aspect of the Sword,,,12310,15170,-201,0,,,,,0
20261003-214253,287.51,Aspect of the Sword,,,12220,15400,-201,0,,,,,0
20261003-214253,287.71,Aspect of the Sword,,,12130,15630,-201,0,,,,,0
20261003-214253,287.91,Aspect of the Sword,,,12040,15860,-201,0,,,,,0
20261003-214253,288.11,Aspect of the Sword,,,11950,16100,-201,0,,,,,0
20261003-214253,303.47,Aspect of the Sword,81326,9.6,12080,15140,-147,0,,,,,0
20261003-214253,303.67,Aspect of the Sword,81326,9.8,12220,15350,-147,0,,,,,0
20261003-214253,303.86,Aspect of the Sword,81326,10.0,12360,15560,-147,0,,,,,0
20261003-214253,304.07,Aspect of the Sword,81326,10.2,12490,15770,-147,0,,,,,0
20261003-214253,304.27,Aspect of the Sword,81326,10.4,12630,15980,-147,0,,,,,0
20261003-214253,304.47,Aspect of the Sword,81326,10.6,12760,16190,-147,0,,,,,0
20261003-214253,313.55,Vloxx,81053,4.8,13090,17130,379,1,0,-180,0,0,10
20261003-214253,314.07,Vloxx,81053,5.3,13090,17190,379,1,0,-180,0,0,9
20261003-214253,314.07,Vloxx,81053,5.3,12640,16780,289,1,0,-180,0,0,9
20261003-214253,314.58,Vloxx,81053,5.8,12990,16340,199,1,0,180,0,0,3
20261003-214253,314.58,Vloxx,81053,5.8,12640,16860,289,1,0,-180,0,0,3
20261003-214253,314.99,Vloxx,81053,6.2,12960,17210,379,1,0,-180,0,0,4
20261003-214253,315.11,Vloxx,81053,6.3,12970,16400,199,1,0,180,0,0,4
20261003-214253,315.11,Vloxx,81053,6.3,13440,16690,109,1,0,180,0,0,4
20261003-214253,315.51,Vloxx,81053,6.7,13080,16660,289,1,0,-180,0,0,3
20261003-214253,315.59,Vloxx,81053,6.8,13120,17140,379,1,0,-180,0,0,4
20261003-214253,315.63,Vloxx,81053,6.8,13430,16730,109,1,0,180,0,0,4
20261003-214253,316.03,Vloxx,81053,7.2,13640,16780,199,1,0,180,0,0,5
20261003-214253,316.11,Vloxx,81053,7.3,12640,17430,289,1,0,-180,0,0,5
20261003-214253,316.55,Vloxx,81053,7.8,13510,17330,109,1,0,180,0,0,7
20261003-214253,316.63,Vloxx,81053,7.8,12350,16940,199,1,0,180,0,0,7
20261003-214253,317.15,Vloxx,81053,8.4,12830,16650,-144,1,0,-73,1,-107,1
20261003-214253,318.90,Aspect of the Sword,,,13180,17060,-213,0,,,,,0
20261003-214253,319.10,Aspect of the Sword,,,13040,17270,-213,0,,,,,0
20261003-214253,319.31,Aspect of the Sword,,,12910,17480,-213,0,,,,,0
20261003-214253,319.51,Aspect of the Sword,,,12770,17690,-213,0,,,,,0
20261003-214253,319.71,Aspect of the Sword,,,12640,17900,-213,0,,,,,0
20261003-214253,319.91,Aspect of the Sword,,,12500,18110,-213,0,,,,,0
20261003-214253,321.14,Vloxx,,,13020,17170,-242,0,,,,,0
20261003-214253,321.35,Vloxx,,,12800,17280,-242,0,,,,,0
20261003-214253,321.55,Vloxx,,,12580,17400,-242,0,,,,,0
20261003-214253,321.74,Vloxx,,,12350,17510,-242,0,,,,,0
20261003-214253,321.95,Vloxx,,,12130,17630,-242,0,,,,,0
20261003-214253,322.15,Vloxx,,,11910,17740,-242,0,,,,,0
20261003-214253,322.35,Vloxx,,,11690,17860,-242,0,,,,,0
20261003-214253,322.54,Vloxx,,,11470,17980,53,0,,,,,0
20261003-214253,333.51,Vloxx,81053,4.8,12950,17070,106,1,0,-180,0,0,0
20261003-214253,334.03,Vloxx,81053,5.3,12470,16770,16,1,0,-180,0,0,0
20261003-214253,334.03,Vloxx,81053,5.3,12830,17180,106,1,0,-180,0,0,0
20261003-214253,334.55,Aspect of the Sword,81326,9.0,13260,16830,75,0,,,,,0
20261003-214253,334.55,Vloxx,81053,5.8,12760,16290,-74,1,0,180,0,0,0
20261003-214253,334.55,Vloxx,81053,5.8,12670,16640,16,1,0,-180,0,0,0
20261003-214253,334.75,Aspect of the Sword,81326,9.2,13020,16770,75,0,,,,,0
20261003-214253,334.94,Aspect of the Sword,81326,9.4,12780,16700,75,0,,,,,0
20261003-214253,334.94,Vloxx,81053,6.2,12870,17030,106,1,0,-180,0,0,0
20261003-214253,335.07,Vloxx,81053,6.3,13250,16580,-164,1,0,180,0,0,9
20261003-214253,335.07,Vloxx,81053,6.3,13210,16480,-74,1,0,180,0,0,9
20261003-214253,335.15,Aspect of the Sword,81326,9.6,12540,16640,75,0,,,,,0
20261003-214253,335.35,Aspect of the Sword,81326,9.8,12300,16570,75,0,,,,,0
20261003-214253,335.46,Vloxx,81053,6.7,13020,16480,175,1,0,-20,1,-160,10
20261003-214253,335.55,Aspect of the Sword,81326,10.0,12050,16510,75,0,,,,,0
20261003-214253,335.55,Vloxx,81053,6.8,12870,17120,266,1,0,-20,1,-160,10
20261003-214253,335.60,Vloxx,81053,6.8,13380,17020,-5,1,0,-20,1,-160,10
20261003-214253,335.99,Vloxx,81053,7.2,13570,16630,85,1,0,-20,1,-160,4
20261003-214253,336.08,Vloxx,81053,7.3,12700,16580,175,1,0,-20,1,-160,4
20261003-214253,336.51,Vloxx,81053,7.8,13420,17180,-5,1,0,-20,1,-160,9
20261003-214253,336.59,Vloxx,81053,7.8,13230,16410,85,1,0,-20,1,-160,9
20261003-214253,337.11,Vloxx,81053,8.4,13410,16950,-5,1,0,180,0,-160,3
20261003-214253,337.47,Vloxx,81053,8.7,13010,17000,-94,0,,,,,0
20261003-214253,337.67,Vloxx,81053,8.9,13260,17020,-94,0,,,,,0
20261003-214253,337.87,Vloxx,81053,9.1,13510,17040,-94,0,,,,,0
20261003-214253,338.07,Vloxx,81053,9.3,13760,17060,-94,0,,,,,0
20261003-214253,338.27,Vloxx,81053,9.5,14010,17080,-94,0,,,,,0
20261003-214253,338.47,Vloxx,81053,9.7,14260,17100,-94,0,,,,,0
20261003-214253,338.66,Vloxx,81053,9.9,14510,17120,-94,0,,,,,0
20261003-214253,338.87,Vloxx,81053,10.1,14760,17140,-94,0,,,,,0
20261003-214253,347.07,Vloxx,,,12980,16940,-40,0,,,,,0
20261003-214253,347.27,Vloxx,,,13140,16750,-40,0,,,,,0
20261003-214253,347.47,Vloxx,,,13310,16550,-40,0,,,,,0
20261003-214253,347.67,Vloxx,,,13470,16360,-40,0,,,,,0
20261003-214253,347.87,Vloxx,,,13630,16170,-40,0,,,,,0
20261003-214253,348.06,Vloxx,,,13790,15980,-40,0,,,,,0
20261003-214253,348.27,Vloxx,,,13950,15790,-40,0,,,,,0
20261003-214253,348.47,Vloxx,81053,0.0,14110,15600,-40,0,,,,,0
20261003-214253,353.23,Vloxx,81053,4.8,12910,17030,234,1,0,180,0,0,4
20261003-214253,353.75,Vloxx,81053,5.3,12880,17070,234,1,0,180,0,0,4
20261003-214253,353.75,Vloxx,81053,5.3,12820,16470,144,1,0,-180,0,0,4
20261003-214253,354.27,Vloxx,81053,5.8,12790,16510,144,1,0,-180,0,0,3
20261003-214253,354.27,Vloxx,81053,5.8,13370,16380,54,1,0,-180,0,0,3
20261003-214253,354.67,Vloxx,81053,6.2,12940,16990,234,1,0,180,0,0,9
20261003-214253,354.79,Vloxx,81053,6.3,13470,16930,-36,1,0,-180,0,0,9
20261003-214253,354.79,Vloxx,81053,6.3,13350,16420,54,1,0,-180,0,0,9
20261003-214253,355.18,Vloxx,81053,6.7,12990,16420,226,1,0,-98,1,-82,8
20261003-214253,355.27,Vloxx,81053,6.8,13130,17010,316,1,0,-98,1,-82,8
20261003-214253,355.31,Vloxx,81053,6.8,13440,16980,46,1,0,-98,1,-82,8
20261003-214253,355.71,Vloxx,81053,7.2,13550,16470,136,1,0,-98,1,-82,8
20261003-214253,355.79,Vloxx,81053,7.3,12700,17380,226,1,0,-98,1,-82,8
20261003-214253,356.23,Vloxx,81053,7.8,13510,17030,46,1,0,-98,1,-82,6
20261003-214253,356.30,Vloxx,81053,7.8,12340,16940,136,1,0,-98,1,-82,6
20261003-214253,356.83,Vloxx,81053,8.4,12770,16580,46,1,0,180,0,-82,0
20261003-215125,272.11,Aspect of the Sword,81326,5.1,12760,15680,82,0,,,,,0
20261003-215125,272.31,Aspect of the Sword,81326,5.3,12510,15650,82,0,,,,,0
20261003-215125,272.51,Aspect of the Sword,81326,5.5,12270,15610,82,0,,,,,5
20261003-215125,272.70,Aspect of the Sword,81326,5.7,12020,15570,82,0,,,,,0
20261003-215125,272.91,Aspect of the Sword,81326,5.9,11770,15530,82,0,,,,,0
20261003-215125,273.11,Aspect of the Sword,81326,6.1,11520,15500,82,0,,,,,0
20261003-215125,287.99,Aspect of the Sword,,,12290,14970,-77,0,,,,,0
20261003-215125,288.19,Aspect of the Sword,,,12530,14910,-77,0,,,,,0
20261003-215125,288.38,Aspect of the Sword,,,12770,14860,-77,0,,,,,0
20261003-215125,288.59,Aspect of the Sword,,,13020,14800,-77,0,,,,,0
20261003-215125,288.79,Aspect of the Sword,,,13260,14740,-77,0,,,,,0
20261003-215125,288.99,Aspect of the Sword,,,13500,14690,-77,0,,,,,0
20261003-215125,304.07,Aspect of the Sword,81326,7.7,12160,15000,-163,0,,,,,0
20261003-215125,304.27,Aspect of the Sword,81326,7.9,12240,15240,-163,0,,,,,0
20261003-215125,304.47,Aspect of the Sword,81326,8.1,12310,15480,-163,0,,,,,0
20261003-215125,304.66,Aspect of the Sword,81326,8.3,12380,15720,-163,0,,,,,0
20261003-215125,304.87,Aspect of the Sword,81326,8.5,12450,15960,-163,0,,,,,0
20261003-215125,305.07,Aspect of the Sword,81326,8.7,12520,16200,-163,0,,,,,0
20261003-215125,317.43,Vloxx,81053,4.8,12260,13210,147,1,0,-180,0,0,8
20261003-215125,317.95,Vloxx,81053,5.3,12680,13590,57,1,0,-180,0,0,3
20261003-215125,317.95,Vloxx,81053,5.3,12360,13440,147,1,0,-180,0,0,3
20261003-215125,318.46,Vloxx,81053,5.8,12300,14010,-33,1,0,180,0,0,0
20261003-215125,318.47,Vloxx,81053,5.8,11800,13400,57,1,0,-180,0,0,0
20261003-215125,318.87,Vloxx,81053,6.2,12270,13370,147,1,0,-180,0,0,3
20261003-215125,318.99,Vloxx,81053,6.3,11840,12830,-33,1,0,180,0,0,3
20261003-215125,318.99,Vloxx,81053,6.3,11880,13630,-123,1,0,180,0,0,3
20261003-215125,319.39,Vloxx,81053,6.7,11900,12940,57,1,0,-180,0,0,5
20261003-215125,319.46,Aspect of the Sword,,,12270,13470,-9,0,,,,,0
20261003-215125,319.46,Vloxx,81053,6.8,12350,13390,147,1,0,-180,0,0,5
20261003-215125,319.51,Vloxx,81053,6.8,12400,12870,-123,1,0,180,0,0,5
20261003-215125,319.67,Aspect of the Sword,,,12310,13220,-9,0,,,,,0
20261003-215125,319.86,Aspect of the Sword,,,12350,12980,-9,0,,,,,0
20261003-215125,319.90,Vloxx,81053,7.2,12340,12570,-33,1,0,180,0,0,0
20261003-215125,319.98,Vloxx,81053,7.3,11790,13470,57,1,0,-180,0,0,0
20261003-215125,320.07,Aspect of the Sword,,,12380,12730,-9,0,,,,,0
20261003-215125,320.27,Aspect of the Sword,,,12420,12480,-9,0,,,,,0
20261003-215125,320.43,Vloxx,81053,7.8,12700,13010,138,1,0,81,1,0,8
20261003-215125,320.47,Aspect of the Sword,,,12460,12240,-9,0,,,,,0
20261003-215125,320.50,Vloxx,81053,7.8,11720,12900,228,1,0,81,1,99,8
20261003-215125,321.03,Vloxx,81053,8.4,12280,12830,138,1,0,81,1,99,5
20261003-215125,324.71,Vloxx,,,12190,13330,-266,0,,,,,0
20261003-215125,324.90,Vloxx,,,11940,13350,-266,0,,,,,0
20261003-215125,325.11,Vloxx,,,11700,13370,-266,0,,,,,0
20261003-215125,325.31,Vloxx,,,11450,13390,-266,0,,,,,0
20261003-215125,325.51,Vloxx,,,11200,13410,-266,0,,,,,0
20261003-215125,325.70,Vloxx,,,10950,13430,-266,0,,,,,0
20261003-215125,325.91,Vloxx,,,10700,13450,-266,0,,,,,0
20261003-215125,326.11,Vloxx,,,10450,13470,-266,0,,,,,0
20261003-215125,337.67,Vloxx,81053,4.8,12230,13280,194,1,0,-180,0,0,10
20261003-215125,338.19,Vloxx,81053,5.3,12790,13360,104,1,0,-180,0,0,8
20261003-215125,338.19,Vloxx,81053,5.3,12210,13180,194,1,0,-180,0,0,8
20261003-215125,338.71,Vloxx,81053,5.8,12730,13420,104,1,0,-180,0,0,7
20261003-215125,338.71,Vloxx,81053,5.8,12720,13920,14,1,0,180,0,0,7
20261003-215125,339.11,Vloxx,81053,6.2,12200,13390,194,1,0,-180,0,0,9
20261003-215125,339.23,Vloxx,81053,6.3,12160,13840,-76,1,0,180,0,0,9
20261003-215125,339.23,Vloxx,81053,6.3,12490,13930,14,1,0,180,0,0,9
20261003-215125,339.63,Vloxx,81053,6.7,12170,13960,104,1,0,-180,0,0,10
20261003-215125,339.71,Vloxx,81053,6.8,12180,13100,194,1,0,-180,0,0,10
20261003-215125,339.75,Vloxx,81053,6.8,11970,13690,-76,1,0,180,0,0,10
20261003-215125,340.15,Vloxx,81053,7.2,11610,13930,14,1,0,180,0,0,4
20261003-215125,340.23,Vloxx,81053,7.3,12700,13330,104,1,0,-180,0,0,4
20261003-215125,340.66,Vloxx,81053,7.8,11630,13370,-76,1,0,180,0,0,9
20261003-215125,340.75,Vloxx,81053,7.8,12460,13850,3,1,0,169,1,0,9
20261003-215125,341.27,Vloxx,81053,8.4,11950,13610,-87,1,0,169,1,11,9
20261003-215125,343.11,Vloxx,81053,10.2,12270,13400,-177,0,,,,,0
20261003-215125,343.30,Vloxx,81053,10.4,12290,13650,-177,0,,,,,0
20261003-215125,343.50,Vloxx,81053,10.6,12300,13900,-177,0,,,,,0
20261003-215125,343.70,Vloxx,81053,10.8,12310,14150,-177,0,,,,,0
20261003-215125,343.90,Vloxx,81053,11.0,12330,14400,-177,0,,,,,0
20261003-215125,344.10,Vloxx,81053,11.2,12340,14650,-177,0,,,,,0
20261003-215125,344.31,Vloxx,81053,11.4,12350,14900,-177,0,,,,,0
20261003-215125,344.50,Vloxx,81053,11.6,12370,15150,-178,0,,,,,0
20261003-215125,354.22,Vloxx,81053,4.8,12270,13140,226,1,0,-180,0,0,5
20261003-215125,354.75,Vloxx,81053,5.3,12230,13270,226,1,0,-180,0,0,6
20261003-215125,354.75,Vloxx,81053,5.3,12660,13550,136,1,0,180,0,0,6
20261003-215125,355.26,Vloxx,81053,5.8,12780,13390,136,1,0,180,0,0,6
20261003-215125,355.26,Vloxx,81053,5.8,12250,13940,46,1,0,180,0,0,6
20261003-215125,355.66,Vloxx,81053,6.2,12230,13270,226,1,0,-180,0,0,6
20261003-215125,355.79,Vloxx,81053,6.3,12650,13950,41,1,0,175,0,0,6
20261003-215125,355.79,Vloxx,81053,6.3,11860,13530,-49,1,0,175,0,0,6
20261003-215125,356.19,Vloxx,81053,6.7,12790,13380,131,1,0,175,0,5,5
20261003-215125,356.26,Vloxx,81053,6.8,12270,13330,221,1,0,175,0,5,6
20261003-215125,356.31,Vloxx,81053,6.8,12100,13820,-49,1,0,175,0,5,6
20261003-215125,356.71,Vloxx,81053,7.2,12690,13930,41,1,0,175,0,5,4
20261003-215125,356.78,Vloxx,81053,7.3,12840,13360,131,1,0,175,0,5,4
20261003-215125,357.23,Vloxx,81053,7.8,12130,13830,-49,1,0,175,0,5,2
20261003-215125,357.31,Vloxx,81053,7.8,12810,13930,41,1,0,175,0,5,2
20261003-215125,357.83,Vloxx,81053,8.4,12240,13900,-49,1,0,-180,0,5,1
20261003-220139,270.26,Aspect of the Sword,81326,5.1,12730,15600,67,0,,,,,7
20261003-220139,270.47,Aspect of the Sword,81326,5.3,12500,15500,67,0,,,,,0
20261003-220139,270.67,Aspect of the Sword,81326,5.5,12270,15410,67,0,,,,,7
20261003-220139,270.87,Aspect of the Sword,81326,5.7,12030,15310,67,0,,,,,0
20261003-220139,271.07,Aspect of the Sword,81326,5.9,11800,15220,67,0,,,,,0
20261003-220139,271.27,Aspect of the Sword,81326,6.1,11570,15120,67,0,,,,,0
20261003-220139,286.35,Aspect of the Sword,,,12160,14990,-43,0,,,,,0
20261003-220139,286.56,Aspect of the Sword,,,12330,14810,-43,0,,,,,0
20261003-220139,286.75,Aspect of the Sword,,,12500,14630,-43,0,,,,,0
20261003-220139,286.95,Aspect of the Sword,,,12670,14450,-43,0,,,,,0
20261003-220139,287.15,Aspect of the Sword,,,12840,14260,-43,0,,,,,0
20261003-220139,287.35,Aspect of the Sword,,,13010,14080,-43,0,,,,,0
20261003-220139,301.67,Aspect of the Sword,81326,7.2,12040,15080,-240,0,,,,,0
20261003-220139,301.87,Aspect of the Sword,81326,7.4,11820,15210,-240,0,,,,,0
20261003-220139,302.06,Aspect of the Sword,81326,7.6,11610,15330,-240,0,,,,,0
20261003-220139,302.27,Aspect of the Sword,81326,7.8,11390,15460,-240,0,,,,,0
20261003-220139,302.46,Aspect of the Sword,81326,8.0,11170,15580,-240,0,,,,,0
20261003-220139,302.67,Aspect of the Sword,81326,8.2,10960,15710,-240,0,,,,,0
20261003-220139,310.27,Vloxx,81053,4.8,11020,16830,308,1,0,180,0,0,5
20261003-220139,310.79,Vloxx,81053,5.3,11570,16990,218,1,0,-180,0,0,7
20261003-220139,310.79,Vloxx,81053,5.3,11080,17000,308,1,0,180,0,0,7
20261003-220139,311.31,Vloxx,81053,5.8,11410,17530,128,1,0,-180,0,0,3
20261003-220139,311.31,Vloxx,81053,5.8,11400,16530,218,1,0,-180,0,0,3
20261003-220139,311.71,Vloxx,81053,6.2,11040,16990,308,1,0,180,0,0,7
20261003-220139,311.83,Vloxx,81053,6.3,11870,16840,128,1,0,-180,0,0,8
20261003-220139,311.83,Vloxx,81053,6.3,10870,17380,38,1,0,-180,0,0,8
20261003-220139,312.23,Vloxx,81053,6.7,11450,16600,218,1,0,-180,0,0,4
20261003-220139,312.31,Vloxx,81053,6.8,11000,16800,308,1,0,180,0,0,7
20261003-220139,312.35,Vloxx,81053,6.8,11550,17310,38,1,0,-180,0,0,7
20261003-220139,312.75,Vloxx,81053,7.2,11840,17000,128,1,0,-180,0,0,4
20261003-220139,312.83,Vloxx,81053,7.3,11550,16950,218,1,0,-180,0,0,4
20261003-220139,313.27,Vloxx,81053,7.8,11440,17400,38,1,0,-180,0,0,6
20261003-220139,313.35,Vloxx,81053,7.8,11390,17500,124,1,0,176,0,0,6
20261003-220139,313.87,Vloxx,81053,8.4,10850,17340,34,1,0,176,0,4,2
20261003-220139,317.83,Vloxx,,,11110,16920,2,0,,,,,0
20261003-220139,318.03,Vloxx,,,11100,16670,2,0,,,,,0
20261003-220139,318.23,Vloxx,,,11090,16420,2,0,,,,,0
20261003-220139,318.42,Vloxx,,,11080,16170,2,0,,,,,0
20261003-220139,318.63,Vloxx,,,11070,15920,2,0,,,,,0
20261003-220139,318.83,Vloxx,,,11060,15670,2,0,,,,,0
20261003-220139,319.03,Vloxx,,,11050,15420,2,0,,,,,0
20261003-220139,319.23,Vloxx,,,11040,15170,2,0,,,,,0
20261003-220139,330.26,Vloxx,81053,4.8,10970,16990,386,1,0,180,0,0,0
20261003-220139,330.80,Vloxx,81053,5.3,10840,16910,386,1,0,180,0,0,0
20261003-220139,330.80,Vloxx,81053,5.3,11370,16590,296,1,0,180,0,0,0
20261003-220139,331.31,Vloxx,81053,5.8,11770,17000,206,1,0,-180,0,0,0
20261003-220139,331.31,Vloxx,81053,5.8,11340,16640,296,1,0,180,0,0,0
20261003-220139,331.71,Vloxx,81053,6.2,10980,16980,386,1,0,180,0,0,0
20261003-220139,331.84,Vloxx,81053,6.3,11360,17390,15,1,0,79,1,0,10
20261003-220139,331.84,Vloxx,81053,6.3,11610,17140,105,1,0,79,1,0,10
20261003-220139,332.23,Vloxx,81053,6.7,11410,16610,195,1,0,79,1,101,10
20261003-220139,332.31,Vloxx,81053,6.8,10990,17070,285,1,0,79,1,101,10
20261003-220139,332.35,Vloxx,81053,6.8,11110,17410,15,1,0,79,1,101,10
20261003-220139,332.75,Vloxx,81053,7.2,11780,17030,105,1,0,79,1,101,2
20261003-220139,332.82,Vloxx,81053,7.3,11120,16520,195,1,0,79,1,101,2
20261003-220139,333.27,Vloxx,81053,7.8,11360,17410,15,1,0,79,1,101,10
20261003-220139,333.35,Vloxx,81053,7.8,11670,16650,105,1,0,79,1,101,10
20261003-220139,333.87,Vloxx,81053,8.4,11540,17200,15,1,0,-180,0,101,8
20261003-220139,334.15,Vloxx,81053,8.6,11190,16970,-75,0,,,,,0
20261003-220139,334.35,Vloxx,81053,8.8,11430,16910,-75,0,,,,,0
20261003-220139,334.55,Vloxx,81053,9.0,11670,16840,-75,0,,,,,0
20261003-220139,334.75,Vloxx,81053,9.2,11910,16780,-75,0,,,,,0
20261003-220139,334.95,Vloxx,81053,9.4,12150,16710,-75,0,,,,,0
20261003-220139,335.14,Vloxx,81053,9.6,12390,16650,-75,0,,,,,0
20261003-220139,335.34,Vloxx,81053,9.8,12630,16580,-75,0,,,,,0
20261003-220139,335.55,Vloxx,81053,10.0,12870,16520,-75,0,,,,,0
20261003-220139,343.47,Vloxx,,,11180,16960,-64,0,,,,,0
20261003-220139,343.67,Vloxx,,,11400,16850,-64,0,,,,,0
20261003-220139,343.87,Vloxx,,,11630,16740,-64,0,,,,,0
20261003-220139,344.07,Vloxx,,,11850,16630,-64,0,,,,,0
20261003-220139,344.27,Vloxx,,,12080,16520,-64,0,,,,,0
20261003-220139,344.46,Vloxx,,,12300,16410,-64,0,,,,,0
20261003-220139,344.67,Vloxx,,,12530,16300,-64,0,,,,,0
20261003-220139,344.87,Vloxx,81053,0.0,12750,16190,-47,0,,,,,0
20261003-220139,349.59,Vloxx,81053,4.8,11060,16890,313,1,0,180,0,0,3
20261003-220139,350.10,Vloxx,81053,5.3,11600,17050,223,1,0,-180,0,0,1
20261003-220139,350.10,Vloxx,81053,5.3,11390,17030,313,1,0,180,0,0,1
20261003-220139,350.63,Vloxx,81053,5.8,11440,17590,133,1,0,-180,0,0,2
20261003-220139,350.63,Vloxx,81053,5.8,10940,17370,223,1,0,-180,0,0,2
20261003-220139,351.03,Vloxx,81053,6.2,11060,17000,313,1,0,180,0,0,5
20261003-220139,351.15,Vloxx,81053,6.3,10900,17440,43,1,0,-180,0,0,8
20261003-220139,351.15,Vloxx,81053,6.3,10600,16920,133,1,0,-180,0,0,8
20261003-220139,351.55,Vloxx,81053,6.7,11380,16530,215,1,0,172,0,8,1
20261003-220139,351.63,Vloxx,81053,6.8,11320,17010,305,1,0,172,0,8,1
20261003-220139,351.67,Vloxx,81053,6.8,11050,16580,35,1,0,172,0,8,1
20261003-220139,352.07,Vloxx,81053,7.2,11850,16850,125,1,0,172,0,8,2
20261003-220139,352.14,Vloxx,81053,7.3,10890,17380,215,1,0,172,0,8,2
20261003-220139,352.59,Vloxx,81053,7.8,11530,17320,35,1,0,172,0,8,5
20261003-220139,352.67,Vloxx,81053,7.8,10520,16950,125,1,0,172,0,8,5
20261003-220139,353.19,Vloxx,81053,8.4,10950,16580,35,1,0,180,0,8,0
20261003-220139,362.67,Vloxx,,,11160,16940,-43,0,,,,,0
20261003-220139,362.87,Vloxx,,,11330,16750,-43,0,,,,,0
20261003-220139,363.07,Vloxx,,,11500,16570,-43,0,,,,,0
20261003-220139,363.27,Vloxx,,,11670,16390,-43,0,,,,,0
20261003-220139,363.47,Vloxx,,,11840,16200,-43,0,,,,,0
20261003-220139,363.67,Vloxx,,,12020,16020,-43,0,,,,,0
20261003-220139,363.87,Vloxx,,,12190,15840,-43,0,,,,,0
20261003-220139,364.07,Vloxx,81053,0.0,12360,15660,5,0,,,,,0
20261003-220139,368.79,Vloxx,81053,4.8,11230,16680,365,1,0,-180,0,0,0
20261003-220139,369.31,Vloxx,81053,5.3,10960,16830,365,1,0,-180,0,0,0
20261003-220139,369.31,Vloxx,81053,5.3,11470,17190,275,1,0,180,0,0,0
20261003-220139,369.83,Vloxx,81053,5.8,10950,17430,185,1,0,180,0,0,0
20261003-220139,369.83,Vloxx,81053,5.8,11520,16840,275,1,0,180,0,0,0
20261003-220139,370.23,Vloxx,81053,6.2,11160,16690,365,1,0,-180,0,0,0
20261003-220139,370.35,Vloxx,81053,6.3,11510,17410,243,1,0,-122,1,0,2
20261003-220139,370.35,Vloxx,81053,6.3,10710,16920,153,1,0,-122,1,0,2
20261003-220139,370.75,Vloxx,81053,6.7,11490,17150,333,1,0,-122,1,-58,2
20261003-220139,370.83,Vloxx,81053,6.8,11160,16770,423,1,0,-122,1,-58,2
20261003-220139,370.87,Vloxx,81053,6.8,10950,17400,153,1,0,-122,1,-58,2
20261003-220139,371.27,Vloxx,81053,7.2,11030,17480,243,1,0,-122,1,-58,4
20261003-220139,371.34,Vloxx,81053,7.3,11470,17240,333,1,0,-122,1,-58,4
20261003-220139,371.78,Vloxx,81053,7.7,10700,17020,153,1,0,-122,1,-58,2
20261003-220139,371.87,Vloxx,81053,7.8,11000,17550,243,1,0,-122,1,-58,2
20261003-220139,372.39,Vloxx,81053,8.4,10690,17080,153,1,0,180,0,-58,0
20261003-220139,372.71,Vloxx,81053,8.7,11050,16960,63,0,,,,,0
20261003-220139,372.91,Vloxx,81053,8.9,10820,16840,63,0,,,,,0
20261003-220139,373.11,Vloxx,81053,9.1,10600,16730,63,0,,,,,0
20261003-220139,373.31,Vloxx,81053,9.3,10380,16620,63,0,,,,,0
20261003-220139,373.51,Vloxx,81053,9.5,10150,16500,63,0,,,,,0
20261003-220139,373.71,Vloxx,81053,9.7,9930,16390,63,0,,,,,0
20261003-220139,373.90,Vloxx,81053,9.9,9710,16280,63,0,,,,,0
20261003-220139,374.11,Vloxx,81053,10.1,9490,16160,63,0,,,,,0
20261003-220139,384.90,Aspect of the Sword,81326,5.1,12950,14830,-192,0,,,,,0
20261003-220139,385.11,Aspect of the Sword,81326,5.3,12900,15070,-192,0,,,,,0
20261003-220139,385.31,Aspect of the Sword,81326,5.5,12850,15320,-192,0,,,,,1
20261003-220139,385.50,Aspect of the Sword,81326,5.7,12790,15560,-192,0,,,,,0
20261003-220139,385.71,Aspect of the Sword,81326,5.9,12740,15800,-192,0,,,,,0
20261003-220139,385.91,Aspect of the Sword,81326,6.1,12690,16050,-192,0,,,,,0
20261003-220139,396.79,Vloxx,81053,4.8,12690,15990,227,1,0,180,0,0,3
20261003-220139,397.31,Vloxx,81053,5.3,12530,15450,137,1,0,-180,0,0,3
20261003-220139,397.31,Vloxx,81053,5.3,12870,15770,227,1,0,180,0,0,3
20261003-220139,397.82,Vloxx,81053,5.8,13070,15280,47,1,0,-180,0,0,0
20261003-220139,397.82,Vloxx,81053,5.8,12820,16330,137,1,0,-180,0,0,0
20261003-220139,398.23,Vloxx,81053,6.2,12700,16010,227,1,0,180,0,0,3
20261003-220139,398.35,Vloxx,81053,6.3,12260,16280,50,1,0,-177,0,0,1
20261003-220139,398.35,Vloxx,81053,6.3,13230,15820,-40,1,0,-177,0,0,1
20261003-220139,398.75,Vloxx,81053,6.7,12490,15480,140,1,0,-177,0,-3,10
20261003-220139,398.82,Vloxx,81053,6.8,12670,15820,231,1,0,-177,0,-3,10
20261003-220139,398.86,Vloxx,81053,6.8,12310,15720,-40,1,0,-177,0,-3,10
20261003-220139,399.26,Vloxx,81053,7.2,13010,15270,50,1,0,-177,0,-3,6
20261003-220139,399.35,Vloxx,81053,7.3,13180,15580,140,1,0,-177,0,-3,6
20261003-220139,399.79,Vloxx,81053,7.8,13220,15790,-40,1,0,-177,0,-3,1
20261003-220139,399.87,Vloxx,81053,7.8,13420,16100,50,1,0,-177,0,-3,1
20261003-220139,400.38,Vloxx,81053,8.4,12910,16340,-40,1,0,180,0,-3,5
20261003-220139,401.18,Aspect of the Sword,,,12950,16010,87,0,,,,,0
20261003-220139,401.39,Aspect of the Sword,,,12700,16000,87,0,,,,,0
20261003-220139,401.59,Aspect of the Sword,,,12460,15980,87,0,,,,,0
20261003-220139,401.78,Aspect of the Sword,,,12210,15970,87,0,,,,,0
20261003-220139,401.98,Aspect of the Sword,,,11960,15950,87,0,,,,,0
20261003-220139,402.18,Aspect of the Sword,,,11710,15940,87,0,,,,,0
20261003-220139,402.83,Vloxx,81053,10.8,12780,15790,-13,0,,,,,0
20261003-220139,403.03,Vloxx,81053,11.0,12830,15540,-13,0,,,,,0
20261003-220139,403.23,Vloxx,81053,11.2,12890,15300,-13,0,,,,,0
20261003-220139,403.43,Vloxx,81053,11.4,12940,15050,-13,0,,,,,0
20261003-220139,403.63,Vloxx,81053,11.6,13000,14810,-13,0,,,,,0
20261003-220139,403.82,Vloxx,81053,11.8,13050,14570,-13,0,,,,,0
20261003-220139,404.02,Vloxx,,,13110,14320,-13,0,,,,,0
20261003-220139,404.23,Vloxx,,,13160,14080,-13,0,,,,,0
20261003-220139,417.14,Aspect of the Sword,81326,8.1,13140,16050,62,0,,,,,0
20261003-220139,417.35,Aspect of the Sword,81326,8.3,12920,15930,62,0,,,,,0
20261003-220139,417.54,Aspect of the Sword,81326,8.5,12700,15820,62,0,,,,,0
20261003-220139,417.75,Aspect of the Sword,81326,8.7,12480,15700,62,0,,,,,0
20261003-220139,417.95,Aspect of the Sword,81326,8.9,12260,15580,62,0,,,,,0
20261003-220139,418.03,Vloxx,81053,4.8,12770,15760,173,1,0,-180,0,0,9
20261003-220139,418.15,Aspect of the Sword,81326,9.1,12040,15460,62,0,,,,,0
20261003-220139,418.55,Vloxx,81053,5.3,13120,16200,83,1,0,-180,0,0,8
20261003-220139,418.55,Vloxx,81053,5.3,12860,15900,173,1,0,-180,0,0,8
20261003-220139,419.07,Vloxx,81053,5.8,12340,16120,83,1,0,-180,0,0,3
20261003-220139,419.07,Vloxx,81053,5.8,12680,16550,-7,1,0,180,0,0,3
20261003-220139,419.46,Vloxx,81053,6.2,12750,15590,173,1,0,-180,0,0,6
20261003-220139,419.59,Vloxx,81053,6.3,12330,16110,-113,1,0,164,1,0,9
20261003-220139,419.59,Vloxx,81053,6.3,12130,15590,-23,1,0,164,1,0,9
20261003-220139,419.99,Vloxx,81053,6.7,13170,15970,67,1,0,164,1,16,10
20261003-220139,420.07,Vloxx,81053,6.8,12960,15930,157,1,0,164,1,16,10
20261003-220139,420.10,Vloxx,81053,6.8,12650,15380,-113,1,0,164,1,16,10
20261003-220139,420.51,Vloxx,81053,7.2,12790,16390,-23,1,0,164,1,16,6
20261003-220139,420.59,Vloxx,81053,7.3,12440,16170,67,1,0,164,1,16,6
20261003-220139,421.02,Vloxx,81053,7.8,12370,16010,-113,1,0,164,1,16,10
20261003-220139,421.11,Vloxx,81053,7.8,12210,15660,-23,1,0,164,1,16,10
20261003-220139,421.63,Vloxx,81053,8.4,12720,15420,-113,1,0,180,0,16,0
20261003-220139,421.90,Vloxx,81053,8.6,12730,15930,-203,0,,,,,0
20261003-220139,422.11,Vloxx,81053,8.8,12630,16160,-203,0,,,,,0
20261003-220139,422.31,Vloxx,81053,9.0,12530,16390,-203,0,,,,,0
20261003-220139,422.51,Vloxx,81053,9.2,12430,16620,-203,0,,,,,0
20261003-220139,422.70,Vloxx,81053,9.4,12340,16850,-203,0,,,,,0
20261003-220139,422.91,Vloxx,81053,9.6,12240,17080,-203,0,,,,,0
20261003-220139,423.11,Vloxx,81053,9.8,12140,17310,-203,0,,,,,0
20261003-220139,423.30,Vloxx,81053,10.0,12040,17530,-203,0,,,,,0
20261003-220139,430.87,Vloxx,,,12690,15860,-270,0,,,,,0
20261003-220139,431.06,Vloxx,,,12440,15860,-270,0,,,,,0
20261003-220139,431.26,Vloxx,,,12190,15860,-270,0,,,,,0
20261003-220139,431.46,Vloxx,,,11940,15870,-270,0,,,,,0
20261003-220139,431.66,Vloxx,,,11690,15870,-270,0,,,,,0
20261003-220139,431.87,Vloxx,,,11440,15870,-270,0,,,,,0
20261003-220139,432.07,Vloxx,,,11190,15870,-270,0,,,,,0
20261003-220139,432.26,Vloxx,,,10940,15870,-191,0,,,,,0
20261003-220139,434.15,Aspect of the Sword,,,12670,15780,-179,0,,,,,0
20261003-220139,434.35,Aspect of the Sword,,,12670,16030,-179,0,,,,,0
20261003-220139,434.55,Aspect of the Sword,,,12680,16280,-179,0,,,,,0
20261003-220139,434.74,Aspect of the Sword,,,12680,16530,-179,0,,,,,0
20261003-220139,434.95,Aspect of the Sword,,,12690,16780,-179,0,,,,,0
20261003-220139,435.15,Aspect of the Sword,,,12690,17030,-179,0,,,,,0
20261003-220139,450.26,Aspect of the Sword,81326,11.3,12000,15670,55,0,,,,,0
20261003-220139,450.46,Aspect of the Sword,81326,11.5,11790,15530,55,0,,,,,0
20261003-220139,450.66,Aspect of the Sword,81326,11.7,11590,15380,55,0,,,,,0
20261003-220139,450.87,Aspect of the Sword,81326,11.9,11380,15240,55,0,,,,,0
20261003-220139,451.06,Aspect of the Sword,,,11180,15100,55,0,,,,,0
20261003-220139,451.27,Aspect of the Sword,,,10970,14950,55,0,,,,,0
20261003-220139,488.46,Vloxx,,,12200,15320,270,1,0,180,0,0,0
20261003-220139,488.46,Vloxx,,,12110,15130,270,1,0,180,0,0,0
20261003-220139,488.46,Vloxx,,,11970,15270,270,1,0,180,0,0,0
20261003-220139,488.99,Vloxx,,,11560,14990,180,1,0,-180,0,0,10
20261003-220139,488.99,Vloxx,,,11660,15470,180,1,0,-180,0,0,10
20261003-220139,488.99,Vloxx,,,11480,15560,180,1,0,-180,0,0,10
20261003-220139,489.51,Vloxx,,,11500,14930,90,1,0,-180,0,0,1
20261003-220139,489.51,Vloxx,,,11700,14450,90,1,0,-180,0,0,1
20261003-220139,489.51,Vloxx,,,11190,15080,90,1,0,-180,0,0,1
20261003-220139,490.03,Vloxx,,,12250,14590,0,1,0,-180,0,0,0
20261003-220139,490.03,Vloxx,,,11670,14780,0,1,0,-180,0,0,0
20261003-220139,490.03,Vloxx,,,12050,14770,0,1,0,-180,0,0,0
20261003-220139,503.49,Vloxx,,,12090,15470,270,1,0,180,0,0,9
20261003-220139,503.49,Vloxx,,,12370,15300,270,1,0,180,0,0,9
20261003-220139,503.49,Vloxx,,,12400,15340,270,1,0,180,0,0,9
20261003-220139,503.99,Vloxx,,,12700,14840,180,1,0,-180,0,0,6
20261003-220139,503.99,Vloxx,,,12820,14960,180,1,0,-180,0,0,6
20261003-220139,503.99,Vloxx,,,12070,14910,180,1,0,-180,0,0,6
20261003-220139,504.51,Vloxx,,,12630,14880,90,1,0,-180,0,0,8
20261003-220139,504.51,Vloxx,,,13160,15180,90,1,0,-180,0,0,8
20261003-220139,504.51,Vloxx,,,13200,15380,90,1,0,-180,0,0,8
20261003-220139,505.02,Vloxx,,,12830,15630,0,1,0,-180,0,0,0
20261003-220139,505.02,Vloxx,,,12780,15760,0,1,0,-180,0,0,0
20261003-220139,505.02,Vloxx,,,12650,15450,0,1,0,-180,0,0,0
20261003-220139,518.47,Vloxx,,,12140,15350,270,1,0,180,0,0,1
20261003-220139,518.47,Vloxx,,,12030,15270,270,1,0,180,0,0,1
20261003-220139,518.47,Vloxx,,,12330,15210,270,1,0,180,0,0,1
20261003-220139,518.98,Vloxx,,,12330,15780,180,1,0,-180,0,0,4
20261003-220139,518.98,Vloxx,,,11850,15830,180,1,0,-180,0,0,4
20261003-220139,518.98,Vloxx,,,11540,15550,180,1,0,-180,0,0,4
20261003-220139,519.50,Vloxx,,,11360,15540,90,1,0,-180,0,0,0
20261003-220139,519.50,Vloxx,,,11770,15780,90,1,0,-180,0,0,0
20261003-220139,519.50,Vloxx,,,11260,15060,90,1,0,-180,0,0,0
20261003-220139,520.02,Vloxx,,,11750,14780,0,1,0,-180,0,0,0
20261003-220139,520.02,Vloxx,,,11770,15210,0,1,0,-180,0,0,0
20261003-220139,520.02,Vloxx,,,11650,15060,0,1,0,-180,0,0,0
20261003-220139,527.34,Aspect of the Sword,81326,5.1,12770,15570,34,0,,,,,0
20261003-220139,527.54,Aspect of the Sword,81326,5.3,12630,15360,34,0,,,,,0
20261003-220139,527.75,Aspect of the Sword,81326,5.5,12490,15160,34,0,,,,,1
20261003-220139,527.94,Aspect of the Sword,81326,5.7,12350,14950,34,0,,,,,0
20261003-220139,528.15,Aspect of the Sword,81326,5.9,12210,14750,34,0,,,,,0
20261003-220139,528.34,Aspect of the Sword,81326,6.1,12070,14540,34,0,,,,,0
20261003-220139,533.47,Vloxx,,,12190,15140,270,1,0,180,0,0,2
20261003-220139,533.47,Vloxx,,,12150,15110,270,1,0,180,0,0,2
20261003-220139,533.47,Vloxx,,,12200,15220,270,1,0,180,0,0,2
20261003-220139,533.98,Vloxx,,,11660,14840,180,1,0,-180,0,0,3
20261003-220139,533.98,Vloxx,,,11740,14800,180,1,0,-180,0,0,3
20261003-220139,533.98,Vloxx,,,11710,14930,180,1,0,-180,0,0,3
20261003-220139,534.51,Vloxx,,,12070,14340,90,1,0,-180,0,0,4
20261003-220139,534.51,Vloxx,,,12000,14440,90,1,0,-180,0,0,4
20261003-220139,534.51,Vloxx,,,11920,14340,90,1,0,-180,0,0,4
20261003-220139,535.02,Vloxx,,,12420,14610,0,1,0,-180,0,0,1
20261003-220139,535.02,Vloxx,,,12490,14740,0,1,0,-180,0,0,1
20261003-220139,535.02,Vloxx,,,12530,14680,0,1,0,-180,0,0,1
20261003-220139,543.26,Aspect of the Sword,,,11830,15350,-195,0,,,,,0
20261003-220139,543.47,Aspect of the Sword,,,11760,15590,-195,0,,,,,0
20261003-220139,543.66,Aspect of the Sword,,,11690,15830,-195,0,,,,,0
20261003-220139,543.86,Aspect of the Sword,,,11630,16070,-195,0,,,,,0
20261003-220139,544.06,Aspect of the Sword,,,11560,16310,-195,0,,,,,0
20261003-220139,544.26,Aspect of the Sword,,,11490,16550,-195,0,,,,,0
20261003-220139,548.48,Vloxx,,,12240,15920,270,1,0,180,0,0,4
20261003-220139,548.48,Vloxx,,,12320,15400,270,1,0,180,0,0,4
20261003-220139,548.98,Vloxx,,,12880,15300,180,1,0,-180,0,0,0
20261003-220139,548.98,Vloxx,,,12660,16300,180,1,0,-180,0,0,0
20261003-220139,549.50,Vloxx,,,12970,15860,90,1,0,-180,0,0,2
20261003-220139,549.50,Vloxx,,,12270,16720,90,1,0,-180,0,0,2
20261003-220139,550.02,Vloxx,,,11860,16330,0,1,0,-180,0,0,2
20261003-220139,550.02,Vloxx,,,12410,15950,0,1,0,-180,0,0,2
20261003-221232,274.35,Aspect of the Sword,81326,6.6,12990,15640,37,0,,,,,0
20261003-221232,274.55,Aspect of the Sword,81326,6.8,12840,15440,37,0,,,,,0
20261003-221232,274.75,Aspect of the Sword,81326,7.0,12690,15240,37,0,,,,,0
20261003-221232,274.95,Aspect of the Sword,81326,7.2,12540,15040,37,0,,,,,0
20261003-221232,275.15,Aspect of the Sword,81326,7.4,12390,14840,37,0,,,,,0
20261003-221232,275.35,Aspect of the Sword,81326,7.6,12240,14640,37,0,,,,,0
20261003-221232,290.27,Aspect of the Sword,,,12480,15290,47,0,,,,,0
20261003-221232,290.47,Aspect of the Sword,,,12300,15120,47,0,,,,,0
20261003-221232,290.67,Aspect of the Sword,,,12110,14940,47,0,,,,,0
20261003-221232,290.87,Aspect of the Sword,,,11930,14770,47,0,,,,,0
20261003-221232,291.07,Aspect of the Sword,,,11750,14600,47,0,,,,,0
20261003-221232,291.27,Aspect of the Sword,,,11570,14430,47,0,,,,,0
20261003-221232,321.47,Vloxx,81053,4.8,11070,17000,260,1,0,180,0,0,8
20261003-221232,321.99,Vloxx,81053,5.3,11050,16990,260,1,0,180,0,0,8
20261003-221232,321.99,Vloxx,81053,5.3,11330,16500,170,1,0,-180,0,0,8
20261003-221232,322.51,Vloxx,81053,5.8,11430,16570,170,1,0,-180,0,0,2
20261003-221232,322.51,Vloxx,81053,5.8,11830,16760,80,1,0,-180,0,0,2
20261003-221232,322.91,Vloxx,81053,6.2,11060,17010,260,1,0,180,0,0,8
20261003-221232,323.03,Vloxx,81053,6.3,11850,16950,80,1,0,-180,0,0,8
20261003-221232,323.03,Vloxx,81053,6.3,11570,17260,-10,1,0,180,0,0,8
20261003-221232,323.42,Vloxx,81053,6.7,11210,16470,170,1,0,-180,0,0,7
20261003-221232,323.51,Vloxx,81053,6.8,11140,17010,260,1,0,180,0,0,7
20261003-221232,323.55,Vloxx,81053,6.8,11470,17370,-10,1,0,180,0,0,6
20261003-221232,323.95,Vloxx,81053,7.2,11750,16620,80,1,0,-180,0,0,3
20261003-221232,324.03,Vloxx,81053,7.3,10570,17070,170,1,0,-180,0,0,3
20261003-221232,324.47,Vloxx,81053,7.8,11610,17160,-10,1,0,180,0,0,1
20261003-221232,324.55,Vloxx,81053,7.8,10510,16510,97,1,0,-163,1,0,1
20261003-221232,325.07,Vloxx,81053,8.4,11070,16450,7,1,0,-163,1,-17,0
20261003-221232,328.90,Vloxx,,,11150,16920,-32,0,,,,,0
20261003-221232,329.11,Vloxx,,,11280,16710,-32,0,,,,,0
20261003-221232,329.31,Vloxx,,,11410,16500,-32,0,,,,,0
20261003-221232,329.50,Vloxx,,,11540,16290,-32,0,,,,,0
20261003-221232,329.71,Vloxx,,,11670,16070,-32,0,,,,,0
20261003-221232,329.91,Vloxx,,,11810,15860,-32,0,,,,,0
20261003-221232,330.11,Vloxx,,,11940,15650,-32,0,,,,,0
20261003-221232,330.31,Vloxx,,,12070,15440,-32,0,,,,,0
20261003-221232,341.80,Vloxx,81053,4.8,10830,16970,321,1,0,-180,0,0,8
20261003-221232,342.31,Vloxx,81053,5.3,11250,16600,231,1,0,180,0,0,3
20261003-221232,342.31,Vloxx,81053,5.3,11140,16790,321,1,0,-180,0,0,3
20261003-221232,342.83,Vloxx,81053,5.8,11630,17020,141,1,0,180,0,0,2
20261003-221232,342.83,Vloxx,81053,5.8,11470,17260,231,1,0,180,0,0,2
20261003-221232,343.23,Vloxx,81053,6.2,10980,17000,321,1,0,-180,0,0,4
20261003-221232,343.35,Vloxx,81053,6.3,11200,17390,51,1,0,-180,0,0,8
20261003-221232,343.35,Vloxx,81053,6.3,11000,17580,141,1,0,180,0,0,7
20261003-221232,343.75,Vloxx,81053,6.7,11350,16570,231,1,0,180,0,0,5
20261003-221232,343.83,Vloxx,81053,6.8,10900,17030,321,1,0,-180,0,0,5
20261003-221232,343.87,Vloxx,81053,6.8,10680,17120,51,1,0,-180,0,0,5
20261003-221232,344.27,Vloxx,81053,7.2,11780,16940,141,1,0,180,0,0,2
20261003-221232,344.35,Vloxx,81053,7.3,11220,16560,231,1,0,180,0,0,2
20261003-221232,344.79,Vloxx,81053,7.8,11410,17370,51,1,0,-180,0,0,6
20261003-221232,344.87,Vloxx,81053,7.8,11690,16870,129,1,0,168,1,0,6
20261003-221232,345.39,Vloxx,81053,8.4,11370,17340,39,1,0,168,1,12,7
20261003-221232,347.19,Vloxx,81053,10.2,11170,16940,-51,0,,,,,0
20261003-221232,347.38,Vloxx,81053,10.4,11360,16780,-51,0,,,,,0
20261003-221232,347.59,Vloxx,81053,10.6,11550,16630,-51,0,,,,,0
20261003-221232,347.79,Vloxx,81053,10.8,11750,16470,-51,0,,,,,0
20261003-221232,347.99,Vloxx,81053,11.0,11940,16310,-51,0,,,,,0
20261003-221232,348.18,Vloxx,81053,11.2,12140,16150,-51,0,,,,,0
20261003-221232,348.39,Vloxx,81053,11.4,12330,16000,-51,0,,,,,0
20261003-221232,348.58,Vloxx,81053,11.6,12530,15840,-51,0,,,,,0
20261003-221232,356.23,Aspect of the Sword,81326,5.1,12820,15660,-230,0,,,,,0
20261003-221232,356.43,Aspect of the Sword,81326,5.3,12620,15820,-230,0,,,,,0
20261003-221232,356.62,Aspect of the Sword,81326,5.5,12430,15990,-230,0,,,,,7
20261003-221232,356.83,Aspect of the Sword,81326,5.7,12240,16150,-230,0,,,,,0
20261003-221232,357.03,Aspect of the Sword,81326,5.9,12050,16310,-230,0,,,,,0
20261003-221232,357.23,Aspect of the Sword,81326,6.1,11860,16470,-230,0,,,,,0
20261003-221232,358.67,Vloxx,81053,4.8,11030,17010,401,1,0,180,0,0,3
20261003-221232,359.19,Vloxx,81053,5.3,11170,17070,401,1,0,180,0,0,8
20261003-221232,359.19,Vloxx,81053,5.3,11300,16510,311,1,0,180,0,0,8
20261003-221232,359.71,Vloxx,81053,5.8,11800,16790,221,1,0,-180,0,0,6
20261003-221232,359.71,Vloxx,81053,5.8,10610,16990,311,1,0,180,0,0,6
20261003-221232,360.11,Vloxx,81053,6.2,11210,16820,401,1,0,180,0,0,4
20261003-221232,360.22,Vloxx,81053,6.3,10690,16430,221,1,0,-180,0,0,4
20261003-221232,360.23,Vloxx,81053,6.3,11520,17280,131,1,0,-180,0,0,4
20261003-221232,360.63,Vloxx,81053,6.7,11340,17370,179,1,0,48,1,132,3
20261003-221232,360.71,Vloxx,81053,6.8,11170,16890,269,1,0,48,1,132,3
20261003-221232,360.75,Vloxx,81053,6.8,11250,16510,-1,1,0,48,1,132,3
20261003-221232,361.15,Vloxx,81053,7.2,10790,17500,89,1,0,48,1,132,0
20261003-221232,361.23,Vloxx,81053,7.3,11290,17440,179,1,0,48,1,132,0
20261003-221232,361.67,Vloxx,81053,7.8,10660,16950,-1,1,0,48,1,132,3
20261003-221232,361.75,Vloxx,81053,7.8,10740,17560,89,1,0,48,1,132,3
20261003-221232,362.27,Vloxx,81053,8.4,10620,17010,-1,1,0,-180,0,132,2
20261003-221232,371.66,Aspect of the Sword,,,11290,16920,84,0,,,,,0
20261003-221232,371.75,Vloxx,,,11180,16980,-83,0,,,,,0
20261003-221232,371.87,Aspect of the Sword,,,11040,16890,84,0,,,,,0
20261003-221232,371.94,Vloxx,,,11430,16950,-83,0,,,,,0
20261003-221232,372.07,Aspect of the Sword,,,10790,16870,84,0,,,,,0
20261003-221232,372.15,Vloxx,,,11680,16920,-83,0,,,,,0
20261003-221232,372.26,Aspect of the Sword,,,10540,16840,84,0,,,,,0
20261003-221232,372.35,Vloxx,,,11930,16880,-83,0,,,,,0
20261003-221232,372.46,Aspect of the Sword,,,10300,16810,84,0,,,,,0
20261003-221232,372.55,Vloxx,,,12170,16850,-83,0,,,,,0
20261003-221232,372.67,Aspect of the Sword,,,10050,16790,84,0,,,,,0
20261003-221232,372.75,Vloxx,,,12420,16820,-83,0,,,,,0
20261003-221232,372.95,Vloxx,,,12670,16790,-83,0,,,,,0
20261003-221232,373.14,Vloxx,81053,0.1,12920,16760,22,0,,,,,0
20261003-221232,377.83,Vloxx,81053,4.8,11320,16840,382,1,0,180,0,0,1
20261003-221232,378.35,Vloxx,81053,5.3,11220,17400,292,1,0,-180,0,0,0
20261003-221232,378.35,Vloxx,81053,5.3,11150,16800,382,1,0,180,0,0,0
20261003-221232,378.87,Vloxx,81053,5.8,11450,17280,292,1,0,-180,0,0,0
20261003-221232,378.87,Vloxx,81053,5.8,10670,17300,202,1,0,-180,0,0,0
20261003-221232,379.27,Vloxx,81053,6.2,11160,16850,382,1,0,180,0,0,1
20261003-221232,379.38,Vloxx,81053,6.3,10970,17580,172,1,0,151,1,0,1
20261003-221232,379.38,Vloxx,81053,6.3,10760,16740,82,1,0,151,1,0,1
20261003-221232,379.78,Vloxx,81053,6.7,11380,17380,262,1,0,151,1,29,1
20261003-221232,379.87,Vloxx,81053,6.8,11160,16920,352,1,0,151,1,29,1
20261003-221232,379.91,Vloxx,81053,6.8,10670,17110,82,1,0,151,1,29,1
20261003-221232,380.30,Vloxx,81053,7.2,10860,17590,172,1,0,151,1,29,0
20261003-221232,380.39,Vloxx,81053,7.3,11220,17480,262,1,0,151,1,29,0
20261003-221232,380.82,Vloxx,81053,7.8,10640,17070,82,1,0,151,1,29,0
20261003-221232,380.91,Vloxx,81053,7.8,10660,17550,172,1,0,151,1,29,0
20261003-221232,381.43,Vloxx,81053,8.4,10600,16990,82,1,0,180,0,29,0
20261003-221232,381.71,Vloxx,81053,8.6,11120,16910,-8,0,,,,,0
20261003-221232,381.91,Vloxx,81053,8.8,11150,16670,-8,0,,,,,0
20261003-221232,382.11,Vloxx,81053,9.0,11180,16420,-8,0,,,,,0
20261003-221232,382.31,Vloxx,81053,9.2,11210,16170,-8,0,,,,,0
20261003-221232,382.51,Vloxx,81053,9.4,11250,15920,-8,0,,,,,0
20261003-221232,382.71,Vloxx,81053,9.6,11280,15670,-8,0,,,,,0
20261003-221232,382.91,Vloxx,81053,9.8,11310,15430,-8,0,,,,,0
20261003-221232,383.11,Vloxx,81053,10.0,11350,15180,-8,0,,,,,0
20261003-221232,387.26,Aspect of the Sword,81326,6.7,11090,17200,-257,0,,,,,0
20261003-221232,387.47,Aspect of the Sword,81326,6.9,10840,17250,-257,0,,,,,0
20261003-221232,387.67,Aspect of the Sword,81326,7.1,10600,17310,-257,0,,,,,0
20261003-221232,387.86,Aspect of the Sword,81326,7.3,10350,17360,-257,0,,,,,0
20261003-221232,388.07,Aspect of the Sword,81326,7.5,10110,17420,-257,0,,,,,0
20261003-221232,388.26,Aspect of the Sword,81326,7.7,9870,17470,-257,0,,,,,0
20261003-221232,402.67,Aspect of the Sword,,,11780,15270,-25,0,,,,,0
20261003-221232,402.87,Aspect of the Sword,,,11880,15050,-25,0,,,,,0
20261003-221232,403.07,Aspect of the Sword,,,11990,14820,-25,0,,,,,0
20261003-221232,403.27,Aspect of the Sword,,,12090,14590,-25,0,,,,,0
20261003-221232,403.47,Aspect of the Sword,,,12190,14360,-25,0,,,,,0
20261003-221232,403.67,Aspect of the Sword,,,12300,14140,-25,0,,,,,0
20261003-221232,406.67,Vloxx,81053,4.8,11950,15300,370,1,0,-180,0,0,4
20261003-221232,407.19,Vloxx,81053,5.3,11570,14880,280,1,0,180,0,0,4
20261003-221232,407.19,Vloxx,81053,5.3,11920,15130,370,1,0,-180,0,0,4
20261003-221232,407.71,Vloxx,81053,5.8,12470,15250,280,1,0,180,0,0,2
20261003-221232,407.71,Vloxx,81053,5.8,11980,14500,190,1,0,180,0,0,2
20261003-221232,408.11,Vloxx,81053,6.2,12020,15100,370,1,0,-180,0,0,4
20261003-221232,408.23,Vloxx,81053,6.3,12350,15800,190,1,0,180,0,0,2
20261003-221232,408.23,Vloxx,81053,6.3,12370,14920,100,1,0,-180,0,0,2
20261003-221232,408.64,Vloxx,81053,6.7,12070,15660,297,1,0,-164,1,-16,9
20261003-221232,408.71,Vloxx,81053,6.8,12020,15360,387,1,0,-164,1,-16,9
20261003-221232,408.75,Vloxx,81053,6.8,11790,15680,117,1,0,-164,1,-16,9
20261003-221232,409.15,Vloxx,81053,7.2,11510,15710,207,1,0,-164,1,-16,6
20261003-221232,409.23,Vloxx,81053,7.3,11510,15130,297,1,0,-164,1,-16,6
20261003-221232,409.68,Vloxx,81053,7.8,11460,15140,117,1,0,-164,1,-16,2
20261003-221232,409.75,Vloxx,81053,7.8,11740,14610,207,1,0,-164,1,-16,2
20261003-221232,410.27,Vloxx,81053,8.4,12250,14840,117,1,0,180,0,-16,1
20261003-221232,412.71,Vloxx,81053,10.8,11940,15250,-195,0,,,,,0
20261003-221232,412.90,Vloxx,81053,11.0,11870,15490,-195,0,,,,,0
20261003-221232,413.10,Vloxx,81053,11.2,11810,15730,-195,0,,,,,0
20261003-221232,413.30,Vloxx,81053,11.4,11740,15970,-195,0,,,,,0
20261003-221232,413.50,Vloxx,81053,11.6,11680,16220,-195,0,,,,,0
20261003-221232,413.70,Vloxx,81053,11.8,11620,16460,-195,0,,,,,0
20261003-221232,413.90,Vloxx,81053,12.0,11550,16700,-195,0,,,,,0
20261003-221232,414.11,Vloxx,,,11490,16940,-195,0,,,,,0
20261003-221232,425.42,Aspect of the Sword,,,11640,15330,-51,0,,,,,0
20261003-221232,425.63,Aspect of the Sword,,,11840,15170,-51,0,,,,,0
20261003-221232,425.83,Aspect of the Sword,,,12030,15010,-51,0,,,,,0
20261003-221232,426.03,Aspect of the Sword,,,12220,14850,-51,0,,,,,0
20261003-221232,426.23,Aspect of the Sword,,,12420,14690,-51,0,,,,,0
20261003-221232,426.43,Aspect of the Sword,,,12610,14530,-51,0,,,,,0
20261003-221232,427.87,Vloxx,81053,4.8,11780,15320,350,1,0,-180,0,0,10
20261003-221232,428.39,Vloxx,81053,5.3,11780,15330,350,1,0,-180,0,0,10
20261003-221232,428.39,Vloxx,81053,5.3,11830,14760,260,1,0,-180,0,0,10
20261003-221232,428.91,Vloxx,81053,5.8,11820,14760,260,1,0,-180,0,0,5
20261003-221232,428.91,Vloxx,81053,5.8,12400,14820,170,1,0,180,0,0,5
20261003-221232,429.31,Vloxx,81053,6.2,11800,15380,350,1,0,-180,0,0,9
20261003-221232,429.43,Vloxx,81053,6.3,12390,14810,239,1,0,-111,1,-69,0
20261003-221232,429.43,Vloxx,81053,6.3,12340,15380,149,1,0,-111,1,-69,0
20261003-221232,429.82,Vloxx,81053,6.7,11720,14820,329,1,0,-111,1,-69,9
20261003-221232,429.91,Vloxx,81053,6.8,11970,15290,419,1,0,-111,1,-69,9
20261003-221232,429.95,Vloxx,81053,6.8,12340,15380,149,1,0,-111,1,-69,9
20261003-221232,430.35,Vloxx,81053,7.2,12280,14750,239,1,0,-111,1,-69,9
20261003-221232,430.42,Vloxx,81053,7.3,11520,14940,329,1,0,-111,1,-69,9
20261003-221232,430.87,Vloxx,81053,7.8,12360,15310,149,1,0,-111,1,-69,5
20261003-221232,430.95,Vloxx,81053,7.8,11860,14490,239,1,0,-111,1,-69,5
20261003-221232,431.46,Vloxx,81053,8.4,12310,14830,149,1,0,-180,0,0,1
20261003-221232,431.75,Vloxx,81053,8.6,11890,15140,59,0,,,,,0
20261003-221232,431.95,Vloxx,81053,8.8,11680,15010,59,0,,,,,0
20261003-221232,432.14,Vloxx,81053,9.0,11460,14880,59,0,,,,,0
20261003-221232,432.35,Vloxx,81053,9.2,11250,14750,59,0,,,,,0
20261003-221232,432.54,Vloxx,81053,9.4,11030,14620,59,0,,,,,0
20261003-221232,432.74,Vloxx,81053,9.6,10820,14490,59,0,,,,,0
20261003-221232,432.95,Vloxx,81053,9.8,10610,14360,59,0,,,,,0
20261003-221232,433.15,Vloxx,81053,10.0,10390,14230,59,0,,,,,0
20261003-221232,441.15,Vloxx,,,11820,15010,-34,0,,,,,0
20261003-221232,441.34,Vloxx,,,11960,14800,-34,0,,,,,0
20261003-221232,441.54,Vloxx,,,12100,14600,-34,0,,,,,0
20261003-221232,441.74,Vloxx,,,12240,14390,-34,0,,,,,0
20261003-221232,441.94,Vloxx,,,12380,14180,-34,0,,,,,0
20261003-221232,442.14,Vloxx,,,12510,13970,-34,0,,,,,0
20261003-221232,442.34,Vloxx,,,12650,13760,-34,0,,,,,0
20261003-221232,442.54,Vloxx,,,12790,13560,-34,0,,,,,0
20261003-222355,268.23,Aspect of the Sword,81326,5.1,12750,15680,-226,0,,,,,0
20261003-222355,268.43,Aspect of the Sword,81326,5.3,12570,15860,-226,0,,,,,0
20261003-222355,268.63,Aspect of the Sword,81326,5.5,12390,16030,-226,0,,,,,3
20261003-222355,268.83,Aspect of the Sword,81326,5.7,12210,16200,-226,0,,,,,0
20261003-222355,269.03,Aspect of the Sword,81326,5.9,12030,16380,-226,0,,,,,0
20261003-222355,269.23,Aspect of the Sword,81326,6.1,11850,16550,-226,0,,,,,0
20261003-222355,283.95,Aspect of the Sword,,,12100,16260,-33,0,,,,,0
20261003-222355,284.15,Aspect of the Sword,,,12240,16050,-33,0,,,,,0
20261003-222355,284.35,Aspect of the Sword,,,12370,15840,-33,0,,,,,0
20261003-222355,284.56,Aspect of the Sword,,,12510,15630,-33,0,,,,,0
20261003-222355,284.75,Aspect of the Sword,,,12650,15420,-33,0,,,,,0
20261003-222355,284.95,Aspect of the Sword,,,12790,15210,-33,0,,,,,0
20261003-222355,299.91,Aspect of the Sword,81326,7.4,11960,15560,-61,0,,,,,0
20261003-222355,300.11,Aspect of the Sword,81326,7.6,12180,15440,-61,0,,,,,0
20261003-222355,300.31,Aspect of the Sword,81326,7.8,12390,15320,-61,0,,,,,0
20261003-222355,300.51,Aspect of the Sword,81326,8.0,12610,15200,-61,0,,,,,0
20261003-222355,300.71,Aspect of the Sword,81326,8.2,12830,15070,-61,0,,,,,0
20261003-222355,300.91,Aspect of the Sword,81326,8.4,13050,14950,-61,0,,,,,0
20261003-222355,315.90,Aspect of the Sword,,,11850,15690,-77,0,,,,,0
20261003-222355,316.11,Aspect of the Sword,,,12090,15630,-77,0,,,,,0
20261003-222355,316.31,Aspect of the Sword,,,12330,15570,-77,0,,,,,0
20261003-222355,316.51,Aspect of the Sword,,,12580,15510,-77,0,,,,,0
20261003-222355,316.71,Aspect of the Sword,,,12820,15460,-77,0,,,,,0
20261003-222355,316.91,Aspect of the Sword,,,13060,15400,-77,0,,,,,0
20261003-222355,325.26,Vloxx,81053,4.8,10190,16310,276,1,0,180,0,0,8
20261003-222355,325.79,Vloxx,81053,5.3,10300,16380,276,1,0,180,0,0,9
20261003-222355,325.80,Vloxx,81053,5.3,10590,15910,186,1,0,-180,0,0,9
20261003-222355,326.31,Vloxx,81053,5.8,10140,15840,186,1,0,-180,0,0,4
20261003-222355,326.31,Vloxx,81053,5.8,10990,16310,96,1,0,-180,0,0,4
20261003-222355,326.71,Vloxx,81053,6.2,10360,16310,276,1,0,180,0,0,5
20261003-222355,326.83,Vloxx,81053,6.3,10590,16710,6,1,0,180,0,0,6
20261003-222355,326.83,Vloxx,81053,6.3,10680,15670,96,1,0,-180,0,0,6
20261003-222355,327.24,Vloxx,81053,6.7,10750,15900,186,1,0,-180,0,0,3
20261003-222355,327.31,Vloxx,81053,6.8,10350,16310,276,1,0,180,0,0,3
20261003-222355,327.35,Vloxx,81053,6.8,10850,16220,6,1,0,180,0,0,3
20261003-222355,327.75,Vloxx,81053,7.2,11160,16290,96,1,0,-180,0,0,3
20261003-222355,327.82,Vloxx,81053,7.3,10860,16090,186,1,0,-180,0,0,3
20261003-222355,328.27,Vloxx,81053,7.8,10770,16700,6,1,0,180,0,0,4
20261003-222355,328.35,Vloxx,81053,7.8,11090,16600,96,1,0,-180,0,0,4
20261003-222355,328.87,Vloxx,81053,8.4,10570,16830,-138,1,0,36,1,144,0
20261003-222355,331.51,Aspect of the Sword,81326,9.5,10440,16300,-223,0,,,,,0
20261003-222355,331.71,Aspect of the Sword,81326,9.7,10270,16480,-223,0,,,,,0
20261003-222355,331.91,Aspect of the Sword,81326,9.9,10090,16660,-223,0,,,,,0
20261003-222355,332.11,Aspect of the Sword,81326,10.1,9920,16840,-223,0,,,,,0
20261003-222355,332.31,Aspect of the Sword,81326,10.3,9750,17030,-223,0,,,,,0
20261003-222355,332.51,Aspect of the Sword,81326,10.5,9580,17210,-223,0,,,,,0
20261003-222355,333.06,Vloxx,,,10300,16380,-212,0,,,,,0
20261003-222355,333.27,Vloxx,,,10170,16590,-212,0,,,,,0
20261003-222355,333.47,Vloxx,,,10040,16800,-212,0,,,,,0
20261003-222355,333.68,Vloxx,,,9910,17010,-212,0,,,,,0
20261003-222355,333.87,Vloxx,,,9780,17230,-212,0,,,,,0
20261003-222355,334.06,Vloxx,,,9640,17440,-212,0,,,,,0
20261003-222355,334.27,Vloxx,,,9510,17650,-212,0,,,,,0
20261003-222355,334.46,Vloxx,,,9380,17860,-212,0,,,,,0
20261003-222355,345.91,Vloxx,81053,4.8,10120,16140,194,1,0,180,0,0,9
20261003-222355,346.43,Vloxx,81053,5.3,10260,16430,194,1,0,180,0,0,9
20261003-222355,346.43,Vloxx,81053,5.3,10680,16070,104,1,0,180,0,0,9
20261003-222355,346.95,Vloxx,81053,5.8,10150,15870,104,1,0,180,0,0,3
20261003-222355,346.95,Vloxx,81053,5.8,10750,16630,14,1,0,-180,0,0,3
20261003-222355,347.35,Vloxx,81053,6.2,10270,16400,194,1,0,180,0,0,0
20261003-222355,347.46,Vloxx,81053,6.3,10710,15760,14,1,0,-180,0,0,0
20261003-222355,347.46,Vloxx,81053,6.3,10190,16700,-76,1,0,-180,0,0,0
20261003-222355,347.87,Vloxx,81053,6.7,10230,15830,104,1,0,180,0,0,0
20261003-222355,347.95,Vloxx,81053,6.8,10160,16460,194,1,0,180,0,0,0
20261003-222355,347.99,Vloxx,81053,6.8,10820,16320,-76,1,0,-180,0,0,0
20261003-222355,348.39,Vloxx,81053,7.2,10800,15800,14,1,0,-180,0,0,0
20261003-222355,348.46,Vloxx,81053,7.3,10220,15890,104,1,0,180,0,0,0
20261003-222355,348.91,Vloxx,81053,7.8,10830,16360,-163,1,0,93,1,87,0
20261003-222355,348.99,Vloxx,81053,7.8,10790,15960,-73,1,0,93,1,87,0
20261003-222355,349.50,Vloxx,81053,8.4,10720,16520,-163,1,0,93,1,87,0
20261003-222355,351.27,Vloxx,81053,10.1,10270,16330,-253,0,,,,,0
20261003-222355,351.47,Vloxx,81053,10.3,10030,16410,-253,0,,,,,0
20261003-222355,351.67,Vloxx,81053,10.5,9790,16480,-253,0,,,,,0
20261003-222355,351.86,Vloxx,81053,10.7,9550,16550,-253,0,,,,,0
20261003-222355,352.07,Vloxx,81053,10.9,9310,16630,-253,0,,,,,0
20261003-222355,352.26,Vloxx,81053,11.1,9070,16700,-253,0,,,,,0
20261003-222355,352.47,Vloxx,81053,11.3,8840,16770,-253,0,,,,,0
20261003-222355,352.66,Vloxx,81053,11.5,8600,16850,-202,0,,,,,0
20261003-222355,362.46,Vloxx,81053,4.8,10330,16520,127,1,0,-180,0,0,4
20261003-222355,362.99,Vloxx,81053,5.3,10440,16270,127,1,0,-180,0,0,7
20261003-222355,362.99,Vloxx,81053,5.3,9950,16100,37,1,0,180,0,0,7
20261003-222355,363.51,Vloxx,81053,5.8,10380,15730,-53,1,0,180,0,0,6
20261003-222355,363.51,Vloxx,81053,5.8,10210,16790,37,1,0,180,0,0,6
20261003-222355,363.90,Vloxx,81053,6.2,10240,16250,127,1,0,-180,0,0,4
20261003-222355,364.02,Vloxx,81053,6.3,10750,16150,-142,1,0,-179,0,0,6
20261003-222355,364.02,Vloxx,81053,6.3,9700,16560,-52,1,0,-179,0,0,6
20261003-222355,364.42,Vloxx,81053,6.7,10790,16120,38,1,0,-179,0,-1,7
20261003-222355,364.51,Vloxx,81053,6.8,10330,16470,128,1,0,-179,0,-1,8
20261003-222355,364.55,Vloxx,81053,6.8,9930,16040,-142,1,0,-179,0,-1,7
20261003-222355,364.94,Vloxx,81053,7.2,10910,16670,-52,1,0,-179,0,-1,0
20261003-222355,365.02,Vloxx,81053,7.3,9960,16040,38,1,0,-179,0,-1,0
20261003-222355,365.47,Vloxx,81053,7.8,10360,16800,-142,1,0,-179,0,-1,0
20261003-222355,365.55,Vloxx,81053,7.8,10380,15670,-52,1,0,-179,0,-1,0
20261003-222355,366.06,Vloxx,81053,8.4,10760,16090,-142,1,0,-180,0,-1,0
20261003-222355,375.43,Vloxx,,,10280,16350,-239,0,,,,,0
20261003-222355,375.62,Vloxx,,,10060,16480,-239,0,,,,,0
20261003-222355,375.82,Vloxx,,,9850,16610,-239,0,,,,,0
20261003-222355,376.03,Vloxx,,,9640,16740,-239,0,,,,,0
20261003-222355,376.23,Vloxx,,,9420,16870,-239,0,,,,,0
20261003-222355,376.42,Vloxx,,,9210,17000,-239,0,,,,,0
20261003-222355,376.62,Vloxx,,,8990,17130,-239,0,,,,,0
20261003-222355,376.83,Vloxx,81053,0.1,8780,17260,-173,0,,,,,0
20261003-222355,381.51,Vloxx,81053,4.8,10180,16520,187,1,0,-180,0,0,0
20261003-222355,382.02,Vloxx,81053,5.3,10110,15960,97,1,0,-180,0,0,1
20261003-222355,382.02,Vloxx,81053,5.3,10350,16290,187,1,0,-180,0,0,1
20261003-222355,382.55,Vloxx,81053,5.8,10650,16770,97,1,0,-180,0,0,0
20261003-222355,382.55,Vloxx,81053,5.8,10670,15890,7,1,0,180,0,0,0
20261003-222355,382.95,Vloxx,81053,6.2,10160,16440,187,1,0,-180,0,0,0
20261003-222355,383.06,Vloxx,81053,6.3,10740,16450,-179,1,0,84,1,0,0
20261003-222355,383.06,Vloxx,81053,6.3,10160,17060,-89,1,0,84,1,0,0
20261003-222355,383.46,Vloxx,81053,6.7,10250,15880,1,1,0,84,1,96,1
20261003-222355,383.55,Vloxx,81053,6.8,10330,16330,91,1,0,84,1,96,1
20261003-222355,383.58,Vloxx,81053,6.8,9870,16580,-179,1,0,84,1,96,1
20261003-222355,383.98,Vloxx,81053,7.2,10810,15980,-89,1,0,84,1,96,0
20261003-222355,384.06,Vloxx,81053,7.3,10240,15770,1,1,0,84,1,96,0
20261003-222355,384.50,Vloxx,81053,7.8,10710,16540,-179,1,0,84,1,96,0
20261003-222355,384.58,Vloxx,81053,7.8,10790,15680,-89,1,0,84,1,96,0
20261003-222355,385.11,Vloxx,81053,8.4,10890,16230,-179,1,0,-180,0,96,0
20261003-222355,385.43,Vloxx,81053,8.7,10270,16310,-269,0,,,,,0
20261003-222355,385.63,Vloxx,81053,8.9,10020,16320,-269,0,,,,,0
20261003-222355,385.82,Vloxx,81053,9.1,9770,16320,-269,0,,,,,0
20261003-222355,386.03,Vloxx,81053,9.3,9520,16320,-269,0,,,,,0
20261003-222355,386.22,Vloxx,81053,9.5,9270,16330,-269,0,,,,,0
20261003-222355,386.43,Vloxx,81053,9.7,9020,16330,-269,0,,,,,0
20261003-222355,386.63,Vloxx,81053,9.9,8770,16330,-269,0,,,,,0
20261003-222355,386.82,Vloxx,81053,10.1,8520,16340,-269,0,,,,,0
20261003-222355,400.02,Aspect of the Sword,81326,5.1,13060,15670,61,0,,,,,5
20261003-222355,400.22,Aspect of the Sword,81326,5.3,12840,15550,61,0,,,,,0
20261003-222355,400.42,Aspect of the Sword,81326,5.5,12620,15430,61,0,,,,,5
20261003-222355,400.63,Aspect of the Sword,81326,5.7,12400,15310,61,0,,,,,0
20261003-222355,400.82,Aspect of the Sword,81326,5.9,12180,15190,61,0,,,,,0
20261003-222355,401.02,Aspect of the Sword,81326,6.1,11960,15070,61,0,,,,,0
20261003-222355,410.50,Vloxx,81053,4.8,12250,15280,110,1,0,-180,0,0,8
20261003-222355,411.03,Vloxx,81053,5.3,11930,15320,110,1,0,-180,0,0,6
20261003-222355,411.03,Vloxx,81053,5.3,12160,15840,20,1,0,-180,0,0,6
20261003-222355,411.55,Vloxx,81053,5.8,12430,15060,20,1,0,-180,0,0,7
20261003-222355,411.55,Vloxx,81053,5.8,11610,15750,-70,1,0,180,0,0,7
20261003-222355,411.95,Vloxx,81053,6.2,12230,15490,110,1,0,-180,0,0,8
20261003-222355,412.06,Vloxx,81053,6.3,12690,15570,-64,1,0,-174,0,0,8
20261003-222355,412.06,Vloxx,81053,6.3,11690,15190,-154,1,0,-174,0,0,8
20261003-222355,412.47,Vloxx,81053,6.7,11660,15510,26,1,0,-174,0,-6,7
20261003-222355,412.55,Vloxx,81053,6.8,12140,15380,116,1,0,-174,0,-6,7
20261003-222355,412.58,Vloxx,81053,6.8,12180,15830,-154,1,0,-174,0,-6,7
20261003-222355,412.99,Vloxx,81053,7.2,11640,14950,-64,1,0,-174,0,-6,5
20261003-222355,413.06,Vloxx,81053,7.3,11800,15830,26,1,0,-174,0,-6,5
20261003-222355,413.50,Vloxx,81053,7.8,12210,14930,-154,1,0,-174,0,-6,7
20261003-222355,413.59,Vloxx,81053,7.8,11350,15490,-64,1,0,-174,0,-6,7
20261003-222355,414.10,Vloxx,81053,8.4,11690,15040,-179,1,0,155,1,-6,6
20261003-222355,416.15,Aspect of the Sword,,,12270,15540,6,0,,,,,0
20261003-222355,416.35,Aspect of the Sword,,,12240,15290,6,0,,,,,0
20261003-222355,416.46,Vloxx,81053,10.7,12040,15380,-269,0,,,,,0
20261003-222355,416.55,Aspect of the Sword,,,12210,15040,6,0,,,,,0
20261003-222355,416.67,Vloxx,81053,10.9,11790,15390,-269,0,,,,,0
20261003-222355,416.75,Aspect of the Sword,,,12190,14790,6,0,,,,,0
20261003-222355,416.86,Vloxx,81053,11.1,11540,15400,-269,0,,,,,0
20261003-222355,416.94,Aspect of the Sword,,,12160,14540,6,0,,,,,0
20261003-222355,417.06,Vloxx,81053,11.3,11290,15400,-269,0,,,,,0
20261003-222355,417.14,Aspect of the Sword,,,12130,14290,6,0,,,,,0
20261003-222355,417.26,Vloxx,81053,11.5,11040,15410,-269,0,,,,,0
20261003-222355,417.46,Vloxx,81053,11.7,10790,15410,-269,0,,,,,0
20261003-222355,417.67,Vloxx,81053,11.9,10540,15420,-269,0,,,,,0
20261003-222355,417.86,Vloxx,,,10290,15420,-269,0,,,,,0
20261003-222355,432.19,Aspect of the Sword,81326,7.8,12200,15620,-263,0,,,,,0
20261003-222355,432.39,Aspect of the Sword,81326,8.0,11950,15650,-263,0,,,,,0
20261003-222355,432.54,Vloxx,81053,4.8,11930,15360,309,1,0,180,0,0,5
20261003-222355,432.58,Aspect of the Sword,81326,8.2,11700,15680,-263,0,,,,,0
20261003-222355,432.79,Aspect of the Sword,81326,8.4,11460,15710,-263,0,,,,,0
20261003-222355,432.98,Aspect of the Sword,81326,8.6,11210,15740,-263,0,,,,,0
20261003-222355,433.07,Vloxx,81053,5.3,12470,15210,219,1,0,180,0,0,7
20261003-222355,433.07,Vloxx,81053,5.3,11970,15480,309,1,0,180,0,0,7
20261003-222355,433.18,Aspect of the Sword,81326,8.8,10960,15770,-263,0,,,,,0
20261003-222355,433.58,Vloxx,81053,5.8,12070,14920,219,1,0,180,0,0,8
20261003-222355,433.58,Vloxx,81053,5.8,12620,15760,129,1,0,-180,0,0,8
20261003-222355,433.99,Vloxx,81053,6.2,11940,15350,309,1,0,180,0,0,10
20261003-222355,434.11,Vloxx,81053,6.3,12080,15910,45,1,0,-173,0,0,10
20261003-222355,434.11,Vloxx,81053,6.3,12630,15020,135,1,0,-173,0,0,10
20261003-222355,434.51,Vloxx,81053,6.7,12500,15260,225,1,0,-173,0,-7,9
20261003-222355,434.58,Vloxx,81053,6.8,12040,15270,315,1,0,-173,0,-7,10
20261003-222355,434.63,Vloxx,81053,6.8,12530,15580,45,1,0,-173,0,-7,10
20261003-222355,435.03,Vloxx,81053,7.2,12590,15820,135,1,0,-173,0,-7,3
20261003-222355,435.11,Vloxx,81053,7.3,12460,15640,225,1,0,-173,0,-7,3
20261003-222355,435.55,Vloxx,81053,7.8,12030,15910,45,1,0,-173,0,-7,4
20261003-222355,435.62,Vloxx,81053,7.8,12080,16060,135,1,0,-173,0,-7,4
20261003-222355,436.14,Vloxx,81053,8.4,11660,15690,45,1,0,180,0,0,0
20261003-222355,436.43,Vloxx,81053,8.6,12100,15370,-45,0,,,,,0
20261003-222355,436.62,Vloxx,81053,8.8,12270,15200,-45,0,,,,,0
20261003-222355,436.83,Vloxx,81053,9.0,12450,15020,-45,0,,,,,0
20261003-222355,437.03,Vloxx,81053,9.2,12620,14840,-45,0,,,,,0
20261003-222355,437.22,Vloxx,81053,9.4,12800,14660,-45,0,,,,,0
20261003-222355,437.42,Vloxx,81053,9.6,12980,14480,-45,0,,,,,0
20261003-222355,437.62,Vloxx,81053,9.8,13150,14310,-45,0,,,,,0
20261003-222355,437.83,Vloxx,81053,10.0,13330,14130,-45,0,,,,,0
20261003-222355,445.23,Vloxx,,,12260,15280,-101,0,,,,,0
20261003-222355,445.43,Vloxx,,,12510,15320,-101,0,,,,,0
20261003-222355,445.62,Vloxx,,,12760,15370,-101,0,,,,,0
20261003-222355,445.83,Vloxx,,,13000,15420,-101,0,,,,,0
20261003-222355,446.02,Vloxx,,,13250,15460,-101,0,,,,,0
20261003-222355,446.23,Vloxx,,,13490,15510,-101,0,,,,,0
20261003-222355,446.42,Vloxx,,,13740,15560,-101,0,,,,,0
20261003-222355,446.63,Vloxx,,,13980,15600,-15,0,,,,,0
20261003-222355,500.15,Vloxx,,,12330,15360,270,1,0,180,0,0,9
20261003-222355,500.15,Vloxx,,,12290,15340,270,1,0,180,0,0,9
20261003-222355,500.15,Vloxx,,,12460,15380,270,1,0,180,0,0,9
20261003-222355,500.66,Vloxx,,,12830,15090,180,1,0,-180,0,0,3
20261003-222355,500.66,Vloxx,,,12950,15090,180,1,0,-180,0,0,3
20261003-222355,500.66,Vloxx,,,12770,15050,180,1,0,-180,0,0,3
20261003-222355,501.18,Vloxx,,,13240,15570,90,1,0,-180,0,0,0
20261003-222355,501.18,Vloxx,,,13070,15540,90,1,0,-180,0,0,0
20261003-222355,501.18,Vloxx,,,13090,15590,90,1,0,-180,0,0,0
20261003-222355,501.70,Vloxx,,,12760,15870,0,1,0,-180,0,0,0
20261003-222355,501.70,Vloxx,,,12600,15860,0,1,0,-180,0,0,0
20261003-222355,501.70,Vloxx,,,12580,15830,0,1,0,-180,0,0,0
20261003-222355,502.18,Aspect of the Sword,81326,5.0,12730,15680,11,0,,,,,0
20261003-222355,502.38,Aspect of the Sword,81326,5.2,12680,15430,11,0,,,,,0
20261003-222355,502.58,Aspect of the Sword,81326,5.4,12630,15190,11,0,,,,,0
20261003-222355,502.78,Aspect of the Sword,81326,5.6,12580,14940,11,0,,,,,0
20261003-222355,502.99,Aspect of the Sword,81326,5.8,12530,14700,11,0,,,,,0
20261003-222355,503.18,Aspect of the Sword,81326,6.0,12490,14450,11,0,,,,,0
20261003-222355,515.15,Vloxx,,,12200,15470,270,1,0,180,0,0,10
20261003-222355,515.15,Vloxx,,,12210,15440,270,1,0,180,0,0,10
20261003-222355,515.15,Vloxx,,,12410,15190,270,1,0,180,0,0,10
20261003-222355,515.66,Vloxx,,,12530,15930,180,1,0,-180,0,0,2
20261003-222355,515.66,Vloxx,,,12320,15750,180,1,0,-180,0,0,2
20261003-222355,515.66,Vloxx,,,12590,15860,180,1,0,-180,0,0,2
20261003-222355,516.18,Vloxx,,,12070,16260,90,1,0,-180,0,0,0
20261003-222355,516.18,Vloxx,,,12160,16230,90,1,0,-180,0,0,0
20261003-222355,516.18,Vloxx,,,11760,15650,90,1,0,-180,0,0,0
20261003-222355,516.70,Vloxx,,,11860,15090,0,1,0,-180,0,0,0
20261003-222355,516.70,Vloxx,,,11740,15800,0,1,0,-180,0,0,0
20261003-222355,516.70,Vloxx,,,11790,15810,0,1,0,-180,0,0,0
20261003-222355,517.78,Aspect of the Sword,,,12230,15480,-79,0,,,,,0
20261003-222355,517.98,Aspect of the Sword,,,12470,15440,-79,0,,,,,0
20261003-222355,518.18,Aspect of the Sword,,,12720,15390,-79,0,,,,,0
20261003-222355,518.38,Aspect of the Sword,,,12960,15340,-79,0,,,,,0
20261003-222355,518.58,Aspect of the Sword,,,13210,15300,-79,0,,,,,0
20261003-222355,518.78,Aspect of the Sword,,,13460,15250,-79,0,,,,,0
20261003-222355,530.14,Vloxx,,,12180,14990,270,1,0,180,0,0,0
20261003-222355,530.14,Vloxx,,,12230,14950,270,1,0,180,0,0,0
20261003-222355,530.14,Vloxx,,,12270,15400,270,1,0,180,0,0,0
20261003-222355,530.66,Vloxx,,,11740,14630,180,1,0,-180,0,0,4
20261003-222355,530.66,Vloxx,,,11830,14540,180,1,0,-180,0,0,4
20261003-222355,530.66,Vloxx,,,11710,15290,180,1,0,-180,0,0,4
20261003-222355,531.18,Vloxx,,,12240,14150,90,1,0,-180,0,0,0
20261003-222355,531.18,Vloxx,,,11830,14730,90,1,0,-180,0,0,0
20261003-222355,531.18,Vloxx,,,12100,14190,90,1,0,-180,0,0,0
20261003-222355,531.70,Vloxx,,,12540,14550,0,1,0,-180,0,0,0
20261003-222355,531.70,Vloxx,,,12630,14550,0,1,0,-180,0,0,0
20261003-222355,531.70,Vloxx,,,12380,14840,0,1,0,-180,0,0,0
20261003-222355,533.50,Aspect of the Sword,81326,6.4,12280,15160,-200,0,,,,,0
20261003-222355,533.70,Aspect of the Sword,81326,6.6,12190,15390,-200,0,,,,,0
20261003-222355,533.90,Aspect of the Sword,81326,6.8,12110,15630,-200,0,,,,,0
20261003-222355,534.10,Aspect of the Sword,81326,7.0,12020,15860,-200,0,,,,,0
20261003-222355,534.30,Aspect of the Sword,81326,7.2,11940,16100,-200,0,,,,,0
20261003-222355,534.50,Aspect of the Sword,81326,7.4,11860,16340,-200,0,,,,,0
20261003-222355,545.14,Vloxx,,,12230,15310,270,1,0,180,0,0,1
20261003-222355,545.14,Vloxx,,,12130,15480,270,1,0,180,0,0,1
20261003-222355,545.14,Vloxx,,,12220,15370,270,1,0,180,0,0,1
20261003-222355,545.66,Vloxx,,,11800,15000,180,1,0,-180,0,0,10
20261003-222355,545.66,Vloxx,,,12030,14780,180,1,0,-180,0,0,10
20261003-222355,545.66,Vloxx,,,11990,14940,180,1,0,-180,0,0,10
20261003-222355,546.18,Vloxx,,,12560,14580,90,1,0,-180,0,0,6
20261003-222355,546.18,Vloxx,,,12530,14790,90,1,0,-180,0,0,6
20261003-222355,546.18,Vloxx,,,12170,14570,90,1,0,-180,0,0,6
20261003-222355,546.71,Vloxx,,,12760,15110,0,1,0,-180,0,0,0
20261003-222355,546.71,Vloxx,,,12680,15340,0,1,0,-180,0,0,0
20261003-222355,546.71,Vloxx,,,12590,14940,0,1,0,-180,0,0,0
20261003-222355,549.22,Aspect of the Sword,,,11980,14820,85,0,,,,,0
20261003-222355,549.42,Aspect of the Sword,,,11730,14800,85,0,,,,,0
20261003-222355,549.62,Aspect of the Sword,,,11490,14780,85,0,,,,,0
20261003-222355,549.82,Aspect of the Sword,,,11240,14760,85,0,,,,,0
20261003-222355,550.01,Aspect of the Sword,,,10990,14740,85,0,,,,,0
20261003-222355,550.22,Aspect of the Sword,,,10740,14720,85,0,,,,,0
20261003-234425,273.23,Aspect of the Sword,81326,5.1,13020,15770,-190,0,,,,,0
20261003-234425,273.42,Aspect of the Sword,81326,5.3,12980,16020,-190,0,,,,,0
20261003-234425,273.62,Aspect of the Sword,81326,5.5,12930,16260,-190,0,,,,,2
20261003-234425,273.82,Aspect of the Sword,81326,5.7,12890,16510,-190,0,,,,,0
20261003-234425,274.02,Aspect of the Sword,81326,5.9,12840,16760,-190,0,,,,,0
20261003-234425,274.23,Aspect of the Sword,81326,6.1,12800,17000,-190,0,,,,,0
20261003-234425,288.71,Aspect of the Sword,,,12010,15780,-18,0,,,,,0
20261003-234425,288.91,Aspect of the Sword,,,12090,15550,-18,0,,,,,0
20261003-234425,289.10,Aspect of the Sword,,,12170,15310,-18,0,,,,,0
20261003-234425,289.31,Aspect of the Sword,,,12250,15070,-18,0,,,,,0
20261003-234425,289.51,Aspect of the Sword,,,12320,14830,-18,0,,,,,0
20261003-234425,289.71,Aspect of the Sword,,,12400,14590,-18,0,,,,,0
20261003-234425,304.07,Aspect of the Sword,81326,6.7,11980,15880,-10,0,,,,,0
20261003-234425,304.27,Aspect of the Sword,81326,6.9,12020,15640,-10,0,,,,,0
20261003-234425,304.46,Aspect of the Sword,81326,7.1,12070,15390,-10,0,,,,,0
20261003-234425,304.66,Aspect of the Sword,81326,7.3,12110,15140,-10,0,,,,,0
20261003-234425,304.87,Aspect of the Sword,81326,7.5,12150,14900,-10,0,,,,,0
20261003-234425,305.07,Aspect of the Sword,81326,7.7,12200,14650,-10,0,,,,,0
20261003-234425,319.62,Aspect of the Sword,,,12360,15300,42,0,,,,,0
20261003-234425,319.82,Aspect of the Sword,,,12200,15120,42,0,,,,,0
20261003-234425,320.03,Aspect of the Sword,,,12030,14930,42,0,,,,,0
20261003-234425,320.22,Aspect of the Sword,,,11860,14750,42,0,,,,,0
20261003-234425,320.43,Aspect of the Sword,,,11700,14560,42,0,,,,,0
20261003-234425,320.63,Aspect of the Sword,,,11530,14370,42,0,,,,,0
20261003-234425,338.19,Vloxx,81053,4.8,10320,15740,283,1,0,-180,0,0,9
20261003-234425,338.70,Vloxx,81053,5.3,10590,15240,193,1,0,180,0,0,8
20261003-234425,338.70,Vloxx,81053,5.3,10140,15770,283,1,0,-180,0,0,8
20261003-234425,339.22,Vloxx,81053,5.8,11090,15520,103,1,0,180,0,0,3
20261003-234425,339.22,Vloxx,81053,5.8,10480,15310,193,1,0,180,0,0,3
20261003-234425,339.63,Vloxx,81053,6.2,10210,15750,283,1,0,-180,0,0,6
20261003-234425,339.74,Vloxx,81053,6.3,10930,15650,103,1,0,180,0,0,6
20261003-234425,339.74,Vloxx,81053,6.3,10810,16010,13,1,0,-180,0,0,6
20261003-234425,340.14,Vloxx,81053,6.7,10620,15360,193,1,0,180,0,0,6
20261003-234425,340.22,Vloxx,81053,6.8,10240,15600,283,1,0,-180,0,0,7
20261003-234425,340.27,Vloxx,81053,6.8,10600,16100,13,1,0,-180,0,0,6
20261003-234425,340.66,Vloxx,81053,7.2,11010,15780,103,1,0,180,0,0,6
20261003-234425,340.74,Vloxx,81053,7.3,10710,15910,193,1,0,180,0,0,6
20261003-234425,341.18,Vloxx,81053,7.8,10590,16160,13,1,0,-180,0,0,5
20261003-234425,341.26,Vloxx,81053,7.8,10400,16380,103,1,0,180,0,0,5
20261003-234425,341.78,Vloxx,81053,8.4,9920,16070,-70,1,0,97,1,83,7
20261003-234425,345.78,Vloxx,,,10240,15820,-202,0,,,,,0
20261003-234425,345.98,Vloxx,,,10140,16050,-202,0,,,,,0
20261003-234425,346.19,Vloxx,,,10050,16280,-202,0,,,,,0
20261003-234425,346.39,Vloxx,,,9960,16510,-202,0,,,,,0
20261003-234425,346.58,Vloxx,,,9860,16750,-202,0,,,,,0
20261003-234425,346.78,Vloxx,,,9770,16980,-202,0,,,,,0
20261003-234425,346.99,Vloxx,,,9670,17210,-202,0,,,,,0
20261003-234425,347.18,Vloxx,,,9580,17440,-202,0,,,,,0
20261003-234425,358.82,Vloxx,81053,4.8,10300,15600,120,1,0,-180,0,0,5
20261003-234425,359.35,Vloxx,81053,5.3,10600,16080,30,1,0,180,0,0,10
20261003-234425,359.35,Vloxx,81053,5.3,10130,15630,120,1,0,-180,0,0,10
20261003-234425,359.86,Vloxx,81053,5.8,10690,15590,30,1,0,180,0,0,4
20261003-234425,359.86,Vloxx,81053,5.8,10130,16380,-61,1,0,180,0,0,4
20261003-234425,360.26,Vloxx,81053,6.2,10130,15880,120,1,0,-180,0,0,1
20261003-234425,360.38,Vloxx,81053,6.3,9820,15900,-150,1,0,-180,0,0,1
20261003-234425,360.38,Vloxx,81053,6.3,10720,16160,-61,1,0,180,0,0,1
20261003-234425,360.78,Vloxx,81053,6.7,10140,15320,30,1,0,180,0,0,7
20261003-234425,360.86,Vloxx,81053,6.8,10410,15540,120,1,0,-180,0,0,7
20261003-234425,360.90,Vloxx,81053,6.8,10160,16190,-150,1,0,-180,0,0,7
20261003-234425,361.30,Vloxx,81053,7.2,10710,15330,-61,1,0,180,0,0,6
20261003-234425,361.38,Vloxx,81053,7.3,10510,16100,30,1,0,180,0,0,6
20261003-234425,361.83,Vloxx,81053,7.8,10690,15900,-150,1,0,-180,0,0,1
20261003-234425,361.90,Vloxx,81053,7.8,9960,16200,-61,1,0,180,0,0,1
20261003-234425,362.42,Vloxx,81053,8.4,9860,15640,-153,1,0,178,0,2,2
20261003-234425,364.46,Vloxx,81053,10.4,10200,15780,-243,0,,,,,0
20261003-234425,364.66,Vloxx,81053,10.6,9980,15900,-243,0,,,,,0
20261003-234425,364.87,Vloxx,81053,10.8,9760,16010,-243,0,,,,,0
20261003-234425,365.06,Vloxx,81053,11.0,9530,16130,-243,0,,,,,0
20261003-234425,365.26,Vloxx,81053,11.2,9310,16240,-243,0,,,,,0
20261003-234425,365.46,Vloxx,81053,11.4,9090,16350,-243,0,,,,,0
20261003-234425,365.66,Vloxx,81053,11.6,8870,16470,-243,0,,,,,0
20261003-234425,365.86,Vloxx,81053,11.8,8640,16580,46,0,,,,,0
20261003-234425,375.06,Vloxx,81053,4.8,10130,15580,352,1,0,-180,0,0,4
20261003-234425,375.58,Vloxx,81053,5.3,10240,15820,352,1,0,-180,0,0,7
20261003-234425,375.58,Vloxx,81053,5.3,10690,15650,262,1,0,180,0,0,7
20261003-234425,376.10,Vloxx,81053,5.8,10020,15300,262,1,0,180,0,0,7
20261003-234425,376.10,Vloxx,81053,5.8,10630,16210,172,1,0,180,0,0,7
20261003-234425,376.50,Vloxx,81053,6.2,10270,15740,352,1,0,-180,0,0,7
20261003-234425,376.62,Vloxx,81053,6.3,10540,15080,172,1,0,180,0,0,7
20261003-234425,376.62,Vloxx,81053,6.3,10060,16140,82,1,0,-180,0,0,7
20261003-234425,377.02,Vloxx,81053,6.7,10000,15240,237,1,0,155,1,25,9
20261003-234425,377.10,Vloxx,81053,6.8,10330,15790,327,1,0,155,1,25,9
20261003-234425,377.14,Vloxx,81053,6.8,10760,15600,57,1,0,155,1,25,9
20261003-234425,377.54,Vloxx,81053,7.2,10500,14980,147,1,0,155,1,25,4
20261003-234425,377.62,Vloxx,81053,7.3,9770,15890,237,1,0,155,1,25,4
20261003-234425,378.06,Vloxx,81053,7.8,10770,15480,57,1,0,155,1,25,3
20261003-234425,378.14,Vloxx,81053,7.8,9680,15330,147,1,0,155,1,25,3
20261003-234425,378.67,Vloxx,81053,8.4,10230,15240,57,1,0,-180,0,25,1
20261003-234425,387.94,Vloxx,,,10230,15680,28,0,,,,,0
20261003-234425,388.14,Vloxx,,,10110,15460,28,0,,,,,0
20261003-234425,388.34,Vloxx,,,10000,15240,28,0,,,,,0
20261003-234425,388.54,Vloxx,,,9880,15020,28,0,,,,,0
20261003-234425,388.74,Vloxx,,,9760,14800,28,0,,,,,0
20261003-234425,388.94,Vloxx,,,9650,14580,28,0,,,,,0
20261003-234425,389.14,Vloxx,,,9530,14360,28,0,,,,,0
20261003-234425,389.34,Vloxx,81053,0.1,9410,14140,41,0,,,,,0
20261003-234425,394.02,Vloxx,81053,4.8,10110,15670,401,1,0,-180,0,0,0
20261003-234425,394.54,Vloxx,81053,5.3,10220,15640,401,1,0,-180,0,0,0
20261003-234425,394.54,Vloxx,81053,5.3,10640,15490,311,1,0,180,0,0,0
20261003-234425,395.06,Vloxx,81053,5.8,10820,16030,221,1,0,180,0,0,0
20261003-234425,395.06,Vloxx,81053,5.8,10740,15870,311,1,0,180,0,0,0
20261003-234425,395.46,Vloxx,81053,6.2,10160,15770,401,1,0,-180,0,0,0
20261003-234425,395.58,Vloxx,81053,6.3,10510,16390,221,1,0,-180,0,0,0
20261003-234425,395.58,Vloxx,81053,6.3,10280,16210,131,1,0,-180,0,0,0
20261003-234425,395.98,Vloxx,81053,6.7,10500,15310,311,1,0,-180,0,0,1
20261003-234425,396.06,Vloxx,81053,6.8,10130,15800,401,1,0,-180,0,0,1
20261003-234425,396.10,Vloxx,81053,6.8,9990,16160,131,1,0,-180,0,0,1
20261003-234425,396.50,Vloxx,81053,7.2,10950,15650,221,1,0,-180,0,0,0
20261003-234425,396.58,Vloxx,81053,7.3,10370,15290,311,1,0,-180,0,0,0
20261003-234425,397.02,Vloxx,81053,7.8,10610,16100,131,1,0,-180,0,0,0
20261003-234425,397.10,Vloxx,81053,7.8,10890,15530,221,1,0,-180,0,0,0
20261003-234425,397.62,Vloxx,81053,8.4,10640,16040,131,1,0,-180,0,0,0
20261003-234425,397.94,Vloxx,81053,8.7,10220,15690,41,0,,,,,0
20261003-234425,398.14,Vloxx,81053,8.9,10050,15510,41,0,,,,,0
20261003-234425,398.34,Vloxx,81053,9.1,9890,15320,41,0,,,,,0
20261003-234425,398.54,Vloxx,81053,9.3,9720,15130,41,0,,,,,0
20261003-234425,398.74,Vloxx,81053,9.5,9560,14940,41,0,,,,,0
20261003-234425,398.94,Vloxx,81053,9.7,9390,14760,41,0,,,,,0
20261003-234425,399.14,Vloxx,81053,9.9,9230,14570,41,0,,,,,0
20261003-234425,399.33,Vloxx,81053,10.1,9060,14380,41,0,,,,,0
20261003-234425,422.30,Vloxx,81053,4.8,9910,14820,238,1,0,-180,0,0,7
20261003-234425,422.82,Vloxx,81053,5.3,10020,14910,238,1,0,-180,0,0,10
20261003-234425,422.83,Vloxx,81053,5.3,10150,14310,148,1,0,-180,0,0,10
20261003-234425,423.34,Vloxx,81053,5.8,10660,14550,58,1,0,-180,0,0,6
20261003-234425,423.34,Vloxx,81053,5.8,10540,14670,148,1,0,-180,0,0,6
20261003-234425,423.74,Vloxx,81053,6.2,9870,14830,238,1,0,-180,0,0,6
20261003-234425,423.86,Vloxx,81053,6.3,10770,15190,55,1,0,178,0,0,5
20261003-234425,423.86,Vloxx,81053,6.3,10420,15060,-35,1,0,178,0,0,5
20261003-234425,424.26,Vloxx,81053,6.7,10140,14340,145,1,0,178,0,2,9
20261003-234425,424.34,Vloxx,81053,6.8,9810,14950,235,1,0,178,0,2,10
20261003-234425,424.38,Vloxx,81053,6.8,10260,15420,-35,1,0,178,0,2,4
20261003-234425,424.78,Vloxx,81053,7.2,10640,14600,55,1,0,178,0,2,3
20261003-234425,424.86,Vloxx,81053,7.3,9560,14440,145,1,0,178,0,2,3
20261003-234425,425.30,Vloxx,81053,7.8,10370,15100,-35,1,0,178,0,2,4
20261003-234425,425.38,Vloxx,81053,7.8,10070,14190,55,1,0,178,0,2,4
20261003-234425,425.89,Vloxx,81053,8.4,10320,14700,-115,1,0,100,1,2,2
20261003-234425,428.19,Vloxx,81053,10.7,9820,14910,-205,0,,,,,0
20261003-234425,428.38,Vloxx,81053,10.8,9720,15140,-205,0,,,,,0
20261003-234425,428.58,Vloxx,81053,11.0,9610,15360,-205,0,,,,,0
20261003-234425,428.78,Vloxx,81053,11.2,9510,15590,-205,0,,,,,0
20261003-234425,428.98,Vloxx,81053,11.4,9400,15820,-205,0,,,,,0
20261003-234425,429.18,Vloxx,81053,11.6,9300,16050,-205,0,,,,,0
20261003-234425,429.38,Vloxx,81053,11.8,9200,16270,-205,0,,,,,0
20261003-234425,429.58,Vloxx,,,9090,16500,-205,0,,,,,0
20261003-234425,443.62,Vloxx,81053,4.8,9810,14840,209,1,0,-180,0,0,9
20261003-234425,444.14,Vloxx,81053,5.3,10250,14480,119,1,0,180,0,0,10
20261003-234425,444.14,Vloxx,81053,5.3,9740,14820,209,1,0,-180,0,0,10
20261003-234425,444.66,Vloxx,81053,5.8,10610,14920,29,1,0,180,0,0,9
20261003-234425,444.66,Vloxx,81053,5.8,10220,14510,119,1,0,180,0,0,9
20261003-234425,445.06,Vloxx,81053,6.2,9720,14800,209,1,0,-180,0,0,10
20261003-234425,445.17,Vloxx,81053,6.3,10520,14990,76,1,0,-133,1,0,10
20261003-234425,445.18,Vloxx,81053,6.3,10170,15280,-14,1,0,-133,1,0,10
20261003-234425,445.58,Vloxx,81053,6.7,10220,14530,166,1,0,-133,1,-47,10
20261003-234425,445.66,Vloxx,81053,6.8,9800,14830,256,1,0,-133,1,-47,10
20261003-234425,445.70,Vloxx,81053,6.8,10040,15290,-14,1,0,-133,1,-47,10
20261003-234425,446.09,Vloxx,81053,7.2,10490,15030,76,1,0,-133,1,-47,10
20261003-234425,446.18,Vloxx,81053,7.3,10290,14540,166,1,0,-133,1,-47,10
20261003-234425,446.62,Vloxx,81053,7.8,10000,15300,-14,1,0,-133,1,-47,9
20261003-234425,446.69,Vloxx,81053,7.8,10580,15030,76,1,0,-133,1,-47,9
20261003-234425,447.21,Vloxx,81053,8.4,10090,15320,-14,1,0,-180,0,-47,8
20261003-234425,455.13,Aspect of the Sword,81326,5.0,12970,15670,65,0,,,,,0
20261003-234425,455.34,Aspect of the Sword,81326,5.2,12740,15560,65,0,,,,,0
20261003-234425,455.54,Aspect of the Sword,81326,5.4,12520,15450,65,0,,,,,0
20261003-234425,455.74,Aspect of the Sword,81326,5.6,12290,15350,65,0,,,,,0
20261003-234425,455.94,Aspect of the Sword,81326,5.8,12060,15240,65,0,,,,,0
20261003-234425,456.14,Aspect of the Sword,81326,6.0,11840,15130,65,0,,,,,0
20261003-234425,472.50,Aspect of the Sword,,,11680,15150,-177,0,,,,,0
20261003-234425,472.69,Aspect of the Sword,,,11690,15400,-177,0,,,,,0
20261003-234425,472.89,Aspect of the Sword,,,11710,15650,-177,0,,,,,0
20261003-234425,473.09,Aspect of the Sword,,,11720,15900,-177,0,,,,,0
20261003-234425,473.29,Aspect of the Sword,,,11730,16150,-177,0,,,,,0
20261003-234425,473.50,Aspect of the Sword,,,11740,16400,-177,0,,,,,0
20261003-234425,489.89,Aspect of the Sword,81326,9.2,12210,15220,-187,0,,,,,0
20261003-234425,490.10,Aspect of the Sword,81326,9.4,12180,15470,-187,0,,,,,0
20261003-234425,490.30,Aspect of the Sword,81326,9.6,12150,15720,-187,0,,,,,0
20261003-234425,490.49,Aspect of the Sword,81326,9.8,12120,15970,-187,0,,,,,0
20261003-234425,490.69,Aspect of the Sword,81326,10.0,12090,16220,-187,0,,,,,0
20261003-234425,490.90,Aspect of the Sword,81326,10.2,12070,16470,-187,0,,,,,0
20261003-234425,503.03,Vloxx,,,12360,15440,270,1,0,180,0,0,10
20261003-234425,503.03,Vloxx,,,12450,15490,270,1,0,180,0,0,10
20261003-234425,503.03,Vloxx,,,12360,15430,270,1,10,180,0,0,10
20261003-234425,503.54,Vloxx,,,13010,15400,180,1,0,-180,0,0,0
20261003-234425,503.54,Vloxx,,,12920,15400,180,1,0,-180,0,0,0
20261003-234425,503.54,Vloxx,,,12920,15370,180,1,0,-180,0,0,0
20261003-234425,504.06,Vloxx,,,12960,15970,90,1,0,-180,0,0,0
20261003-234425,504.06,Vloxx,,,13100,15950,90,1,0,-180,0,0,0
20261003-234425,504.06,Vloxx,,,12980,15930,90,1,0,-180,0,0,0
20261003-234425,504.58,Vloxx,,,12540,16050,0,1,0,-180,0,0,0
20261003-234425,504.58,Vloxx,,,12420,16000,0,1,0,-180,0,0,0
20261003-234425,504.58,Vloxx,,,12400,16010,0,1,0,-180,0,0,0
20261003-234425,505.61,Aspect of the Sword,,,12790,15410,-28,0,,,,,0
20261003-234425,505.81,Aspect of the Sword,,,12900,15190,-28,0,,,,,0
20261003-234425,506.02,Aspect of the Sword,,,13020,14970,-28,0,,,,,0
20261003-234425,506.21,Aspect of the Sword,,,13140,14750,-28,0,,,,,0
20261003-234425,506.41,Aspect of the Sword,,,13250,14530,-28,0,,,,,0
20261003-234425,506.61,Aspect of the Sword,,,13370,14310,-28,0,,,,,0
20261003-234425,518.01,Vloxx,,,11990,15430,270,1,0,180,0,0,2
20261003-234425,518.01,Vloxx,,,12340,15350,270,1,0,180,0,0,2
20261003-234425,518.01,Vloxx,,,11960,15340,270,1,0,180,0,0,2
20261003-234425,518.54,Vloxx,,,11870,15670,180,1,0,-180,0,0,6
20261003-234425,518.54,Vloxx,,,11590,15770,180,1,0,-180,0,0,6
20261003-234425,518.54,Vloxx,,,11780,15950,180,1,0,-180,0,0,6
20261003-234425,519.05,Vloxx,,,11550,15210,90,1,0,-180,0,0,0
20261003-234425,519.05,Vloxx,,,11260,15740,90,1,0,-180,0,0,0
20261003-234425,519.05,Vloxx,,,11170,15390,90,1,0,-180,0,0,0
20261003-234425,519.57,Vloxx,,,11470,15220,0,1,0,-180,0,0,0
20261003-234425,519.57,Vloxx,,,11540,14970,0,1,0,-180,0,0,0
20261003-234425,519.57,Vloxx,,,12010,14890,0,1,0,-180,0,0,0
20261003-234425,533.01,Vloxx,,,12200,15480,270,1,0,180,0,0,7
20261003-234425,533.01,Vloxx,,,12250,15400,270,1,0,180,0,0,7
20261003-234425,533.01,Vloxx,,,12520,16280,270,1,0,180,0,0,7
20261003-234425,533.54,Vloxx,,,12750,15650,180,1,0,-180,0,0,7
20261003-234425,533.54,Vloxx,,,12550,15930,180,1,0,-180,0,0,7
20261003-234425,533.54,Vloxx,,,13030,16540,180,1,0,-180,0,0,7
20261003-234425,534.05,Vloxx,,,12500,16160,90,1,0,-180,0,0,6
20261003-234425,534.06,Vloxx,,,12100,16270,90,1,0,-180,0,0,6
20261003-234425,534.06,Vloxx,,,12760,17040,90,1,0,-180,0,0,6
20261003-234425,534.57,Vloxx,,,11750,15820,0,1,0,-180,0,0,0
20261003-234425,534.57,Vloxx,,,12260,16780,0,1,0,-180,0,0,0
20261003-234425,534.57,Vloxx,,,11990,15910,0,1,0,-180,0,0,0
20261003-234425,548.01,Vloxx,,,12400,15280,270,1,0,180,0,0,0
20261003-234425,548.01,Vloxx,,,12010,15340,270,1,0,180,0,0,0
20261003-234425,548.01,Vloxx,,,12070,15320,270,1,0,180,0,0,0
20261003-234425,548.53,Vloxx,,,11630,15760,180,1,0,-180,0,0,0
20261003-234425,548.53,Vloxx,,,11650,15690,180,1,0,-180,0,0,0
20261003-234425,548.53,Vloxx,,,12110,15770,180,1,0,-180,0,0,0
20261003-234425,549.05,Vloxx,,,11620,15490,90,1,0,-180,0,0,4
20261003-234425,549.05,Vloxx,,,11210,15380,90,1,0,-180,0,0,4
20261003-234425,549.05,Vloxx,,,11280,15260,90,1,0,-180,0,0,4
20261003-234425,549.57,Vloxx,,,11910,15000,0,1,0,-180,0,0,0
20261003-234425,549.57,Vloxx,,,11590,14960,0,1,0,-180,0,0,0
20261003-234425,549.57,Vloxx,,,11700,14890,0,1,0,-180,0,0,0
20261003-234425,563.01,Vloxx,,,12170,15380,270,1,0,180,0,0,4
20261003-234425,563.01,Vloxx,,,12180,15360,270,1,0,180,0,0,4
20261003-234425,563.01,Vloxx,,,12200,15410,270,1,0,180,0,0,4
20261003-234425,563.53,Vloxx,,,11900,14930,180,1,0,-180,0,0,4
20261003-234425,563.53,Vloxx,,,12140,14820,180,1,0,-180,0,0,4
20261003-234425,563.53,Vloxx,,,12240,14800,180,1,0,-180,0,0,4
20261003-234425,564.05,Vloxx,,,12700,14780,90,1,0,-180,0,0,7
20261003-234425,564.05,Vloxx,,,12380,14630,90,1,0,-180,0,0,7
20261003-234425,564.05,Vloxx,,,12800,14870,90,1,0,-180,0,0,7
20261003-234425,564.57,Vloxx,,,12680,15110,0,1,0,-180,0,0,7
20261003-234425,564.58,Vloxx,,,12740,15350,0,1,0,-180,0,0,7
20261003-234425,564.58,Vloxx,,,12740,15430,0,1,0,-180,0,0,7
20261003-234425,571.65,Aspect of the Sword,81326,5.0,12800,15600,73,0,,,,,2
20261003-234425,571.85,Aspect of the Sword,81326,5.2,12560,15530,73,0,,,,,0
20261003-234425,572.05,Aspect of the Sword,81326,5.4,12320,15460,73,0,,,,,1
20261003-234425,572.25,Aspect of the Sword,81326,5.6,12080,15380,73,0,,,,,0
20261003-234425,572.47,Aspect of the Sword,81326,5.9,11840,15310,73,0,,,,,0
20261003-234425,572.65,Aspect of the Sword,81326,6.0,11600,15230,73,0,,,,,0
20261003-234425,578.00,Vloxx,,,12240,15340,270,1,0,180,0,0,0
20261003-234425,578.00,Vloxx,,,12070,14670,270,1,0,180,0,0,0
20261003-234425,578.53,Vloxx,,,12790,15200,180,1,0,-180,0,0,0
20261003-234425,578.53,Vloxx,,,11600,14360,180,1,0,-180,0,0,0
20261003-235149,273.11,Aspect of the Sword,81326,5.0,13000,15630,27,0,,,,,1
20261003-235149,273.31,Aspect of the Sword,81326,5.2,12890,15410,27,0,,,,,0
20261003-235149,273.50,Aspect of the Sword,81326,5.4,12770,15190,27,0,,,,,2
20261003-235149,273.71,Aspect of the Sword,81326,5.6,12660,14960,27,0,,,,,0
20261003-235149,273.90,Aspect of the Sword,81326,5.8,12550,14740,27,0,,,,,0
20261003-235149,274.11,Aspect of the Sword,81326,6.0,12430,14520,27,0,,,,,0
20261003-235149,288.79,Aspect of the Sword,,,12180,15570,-97,0,,,,,0
20261003-235149,288.99,Aspect of the Sword,,,12430,15600,-97,0,,,,,0
20261003-235149,289.18,Aspect of the Sword,,,12680,15630,-97,0,,,,,0
20261003-235149,289.38,Aspect of the Sword,,,12930,15660,-97,0,,,,,0
20261003-235149,289.59,Aspect of the Sword,,,13180,15690,-97,0,,,,,0
20261003-235149,289.78,Aspect of the Sword,,,13430,15720,-97,0,,,,,0
20261003-235149,305.22,Aspect of the Sword,81326,6.7,12110,15500,-28,0,,,,,0
20261003-235149,305.43,Aspect of the Sword,81326,6.9,12230,15280,-28,0,,,,,0
20261003-235149,305.63,Aspect of the Sword,81326,7.1,12350,15060,-28,0,,,,,0
20261003-235149,305.82,Aspect of the Sword,81326,7.3,12470,14840,-28,0,,,,,0
20261003-235149,306.03,Aspect of the Sword,81326,7.5,12590,14620,-28,0,,,,,0
20261003-235149,306.22,Aspect of the Sword,81326,7.7,12710,14400,-28,0,,,,,0
20261003-235149,317.14,Vloxx,81053,4.8,10320,15350,265,1,0,-180,0,0,6
20261003-235149,317.67,Vloxx,81053,5.3,10600,15350,265,1,0,-180,0,0,6
20261003-235149,317.67,Vloxx,81053,5.3,10400,14790,175,1,0,-180,0,0,6
20261003-235149,318.19,Vloxx,81053,5.8,10960,14870,85,1,0,180,0,0,2
20261003-235149,318.19,Vloxx,81053,5.8,10920,14880,175,1,0,-180,0,0,2
20261003-235149,318.59,Vloxx,81053,6.2,10250,15450,265,1,0,-180,0,0,7
20261003-235149,318.70,Vloxx,81053,6.3,11380,15200,85,1,0,180,0,0,7
20261003-235149,318.70,Vloxx,81053,6.3,10880,15430,-5,1,0,180,0,0,7
20261003-235149,319.10,Vloxx,81053,6.7,10810,15450,175,1,0,-180,0,0,5
20261003-235149,319.19,Vloxx,81053,6.8,10170,15410,265,1,0,-180,0,0,7
20261003-235149,319.23,Vloxx,81053,6.8,11070,15670,-5,1,0,180,0,0,7
20261003-235149,319.63,Vloxx,81053,7.2,10810,16020,85,1,0,180,0,0,6
20261003-235149,319.70,Vloxx,81053,7.3,10680,15150,175,1,0,-180,0,0,6
20261003-235149,320.14,Vloxx,81053,7.8,10240,16010,-5,1,0,180,0,0,4
20261003-235149,320.23,Vloxx,81053,7.8,10930,15660,85,1,0,180,0,0,4
20261003-235149,320.74,Vloxx,81053,8.4,10430,15910,2,1,0,-173,0,-7,1
20261003-235149,321.23,Aspect of the Sword,,,10610,15540,57,0,,,,,0
20261003-235149,321.42,Aspect of the Sword,,,10400,15400,57,0,,,,,0
20261003-235149,321.62,Aspect of the Sword,,,10190,15270,57,0,,,,,0
20261003-235149,321.82,Aspect of the Sword,,,9980,15130,57,0,,,,,0
20261003-235149,322.02,Aspect of the Sword,,,9770,15000,57,0,,,,,0
20261003-235149,322.22,Aspect of the Sword,,,9560,14870,57,0,,,,,0
20261004-000409,257.87,Aspect of the Sword,81326,5.1,12770,15610,69,0,,,,,0
20261004-000409,258.07,Aspect of the Sword,81326,5.3,12540,15530,69,0,,,,,0
20261004-000409,258.27,Aspect of the Sword,81326,5.5,12300,15440,69,0,,,,,1
20261004-000409,258.48,Aspect of the Sword,81326,5.7,12070,15350,69,0,,,,,0
20261004-000409,258.67,Aspect of the Sword,81326,5.9,11840,15260,69,0,,,,,0
20261004-000409,258.86,Aspect of the Sword,81326,6.1,11600,15170,69,0,,,,,0
20261004-000409,273.84,Aspect of the Sword,,,11500,15710,-116,0,,,,,0
20261004-000409,274.03,Aspect of the Sword,,,11720,15820,-116,0,,,,,0
20261004-000409,274.23,Aspect of the Sword,,,11940,15930,-116,0,,,,,0
20261004-000409,274.43,Aspect of the Sword,,,12170,16040,-116,0,,,,,0
20261004-000409,274.63,Aspect of the Sword,,,12390,16150,-116,0,,,,,0
20261004-000409,274.83,Aspect of the Sword,,,12620,16260,-116,0,,,,,0
20261004-000409,289.35,Aspect of the Sword,81326,6.7,12160,15420,-78,0,,,,,0
20261004-000409,289.55,Aspect of the Sword,81326,6.9,12400,15370,-78,0,,,,,0
20261004-000409,289.75,Aspect of the Sword,81326,7.1,12650,15320,-78,0,,,,,0
20261004-000409,289.95,Aspect of the Sword,81326,7.3,12890,15260,-78,0,,,,,0
20261004-000409,290.15,Aspect of the Sword,81326,7.5,13130,15210,-78,0,,,,,0
20261004-000409,290.35,Aspect of the Sword,81326,7.7,13380,15160,-78,0,,,,,0
20261004-000409,305.07,Aspect of the Sword,,,12010,15520,-87,0,,,,,0
20261004-000409,305.27,Aspect of the Sword,,,12260,15510,-87,0,,,,,0
20261004-000409,305.48,Aspect of the Sword,,,12510,15490,-87,0,,,,,0
20261004-000409,305.67,Aspect of the Sword,,,12760,15480,-87,0,,,,,0
20261004-000409,305.87,Aspect of the Sword,,,13000,15470,-87,0,,,,,0
20261004-000409,306.07,Aspect of the Sword,,,13250,15460,-87,0,,,,,0
20261004-000409,311.03,Vloxx,81053,4.8,13420,13640,116,1,0,180,0,0,7
20261004-000409,311.55,Vloxx,81053,5.3,13360,13670,116,1,0,180,0,0,8
20261004-000409,311.55,Vloxx,81053,5.3,13280,14190,26,1,0,180,0,0,8
20261004-000409,312.07,Vloxx,81053,5.8,13480,14220,26,1,0,180,0,0,8
20261004-000409,312.07,Vloxx,81053,5.8,12730,14050,-64,1,0,-180,0,0,8
20261004-000409,312.46,Vloxx,81053,6.2,13350,13700,116,1,0,180,0,0,8
20261004-000409,312.59,Vloxx,81053,6.3,12870,13500,-154,1,0,-180,0,0,7
20261004-000409,312.59,Vloxx,81053,6.3,12920,14340,-64,1,0,-180,0,0,7
20261004-000409,312.98,Vloxx,81053,6.7,13570,14220,26,1,0,180,0,0,8
20261004-000409,313.06,Vloxx,81053,6.8,13300,13730,116,1,0,180,0,0,8
20261004-000409,313.10,Vloxx,81053,6.8,12810,13790,-154,1,0,-180,0,0,6
20261004-000409,313.51,Vloxx,81053,7.2,13050,14440,-64,1,0,-180,0,0,3
20261004-000409,313.59,Vloxx,81053,7.3,13280,14290,26,1,0,180,0,0,3
20261004-000409,314.03,Vloxx,81053,7.8,12830,13920,155,1,0,128,1,52,0
20261004-000409,314.10,Vloxx,81053,7.8,12720,14280,245,1,0,128,1,52,0
20261004-000409,314.63,Vloxx,81053,8.4,12730,13710,155,1,0,128,1,52,0
20261004-000409,318.18,Vloxx,81053,11.9,13300,13620,40,0,,,,,0
20261004-000409,318.39,Vloxx,,,13140,13430,40,0,,,,,0
20261004-000409,318.59,Vloxx,,,12980,13240,40,0,,,,,0
20261004-000409,318.78,Vloxx,,,12820,13050,40,0,,,,,0
20261004-000409,318.99,Vloxx,,,12660,12860,40,0,,,,,0
20261004-000409,319.19,Vloxx,,,12490,12670,40,0,,,,,0
20261004-000409,319.39,Vloxx,,,12330,12480,40,0,,,,,0
20261004-000409,319.58,Vloxx,,,12170,12290,40,0,,,,,0
20261004-000409,331.03,Vloxx,81053,4.8,13560,13510,205,1,0,-180,0,0,7
20261004-000409,331.55,Vloxx,81053,5.3,13500,14070,115,1,0,-180,0,0,10
20261004-000409,331.55,Vloxx,81053,5.3,13250,13560,205,1,0,-180,0,0,10
20261004-000409,332.07,Vloxx,81053,5.8,12940,14010,25,1,0,-180,0,0,9
20261004-000409,332.07,Vloxx,81053,5.8,13820,13620,115,1,0,-180,0,0,9
20261004-000409,332.47,Vloxx,81053,6.2,13570,13600,205,1,0,-180,0,0,10
20261004-000409,332.58,Vloxx,81053,6.3,13000,13450,-168,1,0,77,1,0,10
20261004-000409,332.58,Vloxx,81053,6.3,13760,14180,-78,1,0,77,1,0,10
20261004-000409,332.99,Vloxx,81053,6.7,13330,14110,12,1,0,77,1,103,10
20261004-000409,333.07,Vloxx,81053,6.8,13560,13520,102,1,0,77,1,103,10
20261004-000409,333.11,Vloxx,81053,6.8,13190,14120,-168,1,0,77,1,103,10
20261004-000409,333.50,Vloxx,81053,7.2,12820,13870,-78,1,0,77,1,103,9
20261004-000409,333.59,Vloxx,81053,7.3,13480,14080,12,1,0,77,1,103,9
20261004-000409,334.02,Vloxx,81053,7.8,13060,13360,-168,1,0,77,1,103,9
20261004-000409,334.11,Vloxx,81053,7.8,12920,14010,-78,1,0,77,1,103,9
20261004-000409,334.63,Vloxx,81053,8.4,13000,13440,-168,1,0,180,0,103,9
20261004-000409,334.91,Vloxx,81053,8.6,13280,13690,-258,0,,,,,0
20261004-000409,335.10,Vloxx,81053,8.8,13040,13750,-258,0,,,,,0
20261004-000409,335.31,Vloxx,81053,9.0,12790,13800,-258,0,,,,,0
20261004-000409,335.50,Vloxx,81053,9.2,12550,13850,-258,0,,,,,0
20261004-000409,335.71,Vloxx,81053,9.4,12300,13900,-258,0,,,,,0
20261004-000409,335.91,Vloxx,81053,9.6,12060,13960,-258,0,,,,,0
20261004-000409,336.10,Vloxx,81053,9.8,11810,14010,-258,0,,,,,0
20261004-000409,336.31,Vloxx,81053,10.0,11570,14060,-258,0,,,,,0
20261004-000409,344.71,Vloxx,,,13400,13620,-36,0,,,,,0
20261004-000409,344.91,Vloxx,,,13550,13420,-36,0,,,,,0
20261004-000409,345.10,Vloxx,,,13690,13220,-36,0,,,,,0
20261004-000409,345.31,Vloxx,,,13840,13010,-36,0,,,,,0
20261004-000409,345.51,Vloxx,,,13990,12810,-36,0,,,,,0
20261004-000409,345.71,Vloxx,,,14140,12610,-36,0,,,,,0
20261004-000409,345.90,Vloxx,,,14290,12410,-36,0,,,,,0
20261004-000409,346.11,Vloxx,81053,0.1,14430,12210,-46,0,,,,,0
20261004-000409,350.78,Vloxx,81053,4.8,13250,13630,314,1,0,-180,0,0,9
20261004-000409,351.31,Vloxx,81053,5.3,13780,13440,224,1,0,180,0,0,7
20261004-000409,351.31,Vloxx,81053,5.3,13240,13460,314,1,0,-180,0,0,7
20261004-000409,351.83,Vloxx,81053,5.8,13780,13640,224,1,0,180,0,0,0
20261004-000409,351.83,Vloxx,81053,5.8,13970,13970,134,1,0,180,0,0,0
20261004-000409,352.23,Vloxx,81053,6.2,13440,13790,314,1,0,-180,0,0,9
20261004-000409,352.35,Vloxx,81053,6.3,13600,14170,136,1,0,-178,0,0,9
20261004-000409,352.35,Vloxx,81053,6.3,13440,14160,46,1,0,-178,0,0,9
20261004-000409,352.75,Vloxx,81053,6.7,12880,13720,226,1,0,-178,0,-2,10
20261004-000409,352.83,Vloxx,81053,6.8,13290,13740,316,1,0,-178,0,-2,10
20261004-000409,352.86,Vloxx,81053,6.8,13070,14000,46,1,0,-178,0,-2,10
20261004-000409,353.27,Vloxx,81053,7.2,12940,13160,136,1,0,-178,0,-2,2
20261004-000409,353.34,Vloxx,81053,7.3,13290,13180,226,1,0,-178,0,-2,2
20261004-000409,353.79,Vloxx,81053,7.8,13500,13230,46,1,0,-178,0,-2,1
20261004-000409,353.86,Vloxx,81053,7.8,13860,13170,136,1,0,-178,0,-2,1
20261004-000409,354.39,Vloxx,81053,8.4,13860,13740,46,1,0,-180,0,-2,2
20261004-000409,361.35,Aspect of the Sword,81326,7.0,13180,15550,-6,0,,,,,0
20261004-000409,361.54,Aspect of the Sword,81326,7.2,13200,15310,-6,0,,,,,0
20261004-000409,361.74,Aspect of the Sword,81326,7.4,13230,15060,-6,0,,,,,0
20261004-000409,361.94,Aspect of the Sword,81326,7.6,13260,14810,-6,0,,,,,0
20261004-000409,362.15,Aspect of the Sword,81326,7.8,13290,14560,-6,0,,,,,0
20261004-000409,362.35,Aspect of the Sword,81326,8.0,13320,14310,-6,0,,,,,0
20261004-000409,363.58,Vloxx,,,13380,13610,-19,0,,,,,0
20261004-000409,363.78,Vloxx,,,13460,13370,-19,0,,,,,0
20261004-000409,363.98,Vloxx,,,13540,13140,-19,0,,,,,0
20261004-000409,364.18,Vloxx,,,13630,12900,-19,0,,,,,0
20261004-000409,364.38,Vloxx,,,13710,12660,-19,0,,,,,0
20261004-000409,364.58,Vloxx,,,13790,12430,-19,0,,,,,0
20261004-000409,364.79,Vloxx,,,13880,12190,-19,0,,,,,0
20261004-000409,364.99,Vloxx,81053,0.1,13960,11960,-13,0,,,,,0
20261004-000409,369.66,Vloxx,81053,4.8,13500,13460,347,1,0,-180,0,0,0
20261004-000409,370.19,Vloxx,81053,5.3,13610,14010,257,1,0,-180,0,0,0
20261004-000409,370.19,Vloxx,81053,5.3,13440,13550,347,1,0,-180,0,0,0
20261004-000409,370.72,Vloxx,81053,5.8,13060,14130,167,1,0,-180,0,0,0
20261004-000409,370.72,Vloxx,81053,5.8,13540,14110,257,1,0,-180,0,0,0
20261004-000409,371.10,Vloxx,81053,6.2,13440,13430,347,1,0,-180,0,0,0
20261004-000409,371.23,Vloxx,81053,6.3,12980,14210,-53,1,0,-40,1,0,10
20261004-000409,371.23,Vloxx,81053,6.3,12950,13570,-143,1,0,-40,1,0,10
20261004-000409,371.63,Vloxx,81053,6.7,13690,13940,37,1,0,-40,1,-140,8
20261004-000409,371.70,Vloxx,81053,6.8,13490,13440,127,1,0,-40,1,-140,10
20261004-000409,371.75,Vloxx,81053,6.8,12890,13650,-143,1,0,-40,1,-140,10
20261004-000409,372.15,Vloxx,81053,7.2,13180,14190,-53,1,0,-40,1,-140,10
20261004-000409,372.22,Vloxx,81053,7.3,13640,13980,37,1,0,-40,1,-140,10
20261004-000409,372.66,Vloxx,81053,7.8,12930,13680,-143,1,0,-40,1,-140,10
20261004-000409,372.75,Vloxx,81053,7.8,13100,14140,-53,1,0,-40,1,-140,10
20261004-000409,373.27,Vloxx,81053,8.4,12940,13600,-143,1,0,180,0,-140,9
20261004-000409,373.54,Vloxx,81053,8.6,13290,13720,-233,0,,,,,0
20261004-000409,373.74,Vloxx,81053,8.8,13090,13870,-233,0,,,,,0
20261004-000409,373.94,Vloxx,81053,9.0,12890,14020,-233,0,,,,,0
20261004-000409,374.14,Vloxx,81053,9.2,12690,14180,-233,0,,,,,0
20261004-000409,374.35,Vloxx,81053,9.4,12490,14330,-233,0,,,,,0
20261004-000409,374.55,Vloxx,81053,9.6,12300,14480,-233,0,,,,,0
20261004-000409,374.74,Vloxx,81053,9.8,12100,14630,-233,0,,,,,0
20261004-000409,374.94,Vloxx,81053,10.0,11900,14780,-233,0,,,,,0
20261004-000409,377.02,Aspect of the Sword,,,13350,13820,-147,0,,,,,0
20261004-000409,377.23,Aspect of the Sword,,,13490,14020,-147,0,,,,,0
20261004-000409,377.42,Aspect of the Sword,,,13630,14230,-147,0,,,,,0
20261004-000409,377.63,Aspect of the Sword,,,13760,14440,-147,0,,,,,0
20261004-000409,377.82,Aspect of the Sword,,,13900,14650,-147,0,,,,,0
20261004-000409,378.03,Aspect of the Sword,,,14040,14860,-147,0,,,,,0
20261004-000409,392.46,Aspect of the Sword,81326,8.8,13340,13850,-106,0,,,,,0
20261004-000409,392.66,Aspect of the Sword,81326,9.0,13580,13920,-106,0,,,,,0
20261004-000409,392.86,Aspect of the Sword,81326,9.2,13820,13980,-106,0,,,,,0
20261004-000409,393.06,Aspect of the Sword,81326,9.4,14070,14050,-106,0,,,,,0
20261004-000409,393.26,Aspect of the Sword,81326,9.6,14310,14120,-106,0,,,,,0
20261004-000409,393.46,Aspect of the Sword,81326,9.8,14550,14180,-106,0,,,,,0
20261004-000409,397.66,Vloxx,81053,4.8,13140,15630,354,1,0,-180,0,0,7
20261004-000409,398.18,Vloxx,81053,5.3,12980,15080,264,1,0,180,0,0,10
20261004-000409,398.19,Vloxx,81053,5.3,13270,15580,354,1,0,-180,0,0,10
20261004-000409,398.71,Vloxx,81053,5.8,13410,15030,264,1,0,180,0,0,7
20261004-000409,398.71,Vloxx,81053,5.8,13530,14930,174,1,0,180,0,0,7
20261004-000409,399.11,Vloxx,81053,6.2,13100,15710,354,1,0,-180,0,0,10
20261004-000409,399.23,Vloxx,81053,6.3,13960,15180,164,1,0,170,1,0,10
20261004-000409,399.23,Vloxx,81053,6.3,13680,15470,74,1,0,170,1,0,10
20261004-000409,399.63,Vloxx,81053,6.7,12880,15190,254,1,0,170,1,10,8
20261004-000409,399.71,Vloxx,81053,6.8,13240,15600,344,1,0,170,1,10,8
20261004-000409,399.74,Vloxx,81053,6.8,13810,15730,74,1,0,170,1,10,8
20261004-000409,400.14,Vloxx,81053,7.2,13400,14980,164,1,0,170,1,10,2
20261004-000409,400.23,Vloxx,81053,7.3,13430,15070,254,1,0,170,1,10,2
20261004-000409,400.66,Vloxx,81053,7.8,13620,15500,74,1,0,170,1,10,1
20261004-000409,400.75,Vloxx,81053,7.8,13960,15250,164,1,0,170,1,10,1
20261004-000409,401.26,Vloxx,81053,8.4,13780,15790,74,1,0,-180,0,10,0
20261004-000409,403.66,Vloxx,81053,10.8,13050,15690,-253,0,,,,,0
20261004-000409,403.86,Vloxx,81053,11.0,12810,15760,-253,0,,,,,0
20261004-000409,404.06,Vloxx,81053,11.2,12570,15830,-253,0,,,,,0
20261004-000409,404.26,Vloxx,81053,11.4,12330,15900,-253,0,,,,,0
20261004-000409,404.46,Vloxx,81053,11.6,12090,15970,-253,0,,,,,0
20261004-000409,404.67,Vloxx,81053,11.8,11850,16040,-253,0,,,,,0
20261004-000409,404.87,Vloxx,81053,12.0,11610,16120,-253,0,,,,,0
20261004-000409,405.06,Vloxx,,,11370,16190,-253,0,,,,,0
20261004-000409,408.42,Aspect of the Sword,,,13100,15590,-177,0,,,,,0
20261004-000409,408.63,Aspect of the Sword,,,13110,15840,-177,0,,,,,0
20261004-000409,408.82,Aspect of the Sword,,,13130,16090,-177,0,,,,,0
20261004-000409,409.03,Aspect of the Sword,,,13140,16340,-177,0,,,,,0
20261004-000409,409.22,Aspect of the Sword,,,13160,16590,-177,0,,,,,0
20261004-000409,409.43,Aspect of the Sword,,,13170,16840,-177,0,,,,,0
20261004-000409,418.98,Vloxx,81053,4.8,13100,15850,312,1,0,-180,0,0,5
20261004-000409,419.51,Vloxx,81053,5.3,13120,15810,312,1,0,-180,0,0,8
20261004-000409,419.51,Vloxx,81053,5.3,12740,15410,222,1,0,-180,0,0,8
20261004-000409,420.02,Vloxx,81053,5.8,12710,15420,222,1,0,-180,0,0,9
20261004-000409,420.02,Vloxx,81053,5.8,13190,15050,132,1,0,-180,0,0,9
20261004-000409,420.42,Vloxx,81053,6.2,13350,15670,312,1,0,-180,0,0,0
20261004-000409,420.55,Vloxx,81053,6.3,13540,15490,42,1,0,180,0,0,1
20261004-000409,420.55,Vloxx,81053,6.3,13100,15010,132,1,0,-180,0,0,1
20261004-000409,420.94,Vloxx,81053,6.7,12940,16060,24,1,0,-18,1,-162,7
20261004-000409,421.03,Vloxx,81053,6.8,13270,15860,114,1,0,-18,1,-162,7
20261004-000409,421.07,Vloxx,81053,6.8,13510,15400,-156,1,0,-18,1,-162,7
20261004-000409,421.46,Vloxx,81053,7.2,12550,15650,-66,1,0,-18,1,-162,10
20261004-000409,421.54,Vloxx,81053,7.3,12710,15790,24,1,0,-18,1,-162,10
20261004-000409,421.99,Vloxx,81053,7.8,12960,15260,-156,1,0,-18,1,-162,5
20261004-000409,422.06,Vloxx,81053,7.8,12780,15230,-66,1,0,-18,1,-162,5
20261004-000409,422.58,Vloxx,81053,8.4,13340,15300,-156,1,0,-180,0,-162,2
20261004-000409,422.94,Vloxx,81053,8.7,13050,15700,-246,0,,,,,0
20261004-000409,423.14,Vloxx,81053,8.9,12820,15800,-246,0,,,,,0
20261004-000409,423.35,Vloxx,81053,9.1,12590,15900,-246,0,,,,,0
20261004-000409,423.54,Vloxx,81053,9.3,12360,16000,-246,0,,,,,0
20261004-000409,423.70,Aspect of the Sword,81326,10.4,13020,15510,-226,0,,,,,0
20261004-000409,423.74,Vloxx,81053,9.5,12140,16100,-246,0,,,,,0
20261004-000409,423.90,Aspect of the Sword,81326,10.6,12840,15680,-226,0,,,,,0
20261004-000409,423.94,Vloxx,81053,9.7,11910,16200,-246,0,,,,,0
20261004-000409,424.10,Aspect of the Sword,81326,10.8,12660,15850,-226,0,,,,,0
20261004-000409,424.14,Vloxx,81053,9.9,11680,16300,-246,0,,,,,0
20261004-000409,424.30,Aspect of the Sword,81326,11.0,12480,16030,-226,0,,,,,0
20261004-000409,424.34,Vloxx,81053,10.1,11450,16400,-246,0,,,,,0
20261004-000409,424.50,Aspect of the Sword,81326,11.2,12300,16200,-226,0,,,,,0
20261004-000409,424.70,Aspect of the Sword,81326,11.4,12120,16370,-226,0,,,,,0
20261004-000409,432.10,Vloxx,,,13050,15700,-239,0,,,,,0
20261004-001305,275.43,Aspect of the Sword,81326,6.6,12900,15570,-207,0,,,,,0
20261004-001305,275.63,Aspect of the Sword,81326,6.8,12790,15790,-207,0,,,,,0
20261004-001305,275.83,Aspect of the Sword,81326,7.0,12680,16020,-207,0,,,,,0
20261004-001305,276.03,Aspect of the Sword,81326,7.2,12560,16240,-207,0,,,,,0
20261004-001305,276.23,Aspect of the Sword,81326,7.4,12450,16470,-207,0,,,,,0
20261004-001305,276.43,Aspect of the Sword,81326,7.6,12340,16690,-207,0,,,,,0
20261004-001305,290.79,Aspect of the Sword,,,13000,15540,-117,0,,,,,0
20261004-001305,290.98,Aspect of the Sword,,,13220,15650,-117,0,,,,,0
20261004-001305,291.19,Aspect of the Sword,,,13450,15760,-117,0,,,,,0
20261004-001305,291.38,Aspect of the Sword,,,13670,15880,-117,0,,,,,0
20261004-001305,291.58,Aspect of the Sword,,,13890,15990,-117,0,,,,,0
20261004-001305,291.79,Aspect of the Sword,,,14110,16100,-117,0,,,,,0
20261004-001305,316.67,Aspect of the Sword,,,12520,15420,-238,0,,,,,0
20261004-001305,316.87,Aspect of the Sword,,,12300,15550,-238,0,,,,,0
20261004-001305,317.07,Aspect of the Sword,,,12090,15680,-238,0,,,,,0
20261004-001305,317.26,Aspect of the Sword,,,11880,15810,-238,0,,,,,0
20261004-001305,317.47,Aspect of the Sword,,,11660,15940,-238,0,,,,,0
20261004-001305,317.66,Aspect of the Sword,,,11450,16070,-238,0,,,,,0
20261004-001305,331.78,Vloxx,81053,4.8,14170,15010,447,1,0,180,0,0,4
20261004-001305,332.31,Vloxx,81053,5.3,13820,15460,357,1,0,180,0,0,4
20261004-001305,332.31,Vloxx,81053,5.3,14030,14990,447,1,0,180,0,0,4
20261004-001305,332.82,Vloxx,81053,5.8,13580,15340,357,1,0,180,0,0,2
20261004-001305,332.82,Vloxx,81053,5.8,13370,15110,268,1,0,-180,0,0,2
20261004-001305,333.23,Vloxx,81053,6.2,14150,14980,447,1,0,180,0,0,3
20261004-001305,333.35,Vloxx,81053,6.3,13230,14890,268,1,0,-180,0,0,4
20261004-001305,333.35,Vloxx,81053,6.3,13720,14660,178,1,0,-180,0,0,4
20261004-001305,333.74,Vloxx,81053,6.7,14710,14860,357,1,0,180,0,0,4
20261004-001305,333.82,Vloxx,81053,6.8,14220,15060,447,1,0,180,0,0,4
20261004-001305,333.87,Vloxx,81053,6.8,13680,14540,178,1,0,-180,0,0,3
20261004-001305,334.27,Vloxx,81053,7.2,14820,15410,268,1,0,-180,0,0,2
20261004-001305,334.35,Vloxx,81053,7.3,14770,15190,357,1,0,180,0,0,2
20261004-001305,334.79,Vloxx,81053,7.8,14270,15530,7,1,0,10,1,0,6
20261004-001305,334.86,Vloxx,81053,7.8,14640,15740,97,1,0,10,1,170,6
20261004-001305,335.39,Vloxx,81053,8.4,14090,15610,7,1,0,10,1,170,6
20261004-001305,339.19,Vloxx,,,14250,15060,-132,0,,,,,0
20261004-001305,339.38,Vloxx,,,14440,15220,-132,0,,,,,0
20261004-001305,339.58,Vloxx,,,14620,15390,-132,0,,,,,0
20261004-001305,339.79,Vloxx,,,14810,15560,-132,0,,,,,0
20261004-001305,339.98,Vloxx,,,15000,15720,-132,0,,,,,0
20261004-001305,340.18,Vloxx,,,15180,15890,-132,0,,,,,0
20261004-001305,340.39,Vloxx,,,15370,16060,-132,0,,,,,0
20261004-001305,340.58,Vloxx,,,15560,16220,-132,0,,,,,0
20261004-001305,352.06,Vloxx,81053,4.8,14350,15000,220,1,0,180,0,0,0
20261004-001305,352.58,Vloxx,81053,5.3,13960,15420,130,1,0,180,0,0,1
20261004-001305,352.58,Vloxx,81053,5.3,14350,15080,220,1,0,180,0,0,1
20261004-001305,353.10,Vloxx,81053,5.8,13550,15030,40,1,0,-180,0,0,0
20261004-001305,353.10,Vloxx,81053,5.8,13820,15270,130,1,0,180,0,0,0
20261004-001305,353.50,Vloxx,81053,6.2,14330,15110,220,1,0,180,0,0,1
20261004-001305,353.63,Vloxx,81053,6.3,13940,14620,-50,1,0,-180,0,0,0
20261004-001305,353.63,Vloxx,81053,6.3,13630,14740,40,1,0,-180,0,0,0
20261004-001305,354.02,Vloxx,81053,6.7,13760,15180,130,1,0,180,0,0,1
20261004-001305,354.10,Vloxx,81053,6.8,14350,15030,220,1,0,180,0,0,1
20261004-001305,354.14,Vloxx,81053,6.8,14160,14550,-50,1,0,-180,0,0,0
20261004-001305,354.55,Vloxx,81053,7.2,13700,14620,40,1,0,-180,0,0,0
20261004-001305,354.62,Vloxx,81053,7.3,13910,15370,130,1,0,180,0,0,0
20261004-001305,355.06,Vloxx,81053,7.8,14260,14550,-48,1,0,-179,0,0,0
20261004-001305,355.14,Vloxx,81053,7.8,13560,14930,42,1,0,-179,0,0,0
20261004-001305,355.66,Vloxx,81053,8.4,14010,14580,-48,1,0,-179,0,-1,0
20261004-001305,357.35,Vloxx,81053,10.0,14250,15060,-138,0,,,,,0
20261004-001305,357.54,Vloxx,81053,10.2,14410,15250,-138,0,,,,,0
20261004-001305,357.75,Vloxx,81053,10.4,14580,15440,-138,0,,,,,0
20261004-001305,357.94,Vloxx,81053,10.6,14750,15620,-138,0,,,,,0
20261004-001305,358.14,Vloxx,81053,10.8,14910,15810,-138,0,,,,,0
20261004-001305,358.34,Vloxx,81053,11.0,15080,16000,-138,0,,,,,0
20261004-001305,358.55,Vloxx,81053,11.2,15250,16180,-138,0,,,,,0
20261004-001305,358.74,Vloxx,81053,11.4,15410,16370,-138,0,,,,,0
20261004-001305,368.87,Vloxx,81053,4.8,14220,14990,230,1,0,-180,0,0,3
20261004-001305,368.98,Aspect of the Sword,81326,5.1,13100,15660,-55,0,,,,,4
20261004-001305,369.19,Aspect of the Sword,81326,5.3,13300,15510,-55,0,,,,,0
20261004-001305,369.38,Aspect of the Sword,81326,5.5,13510,15370,-55,0,,,,,3
20261004-001305,369.38,Vloxx,81053,5.3,14080,14880,230,1,0,-180,0,0,7
20261004-001305,369.38,Vloxx,81053,5.3,14140,15550,140,1,0,-180,0,0,7
20261004-001305,369.59,Aspect of the Sword,81326,5.7,13710,15220,-55,0,,,,,0
20261004-001305,369.79,Aspect of the Sword,81326,5.9,13910,15080,-55,0,,,,,0
20261004-001305,369.90,Vloxx,81053,5.8,13580,15480,50,1,0,180,0,0,5
20261004-001305,369.90,Vloxx,81053,5.8,14640,14910,140,1,0,-180,0,0,5
20261004-001305,369.98,Aspect of the Sword,81326,6.1,14120,14930,-55,0,,,,,0
20261004-001305,370.30,Vloxx,81053,6.2,14120,14880,230,1,0,-180,0,0,4
20261004-001305,370.43,Vloxx,81053,6.3,13660,14920,-149,1,0,71,1,0,6
20261004-001305,370.43,Vloxx,81053,6.3,14610,15470,-59,1,0,71,1,0,6
20261004-001305,370.82,Vloxx,81053,6.7,14670,15010,31,1,0,71,1,109,5
20261004-001305,370.90,Vloxx,81053,6.8,14200,15280,121,1,0,71,1,109,5
20261004-001305,370.94,Vloxx,81053,6.8,14040,15440,-149,1,0,71,1,109,5
20261004-001305,371.35,Vloxx,81053,7.2,14530,15560,-59,1,0,71,1,109,2
20261004-001305,371.43,Vloxx,81053,7.3,13790,14880,31,1,0,71,1,109,2
20261004-001305,371.87,Vloxx,81053,7.8,13980,15430,-149,1,0,71,1,109,0
20261004-001305,371.95,Vloxx,81053,7.8,14190,14480,-59,1,0,71,1,109,0
20261004-001305,372.47,Vloxx,81053,8.4,14590,14880,-149,1,0,180,0,109,1
20261004-001305,381.66,Vloxx,,,14270,15030,-109,0,,,,,0
20261004-001305,381.86,Vloxx,,,14500,15110,-109,0,,,,,0
20261004-001305,382.06,Vloxx,,,14740,15190,-109,0,,,,,0
20261004-001305,382.26,Vloxx,,,14980,15270,-109,0,,,,,0
20261004-001305,382.46,Vloxx,,,15210,15350,-109,0,,,,,0
20261004-001305,382.66,Vloxx,,,15450,15430,-109,0,,,,,0
20261004-001305,382.86,Vloxx,,,15690,15510,-109,0,,,,,0
20261004-001305,383.06,Vloxx,81053,0.1,15930,15590,-49,0,,,,,0
20261004-001305,384.38,Aspect of the Sword,,,14010,14800,-77,0,,,,,0
20261004-001305,384.58,Aspect of the Sword,,,14250,14750,-77,0,,,,,0
20261004-001305,384.79,Aspect of the Sword,,,14500,14690,-77,0,,,,,0
20261004-001305,384.98,Aspect of the Sword,,,14740,14630,-77,0,,,,,0
20261004-001305,385.18,Aspect of the Sword,,,14980,14570,-77,0,,,,,0
20261004-001305,385.38,Aspect of the Sword,,,15230,14510,-77,0,,,,,0
20261004-001305,387.74,Vloxx,81053,4.8,14260,15020,311,1,0,180,0,0,2
20261004-001305,388.26,Vloxx,81053,5.3,13770,15320,221,1,0,-180,0,0,4
20261004-001305,388.26,Vloxx,81053,5.3,14160,14990,311,1,0,180,0,0,4
20261004-001305,388.78,Vloxx,81053,5.8,13630,15180,221,1,0,-180,0,0,2
20261004-001305,388.78,Vloxx,81053,5.8,13480,14830,131,1,0,-180,0,0,2
20261004-001305,389.18,Vloxx,81053,6.2,14220,15010,311,1,0,180,0,0,4
20261004-001305,389.31,Vloxx,81053,6.3,13970,14540,-60,1,0,79,1,0,3
20261004-001305,389.31,Vloxx,81053,6.3,13440,14640,30,1,0,79,1,0,3
20261004-001305,389.70,Vloxx,81053,6.7,13770,15360,120,1,0,79,1,101,0
20261004-001305,389.78,Vloxx,81053,6.8,14200,15160,210,1,0,79,1,101,2
20261004-001305,389.82,Vloxx,81053,6.8,13970,14460,-60,1,0,79,1,101,2
20261004-001305,390.22,Vloxx,81053,7.2,13420,14910,30,1,0,79,1,101,0
20261004-001305,390.30,Vloxx,81053,7.3,13790,14780,120,1,0,79,1,101,0
20261004-001305,390.74,Vloxx,81053,7.8,13870,14570,-60,1,0,79,1,101,5
20261004-001305,390.82,Vloxx,81053,7.8,14170,14360,30,1,0,79,1,101,5
20261004-001305,391.34,Vloxx,81053,8.4,14590,14750,-60,1,0,-180,0,101,0
20261004-001305,391.66,Vloxx,81053,8.7,14230,15070,-150,0,,,,,0
20261004-001305,391.87,Vloxx,81053,8.9,14360,15290,-150,0,,,,,0
20261004-001305,392.06,Vloxx,81053,9.1,14480,15510,-150,0,,,,,0
20261004-001305,392.26,Vloxx,81053,9.3,14610,15720,-150,0,,,,,0
20261004-001305,392.46,Vloxx,81053,9.5,14730,15940,-150,0,,,,,0
20261004-001305,392.66,Vloxx,81053,9.7,14860,16160,-150,0,,,,,0
20261004-001305,392.86,Vloxx,81053,9.9,14990,16370,-150,0,,,,,0
20261004-001305,393.06,Vloxx,81053,10.1,15110,16590,-150,0,,,,,0
20261004-001305,399.94,Aspect of the Sword,81326,6.7,14000,14870,-130,0,,,,,0
20261004-001305,400.13,Aspect of the Sword,81326,6.9,14190,15030,-130,0,,,,,0
20261004-001305,400.34,Aspect of the Sword,81326,7.1,14380,15190,-130,0,,,,,0
20261004-001305,400.54,Aspect of the Sword,81326,7.3,14570,15350,-130,0,,,,,0
20261004-001305,400.74,Aspect of the Sword,81326,7.5,14760,15510,-130,0,,,,,0
20261004-001305,400.94,Aspect of the Sword,81326,7.7,14950,15670,-130,0,,,,,0
20261004-001305,406.74,Vloxx,81053,4.8,12220,15350,274,1,0,180,0,0,2
20261004-001305,407.26,Vloxx,81053,5.3,12260,15360,274,1,0,180,0,0,3
20261004-001305,407.26,Vloxx,81053,5.3,11930,14860,184,1,0,180,0,0,3
20261004-001305,407.78,Vloxx,81053,5.8,12420,14570,94,1,0,-180,0,0,3
20261004-001305,407.78,Vloxx,81053,5.8,12820,15290,184,1,0,180,0,0,3
20261004-001305,408.19,Vloxx,81053,6.2,12170,15340,274,1,0,180,0,0,2
20261004-001305,408.31,Vloxx,81053,6.3,12890,15850,101,1,0,-173,0,0,2
20261004-001305,408.31,Vloxx,81053,6.3,12700,15060,11,1,0,-173,0,0,2
20261004-001305,408.70,Vloxx,81053,6.7,12410,14830,191,1,0,-173,0,-7,3
20261004-001305,408.79,Vloxx,81053,6.8,13780,15080,281,1,0,-173,0,-7,3
20261004-001305,408.82,Vloxx,81053,6.8,12330,15920,11,1,0,-173,0,-7,3
20261004-001305,409.22,Vloxx,81053,7.2,12920,15070,101,1,0,-173,0,-7,0
20261004-001305,409.31,Vloxx,81053,7.3,14120,14620,191,1,0,-173,0,-7,0
20261004-001305,409.74,Vloxx,81053,7.8,12680,15590,11,1,0,-173,0,-7,0
20261004-001305,409.82,Vloxx,81053,7.8,14570,14950,101,1,0,-173,0,-7,0
20261004-001305,410.34,Vloxx,81053,8.4,14240,15410,11,1,0,-180,0,0,0
20261004-001305,416.38,Aspect of the Sword,,,12250,15080,-195,0,,,,,0
20261004-001305,416.58,Aspect of the Sword,,,12190,15320,-195,0,,,,,0
20261004-001305,416.79,Aspect of the Sword,,,12120,15560,-195,0,,,,,0
20261004-001305,416.99,Aspect of the Sword,,,12060,15800,-195,0,,,,,0
20261004-001305,417.19,Aspect of the Sword,,,12000,16050,-195,0,,,,,0
20261004-001305,417.39,Aspect of the Sword,,,11930,16290,-195,0,,,,,0
20261004-001305,424.90,Vloxx,81053,4.8,12290,15290,205,1,0,180,0,0,0
20261004-001305,425.42,Vloxx,81053,5.3,12100,15820,115,1,0,180,0,0,0
20261004-001305,425.42,Vloxx,81053,5.3,12250,15280,205,1,0,180,0,0,0
20261004-001305,425.94,Vloxx,81053,5.8,11570,15620,25,1,0,-180,0,0,2
20261004-001305,425.94,Vloxx,81053,5.8,12180,14720,115,1,0,180,0,0,2
20261004-001305,426.33,Vloxx,81053,6.2,11990,14990,205,1,0,180,0,0,2
20261004-001305,426.46,Vloxx,81053,6.3,11760,15090,-65,1,0,-180,0,0,1
20261004-001305,426.46,Vloxx,81053,6.3,12740,14650,25,1,0,-180,0,0,1
20261004-001305,426.86,Vloxx,81053,6.7,11430,14890,115,1,0,180,0,0,0
20261004-001305,426.98,Vloxx,81053,6.8,12810,15210,-65,1,0,-180,0,0,0
20261004-001305,427.38,Vloxx,81053,7.2,11540,14330,25,1,0,-180,0,0,0
20261004-001305,427.90,Vloxx,81053,7.8,12090,14430,2,1,0,-112,1,-68,1
20261004-001305,430.14,Vloxx,81053,10.0,12300,15320,-88,0,,,,,0
20261004-001305,430.34,Vloxx,81053,10.2,12550,15310,-88,0,,,,,0
20261004-001305,430.54,Vloxx,81053,10.4,12800,15300,-88,0,,,,,0
20261004-001305,430.74,Vloxx,81053,10.6,13050,15290,-88,0,,,,,0
20261004-132338,289.08,Aspect of the Sword,81326,5.1,13000,15640,33,0,,,,,0
20261004-132338,289.27,Aspect of the Sword,81326,5.3,12860,15430,33,0,,,,,0
20261004-132338,289.48,Aspect of the Sword,81326,5.5,12720,15220,33,0,,,,,0
20261004-132338,289.68,Aspect of the Sword,81326,5.7,12580,15010,33,0,,,,,0
20261004-132338,289.87,Aspect of the Sword,81326,5.9,12450,14800,33,0,,,,,0
20261004-132338,290.07,Aspect of the Sword,81326,6.1,12310,14590,33,0,,,,,0
20261004-132338,304.48,Aspect of the Sword,,,12780,15770,41,0,,,,,0
20261004-132338,304.67,Aspect of the Sword,,,12620,15590,41,0,,,,,0
20261004-132338,304.88,Aspect of the Sword,,,12450,15400,41,0,,,,,0
20261004-132338,305.07,Aspect of the Sword,,,12290,15210,41,0,,,,,0
20261004-132338,305.27,Aspect of the Sword,,,12120,15020,41,0,,,,,0
20261004-132338,305.47,Aspect of the Sword,,,11960,14840,41,0,,,,,0
20261004-132338,320.15,Aspect of the Sword,81326,6.9,11950,15600,-19,0,,,,,0
20261004-132338,320.36,Aspect of the Sword,81326,7.1,12030,15360,-19,0,,,,,0
20261004-132338,320.55,Aspect of the Sword,81326,7.3,12110,15130,-19,0,,,,,0
20261004-132338,320.75,Aspect of the Sword,81326,7.5,12190,14890,-19,0,,,,,0
20261004-132338,320.95,Aspect of the Sword,81326,7.7,12270,14650,-19,0,,,,,0
20261004-132338,321.15,Aspect of the Sword,81326,7.9,12350,14420,-19,0,,,,,0
20261004-132338,335.48,Aspect of the Sword,,,12010,15180,-206,0,,,,,0
20261004-132338,335.67,Aspect of the Sword,,,11900,15400,-206,0,,,,,0
20261004-132338,335.87,Aspect of the Sword,,,11790,15630,-206,0,,,,,0
20261004-132338,336.07,Aspect of the Sword,,,11690,15850,-206,0,,,,,0
20261004-132338,336.27,Aspect of the Sword,,,11580,16080,-206,0,,,,,0
20261004-132338,336.47,Aspect of the Sword,,,11470,16300,-206,0,,,,,0
20261004-132338,337.71,Vloxx,81053,4.8,11010,17040,330,1,0,180,0,0,1
20261004-132338,338.24,Vloxx,81053,5.3,11090,16930,330,1,0,180,0,0,2
20261004-132338,338.24,Vloxx,81053,5.3,11110,16490,240,1,0,180,0,0,2
20261004-132338,338.75,Vloxx,81053,5.8,11670,16590,150,1,0,-180,0,0,3
20261004-132338,338.75,Vloxx,81053,5.8,11530,17300,240,1,0,180,0,0,3
20261004-132338,339.15,Vloxx,81053,6.2,11530,15910,330,1,0,180,0,0,2
20261004-132338,339.27,Vloxx,81053,6.3,11570,17140,60,1,0,-180,0,0,2
20261004-132338,339.27,Vloxx,81053,6.3,11160,17730,150,1,0,-180,0,0,2
20261004-132338,339.67,Vloxx,81053,6.7,11310,15390,240,1,0,180,0,0,2
20261004-132338,339.75,Vloxx,81053,6.8,11800,15960,330,1,0,180,0,0,2
20261004-132338,339.79,Vloxx,81053,6.8,10730,17360,60,1,0,-180,0,0,2
20261004-132338,340.19,Vloxx,81053,7.2,11830,15170,150,1,0,-180,0,0,0
20261004-132338,340.28,Vloxx,81053,7.3,11700,15410,240,1,0,180,0,0,0
20261004-132338,340.71,Vloxx,81053,7.8,12050,15690,60,1,0,-180,0,0,0
20261004-132338,340.80,Vloxx,81053,7.8,12260,15300,150,1,0,-180,0,0,0
20261004-132338,341.31,Vloxx,81053,8.4,12360,15860,4,1,0,125,1,55,0
20261004-132338,345.27,Vloxx,,,11170,16990,-94,0,,,,,0
20261004-132338,345.47,Vloxx,,,11420,17000,-94,0,,,,,0
20261004-132338,345.67,Vloxx,,,11670,17020,-94,0,,,,,0
20261004-132338,345.87,Vloxx,,,11920,17040,-94,0,,,,,0
20261004-132338,346.07,Vloxx,,,12170,17050,-94,0,,,,,0
20261004-132338,346.27,Vloxx,,,12420,17070,-94,0,,,,,0
20261004-132338,346.47,Vloxx,,,12670,17090,-94,0,,,,,0
20261004-132338,346.68,Vloxx,,,12920,17100,-94,0,,,,,0
20261004-132338,352.03,Aspect of the Sword,81326,8.8,11800,16300,-201,0,,,,,0
20261004-132338,352.23,Aspect of the Sword,81326,9.0,11710,16530,-201,0,,,,,0
20261004-132338,352.43,Aspect of the Sword,81326,9.2,11620,16770,-201,0,,,,,0
20261004-132338,352.63,Aspect of the Sword,81326,9.4,11530,17000,-201,0,,,,,0
20261004-132338,352.83,Aspect of the Sword,81326,9.6,11440,17230,-201,0,,,,,0
20261004-132338,353.03,Aspect of the Sword,81326,9.8,11350,17470,-201,0,,,,,0
20261004-132338,358.12,Vloxx,81053,4.8,11050,17170,143,1,0,180,0,0,1
20261004-132338,358.63,Vloxx,81053,5.3,10770,16670,53,1,0,-180,0,0,1
20261004-132338,358.63,Vloxx,81053,5.3,11110,17120,143,1,0,180,0,0,1
20261004-132338,359.15,Vloxx,81053,5.8,11260,16400,-37,1,0,-180,0,0,0
20261004-132338,359.15,Vloxx,81053,5.8,10670,16760,53,1,0,-180,0,0,0
20261004-132338,359.55,Vloxx,81053,6.2,11130,17060,143,1,0,180,0,0,0
20261004-132338,359.67,Vloxx,81053,6.3,11040,16320,-37,1,0,-180,0,0,0
20261004-132338,359.67,Vloxx,81053,6.3,11540,16890,-127,1,0,-180,0,0,0
20261004-132338,360.07,Vloxx,81053,6.7,10600,16870,53,1,0,-180,0,0,0
20261004-132338,360.15,Vloxx,81053,6.8,11130,17130,143,1,0,180,0,0,0
20261004-132338,360.19,Vloxx,81053,6.8,11470,16680,-127,1,0,-180,0,0,0
20261004-132338,360.59,Vloxx,81053,7.2,10790,16340,-37,1,0,-180,0,0,0
20261004-132338,360.67,Vloxx,81053,7.3,10660,16810,53,1,0,-180,0,0,0
20261004-132338,361.11,Vloxx,81053,7.8,11320,16530,-127,1,0,-180,0,0,4
20261004-132338,361.19,Vloxx,81053,7.8,10970,16340,186,1,0,42,1,0,4
20261004-132338,361.71,Vloxx,81053,8.4,11440,16660,96,1,0,42,1,138,4
20261004-132338,363.55,Vloxx,81053,10.2,11090,16910,6,0,,,,,0
20261004-132338,363.75,Vloxx,81053,10.4,11070,16660,6,0,,,,,0
20261004-132338,363.95,Vloxx,81053,10.6,11040,16410,6,0,,,,,0
20261004-132338,364.15,Vloxx,81053,10.8,11020,16160,6,0,,,,,0
20261004-132338,364.35,Vloxx,81053,11.0,10990,15910,6,0,,,,,0
20261004-132338,364.55,Vloxx,81053,11.2,10970,15660,6,0,,,,,0
20261004-132338,364.75,Vloxx,81053,11.4,10950,15410,6,0,,,,,0
20261004-132338,364.95,Vloxx,81053,11.6,10920,15160,8,0,,,,,0
20261004-132338,371.43,Aspect of the Sword,,,11520,16470,-240,0,,,,,0
20261004-132338,371.63,Aspect of the Sword,,,11300,16600,-240,0,,,,,0
20261004-132338,371.83,Aspect of the Sword,,,11080,16720,-240,0,,,,,0
20261004-133634,311.31,Aspect of the Sword,81326,6.6,12860,15410,42,0,,,,,0
20261004-133634,311.51,Aspect of the Sword,81326,6.8,12690,15220,42,0,,,,,0
20261004-133634,311.71,Aspect of the Sword,81326,7.0,12520,15040,42,0,,,,,0
20261004-133634,311.92,Aspect of the Sword,81326,7.3,12350,14850,42,0,,,,,0
20261004-133634,312.11,Aspect of the Sword,81326,7.4,12190,14670,42,0,,,,,0
20261004-133634,312.31,Aspect of the Sword,81326,7.7,12020,14480,42,0,,,,,0
20261004-133634,326.99,Aspect of the Sword,,,12630,15110,87,0,,,,,0
20261004-133634,327.19,Aspect of the Sword,,,12380,15090,87,0,,,,,0
20261004-133634,327.39,Aspect of the Sword,,,12140,15080,87,0,,,,,0
20261004-133634,327.59,Aspect of the Sword,,,11890,15070,87,0,,,,,0
20261004-133634,327.79,Aspect of the Sword,,,11640,15060,87,0,,,,,0
20261004-133634,327.99,Aspect of the Sword,,,11390,15050,87,0,,,,,0
20261004-133634,342.63,Aspect of the Sword,81326,8.4,12190,15060,-146,0,,,,,0
20261004-133634,342.83,Aspect of the Sword,81326,8.6,12330,15270,-146,0,,,,,0
20261004-133634,343.03,Aspect of the Sword,81326,8.8,12470,15480,-146,0,,,,,0
20261004-133634,343.23,Aspect of the Sword,81326,9.0,12610,15680,-146,0,,,,,0
20261004-133634,343.44,Aspect of the Sword,81326,9.2,12760,15890,-146,0,,,,,0
20261004-133634,343.63,Aspect of the Sword,81326,9.4,12900,16100,-146,0,,,,,0
20261004-133634,354.59,Vloxx,81053,4.8,13870,16510,412,1,0,-180,0,0,3
20261004-133634,355.11,Vloxx,81053,5.3,13670,16350,412,1,0,-180,0,0,4
20261004-133634,355.11,Vloxx,81053,5.3,13340,16700,322,1,0,180,0,0,4
20261004-133634,355.63,Vloxx,81053,5.8,13100,16390,322,1,0,180,0,0,3
20261004-133634,355.63,Vloxx,81053,5.8,13150,16170,232,1,0,180,0,0,3
20261004-133634,356.03,Vloxx,81053,6.2,13840,16500,412,1,0,-180,0,0,0
20261004-133634,356.15,Vloxx,81053,6.3,13060,15830,232,1,0,180,0,0,3
20261004-133634,356.15,Vloxx,81053,6.3,13690,15980,142,1,0,-180,0,0,3
20261004-133634,356.55,Vloxx,81053,6.7,13860,15930,322,1,0,180,0,0,2
20261004-133634,356.63,Vloxx,81053,6.8,13420,16150,412,1,0,-180,0,0,4
20261004-133634,356.69,Vloxx,81053,6.9,13630,15780,142,1,0,-180,0,0,3
20261004-133634,357.06,Vloxx,81053,7.2,14430,15960,232,1,0,180,0,0,1
20261004-133634,357.15,Vloxx,81053,7.3,12860,16200,322,1,0,180,0,0,1
20261004-133634,357.59,Vloxx,81053,7.8,14410,16520,142,1,0,-180,0,0,1
20261004-133634,357.67,Vloxx,81053,7.8,12800,15640,232,1,0,180,0,0,1
20261004-133634,358.19,Vloxx,81053,8.4,13370,15590,111,1,0,149,1,31,1
20261004-133634,358.79,Aspect of the Sword,,,12900,15540,-122,0,,,,,0
20261004-133634,358.99,Aspect of the Sword,,,13110,15680,-122,0,,,,,0
20261004-133634,359.19,Aspect of the Sword,,,13330,15810,-122,0,,,,,0
20261004-133634,359.39,Aspect of the Sword,,,13540,15940,-122,0,,,,,0
20261004-133634,359.59,Aspect of the Sword,,,13750,16080,-122,0,,,,,0
20261004-133634,359.79,Aspect of the Sword,,,13960,16210,-122,0,,,,,0
20261004-133634,362.39,Vloxx,,,13830,16420,8,0,,,,,0
20261004-133634,362.59,Vloxx,,,13800,16180,8,0,,,,,0
20261004-133634,362.79,Vloxx,,,13770,15930,8,0,,,,,0
20261004-133634,362.99,Vloxx,,,13730,15680,8,0,,,,,0
20261004-133634,363.19,Vloxx,,,13700,15430,8,0,,,,,0
20261004-133634,363.38,Vloxx,,,13670,15190,8,0,,,,,0
20261004-133634,363.58,Vloxx,,,13640,14940,8,0,,,,,0
20261004-133634,363.79,Vloxx,,,13600,14690,8,0,,,,,0
20261004-133634,374.15,Aspect of the Sword,81326,10.6,13980,16380,-128,0,,,,,0
20261004-133634,374.35,Aspect of the Sword,81326,10.8,14180,16540,-128,0,,,,,0
20261004-133634,374.55,Aspect of the Sword,81326,11.0,14370,16690,-128,0,,,,,0
20261004-133634,374.75,Aspect of the Sword,81326,11.2,14570,16850,-128,0,,,,,0
20261004-133634,374.90,Vloxx,81053,4.8,14010,16520,282,1,0,180,0,0,2
20261004-133634,374.95,Aspect of the Sword,81326,11.4,14770,17000,-128,0,,,,,0
20261004-133634,375.15,Aspect of the Sword,81326,11.6,14960,17160,-128,0,,,,,0
20261004-133634,375.42,Vloxx,81053,5.3,13570,16870,192,1,0,180,0,0,1
20261004-133634,375.42,Vloxx,81053,5.3,14040,16490,282,1,0,180,0,0,1
20261004-133634,375.95,Vloxx,81053,5.8,13660,16910,192,1,0,180,0,0,0
20261004-133634,375.95,Vloxx,81053,5.8,13220,16430,102,1,0,-180,0,0,0
20261004-133634,376.47,Vloxx,81053,6.3,13660,16080,12,1,0,-180,0,0,0
20261004-133634,376.47,Vloxx,81053,6.3,13240,16530,102,1,0,-180,0,0,0
20261004-133634,376.99,Vloxx,81053,6.8,13620,16110,12,1,0,-180,0,0,0
20261004-133634,380.43,Vloxx,81053,10.3,13790,16450,48,0,,,,,0
20261004-133634,380.63,Vloxx,81053,10.5,13600,16280,48,0,,,,,0
20261004-133634,380.83,Vloxx,81053,10.7,13420,16110,48,0,,,,,0
20261004-133634,381.02,Vloxx,81053,10.9,13230,15950,48,0,,,,,0
20261004-133634,381.23,Vloxx,81053,11.1,13040,15780,48,0,,,,,0
20261004-133634,381.43,Vloxx,81053,11.3,12860,15610,48,0,,,,,0
20261004-133634,381.63,Vloxx,81053,11.5,12670,15440,48,0,,,,,0
20261004-133634,381.83,Vloxx,81053,11.7,12490,15280,-229,0,,,,,0
20261004-154121,318.99,Aspect of the Sword,81326,5.1,12730,15570,70,0,,,,,0
20261004-154121,319.19,Aspect of the Sword,81326,5.3,12490,15490,70,0,,,,,0
20261004-154121,319.38,Aspect of the Sword,81326,5.5,12260,15400,70,0,,,,,5
20261004-154121,319.59,Aspect of the Sword,81326,5.7,12020,15320,70,0,,,,,0
20261004-154121,319.79,Aspect of the Sword,81326,5.9,11790,15230,70,0,,,,,0
20261004-154121,319.99,Aspect of the Sword,81326,6.1,11550,15150,70,0,,,,,0
20261004-154121,334.79,Aspect of the Sword,,,12390,15580,87,0,,,,,0
20261004-154121,334.99,Aspect of the Sword,,,12140,15570,87,0,,,,,0
20261004-154121,335.19,Aspect of the Sword,,,11890,15560,87,0,,,,,0
20261004-154121,335.39,Aspect of the Sword,,,11640,15550,87,0,,,,,0
20261004-154121,335.58,Aspect of the Sword,,,11390,15540,87,0,,,,,0
20261004-154121,335.78,Aspect of the Sword,,,11140,15520,87,0,,,,,0
20261004-154121,350.38,Aspect of the Sword,81326,6.8,12380,15030,-232,0,,,,,0
20261004-154121,350.58,Aspect of the Sword,81326,7.0,12180,15180,-232,0,,,,,0
20261004-154121,350.78,Aspect of the Sword,81326,7.2,11990,15340,-232,0,,,,,0
20261004-154121,350.98,Aspect of the Sword,81326,7.4,11790,15490,-232,0,,,,,0
20261004-154121,351.18,Aspect of the Sword,81326,7.6,11590,15650,-232,0,,,,,0
20261004-154121,351.39,Aspect of the Sword,81326,7.8,11400,15800,-232,0,,,,,0
20261004-154121,357.39,Vloxx,81053,4.8,11810,13490,196,1,0,180,0,0,6
20261004-154121,357.91,Vloxx,81053,5.3,12360,13360,106,1,0,180,0,0,7
20261004-154121,357.91,Vloxx,81053,5.3,11630,13390,196,1,0,180,0,0,7
20261004-154121,358.42,Vloxx,81053,5.8,12500,13910,16,1,0,-180,0,0,6
20261004-154121,358.42,Vloxx,81053,5.8,12130,13130,106,1,0,180,0,0,6
20261004-154121,358.83,Vloxx,81053,6.2,11720,13420,196,1,0,180,0,0,7
20261004-154121,358.94,Vloxx,81053,6.3,12400,13630,16,1,0,-180,0,0,7
20261004-154121,358.94,Vloxx,81053,6.3,11950,14040,-74,1,0,-180,0,0,7
20261004-154121,359.35,Vloxx,81053,6.7,12230,13180,106,1,0,180,0,0,7
20261004-154121,359.43,Vloxx,81053,6.8,11540,13410,196,1,0,180,0,0,7
20261004-154121,359.46,Vloxx,81053,6.8,11900,13890,-74,1,0,-180,0,0,7
20261004-154121,359.87,Vloxx,81053,7.2,12480,13690,16,1,0,-180,0,0,3
20261004-154121,359.95,Vloxx,81053,7.3,11160,13830,106,1,0,180,0,0,3
20261004-154121,360.39,Vloxx,81053,7.8,11970,13930,-74,1,0,-180,0,0,3
20261004-154121,360.47,Vloxx,81053,7.8,10740,13440,16,1,0,-180,0,0,3
20261004-154121,360.99,Vloxx,81053,8.4,11120,13030,142,1,0,36,1,145,0
20261004-154121,365.14,Vloxx,,,11610,13360,49,0,,,,,0
20261004-154121,365.35,Vloxx,,,11420,13190,49,0,,,,,0
20261004-154121,365.55,Vloxx,,,11230,13030,49,0,,,,,0
20261004-154121,365.71,Aspect of the Sword,,,11550,13650,52,0,,,,,0
20261004-154121,365.75,Vloxx,,,11050,12870,49,0,,,,,0
20261004-154121,365.91,Aspect of the Sword,,,11350,13500,52,0,,,,,0
20261004-154121,365.95,Vloxx,,,10860,12700,49,0,,,,,0
20261004-154121,366.11,Aspect of the Sword,,,11160,13340,52,0,,,,,0
20261004-154121,366.15,Vloxx,,,10670,12540,49,0,,,,,0
20261004-154121,366.30,Aspect of the Sword,,,10960,13190,52,0,,,,,0
20261004-154121,366.34,Vloxx,,,10480,12380,49,0,,,,,0
20261004-154121,366.50,Aspect of the Sword,,,10760,13030,52,0,,,,,0
20261004-154121,366.54,Vloxx,,,10290,12210,49,0,,,,,0
20261004-154121,366.71,Aspect of the Sword,,,10570,12880,52,0,,,,,0
20261004-154121,377.55,Vloxx,81053,4.8,11580,13260,416,1,0,-180,0,0,1
20261004-154121,378.06,Vloxx,81053,5.3,11810,13190,416,1,0,-180,0,0,1
20261004-154121,378.06,Vloxx,81053,5.3,12130,13380,326,1,0,180,0,0,1
20261004-154121,378.59,Vloxx,81053,5.8,11920,13750,326,1,0,180,0,0,7
20261004-154121,378.59,Vloxx,81053,5.8,12000,13930,236,1,0,180,0,0,7
20261004-154121,378.99,Vloxx,81053,6.2,11610,13300,416,1,0,-180,0,0,1
20261004-154121,379.11,Vloxx,81053,6.3,11370,13860,236,1,0,180,0,0,8
20261004-154121,379.11,Vloxx,81053,6.3,11450,13810,146,1,0,-180,0,0,8
20261004-154121,379.51,Vloxx,81053,6.7,12150,13440,326,1,0,180,0,0,1
20261004-154121,379.58,Vloxx,81053,6.8,11630,13290,416,1,0,-180,0,0,1
20261004-154121,379.62,Vloxx,81053,6.8,11250,13310,146,1,0,-180,0,0,1
20261004-154121,380.03,Vloxx,81053,7.2,12010,13980,236,1,0,180,0,0,0
20261004-154121,380.10,Vloxx,81053,7.3,12140,13540,326,1,0,180,0,0,0
20261004-154121,380.54,Vloxx,81053,7.8,11470,13850,146,1,0,-180,0,0,0
20261004-154121,380.62,Vloxx,81053,7.8,11880,14050,236,1,0,180,0,0,0
20261004-154121,381.14,Vloxx,81053,8.4,11380,13800,148,1,0,-178,0,-2,0
20261004-154121,381.78,Aspect of the Sword,81326,8.5,11590,13630,12,0,,,,,0
20261004-154121,381.99,Aspect of the Sword,81326,8.7,11540,13380,12,0,,,,,0
20261004-154121,382.19,Aspect of the Sword,81326,8.9,11490,13140,12,0,,,,,0
20261004-154121,382.38,Aspect of the Sword,81326,9.1,11440,12890,12,0,,,,,0
20261004-154121,382.59,Aspect of the Sword,81326,9.3,11390,12650,12,0,,,,,0
20261004-154121,382.78,Aspect of the Sword,81326,9.5,11340,12400,12,0,,,,,0
20261004-154121,383.06,Vloxx,81053,10.3,11610,13370,58,0,,,,,0
20261004-154121,383.26,Vloxx,81053,10.5,11390,13230,58,0,,,,,0
20261004-154121,383.46,Vloxx,81053,10.7,11180,13100,58,0,,,,,0
20261004-154121,383.67,Vloxx,81053,10.9,10970,12970,58,0,,,,,0
20261004-154121,383.86,Vloxx,81053,11.1,10760,12830,58,0,,,,,0
20261004-154121,384.07,Vloxx,81053,11.3,10550,12700,58,0,,,,,0
20261004-154121,384.26,Vloxx,81053,11.5,10340,12570,58,0,,,,,0
20261004-154121,384.47,Vloxx,81053,11.7,10120,12440,45,0,,,,,0
20261004-154121,394.43,Vloxx,81053,4.8,11540,13270,396,1,0,-180,0,0,3
20261004-154121,394.94,Vloxx,81053,5.3,11720,13530,396,1,0,-180,0,0,6
20261004-154121,394.94,Vloxx,81053,5.3,12110,13280,306,1,0,180,0,0,6
20261004-154121,395.46,Vloxx,81053,5.8,12100,13850,216,1,0,180,0,0,6
20261004-154121,395.46,Vloxx,81053,5.8,11200,13320,306,1,0,180,0,0,6
20261004-154121,395.86,Vloxx,81053,6.2,11750,13530,396,1,0,-180,0,0,6
20261004-154121,395.98,Vloxx,81053,6.3,11530,13840,126,1,0,-180,0,0,6
20261004-154121,395.98,Vloxx,81053,6.3,11400,12790,216,1,0,180,0,0,6
20261004-154121,396.39,Vloxx,81053,6.7,11200,13400,55,1,0,-71,1,-109,6
20261004-154121,396.46,Vloxx,81053,6.8,11560,13370,145,1,0,-71,1,-109,6
20261004-154121,396.50,Vloxx,81053,6.8,11930,13000,-125,1,0,-71,1,-109,6
20261004-154121,396.91,Vloxx,81053,7.2,11330,12850,-35,1,0,-71,1,-109,2
20261004-154121,396.99,Vloxx,81053,7.3,12060,13110,55,1,0,-71,1,-109,2
20261004-154121,397.42,Vloxx,81053,7.8,11880,12980,-125,1,0,-71,1,-109,1
20261004-154121,397.50,Vloxx,81053,7.8,12320,13610,-35,1,0,-71,1,-109,1
20261004-154121,398.02,Vloxx,81053,8.4,11820,13870,-125,1,0,-180,0,-109,0
20261004-154121,407.11,Vloxx,,,11720,13460,-138,0,,,,,0
20261004-154121,407.30,Vloxx,,,11890,13650,-138,0,,,,,0
20261004-154121,407.51,Vloxx,,,12050,13830,-138,0,,,,,0
20261004-154121,407.71,Vloxx,,,12220,14020,-138,0,,,,,0
20261004-154121,407.90,Vloxx,,,12390,14210,-138,0,,,,,0
20261004-154121,408.10,Vloxx,,,12550,14390,-138,0,,,,,0
20261004-154121,408.30,Vloxx,,,12720,14580,-138,0,,,,,0
20261004-154121,408.51,Vloxx,81053,0.1,12890,14760,-33,0,,,,,0
20261004-154121,413.18,Vloxx,81053,4.8,11630,13500,327,1,0,180,0,0,1
20261004-154121,413.70,Vloxx,81053,5.3,11810,13330,327,1,0,180,0,0,2
20261004-154121,413.70,Vloxx,81053,5.3,11440,12960,237,1,0,-180,0,0,2
20261004-154121,414.22,Vloxx,81053,5.8,11650,13870,237,1,0,-180,0,0,0
20261004-154121,414.22,Vloxx,81053,5.8,11980,12780,147,1,0,-180,0,0,0
20261004-154121,414.62,Vloxx,81053,6.2,11820,13330,327,1,0,180,0,0,5
20261004-154121,414.74,Vloxx,81053,6.3,11110,13710,196,1,0,-131,1,0,5
20261004-154121,414.74,Vloxx,81053,6.3,12160,13310,106,1,0,-131,1,0,5
20261004-154121,415.15,Vloxx,81053,6.7,11640,13870,286,1,0,-131,1,-49,4
20261004-154121,415.22,Vloxx,81053,6.8,11780,13280,376,1,0,-131,1,-49,4
20261004-154121,415.27,Vloxx,81053,6.8,11270,13170,106,1,0,-131,1,-49,1
20261004-154121,415.66,Vloxx,81053,7.2,11100,13690,196,1,0,-131,1,-49,3
20261004-154121,415.75,Vloxx,81053,7.3,11810,13850,286,1,0,-131,1,-49,3
20261004-154121,416.18,Vloxx,81053,7.8,11280,13160,106,1,0,-131,1,-49,0
20261004-154121,416.26,Vloxx,81053,7.8,11240,13870,196,1,0,-131,1,-49,0
20261004-154121,416.78,Vloxx,81053,8.4,11220,13310,106,1,0,180,0,-49,0
20261004-154121,417.10,Vloxx,81053,8.7,11650,13330,16,0,,,,,0
20261004-154121,417.30,Vloxx,81053,8.9,11580,13090,16,0,,,,,0
20261004-154121,417.51,Vloxx,81053,9.1,11510,12850,16,0,,,,,0
20261004-154121,417.70,Vloxx,81053,9.3,11440,12610,16,0,,,,,0
20261004-154121,417.90,Vloxx,81053,9.5,11380,12370,16,0,,,,,0
20261004-154121,418.10,Vloxx,81053,9.7,11310,12130,16,0,,,,,0
20261004-154121,418.31,Vloxx,81053,9.9,11240,11890,16,0,,,,,0
20261004-154121,418.50,Vloxx,81053,10.1,11170,11650,16,0,,,,,0
20261004-154121,437.50,Aspect of the Sword,81326,5.1,12960,15680,77,0,,,,,0
20261004-154121,437.70,Aspect of the Sword,81326,5.3,12720,15620,77,0,,,,,0
20261004-154121,437.90,Aspect of the Sword,81326,5.5,12480,15570,77,0,,,,,2
20261004-154121,438.10,Aspect of the Sword,81326,5.7,12230,15510,77,0,,,,,0
20261004-154121,438.31,Aspect of the Sword,81326,5.9,11990,15450,77,0,,,,,0
20261004-154121,438.50,Aspect of the Sword,81326,6.1,11750,15400,77,0,,,,,0
20261004-154121,441.42,Vloxx,81053,4.8,12060,15350,110,1,0,-180,0,0,4
20261004-154121,441.94,Vloxx,81053,5.3,12180,15340,110,1,0,-180,0,0,7
20261004-154121,441.95,Vloxx,81053,5.3,12410,14900,20,1,0,-180,0,0,7
20261004-154121,442.47,Vloxx,81053,5.8,12860,15250,-70,1,0,180,0,0,7
20261004-154121,442.47,Vloxx,81053,5.8,11970,15870,20,1,0,-180,0,0,7
20261004-154121,442.86,Vloxx,81053,6.2,12240,15150,110,1,0,-180,0,0,6
20261004-154121,442.98,Vloxx,81053,6.3,12510,15700,-160,1,0,180,0,0,6
20261004-154121,442.98,Vloxx,81053,6.3,11450,15650,-70,1,0,180,0,0,6
20261004-154121,443.38,Vloxx,81053,6.7,12580,15600,20,1,0,-179,0,-1,10
20261004-154121,443.47,Vloxx,81053,6.8,12190,15360,110,1,0,-179,0,-1,10
20261004-154121,443.50,Vloxx,81053,6.8,11660,15130,-160,1,0,-179,0,-1,7
20261004-154121,443.90,Vloxx,81053,7.2,12130,15940,-70,1,0,-179,0,-1,4
20261004-154121,443.99,Vloxx,81053,7.3,12180,15920,20,1,0,-179,0,-1,4
20261004-154121,444.42,Vloxx,81053,7.8,11790,15490,-160,1,0,-179,0,-1,4
20261004-154121,444.50,Vloxx,81053,7.8,11620,15920,-70,1,0,-179,0,-1,4
20261004-154121,445.02,Vloxx,81053,8.4,11620,15350,-160,1,0,-180,0,-1,2
20261004-154121,447.46,Vloxx,81053,10.8,12150,15370,-238,0,,,,,0
20261004-154121,447.67,Vloxx,81053,11.0,11940,15500,-238,0,,,,,0
20261004-154121,447.86,Vloxx,81053,11.2,11730,15630,-238,0,,,,,0
20261004-154121,448.06,Vloxx,81053,11.4,11520,15770,-238,0,,,,,0
20261004-154121,448.26,Vloxx,81053,11.6,11310,15900,-238,0,,,,,0
20261004-154121,448.47,Vloxx,81053,11.8,11100,16030,-238,0,,,,,0
20261004-154121,448.67,Vloxx,81053,12.0,10880,16170,-238,0,,,,,0
20261004-154121,448.87,Vloxx,,,10670,16300,-238,0,,,,,0
20261004-154121,453.19,Aspect of the Sword,,,12530,15360,57,0,,,,,0
20261004-154121,453.39,Aspect of the Sword,,,12320,15220,57,0,,,,,0
20261004-154121,453.58,Aspect of the Sword,,,12110,15080,57,0,,,,,0
20261004-154121,453.78,Aspect of the Sword,,,11900,14950,57,0,,,,,0
20261004-154121,453.99,Aspect of the Sword,,,11690,14810,57,0,,,,,0
20261004-154121,454.18,Aspect of the Sword,,,11480,14670,57,0,,,,,0
20261004-154121,462.54,Vloxx,81053,4.8,12260,15150,174,1,0,180,0,0,9
20261004-154121,463.07,Vloxx,81053,5.3,12560,15630,84,1,0,-180,0,0,10
20261004-154121,463.07,Vloxx,81053,5.3,12080,15160,174,1,0,180,0,0,10
20261004-154121,463.58,Vloxx,81053,5.8,12090,15940,-6,1,0,-180,0,0,9
20261004-154121,463.58,Vloxx,81053,5.8,12650,15220,84,1,0,-180,0,0,9
20261004-154121,463.99,Vloxx,81053,6.2,12140,15210,174,1,0,180,0,0,8
20261004-154121,464.10,Vloxx,81053,6.3,12590,15780,-35,1,0,151,1,0,8
20261004-154121,464.11,Vloxx,81053,6.3,11780,15460,-125,1,0,151,1,0,8
20261004-154121,464.50,Vloxx,81053,6.7,12690,15300,55,1,0,151,1,29,7
20261004-154121,464.58,Vloxx,81053,6.8,12030,15410,145,1,0,151,1,29,7
20261004-154121,464.62,Vloxx,81053,6.8,12030,15730,-125,1,0,151,1,29,7
20261004-154121,465.02,Vloxx,81053,7.2,12600,15860,-35,1,0,151,1,29,6
20261004-154121,465.10,Vloxx,81053,7.3,12240,14890,55,1,0,151,1,29,6
20261004-154121,465.54,Vloxx,81053,7.8,12040,15770,-125,1,0,151,1,29,4
20261004-154121,465.63,Vloxx,81053,7.8,12760,15100,-35,1,0,151,1,29,4
20261004-154121,466.14,Vloxx,81053,8.4,12550,15620,-125,1,0,-180,0,29,0
20261004-154121,466.43,Vloxx,81053,8.6,12180,15390,-215,0,,,,,0
20261004-154121,466.62,Vloxx,81053,8.8,12030,15590,-215,0,,,,,0
20261004-154121,466.82,Vloxx,81053,9.0,11890,15800,-215,0,,,,,0
20261004-154121,467.02,Vloxx,81053,9.2,11740,16000,-215,0,,,,,0
20261004-154121,467.23,Vloxx,81053,9.4,11600,16210,-215,0,,,,,0
20261004-154121,467.42,Vloxx,81053,9.6,11450,16410,-215,0,,,,,0
20261004-154121,467.62,Vloxx,81053,9.8,11310,16610,-215,0,,,,,0
20261004-154121,467.82,Vloxx,81053,10.0,11160,16820,-215,0,,,,,0
20261004-154121,468.90,Aspect of the Sword,81326,7.2,12440,15380,-247,0,,,,,0
20261004-154121,469.10,Aspect of the Sword,81326,7.4,12210,15470,-247,0,,,,,0
20261004-154121,469.30,Aspect of the Sword,81326,7.6,11980,15570,-247,0,,,,,0
20261004-154121,469.50,Aspect of the Sword,81326,7.8,11750,15670,-247,0,,,,,0
20261004-154121,469.70,Aspect of the Sword,81326,8.0,11520,15760,-247,0,,,,,0
20261004-154121,469.90,Aspect of the Sword,81326,8.2,11290,15860,-247,0,,,,,0
20261004-154121,475.38,Vloxx,,,12150,15310,73,0,,,,,0
20261004-154121,475.58,Vloxx,,,11910,15230,73,0,,,,,0
20261004-154121,475.78,Vloxx,,,11670,15160,73,0,,,,,0
20261004-154121,475.98,Vloxx,,,11430,15090,73,0,,,,,0
20261004-154121,476.18,Vloxx,,,11190,15010,73,0,,,,,0
20261004-154121,476.38,Vloxx,,,10950,14940,73,0,,,,,0
20261004-154121,476.58,Vloxx,,,10710,14860,73,0,,,,,0
20261004-154121,476.78,Vloxx,,,10470,14790,-252,0,,,,,0
20261004-154121,484.74,Aspect of the Sword,,,12170,15220,-226,0,,,,,0
20261004-154121,484.94,Aspect of the Sword,,,11990,15390,-226,0,,,,,0
20261004-154121,485.14,Aspect of the Sword,,,11810,15560,-226,0,,,,,0
20261004-154121,485.34,Aspect of the Sword,,,11630,15740,-226,0,,,,,0
20261004-154121,485.54,Aspect of the Sword,,,11450,15910,-226,0,,,,,0
20261004-154121,485.73,Aspect of the Sword,,,11270,16080,-226,0,,,,,0
20261004-154121,498.34,Vloxx,81053,4.8,10310,16110,106,1,0,180,0,0,1
20261004-154121,498.86,Vloxx,81053,5.3,10130,15570,16,1,0,-180,0,0,1
20261004-154121,498.86,Vloxx,81053,5.3,10340,16040,106,1,0,180,0,0,1
20261004-154121,499.38,Vloxx,81053,5.8,10220,15490,16,1,0,-180,0,0,0
20261004-154121,499.38,Vloxx,81053,5.8,10670,15400,-74,1,0,-180,0,0,0
20261004-154121,499.77,Vloxx,81053,6.2,10550,16370,106,1,0,180,0,0,0
20261004-154121,499.90,Vloxx,81053,6.3,10770,15370,248,1,0,143,1,0,4
20261004-154121,499.90,Vloxx,81053,6.3,10840,15940,158,1,0,143,1,0,4
20261004-154121,500.30,Vloxx,81053,6.7,11100,16510,339,1,0,143,1,37,1
20261004-154121,500.38,Vloxx,81053,6.8,10330,16120,429,1,0,143,1,37,6
20261004-154121,500.42,Vloxx,81053,6.8,10890,15920,158,1,0,143,1,37,6
20261004-154121,500.82,Vloxx,81053,7.2,10960,17060,248,1,0,143,1,37,2
20261004-154121,500.90,Vloxx,81053,7.3,10000,15670,339,1,0,143,1,37,2
20261004-154121,501.34,Vloxx,81053,7.8,10410,16920,158,1,0,143,1,37,3
20261004-154121,501.42,Vloxx,81053,7.8,10450,15330,248,1,0,143,1,37,3
20261004-154121,501.94,Vloxx,81053,8.4,10790,15780,158,1,0,180,0,37,8
20261004-154121,504.38,Vloxx,81053,10.8,10280,16060,-249,0,,,,,0
20261004-154121,504.58,Vloxx,81053,11.0,10040,16150,-249,0,,,,,0
20261004-154121,504.78,Vloxx,81053,11.2,9810,16230,-249,0,,,,,0
20261004-154121,504.98,Vloxx,81053,11.4,9570,16320,-249,0,,,,,0
20261004-154121,505.17,Vloxx,81053,11.6,9340,16410,-249,0,,,,,0
20261004-154121,505.38,Vloxx,81053,11.8,9110,16500,-249,0,,,,,0
20261004-154121,505.58,Aspect of the Sword,81326,5.1,12120,15160,-239,0,,,,,0
20261004-154121,505.58,Vloxx,,,8870,16590,-249,0,,,,,0
20261004-154121,505.78,Vloxx,,,8640,16680,-249,0,,,,,0
20261004-154121,505.78,Aspect of the Sword,81326,5.3,11910,15290,-239,0,,,,,0
20261004-154121,505.98,Aspect of the Sword,81326,5.5,11690,15420,-239,0,,,,,0
20261004-154121,506.18,Aspect of the Sword,81326,5.7,11480,15540,-239,0,,,,,0
20261004-154121,506.37,Aspect of the Sword,81326,5.9,11260,15670,-239,0,,,,,0
20261004-154121,506.58,Aspect of the Sword,81326,6.1,11050,15800,-239,0,,,,,0
20261004-154121,561.09,Vloxx,,,11890,15340,270,1,0,180,0,0,0
20261004-154121,561.09,Vloxx,,,11960,15360,270,1,0,180,0,0,0
20261004-154121,561.09,Vloxx,,,12050,15330,270,1,0,180,0,0,0
20261004-154121,561.61,Vloxx,,,11650,15730,180,1,0,-180,0,0,2
20261004-154121,561.61,Vloxx,,,11500,15750,180,1,0,-180,0,0,2
20261004-154121,561.61,Vloxx,,,11610,15810,180,1,0,-180,0,0,2
20261004-154121,562.13,Vloxx,,,11250,15330,90,1,0,-180,0,0,0
20261004-154121,562.13,Vloxx,,,11090,15360,90,1,0,-180,0,0,0
20261004-154121,562.13,Vloxx,,,11170,15460,90,1,0,-180,0,0,0
20261004-154121,562.65,Vloxx,,,11510,15010,0,1,0,-180,0,0,0
20261004-154121,562.65,Vloxx,,,11480,14950,0,1,0,-180,0,0,0
20261004-154121,562.65,Vloxx,,,11650,14930,0,1,0,-180,0,0,0
20261004-154121,573.33,Aspect of the Sword,81326,5.1,12680,15600,78,0,,,,,0
20261004-154121,573.54,Aspect of the Sword,81326,5.3,12430,15550,78,0,,,,,0
20261004-154121,573.74,Aspect of the Sword,81326,5.5,12190,15500,78,0,,,,,0
20261004-154121,573.94,Aspect of the Sword,81326,5.7,11940,15450,78,0,,,,,0
20261004-154121,574.13,Aspect of the Sword,81326,5.9,11700,15390,78,0,,,,,0
20261004-154121,574.33,Aspect of the Sword,81326,6.1,11450,15340,78,0,,,,,0
20261004-154121,576.10,Vloxx,,,12320,15230,270,1,0,180,0,0,4
20261004-154121,576.10,Vloxx,,,12370,15170,270,1,0,180,0,0,4
20261004-154121,576.10,Vloxx,,,12370,15210,270,1,0,180,0,0,4
20261004-154121,576.62,Vloxx,,,12350,14600,180,1,0,-180,0,0,9
20261004-154121,576.62,Vloxx,,,12320,14670,180,1,0,-180,0,0,9
20261004-154121,576.63,Vloxx,,,12440,14650,180,1,0,-180,0,0,9
20261004-154121,577.13,Vloxx,,,13000,14730,90,1,0,-180,0,0,1
20261004-154121,577.13,Vloxx,,,12880,14660,90,1,0,-180,0,0,1
20261004-154121,577.13,Vloxx,,,12920,14580,90,1,0,-180,0,0,1
20261004-154121,577.67,Vloxx,,,12930,15290,0,1,0,-180,0,0,0
20261004-154121,577.67,Vloxx,,,12880,15230,0,1,0,-180,0,0,0
20261004-154121,577.67,Vloxx,,,12940,15150,0,1,0,-180,0,0,0
20261004-154121,588.77,Aspect of the Sword,,,11760,14880,-200,0,,,,,0
20261004-154121,588.97,Aspect of the Sword,,,11670,15110,-200,0,,,,,0
20261004-154121,589.17,Aspect of the Sword,,,11590,15350,-200,0,,,,,0
20261004-154121,589.37,Aspect of the Sword,,,11510,15580,-200,0,,,,,0
20261004-154121,589.57,Aspect of the Sword,,,11420,15820,-200,0,,,,,0
20261004-154121,589.77,Aspect of the Sword,,,11340,16060,-200,0,,,,,0
20261004-154121,591.10,Vloxx,,,12130,15320,270,1,0,180,0,0,0
20261004-154121,591.10,Vloxx,,,12210,15370,270,1,0,180,0,0,0
20261004-154121,591.61,Vloxx,,,11690,15670,180,1,0,-180,0,0,0
20261004-154121,591.61,Vloxx,,,12490,15860,180,1,0,-180,0,0,0
20261004-154121,592.13,Vloxx,,,11990,16140,90,1,0,-180,0,0,0
20261004-154121,592.13,Vloxx,,,11330,15230,90,1,0,-180,0,0,0
20261004-154121,592.65,Vloxx,,,11720,15650,0,1,0,-180,0,0,1
20261004-154121,592.65,Vloxx,,,11770,14880,0,1,0,-180,0,0,1
20261004-155218,291.91,Aspect of the Sword,81326,5.1,12820,15700,-235,0,,,,,0
20261004-155218,292.10,Aspect of the Sword,81326,5.3,12610,15840,-235,0,,,,,0
20261004-155218,292.30,Aspect of the Sword,81326,5.5,12410,15980,-235,0,,,,,5
20261004-155218,292.50,Aspect of the Sword,81326,5.7,12200,16120,-235,0,,,,,0
20261004-155218,292.71,Aspect of the Sword,81326,5.9,12000,16270,-235,0,,,,,0
20261004-155218,292.90,Aspect of the Sword,81326,6.1,11790,16410,-235,0,,,,,0
20261004-155218,307.91,Aspect of the Sword,,,12490,15070,-4,0,,,,,0
20261004-155218,308.11,Aspect of the Sword,,,12500,14820,-4,0,,,,,0
20261004-155218,308.31,Aspect of the Sword,,,12520,14580,-4,0,,,,,0
20261004-155218,308.50,Aspect of the Sword,,,12540,14330,-4,0,,,,,0
20261004-155218,308.71,Aspect of the Sword,,,12560,14080,-4,0,,,,,0
20261004-155218,308.90,Aspect of the Sword,,,12580,13830,-4,0,,,,,0
20261004-155218,323.59,Aspect of the Sword,81326,7.4,12470,15370,5,0,,,,,0
20261004-155218,323.78,Aspect of the Sword,81326,7.6,12440,15120,5,0,,,,,0
20261004-155218,323.98,Aspect of the Sword,81326,7.8,12420,14870,5,0,,,,,0
20261004-155218,324.18,Aspect of the Sword,81326,8.0,12400,14620,5,0,,,,,0
20261004-155218,324.38,Aspect of the Sword,81326,8.2,12380,14370,5,0,,,,,0
20261004-155218,324.58,Aspect of the Sword,81326,8.4,12350,14120,5,0,,,,,0
20261004-155218,339.98,Aspect of the Sword,,,12840,15440,-98,0,,,,,0
20261004-155218,340.18,Aspect of the Sword,,,13080,15480,-98,0,,,,,0
20261004-155218,340.38,Aspect of the Sword,,,13330,15510,-98,0,,,,,0
20261004-155218,340.59,Aspect of the Sword,,,13580,15540,-98,0,,,,,0
20261004-155218,340.78,Aspect of the Sword,,,13830,15580,-98,0,,,,,0
20261004-155218,340.98,Aspect of the Sword,,,14070,15610,-98,0,,,,,0
20261004-155218,344.91,Vloxx,81053,4.8,14180,15640,399,1,0,-180,0,0,2
20261004-155218,345.42,Vloxx,81053,5.3,14270,15520,399,1,0,-180,0,0,5
20261004-155218,345.42,Vloxx,81053,5.3,14050,16190,309,1,0,180,0,0,5
20261004-155218,345.94,Vloxx,81053,5.8,14380,16070,309,1,0,180,0,0,1
20261004-155218,345.94,Vloxx,81053,5.8,13500,16070,219,1,0,180,0,0,1
20261004-155218,346.34,Vloxx,81053,6.2,14220,15610,399,1,0,-180,0,0,4
20261004-155218,346.46,Vloxx,81053,6.3,13620,15520,129,1,0,-180,0,0,4
20261004-155218,346.46,Vloxx,81053,6.3,13830,16180,219,1,0,180,0,0,4
20261004-155218,346.86,Vloxx,81053,6.7,14310,15060,309,1,0,180,0,0,4
20261004-155218,346.94,Vloxx,81053,6.8,14080,15460,399,1,0,-180,0,0,4
20261004-155218,346.98,Vloxx,81053,6.8,13720,15630,129,1,0,-180,0,0,4
20261004-155218,347.39,Vloxx,81053,7.2,14870,15150,219,1,0,180,0,0,4
20261004-155218,347.46,Vloxx,81053,7.3,13520,15360,309,1,0,180,0,0,4
20261004-155218,347.90,Vloxx,81053,7.8,14770,15710,129,1,0,-180,0,0,3
20261004-155218,347.98,Vloxx,81053,7.8,13620,14800,219,1,0,180,0,0,3
20261004-155218,348.50,Vloxx,81053,8.4,14180,14900,10,1,0,61,1,119,0
20261004-155218,352.66,Vloxx,,,14270,15640,-103,0,,,,,0
20261004-155218,352.86,Vloxx,,,14520,15700,-103,0,,,,,0
20261004-155218,353.06,Vloxx,,,14760,15760,-103,0,,,,,0
20261004-155218,353.26,Vloxx,,,15000,15820,-103,0,,,,,0
20261004-155218,353.46,Vloxx,,,15250,15870,-103,0,,,,,0
20261004-155218,353.66,Vloxx,,,15490,15930,-103,0,,,,,0
20261004-155218,353.87,Vloxx,,,15730,15990,-103,0,,,,,0
20261004-155218,354.07,Vloxx,,,15980,16050,-103,0,,,,,0
20261004-155218,355.35,Aspect of the Sword,81326,9.7,13680,15610,-138,0,,,,,0
20261004-155218,355.55,Aspect of the Sword,81326,9.9,13850,15800,-138,0,,,,,0
20261004-155218,355.75,Aspect of the Sword,81326,10.1,14020,15980,-138,0,,,,,0
20261004-155218,355.95,Aspect of the Sword,81326,10.3,14190,16170,-138,0,,,,,0
20261004-155218,356.14,Aspect of the Sword,81326,10.5,14350,16350,-138,0,,,,,0
20261004-155218,356.35,Aspect of the Sword,81326,10.7,14520,16540,-138,0,,,,,0
20261004-155218,364.99,Vloxx,81053,4.8,14350,15730,415,1,0,-180,0,0,9
20261004-155218,365.50,Vloxx,81053,5.3,13790,15830,325,1,0,-180,0,0,9
20261004-155218,365.51,Vloxx,81053,5.3,14370,15600,415,1,0,-180,0,0,9
20261004-155218,366.02,Vloxx,81053,5.8,13690,15280,235,1,0,-180,0,0,9
20261004-155218,366.02,Vloxx,81053,5.8,14040,16060,325,1,0,-180,0,0,9
20261004-155218,366.43,Vloxx,81053,6.2,14340,15690,415,1,0,-180,0,0,8
20261004-155218,366.54,Vloxx,81053,6.3,14250,15180,145,1,0,180,0,0,8
20261004-155218,366.54,Vloxx,81053,6.3,13580,15730,235,1,0,-180,0,0,8
20261004-155218,366.95,Vloxx,81053,6.7,13800,15880,325,1,0,-180,0,0,7
20261004-155218,367.03,Vloxx,81053,6.8,14380,15680,415,1,0,-180,0,0,7
20261004-155218,367.07,Vloxx,81053,6.8,13910,15270,145,1,0,180,0,0,7
20261004-155218,367.47,Vloxx,81053,7.2,13620,15350,235,1,0,-180,0,0,7
20261004-155218,367.54,Vloxx,81053,7.3,13880,15950,325,1,0,-180,0,0,7
20261004-155218,367.99,Vloxx,81053,7.8,14150,15160,162,1,0,-163,1,-17,8
20261004-155218,368.06,Vloxx,81053,7.8,13610,15460,252,1,0,-163,1,-17,8
20261004-155218,368.58,Vloxx,81053,8.4,14100,15180,162,1,0,-163,1,-17,6
20261004-155218,370.22,Vloxx,81053,10.0,14130,15600,72,0,,,,,0
20261004-155218,370.42,Vloxx,81053,10.2,13890,15530,72,0,,,,,0
20261004-155218,370.62,Vloxx,81053,10.4,13650,15450,72,0,,,,,0
20261004-155218,370.82,Vloxx,81053,10.6,13410,15380,72,0,,,,,0
20261004-155218,371.02,Vloxx,81053,10.8,13170,15300,72,0,,,,,0
20261004-155218,371.22,Vloxx,81053,11.0,12940,15230,72,0,,,,,0
20261004-155218,371.42,Vloxx,81053,11.2,12700,15150,72,0,,,,,0
20261004-155218,371.62,Vloxx,81053,11.4,12460,15070,-61,0,,,,,0
20261004-155218,381.43,Vloxx,81053,4.8,14270,15670,345,1,0,180,0,0,6
20261004-155218,381.95,Vloxx,81053,5.3,14180,15750,345,1,0,180,0,0,8
20261004-155218,381.95,Vloxx,81053,5.3,13710,15770,255,1,0,-180,0,0,8
20261004-155218,382.46,Vloxx,81053,5.8,13840,15300,255,1,0,-180,0,0,7
20261004-155218,382.46,Vloxx,81053,5.8,13610,15220,165,1,0,-180,0,0,7
20261004-155218,382.86,Vloxx,81053,6.2,14190,15680,345,1,0,180,0,0,5
20261004-155218,382.98,Vloxx,81053,6.3,14290,14960,165,1,0,-180,0,0,3
20261004-155218,382.98,Vloxx,81053,6.3,14170,15120,75,1,0,-180,0,0,3
20261004-155218,383.38,Vloxx,81053,6.7,13850,15230,249,1,0,174,0,6,4
20261004-155218,383.46,Vloxx,81053,6.8,14150,15510,339,1,0,174,0,6,4
20261004-155218,383.50,Vloxx,81053,6.8,14630,15410,69,1,0,174,0,6,3
20261004-155218,383.90,Vloxx,81053,7.2,14300,14890,159,1,0,174,0,6,1
20261004-155218,383.98,Vloxx,81053,7.3,14670,15740,249,1,0,174,0,6,1
20261004-155218,384.42,Vloxx,81053,7.8,14640,15340,69,1,0,174,0,6,2
20261004-155218,384.50,Vloxx,81053,7.8,14430,16260,159,1,0,174,0,6,2
20261004-155218,385.02,Vloxx,81053,8.4,13920,16020,69,1,0,-180,0,6,1
20261004-155218,394.10,Vloxx,,,14270,15650,-111,0,,,,,0
20261004-155218,394.30,Vloxx,,,14500,15740,-111,0,,,,,0
20261004-155218,394.50,Vloxx,,,14740,15830,-111,0,,,,,0
20261004-155218,394.70,Vloxx,,,14970,15920,-111,0,,,,,0
20261004-155218,394.90,Vloxx,,,15210,16010,-111,0,,,,,0
20261004-155218,395.10,Vloxx,,,15440,16090,-111,0,,,,,0
20261004-155218,395.30,Vloxx,,,15670,16180,-111,0,,,,,0
20261004-155218,395.50,Vloxx,81053,0.0,15910,16270,-111,0,,,,,0
20261004-155218,400.26,Vloxx,81053,4.8,14290,15720,177,1,0,-180,0,0,0
20261004-155218,400.78,Vloxx,81053,5.3,14470,15750,177,1,0,-180,0,0,0
20261004-155218,400.78,Vloxx,81053,5.3,13720,15710,87,1,0,180,0,0,0
20261004-155218,401.30,Vloxx,81053,5.8,13940,15950,87,1,0,180,0,0,1
20261004-155218,401.30,Vloxx,81053,5.8,13730,15150,-3,1,0,180,0,0,1
20261004-155218,401.70,Vloxx,81053,6.2,14460,15710,177,1,0,-180,0,0,0
20261004-155218,401.82,Vloxx,81053,6.3,13740,15410,-3,1,0,180,0,0,1
20261004-155218,401.82,Vloxx,81053,6.3,14300,15160,-93,1,0,-180,0,0,1
20261004-155218,402.22,Vloxx,81053,6.7,13960,15970,177,1,0,-90,1,-90,0
20261004-155218,402.30,Vloxx,81053,6.8,14410,15780,267,1,0,-90,1,-90,0
20261004-155218,402.34,Vloxx,81053,6.8,14270,15220,-3,1,0,-90,1,-90,0
20261004-155218,402.74,Vloxx,81053,7.2,13700,15460,87,1,0,-90,1,-90,0
20261004-155218,402.82,Vloxx,81053,7.3,13850,15870,177,1,0,-90,1,-90,0
20261004-155218,403.26,Vloxx,81053,7.8,14210,15210,-3,1,0,-90,1,-90,0
20261004-155218,403.34,Vloxx,81053,7.8,13760,15310,87,1,0,-90,1,-90,0
20261004-155218,403.86,Vloxx,81053,8.4,14320,15220,-3,1,0,180,0,-90,0
20261004-155218,404.22,Vloxx,81053,8.7,14270,15630,-93,0,,,,,0
20261004-155218,404.42,Vloxx,81053,8.9,14520,15650,-93,0,,,,,0
20261004-155218,404.62,Vloxx,81053,9.1,14770,15660,-93,0,,,,,0
20261004-155218,404.82,Vloxx,81053,9.3,15020,15670,-93,0,,,,,0
20261004-155218,405.02,Vloxx,81053,9.5,15270,15690,-93,0,,,,,0
20261004-155218,405.22,Vloxx,81053,9.7,15520,15700,-93,0,,,,,0
20261004-155218,405.42,Vloxx,81053,9.9,15770,15720,-93,0,,,,,0
20261004-155218,405.62,Vloxx,81053,10.1,16020,15730,-93,0,,,,,0
20261004-155218,408.82,Aspect of the Sword,81326,5.1,13110,15690,-85,0,,,,,0
20261004-155218,409.02,Aspect of the Sword,81326,5.3,13360,15670,-85,0,,,,,0
20261004-155218,409.22,Aspect of the Sword,81326,5.5,13610,15650,-85,0,,,,,10
20261004-155218,409.42,Aspect of the Sword,81326,5.7,13860,15620,-85,0,,,,,0
20261004-155218,409.62,Aspect of the Sword,81326,5.9,14110,15600,-85,0,,,,,0
20261004-155218,409.82,Aspect of the Sword,81326,6.1,14360,15580,-85,0,,,,,0
20261004-155218,424.62,Aspect of the Sword,,,13990,15580,-59,0,,,,,0
20261004-155218,424.82,Aspect of the Sword,,,14200,15450,-59,0,,,,,0
20261004-155218,425.02,Aspect of the Sword,,,14420,15330,-59,0,,,,,0
20261004-155218,425.22,Aspect of the Sword,,,14630,15200,-59,0,,,,,0
20261004-155218,425.42,Aspect of the Sword,,,14840,15070,-59,0,,,,,0
20261004-155218,425.62,Aspect of the Sword,,,15060,14940,-59,0,,,,,0
20261004-155218,428.46,Vloxx,81053,4.8,14290,15540,138,1,0,-180,0,0,6
20261004-155218,428.98,Vloxx,81053,5.3,14110,15820,138,1,0,-180,0,0,3
20261004-155218,428.98,Vloxx,81053,5.3,14290,16100,48,1,0,-180,0,0,3
20261004-155218,429.50,Vloxx,81053,5.8,13910,15290,48,1,0,-180,0,0,3
20261004-155218,429.50,Vloxx,81053,5.8,13730,16110,-42,1,0,180,0,0,3
20261004-155218,429.90,Vloxx,81053,6.2,14140,15790,138,1,0,-180,0,0,7
20261004-155218,430.02,Vloxx,81053,6.3,13720,15540,91,1,0,43,1,0,7
20261004-155218,430.02,Vloxx,81053,6.3,14440,15100,181,1,0,43,1,0,7
20261004-155218,430.42,Vloxx,81053,6.7,13890,15280,271,1,0,43,1,137,8
20261004-155218,430.50,Vloxx,81053,6.8,14270,15560,361,1,0,43,1,137,8
20261004-155218,430.54,Vloxx,81053,6.8,14640,15630,91,1,0,43,1,137,8
20261004-155218,430.94,Vloxx,81053,7.2,14400,15030,181,1,0,43,1,137,6
20261004-155218,431.02,Vloxx,81053,7.3,14260,16120,271,1,0,43,1,137,6
20261004-155218,431.46,Vloxx,81053,7.8,14650,15540,91,1,0,43,1,137,3
20261004-155218,431.54,Vloxx,81053,7.8,13690,16110,181,1,0,43,1,137,3
20261004-155218,432.06,Vloxx,81053,8.4,13700,15550,91,1,0,-180,0,137,0
20261004-155218,434.46,Vloxx,81053,10.8,14160,15560,31,0,,,,,0
20261004-155218,434.65,Vloxx,81053,11.0,14030,15350,31,0,,,,,0
20261004-155218,434.85,Vloxx,81053,11.2,13910,15130,31,0,,,,,0
20261004-155218,435.06,Vloxx,81053,11.4,13780,14920,31,0,,,,,0
20261004-155218,435.26,Vloxx,81053,11.6,13650,14700,31,0,,,,,0
20261004-155218,435.46,Vloxx,81053,11.8,13520,14490,31,0,,,,,0
20261004-155218,435.66,Vloxx,81053,12.0,13400,14270,31,0,,,,,0
20261004-155218,435.86,Vloxx,,,13270,14060,31,0,,,,,0
20261004-155218,440.18,Aspect of the Sword,81326,6.6,13960,15560,-35,0,,,,,0
20261004-155218,440.38,Aspect of the Sword,81326,6.8,14110,15350,-35,0,,,,,0
20261004-155218,440.57,Aspect of the Sword,81326,7.0,14250,15150,-35,0,,,,,0
20261004-155218,440.78,Aspect of the Sword,81326,7.2,14400,14950,-35,0,,,,,0
20261004-155218,440.98,Aspect of the Sword,81326,7.4,14540,14740,-35,0,,,,,0
20261004-155218,441.18,Aspect of the Sword,81326,7.6,14690,14540,-35,0,,,,,0
20261004-155218,449.94,Vloxx,81053,4.8,14310,15640,131,1,0,180,0,0,4
20261004-155218,450.46,Vloxx,81053,5.3,14510,15760,131,1,0,180,0,0,3
20261004-155218,450.46,Vloxx,81053,5.3,13880,16000,41,1,0,180,0,0,3
20261004-155218,450.98,Vloxx,81053,5.8,13520,15570,-49,1,0,-180,0,0,1
20261004-155218,450.98,Vloxx,81053,5.8,13990,15970,41,1,0,180,0,0,1
20261004-155218,451.37,Vloxx,81053,6.2,14300,15800,131,1,0,180,0,0,0
20261004-155218,451.49,Vloxx,81053,6.3,13780,15450,76,1,0,-56,1,0,1
20261004-155218,451.49,Vloxx,81053,6.3,13950,15210,-14,1,0,-56,1,0,1
20261004-155218,451.90,Vloxx,81053,6.7,13750,15660,166,1,0,-56,1,-124,8
20261004-155218,451.98,Vloxx,81053,6.8,14010,15740,256,1,0,-56,1,-124,8
20261004-155218,452.02,Vloxx,81053,6.8,14310,15240,-14,1,0,-56,1,-124,8
20261004-155218,452.41,Vloxx,81053,7.2,13890,15110,76,1,0,-56,1,-124,10
20261004-155218,452.50,Vloxx,81053,7.3,14150,15190,166,1,0,-56,1,-124,10
20261004-155218,452.94,Vloxx,81053,7.8,14440,15250,-14,1,0,-56,1,-124,2
20261004-155218,453.02,Vloxx,81053,7.8,14700,15340,76,1,0,-56,1,-124,2
20261004-155218,453.53,Vloxx,81053,8.4,14550,15890,-14,1,0,180,0,0,2
20261004-155218,453.86,Vloxx,81053,8.7,14270,15650,-104,0,,,,,0
20261004-155218,454.05,Vloxx,81053,8.9,14510,15710,-104,0,,,,,0
20261004-155218,454.26,Vloxx,81053,9.1,14760,15770,-104,0,,,,,0
20261004-155218,454.46,Vloxx,81053,9.3,15000,15830,-104,0,,,,,0
20261004-155218,454.65,Vloxx,81053,9.5,15240,15890,-104,0,,,,,0
20261004-155218,454.86,Vloxx,81053,9.7,15480,15950,-104,0,,,,,0
20261004-155218,455.06,Vloxx,81053,9.9,15730,16010,-104,0,,,,,0
20261004-155218,455.25,Vloxx,81053,10.1,15970,16070,-104,0,,,,,0
20261004-155218,462.58,Vloxx,,,14260,15670,-122,0,,,,,0
20261004-155218,462.78,Vloxx,,,14480,15800,-122,0,,,,,0
20261004-155218,462.98,Vloxx,,,14690,15930,-122,0,,,,,0
20261004-155218,463.18,Vloxx,,,14900,16060,-122,0,,,,,0
20261004-155218,463.38,Vloxx,,,15110,16190,-122,0,,,,,0
20261004-155218,463.58,Vloxx,,,15320,16330,-122,0,,,,,0
20261004-155218,463.78,Vloxx,,,15540,16460,-122,0,,,,,0
20261004-155218,463.98,Vloxx,,,15750,16590,-254,0,,,,,0
20261004-155218,507.69,Aspect of the Sword,81326,5.1,12820,15480,88,0,,,,,0
20261004-155218,507.89,Aspect of the Sword,81326,5.3,12570,15470,88,0,,,,,0
20261004-155218,508.10,Aspect of the Sword,81326,5.5,12320,15470,88,0,,,,,3
20261004-155218,508.29,Aspect of the Sword,81326,5.7,12070,15460,88,0,,,,,0
20261004-155218,508.50,Aspect of the Sword,81326,5.9,11820,15450,88,0,,,,,0
20261004-155218,508.69,Aspect of the Sword,81326,6.1,11570,15440,88,0,,,,,0
20261004-155218,517.14,Vloxx,,,12190,15180,270,1,0,180,0,0,0
20261004-155218,517.14,Vloxx,,,12250,15220,270,1,0,180,0,0,0
20261004-155218,517.14,Vloxx,,,12230,15090,270,1,0,180,0,0,0
20261004-155218,517.66,Vloxx,,,11980,14720,180,1,0,-180,0,0,10
20261004-155218,517.66,Vloxx,,,11720,14860,180,1,0,-180,0,0,10
20261004-155218,517.67,Vloxx,,,11840,14670,180,1,0,-180,0,0,10
20261004-155218,518.17,Vloxx,,,12040,14390,90,1,0,-180,0,0,1
20261004-155218,518.17,Vloxx,,,12250,14290,90,1,0,-180,0,0,1
20261004-155218,518.17,Vloxx,,,12480,14450,90,1,0,-180,0,0,1
20261004-155218,518.69,Vloxx,,,12640,14700,0,1,0,-180,0,0,0
20261004-155218,518.69,Vloxx,,,12750,14950,0,1,0,-180,0,0,0
20261004-155218,518.69,Vloxx,,,12510,14710,0,1,0,-180,0,0,0
20261004-155218,522.97,Aspect of the Sword,,,12090,15160,-225,0,,,,,0
20261004-155218,523.18,Aspect of the Sword,,,11910,15340,-225,0,,,,,0
20261004-155218,523.38,Aspect of the Sword,,,11730,15520,-225,0,,,,,0
20261004-155218,523.57,Aspect of the Sword,,,11560,15700,-225,0,,,,,0
20261004-155218,523.77,Aspect of the Sword,,,11380,15870,-225,0,,,,,0
20261004-155218,523.98,Aspect of the Sword,,,11200,16050,-225,0,,,,,0
20261004-155218,532.13,Vloxx,,,12410,15580,270,1,0,180,0,0,8
20261004-155218,532.14,Vloxx,,,12310,15390,270,1,0,180,0,0,8
20261004-155218,532.14,Vloxx,,,12430,15500,270,1,0,180,0,0,8
20261004-155218,532.65,Vloxx,,,12970,15670,180,1,0,-180,0,0,9
20261004-155218,532.65,Vloxx,,,12870,15270,180,1,0,-180,0,0,9
20261004-155218,532.65,Vloxx,,,12990,15460,180,1,0,-180,0,0,9
20261004-155218,533.18,Vloxx,,,13040,16020,90,1,0,-180,0,0,7
20261004-155218,533.18,Vloxx,,,12980,15830,90,1,0,-180,0,0,7
20261004-155218,533.18,Vloxx,,,12880,16230,90,1,0,-180,0,0,7
20261004-155218,533.69,Vloxx,,,12430,15940,0,1,0,-180,0,0,0
20261004-155218,533.69,Vloxx,,,12320,16140,0,1,0,-180,0,0,0
20261004-155218,533.69,Vloxx,,,12470,16070,0,1,0,-180,0,0,0
20261004-155218,541.22,Aspect of the Sword,81326,8.5,12660,15480,49,0,,,,,0
20261004-155218,541.41,Aspect of the Sword,81326,8.7,12470,15310,49,0,,,,,0
20261004-155218,541.62,Aspect of the Sword,81326,8.9,12280,15150,49,0,,,,,0
20261004-155218,541.81,Aspect of the Sword,81326,9.1,12090,14980,49,0,,,,,0
20261004-155218,542.01,Aspect of the Sword,81326,9.3,11910,14820,49,0,,,,,0
20261004-155218,542.21,Aspect of the Sword,81326,9.5,11720,14650,49,0,,,,,0
20261004-155218,547.13,Vloxx,,,12120,15230,270,1,0,180,0,0,0
20261004-155218,547.13,Vloxx,,,12140,15280,270,1,0,180,0,0,0
20261004-155218,547.13,Vloxx,,,12130,15250,270,1,0,180,0,0,0
20261004-155218,547.66,Vloxx,,,11570,15310,180,1,0,-180,0,0,10
20261004-155218,547.66,Vloxx,,,11590,15410,180,1,0,-180,0,0,10
20261004-155218,547.66,Vloxx,,,11550,15230,180,1,0,-180,0,0,10
20261004-155218,548.17,Vloxx,,,11500,14750,90,1,0,-180,0,0,0
20261004-155218,548.17,Vloxx,,,11550,14660,90,1,0,-180,0,0,0
20261004-155218,548.17,Vloxx,,,11460,14850,90,1,0,-180,0,0,0
20261004-155218,548.70,Vloxx,,,12020,14730,0,1,0,-180,0,0,0
20261004-155218,548.70,Vloxx,,,12120,14660,0,1,0,-180,0,0,0
20261004-155218,548.70,Vloxx,,,12070,14690,0,1,0,-180,0,0,0
20261004-155218,557.25,Aspect of the Sword,,,12290,15630,-36,0,,,,,0
20261004-155218,557.45,Aspect of the Sword,,,12440,15420,-36,0,,,,,0
20261004-155218,557.65,Aspect of the Sword,,,12580,15220,-36,0,,,,,0
20261004-155218,557.85,Aspect of the Sword,,,12730,15020,-36,0,,,,,0
20261004-155218,558.05,Aspect of the Sword,,,12880,14820,-36,0,,,,,0
20261004-155218,558.25,Aspect of the Sword,,,13020,14610,-36,0,,,,,0
20261004-155218,562.13,Vloxx,,,12260,15150,270,1,0,180,0,0,6
20261004-155218,562.13,Vloxx,,,12200,15070,270,1,0,180,0,0,6
20261004-155218,562.13,Vloxx,,,12270,15020,270,1,0,180,0,0,6
20261004-155218,562.66,Vloxx,,,11780,14700,180,1,0,-180,0,0,4
20261004-155218,562.66,Vloxx,,,11960,14670,180,1,0,-180,0,0,4
20261004-155218,562.66,Vloxx,,,11930,14570,180,1,0,-180,0,0,4
20261004-155218,563.18,Vloxx,,,12390,14230,90,1,0,-180,0,0,10
20261004-155218,563.18,Vloxx,,,12430,14370,90,1,0,-180,0,0,10
20261004-155218,563.18,Vloxx,,,12150,14270,90,1,0,-180,0,0,10
20261004-155218,563.70,Vloxx,,,12580,14650,0,1,0,-180,0,0,5
20261004-155218,563.70,Vloxx,,,12740,14840,0,1,0,-180,0,0,5
20261004-155218,563.70,Vloxx,,,12720,14690,0,1,0,-180,0,0,5
20261004-155218,580.57,Aspect of the Sword,,,12270,14790,-165,0,,,,,0
20261004-155218,580.77,Aspect of the Sword,,,12330,15030,-165,0,,,,,0
20261004-155218,580.97,Aspect of the Sword,,,12390,15270,-165,0,,,,,0
20261004-155218,581.17,Aspect of the Sword,,,12460,15510,-165,0,,,,,0
20261004-155218,581.37,Aspect of the Sword,,,12520,15750,-165,0,,,,,0
20261004-155218,581.57,Aspect of the Sword,,,12590,16000,-165,0,,,,,0
20261004-155218,592.13,Vloxx,,,12100,15260,270,1,0,180,0,0,0
20261004-155218,592.13,Vloxx,,,12450,15320,270,1,0,180,0,0,0
20261004-155218,592.65,Vloxx,,,12840,14910,180,1,0,-180,0,0,0
20261004-155218,592.65,Vloxx,,,12650,15120,180,1,0,-180,0,0,0
20261004-155218,593.17,Vloxx,,,13250,15310,90,1,0,-180,0,0,0
20261004-155218,593.17,Vloxx,,,12790,15660,90,1,0,-180,0,0,0
20261004-155218,593.69,Vloxx,,,12860,15710,0,1,0,-180,0,0,0
20261004-155218,593.69,Vloxx,,,12240,15800,0,1,0,-180,0,0,0
20261004-155218,596.77,Aspect of the Sword,81326,5.1,12450,15410,-246,0,,,,,0
20261004-155218,596.97,Aspect of the Sword,81326,5.3,12220,15510,-246,0,,,,,0
20261004-155218,597.16,Aspect of the Sword,81326,5.5,12000,15620,-246,0,,,,,0
20261004-155218,597.37,Aspect of the Sword,81326,5.7,11770,15720,-246,0,,,,,0
20261004-155218,597.57,Aspect of the Sword,81326,5.9,11540,15820,-246,0,,,,,0
20261004-155218,597.77,Aspect of the Sword,81326,6.1,11310,15920,-246,0,,,,,0
20261004-160448,290.62,Aspect of the Sword,81326,5.1,12810,15570,45,0,,,,,6
20261004-160448,290.82,Aspect of the Sword,81326,5.3,12630,15390,45,0,,,,,0
20261004-160448,291.02,Aspect of the Sword,81326,5.5,12450,15220,45,0,,,,,5
20261004-160448,291.23,Aspect of the Sword,81326,5.7,12280,15040,45,0,,,,,0
20261004-160448,291.43,Aspect of the Sword,81326,5.9,12100,14860,45,0,,,,,0
20261004-160448,291.62,Aspect of the Sword,81326,6.1,11920,14690,45,0,,,,,0
20261004-160448,306.74,Aspect of the Sword,,,12290,15550,15,0,,,,,0
20261004-160448,306.94,Aspect of the Sword,,,12220,15310,15,0,,,,,0
20261004-160448,307.14,Aspect of the Sword,,,12160,15070,15,0,,,,,0
20261004-160448,307.34,Aspect of the Sword,,,12090,14830,15,0,,,,,0
20261004-160448,307.55,Aspect of the Sword,,,12030,14590,15,0,,,,,0
20261004-160448,307.75,Aspect of the Sword,,,11960,14340,15,0,,,,,0
20261004-160448,322.38,Aspect of the Sword,81326,7.6,12430,15430,3,0,,,,,0
20261004-160448,322.58,Aspect of the Sword,81326,7.8,12420,15180,3,0,,,,,0
20261004-160448,322.78,Aspect of the Sword,81326,8.0,12400,14930,3,0,,,,,0
20261004-160448,322.98,Aspect of the Sword,81326,8.2,12390,14680,3,0,,,,,0
20261004-160448,323.18,Aspect of the Sword,81326,8.4,12380,14430,3,0,,,,,0
20261004-160448,323.38,Aspect of the Sword,81326,8.6,12360,14180,3,0,,,,,0
20261004-160448,334.26,Vloxx,81053,4.8,12980,13390,182,1,0,180,0,0,6
20261004-160448,334.78,Vloxx,81053,5.3,13000,13440,182,1,0,180,0,0,7
20261004-160448,334.78,Vloxx,81053,5.3,13480,13660,92,1,0,-180,0,0,7
20261004-160448,335.31,Vloxx,81053,5.8,13460,13760,92,1,0,-180,0,0,4
20261004-160448,335.31,Vloxx,81053,5.8,13200,14160,2,1,0,-180,0,0,4
20261004-160448,335.70,Vloxx,81053,6.2,12990,13530,182,1,0,180,0,0,7
20261004-160448,335.82,Vloxx,81053,6.3,12710,13890,-88,1,0,-180,0,0,7
20261004-160448,335.82,Vloxx,81053,6.3,13140,14220,2,1,0,-180,0,0,7
20261004-160448,336.22,Vloxx,81053,6.7,13210,14050,92,1,0,-180,0,0,7
20261004-160448,336.30,Vloxx,81053,6.8,13010,13500,182,1,0,180,0,0,7
20261004-160448,336.34,Vloxx,81053,6.8,12680,13900,-88,1,0,-180,0,0,7
20261004-160448,336.74,Vloxx,81053,7.2,12690,14270,2,1,0,-180,0,0,3
20261004-160448,336.82,Vloxx,81053,7.3,13450,13860,92,1,0,-180,0,0,3
20261004-160448,337.26,Vloxx,81053,7.8,12470,13750,-127,1,0,141,1,39,5
20261004-160448,337.34,Vloxx,81053,7.8,13080,14300,-37,1,0,141,1,39,5
20261004-160448,337.86,Vloxx,81053,8.4,12650,13930,-127,1,0,141,1,39,0
20261004-160448,339.74,Aspect of the Sword,,,12770,14120,-4,0,,,,,0
20261004-160448,339.95,Aspect of the Sword,,,12790,13870,-4,0,,,,,0
20261004-160448,340.14,Aspect of the Sword,,,12800,13620,-4,0,,,,,0
20261004-160448,340.35,Aspect of the Sword,,,12820,13370,-4,0,,,,,0
20261004-160448,340.55,Aspect of the Sword,,,12840,13120,-4,0,,,,,0
20261004-160448,340.74,Aspect of the Sword,,,12850,12870,-4,0,,,,,0
20261004-160448,341.42,Vloxx,81053,11.9,13020,13410,-5,0,,,,,0
20261004-160448,341.62,Vloxx,,,13040,13170,-5,0,,,,,0
20261004-160448,341.83,Vloxx,,,13060,12920,-5,0,,,,,0
20261004-160448,342.02,Vloxx,,,13090,12670,-5,0,,,,,0
20261004-160448,342.22,Vloxx,,,13110,12420,-5,0,,,,,0
20261004-160448,342.42,Vloxx,,,13130,12170,-5,0,,,,,0
20261004-160448,342.62,Vloxx,,,13160,11920,-5,0,,,,,0
20261004-160448,342.82,Vloxx,,,13180,11670,-5,0,,,,,0
20261004-160448,354.42,Vloxx,81053,4.8,13060,13270,106,1,0,-180,0,0,9
20261004-160448,354.94,Vloxx,81053,5.3,13110,13370,106,1,0,-180,0,0,9
20261004-160448,354.94,Vloxx,81053,5.3,13360,13750,16,1,0,-180,0,0,9
20261004-160448,355.46,Vloxx,81053,5.8,12890,14060,-74,1,0,-180,0,0,9
20261004-160448,355.46,Vloxx,81053,5.8,13160,13930,16,1,0,-180,0,0,9
20261004-160448,355.54,Aspect of the Sword,81326,10.5,12800,13720,3,0,,,,,0
20261004-160448,355.75,Aspect of the Sword,81326,10.7,12790,13470,3,0,,,,,0
20261004-160448,355.87,Vloxx,81053,6.2,13200,13350,106,1,0,-180,0,0,8
20261004-160448,355.94,Aspect of the Sword,81326,10.9,12780,13220,3,0,,,,,0
20261004-160448,355.99,Vloxx,81053,6.3,12580,13580,-164,1,0,180,0,0,9
20261004-160448,355.99,Vloxx,81053,6.3,12600,13980,-74,1,0,-180,0,0,9
20261004-160448,356.14,Aspect of the Sword,81326,11.1,12760,12970,3,0,,,,,0
20261004-160448,356.33,Aspect of the Sword,81326,11.3,12750,12720,3,0,,,,,0
20261004-160448,356.38,Vloxx,81053,6.7,13110,13910,16,1,0,-180,0,0,9
20261004-160448,356.46,Vloxx,81053,6.8,13060,13340,106,1,0,-180,0,0,9
20261004-160448,356.51,Vloxx,81053,6.9,12550,13420,-164,1,0,180,0,0,9
20261004-160448,356.54,Aspect of the Sword,81326,11.5,12740,12470,3,0,,,,,0
20261004-160448,356.90,Vloxx,81053,7.2,12550,13820,-74,1,0,-180,0,0,9
20261004-160448,356.98,Vloxx,81053,7.3,13320,13840,16,1,0,-180,0,0,9
20261004-160448,357.42,Vloxx,81053,7.8,12650,13260,-124,1,0,-140,1,-40,9
20261004-160448,357.50,Vloxx,81053,7.8,12820,14100,-34,1,0,-140,1,-40,9
20261004-160448,358.02,Vloxx,81053,8.4,12560,13600,-124,1,0,-140,1,-40,9
20261004-160448,359.54,Vloxx,81053,9.9,12970,13550,-214,0,,,,,0
20261004-160448,359.74,Vloxx,81053,10.1,12830,13760,-214,0,,,,,0
20261004-160448,359.94,Vloxx,81053,10.3,12690,13970,-214,0,,,,,0
20261004-160448,360.14,Vloxx,81053,10.5,12550,14170,-214,0,,,,,0
20261004-160448,360.33,Vloxx,81053,10.7,12410,14380,-214,0,,,,,0
20261004-160448,360.54,Vloxx,81053,10.9,12270,14590,-214,0,,,,,0
20261004-160448,360.74,Vloxx,81053,11.1,12120,14790,-214,0,,,,,0
20261004-160448,360.94,Vloxx,81053,11.3,11980,15000,47,0,,,,,0
20261004-160448,370.82,Vloxx,81053,4.8,13070,13580,382,1,0,-180,0,0,5
20261004-160448,371.30,Aspect of the Sword,,,13050,13670,-63,0,,,,,0
20261004-160448,371.35,Vloxx,81053,5.3,12980,13480,382,1,0,-180,0,0,4
20261004-160448,371.35,Vloxx,81053,5.3,12520,13460,292,1,0,-180,0,0,4
20261004-160448,371.50,Aspect of the Sword,,,13270,13560,-63,0,,,,,0
20261004-160448,371.70,Aspect of the Sword,,,13490,13440,-63,0,,,,,0
20261004-160448,371.86,Vloxx,81053,5.8,12640,12910,202,1,0,180,0,0,3
20261004-160448,371.86,Vloxx,81053,5.8,13470,13210,292,1,0,-180,0,0,3
20261004-160448,371.90,Aspect of the Sword,,,13720,13330,-63,0,,,,,0
20261004-160448,372.10,Aspect of the Sword,,,13940,13210,-63,0,,,,,0
20261004-160448,372.26,Vloxx,81053,6.2,12990,13490,382,1,0,-180,0,0,4
20261004-160448,372.30,Aspect of the Sword,,,14160,13100,-63,0,,,,,0
20261004-160448,372.38,Vloxx,81053,6.3,13190,13030,112,1,0,180,0,0,4
20261004-160448,372.38,Vloxx,81053,6.3,13740,13710,202,1,0,180,0,0,4
20261004-160448,372.77,Vloxx,81053,6.7,13390,13100,333,1,0,-139,1,-41,3
20261004-160448,372.86,Vloxx,81053,6.8,12960,13470,423,1,0,-139,1,-41,3
20261004-160448,372.90,Vloxx,81053,6.8,13240,13980,153,1,0,-139,1,-41,3
20261004-160448,373.30,Vloxx,81053,7.2,13780,13510,243,1,0,-139,1,-41,0
20261004-160448,373.38,Vloxx,81053,7.3,13500,13280,333,1,0,-139,1,-41,0
20261004-160448,373.81,Vloxx,81053,7.8,13380,13900,153,1,0,-139,1,-41,1
20261004-160448,373.90,Vloxx,81053,7.8,13680,13820,243,1,0,-139,1,-41,1
20261004-160448,374.42,Vloxx,81053,8.4,13140,14000,153,1,0,-180,0,-41,0
20261004-160448,383.42,Vloxx,,,12980,13420,21,0,,,,,0
20261004-160448,383.62,Vloxx,,,12900,13190,21,0,,,,,0
20261004-160448,383.82,Vloxx,,,12810,12950,21,0,,,,,0
20261004-160448,384.02,Vloxx,,,12720,12720,21,0,,,,,0
20261004-160448,384.22,Vloxx,,,12630,12480,21,0,,,,,0
20261004-160448,384.42,Vloxx,,,12540,12250,21,0,,,,,0
20261004-160448,384.62,Vloxx,,,12450,12020,21,0,,,,,0
20261004-160448,384.82,Vloxx,81053,0.0,12360,11780,20,0,,,,,0
20261004-160448,389.54,Vloxx,81053,4.8,12840,13300,380,1,0,-180,0,0,0
20261004-160448,390.06,Vloxx,81053,5.3,13020,13280,380,1,0,-180,0,0,0
20261004-160448,390.06,Vloxx,81053,5.3,13410,13330,290,1,0,180,0,0,0
20261004-160448,390.57,Vloxx,81053,5.8,13370,13900,200,1,0,180,0,0,0
20261004-160448,390.57,Vloxx,81053,5.8,13400,13690,290,1,0,180,0,0,0
20261004-160448,390.99,Vloxx,81053,6.2,13100,13720,380,1,0,-180,0,0,5
20261004-160448,391.10,Vloxx,81053,6.3,12810,13870,111,1,0,-179,0,0,5
20261004-160448,391.10,Vloxx,81053,6.3,12990,14080,201,1,0,-179,0,0,5
20261004-160448,391.50,Vloxx,81053,6.7,12580,13490,291,1,0,-179,0,-1,3
20261004-160448,391.57,Vloxx,81053,6.8,13040,13350,381,1,0,-179,0,-1,3
20261004-160448,391.62,Vloxx,81053,6.8,12600,13660,111,1,0,-179,0,-1,0
20261004-160448,392.01,Vloxx,81053,7.2,12810,12980,201,1,0,-179,0,-1,1
20261004-160448,392.10,Vloxx,81053,7.3,13340,13840,291,1,0,-179,0,-1,1
20261004-160448,392.54,Vloxx,81053,7.8,13330,13210,111,1,0,-179,0,-1,1
20261004-160448,392.62,Vloxx,81053,7.8,12850,14130,201,1,0,-179,0,-1,1
20261004-160448,393.14,Vloxx,81053,8.4,12560,13640,111,1,0,-180,0,-1,0
20261004-160448,393.45,Vloxx,81053,8.7,12980,13420,21,0,,,,,0
20261004-160448,393.65,Vloxx,81053,8.9,12890,13190,21,0,,,,,0
20261004-160448,393.86,Vloxx,81053,9.1,12800,12950,21,0,,,,,0
20261004-160448,394.05,Vloxx,81053,9.3,12710,12720,21,0,,,,,0
20261004-160448,394.25,Vloxx,81053,9.5,12620,12490,21,0,,,,,0
20261004-160448,394.45,Vloxx,81053,9.7,12530,12250,21,0,,,,,0
20261004-160448,394.66,Vloxx,81053,9.9,12440,12020,21,0,,,,,0
20261004-160448,394.86,Vloxx,81053,10.1,12350,11790,21,0,,,,,0
20261004-160448,417.45,Vloxx,81053,4.8,12190,15420,198,1,0,-180,0,0,4
20261004-160448,417.98,Vloxx,81053,5.3,12260,15480,198,1,0,-180,0,0,4
20261004-160448,417.98,Vloxx,81053,5.3,11910,14930,108,1,0,-180,0,0,4
20261004-160448,418.49,Vloxx,81053,5.8,12400,14650,18,1,0,-180,0,0,0
20261004-160448,418.49,Vloxx,81053,5.8,11760,15210,108,1,0,-180,0,0,0
20261004-160448,418.89,Vloxx,81053,6.2,12100,15480,198,1,0,-180,0,0,3
20261004-160448,419.01,Vloxx,81053,6.3,12680,15140,-72,1,0,180,0,0,3
20261004-160448,419.01,Vloxx,81053,6.3,12030,14710,18,1,0,-180,0,0,3
20261004-160448,419.42,Vloxx,81053,6.7,12010,14930,242,1,0,-46,1,-134,6
20261004-160448,419.50,Vloxx,81053,6.8,12310,15290,332,1,0,-46,1,-134,6
20261004-160448,419.54,Vloxx,81053,6.8,12530,14980,62,1,0,-46,1,-134,6
20261004-160448,419.94,Vloxx,81053,7.2,12570,14840,152,1,0,-46,1,-134,7
20261004-160448,420.02,Vloxx,81053,7.3,12070,15800,242,1,0,-46,1,-134,7
20261004-160448,420.46,Vloxx,81053,7.8,12660,15400,62,1,0,-46,1,-134,6
20261004-160448,420.53,Vloxx,81053,7.8,11560,15560,152,1,0,-46,1,-134,6
20261004-160448,421.06,Vloxx,81053,8.4,11800,15050,62,1,0,180,0,-134,0
20261004-160448,423.33,Aspect of the Sword,81326,5.1,12680,15560,55,0,,,,,0
20261004-160448,423.54,Aspect of the Sword,81326,5.3,12480,15410,55,0,,,,,0
20261004-160448,423.54,Vloxx,81053,10.8,12190,15260,24,0,,,,,0
20261004-160448,423.74,Vloxx,81053,11.0,12080,15030,24,0,,,,,0
20261004-160448,423.74,Aspect of the Sword,81326,5.5,12270,15270,55,0,,,,,5
20261004-160448,423.94,Aspect of the Sword,81326,5.7,12070,15130,55,0,,,,,0
20261004-160448,423.94,Vloxx,81053,11.2,11980,14800,24,0,,,,,0
20261004-160448,424.14,Aspect of the Sword,81326,5.9,11860,14990,55,0,,,,,0
20261004-160448,424.14,Vloxx,81053,11.4,11880,14570,24,0,,,,,0
20261004-160448,424.34,Vloxx,81053,11.6,11780,14340,24,0,,,,,0
20261004-160448,424.34,Aspect of the Sword,81326,6.1,11660,14840,55,0,,,,,0
20261004-160448,424.54,Vloxx,81053,11.8,11670,14120,24,0,,,,,0
20261004-160448,424.74,Vloxx,,,11570,13890,24,0,,,,,0
20261004-160448,424.94,Vloxx,,,11470,13660,24,0,,,,,0
20261004-160448,438.65,Vloxx,81053,4.8,12360,15330,245,1,0,-180,0,0,1
20261004-160448,439.06,Aspect of the Sword,,,12410,15480,59,0,,,,,0
20261004-160448,439.18,Vloxx,81053,5.3,11930,15710,155,1,0,-180,0,0,0
20261004-160448,439.18,Vloxx,81053,5.3,12330,15220,245,1,0,-180,0,0,0
20261004-160448,439.25,Aspect of the Sword,,,12190,15350,59,0,,,,,0
20261004-160448,439.45,Aspect of the Sword,,,11980,15220,59,0,,,,,0
20261004-160448,439.65,Aspect of the Sword,,,11760,15090,59,0,,,,,0
20261004-160448,439.69,Vloxx,81053,5.8,11560,15280,65,1,0,-180,0,0,0
20261004-160448,439.69,Vloxx,81053,5.8,12320,15780,155,1,0,-180,0,0,0
20261004-160448,439.86,Aspect of the Sword,,,11550,14960,59,0,,,,,0
20261004-160448,440.06,Aspect of the Sword,,,11340,14830,59,0,,,,,0
20261004-160448,440.10,Vloxx,81053,6.2,12280,15610,245,1,0,-180,0,0,0
20261004-160448,440.21,Vloxx,81053,6.3,11980,14910,0,1,0,-155,1,0,0
20261004-160448,440.21,Vloxx,81053,6.3,11750,15780,90,1,0,-155,1,0,0
20261004-160448,440.62,Vloxx,81053,6.7,11800,15310,180,1,0,-155,1,-25,9
20261004-160448,440.69,Vloxx,81053,6.8,12400,15310,270,1,0,-155,1,-25,9
20261004-160448,440.73,Vloxx,81053,6.8,11760,15210,0,1,0,-155,1,-25,9
20261004-160448,441.13,Vloxx,81053,7.2,12100,14830,90,1,0,-155,1,-25,1
20261004-160448,441.21,Vloxx,81053,7.3,12040,15740,180,1,0,-155,1,-25,1
20261004-160448,441.65,Vloxx,81053,7.8,12580,15130,0,1,0,-155,1,-25,0
20261004-160448,441.73,Vloxx,81053,7.8,11610,15370,90,1,0,-155,1,-25,0
20261004-160448,442.25,Vloxx,81053,8.4,11970,14940,0,1,0,180,0,-25,0
20261004-160448,442.53,Vloxx,81053,8.6,12290,15330,-90,0,,,,,0
20261004-160448,442.74,Vloxx,81053,8.8,12540,15330,-90,0,,,,,0
20261004-160448,442.93,Vloxx,81053,9.0,12790,15330,-90,0,,,,,0
20261004-160448,443.14,Vloxx,81053,9.2,13040,15330,-90,0,,,,,0
20261004-160448,443.33,Vloxx,81053,9.4,13290,15330,-90,0,,,,,0
20261004-160448,443.53,Vloxx,81053,9.6,13540,15330,-90,0,,,,,0
20261004-160448,443.74,Vloxx,81053,9.8,13790,15330,-90,0,,,,,0
20261004-160448,443.93,Vloxx,81053,10.0,14040,15330,-90,0,,,,,0
20261004-160448,452.10,Vloxx,,,12290,15300,-72,0,,,,,0
20261004-160448,452.30,Vloxx,,,12530,15230,-72,0,,,,,0
20261004-160448,452.49,Vloxx,,,12760,15150,-72,0,,,,,0
20261004-160448,452.69,Vloxx,,,13000,15070,-72,0,,,,,0
20261004-160448,452.89,Vloxx,,,13240,14990,-72,0,,,,,0
20261004-160448,453.10,Vloxx,,,13480,14920,-72,0,,,,,0
20261004-160448,453.30,Vloxx,,,13710,14840,-72,0,,,,,0
20261004-160448,453.49,Vloxx,,,13950,14760,-261,0,,,,,0
20261004-160448,455.06,Aspect of the Sword,81326,6.6,12090,15570,-114,0,,,,,0
20261004-160448,455.25,Aspect of the Sword,81326,6.8,12310,15680,-114,0,,,,,0
20261004-160448,455.45,Aspect of the Sword,81326,7.0,12540,15780,-114,0,,,,,0
20261004-160448,455.65,Aspect of the Sword,81326,7.2,12770,15880,-114,0,,,,,0
20261004-160448,455.85,Aspect of the Sword,81326,7.4,13000,15980,-114,0,,,,,0
20261004-160448,456.05,Aspect of the Sword,81326,7.6,13230,16090,-114,0,,,,,0
20261004-160448,471.62,Aspect of the Sword,,,11700,15040,24,0,,,,,0
20261004-160448,471.81,Aspect of the Sword,,,11600,14810,24,0,,,,,0
20261004-160448,472.01,Aspect of the Sword,,,11490,14590,24,0,,,,,0
20261004-160448,472.21,Aspect of the Sword,,,11390,14360,24,0,,,,,0
20261004-160448,472.41,Aspect of the Sword,,,11290,14130,24,0,,,,,0
20261004-160448,472.62,Aspect of the Sword,,,11190,13900,24,0,,,,,0
20261004-160448,523.41,Vloxx,,,12270,15040,270,1,0,180,0,0,0
20261004-160448,523.41,Vloxx,,,12290,15070,270,1,0,180,0,0,0
20261004-160448,523.41,Vloxx,,,12270,14990,270,1,0,180,0,0,0
20261004-160448,523.95,Vloxx,,,11950,14570,180,1,0,-180,0,0,10
20261004-160448,523.95,Vloxx,,,12020,14580,180,1,0,-180,0,0,10
20261004-160448,523.95,Vloxx,,,11920,14540,180,1,0,-180,0,0,10
20261004-160448,524.45,Vloxx,,,12420,14250,90,1,0,-180,0,0,0
20261004-160448,524.45,Vloxx,,,12510,14300,90,1,0,-180,0,0,0
20261004-160448,524.45,Vloxx,,,12370,14200,90,1,0,-180,0,0,0
20261004-160448,524.98,Vloxx,,,12720,14650,0,1,0,-180,0,0,0
20261004-160448,524.98,Vloxx,,,12790,14800,0,1,0,-180,0,0,0
20261004-160448,524.98,Vloxx,,,12740,14710,0,1,0,-180,0,0,0
20261004-160448,536.02,Aspect of the Sword,81326,5.1,12960,15720,-254,0,,,,,0
20261004-160448,536.22,Aspect of the Sword,81326,5.3,12720,15790,-254,0,,,,,0
20261004-160448,536.41,Aspect of the Sword,81326,5.5,12480,15860,-254,0,,,,,0
20261004-160448,536.62,Aspect of the Sword,81326,5.7,12250,15930,-254,0,,,,,0
20261004-160448,536.81,Aspect of the Sword,81326,5.9,12010,16000,-254,0,,,,,0
20261004-160448,537.01,Aspect of the Sword,81326,6.1,11770,16080,-254,0,,,,,0
20261004-160448,538.42,Vloxx,,,12250,15570,270,1,0,180,0,0,9
20261004-160448,538.42,Vloxx,,,12320,15620,270,1,0,180,0,0,9
20261004-160448,538.42,Vloxx,,,12300,15730,270,1,0,180,0,0,9
20261004-160448,538.93,Vloxx,,,12700,15920,180,1,0,-180,0,0,2
20261004-160448,538.93,Vloxx,,,12770,16050,180,1,0,-180,0,0,2
20261004-160448,538.93,Vloxx,,,12820,15880,180,1,0,-180,0,0,2
20261004-160448,539.45,Vloxx,,,12570,16380,90,1,0,-180,0,0,0
20261004-160448,539.45,Vloxx,,,12350,16370,90,1,0,-180,0,0,0
20261004-160448,539.45,Vloxx,,,12450,16520,90,1,0,-180,0,0,0
20261004-160448,539.98,Vloxx,,,11910,16020,0,1,0,-180,0,0,0
20261004-160448,539.98,Vloxx,,,11980,16200,0,1,0,-180,0,0,0
20261004-160448,539.98,Vloxx,,,12070,16130,0,1,0,-180,0,0,0
20261004-160448,551.93,Aspect of the Sword,,,12520,15120,-16,0,,,,,0
20261004-160448,552.13,Aspect of the Sword,,,12590,14880,-16,0,,,,,0
20261004-160448,552.33,Aspect of the Sword,,,12660,14650,-16,0,,,,,0
20261004-160448,552.53,Aspect of the Sword,,,12730,14410,-16,0,,,,,0
20261004-160448,552.74,Aspect of the Sword,,,12800,14170,-16,0,,,,,0
20261004-160448,552.92,Aspect of the Sword,,,12870,13930,-16,0,,,,,0
20261004-160448,553.41,Vloxx,,,12500,15610,270,1,0,180,0,0,1
20261004-160448,553.41,Vloxx,,,12280,15230,270,1,0,180,0,0,1
20261004-160448,553.41,Vloxx,,,12260,15200,270,1,0,180,0,0,1
20261004-160448,553.93,Vloxx,,,12130,14690,180,1,0,-180,0,0,6
20261004-160448,553.93,Vloxx,,,13060,15610,180,1,0,-180,0,0,6
20261004-160448,553.94,Vloxx,,,11980,14710,180,1,0,-180,0,0,6
20261004-160448,554.45,Vloxx,,,12670,14540,90,1,0,-180,0,0,0
20261004-160448,554.45,Vloxx,,,12470,14430,90,1,0,-180,0,0,0
20261004-160448,554.45,Vloxx,,,13060,16180,90,1,0,-180,0,0,0
20261004-160448,554.97,Vloxx,,,12820,15090,0,1,0,-180,0,0,0
20261004-160448,554.97,Vloxx,,,12750,14920,0,1,0,-180,0,0,0
20261004-160448,554.97,Vloxx,,,12490,16170,0,1,0,-180,0,0,0
20261004-160448,567.25,Aspect of the Sword,81326,5.1,12140,14650,-208,0,,,,,2
20261004-160448,567.45,Aspect of the Sword,81326,5.3,12020,14870,-208,0,,,,,0
20261004-160448,567.65,Aspect of the Sword,81326,5.5,11900,15090,-208,0,,,,,1
20261004-160448,567.85,Aspect of the Sword,81326,5.7,11780,15310,-208,0,,,,,0
20261004-160448,568.05,Aspect of the Sword,81326,5.9,11660,15530,-208,0,,,,,0
20261004-160448,568.25,Aspect of the Sword,81326,6.1,11540,15750,-208,0,,,,,0
20261004-160448,568.42,Vloxx,,,12210,15330,270,1,0,180,0,0,5
20261004-160448,568.42,Vloxx,,,12480,15420,270,1,0,180,0,0,5
20261004-160448,568.42,Vloxx,,,12070,15460,270,1,0,180,0,0,5
20261004-160448,568.94,Vloxx,,,11710,15590,180,1,0,-180,0,0,4
20261004-160448,568.94,Vloxx,,,12120,14890,180,1,0,-180,0,0,4
20261004-160448,568.94,Vloxx,,,12990,15190,180,1,0,-180,0,0,4
20261004-160448,569.45,Vloxx,,,11450,15090,90,1,0,-180,0,0,3
20261004-160448,569.45,Vloxx,,,12680,14950,90,1,0,-180,0,0,3
20261004-160448,569.45,Vloxx,,,13220,15710,90,1,0,-180,0,0,3
20261004-160448,569.97,Vloxx,,,12710,15940,0,1,0,-180,0,0,4
20261004-160448,569.97,Vloxx,,,11950,14830,0,1,0,-180,0,0,4
20261004-160448,569.97,Vloxx,,,12630,15510,0,1,0,-180,0,0,4
20261004-160448,582.61,Aspect of the Sword,,,11780,15260,-150,0,,,,,0
20261004-160448,582.80,Aspect of the Sword,,,11910,15480,-150,0,,,,,0
20261004-160448,583.01,Aspect of the Sword,,,12030,15690,-150,0,,,,,0
20261004-160448,583.20,Aspect of the Sword,,,12160,15910,-150,0,,,,,0
20261004-160448,583.41,Aspect of the Sword,,,12290,16130,-150,0,,,,,0
20261004-160448,583.61,Aspect of the Sword,,,12410,16340,-150,0,,,,,0
20261004-161448,285.70,Aspect of the Sword,81326,5.1,12860,15670,87,0,,,,,0
20261004-161448,285.90,Aspect of the Sword,81326,5.3,12610,15650,87,0,,,,,0
20261004-161448,286.10,Aspect of the Sword,81326,5.5,12360,15640,87,0,,,,,4
20261004-161448,286.31,Aspect of the Sword,81326,5.7,12110,15630,87,0,,,,,0
20261004-161448,286.51,Aspect of the Sword,81326,5.9,11860,15610,87,0,,,,,0
20261004-161448,286.70,Aspect of the Sword,81326,6.1,11610,15600,87,0,,,,,0
20261004-161448,301.70,Aspect of the Sword,,,12320,15510,12,0,,,,,0
20261004-161448,301.90,Aspect of the Sword,,,12270,15270,12,0,,,,,0
20261004-161448,302.11,Aspect of the Sword,,,12220,15020,12,0,,,,,0
20261004-161448,302.30,Aspect of the Sword,,,12170,14780,12,0,,,,,0
20261004-161448,302.50,Aspect of the Sword,,,12110,14540,12,0,,,,,0
20261004-161448,302.70,Aspect of the Sword,,,12060,14290,12,0,,,,,0
20261004-161448,317.38,Aspect of the Sword,81326,7.4,12000,15250,-158,0,,,,,0
20261004-161448,317.58,Aspect of the Sword,81326,7.6,12100,15480,-158,0,,,,,0
20261004-161448,317.79,Aspect of the Sword,81326,7.8,12190,15710,-158,0,,,,,0
20261004-161448,317.99,Aspect of the Sword,81326,8.0,12290,15950,-158,0,,,,,0
20261004-161448,318.19,Aspect of the Sword,81326,8.2,12380,16180,-158,0,,,,,0
20261004-161448,318.38,Aspect of the Sword,81326,8.4,12480,16410,-158,0,,,,,0
20261004-161448,330.86,Vloxx,81053,4.8,10340,14320,233,1,0,-180,0,0,7
20261004-161448,331.38,Vloxx,81053,5.3,10870,14120,143,1,0,180,0,0,8
20261004-161448,331.38,Vloxx,81053,5.3,10430,14370,233,1,0,-180,0,0,8
20261004-161448,331.90,Vloxx,81053,5.8,10940,14110,143,1,0,180,0,0,6
20261004-161448,331.90,Vloxx,81053,5.8,11060,14650,53,1,0,180,0,0,6
20261004-161448,332.30,Vloxx,81053,6.2,10520,14430,233,1,0,-180,0,0,8
20261004-161448,332.42,Vloxx,81053,6.3,11190,14620,53,1,0,180,0,0,7
20261004-161448,332.42,Vloxx,81053,6.3,10530,14850,-37,1,0,-180,0,0,7
20261004-161448,332.82,Vloxx,81053,6.7,11090,14400,143,1,0,180,0,0,5
20261004-161448,332.90,Vloxx,81053,6.8,10590,14520,233,1,0,-180,0,0,6
20261004-161448,332.95,Aspect of the Sword,,,10540,14450,87,0,,,,,0
20261004-161448,332.95,Vloxx,81053,6.8,10690,14870,-37,1,0,-180,0,0,5
20261004-161448,333.14,Aspect of the Sword,,,10290,14440,87,0,,,,,0
20261004-161448,333.35,Aspect of the Sword,,,10040,14430,87,0,,,,,0
20261004-161448,333.35,Vloxx,81053,7.2,11120,14970,53,1,0,180,0,0,3
20261004-161448,333.43,Vloxx,81053,7.3,11160,14540,143,1,0,180,0,0,3
20261004-161448,333.54,Aspect of the Sword,,,9790,14410,87,0,,,,,0
20261004-161448,333.74,Aspect of the Sword,,,9540,14400,87,0,,,,,0
20261004-161448,333.86,Vloxx,81053,7.8,10560,15000,-37,1,0,-180,0,0,4
20261004-161448,333.94,Aspect of the Sword,,,9290,14390,87,0,,,,,0
20261004-161448,333.94,Vloxx,81053,7.8,11130,15110,53,1,0,180,0,0,4
20261004-161448,334.46,Vloxx,81053,8.4,10570,15090,153,1,0,10,1,170,1
20261004-161448,338.43,Vloxx,,,10460,14300,5,0,,,,,0
20261004-161448,338.63,Vloxx,,,10440,14050,5,0,,,,,0
20261004-161448,338.83,Vloxx,,,10420,13800,5,0,,,,,0
20261004-161448,339.02,Vloxx,,,10400,13550,5,0,,,,,0
20261004-161448,339.22,Vloxx,,,10380,13310,5,0,,,,,0
20261004-161448,339.42,Vloxx,,,10360,13060,5,0,,,,,0
20261004-161448,339.62,Vloxx,,,10340,12810,5,0,,,,,0
20261004-161448,339.81,Vloxx,,,10320,12560,5,0,,,,,0
20261004-161448,350.94,Vloxx,81053,4.8,10360,14250,408,1,0,-180,0,0,0
20261004-161448,351.46,Vloxx,81053,5.3,10920,14320,318,1,0,-180,0,0,6
20261004-161448,351.46,Vloxx,81053,5.3,10630,14590,408,1,0,-180,0,0,6
20261004-161448,351.98,Vloxx,81053,5.8,10860,14880,228,1,0,-180,0,0,3
20261004-161448,351.98,Vloxx,81053,5.8,10070,14520,318,1,0,-180,0,0,3
20261004-161448,352.38,Vloxx,81053,6.2,10390,14230,408,1,0,-180,0,0,1
20261004-161448,352.50,Vloxx,81053,6.3,10130,13960,228,1,0,-180,0,0,1
20261004-161448,352.50,Vloxx,81053,6.3,10300,14810,138,1,0,180,0,0,1
20261004-161448,352.90,Vloxx,81053,6.7,10920,14400,318,1,0,-180,0,0,5
20261004-161448,352.98,Vloxx,81053,6.8,10350,14110,408,1,0,-180,0,0,5
20261004-161448,353.02,Vloxx,81053,6.8,10700,14030,138,1,0,180,0,0,5
20261004-161448,353.42,Vloxx,81053,7.2,10750,14940,228,1,0,-180,0,0,0
20261004-161448,353.50,Vloxx,81053,7.3,10870,14320,318,1,0,-180,0,0,0
20261004-161448,353.94,Vloxx,81053,7.8,10210,14770,-162,1,0,-119,1,0,8
20261004-161448,354.02,Vloxx,81053,7.8,10660,14840,-72,1,0,-119,1,0,8
20261004-161448,354.54,Vloxx,81053,8.4,10130,14630,-162,1,0,-119,1,-61,0
20261004-161448,356.30,Vloxx,81053,10.1,10390,14400,-252,0,,,,,0
20261004-161448,356.50,Vloxx,81053,10.3,10150,14480,-252,0,,,,,0
20261004-161448,356.70,Vloxx,81053,10.5,9920,14560,-252,0,,,,,0
20261004-161448,356.90,Vloxx,81053,10.7,9680,14630,-252,0,,,,,0
20261004-161448,357.10,Vloxx,81053,10.9,9440,14710,-252,0,,,,,0
20261004-161448,357.30,Vloxx,81053,11.1,9200,14790,-252,0,,,,,0
20261004-161448,357.50,Vloxx,81053,11.3,8970,14870,-252,0,,,,,0
20261004-161448,357.70,Vloxx,81053,11.5,8730,14950,19,0,,,,,0
20261004-161448,367.22,Vloxx,81053,4.8,10660,14380,97,1,0,-180,0,0,6
20261004-161448,367.74,Vloxx,81053,5.3,10250,14770,7,1,0,180,0,0,5
20261004-161448,367.74,Vloxx,81053,5.3,10350,14300,97,1,0,-180,0,0,5
20261004-161448,368.25,Vloxx,81053,5.8,9860,14360,-83,1,0,180,0,0,6
20261004-161448,368.25,Vloxx,81053,5.8,10910,14190,7,1,0,180,0,0,6
20261004-161448,368.66,Vloxx,81053,6.2,10450,14370,97,1,0,-180,0,0,7
20261004-161448,368.78,Vloxx,81053,6.3,11020,14750,-83,1,0,180,0,0,7
20261004-161448,368.78,Vloxx,81053,6.3,10280,13970,-173,1,0,-180,0,0,7
20261004-161448,369.18,Vloxx,81053,6.7,11000,14230,353,1,0,167,1,13,5
20261004-161448,369.26,Vloxx,81053,6.8,10650,14220,443,1,0,167,1,13,5
20261004-161448,369.30,Vloxx,81053,6.8,10470,14860,173,1,0,167,1,13,5
20261004-161448,369.70,Vloxx,81053,7.2,11130,14780,263,1,0,167,1,13,9
20261004-161448,369.78,Vloxx,81053,7.3,10600,14780,353,1,0,167,1,13,9
20261004-161448,370.21,Vloxx,81053,7.8,10580,14920,173,1,0,167,1,13,1
20261004-161448,370.30,Vloxx,81053,7.8,10040,14740,263,1,0,167,1,13,1
20261004-161448,370.82,Vloxx,81053,8.4,10080,14170,173,1,0,-180,0,13,3
20261004-161448,380.26,Vloxx,,,10420,14310,34,0,,,,,0
20261004-161448,380.46,Vloxx,,,10280,14110,34,0,,,,,0
20261004-161448,380.66,Vloxx,,,10140,13900,34,0,,,,,0
20261004-161448,380.86,Vloxx,,,10000,13690,34,0,,,,,0
20261004-161448,381.06,Vloxx,,,9870,13480,34,0,,,,,0
20261004-161448,381.26,Vloxx,,,9730,13270,34,0,,,,,0
20261004-161448,381.46,Vloxx,,,9590,13070,34,0,,,,,0
20261004-161448,381.66,Vloxx,81053,0.0,9450,12860,34,0,,,,,0
20261004-161448,386.42,Vloxx,81053,4.8,10310,14240,414,1,0,-180,0,0,0
20261004-161448,386.94,Vloxx,81053,5.3,10600,14030,414,1,0,-180,0,0,1
20261004-161448,386.94,Vloxx,81053,5.3,10870,14210,324,1,0,180,0,0,1
20261004-161448,387.45,Vloxx,81053,5.8,10900,14770,234,1,0,180,0,0,0
20261004-161448,387.45,Vloxx,81053,5.8,10830,14540,324,1,0,180,0,0,0
20261004-161448,387.86,Vloxx,81053,6.2,10700,14220,414,1,0,-180,0,0,8
20261004-161448,387.98,Vloxx,81053,6.3,10340,14800,144,1,0,-180,0,0,8
20261004-161448,387.98,Vloxx,81053,6.3,10310,14770,234,1,0,180,0,0,8
20261004-161448,388.38,Vloxx,81053,6.7,10580,14780,329,1,0,-175,0,-5,9
20261004-161448,388.46,Vloxx,81053,6.8,10420,14260,419,1,0,-175,0,-5,10
20261004-161448,388.50,Vloxx,81053,6.8,10080,14250,149,1,0,-175,0,-5,7
20261004-161448,388.90,Vloxx,81053,7.2,10030,14660,239,1,0,-175,0,-5,10
20261004-161448,388.98,Vloxx,81053,7.3,10930,14500,329,1,0,-175,0,-5,10
20261004-161448,389.42,Vloxx,81053,7.8,10150,14100,149,1,0,-175,0,-5,7
20261004-161448,389.50,Vloxx,81053,7.8,10690,15010,239,1,0,-175,0,-5,7
20261004-161448,390.02,Vloxx,81053,8.4,10180,14770,149,1,0,-180,0,-5,0
20261004-161448,390.37,Vloxx,81053,8.7,10400,14340,59,0,,,,,0
20261004-161448,390.57,Vloxx,81053,8.9,10180,14210,59,0,,,,,0
20261004-161448,390.78,Vloxx,81053,9.1,9970,14080,59,0,,,,,0
20261004-161448,390.98,Vloxx,81053,9.3,9760,13950,59,0,,,,,0
20261004-161448,391.18,Vloxx,81053,9.5,9540,13820,59,0,,,,,0
20261004-161448,391.38,Vloxx,81053,9.7,9330,13690,59,0,,,,,0
20261004-161448,391.57,Vloxx,81053,9.9,9110,13560,59,0,,,,,0
20261004-161448,391.78,Vloxx,81053,10.1,8900,13430,59,0,,,,,0
20261004-161448,403.22,Aspect of the Sword,81326,5.1,12900,16400,35,0,,,,,0
20261004-161448,403.42,Aspect of the Sword,81326,5.3,12760,16190,35,0,,,,,0
20261004-161448,403.62,Aspect of the Sword,81326,5.5,12620,15990,35,0,,,,,2
20261004-161448,403.82,Aspect of the Sword,81326,5.7,12470,15780,35,0,,,,,0
20261004-161448,404.02,Aspect of the Sword,81326,5.9,12330,15580,35,0,,,,,0
20261004-161448,404.22,Aspect of the Sword,81326,6.1,12190,15370,35,0,,,,,0
20261004-161448,414.45,Vloxx,81053,4.8,12220,15330,253,1,0,-180,0,0,4
20261004-161448,414.98,Vloxx,81053,5.3,11660,15240,163,1,0,180,0,0,6
20261004-161448,414.98,Vloxx,81053,5.3,12250,15310,253,1,0,-180,0,0,6
20261004-161448,415.50,Vloxx,81053,5.8,11750,14680,73,1,0,180,0,0,0
20261004-161448,415.50,Vloxx,81053,5.8,12110,15860,163,1,0,180,0,0,0
20261004-161448,415.89,Vloxx,81053,6.2,12240,15410,253,1,0,-180,0,0,3
20261004-161448,416.01,Vloxx,81053,6.3,12310,14770,-17,1,0,-180,0,0,0
20261004-161448,416.01,Vloxx,81053,6.3,11560,15720,73,1,0,180,0,0,0
20261004-161448,416.41,Vloxx,81053,6.7,11760,15100,341,1,0,-2,1,-178,6
20261004-161448,416.49,Vloxx,81053,6.8,12090,15280,431,1,0,-2,1,-178,7
20261004-161448,416.54,Vloxx,81053,6.8,11700,15170,161,1,0,-2,1,-178,7
20261004-161448,416.93,Vloxx,81053,7.2,12070,14630,251,1,0,-2,1,-178,1
20261004-161448,417.02,Vloxx,81053,7.3,12600,15040,341,1,0,-2,1,-178,1
20261004-161448,417.46,Vloxx,81053,7.8,12550,14930,161,1,0,-2,1,-178,1
20261004-161448,417.54,Vloxx,81053,7.8,12850,15550,251,1,0,-2,1,-178,1
20261004-161448,418.06,Vloxx,81053,8.4,12340,15790,161,1,0,-180,0,-178,0
20261004-161448,418.97,Aspect of the Sword,,,12360,15560,43,0,,,,,0
20261004-161448,419.18,Aspect of the Sword,,,12190,15380,43,0,,,,,0
20261004-161448,419.38,Aspect of the Sword,,,12020,15190,43,0,,,,,0
20261004-161448,419.57,Aspect of the Sword,,,11850,15010,43,0,,,,,0
20261004-161448,419.78,Aspect of the Sword,,,11680,14820,43,0,,,,,0
20261004-161448,419.98,Aspect of the Sword,,,11510,14640,43,0,,,,,0
20261004-161448,420.54,Vloxx,81053,10.8,12280,15370,-127,0,,,,,0
20261004-161448,420.74,Vloxx,81053,11.0,12480,15530,-127,0,,,,,0
20261004-161448,420.94,Vloxx,81053,11.2,12680,15680,-127,0,,,,,0
20261004-161448,421.14,Vloxx,81053,11.4,12880,15830,-127,0,,,,,0
20261004-161448,421.35,Vloxx,81053,11.6,13070,15980,-127,0,,,,,0
20261004-161448,421.54,Vloxx,81053,11.8,13270,16130,-127,0,,,,,0
20261004-161448,421.74,Vloxx,,,13470,16290,-127,0,,,,,0
20261004-161448,421.94,Vloxx,,,13670,16440,-127,0,,,,,0
20261004-161448,434.74,Aspect of the Sword,81326,7.2,12280,15150,89,0,,,,,0
20261004-161448,434.94,Aspect of the Sword,81326,7.4,12030,15140,89,0,,,,,0
20261004-161448,435.14,Aspect of the Sword,81326,7.6,11780,15140,89,0,,,,,0
20261004-161448,435.34,Aspect of the Sword,81326,7.8,11530,15130,89,0,,,,,0
20261004-161448,435.53,Aspect of the Sword,81326,8.0,11280,15120,89,0,,,,,0
20261004-161448,435.70,Vloxx,81053,4.8,12320,15480,348,1,0,-180,0,0,10
20261004-161448,435.74,Aspect of the Sword,81326,8.2,11030,15120,89,0,,,,,0
20261004-161448,436.22,Vloxx,81053,5.3,11770,15360,258,1,0,180,0,0,10
20261004-161448,436.22,Vloxx,81053,5.3,12230,15330,348,1,0,-180,0,0,10
20261004-161448,436.73,Vloxx,81053,5.8,11890,14810,168,1,0,180,0,0,10
20261004-161448,436.73,Vloxx,81053,5.8,11680,15480,258,1,0,180,0,0,10
20261004-161448,437.14,Vloxx,81053,6.2,12330,15360,348,1,0,-180,0,0,9
20261004-161448,437.25,Vloxx,81053,6.3,12440,14930,78,1,0,-180,0,0,9
20261004-161448,437.25,Vloxx,81053,6.3,11530,14930,168,1,0,180,0,0,9
20261004-161448,437.65,Vloxx,81053,6.7,11820,15620,304,1,0,-134,1,-46,10
20261004-161448,437.73,Vloxx,81053,6.8,12270,15400,394,1,0,-134,1,-46,10
20261004-161448,437.77,Vloxx,81053,6.8,12080,14790,124,1,0,-134,1,-46,10
20261004-161448,438.18,Vloxx,81053,7.2,11560,15120,214,1,0,-134,1,-46,7
20261004-161448,438.25,Vloxx,81053,7.3,11710,15300,304,1,0,-134,1,-46,7
20261004-161448,438.69,Vloxx,81053,7.8,12070,14860,124,1,0,-134,1,-46,6
20261004-161448,438.77,Vloxx,81053,7.8,11820,14740,214,1,0,-134,1,-46,6
20261004-161448,439.30,Vloxx,81053,8.4,12370,14840,124,1,0,-180,0,-46,5
20261004-161448,439.65,Vloxx,81053,8.7,12180,15270,34,0,,,,,0
20261004-161448,439.86,Vloxx,81053,8.9,12040,15060,34,0,,,,,0
20261004-161448,440.06,Vloxx,81053,9.1,11900,14850,34,0,,,,,0
20261004-161448,440.25,Vloxx,81053,9.3,11760,14650,34,0,,,,,0
20261004-161448,440.45,Vloxx,81053,9.5,11620,14440,34,0,,,,,0
20261004-161448,440.65,Vloxx,81053,9.7,11480,14230,34,0,,,,,0
20261004-161448,440.86,Vloxx,81053,9.9,11340,14030,34,0,,,,,0
20261004-161448,441.06,Vloxx,81053,10.1,11200,13820,34,0,,,,,0
20261004-161448,448.62,Vloxx,,,12150,15330,-266,0,,,,,0
20261004-161448,448.82,Vloxx,,,11900,15350,-266,0,,,,,0
20261004-161448,449.02,Vloxx,,,11650,15370,-266,0,,,,,0
20261004-161448,449.21,Vloxx,,,11400,15390,-266,0,,,,,0
20261004-161448,449.41,Vloxx,,,11150,15410,-266,0,,,,,0
20261004-161448,449.61,Vloxx,,,10900,15430,-266,0,,,,,0
20261004-161448,449.82,Vloxx,,,10650,15440,-266,0,,,,,0
20261004-161448,450.01,Vloxx,,,10400,15460,68,0,,,,,0
20261004-161448,450.54,Aspect of the Sword,,,11780,15310,-5,0,,,,,0
20261004-161448,450.74,Aspect of the Sword,,,11800,15060,-5,0,,,,,0
20261004-161448,450.94,Aspect of the Sword,,,11820,14810,-5,0,,,,,0
20261004-161448,451.13,Aspect of the Sword,,,11840,14560,-5,0,,,,,0
20261004-161448,451.33,Aspect of the Sword,,,11870,14310,-5,0,,,,,0
20261004-161448,451.54,Aspect of the Sword,,,11890,14060,-5,0,,,,,0
20261004-161448,512.25,Aspect of the Sword,81326,5.0,12710,15740,82,0,,,,,4
20261004-161448,512.45,Aspect of the Sword,81326,5.2,12460,15700,82,0,,,,,0
20261004-161448,512.65,Aspect of the Sword,81326,5.4,12210,15660,82,0,,,,,7
20261004-161448,512.85,Aspect of the Sword,81326,5.6,11960,15630,82,0,,,,,0
20261004-161448,513.05,Aspect of the Sword,81326,5.8,11720,15590,82,0,,,,,0
20261004-161448,513.25,Aspect of the Sword,81326,6.0,11470,15560,82,0,,,,,0
20261004-161448,521.61,Vloxx,,,12600,15300,270,1,0,180,0,0,10
20261004-161448,521.63,Vloxx,,,12490,15350,270,1,14,180,0,0,10
20261004-161448,521.63,Vloxx,,,12480,15360,270,1,0,180,0,0,10
20261004-161448,522.14,Vloxx,,,12920,15010,180,1,0,-180,0,0,10
20261004-161448,522.14,Vloxx,,,12970,14880,180,1,0,-180,0,0,10
20261004-161448,522.14,Vloxx,,,12920,14980,180,1,0,-180,0,0,10
20261004-161448,522.65,Vloxx,,,13280,15450,90,1,0,-180,0,0,0
20261004-161448,522.65,Vloxx,,,13280,15420,90,1,0,-180,0,0,0
20261004-161448,522.65,Vloxx,,,13400,15250,90,1,0,-180,0,0,0
20261004-161448,523.17,Vloxx,,,13030,15670,0,1,0,-180,0,0,0
20261004-161448,523.17,Vloxx,,,12850,15780,0,1,0,-180,0,0,0
20261004-161448,523.17,Vloxx,,,12830,15800,0,1,0,-180,0,0,0
20261004-161448,527.89,Aspect of the Sword,,,12500,14770,48,0,,,,,0
20261004-161448,528.10,Aspect of the Sword,,,12310,14600,48,0,,,,,0
20261004-161448,528.29,Aspect of the Sword,,,12120,14440,48,0,,,,,0
20261004-161448,528.50,Aspect of the Sword,,,11940,14270,48,0,,,,,0
20261004-161448,528.69,Aspect of the Sword,,,11750,14110,48,0,,,,,0
20261004-161448,528.90,Aspect of the Sword,,,11560,13940,48,0,,,,,0
20261004-161448,536.61,Vloxx,,,11960,15360,270,1,0,180,0,0,0
20261004-161448,536.61,Vloxx,,,12000,15390,270,1,0,180,0,0,0
20261004-161448,536.61,Vloxx,,,11880,15360,270,1,0,180,0,0,0
20261004-161448,537.14,Vloxx,,,11620,15810,180,1,0,-180,0,0,5
20261004-161448,537.14,Vloxx,,,11520,15790,180,1,0,-180,0,0,5
20261004-161448,537.14,Vloxx,,,11730,15880,180,1,0,-180,0,0,5
20261004-161448,537.65,Vloxx,,,11080,15420,90,1,0,-180,0,0,0
20261004-161448,537.65,Vloxx,,,11230,15600,90,1,0,-180,0,0,0
20261004-161448,537.65,Vloxx,,,11170,15470,90,1,0,-180,0,0,0
20261004-161448,538.17,Vloxx,,,11450,14990,0,1,0,-180,0,0,0
20261004-161448,538.17,Vloxx,,,11510,15020,0,1,0,-180,0,0,0
20261004-161448,538.17,Vloxx,,,11510,15110,0,1,0,-180,0,0,0
20261004-161448,543.29,Aspect of the Sword,81326,6.1,11930,15440,-200,0,,,,,0
20261004-161448,543.49,Aspect of the Sword,81326,6.3,11850,15680,-200,0,,,,,0
20261004-161448,543.69,Aspect of the Sword,81326,6.5,11760,15910,-200,0,,,,,0
20261004-161448,543.88,Aspect of the Sword,81326,6.7,11680,16150,-200,0,,,,,0
20261004-161448,544.09,Aspect of the Sword,81326,6.9,11590,16380,-200,0,,,,,0
20261004-161448,544.29,Aspect of the Sword,81326,7.1,11500,16620,-200,0,,,,,0
20261004-161448,551.61,Vloxx,,,12490,15570,270,1,0,180,0,0,1
20261004-161448,551.61,Vloxx,,,12330,15160,270,1,0,180,0,0,1
20261004-161448,552.13,Vloxx,,,13050,15540,180,1,0,-180,0,0,1
20261004-161448,552.13,Vloxx,,,12220,14600,180,1,0,-180,0,0,1
20261004-161448,552.65,Vloxx,,,12770,14480,90,1,0,-180,0,0,0
20261004-161448,552.65,Vloxx,,,13080,16110,90,1,0,-180,0,0,0
20261004-161448,553.16,Vloxx,,,12890,15040,0,1,0,-180,0,0,0
20261004-161448,553.16,Vloxx,,,12520,16140,0,1,0,-180,0,0,0
20261004-163454,285.47,Aspect of the Sword,81326,5.1,12820,15570,36,0,,,,,4
20261004-163454,285.67,Aspect of the Sword,81326,5.3,12680,15360,36,0,,,,,0
20261004-163454,285.87,Aspect of the Sword,81326,5.5,12530,15160,36,0,,,,,1
20261004-163454,286.06,Aspect of the Sword,81326,5.7,12380,14960,36,0,,,,,0
20261004-163454,286.27,Aspect of the Sword,81326,5.9,12230,14760,36,0,,,,,0
20261004-163454,286.47,Aspect of the Sword,81326,6.1,12080,14560,36,0,,,,,0
20261004-163454,301.39,Aspect of the Sword,,,12120,14980,-144,0,,,,,0
20261004-163454,301.59,Aspect of the Sword,,,12270,15180,-144,0,,,,,0
20261004-163454,301.79,Aspect of the Sword,,,12420,15380,-144,0,,,,,0
20261004-163454,301.98,Aspect of the Sword,,,12570,15590,-144,0,,,,,0
20261004-163454,302.19,Aspect of the Sword,,,12720,15790,-144,0,,,,,0
20261004-163454,302.38,Aspect of the Sword,,,12860,15990,-144,0,,,,,0
20261004-163454,317.11,Aspect of the Sword,81326,7.4,12280,15620,-55,0,,,,,0
20261004-163454,317.31,Aspect of the Sword,81326,7.6,12480,15480,-55,0,,,,,0
20261004-163454,317.51,Aspect of the Sword,81326,7.8,12680,15330,-55,0,,,,,0
20261004-163454,317.71,Aspect of the Sword,81326,8.0,12890,15190,-55,0,,,,,0
20261004-163454,317.91,Aspect of the Sword,81326,8.2,13090,15040,-55,0,,,,,0
20261004-163454,318.10,Aspect of the Sword,81326,8.4,13300,14900,-55,0,,,,,0
20261004-163454,331.46,Vloxx,81053,4.8,14070,16180,179,1,0,180,0,0,3
20261004-163454,331.98,Vloxx,81053,5.3,14090,16170,179,1,0,180,0,0,4
20261004-163454,331.98,Vloxx,81053,5.3,13520,16040,89,1,0,180,0,0,4
20261004-163454,332.50,Vloxx,81053,5.8,13660,15490,-1,1,0,-180,0,0,0
20261004-163454,332.50,Vloxx,81053,5.8,13560,16350,89,1,0,180,0,0,0
20261004-163454,332.90,Vloxx,81053,6.2,13910,16180,179,1,0,180,0,0,0
20261004-163454,333.03,Vloxx,81053,6.3,14200,15630,-91,1,0,-180,0,0,1
20261004-163454,333.03,Vloxx,81053,6.3,13370,15820,-1,1,0,-180,0,0,1
20261004-163454,333.42,Vloxx,81053,6.7,13630,16680,89,1,0,180,0,0,0
20261004-163454,333.50,Vloxx,81053,6.8,13900,16160,179,1,0,180,0,0,0
20261004-163454,333.55,Vloxx,81053,6.8,13910,15630,-91,1,0,-180,0,0,0
20261004-163454,333.62,Aspect of the Sword,,,13630,15980,-123,0,,,,,0
20261004-163454,333.82,Aspect of the Sword,,,13840,16120,-123,0,,,,,0
20261004-163454,333.95,Vloxx,81053,7.2,13140,16390,-1,1,0,-180,0,0,0
20261004-163454,334.03,Aspect of the Sword,,,14050,16260,-123,0,,,,,0
20261004-163454,334.03,Vloxx,81053,7.3,13540,16600,89,1,0,180,0,0,0
20261004-163454,334.22,Aspect of the Sword,,,14260,16390,-123,0,,,,,0
20261004-163454,334.42,Aspect of the Sword,,,14470,16530,-123,0,,,,,0
20261004-163454,334.47,Vloxx,81053,7.8,13420,15900,-91,1,0,-180,0,0,9
20261004-163454,334.54,Vloxx,81053,7.8,13100,16250,-1,1,0,-180,0,0,9
20261004-163454,334.62,Aspect of the Sword,,,14680,16670,-123,0,,,,,0
20261004-163454,335.06,Vloxx,81053,8.4,13460,15810,-46,1,0,-134,1,-46,8
20261004-163454,339.19,Vloxx,,,14100,16200,-135,0,,,,,0
20261004-163454,339.38,Vloxx,,,14280,16380,-135,0,,,,,0
20261004-163454,339.58,Vloxx,,,14450,16550,-135,0,,,,,0
20261004-163454,339.78,Vloxx,,,14630,16730,-135,0,,,,,0
20261004-163454,339.98,Vloxx,,,14810,16910,-135,0,,,,,0
20261004-163454,340.19,Vloxx,,,14990,17080,-135,0,,,,,0
20261004-163454,340.38,Vloxx,,,15160,17260,-135,0,,,,,0
20261004-163454,340.58,Vloxx,,,15340,17430,-135,0,,,,,0
20261004-163454,351.46,Vloxx,81053,4.8,14100,16210,201,1,0,-180,0,0,0
20261004-163454,351.99,Vloxx,81053,5.3,14140,16230,201,1,0,-180,0,0,0
20261004-163454,351.99,Vloxx,81053,5.3,13540,16180,111,1,0,180,0,0,0
20261004-163454,352.50,Vloxx,81053,5.8,13560,15610,21,1,0,180,0,0,0
20261004-163454,352.50,Vloxx,81053,5.8,13570,16250,111,1,0,180,0,0,0
20261004-163454,352.90,Vloxx,81053,6.2,14290,15950,201,1,0,-180,0,0,9
20261004-163454,353.02,Vloxx,81053,6.3,14130,15640,-164,1,0,85,1,0,9
20261004-163454,353.02,Vloxx,81053,6.3,13550,15690,-74,1,0,85,1,0,9
20261004-163454,353.42,Vloxx,81053,6.7,14230,16510,16,1,0,85,1,95,9
20261004-163454,353.50,Vloxx,81053,6.8,14170,16210,106,1,0,85,1,95,9
20261004-163454,353.55,Vloxx,81053,6.8,14120,15670,-164,1,0,85,1,95,9
20261004-163454,353.94,Vloxx,81053,7.2,13670,16450,-74,1,0,85,1,95,8
20261004-163454,354.03,Vloxx,81053,7.3,13620,16370,16,1,0,85,1,95,8
20261004-163454,354.47,Vloxx,81053,7.8,13730,15890,-164,1,0,85,1,95,10
20261004-163454,354.54,Vloxx,81053,7.8,13470,15830,-74,1,0,85,1,95,10
20261004-163454,355.06,Vloxx,81053,8.4,14010,15670,-164,1,0,180,0,95,7
20261004-163454,355.39,Vloxx,81053,8.7,13970,16170,-254,0,,,,,0
20261004-163454,355.59,Vloxx,81053,8.9,13730,16240,-254,0,,,,,0
20261004-163454,355.79,Vloxx,81053,9.1,13490,16310,-254,0,,,,,0
20261004-163454,355.98,Vloxx,81053,9.3,13250,16380,-254,0,,,,,0
20261004-163454,356.19,Vloxx,81053,9.5,13010,16450,-254,0,,,,,0
20261004-163454,356.38,Vloxx,81053,9.7,12770,16520,-254,0,,,,,0
20261004-163454,356.58,Vloxx,81053,9.9,12530,16590,-254,0,,,,,0
20261004-163454,356.79,Vloxx,81053,10.1,12290,16660,-254,0,,,,,0
20261004-163454,365.14,Vloxx,,,14010,16220,-205,0,,,,,0
20261004-163454,365.34,Vloxx,,,13910,16440,-205,0,,,,,0
20261004-163454,365.54,Vloxx,,,13800,16670,-205,0,,,,,0
20261004-163454,365.74,Vloxx,,,13700,16890,-205,0,,,,,0
20261004-163454,365.94,Vloxx,,,13590,17120,-205,0,,,,,0
20261004-163454,366.14,Vloxx,,,13490,17350,-205,0,,,,,0
20261004-163454,366.34,Vloxx,,,13380,17570,-205,0,,,,,0
20261004-163454,366.55,Vloxx,81053,0.1,13270,17800,-205,0,,,,,0
20261004-163454,371.19,Vloxx,81053,4.8,14120,16230,155,1,0,-180,0,0,1
20261004-163454,371.70,Vloxx,81053,5.3,14120,16090,155,1,0,-180,0,0,1
20261004-163454,371.70,Vloxx,81053,5.3,13560,16220,65,1,0,-180,0,0,1
20261004-163454,372.22,Vloxx,81053,5.8,13560,15660,-25,1,0,-180,0,0,1
20261004-163454,372.22,Vloxx,81053,5.8,14070,16650,65,1,0,-180,0,0,1
20261004-163454,372.62,Vloxx,81053,6.2,14200,16100,155,1,0,-180,0,0,2
20261004-163454,372.75,Vloxx,81053,6.3,13510,16610,187,1,0,32,1,0,7
20261004-163454,372.75,Vloxx,81053,6.3,14130,15660,97,1,0,32,1,0,7
20261004-163454,373.14,Vloxx,81053,6.7,14470,15610,277,1,0,32,1,148,2
20261004-163454,373.22,Vloxx,81053,6.8,14160,15870,367,1,0,32,1,148,2
20261004-163454,373.26,Vloxx,81053,6.8,13550,16040,97,1,0,32,1,148,2
20261004-163454,373.65,Vloxx,81053,7.2,14970,15880,187,1,0,32,1,148,0
20261004-163454,373.74,Vloxx,81053,7.3,14370,16400,277,1,0,32,1,148,0
20261004-163454,374.18,Vloxx,81053,7.8,14700,16380,97,1,0,32,1,148,0
20261004-163454,374.26,Vloxx,81053,7.8,13850,16610,187,1,0,32,1,148,0
20261004-163454,374.79,Vloxx,81053,8.4,13640,16080,97,1,0,180,0,148,1
20261004-163454,383.94,Vloxx,,,14120,16170,-108,0,,,,,0
20261004-163454,384.14,Vloxx,,,14360,16250,-108,0,,,,,0
20261004-163454,384.35,Vloxx,,,14590,16320,-108,0,,,,,0
20261004-163454,384.54,Vloxx,,,14830,16400,-108,0,,,,,0
20261004-163454,384.75,Vloxx,,,15070,16480,-108,0,,,,,0
20261004-163454,384.94,Vloxx,,,15310,16550,-108,0,,,,,0
20261004-163454,385.14,Vloxx,,,15550,16630,-108,0,,,,,0
20261004-163454,385.35,Vloxx,81053,0.0,15780,16710,-108,0,,,,,0
20261004-163454,389.99,Aspect of the Sword,81326,5.0,13100,15730,-114,0,,,,,5
20261004-163454,390.10,Vloxx,81053,4.8,14050,16390,223,1,0,-180,0,0,0
20261004-163454,390.19,Aspect of the Sword,81326,5.2,13330,15830,-114,0,,,,,0
20261004-163454,390.38,Aspect of the Sword,81326,5.4,13560,15930,-114,0,,,,,2
20261004-163454,390.58,Aspect of the Sword,81326,5.6,13790,16030,-114,0,,,,,0
20261004-163454,390.63,Vloxx,81053,5.3,13650,15990,133,1,0,-180,0,0,0
20261004-163454,390.63,Vloxx,81053,5.3,14210,16260,223,1,0,-180,0,0,0
20261004-163454,390.78,Aspect of the Sword,81326,5.8,14020,16130,-114,0,,,,,0
20261004-163454,390.98,Aspect of the Sword,81326,6.0,14250,16230,-114,0,,,,,0
20261004-163454,391.14,Vloxx,81053,5.8,14040,15590,43,1,0,180,0,0,0
20261004-163454,391.14,Vloxx,81053,5.8,13660,16370,133,1,0,-180,0,0,0
20261004-163454,391.55,Vloxx,81053,6.2,14340,16310,223,1,0,-180,0,0,0
20261004-163454,391.67,Vloxx,81053,6.3,13540,15820,70,1,0,-153,1,0,0
20261004-163454,391.67,Vloxx,81053,6.3,14450,15990,-20,1,0,-153,1,0,0
20261004-163454,392.06,Vloxx,81053,6.7,13800,16470,160,1,0,-153,1,-27,0
20261004-163454,392.14,Vloxx,81053,6.8,14270,16000,250,1,0,-153,1,-27,0
20261004-163454,392.18,Vloxx,81053,6.8,14100,15700,-20,1,0,-153,1,-27,0
20261004-163454,392.57,Vloxx,81053,7.2,13640,15920,70,1,0,-153,1,-27,0
20261004-163454,392.67,Vloxx,81053,7.3,14160,16550,160,1,0,-153,1,-27,0
20261004-163454,393.10,Vloxx,81053,7.8,14180,15770,-20,1,0,-153,1,-27,0
20261004-163454,393.19,Vloxx,81053,7.8,13610,16450,70,1,0,-153,1,-27,0
20261004-163454,393.70,Vloxx,81053,8.4,13710,15890,-20,1,0,-180,0,-27,0
20261004-163454,394.02,Vloxx,81053,8.7,14120,16170,-110,0,,,,,0
20261004-163454,394.22,Vloxx,81053,8.9,14350,16260,-110,0,,,,,0
20261004-163454,394.42,Vloxx,81053,9.1,14590,16340,-110,0,,,,,0
20261004-163454,394.63,Vloxx,81053,9.3,14820,16430,-110,0,,,,,0
20261004-163454,394.82,Vloxx,81053,9.5,15060,16510,-110,0,,,,,0
20261004-163454,395.02,Vloxx,81053,9.7,15290,16600,-110,0,,,,,0
20261004-163454,395.22,Vloxx,81053,9.9,15530,16680,-110,0,,,,,0
20261004-163454,395.42,Vloxx,81053,10.1,15760,16770,-110,0,,,,,0
20261004-163454,406.23,Aspect of the Sword,,,12930,15550,76,0,,,,,0
20261004-163454,406.42,Aspect of the Sword,,,12690,15490,76,0,,,,,0
20261004-163454,406.63,Aspect of the Sword,,,12440,15430,76,0,,,,,0
20261004-163454,406.82,Aspect of the Sword,,,12200,15370,76,0,,,,,0
20261004-163454,407.02,Aspect of the Sword,,,11960,15310,76,0,,,,,0
20261004-163454,407.23,Aspect of the Sword,,,11710,15250,76,0,,,,,0
20261004-163454,418.22,Vloxx,81053,4.8,12190,15270,100,1,0,180,0,0,4
20261004-163454,418.74,Vloxx,81053,5.3,12220,15330,100,1,0,180,0,0,5
20261004-163454,418.74,Vloxx,81053,5.3,12730,15460,10,1,0,180,0,0,5
20261004-163454,419.25,Vloxx,81053,5.8,11740,15030,10,1,0,180,0,0,0
20261004-163454,419.25,Vloxx,81053,5.8,12540,15990,-80,1,0,-180,0,0,0
20261004-163454,419.66,Vloxx,81053,6.2,12300,15310,100,1,0,180,0,0,8
20261004-163454,419.78,Vloxx,81053,6.3,12010,15810,-170,1,0,-180,0,0,8
20261004-163454,419.78,Vloxx,81053,6.3,12040,14550,-80,1,0,-180,0,0,8
20261004-163454,420.18,Vloxx,81053,6.7,12000,15790,13,1,0,-177,0,-3,9
20261004-163454,420.26,Vloxx,81053,6.8,12220,15330,103,1,0,-177,0,-3,9
20261004-163454,420.30,Vloxx,81053,6.8,12520,14850,-167,1,0,-177,0,-3,9
20261004-163454,420.70,Vloxx,81053,7.2,11520,15490,-77,1,0,-177,0,-3,3
20261004-163454,420.78,Vloxx,81053,7.3,12760,15500,13,1,0,-177,0,-3,3
20261004-163454,421.22,Vloxx,81053,7.8,11820,15010,-167,1,0,-177,0,-3,7
20261004-163454,421.30,Vloxx,81053,7.8,12580,16040,-77,1,0,-177,0,-3,7
20261004-163454,421.82,Vloxx,81053,8.4,12050,15860,-167,1,0,180,0,-3,0
20261004-163454,422.66,Aspect of the Sword,81326,8.3,12570,15390,76,0,,,,,0
20261004-163454,422.86,Aspect of the Sword,81326,8.5,12320,15330,76,0,,,,,0
20261004-163454,423.06,Aspect of the Sword,81326,8.7,12080,15270,76,0,,,,,0
20261004-163454,423.26,Aspect of the Sword,81326,8.9,11840,15210,76,0,,,,,0
20261004-163454,423.46,Aspect of the Sword,81326,9.1,11600,15150,76,0,,,,,0
20261004-163454,423.66,Aspect of the Sword,81326,9.3,11350,15090,76,0,,,,,0
20261004-163454,424.22,Vloxx,81053,10.8,12150,15330,90,0,,,,,0
20261004-163454,424.43,Vloxx,81053,11.0,11900,15330,90,0,,,,,0
20261004-163454,424.63,Vloxx,81053,11.2,11650,15330,90,0,,,,,0
20261004-163454,424.82,Vloxx,81053,11.4,11400,15330,90,0,,,,,0
20261004-163454,425.01,Vloxx,81053,11.6,11150,15330,90,0,,,,,0
20261004-163454,425.23,Vloxx,81053,11.8,10900,15330,90,0,,,,,0
20261004-163454,425.42,Vloxx,81053,12.0,10650,15330,90,0,,,,,0
20261004-163454,425.63,Vloxx,,,10400,15320,90,0,,,,,0
20261004-163454,438.23,Aspect of the Sword,,,12020,15900,-252,0,,,,,0
20261004-163454,438.42,Aspect of the Sword,,,11780,15970,-252,0,,,,,0
20261004-163454,438.62,Aspect of the Sword,,,11540,16050,-252,0,,,,,0
20261004-163454,438.82,Aspect of the Sword,,,11310,16120,-252,0,,,,,0
20261004-163454,439.02,Aspect of the Sword,,,11070,16200,-252,0,,,,,0
20261004-163454,439.21,Aspect of the Sword,,,10830,16280,-252,0,,,,,0
20261004-163454,439.30,Vloxx,81053,4.8,11610,15830,262,1,0,-180,0,0,6
20261004-163454,439.82,Vloxx,81053,5.3,11560,16390,172,1,0,-180,0,0,6
20261004-163454,439.82,Vloxx,81053,5.3,12140,15480,262,1,0,-180,0,0,6
20261004-163454,440.34,Vloxx,81053,5.8,12290,16030,172,1,0,-180,0,0,0
20261004-163454,440.34,Vloxx,81053,5.8,11000,16340,82,1,0,-180,0,0,0
20261004-163454,440.74,Vloxx,81053,6.2,12070,15590,262,1,0,-180,0,0,7
20261004-163454,440.86,Vloxx,81053,6.3,11740,16180,82,1,0,-180,0,0,7
20261004-163454,440.86,Vloxx,81053,6.3,11050,15780,-8,1,0,180,0,0,7
20261004-163454,441.25,Vloxx,81053,6.7,12210,16140,274,1,0,-78,1,-102,1
20261004-163454,441.35,Vloxx,81053,6.8,12240,15160,364,1,0,-78,1,-102,1
20261004-163454,441.38,Vloxx,81053,6.8,11590,15630,94,1,0,-78,1,-102,1
20261004-163454,441.77,Vloxx,81053,7.2,11660,16270,184,1,0,-78,1,-102,0
20261004-163454,441.87,Vloxx,81053,7.3,12590,15600,274,1,0,-78,1,-102,0
20261004-163454,442.30,Vloxx,81053,7.8,11520,15730,94,1,0,-78,1,-102,0
20261004-163454,442.38,Vloxx,81053,7.8,12150,15960,184,1,0,-78,1,-102,0
20261004-163454,442.90,Vloxx,81053,8.4,11800,15510,94,1,0,-180,0,-102,0
20261004-163454,443.26,Vloxx,81053,8.7,12220,15250,4,0,,,,,0
20261004-163454,443.46,Vloxx,81053,8.9,12200,15000,4,0,,,,,0
20261004-163454,443.65,Vloxx,81053,9.1,12180,14760,4,0,,,,,0
20261004-163454,443.87,Vloxx,81053,9.3,12160,14510,4,0,,,,,0
20261004-163454,444.06,Vloxx,81053,9.5,12140,14260,4,0,,,,,0
20261004-163454,444.26,Vloxx,81053,9.7,12130,14010,4,0,,,,,0
20261004-163454,444.46,Vloxx,81053,9.9,12110,13760,4,0,,,,,0
20261004-163454,444.66,Vloxx,81053,10.1,12090,13510,4,0,,,,,0
20261004-163454,452.50,Vloxx,,,12250,15260,-22,0,,,,,0
20261004-163454,452.70,Vloxx,,,12340,15030,-22,0,,,,,0
20261004-163454,452.90,Vloxx,,,12440,14800,-22,0,,,,,0
20261004-163454,453.10,Vloxx,,,12530,14560,-22,0,,,,,0
20261004-163454,453.30,Vloxx,,,12620,14330,-22,0,,,,,0
20261004-163454,453.49,Vloxx,,,12720,14100,-22,0,,,,,0
20261004-163454,453.66,Aspect of the Sword,81326,9.3,12200,15720,-20,0,,,,,0
20261004-163454,453.69,Vloxx,,,12810,13870,-22,0,,,,,0
20261004-163454,453.86,Aspect of the Sword,81326,9.5,12290,15490,-20,0,,,,,0
20261004-163454,453.90,Vloxx,,,12900,13640,-89,0,,,,,0
20261004-163454,454.06,Aspect of the Sword,81326,9.7,12380,15250,-20,0,,,,,0
20261004-163454,454.26,Aspect of the Sword,81326,9.9,12460,15020,-20,0,,,,,0
20261004-163454,454.45,Aspect of the Sword,81326,10.1,12550,14780,-20,0,,,,,0
20261004-163454,454.66,Aspect of the Sword,81326,10.3,12640,14550,-20,0,,,,,0
20261004-163454,468.94,Aspect of the Sword,,,12220,15420,-58,0,,,,,0
20261004-163454,469.14,Aspect of the Sword,,,12430,15290,-58,0,,,,,0
20261004-163454,469.34,Aspect of the Sword,,,12640,15160,-58,0,,,,,0
20261004-163454,469.53,Aspect of the Sword,,,12850,15020,-58,0,,,,,0
20261004-163454,469.74,Aspect of the Sword,,,13060,14890,-58,0,,,,,0
20261004-163454,469.94,Aspect of the Sword,,,13270,14760,-58,0,,,,,0
20261004-163454,475.69,Vloxx,81053,4.8,12400,15950,378,1,0,-180,0,0,2
20261004-163454,476.21,Vloxx,81053,5.3,11940,15620,288,1,0,180,0,0,5
20261004-163454,476.21,Vloxx,81053,5.3,12400,16290,378,1,0,-180,0,0,5
20261004-163454,476.74,Vloxx,81053,5.8,11920,16000,288,1,0,180,0,0,1
20261004-163454,476.74,Vloxx,81053,5.8,12270,15160,198,1,0,180,0,0,1
20261004-163454,477.14,Vloxx,81053,6.2,12600,15480,378,1,0,-180,0,0,1
20261004-163454,477.26,Vloxx,81053,6.3,12730,15480,108,1,0,-180,0,0,1
20261004-163454,477.26,Vloxx,81053,6.3,12210,15510,198,1,0,180,0,0,1
20261004-163454,477.66,Vloxx,81053,6.7,12200,15090,288,1,0,180,0,0,1
20261004-163454,477.74,Vloxx,81053,6.8,12630,17030,378,1,0,-180,0,0,1
20261004-163454,477.78,Vloxx,81053,6.8,12690,15810,108,1,0,-180,0,0,1
20261004-163454,478.18,Vloxx,81053,7.2,12590,14680,198,1,0,180,0,0,2
20261004-163454,478.25,Vloxx,81053,7.3,12220,16650,288,1,0,180,0,0,2
20261004-163454,478.70,Vloxx,81053,7.8,13000,15070,108,1,0,-180,0,0,6
20261004-163454,478.77,Vloxx,81053,7.8,12600,16230,198,1,0,180,0,0,6
20261004-163454,484.69,Aspect of the Sword,81326,10.2,12410,15650,-98,0,,,,,0
20261004-163454,484.89,Aspect of the Sword,81326,10.4,12660,15680,-98,0,,,,,0
20261004-163454,485.09,Aspect of the Sword,81326,10.6,12910,15710,-98,0,,,,,0
20261004-163454,485.29,Aspect of the Sword,81326,10.8,13150,15750,-98,0,,,,,0
20261004-163454,485.49,Aspect of the Sword,81326,11.0,13400,15780,-98,0,,,,,0
20261004-163454,485.69,Aspect of the Sword,81326,11.2,13650,15810,-98,0,,,,,0
20261004-163454,499.97,Aspect of the Sword,,,12290,15570,-125,0,,,,,0
20261004-163454,500.17,Aspect of the Sword,,,12500,15720,-125,0,,,,,0
20261004-163454,500.37,Aspect of the Sword,,,12700,15860,-125,0,,,,,0
20261004-163454,500.58,Aspect of the Sword,,,12910,16000,-125,0,,,,,0
20261004-163454,500.77,Aspect of the Sword,,,13120,16140,-125,0,,,,,0
20261004-163454,500.98,Aspect of the Sword,,,13320,16280,-125,0,,,,,0
20261004-163454,527.78,Vloxx,,,11960,15260,270,1,0,180,0,0,0
20261004-163454,527.78,Vloxx,,,11970,15280,270,1,0,180,0,0,0
20261004-163454,527.78,Vloxx,,,11880,15210,270,1,0,180,0,0,0
20261004-163454,528.30,Vloxx,,,11470,15550,180,1,0,-180,0,0,5
20261004-163454,528.30,Vloxx,,,11370,15450,180,1,0,-180,0,0,5
20261004-163454,528.30,Vloxx,,,11500,15590,180,1,0,-180,0,0,5
20261004-163454,528.82,Vloxx,,,11190,15060,90,1,0,-180,0,0,0
20261004-163454,528.82,Vloxx,,,11120,14940,90,1,0,-180,0,0,0
20261004-163454,528.82,Vloxx,,,11190,15120,90,1,0,-180,0,0,0
20261004-163454,529.33,Vloxx,,,11670,14770,0,1,0,-180,0,0,0
20261004-163454,529.33,Vloxx,,,11630,14700,0,1,0,-180,0,0,0
20261004-163454,529.33,Vloxx,,,11660,14810,0,1,0,-180,0,0,0
20261004-163454,542.78,Vloxx,,,12560,15300,270,1,0,180,0,0,10
20261004-163454,542.78,Vloxx,,,12430,15340,270,1,0,180,0,0,10
20261004-163454,542.78,Vloxx,,,12530,15330,270,1,0,180,0,0,10
20261004-163454,543.30,Vloxx,,,12860,14970,180,1,0,-180,0,0,5
20261004-163454,543.30,Vloxx,,,12920,14860,180,1,0,-180,0,0,5
20261004-163454,543.30,Vloxx,,,12930,14930,180,1,0,-180,0,0,5
20261004-163454,543.81,Vloxx,,,13360,15220,90,1,0,-180,0,0,1
20261004-163454,543.81,Vloxx,,,13220,15400,90,1,0,-180,0,0,1
20261004-163454,543.81,Vloxx,,,13330,15330,90,1,0,-180,0,0,1
20261004-163454,544.34,Vloxx,,,12790,15770,0,1,0,-180,0,0,0
20261004-163454,544.34,Vloxx,,,13000,15660,0,1,0,-180,0,0,0
20261004-163454,544.34,Vloxx,,,12930,15730,0,1,0,-180,0,0,0
20261004-163454,552.89,Aspect of the Sword,81326,5.1,12990,15640,39,0,,,,,0
20261004-163454,553.10,Aspect of the Sword,81326,5.3,12830,15450,39,0,,,,,0
20261004-163454,553.29,Aspect of the Sword,81326,5.5,12680,15250,39,0,,,,,0
20261004-163454,553.50,Aspect of the Sword,81326,5.7,12520,15050,39,0,,,,,0
20261004-163454,553.69,Aspect of the Sword,81326,5.9,12370,14860,39,0,,,,,0
20261004-163454,553.90,Aspect of the Sword,81326,6.1,12210,14660,39,0,,,,,0
20261004-163454,557.77,Vloxx,,,12130,15250,270,1,0,180,0,0,0
20261004-163454,557.77,Vloxx,,,11990,15270,270,1,0,180,0,0,0
20261004-163454,557.77,Vloxx,,,12080,15300,270,1,0,180,0,0,0
20261004-163454,558.30,Vloxx,,,11510,15560,180,1,0,-180,0,0,8
20261004-163454,558.30,Vloxx,,,11620,15620,180,1,0,-180,0,0,8
20261004-163454,558.30,Vloxx,,,11570,15290,180,1,0,-180,0,0,8
20261004-163454,558.82,Vloxx,,,11290,15160,90,1,0,-180,0,0,0
20261004-163454,558.82,Vloxx,,,11220,15070,90,1,0,-180,0,0,0
20261004-163454,558.82,Vloxx,,,11530,14730,90,1,0,-180,0,0,0
20261004-163454,559.34,Vloxx,,,12090,14690,0,1,0,-180,0,0,0
20261004-163454,559.34,Vloxx,,,11760,14840,0,1,0,-180,0,0,0
20261004-163454,559.34,Vloxx,,,11700,14780,0,1,0,-180,0,0,0
20261004-163454,569.81,Aspect of the Sword,,,12500,15610,-11,0,,,,,0
20261004-163454,570.01,Aspect of the Sword,,,12540,15360,-11,0,,,,,0
20261004-163454,570.21,Aspect of the Sword,,,12590,15120,-11,0,,,,,0
20261004-163454,570.41,Aspect of the Sword,,,12640,14870,-11,0,,,,,0
20261004-163454,570.62,Aspect of the Sword,,,12690,14620,-11,0,,,,,0
20261004-163454,570.81,Aspect of the Sword,,,12730,14380,-11,0,,,,,0
20261004-163454,572.77,Vloxx,,,12330,15100,270,1,0,180,0,0,0
20261004-163454,572.77,Vloxx,,,12350,15040,270,1,0,180,0,0,0
20261004-163454,572.77,Vloxx,,,12200,15430,270,1,0,180,0,0,0
20261004-163454,573.30,Vloxx,,,12140,14570,180,1,0,-180,0,0,7
20261004-163454,573.30,Vloxx,,,11880,14960,180,1,0,-180,0,0,7
20261004-163454,573.30,Vloxx,,,12140,14510,180,1,0,-180,0,0,7
20261004-163454,573.81,Vloxx,,,12660,14310,90,1,0,-180,0,0,7
20261004-163454,573.81,Vloxx,,,12680,14380,90,1,0,-180,0,0,7
20261004-163454,573.82,Vloxx,,,12350,14640,90,1,0,-180,0,0,7
20261004-163454,574.33,Vloxx,,,12670,15100,0,1,0,-180,0,0,0
20261004-163454,574.33,Vloxx,,,12870,14830,0,1,0,-180,0,0,0
20261004-163454,574.33,Vloxx,,,12860,14920,0,1,0,-180,0,0,0
20261004-163454,585.81,Aspect of the Sword,81326,7.4,11870,15290,-199,0,,,,,0
20261004-163454,586.01,Aspect of the Sword,81326,7.6,11780,15530,-199,0,,,,,0
20261004-163454,586.22,Aspect of the Sword,81326,7.8,11700,15760,-199,0,,,,,0
20261004-163454,586.42,Aspect of the Sword,81326,8.0,11620,16000,-199,0,,,,,0
20261004-163454,586.62,Aspect of the Sword,81326,8.2,11530,16240,-199,0,,,,,0
20261004-163454,586.82,Aspect of the Sword,81326,8.4,11450,16470,-199,0,,,,,0
20261004-163454,587.77,Vloxx,,,12030,15490,270,1,0,180,0,0,7
20261004-163454,587.77,Vloxx,,,12130,15390,270,1,0,180,0,0,7
20261004-163454,587.78,Vloxx,,,12040,15490,270,1,10,180,0,0,7
20261004-163454,588.30,Vloxx,,,12010,16060,180,1,0,-180,0,0,0
20261004-163454,588.30,Vloxx,,,12010,15940,180,1,0,-180,0,0,0
20261004-163454,588.30,Vloxx,,,11990,16060,180,1,0,-180,0,0,0
20261004-163454,588.81,Vloxx,,,11450,16030,90,1,0,-180,0,0,0
20261004-163454,588.81,Vloxx,,,11430,16010,90,1,0,-180,0,0,0
20261004-163454,588.81,Vloxx,,,11460,15820,90,1,0,-180,0,0,0
20261004-163454,589.34,Vloxx,,,11470,15450,0,1,0,-180,0,0,0
20261004-163454,589.34,Vloxx,,,11480,15460,0,1,14,-180,0,0,0
20261004-163454,589.34,Vloxx,,,11580,15260,0,1,0,-180,0,0,0
20261004-165754,288.31,Aspect of the Sword,81326,5.1,12830,15610,32,0,,,,,0
20261004-165754,288.51,Aspect of the Sword,81326,5.3,12700,15400,32,0,,,,,0
20261004-165754,288.71,Aspect of the Sword,81326,5.4,12570,15190,32,0,,,,,3
20261004-165754,288.90,Aspect of the Sword,81326,5.6,12440,14980,32,0,,,,,0
20261004-165754,289.11,Aspect of the Sword,81326,5.8,12300,14770,32,0,,,,,0
20261004-165754,289.31,Aspect of the Sword,81326,6.0,12170,14550,32,0,,,,,0
20261004-165754,303.71,Aspect of the Sword,,,12300,15180,-255,0,,,,,0
20261004-165754,303.91,Aspect of the Sword,,,12060,15240,-255,0,,,,,0
20261004-165754,304.10,Aspect of the Sword,,,11820,15310,-255,0,,,,,0
20261004-165754,304.31,Aspect of the Sword,,,11580,15370,-255,0,,,,,0
20261004-165754,304.51,Aspect of the Sword,,,11340,15440,-255,0,,,,,0
20261004-165754,304.71,Aspect of the Sword,,,11100,15500,-255,0,,,,,0
20261004-165754,320.90,Aspect of the Sword,81326,5.1,12350,15260,-237,0,,,,,0
20261004-165754,321.11,Aspect of the Sword,81326,5.3,12140,15400,-237,0,,,,,0
20261004-165754,321.31,Aspect of the Sword,81326,5.5,11930,15540,-237,0,,,,,7
20261004-165754,321.50,Aspect of the Sword,81326,5.7,11730,15670,-237,0,,,,,0
20261004-165754,321.70,Aspect of the Sword,81326,5.9,11520,15810,-237,0,,,,,0
20261004-165754,321.90,Aspect of the Sword,81326,6.1,11310,15940,-237,0,,,,,0
20261004-165754,331.58,Vloxx,81053,4.8,11390,13540,209,1,0,180,0,0,7
20261004-165754,332.11,Vloxx,81053,5.3,11910,13320,119,1,0,-180,0,0,6
20261004-165754,332.11,Vloxx,81053,5.3,11570,13570,209,1,0,180,0,0,6
20261004-165754,332.62,Vloxx,81053,5.8,12130,13840,29,1,0,-180,0,0,1
20261004-165754,332.62,Vloxx,81053,5.8,11090,13880,119,1,0,-180,0,0,1
20261004-165754,333.02,Vloxx,81053,6.2,11430,13680,209,1,0,180,0,0,3
20261004-165754,333.15,Vloxx,81053,6.3,11610,14060,-61,1,0,-180,0,0,1
20261004-165754,333.15,Vloxx,81053,6.3,10780,13410,29,1,0,-180,0,0,1
20261004-165754,333.55,Vloxx,81053,6.7,11980,13820,119,1,0,-180,0,0,4
20261004-165754,333.62,Vloxx,81053,6.8,11340,13430,209,1,0,180,0,0,4
20261004-165754,333.66,Vloxx,81053,6.8,11260,13100,-61,1,0,-180,0,0,4
20261004-165754,334.06,Vloxx,81053,7.2,11830,14370,29,1,0,-180,0,0,1
20261004-165754,334.14,Vloxx,81053,7.3,11760,13810,119,1,0,-180,0,0,1
20261004-165754,334.59,Vloxx,81053,7.8,11290,14220,44,1,0,-75,1,-105,2
20261004-165754,334.66,Vloxx,81053,7.8,11380,14230,134,1,0,-75,1,-105,2
20261004-165754,335.18,Vloxx,81053,8.4,10960,13850,44,1,0,-75,1,-105,1
20261004-165754,336.34,Aspect of the Sword,,,11300,13630,26,0,,,,,0
20261004-165754,336.54,Aspect of the Sword,,,11190,13410,26,0,,,,,0
20261004-165754,336.74,Aspect of the Sword,,,11080,13190,26,0,,,,,0
20261004-165754,336.94,Aspect of the Sword,,,10970,12960,26,0,,,,,0
20261004-165754,337.14,Aspect of the Sword,,,10850,12740,26,0,,,,,0
20261004-165754,337.34,Aspect of the Sword,,,10740,12520,26,0,,,,,0
20261004-165754,338.78,Vloxx,81053,12.0,11400,13470,-39,0,,,,,0
20261004-165754,338.98,Vloxx,,,11550,13270,-39,0,,,,,0
20261004-165754,339.18,Vloxx,,,11710,13080,-39,0,,,,,0
20261004-165754,339.39,Vloxx,,,11870,12880,-39,0,,,,,0
20261004-165754,339.58,Vloxx,,,12020,12690,-39,0,,,,,0
20261004-165754,339.79,Vloxx,,,12180,12500,-39,0,,,,,0
20261004-165754,339.98,Vloxx,,,12340,12300,-39,0,,,,,0
20261004-165754,340.18,Vloxx,,,12490,12110,-39,0,,,,,0
20261004-165754,352.50,Vloxx,81053,4.8,10930,13470,252,1,0,-180,0,0,7
20261004-165754,353.03,Vloxx,81053,5.3,11060,13500,252,1,0,-180,0,0,10
20261004-165754,353.03,Vloxx,81053,5.3,11480,13310,162,1,0,-180,0,0,10
20261004-165754,353.54,Vloxx,81053,5.8,11600,13660,162,1,0,-180,0,0,9
20261004-165754,353.54,Vloxx,81053,5.8,11640,13850,72,1,0,180,0,0,9
20261004-165754,353.94,Vloxx,81053,6.2,11030,13490,252,1,0,-180,0,0,10
20261004-165754,354.06,Vloxx,81053,6.3,11440,14200,72,1,0,180,0,0,10
20261004-165754,354.06,Vloxx,81053,6.3,11090,14010,-18,1,0,180,0,0,10
20261004-165754,354.46,Vloxx,81053,6.7,11590,13490,162,1,0,-180,0,0,10
20261004-165754,354.54,Vloxx,81053,6.8,11090,13560,252,1,0,-180,0,0,10
20261004-165754,354.58,Vloxx,81053,6.8,10900,14040,-18,1,0,180,0,0,10
20261004-165754,354.98,Vloxx,81053,7.2,11600,14060,72,1,0,180,0,0,9
20261004-165754,355.06,Vloxx,81053,7.3,11590,13300,162,1,0,-180,0,0,9
20261004-165754,355.50,Vloxx,81053,7.8,11030,14060,-31,1,0,167,1,13,8
20261004-165754,355.58,Vloxx,81053,7.8,11850,13810,59,1,0,167,1,13,8
20261004-165754,356.10,Vloxx,81053,8.4,11340,14060,-31,1,0,167,1,13,8
20261004-165754,357.60,Vloxx,81053,9.9,11160,13600,-121,0,,,,,0
20261004-165754,357.79,Vloxx,81053,10.0,11370,13720,-121,0,,,,,0
20261004-165754,357.99,Vloxx,81053,10.2,11590,13850,-121,0,,,,,0
20261004-165754,358.19,Vloxx,81053,10.4,11800,13980,-121,0,,,,,0
20261004-165754,358.38,Vloxx,81053,10.6,12020,14110,-121,0,,,,,0
20261004-165754,358.58,Vloxx,81053,10.8,12230,14230,-121,0,,,,,0
20261004-165754,358.78,Vloxx,81053,11.0,12450,14360,-121,0,,,,,0
20261004-165754,358.99,Vloxx,81053,11.2,12660,14490,12,0,,,,,0
20261004-165754,369.30,Vloxx,81053,4.8,11280,13560,400,1,0,-180,0,0,3
20261004-165754,369.82,Vloxx,81053,5.3,11580,13080,310,1,0,-180,0,0,2
20261004-165754,369.82,Vloxx,81053,5.3,11350,13580,400,1,0,-180,0,0,2
20261004-165754,370.35,Vloxx,81053,5.8,12060,13380,220,1,0,180,0,0,0
20261004-165754,370.35,Vloxx,81053,5.8,11610,14080,310,1,0,-180,0,0,0
20261004-165754,370.74,Vloxx,81053,6.2,11420,13460,400,1,0,-180,0,0,3
20261004-165754,370.86,Vloxx,81053,6.3,11770,13860,97,1,0,147,1,33,5
20261004-165754,370.86,Vloxx,81053,6.3,11110,14350,187,1,0,147,1,33,5
20261004-165754,371.26,Vloxx,81053,6.7,11510,14020,277,1,0,147,1,33,7
20261004-165754,371.34,Vloxx,81053,6.8,11330,13500,367,1,0,147,1,33,7
20261004-165754,371.38,Vloxx,81053,6.8,10850,13850,97,1,0,147,1,33,7
20261004-165754,371.78,Vloxx,81053,7.2,10950,14110,187,1,0,147,1,33,2
20261004-165754,371.86,Vloxx,81053,7.3,10780,13390,277,1,0,147,1,33,2
20261004-165754,372.31,Vloxx,81053,7.8,10860,13550,97,1,0,147,1,33,1
20261004-165754,372.38,Vloxx,81053,7.8,10890,12830,187,1,0,147,1,33,1
20261004-165754,372.90,Vloxx,81053,8.4,11440,12940,97,1,0,180,0,0,2
20261004-165754,381.86,Vloxx,,,11350,13470,7,0,,,,,0
20261004-165754,382.06,Vloxx,,,11320,13220,7,0,,,,,0
20261004-165754,382.26,Vloxx,,,11290,12970,7,0,,,,,0
20261004-165754,382.46,Vloxx,,,11260,12730,7,0,,,,,0
20261004-165754,382.66,Vloxx,,,11230,12480,7,0,,,,,0
20261004-165754,382.86,Vloxx,,,11200,12230,7,0,,,,,0
20261004-165754,383.06,Vloxx,,,11170,11980,7,0,,,,,0
20261004-165754,383.26,Vloxx,81053,0.1,11140,11730,58,0,,,,,0
20261004-165754,387.94,Vloxx,81053,4.8,11290,13490,418,1,0,180,0,0,1
20261004-165754,388.45,Vloxx,81053,5.3,11320,13360,418,1,0,180,0,0,0
20261004-165754,388.45,Vloxx,81053,5.3,11850,13430,328,1,0,180,0,0,0
20261004-165754,388.98,Vloxx,81053,5.8,11800,13660,328,1,0,180,0,0,0
20261004-165754,388.98,Vloxx,81053,5.8,11920,13990,238,1,0,-180,0,0,0
20261004-165754,389.38,Vloxx,81053,6.2,11320,13440,418,1,0,180,0,0,1
20261004-165754,389.50,Vloxx,81053,6.3,11500,14140,188,1,0,130,1,0,1
20261004-165754,389.50,Vloxx,81053,6.3,11350,14050,98,1,0,130,1,0,1
20261004-165754,389.91,Vloxx,81053,6.7,11840,13680,278,1,0,130,1,50,1
20261004-165754,389.98,Vloxx,81053,6.8,11390,13510,368,1,0,130,1,50,1
20261004-165754,390.02,Vloxx,81053,6.8,11020,13840,98,1,0,130,1,50,1
20261004-165754,390.42,Vloxx,81053,7.2,11600,14190,188,1,0,130,1,50,6
20261004-165754,390.50,Vloxx,81053,7.3,11460,14070,278,1,0,130,1,50,6
20261004-165754,390.94,Vloxx,81053,7.8,11090,13960,98,1,0,130,1,50,0
20261004-165754,391.02,Vloxx,81053,7.8,10900,14140,188,1,0,130,1,50,0
20261004-165754,391.54,Vloxx,81053,8.4,10830,13570,98,1,0,-180,0,50,0
20261004-165754,391.86,Vloxx,81053,8.7,11350,13470,8,0,,,,,0
20261004-165754,392.06,Vloxx,81053,8.9,11310,13220,8,0,,,,,0
20261004-165754,392.26,Vloxx,81053,9.1,11280,12970,8,0,,,,,0
20261004-165754,392.46,Vloxx,81053,9.3,11240,12730,8,0,,,,,0
20261004-165754,392.66,Vloxx,81053,9.5,11210,12480,8,0,,,,,0
20261004-165754,392.86,Vloxx,81053,9.7,11170,12230,8,0,,,,,0
20261004-165754,393.06,Vloxx,81053,9.9,11140,11980,8,0,,,,,0
20261004-165754,393.26,Vloxx,81053,10.1,11100,11740,8,0,,,,,0
20261004-165754,405.50,Aspect of the Sword,81326,5.1,13350,15910,69,0,,,,,0
20261004-165754,405.70,Aspect of the Sword,81326,5.3,13110,15820,69,0,,,,,0
20261004-165754,405.89,Aspect of the Sword,81326,5.5,12880,15730,69,0,,,,,4
20261004-165754,406.10,Aspect of the Sword,81326,5.7,12650,15640,69,0,,,,,0
20261004-165754,406.30,Aspect of the Sword,81326,5.9,12420,15550,69,0,,,,,0
20261004-165754,406.50,Aspect of the Sword,81326,6.1,12180,15460,69,0,,,,,0
20261004-165754,416.26,Vloxx,81053,4.8,12300,15280,217,1,0,180,0,0,7
20261004-165754,416.78,Vloxx,81053,5.3,12270,15850,127,1,0,180,0,0,7
20261004-165754,416.78,Vloxx,81053,5.3,12160,15250,217,1,0,180,0,0,7
20261004-165754,417.30,Vloxx,81053,5.8,11710,15820,37,1,0,-180,0,0,7
20261004-165754,417.30,Vloxx,81053,5.8,12720,15350,127,1,0,180,0,0,7
20261004-165754,417.70,Vloxx,81053,6.2,12100,15200,217,1,0,180,0,0,7
20261004-165754,417.82,Vloxx,81053,6.3,12620,15910,-56,1,0,87,1,0,7
20261004-165754,417.82,Vloxx,81053,6.3,11730,15260,-146,1,0,87,1,0,7
20261004-165754,418.22,Vloxx,81053,6.7,12670,15240,34,1,0,87,1,93,6
20261004-165754,418.29,Vloxx,81053,6.8,12230,15450,124,1,0,87,1,93,6
20261004-165754,418.34,Vloxx,81053,6.8,12060,15810,-146,1,0,87,1,93,6
20261004-165754,418.74,Vloxx,81053,7.2,12620,15810,-56,1,0,87,1,93,0
20261004-165754,418.82,Vloxx,81053,7.3,11820,15070,34,1,0,87,1,93,0
20261004-165754,419.26,Vloxx,81053,7.8,12060,15760,-146,1,0,87,1,93,0
20261004-165754,419.34,Vloxx,81053,7.8,12200,14660,-56,1,0,87,1,93,0
20261004-165754,419.86,Vloxx,81053,8.4,12620,15040,101,1,0,67,1,93,6
20261004-165754,421.62,Aspect of the Sword,,,12330,15460,-265,0,,,,,0
20261004-165754,421.81,Aspect of the Sword,,,12080,15490,-265,0,,,,,0
20261004-165754,422.02,Aspect of the Sword,,,11830,15510,-265,0,,,,,0
20261004-165754,422.22,Aspect of the Sword,,,11580,15530,-265,0,,,,,0
20261004-165754,422.22,Vloxx,81053,10.7,12210,15270,11,0,,,,,0
20261004-165754,422.42,Aspect of the Sword,,,11330,15550,-265,0,,,,,0
20261004-165754,422.42,Vloxx,81053,10.9,12160,15030,11,0,,,,,0
20261004-165754,422.62,Vloxx,81053,11.1,12110,14780,11,0,,,,,0
20261004-165754,422.62,Aspect of the Sword,,,11080,15570,-265,0,,,,,0
20261004-165754,422.81,Vloxx,81053,11.3,12060,14540,11,0,,,,,0
20261004-165754,423.02,Vloxx,81053,11.5,12020,14290,11,0,,,,,0
20261004-165754,423.22,Vloxx,81053,11.7,11970,14050,11,0,,,,,0
20261004-165754,423.42,Vloxx,81053,11.9,11920,13800,11,0,,,,,0
20261004-165754,423.61,Vloxx,,,11870,13560,11,0,,,,,0
20261004-165754,437.70,Aspect of the Sword,81326,8.0,12350,15410,49,0,,,,,0
20261004-165754,437.86,Vloxx,81053,4.8,12130,15280,424,1,0,180,0,0,2
20261004-165754,437.90,Aspect of the Sword,81326,8.2,12160,15240,49,0,,,,,0
20261004-165754,438.10,Aspect of the Sword,81326,8.4,11970,15080,49,0,,,,,0
20261004-165754,438.30,Aspect of the Sword,81326,8.6,11780,14910,49,0,,,,,0
20261004-165754,438.38,Vloxx,81053,5.3,12690,15180,334,1,0,180,0,0,2
20261004-165754,438.38,Vloxx,81053,5.3,12140,15260,424,1,0,180,0,0,2
20261004-165754,438.50,Aspect of the Sword,81326,8.8,11590,14750,49,0,,,,,0
20261004-165754,438.69,Aspect of the Sword,81326,9.0,11410,14590,49,0,,,,,0
20261004-165754,438.90,Vloxx,81053,5.8,12710,15270,334,1,0,180,0,0,0
20261004-165754,438.90,Vloxx,81053,5.8,12790,15740,244,1,0,-180,0,0,0
20261004-165754,439.30,Vloxx,81053,6.2,12080,15280,424,1,0,180,0,0,2
20261004-165754,439.42,Vloxx,81053,6.3,12690,15840,223,1,0,159,1,0,2
20261004-165754,439.42,Vloxx,81053,6.3,12230,15840,133,1,0,159,1,0,2
20261004-165754,439.82,Vloxx,81053,6.7,12610,15080,313,1,0,159,1,21,2
20261004-165754,439.89,Vloxx,81053,6.8,12160,15220,403,1,0,159,1,21,2
20261004-165754,439.94,Vloxx,81053,6.8,12130,15820,133,1,0,159,1,21,2
20261004-165754,440.33,Vloxx,81053,7.2,12800,15610,223,1,0,159,1,21,0
20261004-165754,440.42,Vloxx,81053,7.3,12700,15370,313,1,0,159,1,21,0
20261004-165754,440.86,Vloxx,81053,7.8,12270,15810,133,1,0,159,1,21,0
20261004-165754,440.94,Vloxx,81053,7.8,12540,15920,223,1,0,159,1,21,0
20261004-165754,441.46,Vloxx,81053,8.4,12000,15760,133,1,0,180,0,21,0
20261004-165754,441.74,Vloxx,81053,8.6,12180,15290,43,0,,,,,0
20261004-165754,441.94,Vloxx,81053,8.8,12010,15110,43,0,,,,,0
20261004-165754,442.13,Vloxx,81053,9.0,11830,14930,43,0,,,,,0
20261004-165754,442.34,Vloxx,81053,9.2,11660,14740,43,0,,,,,0
20261004-165754,442.54,Vloxx,81053,9.4,11490,14560,43,0,,,,,0
20261004-165754,442.74,Vloxx,81053,9.6,11320,14380,43,0,,,,,0
20261004-165754,442.94,Vloxx,81053,9.8,11150,14200,43,0,,,,,0
20261004-165754,443.13,Vloxx,81053,10.0,10980,14010,43,0,,,,,0
20261004-165754,450.54,Vloxx,,,12180,15290,41,0,,,,,0
20261004-165754,450.74,Vloxx,,,12020,15100,41,0,,,,,0
20261004-165754,450.94,Vloxx,,,11850,14910,41,0,,,,,0
20261004-165754,451.13,Vloxx,,,11690,14720,41,0,,,,,0
20261004-165754,451.33,Vloxx,,,11530,14530,41,0,,,,,0
20261004-165754,451.54,Vloxx,,,11360,14340,41,0,,,,,0
20261004-165754,451.74,Vloxx,,,11200,14150,41,0,,,,,0
20261004-165754,451.94,Vloxx,,,11040,13960,-88,0,,,,,0
20261004-165754,497.01,Aspect of the Sword,81326,5.0,12680,15540,63,0,,,,,0
20261004-165754,497.21,Aspect of the Sword,81326,5.2,12460,15420,63,0,,,,,0
20261004-165754,497.41,Aspect of the Sword,81326,5.4,12240,15310,63,0,,,,,0
20261004-165754,497.61,Aspect of the Sword,81326,5.6,12010,15190,63,0,,,,,0
20261004-165754,497.81,Aspect of the Sword,81326,5.8,11790,15080,63,0,,,,,0
20261004-165754,498.01,Aspect of the Sword,81326,6.0,11570,14960,63,0,,,,,0
20261004-165754,512.73,Aspect of the Sword,,,12060,15440,-207,0,,,,,0
20261004-165754,512.93,Aspect of the Sword,,,11950,15670,-207,0,,,,,0
20261004-165754,513.05,Vloxx,,,12050,15470,270,1,0,180,0,0,3
20261004-165754,513.05,Vloxx,,,12120,15430,270,1,0,180,0,0,3
20261004-165754,513.05,Vloxx,,,12160,15420,270,1,0,180,0,0,3
20261004-165754,513.14,Aspect of the Sword,,,11840,15890,-207,0,,,,,0
20261004-165754,513.34,Aspect of the Sword,,,11730,16110,-207,0,,,,,0
20261004-165754,513.53,Aspect of the Sword,,,11610,16340,-207,0,,,,,0
20261004-165754,513.57,Vloxx,,,12280,15970,180,1,0,-180,0,0,0
20261004-165754,513.57,Vloxx,,,12130,16000,180,1,0,-180,0,0,0
20261004-165754,513.57,Vloxx,,,12000,16040,180,1,0,-180,0,0,0
20261004-165754,513.73,Aspect of the Sword,,,11500,16560,-207,0,,,,,0
20261004-165754,514.09,Vloxx,,,11720,16090,90,1,0,-180,0,0,0
20261004-165754,514.09,Vloxx,,,11440,15980,90,1,0,-180,0,0,0
20261004-165754,514.09,Vloxx,,,11570,16010,90,1,0,-180,0,0,0
20261004-165754,514.61,Vloxx,,,11490,15420,0,1,0,-180,0,0,0
20261004-165754,514.61,Vloxx,,,11560,15440,0,1,0,-180,0,0,0
20261004-165754,514.61,Vloxx,,,11610,15530,0,1,0,-180,0,0,0
20261004-165754,528.06,Aspect of the Sword,81326,6.6,12440,15580,37,0,,,,,0
20261004-165754,528.06,Vloxx,,,12120,15100,270,1,0,180,0,0,0
20261004-165754,528.06,Vloxx,,,12110,15190,270,1,0,180,0,0,0
20261004-165754,528.06,Vloxx,,,12100,15050,270,1,0,180,0,0,0
20261004-165754,528.26,Aspect of the Sword,81326,6.8,12290,15380,37,0,,,,,0
20261004-165754,528.46,Aspect of the Sword,81326,7.0,12140,15180,37,0,,,,,0
20261004-165754,528.58,Vloxx,,,11550,15120,180,1,0,-180,0,0,8
20261004-165754,528.58,Vloxx,,,11570,14850,180,1,0,-180,0,0,8
20261004-165754,528.58,Vloxx,,,11580,14910,180,1,0,-180,0,0,8
20261004-165754,528.65,Aspect of the Sword,81326,7.2,11990,14980,37,0,,,,,0
20261004-165754,528.86,Aspect of the Sword,81326,7.4,11840,14780,37,0,,,,,0
20261004-165754,529.05,Aspect of the Sword,81326,7.6,11680,14580,37,0,,,,,0
20261004-165754,529.09,Vloxx,,,11780,14380,90,1,0,-180,0,0,4
20261004-165754,529.09,Vloxx,,,11770,14320,90,1,0,-180,0,0,4
20261004-165754,529.09,Vloxx,,,11620,14560,90,1,0,-180,0,0,4
20261004-165754,529.61,Vloxx,,,12300,14520,0,1,0,-180,0,0,0
20261004-165754,529.61,Vloxx,,,12180,14630,0,1,0,-180,0,0,0
20261004-165754,529.61,Vloxx,,,12310,14570,0,1,0,-180,0,0,0
20261004-165754,543.05,Vloxx,,,12010,15520,270,1,0,180,0,0,5
20261004-165754,543.05,Vloxx,,,12090,15690,270,1,0,180,0,0,5
20261004-165754,543.05,Vloxx,,,11500,15700,270,1,0,180,0,0,5
20261004-165754,543.58,Vloxx,,,11330,16240,180,1,0,-180,0,0,3
20261004-165754,543.58,Vloxx,,,12330,16200,180,1,0,-180,0,0,3
20261004-165754,543.58,Vloxx,,,11980,16080,180,1,0,-180,0,0,3
20261004-165754,544.09,Vloxx,,,11820,16440,90,1,0,-180,0,0,0
20261004-165754,544.09,Vloxx,,,11420,16060,90,1,0,-180,0,0,0
20261004-165754,544.09,Vloxx,,,10790,16080,90,1,0,-180,0,0,0
20261004-165754,544.26,Aspect of the Sword,,,11790,15850,-148,0,,,,,0
20261004-165754,544.45,Aspect of the Sword,,,11920,16070,-148,0,,,,,0
20261004-165754,544.61,Vloxx,,,10960,15540,0,1,0,-180,0,0,1
20261004-165754,544.61,Vloxx,,,11450,15490,0,1,0,-180,0,0,1
20261004-165754,544.61,Vloxx,,,11580,15930,0,1,0,-180,0,0,1
20261004-165754,544.65,Aspect of the Sword,,,12050,16280,-148,0,,,,,0
20261004-165754,544.86,Aspect of the Sword,,,12180,16490,-148,0,,,,,0
20261004-165754,545.05,Aspect of the Sword,,,12320,16700,-148,0,,,,,0
20261004-165754,545.25,Aspect of the Sword,,,12450,16910,-148,0,,,,,0
20261004-165754,558.04,Vloxx,,,12190,15310,270,1,0,180,0,0,0
20261004-165754,558.04,Vloxx,,,12140,15050,270,1,0,180,0,0,0
20261004-165754,558.04,Vloxx,,,12300,15410,270,1,0,180,0,0,0
20261004-165754,558.57,Vloxx,,,11630,14790,180,1,0,-180,0,0,4
20261004-165754,558.57,Vloxx,,,11630,15400,180,1,0,-180,0,0,4
20261004-165754,558.57,Vloxx,,,11740,15400,180,1,0,-180,0,0,4
20261004-165754,559.09,Vloxx,,,11900,14280,90,1,0,-180,0,0,4
20261004-165754,559.09,Vloxx,,,11750,14830,90,1,0,-180,0,0,4
20261004-165754,559.09,Vloxx,,,11540,14840,90,1,0,-180,0,0,4
20261004-165754,559.61,Vloxx,,,12400,14550,0,1,0,-180,0,0,0
20261004-165754,559.61,Vloxx,,,12100,14750,0,1,0,-180,0,0,0
20261004-165754,559.61,Vloxx,,,12320,14850,0,1,0,-180,0,0,0
20261004-165754,573.05,Vloxx,,,12230,15290,270,1,0,180,0,0,2
20261004-165754,573.05,Vloxx,,,12190,15390,270,1,0,180,0,0,2
20261004-165754,573.57,Vloxx,,,12540,15760,180,1,0,-180,0,0,1
20261004-165754,573.57,Vloxx,,,12380,15920,180,1,0,-180,0,0,1
20261004-165754,574.10,Vloxx,,,11840,16110,90,1,0,-180,0,0,1
20261004-165754,574.10,Vloxx,,,12070,16070,90,1,0,-180,0,0,1
20261004-165754,574.61,Vloxx,,,11660,15580,0,1,0,-180,0,0,0
20261004-165754,574.61,Vloxx,,,11760,15600,0,1,0,-180,0,0,0
20261004-165754,588.04,Vloxx,,,12160,15420,270,1,0,180,0,0,0
20261004-165754,588.04,Vloxx,,,12170,15440,270,1,0,180,0,0,0
20261004-165754,588.04,Vloxx,,,12190,15420,270,1,0,180,0,0,0
20261004-165754,588.57,Vloxx,,,11970,14910,180,1,0,-180,0,0,0
20261004-165754,588.57,Vloxx,,,11940,14910,180,1,0,-180,0,0,0
20261004-165754,588.57,Vloxx,,,12050,14860,180,1,0,-180,0,0,0
20261004-165754,589.10,Vloxx,,,12610,14750,90,1,0,-180,0,0,3
20261004-165754,589.10,Vloxx,,,12500,14710,90,1,0,-180,0,0,3
20261004-165754,589.10,Vloxx,,,12450,14660,90,1,0,-180,0,0,3
20261004-165754,589.61,Vloxx,,,12720,15310,0,1,0,-180,0,0,1
20261004-165754,589.61,Vloxx,,,12700,15240,0,1,0,-180,0,0,1
20261004-165754,589.61,Vloxx,,,12700,15170,0,1,0,-180,0,0,1