log,t,skill,damage,boons_before,stripped,stripped_boons,crippled,bleeding,since_last_hit_s,since_last_strip_s,since_last_cripple_s
20260930-002947,455.386,81326,500,9,1,Fury,1,1,,,
20260930-002947,455.386,81326,658,10,3,Fury+Might+Protection,1,1,,,
20260930-002947,455.386,81326,625,10,1,Fury,1,1,,,
20260930-002947,456.942,81326,828,10,4,Protection+Vigor+Regeneration+Swiftness,1,1,,,
20260930-002947,456.942,81326,658,8,3,Regeneration+Might+Protection,1,1,1.556,1.556,1.556
20260930-002947,456.942,81326,625,8,1,Protection,1,1,1.556,1.556,1.556
20260930-002947,475.306,81053,14509,3,3,Resolution+Might+Fury,1,1,18.364,18.364,18.364
20260930-002947,475.824,81053,8925,1,1,Resistance,1,1,,,
20260930-002947,475.824,81053,14509,1,0,,0,1,0.518,0.518,0.518
20260930-002947,476.346,81053,9721,2,0,,0,1,0.522,1.040,1.040
20260930-002947,477.382,81053,8749,2,4,Resolution+Regeneration+Protection+Vigor,1,1,,,
20260930-002947,477.858,81053,9450,3,0,,0,0,2.034,2.034,2.034
20260930-002947,478.298,81053,12359,3,3,Alacrity+Might+Fury,1,1,21.356,21.356,21.356
20260930-002947,478.384,81053,7499,8,4,Protection+Resistance+Fury+Might,0,0,21.442,21.442,21.442
20260930-002947,478.384,81053,6635,6,5,Protection+Resistance+Stability+Regeneration+Fury,1,1,,,
20260930-002947,486.382,81326,1328,1,1,Might,1,1,,,
20260930-002947,486.896,81326,1328,0,0,,0,1,0.514,0.514,0.514
20260930-014701,404.307,81326,444,10,1,Resolution,1,1,,,
20260930-014701,404.307,81326,977,4,2,Alacrity+Might,1,1,,,
20260930-014701,404.825,81326,444,9,0,,0,1,0.518,0.518,0.518
20260930-014701,404.825,81326,977,4,0,,0,1,0.518,0.518,0.518
20260930-014701,405.341,81326,773,4,4,Protection+Vigor+Swiftness+Regeneration,1,1,,,
20260930-014701,405.867,81326,773,4,0,,0,1,0.526,0.526,0.526
20260930-014701,405.867,81326,559,5,3,Resolution+Alacrity+Protection,1,1,,,
20260930-014701,405.867,81326,494,8,1,Resolution,1,1,1.042,1.560,1.560
20260930-014701,433.865,81326,535,5,1,Swiftness,1,1,27.998,27.998,27.998
20260930-014701,434.907,81326,606,7,3,Regeneration+Swiftness+Protection,1,1,29.040,29.040,29.040
20260930-014701,434.907,81326,535,2,1,Regeneration,1,1,1.042,1.042,1.042
20260930-014701,434.907,81326,838,7,7,Regeneration+Swiftness+Protection+Stability+Might+Quickness+Fury,1,1,29.040,29.566,29.566
20260930-014701,434.907,81326,638,8,2,Swiftness+Protection,1,1,30.082,30.600,30.600
20260930-014701,435.429,81326,535,2,0,,0,1,0.522,0.522,0.522
20260930-014701,435.429,81326,1251,1,0,,0,1,0.522,0.522,0.522
20260930-014701,435.429,81326,905,4,0,,0,1,0.522,0.522,0.522
20260930-014701,435.429,81326,507,8,4,Stability+Regeneration+Swiftness+Protection,1,1,,,
20260930-014701,465.465,81326,466,11,1,Stability,1,1,30.036,30.558,30.558
20260930-014701,465.465,81326,397,10,4,Might+Regeneration+Resolution+Protection,1,1,30.036,30.036,30.036
20260930-014701,465.465,81326,809,9,4,Might+Fury+Protection+Resistance,1,1,,,
20260930-014701,465.465,81326,656,9,1,Might,1,1,,,
20260930-014701,487.425,81053,11299,2,2,Protection+Might,1,1,51.996,52.518,52.518
20260930-014701,487.425,81053,9604,1,1,Protection,1,1,21.960,21.960,21.960
20260930-014701,487.425,81053,6950,3,3,Protection+Might+Quickness,1,1,51.996,52.518,52.518
20260930-014701,487.425,81053,7314,3,2,Protection+Might,1,1,52.518,52.518,52.518
20260930-014701,487.939,81053,10373,1,0,,0,1,0.514,0.514,0.514
20260930-014701,487.939,81053,16864,1,0,,0,1,0.514,0.514,0.514
20260930-014701,488.459,81053,10916,3,2,Swiftness+Regeneration,1,1,1.034,1.034,1.034
20260930-014701,488.459,81053,16864,1,0,,0,0,0.520,1.034,1.034
20260930-014701,488.459,81053,10373,1,0,,0,1,0.520,1.034,1.034
20260930-014701,488.985,81053,10373,1,0,,0,0,0.526,1.560,1.560
20260930-014701,488.985,81053,10916,2,0,,0,0,0.526,0.526,0.526
20260930-014701,488.985,81053,14477,2,1,Swiftness,0,0,1.560,1.560,1.560
20260930-015718,365.463,81326,702,9,1,Resolution,1,1,,,
20260930-015718,365.463,81326,753,8,3,Resolution+Might+Regeneration,1,1,,,
20260930-015718,365.979,81326,702,8,0,,0,1,0.516,0.516,0.516
20260930-015718,365.979,81326,753,6,0,,0,1,0.516,0.516,0.516
20260930-015718,365.979,81326,836,7,4,Resolution+Might+Regeneration+Swiftness,1,1,,,
20260930-015718,365.979,81326,822,9,2,Regeneration+Swiftness,1,1,,,
20260930-015718,365.979,81326,836,7,1,Swiftness,1,1,,,
20260930-015718,365.979,81326,637,8,4,Protection+Resolution+Might+Regeneration,1,1,,,
20260930-015718,365.979,81326,535,8,4,Resolution+Might+Regeneration+Swiftness,1,1,,,
20260930-015718,366.501,81326,753,6,0,,0,1,0.522,1.038,1.038
20260930-015718,367.017,81326,605,9,1,Swiftness,1,1,,,
20260930-015718,384.419,81053,4344,3,2,Protection+Resistance,1,1,,,
20260930-015718,384.419,81053,4645,3,3,Resistance+Protection+Stability,1,1,18.440,18.440,18.440
20260930-015718,384.941,81053,12968,1,0,,0,1,0.522,0.522,0.522
20260930-015718,384.941,81053,6933,1,0,,0,1,0.522,0.522,0.522
20260930-015718,385.461,81053,3763,6,5,Resolution+Regeneration+Alacrity+Protection+Resistance,1,1,19.482,19.482,19.482
20260930-015718,385.461,81053,6484,0,0,,0,1,0.520,1.042,1.042
20260930-015718,385.861,81053,5564,7,3,Fury+Resolution+Alacrity,1,1,19.360,20.398,20.398
20260930-015718,385.863,81053,4474,8,1,Fury,1,1,18.846,18.846,18.846
20260930-015718,385.863,81053,6182,6,1,Fury,1,1,19.884,19.884,19.884
20260930-015718,385.985,81053,5564,4,0,,0,1,0.124,0.124,0.124
20260930-015718,385.985,81053,6571,0,0,,0,1,0.524,1.566,1.566
20260930-015718,386.467,81053,5189,2,1,Quickness,1,1,20.488,21.004,21.004
20260930-015718,386.467,81053,4474,7,0,,0,1,0.604,0.604,0.604
20260930-015718,386.467,81053,6182,5,0,,0,1,0.604,0.604,0.604
20260930-015718,387.415,81053,10855,2,2,Stability+Fury,1,1,21.436,21.436,21.436
20260930-015718,388.025,81053,6182,5,1,Regeneration,1,1,1.558,2.162,2.162
20260930-015718,388.025,81053,10855,0,0,,0,1,0.610,0.610,0.610
20260930-015718,388.025,81053,5189,2,1,Resolution,1,1,1.558,1.558,1.558
20260930-015718,388.025,81053,6220,0,0,,1,1,2.564,2.564,2.564
20260930-015718,388.025,81053,7027,3,3,Alacrity+Quickness+Swiftness,1,1,3.084,3.606,3.606
20260930-015718,395.377,81326,1307,0,0,,1,1,9.392,9.516,9.516
20260930-015718,395.377,81326,630,8,5,Stability+Protection+Vigor+Regeneration+Swiftness,1,1,7.352,7.352,7.352
20260930-015718,395.377,81326,985,0,0,,1,1,9.392,10.958,10.958
20260930-015718,395.377,81326,598,0,1,Protection,1,1,8.910,9.514,9.514
20260930-015718,396.935,81326,832,1,1,Might,1,1,8.910,11.474,8.910
20260930-015718,396.935,81326,827,6,2,Might+Resolution,1,1,,,
20260930-015718,405.015,81053,9558,1,1,Resolution,1,1,8.080,8.080,8.080
20260930-015718,405.015,81053,16682,2,2,Resolution+Might,1,1,8.080,8.080,8.080
20260930-020654,323.266,81326,638,6,1,Resistance,1,1,,,
20260930-020654,323.266,81326,533,7,1,Fury,1,1,,,
20260930-020654,323.266,81326,740,8,1,Resistance,1,1,,,
20260930-020654,323.266,81326,881,5,1,Might,1,1,,,
20260930-020654,323.266,81326,866,6,1,Resistance,1,1,,,
20260930-020654,353.910,81326,837,8,1,Alacrity,1,1,,,
20260930-020654,354.426,81326,637,7,1,Resolution,1,1,,,
20260930-020654,354.426,81326,837,8,1,Resolution,1,1,,,
20260930-020654,354.426,81326,506,8,1,Alacrity,1,1,31.160,31.160,31.160
20260930-020654,354.426,81326,753,7,1,Resolution,1,1,,,
20260930-020654,354.426,81326,564,7,1,Resolution,1,1,,,
20260930-020654,354.426,81326,837,6,0,,0,1,0.516,0.516,0.516
20260930-020654,354.426,81326,605,7,1,Alacrity,1,1,31.160,31.160,31.160
20260930-020654,354.426,81326,702,6,1,Resolution,1,1,31.160,31.160,31.160
20260930-020654,372.748,81053,4168,10,1,Resolution,1,1,49.482,49.482,49.482
20260930-020654,374.266,81053,5546,7,4,Swiftness+Regeneration+Protection+Might,1,1,19.840,20.356,20.356
20260930-020654,374.266,81053,4243,10,1,Swiftness,1,1,1.518,1.518,1.518
20260930-020654,382.462,81326,1341,2,2,Swiftness+Might,1,1,28.036,28.036,28.036
20260930-020654,382.462,81326,542,6,1,Vigor,1,1,28.036,28.036,28.036
20260930-020654,382.986,81326,1341,0,0,,0,1,0.524,0.524,0.524
20260930-020654,383.506,81326,651,7,1,Might,1,1,29.080,29.080,29.080
20260930-020654,383.506,81326,542,5,1,Might,1,1,1.044,1.044,1.044
20260930-020654,383.506,81326,1341,0,0,,0,1,0.520,1.044,1.044
20260930-020654,384.028,81326,581,6,1,Stability,1,1,60.762,60.762,60.762
20260930-020654,384.030,81326,542,5,0,,0,1,0.524,0.524,0.524
20260930-020654,384.030,81326,651,6,0,,0,1,0.524,0.524,0.524
20260930-020654,384.030,81326,712,5,0,,0,1,29.604,29.604,29.604
20260930-020654,384.030,81326,1341,0,0,,0,1,0.524,1.568,1.568
20260930-020654,392.270,81053,5699,2,2,Protection+Swiftness,1,1,18.004,18.004,18.004
20260930-020654,392.270,81053,4844,8,1,Regeneration,1,1,18.004,18.004,18.004
20260930-020654,392.270,81053,3294,10,1,Resolution,1,1,8.240,37.844,37.844
20260930-020654,392.788,81053,8507,0,0,,0,1,0.518,0.518,0.518
20260930-020654,393.308,81053,2415,8,1,Resolution,1,1,38.882,38.882,38.882
20260930-020654,393.706,81053,2834,11,1,Resolution,1,1,9.676,10.200,10.200
20260930-020654,393.706,81053,2888,10,1,Protection,1,1,9.676,10.200,10.200
20260930-020654,393.706,81053,4434,9,1,Swiftness,1,1,1.436,1.436,1.436
20260930-020654,393.706,81053,5216,9,1,Resolution,1,1,39.280,39.280,39.280
20260930-020654,393.706,81053,8651,0,0,,0,1,0.918,1.436,1.436
20260930-020654,393.706,81053,3350,10,1,Resolution,1,1,1.436,1.436,1.436
20260930-020654,393.822,81053,2684,8,0,,0,1,0.514,0.514,0.514
20260930-020654,393.822,81053,4434,9,4,Resolution+Might+Fury+Alacrity,1,1,9.792,11.360,11.360
20260930-020654,393.822,81053,4843,9,1,Swiftness,1,1,9.794,9.794,9.794
20260930-020654,393.822,81053,3377,9,1,Resolution,1,1,39.396,39.396,39.396
20260930-020654,394.306,81053,4318,8,0,,0,1,0.600,0.600,0.600
20260930-020654,394.306,81053,2555,10,0,,0,1,0.600,0.600,0.600
20260930-020654,394.306,81053,7799,2,0,,0,1,0.600,2.036,2.036
20260930-020654,394.306,81053,3355,9,0,,0,1,0.600,0.600,0.600
20260930-020654,394.348,81053,4367,10,0,,0,1,0.526,0.526,0.526
20260930-020654,394.348,81053,3997,9,0,,0,1,0.526,0.526,0.526
20260930-020654,394.348,81053,3044,9,0,,0,1,0.526,0.526,0.526
20260930-020654,394.828,81053,3355,9,0,,0,1,0.522,1.122,1.122
20260930-020654,394.828,81053,3997,8,1,Fury,1,1,1.122,1.122,1.122
20260930-020654,395.348,81053,3997,6,0,,0,1,0.520,0.520,0.520
20260930-020654,395.348,81053,2420,8,1,Swiftness,1,1,1.526,2.040,2.040
20260930-020654,395.348,81053,4703,7,1,Alacrity,1,1,1.642,1.642,1.642
20260930-020654,395.868,81053,2689,7,0,,0,1,0.520,0.520,0.520
20260930-020654,395.868,81053,3997,9,4,Might+Alacrity+Vigor+Swiftness,1,1,1.520,2.046,2.046
20260930-020654,395.868,81053,3997,6,0,,0,1,0.520,1.040,1.040
20260930-020654,395.868,81053,3044,9,1,Alacrity,1,1,1.520,2.046,2.046
20260930-020654,408.544,81053,4006,6,1,Might,1,1,13.716,14.838,14.838
20260930-020654,408.544,81053,3278,7,1,Might,1,1,14.238,14.838,14.838
20260930-020654,409.064,81053,5614,5,1,Might,1,1,13.196,14.236,14.236
20260930-020654,409.064,81053,4295,7,4,Might+Vigor+Swiftness+Fury,1,1,13.196,13.196,13.196
20260930-020654,409.064,81053,4772,8,1,Might,1,1,13.716,13.716,13.716
20260930-020654,409.064,81053,4772,7,4,Might+Vigor+Swiftness+Fury,1,1,14.758,16.794,16.794
20260930-020654,409.064,81053,3634,8,1,Stability,1,1,13.196,13.196,13.196
20260930-020654,409.064,81053,4006,6,0,,0,1,0.520,0.520,0.520
20260930-020654,409.064,81053,3278,6,0,,0,1,0.520,0.520,0.520
20260930-020654,409.064,81053,3453,6,1,Protection,1,1,14.758,15.358,15.358
20260930-020654,409.588,81053,3634,6,0,,0,1,0.524,0.524,0.524
20260930-020654,409.588,81053,5154,5,0,,0,1,0.524,0.524,0.524
20260930-020654,409.588,81053,4006,6,0,,0,1,0.524,1.044,1.044
20260930-020654,409.588,81053,2889,7,1,Alacrity,1,1,13.720,14.240,14.240
20260930-020654,410.102,81053,2604,6,0,,0,1,0.514,0.514,0.514
20260930-020654,410.102,81053,4647,5,0,,0,1,0.514,1.038,1.038
20260930-020654,410.102,81053,3611,6,0,,0,1,0.514,1.558,1.558
20260930-020654,410.582,81053,3872,4,4,Vigor+Stability+Quickness+Regeneration,1,1,1.518,1.518,1.518
20260930-020654,410.582,81053,3611,6,0,,0,1,0.480,2.038,2.038
20260930-020654,410.582,81053,9294,5,0,,0,1,0.480,1.518,1.518
20260930-020654,410.582,81053,5208,6,0,,0,1,0.480,0.994,0.994
20260930-020654,411.106,81053,3250,9,0,,0,1,0.524,2.562,2.562
20260930-020654,411.106,81053,2802,6,0,,0,1,0.524,2.042,2.042
20260930-020654,411.106,81053,2660,7,0,,0,1,2.042,2.562,2.562
20260930-020654,411.106,81053,4302,7,0,,0,1,2.042,2.042,2.042
20260930-020654,412.384,81326,688,3,0,,0,1,1.802,1.802,1.802
20260930-020654,412.904,81326,514,7,1,Might,1,1,2.322,3.316,3.316
20260930-020654,427.940,81053,2745,8,1,Might,1,1,16.834,18.876,18.876
20260930-020654,427.940,81053,2835,6,1,Might,1,1,15.036,15.036,15.036
20260930-020654,427.940,81053,3414,9,4,Resolution+Regeneration+Might+Alacrity,1,1,15.556,17.358,17.358
20260930-020654,427.940,81053,5281,7,1,Resolution,1,1,16.834,19.396,19.396
20260930-020654,427.940,81053,2689,9,1,Resolution,1,1,16.834,19.396,19.396
20260930-020654,428.464,81053,7586,10,1,Resolution,1,1,19.400,19.400,19.400
20260930-020654,428.464,81053,7401,7,1,Resolution,1,1,17.358,19.400,19.400
20260930-020654,428.464,81053,2745,9,0,,0,1,0.524,0.524,0.524
20260930-020654,428.464,81053,2835,9,0,,0,1,0.524,0.524,0.524
20260930-020654,428.464,81053,3084,10,1,Resolution,1,1,34.116,34.642,34.642
20260930-020654,429.390,81053,11304,0,0,,1,1,1.450,1.450,1.450
20260930-020654,429.390,81053,9088,8,0,,0,1,0.926,1.450,1.450
20260930-020654,429.390,81053,6978,9,0,,0,1,0.926,0.926,0.926
20260930-020654,429.390,81053,3421,11,0,,0,1,0.926,0.926,0.926
20260930-020654,429.390,81053,4207,11,0,,0,1,0.926,0.926,0.926
20260930-020654,429.390,81053,5314,9,1,Resolution,1,1,19.802,20.326,20.326
20260930-020654,429.390,81053,4675,11,4,Resolution+Vigor+Might+Swiftness,1,1,20.326,20.326,20.326
20260930-020654,429.390,81053,5966,8,1,Might,1,1,1.450,1.450,1.450
20260930-020654,429.390,81053,11714,5,1,Might,1,1,1.450,1.450,1.450
20260930-020654,429.900,81053,4675,11,0,,0,1,0.510,1.436,1.436
20260930-020654,429.900,81053,4675,11,0,,0,1,0.510,1.436,1.436
20260930-020654,429.982,81053,3383,10,0,,0,1,0.592,2.042,2.042
20260930-020654,429.982,81053,3924,9,0,,0,1,0.592,0.592,0.592
20260930-020654,430.422,81053,9350,10,0,,0,1,0.522,1.958,1.958
20260930-020654,430.422,81053,10628,9,1,Resolution,1,1,1.032,1.032,1.032
20260930-020654,430.422,81053,9386,9,1,Resolution,1,1,1.958,2.482,2.482
20260930-020654,430.422,81053,3421,11,1,Stability,1,1,1.032,1.958,1.958
20260930-020654,430.508,81053,3383,8,0,,0,1,0.526,2.568,2.568
20260930-020654,431.029,81053,5194,9,4,Might+Resolution+Stability+Fury,1,1,1.639,1.639,1.639
20260930-020654,431.029,81053,3421,10,0,,0,1,0.607,0.607,0.607
20260930-020654,431.029,81053,4207,7,4,Resolution+Regeneration+Fury+Might,1,1,1.639,3.089,1.639
20260930-020654,456.420,81053,3130,7,1,Regeneration,1,1,27.030,27.030,27.030
20260930-020654,456.420,81053,2964,7,1,Swiftness,1,1,25.998,25.998,25.998
20260930-020654,456.942,81053,3288,6,0,,0,1,0.522,0.522,0.522
20260930-020654,456.942,81053,4136,8,1,Swiftness,1,1,26.520,26.520,26.520
20260930-020654,457.340,81053,3472,7,0,,0,1,0.920,0.920,0.920
20260930-020654,457.340,81053,3288,6,0,,0,1,0.398,0.920,0.920
20260930-020654,457.458,81053,3288,6,0,,0,1,0.118,1.038,1.038
20260930-020654,476.784,81053,4320,3,1,Might,1,1,45.755,46.362,46.362
20260930-020654,476.784,81053,4883,5,1,Might,1,1,46.362,48.320,48.320
20260930-020654,476.784,81053,4412,4,1,Might,1,1,19.326,20.364,20.364
20260930-020654,477.304,81053,9766,4,0,,0,1,0.520,0.520,0.520
20260930-020654,477.304,81053,5618,8,1,Resolution,1,1,19.964,20.884,20.884
20260930-020654,477.304,81053,9602,2,0,,0,1,0.520,0.520,0.520
20260930-020654,477.304,81053,3560,7,3,Resolution+Regeneration+Might,1,1,46.275,46.275,46.275
20260930-020654,477.826,81053,4412,4,1,Resolution,1,1,1.042,1.042,1.042
20260930-020654,477.826,81053,4883,4,0,,0,1,0.522,1.042,1.042
20260930-020654,477.826,81053,2862,10,1,Resolution,1,1,47.318,49.886,49.886
20260930-020654,477.826,81053,2809,8,0,,0,1,0.522,0.522,0.522
20260930-020654,477.826,81053,7165,2,0,,0,1,0.522,1.042,1.042
20260930-020654,477.826,81053,3560,4,0,,0,1,0.522,0.522,0.522
20260930-020654,478.224,81053,3320,5,1,Resolution,1,1,48.242,48.834,48.834
20260930-020654,478.224,81053,3560,6,0,,0,1,0.398,0.920,0.920
20260930-020654,478.224,81053,2809,8,0,,0,1,0.398,0.920,0.920
20260930-020654,478.224,81053,4883,4,0,,0,1,0.398,1.440,1.440
20260930-020654,478.746,81053,5618,9,0,,0,1,0.522,1.442,1.442
20260930-020654,478.746,81053,4412,4,0,,0,1,0.920,0.920,0.920
20260930-020654,478.746,81053,7910,6,0,,0,1,0.522,1.442,1.442
20260930-020654,478.746,81053,6360,8,0,,0,1,0.920,0.920,0.920
20260930-020654,478.746,81053,7378,5,0,,0,1,0.522,0.522,0.522
20260930-020654,478.824,81053,4395,7,1,Resolution,1,1,48.924,50.360,50.360
20260930-020654,479.264,81053,7924,6,0,,0,1,0.440,0.440,0.440
20260930-020654,479.264,81053,5330,5,0,,0,1,0.518,1.438,1.438
20260930-020654,479.340,81053,3566,8,0,,0,1,0.594,2.036,2.036
20260930-020654,479.340,81053,4402,7,1,Swiftness,1,1,1.116,2.556,2.556
20260930-020654,479.340,81053,3326,5,0,,0,1,0.594,1.116,1.116
20260930-020654,479.862,81053,2665,5,0,,0,1,0.598,2.036,2.036
20260930-020654,479.862,81053,3962,5,0,,0,1,0.598,1.038,1.038
20260930-020654,483.260,81326,899,9,3,Regeneration+Might+Resistance,1,1,3.920,5.956,5.956
20260930-020654,484.820,81326,514,9,1,Might,1,1,4.958,6.994,6.994
20260930-020654,484.820,81326,614,9,1,Regeneration,1,1,6.074,6.994,6.994
20260930-020654,512.538,81326,703,4,3,Might+Fury+Alacrity,1,1,29.278,29.278,29.278
20260930-020654,518.656,81053,4465,6,1,Regeneration,1,1,33.836,33.836,33.836
20260930-020654,518.656,81053,5180,4,2,Regeneration+Protection,1,1,39.316,40.432,40.432
20260930-020654,518.656,81053,4699,5,1,Protection,1,1,61.714,61.714,61.714
20260930-020654,519.180,81053,9516,6,0,,0,1,0.524,0.524,0.524
20260930-020654,519.180,81053,6961,7,1,Resistance,1,1,39.318,40.356,40.356
20260930-020654,519.180,81053,9934,5,0,,0,1,0.524,0.524,0.524
20260930-020654,519.702,81053,10342,6,0,,0,1,0.522,1.046,1.046
20260930-020654,519.702,81053,5755,8,2,Vigor+Resistance,1,1,40.956,42.398,42.398
20260930-020654,519.702,81053,14494,6,0,,0,1,0.522,0.522,0.522
20260930-020654,519.704,81053,4953,7,0,,0,1,0.524,1.048,1.048
20260930-020654,519.704,81053,6522,4,4,Resistance+Protection+Swiftness+Stability,1,1,7.166,7.166,7.166
20260930-020654,520.102,81053,5013,8,0,,0,1,0.398,1.446,1.446
20260930-020654,520.102,81053,7335,6,0,,0,0,0.400,0.922,0.922
20260930-020654,520.102,81053,2956,6,0,,0,1,0.400,0.400,0.400
20260930-020654,520.226,81053,5912,6,0,,0,1,0.124,0.524,0.524
20260930-020654,520.698,81053,5013,8,0,,0,0,0.596,2.042,2.042
20260930-020654,521.134,81053,13682,6,2,Alacrity+Fury,1,1,1.432,2.478,2.478
20260930-020654,521.136,81053,16300,5,1,Fury,1,1,1.034,1.956,1.956
20260930-020654,521.224,81053,10948,3,3,Alacrity+Fury+Might,1,1,1.520,1.520,1.520
20260930-020654,521.658,81053,8150,4,0,,0,1,0.522,0.522,0.522
20260930-020654,521.658,81053,9340,6,2,Resolution+Alacrity,1,1,1.432,1.956,1.956
20260930-020654,521.738,81053,10948,0,0,,0,1,0.514,0.514,0.514
20260930-020654,521.738,81053,6841,4,0,,0,1,0.604,0.604,0.604
20260930-020654,522.260,81053,4670,4,0,,0,1,0.602,0.602,0.602
20260930-020654,522.260,81053,8150,3,0,,0,1,0.602,1.124,1.124
20260930-020654,522.260,81053,6841,4,0,,0,1,0.522,1.126,1.126
20260930-132907,345.784,81326,607,9,1,Might,1,1,,,
20260930-132907,346.822,81326,696,9,1,Regeneration,1,1,,,
20260930-132907,346.822,81326,600,10,1,Stability,1,1,,,
20260930-132907,346.822,81326,519,10,1,Stability,1,1,,,
20260930-132907,346.822,81326,546,10,1,Protection,1,1,,,
20260930-132907,375.220,81326,549,9,1,Regeneration,1,1,,,
20260930-132907,375.746,81326,1032,7,1,Might,1,1,,,
20260930-132907,375.746,81326,549,8,0,,0,1,0.526,0.526,0.526
20260930-132907,375.746,81326,677,7,2,Swiftness+Regeneration,1,1,,,
20260930-132907,376.268,81326,677,5,0,,0,1,0.522,0.522,0.522
20260930-132907,376.268,81326,549,7,0,,0,1,0.522,1.048,1.048
20260930-132907,376.784,81326,677,5,0,,0,1,0.516,1.038,1.038
20260930-132907,376.784,81326,685,8,1,Might,1,1,,,
20260930-132907,376.784,81326,549,7,0,,0,1,0.516,1.564,1.564
20260930-132907,403.898,81053,2649,6,1,Might,1,1,57.076,57.076,57.076
20260930-132907,403.898,81053,3929,5,2,Vigor+Might,1,1,,,
20260930-132907,403.900,81053,3303,8,0,,0,1,27.116,27.116,27.116
20260930-132907,404.422,81053,3061,8,1,Protection,1,1,57.600,57.600,57.600
20260930-132907,404.950,81053,2938,6,1,Regeneration,1,1,1.052,1.052,1.052
20260930-132907,405.226,81326,509,5,0,,0,1,0.276,0.276,0.276
20260930-132907,405.344,81053,2649,5,0,,0,1,0.118,0.394,0.394
20260930-132907,405.468,81053,2649,5,0,,0,1,0.124,0.518,0.518
20260930-132907,405.866,81053,9242,6,2,Might+Regeneration,1,1,60.082,60.082,60.082
20260930-132907,405.946,81053,2649,4,0,,0,1,0.478,0.996,0.996
20260930-132907,405.946,81053,3061,8,1,Protection,1,1,1.524,1.524,1.524
20260930-132907,405.986,81053,2649,7,2,Vigor+Might,1,1,29.202,30.766,30.766
20260930-132907,405.986,81053,3536,4,2,Might+Swiftness,1,1,2.088,2.088,2.088
20260930-132907,406.384,81053,9242,4,0,,0,1,0.518,0.518,0.518
20260930-132907,406.384,81053,8460,7,2,Might+Fury,1,1,30.638,30.638,30.638
20260930-132907,406.384,81053,5298,4,0,,0,1,0.438,1.434,1.434
20260930-132907,406.786,81326,879,7,0,,0,1,0.840,0.840,0.840
20260930-132907,406.786,81326,756,3,0,,0,1,0.800,0.800,0.800
20260930-132907,406.786,81326,509,5,0,,0,1,0.800,0.800,0.800
20260930-132907,406.904,81053,3664,8,1,Regeneration,1,1,3.004,30.120,30.120
20260930-132907,406.904,81053,2938,4,0,,0,1,0.520,1.954,1.954
20260930-132907,406.904,81053,4692,5,0,,0,1,0.520,0.520,0.520
20260930-132907,424.462,81053,5024,7,1,Might,1,1,18.078,18.596,18.596
20260930-132907,424.462,81053,4522,7,1,Might,1,1,77.640,77.640,77.640
20260930-132907,424.462,81053,2880,6,2,Might+Regeneration,1,1,17.676,18.476,18.476
20260930-132907,424.462,81053,3592,8,1,Might,1,1,17.558,17.558,17.558
20260930-132907,424.462,81053,3328,7,1,Regeneration,1,1,17.676,18.516,18.516
20260930-132907,424.462,81053,2880,7,1,Might,1,1,17.558,19.512,19.512
20260930-132907,424.462,81053,3861,7,2,Fury+Swiftness,1,1,77.640,77.640,77.640
20260930-132907,424.462,81053,2862,8,2,Regeneration+Might,1,1,17.676,18.476,18.476
20260930-132907,424.462,81053,4599,7,2,Regeneration+Might,1,1,17.558,18.078,18.078
20260930-132907,424.986,81053,14076,6,0,,0,1,0.524,0.524,0.524
20260930-132907,424.986,81053,6248,7,0,,0,1,0.524,0.524,0.524
20260930-132907,424.986,81053,4317,6,0,,0,1,0.524,0.524,0.524
20260930-132907,424.986,81053,7246,5,0,,0,1,0.524,0.524,0.524
20260930-132907,424.986,81053,8070,6,0,,0,1,0.524,0.524,0.524
20260930-132907,424.986,81053,5406,5,0,,0,1,0.524,0.524,0.524
20260930-132907,424.986,81053,4244,8,0,,0,1,0.524,0.524,0.524
20260930-132907,424.986,81053,5031,7,0,,0,1,0.524,0.524,0.524
20260930-132907,424.986,81053,2417,7,0,,0,1,0.524,0.524,0.524
20260930-132907,425.498,81053,9771,6,3,Might+Quickness+Protection,1,1,48.714,49.752,49.752
20260930-132907,425.500,81053,8634,6,0,,0,1,0.514,1.038,1.038
20260930-132907,425.500,81053,5406,9,0,,0,1,0.514,1.038,1.038
20260930-132907,425.500,81053,7246,7,0,,0,1,0.514,1.038,1.038
20260930-132907,425.500,81053,4715,9,0,,0,1,0.514,1.038,1.038
20260930-132907,425.500,81053,2703,7,0,,0,1,0.514,1.038,1.038
20260930-132907,425.902,81053,2703,7,0,,0,1,0.402,1.440,1.440
20260930-132907,425.902,81053,4715,9,0,,0,0,0.402,1.440,1.440
20260930-132907,425.902,81053,3371,9,0,,0,1,0.916,1.440,1.440
20260930-132907,425.902,81053,2703,9,0,,0,1,0.402,1.440,1.440
20260930-132907,425.902,81053,3623,7,0,,0,1,0.402,1.440,1.440
20260930-132907,426.022,81053,5406,8,0,,0,1,0.120,1.560,1.560
20260930-132907,426.022,81053,5406,9,0,,0,1,0.120,1.560,1.560
20260930-132907,426.022,81053,7918,5,0,,0,1,0.524,0.524,0.524
20260930-132907,426.426,81053,3070,7,1,Protection,1,1,1.440,1.964,1.964
20260930-132907,426.426,81053,6155,6,2,Might+Protection,1,1,1.440,1.964,1.964
20260930-132907,426.428,81053,6843,9,0,,0,1,0.526,1.966,1.966
20260930-132907,426.428,81053,8615,7,1,Fury,1,1,1.442,1.966,1.966
20260930-132907,426.428,81053,8037,6,0,,0,1,0.406,0.930,0.930
20260930-132907,426.428,81053,5488,8,0,,0,1,0.406,1.966,1.966
20260930-132907,426.428,81053,5488,9,0,,0,1,0.406,1.966,1.966
20260930-132907,426.540,81053,2947,9,0,,0,1,0.112,2.078,2.078
20260930-132907,426.944,81053,11728,6,1,Protection,1,1,1.444,2.482,2.482
20260930-132907,426.944,81053,9252,6,0,,0,1,0.516,0.516,0.516
20260930-132907,426.944,81053,7348,9,0,,0,1,0.516,2.482,2.482
20260930-132907,426.944,81053,10280,6,1,Fury,1,1,1.042,2.482,2.482
20260930-132907,427.024,81053,4370,5,0,,0,1,0.598,0.598,0.598
20260930-132907,427.024,81053,5082,6,0,,0,1,0.598,0.598,0.598
20260930-132907,427.024,81053,2947,8,0,,0,1,0.596,2.562,2.562
20260930-132907,427.024,81053,2947,9,0,,0,1,0.484,2.562,2.562
20260930-132907,427.458,81053,5894,9,0,,0,1,0.434,2.996,2.996
20260930-132907,427.458,81053,10280,5,0,,0,1,0.514,0.514,0.514
20260930-132907,427.458,81053,7348,9,0,,0,1,0.514,2.996,2.996
20260930-132907,427.458,81053,9252,6,0,,0,1,0.514,1.030,1.030
20260930-132907,427.544,81053,5082,7,0,,0,1,0.520,1.118,1.118
20260930-132907,427.544,81053,2947,9,0,,0,1,0.520,3.082,3.082
20260930-132907,428.060,81053,5140,5,0,,0,1,0.602,1.116,1.116
20260930-132907,428.060,81053,2947,9,0,,0,1,0.602,3.598,3.598
20260930-132907,428.060,81053,5082,7,0,,0,1,0.516,1.634,1.634
20260930-132907,441.384,81053,3448,7,1,Swiftness,1,1,13.926,16.922,16.922
20260930-132907,441.384,81053,2765,8,1,Might,1,1,13.324,16.922,16.922
20260930-132907,441.384,81053,4010,6,3,Might+Fury+Protection,1,1,14.956,15.886,15.886
20260930-132907,442.822,81053,2816,9,1,Might,1,1,1.438,1.438,1.438
20260930-132907,460.420,81053,2908,8,1,Might,1,1,32.360,33.994,33.994
20260930-132907,460.944,81053,2908,8,0,,0,1,0.524,0.524,0.524
20260930-132907,461.456,81053,5243,7,1,Swiftness,1,1,34.512,34.512,34.512
20260930-132907,461.980,81053,6450,8,1,Swiftness,1,1,1.036,1.560,1.560
20260930-132907,461.980,81053,12135,8,1,Protection,1,1,33.920,35.036,35.036
20260930-132907,461.980,81053,7482,8,2,Swiftness+Regeneration,1,1,36.078,37.518,37.518
20260930-132907,461.980,81053,6957,8,2,Protection+Swiftness,1,1,34.436,37.518,37.518
20260930-132907,461.980,81053,10486,6,0,,0,1,0.524,0.524,0.524
20260930-132907,461.980,81053,8675,9,1,Protection,1,1,20.596,20.596,20.596
20260930-132907,461.980,81053,4382,7,1,Swiftness,1,1,34.522,35.552,35.552
20260930-132907,461.980,81053,2791,7,1,Swiftness,1,1,19.158,19.158,19.158
20260930-132907,461.980,81053,2773,7,1,Swiftness,1,1,34.956,35.554,35.554
20260930-132907,462.378,81053,5368,6,0,,0,1,0.398,0.398,0.398
20260930-132907,462.378,81053,10149,5,0,,0,1,0.398,0.922,0.922
20260930-132907,462.378,81053,10054,8,0,,0,1,0.398,0.398,0.398
20260930-132907,462.378,81053,7241,6,0,,0,1,0.398,0.398,0.398
20260930-132907,462.378,81053,6243,5,0,,0,1,0.398,0.398,0.398
20260930-132907,462.378,81053,8064,6,0,,0,1,0.398,0.398,0.398
20260930-132907,462.378,81053,5402,6,0,,0,1,0.398,0.398,0.398
20260930-132907,462.378,81053,14064,7,0,,0,1,0.398,0.398,0.398
20260930-132907,462.378,81053,8481,6,0,,0,1,0.398,0.398,0.398
20260930-132907,462.502,81053,6668,7,0,,0,1,0.124,0.522,0.522
20260930-132907,462.502,81053,2960,5,0,,0,1,0.124,0.522,0.522
20260930-132907,462.502,81053,3823,6,0,,0,1,0.124,0.522,0.522
20260930-132907,462.502,81053,4021,6,0,,0,1,0.124,0.522,0.522
20260930-132907,462.502,81053,3433,7,0,,0,1,0.124,0.522,0.522
20260930-132907,462.502,81053,2561,6,0,,0,1,0.124,0.522,0.522
20260930-132907,462.502,81053,4767,8,0,,0,1,0.124,0.522,0.522
20260930-132907,462.906,81053,6274,5,0,,0,1,0.528,0.926,0.926
20260930-132907,462.906,81053,10674,5,0,,0,1,0.528,1.450,1.450
20260930-132907,462.982,81053,3808,7,0,,0,1,0.480,1.002,1.002
20260930-132907,462.982,81053,7396,7,0,,0,0,0.480,1.002,1.002
20260930-132907,462.982,81053,2841,7,0,,0,1,0.480,1.002,1.002
20260930-132907,462.982,81053,4241,6,0,,0,1,0.480,1.002,1.002
20260930-132907,462.982,81053,3283,7,0,,0,1,0.480,1.002,1.002
20260930-132907,462.982,81053,2988,7,0,,0,1,0.480,1.002,1.002
20260930-132907,463.420,81053,2988,7,0,,0,1,0.438,1.440,1.440
20260930-132907,463.420,81053,8482,5,0,,0,1,0.438,1.440,1.440
20260930-132907,463.420,81053,5682,6,0,,0,1,0.438,1.440,1.440
20260930-132907,463.502,81053,5684,5,0,,0,1,0.520,1.522,1.522
20260930-132907,463.502,81053,3283,8,0,,0,1,0.520,1.522,1.522
20260930-132907,463.502,81053,3137,5,0,,0,1,0.596,1.522,1.522
20260930-132907,464.024,81053,2841,5,0,,0,1,0.604,2.044,2.044
20260930-132907,464.024,81053,4241,3,0,,0,1,0.604,2.044,2.044
20260930-132907,478.982,81053,3684,8,2,Protection+Stability,1,1,16.480,17.002,17.002
20260930-132907,478.982,81053,2954,8,2,Protection+Vigor,1,1,14.958,17.002,17.002
20260930-132907,478.982,81053,3414,10,2,Might+Stability,1,1,15.480,17.002,17.002
20260930-132907,479.498,81053,7364,9,3,Protection+Vigor+Regeneration,1,1,15.474,17.518,17.518
20260930-132907,479.498,81053,10996,6,0,,0,1,0.516,0.516,0.516
20260930-132907,479.498,81053,8820,6,0,,0,1,0.516,0.516,0.516
20260930-132907,479.498,81053,3107,8,0,,0,1,16.078,17.518,17.518
20260930-132907,480.018,81053,4478,7,0,,0,1,0.520,1.036,1.036
20260930-132907,480.018,81053,4478,6,0,,0,1,0.520,0.520,0.520
20260930-132907,480.018,81053,3506,8,2,Alacrity+Might,1,1,17.036,18.038,18.038
20260930-132907,480.018,81053,3466,8,2,Alacrity+Protection,1,1,1.036,1.036,1.036
20260930-132907,480.420,81053,4771,7,0,,0,1,0.402,0.922,0.922
20260930-132907,480.538,81053,7470,7,0,,0,1,0.520,0.520,0.520
20260930-132907,480.540,81053,5513,6,0,,0,1,0.522,0.522,0.522
20260930-132907,481.062,81053,4101,6,3,Protection+Vigor+Fury,1,1,39.678,39.678,39.678
20260930-132907,481.462,81053,7690,10,0,,0,1,0.922,1.444,1.444
20260930-132907,481.544,81053,3888,8,0,,0,1,1.006,1.526,1.526
20260930-132907,481.544,81053,3328,9,2,Protection+Might,1,1,1.526,2.562,2.562
20260930-132907,481.544,81053,3328,8,3,Protection+Swiftness+Might,1,1,1.124,2.046,2.046
20260930-132907,481.938,81326,632,10,0,,0,1,0.476,1.920,1.920
20260930-132907,481.938,81326,817,8,0,,0,1,0.394,0.394,0.394
20260930-132907,481.938,81326,817,6,0,,0,1,0.394,0.394,0.394
20260930-132907,481.938,81326,683,9,2,Regeneration+Protection,1,1,2.440,2.956,2.956
20260930-132907,481.938,81326,640,8,0,,0,1,0.394,1.920,1.920
20260930-132907,481.938,81326,604,8,2,Might+Quickness,1,1,18.436,19.958,19.958
20260930-132907,481.982,81053,3888,8,0,,0,1,0.044,1.964,1.964
20260930-132907,482.460,81326,604,6,0,,0,1,0.522,0.522,0.522
20260930-132907,482.460,81326,632,10,0,,0,1,0.522,2.442,2.442
20260930-132907,483.496,81326,640,9,2,Regeneration+Stability,1,1,1.514,3.478,3.478
20260930-132907,483.496,81326,632,8,2,Stability+Swiftness,1,1,1.036,3.478,3.478
20260930-132907,497.218,81053,7086,3,3,Might+Protection+Swiftness,1,1,33.716,35.238,35.238
20260930-132907,497.740,81053,10577,0,0,,0,0,0.522,0.522,0.522
20260930-132907,497.740,81053,11699,1,0,,0,0,14.244,14.244,14.244
20260930-132907,498.260,81053,8947,1,1,Might,1,1,16.322,16.322,16.322
20260930-132907,498.662,81053,7922,0,0,,1,1,16.202,16.724,16.724
20260930-132907,498.662,81053,11264,3,2,Vigor+Swiftness,1,1,19.164,36.682,36.682
20260930-132907,498.662,81053,8947,0,0,,0,0,0.402,0.402,0.402
20260930-132907,498.662,81053,7644,5,5,Resistance+Might+Alacrity+Quickness+Regeneration,1,1,16.724,17.118,17.118
20260930-132907,499.174,81053,7644,1,0,,0,1,0.512,0.512,0.512
20260930-132907,499.256,81053,12052,0,0,,1,1,1.516,2.038,2.038
20260930-132907,499.298,81053,11998,1,0,,0,0,0.636,0.636,0.636
20260930-132907,499.702,81053,6391,8,2,Swiftness+Regeneration,1,1,16.206,16.206,16.206
20260930-132907,499.702,81053,9620,7,1,Protection,1,1,36.796,38.246,38.246
20260930-132907,500.214,81053,12175,0,0,,0,1,0.958,2.996,0.958
20260930-132907,500.294,81053,6440,4,4,Resolution+Protection+Vigor+Swiftness,1,1,19.232,19.232,19.232
20260930-132907,500.817,81053,9612,0,0,,0,0,0.523,0.523,0.523
20260930-132907,500.817,81053,8525,0,0,,1,1,2.155,18.879,2.155
20260930-132907,500.818,81053,6456,3,2,Quickness+Protection,1,1,1.116,1.116,1.116
20260930-132907,512.298,81326,925,1,1,Quickness,1,1,11.480,11.480,11.480
20260930-132907,512.298,81326,913,4,3,Might+Vigor+Fury,1,1,13.124,13.636,13.636
20260930-132907,512.816,81326,925,0,0,,0,1,0.518,0.518,0.518
20260930-132907,513.858,81326,925,0,0,,1,1,1.042,1.560,1.560
20260930-132907,515.734,81053,10263,0,0,,1,1,3.436,3.436,3.436
20260930-132907,516.258,81053,10402,0,0,,1,1,2.400,3.960,2.400
20260930-135458,314.263,81326,559,6,1,Protection,1,1,,,
20260930-135458,314.781,81326,697,8,1,Fury,1,1,,,
20260930-135458,314.781,81326,619,6,1,Fury,1,1,,,
20260930-135458,314.781,81326,975,6,1,Fury,1,1,,,
20260930-135458,314.781,81326,559,6,1,Fury,1,1,,,
20260930-135458,315.307,81326,559,5,0,,0,1,0.526,0.526,0.526
20260930-135458,315.307,81326,975,5,0,,0,1,0.526,0.526,0.526
20260930-135458,315.307,81326,646,10,1,Might,1,1,,,
20260930-135458,315.307,81326,587,9,1,Might,1,1,,,
20260930-135458,315.307,81326,619,5,0,,0,1,0.526,0.526,0.526
20260930-135458,315.307,81326,697,7,0,,0,1,0.526,0.526,0.526
20260930-135458,315.307,81326,834,5,1,Fury,1,1,1.044,1.044,1.044
20260930-135458,315.827,81326,834,4,1,Swiftness,0,1,0.520,0.520,0.520
20260930-135458,315.827,81326,646,10,1,Might,0,1,0.520,0.520,0.520
20260930-135458,315.827,81326,877,10,1,Might,0,1,0.520,0.520,0.520
20260930-135458,315.827,81326,559,5,1,Regeneration,0,1,0.520,1.046,1.046
20260930-135458,315.827,81326,975,5,1,Regeneration,0,1,0.520,1.046,1.046
20260930-135458,344.225,81326,539,8,1,Might,1,1,28.398,28.398,29.444
20260930-135458,344.227,81326,672,9,1,Fury,1,1,28.920,29.446,29.446
20260930-135458,344.227,81326,595,8,1,Swiftness,1,1,,,
20260930-135458,344.227,81326,598,8,0,,0,1,28.920,29.446,29.446
20260930-135458,362.783,81053,2672,8,1,Might,1,1,46.956,46.956,47.476
20260930-135458,362.783,81053,2883,6,1,Regeneration,1,1,18.556,18.556,18.556
20260930-135458,363.301,81053,2847,8,0,,0,1,0.518,0.518,0.518
20260930-135458,363.301,81053,6144,8,0,,0,1,0.518,0.518,0.518
20260930-135458,363.301,81053,4928,7,0,,0,1,,,
20260930-135458,363.301,81053,2464,7,1,Protection,1,1,19.076,19.076,19.076
20260930-135458,363.823,81053,2313,7,0,,0,1,0.522,0.522,0.522
20260930-135458,363.823,81053,5766,8,0,,0,1,0.522,1.040,1.040
20260930-135458,363.823,81053,3630,8,1,Might,1,1,47.996,47.996,48.516
20260930-135458,363.823,81053,2313,7,0,,0,1,0.522,,
20260930-135458,364.223,81053,3630,7,0,,0,1,0.400,0.400,0.400
20260930-135458,364.347,81053,3630,8,0,,0,1,0.124,0.524,0.524
20260930-135458,364.347,81053,2883,8,0,,0,1,0.524,1.564,1.564
20260930-135458,364.347,81053,5404,7,1,Might,1,1,48.520,48.520,49.566
20260930-135458,364.739,81053,5404,6,0,,0,1,0.392,0.392,0.392
20260930-135458,364.823,81053,4626,8,0,,0,1,1.000,1.522,1.522
20260930-135458,364.865,81053,4034,6,1,Alacrity,0,1,0.126,0.518,0.518
20260930-135458,365.349,81053,6415,4,0,,0,1,0.484,0.484,1.002
20260930-135458,365.349,81053,2847,9,1,Protection,1,1,2.048,2.566,2.566
20260930-135458,365.349,81053,2464,7,0,,0,1,0.526,2.048,2.048
20260930-135458,375.459,81326,1124,0,0,,0,1,,,
20260930-135458,375.459,81326,600,8,1,Regeneration,1,1,10.110,10.110,10.110
20260930-135458,375.459,81326,607,5,1,Might,1,1,10.110,10.594,11.112
20260930-135458,375.459,81326,519,8,1,Might,1,1,10.110,12.158,12.158
20260930-135458,375.459,81326,576,8,1,Protection,1,1,31.232,60.678,60.678
20260930-135458,375.459,81326,519,5,2,Protection+Might,1,1,11.636,,
20260930-135458,382.821,81053,6065,1,1,Might,1,1,7.362,,
20260930-135458,383.343,81053,6065,0,0,,0,1,0.522,0.522,0.522
20260930-135458,384.267,81053,3238,5,1,Resolution,1,1,8.808,8.808,8.808
20260930-135458,384.267,81053,6065,0,0,,0,1,0.924,1.446,1.446
20260930-135458,384.381,81053,8798,5,1,Might,1,1,20.034,20.558,20.558
20260930-135458,384.381,81053,6985,7,1,Protection,1,1,68.554,68.554,69.074
20260930-135458,384.381,81053,6188,5,1,Might,1,1,40.154,40.154,40.154
20260930-135458,384.381,81053,10430,9,1,Resolution,1,1,20.034,21.598,21.598
20260930-135458,384.381,81053,8366,1,1,Might,1,1,8.922,8.922,8.922
20260930-135458,384.381,81053,4888,9,1,Resolution,1,1,8.922,8.922,8.922
20260930-135458,384.381,81053,3200,9,1,Swiftness,1,1,8.922,8.922,8.922
20260930-135458,384.381,81053,2802,8,1,Resolution,1,1,8.922,8.922,8.922
20260930-135458,384.785,81053,6188,5,0,,0,1,0.404,0.404,0.404
20260930-135458,384.785,81053,8366,0,0,,0,1,0.404,0.404,0.404
20260930-135458,384.785,81053,5604,7,0,,0,1,0.404,0.404,0.404
20260930-135458,384.785,81053,9776,9,0,,0,1,0.404,0.404,0.404
20260930-135458,384.785,81053,6400,8,0,,0,1,0.404,0.404,0.404
20260930-135458,384.785,81053,4399,4,0,,0,1,0.404,0.404,0.404
20260930-135458,384.785,81053,6988,8,0,,0,1,0.404,0.404,0.404
20260930-135458,384.785,81053,8366,6,0,,0,1,0.404,0.404,0.404
20260930-135458,384.911,81053,4183,6,0,,0,1,0.126,0.530,0.530
20260930-135458,384.911,81053,3494,9,0,,0,1,0.126,0.530,0.530
20260930-135458,384.911,81053,3200,8,0,,0,1,0.126,0.530,0.530
20260930-135458,384.911,81053,4888,9,0,,0,1,0.126,0.530,0.530
20260930-135458,384.911,81053,4399,4,0,,0,1,0.126,0.530,0.530
20260930-135458,384.911,81053,2802,7,0,,0,1,0.126,0.530,0.530
20260930-135458,385.301,81053,8798,4,0,,0,1,0.390,0.920,0.920
20260930-135458,385.301,81053,6188,5,0,,0,1,0.516,0.920,0.920
20260930-135458,385.381,81053,4183,0,0,,0,0,0.596,1.000,1.000
20260930-135458,385.381,81053,2802,7,0,,0,1,0.470,1.000,1.000
20260930-135458,385.381,81053,4888,9,0,,0,1,0.470,1.000,1.000
20260930-135458,385.381,81053,4183,6,0,,0,1,0.470,1.000,1.000
20260930-135458,385.381,81053,3200,8,0,,0,1,0.470,1.000,1.000
20260930-135458,385.829,81053,6516,7,0,,0,1,0.448,1.448,1.448
20260930-135458,385.829,81053,5706,7,0,,0,1,0.448,1.448,1.448
20260930-135458,386.425,81053,3220,7,0,,0,1,0.596,2.044,2.044
20260930-135458,386.425,81053,2904,7,0,,0,1,0.596,2.044,2.044
20260930-135458,402.501,81053,3009,8,1,Regeneration,1,1,18.234,18.234,18.234
20260930-135458,402.501,81053,2587,7,1,Fury,1,1,17.200,18.120,18.120
20260930-135458,402.501,81053,4088,8,1,Stability,1,1,17.200,18.120,18.120
20260930-135458,403.021,81053,5208,8,1,Stability,1,1,16.596,18.640,18.640
20260930-135458,403.021,81053,6018,7,0,,0,1,0.520,0.520,0.520
20260930-135458,403.541,81053,3210,5,2,Regeneration+Vigor,1,1,19.274,20.720,20.720
20260930-135458,403.541,81053,2604,7,0,,0,1,0.520,0.520,0.520
20260930-135458,403.941,81053,2930,6,1,Resistance,1,1,18.560,19.560,19.560
20260930-135458,403.941,81053,2508,7,0,,0,1,0.400,0.920,0.920
20260930-135458,403.941,81053,2950,4,2,Regeneration+Might,1,1,18.560,19.560,19.560
20260930-135458,403.941,81053,2508,8,1,Resistance,1,1,18.560,19.560,19.560
20260930-135458,404.057,81053,2930,5,0,,0,1,0.116,0.116,0.116
20260930-135458,404.457,81053,2769,5,1,Might,1,1,1.956,1.956,1.956
20260930-135458,404.459,81053,2508,7,0,,0,1,0.518,0.518,0.518
20260930-135458,404.459,81053,2508,7,0,,0,1,0.518,1.438,1.438
20260930-135458,404.459,81053,3936,7,1,Fury,1,1,1.958,1.958,1.958
20260930-135458,404.459,81053,2950,3,0,,0,1,0.518,0.518,0.518
20260930-135458,404.537,81053,2780,8,1,Regeneration,1,1,18.112,20.156,20.156
20260930-135458,404.581,81053,2508,7,0,,0,1,0.122,0.640,0.640
20260930-135458,404.581,81053,2769,4,0,,0,1,0.124,0.124,0.124
20260930-135458,404.581,81053,2508,7,0,,0,1,0.122,1.560,1.560
20260930-135458,404.581,81053,2930,5,0,,0,1,0.524,0.640,0.640
20260930-135458,404.583,81053,3127,8,1,Regeneration,1,1,19.672,20.202,20.202
20260930-135458,404.583,81053,3936,6,0,,0,1,0.124,0.124,0.124
20260930-135458,406.097,81053,2950,3,2,Protection+Vigor,1,1,1.638,2.156,2.156
20260930-135458,406.097,81053,2897,8,1,Regeneration,1,1,3.076,3.596,3.596
20260930-135458,406.097,81053,3127,8,1,Protection,1,1,1.514,1.514,1.514
20260930-135458,406.097,81053,2769,4,1,Might,1,1,1.516,1.640,1.640
20260930-135458,421.737,81053,3040,4,1,Might,1,1,15.640,15.640,15.640
20260930-135458,421.737,81053,2767,7,1,Might,1,1,17.154,17.278,17.278
20260930-135458,421.737,81053,4841,6,2,Might+Alacrity,1,1,18.196,18.196,18.196
20260930-135458,421.737,81053,2631,9,1,Vigor,1,1,17.156,18.716,18.716
20260930-135458,421.737,81053,3927,5,2,Might+Alacrity,1,1,15.640,15.640,15.640
20260930-135458,421.737,81053,2631,9,1,Might,1,1,17.156,17.796,17.796
20260930-135458,421.737,81053,4589,9,1,Might,1,1,17.156,17.796,17.796
20260930-135458,421.737,81053,4336,8,1,Might,1,1,15.640,15.640,15.640
20260930-135458,422.263,81053,6080,6,0,,0,1,0.526,0.526,0.526
20260930-135458,422.263,81053,2631,5,0,,0,1,0.526,0.526,0.526
20260930-135458,422.263,81053,5262,8,0,,0,1,0.526,0.526,0.526
20260930-135458,422.263,81053,2631,8,0,,0,1,0.526,0.526,0.526
20260930-135458,422.263,81053,4589,8,0,,0,1,0.526,0.526,0.526
20260930-135458,422.779,81053,5262,8,0,,0,1,0.516,1.042,1.042
20260930-135458,422.779,81053,3040,8,0,,0,1,0.516,1.042,1.042
20260930-135458,422.779,81053,2905,9,1,Protection,1,1,1.042,1.042,1.042
20260930-135458,422.779,81053,2631,7,0,,0,1,0.516,1.042,1.042
20260930-135458,423.175,81053,3040,8,0,,0,1,0.396,1.438,1.438
20260930-135458,423.175,81053,3281,8,1,Swiftness,1,1,17.078,17.078,17.078
20260930-135458,423.299,81053,8672,9,0,,0,1,0.520,0.520,0.520
20260930-135458,423.299,81053,5262,7,0,,0,1,0.520,1.562,1.562
20260930-135458,423.299,81053,5262,7,0,,0,1,0.520,1.562,1.562
20260930-135458,423.299,81053,3040,8,0,,0,1,0.124,1.562,1.562
20260930-135458,423.299,81053,3243,8,2,Protection+Resistance,1,1,1.562,1.562,1.562
20260930-135458,423.299,81053,2631,6,1,Protection,1,1,1.036,1.562,1.562
20260930-135458,423.699,81053,5262,7,0,,0,1,0.400,1.962,1.962
20260930-135458,423.699,81053,9178,6,1,Regeneration,1,1,1.436,1.962,1.962
20260930-135458,423.699,81053,6080,8,0,,0,1,0.400,1.962,1.962
20260930-135458,423.699,81053,5262,7,0,,0,1,0.400,1.962,1.962
20260930-135458,423.781,81053,6562,7,0,,0,1,0.606,0.606,0.606
20260930-135458,423.781,81053,8090,5,0,,0,1,0.482,0.482,0.482
20260930-135458,423.819,81053,4841,6,0,,0,1,0.520,0.520,0.520
20260930-135458,423.819,81053,2631,7,0,,0,1,0.120,2.082,2.082
20260930-135458,423.819,81053,3040,8,0,,0,1,0.120,2.082,2.082
20260930-135458,423.819,81053,4589,5,0,,0,1,0.120,0.120,0.120
20260930-135458,423.819,81053,2631,7,0,,0,1,0.120,2.082,2.082
20260930-135458,424.219,81053,2372,6,0,,0,1,0.438,0.920,0.920
20260930-135458,424.295,81053,4138,5,0,,0,1,0.476,0.596,0.596
20260930-135458,424.745,81053,4138,5,0,,0,1,0.450,1.046,1.046
20260930-135458,425.335,81053,4409,4,0,,0,1,0.590,1.636,1.636
20260930-135458,449.583,81053,3283,6,2,Swiftness+Regeneration,1,1,45.046,45.046,45.046
20260930-135458,449.583,81053,2961,3,2,Protection+Fury,1,1,25.764,27.846,27.846
20260930-135458,450.105,81053,2961,4,0,,0,1,0.522,0.522,0.522
20260930-135458,450.105,81053,3283,6,0,,0,1,0.522,0.522,0.522
20260930-135458,450.615,81053,3650,6,3,Might+Fury+Protection,1,1,26.796,27.316,27.316
20260930-135458,450.615,81053,3421,9,2,Protection+Might,1,1,26.796,28.878,28.878
20260930-135458,451.021,81053,5107,7,0,,0,1,0.406,0.406,0.406
20260930-135458,451.021,81053,5447,4,0,,0,1,0.406,0.406,0.406
20260930-135458,451.021,81053,2961,4,0,,0,1,0.916,1.438,1.438
20260930-135458,451.021,81053,5200,1,1,Might,1,1,27.202,29.284,29.284
20260930-135458,451.021,81053,3283,6,0,,0,1,0.916,1.438,1.438
20260930-135458,451.143,81053,5447,4,0,,0,1,0.122,0.528,0.528
20260930-135458,451.143,81053,5107,7,0,,0,1,0.122,0.528,0.528
20260930-135458,451.537,81053,5922,4,0,,0,1,0.516,1.954,1.954
20260930-135458,451.537,81053,10400,0,0,,0,1,0.516,0.516,0.516
20260930-135458,451.617,81053,10894,4,0,,0,1,0.474,1.002,1.002
20260930-135458,451.655,81053,2961,8,1,Regeneration,1,1,27.436,28.356,28.356
20260930-135458,451.655,81053,5107,7,0,,0,1,0.512,1.040,1.040
20260930-135458,452.055,81053,3484,6,0,,0,1,0.518,2.472,2.472
20260930-135458,452.055,81053,3283,6,2,Might+Protection,1,1,1.034,2.472,2.472
20260930-135458,452.583,81053,4900,3,0,,0,1,0.528,0.528,0.528
20260930-135458,455.495,81326,587,9,2,Might+Protection,1,1,32.196,32.716,32.716
20260930-135458,456.022,81326,788,6,0,,0,1,0.527,0.527,0.527
20260930-135458,456.023,81326,559,10,1,Regeneration,1,1,34.286,34.286,34.286
20260930-135458,456.543,81326,531,10,1,Swiftness,1,1,4.888,4.888,4.888
20260930-135458,456.543,81326,614,10,2,Regeneration+Alacrity,1,1,4.888,5.928,5.928
20260930-135458,456.543,81326,621,8,2,Regeneration+Protection,1,1,31.208,32.844,32.844
20260930-135458,456.543,81326,625,5,2,Protection+Alacrity,1,1,4.488,6.960,6.960
20260930-135458,457.059,81326,927,6,0,,0,1,0.516,0.516,0.516
20260930-135458,457.059,81326,933,3,0,,0,1,0.516,0.516,0.516
20260930-135458,457.059,81326,531,9,0,,0,1,0.516,0.516,0.516
20260930-135458,471.341,81053,3479,3,2,Protection+Might,1,1,15.319,15.846,15.846
20260930-135458,471.861,81053,5193,1,0,,0,1,0.520,0.520,0.520
20260930-135458,471.861,81053,3708,4,1,Might,1,1,14.802,15.318,15.318
20260930-135458,472.779,81053,5193,1,0,,0,1,0.918,1.438,1.438
20260930-135458,472.779,81053,3708,3,0,,0,1,0.918,0.918,0.918
20260930-135458,472.779,81053,5435,2,2,Might+Resistance,1,1,16.236,16.236,16.236
20260930-135458,473.379,81053,5193,0,0,,0,1,0.600,2.038,2.038
20260930-135458,473.379,81053,3929,5,1,Fury,1,1,49.598,50.204,50.204
20260930-135458,473.379,81053,6492,3,2,Might+Quickness,1,1,21.842,22.358,22.358
20260930-135458,473.379,81053,7384,0,0,,1,1,17.356,17.356,17.356
20260930-135458,473.379,81053,12094,3,2,Might+Quickness,1,1,16.320,16.836,16.836
20260930-135458,473.379,81053,7186,4,2,Might+Quickness,1,1,16.320,16.836,16.836
20260930-135458,473.379,81053,12270,0,0,,1,1,20.796,21.324,21.324
20260930-135458,474.337,81053,6135,0,0,,0,1,0.958,22.282,0.958
20260930-135458,485.901,81326,601,9,2,Protection+Resistance,1,1,12.522,12.522,12.522
20260930-135458,485.901,81326,514,10,2,Protection+Resistance,1,1,12.522,12.522,12.522
20260930-135458,485.901,81326,641,9,1,Protection,1,1,12.522,12.522,12.522
20260930-135458,485.901,81326,570,9,2,Protection+Resistance,1,1,11.564,33.846,12.522
20260930-135458,485.901,81326,568,8,2,Fury+Swiftness,1,1,12.522,14.560,14.560
20260930-135458,485.901,81326,514,10,0,,0,1,13.122,14.040,14.040
20260930-135458,486.417,81326,605,6,2,Fury+Might,1,1,13.038,13.038,13.038
20260930-135458,486.417,81326,851,7,0,,0,1,0.516,0.516,0.516
20260930-135458,486.417,81326,568,6,0,,0,1,0.516,0.516,0.516
20260930-135458,486.417,81326,768,8,0,,0,1,0.516,0.516,0.516
20260930-135458,486.417,81326,897,7,0,,0,1,0.516,0.516,0.516
20260930-135458,486.417,81326,958,8,0,,0,1,0.516,0.516,0.516
20260930-135458,486.417,81326,514,10,0,,0,1,0.516,14.556,14.556
20260930-135458,486.937,81326,641,9,0,,0,1,0.520,1.036,1.036
20260930-135458,486.937,81326,514,10,0,,0,1,0.520,15.076,15.076
20260930-135458,486.937,81326,570,8,0,,0,1,0.520,1.036,1.036
20260930-135458,486.937,81326,568,6,0,,0,1,0.520,1.036,1.036
20260930-135458,486.937,81326,514,9,0,,0,1,0.520,1.036,1.036
20260930-135458,486.937,81326,605,5,0,,0,1,0.520,0.520,0.520
20260930-135458,486.937,81326,601,8,0,,0,1,0.520,1.036,1.036
20260930-135458,507.931,81053,5809,7,2,Alacrity+Resolution,1,1,20.994,22.030,22.030
20260930-135458,508.855,81053,5871,5,0,,0,1,0.924,0.924,0.924
20260930-135458,509.897,81053,5871,7,2,Might+Stability,1,1,1.042,1.966,1.966
20260930-135458,510.411,81053,6427,6,0,,0,1,0.514,0.514,0.514
20260930-140955,330.786,81326,564,9,1,Fury,1,1,,,
20260930-140955,330.786,81326,564,9,1,Protection,1,1,,,
20260930-140955,330.786,81326,607,7,2,Protection+Might,1,1,,,
20260930-140955,331.304,81326,640,10,1,Swiftness,1,1,,,
20260930-140955,331.820,81326,605,9,1,Protection,1,1,,,
20260930-140955,331.820,81326,633,10,1,Protection,1,1,,,
20260930-140955,331.820,81326,692,10,1,Protection,1,1,,,
20260930-140955,331.820,81326,640,9,0,,0,1,0.516,0.516,0.516
20260930-140955,331.820,81326,644,9,1,Protection,1,1,,,
20260930-140955,331.820,81326,842,8,1,Regeneration,1,1,1.034,1.034,1.034
20260930-140955,331.831,81326,934,6,2,Alacrity+Vigor,1,1,1.045,1.045,1.045
20260930-140955,332.346,81326,907,5,2,Might+Quickness,0,1,0.515,0.515,0.515
20260930-140955,332.346,81326,1020,8,2,Might+Stability,1,1,,,
20260930-140955,332.346,81326,956,9,1,Protection,0,1,0.526,1.042,1.042
20260930-140955,332.346,81326,842,7,1,Might,0,1,0.526,0.526,0.526
20260930-140955,332.346,81326,818,8,1,Vigor,0,1,0.526,0.526,0.526
20260930-140955,332.346,81326,945,9,1,Vigor,0,1,0.526,0.526,0.526
20260930-140955,332.346,81326,903,8,1,Swiftness,0,1,0.526,0.526,0.526
20260930-140955,332.346,81326,1033,9,1,Vigor,0,1,0.526,0.526,0.526
20260930-140955,360.068,81326,537,9,0,,0,1,27.722,27.722,28.248
20260930-140955,360.586,81326,540,6,0,,0,1,28.240,28.240,28.766
20260930-140955,361.100,81326,540,6,0,,0,1,0.514,28.754,29.280
20260930-140955,361.100,81326,540,7,1,Might,1,1,30.314,30.314,30.314
20260930-140955,361.100,81326,540,9,1,Protection,1,1,28.754,28.754,29.280
20260930-140955,361.100,81326,631,7,1,Might,1,1,28.754,28.754,29.796
20260930-140955,361.100,81326,673,6,1,Protection,1,1,28.754,28.754,28.754
20260930-140955,361.626,81326,596,9,1,Might,1,1,1.558,29.280,29.806
20260930-140955,361.626,81326,624,10,1,Regeneration,1,1,29.280,29.280,29.806
20260930-140955,361.626,81326,806,9,0,,0,1,0.526,0.526,0.526
20260930-140955,369.786,81053,2592,5,1,Might,1,1,8.686,8.686,8.686
20260930-140955,369.786,81053,2873,6,2,Might+Fury,1,1,37.440,37.440,37.955
20260930-140955,370.301,81053,3049,5,0,,0,1,0.515,0.515,0.515
20260930-140955,370.301,81053,4289,3,0,,0,1,0.515,0.515,0.515
20260930-140955,370.818,81053,3049,5,0,,0,1,0.517,1.032,1.032
20260930-140955,371.220,81053,3049,5,0,,0,1,0.402,1.434,1.434
20260930-140955,371.820,81053,5750,7,1,Alacrity,1,1,10.194,10.720,10.720
20260930-140955,371.820,81053,6764,4,0,,0,1,0.600,2.034,2.034
20260930-140955,371.820,81053,6048,6,1,Alacrity,1,1,,,
20260930-140955,371.820,81053,5714,7,1,Alacrity,1,1,10.194,10.194,10.194
20260930-140955,371.820,81053,6176,7,1,Alacrity,1,1,39.474,39.474,40.000
20260930-140955,372.344,81053,3088,7,0,,0,1,0.524,0.524,0.524
20260930-140955,372.344,81053,3382,4,0,,0,1,0.524,2.558,2.558
20260930-140955,372.862,81053,3088,7,0,,0,1,0.518,1.042,1.042
20260930-140955,373.378,81053,2966,7,0,,0,1,0.516,1.558,1.558
20260930-140955,373.378,81053,3062,6,2,Might+Fury,1,1,3.077,3.592,3.592
20260930-140955,389.666,81326,587,4,1,Protection,1,1,16.288,17.846,17.846
20260930-140955,389.666,81326,547,7,1,Regeneration,1,1,17.322,19.880,19.880
20260930-140955,389.666,81326,682,6,1,Alacrity,1,1,28.566,28.566,28.566
20260930-140955,389.666,81326,841,6,2,Alacrity+Fury,1,1,28.566,57.320,57.846
20260930-140955,389.666,81326,859,7,1,Regeneration,1,1,17.846,17.846,17.846
20260930-140955,389.666,81326,547,6,1,Protection,1,1,17.846,17.846,17.846
20260930-140955,389.666,81326,639,5,1,Regeneration,1,1,28.566,28.566,28.566
20260930-140955,390.184,81326,817,5,0,,0,1,0.518,0.518,0.518
20260930-140955,390.184,81326,547,6,0,,0,1,0.518,0.518,0.518
20260930-140955,390.184,81326,877,3,0,,0,1,0.518,0.518,0.518
20260930-140955,390.184,81326,682,5,0,,0,1,0.518,0.518,0.518
20260930-140955,392.498,81053,3605,7,2,Alacrity+Stability,1,1,30.872,30.872,30.872
20260930-140955,394.022,81053,3605,5,2,Might+Protection,1,1,1.524,1.524,1.524
20260930-140955,408.944,81053,2803,7,2,Might+Fury,1,1,19.278,19.278,19.278
20260930-140955,410.456,81053,3877,6,1,Stability,1,1,20.272,20.790,20.790
20260930-140955,425.942,81053,3951,7,1,Might,1,1,15.486,15.486,15.486
20260930-140955,425.942,81053,3403,8,1,Fury,1,1,35.758,36.276,36.276
20260930-140955,425.942,81053,3618,7,2,Might+Regeneration,1,1,52.564,52.564,52.564
20260930-140955,426.460,81053,3951,6,0,,0,1,0.518,0.518,0.518
20260930-140955,426.460,81053,3403,7,0,,0,1,0.518,0.518,0.518
20260930-140955,426.460,81053,3618,5,0,,0,1,0.518,0.518,0.518
20260930-140955,426.978,81053,3301,9,2,Regeneration+Alacrity,1,1,32.956,32.956,32.956
20260930-140955,426.978,81053,3154,7,1,Regeneration,1,1,55.158,55.158,55.158
20260930-140955,426.978,81053,4485,7,1,Regeneration,1,1,37.312,37.312,37.312
20260930-140955,427.382,81053,3562,6,0,,0,1,0.922,1.440,1.440
20260930-140955,427.382,81053,3068,6,0,,0,1,0.922,1.440,1.440
20260930-140955,427.382,81053,3262,4,0,,0,1,0.922,1.440,1.440
20260930-140955,427.502,81053,3301,7,0,,0,1,0.524,0.524,0.524
20260930-140955,427.502,81053,3154,6,0,,0,1,0.524,0.524,0.524
20260930-140955,427.906,81053,3301,7,0,,0,1,0.404,0.928,0.928
20260930-140955,427.906,81053,4983,7,1,Might,1,1,38.240,38.240,38.240
20260930-140955,427.906,81053,2839,6,0,,0,1,0.404,0.928,0.928
20260930-140955,427.906,81053,2857,6,1,Might,1,1,37.722,38.240,38.240
20260930-140955,427.982,81053,3262,4,0,,0,1,0.600,2.040,2.040
20260930-140955,427.984,81053,3068,5,0,,0,1,0.602,2.042,2.042
20260930-140955,429.536,81053,3669,7,1,Might,1,1,39.352,39.870,39.870
20260930-140955,447.458,81053,3599,8,1,Protection,1,1,20.076,21.516,21.516
20260930-140955,447.458,81053,2886,8,1,Protection,1,1,38.514,38.514,38.514
20260930-140955,447.976,81053,6072,7,1,Might,1,1,20.998,20.998,20.998
20260930-140955,447.978,81053,6400,7,2,Alacrity+Might,1,1,19.996,22.036,22.036
20260930-140955,447.978,81053,5772,6,1,Alacrity,1,1,20.072,20.072,20.072
20260930-140955,447.978,81053,8616,7,0,,0,1,0.520,0.520,0.520
20260930-140955,447.978,81053,10068,7,1,Might,1,1,20.072,20.072,20.072
20260930-140955,447.978,81053,6670,7,2,Might+Regeneration,1,1,20.072,21.000,21.000
20260930-140955,447.978,81053,5372,6,0,,0,1,0.520,0.520,0.520
20260930-140955,447.978,81053,2868,8,1,Might,1,1,20.072,21.000,21.000
20260930-140955,448.494,81053,3884,7,0,,0,1,0.516,1.036,1.036
20260930-140955,448.494,81053,2885,5,0,,0,1,0.516,0.516,0.516
20260930-140955,448.494,81053,2602,5,0,,0,1,0.516,0.516,0.516
20260930-140955,448.496,81053,3007,7,0,,0,1,0.518,0.518,0.518
20260930-140955,448.496,81053,4539,7,0,,0,1,0.518,0.518,0.518
20260930-140955,448.496,81053,2737,9,0,,0,1,0.520,0.520,0.520
20260930-140955,448.496,81053,2586,10,0,,0,1,0.518,0.518,0.518
20260930-140955,448.902,81053,4843,6,0,,0,1,0.924,1.444,1.444
20260930-140955,448.902,81053,2795,9,1,Might,1,1,20.918,22.960,22.960
20260930-140955,448.902,81053,2602,5,0,,0,1,0.408,0.924,0.924
20260930-140955,448.902,81053,4539,7,0,,0,1,0.406,0.924,0.924
20260930-140955,448.902,81053,3007,7,0,,0,1,0.406,0.924,0.924
20260930-140955,448.902,81053,3884,7,0,,0,1,0.408,1.444,1.444
20260930-140955,449.022,81053,2795,8,0,,0,1,0.120,0.120,0.120
20260930-140955,449.022,81053,3884,7,0,,0,1,0.120,1.564,1.564
20260930-140955,449.022,81053,3007,7,0,,0,1,0.120,1.044,1.044
20260930-140955,449.022,81053,2602,5,0,,0,1,0.120,1.044,1.044
20260930-140955,449.022,81053,4539,7,0,,0,1,0.120,1.044,1.044
20260930-140955,449.022,81053,2885,5,0,,0,1,0.528,1.044,1.044
20260930-140955,449.420,81053,10320,6,0,,0,1,0.518,1.962,1.962
20260930-140955,449.420,81053,9672,8,0,,0,1,0.398,1.442,1.442
20260930-140955,449.420,81053,3061,10,0,,0,1,0.924,1.442,1.442
20260930-140955,449.498,81053,4139,8,0,,0,1,0.476,2.040,2.040
20260930-140955,449.542,81053,3074,7,0,,0,1,0.520,1.564,1.564
20260930-140955,449.542,81053,4836,8,0,,0,1,0.122,1.564,1.564
20260930-140955,449.934,81053,2885,7,0,,0,1,0.392,1.956,1.956
20260930-140955,449.934,81053,2602,7,0,,0,1,0.912,1.956,1.956
20260930-140955,450.017,81053,4843,6,0,,0,1,0.597,2.559,2.559
20260930-140955,450.454,81053,2602,8,0,,0,1,0.520,2.476,2.476
20260930-140955,450.454,81053,3245,7,0,,0,1,0.437,2.996,2.996
20260930-140955,451.058,81053,4539,9,1,Protection,1,1,1.516,3.080,3.080
20260930-140955,451.058,81053,2602,8,0,,0,1,0.604,3.080,3.080
20260930-140955,451.058,81053,3062,9,1,Swiftness,1,1,1.560,3.600,3.600
20260930-140955,451.058,81053,2885,8,2,Swiftness+Regeneration,1,1,1.124,3.080,3.080
20260930-140955,464.060,81053,3819,4,3,Regeneration+Stability+Fury,1,1,15.038,16.082,16.082
20260930-140955,464.576,81053,3305,7,2,Might+Quickness,1,1,13.518,16.598,16.598
20260930-140955,464.576,81053,3819,1,0,,0,1,0.516,0.516,0.516
20260930-140955,464.576,81053,5446,4,2,Might+Regeneration,1,1,15.156,16.598,16.598
20260930-140955,465.100,81053,12466,0,0,,1,1,16.078,16.198,16.198
20260930-140955,465.100,81053,8620,7,3,Regeneration+Might+Quickness,1,1,14.042,14.042,14.042
20260930-140955,465.100,81053,6610,5,0,,0,1,0.524,0.524,0.524
20260930-140955,465.100,81053,5700,4,0,,0,1,0.524,1.040,1.040
20260930-140955,465.100,81053,5764,7,1,Stability,1,1,14.042,14.042,14.042
20260930-140955,465.100,81053,5446,4,0,,0,1,0.524,0.524,0.524
20260930-140955,465.494,81053,3305,5,0,,0,1,0.394,0.918,0.918
20260930-140955,465.494,81053,3888,3,2,Might+Protection,1,1,14.436,14.436,14.436
20260930-140955,465.494,81053,6233,0,0,,0,1,0.394,16.592,0.394
20260930-140955,465.494,81053,5978,3,2,Regeneration+Swiftness,1,1,35.958,35.958,35.958
20260930-140955,465.622,81053,11400,4,0,,0,1,0.522,1.562,1.562
20260930-140955,465.622,81053,5803,1,0,,0,1,0.128,0.128,0.128
20260930-140955,465.622,81053,6233,1,0,,0,1,0.128,16.720,0.522
20260930-140955,465.622,81053,3305,6,0,,0,1,0.128,1.046,1.046
20260930-140955,466.016,81053,12868,2,0,,0,1,0.916,0.916,0.916
20260930-140955,466.016,81053,6610,5,0,,0,1,0.394,1.440,1.440
20260930-140955,466.016,81053,12466,1,0,,0,1,0.394,17.114,0.916
20260930-140955,466.016,81053,11606,0,0,,0,1,0.394,0.522,0.522
20260930-140955,466.102,81053,5700,4,0,,0,1,0.480,2.042,2.042
20260930-140955,466.102,81053,5978,0,0,,0,1,0.608,0.608,0.608
20260930-140955,466.140,81053,4901,4,2,Might+Quickness,1,1,1.040,1.564,1.564
20260930-140955,466.542,81053,4176,3,0,,0,1,0.526,17.640,1.442
20260930-140955,466.622,81053,6434,2,0,,0,0,0.606,1.522,1.522
20260930-140955,467.060,81053,5764,6,1,Regeneration,1,1,1.960,1.960,1.960
20260930-140955,467.060,81053,4176,3,0,,0,1,0.518,18.158,1.960
20260930-140955,467.060,81053,3819,7,0,,0,1,0.958,3.000,3.000
20260930-140955,467.138,81053,3888,5,2,Swiftness+Protection,1,1,1.122,2.562,2.562
20260930-140955,469.578,81326,1011,5,2,Regeneration+Stability,1,1,19.124,22.120,22.120
20260930-140955,481.898,81053,8506,7,1,Stability,1,1,14.838,14.838,14.838
20260930-140955,481.898,81053,6081,7,2,Stability+Fury,1,1,12.320,12.320,12.320
20260930-140955,481.898,81053,5737,4,2,Fury+Might,1,1,14.760,14.760,14.760
20260930-140955,481.898,81053,5910,4,0,,0,1,15.796,16.404,16.404
20260930-140955,482.418,81053,9754,3,0,,0,1,0.520,0.520,0.520
20260930-140955,482.418,81053,12722,7,3,Might+Stability+Fury,1,1,15.796,17.318,17.318
20260930-140955,482.418,81053,12162,5,0,,0,1,0.520,0.520,0.520
20260930-140955,482.418,81053,15310,1,1,Might,1,1,33.922,34.442,34.442
20260930-140955,482.418,81053,9410,7,3,Might+Protection+Stability,1,1,15.358,18.358,18.358
20260930-140955,482.418,81053,6534,8,2,Might+Stability,1,1,16.402,16.924,16.924
20260930-140955,482.418,81053,8256,6,2,Might+Quickness,1,1,15.358,33.516,17.318
20260930-140955,482.940,81053,9748,5,0,,0,1,0.522,0.522,0.522
20260930-140955,482.940,81053,3722,4,0,,0,1,0.522,0.522,0.522
20260930-140955,482.940,81053,5482,6,0,,0,1,0.522,1.042,1.042
20260930-140955,482.940,81053,3404,6,0,,0,1,0.522,0.522,0.522
20260930-140955,482.940,81053,4397,4,0,,0,1,0.522,1.042,1.042
20260930-140955,482.940,81053,2946,7,0,,0,1,0.522,0.522,0.522
20260930-140955,483.336,81053,4948,4,0,,0,1,0.396,1.438,1.438
20260930-140955,483.336,81053,8631,6,1,Swiftness,1,1,1.438,1.438,1.438
20260930-140955,483.336,81053,3831,6,0,,0,1,0.396,0.918,0.918
20260930-140955,483.336,81053,4017,6,2,Swiftness+Regeneration,1,1,1.438,17.842,17.842
20260930-140955,483.336,81053,5486,5,0,,0,1,0.396,0.918,0.918
20260930-140955,483.464,81053,4017,4,0,,0,1,0.128,0.128,0.128
20260930-140955,483.464,81053,8631,5,0,,0,1,0.128,0.128,0.128
20260930-140955,483.464,81053,5486,5,0,,0,1,0.128,1.046,1.046
20260930-140955,483.464,81053,4948,4,0,,0,1,0.128,1.566,1.566
20260930-140955,483.464,81053,3831,6,0,,0,1,0.128,1.046,1.046
20260930-140955,483.856,81053,5204,3,2,Might+Swiftness,1,1,1.438,1.438,1.438
20260930-140955,483.856,81053,7662,7,0,,0,1,0.392,1.438,1.438
20260930-140955,483.942,81053,6170,6,0,,0,1,1.002,2.044,2.044
20260930-140955,483.942,81053,3315,7,0,,0,1,1.002,1.524,1.524
20260930-140955,483.942,81053,4948,4,0,,0,1,0.478,2.044,2.044
20260930-140955,483.942,81053,4189,5,0,,0,1,1.002,1.524,1.524
20260930-140955,483.942,81053,8631,5,0,,0,1,0.478,0.606,0.606
20260930-140955,483.942,81053,4017,4,0,,0,1,0.478,0.606,0.606
20260930-140955,484.452,81053,3831,7,0,,0,1,0.596,2.034,2.034
20260930-140955,484.452,81053,5204,1,0,,0,1,0.596,0.596,0.596
20260930-140955,485.502,81053,5486,3,3,Vigor+Quickness+Alacrity,1,1,2.038,3.084,3.084
20260930-140955,485.502,81053,3831,9,3,Might+Quickness+Protection,1,1,1.050,3.084,3.084
20260930-140955,485.502,81053,5822,3,2,Might+Swiftness,1,1,1.560,3.604,3.604
20260930-140955,485.502,81053,3294,8,2,Might+Quickness,1,1,19.362,19.362,19.362
20260930-140955,485.504,81053,4189,8,2,Might+Quickness,1,1,1.562,3.086,3.086
20260930-140955,485.504,81053,3315,7,2,Might+Quickness,1,1,1.562,3.086,3.086
20260930-140955,485.504,81053,3900,6,2,Protection+Resistance,1,1,1.562,2.168,2.168
20260930-140955,498.894,81053,3582,6,2,Protection+Quickness,1,1,13.390,13.390,13.390
20260930-140955,499.014,81326,538,7,2,Fury+Might,1,1,13.512,13.512,13.512
20260930-140955,499.016,81326,945,4,0,,0,1,0.122,0.122,0.122
20260930-140955,499.016,81326,945,6,2,Regeneration+Might,1,1,13.512,13.512,13.512
20260930-140955,499.016,81326,938,6,1,Regeneration,1,1,15.074,15.680,15.680
20260930-140955,500.054,81326,578,8,2,Protection+Swiftness,1,1,14.550,14.550,14.550
20260930-140955,500.054,81326,844,10,2,Might+Protection,1,1,15.602,16.198,16.198
20260930-140955,500.054,81326,628,7,1,Might,1,1,1.038,1.038,1.038
20260930-140955,500.414,81053,4821,4,2,Fury+Vigor,1,1,1.398,1.520,1.520
20260930-140955,500.414,81053,4027,10,2,Swiftness+Alacrity,1,1,16.472,18.516,18.516
20260930-140955,500.578,81326,671,8,0,,0,1,0.164,0.164,0.164
20260930-140955,500.578,81326,803,2,0,,0,1,0.164,0.164,0.164
20260930-140955,500.578,81326,1260,9,0,,0,1,0.524,0.524,0.524
20260930-140955,500.578,81326,628,6,0,,0,1,0.524,0.524,0.524
20260930-140955,500.578,81326,621,10,3,Might+Protection+Swiftness,1,1,15.076,15.076,15.076
20260930-140955,500.578,81326,538,6,2,Alacrity+Might,1,1,1.564,1.564,1.564
20260930-140955,500.578,81326,862,6,0,,0,1,0.524,0.524,0.524
20260930-140955,500.578,81326,614,7,3,Protection+Alacrity+Swiftness,1,1,15.076,15.076,15.076
20260930-140955,501.458,81053,5177,6,0,,0,1,0.880,1.404,1.404
20260930-140955,501.458,81053,3230,5,0,,0,1,0.880,0.880,0.880
20260930-140955,501.458,81053,3774,5,0,,0,1,0.880,1.404,1.404
20260930-140955,501.988,81053,5505,0,0,,1,1,1.410,1.410,1.410
20260930-140955,520.980,81053,7028,0,0,,1,1,19.522,20.402,20.402
20260930-140955,522.018,81053,6416,3,3,Might+Quickness+Stability,1,1,20.560,21.964,21.964
20260930-140955,522.018,81053,9377,0,1,Fury,1,1,21.440,21.964,21.964
20260930-140955,523.014,81053,4419,5,3,Resistance+Fury+Might,1,1,37.512,37.512,37.512
20260930-140955,523.014,81053,4624,8,4,Resistance+Fury+Might+Regeneration,1,1,22.436,22.436,22.436
20260930-140955,523.538,81053,5055,5,2,Protection+Regeneration,1,1,22.960,23.124,23.124
20260930-140955,523.538,81053,7071,4,1,Protection,1,1,22.080,23.484,23.484
20260930-140955,523.538,81053,4685,3,0,,0,1,0.524,0.524,0.524
20260930-140955,523.538,81053,4476,1,0,,1,1,0.524,0.524,0.524
20260930-140955,524.058,81053,7545,4,0,,0,1,0.520,0.520,0.520
20260930-140955,524.058,81053,4770,5,2,Regeneration+Resistance,1,1,25.042,25.042,25.042
20260930-140955,524.058,81053,10554,4,0,,0,0,0.520,0.520,0.520
20260930-140955,524.570,81053,7545,5,0,,0,1,0.512,1.032,1.032
20260930-140955,524.570,81053,7119,4,0,,0,1,0.512,0.512,0.512
20260930-140955,528.494,81326,824,6,0,,0,1,27.916,28.080,28.080
20260930-140955,528.496,81326,650,7,2,Protection+Vigor,1,1,3.926,4.438,4.438
20260930-140955,528.496,81326,963,4,0,,0,1,4.438,4.958,4.958
20260930-140955,529.010,81326,1028,7,2,Fury+Stability,1,1,4.440,5.472,5.472
20260930-140955,529.010,81326,953,5,4,Fury+Stability+Regeneration+Might,1,1,5.472,5.996,5.996
20260930-140955,530.050,81326,970,5,2,Swiftness+Regeneration,1,1,1.554,1.554,1.554
20260930-140955,537.256,81053,5088,6,2,Fury+Might,1,1,15.238,15.238,15.238
20260930-140955,537.256,81053,4807,1,2,Protection+Might,1,1,13.718,14.242,13.718
20260930-140955,537.258,81053,4838,6,2,Swiftness+Might,1,1,8.764,36.844,36.844
20260930-140955,537.780,81053,5088,7,0,,0,1,0.524,0.524,0.524
20260930-140955,537.780,81053,5590,7,4,Regeneration+Might+Quickness+Fury,1,1,8.770,8.770,8.770
20260930-140955,537.780,81053,5692,4,4,Fury+Might+Swiftness+Protection,1,1,7.730,7.730,7.730
20260930-140955,538.300,81053,6112,1,1,Protection,1,1,16.282,16.282,16.282
20260930-140955,538.300,81053,8495,3,0,,0,1,0.520,0.520,0.520
20260930-140955,538.694,81053,6468,2,0,,0,0,1.438,1.438,1.438
20260930-140955,538.694,81053,4587,10,0,,0,1,0.914,1.438,1.438
20260930-140955,538.820,81053,4362,6,2,Swiftness+Protection,1,1,1.562,1.562,1.562
20260930-140955,538.820,81053,4980,7,4,Vigor+Protection+Quickness+Fury,1,1,36.832,38.242,36.832
20260930-140955,538.820,81053,5511,4,0,,0,1,0.520,0.520,0.520
20260930-140955,538.820,81053,7659,3,0,,0,1,0.520,1.040,1.040
20260930-140955,539.298,81053,11433,10,0,,0,1,0.604,2.042,2.042
20260930-140955,539.298,81053,7434,4,0,,0,1,0.478,0.478,0.478
20260930-140955,539.298,81053,18961,8,4,Protection+Quickness+Fury+Might,1,1,10.802,15.760,15.760
20260930-140955,539.338,81053,7659,3,0,,0,1,0.518,1.558,1.558
20260930-140955,539.338,81053,5040,6,4,Swiftness+Fury+Might+Stability,1,1,1.558,1.558,1.558
20260930-140955,539.738,81053,7187,2,2,Might+Fury,1,1,1.044,2.482,2.482
20260930-140955,540.256,81053,7187,1,0,,0,1,0.518,0.518,0.518
20260930-140955,554.614,81053,11343,3,0,,0,0,15.794,16.314,16.314
20260930-140955,555.136,81053,15000,5,2,Fury+Stability,1,1,26.126,26.126,26.126
20260930-140955,555.136,81053,9953,3,3,Fury+Might+Quickness,1,1,15.838,16.316,16.316
20260930-140955,555.136,81053,8978,5,2,Fury+Resolution,0,0,16.316,16.316,16.316
20260930-140955,555.614,81053,15000,3,0,,0,1,0.478,0.478,0.478
20260930-140955,555.614,81053,9953,0,0,,0,0,0.478,0.478,0.478
20260930-140955,556.656,81053,10562,2,2,Resistance+Might,1,1,1.520,1.520,17.836
20260930-140955,556.656,81053,11709,0,0,,1,1,1.042,1.520,1.520
20260930-140955,557.178,81053,11709,0,0,,0,1,0.522,2.042,0.522
20260930-140955,557.178,81053,10562,0,0,,0,1,0.522,0.522,0.522
20260930-140955,559.294,81326,1013,0,0,,1,1,2.116,4.158,2.638
20260930-144016,404.464,81326,629,8,1,Protection,1,1,,,
20260930-144016,404.466,81326,571,7,2,Might+Vigor,1,1,,,
20260930-144016,404.466,81326,651,6,1,Might,1,1,,,
20260930-144016,404.466,81326,933,6,1,Might,1,1,,,
20260930-144016,404.990,81326,542,8,2,Stability+Fury,1,1,,,
20260930-144016,404.990,81326,793,5,0,,0,1,0.524,0.524,0.524
20260930-144016,404.990,81326,899,9,1,Might,1,1,,,
20260930-144016,404.990,81326,554,8,2,Stability+Fury,1,1,,,
20260930-144016,404.990,81326,940,7,0,,0,1,0.526,0.526,0.526
20260930-144016,404.990,81326,554,9,1,Stability,1,1,,,
20260930-144016,404.990,81326,571,4,0,,0,1,0.524,0.524,0.524
20260930-144016,404.990,81326,651,5,0,,0,1,0.524,0.524,0.524
20260930-144016,425.620,81053,3599,5,1,Protection,1,1,20.630,21.154,21.154
20260930-144016,425.620,81053,5485,5,2,Protection+Alacrity,1,1,20.630,20.630,20.630
20260930-144016,426.664,81053,5448,3,1,Fury,1,1,1.044,1.044,1.044
20260930-144016,427.058,81053,6111,1,1,Fury,1,1,,,
20260930-144016,427.058,81053,3805,4,1,Swiftness,1,1,22.068,22.592,22.592
20260930-144016,427.058,81053,3543,3,0,,0,1,0.394,0.394,0.394
20260930-144016,427.190,81053,6111,0,0,,0,1,0.132,0.132,0.132
20260930-144016,427.582,81053,5509,0,0,,0,0,0.392,0.524,0.524
20260930-144016,427.670,81053,3805,3,0,,0,1,0.612,0.612,0.612
20260930-144016,428.098,81053,7610,3,0,,0,1,0.428,1.040,1.040
20260930-144016,428.098,81053,8832,3,1,Protection,1,1,1.040,1.434,1.434
20260930-144016,428.620,81053,3805,6,1,Swiftness,1,1,23.630,23.630,23.630
20260930-144016,429.224,81053,3858,5,0,,0,1,0.604,0.604,0.604
20260930-144016,432.986,81326,857,7,3,Might+Resolution+Vigor,1,1,27.996,27.996,27.996
20260930-144016,434.018,81326,857,3,1,Resolution,1,1,4.794,5.398,5.398
20260930-144016,434.538,81326,974,0,1,Quickness,1,1,29.548,30.074,30.074
20260930-144016,445.628,81053,4493,7,1,Regeneration,1,1,11.090,11.090,11.090
20260930-144016,446.142,81053,4493,7,0,,0,1,0.514,0.514,0.514
20260930-144016,446.142,81053,7740,8,1,Regeneration,1,1,12.124,12.124,12.124
20260930-144016,446.658,81053,4617,8,0,,0,1,0.516,0.516,0.516
20260930-144016,448.178,81053,4556,8,1,Fury,1,1,2.036,2.550,2.550
20260930-144016,448.622,81053,7308,7,1,Might,1,1,20.524,20.524,20.524
20260930-144016,448.622,81053,7848,7,1,Quickness,1,1,1.964,2.480,2.480
20260930-144016,448.622,81053,3843,6,2,Might+Quickness,1,1,23.002,23.002,23.002
20260930-144016,448.705,81053,3924,4,1,Might,1,1,20.607,21.647,21.647
20260930-144016,448.705,81053,4051,4,2,Might+Protection,1,1,43.715,44.239,44.239
20260930-144016,448.705,81053,4222,7,3,Might+Stability+Quickness,1,1,21.123,21.647,21.647
20260930-144016,448.706,81053,4617,6,3,Might+Quickness+Swiftness,1,1,15.720,15.720,15.720
20260930-144016,448.706,81053,3631,6,1,Might,1,1,,,
20260930-144016,448.706,81053,6374,4,1,Might,1,1,43.716,43.716,43.716
20260930-144016,449.228,81053,3924,4,0,,0,1,0.523,0.523,0.523
20260930-144016,449.228,81053,6047,3,0,,0,1,0.523,0.523,0.523
20260930-144016,449.228,81053,3654,6,0,,0,1,0.606,0.606,0.606
20260930-144016,449.228,81053,6374,3,0,,0,1,0.522,0.522,0.522
20260930-144016,449.230,81053,3631,7,0,,0,1,0.524,0.524,0.524
20260930-144016,449.230,81053,4617,5,0,,0,1,0.524,0.524,0.524
20260930-144016,449.230,81053,3924,7,0,,0,1,0.608,0.608,0.608
20260930-144016,449.230,81053,4222,5,0,,0,1,0.525,0.525,0.525
20260930-144016,449.230,81053,5736,5,0,,0,1,0.608,0.608,0.608
20260930-144016,462.102,81053,3452,6,2,Swiftness+Regeneration,1,1,12.872,13.480,13.480
20260930-144016,462.102,81053,4148,6,3,Swiftness+Regeneration+Protection,1,1,12.872,13.396,13.396
20260930-144016,462.624,81053,4601,8,1,Might,1,1,13.396,13.919,13.919
20260930-144016,463.140,81053,4601,8,0,,0,1,0.516,0.516,0.516
20260930-144016,463.140,81053,6867,4,3,Swiftness+Stability+Might,1,1,1.038,1.038,1.038
20260930-144016,463.140,81053,3618,7,1,Protection,1,1,13.910,14.434,14.434
20260930-144016,463.544,81053,5477,6,0,,0,1,0.404,0.404,0.404
20260930-144016,463.544,81053,4267,7,3,Swiftness+Stability+Regeneration,1,1,14.314,14.839,14.839
20260930-144016,463.658,81053,6965,3,0,,0,1,0.518,0.518,0.518
20260930-144016,463.658,81053,4267,4,0,,0,1,0.114,0.114,0.114
20260930-144016,464.058,81053,6086,6,0,,0,1,0.514,0.918,0.918
20260930-144016,464.146,81053,3884,6,2,Protection+Alacrity,1,1,2.044,2.044,2.044
20260930-144016,464.146,81053,4666,6,0,,0,1,0.488,1.006,1.006
20260930-144016,464.146,81053,8534,7,0,,0,1,0.488,0.602,0.602
20260930-144016,464.146,81053,4666,8,0,,0,1,1.006,1.522,1.522
20260930-144016,464.658,81053,3847,7,0,,0,1,0.512,1.114,1.114
20260930-144016,464.658,81053,4207,6,0,,0,1,0.512,1.518,1.518
20260930-144016,464.660,81053,4207,8,0,,0,1,0.514,2.036,2.036
20260930-144016,464.660,81053,3691,6,0,,0,1,15.432,15.955,15.955
20260930-144016,464.660,81053,3330,9,0,,0,1,15.432,16.038,16.038
20260930-144016,465.184,81053,4207,8,0,,0,1,0.524,2.560,2.560
20260930-144016,465.184,81053,3691,6,0,,0,1,0.524,16.479,16.479
20260930-144016,465.184,81053,4207,7,0,,0,1,0.526,2.044,2.044
20260930-144016,465.184,81053,3330,7,0,,0,1,0.524,16.562,16.562
20260930-144016,465.698,81053,3691,6,0,,0,1,0.514,16.993,16.993
20260930-144016,465.698,81053,7801,6,2,Vigor+Swiftness,1,1,1.552,1.552,1.552
20260930-144016,465.698,81053,3330,7,0,,0,1,0.514,17.076,17.076
20260930-144016,481.542,81053,7282,6,1,Alacrity,1,1,15.844,32.837,32.837
20260930-144016,481.542,81053,3527,6,1,Might,1,1,16.358,18.918,18.918
20260930-144016,482.066,81053,3527,7,0,,0,1,0.524,0.524,0.524
20260930-144016,482.462,81053,3641,5,0,,0,1,0.920,0.920,0.920
20260930-144016,482.462,81053,3527,7,0,,0,1,0.396,0.920,0.920
20260930-144016,482.462,81053,3285,7,1,Might,1,1,16.764,33.840,33.840
20260930-144016,482.462,81053,3838,4,1,Might,1,1,33.234,33.756,33.756
20260930-144016,482.578,81053,3641,5,0,,0,1,0.116,1.036,1.036
20260930-144016,483.064,81053,3389,8,1,Might,1,1,33.834,34.442,34.442
20260930-144016,483.064,81053,3934,6,1,Might,1,1,34.886,34.886,34.886
20260930-144016,483.098,81053,3483,9,1,Alacrity,1,1,19.040,19.958,19.958
20260930-144016,484.024,81053,3626,7,0,,0,1,0.926,0.926,0.926
20260930-144016,484.024,81053,3454,9,1,Alacrity,1,1,18.326,18.326,18.326
20260930-144016,484.616,81053,3626,8,0,,0,1,0.592,1.518,1.518
20260930-144016,484.616,81053,3795,8,3,Protection+Vigor+Stability,1,1,19.958,21.072,21.072
20260930-144016,508.620,81326,949,8,4,Protection+Alacrity+Regeneration+Stability,1,1,26.158,26.158,26.158
20260930-144016,509.136,81326,1013,10,1,Resolution,1,1,26.072,26.072,26.072
20260930-144016,509.136,81326,854,9,1,Protection,1,1,25.112,25.112,25.112
20260930-144016,509.136,81326,1417,3,0,,0,1,0.516,0.516,0.516
20260930-144016,509.136,81326,584,7,1,Swiftness,1,1,26.072,26.072,26.072
20260930-144016,509.580,81053,7841,7,0,,0,1,0.444,0.444,0.444
20260930-144016,509.580,81053,5364,5,0,,0,1,0.444,0.444,0.444
20260930-144016,510.098,81053,10880,7,1,Protection,1,1,27.520,28.556,28.556
20260930-144016,510.098,81053,5364,3,3,Alacrity+Quickness+Fury,1,1,44.914,46.958,46.958
20260930-144016,510.098,81053,10728,5,0,,0,1,0.518,0.962,0.962
20260930-144016,510.098,81053,3346,7,1,Swiftness,1,1,27.636,27.636,27.636
20260930-144016,510.098,81053,5837,3,0,,0,1,0.962,1.478,1.478
20260930-144016,510.618,81053,13030,7,0,,0,1,0.520,0.520,0.520
20260930-144016,510.618,81053,10728,6,0,,0,1,0.520,1.482,1.482
20260930-144016,510.618,81053,3346,8,1,Fury,0,1,0.520,0.520,0.520
20260930-144016,510.620,81053,5364,1,1,Might,0,1,0.522,0.522,0.522
20260930-144016,510.620,81053,5837,3,2,Protection+Vigor,0,1,0.522,2.000,2.000
20260930-144016,511.024,81053,8162,7,1,Swiftness,1,1,1.444,1.888,1.888
20260930-144016,511.024,81053,5584,5,0,,0,1,0.406,1.888,1.888
20260930-144016,511.024,81053,3741,9,2,Protection+Resistance,1,1,28.562,29.482,29.482
20260930-144016,511.142,81053,16324,6,0,,0,1,0.118,0.118,0.118
20260930-144016,511.144,81053,5584,5,0,,0,0,0.120,2.008,2.008
20260930-144016,511.144,81053,11168,7,0,,0,1,0.120,0.120,0.120
20260930-144016,511.619,81053,5584,7,0,,0,1,0.475,0.595,0.595
20260930-144016,511.619,81053,8162,5,0,,0,0,0.477,0.595,0.595
20260930-144016,511.620,81053,6782,6,0,,0,0,1.002,1.522,1.522
20260930-144016,511.656,81053,4025,9,4,Protection+Might+Swiftness+Fury,1,1,27.040,27.040,27.040
20260930-144016,530.980,81053,8003,0,0,,1,1,19.360,20.882,20.882
20260930-144016,530.980,81053,5125,4,1,Fury,1,1,21.844,21.844,21.844
20260930-144016,530.980,81053,7752,0,0,,1,1,19.836,21.844,21.844
20260930-144016,530.980,81053,7170,3,2,Might+Resistance,1,1,20.360,20.360,22.360
20260930-144016,530.980,81053,4836,4,1,Fury,1,1,20.362,20.362,20.882
20260930-144016,530.980,81053,7752,4,2,Fury+Might,1,1,19.361,19.956,19.956
20260930-144016,530.980,81053,6774,1,1,Might,1,1,46.364,47.882,47.882
20260930-144016,531.498,81053,13548,0,0,,0,1,0.518,0.518,0.518
20260930-144016,531.498,81053,7752,0,0,,0,1,0.518,22.362,0.518
20260930-144016,531.498,81053,14340,1,0,,0,1,0.518,0.518,0.518
20260930-144016,531.498,81053,8003,0,0,,0,1,0.518,21.400,0.518
20260930-144016,531.498,81053,4836,3,0,,0,1,0.518,0.518,0.518
20260930-144016,532.016,81053,4836,4,0,,0,1,0.518,1.036,1.036
20260930-144016,532.016,81053,7752,0,0,,0,1,0.518,22.880,1.036
20260930-144016,532.016,81053,6774,0,0,,0,1,0.518,1.036,1.036
20260930-144016,532.016,81053,5125,3,1,Might,1,1,1.036,1.036,1.036
20260930-144016,532.016,81053,7752,4,3,Vigor+Fury+Might,1,1,21.396,21.396,21.918
20260930-144016,532.420,81053,5125,2,0,,0,1,0.404,0.404,0.404
20260930-144016,532.422,81053,8003,0,0,,0,0,0.924,22.324,1.442
20260930-144016,532.422,81053,5412,4,0,,0,0,0.406,1.442,1.442
20260930-144016,532.422,81053,8675,2,2,Resistance+Swiftness,1,1,1.442,1.442,1.442
20260930-144016,532.422,81053,8675,0,0,,0,1,0.406,23.286,1.442
20260930-144016,532.422,81053,7581,0,0,,0,1,0.406,1.442,1.442
20260930-144016,532.538,81053,8675,0,0,,0,1,0.116,0.116,0.116
20260930-144016,532.538,81053,5736,2,0,,0,1,0.118,0.522,0.522
20260930-144016,532.538,81053,8023,1,2,Protection+Swiftness,1,1,1.040,1.558,1.558
20260930-144016,532.538,81053,8675,0,0,,0,1,0.116,23.402,1.558
20260930-144016,532.538,81053,8675,1,0,,0,0,0.522,0.522,0.522
20260930-144016,533.019,81053,5736,2,0,,0,1,0.481,1.003,1.003
20260930-144016,533.019,81053,8675,0,0,,0,1,0.481,23.883,2.039
20260930-144016,533.019,81053,11976,0,0,,0,1,0.481,0.481,0.481
20260930-144016,533.019,81053,12181,1,0,,0,1,0.481,0.597,0.597
20260930-144016,533.020,81053,7581,0,0,,0,0,0.598,2.040,2.040
20260930-144016,533.056,81053,5824,9,4,Swiftness+Protection+Vigor+Stability,1,1,21.400,21.400,21.400
20260930-144016,533.544,81053,9506,0,0,,0,1,0.525,24.408,2.564
20260930-144016,533.544,81053,13122,0,0,,0,1,0.525,1.006,1.006
20260930-144016,533.544,81053,5930,3,1,Might,1,1,1.122,2.564,2.564
20260930-144016,533.544,81053,6285,2,0,,0,1,0.525,1.528,1.528
20260930-144016,533.976,81053,10213,6,0,,0,1,0.920,0.920,0.920
20260930-144016,533.976,81053,22334,0,0,,0,1,0.957,1.554,1.554
20260930-144016,534.060,81053,6967,1,0,,0,1,0.516,0.516,0.516
20260930-144016,534.060,81053,7383,1,0,,0,0,0.516,2.044,2.044
20260930-144016,534.574,81053,10398,1,0,,0,1,0.514,1.030,1.030
20260930-145735,322.112,81326,573,7,1,Alacrity,1,1,,,
20260930-145735,322.630,81326,558,6,1,Regeneration,1,1,,,
20260930-145735,323.150,81326,519,7,4,Might+Resistance+Protection+Vigor,1,1,,,
20260930-145735,323.150,81326,546,9,1,Resistance,1,1,,,
20260930-145735,323.150,81326,558,9,1,Resistance,1,1,,,
20260930-145735,323.150,81326,600,10,1,Might,1,1,,,
20260930-145735,323.150,81326,558,5,0,,0,1,0.520,0.520,0.520
20260930-145735,323.150,81326,607,7,1,Regeneration,1,1,,,
20260930-145735,323.150,81326,573,7,1,Resistance,1,1,1.038,1.038,1.038
20260930-145735,323.670,81326,607,6,0,,0,1,0.520,0.520,0.520
20260930-145735,323.670,81326,558,4,0,,0,1,0.520,1.040,1.040
20260930-145735,323.670,81326,576,8,1,Might,1,1,,,
20260930-145735,323.670,81326,798,5,0,,0,1,0.520,0.520,0.520
20260930-145735,351.706,81326,789,1,2,Swiftness+Fury,1,1,28.036,28.556,28.556
20260930-145735,351.706,81326,1238,6,1,Fury,1,1,28.556,28.556,28.556
20260930-145735,351.706,81326,922,4,1,Swiftness,1,1,28.036,28.556,28.556
20260930-145735,351.706,81326,847,4,1,Might,1,1,28.036,29.076,29.076
20260930-145735,353.272,81326,603,7,1,Regeneration,1,1,29.602,29.602,29.602
20260930-145735,353.272,81326,567,7,1,Fury,1,1,30.122,30.122,30.122
20260930-145735,361.150,81053,3701,4,2,Regeneration+Protection,1,1,38.000,38.000,38.000
20260930-145735,361.150,81053,5423,2,2,Might+Protection,1,1,9.444,9.444,9.444
20260930-145735,361.666,81053,11046,5,0,,0,1,0.516,0.516,0.516
20260930-145735,361.666,81053,8095,0,0,,0,1,0.516,0.516,0.516
20260930-145735,362.192,81053,5363,6,0,,0,0,0.526,1.042,1.042
20260930-145735,362.704,81053,17250,0,0,,1,1,1.038,1.554,1.554
20260930-145735,362.706,81053,3673,4,1,Protection,1,1,9.434,9.434,9.434
20260930-145735,363.192,81053,17956,0,0,,0,1,0.488,2.042,0.488
20260930-145735,363.230,81053,5948,3,2,Fury+Might,1,1,1.038,2.080,2.080
20260930-145735,363.628,81053,8978,0,0,,0,1,0.436,2.478,0.924
20260930-145735,363.628,81053,5948,1,0,,0,1,0.398,0.398,0.398
20260930-145735,364.144,81053,8978,0,0,,0,0,0.516,2.994,1.440
20260930-145735,364.144,81053,6724,1,0,,0,1,0.516,0.914,0.914
20260930-165517,400.585,81326,520,10,1,Resolution,1,1,,,
20260930-165517,400.585,81326,588,8,1,Alacrity,1,1,,,
20260930-165517,401.097,81326,548,10,1,Swiftness,1,1,,,
20260930-165517,401.099,81326,517,10,1,Resistance,1,1,,,
20260930-165517,401.099,81326,732,10,1,Resistance,1,1,,,
20260930-165517,401.099,81326,300,10,3,Resistance+Protection+Alacrity,1,1,,,
20260930-165517,401.099,81326,588,8,0,,0,1,0.514,0.514,0.514
20260930-165517,401.099,81326,538,10,4,Protection+Resistance+Might+Alacrity,1,1,,,
20260930-165517,401.099,81326,514,9,4,Vigor+Might+Alacrity+Regeneration,1,1,,,
20260930-165517,401.099,81326,520,10,0,,0,1,0.514,0.514,0.514
20260930-165517,401.619,81326,520,10,0,,0,1,0.520,1.034,1.034
20260930-165517,401.619,81326,804,7,0,,0,1,0.520,0.520,0.520
20260930-165517,401.619,81326,312,8,0,,0,1,0.520,0.520,0.520
20260930-165517,401.619,81326,588,8,0,,0,1,0.520,1.034,1.034
20260930-165517,401.621,81326,514,6,0,,0,1,0.522,0.522,0.522
20260930-165517,401.621,81326,548,9,0,,0,1,0.524,0.524,0.524
20260930-165517,401.621,81326,527,9,0,,0,1,0.522,0.522,0.522
20260930-165517,402.137,81326,520,10,0,,0,1,0.518,1.552,1.552
20260930-165517,429.897,81326,606,8,1,Fury,1,1,27.760,29.312,29.312
20260930-165517,429.897,81326,685,10,1,Resistance,1,1,28.278,29.312,29.312
20260930-165517,429.897,81326,627,10,4,Fury+Stability+Might+Vigor,1,1,28.278,28.798,28.798
20260930-165517,429.897,81326,292,8,3,Resistance+Regeneration+Might,1,1,28.278,28.798,28.798
20260930-165517,429.897,81326,852,9,1,Might,1,1,28.798,28.798,28.798
20260930-165517,429.897,81326,899,8,1,Resistance,1,1,28.276,28.798,28.798
20260930-165517,429.897,81326,639,9,1,Resistance,1,1,28.276,28.800,28.800
20260930-165517,464.299,81053,3047,10,4,Might+Stability+Protection+Swiftness,1,1,34.402,34.402,34.402
20260930-165517,464.299,81053,7056,6,1,Swiftness,1,1,34.402,34.402,34.402
20260930-165517,464.299,81053,4756,8,1,Protection,1,1,34.402,34.402,34.402
20260930-165517,464.823,81053,7056,5,0,,0,1,0.524,0.524,0.524
20260930-165517,464.823,81053,9096,7,0,,0,1,0.524,0.524,0.524
20260930-165517,464.823,81053,7099,8,0,,0,1,0.524,0.524,0.524
20260930-165517,464.823,81053,4924,8,4,Stability+Fury+Might+Swiftness,1,1,34.926,34.926,34.926
20260930-165517,465.331,81053,7099,8,0,,0,1,0.508,1.032,1.032
20260930-165517,465.735,81053,4230,7,0,,0,1,0.912,1.436,1.436
20260930-165517,465.735,81053,7099,8,0,,0,0,0.404,1.436,1.436
20260930-165517,466.337,81053,2834,8,0,,0,1,0.602,2.038,2.038
20260930-165517,466.859,81053,4924,5,4,Alacrity+Regeneration+Protection+Quickness,1,1,2.036,2.036,2.036
20260930-165517,466.859,81053,7099,5,1,Might,1,1,1.124,2.560,2.560
20260930-165517,466.861,81053,6331,4,2,Might+Swiftness,1,1,36.964,36.964,36.964
20260930-165517,467.297,81053,7056,3,1,Vigor,1,1,2.474,2.998,2.998
20260930-165517,467.379,81053,7350,1,0,,0,1,0.520,0.520,0.520
20260930-165517,467.379,81053,7099,5,0,,0,1,0.520,0.520,0.520
20260930-165517,484.815,81053,5412,5,1,Protection,1,1,17.954,17.954,17.954
20260930-165517,485.337,81053,20124,4,0,,0,1,0.522,0.522,0.522
20260930-165517,485.337,81053,13457,8,2,Regeneration+Protection,1,1,55.440,55.440,55.440
20260930-165517,485.339,81053,7139,1,0,,0,0,17.960,18.480,18.480
20260930-165517,485.339,81053,2774,8,4,Might+Alacrity+Stability+Protection,1,1,19.002,21.040,21.040
20260930-165517,485.339,81053,5313,8,1,Alacrity,1,1,18.042,18.042,18.042
20260930-165517,485.857,81053,2885,6,0,,0,1,0.518,0.518,0.518
20260930-165517,486.259,81053,2623,6,0,,0,1,0.402,0.920,0.920
20260930-165517,486.783,81053,10388,3,1,Might,1,1,1.446,1.968,1.968
20260930-165517,486.783,81053,8862,6,2,Might+Stability,1,1,1.446,1.446,1.446
20260930-165517,486.853,81053,2717,6,0,,0,1,0.594,1.514,1.514
20260930-165517,486.891,81053,5296,7,1,Stability,1,1,1.552,1.552,1.552
20260930-165517,487.899,81053,6223,7,2,Alacrity+Swiftness,1,1,1.116,1.116,1.116
20260930-165517,487.899,81053,4609,9,2,Alacrity+Swiftness,1,1,86.278,86.800,86.800
20260930-165517,487.899,81053,6891,2,1,Swiftness,1,1,1.116,1.116,1.116
20260930-165517,487.899,81053,5360,8,4,Alacrity+Swiftness+Regeneration+Protection,1,1,20.520,21.040,21.040
20260930-165517,487.899,81053,4878,9,1,Alacrity,1,1,58.002,58.002,58.002
20260930-165517,488.417,81053,6891,2,0,,0,1,0.518,0.518,0.518
20260930-165517,488.417,81053,8000,5,0,,0,1,0.518,0.518,0.518
20260930-165517,488.417,81053,5145,7,1,Fury,1,1,1.526,1.526,1.526
20260930-165517,488.417,81053,7281,9,0,,0,1,0.518,0.518,0.518
20260930-165517,488.417,81053,4609,6,0,,0,1,0.518,0.518,0.518
20260930-165517,488.417,81053,6223,5,0,,0,1,0.518,0.518,0.518
20260930-165517,488.417,81053,2498,7,4,Resistance+Protection+Might+Quickness,1,1,1.564,3.078,3.078
20260930-165517,497.931,81326,565,2,1,Swiftness,1,1,9.514,9.514,9.514
20260930-165517,499.497,81326,565,1,1,Might,1,1,1.566,1.566,1.566
20260930-165517,499.497,81326,1189,1,1,Might,1,1,11.080,11.080,11.080
20260930-165517,499.497,81326,878,1,1,Might,1,1,11.080,11.598,11.598
20260930-170422,356.272,81326,937,2,1,Might,1,1,,,
20260930-170422,356.272,81326,550,3,4,Protection+Might+Fury+Swiftness,1,1,,,
20260930-170422,356.272,81326,762,3,1,Fury,1,1,,,
20260930-170422,356.272,81326,938,5,5,Stability+Fury+Might+Quickness+Regeneration,1,1,,,
20260930-170422,356.790,81326,938,1,0,,0,1,0.518,0.518,0.518
20260930-170422,356.790,81326,762,2,0,,0,1,0.518,0.518,0.518
20260930-170422,356.790,81326,822,1,0,,0,1,0.518,0.518,0.518
20260930-170422,357.310,81326,762,4,0,,0,1,0.520,1.038,1.038
20260930-170422,357.310,81326,806,7,7,Alacrity+Protection+Resistance+Stability+Swiftness+Fury+Might,1,1,,,
20260930-170422,357.312,81326,822,3,0,,0,1,0.522,1.040,1.040
20260930-170422,357.312,81326,543,2,4,Protection+Might+Fury+Swiftness,1,1,,,
20260930-170422,357.830,81326,604,3,1,Protection,1,1,1.558,1.558,1.558
20260930-170422,357.830,81326,1227,5,0,,0,1,0.518,1.558,1.558
20260930-170422,357.830,81326,1203,1,2,Protection+Quickness,0,1,0.520,0.520,0.520
20260930-170422,386.588,81326,460,8,4,Regeneration+Alacrity+Swiftness+Protection,1,1,29.276,29.276,29.276
20260930-170422,386.588,81326,538,9,7,Might+Quickness+Resistance+Alacrity+Regeneration+Swiftness+Vigor,1,1,28.758,28.758,29.278
20260930-170422,387.108,81326,538,1,0,,0,1,0.520,0.520,0.520
20260930-170422,387.626,81326,803,2,0,,0,1,0.518,1.038,1.038
20260930-170422,388.142,81326,803,2,0,,0,1,0.516,1.554,1.554
20260930-170422,416.622,81326,592,10,1,Swiftness,1,1,,,
20260930-170422,416.622,81326,569,7,1,Swiftness,1,1,,,
20260930-170422,418.182,81326,647,7,1,Swiftness,1,1,60.872,61.910,61.910
20260930-170422,418.182,81326,805,9,4,Stability+Might+Resolution+Vigor,1,1,60.352,61.910,61.910
20260930-170422,418.182,81326,805,8,7,Might+Resolution+Vigor+Swiftness+Fury+Protection+Quickness,1,1,30.040,31.594,31.594
20260930-191231,341.028,81326,545,7,1,Fury,1,1,,,
20260930-191231,341.028,81326,586,4,4,Protection+Swiftness+Quickness+Fury,1,1,,,
20260930-191231,342.062,81326,608,7,0,,0,1,,,
20260930-191231,342.062,81326,875,2,2,Fury+Might,1,1,1.034,1.034,1.034
20260930-191231,342.062,81326,507,6,0,,0,1,,,
20260930-191231,342.062,81326,506,3,0,,0,1,,,
20260930-191231,342.584,81326,506,4,1,Might,0,1,0.522,,
20260930-191231,342.584,81326,608,7,0,,0,1,0.522,,
20260930-191231,342.584,81326,490,7,0,,0,1,,,
20260930-191231,342.586,81326,834,6,0,,0,1,,,
20260930-191231,342.586,81326,504,8,0,,0,1,,,
20260930-191231,371.186,81326,579,9,1,Stability,1,1,,,
20260930-191231,371.186,81326,879,7,1,Stability,1,1,28.600,,
20260930-191231,371.188,81326,532,9,4,Stability+Might+Regeneration+Vigor,1,1,28.604,,
20260930-191231,371.706,81326,532,6,0,,0,1,0.518,0.518,0.518
20260930-191231,372.744,81326,879,9,1,Alacrity,1,1,1.558,1.558,1.558
20260930-191231,372.744,81326,646,6,1,Regeneration,1,1,30.160,30.160,
20260930-191231,403.906,81053,10682,3,2,Might+Quickness,0,0,61.844,61.844,61.844
20260930-191231,403.906,81053,9245,2,2,Might+Fury,1,1,61.844,,
20260930-191231,404.024,81053,10852,0,0,,1,1,31.280,31.280,31.280
20260930-191231,404.426,81053,9245,2,0,,0,0,0.520,0.520,0.520
20260930-191231,405.025,81053,10852,0,0,,0,0,1.001,32.281,1.001
20260930-192340,291.314,81326,528,10,1,Fury,1,1,,,
20260930-192340,291.314,81326,602,9,1,Stability,1,1,,,
20260930-192340,292.350,81326,602,9,1,Might,1,1,1.036,1.036,1.036
20260930-192340,292.874,81326,581,9,1,Protection,1,1,,,
20260930-192340,292.874,81326,540,2,4,Protection+Quickness+Swiftness+Regeneration,1,1,,,
20260930-192340,292.874,81326,600,7,1,Fury,1,1,,,
20260930-192340,292.874,81326,620,6,0,,0,1,0.524,0.524,0.524
20260930-192340,292.874,81326,555,6,8,Protection+Vigor+Regeneration+Alacrity+Resolution+Might+Quickness+Swiftness,1,1,,,
20260930-192340,320.588,81326,679,8,1,Resolution,1,1,,,
20260930-192340,320.588,81326,536,10,1,Resolution,1,1,27.714,27.714,27.714
20260930-192340,320.588,81326,515,9,1,Regeneration,1,1,,,
20260930-192340,320.588,81326,513,8,4,Regeneration+Fury+Might+Alacrity,1,1,27.714,27.714,27.714
20260930-192340,320.588,81326,872,8,1,Might,1,1,,,
20260930-192340,321.106,81326,872,7,0,,0,1,0.518,0.518,0.518
20260930-192340,321.106,81326,515,8,0,,0,1,0.518,0.518,0.518
20260930-192340,321.106,81326,536,8,0,,0,1,0.518,0.518,0.518
20260930-192340,321.106,81326,513,6,0,,0,1,0.518,0.518,0.518
20260930-192340,321.106,81326,679,7,0,,0,1,0.518,0.518,0.518
20260930-192340,321.626,81326,570,6,0,,0,1,0.520,1.038,1.038
20260930-192340,321.626,81326,823,8,0,,0,1,0.520,1.038,1.038
20260930-192340,321.626,81326,515,9,0,,0,1,0.520,1.038,1.038
20260930-192340,321.628,81326,569,4,0,,0,1,28.754,28.754,28.754
20260930-192340,322.152,81326,569,5,0,,0,1,0.524,29.278,29.278
20260930-192340,322.152,81326,570,6,0,,0,1,0.526,1.564,1.564
20260930-192340,322.154,81326,823,8,0,,0,1,0.528,1.566,1.566
20260930-192340,322.154,81326,515,9,0,,0,1,0.528,1.566,1.566
20260930-192340,322.154,81326,755,7,1,Might,1,1,1.048,1.566,1.566
20260930-192340,322.154,81326,596,9,1,Might,1,1,1.048,1.566,1.566
20260930-192340,335.948,81053,2677,9,2,Stability+Fury,1,1,13.794,15.360,15.360
20260930-192340,335.948,81053,3527,9,1,Resolution,1,1,13.794,13.794,13.794
20260930-192340,335.948,81053,2404,9,1,Resolution,1,1,,,
20260930-192340,336.474,81053,2931,10,1,Protection,1,1,45.160,45.160,45.160
20260930-192340,336.474,81053,7344,8,0,,0,1,0.526,0.526,0.526
20260930-192340,336.476,81053,6676,9,1,Alacrity,1,1,43.602,44.126,44.126
20260930-192340,336.476,81053,5574,8,0,,0,1,0.528,0.528,0.528
20260930-192340,336.476,81053,2898,11,1,Swiftness,1,1,14.322,14.322,14.322
20260930-192340,336.476,81053,4450,9,1,Alacrity,1,1,14.322,15.888,15.888
20260930-192340,336.476,81053,2503,8,0,,0,1,0.528,0.528,0.528
20260930-192340,336.476,81053,6715,8,4,Fury+Resolution+Protection+Vigor,1,1,14.324,15.888,15.888
20260930-192340,336.476,81053,2993,9,1,Fury,1,1,43.602,43.602,43.602
20260930-192340,336.986,81053,4021,4,0,,0,1,0.510,0.510,0.510
20260930-192340,336.986,81053,2787,8,0,,0,1,0.510,1.038,1.038
20260930-192340,336.986,81053,2769,9,4,Fury+Resolution+Protection+Vigor,1,1,14.834,44.112,44.112
20260930-192340,337.386,81053,4375,9,0,,0,1,0.912,0.912,0.912
20260930-192340,337.386,81053,2503,8,0,,0,1,0.910,1.438,1.438
20260930-192340,337.386,81053,4450,8,0,,0,1,0.910,0.910,0.910
20260930-192340,337.386,81053,2993,9,0,,0,1,0.910,0.910,0.910
20260930-192340,337.510,81053,4375,9,0,,0,1,0.124,1.036,1.036
20260930-192340,337.510,81053,2993,9,0,,0,1,0.124,1.034,1.034
20260930-192340,337.510,81053,3338,9,1,Protection,1,1,1.034,1.034,1.034
20260930-192340,337.510,81053,2694,8,0,,0,1,0.524,1.034,1.034
20260930-192340,337.990,81053,2993,9,0,,0,1,0.480,1.514,1.514
20260930-192340,338.510,81053,3672,8,1,Resolution,1,1,2.036,2.562,2.562
20260930-192340,338.512,81053,2694,8,0,,0,1,1.002,2.036,2.036
20260930-192340,338.512,81053,4005,8,1,Alacrity,1,1,1.126,2.036,2.036
20260930-192340,338.944,81053,7344,8,0,,0,1,0.434,0.434,0.434
20260930-192340,338.944,81053,5118,9,0,,0,1,0.432,2.468,2.468
20260930-192340,339.032,81053,3605,8,0,,0,1,0.520,0.520,0.520
20260930-192340,339.032,81053,2787,7,2,Might+Alacrity,1,1,2.046,3.084,3.084
20260930-192340,339.032,81053,2503,10,1,Alacrity,1,1,1.646,3.084,3.084
20260930-192340,339.032,81053,2993,9,1,Vigor,1,1,1.042,2.556,2.556
20260930-192340,339.546,81053,4160,5,0,,0,1,0.514,0.514,0.514
20260930-192340,339.546,81053,2503,9,0,,0,1,0.514,0.514,0.514
20260930-192340,339.546,81053,4005,8,0,,0,1,0.514,1.034,1.034
20260930-192340,358.904,81053,2367,8,4,Fury+Might+Swiftness+Regeneration,1,1,19.960,22.428,22.428
20260930-192340,358.904,81053,2630,8,1,Resolution,1,1,19.872,19.872,19.872
20260930-192340,358.904,81053,3910,8,1,Resolution,1,1,19.358,20.392,20.392
20260930-192340,358.904,81053,2199,8,1,Fury,1,1,19.358,19.872,19.872
20260930-192340,358.906,81053,2933,9,1,Resolution,1,1,21.396,21.396,21.396
20260930-192340,360.432,81053,3910,9,1,Stability,1,1,1.528,1.528,1.528
20260930-192340,360.432,81053,2630,4,4,Protection+Quickness+Resolution+Resistance,1,1,1.528,1.528,1.528
20260930-192340,360.432,81053,2630,9,1,Stability,1,1,1.528,1.528,1.528
20260930-192340,360.432,81053,2933,8,1,Regeneration,1,1,1.526,1.526,1.526
20260930-192340,360.432,81053,2443,8,1,Resolution,1,1,1.528,1.528,1.528
20260930-192340,360.432,81053,2433,8,4,Protection+Fury+Might+Swiftness,1,1,23.446,23.446,23.446
20260930-192340,360.434,81053,3585,8,1,Resolution,1,1,21.490,21.924,21.924
20260930-192340,360.434,81053,2498,8,2,Stability+Fury,1,1,20.888,21.402,21.402
20260930-192340,360.434,81053,2576,7,1,Stability,1,1,22.924,23.960,23.960
20260930-192340,373.788,81053,2698,7,1,Fury,1,1,13.356,13.356,13.356
20260930-192340,374.314,81053,2508,10,2,Fury+Resistance,1,1,13.880,13.880,13.880
20260930-192340,374.314,81053,2693,9,4,Protection+Fury+Stability+Resistance,1,1,13.882,13.882,13.882
20260930-192340,374.314,81053,2992,6,0,,0,1,0.526,0.526,0.526
20260930-192340,374.824,81053,2898,10,0,,0,1,38.348,38.348,38.348
20260930-192340,374.824,81053,4020,6,0,,0,1,0.510,0.510,0.510
20260930-192340,374.824,81053,2508,7,0,,0,1,0.510,0.510,0.510
20260930-192340,375.232,81053,2992,5,0,,0,1,0.918,1.444,1.444
20260930-192340,375.350,81053,4467,7,0,,0,1,0.526,1.036,1.036
20260930-192340,375.350,81053,2786,8,0,,0,1,0.526,1.036,1.036
20260930-192340,375.350,81053,3220,10,0,,0,1,0.526,38.874,38.874
20260930-192340,375.350,81053,4079,11,0,,0,1,14.916,14.916,14.916
20260930-192340,375.832,81053,3337,7,0,,0,1,15.400,15.400,15.400
20260930-192340,375.832,81053,2786,9,0,,0,1,0.482,1.518,1.518
20260930-192340,375.832,81053,2930,7,0,,0,1,15.398,15.398,15.398
20260930-192340,375.832,81053,4449,7,0,,0,1,15.400,15.400,15.400
20260930-192340,375.832,81053,2780,9,0,,0,1,15.400,15.400,15.400
20260930-192340,375.832,81053,2769,7,4,Might+Protection+Stability+Fury,1,1,15.400,15.400,15.400
20260930-192340,383.666,81326,591,11,1,Swiftness,1,1,7.834,23.234,23.234
20260930-192340,383.666,81326,879,7,1,Regeneration,1,1,8.434,9.878,9.878
20260930-192340,383.666,81326,914,3,4,Resolution+Might+Regeneration+Alacrity,1,1,8.316,9.352,9.352
20260930-192340,384.188,81326,570,10,1,Protection,1,1,8.838,47.712,47.712
20260930-192340,384.706,81326,1306,5,1,Swiftness,1,1,8.874,24.274,24.274
20260930-192340,394.029,81053,2535,10,1,Protection,1,1,18.197,33.597,33.597
20260930-192340,394.152,81053,5870,11,1,Stability,1,1,9.964,9.964,9.964
20260930-192340,394.154,81053,7438,11,1,Might,1,1,18.804,33.720,33.720
20260930-192340,394.154,81053,2728,11,4,Might+Fury+Stability+Resistance,1,1,10.488,10.488,10.488
20260930-192340,394.154,81053,4431,9,1,Swiftness,1,1,18.322,33.720,33.720
20260930-192340,394.154,81053,4507,11,1,Stability,1,1,9.448,9.448,9.448
20260930-192340,394.548,81053,8862,7,0,,0,1,0.394,0.394,0.394
20260930-192340,394.548,81053,7438,9,0,,0,1,0.394,0.394,0.394
20260930-192340,394.548,81053,5870,9,0,,0,1,0.396,0.396,0.396
20260930-192340,394.548,81053,9014,9,0,,0,1,0.394,0.394,0.394
20260930-192340,394.548,81053,6266,7,1,Swiftness,1,1,10.882,10.882,10.882
20260930-192340,394.626,81053,2823,9,2,Stability+Alacrity,1,1,18.794,20.312,20.312
20260930-192340,394.626,81053,3783,8,0,,0,1,0.597,0.597,0.597
20260930-192340,394.626,81053,5620,6,0,,0,1,0.472,0.472,0.472
20260930-192340,394.664,81053,4056,9,0,,0,1,0.116,0.510,0.510
20260930-192340,394.664,81053,2935,9,0,,0,1,0.116,0.512,0.512
20260930-192340,394.664,81053,3988,7,0,,0,1,0.116,0.510,0.510
20260930-192340,394.664,81053,3719,10,0,,0,1,0.116,0.510,0.510
20260930-192340,395.070,81053,8112,10,0,,0,1,0.406,0.916,0.916
20260930-192340,395.144,81053,3988,9,0,,0,1,0.480,0.990,0.990
20260930-192340,395.144,81053,2935,10,0,,0,1,0.480,0.992,0.992
20260930-192340,395.144,81053,3719,11,0,,0,1,0.480,0.990,0.990
20260930-192340,395.144,81053,2535,9,0,,0,1,0.518,1.115,1.115
20260930-192340,395.590,81053,5456,7,0,,0,1,0.964,1.436,1.436
20260930-192340,395.590,81053,7438,11,0,,0,1,0.446,1.436,1.436
20260930-192340,395.590,81053,4056,9,0,,0,0,0.520,1.436,1.436
20260930-192340,395.590,81053,5870,8,0,,0,1,0.446,1.438,1.438
20260930-192340,395.668,81053,3988,9,0,,0,1,0.524,1.514,1.514
20260930-192340,396.192,81053,2728,8,0,,0,1,0.602,2.038,2.038
20260930-192340,396.192,81053,4187,2,2,Vigor+Might,1,1,20.360,20.360,20.360
20260930-192340,396.192,81053,2535,10,1,Protection,1,1,1.048,2.163,2.163
20260930-192340,396.192,81053,2823,7,2,Protection+Fury,1,1,1.566,1.566,1.566
20260930-192340,413.470,81326,766,8,2,Swiftness+Regeneration,1,1,17.802,19.316,19.316
20260930-192340,413.470,81326,728,4,2,Swiftness+Regeneration,1,1,17.278,17.278,17.278
20260930-192340,413.470,81326,714,8,1,Might,1,1,17.880,19.316,19.316
20260930-192340,413.470,81326,1292,2,1,Regeneration,1,1,17.880,19.316,19.316
20260930-192340,413.988,81326,524,6,5,Might+Fury+Alacrity+Regeneration+Protection,1,1,17.796,19.834,19.834
20260930-192340,413.988,81326,935,9,1,Might,1,1,18.398,19.836,19.836
20260930-192340,421.626,81053,6367,4,2,Resolution+Might,1,1,8.156,8.156,8.156
20260930-192340,421.626,81053,4687,7,1,Might,1,1,7.638,7.638,7.638
20260930-192340,421.626,81053,4507,1,1,Stability,1,1,8.156,8.156,8.156
20260930-192340,421.626,81053,4840,0,0,,1,1,37.960,37.960,37.960
20260930-192340,422.150,81053,4840,0,0,,0,0,0.524,38.484,0.524
20260930-192340,422.150,81053,10250,3,4,Stability+Fury+Might+Resolution,1,1,8.162,8.162,8.162
20260930-192340,422.150,81053,4507,0,0,,0,1,0.524,0.524,0.524
20260930-192340,422.150,81053,3190,6,1,Stability,1,1,25.958,25.958,25.958
20260930-192340,422.150,81053,4687,4,0,,0,1,0.524,0.524,0.524
20260930-192340,422.548,81053,4507,4,0,,0,1,0.398,0.922,0.922
20260930-192340,422.548,81053,4687,6,0,,0,1,0.398,0.922,0.922
20260930-192340,422.548,81053,3190,6,0,,0,1,0.398,0.398,0.398
20260930-192340,422.668,81053,6380,6,0,,0,1,0.120,0.518,0.518
20260930-192340,422.668,81053,9374,6,0,,0,1,0.120,1.042,1.042
20260930-192340,422.668,81053,9014,4,0,,0,1,0.120,1.042,1.042
20260930-192340,422.668,81053,5125,0,0,,0,1,0.518,0.518,0.518
20260930-192340,423.062,81053,5335,0,0,,0,1,0.394,0.912,0.912
20260930-192340,423.146,81053,13256,3,2,Resolution+Might,1,1,1.520,1.520,1.520
20260930-192340,423.146,81053,9758,7,0,,0,1,0.478,1.520,1.520
20260930-192340,423.184,81053,4141,7,1,Resistance,1,1,9.714,9.714,9.714
20260930-192340,423.184,81053,2823,7,0,,0,1,0.516,1.034,1.034
20260930-192340,423.592,81053,2823,7,0,,0,1,0.408,1.442,1.442
20260930-192340,423.592,81053,4879,7,0,,0,1,0.446,1.966,1.966
20260930-192340,423.592,81053,5335,2,0,,0,1,0.530,1.442,1.442
20260930-192340,423.592,81053,3764,0,2,Protection+Stability,1,1,29.044,29.044,29.044
20260930-192340,423.670,81053,7365,1,0,,0,1,0.524,0.524,0.524
20260930-192340,423.670,81053,4141,6,0,,0,1,0.486,0.486,0.486
20260930-192340,424.110,81053,4141,6,0,,0,1,0.440,0.926,0.926
20260930-192340,424.702,81053,3776,7,5,Might+Quickness+Resistance+Resolution+Vigor,1,1,28.510,28.510,28.510
20260930-192340,442.422,81053,5609,3,3,Swiftness+Fury+Might,1,1,20.272,58.756,20.796
20260930-192340,442.422,81053,6969,2,2,Fury+Might,1,1,18.752,19.276,19.276
20260930-192340,442.422,81053,3437,9,1,Swiftness,1,1,18.830,20.796,20.796
20260930-192340,442.422,81053,4439,1,1,Fury,1,1,19.754,20.796,20.796
20260930-192340,442.422,81053,5475,2,2,Swiftness+Fury,1,1,18.830,18.830,18.830
20260930-192340,442.422,81053,4354,5,1,Swiftness,1,1,18.312,19.238,19.238
20260930-192340,442.422,81053,7088,5,1,Swiftness,1,1,28.952,28.952,28.952
20260930-192340,442.422,81053,3194,2,2,Protection+Stability,1,1,18.830,20.272,20.272
20260930-192340,442.784,81326,752,4,0,,0,1,0.362,0.362,0.362
20260930-192340,442.784,81326,946,0,0,,0,1,0.362,0.362,0.362
20260930-192340,442.952,81053,2955,8,5,Protection+Vigor+Might+Stability+Resistance,1,1,18.250,18.250,18.250
20260930-192340,442.954,81053,2967,9,1,Protection,1,1,19.362,20.804,20.804
20260930-192340,442.954,81053,5609,0,0,,0,1,0.532,0.532,0.532
20260930-192340,442.954,81053,6969,0,0,,0,1,0.532,0.532,0.532
20260930-192340,442.954,81053,4354,4,0,,0,1,0.170,0.532,0.532
20260930-192340,442.954,81053,4439,0,0,,0,1,0.532,0.532,0.532
20260930-192340,442.954,81053,5475,0,0,,0,1,0.170,0.532,0.532
20260930-192340,442.954,81053,7088,4,0,,0,1,0.532,0.532,0.532
20260930-192340,442.954,81053,4768,0,0,,0,1,0.532,0.532,0.532
20260930-192340,443.306,81326,752,4,0,,0,1,0.352,0.884,0.884
20260930-192340,443.470,81053,5080,0,0,,0,1,0.516,1.048,1.048
20260930-192340,443.470,81053,7552,4,0,,0,0,0.516,1.048,1.048
20260930-192340,443.470,81053,7425,1,0,,0,1,0.516,1.048,1.048
20260930-192340,443.470,81053,5976,1,0,,0,1,0.516,1.048,1.048
20260930-192340,443.470,81053,5834,1,0,,0,1,0.516,1.048,1.048
20260930-192340,443.828,81326,847,3,0,,0,1,0.876,0.876,0.876
20260930-192340,443.828,81326,752,3,0,,0,1,0.522,1.406,1.406
20260930-192340,443.868,81053,6221,1,0,,0,1,0.398,1.446,1.446
20260930-192340,443.870,81053,7729,1,0,,0,0,0.400,1.448,1.448
20260930-192340,443.870,81053,6914,1,0,,0,0,0.400,1.448,1.448
20260930-192340,443.990,81053,6136,1,1,Vigor,1,1,1.036,1.568,1.568
20260930-192340,444.350,81326,969,1,0,,0,1,0.482,1.928,1.928
20260930-192340,444.350,81326,765,8,1,Might,1,1,1.396,1.396,1.396
20260930-192340,444.350,81326,752,2,0,,0,1,0.522,1.928,1.928
20260930-192340,444.350,81326,594,7,1,Regeneration,1,1,1.928,1.928,1.928
20260930-192340,444.472,81053,17420,1,0,,0,1,0.122,2.050,2.050
20260930-192340,444.472,81053,6894,0,0,,0,1,0.482,0.482,0.482
20260930-192340,444.512,81053,7332,6,0,,0,1,0.162,0.162,0.162
20260930-192340,444.986,81053,7348,1,0,,0,0,0.514,0.996,0.996
20260930-192340,444.986,81053,9284,0,0,,1,1,1.516,2.564,2.564
20260930-192340,444.986,81053,13803,3,1,Might,1,1,1.516,2.564,2.564
20260930-192340,444.986,81053,5689,6,0,,0,1,0.636,0.636,0.636
20260930-192340,445.508,81053,9284,0,0,,0,1,0.522,3.086,0.522
20260930-192340,445.508,81053,13803,1,0,,0,0,0.522,0.522,0.522
20260930-193130,288.314,81326,759,9,2,Protection+Resolution,1,1,,,
20260930-193130,288.830,81326,557,10,1,Fury,1,1,,,
20260930-193130,288.830,81326,621,10,1,Swiftness,1,1,,,
20260930-193130,288.830,81326,828,9,1,Fury,1,1,,,
20260930-193130,289.348,81326,828,8,0,,0,1,0.518,0.518,0.518
20260930-193130,289.348,81326,1134,9,2,Resolution+Alacrity,1,1,1.034,1.034,1.034
20260930-193130,289.348,81326,518,8,1,Fury,1,1,,,
20260930-193130,289.348,81326,599,10,1,Fury,1,1,,,
20260930-193130,289.350,81326,640,10,0,,0,1,0.520,0.520,0.520
20260930-193130,289.350,81326,557,9,0,,0,1,0.520,0.520,0.520
20260930-193130,289.350,81326,557,10,1,Alacrity,1,1,,,
20260930-193130,289.350,81326,546,11,1,Alacrity,1,1,,,
20260930-193130,289.874,81326,557,9,0,,0,1,0.524,0.524,0.524
20260930-193130,289.874,81326,546,9,0,,0,1,0.524,0.524,0.524
20260930-193130,289.874,81326,518,7,0,,0,1,0.526,0.526,0.526
20260930-193130,289.874,81326,599,10,0,,0,1,0.526,0.526,0.526
20260930-193130,289.874,81326,1134,7,0,,0,1,0.526,0.526,0.526
20260930-193130,289.874,81326,640,11,0,,0,1,0.524,1.044,1.044
20260930-193130,289.874,81326,573,7,1,Might,1,1,,,
20260930-193130,317.908,81326,735,9,2,Resolution+Regeneration,1,1,28.034,28.560,28.560
20260930-193130,317.908,81326,524,7,1,Resolution,1,1,28.034,28.560,28.560
20260930-193130,317.908,81326,452,8,1,Resolution,1,1,28.034,28.560,28.560
20260930-193130,317.908,81326,835,8,1,Alacrity,1,1,,,
20260930-193130,317.908,81326,500,8,1,Resolution,1,1,28.034,28.034,28.034
20260930-193130,317.908,81326,487,8,1,Resolution,1,1,28.034,28.558,28.558
20260930-193130,317.908,81326,1374,7,1,Alacrity,1,1,28.560,29.078,29.078
20260930-193130,318.434,81326,524,6,0,,0,1,0.526,0.526,0.526
20260930-193130,318.434,81326,835,6,0,,0,1,0.526,0.526,0.526
20260930-193130,319.476,81326,487,8,1,Resolution,1,1,1.568,1.568,1.568
20260930-193130,319.476,81326,500,10,1,Resolution,1,1,1.568,1.568,1.568
20260930-193130,319.476,81326,1374,6,1,Swiftness,1,1,1.568,1.568,1.568
20260930-193130,319.476,81326,835,6,1,Might,1,1,1.042,1.568,1.568
20260930-193130,319.476,81326,897,7,1,Swiftness,1,1,30.126,30.646,30.646
20260930-193130,319.476,81326,452,10,1,Resolution,1,1,1.568,1.568,1.568
20260930-193130,319.476,81326,524,9,1,Protection,1,1,1.042,1.568,1.568
20260930-193130,319.476,81326,737,10,2,Might+Vigor,1,1,1.568,1.568,1.568
20260930-193130,319.476,81326,1311,8,1,Might,1,1,29.602,30.126,30.126
20260930-193130,327.910,81053,4223,6,1,Might,1,1,8.434,8.434,8.434
20260930-193130,328.432,81053,3807,7,0,,0,1,0.522,0.522,0.522
20260930-193130,328.432,81053,3403,8,1,Might,1,1,8.956,8.956,8.956
20260930-193130,328.950,81053,3476,7,0,,0,1,0.518,0.518,0.518
20260930-193130,329.352,81053,2200,9,1,Protection,1,1,9.876,9.876,9.876
20260930-193130,329.352,81053,2605,8,0,,0,1,0.920,1.442,1.442
20260930-193130,329.352,81053,2798,9,1,Resolution,1,1,9.876,9.876,9.876
20260930-193130,329.352,81053,3476,7,0,,0,1,0.402,0.920,0.920
20260930-193130,329.466,81053,2558,10,1,Regeneration,1,1,9.990,9.990,9.990
20260930-193130,329.466,81053,5188,7,0,,0,1,0.114,1.034,1.034
20260930-193130,329.466,81053,2599,8,1,Protection,1,1,9.990,9.990,9.990
20260930-193130,329.466,81053,2605,9,0,,0,1,0.114,1.556,1.556
20260930-193130,329.466,81053,2798,8,0,,0,1,0.114,0.114,0.114
20260930-193130,329.946,81053,5188,7,0,,0,1,0.480,1.514,1.514
20260930-193130,329.946,81053,3879,8,0,,0,1,0.480,0.480,0.480
20260930-193130,329.946,81053,2558,9,0,,0,1,0.480,0.480,0.480
20260930-193130,330.908,81053,2705,9,1,Resolution,1,1,41.034,42.078,42.078
20260930-193130,330.908,81053,1980,10,1,Regeneration,1,1,1.556,1.556,1.556
20260930-193130,330.908,81053,2425,10,1,Protection,1,1,11.432,11.432,11.432
20260930-193130,330.908,81053,2344,9,1,Fury,1,1,1.442,2.998,2.998
20260930-193130,330.908,81053,2917,10,2,Protection+Regeneration,1,1,11.432,11.432,11.432
20260930-193130,331.510,81053,2196,9,0,,0,1,0.602,0.602,0.602
20260930-193130,331.512,81053,2600,8,0,,0,1,0.604,0.604,0.604
20260930-193130,331.512,81053,2941,8,0,,0,1,0.604,0.604,0.604
20260930-193130,351.916,81053,4492,9,1,Might,1,1,20.404,21.008,21.008
20260930-193130,351.916,81053,5360,10,1,Resistance,1,1,21.008,21.008,21.008
20260930-193130,351.916,81053,5190,8,1,Might,1,1,21.970,22.450,22.450
20260930-193130,351.916,81053,7200,6,1,Might,1,1,22.450,22.564,22.564
20260930-193130,351.916,81053,5248,10,1,Might,1,1,21.970,23.484,23.484
20260930-193130,351.916,81053,7968,9,1,Might,1,1,32.440,32.440,32.440
20260930-193130,351.916,81053,4462,8,1,Might,1,1,20.406,21.008,21.008
20260930-193130,351.916,81053,5272,9,1,Might,1,1,21.970,22.450,22.450
20260930-193130,351.916,81053,2689,9,1,Might,1,1,20.404,21.008,21.008
20260930-193130,351.916,81053,3287,7,2,Might+Fury,1,1,21.008,21.008,21.008
20260930-193130,352.312,81053,5248,9,0,,0,1,0.396,0.396,0.396
20260930-193130,352.312,81053,5360,10,0,,0,1,0.396,0.396,0.396
20260930-193130,352.312,81053,7968,7,0,,0,1,0.396,0.396,0.396
20260930-193130,352.390,81053,7304,7,0,,0,1,0.474,0.474,0.474
20260930-193130,352.390,81053,4958,8,0,,0,1,0.474,0.474,0.474
20260930-193130,352.390,81053,5858,9,0,,0,1,0.474,0.474,0.474
20260930-193130,352.390,81053,5976,8,0,,0,1,0.474,0.474,0.474
20260930-193130,352.390,81053,8606,8,0,,0,1,0.474,0.474,0.474
20260930-193130,352.390,81053,8000,7,0,,0,1,0.474,0.474,0.474
20260930-193130,352.390,81053,4990,9,0,,0,1,0.474,0.474,0.474
20260930-193130,352.434,81053,2680,10,0,,0,1,0.122,0.518,0.518
20260930-193130,352.434,81053,3984,7,0,,0,1,0.122,0.518,0.518
20260930-193130,352.434,81053,3917,9,0,,0,1,0.122,0.518,0.518
20260930-193130,352.834,81053,5360,10,0,,0,1,0.400,0.918,0.918
20260930-193130,352.834,81053,7968,7,0,,0,1,0.400,0.918,0.918
20260930-193130,352.834,81053,8606,8,0,,0,1,0.444,0.918,0.918
20260930-193130,352.834,81053,7834,9,0,,0,1,0.400,0.918,0.918
20260930-193130,352.834,81053,2495,9,0,,0,1,0.444,0.918,0.918
20260930-193130,352.834,81053,8000,7,0,,0,1,0.444,0.918,0.918
20260930-193130,352.834,81053,4958,7,0,,0,1,0.444,0.918,0.918
20260930-193130,352.908,81053,2929,8,0,,0,1,0.518,0.992,0.992
20260930-193130,352.908,81053,3652,6,0,,0,1,0.518,0.992,0.992
20260930-193130,353.346,81053,5976,8,0,,0,1,0.956,1.430,1.430
20260930-193130,353.346,81053,4990,9,0,,0,1,0.512,1.430,1.430
20260930-193130,353.346,81053,8606,8,0,,0,1,0.512,1.430,1.430
20260930-193130,353.346,81053,9412,8,0,,0,1,0.512,1.430,1.430
20260930-193130,353.346,81053,5858,8,0,,0,1,0.438,1.430,1.430
20260930-193130,353.346,81053,5360,10,0,,0,1,0.512,1.430,1.430
20260930-193130,353.346,81053,7968,7,0,,0,1,0.512,1.430,1.430
20260930-193130,353.346,81053,4958,8,0,,0,1,0.512,1.430,1.430
20260930-193130,353.348,81053,3652,6,0,,0,1,0.440,1.432,1.432
20260930-193130,353.430,81053,3917,9,0,,0,1,0.596,1.514,1.514
20260930-193130,353.946,81053,2249,10,0,,0,1,0.600,2.030,2.030
20260930-193130,353.946,81053,2694,10,0,,0,1,0.600,2.030,2.030
20260930-193130,353.946,81053,3293,6,0,,0,1,0.598,2.030,2.030
20260930-193130,353.946,81053,2720,6,0,,0,1,0.600,2.030,2.030
20260930-193130,353.946,81053,2416,10,0,,0,1,0.600,2.030,2.030
20260930-193130,353.946,81053,4370,7,0,,0,1,0.600,2.030,2.030
20260930-193130,367.152,81053,5047,4,1,Might,1,1,13.722,15.236,15.236
20260930-193130,367.152,81053,4788,2,1,Might,1,1,13.206,15.236,15.236
20260930-193130,367.152,81053,4894,4,2,Protection+Might,1,1,13.206,15.236,15.236
20260930-193130,367.152,81053,3105,4,1,Might,1,1,13.806,15.236,15.236
20260930-193130,367.666,81053,6440,3,0,,0,1,0.514,0.514,0.514
20260930-193130,367.666,81053,7586,2,0,,0,1,0.514,0.514,0.514
20260930-193130,367.666,81053,5750,6,1,Might,1,1,14.320,15.750,15.750
20260930-193130,368.194,81053,2875,3,0,,0,0,0.528,1.042,1.042
20260930-193130,368.194,81053,7727,2,0,,0,1,0.528,1.042,1.042
20260930-193130,368.194,81053,5852,5,0,,0,1,0.528,0.528,0.528
20260930-193130,368.590,81053,5948,5,0,,0,0,0.396,0.924,0.924
20260930-193130,368.590,81053,5725,1,1,Swiftness,1,1,1.438,1.438,1.438
20260930-193130,368.590,81053,7854,1,0,,0,1,0.396,1.438,1.438
20260930-193130,368.712,81053,15708,1,0,,0,1,0.122,1.560,1.560
20260930-193130,368.712,81053,5725,0,0,,0,1,0.122,0.122,0.122
20260930-193130,368.712,81053,5130,3,1,Quickness,1,1,1.560,1.560,1.560
20260930-193130,369.112,81053,3845,4,1,Regeneration,1,1,15.166,17.196,17.196
20260930-193130,369.112,81053,10260,2,0,,0,1,0.400,0.400,0.400
20260930-193130,369.190,81053,5725,0,0,,0,1,0.478,0.600,0.600
20260930-193130,369.624,81053,3845,3,0,,0,1,0.512,0.512,0.512
20260930-193130,369.708,81053,3913,7,1,Regeneration,1,1,15.762,17.792,17.792
20260930-193130,370.146,81053,4465,3,0,,0,1,0.522,1.034,1.034
20260930-193130,370.146,81053,4795,1,0,,0,1,16.200,18.230,18.230
20260930-193906,299.433,81326,569,5,1,Swiftness,1,1,,,
20260930-193906,299.947,81326,569,4,0,,0,1,0.514,0.514,0.514
20260930-193906,328.311,81326,512,8,4,Swiftness+Protection+Might+Regeneration,1,1,,,
20260930-193906,328.311,81326,523,7,1,Protection,1,1,28.364,28.878,28.878
20260930-193906,351.145,81053,5745,3,2,Fury+Vigor,1,1,22.834,22.834,22.834
20260930-193906,351.671,81053,3124,6,4,Might+Alacrity+Stability+Fury,1,1,,,
20260930-193906,353.627,81053,5577,3,2,Stability+Fury,1,1,2.482,2.482,2.482
20260930-193906,354.227,81053,4167,10,1,Vigor,1,1,,,
20260930-193906,354.227,81053,3479,10,1,Vigor,1,1,,,
20260930-193906,354.227,81053,5556,10,5,Vigor+Might+Swiftness+Fury+Stability,1,1,,,
20260930-193906,354.227,81053,5577,4,0,,0,1,0.600,0.600,0.600
20260930-193906,354.227,81053,3659,8,5,Vigor+Might+Swiftness+Fury+Stability,1,1,25.916,25.916,25.916
20260930-193906,354.229,81053,2812,8,4,Alacrity+Fury+Might+Regeneration,1,1,2.558,2.558,2.558
20260930-193906,372.271,81053,3602,8,2,Resolution+Might,1,1,,,
20260930-193906,372.271,81053,2832,8,0,,0,1,,,
20260930-193906,372.271,81053,4636,11,0,,0,1,,,
20260930-193906,372.271,81053,5524,9,0,,0,1,18.044,18.044,18.044
20260930-193906,372.271,81053,8387,7,5,Stability+Regeneration+Alacrity+Fury+Might,1,1,18.044,18.044,18.044
20260930-193906,372.271,81053,2844,7,0,,0,1,18.042,18.042,18.042
20260930-193906,372.271,81053,3294,10,3,Might+Alacrity+Fury,1,1,,,
20260930-193906,372.271,81053,5305,9,1,Stability,1,1,18.044,18.044,18.044
20260930-193906,373.711,81053,9303,8,5,Alacrity+Might+Regeneration+Resistance+Vigor,1,1,1.440,1.440,1.440
20260930-193906,373.711,81053,3995,8,2,Might+Resolution,1,1,1.440,1.440,1.440
20260930-193906,373.791,81053,6127,9,5,Alacrity+Might+Quickness+Regeneration+Resistance,1,1,1.520,19.564,19.564
20260930-193906,374.307,81053,3995,8,0,,0,1,0.596,0.596,0.596
20260930-193906,374.307,81053,6127,4,0,,0,1,0.516,0.516,0.516
20260930-193906,374.307,81053,4675,9,1,Alacrity,1,1,20.080,20.080,20.080
20260930-193906,387.069,81053,4034,10,1,Might,1,1,14.798,14.798,14.798
20260930-193906,387.069,81053,5699,8,5,Fury+Might+Stability+Regeneration+Protection,1,1,12.762,13.278,13.278
20260930-193906,387.069,81053,4348,10,1,Might,1,1,12.762,12.762,12.762
20260930-193906,387.069,81053,11311,6,5,Might+Stability+Fury+Regeneration+Resistance,1,1,13.358,13.358,13.358
20260930-193906,387.593,81053,5315,10,1,Resolution,1,1,15.322,,
20260930-193906,387.593,81053,4034,10,0,,0,1,0.524,0.524,0.524
20260930-193906,387.593,81053,4348,10,0,,0,1,0.524,0.524,0.524
20260930-193906,387.593,81053,5097,7,2,Resolution+Regeneration,1,1,13.286,13.882,13.882
20260930-193906,387.593,81053,4025,7,4,Resolution+Regeneration+Fury+Might,1,1,15.322,33.364,33.364
20260930-193906,388.113,81053,5097,6,0,,0,1,0.520,0.520,0.520
20260930-193906,388.115,81053,4025,3,0,,0,1,0.522,0.522,0.522
20260930-193906,388.115,81053,3631,9,0,,0,1,0.522,1.046,1.046
20260930-193906,388.115,81053,5315,9,0,,0,1,0.522,0.522,0.522
20260930-193906,388.115,81053,4348,9,0,,0,1,0.522,1.046,1.046
20260930-193906,388.505,81053,5315,10,0,,0,1,0.390,0.912,0.912
20260930-193906,388.505,81053,4025,5,0,,0,1,0.390,0.912,0.912
20260930-193906,388.505,81053,3631,10,0,,0,1,0.390,1.436,1.436
20260930-193906,388.505,81053,5097,6,0,,0,1,0.392,0.912,0.912
20260930-193906,389.113,81053,6333,5,5,Might+Quickness+Vigor+Resistance+Resolution,1,1,2.044,2.044,2.044
20260930-193906,389.113,81053,4009,7,3,Resolution+Alacrity+Stability,1,1,16.842,,
20260930-193906,389.115,81053,9614,4,4,Vigor+Might+Quickness+Swiftness,1,1,2.046,2.046,2.046
20260930-193906,405.749,81053,4477,7,1,Might,1,1,17.634,18.680,18.680
20260930-193906,405.751,81053,7163,4,3,Might+Alacrity+Stability,1,1,33.480,33.480,33.480
20260930-193906,405.751,81053,9731,2,2,Fury+Might,1,1,16.638,16.638,16.638
20260930-193906,406.267,81053,5544,7,3,Might+Alacrity+Fury,1,1,17.154,17.154,17.154
20260930-193906,406.267,81053,8167,7,1,Might,1,1,17.762,18.674,18.674
20260930-193906,406.267,81053,10481,4,4,Might+Alacrity+Fury+Resolution,1,1,17.152,17.152,17.152
20260930-193906,406.267,81053,4477,6,0,,0,1,0.518,0.518,0.518
20260930-193906,406.267,81053,7163,1,0,,0,1,0.516,0.516,0.516
20260930-193906,406.267,81053,9731,0,0,,0,1,0.516,0.516,0.516
20260930-193906,406.789,81053,4477,7,0,,0,1,0.522,1.040,1.040
20260930-193906,407.183,81053,4477,7,0,,0,1,0.394,1.434,1.434
20260930-193906,407.183,81053,3738,7,1,Might,1,1,18.678,20.114,20.114
20260930-193906,407.707,81053,14326,4,3,Might+Resistance+Stability,1,1,1.440,1.956,1.956
20260930-193906,407.707,81053,19462,1,1,Might,1,1,1.440,1.956,1.956
20260930-193906,407.707,81053,7476,7,0,,0,1,0.524,0.524,0.524
20260930-193906,407.789,81053,7277,0,0,,1,1,19.284,20.196,20.196
20260930-193906,408.227,81053,7277,0,0,,1,1,0.438,20.634,0.438
20260930-193906,408.227,81053,9731,0,0,,0,1,0.520,0.520,0.520
20260930-193906,408.227,81053,3738,7,0,,0,1,0.520,1.044,1.044
20260930-193906,408.747,81053,4018,6,0,,0,1,0.520,1.564,1.564
20260930-193906,408.747,81053,7823,0,0,,0,0,0.520,21.154,0.520
20260930-194816,291.586,81326,877,7,1,Might,1,1,,,
20260930-194816,291.586,81326,491,10,1,Resistance,1,1,,,
20260930-194816,291.586,81326,493,10,1,Fury,1,1,,,
20260930-194816,291.586,81326,723,10,2,Resolution+Fury,1,1,,,
20260930-194816,291.586,81326,549,9,2,Fury+Might,1,1,,,
20260930-194816,292.104,81326,531,7,1,Resolution,1,1,,,
20260930-194816,292.104,81326,531,10,1,Fury,1,1,,,
20260930-194816,292.104,81326,723,10,0,,0,1,0.518,0.518,0.518
20260930-194816,292.630,81326,531,7,0,,0,1,0.526,0.526,0.526
20260930-194816,292.630,81326,609,8,1,Fury,1,1,,,
20260930-194816,320.746,81326,522,8,1,Resolution,1,1,28.116,28.642,28.642
20260930-194816,320.746,81326,711,9,2,Resolution+Alacrity,1,1,28.642,29.160,29.160
20260930-194816,320.746,81326,582,10,1,Resolution,1,1,28.116,28.116,28.116
20260930-194816,320.746,81326,511,9,1,Alacrity,1,1,,,
20260930-194816,321.272,81326,561,10,1,Swiftness,1,1,,,
20260930-194816,321.272,81326,484,9,1,Protection,1,1,29.686,29.686,29.686
20260930-194816,321.272,81326,776,7,1,Alacrity,1,1,29.686,29.686,29.686
20260930-194816,321.272,81326,711,8,0,,0,1,0.526,0.526,0.526
20260930-194816,321.272,81326,582,9,0,,0,1,0.526,0.526,0.526
20260930-194816,321.272,81326,522,8,0,,0,1,0.526,0.526,0.526
20260930-194816,321.272,81326,536,7,1,Protection,1,1,29.686,29.686,29.686
20260930-194816,321.792,81326,800,7,0,,0,1,0.520,0.520,0.520
20260930-194816,321.792,81326,776,6,0,,0,1,0.520,0.520,0.520
20260930-194816,321.792,81326,723,7,0,,0,1,0.520,0.520,0.520
20260930-194816,321.792,81326,561,8,0,,0,1,0.520,0.520,0.520
20260930-194816,321.792,81326,711,9,0,,0,1,0.520,1.046,1.046
20260930-194816,321.792,81326,580,8,1,Fury,1,1,29.688,29.688,29.688
20260930-194816,340.148,81053,3266,6,1,Regeneration,1,1,18.876,19.402,19.402
20260930-194816,340.270,81053,3266,5,0,,0,1,0.122,0.122,0.122
20260930-194816,340.270,81053,3041,9,2,Protection+Might,1,1,48.684,48.684,48.684
20260930-194816,340.270,81053,2939,11,2,Might+Protection,1,1,18.478,18.478,18.478
20260930-194816,340.270,81053,2731,10,2,Might+Protection,1,1,18.478,18.998,18.998
20260930-194816,340.786,81053,2944,5,0,,0,1,0.516,0.638,0.638
20260930-194816,340.786,81053,4092,7,0,,0,1,0.516,0.516,0.516
20260930-194816,359.826,81053,4557,8,1,Resistance,1,1,38.554,39.080,39.080
20260930-194816,359.826,81053,3358,7,1,Fury,1,1,38.034,39.080,39.080
20260930-194816,359.826,81053,4087,8,1,Resistance,1,1,19.040,19.678,19.678
20260930-194816,359.826,81053,5973,8,1,Resistance,1,1,39.080,39.080,39.080
20260930-194816,359.826,81053,2280,8,2,Fury+Might,1,1,38.034,38.554,38.554
20260930-194816,360.348,81053,10110,7,0,,0,1,0.522,0.522,0.522
20260930-194816,360.348,81053,5974,9,1,Fury,1,1,20.078,20.078,20.078
20260930-194816,360.348,81053,13478,5,2,Resistance+Regeneration,1,1,38.556,39.076,39.076
20260930-194816,360.348,81053,9066,7,0,,0,1,0.522,0.522,0.522
20260930-194816,360.348,81053,5466,6,2,Fury+Might,1,1,20.078,20.078,20.078
20260930-194816,360.348,81053,13250,7,0,,0,1,0.522,0.522,0.522
20260930-194816,360.348,81053,8442,8,2,Resistance+Regeneration,1,1,19.562,20.078,20.078
20260930-194816,360.348,81053,7450,6,0,,0,1,0.522,0.522,0.522
20260930-194816,360.350,81053,5058,7,0,,0,1,0.524,0.524,0.524
20260930-194816,360.350,81053,7330,8,2,Protection+Might,1,1,38.558,39.078,39.078
20260930-194816,360.872,81053,5974,9,0,,0,1,0.524,0.524,0.524
20260930-194816,360.872,81053,5466,7,0,,0,1,0.524,0.524,0.524
20260930-194816,360.872,81053,7450,8,0,,0,1,0.524,1.046,1.046
20260930-194816,360.872,81053,4515,6,0,,0,1,0.524,0.524,0.524
20260930-194816,360.872,81053,2828,8,0,,0,1,0.524,0.524,0.524
20260930-194816,360.872,81053,3037,9,0,,0,1,0.524,1.046,1.046
20260930-194816,360.872,81053,4389,7,0,,0,1,0.522,0.522,0.522
20260930-194816,360.872,81053,4439,9,0,,0,1,0.524,1.046,1.046
20260930-194816,360.872,81053,3386,9,0,,0,1,0.524,1.046,1.046
20260930-194816,361.262,81053,4439,8,0,,0,1,0.390,1.436,1.436
20260930-194816,361.262,81053,3386,8,0,,0,1,0.390,1.436,1.436
20260930-194816,361.262,81053,2828,7,0,,0,1,0.390,0.914,0.914
20260930-194816,361.262,81053,4515,5,0,,0,1,0.390,0.914,0.914
20260930-194816,361.388,81053,5466,8,0,,0,1,0.516,1.040,1.040
20260930-194816,361.390,81053,9030,5,0,,0,1,0.128,1.042,1.042
20260930-194816,361.390,81053,5656,7,0,,0,1,0.128,1.042,1.042
20260930-194816,361.390,81053,5974,9,0,,0,1,0.518,1.042,1.042
20260930-194816,361.390,81053,6772,8,0,,0,1,0.128,1.564,1.564
20260930-194816,361.390,81053,6074,8,0,,0,1,0.518,1.564,1.564
20260930-194816,361.390,81053,3725,9,0,,0,1,0.518,1.564,1.564
20260930-194816,361.780,81053,6506,8,0,,0,1,0.390,1.954,1.954
20260930-194816,361.780,81053,5250,8,0,,0,1,0.392,1.432,1.432
20260930-194816,361.780,81053,5432,7,0,,0,1,0.390,1.432,1.432
20260930-194816,361.780,81053,7158,9,0,,0,1,0.390,1.954,1.954
20260930-194816,361.862,81053,5834,8,0,,0,1,0.472,2.036,2.036
20260930-194816,361.862,81053,5740,9,0,,0,1,0.472,1.514,1.514
20260930-194816,361.908,81053,2716,7,0,,0,1,0.128,1.560,1.560
20260930-194816,361.908,81053,2625,8,0,,0,1,0.128,1.560,1.560
20260930-194816,361.908,81053,2429,9,2,Might+Regeneration,1,1,1.558,2.082,2.082
20260930-194816,361.910,81053,3253,8,0,,0,1,0.130,2.084,2.084
20260930-194816,362.302,81053,8528,8,1,Fury,1,1,1.040,2.476,2.476
20260930-194816,362.302,81053,5432,7,0,,0,1,0.394,1.954,1.954
20260930-194816,362.384,81053,2625,8,0,,0,1,0.476,2.036,2.036
20260930-194816,362.822,81053,4928,8,0,,0,1,0.438,2.474,2.474
20260930-194816,362.822,81053,9578,4,2,Fury+Might,1,1,1.432,2.474,2.474
20260930-194816,362.822,81053,4002,7,0,,0,1,0.520,0.520,0.520
20260930-194816,362.822,81053,2738,8,0,,0,1,0.960,2.996,2.996
20260930-194816,362.908,81053,2052,8,0,,0,1,1.000,1.000,1.000
20260930-194816,363.424,81053,2733,8,0,,0,1,0.602,3.076,3.076
20260930-194816,363.426,81053,2276,8,0,,0,1,0.518,1.518,1.518
20260930-194816,363.426,81053,5312,2,0,,0,1,0.604,0.604,0.604
20260930-194816,363.426,81053,3386,8,1,Fury,1,1,1.516,3.600,3.600
20260930-194816,379.946,81326,537,7,0,,0,1,19.074,19.596,19.596
20260930-194816,379.946,81326,489,6,0,,0,1,17.124,17.644,17.644
20260930-194816,379.946,81326,513,4,0,,0,1,16.520,18.038,18.038
20260930-194816,379.946,81326,554,5,0,,0,1,16.522,19.598,19.598
20260930-194816,379.946,81326,516,5,0,,0,1,17.644,19.598,19.598
20260930-194816,379.946,81326,463,6,0,,0,1,18.084,19.598,19.598
20260930-194816,379.946,81326,618,6,0,,0,1,16.520,16.520,16.520
20260930-194816,379.946,81326,554,7,0,,0,1,17.124,20.120,20.120
20260930-194816,380.466,81326,618,8,0,,0,1,0.520,17.040,17.040
20260930-194816,380.466,81326,516,6,0,,0,1,0.520,20.118,20.118
20260930-194816,380.466,81326,463,5,0,,0,1,0.520,20.118,20.118
20260930-194816,380.986,81326,516,5,0,,0,1,0.520,20.638,20.638
20260930-194816,385.348,81053,3320,7,1,Swiftness,1,1,23.568,25.522,25.522
20260930-194816,385.348,81053,2621,8,2,Regeneration+Might,1,1,5.402,24.998,24.998
20260930-194816,385.348,81053,2263,8,1,Protection,1,1,4.882,25.000,25.000
20260930-194816,385.348,81053,2254,7,2,Protection+Resolution,1,1,5.402,23.440,23.440
20260930-194816,385.350,81053,4024,7,2,Regeneration+Might,1,1,21.924,22.528,22.528
20260930-194816,385.350,81053,4040,5,2,Swiftness+Alacrity,1,1,5.404,25.002,25.002
20260930-194816,385.864,81053,3747,7,0,,0,1,0.516,0.516,0.516
20260930-194816,385.864,81053,3731,6,0,,0,1,0.516,0.516,0.516
20260930-194816,385.864,81053,3348,10,1,Protection,1,1,5.398,22.438,22.438
20260930-194816,385.864,81053,2795,10,2,Swiftness+Alacrity,1,1,4.878,25.516,25.516
20260930-194816,385.864,81053,8928,7,0,,0,1,0.514,0.514,0.514
20260930-194816,386.386,81053,4024,7,0,,0,1,0.522,1.036,1.036
20260930-194816,386.788,81053,3320,7,1,Resolution,1,1,1.440,1.440,1.440
20260930-194816,386.788,81053,3378,7,0,,0,1,0.924,1.440,1.440
20260930-194816,386.788,81053,4505,10,0,,0,1,0.924,0.924,0.924
20260930-194816,386.788,81053,4040,5,2,Swiftness+Resolution,1,1,1.438,1.438,1.438
20260930-194816,386.788,81053,3364,7,0,,0,1,0.924,1.440,1.440
20260930-194816,386.790,81053,2520,8,0,,0,1,0.926,0.926,0.926
20260930-194816,386.790,81053,4024,7,0,,0,1,0.404,1.440,1.440
20260930-194816,386.790,81053,2707,9,1,Swiftness,1,1,6.844,26.964,26.964
20260930-194816,386.906,81053,4024,7,0,,0,1,0.116,1.556,1.556
20260930-194816,387.306,81053,8928,7,0,,0,1,0.400,1.956,1.956
20260930-194816,387.380,81053,4481,4,0,,0,1,0.592,0.592,0.592
20260930-194816,387.380,81053,2795,8,0,,0,1,0.590,1.516,1.516
20260930-194816,387.380,81053,3002,8,0,,0,1,0.590,0.590,0.590
20260930-194816,387.824,81053,2795,7,0,,0,1,0.444,1.960,1.960
20260930-194816,387.824,81053,4464,7,0,,0,1,0.518,2.474,2.474
20260930-194816,387.824,81053,3002,8,0,,0,1,0.444,1.034,1.034
20260930-194816,387.902,81053,2907,8,2,Resolution+Vigor,1,1,2.554,2.554,2.554
20260930-194816,388.346,81053,2795,9,0,,0,1,0.522,2.482,2.482
20260930-194816,388.346,81053,3002,9,0,,0,1,0.522,1.556,1.556
20260930-194816,388.346,81053,4481,6,0,,0,1,0.966,1.558,1.558
20260930-194816,388.346,81053,3731,7,2,Might+Resolution,1,1,1.558,2.998,2.998
20260930-194816,402.428,81053,2335,9,2,Protection+Alacrity,1,1,14.526,14.526,14.526
20260930-194816,402.938,81053,2245,9,2,Regeneration+Protection,1,1,14.592,17.074,17.074
20260930-194816,402.940,81053,2170,10,1,Regeneration,1,1,14.594,16.150,16.150
20260930-194816,402.940,81053,2170,8,2,Regeneration+Alacrity,1,1,14.594,16.152,16.152
20260930-194816,402.940,81053,3485,9,0,,0,1,0.512,0.512,0.512
20260930-194816,403.342,81053,3281,9,1,Protection,1,1,16.554,16.554,16.554
20260930-194816,403.342,81053,2590,11,0,,0,1,0.402,0.914,0.914
20260930-194816,403.342,81053,2407,8,0,,0,1,0.402,0.402,0.402
20260930-194816,403.352,81053,2407,7,0,,0,1,0.412,0.412,0.412
20260930-194816,403.352,81053,3717,7,0,,0,1,0.414,0.414,0.414
20260930-194816,403.466,81053,2236,9,1,Protection,1,1,16.678,18.118,18.118
20260930-194816,403.862,81053,7434,7,0,,0,1,0.510,0.924,0.924
20260930-194816,403.862,81053,7156,8,2,Regeneration+Fury,1,1,16.038,18.512,18.512
20260930-194816,403.862,81053,4814,9,0,,0,1,0.510,0.922,0.922
20260930-194816,403.862,81053,9794,9,0,,0,1,0.520,0.520,0.520
20260930-194816,403.942,81053,5180,11,0,,0,1,0.600,1.514,1.514
20260930-194816,403.942,81053,4454,11,2,Swiftness+Regeneration,1,1,15.596,15.596,15.596
20260930-194816,403.984,81053,2407,9,0,,0,1,0.122,1.044,1.044
20260930-194816,403.984,81053,3578,5,0,,0,1,0.122,0.122,0.122
20260930-194816,404.384,81053,4814,9,0,,0,1,0.400,1.444,1.444
20260930-194816,404.384,81053,3578,5,0,,0,1,0.400,0.522,0.522
20260930-194816,404.466,81053,3717,6,0,,0,1,0.604,1.528,1.528
20260930-194816,404.466,81053,3909,9,1,Resistance,0,1,24.520,42.164,42.164
20260930-194816,404.466,81053,4897,9,0,,0,1,0.604,1.124,1.124
20260930-194816,404.900,81053,2590,11,0,,0,1,0.958,2.472,2.472
20260930-194816,404.900,81053,2407,9,0,,0,1,0.516,1.960,1.960
20260930-194816,404.900,81053,2227,9,0,,0,1,0.958,0.958,0.958
20260930-194816,404.902,81053,3338,9,1,Fury,1,1,1.436,1.436,1.436
20260930-194816,404.902,81053,3578,5,0,,0,1,0.518,1.040,1.040
20260930-194816,404.902,81053,3071,8,1,Might,1,1,18.114,19.038,19.038
20260930-194816,404.902,81053,2407,7,0,,0,1,1.560,1.962,1.962
20260930-194816,404.902,81053,3717,6,0,,0,1,0.436,1.964,1.964
20260930-194816,404.902,81053,3909,8,0,,0,1,0.436,0.436,42.600
20260930-194816,404.902,81053,4897,9,0,,0,1,0.436,1.560,1.560
20260930-194816,405.500,81053,2407,9,0,,0,1,0.600,2.560,2.560
20260930-194816,405.500,81053,2590,11,0,,0,1,0.600,3.072,3.072
20260930-194816,405.502,81053,3071,8,0,,0,1,0.600,0.600,0.600
20260930-194816,405.502,81053,3338,8,0,,0,1,0.600,0.600,0.600
20260930-194816,405.502,81053,2407,9,0,,0,1,0.600,2.562,2.562
20260930-194816,405.502,81053,3578,6,0,,0,1,0.600,1.640,1.640
20260930-194816,405.502,81053,2227,9,0,,0,1,0.602,1.560,1.560
20260930-194816,405.502,81053,3909,9,0,,0,1,0.600,1.036,43.200
20260930-194816,409.266,81326,615,5,1,Alacrity,1,1,3.764,4.364,4.364
20260930-194816,409.268,81326,686,7,2,Regeneration+Resolution,1,1,3.766,5.326,5.326
20260930-194816,409.268,81326,552,9,2,Regeneration+Resolution,1,1,3.768,6.328,6.328
20260930-194816,409.268,81326,1225,2,2,Alacrity+Resolution,1,1,3.766,5.406,5.406
20260930-194816,409.268,81326,552,6,1,Alacrity,1,1,3.766,6.328,6.328
20260930-194816,409.268,81326,540,6,1,Alacrity,1,1,3.766,4.802,46.966
20260930-194816,409.268,81326,767,5,2,Alacrity+Resolution,1,1,4.366,6.330,6.330
20260930-194816,409.268,81326,1123,6,1,Swiftness,1,1,4.366,5.926,5.926
20260930-194816,409.268,81326,773,7,0,,0,1,3.766,4.366,4.366
20260930-194816,420.660,81053,2959,10,2,Swiftness+Alacrity,1,1,15.160,18.232,18.232
20260930-194816,420.660,81053,3748,9,1,Resolution,1,1,11.392,11.392,11.392
20260930-194816,420.660,81053,3055,6,1,Regeneration,1,1,11.392,11.392,11.392
20260930-194816,420.660,81053,2544,9,2,Alacrity+Resolution,1,1,11.392,11.392,11.392
20260930-194816,420.662,81053,2555,9,1,Alacrity,1,1,11.394,15.760,15.760
20260930-194816,420.662,81053,3407,8,1,Regeneration,1,1,11.396,11.396,11.396
20260930-194816,421.182,81053,5610,9,2,Resolution+Might,1,1,11.914,11.914,11.914
20260930-194816,421.182,81053,6950,7,0,,0,1,0.520,0.520,0.520
20260930-194816,421.182,81053,6036,8,0,,0,1,0.522,0.522,0.522
20260930-194816,421.182,81053,6234,5,0,,0,1,0.522,0.522,0.522
20260930-194816,421.182,81053,7496,9,0,,0,1,0.522,0.522,0.522
20260930-194816,421.182,81053,5212,8,0,,0,1,0.520,0.520,0.520
20260930-194816,421.182,81053,5190,8,0,,0,1,0.522,0.522,0.522
20260930-194816,421.182,81053,9268,7,2,Regeneration+Fury,1,1,11.914,11.914,11.914
20260930-194816,421.182,81053,9110,7,1,Might,1,1,11.914,11.914,11.914
20260930-194816,421.182,81053,2845,7,2,Fury+Might,1,1,11.914,11.914,11.914
20260930-194816,421.702,81053,5690,5,0,,0,1,0.520,0.520,0.520
20260930-194816,421.702,81053,7224,7,0,,0,1,0.520,1.040,1.040
20260930-194816,421.702,81053,5500,9,0,,0,1,0.520,0.520,0.520
20260930-194816,421.702,81053,9630,5,0,,0,1,0.520,0.520,0.520
20260930-194816,421.702,81053,5110,9,0,,0,1,0.520,1.040,1.040
20260930-194816,421.702,81053,7496,10,0,,0,1,0.520,1.042,1.042
20260930-194816,421.702,81053,5918,8,0,,0,1,0.520,1.042,1.042
20260930-194816,421.702,81053,9468,5,0,,0,1,0.520,0.520,0.520
20260930-194816,421.702,81053,6478,5,0,,0,1,0.520,1.042,1.042
20260930-194816,422.108,81053,4268,5,0,,0,1,0.406,0.926,0.926
20260930-194816,422.108,81053,2667,8,0,,0,1,0.406,1.448,1.448
20260930-194816,422.108,81053,2303,9,0,,0,1,0.406,1.446,1.446
20260930-194816,422.108,81053,4341,6,0,,0,1,0.406,0.926,0.926
20260930-194816,422.108,81053,3379,10,0,,0,1,0.406,1.448,1.448
20260930-194816,422.108,81053,3256,8,0,,0,1,0.406,1.446,1.446
20260930-194816,422.224,81053,4680,9,2,Stability+Fury,1,1,1.042,1.564,1.564
20260930-194816,422.224,81053,6512,8,0,,0,1,0.116,1.562,1.562
20260930-194816,422.224,81053,8536,5,0,,0,1,0.116,1.042,1.042
20260930-194816,422.224,81053,4606,9,0,,0,1,0.116,1.562,1.562
20260930-194816,422.224,81053,8682,6,0,,0,1,0.116,1.042,1.042
20260930-194816,422.224,81053,6758,10,0,,0,1,0.116,1.564,1.564
20260930-194816,422.622,81053,4958,9,0,,0,1,0.920,1.440,1.440
20260930-194816,422.622,81053,6758,10,0,,0,1,0.398,1.962,1.962
20260930-194816,422.622,81053,4268,5,0,,0,0,0.398,1.440,1.440
20260930-194816,422.622,81053,4680,8,0,,0,1,0.398,0.398,0.398
20260930-194816,422.622,81053,4606,10,0,,0,1,0.398,1.960,1.960
20260930-194816,422.746,81053,2565,5,2,Swiftness+Regeneration,1,1,1.044,1.564,1.564
20260930-194816,422.746,81053,2303,10,0,,0,1,0.124,2.084,2.084
20260930-194816,422.746,81053,2340,8,0,,0,1,0.124,0.522,0.522
20260930-194816,423.140,81053,7224,8,0,,0,1,0.916,2.478,2.478
20260930-194816,423.140,81053,2845,3,0,,0,1,0.394,0.394,0.394
20260930-194816,423.222,81053,2750,9,0,,0,1,0.600,2.040,2.040
20260930-194816,423.222,81053,2595,8,0,,0,1,0.476,0.998,0.998
20260930-194816,423.222,81053,2555,10,0,,0,1,0.476,2.560,2.560
20260930-194816,423.664,81053,5344,5,2,Resolution+Swiftness,1,1,1.440,2.482,2.482
20260930-194816,423.664,81053,4466,4,1,Swiftness,1,1,1.042,2.482,2.482
20260930-194816,423.664,81053,2555,10,0,,0,1,0.442,3.002,3.002
20260930-194816,423.664,81053,4935,8,0,,0,1,0.442,1.440,1.440
20260930-194816,423.766,81053,2303,10,0,,0,1,0.102,3.104,3.104
20260930-194816,423.766,81053,4026,3,0,,0,1,0.102,0.102,0.102
20260930-194816,423.766,81053,4818,3,0,,0,1,0.102,0.102,0.102
20260930-194816,423.766,81053,2479,9,0,,0,1,0.544,2.584,2.584
20260930-194816,424.266,81053,5134,3,0,,0,1,0.500,0.602,0.602
20260930-194816,424.266,81053,4290,3,0,,0,1,0.500,0.602,0.602
20260930-194816,424.266,81053,4001,7,1,Resolution,1,1,1.644,3.606,3.606
20260930-194816,424.266,81053,2454,10,0,,0,1,0.500,3.604,3.604
20260930-194816,424.266,81053,2244,8,0,,0,1,0.602,2.042,2.042
20260930-194816,424.266,81053,2935,6,1,Swiftness,1,1,2.564,3.606,3.606
20260930-195751,283.904,81326,532,8,1,Resolution,1,1,,,
20260930-195751,283.904,81326,573,10,1,Resolution,1,1,,,
20260930-195751,283.904,81326,726,10,1,Swiftness,1,1,,,
20260930-195751,284.430,81326,582,10,1,Resolution,1,1,,,
20260930-195751,284.430,81326,551,5,1,Stability,1,1,,,
20260930-195751,284.950,81326,1193,5,1,Fury,1,1,,,
20260930-195751,284.950,81326,573,9,1,Resolution,1,1,1.046,1.046,1.046
20260930-195751,284.950,81326,680,6,1,Resolution,1,1,,,
20260930-195751,285.470,81326,680,8,0,,0,1,0.520,0.520,0.520
20260930-195751,285.470,81326,1193,7,0,,0,1,0.520,0.520,0.520
20260930-195751,285.470,81326,551,5,2,Regeneration+Fury,1,1,1.040,1.040,1.040
20260930-195751,285.470,81326,592,5,2,Alacrity+Stability,1,1,,,
20260930-195751,313.308,81326,575,10,1,Regeneration,1,1,27.838,28.358,28.358
20260930-195751,313.308,81326,700,9,1,Resolution,1,1,29.404,29.404,29.404
20260930-195751,313.308,81326,479,8,1,Fury,1,1,28.878,28.878,28.878
20260930-195751,313.308,81326,554,10,1,Fury,1,1,28.358,28.358,28.358
20260930-195751,313.830,81326,505,10,1,Might,1,1,,,
20260930-195751,314.866,81326,515,8,1,Regeneration,1,1,29.396,29.396,29.396
20260930-195751,330.032,81053,2127,3,1,Swiftness,1,1,44.562,44.562,44.562
20260930-195751,331.588,81053,2266,4,1,Might,1,1,1.556,1.556,1.556
20260930-195751,331.588,81053,2821,6,1,Might,1,1,46.118,46.638,46.638
20260930-195751,331.588,81053,2434,10,1,Alacrity,1,1,47.684,47.684,47.684
20260930-195751,331.588,81053,2660,10,1,Alacrity,1,1,18.280,18.280,18.280
20260930-195751,331.588,81053,2619,8,1,Alacrity,1,1,18.280,18.280,18.280
20260930-195751,344.864,81326,534,3,1,Might,1,1,13.276,13.276,13.276
20260930-195751,344.864,81326,609,6,1,Protection,1,1,13.276,13.276,13.276
20260930-195751,350.954,81053,5512,10,1,Resolution,1,1,19.366,19.366,19.366
20260930-195751,350.954,81053,4397,7,1,Resolution,1,1,37.646,37.646,37.646
20260930-195751,350.954,81053,4802,9,1,Might,1,1,36.088,36.088,36.088
20260930-195751,350.954,81053,3510,9,1,Might,1,1,37.124,37.124,37.124
20260930-195751,350.954,81053,2008,5,1,Resolution,1,1,6.090,6.090,6.090
20260930-195751,350.954,81053,2678,10,1,Swiftness,1,1,37.646,37.646,37.646
20260930-195751,350.954,81053,2000,8,1,Resolution,1,1,,,
20260930-195751,350.954,81053,4650,8,1,Resolution,1,1,19.366,19.366,19.366
20260930-195751,351.462,81053,2401,9,0,,0,1,0.508,0.508,0.508
20260930-195751,351.462,81053,2839,9,0,,0,1,0.508,0.508,0.508
20260930-195751,351.462,81053,2678,8,0,,0,1,0.508,0.508,0.508
20260930-195751,351.462,81053,2000,7,0,,0,1,0.508,0.508,0.508
20260930-195751,351.462,81053,4397,5,0,,0,1,0.508,0.508,0.508
20260930-195751,351.462,81053,2008,4,0,,0,1,0.508,0.508,0.508
20260930-195751,351.866,81053,2401,9,0,,0,1,0.404,0.912,0.912
20260930-195751,351.866,81053,4397,6,0,,0,1,0.404,0.912,0.912
20260930-195751,351.866,81053,2236,8,1,Protection,1,1,20.278,20.278,20.278
20260930-195751,351.866,81053,2008,4,0,,0,1,0.404,0.912,0.912
20260930-195751,351.984,81053,2839,10,0,,0,1,0.522,1.030,1.030
20260930-195751,351.984,81053,2401,9,0,,0,1,0.118,1.030,1.030
20260930-195751,351.984,81053,2161,8,1,Might,1,1,7.120,7.120,7.120
20260930-195751,351.984,81053,3338,7,0,,0,1,0.118,0.118,0.118
20260930-195751,351.984,81053,2325,7,1,Might,1,1,1.030,1.030,1.030
20260930-195751,351.984,81053,2008,4,0,,0,1,0.118,1.030,1.030
20260930-195751,351.984,81053,4397,6,0,,0,1,0.118,1.030,1.030
20260930-195751,352.388,81053,2839,10,0,,0,1,0.404,1.434,1.434
20260930-195751,352.468,81053,4802,9,0,,0,1,0.484,1.514,1.514
20260930-195751,352.468,81053,2008,5,0,,0,1,0.484,1.514,1.514
20260930-195751,352.468,81053,6676,7,0,,0,1,0.484,0.602,0.602
20260930-195751,352.468,81053,4650,7,0,,0,1,0.484,0.484,0.484
20260930-195751,352.468,81053,4322,7,0,,0,1,0.484,0.484,0.484
20260930-195751,352.468,81053,3545,8,1,Regeneration,1,1,1.514,1.514,1.514
20260930-195751,352.512,81053,2839,9,0,,0,1,0.124,1.558,1.558
20260930-195751,352.988,81053,3226,4,0,,0,1,0.520,1.004,1.004
20260930-195751,352.988,81053,2325,8,0,,0,1,0.520,1.004,1.004
20260930-195751,352.988,81053,2008,5,0,,0,1,0.520,2.034,2.034
20260930-195751,352.988,81053,3338,6,0,,0,1,0.520,1.122,1.122
20260930-195751,352.988,81053,2678,9,1,Protection,1,1,1.526,2.034,2.034
20260930-195751,353.424,81053,3226,5,0,,0,1,0.436,1.440,1.440
20260930-195751,353.424,81053,2325,8,0,,0,1,0.436,1.440,1.440
20260930-195751,353.424,81053,2008,5,0,,0,1,0.436,2.470,2.470
20260930-195751,353.424,81053,4397,8,1,Resolution,1,1,1.440,2.470,2.470
20260930-195751,353.424,81053,3545,5,0,,0,1,0.956,0.956,0.956
20260930-195751,353.426,81053,2222,7,1,Might,1,1,1.964,2.472,2.472
20260930-195751,353.506,81053,3338,7,0,,0,1,0.518,1.640,1.640
20260930-195751,354.028,81053,2839,7,1,Might,1,1,1.516,3.074,3.074
20260930-195751,367.750,81053,5772,7,1,Resistance,1,1,14.326,15.766,15.766
20260930-195751,367.750,81053,7842,7,1,Resistance,1,1,14.326,15.282,15.282
20260930-195751,367.750,81053,4828,8,1,Resolution,1,1,14.326,15.766,15.766
20260930-195751,367.750,81053,5542,5,1,Resolution,1,1,13.722,13.722,13.722
20260930-195751,367.750,81053,6582,8,1,Resolution,1,1,14.326,14.326,14.326
20260930-195751,367.750,81053,3720,6,1,Resistance,1,1,14.326,16.796,16.796
20260930-195751,367.750,81053,4465,3,1,Might,1,1,14.762,14.762,14.762
20260930-195751,368.262,81053,4465,4,0,,0,1,0.512,0.512,0.512
20260930-195751,368.262,81053,3720,6,0,,0,1,0.512,0.512,0.512
20260930-195751,368.262,81053,2886,6,0,,0,1,0.512,0.512,0.512
20260930-195751,368.262,81053,3921,6,0,,0,1,0.512,0.512,0.512
20260930-195751,368.262,81053,2414,7,0,,0,1,0.512,0.512,0.512
20260930-195751,368.262,81053,2771,4,0,,0,1,0.512,0.512,0.512
20260930-195751,368.262,81053,3291,7,0,,0,1,0.512,0.512,0.512
20260930-195751,368.664,81053,2697,7,0,,0,1,0.402,0.914,0.914
20260930-195751,368.664,81053,2247,7,0,,0,1,0.402,0.914,0.914
20260930-195751,368.664,81053,3535,7,0,,0,1,0.402,0.914,0.914
20260930-195751,368.664,81053,2177,8,0,,0,1,0.402,0.914,0.914
20260930-195751,368.664,81053,2650,6,1,Protection,1,1,15.158,16.798,16.798
20260930-195751,368.664,81053,2419,7,1,Protection,1,1,16.196,17.710,17.710
20260930-195751,368.784,81053,2498,5,0,,0,1,0.522,1.034,1.034
20260930-195751,368.784,81053,2967,7,0,,0,1,0.522,1.034,1.034
20260930-195751,368.784,81053,2177,8,0,,0,1,0.120,1.034,1.034
20260930-195751,368.784,81053,3535,6,0,,0,1,0.120,1.034,1.034
20260930-195751,368.784,81053,2247,7,0,,0,1,0.120,1.034,1.034
20260930-195751,369.190,81053,7437,5,0,,0,1,0.526,0.526,0.526
20260930-195751,369.192,81053,8147,5,0,,0,1,0.528,0.528,0.528
20260930-195751,369.192,81053,2238,6,1,Might,1,1,15.766,15.766,15.766
20260930-195751,369.266,81053,2247,7,0,,0,1,0.482,1.516,1.516
20260930-195751,369.310,81053,2498,8,0,,0,1,0.526,1.560,1.560
20260930-195751,369.310,81053,2967,9,0,,0,1,0.526,1.560,1.560
20260930-195751,369.708,81053,8621,5,0,,0,1,0.516,1.044,1.044
20260930-195751,369.792,81053,3682,5,0,,0,1,0.602,1.128,1.128
20260930-195751,387.192,81053,3030,6,1,Might,1,1,17.926,19.442,19.442
20260930-195751,387.192,81053,3853,6,1,Alacrity,1,1,17.484,18.528,18.528
20260930-195751,387.192,81053,4138,7,1,Alacrity,1,1,17.400,18.528,18.528
20260930-195751,387.192,81053,2772,5,1,Might,1,1,18.408,19.442,19.442
20260930-195751,387.192,81053,4614,6,1,Alacrity,1,1,18.528,19.442,19.442
20260930-195751,387.710,81053,2308,6,1,Alacrity,1,1,18.518,18.518,18.518
20260930-195751,387.710,81053,3400,6,1,Resolution,1,1,18.400,19.960,19.960
20260930-195751,387.710,81053,2727,8,0,,0,1,0.518,0.518,0.518
20260930-195751,388.110,81053,2727,8,0,,0,1,0.400,0.918,0.918
20260930-195751,388.110,81053,3182,9,1,Protection,1,1,18.800,20.360,20.360
20260930-195751,388.110,81053,2659,8,0,,0,1,0.918,0.918,0.918
20260930-195751,388.110,81053,2308,5,0,,0,1,0.400,0.400,0.400
20260930-195751,388.110,81053,3400,5,0,,0,1,0.400,0.400,0.400
20260930-195751,388.110,81053,2684,9,1,Resolution,1,1,19.848,20.360,20.360
20260930-195751,388.110,81053,2772,8,0,,0,1,0.918,0.918,0.918
20260930-195751,388.110,81053,3091,8,0,,0,1,0.918,0.918,0.918
20260930-195751,388.110,81053,2495,6,0,,0,1,0.918,0.918,0.918
20260930-195751,388.708,81053,4749,8,0,,0,1,0.598,0.598,0.598
20260930-195751,388.708,81053,3400,7,0,,0,1,0.598,0.998,0.998
20260930-195751,388.708,81053,2318,7,0,,0,1,0.598,1.516,1.516
20260930-195751,388.708,81053,2715,9,1,Resolution,1,1,19.924,20.958,20.958
20260930-195751,388.708,81053,2772,8,0,,0,1,0.598,1.516,1.516
20260930-195751,388.708,81053,2935,7,0,,0,1,0.598,1.516,1.516
20260930-195751,388.708,81053,2308,6,0,,0,1,0.598,0.998,0.998
20260930-195751,388.708,81053,2659,8,0,,0,1,0.598,1.516,1.516
20260930-195751,389.226,81053,2772,10,0,,0,1,0.518,2.034,2.034
20260930-195751,389.226,81053,3023,7,0,,0,1,0.518,2.034,2.034
20260930-195751,415.622,81053,4456,7,1,Fury,1,1,26.914,27.512,27.512
20260930-195751,415.622,81053,2565,9,2,Might+Protection,1,1,26.914,28.430,28.430
20260930-195751,416.150,81053,7078,10,1,Stability,1,1,27.442,28.440,28.440
20260930-195751,416.150,81053,6110,9,1,Might,1,1,26.924,28.958,28.958
20260930-195751,416.150,81053,5792,11,1,Regeneration,1,1,28.040,28.958,28.958
20260930-195751,416.150,81053,8492,9,0,,0,1,0.528,0.528,0.528
20260930-195751,416.150,81053,3104,9,1,Fury,1,1,28.040,28.040,28.040
20260930-195751,416.150,81053,2885,10,1,Stability,1,1,26.924,28.958,28.958
20260930-195751,416.666,81053,3828,9,0,,0,1,0.516,1.044,1.044
20260930-195751,416.666,81053,2754,8,0,,0,1,0.516,0.516,0.516
20260930-195751,416.666,81053,2611,10,0,,0,1,0.516,0.516,0.516
20260930-195751,416.666,81053,3191,9,0,,0,1,0.516,0.516,0.516
20260930-195751,417.066,81053,3104,9,0,,0,1,0.916,0.916,0.916
20260930-195751,417.066,81053,3539,9,0,,0,1,0.400,0.916,0.916
20260930-195751,417.066,81053,2896,11,0,,0,1,0.400,0.916,0.916
20260930-195751,417.066,81053,2597,9,0,,0,1,0.400,0.916,0.916
20260930-195751,417.066,81053,4943,7,1,Fury,1,1,1.444,1.444,1.444
20260930-195751,417.066,81053,2845,10,0,,0,1,0.400,1.444,1.444
20260930-195751,417.184,81053,2597,9,0,,0,1,0.118,1.034,1.034
20260930-195751,417.184,81053,3539,9,0,,0,1,0.118,1.034,1.034
20260930-195751,417.184,81053,2845,10,0,,0,1,0.118,1.562,1.562
20260930-195751,417.184,81053,2896,11,0,,0,1,0.118,1.034,1.034
20260930-195751,417.584,81053,5120,10,0,,0,1,0.400,1.962,1.962
20260930-195751,417.584,81053,2337,9,0,,0,1,0.400,1.434,1.434
20260930-195751,417.664,81053,2606,11,0,,0,1,0.480,1.514,1.514
20260930-195751,417.666,81053,2681,9,1,Might,1,1,28.958,30.474,30.474
20260930-195751,417.666,81053,2885,9,1,Fury,1,1,1.516,1.516,1.516
20260930-195751,417.666,81053,9886,6,0,,0,1,0.600,0.600,0.600
20260930-195751,417.666,81053,4217,9,1,Might,1,1,28.958,28.958,28.958
20260930-195751,417.666,81053,5932,6,2,Fury+Vigor,1,1,28.958,29.956,29.956
20260930-195751,418.104,81053,2337,9,0,,0,1,0.520,1.954,1.954
20260930-195751,418.104,81053,3539,9,0,,0,1,0.920,1.954,1.954
20260930-195751,418.182,81053,2966,4,0,,0,1,0.516,0.516,0.516
20260930-195751,418.182,81053,4217,8,0,,0,1,0.516,0.516,0.516
20260930-195751,418.182,81053,2681,8,0,,0,1,0.516,0.516,0.516
20260930-195751,418.182,81053,2606,11,0,,0,1,0.518,2.032,2.032
20260930-195751,418.624,81053,3539,8,0,,0,1,0.520,2.474,2.474
20260930-195751,418.624,81053,2337,9,0,,0,1,0.520,2.474,2.474
20260930-195751,418.704,81053,2606,10,0,,0,1,0.522,2.554,2.554
20260930-195751,419.219,81053,2407,9,0,,0,1,0.595,3.069,3.069
20260930-195751,419.220,81053,3529,8,0,,0,1,0.596,3.070,3.070
20260930-195751,438.662,81053,2316,7,1,Regeneration,1,1,19.443,22.512,22.512
20260930-195751,438.662,81053,2152,9,1,Regeneration,1,1,20.480,20.996,20.996
20260930-195751,438.784,81053,2927,9,1,Protection,1,1,20.080,22.634,22.634
20260930-195751,438.784,81053,2520,10,1,Swiftness,1,1,20.602,21.118,21.118
20260930-195751,438.784,81053,2953,11,1,Protection,1,1,21.118,21.718,21.718
20260930-195751,438.784,81053,2444,9,2,Protection+Might,1,1,21.200,23.162,23.162
20260930-195751,438.784,81053,3157,10,1,Protection,1,1,19.564,22.634,22.634
20260930-195751,438.784,81053,2186,8,2,Swiftness+Alacrity,1,1,20.602,21.118,21.118
20260930-195751,439.182,81053,7582,7,0,,0,1,0.398,0.398,0.398
20260930-195751,439.182,81053,9080,7,0,,0,1,0.398,0.398,0.398
20260930-195751,439.182,81053,4414,7,0,,0,1,0.398,0.398,0.398
20260930-195751,439.182,81053,4712,9,0,,0,1,0.398,0.398,0.398
20260930-195751,439.182,81053,5040,10,0,,0,1,0.398,0.398,0.398
20260930-195751,439.182,81053,8816,10,0,,0,1,0.398,0.398,0.398
20260930-195751,439.270,81053,2316,6,0,,0,1,0.608,0.608,0.608
20260930-195751,439.710,81053,2409,6,0,,0,1,0.440,1.048,1.048
20260930-195751,439.710,81053,4711,8,0,,0,1,0.528,0.926,0.926
20260930-195751,439.710,81053,4712,9,0,,0,1,0.528,0.926,0.926
20260930-195751,439.710,81053,4408,10,0,,0,1,0.528,0.926,0.926
20260930-195751,439.710,81053,3934,9,0,,0,1,0.528,0.926,0.926
20260930-195751,439.710,81053,2143,7,0,,0,1,0.528,0.926,0.926
20260930-195751,439.710,81053,2520,11,0,,0,1,0.528,0.926,0.926
20260930-195751,439.710,81053,2152,8,1,Protection,1,1,1.048,1.048,1.048
20260930-195751,440.224,81053,3262,6,0,,0,1,0.514,1.440,1.440
20260930-195751,440.224,81053,3157,9,0,,0,1,0.514,1.440,1.440
20260930-195751,440.224,81053,2152,8,0,,0,1,0.514,0.514,0.514
20260930-195751,440.224,81053,4408,10,0,,0,1,0.514,1.440,1.440
20260930-195751,440.224,81053,3664,6,0,,0,1,0.514,1.562,1.562
20260930-195751,440.224,81053,4797,8,0,,0,1,0.514,1.440,1.440
20260930-195751,440.224,81053,2520,11,0,,0,1,0.514,1.440,1.440
20260930-195751,440.224,81053,2492,11,1,Protection,1,1,23.158,24.074,24.074
20260930-195751,449.984,81326,660,6,1,Resolution,1,1,9.760,11.200,11.200
20260930-195751,449.986,81326,532,6,1,Might,1,1,9.762,11.324,11.324
20260930-195751,449.986,81326,822,2,2,Resolution+Quickness,1,1,10.276,11.202,11.202
20260930-195751,449.986,81326,592,4,1,Resolution,1,1,32.320,32.320,32.320
20260930-195751,449.986,81326,679,5,1,Fury,1,1,9.762,11.202,11.202
20260930-195751,450.500,81326,592,7,0,,0,1,0.514,0.514,0.514
20260930-195751,450.500,81326,582,10,1,Resolution,1,1,10.276,10.790,10.790
20260930-195751,450.500,81326,726,9,1,Resolution,1,1,10.276,11.716,11.716
20260930-195751,450.500,81326,573,9,1,Resolution,1,1,10.276,10.276,10.276
20260930-195751,450.500,81326,865,7,1,Fury,1,1,10.276,11.716,11.716
20260930-195751,450.500,81326,532,9,0,,0,1,0.514,0.514,0.514
20260930-195751,450.500,81326,660,11,0,,0,1,0.516,0.516,0.516
20260930-195751,450.500,81326,679,9,0,,0,1,0.514,0.514,0.514
20260930-195751,451.024,81326,679,9,0,,0,1,0.524,1.038,1.038
20260930-195751,451.024,81326,807,8,0,,0,1,0.524,0.524,0.524
20260930-195751,472.618,81053,4261,5,2,Protection+Vigor,1,1,22.118,22.632,22.632
20260930-195751,472.618,81053,5816,3,2,Alacrity+Fury,1,1,22.118,22.118,22.118
20260930-195751,473.148,81053,9167,4,3,Protection+Vigor+Regeneration,1,1,23.162,23.162,23.162
20260930-195751,473.148,81053,6359,3,0,,0,1,0.530,0.530,0.530
20260930-195751,473.148,81053,10002,5,3,Might+Vigor+Alacrity,1,1,32.924,34.364,34.364
20260930-195751,473.148,81053,11632,1,0,,0,1,0.530,0.530,0.530
20260930-195751,473.148,81053,5317,4,2,Alacrity+Swiftness,1,1,22.648,22.648,22.648
20260930-195751,473.148,81053,4442,6,1,Might,1,1,22.124,22.648,22.648
20260930-195751,473.662,81053,3634,6,2,Regeneration+Fury,1,1,23.162,23.678,23.678
20260930-195751,473.662,81053,5489,1,0,,0,1,0.514,0.514,0.514
20260930-195751,473.662,81053,5001,3,0,,0,1,0.514,0.514,0.514
20260930-195751,473.662,81053,5816,2,0,,0,1,0.514,1.044,1.044
20260930-195751,473.662,81053,10634,2,0,,0,1,0.514,0.514,0.514
20260930-195751,473.662,81053,4442,5,0,,0,1,0.514,0.514,0.514
20260930-195751,474.064,81053,5001,6,0,,0,1,0.402,0.916,0.916
20260930-195751,474.064,81053,5816,2,0,,0,1,0.402,1.446,1.446
20260930-195751,474.186,81053,11632,2,0,,0,1,0.122,1.568,1.568
20260930-195751,474.186,81053,7268,7,0,,0,1,0.524,0.524,0.524
20260930-195751,474.188,81053,5001,6,0,,0,0,0.124,1.040,1.040
20260930-195751,474.582,81053,5816,2,0,,0,0,0.396,1.964,1.964
20260930-195751,474.582,81053,8276,7,0,,0,1,0.396,0.920,0.920
20260930-195751,474.662,81053,10277,7,2,Vigor+Protection,1,1,1.514,2.044,2.044
20260930-195751,474.662,81053,10114,7,0,,0,1,1.000,1.514,1.514
20260930-195751,474.662,81053,12108,3,0,,0,1,1.000,1.514,1.514
20260930-195751,474.702,81053,4138,7,0,,0,0,0.120,1.040,1.040
20260930-195751,475.184,81053,6054,3,0,,0,0,0.522,2.036,2.036
20260930-195751,475.620,81053,5057,7,0,,0,0,0.958,2.472,2.472
20260930-195751,475.700,81053,5704,4,3,Might+Fury+Quickness,1,1,1.512,2.552,2.552
20260930-195751,476.226,81053,6326,1,0,,0,1,0.526,0.526,0.526
20260930-195751,479.458,81326,977,0,0,,1,1,4.274,6.310,6.310
20260930-195751,481.020,81326,687,7,2,Might+Fury,1,1,29.996,31.034,31.034
20260930-195751,481.020,81326,1052,2,2,Resolution+Might,1,1,30.520,31.034,31.034
20260930-195751,481.020,81326,894,2,2,Might+Stability,1,1,6.358,6.358,6.358
20260930-201108,283.469,81326,566,7,4,Resolution+Might+Regeneration+Protection,1,1,,,
20260930-201108,283.469,81326,592,8,1,Swiftness,1,1,,,
20260930-201108,283.991,81326,845,4,0,,0,1,0.522,0.522,0.522
20260930-201108,283.991,81326,592,7,0,,0,1,0.522,0.522,0.522
20260930-201108,284.507,81326,618,7,1,Resolution,1,1,,,
20260930-201108,284.507,81326,751,8,1,Fury,1,1,,,
20260930-201108,284.507,81326,592,7,0,,0,1,0.516,1.038,1.038
20260930-201108,284.507,81326,845,5,0,,0,1,0.516,1.038,1.038
20260930-201108,285.021,81326,751,7,0,,0,1,0.514,0.514,0.514
20260930-201108,285.021,81326,618,6,0,,0,1,0.514,0.514,0.514
20260930-201108,314.143,81326,678,9,1,Resolution,1,1,29.122,29.636,29.636
20260930-201108,314.143,81326,617,9,4,Swiftness+Might+Regeneration+Stability,1,1,,,
20260930-201108,314.143,81326,535,9,1,Resolution,1,1,29.636,30.674,30.674
20260930-201108,314.143,81326,740,9,4,Resolution+Fury+Might+Regeneration,1,1,,,
20260930-201108,314.143,81326,498,8,1,Resolution,1,1,,,
20260930-201108,314.143,81326,635,9,1,Might,1,1,,,
20260930-201108,314.669,81326,678,9,0,,0,1,0.526,0.526,0.526
20260930-201108,314.669,81326,559,9,1,Resolution,1,1,29.648,30.162,30.162
20260930-201108,314.669,81326,498,8,0,,0,1,0.526,0.526,0.526
20260930-201108,314.669,81326,511,9,4,Might+Vigor+Quickness+Alacrity,1,1,30.162,31.200,31.200
20260930-201108,314.669,81326,535,9,0,,0,1,0.526,0.526,0.526
20260930-201108,315.185,81326,463,9,1,Protection,1,1,,,
20260930-201108,315.187,81326,654,8,1,Protection,1,1,1.044,1.044,1.044
20260930-201108,315.187,81326,559,7,0,,0,1,0.518,0.518,0.518
20260930-201108,315.187,81326,498,7,0,,0,1,0.518,1.044,1.044
20260930-201108,315.187,81326,740,6,4,Resolution+Protection+Quickness+Stability,1,1,1.044,1.044,1.044
20260930-201108,315.187,81326,511,4,0,,0,1,0.518,0.518,0.518
20260930-201108,315.187,81326,535,8,0,,0,1,0.518,1.044,1.044
20260930-201108,315.703,81326,535,9,0,,0,1,0.516,1.560,1.560
20260930-201108,315.703,81326,498,8,0,,0,1,0.516,1.560,1.560
20260930-201108,336.187,81053,7351,1,1,Might,1,1,21.000,21.000,21.000
20260930-201108,336.707,81053,6628,0,0,,0,1,0.520,0.520,0.520
20260930-201108,337.221,81053,4229,4,2,Might+Fury,1,1,22.036,22.036,22.036
20260930-201108,337.221,81053,7351,0,0,,0,1,0.514,1.034,1.034
20260930-201108,337.745,81053,6628,0,0,,0,1,0.524,1.558,1.558
20260930-201108,337.745,81053,3813,2,0,,0,1,0.524,0.524,0.524
20260930-201108,338.269,81053,3667,7,5,Protection+Vigor+Might+Stability+Quickness,1,1,24.126,24.126,24.126
20260930-201108,338.269,81053,3184,10,2,Swiftness+Resistance,1,1,22.566,24.126,24.126
20260930-201108,344.781,81326,576,7,2,Might+Fury,1,1,29.078,30.638,30.638
20260930-201108,344.781,81326,842,2,1,Might,1,1,,,
20260930-201108,344.781,81326,770,6,5,Fury+Might+Alacrity+Regeneration+Protection,1,1,29.594,29.594,29.594
20260930-201108,345.301,81326,1150,1,0,,0,1,0.520,0.520,0.520
20260930-201108,345.301,81326,842,1,0,,0,1,0.520,0.520,0.520
20260930-201108,345.301,81326,576,5,0,,0,1,0.520,0.520,0.520
20260930-201108,345.827,81326,1136,0,0,,1,1,30.640,31.158,31.158
20260930-201108,345.827,81326,959,4,4,Might+Regeneration+Alacrity+Swiftness,1,1,7.558,7.558,7.558
20260930-201108,358.699,81053,13337,4,2,Might+Resolution,1,1,12.872,44.030,12.872
20260930-201108,359.299,81053,13337,2,0,,0,1,0.600,0.600,0.600
20260930-201108,359.825,81053,13337,1,0,,0,1,0.526,1.126,1.126
20260930-201108,359.825,81053,11993,5,2,Might+Swiftness,1,1,14.524,15.044,15.044
20260930-201108,360.265,81053,26674,1,0,,0,1,0.440,1.566,1.566
20260930-201108,360.345,81053,11993,2,0,,0,1,0.520,0.520,0.520
20260930-201108,360.863,81053,11993,2,0,,0,0,0.518,1.038,1.038
20260930-203200,302.715,81326,585,9,1,Fury,1,1,,,
20260930-203200,302.715,81326,560,10,1,Fury,1,1,,,
20260930-203200,303.227,81326,560,10,0,,0,1,0.512,0.512,0.512
20260930-203200,303.227,81326,585,9,0,,0,1,0.512,0.512,0.512
20260930-203200,303.755,81326,774,8,1,Resolution,1,1,,,
20260930-203200,303.755,81326,664,6,1,Fury,1,1,,,
20260930-203200,303.755,81326,710,7,1,Fury,1,1,,,
20260930-203200,303.755,81326,485,10,1,Resolution,1,1,,,
20260930-203200,331.593,81326,603,6,1,Might,1,1,28.366,28.878,28.878
20260930-203200,331.595,81326,537,6,1,Might,1,1,,,
20260930-203200,332.105,81326,537,6,0,,0,1,0.510,0.510,0.510
20260930-203200,332.631,81326,537,5,0,,0,1,0.526,1.036,1.036
20260930-203200,332.631,81326,603,6,1,Resolution,1,1,1.038,1.038,1.038
20260930-203200,332.631,81326,614,6,1,Resolution,1,1,,,
20260930-203200,332.633,81326,578,8,1,Resolution,1,1,29.406,29.918,29.918
20260930-203200,333.157,81326,515,8,1,Fury,1,1,29.402,29.402,29.402
20260930-203200,350.669,81053,3007,8,1,Protection,1,1,,,
20260930-203200,350.669,81053,4521,6,2,Resolution+Might,1,1,18.038,18.038,18.038
20260930-203200,351.187,81053,9042,4,0,,0,1,0.518,0.518,0.518
20260930-203200,351.711,81053,5394,5,1,Resolution,1,1,19.080,20.116,20.116
20260930-203200,351.711,81053,2328,8,2,Resolution+Regeneration,1,1,18.554,18.554,18.554
20260930-203200,351.711,81053,5487,5,1,Resolution,1,1,47.956,47.956,47.956
20260930-203200,351.711,81053,3095,9,1,Regeneration,1,1,47.956,47.956,47.956
20260930-203200,352.233,81053,4003,7,2,Regeneration+Might,1,1,48.478,48.478,48.478
20260930-203200,352.235,81053,2582,6,0,,0,1,0.524,0.524,0.524
20260930-203200,352.707,81053,2991,7,0,,0,1,0.996,0.996,0.996
20260930-203200,370.109,81053,2308,9,1,Alacrity,1,1,17.402,18.398,18.398
20260930-203200,370.629,81053,2593,8,2,Resolution+Might,1,1,19.442,19.960,19.960
20260930-203200,370.629,81053,4298,4,2,Swiftness+Might,1,1,18.394,18.918,18.918
20260930-203200,371.145,81053,2149,4,0,,0,1,0.516,0.516,0.516
20260930-203200,371.555,81053,2308,8,1,Resolution,1,1,1.446,1.446,1.446
20260930-203200,371.555,81053,2149,5,0,,0,1,0.410,0.926,0.926
20260930-203200,372.155,81053,2384,5,0,,0,1,0.600,1.526,1.526
20260930-203200,372.155,81053,3172,5,1,Swiftness,1,1,21.486,21.486,21.486
20260930-203200,372.155,81053,2560,9,0,,0,1,0.600,0.600,0.600
20260930-203200,372.157,81053,3807,7,2,Swiftness+Resolution,1,1,19.924,19.924,19.924
20260930-203200,390.385,81053,3486,6,2,Swiftness+Might,1,1,18.228,18.228,18.228
20260930-203200,390.905,81053,3486,5,0,,0,1,0.520,0.520,0.520
20260930-203200,391.309,81053,2926,5,2,Resolution+Might,1,1,20.680,20.680,20.680
20260930-203200,391.309,81053,3486,4,0,,0,1,0.404,0.924,0.924
20260930-203200,391.429,81053,2926,3,0,,0,1,0.120,0.120,0.120
20260930-203200,391.429,81053,3238,6,1,Resolution,1,1,58.798,58.798,58.798
20260930-203200,391.429,81053,2183,5,2,Might+Quickness,1,1,19.274,20.800,20.800
20260930-203200,391.429,81053,2614,9,1,Resolution,1,1,19.274,19.274,19.274
20260930-203200,391.429,81053,3808,7,2,Swiftness+Fury,1,1,,,
20260930-203200,391.429,81053,2803,8,2,Swiftness+Might,1,1,58.796,58.796,58.796
20260930-203200,391.429,81053,2605,9,1,Swiftness,1,1,19.274,19.874,19.874
20260930-203200,391.911,81053,5203,5,0,,0,1,0.602,1.526,1.526
20260930-203200,391.911,81053,3196,7,1,Resolution,1,1,40.200,40.200,40.200
20260930-203200,391.911,81053,2345,7,0,,0,1,0.482,0.482,0.482
20260930-203200,391.911,81053,2772,8,1,Resolution,1,1,40.200,40.200,40.200
20260930-203200,391.911,81053,2169,5,0,,0,1,0.482,0.482,0.482
20260930-203200,391.911,81053,2523,6,0,,0,1,0.482,0.482,0.482
20260930-203200,391.911,81053,2614,8,0,,0,1,0.482,0.482,0.482
20260930-203200,391.911,81053,2633,3,0,,0,1,0.482,0.602,0.602
20260930-203200,392.425,81053,2345,9,0,,0,1,0.514,0.996,0.996
20260930-203200,392.425,81053,2772,7,0,,0,1,0.514,0.514,0.514
20260930-203200,392.425,81053,3196,7,0,,0,1,0.514,0.514,0.514
20260930-203200,392.425,81053,2614,8,0,,0,1,0.514,0.996,0.996
20260930-203200,392.437,81053,5684,4,0,,0,1,1.008,1.008,1.008
20260930-203200,392.437,81053,5203,5,0,,0,1,0.526,2.052,2.052
20260930-203200,392.437,81053,2183,4,0,,0,1,1.008,1.008,1.008
20260930-203200,392.437,81053,2169,8,0,,0,1,0.526,1.008,1.008
20260930-203200,392.437,81053,2633,6,0,,0,1,0.526,1.128,1.128
20260930-203200,392.871,81053,6148,7,0,,0,1,0.446,0.960,0.960
20260930-203200,392.947,81053,6304,4,0,,0,1,0.510,1.518,1.518
20260930-203200,392.947,81053,2421,5,0,,0,1,0.510,1.518,1.518
20260930-203200,392.947,81053,5771,5,0,,0,1,0.510,2.562,2.562
20260930-203200,392.947,81053,2601,8,0,,0,1,0.522,1.518,1.518
20260930-203200,392.947,81053,2921,8,0,,0,1,0.510,1.638,1.638
20260930-203200,392.947,81053,2900,8,0,,0,1,0.522,1.518,1.518
20260930-203200,392.947,81053,2406,8,0,,0,1,0.510,1.518,1.518
20260930-203200,392.947,81053,3545,7,0,,0,1,0.522,1.036,1.036
20260930-203200,393.467,81053,2921,8,0,,0,1,0.520,2.158,2.158
20260930-203200,393.467,81053,2985,7,0,,0,1,0.596,1.556,1.556
20260930-203200,393.467,81053,2406,8,0,,0,1,0.520,2.038,2.038
20260930-203200,393.467,81053,3534,7,0,,0,1,0.520,1.556,1.556
20260930-203200,393.467,81053,2900,8,0,,0,1,0.520,2.038,2.038
20260930-203200,393.467,81053,2421,5,0,,0,1,0.520,2.038,2.038
20260930-203200,393.467,81053,5771,6,0,,0,1,0.520,3.082,3.082
20260930-203200,393.467,81053,2601,8,0,,0,1,0.520,2.038,2.038
20260930-203200,395.107,81326,1302,6,2,Regeneration+Might,1,1,1.640,4.722,4.722
20260930-203200,395.107,81326,513,7,1,Alacrity,1,1,1.640,3.678,3.678
20260930-203200,395.633,81326,556,8,1,Resolution,1,1,2.166,4.204,4.204
20260930-203200,395.633,81326,1209,5,2,Regeneration+Might,1,1,2.686,4.204,4.204
20260930-203200,395.633,81326,636,6,1,Might,1,1,2.166,3.722,3.722
20260930-203200,395.633,81326,560,8,2,Might+Alacrity,1,1,2.166,4.324,4.324
20260930-203200,395.633,81326,1302,4,0,,0,1,0.526,0.526,0.526
20260930-203200,396.147,81326,636,6,0,,0,1,0.514,0.514,0.514
20260930-203200,396.147,81326,556,7,0,,0,1,0.514,0.514,0.514
20260930-203200,408.867,81053,5612,5,2,Might+Regeneration,1,1,13.234,13.760,13.760
20260930-203200,409.389,81053,2340,10,1,Resolution,1,1,15.922,17.960,17.960
20260930-203200,409.389,81053,3342,8,2,Resolution+Might,1,1,13.756,13.756,13.756
20260930-203200,409.389,81053,5612,4,0,,0,1,0.522,0.522,0.522
20260930-203200,409.389,81053,3775,9,1,Resolution,1,1,14.282,14.282,14.282
20260930-203200,409.901,81053,3342,7,0,,0,1,0.512,0.512,0.512
20260930-203200,409.901,81053,3775,7,0,,0,1,0.512,0.512,0.512
20260930-203200,410.431,81053,2340,9,1,Might,1,1,1.042,1.042,1.042
20260930-203200,410.833,81053,7550,7,0,,0,1,0.932,1.444,1.444
20260930-203200,410.833,81053,6894,8,1,Resolution,1,1,17.366,18.922,18.922
20260930-203200,410.833,81053,4680,9,0,,0,1,0.402,0.402,0.402
20260930-203200,410.909,81053,5612,5,2,Resolution+Regeneration,1,1,1.520,2.042,2.042
20260930-203200,410.909,81053,3322,9,1,Resolution,1,1,14.762,15.276,15.276
20260930-203200,410.909,81053,2721,9,2,Resolution+Might,1,1,18.998,19.480,19.480
20260930-203200,410.909,81053,2355,8,2,Regeneration+Alacrity,1,1,17.442,19.480,19.480
20260930-203200,411.349,81053,7550,7,0,,0,1,0.516,1.960,1.960
20260930-203200,411.435,81053,2355,6,0,,0,1,0.526,0.526,0.526
20260930-203200,411.435,81053,2721,5,0,,0,1,0.526,0.526,0.526
20260930-203200,411.435,81053,3342,6,2,Might+Fury,1,1,1.534,2.046,2.046
20260930-203200,411.435,81053,3322,8,0,,0,1,0.526,0.526,0.526
20260930-203200,411.435,81053,5612,3,0,,0,0,0.526,0.526,0.526
20260930-203200,411.435,81053,3447,6,0,,0,1,0.602,0.602,0.602
20260930-203200,411.435,81053,4108,9,2,Regeneration+Alacrity,1,1,15.802,15.802,15.802
20260930-203200,411.869,81053,4108,7,0,,0,1,0.434,0.434,0.434
20260930-203200,411.869,81053,3447,7,0,,0,1,0.434,1.036,1.036
20260930-203200,411.869,81053,3322,8,0,,0,1,0.434,0.960,0.960
20260930-203200,411.943,81053,2529,8,0,,0,1,0.594,2.554,2.554
20260930-203200,411.943,81053,3342,6,0,,0,1,0.508,0.508,0.508
20260930-203200,411.943,81053,2106,9,1,Protection,1,1,1.110,1.512,1.512
20260930-203200,412.471,81053,2805,8,0,,0,1,0.528,3.082,3.082
20260930-203200,425.829,81326,841,7,1,Fury,1,1,13.960,14.394,14.394
20260930-203200,426.343,81326,1149,3,2,Fury+Might,1,1,14.908,15.434,15.434
20260930-203200,426.343,81326,482,6,3,Resolution+Might+Fury,1,1,14.908,15.434,15.434
20260930-203200,426.865,81326,482,3,0,,0,1,0.522,0.522,0.522
20260930-203200,426.867,81326,841,6,1,Resolution,1,1,1.038,1.038,1.038
20260930-203200,426.867,81326,1149,1,0,,0,1,0.524,0.524,0.524
20260930-203200,427.391,81326,841,5,0,,0,1,0.524,0.524,0.524
20260930-203200,437.189,81053,3828,9,1,Might,1,1,41.042,41.556,41.556
20260930-203200,437.189,81053,3693,9,3,Might+Regeneration+Stability,1,1,25.754,26.280,26.280
20260930-203200,437.189,81053,6100,4,2,Regeneration+Might,1,1,25.246,25.754,25.754
20260930-203200,437.189,81053,5025,4,1,Regeneration,1,1,25.246,25.246,25.246
20260930-203200,437.189,81053,6855,8,2,Might+Swiftness,1,1,10.322,10.846,10.846
20260930-203200,437.707,81053,3888,8,0,,0,1,0.518,0.518,0.518
20260930-203200,437.707,81053,3752,6,0,,0,1,0.518,0.518,0.518
20260930-203200,437.707,81053,6964,6,0,,0,1,0.518,0.518,0.518
20260930-203200,437.707,81053,6430,3,0,,0,1,0.518,0.518,0.518
20260930-203200,437.707,81053,5297,4,0,,0,1,0.518,0.518,0.518
20260930-203200,438.623,81053,3560,10,0,,0,1,0.916,1.434,1.434
20260930-203200,438.623,81053,5353,6,0,,0,1,0.916,1.434,1.434
20260930-203200,438.623,81053,4667,10,1,Fury,1,1,11.232,11.756,11.756
20260930-203200,438.623,81053,3435,8,0,,0,1,0.916,1.434,1.434
20260930-203200,438.623,81053,3664,8,1,Fury,1,1,26.754,27.714,27.714
20260930-203200,438.623,81053,4409,5,0,,0,1,0.916,1.434,1.434
20260930-203200,438.623,81053,6377,7,0,,0,1,0.916,1.434,1.434
20260930-203200,438.745,81053,2408,9,3,Might+Resolution+Fury,1,1,11.880,12.402,12.402
20260930-203200,438.745,81053,3917,7,1,Might,1,1,26.876,27.912,27.912
20260930-203200,439.145,81053,8818,5,0,,0,1,0.522,1.956,1.956
20260930-203200,439.147,81053,7328,7,0,,0,1,0.524,0.524,0.524
20260930-203200,439.147,81053,9333,9,0,,0,1,0.524,0.524,0.524
20260930-203200,439.147,81053,12594,6,0,,0,1,0.524,1.958,1.958
20260930-203200,439.225,81053,3560,10,0,,0,1,0.602,2.036,2.036
20260930-203200,439.225,81053,3435,8,0,,0,1,0.602,2.036,2.036
20260930-203200,439.225,81053,6377,7,0,,0,1,0.602,2.036,2.036
20260930-203200,439.665,81053,3664,7,0,,0,1,0.518,1.042,1.042
20260930-203200,439.665,81053,4667,9,0,,0,1,0.518,1.042,1.042
20260930-203200,439.751,81053,6377,7,0,,0,1,0.526,2.562,2.562
20260930-203200,439.751,81053,3435,8,0,,0,1,0.526,2.562,2.562
20260930-203200,440.185,81053,5046,7,2,Fury+Might,1,1,27.714,30.796,30.796
20260930-203200,440.185,81053,2408,7,3,Fury+Might+Swiftness,1,1,1.440,1.440,1.440
20260930-203200,440.185,81053,3917,8,1,Resolution,1,1,1.440,1.440,1.440
20260930-203200,440.185,81053,3664,5,0,,0,1,0.520,1.562,1.562
20260930-203200,440.185,81053,4667,9,0,,0,1,0.520,1.562,1.562
20260930-203200,440.267,81053,3435,8,0,,0,1,0.516,3.078,3.078
20260930-203200,440.785,81053,3435,9,0,,0,1,0.518,3.596,3.596
20260930-203200,440.785,81053,4667,8,0,,0,1,0.600,2.162,2.162
20260930-203200,440.785,81053,3204,10,1,Resolution,1,1,1.560,3.596,3.596
20260930-203200,455.833,81326,654,10,1,Protection,1,1,15.648,17.210,17.210
20260930-203200,455.833,81326,636,9,1,Might,1,1,15.048,15.048,15.048
20260930-203200,455.833,81326,521,7,3,Might+Regeneration+Fury,1,1,15.648,15.648,15.648
20260930-203200,455.833,81326,808,8,2,Regeneration+Might,1,1,16.082,18.644,18.644
20260930-203200,456.345,81326,808,5,0,,0,1,0.512,0.512,0.512
20260930-203200,456.345,81326,833,8,1,Protection,1,1,15.560,17.722,17.722
20260930-203200,456.871,81326,808,4,0,,0,1,0.526,1.038,1.038
20260930-203200,456.871,81326,521,4,3,Might+Fury+Quickness,1,1,1.038,1.038,1.038
20260930-203200,456.871,81326,1119,7,0,,0,1,0.526,0.526,0.526
20260930-203200,457.383,81326,478,2,0,,0,1,0.512,0.512,0.512
20260930-203200,457.383,81326,636,8,1,Regeneration,1,1,1.550,1.550,1.550
20260930-203200,457.383,81326,1149,6,1,Regeneration,1,1,1.550,1.550,1.550
20260930-203200,458.545,81053,7226,7,1,Resolution,1,1,1.674,2.200,2.200
20260930-203200,458.545,81053,3084,4,3,Swiftness+Regeneration+Fury,1,1,1.162,1.674,1.674
20260930-203200,459.073,81053,4515,7,1,Protection,1,1,18.888,18.888,18.888
20260930-203200,459.073,81053,7226,6,0,,0,1,0.528,0.528,0.528
20260930-203200,459.073,81053,3065,8,1,Swiftness,1,1,19.928,21.884,21.884
20260930-203200,459.073,81053,3084,1,0,,0,1,0.528,0.528,0.528
20260930-203200,459.073,81053,4925,4,2,Protection+Might,1,1,2.202,3.240,3.240
20260930-203200,459.073,81053,3564,8,3,Swiftness+Resolution+Protection,1,1,18.288,21.884,21.884
20260930-203200,459.585,81053,7351,2,2,Fury+Quickness,0,1,0.512,0.512,0.512
20260930-203200,459.985,81053,6739,6,1,Resolution,0,1,0.912,0.912,0.912
20260930-203200,459.985,81053,4104,7,2,Fury+Stability,1,1,2.602,2.602,2.602
20260930-203200,459.985,81053,4604,1,2,Might+Vigor,0,1,0.912,1.440,1.440
20260930-203200,459.985,81053,5319,4,0,,0,1,0.912,0.912,0.912
20260930-203200,459.985,81053,3065,7,1,Resolution,0,1,0.912,0.912,0.912
20260930-203200,460.507,81053,6130,7,0,,0,1,0.522,0.522,1.434
20260930-203200,460.507,81053,9173,9,2,Protection+Might,1,1,20.322,20.322,20.322
20260930-203200,460.507,81053,9684,7,1,Resolution,1,1,1.434,1.962,1.962
20260930-203200,460.507,81053,9273,6,2,Might+Protection,1,1,21.360,23.318,23.318
20260930-203200,460.507,81053,12610,5,1,Resolution,1,1,3.124,3.124,3.124
20260930-203200,460.507,81053,7128,7,0,,0,1,0.522,1.434,1.434
20260930-203200,460.507,81053,8208,5,0,,0,1,0.522,0.522,0.522
20260930-203200,460.591,81053,4515,7,0,,0,1,0.606,0.606,1.518
20260930-203200,460.593,81053,7351,0,0,,0,1,1.008,1.008,1.520
20260930-203200,460.593,81053,4604,0,0,,0,1,0.608,0.608,2.048
20260930-203200,461.031,81053,6494,3,0,,0,1,0.524,0.524,0.524
20260930-203200,461.031,81053,5493,4,0,,0,1,0.524,0.524,0.524
20260930-203200,461.031,81053,5553,1,0,,0,1,0.524,0.524,0.524
20260930-203200,461.031,81053,3065,7,0,,0,1,0.524,1.046,1.958
20260930-203200,461.553,81053,6494,4,0,,0,0,0.522,1.046,1.046
20260930-203200,461.553,81053,7226,5,0,,0,1,1.046,1.046,1.046
20260930-203200,461.553,81053,5553,1,0,,0,1,0.522,1.046,1.046
20260930-203200,461.553,81053,3680,3,0,,0,1,0.522,1.046,1.046
20260930-203200,461.553,81053,4104,7,0,,0,1,1.046,1.568,1.568
20260930-205557,288.107,81326,557,10,1,Resolution,1,1,,,
20260930-205557,288.625,81326,577,10,1,Resolution,1,1,,,
20260930-205557,288.625,81326,481,9,1,Resolution,1,1,,,
20260930-205557,288.625,81326,693,10,1,Resolution,1,1,,,
20260930-205557,288.625,81326,703,9,1,Alacrity,1,1,,,
20260930-205557,289.155,81326,482,7,3,Might+Quickness+Regeneration,1,1,,,
20260930-205557,289.671,81326,703,8,1,Resolution,1,1,1.046,1.046,1.046
20260930-205557,317.593,81326,680,6,0,,0,1,27.922,27.922,27.922
20260930-205557,317.593,81326,620,6,0,,0,1,28.968,28.968,28.968
20260930-205557,317.593,81326,515,5,0,,0,1,,,
20260930-205557,317.593,81326,654,5,0,,0,1,,,
20260930-205557,317.593,81326,377,4,0,,0,1,28.438,28.438,28.438
20260930-205557,318.115,81326,654,6,0,,0,1,0.522,,
20260930-205557,318.115,81326,744,6,1,Might,1,1,29.490,29.490,29.490
20260930-205557,318.115,81326,638,4,4,Might+Quickness+Protection+Vigor,1,1,,,
20260930-205557,318.625,81326,953,1,0,,0,1,0.510,0.510,0.510
20260930-205557,319.143,81326,620,8,1,Swiftness,1,1,1.550,30.518,30.518
20260930-205557,331.149,81053,4152,8,2,Protection+Regeneration,1,1,,,
20260930-205557,332.069,81053,2801,8,4,Swiftness+Regeneration+Resolution+Protection,1,1,14.476,42.914,42.914
20260930-205557,332.069,81053,2375,7,2,Protection+Regeneration,1,1,43.444,43.444,43.444
20260930-205557,332.069,81053,2628,7,2,Protection+Regeneration,1,1,14.476,,
20260930-205557,332.189,81053,4180,3,0,,0,1,0.120,0.120,0.120
20260930-205557,332.189,81053,3545,5,0,,0,1,0.120,0.120,0.120
20260930-205557,332.671,81053,3545,5,0,,0,1,0.482,0.602,0.602
20260930-205557,332.713,81053,4180,3,0,,0,1,0.524,0.644,0.644
20260930-205557,332.713,81053,3421,9,2,Protection+Resolution,1,1,14.598,14.598,14.598
20260930-205557,347.623,81326,1387,0,0,,1,1,14.910,14.910,14.910
20260930-205557,348.147,81326,1387,0,0,,0,1,0.524,15.434,0.524
20260930-205557,348.147,81326,1287,1,1,Regeneration,1,1,16.998,16.998,16.998
20260930-205557,348.661,81326,1287,0,0,,0,1,0.514,0.514,0.514
20260930-205557,350.905,81053,4012,9,1,Might,1,1,33.312,61.234,61.234
20260930-205557,350.905,81053,4091,4,4,Resolution+Fury+Regeneration+Might,1,1,18.192,18.836,18.836
20260930-205557,350.905,81053,2944,9,1,Resolution,1,1,32.790,,
20260930-205557,351.429,81053,3519,9,4,Alacrity+Swiftness+Regeneration+Protection,1,1,63.322,63.322,63.322
20260930-205557,351.429,81053,2944,8,1,Alacrity,0,1,0.524,0.524,0.524
20260930-205557,351.429,81053,7685,3,3,Alacrity+Swiftness+Regeneration,1,1,3.282,18.716,3.806
20260930-205557,351.429,81053,4781,3,3,Alacrity+Swiftness+Regeneration,1,1,2.768,3.282,3.282
20260930-205557,351.429,81053,4091,3,3,Resolution+Alacrity+Swiftness,0,1,0.524,0.524,0.524
20260930-205557,351.429,81053,4082,6,4,Resolution+Regeneration+Might+Alacrity,1,1,18.758,19.360,19.360
20260930-205557,351.429,81053,4900,7,2,Resolution+Regeneration,1,1,32.286,32.286,32.286
20260930-205557,351.429,81053,5989,7,1,Resolution,0,1,0.524,0.524,0.524
20260930-205557,351.429,81053,5019,4,4,Resolution+Might+Resistance+Alacrity,1,1,19.360,19.360,19.360
20260930-205557,351.429,81053,5043,0,0,,1,1,32.804,33.314,33.314
20260930-205557,351.947,81053,7136,2,0,,0,1,0.518,0.518,0.518
20260930-205557,352.471,81053,5019,3,4,Resistance+Resolution+Fury+Might,1,1,1.042,1.042,1.042
20260930-205557,352.471,81053,5989,7,2,Resistance+Resolution,1,1,1.042,1.042,1.566
20260930-205557,352.471,81053,4900,6,2,Resolution+Fury,1,1,1.042,1.042,1.042
20260930-205557,352.471,81053,5043,1,1,Fury,1,1,1.042,34.356,1.042
20260930-205557,352.867,81053,5253,3,2,Resolution+Quickness,1,1,1.438,1.438,1.438
20260930-205557,352.867,81053,4123,5,2,Swiftness+Might,1,1,1.438,1.438,1.438
20260930-205557,352.867,81053,4900,4,0,,0,1,0.396,0.396,0.396
20260930-205557,352.867,81053,5043,0,0,,0,1,0.396,0.396,0.396
20260930-205557,352.867,81053,5019,1,0,,0,1,0.396,0.396,0.396
20260930-205557,352.991,81053,4394,8,1,Fury,1,1,1.562,1.562,2.086
20260930-205557,352.991,81053,5043,0,0,,0,1,0.124,0.520,0.520
20260930-205557,352.991,81053,4123,3,0,,0,1,0.124,0.124,0.124
20260930-205557,352.991,81053,5253,1,0,,0,1,0.124,0.124,0.124
20260930-205557,352.991,81053,4900,5,0,,0,1,0.124,0.520,0.520
20260930-205557,352.991,81053,5019,1,0,,0,1,0.124,0.520,0.520
20260930-205557,353.469,81053,4123,4,2,Resolution+Fury,0,1,0.478,0.602,0.602
20260930-205557,353.469,81053,7685,2,2,Swiftness+Regeneration,1,1,2.040,2.040,2.040
20260930-205557,353.469,81053,4394,7,1,Vigor,0,1,0.478,0.478,0.478
20260930-205557,353.469,81053,4900,7,1,Resolution,0,1,0.478,0.998,0.998
20260930-205557,353.469,81053,5043,3,3,Resolution+Swiftness+Regeneration,0,1,0.478,0.998,0.998
20260930-205557,353.469,81053,5019,3,2,Resolution+Swiftness,0,1,0.478,0.998,0.998
20260930-205557,353.991,81053,7136,2,2,Might+Quickness,1,1,2.044,2.562,2.562
20260930-205557,353.991,81053,4813,3,3,Resolution+Swiftness+Regeneration,1,1,2.562,2.562,3.086
20260930-205557,354.507,81053,6434,0,0,,0,1,0.516,0.516,0.516
20260930-205557,354.507,81053,4525,1,1,Fury,1,1,1.038,1.038,2.036
20260930-210743,285.108,81326,543,7,1,Might,1,1,,,
20260930-210743,285.108,81326,637,8,1,Might,1,1,,,
20260930-210743,285.108,81326,479,7,1,Fury,1,1,,,
20260930-210743,285.108,81326,555,7,1,Protection,1,1,,,
20260930-210743,285.108,81326,637,8,1,Regeneration,1,1,,,
20260930-210743,285.108,81326,597,8,1,Protection,1,1,,,
20260930-210743,285.108,81326,570,7,1,Protection,1,1,,,
20260930-210743,285.634,81326,637,7,0,,0,1,0.526,0.526,0.526
20260930-210743,285.634,81326,851,7,0,,0,1,0.526,0.526,0.526
20260930-210743,285.634,81326,891,8,0,,0,1,0.526,0.526,0.526
20260930-210743,285.634,81326,828,7,0,,0,1,0.526,0.526,0.526
20260930-210743,286.152,81326,668,10,1,Resolution,1,1,,,
20260930-210743,286.152,81326,515,10,2,Alacrity+Resolution,1,1,,,
20260930-210743,286.152,81326,802,10,0,,0,1,0.518,1.044,1.044
20260930-210743,286.152,81326,489,10,1,Resolution,1,1,1.044,1.044,1.044
20260930-210743,286.152,81326,828,8,0,,0,1,0.518,1.044,1.044
20260930-210743,286.152,81326,479,9,1,Fury,1,1,1.044,1.044,1.044
20260930-210743,286.152,81326,680,8,1,Alacrity,1,1,,,
20260930-210743,286.152,81326,637,8,0,,0,1,0.518,1.044,1.044
20260930-210743,286.152,81326,851,8,0,,0,1,0.518,1.044,1.044
20260930-210743,286.672,81326,680,5,0,,0,1,0.520,0.520,0.520
20260930-210743,286.672,81326,802,9,1,Alacrity,0,1,0.520,1.564,1.564
20260930-210743,286.672,81326,668,8,1,Fury,0,1,0.520,0.520,0.520
20260930-210743,315.344,81326,484,8,1,Fury,1,1,29.192,29.192,29.192
20260930-210743,315.872,81326,484,7,0,,0,1,0.528,0.528,0.528
20260930-210743,316.390,81326,621,10,1,Might,1,1,29.718,29.718,31.282
20260930-210743,316.390,81326,844,8,1,Swiftness,1,1,30.238,30.238,30.238
20260930-210743,316.390,81326,663,8,1,Swiftness,1,1,30.238,31.282,31.282
20260930-210743,316.390,81326,644,8,1,Swiftness,1,1,31.282,31.282,31.282
20260930-210743,316.390,81326,620,7,2,Might+Protection,1,1,30.238,30.238,30.238
20260930-210743,316.390,81326,589,8,1,Resolution,1,1,30.238,31.282,31.282
20260930-210743,316.390,81326,773,8,1,Swiftness,1,1,29.718,29.718,30.238
20260930-210743,316.390,81326,787,8,1,Resolution,1,1,29.718,30.238,30.238
20260930-210743,316.390,81326,534,7,1,Might,1,1,30.238,31.282,31.282
20260930-210743,316.908,81326,534,7,0,,0,1,0.518,0.518,0.518
20260930-210743,316.908,81326,632,6,0,,0,1,0.518,0.518,0.518
20260930-210743,331.470,81053,2583,9,3,Alacrity+Resistance+Fury,1,1,14.562,15.080,15.080
20260930-210743,331.988,81053,2928,11,1,Protection,1,1,15.598,15.598,15.598
20260930-210743,331.988,81053,2363,11,1,Alacrity,1,1,15.598,15.598,15.598
20260930-210743,333.030,81053,4095,10,1,Might,1,1,1.042,1.042,1.042
20260930-210743,333.030,81053,2689,9,3,Might+Fury+Protection,1,1,1.560,1.560,1.560
20260930-210743,345.232,81326,900,4,3,Might+Quickness+Fury,1,1,12.202,12.202,12.202
20260930-210743,345.232,81326,1275,2,0,,0,1,28.842,28.842,28.842
20260930-210743,345.232,81326,603,5,0,,0,1,28.842,28.842,28.842
20260930-210743,345.232,81326,845,6,0,,0,1,28.842,28.842,28.842
20260930-210743,345.232,81326,541,8,0,,0,1,28.324,28.842,28.842
20260930-210743,346.272,81326,731,4,2,Fury+Swiftness,1,1,30.400,30.928,30.928
20260930-210743,346.788,81326,973,7,0,,0,1,13.758,13.758,13.758
20260930-210743,346.788,81326,717,9,0,,0,1,30.398,30.398,30.398
20260930-210743,351.904,81053,3766,6,1,Resolution,1,1,5.116,35.514,35.514
20260930-210743,353.432,81053,3528,6,1,Regeneration,1,1,1.528,1.528,1.528
20260930-210743,353.432,81053,2971,9,2,Might+Regeneration,1,1,8.200,37.042,37.042
20260930-210743,353.432,81053,2588,6,1,Might,1,1,21.444,21.444,21.444
20260930-210743,353.432,81053,3848,6,2,Might+Regeneration,1,1,37.042,37.042,37.042
20260930-210743,353.432,81053,4692,2,2,Might+Fury,1,1,8.200,8.200,8.200
20260930-210743,353.432,81053,7994,7,1,Protection,1,1,6.644,20.402,20.402
20260930-210743,353.464,81053,3598,6,2,Might+Regeneration,1,1,7.192,7.192,7.192
20260930-210743,353.864,81053,2399,9,1,Swiftness,1,1,8.632,37.474,37.474
20260930-210743,354.386,81053,3598,5,0,,0,1,0.922,0.922,0.922
20260930-210743,354.988,81053,2790,6,2,Protection+Swiftness,1,1,9.756,38.598,38.598
20260930-210743,354.990,81053,3243,4,0,,0,1,0.604,1.526,1.526
20260930-210743,370.866,81053,4495,3,4,Regeneration+Might+Resistance+Fury,1,1,17.002,17.002,17.002
20260930-210743,370.866,81053,5227,2,2,Resistance+Regeneration,1,1,15.878,15.878,15.878
20260930-210743,371.388,81053,5804,1,1,Resistance,1,1,17.956,17.956,17.956
20260930-210743,371.388,81053,3856,6,2,Might+Regeneration,1,1,17.956,17.956,17.956
20260930-210743,371.388,81053,4421,0,0,,0,1,0.522,0.522,0.522
20260930-210743,372.306,81053,4284,4,0,,0,1,0.918,0.918,0.918
20260930-210743,372.432,81053,4680,4,4,Might+Regeneration+Quickness+Resistance,1,1,27.200,56.042,56.042
20260930-210743,372.432,81053,4364,5,1,Resolution,1,1,19.000,19.000,19.000
20260930-210743,372.432,81053,5804,5,5,Resolution+Vigor+Fury+Regeneration+Might,1,1,1.044,1.044,1.044
20260930-210743,372.432,81053,3202,6,1,Resolution,1,1,19.000,19.000,19.000
20260930-210743,372.826,81053,3979,2,4,Resolution+Might+Quickness+Regeneration,1,1,1.438,1.960,1.960
20260930-210743,372.908,81053,3570,11,1,Alacrity,1,1,19.476,19.476,19.476
20260930-210743,372.908,81053,5804,0,0,,0,0,0.476,0.476,0.476
20260930-210743,372.908,81053,4364,4,0,,0,1,0.476,0.476,0.476
20260930-210743,372.908,81053,4680,1,0,,0,1,0.476,0.476,0.476
20260930-210743,372.908,81053,4284,4,0,,0,1,0.602,1.520,1.520
20260930-210743,372.908,81053,3674,9,2,Alacrity+Resolution,1,1,19.476,19.476,19.476
20260930-210743,372.908,81053,3202,5,0,,0,1,0.476,0.476,0.476
20260930-210743,372.908,81053,2683,8,1,Fury,1,1,17.918,19.444,19.444
20260930-210743,390.906,81053,2832,8,1,Resolution,1,1,17.998,18.474,18.474
20260930-210743,391.820,81053,5684,10,1,Alacrity,1,1,18.912,18.912,18.912
20260930-210743,391.906,81053,3474,8,1,Resolution,1,1,18.998,19.474,19.474
20260930-210743,391.906,81053,2246,7,4,Alacrity+Might+Protection+Fury,1,1,18.998,19.474,19.474
20260930-210743,391.906,81053,3069,6,2,Alacrity+Might,1,1,18.998,20.518,20.518
20260930-210743,392.346,81053,4736,8,6,Resolution+Alacrity+Fury+Might+Regeneration+Quickness,1,1,19.438,19.914,19.914
20260930-210743,392.346,81053,6138,5,0,,0,1,0.440,0.440,0.440
20260930-210743,392.346,81053,6336,5,4,Resolution+Alacrity+Fury+Might,1,1,19.520,19.520,19.520
20260930-210743,392.346,81053,6500,7,2,Alacrity+Might,1,1,19.438,19.438,19.438
20260930-210743,392.346,81053,10008,3,0,,0,1,0.440,0.440,0.440
20260930-210743,392.346,81053,6948,8,0,,0,1,0.440,0.440,0.440
20260930-210743,392.428,81053,2792,5,1,Alacrity,1,1,19.520,19.520,19.520
20260930-210743,392.428,81053,2842,9,0,,0,1,0.608,0.608,0.608
20260930-210743,392.864,81053,5484,5,4,Regeneration+Stability+Quickness+Swiftness,1,1,21.998,21.998,21.998
20260930-210743,392.864,81053,5584,4,0,,0,1,0.436,0.436,0.436
20260930-210743,392.864,81053,7040,2,0,,0,1,0.518,0.518,0.518
20260930-210743,392.864,81053,7854,2,0,,0,1,0.518,0.518,0.518
20260930-210743,392.864,81053,6948,7,0,,0,1,0.518,0.958,0.958
20260930-210743,392.864,81053,9702,4,0,,0,1,0.518,0.518,0.518
20260930-210743,392.864,81053,11122,2,0,,0,1,0.518,0.958,0.958
20260930-210743,392.864,81053,6820,4,0,,0,1,0.518,0.958,0.958
20260930-210743,392.950,81053,3804,8,1,Fury,1,1,2.044,2.044,2.044
20260930-210743,392.950,81053,2842,7,0,,0,1,0.522,1.130,1.130
20260930-210743,393.464,81053,3804,8,0,,0,1,0.514,0.514,0.514
20260930-210743,393.464,81053,2842,6,0,,0,1,0.514,1.644,1.644
20260930-210743,418.624,81053,6211,6,2,Might+Quickness,1,1,25.760,26.718,26.718
20260930-210743,419.146,81053,8232,10,0,,0,1,26.282,26.282,26.282
20260930-210743,419.146,81053,11219,10,2,Regeneration+Protection,1,1,25.682,26.196,26.196
20260930-210743,419.146,81053,10428,9,0,,0,1,26.282,27.240,27.240
20260930-210743,419.146,81053,12968,3,0,,0,1,0.522,0.522,0.522
20260930-210743,419.146,81053,9843,0,1,Protection,1,1,26.282,26.800,26.800
20260930-210743,419.146,81053,7074,3,3,Vigor+Swiftness+Fury,1,1,25.682,27.326,27.326
20260930-210743,419.146,81053,6255,0,0,,1,1,26.282,26.718,26.718
20260930-210743,419.146,81053,8566,2,1,Resolution,0,0,26.282,26.800,26.800
20260930-210743,419.146,81053,3746,7,5,Protection+Alacrity+Fury+Might+Quickness,1,1,26.282,27.240,27.240
20260930-210743,419.664,81053,7451,10,0,,0,1,0.518,0.518,0.518
20260930-210743,419.664,81053,6538,3,0,,0,1,0.518,0.518,0.518
20260930-210743,419.664,81053,6202,1,0,,0,1,0.518,0.518,0.518
20260930-210743,419.664,81053,4565,10,0,,0,1,0.518,26.800,26.800
20260930-210743,419.664,81053,5783,10,0,,0,1,0.518,27.758,27.758
20260930-210743,419.664,81053,7847,1,0,,0,0,0.518,0.518,0.518
20260930-210743,419.664,81053,6938,1,0,,0,1,0.518,27.236,0.518
20260930-210743,420.062,81053,6538,3,0,,0,1,0.398,0.916,0.916
20260930-210743,420.062,81053,6202,2,0,,0,1,0.398,0.916,0.916
20260930-210743,420.062,81053,5783,10,0,,0,1,0.398,28.156,28.156
20260930-210743,420.062,81053,6938,0,0,,0,1,0.398,27.634,0.916
20260930-210743,420.062,81053,4565,10,0,,0,1,0.398,27.198,27.198
20260930-210743,420.186,81053,19002,0,0,,1,1,1.040,1.040,27.840
20260930-210743,420.186,81053,6938,0,0,,0,1,0.124,27.758,1.040
20260930-210743,420.186,81053,6538,3,0,,0,0,0.124,1.040,1.040
20260930-210743,420.584,81053,9984,9,0,,0,1,0.920,1.438,1.438
20260930-210743,420.584,81053,4565,10,0,,0,1,0.522,27.720,27.720
20260930-210743,420.584,81053,12404,4,0,,0,1,0.522,1.438,1.438
20260930-210743,420.584,81053,11566,10,0,,0,1,0.522,28.678,28.678
20260930-210743,420.668,81053,6938,0,0,,0,1,0.482,28.240,1.522
20260930-210743,420.706,81053,7847,2,2,Alacrity+Might,1,1,1.042,1.560,1.560
20260930-210743,421.106,81053,7847,0,0,,0,1,0.400,0.400,0.400
20260930-210743,421.106,81053,19461,5,0,,0,1,0.522,1.960,1.960
20260930-210743,421.106,81053,6938,0,0,,0,1,0.438,28.678,1.960
20260930-210743,421.184,81053,5503,10,0,,0,1,0.600,2.038,2.038
20260930-210743,421.624,81053,10473,0,0,,1,1,1.438,2.478,1.438
20260930-210743,421.626,81053,7647,0,0,,0,0,0.520,29.198,2.480
20260930-210743,421.626,81053,9274,0,0,,0,1,0.520,0.920,0.920
20260930-210743,421.626,81053,10100,2,2,Resolution+Swiftness,1,1,1.440,2.480,2.480
20260930-210743,421.704,81053,7594,8,2,Resolution+Might,1,1,1.120,29.798,29.798
20260930-210743,422.222,81053,10100,0,0,,0,1,0.596,0.596,0.596
20260930-210743,422.222,81053,9274,0,0,,0,1,0.596,1.516,1.516
20260930-210743,422.222,81053,7594,6,0,,0,1,0.518,0.518,0.518
20260930-210743,422.222,81053,11229,0,0,,0,1,0.598,3.076,0.598
20260930-211921,290.835,81326,589,6,1,Resolution,1,1,,,
20260930-211921,290.835,81326,570,8,1,Resolution,1,1,,,
20260930-211921,290.835,81326,655,10,1,Might,1,1,,,
20260930-211921,290.835,81326,655,7,2,Might+Vigor,1,1,,,
20260930-211921,290.835,81326,763,7,1,Might,1,1,,,
20260930-211921,290.835,81326,778,7,1,Might,1,1,,,
20260930-211921,290.835,81326,586,6,1,Might,1,1,,,
20260930-211921,290.835,81326,478,9,1,Might,1,1,,,
20260930-211921,291.351,81326,778,7,0,,0,1,0.516,0.516,0.516
20260930-211921,291.353,81326,763,7,0,,0,1,0.518,0.518,0.518
20260930-211921,291.353,81326,614,8,1,Might,1,1,,,
20260930-211921,291.353,81326,655,8,0,,0,1,0.518,0.518,0.518
20260930-211921,291.353,81326,655,7,0,,0,1,0.518,0.518,0.518
20260930-211921,291.353,81326,589,4,0,,0,1,0.518,0.518,0.518
20260930-211921,291.353,81326,570,6,0,,0,1,0.518,0.518,0.518
20260930-211921,291.867,81326,552,9,0,,0,1,0.514,0.514,0.514
20260930-211921,291.867,81326,700,9,0,,0,1,0.516,1.032,1.032
20260930-211921,319.713,81326,614,5,1,Fury,1,1,28.360,28.878,28.878
20260930-211921,319.713,81326,639,5,1,Fury,1,1,27.846,28.360,28.360
20260930-211921,319.713,81326,869,7,1,Resolution,1,1,,,
20260930-211921,320.227,81326,550,5,1,Resolution,1,1,29.392,29.392,29.392
20260930-211921,320.227,81326,594,5,1,Resolution,1,1,28.874,29.392,29.392
20260930-211921,320.227,81326,614,5,0,,0,1,0.514,0.514,0.514
20260930-211921,320.227,81326,869,6,0,,0,1,0.514,0.514,0.514
20260930-211921,320.227,81326,639,5,0,,0,1,0.514,0.514,0.514
20260930-211921,320.747,81326,550,5,0,,0,1,0.520,0.520,0.520
20260930-211921,320.749,81326,594,5,0,,0,1,0.522,0.522,0.522
20260930-211921,321.275,81326,513,8,1,Fury,1,1,30.440,30.440,30.440
20260930-211921,321.275,81326,663,7,1,Fury,1,1,29.922,30.440,30.440
20260930-211921,321.275,81326,803,8,2,Fury+Might,1,1,29.922,30.440,30.440
20260930-211921,321.275,81326,795,8,1,Fury,1,1,29.922,30.440,30.440
20260930-211921,321.275,81326,810,5,1,Resolution,1,1,29.408,30.440,30.440
20260930-211921,321.275,81326,550,6,0,,0,1,0.528,1.048,1.048
20260930-211921,321.275,81326,594,6,0,,0,1,0.526,1.048,1.048
20260930-211921,335.631,81053,5737,9,2,Protection+Resolution,1,1,14.356,14.356,14.356
20260930-211921,335.631,81053,2225,8,2,Protection+Resolution,1,1,14.356,15.404,15.404
20260930-211921,335.631,81053,3369,6,1,Resolution,1,1,14.356,14.356,14.356
20260930-211921,335.631,81053,2058,9,1,Might,1,1,14.356,15.404,15.404
20260930-211921,336.149,81053,3369,6,0,,0,1,0.518,0.518,0.518
20260930-211921,336.671,81053,2871,7,2,Resolution+Swiftness,1,1,1.040,1.040,1.040
20260930-211921,337.185,81053,2871,5,0,,0,1,0.514,0.514,0.514
20260930-211921,338.113,81053,3185,4,0,,0,1,0.928,1.442,1.442
20260930-211921,350.591,81326,701,4,0,,0,1,12.478,13.920,13.920
20260930-211921,350.591,81326,560,6,2,Resolution+Might,1,1,14.960,14.960,14.960
20260930-211921,355.629,81053,1854,7,2,Might+Resolution,1,1,5.038,18.958,18.958
20260930-211921,356.149,81053,1854,5,0,,0,1,0.520,0.520,0.520
20260930-211921,356.149,81053,4910,6,2,Might+Vigor,1,1,34.874,34.874,34.874
20260930-211921,357.669,81053,4577,7,2,Regeneration+Might,1,1,36.394,36.394,36.394
20260930-211921,371.949,81053,2646,7,2,Might+Protection,1,1,51.722,52.236,52.236
20260930-211921,371.949,81053,2275,6,1,Might,1,1,36.318,36.318,36.318
20260930-211921,371.951,81053,2538,6,1,Might,1,1,51.724,52.238,52.238
20260930-211921,372.477,81053,5292,8,0,,0,1,0.528,0.528,0.528
20260930-211921,372.477,81053,4550,7,0,,0,1,0.528,0.528,0.528
20260930-211921,372.479,81053,5076,6,0,,0,1,0.528,0.528,0.528
20260930-211921,372.479,81053,5365,7,1,Swiftness,1,1,52.252,52.766,52.766
20260930-211921,372.479,81053,2742,8,1,Protection,1,1,51.204,51.204,51.204
20260930-211921,372.479,81053,3352,9,1,Resolution,1,1,36.330,36.848,36.848
20260930-211921,372.987,81053,2538,6,0,,0,1,0.508,1.036,1.036
20260930-211921,372.987,81053,2275,7,0,,0,1,0.510,1.038,1.038
20260930-211921,372.987,81053,2646,8,0,,0,1,0.510,1.038,1.038
20260930-211921,372.987,81053,3290,6,2,Regeneration+Fury,1,1,16.838,16.838,16.838
20260930-211921,372.987,81053,3352,10,0,,0,1,0.508,0.508,0.508
20260930-211921,373.515,81053,1855,7,1,Resolution,1,1,17.366,17.886,17.886
20260930-211921,373.515,81053,2961,5,0,,0,1,0.528,0.528,0.528
20260930-211921,373.515,81053,2275,8,0,,0,1,0.528,1.566,1.566
20260930-211921,373.515,81053,2538,7,0,,0,1,0.528,1.564,1.564
20260930-211921,373.515,81053,2646,9,0,,0,1,0.528,1.566,1.566
20260930-211921,373.903,81053,1672,7,0,,0,1,0.388,0.388,0.388
20260930-211921,374.025,81053,1672,7,0,,0,1,0.122,0.510,0.510
20260930-211921,374.025,81053,2670,5,0,,0,1,0.510,1.038,1.038
20260930-211921,374.427,81053,1995,11,2,Resolution+Might,1,1,23.836,23.836,23.836
20260930-211921,374.511,81053,3240,7,1,Regeneration,1,1,2.032,2.032,2.032
20260930-211921,374.945,81053,2719,11,0,,0,1,1.958,2.466,2.466
20260930-211921,374.945,81053,3240,7,0,,0,1,0.434,0.434,0.434
20260930-211921,392.313,81053,5790,9,2,Alacrity+Fury,1,1,34.644,34.644,34.644
20260930-211921,392.313,81053,2414,10,1,Resolution,1,1,18.798,20.362,20.362
20260930-211921,392.313,81053,2443,10,2,Resolution+Alacrity,1,1,18.798,20.364,20.364
20260930-211921,392.313,81053,2100,11,1,Vigor,1,1,18.798,20.364,20.364
20260930-211921,392.313,81053,2270,11,2,Resolution+Alacrity,1,1,17.886,17.886,17.886
20260930-211921,392.313,81053,2114,10,1,Resolution,1,1,18.288,18.798,18.798
20260930-211921,392.707,81053,4228,9,0,,0,1,0.394,0.394,0.394
20260930-211921,392.707,81053,6188,9,1,Might,1,1,17.762,20.228,20.228
20260930-211921,392.707,81053,4940,9,1,Fury,1,1,17.762,18.196,18.196
20260930-211921,392.707,81053,4540,8,0,,0,1,0.394,0.394,0.394
20260930-211921,392.707,81053,6750,9,2,Resolution+Stability,1,1,18.682,19.720,19.720
20260930-211921,392.707,81053,5626,9,1,Swiftness,1,1,20.228,20.228,20.228
20260930-211921,392.707,81053,4200,9,0,,0,1,0.394,0.394,0.394
20260930-211921,392.707,81053,5790,7,0,,0,1,0.394,0.394,0.394
20260930-211921,392.707,81053,4828,8,0,,0,1,0.394,0.394,0.394
20260930-211921,392.835,81053,2895,7,0,,0,1,0.128,0.522,0.522
20260930-211921,392.835,81053,2443,8,0,,0,1,0.522,0.522,0.522
20260930-211921,392.835,81053,2344,9,0,,0,1,0.128,0.522,0.522
20260930-211921,392.835,81053,2813,8,0,,0,1,0.128,0.128,0.128
20260930-211921,392.835,81053,2100,10,0,,0,1,0.128,0.522,0.522
20260930-211921,392.835,81053,3375,8,0,,0,1,0.128,0.128,0.128
20260930-211921,392.835,81053,2270,9,0,,0,1,0.128,0.522,0.522
20260930-211921,392.835,81053,3094,9,0,,0,1,0.128,0.128,0.128
20260930-211921,392.835,81053,2470,8,0,,0,1,0.128,0.128,0.128
20260930-211921,393.235,81053,5626,9,0,,0,1,0.400,0.528,0.528
20260930-211921,393.235,81053,4228,9,0,,0,1,0.528,0.922,0.922
20260930-211921,393.235,81053,6750,8,0,,0,1,0.400,0.528,0.528
20260930-211921,393.235,81053,5790,7,0,,0,1,0.400,0.922,0.922
20260930-211921,393.305,81053,2100,11,0,,0,1,0.470,0.992,0.992
20260930-211921,393.305,81053,3094,9,0,,0,1,0.470,0.598,0.598
20260930-211921,393.305,81053,2470,8,0,,0,1,0.470,0.598,0.598
20260930-211921,393.305,81053,2270,9,0,,0,1,0.470,0.992,0.992
20260930-211921,393.305,81053,2344,10,0,,0,1,0.470,0.992,0.992
20260930-211921,393.749,81053,4688,11,0,,0,1,0.444,1.436,1.436
20260930-211921,393.749,81053,5626,8,0,,0,1,0.514,1.042,1.042
20260930-211921,393.749,81053,6750,6,0,,0,1,0.514,1.042,1.042
20260930-211921,393.749,81053,3094,9,0,,0,1,0.444,1.042,1.042
20260930-211921,393.749,81053,3687,7,0,,0,1,0.444,1.042,1.042
20260930-211921,393.749,81053,4228,8,0,,0,1,0.514,1.436,1.436
20260930-211921,393.749,81053,4540,9,0,,0,1,0.444,1.436,1.436
20260930-211921,393.749,81053,2895,5,0,,0,1,0.514,1.436,1.436
20260930-211921,393.831,81053,2100,11,0,,0,1,0.526,1.518,1.518
20260930-211921,394.351,81053,2113,10,0,,0,1,0.602,2.038,2.038
20260930-211921,394.353,81053,2047,7,0,,0,1,0.604,2.040,2.040
20260930-211921,394.353,81053,1906,8,0,,0,1,0.604,2.040,2.040
20260930-211921,394.353,81053,2790,8,0,,0,1,0.604,1.646,1.646
20260930-211921,394.353,81053,4542,5,0,,0,1,0.604,1.646,1.646
20260930-211921,394.353,81053,3324,8,0,,0,1,0.604,1.646,1.646
20260930-211921,394.353,81053,2536,8,0,,0,1,0.604,1.646,1.646
20260930-211921,417.909,81326,1170,7,2,Fury+Might,1,1,23.556,25.202,25.202
20260930-211921,417.909,81326,653,8,1,Fury,1,1,23.556,25.202,25.202
20260930-211921,418.947,81326,442,9,1,Fury,1,1,24.594,26.634,26.634
20260930-211921,418.947,81326,718,6,1,Fury,1,1,24.594,26.240,26.240
20260930-211921,419.071,81053,2901,5,0,,0,1,0.124,0.124,0.124
20260930-211921,419.461,81326,442,7,0,,0,1,0.514,0.514,0.514
20260930-211921,419.591,81053,2290,8,2,Might+Resistance,1,1,26.756,27.278,27.278
20260930-211921,419.591,81053,3737,5,2,Might+Resistance,1,1,25.238,27.278,27.278
20260930-211921,419.593,81053,2316,6,1,Might,1,1,25.240,26.886,26.886
20260930-211921,420.111,81053,3723,5,4,Vigor+Regeneration+Protection+Quickness,1,1,2.202,2.202,2.202
20260930-211921,420.111,81053,2714,9,2,Alacrity+Regeneration,1,1,26.362,27.798,27.798
20260930-211921,420.507,81053,2128,5,0,,0,1,0.916,0.916,0.916
20260930-211921,420.507,81053,2316,7,0,,0,1,0.914,0.914,0.914
20260930-211921,420.507,81053,2197,8,0,,0,1,26.156,28.194,28.194
20260930-211921,420.627,81053,2197,8,0,,0,1,0.120,28.314,28.314
20260930-211921,420.627,81053,2316,7,0,,0,1,0.120,1.034,1.034
20260930-211921,420.627,81053,2128,6,0,,0,1,0.120,1.036,1.036
20260930-211921,420.627,81053,2290,7,2,Swiftness+Protection,1,1,1.036,1.036,1.036
20260930-211921,421.025,81053,5428,6,0,,0,1,0.914,0.914,0.914
20260930-211921,421.025,81053,5274,7,0,,0,1,3.116,3.116,3.116
20260930-211921,421.025,81053,4632,8,0,,0,1,0.398,1.432,1.432
20260930-211921,421.025,81053,4256,7,0,,0,1,0.398,1.434,1.434
20260930-211921,421.025,81053,4394,9,0,,0,1,0.398,28.712,28.712
20260930-211921,421.025,81053,6836,7,0,,0,1,0.398,0.398,0.398
20260930-211921,421.109,81053,5556,1,0,,0,1,0.998,0.998,0.998
20260930-211921,421.151,81053,3418,7,0,,0,1,0.126,0.524,0.524
20260930-211921,421.151,81053,2197,9,0,,0,1,0.126,28.838,28.838
20260930-211921,421.151,81053,2128,7,0,,0,1,0.126,1.560,1.560
20260930-211921,421.151,81053,2316,8,0,,0,1,0.126,1.558,1.558
20260930-211921,421.545,81053,3834,8,0,,0,1,0.394,1.952,1.952
20260930-211921,421.545,81053,2437,9,0,,0,1,0.394,29.232,29.232
20260930-211921,421.545,81053,2361,7,0,,0,1,0.394,1.954,1.954
20260930-211921,421.631,81053,2925,6,0,,0,1,0.606,3.722,3.722
20260930-211921,421.631,81053,6163,1,0,,0,1,0.522,1.520,1.520
20260930-211921,421.631,81053,3010,6,0,,0,1,0.606,1.520,1.520
20260930-211921,421.631,81053,2198,6,1,Might,1,1,2.170,2.684,2.684
20260930-211921,422.065,81053,3418,8,0,,0,1,0.914,1.438,1.438
20260930-211921,422.065,81053,2197,9,0,,0,1,0.520,29.752,29.752
20260930-211921,422.065,81053,3456,8,0,,0,1,0.520,2.472,2.472
20260930-211921,422.065,81053,2128,7,0,,0,1,0.520,2.474,2.474
20260930-211921,422.147,81053,2714,6,0,,0,1,0.516,2.036,2.036
20260930-211921,422.147,81053,2637,6,0,,0,1,0.516,4.238,4.238
20260930-211921,422.667,81053,2714,6,0,,0,1,0.520,2.556,2.556
20260930-211921,440.429,81053,3373,10,1,Resistance,1,1,21.358,21.482,21.482
20260930-211921,440.431,81053,3066,7,1,Swiftness,1,1,18.284,22.522,22.522
20260930-211921,440.431,81053,4019,7,1,Regeneration,1,1,18.366,20.838,20.838
20260930-211921,440.431,81053,2299,9,1,Swiftness,1,1,18.366,48.118,48.118
20260930-211921,440.431,81053,2060,9,1,Resolution,1,1,46.600,48.118,48.118
20260930-211921,440.431,81053,5491,4,2,Resolution+Might,1,1,18.800,20.320,20.320
20260930-211921,440.945,81053,9900,6,0,,0,1,0.514,0.514,0.514
20260930-211921,441.463,81053,10982,6,0,,0,1,0.518,1.032,1.032
20260930-211921,441.463,81053,2304,6,1,Might,1,1,19.832,19.832,19.832
20260930-211921,441.463,81053,2474,8,2,Resolution+Fury,1,1,19.398,21.872,21.872
20260930-211921,441.463,81053,4851,6,2,Swiftness+Might,1,1,18.796,21.352,21.352
20260930-211921,441.989,81053,4851,5,0,,0,1,0.526,0.526,0.526
20260930-211921,441.989,81053,2474,7,0,,0,1,0.526,0.526,0.526
20260930-211921,441.989,81053,2304,7,0,,0,1,0.526,0.526,0.526
20260930-211921,442.469,81053,3066,10,1,Alacrity,1,1,2.038,2.038,2.038
20260930-211921,442.469,81053,3373,8,1,Resolution,1,1,2.040,2.040,2.040
20260930-211921,442.469,81053,2289,8,1,Resolution,1,1,2.038,2.038,2.038
20260930-211921,442.469,81053,2692,10,1,Alacrity,1,1,2.038,2.038,2.038
20260930-211921,442.469,81053,2554,7,1,Resolution,1,1,2.038,2.038,2.038
20260930-211921,442.469,81053,2304,8,0,,0,1,0.480,1.006,1.006
20260930-211921,442.469,81053,2662,8,2,Resolution+Fury,1,1,20.404,21.842,21.842
20260930-211921,442.469,81053,2474,7,0,,0,1,0.480,1.006,1.006
20260930-211921,442.983,81053,6460,5,2,Might+Resistance,1,1,1.520,2.552,2.552
20260930-211921,443.507,81053,4851,5,2,Might+Quickness,1,1,1.518,2.044,2.044
20260930-211921,444.021,81053,4944,3,0,,0,0,0.514,0.514,0.514
20260930-211921,447.509,81326,660,9,1,Regeneration,1,1,5.040,5.040,5.040
20260930-211921,447.509,81326,761,8,1,Protection,1,1,5.040,5.040,5.040
20260930-211921,447.509,81326,588,6,1,Protection,1,1,5.040,5.040,5.040
20260930-211921,447.509,81326,612,7,2,Regeneration+Might,1,1,5.040,5.040,5.040
20260930-211921,476.509,81053,2809,9,1,Protection,1,1,29.000,29.000,29.000
20260930-211921,476.509,81053,2331,9,1,Resolution,1,1,34.040,34.040,34.040
20260930-211921,477.427,81053,2331,8,0,,0,1,0.918,0.918,0.918
20260930-211921,477.945,81053,2585,8,0,,0,1,0.518,1.436,1.436
20260930-211921,478.025,81053,3428,11,1,Alacrity,1,1,30.516,30.516,30.516
20260930-211921,478.465,81053,2585,8,0,,0,1,0.520,1.956,1.956
20260930-211921,522.867,81326,746,9,1,Stability,1,1,80.398,80.398,80.398
20260930-211921,522.867,81326,503,7,2,Stability+Might,1,1,80.398,81.404,81.404
20260930-211921,523.381,81326,524,5,1,Might,1,1,44.916,46.872,46.872
20260930-211921,523.381,81326,527,8,2,Might+Protection,1,1,75.872,75.872,75.872
20260930-211921,523.909,81326,874,7,2,Fury+Stability,1,1,79.888,80.402,80.402
20260930-211921,523.909,81326,569,6,1,Fury,1,1,47.400,47.400,47.400
20260930-211921,523.909,81326,758,6,2,Stability+Might,1,1,80.926,80.926,80.926
20260930-211921,523.909,81326,695,8,2,Might+Resolution,1,1,45.884,45.884,45.884
20260930-211921,523.909,81326,786,4,2,Swiftness+Resolution,0,1,0.528,0.528,0.528
20260930-211921,523.909,81326,503,4,4,Quickness+Swiftness+Resolution+Regeneration,1,1,1.042,1.042,1.042
20260930-211921,523.909,81326,549,6,2,Resolution+Protection,1,1,76.400,76.400,76.400
20260930-211921,523.909,81326,746,7,2,Resolution+Quickness,1,1,1.042,1.042,1.042
20260930-211921,524.423,81326,834,2,0,,0,1,0.514,0.514,0.514
20260930-211921,524.423,81326,819,4,0,,0,1,0.514,0.514,0.514
20260930-211921,524.423,81326,499,6,0,,0,1,0.514,0.514,0.514
20260930-211921,524.423,81326,786,3,0,,0,1,0.514,0.514,1.042
20260930-211921,524.423,81326,758,4,0,,0,1,0.514,0.514,0.514
20260930-211921,524.423,81326,632,5,0,,0,1,0.514,0.514,0.514
20260930-211921,524.423,81326,874,2,0,,0,1,0.514,0.514,0.514
20260930-211921,536.669,80901,11224,10,2,Protection+Vigor,1,1,12.246,12.760,13.288
20260930-211921,536.669,80901,10124,7,2,Protection+Vigor,1,1,12.246,12.760,12.760
20260930-211921,536.669,80901,5193,6,1,Resistance,1,1,12.246,12.760,12.760
20260930-211921,536.669,80901,3380,10,1,Protection,1,1,12.246,12.760,12.760
20260930-211921,537.179,80901,4206,5,2,Regeneration+Swiftness,0,1,0.510,0.510,0.510
20260930-211921,537.703,80901,4206,3,0,,0,1,0.524,0.524,1.034
20260930-211921,538.223,80901,12618,3,0,,0,1,0.520,1.044,1.554
20260930-211921,552.585,81326,704,5,1,Swiftness,1,1,28.676,28.676,28.676
20260930-211921,552.585,81326,644,3,1,Resolution,1,1,110.116,111.122,111.122
20260930-211921,553.110,81326,659,8,0,,1,1,16.441,16.441,16.441
20260930-211921,553.110,81326,1216,7,2,Resolution+Might,1,1,28.687,29.201,29.201
20260930-211921,553.110,81326,644,4,0,,0,1,0.525,0.525,0.525
20260930-211921,553.221,80901,11338,7,1,Regeneration,1,1,28.798,29.312,29.312
20260930-211921,553.221,80901,8160,8,1,Regeneration,1,1,16.552,16.552,16.552
20260930-211921,553.221,80901,7086,7,1,Might,1,1,28.798,29.312,29.312
20260930-211921,553.221,80901,9702,7,2,Regeneration+Might,1,1,14.998,16.042,16.552
20260930-211921,553.625,81326,697,1,0,,1,1,16.956,16.956,16.956
20260930-211921,554.143,81326,644,7,1,Resolution,1,1,1.033,1.558,1.558
20260930-211921,554.143,81326,704,6,1,Swiftness,1,1,1.558,1.558,1.558
20260930-211921,554.143,81326,697,3,0,,1,1,0.518,17.474,0.518
20260930-211921,566.659,80901,10188,6,1,Might,1,1,13.438,13.438,13.438
20260930-211921,566.659,80901,3968,2,1,Protection,1,1,13.438,13.438,13.438
20260930-211921,567.181,80901,5871,3,1,Swiftness,1,1,13.960,13.960,13.960
20260930-211921,567.181,80901,5500,5,0,,0,1,0.522,0.522,0.522
20260930-211921,567.181,80901,6394,2,0,,0,1,0.522,0.522,0.522
20260930-211921,567.703,80901,5500,6,0,,0,1,0.522,1.044,1.044
20260930-211921,568.227,80901,5639,1,1,Quickness,0,0,1.046,1.046,1.046
20260930-211921,568.227,80901,5283,6,0,,0,1,0.524,1.568,1.568
20260930-214712,288.834,81326,771,8,1,Regeneration,1,1,,,
20260930-214712,289.354,81326,771,8,0,,0,1,0.520,0.520,0.520
20260930-214712,289.354,81326,662,10,1,Fury,1,1,,,
20260930-214712,289.354,81326,707,9,4,Resolution+Might+Fury+Alacrity,1,1,,,
20260930-214712,289.872,81326,482,10,1,Swiftness,1,1,,,
20260930-214712,289.872,81326,662,9,0,,0,1,0.518,0.518,0.518
20260930-214712,289.872,81326,662,7,1,Resolution,1,1,,,
20260930-214712,289.872,81326,771,7,0,,0,1,0.518,1.038,1.038
20260930-214712,318.074,81326,568,6,1,Resistance,1,1,,,
20260930-214712,318.074,81326,486,8,1,Resistance,1,1,,,
20260930-214712,318.074,81326,699,5,1,Resistance,1,1,,,
20260930-214712,318.074,81326,539,5,1,Resistance,1,1,28.202,28.202,28.202
20260930-214712,318.074,81326,596,5,1,Might,1,1,,,
20260930-214712,333.908,81053,1936,6,2,Fury+Might,1,1,15.834,15.834,15.834
20260930-214712,334.422,81053,3634,6,0,,0,1,0.514,0.514,0.514
20260930-214712,334.824,81053,1817,4,0,,0,1,0.402,0.916,0.916
20260930-214712,334.944,81053,2075,8,1,Resolution,1,1,16.870,16.870,16.870
20260930-214712,335.348,81053,3634,3,0,,0,1,0.524,1.440,1.440
20260930-214712,335.476,81053,2955,8,4,Might+Alacrity+Fury+Swiftness,1,1,46.122,46.122,46.122
20260930-214712,335.476,81053,2168,8,4,Resolution+Might+Swiftness+Fury,1,1,,,
20260930-214712,335.476,81053,2075,7,0,,0,1,0.532,0.532,0.532
20260930-214712,336.984,81053,3435,5,1,Swiftness,1,1,47.112,48.150,48.150
20260930-214712,353.392,81053,3541,5,1,Might,1,1,16.408,16.408,16.408
20260930-214712,353.914,81053,4436,5,2,Fury+Might,1,1,18.566,20.006,20.006
20260930-214712,353.914,81053,5902,7,1,Fury,1,1,64.042,64.560,64.560
20260930-214712,353.914,81053,4426,8,1,Alacrity,1,1,18.438,18.970,18.970
20260930-214712,353.914,81053,5744,10,1,Resolution,1,1,35.840,35.840,35.840
20260930-214712,353.914,81053,9068,6,1,Fury,1,1,64.042,64.042,64.042
20260930-214712,353.914,81053,3541,7,0,,0,1,0.522,0.522,0.522
20260930-214712,353.914,81053,3247,10,4,Resolution+Fury+Might+Resistance,1,1,18.438,18.438,18.438
20260930-214712,353.914,81053,2204,9,1,Alacrity,1,1,35.840,35.840,35.840
20260930-214712,354.822,81053,5774,3,1,Might,1,1,36.748,36.748,36.748
20260930-214712,355.870,81053,4766,7,1,Vigor,1,1,1.956,2.478,2.478
20260930-214712,356.384,81053,4088,6,1,Resolution,1,1,2.470,2.470,2.470
20260930-214712,356.384,81053,3074,2,2,Might+Regeneration,1,1,2.470,2.470,2.470
20260930-214712,356.384,81053,4766,6,0,,0,1,0.514,0.514,0.514
20260930-214712,372.992,81053,2349,6,1,Swiftness,1,1,19.078,19.078,19.078
20260930-214712,373.502,81053,2990,8,1,Regeneration,1,1,19.588,19.588,19.588
20260930-214712,373.502,81053,2349,6,0,,0,1,0.510,0.510,0.510
20260930-214712,374.022,81053,3710,7,1,Regeneration,1,1,19.200,19.200,19.200
20260930-214712,374.022,81053,2358,6,1,Swiftness,1,1,20.108,20.108,20.108
20260930-214712,374.552,81053,2913,5,1,Regeneration,1,1,18.168,18.168,18.168
20260930-214712,374.552,81053,2349,7,1,Resolution,1,1,1.050,1.560,1.560
20260930-214712,374.552,81053,3114,6,4,Resolution+Fury+Alacrity+Regeneration,1,1,20.638,20.638,20.638
20260930-214712,374.552,81053,3397,6,1,Resolution,1,1,18.168,18.682,18.682
20260930-214712,375.032,81053,2552,7,1,Resolution,1,1,21.118,21.118,21.118
20260930-214712,375.032,81053,2807,3,0,,0,1,0.480,0.480,0.480
20260930-214712,375.032,81053,2627,4,0,,0,1,0.480,0.480,0.480
20260930-214712,375.032,81053,2117,6,0,,0,1,0.480,0.480,0.480
20260930-214712,375.552,81053,2807,4,0,,0,1,0.520,1.000,1.000
20260930-214712,375.552,81053,2627,6,0,,0,1,0.520,1.000,1.000
20260930-214712,376.584,81053,2627,7,1,Vigor,1,1,1.032,2.032,2.032
20260930-214712,376.586,81053,2807,6,4,Resolution+Might+Swiftness+Regeneration,1,1,1.034,2.034,2.034
20260930-214712,376.586,81053,3161,6,0,,0,1,1.554,2.034,2.034
20260930-214712,376.586,81053,2552,7,0,,0,1,1.554,1.554,1.554
20260930-214712,376.586,81053,2241,7,0,,0,1,2.564,2.564,2.564
20260930-214712,376.586,81053,3062,7,0,,0,1,2.034,2.034,2.034
20260930-214712,376.586,81053,3174,6,0,,0,1,2.564,2.564,2.564
20260930-214712,376.586,81053,4024,7,0,,0,1,3.084,3.084,3.084
20260930-214712,391.990,81053,1953,10,1,Protection,1,1,15.404,17.968,17.968
20260930-214712,391.990,81053,3797,7,1,Might,1,1,15.406,15.406,15.406
20260930-214712,391.990,81053,3689,7,1,Regeneration,1,1,15.404,16.958,16.958
20260930-214712,391.990,81053,1857,7,1,Protection,1,1,35.606,35.606,35.606
20260930-214712,391.990,81053,1853,10,1,Resolution,1,1,15.404,17.968,17.968
20260930-214712,392.508,81053,2167,11,0,,0,1,0.518,0.518,0.518
20260930-214712,392.510,81053,6032,10,4,Resolution+Might+Fury+Regeneration,1,1,15.924,15.924,15.924
20260930-214712,392.510,81053,5482,7,0,,0,1,0.520,0.520,0.520
20260930-214712,392.510,81053,5642,9,0,,0,1,0.520,0.520,0.520
20260930-214712,392.510,81053,2055,9,0,,0,1,0.520,0.520,0.520
20260930-214712,392.510,81053,4120,9,0,,0,1,0.520,0.520,0.520
20260930-214712,392.510,81053,8199,9,1,Protection,1,1,15.924,17.958,17.958
20260930-214712,393.027,81053,9626,8,0,,0,1,0.517,0.517,0.517
20260930-214712,393.027,81053,4040,9,0,,0,1,0.517,1.037,1.037
20260930-214712,393.027,81053,2766,9,0,,0,1,0.517,1.037,1.037
20260930-214712,393.550,81053,1995,9,4,Resolution+Regeneration+Might+Fury,1,1,58.074,58.074,58.074
20260930-214712,393.550,81053,1853,10,1,Resolution,1,1,1.040,1.560,1.560
20260930-214712,393.550,81053,1857,9,0,,0,1,0.523,1.560,1.560
20260930-214712,393.550,81053,2719,8,4,Resolution+Might+Regeneration+Swiftness,1,1,1.040,1.040,1.040
20260930-214712,393.550,81053,1845,7,1,Resolution,1,1,16.964,18.998,18.998
20260930-214712,393.946,81053,1857,10,0,,0,1,0.396,1.956,1.956
20260930-214712,393.946,81053,4427,8,0,,0,1,0.919,1.436,1.436
20260930-214712,407.160,81326,546,9,0,,0,1,14.652,15.170,15.170
20260930-214712,407.160,81326,518,9,0,,0,1,13.610,13.610,13.610
20260930-214712,407.160,81326,640,5,0,,0,1,14.133,15.170,15.170
20260930-214712,407.160,81326,467,8,0,,0,1,13.214,15.170,15.170
20260930-214712,407.662,81326,676,6,5,Might+Quickness+Regeneration+Protection+Resolution,1,1,14.112,14.112,14.112
20260930-214712,407.662,81326,640,5,0,,0,1,0.502,15.672,15.672
20260930-214712,408.188,81326,467,8,1,Alacrity,1,1,1.028,16.198,16.198
20260930-214712,408.708,81326,815,9,1,Swiftness,1,1,1.548,16.718,16.718
20260930-214712,408.708,81326,481,6,0,,0,1,0.520,0.520,0.520
20260930-214712,408.708,81326,622,6,2,Swiftness+Regeneration,1,1,16.198,16.718,16.718
20260930-214712,408.708,81326,640,4,2,Protection+Alacrity,1,1,1.046,16.718,16.718
20260930-214712,419.944,81053,3447,5,2,Might+Quickness,1,1,25.998,27.434,27.434
20260930-214712,419.944,81053,2393,6,1,Might,1,1,12.784,26.394,26.394
20260930-214712,419.944,81053,3766,5,1,Might,1,1,11.236,11.236,11.236
20260930-214712,419.944,81053,2873,7,1,Swiftness,1,1,11.236,11.236,11.236
20260930-214712,419.944,81053,2963,9,1,Swiftness,1,1,43.358,46.442,46.442
20260930-214712,420.468,81053,10996,6,2,Resolution+Might,1,1,11.760,11.760,11.760
20260930-214712,420.468,81053,3650,3,0,,0,1,0.524,0.524,0.524
20260930-214712,420.468,81053,2057,8,1,Resolution,1,1,11.760,12.280,12.280
20260930-214712,420.468,81053,2534,4,0,,0,1,0.524,0.524,0.524
20260930-214712,420.468,81053,3042,7,0,,0,1,0.524,0.524,0.524
20260930-214712,420.982,81053,3374,8,0,,0,1,0.514,1.038,1.038
20260930-214712,420.982,81053,2811,7,0,,0,1,0.514,1.038,1.038
20260930-214712,420.982,81053,4049,7,0,,0,1,0.514,1.038,1.038
20260930-214712,420.982,81053,4423,7,1,Stability,1,1,1.038,1.038,1.038
20260930-214712,421.386,81053,6098,5,0,,0,1,0.918,0.918,0.918
20260930-214712,421.508,81053,3374,8,0,,0,1,0.526,1.564,1.564
20260930-214712,421.508,81053,2895,7,0,,0,1,0.526,1.564,1.564
20260930-214712,421.508,81053,4049,7,0,,0,1,0.526,1.564,1.564
20260930-214712,421.996,81053,3938,2,4,Swiftness+Protection+Resolution+Fury,1,1,2.052,2.052,2.052
20260930-214712,422.430,81053,2582,6,1,Resolution,1,1,1.962,1.962,1.962
20260930-214712,422.430,81053,6269,4,4,Might+Resolution+Fury+Alacrity,1,1,28.880,28.880,28.880
20260930-214712,422.430,81053,3358,4,1,Resolution,1,1,28.880,28.880,28.880
20260930-214712,422.940,81053,4199,8,2,Might+Swiftness,1,1,1.432,2.996,2.996
20260930-214712,436.500,81326,999,2,2,Resistance+Stability,1,1,15.114,16.032,16.032
20260930-214712,436.500,81326,1102,7,4,Regeneration+Alacrity+Might+Stability,1,1,14.504,14.504,14.504
20260930-214712,436.500,81326,571,5,1,Quickness,1,1,15.518,15.518,15.518
20260930-214712,436.500,81326,585,7,1,Resolution,1,1,14.992,16.556,16.556
20260930-214712,436.500,81326,773,4,4,Resolution+Alacrity+Protection+Regeneration,1,1,14.070,14.070,14.070
20260930-214712,437.544,81326,772,7,1,Resolution,1,1,15.114,15.114,15.114
20260930-214712,437.544,81326,713,7,4,Resolution+Swiftness+Alacrity+Protection,1,1,1.044,1.044,1.044
20260930-214712,437.544,81326,487,8,1,Resolution,1,1,16.036,17.600,17.600
20260930-214712,438.070,81326,539,9,1,Might,1,1,15.640,15.640,15.640
20260930-214712,438.070,81326,780,5,1,Might,1,1,15.130,15.130,15.130
20260930-214712,440.784,81053,7176,6,1,Might,1,1,4.284,4.284,4.284
20260930-214712,440.784,81053,2297,4,1,Regeneration,1,1,3.240,3.240,3.240
20260930-214712,440.784,81053,3056,7,1,Might,1,1,4.284,4.284,4.284
20260930-214712,440.784,81053,2546,9,1,Resolution,1,1,3.240,3.240,3.240
20260930-214712,441.310,81053,11152,7,4,Swiftness+Fury+Might+Resistance,1,1,3.766,3.766,3.766
20260930-214712,441.310,81053,6938,7,4,Resistance+Might+Stability+Quickness,1,1,4.810,4.810,4.810
20260930-214712,441.310,81053,5482,5,4,Resistance+Stability+Quickness+Regeneration,1,1,33.648,33.648,33.648
20260930-214712,441.310,81053,6856,5,0,,0,1,0.526,0.526,0.526
20260930-214712,441.310,81053,6644,7,0,,0,1,0.526,0.526,0.526
20260930-214712,441.310,81053,5092,7,0,,0,1,0.526,0.526,0.526
20260930-214712,441.310,81053,4075,4,0,,0,1,3.240,3.240,3.240
20260930-214712,441.310,81053,2536,11,1,Might,1,1,3.240,3.240,3.240
20260930-214712,441.830,81053,2791,2,0,,0,1,0.520,0.520,0.520
20260930-214712,441.830,81053,5678,5,0,,0,1,0.520,0.520,0.520
20260930-214712,441.830,81053,2582,10,0,,0,1,0.520,0.520,0.520
20260930-214712,441.830,81053,3532,5,0,,0,1,0.520,0.520,0.520
20260930-214712,441.830,81053,4149,4,0,,0,1,0.520,3.760,3.760
20260930-214712,441.830,81053,2593,9,0,,0,1,0.520,1.046,1.046
20260930-214712,442.344,81053,5312,4,2,Fury+Might,1,1,5.844,5.844,5.844
20260930-214712,442.820,81053,5312,4,0,,0,1,0.476,0.476,0.476
20260930-214712,443.352,81053,2379,8,1,Fury,1,1,1.522,2.568,2.568
20260930-214712,443.870,81053,2633,11,1,Might,1,1,2.040,2.560,2.560
20260930-214712,443.870,81053,2379,8,0,,0,1,0.518,0.518,0.518
20260930-214712,476.910,81053,3135,4,4,Might+Regeneration+Fury+Protection,1,1,35.080,35.600,35.600
20260930-214712,476.910,81053,3780,8,3,Protection+Might+Stability,1,1,35.080,35.600,35.600
20260930-214712,477.426,81053,4986,5,0,,0,1,0.516,0.516,0.516
20260930-214712,477.426,81053,2799,9,2,Resolution+Stability,1,1,36.116,36.642,36.642
20260930-214712,477.426,81053,4470,9,2,Might+Quickness,1,1,35.596,39.356,39.356
20260930-214712,478.344,81053,4192,8,3,Swiftness+Resolution+Protection,1,1,1.434,1.434,1.434
20260930-214712,478.344,81053,3878,11,1,Resolution,1,1,37.560,37.560,37.560
20260930-214712,478.344,81053,3478,9,0,,0,1,0.918,1.434,1.434
20260930-214712,478.946,81053,3878,10,0,,0,1,0.602,0.602,0.602
20260930-214712,478.946,81053,2914,7,2,Fury+Might,1,1,1.520,1.520,1.520
20260930-214712,478.946,81053,3478,10,0,,0,1,0.602,2.036,2.036
20260930-214712,478.946,81053,4740,11,4,Resolution+Alacrity+Protection+Resistance,1,1,37.116,37.636,37.636
20260930-214712,478.986,81053,4802,2,1,Might,1,1,35.116,35.116,35.116
20260930-214712,479.902,81053,4802,1,0,,0,1,0.916,0.916,0.916
20260930-214712,480.506,81053,4802,2,0,,0,1,0.604,1.520,1.520
20260930-214712,480.506,81053,2914,5,2,Swiftness+Vigor,1,1,1.560,1.560,1.560
20260930-214712,497.142,81053,5417,8,2,Might+Quickness,1,1,54.322,54.798,54.798
20260930-214712,497.660,81053,5417,6,0,,0,1,0.518,0.518,0.518
20260930-214712,497.660,81053,3601,8,3,Protection+Might+Stability,1,1,19.316,19.316,19.316
20260930-214712,497.660,81053,6408,7,5,Might+Fury+Resolution+Regeneration+Alacrity,1,1,53.790,54.308,54.308
20260930-214712,497.660,81053,12630,8,2,Might+Quickness,1,1,20.234,20.234,20.234
20260930-214712,497.660,81053,7052,8,1,Might,1,1,18.714,19.316,19.316
20260930-214712,545.780,81326,658,10,3,Protection+Might+Alacrity,1,1,48.120,48.120,48.120
20260930-214712,551.158,80901,10263,7,0,,0,1,70.652,72.172,72.172
20260930-214712,551.158,80901,10080,9,3,Fury+Might+Resistance,1,1,72.212,72.212,72.212
20260930-214712,551.158,80901,4123,10,1,Fury,1,1,53.498,53.498,53.498
20260930-214712,551.662,80901,13301,7,5,Alacrity+Fury+Might+Swiftness+Protection,1,1,110.352,110.878,110.878
20260930-214712,552.180,80901,3392,8,5,Fury+Alacrity+Might+Resistance+Resolution,1,1,54.520,54.520,54.520
20260930-214712,552.180,80901,7965,2,0,,0,1,0.518,0.518,0.518
20260930-214712,552.704,80901,6784,4,0,,0,1,0.524,0.524,0.524
20260930-214712,552.704,80901,4071,9,2,Might+Stability,1,1,1.546,1.546,1.546
20260930-214712,552.704,80901,3651,10,4,Swiftness+Might+Fury+Resistance,1,1,73.758,75.794,75.794
20260930-214712,566.146,80901,13602,8,3,Resolution+Might+Quickness,1,1,14.988,14.988,14.988
20260930-214712,566.146,80901,8119,11,3,Regeneration+Resolution+Protection,1,1,13.966,14.484,14.484
20260930-214712,566.146,80901,4945,7,2,Protection+Might,1,1,68.486,68.486,68.486
20260930-214712,566.666,80901,14762,5,0,,0,1,0.520,0.520,0.520
20260930-214712,566.666,80901,10257,7,1,Might,1,1,15.508,87.680,87.680
20260930-214712,566.666,80901,4242,10,2,Protection+Might,1,1,69.006,69.524,69.524
20260930-214712,566.666,80901,4862,8,0,,0,1,0.520,0.520,0.520
20260930-214712,567.178,80901,4214,6,0,,0,1,0.512,0.512,0.512
20260930-214712,567.178,80901,7022,7,0,,0,1,0.512,0.512,0.512
20260930-214712,567.178,80901,14398,3,3,Might+Quickness+Fury,1,1,14.474,14.474,14.474
20260930-214712,567.178,80901,5685,3,3,Regeneration+Swiftness+Might,1,1,14.474,14.998,14.998
20260930-214712,567.706,80901,21597,1,0,,0,1,0.528,0.528,0.528
20260930-214712,567.706,80901,5685,0,0,,1,1,0.528,0.528,0.528
20260930-214712,581.140,80901,12668,2,0,,0,0,14.994,14.994,14.994
20260930-214712,581.140,80901,5035,10,1,Protection,1,1,100.634,100.634,100.634
20260930-214712,581.140,80901,8129,7,3,Swiftness+Protection+Vigor,1,1,35.360,35.360,35.360
20260930-214712,596.138,80901,9250,6,1,Might,1,1,29.472,29.992,29.992
20260930-214712,596.660,80901,9250,6,0,,0,1,0.522,0.522,0.522
20260930-220441,292.824,81326,678,6,1,Stability,1,1,,,
20260930-220441,293.348,81326,806,7,1,Resolution,1,1,,,
20260930-220441,293.348,81326,780,8,1,Alacrity,1,1,,,
20260930-220441,293.348,81326,730,9,1,Protection,1,1,,,
20260930-220441,293.348,81326,549,6,1,Resolution,1,1,,,
20260930-220441,293.348,81326,591,7,1,Resolution,1,1,,,
20260930-220441,293.348,81326,579,7,1,Alacrity,1,1,,,
20260930-220441,293.870,81326,1165,6,1,Might,0,1,0.522,0.522,0.522
20260930-220441,293.870,81326,864,6,1,Might,0,1,0.522,0.522,0.522
20260930-220441,293.870,81326,1064,9,1,Might,0,1,0.522,0.522,0.522
20260930-220441,293.870,81326,495,4,1,Fury,1,1,,,
20260930-220441,294.396,81326,780,6,0,,0,1,0.526,0.526,1.048
20260930-220441,322.230,81326,518,6,1,Might,1,1,28.882,28.882,28.882
20260930-220441,322.230,81326,640,10,1,Quickness,1,1,29.406,29.406,29.406
20260930-220441,322.750,81326,672,9,1,Fury,1,1,28.880,28.880,29.402
20260930-220441,322.750,81326,815,9,1,Might,1,1,28.880,28.880,29.402
20260930-220441,322.750,81326,640,8,0,,0,1,0.520,0.520,0.520
20260930-220441,322.750,81326,467,10,1,Might,1,1,28.880,28.880,28.880
20260930-220441,322.750,81326,518,7,0,,0,1,0.520,0.520,0.520
20260930-220441,323.270,81326,640,7,0,,0,1,0.520,1.040,1.040
20260930-220441,323.270,81326,815,9,0,,0,1,0.520,0.520,0.520
20260930-220441,323.270,81326,672,8,0,,0,1,0.520,0.520,0.520
20260930-220441,323.786,81326,640,7,0,,0,1,0.516,1.556,1.556
20260930-220441,323.786,81326,546,9,0,,0,1,0.516,1.036,1.036
20260930-220441,342.472,81053,2869,10,2,Protection+Might,1,1,19.202,19.722,19.722
20260930-220441,342.472,81053,2202,8,1,Might,1,1,,,
20260930-220441,342.992,81053,3598,7,1,Might,1,1,49.644,49.644,49.644
20260930-220441,342.992,81053,3451,4,2,Protection+Might,1,1,49.644,49.644,49.644
20260930-220441,342.992,81053,5130,2,2,Protection+Might,1,1,,,
20260930-220441,342.992,81053,4750,8,0,,0,1,0.520,0.520,0.520
20260930-220441,343.912,81053,7657,1,0,,0,1,0.920,0.920,0.920
20260930-220441,343.912,81053,3451,3,0,,0,1,0.920,0.920,0.920
20260930-220441,344.426,81053,4904,7,2,Fury+Might,1,1,21.676,22.196,22.196
20260930-220441,344.426,81053,3182,8,2,Regeneration+Fury,1,1,1.434,1.954,1.954
20260930-220441,344.426,81053,3451,3,0,,0,1,0.514,1.434,1.434
20260930-220441,344.426,81053,7657,1,0,,0,1,0.514,1.434,1.434
20260930-220441,344.544,81053,3451,3,0,,0,1,0.118,1.552,1.552
20260930-220441,344.544,81053,7657,1,0,,0,1,0.118,1.552,1.552
20260930-220441,345.468,81053,3111,4,0,,0,1,0.924,2.476,2.476
20260930-220441,345.468,81053,6904,3,0,,0,1,0.924,2.476,2.476
20260930-220441,354.064,81326,999,3,0,,0,1,8.596,11.072,11.072
20260930-220441,354.064,81326,983,3,0,,0,1,8.596,11.072,11.072
20260930-220441,354.064,81326,676,7,0,,0,1,30.278,31.314,31.314
20260930-220441,354.064,81326,587,5,0,,0,1,11.592,11.592,11.592
20260930-220441,354.064,81326,578,7,1,Protection,1,1,30.278,31.834,31.834
20260930-220441,354.064,81326,687,8,0,,0,1,11.072,11.072,11.072
20260930-220441,354.064,81326,739,7,1,Protection,1,1,59.668,60.194,60.716
20260930-220441,354.064,81326,776,3,0,,0,1,9.638,9.638,9.638
20260930-220441,354.064,81326,659,6,2,Resolution+Alacrity,1,1,9.638,9.638,9.638
20260930-220441,355.622,81326,698,5,2,Regeneration+Resistance,1,1,1.558,11.196,11.196
20260930-220441,355.622,81326,1103,5,0,,0,1,1.558,1.558,1.558
20260930-220441,355.622,81326,513,5,0,,0,1,1.558,13.150,13.150
20260930-220441,355.622,81326,1018,2,0,,0,1,1.558,12.630,12.630
20260930-220441,355.622,81326,863,6,1,Fury,1,1,1.558,1.558,1.558
20260930-220441,355.622,81326,663,6,2,Regeneration+Fury,1,1,1.558,32.872,32.872
20260930-221626,300.828,81326,556,9,1,Might,1,1,,,
20260930-221626,300.828,81326,514,7,5,Might+Resolution+Fury+Quickness+Alacrity,1,1,,,
20260930-221626,301.342,81326,556,7,0,,0,1,0.514,0.514,0.514
20260930-221626,301.342,81326,543,1,0,,0,1,,,
20260930-221626,330.384,81326,753,8,1,Might,1,1,,,
20260930-221626,330.384,81326,471,5,2,Might+Quickness,1,1,,,
20260930-221626,330.384,81326,520,7,1,Regeneration,1,1,,,
20260930-221626,330.904,81326,551,9,1,Resolution,1,1,29.562,,
20260930-221626,330.904,81326,520,6,0,,0,1,0.520,0.520,0.520
20260930-221626,330.904,81326,471,4,0,,0,1,0.520,0.520,0.520
20260930-221626,330.904,81326,753,8,0,,0,1,0.520,0.520,0.520
20260930-221626,330.904,81326,506,7,5,Might+Regeneration+Swiftness+Fury+Protection,1,1,30.076,30.076,30.076
20260930-221626,330.904,81326,690,10,3,Resolution+Swiftness+Regeneration,1,1,,,
20260930-221626,331.428,81326,551,7,0,,0,1,0.524,0.524,0.524
20260930-221626,347.828,81053,3355,8,1,Regeneration,1,1,46.486,47.000,47.000
20260930-221626,347.828,81053,4063,4,2,Might+Fury,1,1,,,
20260930-221626,348.348,81053,2784,7,1,Might,1,1,17.444,17.964,17.964
20260930-221626,348.348,81053,4026,8,1,Swiftness,1,1,17.444,17.964,17.964
20260930-221626,348.348,81053,2967,6,2,Swiftness+Protection,1,1,17.444,17.964,17.964
20260930-221626,348.746,81053,4063,2,0,,0,1,0.918,0.918,0.918
20260930-221626,348.746,81053,4026,6,0,,0,1,0.398,0.398,0.398
20260930-221626,348.746,81053,3009,7,6,Fury+Might+Protection+Swiftness+Vigor+Quickness,1,1,17.842,17.842,17.842
20260930-221626,348.862,81053,4428,4,0,,0,1,0.514,0.514,0.514
20260930-221626,348.862,81053,4491,1,0,,0,1,0.116,0.116,0.116
20260930-221626,348.862,81053,4063,2,0,,0,1,0.116,1.034,1.034
20260930-221626,348.862,81053,4026,6,0,,0,1,0.116,0.514,0.514
20260930-221626,349.868,81053,6680,3,1,Swiftness,1,1,18.440,18.964,18.964
20260930-221626,350.302,81053,3336,6,1,Might,1,1,1.954,1.954,1.954
20260930-221626,350.904,81053,6229,2,2,Might+Fury,1,1,20.000,20.000,20.000
20260930-221626,361.110,81326,838,2,0,,0,1,10.808,10.808,10.808
20260930-225431,313.352,81326,726,7,1,Fury,1,1,,,
20260930-225431,313.352,81326,459,7,1,Fury,1,1,,,
20260930-225431,313.874,81326,865,5,1,Might,1,1,,,
20260930-225431,328.470,81053,2138,9,5,Might+Stability+Quickness+Swiftness+Fury,1,1,,,
20260930-225431,328.470,81053,3915,5,2,Might+Stability,1,1,,,
20260930-225431,328.988,81053,2138,4,0,,0,1,0.518,0.518,0.518
20260930-225431,328.988,81053,2516,9,2,Stability+Might,1,1,15.636,15.636,15.636
20260930-225431,329.512,81053,5032,7,0,,0,1,0.524,0.524,0.524
20260930-225431,329.514,81053,3076,6,2,Might+Stability,1,1,,,
20260930-225431,329.514,81053,2138,5,0,,0,1,0.526,1.044,1.044
20260930-225431,330.032,81053,5032,7,0,,0,1,0.520,1.044,1.044
20260930-225431,330.032,81053,6152,3,0,,0,1,0.518,0.518,0.518
20260930-225431,330.032,81053,4276,5,0,,0,1,0.518,1.562,1.562
20260930-225431,330.032,81053,3915,5,2,Alacrity+Might,1,1,1.562,1.562,1.562
20260930-225431,330.434,81053,3445,2,2,Resistance+Protection,1,1,,,
20260930-225431,330.510,81053,6152,3,0,,0,1,0.478,0.996,0.996
20260930-225431,330.510,81053,4276,5,0,,0,1,0.478,2.040,2.040
20260930-225431,330.548,81053,3915,4,0,,0,1,0.516,0.516,0.516
20260930-225431,330.952,81053,2930,8,1,Protection,1,1,,,
20260930-225431,330.952,81053,5348,0,0,,0,1,0.518,0.518,0.518
20260930-225431,331.472,81053,11864,0,0,,0,1,0.520,1.038,1.038
20260930-225431,331.472,81053,4852,7,0,,0,1,0.520,0.520,0.520
20260930-225431,348.866,81053,2773,7,1,Swiftness,1,1,17.394,17.914,17.914
20260930-225431,348.866,81053,2854,6,4,Protection+Vigor+Regeneration+Might,1,1,17.394,18.432,18.432
20260930-225431,350.306,81053,2854,4,4,Might+Quickness+Protection+Fury,1,1,1.440,1.440,1.440
20260930-225431,350.426,81053,2084,7,1,Might,1,1,20.394,21.438,21.438
20260930-225431,351.872,81053,4260,3,3,Alacrity+Swiftness+Fury,1,1,1.566,1.566,1.566
20260930-225431,351.872,81053,2071,8,2,Resolution+Alacrity,1,1,21.324,21.840,21.840
20260930-225431,351.874,81053,2305,8,1,Resolution,1,1,,,
20260930-225431,351.874,81053,3051,6,1,Fury,1,1,38.522,38.522,38.522
20260930-225431,351.874,81053,2446,7,1,Resolution,1,1,,,
20260930-225431,352.472,81053,2071,7,0,,0,1,0.600,0.600,0.600
20260930-225431,352.472,81053,4260,3,0,,0,1,0.600,0.600,0.600
20260930-225431,352.472,81053,2084,8,5,Regeneration+Swiftness+Fury+Vigor+Alacrity,1,1,21.962,24.002,24.002
20260930-225431,352.472,81053,2773,9,1,Regeneration,1,1,3.606,3.606,3.606
20260930-225431,352.472,81053,3051,5,0,,0,1,0.598,0.598,0.598
20260930-225431,366.148,81053,3108,7,1,Regeneration,1,1,13.676,13.676,13.676
20260930-225431,366.148,81053,2866,9,2,Might+Swiftness,1,1,13.676,14.276,14.276
20260930-225431,366.148,81053,2590,7,1,Resolution,1,1,14.274,14.274,14.274
20260930-225431,366.150,81053,4319,6,2,Regeneration+Swiftness,1,1,52.276,52.276,52.276
20260930-225431,366.674,81053,6838,8,1,Swiftness,1,1,14.202,14.800,14.800
20260930-225431,366.674,81053,3108,6,0,,0,1,0.526,0.526,0.526
20260930-225431,366.674,81053,2590,6,0,,0,1,0.526,0.526,0.526
20260930-225431,366.674,81053,2894,5,0,,0,1,0.524,0.524,0.524
20260930-225431,366.674,81053,2866,7,0,,0,1,0.526,0.526,0.526
20260930-225431,367.188,81053,2102,5,1,Might,1,1,16.762,16.762,16.762
20260930-225431,367.590,81053,2894,5,0,,0,1,0.916,1.440,1.440
20260930-225431,367.590,81053,2590,7,0,,0,1,0.916,1.442,1.442
20260930-225431,367.590,81053,2866,8,0,,0,1,0.916,1.442,1.442
20260930-225431,368.108,81053,4922,4,0,,0,1,0.518,1.958,1.958
20260930-225431,368.108,81053,3083,7,1,Resolution,1,1,1.434,1.434,1.434
20260930-225431,368.108,81053,4670,9,0,,0,1,0.518,1.960,1.960
20260930-225431,368.188,81053,2961,9,2,Swiftness+Might,1,1,37.678,38.674,38.674
20260930-225431,368.188,81053,2584,9,0,,0,1,0.598,2.040,2.040
20260930-225431,368.226,81053,2884,7,4,Regeneration+Might+Protection+Vigor,1,1,15.754,16.354,16.354
20260930-225431,368.226,81053,2106,6,5,Protection+Regeneration+Might+Vigor+Swiftness,1,1,15.754,15.754,15.754
20260930-225431,369.144,81053,2335,8,0,,0,1,1.036,2.996,2.996
20260930-225431,369.748,81053,2802,8,1,Protection,1,1,3.074,3.600,3.600
20260930-225431,374.070,81326,781,4,1,Might,1,1,4.926,7.922,7.922
20260930-225431,374.072,81326,991,5,2,Swiftness+Might,1,1,5.884,5.884,5.884
20260930-225431,374.072,81326,768,7,1,Resolution,1,1,5.964,5.964,5.964
20260930-225431,374.072,81326,965,1,1,Fury,1,1,5.846,5.846,5.846
20260930-225431,374.072,81326,938,6,1,Resolution,1,1,4.324,4.324,4.324
20260930-225431,374.072,81326,705,3,3,Might+Swiftness+Fury,1,1,5.846,5.846,5.846
20260930-225431,374.072,81326,579,6,2,Might+Vigor,1,1,5.884,7.924,7.924
20260930-225431,375.628,81326,664,7,2,Regeneration+Fury,1,1,1.556,1.556,1.556
20260930-225431,375.628,81326,472,5,5,Resistance+Resolution+Protection+Swiftness+Fury,1,1,1.556,1.556,1.556
20260930-225431,386.544,81053,3576,7,1,Resolution,1,1,34.670,34.670,34.670
20260930-225431,386.948,81053,2463,2,2,Might+Vigor,1,1,12.876,12.876,12.876
20260930-225431,387.074,81053,3723,7,0,,0,1,0.530,0.530,0.530
20260930-225431,387.074,81053,5464,8,1,Might,1,1,19.886,19.886,19.886
20260930-225431,387.074,81053,2392,9,5,Stability+Protection+Might+Quickness+Vigor,1,1,11.446,11.446,11.446
20260930-225431,387.074,81053,4521,7,1,Quickness,1,1,13.004,13.004,13.004
20260930-225431,387.074,81053,2781,10,1,Protection,1,1,13.002,13.002,13.002
20260930-225431,387.074,81053,3400,7,1,Might,1,1,13.002,13.002,13.002
20260930-225431,387.074,81053,2564,0,0,,0,1,0.126,0.126,0.126
20260930-225431,387.544,81053,2564,1,0,,0,1,0.470,0.596,0.596
20260930-225431,387.544,81053,4151,9,0,,0,1,0.470,0.470,0.470
20260930-225431,387.586,81053,2732,8,0,,0,1,0.512,0.512,0.512
20260930-225431,387.586,81053,4521,6,0,,0,1,0.512,0.512,0.512
20260930-225431,387.586,81053,3181,9,4,Stability+Protection+Might+Quickness,1,1,13.514,13.514,13.514
20260930-225431,387.586,81053,3723,6,0,,0,1,0.512,1.042,1.042
20260930-225431,387.586,81053,2442,10,1,Resolution,1,1,19.478,21.436,21.436
20260930-225431,387.586,81053,3400,6,0,,0,1,0.512,0.512,0.512
20260930-225431,388.510,81053,2732,7,0,,0,1,0.924,1.436,1.436
20260930-225431,388.510,81053,4747,6,0,,0,1,0.924,0.924,0.924
20260930-225431,388.510,81053,2085,9,0,,0,1,0.924,1.436,1.436
20260930-225431,389.106,81053,4747,5,0,,0,1,0.596,1.520,1.520
20260930-225431,389.106,81053,2085,9,0,,0,1,0.596,2.032,2.032
20260930-225431,389.106,81053,2245,10,1,Resolution,1,1,1.520,2.562,2.562
20260930-225431,404.026,81326,543,3,0,,0,1,16.482,17.078,17.078
20260930-225431,404.026,81326,587,5,1,Might,1,1,14.920,14.920,14.920
20260930-225431,404.026,81326,692,7,3,Might+Stability+Quickness,1,1,28.398,28.398,28.398
20260930-225431,404.026,81326,655,7,2,Might+Regeneration,1,1,16.482,16.952,16.952
20260930-225431,404.542,81326,543,4,0,,0,1,0.516,17.594,17.594
20260930-225431,404.542,81326,858,6,1,Might,1,1,16.956,16.956,16.956
20260930-225431,404.542,81326,545,8,2,Might+Protection,1,1,15.436,17.468,17.468
20260930-225431,404.544,81326,655,6,0,,0,1,0.518,0.518,0.518
20260930-225431,404.544,81326,587,4,0,,0,1,0.518,0.518,0.518
20260930-225431,404.544,81326,492,3,3,Protection+Regeneration+Fury,1,1,17.470,17.470,17.470
20260930-225431,405.068,81326,1195,5,1,Might,1,1,17.482,17.994,17.994
20260930-225431,405.068,81326,858,8,0,,0,1,0.526,0.526,0.526
20260930-225431,405.068,81326,814,7,0,,0,1,0.526,0.526,0.526
20260930-225431,405.070,81326,587,5,0,,0,1,0.526,1.044,1.044
20260930-225431,405.070,81326,655,7,0,,0,1,0.526,1.044,1.044
20260930-225431,405.070,81326,735,4,0,,0,1,0.526,0.526,0.526
20260930-225431,405.070,81326,543,4,0,,0,1,0.528,18.122,18.122
20260930-225431,405.070,81326,674,6,5,Stability+Fury+Might+Quickness+Protection,1,1,15.964,17.484,17.484
20260930-225431,405.590,81326,1006,3,0,,0,1,0.520,0.520,0.520
20260930-225431,405.590,81326,692,5,3,Might+Protection+Fury,1,1,1.564,1.564,1.564
20260930-225431,405.590,81326,587,5,0,,0,1,0.520,1.564,1.564
20260930-225431,405.590,81326,735,4,0,,0,1,0.520,1.046,1.046
20260930-225431,405.590,81326,655,6,0,,0,1,0.520,1.564,1.564
20260930-225431,405.590,81326,814,7,0,,0,1,0.522,1.048,1.048
20260930-225431,405.590,81326,489,4,0,,0,1,0.520,18.642,18.642
20260930-225431,413.188,81053,3906,8,1,Might,1,1,8.120,8.646,8.646
20260930-225431,413.188,81053,4448,6,2,Might+Protection,1,1,7.598,9.162,9.162
20260930-225431,413.188,81053,5531,3,2,Swiftness+Regeneration,1,1,7.598,8.646,8.646
20260930-225431,413.188,81053,4989,0,0,,1,1,7.598,8.644,8.644
20260930-225431,413.188,81053,5048,8,3,Alacrity+Protection+Resistance,1,1,7.598,7.598,7.598
20260930-225431,413.706,81053,4236,9,0,,0,1,0.518,0.518,0.518
20260930-225431,413.706,81053,8172,6,0,,0,1,0.518,0.518,0.518
20260930-225431,413.706,81053,4326,9,1,Might,1,1,8.116,9.680,9.680
20260930-225431,413.706,81053,7200,5,0,,0,1,0.518,0.518,0.518
20260930-225431,413.706,81053,5411,0,0,,0,1,0.518,9.162,0.518
20260930-225431,413.706,81053,5999,1,0,,0,1,0.518,0.518,0.518
20260930-225431,413.706,81053,4965,5,5,Might+Protection+Resolution+Vigor+Fury,1,1,8.116,8.636,8.636
20260930-225431,414.234,81053,6638,0,0,,0,0,8.644,27.286,27.286
20260930-225431,414.234,81053,5411,0,0,,1,1,25.724,27.160,27.160
20260930-225431,414.234,81053,8172,6,0,,0,1,0.528,1.046,1.046
20260930-225431,414.234,81053,4236,8,0,,0,1,0.528,1.046,1.046
20260930-225431,414.234,81053,4326,8,0,,0,1,0.528,0.528,0.528
20260930-225431,414.234,81053,7411,0,0,,0,1,0.528,0.528,0.528
20260930-225431,414.234,81053,5411,0,0,,0,1,0.528,9.690,1.046
20260930-225431,414.234,81053,5999,2,0,,0,1,0.528,1.046,1.046
20260930-225431,414.234,81053,7200,5,0,,0,1,0.528,1.046,1.046
20260930-225431,414.626,81053,5999,2,0,,0,1,0.392,1.438,1.438
20260930-225431,414.626,81053,5411,0,0,,0,1,0.392,10.082,1.438
20260930-225431,414.626,81053,5411,0,0,,0,1,0.392,27.552,0.392
20260930-225431,414.626,81053,7200,5,0,,0,0,0.392,1.438,1.438
20260930-225431,414.626,81053,7411,0,0,,0,1,0.392,0.920,0.920
20260930-225431,414.746,81053,4326,8,0,,0,1,0.512,1.040,1.040
20260930-225431,414.746,81053,8172,6,0,,0,0,0.512,1.558,1.558
20260930-225431,414.746,81053,5411,0,0,,0,0,0.120,27.672,0.512
20260930-225431,414.746,81053,6323,8,0,,0,1,0.512,1.558,1.558
20260930-225431,414.746,81053,5999,3,0,,0,0,0.120,1.558,1.558
20260930-225431,414.746,81053,5411,2,0,,0,1,0.120,10.202,1.558
20260930-225431,414.746,81053,7411,1,0,,0,0,0.120,1.040,1.040
20260930-225431,415.222,81053,12646,8,0,,0,1,0.476,2.034,2.034
20260930-225431,415.222,81053,8652,9,0,,0,1,0.476,1.516,1.516
20260930-225431,415.662,81053,5985,0,0,,1,1,1.428,28.714,28.714
20260930-225431,415.744,81053,5701,8,0,,0,0,0.522,2.556,2.556
20260930-225431,415.744,81053,3900,9,0,,0,1,0.522,2.038,2.038
20260930-225431,416.184,81053,6377,0,0,,0,1,0.522,29.236,0.522
20260930-225431,416.184,81053,6115,0,0,,1,1,1.438,29.110,1.950
20260930-225431,416.268,81053,4889,9,0,,0,0,0.524,2.562,2.562
20260930-225431,416.268,81053,8047,3,3,Might+Swiftness+Fury,1,1,1.522,3.080,3.080
20260930-225431,416.786,81053,8047,0,0,,0,1,0.518,0.518,0.518
20260930-225431,416.786,81053,6074,5,1,Might,1,1,1.042,3.598,3.598
20260930-230802,315.273,81326,646,8,0,,0,1,,,
20260930-230802,315.273,81326,1229,7,1,Stability,1,1,,,
20260930-230802,315.273,81326,521,8,1,Might,1,1,,,
20260930-230802,315.273,81326,679,7,1,Stability,1,1,,,
20260930-230802,329.469,81053,2596,7,1,Resolution,1,1,,,
20260930-230802,329.469,81053,3029,11,1,Fury,1,1,14.196,,
20260930-230802,347.673,81053,4672,9,1,Resolution,1,1,18.204,18.204,18.204
20260930-230802,347.673,81053,2107,6,1,Protection,1,1,,,
20260930-230802,347.675,81053,2804,12,1,Might,1,1,,,
20260930-230802,347.675,81053,2462,9,1,Might,1,1,32.402,32.402,32.402
20260930-230802,347.675,81053,3427,8,1,Resolution,1,1,,,
20260930-230802,348.191,81053,2514,8,1,Resolution,1,1,,,
20260930-230802,348.191,81053,2107,9,1,Might,1,1,,,
20260930-230802,348.191,81053,2336,9,0,,0,1,0.518,0.518,0.518
20260930-230802,348.191,81053,2886,8,1,Alacrity,1,1,18.722,18.722,18.722
20260930-230802,348.191,81053,3427,9,0,,0,1,0.516,0.516,0.516
20260930-230802,348.193,81053,2326,7,1,Resolution,1,1,32.920,32.920,32.920
20260930-230802,349.115,81053,2886,7,0,,0,1,0.924,0.924,0.924
20260930-230802,349.115,81053,3792,10,0,,0,1,0.924,0.924,0.924
20260930-230802,349.115,81053,5608,11,1,Fury,1,1,1.440,1.440,1.440
20260930-230802,349.115,81053,4204,10,0,,0,1,0.924,1.442,1.442
20260930-230802,349.115,81053,6168,8,0,,0,1,0.924,1.440,1.440
20260930-230802,349.195,81053,3031,8,1,Fury,1,1,33.922,33.922,33.922
20260930-230802,349.235,81053,3084,8,0,,0,1,0.120,1.560,1.560
20260930-230802,349.235,81053,2102,10,0,,0,1,0.120,1.562,1.562
20260930-230802,349.235,81053,1896,10,0,,0,1,0.120,1.044,1.044
20260930-230802,349.235,81053,2804,10,0,,0,1,0.120,0.120,0.120
20260930-230802,349.707,81053,3192,7,1,Vigor,1,1,1.514,1.514,1.514
20260930-230802,349.709,81053,1937,10,0,,0,1,0.474,1.518,1.518
20260930-230802,364.151,81053,2581,7,1,Might,1,1,16.476,16.476,16.476
20260930-230802,364.151,81053,3105,8,1,Protection,1,1,14.956,14.956,14.956
20260930-230802,364.151,81053,2438,7,1,Protection,1,1,14.444,14.444,14.444
20260930-230802,364.675,81053,2327,7,0,,0,1,0.524,0.524,0.524
20260930-230802,364.675,81053,2915,7,1,Swiftness,1,1,15.440,17.000,17.000
20260930-230802,365.191,81053,1792,7,1,Fury,1,1,15.482,17.000,17.000
20260930-230802,365.709,81053,1792,6,0,,0,1,0.518,0.518,0.518
20260930-230802,366.113,81053,5162,8,1,Might,1,1,1.438,1.962,1.962
20260930-230802,366.113,81053,8088,7,1,Swiftness,1,1,1.962,1.962,1.962
20260930-230802,366.187,81053,2372,7,1,Protection,1,1,17.996,17.996,17.996
20260930-230802,366.229,81053,2448,6,1,Protection,1,1,16.994,18.556,18.556
20260930-230802,366.631,81053,4044,6,0,,0,1,0.518,0.518,0.518
20260930-230802,366.711,81053,2939,10,1,Resolution,1,1,17.476,17.596,17.596
20260930-230802,367.147,81053,3540,8,0,,0,1,0.960,0.960,0.960
20260930-230802,383.753,81053,2680,8,1,Regeneration,1,1,17.042,17.042,17.042
20260930-230802,383.753,81053,2615,5,1,Regeneration,1,1,17.640,17.640,17.640
20260930-230802,383.753,81053,3065,9,1,Regeneration,1,1,34.638,35.562,35.562
20260930-230802,384.265,81053,3903,4,0,,0,1,0.512,0.512,0.512
20260930-230802,385.193,81053,4702,8,1,Regeneration,1,1,21.042,21.042,21.042
20260930-230802,385.193,81053,5028,8,1,Protection,1,1,37.520,37.520,37.520
20260930-230802,385.273,81053,2416,8,1,Swiftness,1,1,1.520,1.520,1.520
20260930-230802,385.273,81053,2017,7,1,Stability,1,1,19.564,20.082,20.082
20260930-230802,385.273,81053,2357,7,0,,0,1,1.008,1.520,1.520
20260930-230802,385.273,81053,2763,8,1,Stability,1,1,1.520,1.520,1.520
20260930-230802,385.273,81053,2131,8,1,Swiftness,1,1,19.044,19.044,19.044
20260930-230802,385.709,81053,5526,8,0,,0,1,0.436,0.436,0.436
20260930-230802,385.709,81053,4034,7,0,,0,1,0.436,0.436,0.436
20260930-230802,385.709,81053,4702,8,0,,0,1,0.516,0.516,0.516
20260930-230802,385.709,81053,4714,8,0,,0,1,0.436,1.956,1.956
20260930-230802,385.709,81053,6022,8,0,,0,1,0.516,0.516,0.516
20260930-230802,385.793,81053,2416,8,0,,0,1,0.520,0.520,0.520
20260930-230802,385.793,81053,2131,8,0,,0,1,0.520,0.520,0.520
20260930-230802,386.237,81053,6680,8,0,,0,1,0.528,1.044,1.044
20260930-230802,386.237,81053,6130,8,0,,0,1,0.528,0.964,0.964
20260930-230802,386.237,81053,2238,7,0,,0,1,0.528,0.964,0.964
20260930-230802,386.237,81053,3266,8,1,Resolution,1,1,21.562,21.562,21.562
20260930-230802,386.237,81053,2615,8,0,,0,1,0.528,2.484,2.484
20260930-230802,386.303,81053,2364,8,0,,0,1,0.510,1.030,1.030
20260930-230802,386.831,81053,3276,8,0,,0,1,0.594,0.594,0.594
20260930-230802,386.831,81053,2364,8,0,,0,1,0.528,1.558,1.558
20260930-230802,386.831,81053,3065,7,0,,0,1,0.594,1.558,1.558
20260930-230802,386.831,81053,2615,8,0,,0,1,0.594,3.078,3.078
20260930-230802,386.831,81053,2238,9,0,,0,1,0.594,1.638,1.638
20260930-230802,397.465,81326,570,10,1,Might,1,1,10.634,13.712,13.712
20260930-230802,397.465,81326,488,9,1,Might,1,1,10.634,12.272,12.272
20260930-230802,397.465,81326,488,9,1,Might,1,1,11.228,12.192,12.192
20260930-230802,397.987,81326,649,8,1,Might,1,1,12.194,12.714,12.714
20260930-230802,397.987,81326,488,8,0,,0,1,0.522,0.522,0.522
20260930-230802,397.987,81326,570,10,0,,0,1,0.522,0.522,0.522
20260930-230802,397.987,81326,599,10,1,Resolution,1,1,31.356,31.874,31.874
20260930-230802,398.509,81326,488,10,0,,0,1,0.522,1.044,1.044
20260930-230802,398.509,81326,668,10,1,Might,1,1,11.678,13.236,13.236
20260930-230802,398.509,81326,649,7,0,,0,1,0.522,0.522,0.522
20260930-230802,398.509,81326,582,9,0,,0,1,31.362,32.322,32.322
20260930-230802,399.030,81326,599,9,2,Fury+Quickness,1,1,1.043,1.043,1.043
20260930-230802,399.030,81326,728,7,0,,0,1,1.565,1.565,1.565
20260930-230802,411.783,81053,2338,7,1,Might,1,1,12.753,14.318,14.318
20260930-230802,411.783,81053,2203,9,1,Resolution,1,1,24.952,26.510,26.510
20260930-230802,411.783,81053,3539,6,1,Resolution,1,1,13.274,45.596,45.596
20260930-230802,411.785,81053,2793,9,1,Resolution,1,1,26.076,26.592,26.592
20260930-230802,412.309,81053,2576,7,1,Alacrity,1,1,14.322,14.844,14.844
20260930-230802,412.309,81053,3098,9,0,,0,1,0.524,0.524,0.524
20260930-230802,412.309,81053,2444,7,0,,0,1,0.526,0.526,0.526
20260930-230802,412.309,81053,3926,6,0,,0,1,0.526,0.526,0.526
20260930-230802,412.309,81053,2593,6,0,,0,1,0.526,0.526,0.526
20260930-230802,412.309,81053,3019,8,1,Alacrity,1,1,13.800,13.800,13.800
20260930-230802,412.827,81053,2721,5,0,,0,1,0.518,0.518,0.518
20260930-230802,412.827,81053,3539,6,0,,0,1,0.518,1.044,1.044
20260930-230802,412.827,81053,1987,4,0,,0,1,0.518,1.044,1.044
20260930-230802,413.233,81053,2474,5,0,,0,1,0.924,0.924,0.924
20260930-230802,413.233,81053,2347,7,0,,0,1,0.924,1.450,1.450
20260930-230802,413.233,81053,2976,9,0,,0,1,0.924,1.448,1.448
20260930-230802,413.353,81053,2117,4,0,,0,1,0.526,1.570,1.570
20260930-230802,413.821,81053,2576,5,1,Vigor,0,1,0.588,1.512,1.512
20260930-230802,413.823,81053,2444,8,0,,0,1,0.590,2.040,2.040
20260930-230802,413.823,81053,3098,9,0,,0,1,0.590,2.038,2.038
20260930-230802,414.353,81053,3019,4,2,Vigor+Might,1,1,1.526,2.044,2.044
20260930-230802,414.353,81053,2630,5,2,Resolution+Protection,1,1,1.526,2.570,2.570
20260930-230802,414.353,81053,2204,5,1,Resistance,0,1,1.000,2.570,2.570
20260930-230802,415.387,81053,1984,8,1,Protection,1,1,16.878,17.922,17.922
20260930-230802,428.943,81326,500,7,1,Resolution,1,1,13.556,13.556,13.556
20260930-230802,428.943,81326,666,4,1,Protection,1,1,30.434,30.956,30.956
20260930-230802,428.943,81326,589,5,1,Might,1,1,14.590,14.590,17.160
20260930-230802,429.463,81326,589,4,0,,0,1,0.520,0.520,0.520
20260930-230802,429.463,81326,500,6,0,,0,1,0.520,0.520,0.520
20260930-230802,429.989,81326,879,3,0,,0,1,0.526,1.046,1.046
20260930-230802,430.505,81326,747,2,0,,0,1,0.516,1.562,1.562
20260930-230802,430.505,81326,500,8,1,Resolution,1,1,1.042,1.562,1.562
20260930-230802,430.505,81326,994,6,1,Might,1,1,1.562,1.562,1.562
20260930-230802,432.949,81053,2926,0,0,,1,1,2.444,4.006,4.006
20260930-230802,433.469,81053,3118,0,0,,0,1,0.520,4.526,0.520
20260930-230802,434.387,81053,3343,0,0,,0,1,0.918,5.444,1.438
20260930-230802,434.509,81053,3793,9,1,Might,1,1,20.688,20.688,22.200
20260930-230802,434.989,81053,1944,8,1,Resolution,1,1,35.959,35.959,35.959
20260930-230802,434.991,81053,4348,10,1,Might,1,1,4.486,4.486,4.486
20260930-230802,434.991,81053,4204,8,1,Resolution,1,1,20.638,20.638,20.638
20260930-230802,434.991,81053,5956,10,1,Might,1,1,20.638,20.638,20.638
20260930-230802,435.423,81053,2174,10,0,,0,1,0.432,0.432,0.432
20260930-230802,435.423,81053,5663,10,0,,0,1,0.432,0.432,0.432
20260930-230802,435.423,81053,6053,8,1,Might,1,1,48.592,49.186,49.186
20260930-230802,435.951,81053,2174,9,0,,0,1,0.528,0.960,0.960
20260930-230802,435.951,81053,2680,10,0,,0,1,0.528,0.960,0.960
20260930-230802,436.029,81053,3183,9,0,,0,1,0.606,0.606,0.606
20260930-230802,495.825,81326,556,5,1,Vigor,1,1,60.836,60.836,60.836
20260930-230802,496.347,81326,510,10,1,Alacrity,1,1,61.356,61.356,61.356
20260930-230802,496.347,81326,615,10,1,Protection,1,1,82.524,84.562,84.562
20260930-230802,496.865,81326,919,9,0,,0,1,0.518,0.518,0.518
20260930-230802,496.865,81326,475,9,1,Stability,1,1,62.478,67.922,63.916
20260930-230802,496.865,81326,475,11,2,Resolution+Stability,1,1,60.914,61.874,61.874
20260930-230802,496.865,81326,651,9,1,Stability,1,1,60.914,61.874,61.874
20260930-230802,496.865,81326,555,10,2,Resolution+Stability,1,1,62.356,62.356,62.356
20260930-230802,496.865,81326,474,10,2,Might+Resolution,1,1,83.042,85.082,85.082
20260930-230802,496.865,81326,510,9,0,,0,1,0.518,0.518,0.518
20260930-230802,497.387,81326,618,3,1,Quickness,1,1,1.562,1.562,1.562
20260930-230802,515.431,80901,11238,7,1,Regeneration,1,1,79.402,80.008,80.008
20260930-230802,515.431,80901,6741,11,2,Protection+Might,1,1,18.566,18.566,18.566
20260930-230802,515.431,80901,5524,9,1,Might,1,1,18.566,19.084,19.084
20260930-230802,515.431,80901,7677,10,1,Protection,1,1,84.926,84.926,84.926
20260930-230802,515.431,80901,3522,8,1,Protection,1,1,18.566,18.566,18.566
20260930-230802,515.431,80901,2839,8,1,Regeneration,1,1,18.044,18.044,18.044
20260930-230802,515.949,80901,5099,8,3,Might+Stability+Quickness,0,0,0.518,0.518,0.518
20260930-230802,515.949,80901,11342,9,2,Might+Protection,1,1,19.084,19.084,19.084
20260930-230802,515.949,80901,13716,9,3,Might+Stability+Protection,0,1,0.518,0.518,0.518
20260930-230802,515.949,80901,17493,6,0,,0,1,0.518,0.518,0.518
20260930-230802,516.465,80901,10514,6,0,,0,1,0.516,1.034,1.034
20260930-230802,516.465,80901,4122,7,0,,1,0,0.516,0.516,1.034
20260930-230802,516.465,80901,5678,8,1,Might,1,1,1.034,1.034,1.034
20260930-230802,516.465,80901,6410,9,1,Protection,1,1,19.600,19.600,19.600
20260930-230802,516.467,80901,4485,8,2,Quickness+Swiftness,1,1,1.036,1.036,1.036
20260930-230802,516.985,80901,15324,3,1,Alacrity,1,1,1.036,1.036,1.554
20260930-230802,516.985,80901,5678,8,0,,0,1,0.520,0.520,0.520
20260930-230802,525.223,81326,496,6,1,Alacrity,1,1,28.358,28.358,28.358
20260930-230802,526.785,81326,496,1,1,Might,1,1,1.562,1.562,1.562
20260930-230802,530.425,80901,5141,3,1,Swiftness,1,1,13.440,13.960,13.960
20260930-230802,530.425,80901,21820,2,2,Resolution+Swiftness,1,1,13.958,13.958,13.958
20260930-230802,530.425,80901,20348,4,1,Swiftness,1,1,14.994,14.994,14.994
20260930-230802,530.425,80901,5891,7,1,Swiftness,1,1,33.560,34.078,34.078
20260930-230802,530.951,80901,5722,6,4,Regeneration+Might+Fury+Protection,1,1,15.002,15.002,15.002
20260930-230802,530.951,80901,7479,3,1,Regeneration,1,1,14.486,14.486,14.486
20260930-230802,530.951,80901,14088,6,2,Might+Stability,0,1,0.526,0.526,0.526
20260930-230802,530.951,80901,6147,2,0,,0,1,0.526,0.526,0.526
20260930-230802,530.951,80901,7704,2,1,Might,1,1,4.166,4.166,4.166
20260930-230802,531.465,80901,7479,2,0,,1,1,0.514,0.514,0.514
20260930-230802,531.465,80901,8541,2,0,,0,1,0.514,0.514,0.514
20260930-230802,531.987,80901,9317,2,0,,0,0,0.522,1.036,1.036
20260930-232430,282.436,81326,471,4,1,Protection,1,1,,,
20260930-232430,282.954,81326,577,4,1,Vigor,1,1,,,
20260930-232430,282.954,81326,626,9,1,Swiftness,1,1,,,
20260930-232430,282.954,81326,522,4,1,Resolution,1,1,,,
20260930-232430,282.954,81326,471,8,1,Quickness,1,1,,,
20260930-232430,282.954,81326,645,8,1,Resolution,1,1,,,
20260930-232430,282.954,81326,661,6,1,Fury,1,1,,,
20260930-232430,283.998,81326,703,5,1,Swiftness,1,1,1.562,1.562,1.562
20260930-232430,283.998,81326,626,9,1,Swiftness,1,1,1.044,1.044,1.044
20260930-232430,311.716,81326,512,7,1,Might,1,1,28.762,28.762,28.762
20260930-232430,311.716,81326,615,9,1,Fury,1,1,27.718,27.718,27.718
20260930-232430,311.716,81326,551,8,1,Might,1,1,28.762,28.762,28.762
20260930-232430,311.716,81326,633,9,1,Fury,1,1,28.762,28.762,28.762
20260930-232430,311.716,81326,567,4,1,Quickness,1,1,28.762,28.762,28.762
20260930-232430,312.230,81326,551,7,0,,0,1,0.514,0.514,0.514
20260930-232430,312.230,81326,665,9,1,Might,1,1,,,
20260930-232430,312.230,81326,462,9,1,Resistance,1,1,28.232,28.232,28.232
20260930-232430,312.230,81326,806,10,1,Resistance,1,1,,,
20260930-232430,312.230,81326,462,10,1,Resistance,1,1,29.276,29.276,29.276
20260930-232430,312.230,81326,615,8,0,,0,1,0.514,0.514,0.514
20260930-232430,312.230,81326,512,6,0,,0,1,0.514,0.514,0.514
20260930-232430,312.230,81326,633,9,0,,0,1,0.514,0.514,0.514
20260930-232430,312.746,81326,633,9,0,,0,1,0.516,1.030,1.030
20260930-232430,312.746,81326,462,9,0,,0,1,0.516,0.516,0.516
20260930-232430,312.746,81326,551,8,0,,0,1,0.516,1.030,1.030
20260930-232430,313.270,81326,633,7,0,,0,1,0.524,1.554,1.554
20260930-232430,313.270,81326,615,8,1,Regeneration,1,1,1.040,1.554,1.554
20260930-232430,313.270,81326,752,9,1,Resolution,1,1,,,
20260930-232430,313.270,81326,462,8,0,,0,1,0.524,1.040,1.040
20260930-232430,340.948,81053,2576,4,2,Alacrity+Swiftness,1,1,28.718,28.718,28.718
20260930-232430,341.466,81053,6421,4,4,Alacrity+Protection+Swiftness+Fury,1,1,28.196,29.236,29.236
20260930-232430,341.466,81053,5152,2,0,,0,1,0.518,0.518,0.518
20260930-232430,341.466,81053,5140,4,2,Might+Alacrity,1,1,29.236,29.750,29.750
20260930-232430,341.466,81053,2559,5,2,Might+Quickness,1,1,29.750,29.750,29.750
20260930-232430,341.992,81053,3845,0,0,,0,1,0.526,0.526,0.526
20260930-232430,341.992,81053,5152,2,0,,0,1,0.526,1.044,1.044
20260930-232430,342.392,81053,4493,4,2,Might+Alacrity,1,1,30.162,30.162,30.162
20260930-232430,342.392,81053,5116,2,3,Might+Resolution+Fury,1,1,29.122,29.122,29.122
20260930-232430,342.392,81053,2559,3,0,,0,1,0.926,0.926,0.926
20260930-232430,342.394,81053,3023,5,0,,0,1,0.928,0.928,0.928
20260930-232430,342.506,81053,3023,5,0,,0,1,0.112,1.040,1.040
20260930-232430,342.506,81053,2559,3,0,,0,1,0.114,1.040,1.040
20260930-232430,342.906,81053,2576,2,0,,0,1,0.914,1.958,1.958
20260930-232430,342.906,81053,10232,1,0,,0,1,0.514,0.514,0.514
20260930-232430,343.030,81053,2559,4,0,,0,1,0.524,1.564,1.564
20260930-232430,343.432,81053,10232,1,0,,0,1,0.526,1.040,1.040
20260930-232430,343.950,81053,8615,5,2,Resolution+Regeneration,1,1,1.444,2.484,2.484
20260930-232430,344.031,81053,4316,4,2,Vigor+Resolution,1,1,1.639,1.639,1.639
20260930-232430,344.031,81053,3474,5,1,Swiftness,1,1,31.285,32.315,32.315
20260930-232430,344.544,81053,4244,4,2,Might+Resolution,1,1,1.514,3.078,3.078
20260930-232430,344.546,81053,3616,4,0,,0,1,0.515,0.515,0.515
20260930-232430,360.874,81053,2417,6,2,Fury+Might,1,1,17.968,19.926,19.926
20260930-232430,361.390,81053,5291,5,1,Resolution,1,1,48.120,48.120,48.120
20260930-232430,361.390,81053,2179,4,0,,0,1,0.516,0.516,0.516
20260930-232430,361.390,81053,2179,6,0,,0,1,19.398,19.924,19.924
20260930-232430,362.430,81053,4358,6,2,Fury+Resistance,1,1,1.040,1.556,1.556
20260930-232430,362.430,81053,2985,6,2,Fury+Resistance,1,1,49.160,50.714,50.714
20260930-232430,362.430,81053,2416,7,0,,0,1,18.480,18.480,18.480
20260930-232430,362.430,81053,2179,7,5,Fury+Resistance+Regeneration+Might+Quickness,1,1,1.040,20.964,20.964
20260930-232430,362.430,81053,3882,6,0,,0,1,17.884,18.399,18.399
20260930-232430,362.430,81053,3591,5,0,,0,1,17.886,17.886,17.886
20260930-232430,362.914,81053,2714,7,2,Protection+Fury,1,1,18.883,18.883,18.883
20260930-232430,362.916,81053,5637,5,1,Might,1,1,1.526,1.526,1.526
20260930-232430,362.916,81053,3090,7,5,Protection+Fury+Stability+Might+Quickness,1,1,19.484,20.524,20.524
20260930-232430,362.916,81053,3827,5,0,,0,1,0.486,18.372,18.372
20260930-232430,362.916,81053,3341,5,2,Might+Stability,1,1,50.686,50.686,50.686
20260930-232430,362.916,81053,4136,6,0,,0,1,0.486,18.885,18.885
20260930-232430,362.916,81053,2322,3,0,,0,1,0.486,0.486,0.486
20260930-232430,362.916,81053,2574,7,0,,0,1,0.486,18.966,18.966
20260930-232430,368.666,81326,633,6,2,Swiftness+Protection,1,1,5.750,24.716,24.716
20260930-232430,368.666,81326,585,7,1,Resolution,1,1,5.750,24.635,24.635
20260930-232430,369.190,81326,945,4,0,,0,1,0.524,0.524,0.524
20260930-232430,369.704,81326,595,5,2,Regeneration+Might,1,1,6.788,25.160,25.160
20260930-232430,369.704,81326,789,5,1,Might,1,1,6.788,6.788,6.788
20260930-232430,369.704,81326,646,6,5,Regeneration+Might+Swiftness+Protection+Vigor,1,1,6.788,6.788,6.788
20260930-232430,369.704,81326,945,4,0,,0,1,0.514,1.038,1.038
20260930-232430,369.704,81326,698,8,2,Protection+Regeneration,1,1,6.788,6.788,6.788
20260930-232430,370.232,81326,485,7,4,Might+Swiftness+Protection+Regeneration,1,1,7.802,7.802,7.802
20260930-232430,370.232,81326,945,6,2,Might+Quickness,0,1,0.528,1.566,1.566
20260930-232430,370.232,81326,485,6,5,Swiftness+Might+Protection+Regeneration+Vigor,1,1,7.316,7.802,7.802
20260930-232430,380.550,81053,5981,5,5,Resolution+Regeneration+Alacrity+Fury+Vigor,1,1,10.846,10.846,10.846
20260930-232430,380.550,81053,4972,2,2,Protection+Swiftness,1,1,17.636,17.636,17.636
20260930-232430,381.070,81053,4482,1,0,,0,1,0.520,0.520,0.520
20260930-232430,381.070,81053,3477,3,3,Protection+Might+Quickness,1,1,10.838,10.838,10.838
20260930-232430,381.586,81053,3886,8,5,Protection+Might+Swiftness+Regeneration+Fury,1,1,11.882,11.882,11.882
20260930-232430,381.586,81053,4100,4,4,Resolution+Protection+Alacrity+Regeneration,1,1,12.920,12.920,12.920
20260930-232430,381.586,81053,4105,3,4,Resolution+Alacrity+Protection+Swiftness,1,1,1.036,1.036,1.036
20260930-232430,381.586,81053,5094,1,0,,0,1,0.516,1.036,1.036
20260930-232430,381.586,81053,2622,9,2,Might+Fury,1,1,11.354,11.354,12.920
20260930-232430,381.988,81053,5800,3,0,,0,1,0.402,0.402,0.402
20260930-232430,381.988,81053,6128,0,0,,0,1,0.402,0.402,0.402
20260930-232430,381.988,81053,5094,1,0,,0,1,0.402,1.438,1.438
20260930-232430,381.988,81053,6120,1,0,,0,1,0.402,0.402,0.402
20260930-232430,382.110,81053,6120,1,0,,0,1,0.122,0.524,0.524
20260930-232430,382.110,81053,5094,1,0,,0,1,0.122,1.560,1.560
20260930-232430,382.110,81053,6128,0,0,,0,1,0.122,0.524,0.524
20260930-232430,382.110,81053,5800,3,0,,0,1,0.122,0.524,0.524
20260930-232430,382.510,81053,2657,9,0,,0,1,0.924,0.924,0.924
20260930-232430,382.510,81053,2397,9,2,Alacrity+Resolution,1,1,12.278,12.278,12.278
20260930-232430,382.510,81053,4319,8,1,Alacrity,1,1,12.806,12.806,12.806
20260930-232430,382.592,81053,12526,2,0,,0,1,0.482,1.006,1.006
20260930-232430,382.592,81053,6616,1,0,,0,0,0.482,1.006,1.006
20260930-232430,382.592,81053,6607,2,0,,0,0,0.482,1.006,1.006
20260930-232430,383.032,81053,2659,8,0,,0,1,0.522,0.522,0.522
20260930-232430,383.032,81053,4791,7,0,,0,1,0.522,0.522,0.522
20260930-232430,383.544,81053,2659,7,0,,0,1,0.512,1.034,1.034
20260930-233450,296.223,81326,515,9,1,Fury,1,1,,,
20260930-233450,296.223,81326,478,9,1,Fury,1,1,,,
20260930-233450,296.223,81326,638,7,4,Swiftness+Alacrity+Stability+Fury,1,1,,,
20260930-233450,296.223,81326,504,5,1,Swiftness,1,1,,,
20260930-233450,296.223,81326,480,6,1,Protection,1,1,,,
20260930-233450,296.223,81326,702,9,1,Resolution,1,1,,,
20260930-233450,296.751,81326,696,8,1,Regeneration,1,1,,,
20260930-233450,296.751,81326,716,6,0,,0,1,0.528,0.528,0.528
20260930-233450,296.751,81326,702,8,0,,0,1,0.528,0.528,0.528
20260930-233450,296.751,81326,477,8,4,Regeneration+Fury+Might+Resolution,1,1,,,
20260930-233450,296.751,81326,504,6,0,,0,1,0.528,0.528,0.528
20260930-233450,296.751,81326,607,9,1,Regeneration,1,1,,,
20260930-233450,296.751,81326,478,8,0,,0,1,0.528,0.528,0.528
20260930-233450,296.751,81326,515,8,0,,0,1,0.528,0.528,0.528
20260930-233450,296.751,81326,638,4,0,,0,1,0.528,0.528,0.528
20260930-233450,297.267,81326,480,8,1,Might,1,1,,,
20260930-233450,297.267,81326,702,9,0,,0,1,0.516,1.044,1.044
20260930-233450,297.267,81326,504,11,0,,0,1,0.516,1.044,1.044
20260930-233450,297.267,81326,607,8,0,,0,1,0.516,0.516,0.516
20260930-233450,297.267,81326,696,8,0,,0,1,0.516,0.516,0.516
20260930-233450,297.267,81326,638,7,0,,0,1,0.516,1.044,1.044
20260930-233450,297.783,81326,638,7,0,,0,1,0.516,1.560,1.560
20260930-233450,297.785,81326,477,8,4,Resolution+Might+Vigor+Regeneration,1,1,1.034,1.034,1.034
20260930-233450,297.785,81326,478,7,1,Regeneration,1,1,1.034,1.562,1.562
20260930-233450,297.785,81326,606,7,1,Regeneration,1,1,1.034,1.562,1.562
20260930-233450,297.785,81326,702,8,0,,0,1,0.518,1.562,1.562
20260930-233450,325.943,81326,998,0,0,,0,1,28.160,29.720,29.720
20260930-233450,325.943,81326,736,5,0,,0,1,28.158,29.720,29.720
20260930-233450,325.943,81326,540,7,1,Resolution,1,1,28.158,28.158,28.158
20260930-233450,325.945,81326,501,8,1,Regeneration,1,1,28.160,28.160,28.160
20260930-233450,325.945,81326,452,6,1,Resolution,1,1,29.194,29.722,29.722
20260930-233450,326.465,81326,877,6,0,,0,1,29.198,30.242,30.242
20260930-233450,326.465,81326,501,6,0,,0,1,0.520,0.520,0.520
20260930-233450,326.465,81326,636,7,0,,0,1,29.198,29.714,29.714
20260930-233450,326.987,81326,501,6,0,,0,1,0.522,1.042,1.042
20260930-233450,326.987,81326,636,7,0,,0,1,0.522,30.236,30.236
20260930-233450,326.987,81326,877,4,0,,0,1,0.522,30.764,30.764
20260930-233450,327.507,81326,736,5,1,Resolution,1,1,1.564,31.284,31.284
20260930-233450,327.507,81326,452,8,1,Fury,1,1,1.562,1.562,1.562
20260930-233450,327.507,81326,877,8,0,,0,1,0.520,31.284,31.284
20260930-233450,327.507,81326,501,6,0,,0,1,0.520,1.562,1.562
20260930-233450,327.507,81326,669,4,4,Protection+Resistance+Stability+Might,1,1,1.564,31.284,31.284
20260930-233450,327.507,81326,828,3,3,Might+Swiftness+Fury,1,1,29.722,29.722,29.722
20260930-233450,336.625,81053,3163,4,4,Might+Stability+Quickness+Protection,1,1,9.118,9.118,9.118
20260930-233450,337.145,81053,2778,7,1,Might,1,1,9.638,40.922,40.922
20260930-233450,337.663,81053,2377,7,1,Might,1,1,10.156,10.156,10.156
20260930-233450,337.663,81053,3479,9,1,Swiftness,1,1,10.156,10.156,10.156
20260930-233450,337.663,81053,2778,6,0,,0,1,0.518,0.518,0.518
20260930-233450,338.069,81053,3479,9,0,,0,1,0.406,0.406,0.406
20260930-233450,338.069,81053,2377,7,1,Might,1,1,40.802,40.802,40.802
20260930-233450,338.069,81053,2790,9,1,Protection,1,1,10.562,12.124,12.124
20260930-233450,338.069,81053,3077,10,1,Swiftness,1,1,11.082,41.318,41.318
20260930-233450,338.069,81053,2377,6,0,,0,1,0.406,0.406,0.406
20260930-233450,338.069,81053,2624,8,4,Protection+Might+Resolution+Alacrity,1,1,10.562,10.562,10.562
20260930-233450,338.183,81053,3917,4,0,,0,1,0.114,0.114,0.114
20260930-233450,338.185,81053,3255,8,1,Fury,1,1,40.918,41.434,41.434
20260930-233450,338.185,81053,2377,6,0,,0,1,0.116,0.522,0.522
20260930-233450,338.185,81053,4165,8,0,,0,1,0.116,0.116,0.116
20260930-233450,338.185,81053,2377,6,0,,0,1,0.116,0.116,0.116
20260930-233450,338.669,81053,3479,9,0,,0,1,0.600,1.006,1.006
20260930-233450,338.669,81053,2778,6,0,,0,1,1.006,1.524,1.524
20260930-233450,338.669,81053,3077,9,0,,0,1,0.600,0.600,0.600
20260930-233450,338.669,81053,8330,8,0,,0,1,0.484,0.600,0.600
20260930-233450,338.669,81053,4754,6,0,,0,1,0.484,0.600,0.600
20260930-233450,338.669,81053,4754,6,0,,0,1,0.484,1.006,1.006
20260930-233450,338.669,81053,7834,4,0,,0,1,0.486,0.600,0.600
20260930-233450,339.105,81053,3255,7,0,,0,1,0.920,0.920,0.920
20260930-233450,339.623,81053,3163,5,4,Swiftness+Regeneration+Protection+Fury,1,1,2.998,2.998,2.998
20260930-233450,339.623,81053,3255,8,0,,0,1,0.518,1.438,1.438
20260930-233450,340.227,81053,3163,5,0,,0,1,0.604,0.604,0.604
20260930-233450,340.227,81053,2553,10,1,Protection,1,1,14.284,14.284,14.284
20260930-233450,358.505,81053,6552,8,1,Might,1,1,18.882,20.320,20.320
20260930-233450,358.505,81053,2392,10,1,Swiftness,1,1,19.836,20.842,20.842
20260930-233450,358.505,81053,7934,10,4,Swiftness+Resolution+Regeneration+Protection,1,1,18.278,18.882,18.882
20260930-233450,358.505,81053,7884,6,4,Might+Fury+Resolution+Swiftness,1,1,19.836,20.436,20.436
20260930-233450,358.583,81053,3890,10,1,Resolution,1,1,19.914,20.920,20.920
20260930-233450,358.583,81053,2652,7,1,Fury,1,1,19.914,20.514,20.514
20260930-233450,358.623,81053,2392,9,0,,0,1,0.118,0.118,0.118
20260930-233450,359.027,81053,4306,10,0,,0,1,0.404,0.522,0.522
20260930-233450,359.027,81053,5896,9,0,,0,1,0.522,0.522,0.522
20260930-233450,359.027,81053,2392,8,1,Resolution,1,1,20.358,20.958,20.958
20260930-233450,359.101,81053,4276,6,0,,0,1,0.596,0.596,0.596
20260930-233450,359.549,81053,7002,9,0,,0,1,0.966,0.966,0.966
20260930-233450,359.549,81053,4276,3,0,,0,1,0.448,1.044,1.044
20260930-233450,359.549,81053,7096,3,0,,0,1,1.044,1.044,1.044
20260930-233450,359.549,81053,4306,9,0,,0,1,0.522,1.044,1.044
20260930-233450,359.549,81053,5896,8,0,,0,1,0.522,1.044,1.044
20260930-233450,359.625,81053,2392,6,0,,0,1,0.598,0.598,0.598
20260930-233450,360.143,81053,3570,5,0,,0,1,0.518,1.116,1.116
20260930-233450,360.143,81053,3120,7,1,Might,1,1,1.560,1.560,1.560
20260930-233450,360.143,81053,4276,3,0,,0,1,0.594,1.638,1.638
20260930-233450,360.143,81053,3501,8,0,,0,1,0.594,1.560,1.560
20260930-233450,376.029,81053,2938,10,1,Regeneration,1,1,37.360,37.960,37.960
20260930-233450,376.029,81053,2502,9,4,Protection+Alacrity+Resolution+Fury,1,1,15.886,17.524,17.524
20260930-233450,376.029,81053,2090,7,1,Swiftness,1,1,16.480,17.524,17.524
20260930-233450,376.029,81053,2152,7,1,Alacrity,1,1,15.886,17.002,17.002
20260930-233450,376.549,81053,2708,10,1,Swiftness,1,1,37.880,39.404,39.404
20260930-233450,376.549,81053,4143,7,0,,0,1,0.520,0.520,0.520
20260930-233450,376.549,81053,2766,9,1,Swiftness,1,1,36.322,36.322,36.322
20260930-233450,376.549,81053,2318,8,0,,0,1,0.520,0.520,0.520
20260930-233450,377.067,81053,2766,8,0,,0,1,0.518,0.518,0.518
20260930-233450,377.069,81053,2318,7,0,,0,1,0.520,1.040,1.040
20260930-233450,377.069,81053,2708,9,0,,0,1,0.520,0.520,0.520
20260930-233450,377.069,81053,3500,8,1,Protection,1,1,1.040,1.040,1.040
20260930-233450,377.069,81053,2313,10,1,Resolution,1,1,16.926,16.926,16.926
20260930-233450,377.587,81053,2708,9,0,,0,1,0.518,1.038,1.038
20260930-233450,377.587,81053,2313,10,0,,0,1,0.518,0.518,0.518
20260930-233450,377.587,81053,2318,8,0,,0,1,0.518,1.558,1.558
20260930-233450,377.587,81053,2766,9,0,,0,1,0.520,1.038,1.038
20260930-233450,378.065,81053,4143,8,4,Stability+Might+Fury+Vigor,1,1,1.516,2.036,2.036
20260930-233450,378.065,81053,2318,6,1,Protection,1,1,2.036,2.036,2.036
20260930-233450,378.105,81053,2318,8,0,,0,1,0.518,2.076,2.076
20260930-233450,378.581,81053,3191,9,0,,0,1,0.994,2.032,2.032
20260930-233450,378.581,81053,2268,10,0,,0,1,0.994,1.512,1.512
20260930-233450,378.581,81053,2510,9,4,Protection+Resolution+Swiftness+Might,1,1,19.032,20.076,20.076
20260930-233450,378.583,81053,2273,8,0,,0,1,0.478,2.554,2.554
20260930-233450,378.583,81053,3328,8,1,Resolution,1,1,18.440,20.000,20.000
20260930-233450,378.583,81053,2656,9,0,,0,1,0.996,2.034,2.034
20260930-233450,379.107,81053,2229,8,0,,0,1,0.524,3.078,3.078
20260930-233450,396.623,81053,3348,3,1,Regeneration,1,1,18.558,18.558,18.558
20260930-233450,397.143,81053,4136,4,2,Regeneration+Stability,1,1,19.078,19.078,19.078
20260930-233450,397.221,81053,3018,2,0,,0,1,0.598,0.598,0.598
20260930-233450,423.829,81053,4494,8,1,Regeneration,1,1,26.608,27.206,27.206
20260930-233450,423.829,81053,7840,9,1,Regeneration,1,1,45.246,47.280,47.280
20260930-233450,424.343,81053,2247,8,0,,0,1,0.514,0.514,0.514
20260930-233450,424.343,81053,3920,8,0,,0,1,0.514,0.514,0.514
20260930-233450,424.343,81053,2481,7,4,Might+Resolution+Regeneration+Protection,1,1,45.762,45.762,45.762
20260930-233450,424.745,81053,3679,8,0,,0,1,0.402,0.916,0.916
20260930-233450,424.745,81053,2109,8,0,,0,1,0.402,0.916,0.916
20260930-233450,424.747,81053,2888,9,1,Might,1,1,65.198,66.242,66.242
20260930-233450,424.867,81053,2806,8,2,Swiftness+Might,1,1,27.724,27.724,27.724
20260930-233450,424.867,81053,2975,8,0,,0,1,0.120,0.120,0.120
20260930-233450,424.867,81053,3679,8,0,,0,1,0.122,1.038,1.038
20260930-233450,424.869,81053,2109,8,0,,0,1,0.124,1.040,1.040
20260930-233450,424.869,81053,3476,4,0,,0,1,0.526,0.526,0.526
20260930-233450,425.347,81053,3679,8,0,,0,1,0.480,1.518,1.518
20260930-233450,425.347,81053,2109,8,0,,0,1,0.478,1.518,1.518
20260930-233450,425.861,81053,2109,5,1,Regeneration,1,1,46.754,49.832,49.832
20260930-233450,425.861,81053,3476,6,0,,0,1,0.992,1.518,1.518
20260930-233450,426.303,81053,2339,4,0,,0,1,0.442,0.442,0.442
20260930-233450,440.745,81326,1015,6,1,Resolution,0,1,62.162,62.162,62.162
20260930-233450,440.745,81326,500,8,2,Might+Fury,1,1,62.164,64.196,64.196
20260930-233450,440.745,81326,544,8,1,Might,1,1,15.398,16.916,16.916
20260930-233450,440.745,81326,417,8,4,Fury+Might+Resolution+Alacrity,1,1,14.884,16.402,16.402
20260930-233450,440.747,81326,419,9,1,Might,1,1,15.400,16.918,16.918
20260930-233450,440.747,81326,502,9,2,Might+Vigor,1,1,15.880,15.880,15.880
20260930-233450,440.747,81326,377,8,1,Might,1,1,14.444,14.886,14.886
20260930-233450,441.781,81326,638,9,1,Regeneration,1,1,16.914,17.034,17.034
20260930-233450,441.781,81326,417,8,4,Alacrity+Vigor+Resolution+Might,1,1,1.036,1.036,1.036
20260930-233450,441.782,81326,377,8,1,Protection,1,1,1.035,1.035,1.035
20260930-233450,444.981,81053,2385,9,1,Swiftness,1,1,66.400,67.912,67.912
20260930-233450,444.981,81053,4509,6,2,Might+Swiftness,1,1,4.236,4.236,4.236
20260930-233450,444.981,81053,4273,5,2,Swiftness+Resistance,1,1,4.234,4.234,4.234
20260930-233450,445.503,81053,4509,6,0,,0,1,0.522,0.522,0.522
20260930-233450,445.503,81053,5894,9,1,Might,1,1,3.722,3.722,3.722
20260930-233450,445.503,81053,3424,7,1,Protection,1,1,68.434,68.434,68.434
20260930-233450,445.503,81053,3211,10,1,Might,1,1,3.721,3.721,3.721
20260930-233450,445.503,81053,5223,6,1,Might,1,1,4.758,4.758,66.920
20260930-233450,445.503,81053,3211,9,1,Fury,1,1,4.756,4.756,4.756
20260930-233450,446.019,81053,3211,9,0,,0,1,0.516,0.516,0.516
20260930-233450,446.019,81053,9018,6,0,,0,1,0.516,1.038,1.038
20260930-233450,446.019,81053,2385,9,1,Swiftness,1,1,1.038,1.038,1.038
20260930-233450,446.019,81053,3211,8,0,,0,1,0.516,0.516,0.516
20260930-233450,446.019,81053,5223,7,0,,0,1,0.516,0.516,0.516
20260930-233450,446.545,81053,7814,2,2,Might+Quickness,1,1,4.764,4.764,4.764
20260930-233450,446.545,81053,8280,7,0,,0,1,0.526,1.564,1.564
20260930-233450,446.545,81053,9592,7,0,,0,1,0.526,1.042,1.042
20260930-233450,446.545,81053,2190,9,0,,0,1,0.526,0.526,0.526
20260930-233450,446.939,81053,9275,6,1,Regeneration,1,1,1.436,1.436,1.436
20260930-233450,446.939,81053,3269,7,0,,0,1,0.394,0.920,0.920
20260930-233450,446.939,81053,2949,8,0,,0,1,0.920,1.436,1.436
20260930-233450,447.017,81053,2949,9,0,,0,1,0.998,1.514,1.514
20260930-233450,447.063,81053,4796,6,0,,0,1,0.518,1.560,1.560
20260930-233450,447.063,81053,3516,2,0,,0,1,0.518,0.518,0.518
20260930-233450,447.467,81053,2949,9,0,,0,1,0.450,1.964,1.964
20260930-233450,447.467,81053,4582,8,0,,0,1,0.528,0.528,0.528
20260930-233450,447.985,81053,5102,2,2,Fury+Quickness,1,1,1.440,3.004,3.004
20260930-233450,447.985,81053,4334,5,0,,0,1,0.922,1.440,1.440
20260930-233450,447.985,81053,3634,8,0,,0,1,0.518,2.482,2.482
20260930-233450,447.985,81053,5320,4,0,,0,0,0.922,2.482,2.482
20260930-233450,447.985,81053,4394,5,1,Might,1,1,1.046,1.966,1.966
20260930-233450,469.541,81326,1093,9,0,,0,1,21.556,24.038,24.038
20260930-233450,469.541,81326,742,5,0,,0,1,21.556,22.996,22.996
20260930-233450,469.541,81326,802,8,0,,0,1,21.556,21.556,21.556
20260930-233450,469.541,81326,500,2,1,Protection,1,1,22.602,24.038,24.038
20260930-233450,469.541,81326,747,3,1,Might,1,1,21.556,24.038,24.038
20260930-233450,469.541,81326,1239,2,1,Might,1,1,24.038,24.038,24.038
20260930-233450,470.061,81326,747,2,0,,0,1,0.520,0.520,0.520
20260930-233450,470.061,81326,747,3,0,,0,1,0.520,0.520,0.520
20260930-233450,470.061,81326,1239,3,0,,0,1,0.520,0.520,0.520
20260930-233450,470.575,81326,1239,3,0,,0,1,0.514,1.034,1.034
20260930-233450,470.575,81326,747,2,0,,0,1,0.514,1.034,1.034
20260930-233450,470.575,81326,747,4,0,,0,1,0.514,1.034,1.034
20260930-233450,471.101,81326,1239,3,0,,0,1,0.526,1.560,1.560
20260930-233450,471.101,81326,747,4,0,,0,1,0.526,1.560,1.560
20260930-233450,471.101,81326,747,3,0,,0,1,0.526,1.560,1.560
20260930-233450,481.375,81053,3484,10,1,Resolution,0,1,11.834,35.872,35.872
20260930-233450,481.901,81053,8150,9,1,Might,1,1,41.156,41.156,41.156
20260930-233450,481.901,81053,4672,10,1,Stability,1,1,10.800,12.360,12.360
20260930-233450,481.901,81053,6838,10,0,,0,1,0.526,0.526,36.398
20260930-233450,481.901,81053,3108,9,2,Might+Fury,1,1,36.920,36.920,36.920
20260930-233450,481.901,81053,2331,9,1,Swiftness,1,1,33.916,33.916,33.916
20260930-233450,482.423,81053,2380,8,0,,0,1,0.522,0.522,0.522
20260930-233450,482.817,81053,2380,8,0,,0,1,0.394,0.916,0.916
20260930-233450,482.817,81053,3167,7,0,,0,1,0.916,0.916,0.916
20260930-233450,482.937,81053,2556,9,3,Stability+Fury+Might,1,1,13.396,34.952,34.952
20260930-233450,482.937,81053,2380,8,0,,0,1,0.120,1.036,1.036
20260930-233450,482.937,81053,2380,8,2,Might+Alacrity,1,1,11.836,13.396,13.396
20260930-233450,483.419,81053,2556,6,0,,0,1,0.482,0.482,0.482
20260930-233450,483.419,81053,4760,8,0,,0,1,0.482,0.482,0.482
20260930-233450,483.419,81053,2380,8,0,,0,1,0.482,1.518,1.518
20260930-233450,483.945,81053,2106,7,0,,0,1,0.526,1.008,1.008
20260930-233450,483.945,81053,2478,7,0,,0,1,0.526,2.044,2.044
20260930-233450,524.705,81326,622,5,1,Protection,1,1,77.238,77.766,77.766
20260930-233450,525.217,81326,561,9,1,Resolution,1,1,42.400,43.316,43.316
20260930-233450,525.217,81326,928,5,0,,0,1,0.512,0.512,0.512
20260930-233450,525.739,81326,561,9,1,Fury,0,1,0.522,0.522,0.522
20260930-233450,525.739,81326,503,7,4,Fury+Regeneration+Resolution+Alacrity,1,1,42.320,42.802,42.802
20260930-233450,549.103,80901,9068,8,0,,0,1,67.202,67.202,67.202
20260930-233450,549.103,80901,3739,9,1,Protection,1,1,23.886,24.398,24.398
20260930-233450,549.103,80901,2882,7,1,Fury,1,1,67.202,67.202,67.202
20260930-233450,549.617,80901,3319,8,2,Fury+Might,1,1,23.878,23.878,23.878
20260930-233450,550.135,80901,2882,6,1,Might,1,1,1.032,1.032,1.032
20260930-233450,550.145,80901,5313,7,2,Might+Swiftness,1,1,79.044,80.604,80.604
20260930-233450,550.145,80901,4311,4,2,Fury+Quickness,1,1,66.200,67.208,67.208
20260930-233450,550.145,80901,4228,6,1,Fury,1,1,68.244,68.770,104.642
20260930-233450,550.657,80901,4311,1,0,,0,1,0.512,0.512,0.512
20260930-233450,550.657,80901,2882,4,0,,0,1,0.522,0.522,0.522
20260930-233450,550.657,80901,3843,10,1,Swiftness,1,1,24.918,24.918,25.440
20260930-233450,550.657,80901,2888,5,1,Protection,1,1,66.712,68.756,68.756
20260930-233450,553.541,81326,537,7,4,Might+Fury+Resistance+Vigor,1,1,84.000,106.996,106.996
20260930-233450,554.057,81326,726,5,2,Regeneration+Fury,1,1,3.400,3.912,3.912
20260930-233450,554.057,81326,648,6,1,Regeneration,1,1,3.400,3.400,3.400
20260930-233450,554.057,81326,523,7,2,Regeneration+Swiftness,1,1,4.440,4.440,4.440
20260930-233450,554.577,81326,523,5,0,,0,1,0.520,0.520,0.520
20260930-233450,554.577,81326,597,5,4,Resolution+Might+Regeneration+Swiftness,1,1,1.036,1.036,1.036
20260930-233450,554.577,81326,712,6,1,Resolution,1,1,4.432,4.432,4.432
20260930-233450,555.097,81326,648,5,1,Protection,1,1,1.040,1.040,1.040
20260930-233450,555.097,81326,539,7,1,Resolution,1,1,4.440,4.962,4.962
20260930-233450,555.099,81326,523,6,0,,0,1,0.522,1.042,1.042
20260930-233450,555.099,81326,487,9,1,Might,1,1,4.442,4.442,4.442
20260930-233450,555.099,81326,487,4,2,Protection+Might,1,1,1.042,1.042,1.042
20260930-233450,564.095,80901,10781,6,2,Protection+Resistance,1,1,13.950,13.950,13.950
20260930-233450,564.095,80901,11266,6,2,Resolution+Might,1,1,8.996,8.996,8.996
20260930-233450,564.107,80901,3379,7,2,Alacrity+Resolution,1,1,9.008,10.050,10.050
20260930-233450,565.657,80901,9164,4,0,,0,1,11.080,11.080,11.080
20260930-233450,565.657,80901,4883,0,0,,1,1,1.562,1.562,1.562
20260930-233450,565.657,80901,3518,9,1,Swiftness,1,1,16.554,16.554,16.554
20260930-233450,565.657,80901,5912,4,2,Might+Alacrity,1,1,1.562,1.562,1.562
20260930-233450,565.657,80901,2986,7,2,Protection+Vigor,1,1,1.550,1.550,1.550
20260930-233450,579.101,80901,15597,5,1,Stability,1,1,24.002,24.002,24.002
20260930-233450,579.101,80901,7121,5,1,Protection,1,1,13.444,13.444,13.444
20260930-233450,580.659,80901,18503,1,1,Protection,1,1,15.002,15.002,15.002
20260930-234618,281.471,81326,590,4,1,Regeneration,1,1,,,
20260930-234618,311.463,81326,581,3,0,,0,1,,,
20260930-234618,311.465,81326,630,5,0,,0,1,,,
20260930-234618,325.985,81053,2272,7,1,Stability,1,1,,,
20260930-234618,325.985,81053,2667,5,1,Regeneration,1,1,,,
20260930-234618,325.985,81053,4880,7,1,Regeneration,1,1,44.514,44.514,44.514
20260930-234618,325.987,81053,3325,8,1,Fury,1,1,,,
20260930-234618,325.987,81053,2257,8,1,Regeneration,1,1,14.524,,
20260930-234618,326.507,81053,4544,6,0,,0,1,0.522,0.522,0.522
20260930-234618,326.507,81053,2800,9,2,Fury+Might,1,1,,,
20260930-234618,326.507,81053,2267,5,0,,0,1,0.522,0.522,0.522
20260930-234618,326.507,81053,2720,9,2,Fury+Resistance,1,1,15.042,,
20260930-234618,326.909,81053,2048,6,0,,0,1,0.402,0.924,0.924
20260930-234618,327.027,81053,5380,7,0,,0,1,0.520,0.520,0.520
20260930-234618,327.027,81053,2177,5,0,,0,1,0.520,1.042,1.042
20260930-234618,327.027,81053,5226,7,0,,0,1,0.520,0.520,0.520
20260930-234618,327.027,81053,2344,7,1,Might,1,1,1.042,1.042,1.042
20260930-234618,327.027,81053,4364,6,0,,0,1,0.118,1.042,1.042
20260930-234618,327.027,81053,2168,8,1,Might,1,1,1.040,1.040,1.040
20260930-234618,327.027,81053,3426,8,1,Might,1,1,,,
20260930-234618,327.427,81053,4364,6,0,,0,1,0.400,1.442,1.442
20260930-234618,327.503,81053,2182,5,2,Might+Regeneration,1,1,,,
20260930-234618,327.547,81053,2690,6,0,,0,1,0.520,1.040,1.040
20260930-234618,327.547,81053,2613,6,0,,0,1,0.520,1.040,1.040
20260930-234618,327.547,81053,2177,5,0,,0,1,0.520,1.562,1.562
20260930-234618,327.547,81053,2344,7,0,,0,1,0.520,0.520,0.520
20260930-234618,327.547,81053,2182,6,0,,0,1,0.120,1.562,1.562
20260930-234618,327.547,81053,3194,6,1,Resolution,1,1,1.560,1.560,1.560
20260930-234618,327.547,81053,2825,8,1,Swiftness,1,1,,,
20260930-234618,327.547,81053,2409,7,0,,0,1,0.520,0.520,0.520
20260930-234618,327.547,81053,3426,7,0,,0,1,0.520,0.520,0.520
20260930-234618,327.949,81053,2272,6,0,,0,1,0.402,1.964,1.964
20260930-234618,327.949,81053,2720,6,0,,0,1,0.402,1.442,1.442
20260930-234618,328.029,81053,2272,3,0,,0,1,0.526,0.526,0.526
20260930-234618,345.747,81053,2707,1,2,Might+Protection,1,1,17.718,18.244,18.244
20260930-234618,346.271,81053,4041,1,0,,0,1,0.524,0.524,0.524
20260930-234618,346.781,81053,3643,1,0,,0,1,0.510,1.034,1.034
20260930-234618,347.183,81053,3882,1,0,,0,1,0.402,1.436,1.436
20260930-234618,347.305,81053,2372,11,1,Resolution,1,1,19.758,20.278,20.278
20260930-234618,347.305,81053,1873,10,1,Resolution,1,1,19.758,21.320,21.320
20260930-234618,347.305,81053,1865,10,1,Resolution,1,1,19.758,20.278,20.278
20260930-234618,347.783,81053,3882,1,0,,0,1,0.600,2.036,2.036
20260930-234618,347.830,81053,2085,8,1,Alacrity,1,1,19.881,21.845,21.845
20260930-234618,347.831,81053,2498,10,2,Alacrity+Resolution,1,1,19.882,21.324,21.324
20260930-234618,348.225,81053,2171,7,0,,0,1,0.395,0.395,0.395
20260930-234618,348.745,81053,2973,8,2,Alacrity+Fury,1,1,21.198,22.238,22.238
20260930-234618,348.745,81053,2166,10,1,Resolution,1,1,1.440,1.440,1.440
20260930-234618,348.747,81053,2743,11,1,Resolution,1,1,1.442,1.442,1.442
20260930-234618,348.747,81053,2600,8,0,,0,1,0.916,0.916,0.916
20260930-234618,348.747,81053,2811,11,1,Resolution,1,1,21.200,21.200,21.200
20260930-234618,348.747,81053,3178,10,1,Might,1,1,21.200,21.200,21.200
20260930-234618,348.747,81053,2283,10,1,Resolution,1,1,21.200,21.720,21.720
20260930-234618,348.747,81053,2157,7,1,Resolution,1,1,1.442,1.442,1.442
20260930-234618,361.987,81053,2815,7,2,Protection+Vigor,1,1,13.242,13.242,13.242
20260930-234618,361.987,81053,2735,6,2,Fury+Stability,1,1,13.240,14.156,14.156
20260930-234618,361.987,81053,3068,6,2,Fury+Might,1,1,14.204,16.240,16.240
20260930-234618,361.989,81053,3586,4,1,Might,1,1,13.242,13.242,13.242
20260930-234618,362.503,81053,6538,4,0,,0,1,0.516,0.516,0.516
20260930-234618,362.503,81053,7642,3,0,,0,1,0.514,0.514,0.514
20260930-234618,362.503,81053,2915,4,0,,0,1,0.516,0.516,0.516
20260930-234618,362.503,81053,4478,5,0,,0,1,0.516,0.516,0.516
20260930-234618,363.025,81053,3821,6,0,,0,1,0.522,1.036,1.036
20260930-234618,363.025,81053,2428,7,1,Might,1,1,14.280,14.280,14.280
20260930-234618,363.025,81053,3269,6,0,,0,1,0.522,1.038,1.038
20260930-234618,363.423,81053,3403,6,0,,0,1,0.398,1.436,1.436
20260930-234618,363.423,81053,2528,7,0,,0,1,0.398,0.398,0.398
20260930-234618,363.423,81053,3977,6,0,,0,1,0.398,1.434,1.434
20260930-234618,363.545,81053,3977,6,0,,0,1,0.122,1.556,1.556
20260930-234618,363.545,81053,2528,7,0,,0,1,0.122,0.520,0.520
20260930-234618,363.545,81053,3403,6,0,,0,1,0.122,1.558,1.558
20260930-234618,363.945,81053,6136,6,0,,0,1,0.400,1.958,1.958
20260930-234618,363.945,81053,8404,5,2,Regeneration+Might,1,1,1.442,1.958,1.958
20260930-234618,363.945,81053,5780,9,1,Regeneration,1,1,15.198,15.198,15.198
20260930-234618,363.945,81053,4558,7,0,,0,1,0.400,0.920,0.920
20260930-234618,363.945,81053,7172,6,0,,0,1,0.400,1.956,1.956
20260930-234618,364.467,81053,2428,7,0,,0,1,0.522,1.442,1.442
20260930-234618,364.469,81053,3269,6,0,,0,1,0.524,2.482,2.482
20260930-234618,364.541,81053,2352,9,1,Resolution,1,1,15.794,15.794,15.794
20260930-234618,364.541,81053,1971,7,1,Resolution,1,1,16.316,16.711,16.711
20260930-234618,364.541,81053,4478,3,0,,0,1,0.596,0.596,0.596
20260930-234618,364.541,81053,3206,8,1,Resolution,1,1,15.794,15.794,15.794
20260930-234618,364.541,81053,3079,8,0,,0,1,0.596,0.596,0.596
20260930-234618,364.985,81053,2380,7,0,,0,1,0.518,1.960,1.960
20260930-234618,365.587,81053,3141,9,1,Regeneration,1,1,1.046,1.642,1.642
20260930-234618,365.587,81053,2973,8,2,Regeneration+Protection,1,1,3.084,3.600,3.600
20260930-234618,365.587,81053,3060,7,1,Protection,1,1,1.046,1.642,1.642
20260930-234618,372.943,81326,819,7,1,Might,1,1,8.998,10.954,10.954
20260930-234618,373.469,81326,469,9,4,Might+Resolution+Swiftness+Fury,1,1,9.000,11.482,11.482
20260930-234618,373.469,81326,819,8,1,Might,0,1,0.526,0.526,0.526
20260930-234618,373.469,81326,520,5,2,Resolution+Might,1,1,8.484,10.444,10.444
20260930-234618,373.469,81326,560,6,1,Resolution,1,1,8.928,8.928,8.928
20260930-234618,373.469,81326,764,6,2,Resolution+Might,1,1,8.928,8.928,8.928
20260930-234618,373.981,81326,520,4,0,,0,1,0.512,0.512,0.512
20260930-234618,373.981,81326,560,5,0,,0,1,0.512,0.512,0.512
20260930-234618,380.747,81053,1913,6,2,Alacrity+Might,1,1,7.278,7.278,7.278
20260930-234618,380.747,81053,3799,8,2,Alacrity+Might,1,1,15.160,15.160,15.160
20260930-234618,381.263,81053,1913,6,0,,0,1,0.516,0.516,0.516
20260930-234618,381.263,81053,7598,6,0,,0,1,0.516,0.516,0.516
20260930-234618,381.263,81053,2250,4,1,Resolution,1,1,16.722,16.722,16.722
20260930-234618,381.785,81053,2250,4,0,,0,1,0.522,0.522,0.522
20260930-234618,381.785,81053,6672,6,1,Might,1,1,8.316,8.316,8.842
20260930-234618,381.785,81053,7598,5,0,,0,1,0.522,1.038,1.038
20260930-234618,381.785,81053,3910,5,1,Fury,1,1,16.198,16.198,16.198
20260930-234618,382.185,81053,2398,5,0,,0,1,0.400,0.922,0.922
20260930-234618,382.311,81053,5582,5,0,,0,1,0.526,0.526,0.526
20260930-234618,382.311,81053,5424,6,0,,0,1,0.526,1.564,1.564
20260930-234618,382.311,81053,4764,7,0,,0,1,0.526,0.526,0.526
20260930-234618,382.311,81053,2099,7,2,Protection+Stability,1,1,1.048,1.564,1.564
20260930-234618,382.311,81053,2398,5,0,,0,1,0.126,1.048,1.048
20260930-234618,382.789,81053,2250,7,0,,0,1,0.478,1.526,1.526
20260930-234618,382.789,81053,4470,9,0,,0,1,0.478,1.004,1.004
20260930-234618,382.821,81053,2620,7,0,,0,1,0.510,1.036,1.036
20260930-234618,382.821,81053,2545,7,0,,0,1,0.510,2.074,2.074
20260930-234618,382.821,81053,2537,9,1,Protection,1,1,17.234,17.234,17.234
20260930-234618,382.821,81053,2800,9,1,Might,1,1,9.352,9.352,9.352
20260930-234618,382.823,81053,2245,10,1,Resolution,1,1,8.842,9.354,9.354
20260930-234618,382.823,81053,2116,9,1,Resolution,1,1,8.842,9.354,9.354
20260930-234618,382.823,81053,2941,5,0,,0,1,0.512,0.512,0.512
20260930-234618,383.743,81053,2490,8,0,,0,1,0.920,0.920,0.920
20260930-234618,383.745,81053,4200,7,0,,0,1,0.924,0.924,0.924
20260930-234618,383.745,81053,3106,9,0,,0,1,0.924,0.924,0.924
20260930-234618,383.745,81053,2185,8,0,,0,1,0.922,1.434,1.434
20260930-234618,383.745,81053,2347,8,0,,0,1,0.922,0.922,0.922
20260930-234618,383.745,81053,4958,10,0,,0,1,0.956,1.960,1.960
20260930-234618,384.345,81053,2712,10,2,Swiftness+Resolution,1,1,1.524,3.598,3.598
20260930-234618,384.345,81053,2658,8,0,,0,1,0.602,1.522,1.522
20260930-234618,384.345,81053,3315,9,0,,0,1,0.600,1.524,1.524
20260930-234618,384.345,81053,3555,9,0,,0,1,0.600,2.560,2.560
20260930-234618,401.705,81326,653,6,2,Alacrity+Protection,1,1,17.960,18.882,18.882
20260930-234618,402.223,81326,464,8,1,Might,1,1,17.878,19.400,19.400
20260930-234618,402.223,81326,637,9,1,Resolution,1,1,19.402,20.438,20.438
20260930-234618,402.223,81326,653,5,0,,0,1,0.518,0.518,0.518
20260930-234618,402.223,81326,465,8,1,Protection,1,1,19.434,20.960,20.960
20260930-234618,402.225,81326,851,5,1,Might,1,1,53.478,53.478,53.478
20260930-234618,402.225,81326,465,8,2,Swiftness+Fury,1,1,18.480,19.914,19.914
20260930-234618,402.225,81326,619,8,1,Swiftness,1,1,17.880,17.880,17.880
20260930-234618,402.743,81326,694,7,0,,0,1,0.520,0.520,0.520
20260930-234618,403.265,81326,694,7,0,,0,1,0.522,1.042,1.042
20260930-234618,408.747,81053,2584,8,1,Resistance,1,1,6.522,6.522,6.522
20260930-234618,408.747,81053,1942,7,1,Resistance,1,1,5.482,6.524,6.524
20260930-234618,408.747,81053,2899,7,2,Resistance+Might,1,1,6.522,6.522,6.522
20260930-234618,408.747,81053,2660,10,1,Resistance,1,1,6.524,6.524,6.524
20260930-234618,409.265,81053,3387,9,1,Might,1,1,24.920,27.480,27.480
20260930-234618,409.265,81053,2584,7,0,,0,1,0.518,0.518,0.518
20260930-234618,409.265,81053,1942,6,0,,0,1,0.518,0.518,0.518
20260930-234618,409.265,81053,2986,5,0,,0,1,0.518,0.518,0.518
20260930-234618,409.265,81053,2740,8,0,,0,1,0.518,0.518,0.518
20260930-234618,410.189,81053,1942,6,0,,0,1,0.924,1.442,1.442
20260930-234618,410.189,81053,2584,6,0,,0,1,0.924,1.442,1.442
20260930-234618,410.189,81053,2986,4,0,,0,1,0.924,1.442,1.442
20260930-234618,410.189,81053,2740,7,0,,0,1,0.924,1.442,1.442
20260930-234618,410.707,81053,2218,8,1,Swiftness,1,1,8.484,8.484,8.484
20260930-234618,410.707,81053,6774,9,1,Might,1,1,1.442,1.442,1.442
20260930-234618,410.707,81053,5588,10,1,Swiftness,1,1,26.962,27.886,27.886
20260930-234618,410.781,81053,2584,9,0,,0,1,0.592,2.034,2.034
20260930-234618,410.781,81053,2285,8,0,,0,1,0.592,2.034,2.034
20260930-234618,410.781,81053,2986,6,0,,0,1,0.592,2.034,2.034
20260930-234618,410.781,81053,2740,8,0,,0,1,0.592,2.034,2.034
20260930-234618,411.305,81053,2285,8,0,,0,1,0.524,2.558,2.558
20260930-234618,411.305,81053,2740,7,0,,0,1,0.524,2.558,2.558
20260930-234618,411.305,81053,2986,6,0,,0,1,0.524,2.558,2.558
20260930-234618,411.305,81053,2843,9,0,,0,1,26.960,28.484,28.484
20260930-234618,411.305,81053,2584,9,0,,0,1,0.524,2.558,2.558
20260930-234618,411.827,81053,2740,7,0,,0,1,0.522,3.080,3.080
20260930-234618,411.827,81053,1942,7,0,,0,1,0.522,3.080,3.080
20260930-234618,411.827,81053,2285,8,0,,0,1,0.522,3.080,3.080
20260930-234618,412.349,81053,2027,7,0,,0,1,0.522,3.602,3.602
20260930-234618,412.349,81053,2859,6,0,,0,1,0.522,3.602,3.602
20260930-234618,412.349,81053,2369,9,1,Alacrity,1,1,1.642,1.642,1.642
20260930-234618,412.349,81053,2697,9,0,,0,1,1.044,3.602,3.602
20260930-234618,412.349,81053,2385,8,0,,0,1,0.522,3.602,3.602
20260930-234618,430.025,81053,2995,9,1,Resolution,1,1,17.676,21.278,21.278
20260930-234618,430.025,81053,3360,3,1,Might,1,1,17.676,21.278,21.278
20260930-234618,430.025,81053,3295,10,1,Resolution,1,1,18.720,47.204,47.204
20260930-234618,430.549,81053,5990,7,0,,0,1,0.524,0.524,0.524
20260930-234618,430.549,81053,2915,10,1,Resolution,1,1,19.842,19.842,19.842
20260930-234618,430.549,81053,3725,7,1,Resolution,1,1,19.842,19.842,19.842
20260930-234618,430.549,81053,3609,7,2,Resolution+Might,1,1,28.326,28.844,28.844
20260930-234618,430.549,81053,3360,3,0,,0,1,0.524,0.524,0.524
20260930-234618,430.549,81053,3083,7,1,Might,1,1,18.200,21.802,21.802
20260930-234618,431.067,81053,3609,6,0,,0,1,0.518,0.518,0.518
20260930-234618,431.111,81326,775,6,0,,0,1,0.044,0.562,0.562
20260930-234618,431.111,81326,717,8,1,Might,1,1,28.886,28.886,28.886
20260930-234618,431.111,81326,626,10,0,,0,1,0.562,0.562,0.562
20260930-234618,431.111,81326,708,8,1,Resolution,1,1,1.086,1.086,1.086
20260930-234618,431.111,81326,759,9,1,Protection,1,1,18.762,18.762,18.762
20260930-234618,431.111,81326,644,8,0,,0,1,0.562,1.086,1.086
20260930-234618,431.463,81053,2995,7,0,,0,1,0.352,1.438,1.438
20260930-234618,431.463,81053,2985,10,0,,0,1,0.352,0.914,0.914
20260930-234618,431.463,81053,3295,7,0,,0,1,0.352,0.352,0.352
20260930-234618,431.463,81053,3339,7,0,,0,1,0.352,0.352,0.352
20260930-234618,431.463,81053,2251,4,0,,0,1,0.914,1.438,1.438
20260930-234618,431.581,81053,2995,7,0,,0,1,0.118,1.556,1.556
20260930-234618,431.581,81053,3661,7,0,,0,1,0.118,0.470,0.470
20260930-234618,431.581,81053,3710,7,0,,0,1,0.118,0.470,0.470
20260930-234618,431.581,81053,4010,6,0,,0,1,0.470,1.032,1.032
20260930-234618,431.625,81326,787,7,0,,0,1,0.044,0.514,0.514
20260930-234618,431.627,81326,797,7,0,,0,1,0.046,0.516,0.516
20260930-234618,431.627,81326,862,7,0,,0,1,0.046,1.078,1.078
20260930-234618,431.981,81053,4010,7,0,,0,1,0.354,1.432,1.432
20260930-234618,432.059,81053,2251,6,2,Might+Swiftness,1,1,19.710,23.312,23.312
20260930-234618,432.059,81053,2995,8,0,,0,1,0.478,2.034,2.034
20260930-234618,432.105,81053,2422,8,0,,0,1,0.124,1.556,1.556
20260930-234618,432.147,81326,484,4,0,,0,1,0.088,0.088,0.088
20260930-234618,432.147,81326,644,8,0,,0,1,0.088,2.122,2.122
20260930-234618,433.024,81053,3165,9,1,Resolution,1,1,1.399,1.913,1.913
20260930-234618,433.024,81053,2201,8,1,Resolution,1,1,2.475,2.475,2.475
20260930-234618,495.983,81326,519,8,1,Swiftness,1,1,64.872,64.872,64.872
20260930-234618,497.021,81326,589,8,0,,0,1,64.916,66.472,66.472
20260930-234618,497.021,81326,591,11,0,,0,1,64.874,66.996,66.996
20260930-234618,497.021,81326,519,8,0,,0,1,1.038,1.038,1.038
20260930-234618,497.021,81326,580,8,0,,0,1,63.997,63.997,63.997
20260930-234618,497.021,81326,494,9,0,,0,1,64.874,64.962,64.962
20260930-234618,497.307,80901,7617,8,4,Regeneration+Stability+Might+Protection,0,1,0.286,65.248,65.248
20260930-234618,497.547,81326,737,4,4,Swiftness+Fury+Quickness+Vigor,0,1,0.240,0.240,65.488
20260930-234618,497.821,80901,2644,8,1,Might,1,1,66.358,67.796,67.796
20260930-234618,497.821,80901,4840,4,4,Quickness+Alacrity+Vigor+Stability,1,1,66.194,66.710,66.710
20260930-234618,497.823,80901,3946,0,0,,0,1,0.276,0.276,65.764
20260930-234618,497.823,80901,3155,5,0,,0,1,0.802,67.274,67.274
20260930-234618,497.823,80901,4771,0,0,,0,1,0.802,64.799,64.799
20260930-234618,497.823,80901,3166,8,0,,0,1,0.802,67.798,67.798
20260930-234618,498.861,80901,3166,9,1,Resistance,1,1,1.038,68.836,68.836
20260930-234618,498.861,80901,3258,10,1,Resolution,1,1,68.312,68.312,68.312
20260930-234618,498.861,80901,3506,9,0,,0,1,67.398,68.312,68.312
20260930-234618,498.861,80901,3155,10,1,Resolution,1,1,1.038,68.312,68.312
20260930-234618,498.861,80901,3870,8,1,Fury,1,1,65.837,65.837,65.837
20260930-234618,498.861,80901,9680,4,4,Resolution+Might+Alacrity+Regeneration,1,1,1.040,1.040,1.040
20260930-234618,498.861,80901,2644,4,4,Resistance+Might+Alacrity+Protection,1,1,1.038,1.314,66.802
20260930-234618,512.307,80901,6940,8,1,Might,1,1,13.446,81.758,81.758
20260930-234618,512.307,80901,3671,8,1,Protection,1,1,13.446,13.446,13.446
20260930-234618,512.307,80901,2674,7,4,Might+Quickness+Fury+Swiftness,1,1,14.484,79.283,79.283
20260930-234618,512.307,80901,2680,8,4,Protection+Vigor+Regeneration+Might,1,1,13.446,13.446,13.446
20260930-234618,512.307,80901,3923,7,1,Might,1,1,13.446,13.446,13.446
20260930-234618,512.819,80901,12003,3,3,Quickness+Swiftness+Fury,0,1,0.512,0.512,0.512
20260930-234618,512.819,80901,16437,6,1,Vigor,0,1,0.512,0.512,0.512
20260930-234618,512.819,80901,2878,9,2,Protection+Stability,1,1,13.958,13.958,13.958
20260930-234618,512.819,80901,7846,7,1,Stability,0,1,0.512,0.512,0.512
20260930-234618,526.495,81326,555,9,1,Resolution,1,1,13.676,13.676,13.676
20260930-234618,527.303,80901,6406,5,1,Might,1,1,30.282,31.320,31.320
20260930-234618,527.303,80901,6149,10,1,Protection,1,1,29.482,29.482,29.482
20260930-234618,527.821,80901,3039,7,4,Protection+Resistance+Stability+Might,1,1,15.514,15.514,15.514
20260930-234618,527.821,80901,2724,11,4,Alacrity+Protection+Resolution+Regeneration,1,1,28.960,28.960,28.960
20260930-234618,527.821,80901,3725,11,1,Alacrity,1,1,15.514,15.514,15.514
20260930-234618,528.063,81326,770,3,3,Vigor+Swiftness+Fury,0,1,0.242,0.242,0.242
20260930-234618,528.855,80901,4608,0,0,,0,1,0.792,0.792,1.034
20260930-234618,542.307,80901,8919,5,4,Might+Fury+Resolution+Swiftness,1,1,13.452,14.244,14.486
20260930-234618,542.307,80901,7904,6,1,Resolution,1,1,14.486,14.486,14.486
20260930-234618,542.307,80901,13286,5,1,Might,1,1,29.488,29.488,30.000
20260930-234618,542.307,80901,6511,7,1,Resolution,1,1,29.488,29.488,30.000
20260930-234618,542.307,80901,3290,8,4,Resolution+Might+Vigor+Regeneration,1,1,14.486,14.486,14.486
20260930-234618,542.825,80901,2682,5,1,Resolution,1,1,15.522,15.522,15.522
20260930-234618,542.825,80901,3994,5,5,Alacrity+Resolution+Fury+Might+Protection,0,0,0.518,0.518,0.518
20260930-234618,542.825,80901,6643,3,2,Fury+Stability,0,0,0.518,0.518,0.518
20260930-234618,543.339,80901,8352,4,1,Alacrity,1,1,16.844,16.844,16.844
20260930-234618,543.339,80901,6499,6,1,Alacrity,1,1,1.032,1.032,1.032
20260930-234618,543.339,80901,3605,6,4,Might+Quickness+Swiftness+Fury,1,1,30.520,30.520,31.032
20260930-234618,543.859,80901,8352,3,0,,0,1,0.520,0.520,0.520
20260930-234618,543.859,80901,7154,1,1,Quickness,1,1,1.034,1.034,1.552
20260930-234618,543.859,80901,11582,2,2,Might+Fury,1,1,1.034,1.034,1.552
20260930-234618,543.859,80901,5381,0,0,,1,0,0.520,0.520,0.520
20260930-234618,543.859,80901,2956,7,4,Might+Alacrity+Resolution+Fury,1,1,1.552,1.552,1.552
20260930-234618,543.859,80901,3945,7,1,Alacrity,1,1,1.552,1.552,1.552
20261001-195456,284.588,81326,696,10,2,Resolution+Stability,1,1,,,
20261001-195456,312.624,81326,512,4,1,Resistance,1,1,,,
20261001-195456,313.672,81326,477,6,1,Might,1,1,,,
20261001-195456,313.672,81326,533,7,1,Protection,1,1,1.048,1.048,1.048
20261001-195456,314.184,81326,795,6,0,,0,1,0.512,0.512,0.512
20261001-195456,314.184,81326,632,8,1,Protection,1,1,,,
20261001-195456,342.548,81053,1745,9,1,Regeneration,1,1,28.364,28.364,28.364
20261001-195456,342.548,81053,2165,11,1,Protection,1,1,,,
20261001-195456,342.548,81053,1697,10,1,Stability,1,1,28.364,28.876,28.876
20261001-195456,343.072,81053,2187,6,1,Might,1,1,,,
20261001-195456,343.072,81053,2032,6,1,Regeneration,1,1,,,
20261001-195456,343.072,81053,2683,9,1,Swiftness,1,1,58.484,58.484,58.484
20261001-195456,343.072,81053,3372,10,0,,0,1,0.524,0.524,0.524
20261001-195456,343.072,81053,1833,7,1,Regeneration,1,1,29.400,29.400,29.400
20261001-195456,343.104,81326,474,5,0,,0,1,0.032,0.032,0.032
20261001-195456,343.582,81053,5448,7,1,Fury,1,1,1.034,1.034,1.034
20261001-195456,343.582,81053,3666,5,0,,0,1,0.478,0.510,0.510
20261001-195456,343.626,81326,705,6,0,,0,1,0.044,0.044,0.044
20261001-195456,344.106,81053,1752,8,1,Resolution,1,1,1.034,1.034,1.034
20261001-195456,344.510,81053,5334,6,0,,0,1,0.884,0.928,0.928
20261001-195456,344.588,81053,3666,5,0,,0,1,1.006,1.516,1.516
20261001-195456,344.628,81053,2724,6,0,,0,1,0.118,1.046,1.046
20261001-195456,345.026,81053,5448,5,0,,0,1,0.398,1.444,1.444
20261001-195456,345.026,81053,1833,7,0,,0,1,0.438,1.954,1.954
20261001-195456,366.228,81053,2503,8,1,Resolution,1,1,23.156,23.680,23.680
20261001-195456,366.228,81053,2309,8,1,Resolution,1,1,21.202,22.646,22.646
20261001-195456,366.744,81053,2854,8,1,Might,1,1,,,
20261001-195456,366.744,81053,2017,7,1,Might,1,1,24.196,24.196,24.196
20261001-195456,366.746,81053,3302,8,1,Might,1,1,23.674,23.674,23.674
20261001-195456,366.746,81053,2251,8,1,Regeneration,1,1,22.640,22.640,22.640
20261001-195456,366.746,81053,2423,6,1,Regeneration,1,1,23.674,23.674,23.674
20261001-195456,379.460,81053,2555,6,1,Might,1,1,12.716,12.716,12.716
20261001-195456,379.990,81053,5613,9,1,Protection,1,1,,,
20261001-195456,379.992,81053,2640,8,1,Might,1,1,13.246,13.246,13.246
20261001-195456,379.992,81053,5110,7,0,,0,1,0.532,0.532,0.532
20261001-195456,379.992,81053,2317,7,1,Protection,1,1,13.764,13.764,13.764
20261001-195456,379.992,81053,4191,8,1,Protection,1,1,13.248,13.248,13.248
20261001-195456,379.992,81053,1817,9,1,Might,1,1,13.764,13.764,13.764
20261001-195456,379.992,81053,1880,8,1,Protection,1,1,34.966,36.920,36.920
20261001-195456,379.992,81053,3279,8,1,Protection,1,1,,,
20261001-195456,380.506,81053,3279,7,0,,0,1,0.514,0.514,0.514
20261001-195456,380.506,81053,2806,7,0,,0,1,0.514,0.514,0.514
20261001-195456,380.506,81053,3734,8,0,,0,1,0.516,0.516,0.516
20261001-195456,380.506,81053,3843,7,0,,0,1,0.514,0.514,0.514
20261001-195456,380.506,81053,2640,7,0,,0,1,0.514,0.514,0.514
20261001-195456,380.506,81053,2839,7,0,,0,1,0.514,1.046,1.046
20261001-195456,380.506,81053,2789,7,0,,0,1,0.514,0.514,0.514
20261001-195456,380.907,81053,3279,8,0,,0,1,0.401,0.915,0.915
20261001-195456,380.907,81053,2806,8,0,,0,1,0.401,0.915,0.915
20261001-195456,380.907,81053,2502,9,0,,0,1,0.401,0.917,0.917
20261001-195456,380.907,81053,2770,7,0,,0,1,0.401,1.447,1.447
20261001-195456,380.907,81053,2640,8,0,,0,1,0.401,0.915,0.915
20261001-195456,380.907,81053,1868,8,0,,0,1,0.401,0.915,0.915
20261001-195456,381.026,81053,2806,8,0,,0,1,0.119,1.034,1.034
20261001-195456,381.026,81053,3279,8,0,,0,1,0.119,1.034,1.034
20261001-195456,381.026,81053,2502,9,0,,0,1,0.119,1.036,1.036
20261001-195456,381.026,81053,5540,7,0,,0,1,0.119,1.566,1.566
20261001-195456,381.026,81053,1868,8,0,,0,1,0.119,1.034,1.034
20261001-195456,381.026,81053,2084,9,1,Resolution,1,1,14.280,14.280,14.280
20261001-195456,381.026,81053,2575,8,0,,0,1,0.520,1.034,1.034
20261001-195456,381.026,81053,2640,8,0,,0,1,0.119,1.034,1.034
20261001-195456,381.026,81053,2019,9,1,Regeneration,1,1,1.034,1.034,1.034
20261001-195456,381.026,81053,2752,8,1,Resolution,1,1,14.280,14.280,14.280
20261001-195456,381.422,81053,4168,7,0,,0,1,0.396,0.396,0.396
20261001-195456,381.422,81053,5504,7,0,,0,1,0.396,0.396,0.396
20261001-195456,381.422,81053,2019,8,0,,0,1,0.396,0.396,0.396
20261001-195456,381.507,81053,6558,8,0,,0,1,0.481,1.515,1.515
20261001-195456,381.508,81053,5004,9,0,,0,1,0.482,1.518,1.518
20261001-195456,381.508,81053,5612,8,0,,0,1,0.482,1.516,1.516
20261001-195456,381.508,81053,5540,8,0,,0,1,0.482,2.048,2.048
20261001-195456,381.508,81053,4152,8,0,,0,1,0.482,1.516,1.516
20261001-195456,381.508,81053,4488,9,0,,0,1,0.482,1.516,1.516
20261001-195456,381.508,81053,5150,8,0,,0,1,0.482,1.516,1.516
20261001-195456,381.944,81053,2240,7,0,,0,1,0.522,0.918,0.918
20261001-195456,381.944,81053,2312,8,0,,0,1,0.522,0.918,0.918
20261001-195456,381.944,81053,3053,8,0,,0,1,0.522,0.918,0.918
20261001-195456,383.062,81053,2872,7,1,Resolution,1,1,1.118,2.036,2.036
20261001-195456,383.062,81053,2175,8,1,Stability,1,1,1.118,2.036,2.036
20261001-195456,383.062,81053,5109,9,1,Stability,1,1,1.555,3.070,3.070
20261001-195456,398.542,81053,3210,9,1,Resolution,1,1,16.598,17.516,17.516
20261001-195456,398.542,81053,3320,7,1,Might,1,1,17.034,18.550,18.550
20261001-195456,398.542,81053,2430,9,1,Resolution,1,1,15.480,15.480,15.480
20261001-195456,398.542,81053,2046,11,1,Resolution,1,1,17.034,18.550,18.550
20261001-195456,398.542,81053,2216,9,1,Resolution,1,1,17.034,18.550,18.550
20261001-195456,399.062,81053,3210,7,0,,0,1,0.520,0.520,0.520
20261001-195456,399.062,81053,4092,8,0,,0,1,0.520,0.520,0.520
20261001-195456,399.464,81053,1783,9,1,Might,1,1,17.956,19.472,19.472
20261001-195456,399.580,81053,4092,9,0,,0,1,0.518,1.038,1.038
20261001-195456,399.582,81053,1783,8,0,,0,1,0.118,0.118,0.118
20261001-195456,399.582,81053,1988,10,1,Might,1,1,18.074,19.592,19.592
20261001-195456,399.582,81053,2216,9,1,Resolution,1,1,1.040,1.040,1.040
20261001-195456,399.982,81053,3312,8,1,Fury,1,1,16.920,16.920,16.920
20261001-195456,399.982,81053,4860,9,1,Vigor,1,1,1.440,1.440,1.440
20261001-195456,399.982,81053,4432,9,0,,0,1,0.400,0.400,0.400
20261001-195456,400.064,81053,2606,7,1,Might,1,1,17.002,17.002,17.002
20261001-195456,400.064,81053,3566,8,0,,0,1,0.482,0.600,0.600
20261001-195456,400.064,81053,3976,8,0,,0,1,0.482,0.482,0.482
20261001-195456,400.064,81053,2395,8,0,,0,1,1.002,1.522,1.522
20261001-195456,400.064,81053,1660,7,1,Might,1,1,1.522,1.522,1.522
20261001-195456,400.064,81053,4092,9,0,,0,1,0.484,1.522,1.522
20261001-195456,400.106,81053,2216,9,0,,0,1,0.124,0.524,0.524
20261001-195456,400.106,81053,2430,8,0,,0,1,0.124,0.124,0.124
20261001-195456,400.584,81053,1660,7,0,,0,1,0.520,0.520,0.520
20261001-195456,400.584,81053,1656,7,0,,0,1,0.602,0.602,0.602
20261001-195456,400.584,81053,2216,9,0,,0,1,0.478,1.002,1.002
20261001-195456,400.584,81053,2430,7,0,,0,1,0.478,0.602,0.602
20261001-195456,401.022,81053,4956,6,0,,0,1,0.438,0.958,0.958
20261001-195456,401.022,81053,5936,7,0,,0,1,0.958,1.440,1.440
20261001-195456,401.626,81053,2046,7,1,Vigor,1,1,1.562,3.084,3.084
20261001-195456,401.626,81053,2395,8,1,Fury,1,1,1.562,3.084,3.084
20261001-195456,401.626,81053,2430,8,1,Regeneration,1,1,1.042,1.644,1.644
20261001-195456,401.626,81053,2552,5,0,,0,1,0.604,1.562,1.562
20261001-195456,420.222,81326,748,9,1,Regeneration,1,1,38.714,40.762,40.762
20261001-195456,420.222,81326,446,8,1,Swiftness,1,1,18.596,20.158,20.158
20261001-195456,420.222,81326,591,7,1,Fury,1,1,20.158,20.758,20.758
20261001-195456,420.222,81326,479,10,1,Swiftness,1,1,18.596,18.596,18.596
20261001-195456,420.222,81326,659,9,1,Fury,1,1,19.200,20.640,20.640
20261001-195456,420.222,81326,521,8,1,Fury,1,1,20.158,20.158,20.158
20261001-195456,420.222,81326,582,9,1,Fury,1,1,19.638,20.240,20.240
20261001-195456,420.222,81326,608,8,1,Vigor,1,1,19.638,20.640,20.640
20261001-195456,420.742,81326,479,9,0,,0,1,0.520,0.520,0.520
20261001-195456,421.262,81326,479,8,0,,0,1,0.520,1.040,1.040
20261001-195456,421.782,81326,767,7,2,Alacrity+Might,1,1,1.560,1.560,1.560
20261001-195456,421.782,81326,479,7,1,Regeneration,0,1,0.520,1.560,1.560
20261001-195456,426.308,81053,1746,9,1,Resolution,1,1,6.086,6.086,6.086
20261001-195456,426.308,81053,3641,6,1,Resolution,1,1,4.526,4.526,4.526
20261001-195456,426.308,81053,2748,9,1,Might,1,1,6.086,6.086,6.086
20261001-195456,426.308,81053,1936,6,1,Resolution,1,1,4.526,4.526,6.086
20261001-195456,426.822,81053,1823,9,0,,0,1,0.514,0.514,0.514
20261001-195456,426.822,81053,3800,5,0,,0,1,0.514,0.514,0.514
20261001-195456,426.822,81053,2868,8,0,,0,1,0.514,0.514,0.514
20261001-195456,426.822,81053,2021,5,0,,0,1,0.514,0.514,0.514
20261001-195456,427.742,81053,1787,9,1,Might,1,1,7.520,7.520,7.520
20261001-195456,427.742,81053,1981,9,0,,0,1,0.920,1.434,1.434
20261001-195456,427.742,81053,2642,9,1,Might,1,1,7.520,7.520,7.520
20261001-195456,427.742,81053,2880,8,1,Might,1,1,26.116,26.116,26.116
20261001-195456,427.744,81053,4029,7,0,,0,1,0.922,1.436,1.436
20261001-195456,427.744,81053,3117,8,0,,0,1,0.922,1.436,1.436
20261001-195456,427.744,81053,2197,6,0,,0,1,0.922,1.436,1.436
20261001-195456,427.858,81053,1787,8,0,,0,1,0.116,0.116,0.116
20261001-195456,427.858,81053,2880,7,0,,0,1,0.116,0.116,0.116
20261001-195456,428.262,81053,5284,8,0,,0,1,0.520,0.520,0.520
20261001-195456,428.262,81053,5760,8,0,,0,1,0.404,0.520,0.520
20261001-195456,428.262,81053,3574,9,0,,0,1,0.404,0.520,0.520
20261001-195456,428.262,81053,6234,9,0,,0,1,0.518,1.954,1.954
20261001-195456,428.262,81053,3962,10,0,,0,1,0.520,1.954,1.954
20261001-195456,428.262,81053,4394,6,0,,0,1,0.518,1.954,1.954
20261001-195456,428.262,81053,8058,7,0,,0,1,0.518,1.954,1.954
20261001-195456,428.340,81053,2907,5,1,Resolution,1,1,26.714,26.714,26.714
20261001-195456,428.386,81053,2880,8,0,,0,1,0.124,0.644,0.644
20261001-195456,428.386,81053,2642,8,0,,0,1,0.124,0.644,0.644
20261001-195456,428.782,81053,5620,9,0,,0,1,0.520,2.474,2.474
20261001-195456,428.782,81053,3903,7,0,,0,1,0.520,2.474,2.474
20261001-195456,428.782,81053,3572,10,0,,0,1,0.520,2.474,2.474
20261001-195456,428.864,81053,2382,8,0,,0,1,0.478,1.122,1.122
20261001-195456,428.864,81053,1611,9,0,,0,1,0.602,1.122,1.122
20261001-195456,428.864,81053,2596,9,0,,0,1,0.478,1.122,1.122
20261001-195456,428.864,81053,2374,7,0,,0,1,0.602,2.556,2.556
20261001-195456,429.300,81053,5620,9,0,,0,1,0.518,2.992,2.992
20261001-195456,429.300,81053,3572,10,0,,0,1,0.518,2.992,2.992
20261001-195456,429.300,81053,2374,7,0,,0,1,0.436,2.992,2.992
20261001-195456,429.902,81053,2024,9,0,,0,1,0.602,3.594,3.594
20261001-195456,447.222,81053,3073,9,1,Fury,1,1,18.882,18.882,18.882
20261001-195456,447.222,81053,2820,8,1,Fury,1,1,18.358,19.480,19.480
20261001-195456,447.748,81053,5540,8,0,,0,1,0.526,0.526,0.526
20261001-195456,447.748,81053,2510,9,1,Regeneration,1,1,18.448,21.440,21.440
20261001-195456,447.748,81053,1760,8,1,Might,1,1,27.526,27.526,27.526
20261001-195456,447.748,81053,2266,8,1,Alacrity,1,1,18.884,20.006,20.006
20261001-195456,447.748,81053,2258,7,1,Alacrity,1,1,27.526,27.526,27.526
20261001-195456,447.748,81053,2971,6,1,Alacrity,1,1,18.448,21.440,21.440
20261001-195456,447.748,81053,3074,7,1,Alacrity,1,1,17.846,21.440,21.440
20261001-195456,447.748,81053,3049,8,1,Resolution,1,1,18.884,20.006,20.006
20261001-195456,448.266,81053,4062,7,0,,0,1,0.518,0.518,0.518
20261001-195456,448.266,81053,3415,6,0,,0,1,0.518,0.518,0.518
20261001-195456,448.266,81053,2266,7,0,,0,1,0.518,0.518,0.518
20261001-195456,448.266,81053,2971,5,0,,0,1,0.518,0.518,0.518
20261001-195456,448.266,81053,3049,8,0,,0,1,0.518,0.518,0.518
20261001-195456,448.266,81053,2258,6,0,,0,1,0.518,0.518,0.518
20261001-195456,448.658,81053,2644,7,1,Might,1,1,1.436,1.436,1.436
20261001-195456,448.660,81053,3030,5,0,,0,1,0.394,0.912,0.912
20261001-195456,448.660,81053,3049,7,0,,0,1,0.394,0.912,0.912
20261001-195456,448.660,81053,2266,7,0,,0,1,0.394,0.912,0.912
20261001-195456,448.660,81053,2032,7,1,Resolution,1,1,19.878,22.352,22.352
20261001-195456,448.660,81053,2903,6,0,,0,1,0.394,0.912,0.912
20261001-195456,448.660,81053,2068,7,0,,0,1,0.394,0.912,0.912
20261001-195456,448.786,81053,3049,7,0,,0,1,0.126,1.038,1.038
20261001-195456,448.786,81053,5806,6,0,,0,1,0.126,1.038,1.038
20261001-195456,448.786,81053,2266,7,0,,0,1,0.126,1.038,1.038
20261001-195456,448.786,81053,2032,7,0,,0,1,0.126,0.126,0.126
20261001-195456,448.786,81053,5020,8,1,Regeneration,1,1,1.038,1.038,1.038
20261001-195456,448.786,81053,3724,8,0,,0,1,0.126,1.038,1.038
20261001-195456,448.786,81053,2971,5,0,,0,1,0.126,1.038,1.038
20261001-195456,448.786,81053,1771,7,0,,0,1,0.128,0.128,0.128
20261001-195456,449.264,81053,3542,9,0,,0,1,0.478,0.606,0.606
20261001-195456,449.264,81053,3724,9,0,,0,1,0.478,1.516,1.516
20261001-195456,449.264,81053,4900,10,0,,0,1,0.478,0.478,0.478
20261001-195456,449.264,81053,5806,6,0,,0,1,0.478,1.516,1.516
20261001-195456,449.264,81053,6098,8,0,,0,1,0.478,1.516,1.516
20261001-195456,449.264,81053,4064,7,0,,0,1,0.478,0.604,0.604
20261001-195456,449.582,81326,787,7,0,,0,1,0.796,1.834,1.834
20261001-195456,449.782,81053,2971,7,0,,0,1,0.200,2.034,2.034
20261001-195456,449.782,81053,2258,6,0,,0,1,1.516,2.034,2.034
20261001-195456,449.782,81053,2818,6,0,,0,1,0.518,2.034,2.034
20261001-195456,449.782,81053,2770,10,0,,0,1,2.034,2.560,2.560
20261001-195456,450.098,81326,484,9,0,,0,1,0.834,1.438,1.438
20261001-195456,450.218,81053,6670,6,0,,0,1,0.436,2.470,2.470
20261001-195456,450.218,81053,2770,10,0,,0,1,0.436,2.996,2.996
20261001-195456,450.218,81053,2971,6,0,,0,1,0.436,2.470,2.470
20261001-195456,450.301,81053,1790,9,0,,0,1,0.203,1.641,1.641
20261001-195456,450.628,81326,484,9,1,Resolution,0,1,0.327,1.968,1.968
20261001-195456,450.628,81326,451,9,2,Resolution+Might,1,1,1.364,1.970,1.970
20261001-195456,450.822,81053,2283,9,1,Regeneration,1,1,1.558,3.074,3.074
20261001-195456,450.824,81053,1667,7,0,,0,1,0.196,0.196,0.196
20261001-195456,450.824,81053,1790,9,0,,0,1,0.196,0.196,2.164
20261001-195456,450.824,81053,3311,6,1,Fury,1,1,2.038,3.076,3.076
20261001-195456,451.144,81326,618,9,1,Fury,0,1,0.322,0.322,0.322
20261001-195456,451.144,81326,673,7,1,Protection,0,1,0.320,0.516,0.516
20261001-195456,451.144,81326,484,10,1,Fury,0,1,0.320,0.516,2.484
20261001-195456,451.144,81326,896,7,1,Protection,0,1,0.320,0.320,0.320
20261001-195456,517.422,80901,5434,9,1,Stability,1,1,68.158,69.674,69.674
20261001-195456,517.944,80901,6066,6,1,Resolution,1,1,66.800,66.800,67.122
20261001-195456,517.944,80901,8622,6,1,Regeneration,1,1,68.162,70.196,70.196
20261001-195456,517.944,80901,7100,6,1,Resolution,1,1,66.800,66.800,69.284
20261001-195456,517.944,80901,5894,8,1,Regeneration,1,1,66.800,66.800,67.120
20261001-195456,519.214,81326,687,5,4,Protection+Resistance+Stability+Might,1,1,68.996,71.466,71.466
20261001-195456,519.214,81326,490,10,1,Protection,0,1,68.070,68.070,68.586
20261001-195456,519.214,81326,572,10,1,Protection,1,1,68.996,71.466,71.466
20261001-195456,519.214,81326,601,10,1,Protection,1,1,1.792,1.792,1.792
20261001-195456,519.214,81326,722,9,1,Protection,1,1,69.950,70.428,70.428
20261001-195456,519.214,81326,639,8,1,Protection,1,1,1.270,1.270,1.270
20261001-195456,519.214,81326,796,2,2,Resistance+Protection,0,1,68.996,71.992,71.992
20261001-195456,519.214,81326,526,9,1,Protection,1,1,1.270,1.270,1.270
20261001-195456,519.738,81326,1077,8,0,,0,1,0.524,0.524,0.524
20261001-195456,519.738,81326,572,10,0,,0,1,0.524,0.524,0.524
20261001-195456,519.738,81326,490,10,0,,0,1,0.524,0.524,69.110
20261001-195456,519.738,81326,897,9,0,,0,1,0.524,0.524,0.524
20261001-195456,519.738,81326,671,8,1,Protection,1,1,1.794,1.794,1.794
20261001-195456,519.738,81326,785,8,0,,0,1,0.524,0.524,0.524
20261001-195456,520.254,81326,652,9,1,Alacrity,1,1,2.310,2.310,2.310
20261001-195456,520.254,81326,897,8,1,Stability,0,1,0.516,1.040,1.040
20261001-195456,520.256,81326,1001,7,0,,0,1,0.518,0.518,0.518
20261001-195456,520.256,81326,785,8,1,Stability,0,1,0.518,1.042,1.042
20261001-195456,520.256,81326,1189,0,0,,0,1,1.042,1.042,73.034
20261001-195456,520.256,81326,572,10,0,,0,1,0.518,1.042,1.042
20261001-195456,520.256,81326,490,10,0,,0,1,0.518,1.042,69.628
20261001-195456,520.256,81326,1077,8,0,,0,1,0.518,1.042,1.042
20261001-195456,520.778,81326,973,7,1,Swiftness,0,1,0.524,0.524,0.524
20261001-195456,520.778,81326,490,8,1,Swiftness,0,1,0.522,1.564,70.150
20261001-195456,520.778,81326,1001,7,1,Resistance,0,1,0.522,1.040,1.040
20261001-195456,520.778,81326,687,5,6,Might+Alacrity+Swiftness+Protection+Resolution+Quickness,1,1,1.564,1.564,1.564
20261001-195456,520.778,81326,854,10,1,Might,0,1,0.522,1.564,1.564
20261001-195456,533.458,80901,6621,3,1,Might,0,0,14.244,14.244,14.244
20261001-201030,279.709,81326,593,5,1,Resolution,1,1,,,
20261001-201030,279.709,81326,578,2,1,Fury,1,1,,,
20261001-201030,279.709,81326,565,5,1,Swiftness,1,1,,,
20261001-201030,280.231,81326,578,2,0,,0,1,0.522,0.522,0.522
20261001-201030,280.231,81326,531,7,1,Alacrity,1,1,,,
20261001-201030,280.231,81326,593,5,0,,0,1,0.522,0.522,0.522
20261001-201030,280.231,81326,695,3,1,Resolution,1,1,,,
20261001-201030,281.271,81326,520,6,1,Protection,1,1,1.040,1.562,1.562
20261001-201030,312.389,81326,644,9,0,,0,1,,,
20261001-201030,312.389,81326,519,9,0,,0,1,,,
20261001-201030,312.389,81326,484,7,0,,0,1,,,
20261001-201030,312.909,81326,520,8,0,,0,1,32.678,32.678,32.678
20261001-201030,312.909,81326,454,8,1,Resolution,1,1,32.678,32.678,32.678
20261001-201030,312.909,81326,1027,8,1,Resolution,1,1,,,
20261001-201030,313.431,81326,521,7,2,Might+Vigor,1,1,33.722,33.722,33.722
20261001-201030,313.431,81326,676,6,2,Swiftness+Resolution,1,1,,,
20261001-201030,313.431,81326,820,7,2,Might+Fury,1,1,32.160,32.160,32.160
20261001-201030,313.953,81326,692,5,0,,0,1,0.522,0.522,0.522
20261001-201030,313.953,81326,521,6,0,,0,1,0.522,0.522,0.522
20261001-201030,313.953,81326,625,4,1,Stability,1,1,33.722,34.244,34.244
20261001-201030,324.953,81053,1810,8,1,Might,1,1,12.564,,
20261001-201030,324.953,81053,1761,3,1,Fury,1,1,12.044,12.044,12.044
20261001-201030,324.953,81053,2305,11,1,Might,1,1,11.000,11.522,11.522
20261001-201030,325.467,81053,1761,3,0,,0,1,0.514,0.514,0.514
20261001-201030,326.389,81053,2042,10,1,Resolution,1,1,13.480,46.158,46.158
20261001-201030,326.389,81053,2985,9,1,Resolution,1,1,12.958,12.958,12.958
20261001-201030,326.909,81053,1958,8,1,Might,1,1,14.520,,
20261001-201030,326.909,81053,1889,8,1,Stability,1,1,1.956,1.956,1.956
20261001-201030,326.909,81053,2343,9,1,Stability,1,1,14.520,,
20261001-201030,326.987,81053,2783,7,1,Stability,1,1,14.078,14.078,14.078
20261001-201030,327.027,81053,2240,8,1,Alacrity,1,1,13.074,13.596,13.596
20261001-201030,327.027,81053,2170,8,0,,0,1,0.638,0.638,0.638
20261001-201030,327.027,81053,1953,5,1,Stability,1,1,1.560,2.074,2.074
20261001-201030,327.433,81053,1838,3,0,,0,1,0.406,0.406,0.406
20261001-201030,327.433,81053,2462,10,1,Might,1,1,2.480,2.480,2.480
20261001-201030,327.955,81053,2042,8,0,,0,1,0.928,1.566,1.566
20261001-201030,327.955,81053,2985,8,1,Resolution,1,1,1.566,1.566,1.566
20261001-201030,327.955,81053,2530,9,1,Regeneration,1,1,14.002,14.002,14.002
20261001-201030,327.955,81053,2462,8,0,,0,1,0.522,0.522,0.522
20261001-201030,327.955,81053,1838,4,0,,0,1,0.522,0.928,0.928
20261001-201030,348.271,81053,5993,10,1,Protection,1,1,20.316,20.838,20.838
20261001-201030,348.271,81053,4841,9,1,Protection,1,1,21.244,21.244,21.244
20261001-201030,348.271,81053,3386,9,1,Resolution,1,1,20.316,21.244,21.244
20261001-201030,348.271,81053,4318,11,1,Resolution,1,1,21.362,21.362,21.362
20261001-201030,348.271,81053,1752,10,1,Resistance,1,1,21.362,21.362,21.362
20261001-201030,348.351,81053,1741,11,1,Resolution,1,1,21.442,21.442,21.442
20261001-201030,348.351,81053,2091,10,1,Protection,1,1,20.396,21.962,21.962
20261001-201030,348.869,81053,3676,9,0,,0,1,0.598,0.598,0.598
20261001-201030,348.869,81053,3121,8,0,,0,1,0.518,0.518,0.518
20261001-201030,348.869,81053,1741,11,0,,0,1,0.518,0.518,0.518
20261001-201030,348.869,81053,3056,8,1,Resolution,1,1,20.914,20.914,20.914
20261001-201030,348.869,81053,2098,8,1,Resolution,1,1,20.914,20.914,20.914
20261001-201030,348.869,81053,2899,6,0,,0,1,0.598,0.598,0.598
20261001-201030,348.869,81053,2159,11,0,,0,1,0.598,0.598,0.598
20261001-201030,348.869,81053,1693,9,0,,0,1,0.598,0.598,0.598
20261001-201030,348.869,81053,2565,10,1,Resolution,1,1,21.882,21.882,21.882
20261001-201030,348.869,81053,1752,8,0,,0,1,0.598,0.598,0.598
20261001-201030,361.871,81053,2425,10,1,Protection,1,1,13.002,13.002,13.002
20261001-201030,361.871,81053,1822,9,1,Protection,1,1,13.002,13.600,13.600
20261001-201030,361.871,81053,2377,9,1,Protection,1,1,13.002,13.600,13.600
20261001-201030,361.871,81053,2622,9,1,Resolution,1,1,13.002,13.600,13.600
20261001-201030,361.871,81053,2936,9,1,Resolution,1,1,13.002,13.600,13.600
20261001-201030,361.871,81053,2012,8,1,Resolution,1,1,13.002,13.520,13.520
20261001-201030,361.871,81053,3178,9,1,Protection,1,1,13.002,13.002,13.002
20261001-201030,362.391,81053,4744,8,0,,0,1,0.520,0.520,0.520
20261001-201030,362.391,81053,2685,8,0,,0,1,0.520,0.520,0.520
20261001-201030,362.391,81053,2774,8,0,,0,1,0.520,0.520,0.520
20261001-201030,362.391,81053,2052,7,0,,0,1,0.520,0.520,0.520
20261001-201030,362.393,81053,2546,8,0,,0,1,0.522,0.522,0.522
20261001-201030,362.909,81053,5956,9,0,,0,1,0.518,1.038,1.038
20261001-201030,362.909,81053,7870,8,1,Stability,1,1,1.038,1.038,1.038
20261001-201030,363.305,81053,3947,7,0,,0,1,0.396,0.396,0.396
20261001-201030,363.305,81053,2988,10,0,,0,1,0.396,1.434,1.434
20261001-201030,363.305,81053,5279,8,0,,0,1,0.914,1.434,1.434
20261001-201030,363.429,81053,2968,8,1,Stability,1,1,14.560,14.560,14.560
20261001-201030,363.429,81053,1960,9,1,Resolution,1,1,14.560,15.158,15.158
20261001-201030,363.429,81053,3947,7,0,,0,1,0.124,0.520,0.520
20261001-201030,363.429,81053,5279,8,0,,0,1,0.124,1.558,1.558
20261001-201030,363.431,81053,2177,9,1,Regeneration,1,1,14.562,15.080,15.080
20261001-201030,363.827,81053,3730,8,1,Vigor,1,1,1.436,1.956,1.956
20261001-201030,363.829,81053,5108,9,1,Vigor,1,1,1.436,1.958,1.958
20261001-201030,363.903,81053,3630,7,0,,0,1,0.474,0.994,0.994
20261001-201030,363.903,81053,4855,8,0,,0,1,0.474,2.032,2.032
20261001-201030,363.903,81053,2059,9,1,Vigor,1,1,1.512,2.032,2.032
20261001-201030,364.351,81053,5108,7,0,,0,1,0.522,0.522,0.522
20261001-201030,364.351,81053,3730,7,0,,0,1,0.524,0.524,0.524
20261001-201030,364.351,81053,1853,8,0,,0,1,0.448,0.448,0.448
20261001-201030,364.431,81053,2233,9,1,Swiftness,1,1,2.560,2.560,2.560
20261001-201030,364.863,81053,2432,8,0,,0,1,0.960,1.954,1.954
20261001-201030,364.865,81053,2729,7,1,Resolution,1,1,1.436,1.436,1.436
20261001-201030,364.865,81053,3730,7,0,,0,1,0.514,1.038,1.038
20261001-201030,364.865,81053,5108,7,0,,0,1,0.514,1.036,1.036
20261001-201030,365.471,81053,1877,7,0,,0,1,0.606,1.644,1.644
20261001-201030,365.471,81053,2667,9,0,,0,1,0.606,0.606,0.606
20261001-201030,365.471,81053,2377,7,0,,0,1,0.608,2.562,2.562
20261001-201030,365.471,81053,1811,9,1,Resolution,1,1,1.120,1.568,1.568
20261001-201030,380.989,81053,2942,8,1,Protection,1,1,17.086,19.118,19.118
20261001-201030,380.989,81053,1870,7,1,Protection,1,1,15.518,18.080,18.080
20261001-201030,381.507,81053,2792,6,0,,0,1,0.518,0.518,0.518
20261001-201030,381.507,81053,1812,8,1,Might,1,1,18.076,18.076,18.076
20261001-201030,381.507,81053,2469,6,1,Resolution,1,1,16.036,16.642,16.642
20261001-201030,381.507,81053,2079,5,1,Resolution,1,1,16.642,17.678,17.678
20261001-201030,381.507,81053,1630,9,1,Resolution,1,1,18.078,18.078,18.078
20261001-201030,381.507,81053,4392,8,0,,0,1,0.518,0.518,0.518
20261001-201030,381.507,81053,1687,9,1,Might,1,1,16.036,17.680,17.680
20261001-201030,382.553,81053,4392,8,1,Fury,1,1,1.046,1.564,1.564
20261001-201030,382.553,81053,3260,9,1,Resolution,1,1,1.046,1.046,1.046
20261001-201030,382.553,81053,4938,7,1,Resolution,1,1,1.046,1.046,1.046
20261001-201030,382.553,81053,1676,6,1,Resolution,1,1,17.082,17.082,17.082
20261001-201030,382.553,81053,2792,6,1,Fury,1,1,1.046,1.564,1.564
20261001-201030,382.553,81053,1812,9,1,Might,1,1,1.046,1.046,1.046
20261001-201030,382.553,81053,1687,9,1,Swiftness,1,1,1.046,1.046,1.046
20261001-201030,382.553,81053,2020,10,1,Protection,1,1,18.122,18.122,18.122
20261001-201030,382.555,81053,3803,5,1,Resolution,1,1,19.250,20.684,20.684
20261001-201030,382.555,81053,2079,5,1,Resolution,1,1,1.048,1.048,1.048
20261001-201030,382.945,81053,6690,9,0,,0,1,0.392,0.392,0.392
20261001-201030,382.945,81053,4018,8,0,,0,1,0.392,0.392,0.392
20261001-201030,382.945,81053,6192,5,0,,0,1,0.392,0.392,0.392
20261001-201030,382.945,81053,4612,4,0,,0,1,0.390,0.390,0.390
20261001-201030,382.945,81053,3742,8,0,,0,1,0.392,0.392,0.392
20261001-201030,382.945,81053,5478,5,0,,0,1,0.392,0.392,0.392
20261001-201030,382.945,81053,3616,7,0,,0,1,0.392,0.392,0.392
20261001-201030,382.945,81053,1859,5,0,,0,1,0.392,0.392,0.392
20261001-201030,382.945,81053,9742,7,0,,0,1,0.392,0.392,0.392
20261001-201030,383.067,81053,1859,6,0,,0,1,0.122,0.514,0.514
20261001-201030,383.067,81053,4871,7,0,,0,1,0.122,0.514,0.514
20261001-201030,383.067,81053,2739,5,0,,0,1,0.122,0.514,0.514
20261001-201030,383.067,81053,1808,7,0,,0,1,0.122,0.514,0.514
20261001-201030,383.067,81053,1871,8,0,,0,1,0.122,0.514,0.514
20261001-201030,383.067,81053,2306,4,0,,0,1,0.122,0.512,0.512
20261001-201030,383.067,81053,3096,5,0,,0,1,0.122,0.514,0.514
20261001-201030,383.067,81053,2009,8,0,,0,1,0.122,0.514,0.514
20261001-201030,383.469,81053,4132,7,0,,0,1,0.402,0.916,0.916
20261001-201030,383.469,81053,6192,5,0,,0,1,0.402,0.916,0.916
20261001-201030,383.469,81053,4018,8,0,,0,1,0.402,0.916,0.916
20261001-201030,383.469,81053,6690,9,0,,0,1,0.524,0.916,0.916
20261001-201030,383.547,81053,2306,6,0,,0,1,0.480,0.992,0.992
20261001-201030,383.547,81053,1871,8,0,,0,1,0.480,0.994,0.994
20261001-201030,383.547,81053,1808,9,0,,0,1,0.480,0.994,0.994
20261001-201030,383.547,81053,2739,7,0,,0,1,0.480,0.994,0.994
20261001-201030,383.547,81053,4871,7,0,,0,1,0.480,0.994,0.994
20261001-201030,383.989,81053,3770,6,0,,0,1,0.520,1.436,1.436
20261001-201030,383.989,81053,5555,6,0,,0,1,0.442,1.436,1.436
20261001-201030,383.989,81053,3415,6,0,,0,1,0.442,1.436,1.436
20261001-201030,383.989,81053,5956,5,0,,0,1,0.442,1.436,1.436
20261001-201030,383.989,81053,3668,7,0,,0,1,0.442,1.436,1.436
20261001-201030,383.989,81053,4677,5,0,,0,1,0.442,1.434,1.434
20261001-201030,383.989,81053,5652,4,0,,0,1,0.520,1.436,1.436
20261001-201030,383.989,81053,4075,6,0,,0,1,0.520,1.436,1.436
20261001-201030,384.069,81053,3432,7,0,,0,1,0.600,1.516,1.516
20261001-201030,384.350,81326,566,7,1,Resolution,0,1,0.361,1.797,1.797
20261001-201030,384.351,81326,750,7,1,Resolution,0,1,0.362,1.798,1.798
20261001-201030,384.351,81326,461,7,1,Alacrity,0,1,0.362,1.798,1.798
20261001-201030,384.351,81326,550,7,1,Alacrity,0,1,0.362,1.798,1.798
20261001-201030,384.351,81326,632,6,1,Resolution,0,1,0.362,1.796,1.796
20261001-201030,384.351,81326,495,8,1,Resolution,0,1,0.362,1.798,1.798
20261001-201030,384.351,81326,763,5,1,Alacrity,0,1,0.362,1.798,1.798
20261001-201030,384.351,81326,805,6,1,Alacrity,0,1,0.362,1.798,1.798
20261001-201030,384.351,81326,916,8,1,Alacrity,0,1,0.282,1.798,1.798
20261001-201030,384.585,81053,1908,6,0,,0,1,0.235,0.235,2.032
20261001-201030,384.587,81053,3014,4,0,,0,1,0.236,0.236,2.034
20261001-201030,384.587,81053,1780,5,0,,0,1,0.236,0.236,2.034
20261001-201030,384.587,81053,2811,6,0,,0,1,0.236,0.236,2.034
20261001-201030,384.587,81053,1856,6,0,,0,1,0.236,0.236,2.034
20261001-201030,384.587,81053,2367,5,0,,0,1,0.236,0.236,2.032
20261001-201030,384.587,81053,2062,5,0,,0,1,0.236,0.236,2.034
20261001-201030,384.587,81053,3432,6,0,,0,1,0.236,0.236,2.034
20261001-201030,384.587,81053,2860,4,0,,0,1,0.236,0.236,2.034
20261001-201030,384.865,81326,805,7,0,,0,1,0.278,0.514,2.312
20261001-201030,384.865,81326,495,7,0,,0,1,0.278,0.514,2.312
20261001-201030,384.865,81326,916,6,0,,0,1,0.278,0.514,2.312
20261001-201030,384.865,81326,475,7,0,,0,1,0.278,0.514,2.312
20261001-201030,384.865,81326,750,6,0,,0,1,0.278,0.514,2.312
20261001-201030,384.865,81326,632,6,0,,0,1,0.278,0.514,2.310
20261001-201030,384.865,81326,566,6,1,Regeneration,0,1,0.280,0.515,2.312
20261001-201030,384.865,81326,550,8,1,Swiftness,0,1,0.278,0.514,2.312
20261001-201030,384.865,81326,763,7,1,Stability,0,1,0.278,0.514,2.312
20261001-201030,385.391,81326,763,6,0,,0,1,0.526,0.526,2.838
20261001-201030,385.391,81326,916,6,0,,0,1,0.526,1.040,2.838
20261001-201030,385.907,81326,550,6,1,Protection,1,1,1.042,1.042,3.354
20261001-201030,385.907,81326,597,9,1,Resolution,1,1,3.352,3.352,3.352
20261001-201030,385.907,81326,614,8,0,,0,1,0.516,1.556,3.354
20261001-201030,385.907,81326,568,9,1,Resolution,1,1,1.042,1.556,3.352
20261001-201030,385.907,81326,675,10,1,Resolution,1,1,1.042,1.556,3.354
20261001-201030,409.589,81053,4246,8,1,Resolution,1,1,24.724,24.724,27.036
20261001-201030,409.589,81053,1933,9,1,Resolution,1,1,24.724,25.238,27.036
20261001-201030,409.589,81053,2871,9,1,Resolution,1,1,23.682,23.682,23.682
20261001-201030,409.589,81053,4264,8,1,Regeneration,1,1,24.198,24.724,27.036
20261001-201030,409.589,81053,2065,9,1,Resolution,1,1,23.682,23.682,23.682
20261001-201030,409.589,81053,5116,8,1,Swiftness,1,1,23.682,25.238,27.036
20261001-201030,409.589,81053,1923,9,1,Regeneration,1,1,24.724,25.238,27.036
20261001-201030,410.103,81053,2123,8,0,,0,1,0.514,0.514,0.514
20261001-201030,410.103,81053,2132,8,0,,0,1,0.514,0.514,0.514
20261001-201030,410.103,81053,2757,9,1,Might,1,1,24.196,24.196,24.196
20261001-201030,410.501,81053,1923,8,0,,0,1,0.912,0.912,0.912
20261001-201030,410.501,81053,2132,8,0,,0,1,0.398,0.912,0.912
20261001-201030,410.501,81053,2123,10,0,,0,1,0.398,0.912,0.912
20261001-201030,410.623,81053,1923,8,0,,0,1,0.122,1.034,1.034
20261001-201030,410.623,81053,2132,8,0,,0,1,0.122,1.034,1.034
20261001-201030,410.623,81053,2558,9,1,Regeneration,1,1,1.034,1.034,1.034
20261001-201030,410.623,81053,2123,10,0,,0,1,0.122,1.034,1.034
20261001-201030,410.623,81053,2865,8,0,,0,1,0.520,0.520,0.520
20261001-201030,410.623,81053,2897,8,1,Resolution,1,1,24.716,24.716,24.716
20261001-201030,410.623,81053,3488,7,1,Fury,1,1,25.758,26.272,28.070
20261001-201030,411.027,81053,3342,6,0,,0,1,0.404,0.404,0.404
20261001-201030,411.027,81053,2745,8,0,,0,1,0.404,0.924,0.924
20261001-201030,411.107,81053,2042,8,0,,0,1,0.484,1.518,1.518
20261001-201030,411.107,81053,1842,8,0,,0,1,0.484,1.518,1.518
20261001-201030,411.107,81053,2034,10,0,,0,1,0.484,1.518,1.518
20261001-201030,411.147,81053,3020,9,1,Resolution,1,1,1.558,1.558,1.558
20261001-201030,412.671,81053,2689,9,1,Resolution,1,1,1.524,1.524,1.524
20261001-201030,412.671,81053,1781,7,1,Resolution,1,1,3.082,3.082,3.082
20261001-201030,414.061,81326,446,9,1,Might,1,1,1.390,1.390,1.390
20261001-201030,414.593,81326,509,8,1,Might,0,1,3.486,5.004,5.004
20261001-201030,414.593,81326,446,8,1,Resolution,0,1,0.532,0.532,0.532
20261001-201030,414.593,81326,461,9,1,Stability,0,1,3.486,5.004,5.004
20261001-201030,415.103,81326,485,8,1,Protection,1,1,4.076,4.480,4.480
20261001-201030,415.103,81326,446,8,0,,0,1,0.510,0.510,1.042
20261001-201030,415.623,81326,724,8,0,,0,1,0.520,0.520,0.520
20261001-201030,430.103,81053,2202,7,1,Resolution,1,1,14.480,15.000,15.000
20261001-201030,430.103,81053,2257,10,1,Resolution,1,1,19.480,19.480,19.480
20261001-201030,430.103,81053,2089,8,1,Resolution,1,1,18.996,20.514,20.514
20261001-201030,430.103,81053,2249,7,1,Swiftness,1,1,15.000,15.510,16.042
20261001-201030,430.103,81053,1885,8,1,Swiftness,1,1,15.510,15.510,20.514
20261001-201030,430.623,81053,4514,10,0,,0,1,0.520,0.520,0.520
20261001-201030,430.623,81053,4178,8,0,,0,1,0.520,0.520,0.520
20261001-201030,430.623,81053,4498,7,0,,0,1,0.520,0.520,0.520
20261001-201030,430.623,81053,1821,8,1,Resolution,1,1,21.034,21.034,21.034
20261001-201030,430.623,81053,1885,8,0,,0,1,0.520,0.520,0.520
20261001-201030,431.149,81053,2090,8,0,,0,1,0.526,1.046,1.046
20261001-201030,431.149,81053,2317,8,0,,0,1,0.526,1.046,1.046
20261001-201030,431.149,81053,2245,9,0,,0,1,0.526,1.046,1.046
20261001-201030,431.543,81053,2090,8,0,,0,1,0.394,1.440,1.440
20261001-201030,431.671,81053,4180,8,0,,0,1,0.128,1.568,1.568
20261001-201030,432.061,81053,4886,8,1,Stability,1,1,1.958,1.958,1.958
20261001-201030,432.061,81053,2577,8,1,Resolution,1,1,21.438,21.438,21.438
20261001-201030,432.061,81053,6120,9,2,Resolution+Fury,1,1,19.390,19.390,19.390
20261001-201030,432.061,81053,6032,9,1,Resolution,1,1,1.438,1.438,1.438
20261001-201030,432.061,81053,4634,10,0,,0,1,0.912,1.958,1.958
20261001-201030,432.061,81053,2077,7,1,Fury,1,1,17.468,17.468,22.472
20261001-201030,432.145,81053,5878,6,1,Regeneration,1,1,21.118,22.042,22.042
20261001-201030,432.145,81053,2245,9,0,,0,1,0.996,2.042,2.042
20261001-201030,432.145,81053,2782,10,1,Stability,1,1,1.522,2.042,2.042
20261001-201030,432.587,81053,4154,6,0,,0,1,0.526,0.526,0.526
20261001-201030,432.587,81053,5154,7,0,,0,1,0.526,0.526,0.526
20261001-201030,432.587,81053,4490,10,0,,0,1,0.442,2.484,2.484
20261001-201030,432.587,81053,6032,8,0,,0,1,0.526,0.526,0.526
20261001-201030,432.587,81053,5564,10,0,,0,1,0.442,0.442,0.442
20261001-201030,432.587,81053,6120,8,0,,0,1,0.526,0.526,0.526
20261001-201030,432.587,81053,4634,10,0,,0,1,0.526,2.484,2.484
20261001-201030,433.107,81053,6702,9,0,,0,1,0.520,3.004,3.004
20261001-201030,433.107,81053,6918,9,0,,0,1,0.520,3.004,3.004
20261001-201030,433.109,81053,3016,5,0,,0,1,0.522,1.048,1.048
20261001-201030,433.109,81053,2077,7,0,,0,1,0.522,1.048,1.048
20261001-201030,433.711,81053,3021,8,0,,0,1,0.604,3.608,3.608
20261001-201030,443.459,81326,499,9,1,Might,1,1,9.748,13.356,13.356
20261001-201030,443.981,81326,465,10,1,Resolution,1,1,12.310,13.878,13.878
20261001-201030,444.505,81326,856,9,0,,0,1,11.918,12.444,12.444
20261001-201030,444.505,81326,464,9,1,Regeneration,1,1,11.398,14.402,14.402
20261001-201030,444.505,81326,449,9,1,Resolution,1,1,11.396,12.444,12.444
20261001-201030,445.024,81326,514,9,1,Might,1,1,1.565,1.565,1.565
20261001-201030,445.024,81326,543,9,1,Fury,1,1,12.963,12.963,12.963
20261001-201030,445.025,81326,449,7,0,,0,1,0.520,0.520,0.520
20261001-201030,445.025,81326,557,7,1,Regeneration,1,1,12.438,12.880,12.880
20261001-201030,445.025,81326,464,8,0,,0,1,0.520,0.520,0.520
20261001-201030,495.313,80901,5350,9,1,Might,1,1,50.288,50.288,50.288
20261001-201030,495.315,80901,4318,7,1,Resolution,1,1,50.290,50.810,50.810
20261001-201030,495.315,80901,2836,10,1,Resolution,1,1,50.810,63.254,63.254
20261001-201030,495.315,80901,2399,10,1,Might,1,1,50.291,50.291,50.291
20261001-201030,495.315,80901,2229,11,1,Might,1,1,50.290,50.810,50.810
20261001-201030,495.315,80901,2962,9,1,Resolution,1,1,63.170,63.170,63.170
20261001-201030,495.315,80901,2466,7,1,Resolution,1,1,62.206,63.254,63.254
20261001-201030,495.315,80901,2234,8,1,Might,1,1,51.334,51.334,51.334
20261001-201030,495.315,80901,2610,9,1,Might,1,1,50.291,50.291,50.291
20261001-201030,495.827,80901,7701,7,0,,0,1,0.512,0.512,0.512
20261001-201030,495.827,80901,10212,7,1,Might,1,1,63.240,63.766,63.766
20261001-201030,495.827,80901,4494,7,0,,0,1,0.512,0.512,0.512
20261001-201030,495.827,80901,8112,9,0,,0,1,0.512,0.512,0.512
20261001-201030,495.827,80901,5570,10,0,,0,1,0.514,0.514,0.514
20261001-201030,495.827,80901,4994,9,0,,0,1,0.512,0.512,0.512
20261001-201030,495.827,80901,4650,7,0,,0,1,0.512,0.512,0.512
20261001-201030,495.827,80901,4640,10,0,,0,1,0.512,0.512,0.512
20261001-201030,495.829,80901,2952,7,0,,0,1,0.514,0.514,0.514
20261001-201030,496.347,80901,4994,9,0,,0,1,0.520,1.032,1.032
20261001-201030,496.347,80901,5570,11,0,,0,1,0.520,1.034,1.034
20261001-201030,496.347,80901,4640,11,0,,0,1,0.520,1.032,1.032
20261001-201030,496.347,80901,6975,9,0,,0,1,0.520,1.032,1.032
20261001-201030,496.347,80901,8598,8,0,,0,1,0.518,1.032,1.032
20261001-201030,496.347,80901,5134,7,0,,0,1,0.520,1.032,1.032
20261001-201030,496.347,80901,10212,6,0,,0,1,0.520,0.520,0.520
20261001-201030,496.861,80901,5732,9,0,,0,1,0.514,1.546,1.546
20261001-201030,496.861,80901,4650,9,0,,0,1,0.514,1.546,1.546
20261001-201030,496.861,80901,5570,10,0,,0,1,0.514,1.548,1.548
20261001-201030,496.861,80901,4640,10,0,,0,1,0.514,1.546,1.546
20261001-201030,496.861,80901,6808,6,0,,0,1,0.514,1.034,1.034
20261001-201030,496.861,80901,4994,10,0,,0,1,0.514,1.546,1.546
20261001-201030,510.823,80901,3886,9,1,Fury,1,1,14.996,15.508,15.508
20261001-201030,510.823,80901,2228,7,1,Protection,1,1,13.962,15.508,15.508
20261001-201030,510.823,80901,6157,9,1,Protection,1,1,13.962,15.508,15.508
20261001-201030,510.823,80901,7390,7,1,Protection,1,1,13.962,15.510,15.510
20261001-201030,525.309,80901,5133,4,1,Protection,0,0,14.486,14.486,14.486
20261001-201030,540.299,80901,5063,7,1,Might,1,1,14.990,14.990,29.476
20261001-201030,540.299,80901,15058,6,4,Might+Alacrity+Protection+Fury,1,1,43.438,44.984,44.984
20261001-201030,540.825,80901,10220,5,0,,0,1,0.526,0.526,0.526
20261001-201030,540.825,80901,12536,7,1,Might,1,1,44.478,45.510,45.510
20261001-201030,541.341,80901,17824,6,1,Might,1,1,30.518,30.518,30.518
20261001-201030,541.341,80901,9101,2,1,Swiftness,0,0,1.042,1.042,1.042
20261001-202431,281.107,81326,587,2,1,Might,1,1,,,
20261001-202431,281.625,81326,587,1,0,,0,1,0.518,0.518,0.518
20261001-202431,281.625,81326,554,7,1,Protection,1,1,,,
20261001-202431,309.899,81326,749,9,1,Swiftness,1,1,,,
20261001-202431,311.461,81326,674,9,1,Protection,1,1,1.562,1.562,1.562
20261001-202431,328.381,81053,2070,8,1,Swiftness,1,1,,,
20261001-202431,328.381,81053,2311,10,1,Regeneration,1,1,46.756,47.274,47.274
20261001-202431,328.381,81053,2237,9,1,Swiftness,1,1,,,
20261001-202431,328.381,81053,2183,8,1,Swiftness,1,1,46.756,46.756,46.756
20261001-202431,328.903,81053,4140,7,0,,0,1,0.522,0.522,0.522
20261001-202431,328.903,81053,4622,9,0,,0,1,0.522,0.522,0.522
20261001-202431,328.903,81053,4474,7,0,,0,1,0.522,0.522,0.522
20261001-202431,328.903,81053,4366,8,0,,0,1,0.522,0.522,0.522
20261001-202431,328.903,81053,1875,7,2,Swiftness+Protection,1,1,,,
20261001-202431,328.903,81053,2495,9,1,Might,1,1,,,
20261001-202431,328.903,81053,3270,8,1,Might,1,1,,,
20261001-202431,329.421,81053,4140,7,0,,0,1,0.518,1.040,1.040
20261001-202431,329.421,81053,4474,9,0,,0,1,0.518,1.040,1.040
20261001-202431,329.421,81053,4622,9,0,,0,1,0.518,1.040,1.040
20261001-202431,329.421,81053,2798,7,0,,0,1,0.518,0.518,0.518
20261001-202431,329.819,81053,2237,9,0,,0,1,0.398,1.438,1.438
20261001-202431,329.945,81053,4474,9,0,,0,1,0.126,1.564,1.564
20261001-202431,329.947,81053,3270,10,1,Regeneration,1,1,1.044,1.044,1.044
20261001-202431,330.349,81053,2311,11,0,,0,1,0.928,1.968,1.968
20261001-202431,330.427,81053,4474,9,0,,0,1,0.482,2.046,2.046
20261001-202431,330.427,81053,2183,6,1,Regeneration,1,1,1.524,2.046,2.046
20261001-202431,330.463,81053,2311,10,0,,0,1,0.114,2.082,2.082
20261001-202431,331.459,81053,2568,7,0,,0,1,,,
20261001-202431,331.459,81053,2798,6,0,,0,1,2.038,2.556,2.556
20261001-202431,331.459,81053,3049,6,0,,0,1,19.998,19.998,19.998
20261001-202431,331.979,81053,3109,6,0,,0,1,0.520,3.076,3.076
20261001-202431,331.979,81053,3388,6,0,,0,1,0.520,20.518,20.518
20261001-202431,331.979,81053,2853,7,0,,0,1,0.520,,
20261001-202431,349.265,81053,2563,9,1,Regeneration,1,1,17.286,,
20261001-202431,349.265,81053,3704,8,1,Might,1,1,18.838,20.884,20.884
20261001-202431,349.787,81053,3044,9,1,Resolution,1,1,17.808,38.326,38.326
20261001-202431,349.787,81053,2563,8,0,,0,1,0.522,0.522,0.522
20261001-202431,349.787,81053,3628,9,1,Alacrity,1,1,19.840,19.840,19.840
20261001-202431,349.787,81053,2244,9,1,Might,1,1,19.360,19.360,19.360
20261001-202431,349.787,81053,3104,8,2,Might+Quickness,1,1,17.808,20.884,20.884
20261001-202431,350.703,81053,3044,8,0,,0,1,0.916,0.916,0.916
20261001-202431,350.703,81053,3628,7,0,,0,1,0.916,0.916,0.916
20261001-202431,350.703,81053,2563,9,0,,0,1,0.916,1.438,1.438
20261001-202431,350.703,81053,3104,6,0,,0,1,0.916,0.916,0.916
20261001-202431,350.703,81053,2767,9,1,Alacrity,1,1,21.800,21.800,21.800
20261001-202431,350.703,81053,2179,8,0,,0,1,0.916,0.916,0.916
20261001-202431,350.703,81053,3704,8,1,Might,1,1,1.438,1.438,1.438
20261001-202431,350.829,81053,2296,9,1,Might,1,1,21.408,22.448,22.448
20261001-202431,351.229,81053,2307,10,1,Resistance,1,1,20.766,22.848,22.848
20261001-202431,351.303,81053,2563,9,0,,0,1,0.600,2.038,2.038
20261001-202431,351.303,81053,4592,7,0,,0,1,0.474,0.474,0.474
20261001-202431,351.345,81053,2482,6,0,,0,1,0.642,0.642,0.642
20261001-202431,351.345,81053,2179,8,0,,0,1,0.642,1.558,1.558
20261001-202431,351.345,81053,2767,8,0,,0,1,0.642,0.642,0.642
20261001-202431,351.819,81053,2179,9,0,,0,1,0.474,2.032,2.032
20261001-202431,351.819,81053,3044,9,1,Resolution,1,1,1.116,2.032,2.032
20261001-202431,352.265,81053,2322,9,0,,0,1,0.446,2.478,2.478
20261001-202431,352.863,81053,2417,10,0,,0,1,0.598,3.076,3.076
20261001-202431,365.543,81053,3084,10,1,Resolution,1,1,13.724,13.724,13.724
20261001-202431,365.543,81053,2337,9,1,Resolution,1,1,14.314,14.314,14.314
20261001-202431,365.543,81053,2263,10,1,Might,1,1,14.198,14.840,14.840
20261001-202431,365.545,81053,2585,9,1,Might,1,1,14.242,14.716,14.716
20261001-202431,366.065,81053,3801,9,0,,0,1,0.522,0.522,0.522
20261001-202431,366.065,81053,2881,8,0,,0,1,0.522,0.522,0.522
20261001-202431,366.065,81053,2789,9,0,,0,1,0.522,0.522,0.522
20261001-202431,366.065,81053,3297,8,1,Protection,1,1,14.762,16.800,16.800
20261001-202431,366.065,81053,3444,8,1,Protection,1,1,,,
20261001-202431,366.065,81053,4076,4,1,Protection,1,1,15.362,16.278,16.278
20261001-202431,366.065,81053,2721,6,1,Protection,1,1,13.202,16.278,16.278
20261001-202431,366.065,81053,3110,8,1,Protection,1,1,14.720,15.362,15.362
20261001-202431,366.581,81053,5140,7,0,,0,1,0.516,0.516,0.516
20261001-202431,366.581,81053,4061,6,0,,0,1,0.516,0.516,0.516
20261001-202431,366.581,81053,6084,3,0,,0,1,0.516,0.516,0.516
20261001-202431,366.581,81053,4921,7,0,,0,1,0.516,0.516,0.516
20261001-202431,366.581,81053,2881,8,0,,0,1,0.516,1.038,1.038
20261001-202431,366.581,81053,2789,9,0,,0,1,0.516,1.038,1.038
20261001-202431,366.581,81053,3801,9,0,,0,1,0.516,1.038,1.038
20261001-202431,366.985,81053,3421,11,0,,0,1,0.404,1.442,1.442
20261001-202431,366.985,81053,2592,9,0,,0,1,0.404,1.442,1.442
20261001-202431,366.985,81053,2510,10,0,,0,1,0.404,1.442,1.442
20261001-202431,366.985,81053,4642,7,0,,0,1,0.920,0.920,0.920
20261001-202431,366.985,81053,5140,8,0,,0,1,0.404,0.920,0.920
20261001-202431,366.985,81053,2337,9,2,Might+Swiftness,1,1,16.282,17.198,17.198
20261001-202431,366.985,81053,4061,6,0,,0,1,0.404,0.920,0.920
20261001-202431,366.985,81053,2580,10,1,Might,1,1,1.440,1.440,1.440
20261001-202431,367.103,81053,2510,10,0,,0,1,0.118,1.560,1.560
20261001-202431,367.103,81053,2592,9,0,,0,1,0.118,1.560,1.560
20261001-202431,367.103,81053,3421,11,0,,0,1,0.118,1.560,1.560
20261001-202431,367.103,81053,4061,6,0,,0,1,0.118,1.038,1.038
20261001-202431,367.501,81053,4436,8,0,,0,1,0.920,1.436,1.436
20261001-202431,367.577,81053,6168,11,0,,0,1,0.474,2.034,2.034
20261001-202431,367.577,81053,4526,10,0,,0,1,0.474,2.034,2.034
20261001-202431,367.577,81053,4674,8,0,,0,1,0.474,2.034,2.034
20261001-202431,367.579,81053,4652,8,0,,0,1,0.594,0.594,0.594
20261001-202431,367.579,81053,2107,7,0,,0,1,0.594,0.594,0.594
20261001-202431,367.579,81053,4634,8,0,,0,1,0.594,1.514,1.514
20261001-202431,368.029,81053,3675,3,1,Might,1,1,1.448,1.964,1.964
20261001-202431,368.105,81053,2326,10,0,,0,1,0.526,1.120,1.120
20261001-202431,368.105,81053,2107,7,0,,0,1,0.526,1.120,1.120
20261001-202431,368.543,81053,3901,6,1,Vigor,1,1,1.440,2.478,2.478
20261001-202431,368.627,81053,2245,7,0,,0,1,0.522,1.642,1.642
20261001-202431,372.939,81326,739,5,2,Regeneration+Might,1,1,4.312,5.954,5.954
20261001-202431,372.939,81326,591,7,1,Protection,1,1,5.362,7.396,7.396
20261001-202431,372.939,81326,860,6,1,Swiftness,1,1,4.396,4.396,4.396
20261001-202431,372.939,81326,659,8,1,Regeneration,1,1,5.954,6.874,6.874
20261001-202431,373.463,81326,725,8,1,Resolution,1,1,5.886,7.920,7.920
20261001-202431,373.463,81326,577,9,1,Might,1,1,5.884,7.398,7.398
20261001-202431,373.463,81326,860,6,0,,0,1,0.524,0.524,0.524
20261001-202431,373.463,81326,494,8,1,Resolution,1,1,5.886,7.920,7.920
20261001-202431,373.463,81326,659,7,0,,0,1,0.524,0.524,0.524
20261001-202431,373.463,81326,882,8,0,,0,1,0.524,0.524,0.524
20261001-202431,373.463,81326,739,6,0,,0,1,0.524,0.524,0.524
20261001-202431,385.501,81053,2938,10,1,Protection,1,1,12.038,12.038,12.038
20261001-202431,385.501,81053,2576,10,1,Swiftness,1,1,12.038,12.038,12.038
20261001-202431,385.501,81053,2862,9,1,Protection,1,1,18.000,19.436,19.436
20261001-202431,385.501,81053,3399,9,1,Swiftness,1,1,12.038,12.038,12.038
20261001-202431,385.501,81053,2307,9,1,Protection,1,1,17.396,18.516,18.516
20261001-202431,385.501,81053,2713,7,1,Protection,1,1,17.472,17.472,17.472
20261001-202431,386.023,81053,3276,7,1,Might,1,1,12.560,13.084,13.084
20261001-202431,386.023,81053,3444,8,0,,0,1,0.522,0.522,0.522
20261001-202431,386.023,81053,4272,8,0,,0,1,0.522,0.522,0.522
20261001-202431,386.023,81053,3399,8,0,,0,1,0.522,0.522,0.522
20261001-202431,386.023,81053,4385,9,0,,0,1,0.522,0.522,0.522
20261001-202431,386.023,81053,6045,6,0,,1,1,0.522,0.522,0.522
20261001-202431,386.023,81053,2576,9,0,,0,1,0.522,0.522,0.522
20261001-202431,386.023,81053,2322,8,2,Might+Protection,1,1,12.560,13.084,13.084
20261001-202431,386.425,81053,4736,8,0,,0,1,0.402,0.402,0.402
20261001-202431,386.425,81053,5254,10,0,,0,1,0.402,0.924,0.924
20261001-202431,386.425,81053,8944,10,0,,0,1,0.402,0.924,0.924
20261001-202431,386.425,81053,8714,9,0,,0,1,0.402,0.924,0.924
20261001-202431,386.425,81053,6934,9,0,,0,1,0.402,0.924,0.924
20261001-202431,386.425,81053,8262,7,0,,0,1,0.402,0.924,0.402
20261001-202431,386.425,81053,6492,8,1,Might,1,1,12.962,13.486,13.486
20261001-202431,386.509,81053,7026,9,0,,0,1,0.486,1.008,1.008
20261001-202431,386.509,81053,6682,7,0,,0,1,0.486,0.486,0.486
20261001-202431,386.509,81053,5652,8,1,Might,1,1,13.046,13.570,13.570
20261001-202431,386.541,81053,4131,7,0,,1,1,0.116,1.040,0.518
20261001-202431,386.541,81053,3467,9,0,,0,1,0.116,1.040,1.040
20261001-202431,386.541,81053,4357,9,0,,0,1,0.116,1.040,1.040
20261001-202431,386.541,81053,3246,7,0,,0,1,0.116,0.116,0.116
20261001-202431,386.541,81053,2627,10,0,,0,1,0.116,1.040,1.040
20261001-202431,386.541,81053,4472,10,0,,0,1,0.116,1.040,1.040
20261001-202431,386.939,81053,8504,10,0,,0,1,0.398,1.438,1.438
20261001-202431,386.939,81053,6680,10,0,,0,1,0.430,1.438,1.438
20261001-202431,386.941,81053,8285,10,0,,0,1,0.400,1.440,1.440
20261001-202431,386.941,81053,4996,10,0,,0,1,0.400,1.440,1.440
20261001-202431,387.026,81053,3467,10,0,,0,1,0.485,1.525,1.525
20261001-202431,387.459,81053,7026,9,0,,0,1,0.520,1.958,1.958
20261001-202431,387.459,81053,3467,9,0,,0,1,0.433,1.958,1.958
20261001-202431,387.459,81053,4357,9,0,,0,1,0.518,1.958,1.958
20261001-202431,387.459,81053,2627,9,0,,0,1,0.518,1.958,1.958
20261001-202431,387.461,81053,4472,9,0,,0,1,0.522,1.960,1.960
20261001-202431,388.063,81053,3467,8,0,,0,1,0.604,2.562,2.562
20261001-202431,388.063,81053,4357,8,0,,0,1,0.604,2.562,2.562
20261001-202431,388.063,81053,3921,8,0,,0,1,0.604,2.562,2.562
20261001-202431,403.579,81326,844,6,1,Fury,1,1,17.038,18.078,17.038
20261001-202431,403.579,81326,642,10,0,,0,1,16.118,18.078,18.078
20261001-202431,403.579,81326,520,6,0,,0,1,17.070,17.070,17.070
20261001-202431,403.579,81326,593,9,0,,0,1,16.120,18.078,18.078
20261001-202431,403.579,81326,890,9,0,,0,1,15.516,18.078,18.078
20261001-202431,403.579,81326,507,5,0,,0,1,17.070,17.556,17.556
20261001-202431,403.579,81326,644,7,1,Might,1,1,17.038,17.154,17.154
20261001-202431,403.579,81326,708,8,0,,0,1,15.516,18.078,18.078
20261001-202431,404.107,81326,890,9,0,,0,1,0.528,18.606,18.606
20261001-202431,404.107,81326,535,9,0,,0,1,0.528,17.598,17.598
20261001-202431,404.107,81326,507,7,0,,0,1,0.528,18.084,18.084
20261001-202431,404.107,81326,593,9,0,,0,1,0.528,18.606,18.606
20261001-202431,404.107,81326,644,6,0,,0,1,0.528,0.528,0.528
20261001-202431,404.107,81326,844,6,0,,0,1,0.528,0.528,0.528
20261001-202431,404.107,81326,596,8,1,Swiftness,1,1,16.044,18.606,18.606
20261001-202431,404.107,81326,642,10,0,,0,1,0.528,18.606,18.606
20261001-202431,404.619,81326,642,10,0,,0,1,0.512,19.118,19.118
20261001-202431,404.619,81326,507,7,0,,0,1,0.512,18.596,18.596
20261001-202431,404.619,81326,596,9,0,,0,1,0.512,0.512,0.512
20261001-202431,404.619,81326,890,9,0,,0,1,0.512,19.118,19.118
20261001-202431,404.619,81326,644,7,0,,0,1,0.512,1.040,1.040
20261001-202431,404.619,81326,708,9,2,Resolution+Fury,1,1,1.040,19.118,19.118
20261001-202431,404.619,81326,565,7,0,,0,1,0.512,1.040,1.040
20261001-202431,404.619,81326,535,9,0,,0,1,0.512,18.110,18.110
20261001-202431,413.183,81053,2790,7,1,Might,1,1,8.564,9.604,9.604
20261001-202431,413.183,81053,4286,6,1,Stability,1,1,8.564,27.682,27.682
20261001-202431,413.183,81053,6064,8,1,Stability,1,1,8.564,9.604,9.604
20261001-202431,413.703,81053,3410,10,2,Might+Quickness,1,1,9.084,9.084,9.084
20261001-202431,413.703,81053,5806,6,2,Protection+Swiftness,1,1,27.278,27.680,27.680
20261001-202431,413.703,81053,2315,6,1,Might,1,1,9.596,28.202,28.202
20261001-202431,413.703,81053,2584,9,1,Might,1,1,9.084,9.596,9.596
20261001-202431,413.703,81053,4286,4,0,,0,1,0.520,0.520,0.520
20261001-202431,413.703,81053,2502,9,1,Might,1,1,9.084,27.194,27.194
20261001-202431,413.703,81053,2790,8,0,,0,1,0.520,0.520,0.520
20261001-202431,413.703,81053,9452,6,1,Stability,1,1,9.084,28.202,28.202
20261001-202431,413.705,81053,6064,7,0,,0,1,0.522,0.522,0.522
20261001-202431,414.219,81053,2793,7,1,Protection,1,1,9.600,28.196,28.196
20261001-202431,414.219,81053,4063,8,0,,0,1,0.514,1.036,1.036
20261001-202431,414.219,81053,4286,4,0,,0,1,0.516,1.036,1.036
20261001-202431,414.219,81053,2329,6,0,,0,1,0.516,0.516,0.516
20261001-202431,414.621,81053,3789,9,0,,0,1,0.918,0.918,0.918
20261001-202431,414.621,81053,2871,9,0,,0,1,0.918,0.918,0.918
20261001-202431,414.621,81053,2780,9,0,,0,1,0.918,0.918,0.918
20261001-202431,414.621,81053,3100,9,0,,0,1,0.918,1.438,1.438
20261001-202431,414.623,81053,2329,6,0,,0,1,0.404,0.920,0.920
20261001-202431,414.623,81053,2858,5,0,,0,1,0.920,0.920,0.920
20261001-202431,414.737,81053,8452,8,0,,0,1,0.518,1.554,1.554
20261001-202431,414.737,81053,4331,6,0,,0,1,0.518,0.518,0.518
20261001-202431,415.141,81053,2871,8,0,,0,1,0.520,1.438,1.438
20261001-202431,415.141,81053,2780,8,0,,0,1,0.520,1.438,1.438
20261001-202431,415.141,81053,3789,8,0,,0,1,0.520,1.438,1.438
20261001-202431,415.141,81053,6200,8,0,,0,1,0.520,1.958,1.958
20261001-202431,415.219,81053,2329,6,0,,0,1,0.596,1.516,1.516
20261001-202431,415.219,81053,5444,8,0,,0,1,0.482,2.036,2.036
20261001-202431,415.219,81053,8824,6,0,,0,1,0.482,1.000,1.000
20261001-202431,415.219,81053,4905,4,0,,0,1,1.000,2.036,2.036
20261001-202431,415.221,81053,2858,6,0,,0,1,0.598,1.518,1.518
20261001-202431,415.657,81053,2780,8,0,,0,1,0.516,1.954,1.954
20261001-202431,415.657,81053,2871,8,0,,0,1,0.516,1.954,1.954
20261001-202431,415.657,81053,3789,8,0,,0,1,0.516,1.954,1.954
20261001-202431,415.743,81053,2722,8,0,,0,1,0.524,2.560,2.560
20261001-202431,415.743,81053,4412,6,0,,0,1,0.524,1.524,1.524
20261001-202431,416.181,81053,2871,8,0,,0,1,0.524,2.478,2.478
20261001-202431,416.181,81053,2780,9,0,,0,1,0.524,2.478,2.478
20261001-202431,416.267,81053,4412,7,0,,0,1,0.524,2.048,2.048
20261001-202431,416.267,81053,2722,7,0,,0,1,0.524,3.084,3.084
20261001-202431,416.781,81053,4048,7,0,,0,1,0.514,2.562,2.562
20261001-202431,416.781,81053,4063,7,0,,0,1,0.514,3.598,3.598
20261001-202431,432.897,81326,825,10,1,Might,1,1,16.116,19.714,19.714
20261001-202431,432.897,81326,629,10,1,Might,1,1,17.756,19.714,19.714
20261001-202431,432.897,81326,524,8,1,Might,1,1,16.716,19.194,19.194
20261001-202431,432.897,81326,706,8,2,Might+Resolution,1,1,17.240,19.194,19.194
20261001-202431,432.897,81326,544,8,2,Swiftness+Fury,1,1,17.678,19.194,19.194
20261001-202431,432.897,81326,522,7,1,Might,1,1,17.676,19.194,19.194
20261001-202431,432.897,81326,648,9,1,Swiftness,1,1,16.116,18.678,18.678
20261001-202431,433.423,81326,524,6,0,,0,1,0.526,0.526,0.526
20261001-202431,433.423,81326,704,8,0,,0,1,0.526,0.526,0.526
20261001-202431,433.423,81326,550,8,0,,0,1,0.526,0.526,0.526
20261001-202431,433.423,81326,564,9,1,Regeneration,1,1,17.242,19.720,19.720
20261001-202431,433.423,81326,544,6,0,,0,1,0.526,0.526,0.526
20261001-202431,433.423,81326,522,7,0,,0,1,0.526,0.526,0.526
20261001-202431,433.423,81326,594,6,1,Might,1,1,18.204,20.240,20.240
20261001-202431,433.945,81326,594,6,0,,0,1,0.522,0.522,0.522
20261001-202431,433.945,81326,550,9,0,,0,1,0.522,1.048,1.048
20261001-202431,433.945,81326,659,6,1,Protection,1,1,20.242,20.242,20.242
20261001-202431,433.945,81326,564,9,0,,0,1,0.522,0.522,0.522
20261001-202431,433.945,81326,690,7,0,,0,1,0.522,1.048,1.048
20261001-202431,433.945,81326,473,5,0,,0,1,0.522,1.048,1.048
20261001-202431,433.947,81326,524,7,0,,0,1,0.524,1.050,1.050
20261001-202431,434.457,81326,473,5,0,,0,1,0.512,1.560,1.560
20261001-202431,434.457,81326,564,8,0,,0,1,0.512,1.034,1.034
20261001-202431,434.457,81326,825,7,1,Protection,1,1,1.560,1.560,1.560
20261001-202431,434.457,81326,550,8,0,,0,1,0.512,1.560,1.560
20261001-202431,434.501,81053,6485,6,0,,0,1,0.044,0.044,0.044
20261001-202431,434.501,81053,3636,9,0,,0,1,0.556,1.604,1.604
20261001-202431,434.501,81053,3718,4,0,,0,1,0.044,1.604,1.604
20261001-202431,434.501,81053,2973,8,0,,0,1,0.044,1.078,1.078
20261001-202431,434.501,81053,2900,7,0,,0,1,0.044,1.604,1.604
20261001-202431,434.501,81053,3071,8,0,,0,1,0.556,1.078,1.078
20261001-202431,435.021,81053,6170,9,1,Protection,1,1,1.598,2.124,2.124
20261001-202431,435.021,81053,6124,7,0,,0,1,0.520,1.598,1.598
20261001-202431,435.021,81053,6888,9,1,Protection,1,1,1.074,2.124,2.124
20261001-202431,435.021,81053,7272,9,0,,0,1,0.520,2.124,2.124
20261001-202431,435.021,81053,7436,4,0,,0,1,0.520,2.124,2.124
20261001-202431,435.021,81053,6772,10,1,Regeneration,1,1,1.076,1.076,1.076
20261001-202431,435.021,81053,5800,6,0,,0,1,0.520,2.124,2.124
20261001-202431,435.021,81053,6142,9,0,,0,1,0.520,1.598,1.598
20261001-202431,435.539,81053,6608,10,0,,0,1,0.518,0.518,0.518
20261001-202431,435.539,81053,4125,9,0,,0,1,0.518,0.518,0.518
20261001-202431,435.539,81053,9896,7,1,Might,1,1,2.642,2.642,2.642
20261001-202431,435.539,81053,6142,10,0,,0,1,0.518,2.116,2.116
20261001-202431,435.539,81053,3695,9,0,,0,1,0.518,0.518,0.518
20261001-202431,435.541,81053,2900,7,0,,0,1,0.520,2.644,2.644
20261001-202431,435.541,81053,3718,6,0,,0,1,0.520,2.644,2.644
20261001-202431,435.943,81053,3695,9,0,,0,1,0.404,0.922,0.922
20261001-202431,435.945,81053,4125,9,0,,0,1,0.406,0.924,0.924
20261001-202431,435.945,81053,3718,5,0,,0,1,0.404,3.048,3.048
20261001-202431,435.945,81053,3062,7,0,,0,1,0.924,2.522,2.522
20261001-202431,435.945,81053,4948,6,0,,0,1,0.406,0.406,0.406
20261001-202431,435.945,81053,3304,10,0,,0,1,0.406,0.924,0.924
20261001-202431,436.057,81053,6142,10,0,,0,1,0.518,2.634,2.634
20261001-202431,436.057,81053,4948,7,0,,0,1,0.112,0.518,0.518
20261001-202431,436.057,81053,4052,8,2,Might+Fury,1,1,1.036,3.160,3.160
20261001-202431,436.457,81053,6124,8,0,,0,1,0.512,3.034,3.034
20261001-202431,436.457,81053,5800,7,0,,0,1,0.916,3.560,3.560
20261001-202431,436.457,81053,8250,10,0,,0,1,0.512,1.436,1.436
20261001-202431,436.457,81053,4345,7,1,Alacrity,1,1,1.956,2.000,2.000
20261001-202431,436.457,81053,9896,8,0,,0,1,0.400,0.918,0.918
20261001-202431,436.457,81053,7390,10,0,,0,1,0.514,1.436,1.436
20261001-202431,436.459,81053,8104,5,0,,0,1,0.402,0.402,0.402
20261001-202431,436.543,81053,6142,11,0,,0,1,0.486,3.120,3.120
20261001-202431,436.577,81053,4052,7,0,,0,1,0.118,0.520,0.520
20261001-202431,436.577,81053,3695,10,0,,0,1,0.120,1.556,1.556
20261001-202431,436.985,81053,3071,11,0,,0,1,0.442,3.562,3.562
20261001-202431,436.985,81053,2900,7,0,,0,1,0.528,4.088,4.088
20261001-202431,436.985,81053,3062,8,0,,0,1,0.528,3.562,3.562
20261001-202431,436.985,81053,4948,8,0,,0,0,0.528,1.446,1.446
20261001-202431,436.985,81053,3695,10,0,,0,1,0.408,1.964,1.964
20261001-202431,436.987,81053,4125,10,0,,0,1,0.530,1.966,1.966
20261001-202431,436.987,81053,4052,7,0,,0,1,0.410,0.930,0.930
20261001-202431,437.055,81053,4345,6,0,,0,1,0.598,0.598,0.598
20261001-202431,437.505,81053,3071,10,0,,0,1,0.520,4.082,4.082
20261001-202431,437.507,81053,4052,5,0,,0,1,0.520,1.450,1.450
20261001-202431,437.507,81053,3695,9,0,,0,1,0.522,2.486,2.486
20261001-202431,437.507,81053,2900,6,0,,0,1,0.522,4.610,4.610
20261001-202431,437.507,81053,6485,5,0,,0,1,0.452,1.050,1.050
20261001-202431,437.507,81053,4125,9,0,,0,1,0.520,2.486,2.486
20261001-202431,437.507,81053,3062,7,0,,0,1,0.522,4.084,4.084
20261001-203917,285.910,81326,838,10,1,Resistance,1,1,,,
20261001-203917,285.910,81326,627,9,2,Resolution+Might,1,1,,,
20261001-203917,285.910,81326,480,10,1,Resistance,1,1,,,
20261001-203917,285.910,81326,703,11,1,Might,1,1,,,
20261001-203917,286.434,81326,646,8,0,,0,1,0.524,0.524,0.524
20261001-203917,286.952,81326,703,11,1,Resolution,1,1,1.042,1.042,1.042
20261001-203917,315.356,81326,817,6,1,Regeneration,1,1,28.404,28.404,28.404
20261001-203917,315.356,81326,669,9,2,Resolution+Regeneration,1,1,,,
20261001-203917,315.356,81326,587,7,1,Alacrity,1,1,29.446,29.446,29.446
20261001-203917,315.866,81326,619,6,1,Protection,1,1,29.956,29.956,29.956
20261001-203917,315.866,81326,616,6,1,Protection,1,1,,,
20261001-210120,282.392,81326,867,5,1,Might,1,1,,,
20261001-210120,282.908,81326,662,8,1,Protection,1,1,,,
20261001-210120,282.908,81326,631,8,1,Resolution,1,1,,,
20261001-210120,282.908,81326,1086,7,1,Resolution,1,1,,,
20261001-210120,283.428,81326,631,7,0,,0,1,0.520,0.520,0.520
20261001-210120,283.428,81326,593,8,1,Regeneration,1,1,,,
20261001-210120,283.428,81326,1086,6,0,,0,1,0.520,0.520,0.520
20261001-210120,283.428,81326,988,8,0,,0,1,0.520,0.520,0.520
20261001-210120,283.428,81326,497,7,1,Regeneration,1,1,,,
20261001-210120,312.226,81326,489,6,0,,0,1,28.798,28.798,28.798
20261001-210120,312.226,81326,665,10,1,Resolution,1,1,28.798,29.318,29.318
20261001-210120,312.226,81326,715,7,1,Might,1,1,29.834,29.834,29.834
20261001-210120,312.226,81326,655,9,1,Resolution,1,1,,,
20261001-210120,312.744,81326,606,8,0,,0,1,29.316,29.836,29.836
20261001-210120,312.744,81326,456,7,0,,0,1,29.316,29.316,29.316
20261001-210120,312.744,81326,503,8,0,,0,1,,,
20261001-210120,312.744,81326,624,9,0,,0,1,29.316,29.836,29.836
20261001-210120,312.744,81326,795,6,0,,0,1,0.518,0.518,0.518
20261001-210120,312.744,81326,655,9,0,,0,1,0.518,0.518,0.518
20261001-210120,312.744,81326,624,8,1,Swiftness,1,1,,,
20261001-210120,313.262,81326,624,6,0,,0,1,0.518,0.518,0.518
20261001-210120,313.262,81326,641,9,0,,0,1,0.518,1.036,1.036
20261001-210120,313.262,81326,795,7,0,,0,1,0.518,1.036,1.036
20261001-210120,324.630,81053,2054,7,1,Protection,1,1,,,
20261001-210120,325.144,81053,1852,8,1,Resolution,1,1,12.400,41.716,41.716
20261001-210120,325.144,81053,2818,9,1,Resolution,1,1,11.882,12.400,12.400
20261001-210120,326.068,81053,1891,7,0,,0,1,0.924,0.924,0.924
20261001-210120,326.182,81053,1891,7,0,,0,1,0.114,1.038,1.038
20261001-210120,326.182,81053,2796,7,1,Might,1,1,13.438,43.274,43.274
20261001-210120,326.660,81053,3782,6,0,,0,1,0.478,1.516,1.516
20261001-210120,327.100,81053,1891,6,0,,0,1,0.440,1.956,1.956
20261001-210120,341.782,81326,585,9,1,Regeneration,1,1,16.638,16.638,16.638
20261001-210120,341.784,81326,669,8,1,Regeneration,1,1,15.602,15.602,15.602
20261001-210120,341.784,81326,736,9,1,Regeneration,1,1,29.558,29.558,29.558
20261001-210120,341.784,81326,789,8,1,Regeneration,1,1,28.522,29.558,29.558
20261001-210120,341.784,81326,745,8,1,Might,1,1,29.040,,
20261001-210120,341.784,81326,925,8,1,Swiftness,1,1,29.040,58.876,58.876
20261001-210120,341.784,81326,600,7,1,Swiftness,1,1,29.558,58.356,58.356
20261001-210120,341.784,81326,503,7,1,Might,1,1,14.684,16.640,16.640
20261001-210120,342.304,81326,925,7,0,,0,1,0.520,0.520,0.520
20261001-210120,342.304,81326,789,7,0,,0,1,0.520,0.520,0.520
20261001-210120,342.304,81326,745,8,0,,0,1,0.520,0.520,0.520
20261001-210120,342.304,81326,971,8,1,Swiftness,1,1,29.042,30.078,30.078
20261001-210120,342.304,81326,736,8,0,,0,1,0.520,0.520,0.520
20261001-210120,342.304,81326,669,7,0,,0,1,0.520,0.520,0.520
20261001-210120,342.304,81326,503,6,0,,0,1,0.520,0.520,0.520
20261001-210120,342.824,81326,503,6,0,,0,1,0.520,1.040,1.040
20261001-210120,343.348,81326,503,7,0,,0,1,0.524,1.564,1.564
20261001-210120,343.348,81326,600,6,1,Might,1,1,1.564,1.564,1.564
20261001-210120,343.348,81326,789,5,1,Might,1,1,1.044,1.564,1.564
20261001-210120,343.348,81326,736,8,1,Might,1,1,1.044,1.564,1.564
20261001-210120,344.706,81053,2235,6,1,Might,1,1,2.924,2.924,2.924
20261001-210120,344.706,81053,3178,5,1,Resolution,1,1,20.076,20.076,20.076
20261001-210120,344.706,81053,2366,6,1,Might,1,1,2.402,2.922,2.922
20261001-210120,345.224,81053,6333,7,1,Protection,1,1,1.876,1.876,1.876
20261001-210120,345.224,81053,5307,8,1,Protection,1,1,1.876,3.440,3.440
20261001-210120,345.226,81053,4958,7,0,,0,1,0.520,0.520,0.520
20261001-210120,345.750,81053,3163,7,1,Stability,1,1,3.446,3.966,3.966
20261001-210120,345.750,81053,2235,8,0,,0,1,0.524,1.044,1.044
20261001-210120,345.750,81053,2865,7,0,,0,1,0.526,0.526,0.526
20261001-210120,345.750,81053,3419,6,0,,0,1,0.526,0.526,0.526
20261001-210120,346.142,81053,3870,8,0,,0,1,0.392,0.918,0.918
20261001-210120,346.142,81053,3126,8,1,Might,1,1,3.838,3.838,3.838
20261001-210120,346.142,81053,3997,5,1,Stability,1,1,1.436,1.436,1.436
20261001-210120,346.270,81053,4441,6,1,Resolution,1,1,1.564,1.564,1.564
20261001-210120,346.270,81053,5275,7,1,Swiftness,1,1,2.922,2.922,2.922
20261001-210120,346.270,81053,3870,8,0,,0,1,0.128,1.046,1.046
20261001-210120,346.270,81053,2891,9,1,Alacrity,1,1,3.966,4.486,4.486
20261001-210120,346.270,81053,3243,8,0,,0,1,0.520,1.046,1.046
20261001-210120,346.270,81053,2529,9,0,,0,1,0.520,1.564,1.564
20261001-210120,346.660,81053,3840,4,0,,0,0,0.518,0.518,0.518
20261001-210120,346.660,81053,6006,7,0,,0,1,0.518,0.518,0.518
20261001-210120,346.782,81053,3003,7,0,,0,1,0.122,0.640,0.640
20261001-210120,361.025,81053,3342,9,1,Resolution,1,1,14.755,14.755,14.755
20261001-210120,361.026,81053,3660,8,1,Fury,1,1,14.756,15.802,15.802
20261001-210120,361.026,81053,3067,6,1,Resolution,1,1,14.756,15.802,15.802
20261001-210120,361.026,81053,2533,9,1,Resolution,1,1,14.366,14.884,14.884
20261001-210120,361.026,81053,2401,7,1,Regeneration,1,1,17.678,17.678,17.678
20261001-210120,361.026,81053,2392,7,1,Might,1,1,14.756,16.320,16.320
20261001-210120,361.542,81053,7320,6,1,Alacrity,0,1,0.516,0.516,0.516
20261001-210120,361.542,81053,6056,7,1,Stability,1,1,14.760,15.400,15.400
20261001-210120,361.542,81053,4802,4,0,,0,1,0.516,0.516,0.516
20261001-210120,361.542,81053,4784,5,0,,0,1,0.516,0.516,0.516
20261001-210120,361.542,81053,3067,6,0,,0,1,0.516,0.516,0.516
20261001-210120,362.064,81053,2392,5,0,,0,1,0.522,1.038,1.038
20261001-210120,362.064,81053,3584,4,0,,0,1,0.522,1.038,1.038
20261001-210120,362.064,81053,3660,5,0,,0,1,0.522,0.522,1.038
20261001-210120,362.466,81053,3660,6,0,,0,1,0.402,0.924,1.440
20261001-210120,362.466,81053,3584,4,0,,0,1,0.402,1.440,1.440
20261001-210120,362.466,81053,2392,6,0,,0,1,0.402,1.440,1.440
20261001-210120,362.588,81053,3067,7,1,Resolution,1,1,1.046,1.562,1.562
20261001-210120,362.590,81053,2392,6,0,,0,1,0.124,1.564,1.564
20261001-210120,362.590,81053,3584,3,0,,0,1,0.124,1.564,1.564
20261001-210120,362.590,81053,3342,9,1,Resolution,1,1,1.565,1.565,1.565
20261001-210120,362.590,81053,3660,5,0,,0,1,0.124,1.048,1.564
20261001-210120,363.060,81053,3632,8,1,Might,0,1,0.470,0.470,0.470
20261001-210120,363.062,81053,3373,5,2,Resolution+Swiftness,1,1,1.520,1.520,1.520
20261001-210120,363.062,81053,3334,6,1,Swiftness,0,1,0.474,0.474,0.474
20261001-210120,363.062,81053,2753,8,2,Resolution+Might,1,1,2.036,2.036,2.036
20261001-210120,363.062,81053,3895,3,0,,0,1,0.472,2.036,2.036
20261001-210120,363.062,81053,2600,6,0,,0,1,0.472,2.036,2.036
20261001-210120,364.102,81053,2707,6,1,Might,1,1,1.040,3.076,3.076
20261001-210120,380.342,81053,1801,5,1,Regeneration,1,1,16.240,16.240,16.240
20261001-210120,380.862,81053,1801,5,0,,0,1,0.520,0.520,0.520
20261001-210120,381.062,81326,436,3,0,,0,1,0.200,0.720,0.720
20261001-210120,381.062,81326,678,6,1,Resolution,1,1,18.002,18.002,18.472
20261001-210120,381.380,81053,2118,10,1,Resolution,1,1,18.318,18.318,18.318
20261001-210120,381.582,81326,678,7,0,,0,1,0.520,0.520,0.520
20261001-210120,381.582,81326,436,3,0,,0,1,0.520,1.240,1.240
20261001-210120,381.582,81326,417,8,1,Resolution,1,1,18.520,18.520,18.994
20261001-210120,382.304,81053,3438,7,0,,0,1,0.722,0.722,0.722
20261001-210120,382.304,81053,5082,10,1,Resolution,1,1,36.034,36.034,36.034
20261001-210120,382.382,81053,2061,4,0,,0,1,0.800,2.040,2.040
20261001-210120,382.382,81053,5592,9,0,,0,1,0.800,1.320,1.320
20261001-210120,382.382,81053,2008,11,1,Resolution,1,1,19.320,21.356,21.356
20261001-210120,382.382,81053,4558,10,1,Resistance,1,1,19.792,20.840,21.356
20261001-210120,382.382,81053,3796,9,1,Resolution,1,1,36.632,36.632,36.632
20261001-210120,382.382,81053,4708,9,1,Resolution,1,1,36.112,36.112,36.112
20261001-210120,382.382,81053,3691,9,1,Fury,1,1,19.320,19.320,19.320
20261001-210120,382.382,81053,6324,8,0,,0,1,1.002,1.002,1.002
20261001-210120,382.426,81053,2541,9,0,,0,1,0.122,0.122,0.122
20261001-210120,382.426,81053,1719,7,0,,0,1,0.122,0.844,0.844
20261001-210120,382.620,81326,767,8,0,,0,1,0.238,1.240,1.240
20261001-210120,382.620,81326,511,8,0,,0,1,0.238,0.238,0.238
20261001-210120,382.620,81326,552,9,0,,0,1,0.238,0.238,0.238
20261001-210120,382.620,81326,417,7,0,,0,1,0.194,1.038,1.038
20261001-210120,382.620,81326,678,9,0,,0,1,0.238,1.558,1.558
20261001-210120,382.620,81326,616,9,0,,0,1,0.194,0.316,0.316
20261001-210120,382.620,81326,487,10,0,,0,1,0.238,0.238,0.238
20261001-210120,382.620,81326,571,8,0,,0,1,0.238,0.238,0.238
20261001-210120,382.620,81326,500,4,0,,0,1,0.238,2.278,2.278
20261001-210120,382.620,81326,895,8,0,,0,1,0.238,0.238,0.238
20261001-210120,382.904,81053,1719,8,0,,0,1,0.284,1.322,1.322
20261001-210120,382.904,81053,2279,9,0,,0,1,0.284,0.522,0.522
20261001-210120,382.904,81053,1898,8,0,,0,1,0.284,0.522,0.522
20261001-210120,382.904,81053,2541,9,0,,0,1,0.284,0.600,0.600
20261001-210120,382.904,81053,2796,9,0,,0,1,0.284,1.842,1.842
20261001-210120,382.904,81053,2061,5,0,,0,1,0.284,2.562,2.562
20261001-210120,383.426,81053,2149,7,0,,0,1,0.522,1.044,1.044
20261001-210120,383.948,81053,2267,5,1,Protection,1,1,1.044,3.606,3.606
20261001-210120,383.948,81053,4282,8,1,Fury,1,1,1.328,1.566,1.566
20261001-210120,383.948,81053,2150,8,0,,0,1,0.522,1.566,1.566
20261001-210120,383.948,81053,3853,6,1,Vigor,1,1,1.044,1.566,1.566
20261001-210120,383.948,81053,2275,8,1,Swiftness,1,1,1.328,1.566,1.566
20261001-210120,383.948,81053,2879,11,1,Regeneration,1,1,1.044,1.644,1.644
20261001-210120,383.948,81053,1947,7,1,Swiftness,1,1,1.044,2.366,2.366
20261001-210120,383.948,81053,3167,8,1,Fury,1,1,1.044,2.886,2.886
20261001-210120,383.948,81053,3582,9,1,Resistance,1,1,1.328,2.568,2.568
20261001-210120,408.938,81053,2357,8,1,Might,1,1,26.318,26.556,26.556
20261001-210120,409.466,81053,1900,6,1,Might,1,1,25.518,27.084,27.084
20261001-210120,409.468,81053,2357,6,0,,0,1,0.530,0.530,0.530
20261001-210120,409.468,81053,5600,7,1,Resolution,1,1,25.520,25.520,25.520
20261001-210120,409.468,81053,4244,9,1,Resolution,1,1,25.520,25.520,25.520
20261001-210120,409.980,81053,4714,9,0,,0,1,0.512,0.512,0.512
20261001-210120,409.980,81053,4454,8,1,Fury,1,1,26.032,26.032,26.032
20261001-210120,409.980,81053,6222,9,0,,0,1,0.512,0.512,0.512
20261001-210120,409.980,81053,2282,8,1,Protection,1,1,26.032,26.032,26.032
20261001-210120,410.378,81053,3111,8,0,,0,1,0.398,0.910,0.910
20261001-210120,410.378,81053,2227,5,0,,0,1,0.398,0.398,0.398
20261001-210120,410.378,81053,2357,8,0,,0,1,0.398,0.910,0.910
20261001-210120,410.378,81053,3407,7,0,,0,1,0.398,0.398,0.398
20261001-210120,410.504,81053,4714,8,0,,0,1,0.126,1.036,1.036
20261001-210120,410.504,81053,6814,7,0,,0,1,0.126,0.524,0.524
20261001-210120,410.504,81053,4454,5,0,,0,1,0.126,0.524,0.524
20261001-210120,410.504,81053,6222,8,0,,0,1,0.126,1.036,1.036
20261001-210120,410.504,81053,3082,6,1,Might,1,1,1.036,1.566,1.566
20261001-210120,410.504,81053,2112,7,1,Might,1,1,1.038,1.038,1.038
20261001-210120,410.986,81053,4454,6,0,,0,1,0.482,1.006,1.006
20261001-210120,410.988,81053,6814,8,0,,0,1,0.484,1.008,1.008
20261001-210120,410.988,81053,4714,8,0,,0,1,0.484,1.520,1.520
20261001-210120,411.024,81053,2619,3,0,,0,1,0.520,0.520,0.520
20261001-210120,411.024,81053,2112,5,0,,0,1,0.520,0.520,0.520
20261001-210120,412.546,81053,2235,9,1,Stability,1,1,28.598,28.598,28.598
20261001-210120,412.546,81053,2818,10,1,Resolution,1,1,28.598,28.598,28.598
20261001-210120,431.656,81053,1747,9,1,Might,1,1,47.708,47.708,47.708
20261001-210120,432.066,81053,3494,8,0,,0,1,0.410,0.410,0.410
20261001-210120,432.066,81053,6094,8,1,Might,1,1,19.520,19.520,19.520
20261001-210120,432.066,81053,4786,10,1,Resolution,1,1,21.042,21.562,21.562
20261001-210120,432.066,81053,5682,8,1,Resolution,1,1,21.562,22.598,22.598
20261001-210120,432.146,81053,5166,8,1,Might,1,1,48.198,48.198,48.198
20261001-210120,432.146,81053,4068,9,1,Might,1,1,21.160,22.166,22.166
20261001-210120,432.146,81053,4170,8,1,Resolution,1,1,21.158,22.166,22.166
20261001-210120,432.146,81053,5066,9,1,Resolution,1,1,21.158,22.678,22.678
20261001-210120,432.146,81053,5026,9,1,Resolution,1,1,19.600,19.600,19.600
20261001-210120,432.182,81053,1929,9,1,Might,1,1,21.158,21.678,21.678
20261001-210120,432.182,81053,2841,7,0,,0,1,0.116,0.116,0.116
20261001-210120,432.182,81053,2393,9,0,,0,1,0.116,0.116,0.116
20261001-210120,432.182,81053,3047,7,0,,0,1,0.116,0.116,0.116
20261001-210120,432.582,81053,5066,8,0,,0,1,0.436,0.436,0.436
20261001-210120,432.582,81053,4170,8,0,,0,1,0.436,0.436,0.436
20261001-210120,432.584,81053,5026,9,0,,0,1,0.438,0.438,0.438
20261001-210120,432.584,81053,4068,9,0,,0,1,0.438,0.438,0.438
20261001-210120,432.584,81053,2393,9,0,,0,1,0.402,0.518,0.518
20261001-210120,432.584,81053,5166,8,0,,0,1,0.438,0.438,0.438
20261001-210120,432.584,81053,1929,8,0,,0,1,0.402,0.402,0.402
20261001-210120,432.584,81053,6094,8,0,,0,1,0.402,0.518,0.518
20261001-210120,432.584,81053,3494,9,0,,0,1,0.518,0.928,0.928
20261001-210120,433.098,81053,3858,5,0,,0,1,0.514,0.916,0.916
20261001-210120,433.098,81053,2393,6,0,,0,1,0.514,1.032,1.032
20261001-210120,433.098,81053,5026,9,0,,0,1,0.514,0.952,0.952
20261001-210120,433.098,81053,5166,8,0,,0,1,0.514,0.952,0.952
20261001-210120,433.098,81053,4170,8,0,,0,1,0.516,0.952,0.952
20261001-210120,433.098,81053,5066,5,0,,0,1,0.516,0.952,0.952
20261001-210120,433.098,81053,4068,9,0,,0,1,0.514,0.952,0.952
20261001-210120,433.098,81053,3047,8,0,,0,1,0.514,1.032,1.032
20261001-210120,433.220,81326,724,8,0,,0,1,0.122,1.154,1.154
20261001-210120,433.220,81326,483,9,0,,0,1,0.122,1.074,1.074
20261001-210120,433.220,81326,568,6,0,,0,1,0.122,1.154,1.154
20261001-210120,433.220,81326,509,5,0,,0,1,0.122,1.038,1.038
20261001-210120,433.220,81326,613,8,0,,0,1,0.122,1.074,1.074
20261001-210120,433.220,81326,495,8,0,,0,1,0.122,1.074,1.074
20261001-210120,433.696,81053,2654,4,0,,0,1,0.476,1.630,1.630
20261001-210120,433.696,81053,2312,7,0,,0,1,0.476,1.550,1.550
20261001-210120,433.696,81053,2256,10,0,,0,1,0.476,1.550,1.550
20261001-210120,434.264,81326,601,6,2,Resolution+Regeneration,1,1,1.166,2.118,2.118
20261001-210120,434.780,81326,675,5,2,Resolution+Might,1,1,2.598,2.714,2.714
20261001-210120,434.780,81326,483,10,2,Resolution+Fury,1,1,1.084,2.634,2.634
20261001-210120,434.780,81326,415,7,2,Vigor+Fury,1,1,2.196,3.124,3.124
20261001-210120,434.780,81326,804,9,2,Resistance+Might,1,1,1.560,2.714,2.714
20261001-210120,434.780,81326,613,6,2,Fury+Vigor,1,1,1.560,2.634,2.634
20261001-210120,462.742,81326,560,8,1,Alacrity,1,1,27.962,27.962,27.962
20261001-210120,462.742,81326,638,9,1,Fury,1,1,27.962,27.962,27.962
20261001-210120,462.742,81326,479,9,1,Alacrity,1,1,27.962,27.962,27.962
20261001-210120,462.742,81326,558,9,1,Alacrity,1,1,27.962,27.962,27.962
20261001-210120,462.742,81326,572,8,1,Alacrity,1,1,29.046,30.596,30.596
20261001-210120,463.258,81326,479,8,0,,0,1,0.516,0.516,0.516
20261001-210120,463.258,81326,638,9,0,,0,1,0.516,0.516,0.516
20261001-210120,463.258,81326,558,8,0,,0,1,0.516,0.516,0.516
20261001-210120,463.258,81326,560,8,0,,0,1,0.516,0.516,0.516
20261001-210120,463.782,81326,558,8,0,,0,1,0.524,1.040,1.040
20261001-210120,463.782,81326,479,8,0,,0,1,0.524,1.040,1.040
20261001-210120,463.782,81326,572,8,1,Might,1,1,1.040,1.040,1.040
20261001-210120,463.782,81326,560,9,0,,0,1,0.524,1.040,1.040
20261001-210120,463.782,81326,638,10,0,,0,1,0.524,1.040,1.040
20261001-210120,495.300,80901,3043,10,1,Resolution,1,1,31.518,32.558,32.558
20261001-210120,495.820,80901,3910,9,1,Alacrity,1,1,62.722,63.674,63.674
20261001-210120,510.298,80901,10947,8,1,Resolution,1,1,76.602,78.232,78.232
20261001-210120,510.298,80901,6442,8,1,Fury,1,1,76.034,76.034,76.034
20261001-210120,510.298,80901,5226,7,1,Regeneration,1,1,46.516,47.556,47.556
20261001-210120,510.824,80901,11580,7,1,Stability,0,1,0.526,0.526,0.526
20261001-210120,510.824,80901,10233,7,0,,0,1,0.526,0.526,0.526
20261001-210120,510.824,80901,6954,7,1,Stability,1,1,47.042,48.082,48.082
20261001-210120,510.824,80901,9129,8,1,Stability,1,1,15.524,15.524,15.524
20261001-210120,510.824,80901,9116,7,1,Stability,1,1,47.042,48.082,48.082
20261001-210120,510.824,80901,2613,7,1,Stability,0,1,0.526,0.526,0.526
20261001-210120,511.338,80901,5270,6,0,,0,1,0.514,0.514,1.040
20261001-210120,511.862,80901,4197,5,1,Alacrity,1,1,1.038,1.038,1.564
20261001-211048,279.512,81326,1267,4,1,Resistance,1,1,,,
20261001-211048,309.272,81326,707,4,1,Might,1,1,,,
20261001-211048,309.272,81326,540,8,1,Fury,1,1,,,
20261001-211048,309.790,81326,540,8,0,,0,1,0.518,0.518,0.518
20261001-211048,310.310,81326,526,6,4,Fury+Might+Stability+Swiftness,1,1,,,
20261001-211048,310.310,81326,631,8,1,Fury,1,1,,,
20261001-211048,310.828,81326,438,6,1,Might,1,1,,,
20261001-211048,310.828,81326,583,6,1,Might,1,1,,,
20261001-211048,310.828,81326,538,5,1,Might,1,1,,,
20261001-211048,326.032,81053,3346,8,4,Swiftness+Fury+Might+Alacrity,1,1,15.722,15.722,15.722
20261001-211048,326.032,81053,3248,9,1,Regeneration,1,1,16.760,16.760,16.760
20261001-211048,326.544,81053,7206,8,0,,0,1,0.512,0.512,0.512
20261001-211048,326.544,81053,7422,4,0,,0,1,0.512,0.512,0.512
20261001-211048,327.063,81053,3711,4,0,,0,1,0.519,1.031,1.031
20261001-211048,327.064,81053,5902,9,1,Protection,1,1,16.236,16.236,16.236
20261001-211048,327.588,81053,2910,10,1,Regeneration,1,1,,,
20261001-211048,327.588,81053,4130,10,1,Regeneration,1,1,48.076,48.076,48.076
20261001-211048,327.992,81053,3534,7,0,,0,1,0.928,0.928,0.928
20261001-211048,328.110,81053,3711,7,4,Might+Swiftness+Regeneration+Protection,1,1,1.047,2.078,2.078
20261001-211048,328.584,81053,3534,7,0,,0,1,0.592,1.520,1.520
20261001-211048,329.028,81053,5486,1,3,Might+Quickness+Vigor,0,1,0.918,0.918,0.918
20261001-211048,329.108,81053,3534,7,0,,0,1,0.524,2.044,2.044
20261001-211048,347.824,81053,2534,8,1,Might,1,1,18.716,20.760,20.760
20261001-211048,348.346,81053,2810,9,1,Resolution,1,1,38.556,39.074,39.074
20261001-211048,348.346,81053,2534,7,0,,0,1,0.522,0.522,0.522
20261001-211048,348.346,81053,3023,7,1,Regeneration,1,1,20.758,20.758,20.758
20261001-211048,348.346,81053,3371,9,1,Regeneration,1,1,37.518,37.518,37.518
20261001-211048,348.346,81053,2950,7,4,Might+Swiftness+Regeneration+Protection,1,1,19.318,19.318,20.236
20261001-211048,348.346,81053,3280,9,1,Protection,1,1,38.036,38.036,38.036
20261001-211048,363.470,81053,3514,8,1,Fury,1,1,15.124,15.124,15.124
20261001-211048,363.986,81053,5746,4,1,Regeneration,1,1,15.640,16.162,16.162
20261001-211048,363.986,81053,3345,9,1,Might,1,1,37.442,37.954,37.954
20261001-211048,364.506,81053,2873,3,0,,0,1,0.520,0.520,0.520
20261001-211048,364.912,81053,3345,7,0,,0,1,0.926,0.926,0.926
20261001-211048,364.912,81053,2873,3,0,,0,1,0.406,0.926,0.926
20261001-211048,364.912,81053,2843,9,4,Might+Swiftness+Regeneration+Stability,1,1,16.566,16.566,16.566
20261001-211048,364.912,81053,2854,7,1,Might,1,1,37.324,37.324,37.324
20261001-211048,365.032,81053,5746,4,0,,0,1,0.120,1.046,1.046
20261001-211048,365.032,81053,6690,7,0,,0,1,0.120,1.046,1.046
20261001-211048,365.424,81053,5128,6,0,,0,1,0.512,0.512,0.512
20261001-211048,365.424,81053,5146,7,0,,0,1,0.512,0.512,0.512
20261001-211048,365.424,81053,6336,9,1,Alacrity,1,1,1.954,1.954,1.954
20261001-211048,365.426,81053,6446,6,1,Resolution,1,1,,,
20261001-211048,365.426,81053,2443,7,1,Resolution,1,1,17.080,17.080,17.080
20261001-211048,365.506,81053,6032,7,0,,0,1,0.474,1.520,1.520
20261001-211048,365.950,81053,2573,7,0,,0,1,0.526,1.038,1.038
20261001-211048,365.950,81053,2564,6,0,,0,1,0.526,1.038,1.038
20261001-211048,365.950,81053,3168,8,0,,0,1,0.526,0.526,0.526
20261001-211048,366.022,81053,2443,7,0,,0,1,0.596,0.596,0.596
20261001-211048,366.470,81053,2427,7,1,Protection,1,1,55.642,55.642,55.642
20261001-211048,366.470,81053,2843,6,0,,0,1,0.520,1.558,1.558
20261001-211048,366.470,81053,3445,7,0,,0,1,0.964,2.484,2.484
20261001-211048,366.470,81053,3250,8,1,Resolution,1,1,18.124,18.124,18.124
20261001-211048,366.470,81053,3599,7,0,,0,1,0.520,1.046,1.046
20261001-211048,366.470,81053,2442,7,1,Resolution,1,1,1.438,2.484,2.484
20261001-211048,384.064,81053,2390,10,1,Alacrity,1,1,17.594,17.594,17.594
20261001-211048,384.550,81053,3888,9,1,Resolution,1,1,19.124,19.124,19.124
20261001-211048,384.550,81053,2639,10,1,Swiftness,1,1,18.080,18.080,18.080
20261001-211048,384.550,81053,3640,10,1,Swiftness,1,1,18.080,18.080,18.080
20261001-211048,384.550,81053,3104,9,1,Alacrity,1,1,18.600,19.638,19.638
20261001-211048,384.550,81053,3274,8,1,Might,1,1,18.080,20.564,20.564
20261001-211048,384.550,81053,2390,8,0,,0,1,0.486,0.486,0.486
20261001-211048,384.550,81053,3092,8,4,Alacrity+Fury+Might+Protection,1,1,18.080,19.638,19.638
20261001-211048,385.062,81053,3170,8,1,Protection,1,1,36.716,36.716,36.716
20261001-211048,385.062,81053,3104,9,0,,0,1,0.512,0.512,0.512
20261001-211048,386.102,81053,5566,6,1,Vigor,1,1,1.040,1.040,1.040
20261001-211048,400.830,81326,706,8,1,Protection,1,1,16.280,16.280,16.280
20261001-211048,400.830,81326,481,8,1,Regeneration,1,1,16.280,16.280,16.280
20261001-211048,400.830,81326,551,10,1,Regeneration,1,1,34.360,35.406,35.406
20261001-211048,400.830,81326,537,5,1,Protection,1,1,34.808,35.404,35.404
20261001-211048,401.344,81326,551,9,0,,0,1,0.514,0.514,0.514
20261001-211048,402.398,81326,551,10,1,Swiftness,1,1,1.054,1.568,1.568
20261001-211048,402.398,81326,1054,8,1,Might,1,1,1.568,1.568,1.568
20261001-211048,410.388,81053,3665,9,1,Resolution,1,1,25.838,25.838,25.838
20261001-211048,410.388,81053,4391,9,1,Resolution,1,1,7.990,7.990,7.990
20261001-211048,410.390,81053,5166,6,1,Resolution,1,1,9.560,9.560,9.560
20261001-211048,410.390,81053,3884,8,1,Regeneration,1,1,7.992,7.992,7.992
20261001-211048,410.904,81053,7616,8,0,,0,1,0.516,0.516,0.516
20261001-211048,410.904,81053,8782,8,0,,0,1,0.516,0.516,0.516
20261001-211048,410.904,81053,10730,5,0,,0,1,0.514,0.514,0.514
20261001-211048,410.904,81053,3884,8,0,,0,1,0.514,0.514,0.514
20261001-211048,410.904,81053,5086,6,1,Might,1,1,25.842,26.354,26.354
20261001-211048,410.904,81053,3332,5,4,Might+Protection+Vigor+Fury,1,1,26.354,26.354,26.354
20261001-211048,411.432,81053,5369,6,0,,0,1,0.528,0.528,0.528
20261001-211048,411.432,81053,5396,2,0,,0,1,0.528,0.528,0.528
20261001-211048,411.432,81053,11326,7,0,,0,1,0.528,1.042,1.042
20261001-211048,411.432,81053,3884,8,0,,0,1,0.528,1.042,1.042
20261001-211048,411.432,81053,8048,8,0,,0,1,0.528,1.044,1.044
20261001-211048,411.432,81053,8782,8,0,,0,1,0.528,1.044,1.044
20261001-211048,411.828,81053,3239,8,0,,0,1,0.396,1.440,1.440
20261001-211048,411.828,81053,3502,8,0,,0,1,0.396,1.438,1.438
20261001-211048,411.828,81053,4840,6,0,,0,1,0.396,0.924,0.924
20261001-211048,411.828,81053,4865,3,0,,0,1,0.396,0.924,0.924
20261001-211048,411.952,81053,3259,4,0,,0,1,0.124,1.048,1.048
20261001-211048,411.952,81053,4840,6,0,,0,1,0.124,1.048,1.048
20261001-211048,411.952,81053,3502,8,0,,0,1,0.124,1.562,1.562
20261001-211048,411.952,81053,3239,8,0,,0,1,0.124,1.564,1.564
20261001-211048,412.426,81053,7462,8,0,,0,1,0.474,2.036,2.036
20261001-211048,412.426,81053,10314,7,0,,0,1,0.474,1.522,1.522
20261001-211048,412.426,81053,6946,6,0,,0,1,0.474,1.522,1.522
20261001-211048,412.464,81053,3095,7,1,Protection,1,1,26.362,26.362,26.362
20261001-211048,413.392,81053,3593,9,1,Resolution,1,1,1.440,3.004,3.004
20261001-211048,413.984,81053,3915,6,1,Alacrity,1,1,2.552,3.594,3.594
20261001-213946,283.955,81326,548,9,1,Regeneration,1,1,,,
20261001-213946,283.955,81326,577,11,1,Regeneration,1,1,,,
20261001-213946,284.473,81326,548,9,0,,0,1,0.518,0.518,0.518
20261001-213946,284.473,81326,577,10,0,,0,1,0.518,0.518,0.518
20261001-213946,284.991,81326,658,9,1,Alacrity,1,1,,,
20261001-213946,284.991,81326,577,10,1,Protection,0,1,0.518,1.036,1.036
20261001-213946,284.991,81326,548,9,0,,0,1,0.518,1.036,1.036
20261001-213946,313.591,81326,559,8,1,Resolution,1,1,,,
20261001-213946,313.591,81326,720,9,1,Resolution,1,1,,,
20261001-213946,313.591,81326,606,10,1,Resolution,1,1,,,
20261001-213946,313.591,81326,543,9,1,Resolution,1,1,,,
20261001-213946,313.591,81326,652,10,0,,0,1,,,
20261001-213946,314.113,81326,543,9,0,,0,1,0.522,0.522,0.522
20261001-213946,314.113,81326,652,11,0,,0,1,0.522,,
20261001-213946,314.113,81326,575,9,1,Might,1,1,29.122,29.122,30.158
20261001-213946,314.113,81326,641,10,0,,0,1,29.122,30.158,30.158
20261001-213946,314.113,81326,720,10,0,,0,1,0.522,0.522,0.522
20261001-213946,314.113,81326,589,10,1,Might,1,1,29.122,29.122,29.122
20261001-213946,314.113,81326,559,9,0,,0,1,0.522,0.522,0.522
20261001-213946,314.633,81326,641,9,0,,0,1,0.520,30.678,30.678
20261001-213946,314.633,81326,652,11,0,,0,1,0.520,,
20261001-213946,315.149,81326,492,7,1,Might,1,1,,,
20261001-213946,315.151,81326,559,10,1,Resolution,1,1,1.038,1.560,1.560
20261001-213946,333.631,81053,3262,7,1,Fury,1,1,18.480,18.480,18.480
20261001-213946,333.631,81053,3376,8,1,Fury,1,1,18.482,18.482,18.482
20261001-213946,333.631,81053,1677,7,1,Vigor,1,1,19.518,20.040,20.040
20261001-213946,333.631,81053,2246,10,1,Fury,1,1,19.518,19.518,19.518
20261001-213946,334.153,81053,3104,7,0,,0,1,0.522,0.522,0.522
20261001-213946,334.153,81053,2065,8,0,,0,1,0.522,0.522,0.522
20261001-213946,334.555,81053,2065,9,0,,0,1,0.402,0.924,0.924
20261001-213946,334.555,81053,1552,8,0,,0,1,0.402,0.924,0.924
20261001-213946,334.671,81053,1904,6,1,Might,1,1,1.040,1.040,1.040
20261001-213946,334.673,81053,1852,10,1,Protection,1,1,,,
20261001-213946,334.673,81053,2065,10,0,,0,1,0.118,1.042,1.042
20261001-213946,334.673,81053,3104,9,0,,0,1,0.118,1.042,1.042
20261001-213946,335.069,81053,3334,5,2,Might+Alacrity,1,1,1.438,1.438,1.438
20261001-213946,335.069,81053,4634,9,1,Swiftness,0,1,0.396,1.438,1.438
20261001-213946,335.195,81053,2317,8,0,,0,1,0.126,0.126,1.564
20261001-213946,335.195,81053,1721,9,2,Swiftness+Regeneration,1,1,20.562,51.240,51.240
20261001-213946,335.195,81053,1904,5,1,Regeneration,0,1,0.524,0.524,0.524
20261001-213946,335.195,81053,2764,7,1,Regeneration,0,1,0.522,0.522,0.522
20261001-213946,335.673,81053,2474,8,0,,0,1,0.478,0.604,2.042
20261001-213946,336.107,81053,4740,7,0,,0,1,0.434,1.038,2.476
20261001-213946,336.187,81053,1705,5,1,Might,1,1,1.118,1.118,1.118
20261001-213946,336.713,81053,2370,6,0,,0,1,0.606,1.644,3.082
20261001-213946,344.871,81326,572,6,1,Alacrity,1,1,9.676,9.676,10.198
20261001-213946,344.871,81326,656,8,1,Alacrity,1,1,31.280,31.280,31.280
20261001-213946,344.871,81326,973,8,1,Alacrity,1,1,30.238,,
20261001-213946,344.871,81326,574,9,1,Resolution,1,1,10.198,11.240,11.240
20261001-213946,344.871,81326,504,7,1,Might,1,1,30.758,30.758,30.758
20261001-213946,344.871,81326,702,6,0,,0,1,30.758,31.280,31.280
20261001-213946,344.871,81326,606,8,1,Alacrity,1,1,8.684,8.684,8.684
20261001-213946,344.871,81326,478,10,1,Fury,1,1,9.676,9.676,9.676
20261001-213946,345.385,81326,478,9,0,,0,1,0.514,0.514,0.514
20261001-213946,345.385,81326,606,9,0,,0,1,0.514,0.514,0.514
20261001-213946,345.385,81326,636,9,0,,0,1,0.514,0.514,0.514
20261001-213946,345.385,81326,656,8,0,,0,1,0.514,0.514,0.514
20261001-213946,345.903,81326,606,9,0,,0,1,0.518,1.032,1.032
20261001-213946,345.903,81326,478,9,0,,0,1,0.518,1.032,1.032
20261001-213946,346.423,81326,656,8,1,Swiftness,1,1,1.038,1.552,1.552
20261001-213946,353.269,81053,1802,8,1,Might,1,1,16.556,18.200,19.638
20261001-213946,353.785,81053,5004,8,1,Might,1,1,8.914,8.914,8.914
20261001-213946,353.785,81053,1880,7,0,,0,1,0.516,0.516,0.516
20261001-213946,353.785,81053,6560,10,1,Swiftness,1,1,8.914,8.914,8.914
20261001-213946,353.785,81053,1876,10,1,Protection,1,1,7.882,8.914,8.914
20261001-213946,353.785,81053,2244,8,1,Might,1,1,8.914,8.914,8.914
20261001-213946,353.785,81053,2435,11,1,Stability,1,1,8.400,8.914,8.914
20261001-213946,353.797,81053,5506,9,1,Might,1,1,8.926,40.206,40.206
20261001-213946,353.797,81053,1818,9,1,Might,1,1,7.894,8.926,8.926
20261001-213946,354.307,81053,1818,9,0,,0,1,0.510,0.510,0.510
20261001-213946,354.307,81053,2801,9,0,,0,1,0.522,0.522,0.522
20261001-213946,354.307,81053,2244,8,0,,0,1,0.522,0.522,0.522
20261001-213946,354.307,81053,2502,8,0,,0,1,0.522,0.522,0.522
20261001-213946,354.307,81053,2575,7,1,Fury,1,1,7.884,7.884,7.884
20261001-213946,354.307,81053,3280,9,0,,0,1,0.522,0.522,0.522
20261001-213946,354.307,81053,1880,8,0,,0,1,0.522,1.038,1.038
20261001-213946,354.709,81053,2468,6,0,,0,1,0.402,0.402,0.402
20261001-213946,354.709,81053,1741,9,0,,0,1,0.402,0.912,0.912
20261001-213946,355.225,81053,5084,6,0,,0,1,0.516,0.918,0.918
20261001-213946,355.225,81053,1802,8,0,,0,1,0.918,1.956,1.956
20261001-213946,355.225,81053,5956,10,1,Protection,1,1,1.440,1.440,1.440
20261001-213946,355.225,81053,3143,9,0,,0,1,0.918,1.440,1.440
20261001-213946,355.225,81053,3596,9,0,,0,1,0.918,1.440,1.440
20261001-213946,355.225,81053,2637,9,1,Swiftness,1,1,1.428,1.428,1.428
20261001-213946,355.311,81053,1989,8,1,Might,1,1,20.116,20.116,20.640
20261001-213946,355.751,81053,4422,7,0,,0,1,0.440,0.440,0.440
20261001-213946,355.751,81053,4780,8,1,Might,1,1,1.444,1.966,1.966
20261001-213946,355.751,81053,3996,9,0,,0,1,0.526,1.966,1.966
20261001-213946,355.824,81053,2825,6,0,,0,1,0.599,1.517,1.517
20261001-213946,355.824,81053,2159,10,1,Protection,1,1,1.517,2.039,2.039
20261001-213946,355.825,81053,3964,9,0,,0,1,0.600,0.600,0.600
20261001-213946,355.825,81053,1622,9,0,,0,1,0.600,2.556,2.556
20261001-213946,356.269,81053,4780,8,0,,0,1,0.518,0.518,0.518
20261001-213946,356.269,81053,3872,9,1,Alacrity,1,1,1.560,2.472,2.472
20261001-213946,369.994,81053,3066,7,1,Resolution,1,1,13.725,14.243,14.243
20261001-213946,370.513,81053,3066,8,0,,0,1,0.519,0.519,0.519
20261001-213946,370.513,81053,1849,9,1,Resolution,1,1,14.244,14.244,14.244
20261001-213946,371.431,81053,3401,7,0,,0,1,0.918,1.437,1.437
20261001-213946,371.431,81053,2051,8,0,,0,1,0.918,0.918,0.918
20261001-213946,371.943,81053,3940,9,1,Alacrity,1,1,16.118,18.674,18.674
20261001-213946,371.943,81053,4694,7,1,Regeneration,1,1,16.192,16.632,16.632
20261001-213946,371.943,81053,5240,6,1,Regeneration,1,1,16.119,17.636,17.636
20261001-213946,371.943,81053,5600,7,1,Regeneration,1,1,16.718,16.718,16.718
20261001-213946,372.067,81053,2121,9,1,Swiftness,1,1,16.316,18.282,18.282
20261001-213946,372.067,81053,3336,9,1,Alacrity,1,1,16.842,18.282,18.282
20261001-213946,372.465,81053,2347,6,0,,0,1,0.522,0.522,0.522
20261001-213946,372.991,81053,2347,6,0,,0,1,0.526,1.048,1.048
20261001-213946,372.991,81053,2121,8,0,,0,1,0.924,0.924,0.924
20261001-213946,372.991,81053,3336,8,0,,0,1,0.924,0.924,0.924
20261001-213946,372.991,81053,2800,6,0,,0,1,1.048,1.048,1.048
20261001-213946,390.509,81053,4978,10,1,Resolution,1,1,34.684,35.284,35.284
20261001-213946,390.509,81053,5494,11,1,Resolution,1,1,17.518,18.566,18.566
20261001-213946,390.509,81053,1678,10,1,Resolution,1,1,17.518,18.566,18.566
20261001-213946,390.509,81053,1814,11,1,Might,1,1,19.078,19.996,19.996
20261001-213946,390.509,81053,1689,8,1,Might,1,1,18.566,18.566,18.566
20261001-213946,390.509,81053,2795,8,1,Might,1,1,17.518,18.442,18.442
20261001-213946,390.509,81053,2015,8,1,Might,1,1,19.078,20.515,20.515
20261001-213946,390.511,81053,2313,12,1,Resolution,1,1,18.568,18.568,18.568
20261001-213946,390.511,81053,2946,9,1,Resolution,1,1,17.520,18.444,18.444
20261001-213946,390.909,81053,3722,9,0,,0,1,0.400,0.400,0.400
20261001-213946,390.909,81053,4024,8,0,,0,1,0.400,0.400,0.400
20261001-213946,390.909,81053,3746,5,0,,0,1,0.400,0.400,0.400
20261001-213946,390.909,81053,4470,6,0,,0,1,0.400,0.400,0.400
20261001-213946,390.909,81053,6200,7,0,,0,1,0.400,0.400,0.400
20261001-213946,390.909,81053,5520,9,0,,0,1,0.400,0.400,0.400
20261001-213946,390.909,81053,5132,10,0,,0,1,0.398,0.398,0.398
20261001-213946,390.909,81053,6094,10,0,,0,1,0.400,0.400,0.400
20261001-213946,390.909,81053,6536,7,0,,0,1,0.398,0.398,0.398
20261001-213946,391.025,81053,1814,8,0,,0,1,0.116,0.516,0.516
20261001-213946,391.025,81053,2015,6,0,,0,1,0.116,0.516,0.516
20261001-213946,391.025,81053,2313,10,0,,0,1,0.116,0.514,0.514
20261001-213946,391.025,81053,1678,9,0,,0,1,0.116,0.516,0.516
20261001-213946,391.025,81053,1689,5,0,,0,1,0.116,0.516,0.516
20261001-213946,391.025,81053,2489,9,0,,0,1,0.116,0.516,0.516
20261001-213946,391.025,81053,2795,7,0,,0,1,0.116,0.516,0.516
20261001-213946,391.025,81053,2946,7,0,,0,1,0.116,0.514,0.514
20261001-213946,391.025,81053,2747,10,0,,0,1,0.116,0.516,0.516
20261001-213946,391.427,81053,4626,8,0,,0,1,0.402,0.916,0.916
20261001-213946,391.427,81053,4978,6,0,,0,1,0.402,0.918,0.918
20261001-213946,391.427,81053,3378,5,0,,0,1,0.402,0.918,0.918
20261001-213946,391.427,81053,5590,7,0,,0,1,0.402,0.918,0.918
20261001-213946,391.427,81053,5892,7,0,,0,1,0.402,0.916,0.916
20261001-213946,391.427,81053,5494,9,0,,0,1,0.402,0.918,0.918
20261001-213946,391.507,81053,1865,9,0,,0,1,0.482,0.998,0.998
20261001-213946,391.507,81053,2015,6,0,,0,1,0.482,0.998,0.998
20261001-213946,391.507,81053,1814,7,0,,0,1,0.482,0.998,0.998
20261001-213946,391.951,81053,2747,9,0,,0,1,0.524,1.442,1.442
20261001-213946,392.021,81053,1814,6,0,,0,1,0.514,1.512,1.512
20261001-213946,392.021,81053,1865,8,0,,0,1,0.514,1.512,1.512
20261001-213946,392.021,81053,1689,5,0,,0,1,0.594,1.512,1.512
20261001-213946,392.021,81053,2313,8,0,,0,1,0.594,1.510,1.510
20261001-213946,392.021,81053,2795,5,0,,0,1,0.594,1.512,1.512
20261001-213946,392.549,81053,2570,9,0,,0,1,0.528,2.038,2.038
20261001-213946,392.549,81053,3052,8,0,,0,1,0.598,2.040,2.040
20261001-213946,392.549,81053,2497,8,1,Regeneration,1,1,36.725,36.725,36.725
20261001-213946,392.549,81053,2193,5,1,Regeneration,1,1,1.122,2.038,2.038
20261001-213946,392.549,81053,1877,4,0,,0,1,0.528,2.040,2.040
20261001-213946,392.549,81053,3105,4,0,,0,1,0.528,2.040,2.040
20261001-213946,392.549,81053,2072,8,0,,0,1,0.528,2.040,2.040
20261001-213946,392.549,81053,2239,4,1,Regeneration,1,1,1.042,2.040,2.040
20261001-213946,411.949,81326,438,7,1,Resolution,1,1,19.400,21.440,21.440
20261001-213946,411.949,81326,470,8,1,Might,1,1,19.928,21.440,21.440
20261001-213946,412.465,81326,438,7,0,,0,1,0.516,0.516,0.516
20261001-213946,412.465,81326,523,9,1,Regeneration,1,1,19.916,19.916,19.916
20261001-213946,412.465,81326,713,7,1,Protection,1,1,19.916,21.956,21.956
20261001-213946,412.465,81326,470,8,0,,0,1,0.516,0.516,0.516
20261001-213946,412.985,81326,470,9,0,,0,1,0.520,1.036,1.036
20261001-213946,412.985,81326,764,8,1,Might,1,1,20.436,20.436,20.436
20261001-213946,412.985,81326,1064,7,0,,0,1,0.520,0.520,0.520
20261001-213946,412.985,81326,486,7,1,Resolution,1,1,20.436,22.476,22.476
20261001-213946,412.985,81326,438,6,0,,0,1,0.520,1.036,1.036
20261001-213946,412.985,81326,523,7,1,Fury,0,1,0.520,0.520,0.520
20261001-213946,413.509,81326,470,6,0,,0,1,0.524,1.560,1.560
20261001-213946,413.509,81326,523,5,0,,0,1,0.524,0.524,1.044
20261001-213946,417.899,81053,1938,8,1,Regeneration,1,1,4.390,5.950,5.950
20261001-213946,417.899,81053,2402,7,1,Fury,1,1,25.350,25.350,25.350
20261001-213946,417.899,81053,2694,4,1,Fury,1,1,4.914,5.950,5.950
20261001-213946,417.899,81053,2472,4,1,Might,1,1,25.350,27.388,27.388
20261001-213946,418.421,81053,5160,4,0,,0,1,0.522,0.522,0.522
20261001-213946,418.421,81053,2023,7,0,,0,1,0.522,0.522,0.522
20261001-213946,418.421,81053,2080,7,1,Might,1,1,25.872,27.912,27.912
20261001-213946,418.423,81053,3064,6,1,Might,1,1,5.438,5.958,5.958
20261001-213946,418.423,81053,2506,9,0,,0,1,0.524,0.524,0.524
20261001-213946,418.423,81053,1884,8,0,,0,1,0.524,0.524,0.524
20261001-213946,418.945,81053,2472,4,0,,0,1,0.524,1.046,1.046
20261001-213946,418.945,81053,1805,7,0,,0,1,0.522,1.046,1.046
20261001-213946,418.945,81053,2402,8,0,,0,1,0.522,1.046,1.046
20261001-213946,419.343,81053,2935,5,0,,0,1,0.920,0.920,0.920
20261001-213946,419.343,81053,1993,6,0,,0,1,0.922,0.922,0.922
20261001-213946,419.343,81053,1938,7,0,,0,1,0.922,1.444,1.444
20261001-213946,419.343,81053,1805,7,0,,0,1,0.398,1.444,1.444
20261001-213946,419.343,81053,2472,4,0,,0,1,0.398,1.444,1.444
20261001-213946,419.463,81053,1805,7,0,,0,1,0.120,1.564,1.564
20261001-213946,419.463,81053,2472,4,0,,0,1,0.120,1.564,1.564
20261001-213946,419.463,81053,3148,5,1,Might,1,1,6.478,6.478,6.478
20261001-213946,419.463,81053,2001,7,1,Might,1,1,6.478,6.478,6.478
20261001-213946,419.463,81053,2154,7,1,Might,1,1,5.954,6.478,6.998
20261001-213946,419.859,81053,4944,5,0,,0,1,0.396,1.960,1.960
20261001-213946,419.859,81053,3610,7,0,,0,1,0.396,1.960,1.960
20261001-213946,419.947,81053,4308,7,0,,0,1,0.484,0.484,0.484
20261001-213946,419.947,81053,2935,7,0,,0,1,0.604,1.524,1.524
20261001-213946,419.947,81053,4002,7,0,,0,1,0.484,0.484,0.484
20261001-213946,419.947,81053,6296,6,0,,0,1,0.484,0.484,0.484
20261001-213946,419.947,81053,2596,8,1,Resolution,1,1,28.520,29.438,29.438
20261001-213946,419.947,81053,2402,9,0,,0,1,1.002,2.048,2.048
20261001-213946,419.947,81053,1993,8,0,,0,1,0.604,1.526,1.526
20261001-213946,419.947,81053,1938,7,0,,0,1,0.604,2.048,2.048
20261001-213946,420.381,81053,1859,7,0,,0,1,0.522,2.482,2.482
20261001-213946,420.467,81053,2001,7,0,,0,1,0.520,1.004,1.004
20261001-213946,420.467,81053,3148,7,0,,0,1,0.520,1.004,1.004
20261001-213946,420.467,81053,2154,7,0,,0,1,0.520,1.004,1.004
20261001-213946,420.467,81053,2596,7,0,,0,1,0.520,0.520,0.520
20261001-213946,420.467,81053,2402,9,0,,0,1,0.520,2.568,2.568
20261001-213946,420.467,81053,1938,7,0,,0,1,0.520,2.568,2.568
20261001-213946,420.469,81053,1993,8,0,,0,1,0.522,2.048,2.048
20261001-213946,420.901,81053,1859,7,0,,0,1,0.520,3.002,3.002
20261001-213946,420.987,81053,2935,8,1,Resolution,1,1,1.040,2.564,2.564
20261001-213946,420.987,81053,1938,7,0,,0,1,0.520,3.088,3.088
20261001-213946,420.987,81053,2402,9,0,,0,1,0.520,3.088,3.088
20261001-213946,421.509,81053,2472,5,1,Resolution,1,1,1.650,3.610,3.610
20261001-213946,421.509,81053,1938,7,0,,0,1,0.522,3.610,3.610
20261001-213946,421.509,81053,2935,8,0,,0,1,0.522,0.522,0.522
20261001-213946,421.509,81053,2402,9,0,,0,1,0.522,3.610,3.610
20261001-213946,439.109,81053,1764,9,1,Swiftness,1,1,18.208,21.210,21.210
20261001-213946,439.109,81053,2347,10,1,Swiftness,1,1,17.600,21.210,21.210
20261001-213946,439.109,81053,3077,9,1,Swiftness,1,1,18.642,19.646,19.646
20261001-213946,439.109,81053,1948,6,1,Regeneration,1,1,18.640,20.688,20.688
20261001-213946,439.111,81053,1956,9,1,Swiftness,1,1,18.644,19.648,19.648
20261001-213946,439.111,81053,1895,6,1,Regeneration,1,1,17.602,21.212,21.212
20261001-213946,439.627,81053,2587,7,1,Fury,1,1,18.118,18.640,18.640
20261001-213946,439.627,81053,1898,10,1,Swiftness,1,1,19.160,20.164,20.164
20261001-213946,439.629,81053,2116,9,0,,0,1,0.520,0.520,0.520
20261001-213946,440.139,81053,2587,6,0,,0,1,0.512,0.512,0.512
20261001-213946,440.545,81053,2587,6,0,,0,1,0.406,0.918,0.918
20261001-213946,440.545,81053,1590,7,1,Regeneration,1,1,1.436,1.436,1.436
20261001-213946,440.545,81053,1708,5,1,Resolution,1,1,1.434,1.434,1.434
20261001-213946,440.545,81053,2178,7,1,Resolution,1,1,19.036,19.036,19.036
20261001-213946,440.659,81053,1763,8,1,Swiftness,1,1,1.548,1.548,1.548
20261001-213946,440.659,81053,1708,4,0,,0,1,0.114,0.114,0.114
20261001-213946,440.659,81053,1590,6,0,,0,1,0.114,0.114,0.114
20261001-213946,440.659,81053,2288,7,1,Might,1,1,20.192,20.712,20.712
20261001-213946,440.659,81053,2178,6,0,,0,1,0.114,0.114,0.114
20261001-213946,440.659,81053,1756,6,1,Resolution,1,1,1.550,1.550,1.550
20261001-213946,440.661,81053,2774,10,1,Regeneration,1,1,1.552,1.552,1.552
20261001-213946,441.503,81326,593,6,0,,0,1,0.844,0.958,0.958
20261001-213946,442.021,81326,704,5,1,Resolution,1,1,1.476,2.394,2.394
20261001-213946,442.021,81326,839,10,1,Regeneration,1,1,1.360,1.360,1.360
20261001-213946,442.021,81326,640,11,1,Swiftness,1,1,2.392,2.912,2.912
20261001-213946,442.021,81326,679,6,0,,0,1,0.518,1.476,1.476
20261001-213946,506.819,81326,705,7,0,,0,1,64.798,64.798,64.798
20261001-213946,506.819,81326,630,7,1,Swiftness,1,1,66.160,66.160,66.160
20261001-213946,506.819,81326,758,5,1,Swiftness,1,1,64.798,64.798,64.798
20261001-213946,506.819,81326,434,9,1,Swiftness,1,1,66.160,66.274,66.274
20261001-213946,507.623,80901,2265,11,1,Resolution,1,1,66.964,67.078,67.078
20261001-213946,507.623,80901,3056,7,0,,0,1,0.804,0.804,0.804
20261001-213946,507.623,80901,3678,6,0,,0,1,0.804,0.804,0.804
20261001-213946,507.623,80901,2888,9,1,Resolution,1,1,65.602,67.078,67.078
20261001-213946,508.143,80901,4218,7,1,Fury,1,1,1.324,1.324,1.324
20261001-213946,508.143,80901,5776,6,0,,0,1,0.520,0.520,0.520
20261001-213946,508.143,80901,7512,6,1,Resolution,1,1,68.516,68.516,68.516
20261001-213946,522.103,80901,9921,8,1,Swiftness,1,1,13.960,14.480,14.480
20261001-213946,522.103,80901,5752,7,1,Swiftness,1,1,81.444,81.444,81.444
20261001-213946,522.103,80901,5036,7,1,Swiftness,1,1,14.480,14.480,14.480
20261001-213946,522.103,80901,8180,7,1,Swiftness,1,1,14.480,15.284,15.284
20261001-213946,522.103,80901,5198,7,1,Swiftness,1,1,14.480,15.284,15.284
20261001-213946,522.103,80901,10296,7,1,Might,1,1,15.284,80.082,80.082
20261001-213946,522.103,80901,2808,9,1,Swiftness,1,1,80.082,80.082,80.082
20261001-213946,522.103,80901,4690,7,1,Fury,1,1,13.960,13.960,13.960
20261001-213946,522.615,80901,2599,6,0,,0,1,0.512,0.512,0.512
20261001-213946,522.615,80901,4090,6,0,,0,1,0.512,0.512,0.512
20261001-213946,537.013,81326,724,6,1,Protection,1,1,14.398,14.910,14.910
20261001-213946,537.105,80901,2683,7,1,Might,1,1,14.490,15.002,15.002
20261001-213946,537.627,80901,8049,5,0,,0,1,0.522,0.522,0.522
20261001-213946,537.627,80901,6122,8,1,Swiftness,1,1,96.968,96.968,96.968
20261001-213946,537.627,80901,4356,6,1,Swiftness,1,1,15.524,15.524,15.524
20261001-213946,537.627,80901,11887,9,1,Protection,1,1,15.524,15.524,15.524
20261001-213946,537.627,80901,5796,6,1,Might,1,1,15.524,15.524,15.524
20261001-213946,537.627,80901,17010,4,0,,0,1,0.614,0.614,0.614
20261001-213946,537.627,80901,2599,7,1,Protection,1,1,29.484,29.484,29.484
20261001-213946,552.099,80901,7776,5,1,Swiftness,1,1,29.996,29.996,29.996
20261001-213946,552.625,80901,3159,9,1,Might,1,1,14.998,14.998,14.998
20261001-213946,552.625,80901,1582,9,1,Might,1,1,14.998,14.998,14.998
20261001-213946,552.625,80901,3249,7,1,Regeneration,1,1,14.998,14.998,14.998
20261001-213946,552.625,80901,2832,9,1,Might,1,1,14.998,14.998,14.998
20261001-213946,552.625,80901,3096,8,1,Might,1,1,14.998,15.520,15.520
20261001-213946,552.625,80901,3861,7,1,Might,1,1,30.522,30.522,30.522
20261001-213946,552.625,80901,1380,8,1,Might,1,1,14.998,15.612,15.612
20261001-213946,553.139,80901,789,10,0,,0,1,0.514,0.514,0.514
20261001-213946,553.139,80901,875,4,1,Alacrity,1,1,1.040,1.040,1.040
20261001-213946,553.657,80901,875,3,0,,0,1,0.518,0.518,0.518
20261001-221556,263.306,81326,815,8,1,Regeneration,1,1,,,
20261001-221556,263.826,81326,574,7,1,Regeneration,1,1,,,
20261001-221556,263.826,81326,609,6,1,Regeneration,1,1,,,
20261001-221556,263.826,81326,746,7,1,Swiftness,1,1,,,
20261001-221556,264.870,81326,746,6,1,Might,1,1,1.044,1.044,1.044
20261001-221556,293.188,81326,672,9,1,Fury,1,1,,,
20261001-221556,293.188,81326,676,10,1,Fury,1,1,,,
20261001-221556,293.188,81326,456,10,1,Fury,1,1,,,
20261001-221556,293.188,81326,412,8,1,Fury,1,1,29.362,29.362,29.362
20261001-221556,293.188,81326,648,7,1,Might,1,1,29.882,29.882,29.882
20261001-221556,293.188,81326,733,9,1,Resistance,1,1,28.318,28.318,28.318
20261001-221556,293.188,81326,494,8,1,Fury,1,1,,,
20261001-221556,294.226,81326,494,7,1,Resistance,1,1,1.038,1.038,1.038
20261001-221556,294.234,81326,456,10,1,Swiftness,1,1,1.046,1.046,1.046
20261001-221556,294.750,81326,506,10,0,,0,1,0.516,0.516,0.516
20261001-221556,294.750,81326,565,10,1,Swiftness,1,1,,,
20261001-221556,294.750,81326,547,8,1,Resistance,1,1,30.924,30.924,30.924
20261001-221556,294.750,81326,549,5,0,,0,1,0.524,0.524,0.524
20261001-221556,294.750,81326,458,7,1,Resolution,1,1,1.562,1.562,1.562
20261001-221556,294.750,81326,672,11,1,Resistance,1,1,1.562,1.562,1.562
20261001-221556,315.910,81053,2740,9,1,Swiftness,1,1,21.160,21.684,21.684
20261001-221556,317.464,81053,2947,7,1,Fury,1,1,22.714,22.714,22.714
20261001-221556,317.464,81053,3017,7,1,Resolution,1,1,24.276,24.276,24.276
20261001-221556,317.464,81053,3414,6,1,Alacrity,1,1,22.714,22.714,22.714
20261001-221556,317.464,81053,2738,7,2,Alacrity+Resolution,1,1,22.714,22.714,22.714
20261001-221556,318.390,81053,3069,4,2,Regeneration+Protection,1,1,,,
20261001-221556,318.390,81053,2831,8,0,,0,1,0.926,0.926,0.926
20261001-221556,318.986,81053,4581,2,0,,0,1,0.596,0.596,0.596
20261001-221556,323.228,81326,868,9,2,Might+Resolution,1,1,30.040,30.040,30.040
20261001-221556,323.752,81326,885,7,0,,0,1,0.524,0.524,0.524
20261001-221556,323.752,81326,649,8,1,Resolution,1,1,7.842,7.842,7.842
20261001-221556,324.272,81326,668,7,2,Might+Resolution,1,1,29.522,29.522,29.522
20261001-221556,324.272,81326,885,8,0,,0,1,0.520,1.044,1.044
20261001-221556,324.790,81326,668,6,0,,0,1,0.518,0.518,0.518
20261001-221556,324.790,81326,779,8,1,Resolution,1,1,7.326,7.326,7.326
20261001-221556,324.790,81326,649,7,1,Might,1,1,1.038,1.038,1.038
20261001-221556,324.790,81326,794,8,1,Resolution,1,1,7.326,7.326,7.326
20261001-221556,324.790,81326,582,6,1,Might,1,1,6.400,7.326,7.326
20261001-221556,324.790,81326,851,7,0,,0,1,0.518,1.562,1.562
20261001-221556,335.632,81053,3157,7,1,Regeneration,1,1,10.842,10.842,10.842
20261001-221556,335.632,81053,3859,5,1,Might,1,1,10.842,10.842,10.842
20261001-221556,335.632,81053,2773,8,2,Protection+Alacrity,1,1,10.842,12.404,12.404
20261001-221556,335.632,81053,5655,6,1,Alacrity,1,1,10.842,10.842,10.842
20261001-221556,335.632,81053,2630,7,2,Regeneration+Alacrity,1,1,18.168,18.168,18.168
20261001-221556,335.632,81053,3910,2,1,Regeneration,1,1,40.882,41.398,41.398
20261001-221556,335.632,81053,4972,0,0,,1,1,10.842,10.842,10.842
20261001-221556,336.148,81053,6434,5,0,,0,1,0.516,0.516,0.516
20261001-221556,336.148,81053,11524,5,0,,0,1,0.516,0.516,0.516
20261001-221556,336.148,81053,8434,5,0,,0,1,0.516,0.516,0.516
20261001-221556,336.148,81053,5360,5,0,,0,1,0.516,0.516,0.516
20261001-221556,336.148,81053,5066,0,0,,0,1,0.516,11.358,0.516
20261001-221556,336.148,81053,3984,1,0,,0,1,0.516,0.516,0.516
20261001-221556,336.674,81053,10132,0,0,,0,1,0.526,11.884,1.042
20261001-221556,336.674,81053,7968,1,0,,0,1,0.526,1.042,1.042
20261001-221556,336.674,81053,11172,3,2,Swiftness+Resolution,1,1,43.486,43.486,43.486
20261001-221556,336.674,81053,3932,4,1,Resolution,1,1,1.042,1.042,1.042
20261001-221556,337.064,81053,3604,3,0,,0,1,0.390,0.390,0.390
20261001-221556,337.064,81053,3035,6,2,Resolution+Fury,1,1,18.078,18.674,18.674
20261001-221556,337.186,81053,10320,0,0,,0,1,0.512,12.396,1.554
20261001-221556,337.186,81053,4058,2,0,,0,0,0.512,1.554,1.554
20261001-221556,337.186,81053,5690,3,0,,0,0,0.512,0.512,0.512
20261001-221556,337.186,81053,2457,6,2,Protection+Resolution,1,1,1.038,1.554,1.554
20261001-221556,337.186,81053,6552,7,1,Regeneration,1,1,1.038,1.554,1.554
20261001-221556,337.186,81053,7730,6,2,Swiftness+Resolution,1,1,1.038,1.554,1.554
20261001-221556,337.186,81053,6070,4,0,,0,1,0.122,0.122,0.122
20261001-221556,337.590,81053,3457,1,0,,0,1,0.404,12.800,1.958
20261001-221556,337.660,81053,7208,6,0,,0,1,0.596,0.986,0.986
20261001-221556,337.660,81053,6070,5,0,,0,1,0.474,0.596,0.596
20261001-221556,337.706,81053,3276,7,0,,0,1,0.520,0.520,0.520
20261001-221556,337.706,81053,2590,6,0,,0,1,0.520,0.520,0.520
20261001-221556,337.706,81053,3457,2,0,,0,1,0.116,12.916,2.074
20261001-221556,338.104,81053,6914,2,0,,0,1,0.398,13.314,2.472
20261001-221556,338.104,81053,7730,6,0,,0,1,0.398,0.918,0.918
20261001-221556,338.104,81053,3276,7,0,,0,1,0.398,0.918,0.918
20261001-221556,338.104,81053,4914,5,0,,0,1,0.918,0.918,0.918
20261001-221556,338.104,81053,6070,6,0,,0,1,0.444,1.040,1.040
20261001-221556,338.104,81053,7208,6,0,,0,1,0.444,1.430,1.430
20261001-221556,338.104,81053,9252,6,1,Resolution,1,1,1.956,2.472,2.472
20261001-221556,338.628,81053,7208,8,0,,0,1,0.524,1.954,1.954
20261001-221556,338.628,81053,7730,7,0,,0,1,0.524,1.442,1.442
20261001-221556,338.628,81053,6070,8,0,,0,1,0.524,1.564,1.564
20261001-221556,338.708,81053,3021,4,1,Resolution,1,1,1.522,3.076,3.076
20261001-221556,338.708,81053,3457,2,0,,0,1,0.604,13.918,3.076
20261001-221556,338.708,81053,3812,5,2,Resolution+Fury,1,1,1.522,2.034,2.034
20261001-221556,338.708,81053,2457,6,0,,0,1,0.604,1.522,1.522
20261001-221556,338.708,81053,4626,6,0,,0,1,0.604,0.604,0.604
20261001-221556,339.226,81053,3604,8,0,,0,0,0.598,2.552,2.552
20261001-221556,339.226,81053,3865,7,0,,0,1,0.598,2.040,2.040
20261001-221556,339.226,81053,3021,3,0,,0,1,0.518,0.518,0.518
20261001-223543,309.580,81326,729,7,1,Resolution,1,1,,,
20261001-223543,310.103,81326,729,6,0,,0,1,0.523,0.523,0.523
20261001-223543,311.144,81326,1089,6,1,Might,1,1,1.041,1.564,1.564
20261001-223543,315.582,81053,2296,7,1,Might,1,1,,,
20261001-223543,315.582,81053,2640,8,1,Might,1,1,,,
20261001-223543,315.582,81053,2827,6,1,Might,1,1,,,
20261001-223543,316.100,81053,2396,7,0,,0,1,0.518,0.518,0.518
20261001-223543,316.100,81053,2755,7,0,,0,1,0.518,0.518,0.518
20261001-223543,316.100,81053,2950,6,0,,0,1,0.518,0.518,0.518
20261001-223543,317.022,81053,2497,9,0,,0,1,0.922,1.440,1.440
20261001-223543,317.022,81053,2870,8,0,,0,1,0.922,1.440,1.440
20261001-223543,317.022,81053,3003,10,0,,0,1,0.922,1.440,1.440
20261001-223543,317.140,81053,2137,8,1,Regeneration,1,1,,,
20261001-223543,317.140,81053,2926,8,1,Regeneration,1,1,,,
20261001-223543,317.140,81053,2843,8,1,Swiftness,1,1,,,
20261001-223543,317.140,81053,2359,7,1,Regeneration,1,1,,,
20261001-223543,317.540,81053,5524,10,0,,0,1,0.518,1.958,1.958
20261001-223543,317.540,81053,4592,9,0,,0,1,0.518,1.958,1.958
20261001-223543,317.540,81053,5280,8,0,,0,1,0.518,1.958,1.958
20261001-223543,317.540,81053,2422,5,1,Regeneration,1,1,,,
20261001-223543,317.662,81053,2174,7,1,Resolution,1,1,,,
20261001-223543,317.662,81053,2876,7,1,Resolution,1,1,6.518,6.518,6.518
20261001-223543,317.662,81053,2422,4,0,,0,1,0.122,0.122,0.122
20261001-223543,318.070,81053,2563,8,0,,0,1,0.530,2.488,2.488
20261001-223543,318.140,81053,2615,7,0,,0,1,1.000,1.000,1.000
20261001-223543,318.590,81053,2757,11,0,,0,1,1.050,3.008,3.008
20261001-223543,318.590,81053,1961,8,1,Resistance,1,1,1.450,1.450,1.450
20261001-223543,318.590,81053,2900,7,0,,0,1,0.450,1.450,1.450
20261001-223543,318.590,81053,2843,7,0,,0,1,0.520,3.008,3.008
20261001-223543,338.146,81053,2191,7,1,Fury,1,1,19.556,22.564,22.564
20261001-223543,338.146,81053,1976,7,1,Resolution,1,1,19.556,19.556,19.556
20261001-223543,338.146,81053,2706,8,1,Might,1,1,21.006,21.006,21.006
20261001-223543,338.146,81053,2778,9,1,Swiftness,1,1,19.556,22.564,22.564
20261001-223543,338.666,81053,2430,6,0,,0,1,0.520,0.520,0.520
20261001-223543,338.666,81053,5230,9,1,Fury,1,1,21.004,21.004,21.004
20261001-223543,338.666,81053,6004,7,1,Fury,1,1,21.004,21.126,21.126
20261001-223543,338.666,81053,6162,7,0,,0,1,0.520,0.520,0.520
20261001-223543,339.180,81053,2561,9,1,Resolution,1,1,21.640,23.598,23.598
20261001-223543,339.180,81053,3002,6,0,,0,1,0.514,0.514,0.514
20261001-223543,339.180,81053,3081,7,0,,0,1,0.514,1.034,1.034
20261001-223543,339.584,81053,3081,8,0,,0,1,0.404,1.438,1.438
20261001-223543,339.584,81053,3002,6,1,Resolution,1,1,1.438,1.438,1.438
20261001-223543,339.704,81053,2430,6,1,Alacrity,1,1,1.038,1.558,1.558
20261001-223543,339.704,81053,3081,9,0,,0,1,0.120,1.558,1.558
20261001-223543,339.704,81053,3532,6,0,,0,1,0.120,0.120,0.120
20261001-223543,340.100,81053,6132,6,0,,0,1,0.396,0.516,0.516
20261001-223543,340.184,81053,6440,9,0,,0,1,0.480,2.038,2.038
20261001-223543,340.184,81053,2238,8,1,Resolution,1,1,2.038,2.038,2.038
20261001-223543,340.184,81053,3641,7,1,Resolution,1,1,22.522,22.522,22.522
20261001-223543,340.184,81053,2616,8,0,,0,1,1.004,1.004,1.004
20261001-223543,340.184,81053,3066,7,0,,0,1,1.004,1.518,1.518
20261001-223543,340.184,81053,2979,9,1,Protection,1,1,21.594,23.044,23.044
20261001-223543,340.184,81053,2671,8,1,Vigor,1,1,1.518,1.518,1.518
20261001-223543,340.222,81053,3066,6,0,,0,1,0.122,0.638,0.638
20261001-223543,340.222,81053,2482,5,0,,0,1,0.518,0.518,0.518
20261001-223543,340.706,81053,2482,5,0,,0,1,0.484,1.002,1.002
20261001-223543,354.460,81053,2552,10,1,Protection,1,1,14.276,16.314,16.314
20261001-223543,354.460,81053,2430,9,1,Resolution,1,1,14.238,14.876,14.876
20261001-223543,354.988,81053,1962,9,1,Resolution,1,1,37.848,37.848,37.848
20261001-223543,354.990,81053,6868,9,0,,0,1,0.530,0.530,0.530
20261001-223543,354.990,81053,2434,9,1,Fury,1,1,14.806,16.324,16.324
20261001-223543,354.990,81053,2121,9,1,Fury,1,1,14.806,14.806,14.806
20261001-223543,354.990,81053,3444,10,1,Protection,1,1,14.806,15.810,15.810
20261001-223543,355.500,81053,4360,8,0,,0,1,0.512,0.512,0.512
20261001-223543,355.500,81053,10282,7,0,,0,1,0.510,0.510,0.510
20261001-223543,355.500,81053,7632,9,0,,0,1,0.510,1.040,1.040
20261001-223543,355.500,81053,2434,7,0,,0,1,0.510,0.510,0.510
20261001-223543,355.906,81053,1893,9,1,Resolution,1,1,15.722,15.722,15.722
20261001-223543,355.906,81053,4066,9,0,,0,1,0.406,1.446,1.446
20261001-223543,355.906,81053,2593,8,1,Resolution,1,1,1.446,1.446,1.446
20261001-223543,355.906,81053,2593,8,0,,0,1,0.406,0.916,0.916
20261001-223543,355.906,81053,5477,7,0,,0,1,0.406,0.916,0.916
20261001-223543,356.028,81053,10954,7,0,,0,1,0.122,1.038,1.038
20261001-223543,356.028,81053,8132,9,0,,0,1,0.122,1.568,1.568
20261001-223543,356.028,81053,2099,9,1,Fury,1,1,15.322,16.324,16.324
20261001-223543,356.028,81053,2593,8,0,,0,1,0.122,1.038,1.038
20261001-223543,356.028,81053,2259,8,1,Swiftness,1,1,1.038,1.038,1.038
20261001-223543,356.418,81053,5186,8,0,,0,1,0.512,0.512,0.512
20261001-223543,356.418,81053,3786,8,0,,0,1,0.512,0.512,0.512
20261001-223543,356.500,81053,4518,7,0,,0,1,0.472,0.472,0.472
20261001-223543,356.500,81053,5040,10,1,Regeneration,1,1,16.316,16.316,16.316
20261001-223543,356.500,81053,4198,8,0,,0,1,0.472,0.472,0.472
20261001-223543,356.500,81053,5186,8,0,,0,1,0.472,1.510,1.510
20261001-223543,357.024,81053,4233,8,0,,0,1,0.996,2.564,2.564
20261001-223543,357.024,81053,1971,8,0,,0,1,0.606,1.118,1.118
20261001-223543,357.024,81053,2700,8,0,,0,1,0.606,1.118,1.118
20261001-223543,357.462,81053,7640,6,1,Fury,0,1,1.434,2.472,2.472
20261001-223543,357.540,81053,2176,8,1,Fury,1,1,2.040,2.552,2.552
20261001-223543,357.540,81053,4233,8,0,,0,1,0.516,3.080,3.080
20261001-223543,358.058,81053,3820,6,0,,0,1,0.596,0.596,3.068
20261001-223543,358.058,81053,2700,8,1,Might,1,1,1.558,3.068,3.068
20261001-223543,372.860,81053,2228,10,1,Alacrity,1,1,15.836,16.954,16.954
20261001-223543,372.860,81053,2213,10,1,Resolution,1,1,15.320,15.320,15.320
20261001-223543,373.380,81053,2989,8,1,Might,1,1,16.356,17.474,17.474
20261001-223543,373.778,81053,1964,10,0,,0,1,0.918,0.918,0.918
20261001-223543,373.900,81053,5978,6,0,,0,1,0.520,0.520,0.520
20261001-223543,373.900,81053,3806,9,1,Might,1,1,15.842,16.438,18.910
20261001-223543,373.900,81053,2419,8,1,Alacrity,1,1,17.400,17.872,17.872
20261001-223543,374.298,81053,7612,9,0,,0,1,0.398,0.398,0.398
20261001-223543,374.298,81053,2989,6,0,,0,1,0.398,0.918,0.918
20261001-223543,374.298,81053,4838,7,0,,0,1,0.398,0.398,0.398
20261001-223543,374.298,81053,5086,10,1,Regeneration,1,1,16.758,19.838,19.838
20261001-223543,374.384,81053,3185,8,1,Resolution,1,1,34.200,34.200,34.200
20261001-223543,374.384,81053,2109,7,1,Might,1,1,17.884,18.356,18.356
20261001-223543,374.384,81053,1964,9,0,,0,1,0.606,1.524,1.524
20261001-223543,374.420,81053,2989,6,0,,0,1,0.122,1.040,1.040
20261001-223543,374.420,81053,3806,9,0,,0,1,0.122,0.520,0.520
20261001-223543,374.420,81053,2419,7,0,,0,1,0.122,0.520,0.520
20261001-223543,374.422,81053,2543,9,0,,0,1,0.124,0.124,0.124
20261001-223543,374.896,81053,2421,8,1,Resolution,1,1,16.838,16.838,16.838
20261001-223543,375.416,81053,1759,10,1,Might,1,1,2.556,2.556,2.556
20261001-223543,375.418,81053,1771,10,1,Alacrity,1,1,1.034,2.558,2.558
20261001-223543,375.944,81053,1887,8,0,,0,1,0.526,0.526,0.526
20261001-223543,375.944,81053,3656,10,1,Might,1,1,1.524,2.044,2.044
20261001-223543,375.944,81053,2026,8,1,Stability,1,1,1.560,1.560,1.560
20261001-223543,375.944,81053,3068,7,1,Might,1,1,1.560,1.560,1.560
20261001-223543,375.944,81053,1874,10,0,,0,1,0.528,0.528,0.528
20261001-223543,375.944,81053,2871,7,1,Might,1,1,1.524,2.564,2.564
20261001-223543,375.944,81053,2324,8,1,Stability,1,1,1.524,2.044,2.044
20261001-223543,392.858,81053,3836,7,1,Fury,1,1,16.914,16.914,16.914
20261001-223543,392.858,81053,3262,9,1,Regeneration,1,1,16.914,17.442,17.442
20261001-223543,392.860,81053,2711,9,1,Fury,1,1,17.964,17.964,17.964
20261001-223543,392.860,81053,2927,10,1,Resolution,1,1,36.360,36.360,36.360
20261001-223543,393.380,81053,6524,8,0,,0,1,0.522,0.522,0.522
20261001-223543,393.380,81053,5854,8,0,,0,1,0.520,0.520,0.520
20261001-223543,393.380,81053,3836,6,0,,0,1,0.522,0.522,0.522
20261001-223543,393.380,81053,2194,8,1,Regeneration,1,1,17.436,17.436,17.436
20261001-223543,393.380,81053,2711,8,0,,0,1,0.520,0.520,0.520
20261001-223543,393.380,81053,2711,6,1,Might,1,1,17.436,17.436,17.436
20261001-223543,393.380,81053,2624,7,1,Regeneration,1,1,17.436,17.436,17.436
20261001-223543,393.380,81053,2199,8,1,Regeneration,1,1,17.436,17.962,17.962
20261001-223543,393.898,81053,3966,7,0,,0,1,0.518,0.518,0.518
20261001-223543,393.898,81053,2366,7,0,,0,1,0.518,0.518,0.518
20261001-223543,393.898,81053,5276,9,0,,0,1,0.518,1.038,1.038
20261001-223543,394.296,81053,1983,7,0,,0,1,0.398,0.916,0.916
20261001-223543,394.296,81053,2444,5,0,,0,1,0.916,0.916,0.916
20261001-223543,394.422,81053,4888,5,0,,0,1,0.126,1.042,1.042
20261001-223543,394.422,81053,8722,9,1,Resistance,1,1,20.000,20.124,20.124
20261001-223543,394.422,81053,3966,7,0,,0,1,0.126,1.042,1.042
20261001-223543,394.422,81053,1978,7,1,Resistance,1,1,1.042,1.042,1.042
20261001-223543,394.424,81053,3459,6,1,Might,0,1,1.044,1.566,1.566
20261001-223543,394.824,81053,2444,5,0,,0,1,0.402,1.444,1.444
20261001-223543,394.824,81053,2941,7,0,,0,1,1.444,1.966,1.966
20261001-223543,394.902,81053,6226,5,0,,0,1,0.478,0.478,2.044
20261001-223543,394.902,81053,3956,7,0,,0,1,0.480,0.480,0.480
20261001-223543,394.902,81053,3966,6,0,,0,1,0.480,1.522,1.522
20261001-223543,394.902,81053,8722,8,0,,0,1,0.480,0.480,0.480
20261001-223543,394.942,81053,2366,6,1,Swiftness,1,1,1.044,1.562,1.562
20261001-223543,395.340,81053,4732,5,0,,0,1,0.398,0.398,0.398
20261001-223543,395.340,81053,2444,6,0,,0,1,0.516,1.960,1.960
20261001-223543,395.424,81053,1780,8,0,,0,1,0.522,1.002,1.002
20261001-223543,395.424,81053,2801,5,0,,0,1,0.522,1.000,2.566
20261001-223543,395.862,81053,5145,5,0,,0,1,0.522,0.920,0.920
20261001-223543,396.464,81053,1975,7,1,Vigor,1,1,1.040,2.042,2.042
20261001-223543,396.464,81053,2624,5,0,,0,1,0.602,1.522,1.522
20261001-223543,403.902,81326,817,6,1,Swiftness,1,1,10.004,11.042,11.042
20261001-223543,403.902,81326,545,10,2,Regeneration+Resolution,1,1,7.438,8.960,8.960
20261001-223543,403.902,81326,456,9,1,Regeneration,1,1,7.438,7.438,7.438
20261001-223543,403.902,81326,580,6,2,Alacrity+Protection,1,1,10.522,11.042,11.042
20261001-223543,404.422,81326,669,10,1,Resolution,1,1,28.478,28.478,28.478
20261001-223543,404.422,81326,545,9,0,,0,1,0.520,0.520,0.520
20261001-223543,404.422,81326,547,9,0,,0,1,0.520,0.520,0.520
20261001-223543,404.942,81326,669,9,0,,0,1,0.520,0.520,0.520
20261001-223543,405.460,81326,547,10,1,Protection,1,1,1.038,1.558,1.558
20261001-223543,410.302,81053,2538,10,2,Might+Resolution,1,1,5.880,6.400,6.400
20261001-223543,410.302,81053,4831,5,2,Regeneration+Resolution,1,1,6.400,6.400,6.400
20261001-223543,410.822,81053,2538,6,0,,0,1,0.520,0.520,0.520
20261001-223543,411.224,81053,4831,3,0,,0,1,0.922,0.922,0.922
20261001-223543,411.342,81053,6153,3,1,Alacrity,1,1,15.918,16.918,18.484
20261001-223543,411.738,81053,9662,3,0,,0,1,0.514,1.436,1.436
20261001-223543,411.824,81053,2363,9,2,Resolution+Might,1,1,16.922,18.444,18.444
20261001-223543,427.780,81053,4235,8,1,Might,1,1,16.438,16.438,16.438
20261001-223543,427.780,81053,3892,6,2,Alacrity+Might,1,1,16.958,17.478,17.478
20261001-223543,428.306,81053,7636,8,0,,0,1,0.526,0.526,0.526
20261001-223543,428.306,81053,2175,7,1,Might,1,1,33.482,35.448,35.448
20261001-223543,428.306,81053,3622,7,1,Might,1,1,24.404,24.404,24.404
20261001-223543,428.816,81053,2608,7,2,Protection+Vigor,1,1,1.036,1.036,1.036
20261001-223543,428.816,81053,2428,6,2,Might+Regeneration,1,1,16.992,16.992,16.992
20261001-223543,428.816,81053,2692,8,0,,0,1,0.510,0.510,0.510
20261001-223543,428.816,81053,2993,8,2,Protection+Vigor,1,1,17.078,18.514,18.514
20261001-223543,428.816,81053,3231,9,1,Regeneration,1,1,23.356,23.356,23.356
20261001-223543,428.816,81053,2837,9,0,,0,1,0.510,1.036,1.036
20261001-223543,429.336,81053,2681,10,1,Vigor,1,1,1.030,1.030,1.030
20261001-223543,429.738,81053,3413,8,1,Protection,1,1,34.836,35.316,35.316
20261001-223543,429.738,81053,4856,7,0,,0,1,0.922,0.922,0.922
20261001-223543,429.820,81053,2837,10,0,,0,1,1.004,2.040,2.040
20261001-223543,429.820,81053,3231,9,0,,0,1,1.004,1.004,1.004
20261001-223543,429.820,81053,2692,10,0,,0,1,1.004,1.514,1.514
20261001-223543,429.820,81053,2993,7,0,,0,1,1.004,1.004,1.004
20261001-223543,429.862,81053,5095,7,0,,0,1,0.124,0.124,0.124
20261001-223543,430.260,81053,10190,7,0,,0,1,0.398,0.522,0.522
20261001-223543,430.338,81053,2993,8,0,,0,1,0.518,1.522,1.522
20261001-223543,430.338,81053,2608,8,2,Stability+Fury,1,1,1.522,1.522,1.522
20261001-223543,430.338,81053,2428,7,0,,0,1,0.600,1.522,1.522
20261001-223543,430.338,81053,2692,10,0,,0,1,0.518,2.032,2.032
20261001-223543,430.340,81053,2837,10,0,,0,1,0.520,2.560,2.560
20261001-223543,430.340,81053,3231,9,0,,0,1,0.520,1.524,1.524
20261001-223543,430.774,81053,5826,10,0,,0,1,0.434,1.958,1.958
20261001-223543,430.864,81053,3560,9,1,Resolution,1,1,25.922,26.442,26.442
20261001-223543,430.864,81053,2612,6,0,,0,1,0.526,0.526,0.526
20261001-223543,430.864,81053,3077,7,0,,0,1,0.604,1.126,1.126
20261001-223543,430.864,81053,2998,9,0,,0,1,0.526,2.048,2.048
20261001-223543,430.864,81053,2998,9,2,Fury+Resolution,1,1,35.524,37.484,37.484
20261001-223543,430.864,81053,2558,10,0,,0,1,0.524,3.084,3.084
20261001-223543,431.380,81053,3560,8,0,,0,1,0.516,0.516,0.516
20261001-223543,435.576,81326,988,5,2,Might+Quickness,1,1,4.712,4.712,4.712
20261001-223543,435.576,81326,759,10,1,Might,1,1,4.712,7.796,7.796
20261001-223543,436.096,81326,759,8,0,,0,1,0.520,0.520,0.520
20261001-223543,444.500,81053,3034,8,2,Alacrity+Might,1,1,8.924,8.924,8.924
20261001-223543,445.536,81053,3117,9,1,Regeneration,1,1,15.198,17.230,17.230
20261001-223543,445.536,81053,3180,9,1,Might,1,1,14.762,16.720,16.720
20261001-223543,445.536,81053,5032,5,2,Quickness+Stability,1,1,1.036,1.036,1.036
20261001-223543,446.060,81053,2556,8,1,Protection,1,1,15.196,16.322,16.322
20261001-223543,446.544,81053,2861,8,0,,0,1,1.008,1.008,1.008
20261001-223543,446.544,81053,2919,7,0,,0,1,1.008,1.008,1.008
20261001-223543,447.056,81053,3174,8,0,,0,1,0.512,1.520,1.520
20261001-223543,447.056,81053,3238,8,0,,0,1,0.512,1.520,1.520
20261001-223543,447.056,81053,4477,7,0,,0,1,16.192,18.240,18.240
20261001-223543,447.056,81053,5131,8,0,,0,1,10.960,11.480,11.480
20261001-223543,447.056,81053,2176,10,1,Protection,1,1,17.720,17.720,17.720
20261001-223543,447.056,81053,4334,6,0,,0,1,16.192,16.718,16.718
20261001-223543,447.578,81053,4334,6,0,,0,1,0.522,17.240,17.240
20261001-223543,447.578,81053,3174,9,0,,0,1,0.522,2.042,2.042
20261001-223543,447.578,81053,4232,8,1,Protection,0,1,1.518,1.518,1.518
20261001-223543,448.100,81053,3908,6,0,,0,1,0.522,17.762,17.762
20261001-223543,448.100,81053,2919,10,1,Protection,1,1,1.044,2.564,2.564
20261001-223543,448.100,81053,4240,7,0,,0,1,0.522,0.522,2.040
20261001-223543,470.300,81326,531,7,1,Might,1,1,23.244,34.724,34.724
20261001-223543,470.300,81326,499,7,2,Swiftness+Regeneration,1,1,39.962,41.484,41.484
20261001-223543,470.812,81326,499,5,0,,0,1,0.512,0.512,0.512
20261001-223543,470.812,81326,536,7,0,,0,1,0.512,0.512,0.512
20261001-223543,470.812,81326,552,7,1,Swiftness,1,1,23.756,23.756,23.756
20261001-223543,497.504,80901,8938,9,2,Fury+Alacrity,1,1,51.968,51.968,51.968
20261001-223543,497.504,80901,9200,10,4,Resolution+Might+Alacrity+Quickness,1,1,49.926,51.968,51.968
20261001-223543,498.013,80901,4002,11,4,Might+Swiftness+Alacrity+Quickness,1,1,27.201,27.713,27.713
20261001-223543,512.500,80901,9352,5,1,Resolution,1,1,81.120,81.636,81.636
20261001-223543,513.014,80901,7296,7,4,Might+Alacrity+Regeneration+Swiftness,1,1,15.510,15.510,15.510
20261001-223543,513.014,80901,3825,7,1,Might,1,1,64.914,64.914,64.914
20261001-223543,513.014,80901,4595,8,1,Swiftness,1,1,64.914,65.436,66.954
20261001-223543,527.508,80901,11700,11,1,Resolution,1,1,80.452,98.692,98.692
20261001-223543,527.508,80901,9471,7,4,Fury+Might+Swiftness+Regeneration,1,1,14.494,14.494,14.494
20261001-223543,527.508,80901,9492,9,2,Quickness+Might,1,1,56.696,57.208,57.208
20261001-223543,527.508,80901,19401,6,2,Might+Quickness,1,1,30.004,30.004,30.004
20261001-223543,527.508,80901,11991,9,1,Fury,1,1,79.408,97.170,97.170
20261001-223543,528.014,80901,4442,8,0,,0,1,0.506,0.506,0.506
20261001-223543,528.014,80901,4210,9,1,Might,1,1,15.000,15.000,15.000
20261001-223543,528.014,80901,3164,7,0,,0,1,0.506,0.506,0.506
20261001-223543,528.014,80901,6467,4,0,,0,1,0.506,0.506,0.506
20261001-223543,528.014,80901,3507,4,0,,0,1,0.506,0.506,0.506
20261001-223543,542.498,80901,12519,7,1,Resolution,1,1,29.998,29.998,29.998
20261001-223543,542.498,80901,7028,10,2,Resolution+Alacrity,1,1,14.484,14.990,14.990
20261001-223543,542.498,80901,8342,9,4,Protection+Fury+Might+Resistance,1,1,14.484,14.990,14.990
20261001-223543,542.498,80901,2998,9,4,Protection+Fury+Might+Resistance,1,1,44.485,44.485,44.485
20261001-223543,542.498,80901,3905,9,1,Fury,1,1,14.990,14.990,14.990
20261001-223543,542.498,80901,3402,10,1,Fury,1,1,14.484,14.990,14.990
20261001-223543,543.020,80901,4468,5,0,,0,1,0.522,0.522,0.522
20261001-223543,543.020,80901,5541,5,0,,0,1,0.522,0.522,0.522
20261001-223543,543.020,80901,8388,8,1,Alacrity,1,1,30.006,30.006,30.006
20261001-223543,543.020,80901,4248,6,8,Alacrity+Resolution+Fury+Might+Protection+Quickness+Vigor+Swiftness,1,1,15.006,15.512,15.512
20261001-223543,558.010,80901,7482,9,1,Might,1,1,15.512,15.512,15.512
20261001-223543,558.532,80901,8433,8,1,Resolution,1,1,15.512,15.512,15.512
20261001-223543,564.890,81326,654,4,1,Might,1,1,22.392,22.392,22.392
20261001-223543,565.412,81326,682,3,1,Resolution,1,1,22.914,22.914,22.914
20261001-223543,565.932,81326,750,2,0,,0,1,7.922,7.922,7.922
20261001-223543,566.452,81326,556,1,1,Swiftness,1,1,1.562,1.562,1.562
20261001-225245,275.861,81326,538,9,1,Protection,1,1,,,
20261001-225245,275.863,81326,645,10,1,Protection,1,1,,,
20261001-225245,275.863,81326,567,10,1,Resolution,1,1,,,
20261001-225245,275.863,81326,710,9,1,Might,1,1,,,
20261001-225245,275.863,81326,436,8,1,Might,1,1,,,
20261001-225245,276.385,81326,598,9,2,Resolution+Might,1,1,,,
20261001-225245,276.385,81326,436,7,0,,0,1,0.522,0.522,0.522
20261001-225245,276.385,81326,963,10,0,,0,1,0.522,0.522,0.522
20261001-225245,276.385,81326,628,10,1,Protection,1,1,,,
20261001-225245,276.385,81326,710,10,0,,0,1,0.522,0.522,0.522
20261001-225245,276.385,81326,567,11,0,,0,1,0.522,0.522,0.522
20261001-225245,276.385,81326,535,8,1,Might,1,1,,,
20261001-225245,276.905,81326,937,8,0,,0,1,0.520,0.520,0.520
20261001-225245,276.905,81326,436,6,0,,0,1,0.520,1.042,1.042
20261001-225245,276.905,81326,963,9,0,,0,1,0.520,1.042,1.042
20261001-225245,276.905,81326,710,9,0,,0,1,0.520,1.042,1.042
20261001-225245,305.466,81326,565,10,1,Fury,1,1,,,
20261001-225245,305.466,81326,719,7,1,Might,1,1,29.081,29.603,29.603
20261001-225245,305.466,81326,457,6,1,Swiftness,1,1,29.605,29.605,29.605
20261001-225245,305.467,81326,593,7,1,Swiftness,1,1,28.562,29.082,29.082
20261001-225245,305.467,81326,839,7,1,Regeneration,1,1,29.082,29.082,29.082
20261001-225245,305.981,81326,937,10,2,Vigor+Stability,1,1,29.596,29.596,29.596
20261001-225245,305.981,81326,549,8,1,Protection,1,1,29.076,30.118,30.118
20261001-225245,305.981,81326,412,6,1,Stability,1,1,29.076,30.118,30.118
20261001-225245,318.827,81053,2245,10,1,Swiftness,1,1,13.361,13.361,13.361
20261001-225245,318.829,81053,2556,8,1,Regeneration,1,1,12.848,12.848,12.848
20261001-225245,318.829,81053,2130,8,1,Swiftness,1,1,13.363,13.363,13.363
20261001-225245,319.869,81053,6372,7,1,Protection,1,1,1.040,1.040,1.040
20261001-225245,320.263,81053,2130,7,1,Might,1,1,1.434,1.434,1.434
20261001-225245,320.381,81053,7632,7,0,,0,1,0.512,0.512,0.512
20261001-225245,320.381,81053,2506,6,0,,0,1,0.118,0.118,0.118
20261001-225245,320.865,81053,4260,8,0,,0,1,0.484,0.602,0.602
20261001-225245,320.897,81053,3351,9,1,Might,1,1,2.070,2.070,2.070
20261001-225245,320.897,81053,3816,8,0,,0,1,0.516,1.028,1.028
20261001-225245,321.823,81053,2269,9,0,,0,1,0.958,1.560,1.560
20261001-225245,335.665,81326,591,8,1,Protection,1,1,13.842,15.402,15.402
20261001-225245,335.665,81326,658,8,1,Regeneration,1,1,30.198,30.198,30.198
20261001-225245,335.665,81326,865,9,1,Protection,1,1,14.768,14.768,14.768
20261001-225245,335.665,81326,710,10,1,Protection,1,1,14.768,15.796,15.796
20261001-225245,335.665,81326,860,8,1,Protection,1,1,30.199,30.199,30.199
20261001-225245,337.221,81326,468,8,1,Might,1,1,31.240,31.240,31.240
20261001-225245,337.221,81326,643,7,1,Protection,1,1,31.754,31.754,31.754
20261001-225245,337.221,81326,761,6,1,Protection,1,1,60.316,61.358,61.358
20261001-225245,337.221,81326,816,9,1,Might,1,1,1.556,1.556,1.556
20261001-225245,337.223,81326,610,8,1,Swiftness,1,1,1.558,1.558,1.558
20261001-225245,337.223,81326,641,9,2,Swiftness+Regeneration,1,1,31.242,31.242,31.242
20261001-225245,337.223,81326,1091,7,1,Swiftness,1,1,1.558,1.558,1.558
20261001-225245,339.141,81053,3224,7,2,Might+Regeneration,1,1,1.918,1.918,1.918
20261001-225245,339.665,81053,4708,8,1,Resolution,1,1,2.444,2.444,2.444
20261001-225245,339.665,81053,11428,8,1,Resolution,1,1,2.444,2.444,2.444
20261001-225245,339.667,81053,7758,8,1,Might,1,1,2.446,2.446,2.446
20261001-225245,339.667,81053,3224,6,0,,0,1,0.526,0.526,0.526
20261001-225245,340.179,81053,3413,10,1,Protection,1,1,4.514,4.514,4.514
20261001-225245,340.179,81053,2901,8,0,,0,1,0.512,1.038,1.038
20261001-225245,340.179,81053,5143,8,0,,0,1,0.514,0.514,0.514
20261001-225245,340.583,81053,2616,8,0,,0,1,0.404,1.442,1.442
20261001-225245,340.699,81053,2616,8,0,,0,1,0.116,1.558,1.558
20261001-225245,340.699,81053,2824,8,1,Protection,1,1,5.034,5.034,5.034
20261001-225245,341.103,81053,3746,8,1,Resolution,1,1,1.438,1.438,1.438
20261001-225245,341.103,81053,6517,9,1,Resolution,1,1,1.436,1.436,1.436
20261001-225245,341.103,81053,8268,7,0,,0,1,0.404,0.404,0.404
20261001-225245,341.103,81053,6062,6,1,Protection,1,1,3.882,3.882,3.882
20261001-225245,341.103,81053,4614,6,1,Swiftness,1,1,3.880,3.880,3.880
20261001-225245,341.183,81053,2850,7,1,Protection,1,1,3.960,3.960,3.960
20261001-225245,341.183,81053,7200,9,0,,0,1,1.004,1.004,1.004
20261001-225245,341.227,81053,3430,8,0,,0,1,0.124,0.124,0.124
20261001-225245,341.229,81053,1873,7,0,,0,1,0.126,0.126,0.126
20261001-225245,341.617,81053,5701,10,0,,0,1,0.434,1.438,1.438
20261001-225245,341.617,81053,4766,7,0,,0,1,0.514,0.514,0.514
20261001-225245,341.617,81053,4134,8,0,,0,1,0.514,0.918,0.918
20261001-225245,341.617,81053,7498,6,0,,0,1,0.514,0.514,0.514
20261001-225245,341.617,81053,6376,7,0,,0,1,0.390,0.514,0.514
20261001-225245,341.701,81053,2733,8,0,,0,1,1.002,2.560,2.560
20261001-225245,341.701,81053,1996,6,0,,0,1,0.472,0.598,0.598
20261001-225245,341.701,81053,4845,8,1,Vigor,1,1,1.522,2.036,2.036
20261001-225245,341.701,81053,4533,5,0,,0,1,0.518,0.518,0.518
20261001-225245,342.227,81053,2646,9,1,Swiftness,1,1,,,
20261001-225245,355.467,81053,4248,4,4,Regeneration+Protection+Vigor+Resolution,1,1,13.766,14.284,14.284
20261001-225245,355.977,81053,6340,0,0,,0,1,0.510,0.510,0.510
20261001-225245,355.977,81053,3070,7,1,Might,1,1,14.360,14.874,14.874
20261001-225245,355.977,81053,4630,5,1,Might,1,1,14.276,14.874,14.874
20261001-225245,356.505,81053,3070,7,0,,0,1,0.528,0.528,0.528
20261001-225245,356.901,81053,4630,6,0,,0,1,0.924,0.924,0.924
20261001-225245,356.901,81053,6340,0,0,,0,0,0.924,1.434,1.434
20261001-225245,356.901,81053,4570,2,4,Resolution+Protection+Vigor+Fury,1,1,15.284,16.722,16.722
20261001-225245,357.019,81053,8084,3,1,Might,1,1,15.318,15.318,15.318
20261001-225245,357.019,81053,5948,7,1,Might,1,1,14.792,14.792,14.792
20261001-225245,357.019,81053,6826,7,2,Might+Quickness,1,1,15.318,17.878,17.878
20261001-225245,357.019,81053,9660,2,1,Might,1,1,15.402,15.916,15.916
20261001-225245,357.019,81053,3316,8,1,Regeneration,1,1,15.402,16.320,16.320
20261001-225245,357.501,81053,3316,7,0,,0,1,0.482,0.482,0.482
20261001-225245,357.501,81053,6826,5,0,,0,1,0.482,0.482,0.482
20261001-225245,357.501,81053,3070,7,0,,0,1,0.996,1.524,1.524
20261001-225245,357.501,81053,8084,3,0,,0,1,0.482,0.482,0.482
20261001-225245,357.501,81053,2974,6,0,,0,1,0.482,0.482,0.482
20261001-225245,357.501,81053,4600,4,1,Might,1,1,15.884,16.398,16.398
20261001-225245,357.501,81053,4630,5,0,,0,1,0.600,1.524,1.524
20261001-225245,358.026,81053,6822,0,0,,1,1,1.125,1.125,1.125
20261001-225245,358.026,81053,4630,5,0,,0,1,0.525,2.049,2.049
20261001-225245,358.026,81053,6660,2,3,Might+Quickness+Fury,1,1,1.125,2.559,2.559
20261001-225245,365.897,81326,577,5,1,Resolution,1,1,8.396,8.878,8.878
20261001-225245,365.897,81326,1174,4,1,Might,1,1,8.396,8.878,8.878
20261001-225245,365.897,81326,890,4,2,Resolution+Might,1,1,8.396,8.878,8.878
20261001-225245,365.897,81326,435,7,1,Resolution,1,1,7.871,9.920,9.920
20261001-225245,365.897,81326,643,5,1,Resolution,1,1,8.396,8.878,8.878
20261001-225245,366.421,81326,988,3,0,,0,1,0.524,0.524,0.524
20261001-225245,366.421,81326,577,7,0,,0,1,0.524,0.524,0.524
20261001-225245,366.421,81326,1174,4,0,,0,1,0.524,0.524,0.524
20261001-225245,366.421,81326,483,7,0,,0,1,0.524,0.524,0.524
20261001-225245,366.941,81326,483,5,0,,0,1,0.520,1.044,1.044
20261001-225245,366.941,81326,1174,3,0,,0,1,0.520,1.044,1.044
20261001-225245,366.941,81326,988,1,0,,0,1,0.520,1.044,1.044
20261001-225245,366.941,81326,643,6,1,Stability,1,1,1.044,1.044,1.044
20261001-225245,366.941,81326,536,6,1,Fury,1,1,9.440,10.964,10.964
20261001-225245,366.941,81326,577,7,0,,0,1,0.520,1.044,1.044
20261001-225245,367.457,81326,536,3,0,,0,1,0.516,0.516,0.516
20261001-225245,367.459,81326,662,6,6,Resolution+Fury+Swiftness+Regeneration+Protection+Might,1,1,9.433,9.433,9.433
20261001-225245,367.459,81326,843,6,2,Fury+Swiftness,1,1,10.440,10.440,10.440
20261001-225245,367.459,81326,643,4,0,,0,1,0.518,0.518,0.518
20261001-225245,367.459,81326,1174,2,0,,0,1,0.518,1.562,1.562
20261001-225245,367.459,81326,483,4,0,,0,1,0.518,1.562,1.562
20261001-225245,374.579,81053,6750,5,1,Protection,1,1,7.638,8.682,8.682
20261002-222650,289.506,81326,581,1,1,Quickness,1,1,,,
20261002-222650,317.784,81326,687,9,3,Resolution+Might+Quickness,1,1,,,
20261002-222650,318.304,81326,607,7,1,Might,1,1,,,
20261002-222650,318.304,81326,687,6,0,,0,1,0.520,0.520,0.520
20261002-222650,318.306,81326,469,7,1,Might,1,1,,,
20261002-222650,318.820,81326,763,6,0,,0,1,0.516,1.036,1.036
20261002-222650,319.342,81326,560,8,4,Alacrity+Regeneration+Resistance+Protection,1,1,,,
20261002-222650,319.342,81326,642,9,1,Alacrity,1,1,,,
20261002-222650,319.342,81326,548,11,1,Alacrity,1,1,,,
20261002-222650,319.342,81326,763,5,0,,0,1,0.522,1.558,1.558
20261002-222650,319.342,81326,675,5,1,Stability,1,1,1.038,1.038,1.038
20261002-222650,334.510,81053,2801,9,4,Alacrity+Protection+Vigor+Regeneration,1,1,15.168,15.168,15.168
20261002-222650,335.428,81053,2352,8,1,Protection,1,1,17.122,17.122,17.122
20261002-222650,335.548,81053,3119,7,1,Protection,1,1,16.206,16.206,16.206
20261002-222650,335.548,81053,2360,7,1,Protection,1,1,46.042,46.042,46.042
20261002-222650,335.942,81053,4655,6,0,,0,1,0.394,0.394,0.394
20261002-222650,335.942,81053,2706,9,1,Protection,1,1,,,
20261002-222650,336.062,81053,4545,7,0,,0,1,0.120,0.514,0.514
20261002-222650,336.062,81053,2609,8,1,Might,1,1,16.720,16.720,16.720
20261002-222650,336.462,81053,4039,8,0,,0,1,0.520,0.520,0.520
20261002-222650,336.990,81053,3770,5,4,Fury+Stability+Might+Quickness,1,1,2.480,2.480,2.480
20261002-222650,347.300,81326,634,9,1,Resolution,1,1,11.238,11.752,11.752
20261002-222650,347.300,81326,587,9,0,,0,1,,,
20261002-222650,347.300,81326,544,1,0,,0,1,,,
20261002-222650,347.300,81326,604,5,0,,0,1,11.238,11.238,11.238
20261002-222650,347.830,81326,634,9,0,,0,1,0.530,0.530,0.530
20261002-222650,347.830,81326,604,5,0,,0,1,0.530,11.768,11.768
20261002-222650,348.344,81326,604,5,0,,0,1,0.514,12.282,12.282
20261002-222650,348.344,81326,634,9,0,,0,1,0.514,1.044,1.044
20261002-222650,348.344,81326,786,2,2,Might+Fury,1,1,11.354,11.354,11.354
20261002-222650,348.344,81326,587,8,1,Might,1,1,1.044,,
20261002-222650,348.346,81326,544,3,1,Might,1,1,1.046,,
20261002-222650,348.346,81326,507,6,1,Resolution,1,1,11.884,12.404,12.404
20261002-222650,348.860,81326,769,9,1,Resolution,1,1,29.518,29.518,29.518
20261002-222650,348.860,81326,544,6,0,,0,1,0.514,0.514,0.514
20261002-222650,348.860,81326,786,1,0,,0,1,0.516,0.516,0.516
20261002-222650,348.860,81326,587,9,0,,0,1,0.516,0.516,0.516
20261002-222650,348.860,81326,490,6,1,Resolution,1,1,13.432,13.432,13.432
20261002-222650,348.860,81326,671,5,0,,0,1,0.516,12.798,12.798
20261002-222650,348.860,81326,634,10,0,,0,1,0.516,1.560,1.560
20261002-222650,355.182,81053,4050,7,1,Might,1,1,6.322,6.322,6.322
20261002-222650,355.182,81053,4564,8,1,Might,1,1,6.836,6.836,6.836
20261002-222650,355.182,81053,2580,9,1,Resolution,1,1,6.322,6.836,6.836
20261002-222650,355.706,81053,6264,5,3,Might+Resolution+Stability,1,1,36.364,37.922,37.922
20261002-222650,355.706,81053,9000,6,0,,0,1,0.524,0.524,0.524
20261002-222650,355.706,81053,10340,7,0,,0,1,0.524,0.524,0.524
20261002-222650,355.706,81053,5848,7,0,,0,1,0.524,0.524,0.524
20261002-222650,355.706,81053,9376,2,2,Might+Quickness,1,1,6.846,7.362,7.362
20261002-222650,355.706,81053,5125,9,1,Fury,1,1,6.846,7.362,7.362
20261002-222650,355.706,81053,3802,7,1,Fury,1,1,6.846,8.406,8.406
20261002-222650,355.706,81053,5380,6,0,,0,1,6.846,19.644,19.644
20261002-222650,356.108,81053,6514,4,0,,0,1,0.402,0.402,0.402
20261002-222650,356.108,81053,4500,6,0,,0,1,0.402,0.926,0.926
20261002-222650,356.108,81053,2924,8,1,Resolution,1,1,7.248,7.248,7.248
20261002-222650,356.108,81053,3039,7,0,,0,1,0.402,0.926,0.926
20261002-222650,356.108,81053,5367,7,0,,0,1,0.402,0.926,0.926
20261002-222650,356.230,81053,3125,7,0,,0,1,0.122,1.048,1.048
20261002-222650,356.230,81053,4106,5,0,,0,1,0.524,0.524,0.524
20261002-222650,356.230,81053,11392,6,0,,0,1,0.524,20.168,20.168
20261002-222650,356.230,81053,13434,6,0,,0,1,0.122,1.048,1.048
20261002-222650,356.230,81053,13280,4,0,,0,1,0.122,0.524,0.524
20261002-222650,356.230,81053,5125,8,0,,0,1,0.524,0.524,0.524
20261002-222650,356.230,81053,2982,8,0,,0,1,0.122,0.122,0.122
20261002-222650,356.230,81053,4252,5,1,Might,1,1,20.682,20.682,20.682
20261002-222650,356.626,81053,6192,8,0,,0,1,0.396,0.518,0.518
20261002-222650,356.626,81053,5662,6,0,,0,0,0.518,1.444,1.444
20261002-222650,356.742,81053,5125,8,0,,0,1,0.512,1.036,1.036
20261002-222650,356.742,81053,6717,7,0,,0,1,0.512,1.560,1.560
20261002-222650,357.664,81053,5222,4,1,Might,1,1,1.038,2.482,2.482
20261002-222650,357.664,81053,3839,5,1,Vigor,1,1,1.434,1.958,1.958
20261002-222650,357.664,81053,8866,2,2,Might+Resistance,1,1,1.958,1.958,1.958
20261002-222650,357.664,81053,11294,4,3,Resolution+Resistance+Might,1,1,1.434,1.958,1.958
20261002-222650,357.664,81053,9240,8,0,,0,1,0.922,1.958,1.958
20261002-222650,357.664,81053,5686,6,0,,0,1,1.038,1.556,1.556
20261002-222650,357.748,81053,4755,9,1,Might,1,1,1.518,21.686,21.686
20261002-222650,358.262,81053,4620,6,0,,0,1,0.598,2.556,2.556
20261002-224131,285.026,81326,585,7,1,Protection,1,1,,,
20261002-224131,285.026,81326,508,6,1,Protection,1,1,,,
20261002-224131,285.026,81326,508,7,1,Protection,1,1,,,
20261002-224131,285.537,81326,609,7,0,,0,1,,,
20261002-224131,286.065,81326,508,7,1,Regeneration,1,1,1.039,1.039,1.039
20261002-224131,313.901,81326,466,9,1,Protection,1,1,27.836,27.836,27.836
20261002-224131,313.901,81326,806,8,1,Might,1,1,,,
20261002-224131,313.901,81326,676,8,1,Protection,1,1,,,
20261002-224131,313.901,81326,615,9,1,Regeneration,1,1,28.364,,
20261002-224131,313.901,81326,689,7,1,Swiftness,1,1,28.875,28.875,28.875
20261002-224131,314.421,81326,510,8,1,Protection,1,1,,,
20261002-224131,314.943,81326,761,8,0,,0,1,0.522,0.522,0.522
20261002-224131,314.943,81326,615,7,1,Protection,1,1,1.042,1.042,1.042
20261002-224131,314.943,81326,1009,7,1,Fury,1,1,1.042,1.042,1.042
20261002-224131,315.465,81326,632,8,1,Might,1,1,,,
20261002-224131,315.465,81326,1009,6,0,,0,1,0.522,0.522,0.522
20261002-224131,315.465,81326,917,5,0,,0,1,0.522,0.522,0.522
20261002-224131,315.465,81326,689,7,1,Swiftness,1,1,1.564,1.564,1.564
20261002-224131,315.465,81326,510,8,0,,0,1,0.522,1.044,1.044
20261002-224131,335.785,81053,3288,9,4,Might+Protection+Resistance+Fury,1,1,20.320,20.842,20.842
20261002-224131,335.785,81053,2745,8,5,Protection+Resistance+Fury+Swiftness+Regeneration,1,1,21.884,21.884,21.884
20261002-224131,336.823,81053,3261,9,2,Might+Stability,1,1,,,
20261002-224131,337.219,81053,4170,5,5,Swiftness+Might+Alacrity+Stability+Quickness,1,1,1.434,1.434,1.434
20261002-224131,337.219,81053,2794,8,1,Alacrity,1,1,21.754,21.754,21.754
20261002-224131,337.735,81053,4170,0,0,,0,1,0.516,0.516,0.516
20261002-224131,337.735,81053,2794,6,0,,0,1,0.516,0.516,0.516
20261002-224131,338.341,81053,3214,6,2,Protection+Fury,1,1,53.315,53.315,53.315
20261002-224131,343.143,81326,679,10,2,Resolution+Fury,1,1,27.678,27.678,27.678
20261002-224131,343.657,81326,578,7,2,Swiftness+Resolution,1,1,6.834,6.834,6.834
20261002-224131,344.179,81326,496,5,1,Alacrity,1,1,6.444,6.960,6.960
20261002-224131,355.495,81053,3097,9,5,Might+Quickness+Resolution+Fury+Alacrity,1,1,17.760,18.276,18.276
20261002-224131,356.021,81053,4134,7,2,Might+Quickness,1,1,40.556,41.600,41.600
20261002-224131,356.021,81053,4375,9,1,Resolution,1,1,42.120,42.120,42.120
20261002-224131,356.021,81053,4192,8,2,Fury+Might,1,1,17.680,17.680,17.680
20261002-224131,356.021,81053,3435,9,2,Fury+Might,1,1,12.878,12.878,12.878
20261002-224131,356.021,81053,3326,9,1,Resolution,1,1,,,
20261002-224131,356.021,81053,4080,8,1,Resolution,1,1,40.556,41.078,41.078
20261002-224131,356.021,81053,3709,10,4,Resolution+Fury+Might+Swiftness,1,1,20.236,20.236,20.236
20261002-224131,356.021,81053,2787,7,1,Fury,1,1,11.842,11.842,11.842
20261002-224131,356.021,81053,5985,9,2,Resolution+Might,1,1,12.364,12.364,12.364
20261002-224131,356.547,81053,5985,7,0,,0,1,0.526,0.526,0.526
20261002-224131,356.547,81053,3326,8,0,,0,1,0.526,0.526,0.526
20261002-224131,356.547,81053,4080,7,0,,0,1,0.526,0.526,0.526
20261002-224131,356.547,81053,3709,6,0,,0,1,0.526,0.526,0.526
20261002-224131,356.547,81053,4192,6,0,,0,1,0.526,0.526,0.526
20261002-224131,356.547,81053,4375,8,0,,0,1,0.526,0.526,0.526
20261002-224131,356.943,81053,3097,4,4,Protection+Vigor+Swiftness+Regeneration,1,1,1.448,1.448,1.448
20261002-224131,357.065,81053,4622,0,0,,0,1,0.122,0.122,0.122
20261002-224131,357.065,81053,3709,8,0,,0,1,0.518,1.044,1.044
20261002-224131,357.065,81053,6652,9,0,,0,1,0.518,1.044,1.044
20261002-224131,357.065,81053,8160,8,0,,0,1,0.518,1.044,1.044
20261002-224131,357.065,81053,2787,5,1,Vigor,1,1,1.044,1.044,1.044
20261002-224131,357.539,81053,6652,10,0,,0,1,0.474,1.518,1.518
20261002-224131,357.539,81053,9244,1,0,,0,1,0.474,0.596,0.596
20261002-224131,357.577,81053,2787,3,0,,0,1,0.512,0.512,0.512
20261002-224131,357.577,81053,4134,2,2,Might+Resolution,1,1,1.556,1.556,1.556
20261002-224131,357.577,81053,4375,9,1,Resolution,1,1,1.030,1.556,1.556
20261002-224131,357.577,81053,3435,8,2,Resistance+Fury,1,1,1.556,1.556,1.556
20261002-224131,357.577,81053,3709,9,0,,0,1,0.512,1.556,1.556
20261002-224131,358.507,81053,4192,10,2,Alacrity+Might,1,1,1.960,2.486,2.486
20261002-224131,358.507,81053,4533,7,1,Resolution,1,1,1.442,2.486,2.486
20261002-224131,358.507,81053,3257,9,0,,0,1,0.930,0.930,0.930
20261002-224131,358.507,81053,3709,10,0,,0,1,0.930,2.486,2.486
20261002-224131,372.429,81053,5410,7,1,Fury,1,1,14.852,15.364,15.364
20261002-224131,372.429,81053,6546,7,5,Fury+Regeneration+Might+Protection+Swiftness,1,1,14.890,15.486,15.486
20261002-224131,372.429,81053,5524,9,1,Stability,1,1,13.922,14.852,14.852
20261002-224131,372.429,81053,6044,10,2,Stability+Might,1,1,13.922,13.922,13.922
20261002-224131,372.429,81053,6966,8,2,Regeneration+Fury,1,1,15.882,16.408,16.408
20261002-224131,372.429,81053,5218,9,2,Might+Fury,1,1,14.852,14.852,14.852
20261002-224131,372.941,81053,5886,8,0,,0,1,0.512,0.512,0.512
20261002-224131,372.941,81053,6438,9,0,,0,1,0.512,0.512,0.512
20261002-224131,372.941,81053,2780,8,0,,0,1,0.512,0.512,0.512
20261002-224131,373.341,81053,3063,8,0,,0,1,0.400,0.912,0.912
20261002-224131,373.341,81053,3351,9,0,,0,1,0.400,0.912,0.912
20261002-224131,373.459,81053,6702,9,0,,0,1,0.118,1.030,1.030
20261002-224131,373.459,81053,6126,8,0,,0,1,0.118,1.030,1.030
20261002-224131,373.939,81053,9144,8,0,,0,1,0.480,1.510,1.510
20261002-224131,373.939,81053,6702,9,0,,0,1,0.480,1.510,1.510
20261002-224131,390.895,81053,2796,6,2,Might+Alacrity,1,1,17.954,18.466,18.466
20261002-224131,391.420,81053,3022,9,1,Regeneration,1,1,33.881,35.399,35.399
20261002-224131,391.940,81053,2533,7,1,Alacrity,1,1,19.511,19.511,19.511
20261002-224131,391.940,81053,3780,10,5,Resistance+Alacrity+Might+Swiftness+Fury,1,1,19.511,19.511,19.511
20261002-224131,391.941,81053,3022,9,0,,0,1,0.521,0.521,0.521
20261002-224131,391.941,81053,3238,8,2,Resistance+Fury,1,1,18.002,19.512,19.512
20261002-224131,392.461,81053,2269,6,2,Might+Regeneration,1,1,1.566,1.566,1.566
20261002-224131,392.461,81053,2283,7,0,,0,1,0.521,0.521,0.521
20261002-224131,392.461,81053,2283,8,0,,0,1,0.521,0.521,0.521
20261002-224131,392.461,81053,3127,9,2,Stability+Fury,1,1,34.884,34.884,34.884
20261002-224131,392.861,81053,6459,8,0,,0,1,0.400,0.400,0.400
20261002-224131,392.861,81053,4716,8,0,,0,1,0.400,0.921,0.921
20261002-224131,392.861,81053,2283,7,0,,0,1,0.400,0.921,0.921
20261002-224131,392.861,81053,6029,8,0,,0,1,0.920,0.920,0.920
20261002-224131,392.861,81053,5628,10,0,,0,1,0.920,1.441,1.441
20261002-224131,392.861,81053,6213,9,1,Fury,1,1,34.354,34.354,34.354
20261002-224131,392.861,81053,6275,11,4,Fury+Stability+Might+Quickness,1,1,34.354,36.840,36.840
20261002-224131,392.939,81053,3150,10,2,Fury+Might,1,1,20.510,20.510,20.510
20261002-224131,392.939,81053,2417,6,0,,0,1,0.478,0.478,0.478
20261002-224131,393.377,81053,4566,8,0,,0,1,0.516,1.437,1.437
20261002-224131,393.463,81053,3127,8,0,,0,1,0.602,1.002,1.002
20261002-224131,393.463,81053,2919,8,0,,0,1,0.602,1.522,1.522
20261002-224131,393.463,81053,2725,9,0,,0,1,0.602,2.043,2.043
20261002-224131,393.463,81053,3038,6,0,,0,1,0.602,0.602,0.602
20261002-224131,393.463,81053,3008,9,0,,0,1,0.602,0.602,0.602
20261002-224131,393.463,81053,2956,10,0,,0,1,0.524,0.524,0.524
20261002-224131,393.905,81053,2561,5,0,,0,1,0.966,1.444,1.444
20261002-224131,393.905,81053,3429,4,0,,0,1,0.442,1.044,1.044
20261002-224131,393.905,81053,5154,8,0,,0,1,0.528,1.965,1.965
20261002-224131,393.905,81053,3295,6,0,,0,1,0.442,1.964,1.964
20261002-224131,394.179,81326,501,8,0,,0,1,0.274,2.239,2.239
20261002-224131,394.499,81053,2561,9,0,,0,1,0.594,2.038,2.038
20261002-224131,394.499,81053,3847,7,0,,0,1,0.320,2.559,2.559
20261002-224131,394.499,81053,2710,10,1,Fury,1,1,20.560,22.070,22.070
20261002-224131,395.221,81326,527,10,0,,0,1,0.722,0.722,0.722
20261002-224131,395.221,81326,893,6,1,Might,1,1,1.758,3.801,3.801
20261002-224131,395.733,81326,748,6,5,Fury+Resolution+Resistance+Regeneration+Stability,1,1,2.872,3.793,3.793
20261002-224131,395.733,81326,893,6,0,,0,1,0.512,0.512,0.512
20261002-224131,395.733,81326,686,6,2,Might+Resolution,1,1,2.270,3.272,3.272
20261002-224131,395.733,81326,641,8,2,Might+Resolution,1,1,1.828,3.792,3.792
20261002-224131,395.733,81326,527,10,0,,0,1,0.512,1.234,1.234
20261002-224131,419.343,81053,4101,11,1,Fury,1,1,25.880,26.482,26.482
20261002-224131,419.343,81053,2802,10,5,Regeneration+Resistance+Swiftness+Resolution+Alacrity,1,1,23.610,23.610,23.610
20261002-224131,419.343,81053,3009,9,1,Resolution,1,1,23.610,24.122,24.122
20261002-224131,419.343,81053,3453,11,2,Resistance+Stability,1,1,23.610,23.610,23.610
20261002-224131,419.857,81053,2789,9,3,Might+Protection+Resistance,1,1,25.358,27.396,27.396
20261002-224131,419.857,81053,3361,7,4,Swiftness+Regeneration+Protection+Might,1,1,25.952,26.996,26.996
20261002-224131,419.857,81053,3113,9,0,,0,1,0.514,0.514,0.514
20261002-224131,419.857,81053,7395,11,0,,0,1,0.514,0.514,0.514
20261002-224131,419.857,81053,5052,5,0,,0,1,0.514,0.514,0.514
20261002-224131,419.857,81053,5426,7,0,,0,1,0.514,0.514,0.514
20261002-224131,419.857,81053,6576,8,1,Might,1,1,24.124,25.358,25.358
20261002-224131,420.375,81053,3361,6,0,,0,1,0.518,0.518,0.518
20261002-224131,420.781,81053,3361,6,0,,0,1,0.406,0.924,0.924
20261002-224131,420.781,81053,3698,10,0,,0,1,0.924,1.438,1.438
20261002-224131,420.783,81053,2526,6,0,,0,1,0.926,1.440,1.440
20261002-224131,420.783,81053,2713,7,0,,0,1,0.926,1.440,1.440
20261002-224131,420.783,81053,3113,8,0,,0,1,0.926,1.440,1.440
20261002-224131,420.783,81053,2972,6,1,Resolution,1,1,26.284,28.843,28.843
20261002-224131,420.897,81053,2789,8,3,Resolution+Might+Fury,1,1,1.040,1.040,1.040
20261002-224131,420.907,81053,2972,6,0,,0,1,0.124,0.124,0.124
20261002-224131,420.907,81053,3113,8,0,,0,1,0.124,1.564,1.564
20261002-224131,420.907,81053,6722,6,0,,0,1,0.126,1.050,1.050
20261002-224131,420.907,81053,5052,7,0,,0,1,0.124,1.564,1.564
20261002-224131,420.907,81053,2713,7,0,,0,1,0.124,1.564,1.564
20261002-224131,420.907,81053,3698,11,0,,0,1,0.126,1.564,1.564
20261002-224131,421.301,81053,5052,7,0,,0,1,0.394,1.958,1.958
20261002-224131,421.301,81053,7396,10,0,,0,1,0.394,1.958,1.958
20261002-224131,421.301,81053,5426,9,0,,0,1,0.394,1.958,1.958
20261002-224131,421.301,81053,3361,8,0,,0,1,0.394,1.444,1.444
20261002-224131,421.375,81053,6226,9,0,,0,1,0.468,2.032,2.032
20261002-224131,421.375,81053,5944,6,0,,0,1,0.468,0.592,0.592
20261002-224131,421.375,81053,5578,6,0,,0,1,0.478,0.478,0.478
20261002-224131,421.420,81053,2713,9,0,,0,1,0.119,2.077,2.077
20261002-224131,421.420,81053,2526,7,0,,0,1,0.119,2.077,2.077
20261002-224131,421.425,81053,3698,10,0,,0,1,0.124,2.082,2.082
20261002-224131,421.425,81053,3361,9,0,,0,1,0.124,1.568,1.568
20261002-224131,421.425,81053,3196,9,3,Protection+Resolution+Might,1,1,27.962,28.486,28.486
20261002-224131,421.425,81053,4406,9,1,Might,1,1,1.568,1.568,1.568
20261002-224131,421.811,81053,2713,9,0,,0,1,0.391,2.468,2.468
20261002-224131,421.811,81053,2526,7,0,,0,1,0.391,2.468,2.468
20261002-224131,421.895,81053,3459,9,0,,0,1,0.520,2.552,2.552
20261002-224131,422.337,81053,3014,8,0,,0,1,0.526,2.994,2.994
20261002-224131,422.337,81053,4406,9,0,,0,1,0.912,0.912,0.912
20261002-224131,422.337,81053,3229,9,3,Regeneration+Stability+Fury,1,1,26.604,26.604,26.604
20261002-224131,422.337,81053,3302,7,0,,0,1,0.962,1.554,1.554
20261002-224131,423.459,81326,581,9,1,Resolution,1,1,1.122,4.116,4.116
20261002-224131,423.459,81326,541,7,5,Resolution+Might+Regeneration+Vigor+Fury,1,1,1.648,4.116,4.116
20261002-224131,423.459,81326,637,7,1,Resolution,1,1,1.122,2.676,2.676
20261002-224131,423.459,81326,850,9,1,Vigor,1,1,1.122,2.034,2.034
20261002-224131,423.459,81326,623,6,3,Vigor+Might+Quickness,1,1,1.122,1.122,1.122
20261002-224131,423.459,81326,648,9,4,Might+Regeneration+Vigor+Resistance,1,1,2.034,3.602,3.602
20261002-224131,423.459,81326,598,6,3,Resolution+Vigor+Might,1,1,2.084,2.562,2.562
20261002-224131,423.459,81326,667,7,2,Might+Fury,1,1,1.564,4.116,4.116
20261002-224131,423.459,81326,792,7,1,Resolution,1,1,2.034,4.116,4.116
20261002-224131,423.975,81326,792,7,0,,0,1,0.516,0.516,0.516
20261002-224131,442.541,81053,10080,4,1,Might,1,1,19.082,19.082,19.082
20261002-224131,442.541,81053,5660,9,1,Swiftness,1,1,19.082,19.082,19.082
20261002-224131,442.541,81053,9720,1,1,Swiftness,1,1,19.082,19.082,19.082
20261002-224131,442.541,81053,10412,1,1,Quickness,1,1,19.082,19.082,19.082
20261002-224131,442.541,81053,5952,4,1,Fury,1,1,19.082,19.082,19.082
20261002-224131,442.541,81053,8394,4,3,Might+Alacrity+Vigor,1,1,19.082,19.082,19.082
20261002-224131,442.541,81053,9938,0,0,,1,1,19.082,19.082,19.082
20261002-224131,442.541,81053,8284,7,1,Resolution,1,1,18.566,19.082,19.082
20261002-224131,442.659,81053,4969,2,0,,0,1,0.118,19.200,0.118
20261002-224131,442.659,81053,5206,0,0,,0,1,0.118,0.118,0.118
20261002-224131,442.659,81053,4197,3,0,,0,1,0.118,0.118,0.118
20261002-224131,442.659,81053,4142,6,0,,0,1,0.118,0.118,0.118
20261002-224131,442.659,81053,4442,3,0,,0,1,0.118,0.118,0.118
20261002-224131,442.659,81053,2830,8,0,,0,1,0.118,0.118,0.118
20261002-224131,442.659,81053,5040,3,0,,0,1,0.118,0.118,0.118
20261002-224131,442.659,81053,4860,0,0,,0,1,0.118,0.118,0.118
20261002-224131,443.049,81053,5206,0,0,,0,1,0.390,0.508,0.508
20261002-224131,443.137,81053,3765,1,2,Resistance+Protection,1,1,19.678,19.678,19.678
20261002-224131,443.137,81053,4142,7,1,Resolution,0,1,0.478,0.596,0.596
20261002-224131,443.137,81053,4442,3,0,,0,1,0.478,0.596,0.596
20261002-224131,443.137,81053,3256,0,0,,0,1,0.478,0.596,0.596
20261002-224131,443.573,81053,3734,6,0,,0,1,0.436,0.436,1.032
20261002-224131,443.661,81053,3383,7,3,Regeneration+Protection+Might,1,1,22.236,22.236,22.236
20261002-224131,443.661,81053,2551,6,0,,0,1,1.002,1.120,1.120
20261002-224131,444.177,81053,2551,7,0,,0,1,0.516,1.636,1.636
20261002-224131,453.331,81326,545,10,1,Alacrity,1,1,10.672,10.790,10.790
20261002-224131,453.331,81326,457,10,1,Might,1,1,9.154,10.790,10.790
20261002-224131,453.849,81326,545,8,1,Protection,0,1,0.518,0.518,0.518
20261002-224131,453.849,81326,457,9,1,Fury,0,1,0.518,0.518,0.518
20261002-224131,453.849,81326,584,2,3,Protection+Vigor+Regeneration,1,1,10.712,11.308,11.308
20261002-224131,477.531,81053,5506,8,3,Regeneration+Stability+Fury,1,1,33.870,33.870,33.870
20261002-224131,477.531,81053,6517,4,4,Protection+Resistance+Fury+Might,1,1,34.394,34.990,34.990
20261002-224131,477.531,81053,4972,8,2,Regeneration+Protection,1,1,34.394,34.394,34.394
20261002-224131,478.057,81053,7421,6,0,,0,1,0.526,0.526,0.526
20261002-224131,478.057,81053,9728,0,0,,0,0,0.526,0.526,0.526
20261002-224131,478.057,81053,7217,3,1,Might,1,1,24.208,24.208,24.726
20261002-224131,478.449,81053,7217,3,0,,0,1,0.392,0.392,0.392
20261002-224131,478.449,81053,8047,6,0,,0,1,0.392,0.918,0.918
20261002-224131,478.973,81053,7939,3,0,,0,0,0.524,0.916,0.916
20261002-224131,479.055,81053,6568,6,3,Fury+Might+Quickness,1,1,1.524,1.524,1.524
20261002-224131,480.010,81053,7629,4,0,,0,1,0.955,0.955,0.955
20261002-224131,480.609,81053,7819,4,0,,0,1,0.599,1.554,1.554
20261002-225404,280.460,81326,473,10,1,Resistance,1,1,,,
20261002-225404,280.460,81326,732,9,1,Resistance,1,1,,,
20261002-225404,280.460,81326,500,9,1,Resistance,1,1,,,
20261002-225404,280.460,81326,555,8,1,Stability,1,1,,,
20261002-225404,280.460,81326,569,7,1,Swiftness,1,1,,,
20261002-225404,280.984,81326,732,8,0,,0,1,0.524,0.524,0.524
20261002-225404,281.506,81326,732,8,0,,0,1,0.522,1.046,1.046
20261002-225404,281.506,81326,500,8,1,Resolution,1,1,1.046,1.046,1.046
20261002-225404,281.506,81326,515,9,1,Regeneration,1,1,,,
20261002-225404,281.506,81326,659,9,1,Protection,1,1,,,
20261002-225404,282.024,81326,616,9,2,Resistance+Swiftness,1,1,1.564,1.564,1.564
20261002-225404,282.024,81326,526,10,2,Might+Resolution,1,1,1.564,1.564,1.564
20261002-225404,282.024,81326,599,11,2,Might+Resolution,1,1,,,
20261002-225404,282.024,81326,732,10,1,Might,0,1,0.518,1.564,1.564
20261002-225404,282.024,81326,500,9,1,Swiftness,0,1,0.518,0.518,0.518
20261002-225404,309.904,81326,827,6,1,Might,1,1,,,
20261002-225404,309.904,81326,668,4,0,,0,1,27.880,27.880,27.880
20261002-225404,309.904,81326,881,6,0,,0,1,27.880,27.880,28.398
20261002-225404,309.904,81326,539,6,1,Swiftness,1,1,29.444,29.444,29.444
20261002-225404,309.906,81326,666,9,1,Might,1,1,,,
20261002-225404,309.906,81326,862,3,0,,0,1,28.400,28.400,28.400
20261002-225404,309.906,81326,1176,3,0,,0,1,27.882,27.882,27.882
20261002-225404,311.466,81326,666,9,1,Might,1,1,1.560,1.560,1.560
20261002-225404,311.468,81326,1097,6,1,Might,1,1,29.444,29.444,31.008
20261002-225404,311.468,81326,554,7,1,Might,1,1,1.564,1.564,1.564
20261002-225404,311.468,81326,502,7,1,Might,1,1,1.564,29.444,29.962
20261002-225404,321.860,81053,2156,9,1,Resolution,1,1,10.392,10.392,10.392
20261002-225404,322.380,81053,1944,8,0,,0,1,0.520,0.520,0.520
20261002-225404,322.780,81053,1944,8,0,,0,1,0.400,0.920,0.920
20261002-225404,322.908,81053,2605,9,1,Swiftness,1,1,40.884,40.884,40.884
20261002-225404,322.908,81053,1890,5,1,Might,1,1,11.440,11.440,11.440
20261002-225404,323.382,81053,2156,8,0,,0,1,0.602,1.522,1.522
20261002-225404,323.422,81053,2658,9,0,,0,1,0.514,0.514,0.514
20261002-225404,323.422,81053,2481,9,1,Protection,1,1,13.516,41.916,41.916
20261002-225404,323.422,81053,1928,6,0,,0,1,0.514,0.514,0.514
20261002-225404,323.424,81053,2582,8,1,Protection,1,1,13.520,41.400,41.400
20261002-225404,323.424,81053,2147,10,1,Swiftness,1,1,13.520,13.520,13.520
20261002-225404,324.342,81053,3888,7,1,Might,1,1,42.836,42.836,42.836
20261002-225404,324.938,81053,1935,10,1,Swiftness,1,1,1.514,1.514,1.514
20261002-225404,341.906,81053,2364,9,1,Might,1,1,16.968,16.968,16.968
20261002-225404,341.906,81053,3263,10,1,Might,1,1,32.000,59.882,59.882
20261002-225404,341.906,81053,2562,8,1,Might,1,1,18.484,18.998,18.998
20261002-225404,341.906,81053,2464,9,1,Might,1,1,18.484,18.484,18.484
20261002-225404,341.906,81053,3704,8,1,Might,1,1,30.440,30.440,30.440
20261002-225404,341.906,81053,2079,10,1,Might,1,1,18.524,20.046,20.046
20261002-225404,342.424,81053,1871,9,1,Regeneration,1,1,18.082,18.082,18.082
20261002-225404,342.424,81053,2464,7,0,,0,1,0.518,0.518,0.518
20261002-225404,342.424,81053,3263,8,0,,0,1,0.518,0.518,0.518
20261002-225404,342.424,81053,4980,10,1,Resolution,1,1,19.000,19.000,19.000
20261002-225404,342.424,81053,2562,7,0,,0,1,0.518,0.518,0.518
20261002-225404,342.424,81053,2739,10,1,Resolution,1,1,30.956,30.956,30.956
20261002-225404,342.940,81053,2978,9,0,,0,1,0.516,0.516,0.516
20261002-225404,342.940,81053,2034,8,0,,0,1,0.516,0.516,0.516
20261002-225404,342.940,81053,3549,10,0,,0,1,0.516,1.034,1.034
20261002-225404,342.940,81053,2021,9,1,Resolution,1,1,19.518,20.032,20.032
20261002-225404,343.338,81053,3038,9,0,,0,1,0.398,0.914,0.914
20261002-225404,343.340,81053,2762,10,0,,0,1,0.916,0.916,0.916
20261002-225404,343.340,81053,3620,9,0,,0,1,0.400,1.434,1.434
20261002-225404,343.340,81053,2062,7,0,,0,1,0.400,0.400,0.400
20261002-225404,343.340,81053,2842,7,0,,0,1,0.916,1.434,1.434
20261002-225404,343.340,81053,2653,8,0,,0,1,0.916,1.434,1.434
20261002-225404,343.340,81053,2306,9,1,Resolution,1,1,1.434,1.434,1.434
20261002-225404,343.464,81053,2306,8,0,,0,1,0.124,0.124,0.124
20261002-225404,343.464,81053,5306,8,0,,0,1,0.124,1.558,1.558
20261002-225404,343.464,81053,5684,7,0,,0,1,0.124,1.558,1.558
20261002-225404,343.464,81053,7240,9,0,,0,1,0.124,1.558,1.558
20261002-225404,343.464,81053,5524,10,0,,0,1,0.124,1.040,1.040
20261002-225404,343.464,81053,5244,8,1,Might,1,1,1.558,1.558,1.558
20261002-225404,343.464,81053,4124,7,0,,0,1,0.124,0.524,0.524
20261002-225404,343.464,81053,6136,9,0,,0,1,0.126,1.040,1.040
20261002-225404,343.860,81053,4612,8,0,,0,1,0.396,0.520,0.520
20261002-225404,343.860,81053,5684,7,0,,0,1,0.396,1.954,1.954
20261002-225404,343.860,81053,5306,8,0,,0,1,0.396,1.954,1.954
20261002-225404,343.860,81053,7240,9,0,,0,1,0.396,1.954,1.954
20261002-225404,343.862,81053,5524,10,0,,0,1,0.398,1.438,1.438
20261002-225404,343.862,81053,5244,8,0,,0,1,0.398,0.398,0.398
20261002-225404,343.942,81053,4124,7,0,,0,1,0.478,1.002,1.002
20261002-225404,343.982,81053,2622,8,0,,0,1,0.120,0.518,0.518
20261002-225404,343.982,81053,2762,9,0,,0,1,0.120,1.558,1.558
20261002-225404,343.982,81053,3620,9,0,,0,1,0.122,2.076,2.076
20261002-225404,343.982,81053,2653,8,0,,0,1,0.122,2.076,2.076
20261002-225404,343.982,81053,2842,7,0,,0,1,0.122,2.076,2.076
20261002-225404,344.384,81053,4612,8,0,,0,1,0.524,1.044,1.044
20261002-225404,344.384,81053,5306,7,0,,0,1,0.402,2.478,2.478
20261002-225404,344.384,81053,5684,7,0,,0,1,0.402,2.478,2.478
20261002-225404,344.384,81053,5828,6,0,,0,1,0.402,0.920,0.920
20261002-225404,344.464,81053,4456,6,1,Might,1,1,2.558,2.558,2.558
20261002-225404,344.464,81053,2425,8,0,,0,1,0.482,2.558,2.558
20261002-225404,344.464,81053,2762,8,0,,0,1,0.482,2.040,2.040
20261002-225404,344.464,81053,2291,7,0,,0,1,0.522,1.524,1.524
20261002-225404,359.023,81053,4226,9,1,Fury,1,1,14.639,15.559,15.559
20261002-225404,359.023,81053,2425,9,1,Fury,1,1,14.639,17.117,17.117
20261002-225404,359.024,81053,2880,10,1,Resolution,1,1,15.560,16.600,16.600
20261002-225404,359.536,81053,4492,7,0,,0,1,0.513,0.513,0.513
20261002-225404,359.538,81053,6122,9,0,,0,1,0.514,0.514,0.514
20261002-225404,359.538,81053,2577,8,0,,0,1,0.515,0.515,0.515
20261002-225404,359.942,81053,2246,8,0,,0,1,0.406,0.919,0.919
20261002-225404,360.456,81053,7294,8,1,Resolution,1,1,15.992,18.550,18.550
20261002-225404,360.456,81053,5878,10,1,Swiftness,1,1,15.992,15.992,15.992
20261002-225404,360.456,81053,6122,9,0,,0,1,0.918,1.432,1.432
20261002-225404,360.540,81053,2308,7,1,Might,1,1,16.076,17.600,17.600
20261002-225404,360.540,81053,2673,7,1,Might,1,1,16.156,18.634,18.634
20261002-225404,360.540,81053,2323,6,1,Might,1,1,17.600,18.116,18.116
20261002-225404,360.978,81053,2673,6,0,,0,1,0.438,0.438,0.438
20261002-225404,360.978,81053,2939,9,0,,0,1,0.522,0.522,0.522
20261002-225404,360.978,81053,2308,7,0,,0,1,0.438,0.438,0.438
20261002-225404,360.978,81053,3647,7,0,,0,1,0.522,0.522,0.522
20261002-225404,360.978,81053,3061,9,0,,0,1,0.522,1.954,1.954
20261002-225404,361.056,81053,2323,6,0,,0,1,16.672,17.716,17.716
20261002-225404,361.056,81053,2577,9,0,,0,1,1.518,2.033,2.033
20261002-225404,361.056,81053,2323,5,0,,0,1,0.516,0.516,0.516
20261002-225404,361.498,81053,3061,9,0,,0,1,0.520,2.474,2.474
20261002-225404,361.498,81053,2308,7,0,,0,1,0.520,0.958,0.958
20261002-225404,361.500,81053,2939,10,0,,0,1,0.522,1.044,1.044
20261002-225404,361.500,81053,3647,7,0,,0,1,0.522,1.044,1.044
20261002-225404,362.102,81053,2270,7,1,Protection,1,1,1.046,1.562,1.562
20261002-225404,362.102,81053,3564,7,0,,0,1,0.602,1.646,1.646
20261002-225404,379.264,81053,2136,5,1,Regeneration,1,1,19.322,20.241,20.241
20261002-225404,379.736,81053,2378,8,1,Swiftness,1,1,35.272,37.312,37.312
20261002-225404,380.258,81053,1985,8,1,Swiftness,1,1,19.202,36.918,36.918
20261002-225404,380.258,81053,2571,10,1,Protection,1,1,18.758,19.802,19.802
20261002-225404,380.258,81053,2369,6,0,,0,1,0.994,0.994,0.994
20261002-225404,380.258,81053,2088,10,1,Quickness,1,1,18.156,19.802,19.802
20261002-225404,380.774,81053,3837,9,0,,0,1,0.516,0.516,0.516
20261002-225404,380.774,81053,2369,6,0,,0,1,0.516,1.510,1.510
20261002-225404,406.256,81053,2425,7,1,Might,1,1,26.520,26.520,26.520
20261002-225404,406.256,81053,2668,9,1,Might,1,1,44.758,47.232,47.232
20261002-225404,406.256,81053,2303,5,1,Might,1,1,25.482,26.992,26.992
20261002-225404,406.256,81053,2246,7,1,Resolution,1,1,45.200,47.233,47.233
20261002-225404,406.256,81053,1630,8,1,Might,1,1,44.758,45.716,45.716
20261002-225404,406.780,81053,1735,8,0,,0,1,0.524,0.524,0.524
20261002-225404,406.780,81053,2556,10,0,,0,1,0.524,0.524,0.524
20261002-225404,406.780,81053,1875,6,0,,0,1,0.524,0.524,0.524
20261002-225404,406.780,81053,2152,8,0,,0,1,0.524,0.524,0.524
20261002-225404,406.780,81053,2009,8,1,Might,1,1,45.802,46.240,46.240
20261002-225404,406.780,81053,1836,8,1,Might,1,1,26.522,26.522,26.522
20261002-225404,406.780,81053,2261,9,1,Might,1,1,26.006,26.522,26.522
20261002-225404,407.178,81053,2041,7,0,,0,1,0.398,0.398,0.398
20261002-225404,407.178,81053,2840,10,0,,0,1,0.398,0.922,0.922
20261002-225404,407.178,81053,2232,7,0,,0,1,0.398,0.398,0.398
20261002-225404,407.178,81053,2392,8,0,,0,1,0.398,0.922,0.922
20261002-225404,407.178,81053,2084,6,0,,0,1,0.398,0.922,0.922
20261002-225404,407.178,81053,1928,8,0,,0,1,0.398,0.922,0.922
20261002-225404,407.302,81053,1928,9,0,,0,1,0.124,1.046,1.046
20261002-225404,407.304,81053,2840,11,0,,0,1,0.126,1.048,1.048
20261002-225404,407.304,81053,2084,6,0,,0,1,0.126,1.048,1.048
20261002-225404,407.304,81053,2232,7,0,,0,1,0.126,0.524,0.524
20261002-225404,407.304,81053,2041,7,0,,0,1,0.126,0.524,0.524
20261002-225404,407.304,81053,2512,8,0,,0,1,0.524,0.524,0.524
20261002-225404,407.304,81053,2392,8,0,,0,1,0.126,1.048,1.048
20261002-225404,407.778,81053,3046,8,0,,0,1,0.474,0.998,0.998
20261002-225404,407.778,81053,2232,8,0,,0,1,0.474,0.998,0.998
20261002-225404,407.778,81053,2512,9,0,,0,1,0.474,0.998,0.998
20261002-225404,407.820,81053,1940,7,1,Resolution,1,1,45.718,45.718,45.718
20261002-225404,408.302,81053,2392,7,0,,0,1,0.998,2.046,2.046
20261002-225404,408.304,81053,1928,8,0,,0,1,1.002,2.048,2.048
20261002-225404,408.304,81053,2084,5,0,,0,1,1.000,2.048,2.048
20261002-225404,408.734,81053,1928,8,0,,0,1,0.430,2.478,2.478
20261002-225404,424.054,81326,422,7,1,Might,1,1,43.796,43.796,43.796
20261002-225404,427.140,81053,2018,9,1,Resolution,1,1,3.086,3.086,3.086
20261002-225404,427.142,81053,3469,8,1,Fury,1,1,20.886,20.886,20.886
20261002-225404,427.142,81053,3046,6,1,Fury,1,1,19.364,20.362,20.362
20261002-225404,427.142,81053,3110,7,1,Fury,1,1,18.838,20.886,20.886
20261002-225404,427.142,81053,1940,8,1,Protection,1,1,19.322,19.322,19.322
20261002-225404,427.660,81053,3110,6,0,,0,1,0.518,0.518,0.518
20261002-225404,427.660,81053,2840,7,1,Resolution,1,1,20.356,21.404,21.404
20261002-225404,427.660,81053,3469,8,0,,0,1,0.518,0.518,0.518
20261002-225404,427.660,81053,3046,7,0,,0,1,0.518,0.518,0.518
20261002-225404,427.660,81053,3703,8,1,Fury,1,1,19.882,20.880,20.880
20261002-225404,427.660,81053,2134,8,0,,0,1,0.520,0.520,0.520
20261002-225404,428.176,81053,1928,7,1,Resolution,1,1,19.442,21.920,21.920
20261002-225404,428.178,81053,3703,5,0,,0,1,0.518,0.518,0.518
20261002-225404,428.178,81053,2134,9,0,,0,1,0.518,1.038,1.038
20261002-225404,428.178,81053,2455,10,1,Swiftness,1,1,20.400,21.398,21.398
20261002-225404,428.178,81053,3110,5,0,,0,1,0.518,1.036,1.036
20261002-225404,428.178,81053,2041,7,0,,0,1,0.518,1.036,1.036
20261002-225404,428.178,81053,3469,7,0,,0,1,0.518,1.036,1.036
20261002-225404,428.178,81053,2840,7,0,,0,1,0.518,0.518,0.518
20261002-225404,428.178,81053,3967,7,1,Might,1,1,19.876,21.922,21.922
20261002-225404,428.702,81053,2444,6,0,,0,1,0.524,0.524,0.524
20261002-225404,428.702,81053,4274,9,0,,0,1,0.524,1.560,1.560
20261002-225404,428.702,81053,1916,7,0,,0,1,0.524,1.560,1.560
20261002-225404,428.702,81053,3754,7,0,,0,1,0.524,1.560,1.560
20261002-225404,428.702,81053,2281,7,0,,0,1,0.524,1.042,1.042
20261002-225404,428.702,81053,2612,9,0,,0,1,0.524,1.042,1.042
20261002-225404,430.144,81053,2362,11,1,Protection,1,1,1.442,3.002,3.002
20261002-225404,430.144,81053,2711,7,1,Protection,1,1,1.442,1.966,1.966
20261002-225404,430.144,81053,2897,9,1,Resolution,1,1,1.442,2.484,2.484
20261002-225404,430.144,81053,2504,8,1,Resolution,1,1,1.966,1.966,1.966
20261002-225404,430.144,81053,1967,7,1,Resolution,1,1,1.968,1.968,1.968
20261002-225404,430.144,81053,1979,8,1,Resolution,1,1,1.966,3.004,3.004
20261002-225404,430.144,81053,2082,9,1,Swiftness,1,1,1.442,3.002,3.002
20261002-225404,430.144,81053,2531,9,1,Protection,1,1,1.442,2.484,2.484
20261002-225404,454.216,81326,514,8,1,Might,1,1,27.074,27.074,27.074
20261002-225404,454.216,81326,568,6,1,Might,1,1,24.072,24.072,24.072
20261002-225404,454.732,81326,463,6,1,Might,1,1,24.588,24.588,24.588
20261002-225404,454.732,81326,568,5,0,,0,1,0.516,0.516,0.516
20261002-225404,454.732,81326,514,6,0,,0,1,0.516,0.516,0.516
20261002-225404,455.254,81326,568,5,1,Resolution,0,1,0.522,1.038,1.038
20261002-225404,455.254,81326,514,5,1,Might,0,1,0.522,1.038,1.038
20261002-225404,455.772,81326,568,4,0,,0,1,0.518,0.518,1.556
20261002-225404,484.534,81326,501,7,1,Resolution,1,1,29.802,29.802,29.802
20261002-225404,484.534,81326,664,11,1,Regeneration,1,1,54.390,54.390,54.390
20261002-225404,484.534,81326,733,9,1,Alacrity,1,1,54.390,54.390,54.390
20261002-225404,484.534,81326,501,9,1,Swiftness,1,1,29.280,29.280,30.318
20261002-225404,484.534,81326,497,10,1,Regeneration,1,1,28.762,29.280,30.318
20261002-225404,484.536,81326,600,8,1,Swiftness,1,1,55.834,57.394,57.394
20261002-225404,484.536,81326,640,7,1,Alacrity,1,1,54.392,54.392,54.392
20261002-225404,484.536,81326,585,7,1,Alacrity,1,1,54.392,54.392,54.392
20261002-225404,484.536,81326,617,7,1,Alacrity,1,1,54.392,54.392,54.392
20261002-225404,485.050,81326,538,8,1,Protection,1,1,54.906,54.906,54.906
20261002-225404,485.050,81326,733,8,0,,0,1,0.516,0.516,0.516
20261002-225404,485.050,81326,501,7,0,,0,1,0.516,0.516,0.516
20261002-225404,485.784,80901,5004,7,0,,0,1,0.734,1.250,1.250
20261002-225404,486.300,80901,9039,7,1,Might,1,1,1.766,1.766,1.766
20261002-225404,486.300,80901,9570,7,1,Fury,1,1,1.764,1.764,1.764
20261002-225404,486.300,80901,8187,9,1,Vigor,1,1,1.766,1.766,1.766
20261002-225404,486.300,80901,10467,8,1,Fury,1,1,1.764,1.764,1.764
20261002-225404,486.300,80901,8187,7,0,,0,1,0.516,1.766,1.766
20261002-225404,486.300,80901,3620,10,1,Might,1,1,1.766,1.766,1.766
20261002-225404,486.300,80901,3269,8,1,Swiftness,1,1,1.764,1.764,1.764
20261002-225404,500.774,80901,3167,8,1,Resolution,1,1,14.474,14.474,14.474
20261002-225404,500.774,80901,3234,7,1,Might,1,1,15.724,15.724,15.724
20261002-225404,500.774,80901,3011,8,1,Resolution,1,1,14.474,16.240,16.240
20261002-225404,500.774,80901,3011,6,1,Resolution,1,1,14.474,14.474,14.474
20261002-225404,501.298,80901,2959,8,0,,0,1,0.524,0.524,0.524
20261002-225404,501.298,80901,3924,7,1,Might,1,1,14.998,14.998,14.998
20261002-225404,501.298,80901,3647,7,1,Regeneration,1,1,16.762,16.762,16.762
20261002-225404,501.816,80901,3345,6,1,Regeneration,1,1,15.516,15.516,15.516
20261002-225404,501.816,80901,4564,6,1,Swiftness,1,1,1.042,1.042,1.042
20261002-225404,501.816,80901,3830,8,1,Regeneration,1,1,16.766,17.282,17.282
20261002-225404,515.776,80901,2820,7,1,Resolution,1,1,15.002,15.002,15.002
20261002-225404,516.298,80901,5630,6,0,,0,1,0.522,0.522,0.522
20261002-225404,516.298,80901,9144,8,1,Alacrity,1,1,14.482,14.482,14.482
20261002-225404,516.298,80901,3590,8,1,Regeneration,1,1,15.000,15.000,15.000
20261002-225404,516.298,80901,2913,6,1,Might,1,1,15.000,15.524,15.524
20261002-225404,516.298,80901,3351,6,1,Might,1,1,14.482,14.482,14.482
20261002-225404,516.816,80901,2913,6,0,,0,1,0.518,0.518,0.518
20261002-225404,530.782,80901,9069,7,1,Might,1,1,14.484,14.484,14.484
20261002-225404,530.782,80901,9024,7,1,Resolution,1,1,44.482,44.482,44.482
20261002-225404,530.782,80901,3135,6,1,Might,1,1,14.484,14.484,14.484
20261002-225404,530.782,80901,2634,7,1,Fury,1,1,14.484,15.006,15.006
20261002-225404,530.782,80901,5874,10,1,Alacrity,1,1,44.482,44.482,44.482
20261002-225404,530.782,80901,5052,8,1,Resolution,1,1,13.966,14.484,14.484
20261002-225404,531.302,80901,3057,9,0,,0,1,0.520,0.520,0.520
20261002-225404,531.302,80901,9792,5,2,Regeneration+Resistance,0,1,0.520,0.520,0.520
20261002-225404,531.302,80901,2742,6,2,Might+Regeneration,1,1,0.520,0.520,0.520
20261002-225404,531.302,80901,4453,6,1,Protection,1,1,15.004,15.004,15.004
20261002-225404,531.820,80901,3264,3,0,,1,0,0.518,0.518,1.038
20261002-225404,531.820,80901,5674,6,1,Resolution,1,1,31.046,31.046,31.046
20261002-225404,531.820,80901,5484,4,0,,1,1,0.518,0.518,0.518
20261002-225404,531.820,80901,3057,9,0,,0,1,0.518,1.038,1.038
20261002-231326,290.020,81326,715,5,1,Resolution,1,1,,,
20261002-231326,290.540,81326,767,8,1,Resolution,1,1,,,
20261002-231326,319.660,81326,551,10,1,Resolution,1,1,,,
20261002-231326,319.660,81326,511,7,1,Protection,1,1,,,
20261002-231326,319.660,81326,674,8,1,Swiftness,1,1,29.640,29.640,29.640
20261002-231326,320.178,81326,779,7,0,,0,1,0.518,0.518,0.518
20261002-231326,320.178,81326,508,5,1,Might,1,1,,,
20261002-231326,320.706,81326,809,7,0,,0,1,0.528,1.046,1.046
20261002-231326,321.220,81326,573,10,1,Regeneration,1,1,1.560,1.560,1.560
20261002-231326,321.220,81326,840,7,0,,0,1,0.514,1.560,1.560
20261002-231326,337.544,81053,2501,5,1,Resolution,1,1,,,
20261002-231326,337.544,81053,3181,8,1,Alacrity,1,1,17.884,17.884,17.884
20261002-231326,337.544,81053,2814,10,1,Regeneration,1,1,,,
20261002-231326,337.544,81053,2576,8,1,Resolution,1,1,,,
20261002-231326,338.062,81053,4185,3,1,Regeneration,1,1,,,
20261002-231326,338.062,81053,2350,8,1,Resolution,1,1,,,
20261002-231326,338.062,81053,5408,5,0,,0,1,0.518,0.518,0.518
20261002-231326,338.062,81053,6880,7,0,,0,1,0.518,0.518,0.518
20261002-231326,338.062,81053,6084,10,0,,0,1,0.518,0.518,0.518
20261002-231326,338.062,81053,5582,7,0,,0,1,0.518,0.518,0.518
20261002-231326,338.062,81053,3543,3,1,Regeneration,1,1,16.842,18.402,18.402
20261002-231326,338.062,81053,3911,6,1,Might,1,1,17.884,17.884,17.884
20261002-231326,338.584,81053,3153,9,0,,0,1,0.522,1.040,1.040
20261002-231326,338.584,81053,7040,5,0,,0,1,0.522,0.522,0.522
20261002-231326,338.584,81053,2435,8,0,,0,1,0.522,0.522,0.522
20261002-231326,338.584,81053,3543,1,0,,0,1,0.522,0.522,0.522
20261002-231326,338.982,81053,2435,8,1,Might,0,1,0.398,0.920,0.920
20261002-231326,338.982,81053,3153,9,0,,0,1,0.398,1.438,1.438
20261002-231326,339.102,81053,7040,5,0,,0,1,0.518,1.040,1.040
20261002-231326,339.102,81053,3153,9,0,,0,1,0.120,1.558,1.558
20261002-231326,339.102,81053,3543,2,0,,0,1,0.518,1.040,1.040
20261002-231326,339.102,81053,3440,8,1,Might,1,1,1.040,1.558,1.558
20261002-231326,339.104,81053,5266,7,1,Resolution,1,1,1.042,1.560,1.560
20261002-231326,339.104,81053,2435,8,0,,0,1,0.122,0.122,1.042
20261002-231326,339.500,81053,3101,9,0,,0,1,0.398,0.398,0.398
20261002-231326,339.500,81053,2843,9,0,,0,1,0.398,1.956,1.956
20261002-231326,339.500,81053,2482,7,1,Resolution,1,1,1.438,1.956,1.956
20261002-231326,339.500,81053,3359,7,1,Protection,1,1,48.960,48.960,48.960
20261002-231326,339.500,81053,2196,8,0,,0,1,0.396,0.518,1.438
20261002-231326,339.584,81053,2639,5,3,Regeneration+Protection+Resistance,1,1,18.364,18.364,18.364
20261002-231326,339.620,81053,2374,6,0,,0,1,0.516,0.516,0.516
20261002-231326,339.620,81053,2196,8,0,,0,1,0.120,0.638,1.558
20261002-231326,339.620,81053,5014,6,0,,0,1,0.120,0.120,0.120
20261002-231326,340.020,81053,2054,6,0,,0,1,0.520,0.520,0.520
20261002-231326,340.020,81053,1926,11,0,,0,1,0.400,1.038,1.958
20261002-231326,340.020,81053,2819,11,0,,0,1,0.520,0.918,0.918
20261002-231326,340.020,81053,2126,9,0,,0,1,0.918,1.958,1.958
20261002-231326,340.102,81053,2718,3,0,,0,1,0.518,0.518,0.518
20261002-231326,340.538,81053,3698,7,0,,0,1,0.918,1.434,1.434
20261002-231326,340.538,81053,2010,11,0,,0,1,0.518,1.556,2.476
20261002-231326,340.538,81053,3652,2,1,Might,1,1,2.476,2.476,2.476
20261002-231326,340.620,81053,2837,5,0,,0,1,0.518,1.036,1.036
20261002-231326,357.624,81053,3124,7,1,Swiftness,1,1,17.604,18.522,18.522
20261002-231326,357.624,81053,2631,7,1,Swiftness,1,1,17.086,18.520,18.520
20261002-231326,357.624,81053,2356,9,1,Swiftness,1,1,17.604,19.562,19.562
20261002-231326,357.626,81053,2134,8,1,Might,1,1,18.524,19.564,19.564
20261002-231326,357.626,81053,2134,7,1,Might,1,1,17.088,18.644,19.564
20261002-231326,357.626,81053,2840,9,3,Stability+Quickness+Protection,1,1,17.006,18.042,18.042
20261002-231326,357.626,81053,3210,8,1,Might,1,1,17.606,18.126,18.126
20261002-231326,358.146,81053,2631,7,0,,0,1,0.522,0.522,0.522
20261002-231326,358.148,81053,2356,9,0,,0,1,0.524,0.524,0.524
20261002-231326,358.148,81053,2134,7,0,,0,1,0.522,0.522,0.522
20261002-231326,358.148,81053,4268,6,0,,0,1,0.522,0.522,0.522
20261002-231326,358.148,81053,5680,7,0,,0,1,0.522,0.522,0.522
20261002-231326,358.148,81053,6420,9,0,,0,1,0.522,0.522,0.522
20261002-231326,358.658,81053,4268,6,0,,0,1,0.510,1.032,1.032
20261002-231326,358.658,81053,6420,9,0,,0,1,0.510,1.032,1.032
20261002-231326,359.066,81053,3000,8,1,Resolution,1,1,19.566,21.522,21.522
20261002-231326,359.182,81053,2372,7,1,Quickness,1,1,1.034,1.556,1.556
20261002-231326,359.182,81053,3000,8,0,,0,1,0.116,0.116,0.116
20261002-231326,359.182,81053,2547,6,1,Might,1,1,18.644,18.644,18.644
20261002-231326,359.182,81053,2618,8,1,Swiftness,1,1,1.034,1.558,1.558
20261002-231326,359.664,81053,3723,8,1,Swiftness,1,1,20.044,20.164,20.164
20261002-231326,359.664,81053,3000,8,0,,0,1,0.482,0.598,0.598
20261002-231326,359.664,81053,2618,6,0,,0,1,0.482,0.482,0.482
20261002-231326,359.664,81053,5680,8,3,Regeneration+Swiftness+Might,1,1,1.516,2.038,2.038
20261002-231326,359.664,81053,4744,6,0,,0,1,0.482,0.482,0.482
20261002-231326,359.698,81053,2372,7,1,Might,1,1,1.040,2.072,2.072
20261002-231326,359.698,81053,3471,6,1,Protection,1,1,2.074,2.074,2.074
20261002-231326,360.096,81053,5182,6,0,,0,1,0.398,0.398,0.398
20261002-231326,360.620,81053,5182,6,0,,0,1,0.524,0.922,0.922
20261002-231326,360.620,81053,3000,8,0,,0,1,0.956,1.554,1.554
20261002-231326,361.220,81053,5182,7,0,,0,1,0.600,1.522,1.522
20261002-231326,361.220,81053,3071,10,0,,0,1,0.600,2.154,2.154
20261002-231326,361.220,81053,3723,8,1,Fury,1,1,1.556,1.556,1.556
20261002-231326,361.220,81053,2618,5,1,Fury,1,1,1.556,2.038,2.038
20261002-231326,374.340,81053,2996,4,1,Might,1,1,16.194,16.716,16.716
20261002-231326,374.340,81053,3558,5,1,Might,1,1,13.120,14.642,14.642
20261002-231326,374.340,81053,2431,7,1,Might,1,1,14.642,14.642,14.642
20261002-231326,374.340,81053,2797,7,1,Might,1,1,15.682,16.714,16.714
20261002-231326,374.340,81053,2860,6,1,Swiftness,1,1,14.676,15.158,15.158
20261002-231326,374.340,81053,3816,7,1,Swiftness,1,1,13.120,13.120,13.120
20261002-231326,374.340,81053,3147,10,1,Might,1,1,13.120,15.274,15.274
20261002-231326,374.340,81053,4345,1,4,Resolution+Alacrity+Vigor+Fury,1,1,14.676,14.676,14.676
20261002-231326,374.860,81053,2611,7,1,Resistance,1,1,15.678,15.678,15.678
20261002-231326,374.860,81053,2996,5,0,,0,1,0.520,0.520,0.520
20261002-231326,374.860,81053,3558,6,0,,0,1,0.520,0.520,0.520
20261002-231326,374.860,81053,2860,8,0,,0,1,0.520,0.520,0.520
20261002-231326,374.860,81053,3816,9,0,,0,1,0.520,0.520,0.520
20261002-231326,374.860,81053,2797,9,0,,0,1,0.520,0.520,0.520
20261002-231326,375.378,81053,7632,9,0,,0,1,0.518,1.038,1.038
20261002-231326,375.378,81053,5594,9,0,,0,1,0.518,1.038,1.038
20261002-231326,375.378,81053,5720,8,0,,0,1,0.518,1.038,1.038
20261002-231326,375.378,81053,3558,6,0,,0,1,0.518,1.038,1.038
20261002-231326,375.378,81053,2611,7,0,,0,1,0.518,0.518,0.518
20261002-231326,375.378,81053,2431,7,1,Regeneration,1,1,1.038,1.038,1.038
20261002-231326,375.378,81053,2996,6,0,,0,1,0.518,1.038,1.038
20261002-231326,375.784,81053,2996,7,0,,0,1,0.406,1.444,1.444
20261002-231326,375.784,81053,2611,6,0,,0,1,0.406,0.924,0.924
20261002-231326,375.784,81053,4006,7,4,Resolution+Might+Quickness+Swiftness,1,1,14.564,14.564,14.564
20261002-231326,375.786,81053,4345,4,4,Resolution+Might+Vigor+Swiftness,1,1,1.446,1.446,1.446
20261002-231326,375.786,81053,2797,8,0,,0,1,0.408,1.446,1.446
20261002-231326,375.786,81053,3816,8,0,,0,1,0.408,1.446,1.446
20261002-231326,375.902,81053,4345,0,0,,0,0,0.116,0.116,0.116
20261002-231326,375.902,81053,7116,6,0,,0,1,0.524,1.562,1.562
20261002-231326,375.902,81053,4862,5,0,,0,1,0.524,0.524,0.524
20261002-231326,375.902,81053,5222,6,0,,0,1,0.118,1.042,1.042
20261002-231326,375.902,81053,5992,7,0,,0,1,0.118,1.562,1.562
20261002-231326,375.902,81053,5594,8,0,,0,1,0.116,1.562,1.562
20261002-231326,375.902,81053,4006,3,0,,0,1,0.118,0.118,0.118
20261002-231326,375.902,81053,3816,8,0,,0,1,0.116,1.562,1.562
20261002-231326,375.902,81053,2860,7,0,,0,1,0.524,1.562,1.562
20261002-231326,376.294,81053,7116,6,0,,0,1,0.392,1.954,1.954
20261002-231326,376.294,81053,4862,5,0,,0,1,0.392,0.916,0.916
20261002-231326,376.294,81053,5222,6,0,,0,1,0.392,1.434,1.434
20261002-231326,376.296,81053,4006,3,0,,0,0,0.394,0.512,0.512
20261002-231326,376.374,81053,5992,7,0,,0,1,0.472,2.034,2.034
20261002-231326,376.374,81053,2860,7,0,,0,1,0.472,2.034,2.034
20261002-231326,376.374,81053,2797,8,0,,0,1,0.472,2.034,2.034
20261002-231326,376.422,81053,2431,5,0,,0,1,0.128,1.044,1.044
20261002-231326,376.422,81053,2611,6,0,,0,1,0.128,1.562,1.562
20261002-231326,376.422,81053,3558,6,0,,0,1,0.128,2.082,2.082
20261002-231326,376.898,81053,2860,7,0,,0,1,0.524,2.558,2.558
20261002-231326,376.898,81053,2797,8,0,,0,1,0.524,2.558,2.558
20261002-231326,377.334,81053,4006,4,4,Alacrity+Might+Swiftness+Fury,1,1,1.038,1.550,1.550
20261002-231326,377.334,81053,4345,1,1,Resolution,1,1,1.432,1.548,1.548
20261002-231326,377.420,81053,3816,7,1,Vigor,1,1,1.518,3.080,3.080
20261002-231326,377.420,81053,2797,8,0,,0,1,0.522,3.080,3.080
20261002-231326,377.420,81053,2860,7,0,,0,1,0.522,3.080,3.080
20261002-231326,377.938,81053,3663,7,0,,0,1,0.518,0.518,0.518
20261002-231326,377.938,81053,3416,9,1,Swiftness,1,1,1.516,3.598,3.598
20261002-231326,377.938,81053,2952,9,1,Resolution,1,1,3.598,3.598,3.598
20261002-231326,377.938,81053,2685,9,0,,0,1,0.518,3.598,3.598
20261002-231326,377.938,81053,2506,6,1,Resolution,0,1,1.516,3.078,3.078
20261002-231326,377.938,81053,2746,8,0,,0,1,0.518,3.598,3.598
20261002-232932,283.224,81326,476,8,1,Resolution,1,1,,,
20261002-232932,283.224,81326,545,9,1,Alacrity,1,1,,,
20261002-232932,313.420,81326,697,8,1,Protection,1,1,,,
20261002-232932,313.422,81326,473,8,1,Swiftness,1,1,,,
20261002-232932,313.422,81326,685,9,1,Protection,1,1,,,
20261002-232932,313.948,81326,1022,9,0,,0,1,0.526,0.526,0.526
20261002-232932,326.188,81053,3780,9,1,Might,1,1,42.964,42.964,42.964
20261002-232932,326.188,81053,2795,10,1,Might,1,1,,,
20261002-232932,326.188,81053,2454,9,1,Might,1,1,,,
20261002-232932,326.704,81053,4174,9,1,Swiftness,1,1,13.282,13.282,13.282
20261002-232932,326.706,81053,5370,7,1,Might,1,1,,,
20261002-232932,326.706,81053,4908,8,0,,0,1,0.518,0.518,0.518
20261002-232932,326.706,81053,5012,7,1,Might,1,1,,,
20261002-232932,327.104,81053,2506,6,0,,0,1,0.398,0.398,0.398
20261002-232932,327.104,81053,2454,8,0,,0,1,0.398,0.916,0.916
20261002-232932,327.104,81053,2685,7,0,,0,1,0.398,0.398,0.398
20261002-232932,327.104,81053,2087,8,0,,0,1,0.400,0.400,0.400
20261002-232932,327.228,81053,2087,7,0,,0,1,0.124,0.524,0.524
20261002-232932,327.230,81053,2685,8,0,,0,1,0.126,0.524,0.524
20261002-232932,327.230,81053,4908,8,0,,0,1,0.126,1.042,1.042
20261002-232932,327.230,81053,2506,7,0,,0,1,0.126,0.524,0.524
20261002-232932,327.230,81053,2391,9,1,Protection,1,1,13.282,13.808,13.808
20261002-232932,327.230,81053,6148,9,1,Swiftness,1,1,13.810,13.810,13.810
20261002-232932,327.230,81053,1890,9,1,Fury,1,1,1.042,1.042,1.042
20261002-232932,327.630,81053,2685,10,0,,0,1,0.400,0.924,0.924
20261002-232932,327.630,81053,6117,9,0,,0,1,0.400,1.442,1.442
20261002-232932,327.630,81053,4510,9,0,,0,1,0.400,0.924,0.924
20261002-232932,327.630,81053,5590,9,1,Alacrity,1,1,1.442,1.442,1.442
20261002-232932,327.740,81053,2588,10,1,Swiftness,1,1,,,
20261002-232932,327.740,81053,3074,9,0,,0,1,0.510,0.510,0.510
20261002-232932,327.740,81053,2471,11,0,,0,1,0.510,0.510,0.510
20261002-232932,327.740,81053,2255,9,0,,0,1,0.110,1.034,1.034
20261002-232932,328.140,81053,7326,9,0,,0,1,0.510,1.952,1.952
20261002-232932,328.226,81053,2319,10,0,,0,1,0.998,1.522,1.522
20261002-232932,328.226,81053,2255,9,0,,0,1,0.486,1.520,1.520
20261002-232932,328.658,81053,2333,9,1,Swiftness,1,1,45.434,45.434,45.434
20261002-232932,328.660,81053,2588,10,0,,0,1,0.920,0.920,0.920
20261002-232932,328.660,81053,2657,11,1,Might,1,1,1.430,1.430,1.430
20261002-232932,328.660,81053,3663,10,0,,0,1,0.520,2.472,2.472
20261002-232932,328.660,81053,2795,8,0,,0,1,1.030,1.030,1.030
20261002-232932,328.660,81053,3074,9,0,,0,1,0.920,1.430,1.430
20261002-232932,328.660,81053,2416,10,1,Might,1,1,1.030,1.954,1.954
20261002-232932,329.260,81053,2333,8,0,,0,1,0.602,0.602,0.602
20261002-232932,345.984,81053,2933,9,1,Resolution,1,1,17.324,18.754,18.754
20261002-232932,345.984,81053,2400,11,1,Protection,1,1,17.324,18.354,18.354
20261002-232932,345.984,81053,2391,7,1,Might,1,1,17.758,19.278,19.278
20261002-232932,346.508,81053,7164,10,0,,0,1,0.524,0.524,0.524
20261002-232932,346.509,81053,4916,7,1,Alacrity,1,1,18.283,19.805,19.805
20261002-232932,346.509,81053,6290,10,1,Resolution,1,1,17.849,20.321,20.321
20261002-232932,346.509,81053,4782,6,0,,0,1,0.525,0.525,0.525
20261002-232932,346.509,81053,2933,9,0,,0,1,0.525,0.525,0.525
20261002-232932,346.510,81053,2226,6,1,Vigor,1,1,17.250,17.852,17.852
20261002-232932,346.510,81053,2744,10,1,Alacrity,1,1,17.850,18.770,18.770
20261002-232932,347.028,81053,2744,8,0,,0,1,0.518,0.518,0.518
20261002-232932,347.028,81053,2212,6,0,,0,1,0.519,0.519,0.519
20261002-232932,347.028,81053,4782,6,0,,0,1,0.519,1.044,1.044
20261002-232932,347.420,81053,2004,9,1,Resolution,1,1,19.680,20.190,20.190
20261002-232932,347.420,81053,3582,10,0,,0,1,0.912,1.436,1.436
20261002-232932,347.420,81053,2933,9,0,,0,1,0.911,1.436,1.436
20261002-232932,347.420,81053,3145,8,0,,0,1,0.911,0.911,0.911
20261002-232932,347.420,81053,2212,6,0,,0,1,0.392,0.911,0.911
20261002-232932,347.420,81053,2391,6,0,,0,1,0.392,1.436,1.436
20261002-232932,347.546,81053,5124,6,1,Regeneration,1,1,18.886,18.886,18.886
20261002-232932,347.546,81053,2249,4,1,Regeneration,1,1,1.036,1.036,1.036
20261002-232932,347.546,81053,5488,5,0,,0,1,0.518,1.036,1.036
20261002-232932,347.546,81053,2933,9,0,,0,1,0.126,1.562,1.562
20261002-232932,347.546,81053,3145,7,0,,0,1,0.126,1.037,1.037
20261002-232932,347.944,81053,4449,3,0,,0,1,0.398,0.398,0.398
20261002-232932,348.032,81053,5370,5,0,,0,1,0.486,1.522,1.522
20261002-232932,348.062,81053,2888,7,1,Might,1,1,19.402,19.402,19.402
20261002-232932,348.062,81053,3077,6,0,,0,1,0.516,1.553,1.553
20261002-232932,348.062,81053,2869,9,0,,0,1,0.516,2.078,2.078
20261002-232932,348.062,81053,2339,6,0,,0,1,0.642,2.078,2.078
20261002-232932,348.464,81053,4400,4,0,,0,1,0.520,0.918,0.918
20261002-232932,348.464,81053,2339,7,0,,0,1,0.402,2.480,2.480
20261002-232932,348.464,81053,2888,5,0,,0,1,0.402,0.402,0.402
20261002-232932,348.982,81053,2685,5,0,,0,1,0.950,2.472,2.472
20261002-232932,348.982,81053,2888,5,0,,0,1,0.518,0.920,0.920
20261002-232932,348.984,81053,2409,7,0,,0,1,0.520,3.000,3.000
20261002-232932,348.984,81053,2869,7,0,,0,1,0.922,3.000,3.000
20261002-232932,362.622,81053,2009,9,1,Resolution,1,1,15.202,15.202,15.202
20261002-232932,362.624,81053,1797,9,1,Resolution,1,1,15.204,16.115,16.115
20261002-232932,362.624,81053,3154,7,1,Might,1,1,14.562,16.115,16.115
20261002-232932,362.624,81053,2601,8,1,Resolution,1,1,13.642,14.562,14.562
20261002-232932,362.624,81053,2009,7,1,Might,1,1,14.160,15.078,15.078
20261002-232932,363.142,81053,6996,7,0,,0,1,0.518,0.518,0.518
20261002-232932,363.142,81053,4458,7,0,,0,1,0.518,0.518,0.518
20261002-232932,363.142,81053,5770,9,0,,0,1,0.518,0.518,0.518
20261002-232932,363.142,81053,2229,10,0,,0,1,0.520,0.520,0.520
20261002-232932,363.142,81053,2669,9,1,Swiftness,1,1,15.722,17.158,17.158
20261002-232932,363.142,81053,2214,10,0,,0,1,0.518,0.518,0.518
20261002-232932,363.662,81053,4458,7,0,,0,1,0.520,1.038,1.038
20261002-232932,363.662,81053,5770,9,0,,0,1,0.520,1.038,1.038
20261002-232932,363.662,81053,6996,7,0,,0,1,0.520,1.038,1.038
20261002-232932,363.662,81053,2308,8,1,Might,1,1,16.116,16.116,16.116
20261002-232932,363.662,81053,2936,10,1,Might,1,1,14.678,17.678,17.678
20261002-232932,364.058,81053,2229,6,0,,0,1,0.396,1.434,1.434
20261002-232932,364.182,81053,2669,8,1,Protection,1,1,1.040,1.040,1.040
20261002-232932,364.182,81053,2214,10,1,Resolution,1,1,1.040,1.558,1.558
20261002-232932,364.182,81053,2229,10,1,Resolution,1,1,1.040,1.560,1.560
20261002-232932,364.182,81053,5912,10,0,,0,1,0.520,1.558,1.558
20261002-232932,364.182,81053,4458,6,0,,0,1,0.124,1.558,1.558
20261002-232932,364.182,81053,6996,7,0,,0,1,0.520,1.558,1.558
20261002-232932,364.582,81053,2229,10,0,,0,1,0.400,0.400,0.400
20261002-232932,364.666,81053,7968,7,0,,0,1,0.484,0.484,0.484
20261002-232932,364.666,81053,6996,7,0,,0,1,0.484,2.042,2.042
20261002-232932,364.666,81053,4427,10,0,,0,1,0.484,0.484,0.484
20261002-232932,364.666,81053,4458,6,0,,0,1,0.484,2.042,2.042
20261002-232932,365.184,81053,2214,10,0,,0,1,0.518,1.002,1.002
20261002-232932,366.220,81053,2214,9,1,Resolution,1,1,1.036,2.038,2.038
20261002-232932,382.220,81053,2461,9,1,Resolution,1,1,18.558,18.558,18.558
20261002-232932,382.220,81053,2014,10,1,Swiftness,1,1,17.554,18.038,18.038
20261002-232932,382.744,81053,2014,10,0,,0,1,0.524,0.524,0.524
20261002-232932,383.266,81053,1856,9,1,Swiftness,1,1,17.046,17.046,17.046
20261002-232932,383.266,81053,2303,8,1,Resolution,1,1,34.284,36.756,36.756
20261002-232932,383.266,81053,2014,10,0,,0,1,0.522,1.046,1.046
20261002-232932,383.266,81053,2461,8,1,Resolution,1,1,1.046,1.046,1.046
20261002-232932,383.584,81326,675,8,0,,0,1,0.318,0.318,0.318
20261002-232932,383.584,81326,512,8,1,Swiftness,1,1,19.002,19.402,19.402
20261002-232932,383.586,81326,614,10,0,,0,1,0.320,1.366,1.366
20261002-232932,383.586,81326,566,7,0,,0,1,0.320,0.320,0.320
20261002-232932,383.586,81326,631,8,0,,0,1,0.320,0.320,0.320
20261002-232932,383.586,81326,539,9,1,Might,1,1,18.920,20.962,20.962
20261002-232932,383.656,81053,1868,7,0,,0,1,0.072,0.072,0.072
20261002-232932,383.746,81053,2461,7,0,,0,1,0.162,0.480,0.480
20261002-232932,383.746,81053,2237,10,0,,0,1,0.160,1.526,1.526
20261002-232932,383.746,81053,1856,7,0,,0,1,0.160,0.480,0.480
20261002-232932,383.746,81053,1965,10,0,,0,1,0.160,0.160,0.160
20261002-232932,383.746,81053,2303,8,0,,0,1,0.160,0.480,0.480
20261002-232932,383.746,81053,2419,8,1,Resolution,1,1,19.564,21.122,21.122
20261002-232932,383.746,81053,2006,8,1,Swiftness,1,1,34.762,37.762,37.762
20261002-232932,383.746,81053,1868,9,1,Swiftness,1,1,19.080,21.122,21.122
20261002-232932,384.100,81326,512,7,0,,0,1,0.444,0.516,0.516
20261002-232932,384.100,81326,614,11,0,,0,1,0.354,1.880,1.880
20261002-232932,384.100,81326,675,7,0,,0,1,0.354,0.834,0.834
20261002-232932,384.100,81326,512,9,0,,0,1,0.354,0.354,0.354
20261002-232932,384.100,81326,539,11,0,,0,1,0.354,0.514,0.514
20261002-232932,384.182,81053,3368,7,0,,0,1,0.082,0.598,0.598
20261002-232932,384.262,81053,1744,9,1,Fury,1,1,20.600,20.600,20.600
20261002-232932,384.262,81053,2017,11,0,,0,1,0.162,2.042,2.042
20261002-232932,384.262,81053,1684,9,0,,0,1,0.162,0.516,0.516
20261002-232932,384.624,81326,512,8,0,,0,1,0.362,0.878,0.878
20261002-232932,384.624,81326,589,7,0,,0,1,0.362,0.362,0.362
20261002-232932,384.624,81326,614,8,0,,0,1,0.362,2.404,2.404
20261002-232932,384.624,81326,550,9,0,,0,1,0.878,0.878,0.878
20261002-232932,384.624,81326,539,10,0,,0,1,0.524,1.038,1.038
20261002-232932,384.624,81326,566,6,0,,0,1,0.878,1.358,1.358
20261002-232932,384.626,81326,631,7,0,,0,1,0.880,1.360,1.360
20261002-232932,384.626,81326,750,6,0,,0,1,0.526,1.360,1.360
20261002-232932,384.700,81053,4046,7,0,,0,1,0.076,0.438,0.438
20261002-232932,384.776,81053,1758,8,0,,0,1,0.152,1.030,1.030
20261002-232932,385.146,81326,631,8,1,Regeneration,0,1,0.520,1.880,1.880
20261002-232932,385.146,81326,566,6,1,Might,0,1,0.522,1.880,1.880
20261002-232932,385.146,81326,750,6,1,Might,0,1,0.520,1.880,1.880
20261002-232932,385.306,81053,1747,6,0,,0,1,0.160,0.160,2.040
20261002-232932,385.306,81053,2573,5,0,,0,1,0.160,0.160,2.040
20261002-232932,410.218,81053,2598,10,1,Regeneration,1,1,25.594,27.998,27.998
20261002-232932,410.742,81053,2169,6,2,Regeneration+Protection,1,1,25.966,26.996,26.996
20261002-232932,410.742,81053,2598,9,0,,0,1,0.524,0.524,0.524
20261002-232932,411.144,81053,2768,9,0,,0,1,0.402,0.926,0.926
20261002-232932,411.144,81053,3450,4,0,,0,1,0.402,0.402,0.402
20261002-232932,411.262,81053,2882,9,0,,0,1,0.118,1.044,1.044
20261002-232932,411.662,81053,2882,8,0,,0,1,0.400,1.444,1.444
20261002-232932,411.662,81053,3592,3,0,,0,1,0.518,0.920,0.920
20261002-232932,411.738,81053,2531,9,1,Resolution,1,1,27.114,28.152,28.152
20261002-232932,411.738,81053,2769,6,2,Regeneration+Might,1,1,27.038,27.476,27.476
20261002-232932,411.738,81053,2584,7,2,Regeneration+Might,1,1,27.114,27.992,27.992
20261002-232932,411.780,81053,3522,7,4,Regeneration+Resolution+Might+Protection,1,1,26.474,26.634,28.514
20261002-232932,413.102,81326,575,9,1,Protection,1,1,1.364,1.364,1.364
20261002-232932,413.102,81326,654,9,1,Protection,1,1,1.440,2.884,2.884
20261002-232932,413.102,81326,629,7,2,Protection+Swiftness,1,1,1.364,1.364,1.364
20261002-232932,413.102,81326,587,7,2,Protection+Might,1,1,1.364,1.364,1.364
20261002-232932,413.102,81326,563,4,2,Protection+Might,1,1,1.440,2.360,2.360
20261002-232932,413.294,81053,3522,8,4,Swiftness+Resolution+Regeneration+Might,1,1,1.514,1.514,1.514
20261002-232932,413.294,81053,2152,8,1,Resolution,1,1,27.988,28.148,30.028
20261002-232932,413.294,81053,2966,6,4,Regeneration+Resolution+Protection+Fury,1,1,28.148,28.148,30.028
20261002-232932,413.620,81326,938,7,0,,0,1,0.518,0.518,0.518
20261002-232932,413.620,81326,876,7,0,,0,1,0.518,0.518,0.518
20261002-232932,413.620,81326,1005,2,0,,0,1,0.326,0.326,0.326
20261002-232932,413.620,81326,977,9,0,,0,1,0.518,0.518,0.518
20261002-232932,413.620,81326,543,7,0,,0,1,0.326,0.326,0.326
20261002-232932,414.136,81326,587,8,0,,0,1,0.516,1.034,1.034
20261002-232932,414.658,81326,587,8,0,,0,1,0.522,1.556,1.556
20261002-232932,414.658,81326,840,3,2,Swiftness+Quickness,1,1,1.556,1.556,1.556
20261002-232932,430.898,81053,2468,10,1,Protection,1,1,17.278,17.796,17.796
20261002-232932,431.416,81053,2984,9,4,Protection+Fury+Might+Alacrity,1,1,17.796,18.122,18.122
20261002-232932,431.416,81053,8172,8,0,,0,1,0.518,0.518,0.518
20261002-232932,431.416,81053,7178,8,1,Fury,1,1,18.314,18.314,18.314
20261002-232932,431.416,81053,4544,9,1,Regeneration,1,1,17.796,18.122,18.122
20261002-232932,431.416,81053,5778,7,2,Resolution+Regeneration,1,1,16.758,18.314,18.314
20261002-232932,431.418,81053,2057,10,1,Regeneration,1,1,47.236,47.834,47.834
20261002-232932,431.418,81053,2540,8,2,Vigor+Might,1,1,16.760,16.760,16.760
20261002-232932,431.936,81053,1855,8,0,,0,1,0.518,0.518,0.518
20261002-232932,431.938,81053,2290,4,0,,0,1,0.520,0.520,0.520
20261002-232932,431.938,81053,2635,6,2,Fury+Might,1,1,18.318,18.836,18.836
20261002-232932,431.938,81053,4936,8,0,,0,1,0.522,1.040,1.040
20261002-232932,431.938,81053,4096,8,0,,0,1,0.522,0.522,0.522
20261002-232932,431.938,81053,3235,8,0,,0,1,0.522,0.522,0.522
20261002-232932,431.938,81053,3017,9,4,Protection+Resolution+Fury+Quickness,1,1,18.644,18.644,18.644
20261002-232932,431.938,81053,2604,5,0,,0,1,0.522,0.522,0.522
20261002-232932,432.340,81053,3413,8,4,Regeneration+Alacrity+Resolution+Fury,0,1,0.924,0.924,0.924
20261002-232932,432.340,81053,2290,4,2,Fury+Regeneration,0,1,0.402,0.922,0.922
20261002-232932,432.340,81053,1855,8,1,Alacrity,0,1,0.404,0.922,0.922
20261002-232932,432.340,81053,2635,3,2,Regeneration+Vigor,0,1,0.402,0.402,0.402
20261002-232932,432.464,81053,3413,8,4,Regeneration+Alacrity+Resolution+Fury,0,1,0.124,0.124,1.048
20261002-232932,432.464,81053,4336,7,1,Resolution,0,1,0.526,1.048,1.048
20261002-232932,432.464,81053,9006,7,4,Resolution+Alacrity+Fury+Regeneration,0,1,0.526,0.526,0.526
20261002-232932,432.464,81053,4936,8,1,Resolution,0,1,0.526,1.566,1.566
20261002-232932,432.464,81053,4096,8,1,Resolution,0,1,0.526,1.048,1.048
20261002-232932,432.464,81053,2635,3,2,Regeneration+Vigor,0,1,0.124,0.124,0.526
20261002-232932,432.464,81053,1855,8,1,Alacrity,0,1,0.124,0.124,1.046
20261002-232932,432.464,81053,2213,4,2,Fury+Might,0,1,0.526,1.048,1.048
20261002-232932,432.858,81053,2540,1,0,,0,1,0.518,0.518,1.440
20261002-232932,432.858,81053,4206,1,0,,0,1,0.394,0.394,1.442
20261002-232932,432.984,81053,2540,1,0,,0,1,0.126,0.644,1.566
20261002-232932,432.984,81053,2286,7,0,,0,1,0.520,0.520,1.566
20261002-232932,432.984,81053,4206,4,0,,0,1,0.126,0.520,1.568
20261002-232932,432.984,81053,2923,2,0,,0,1,0.520,0.520,1.046
20261002-232932,432.984,81053,2738,7,0,,0,1,0.520,0.520,2.086
20261002-232932,432.984,81053,4995,3,0,,0,1,0.520,0.520,1.046
20261002-232932,432.984,81053,2272,8,0,,0,1,0.520,0.520,1.568
20261002-232932,432.984,81053,2404,6,0,,0,1,0.520,0.520,1.568
20261002-232932,432.984,81053,2455,5,0,,0,1,0.520,0.520,1.568
20261002-232932,433.464,81053,2540,4,0,,0,1,0.480,1.124,2.046
20261002-232932,442.654,81326,801,7,2,Might+Swiftness,1,1,9.670,10.190,11.238
20261002-232932,442.654,81326,587,6,4,Might+Swiftness+Regeneration+Protection,1,1,9.670,10.190,10.716
20261002-232932,442.654,81326,548,7,4,Might+Swiftness+Regeneration+Fury,1,1,9.670,10.190,11.238
20261002-232932,442.654,81326,510,6,4,Might+Fury+Swiftness+Regeneration,1,1,9.190,10.314,11.236
20261002-232932,442.654,81326,611,9,2,Resolution+Might,1,1,9.670,10.190,11.756
20261002-232932,443.180,81326,611,7,0,,0,1,0.526,0.526,0.526
20261002-232932,443.180,81326,661,7,2,Protection+Fury,1,1,59.434,59.434,59.434
20261002-232932,443.180,81326,507,6,1,Might,1,1,10.196,10.716,11.764
20261002-232932,443.182,81326,939,0,0,,1,1,10.198,10.718,11.766
20261002-232932,443.182,81326,510,6,1,Protection,1,1,10.198,10.718,11.764
20261002-232932,443.182,81326,801,5,0,,0,1,0.528,0.528,0.528
20261002-232932,443.696,81326,747,6,4,Swiftness+Resolution+Might+Protection,1,1,10.712,11.232,11.758
20261002-232932,443.696,81326,611,7,0,,0,1,0.516,1.042,1.042
20261002-232932,444.222,81326,762,2,2,Alacrity+Might,1,1,1.568,1.568,1.568
20261002-232932,444.222,81326,1116,2,0,,0,1,0.526,0.526,0.526
20261002-232932,444.222,81326,611,8,0,,0,1,0.526,1.568,1.568
20261002-232932,444.222,81326,537,4,1,Resolution,1,1,1.040,1.568,1.568
20261002-232932,444.222,81326,757,5,1,Might,1,1,1.042,1.042,1.042
20261002-232932,444.222,81326,1032,0,2,Resolution+Alacrity,0,0,1.568,1.568,1.568
20261002-232932,444.222,81326,939,0,0,,1,1,1.040,11.758,1.040
20261002-232932,444.222,81326,818,2,2,Vigor+Alacrity,1,1,1.568,1.568,1.568
20261002-232932,444.222,81326,987,4,1,Might,1,1,1.042,1.042,1.042
20261002-232932,466.780,81053,2602,0,2,Alacrity+Protection,1,1,23.598,23.598,23.598
20261002-232932,467.292,81053,3501,1,0,,0,1,0.512,0.512,0.512
20261002-232932,468.218,81053,3462,9,1,Swiftness,1,1,23.996,25.564,25.564
20261002-232932,468.218,81053,4538,11,2,Protection+Resistance,1,1,23.996,23.996,23.996
20261002-232932,468.340,81053,4315,3,2,Might+Quickness,1,1,1.048,1.560,1.560
20261002-232932,468.812,81053,3815,8,4,Resolution+Might+Protection+Resistance,1,1,24.590,25.116,25.116
20261002-232932,468.854,81053,2607,6,3,Alacrity+Might+Regeneration,1,1,24.632,24.632,24.632
20261002-232932,468.854,81053,3891,1,0,,0,1,0.514,0.514,0.514
20261002-232932,469.850,81053,4577,1,0,,0,1,0.996,1.510,1.510
20261002-232932,485.222,81053,4155,9,4,Resolution+Might+Swiftness+Regeneration,1,1,16.410,16.410,16.410
20261002-232932,485.222,81053,3399,9,1,Resolution,1,1,17.004,17.004,17.004
20261002-232932,485.736,81053,3134,7,1,Might,1,1,41.514,41.514,41.514
20261002-232932,485.736,81053,3985,3,2,Regeneration+Protection,1,1,41.514,41.514,41.514
20261002-232932,485.736,81053,4143,7,0,,0,1,0.514,0.514,0.514
20261002-232932,486.254,81053,6268,7,0,,0,1,0.518,0.518,0.518
20261002-232932,486.254,81053,4143,7,0,,0,1,0.518,1.032,1.032
20261002-232932,486.254,81053,4456,8,2,Regeneration+Fury,1,1,18.036,18.036,18.036
20261002-232932,486.656,81053,2985,6,0,,0,1,0.402,0.402,0.402
20261002-232932,486.774,81053,5640,8,0,,0,1,0.520,1.038,1.038
20261002-232932,486.774,81053,3764,9,1,Fury,1,1,42.552,42.552,42.552
20261002-232932,486.774,81053,5948,2,2,Alacrity+Might,1,1,1.038,1.038,1.038
20261002-232932,486.774,81053,2985,8,0,,0,1,0.118,0.520,0.520
20261002-232932,487.172,81053,5640,8,0,,0,1,0.398,1.436,1.436
20261002-232932,487.254,81053,7441,9,0,,0,1,0.480,1.000,1.000
20261002-232932,487.254,81053,2839,9,2,Protection+Vigor,1,1,17.404,18.914,18.914
20261002-232932,487.254,81053,3985,5,0,,0,1,0.480,0.480,0.480
20261002-232932,487.254,81053,3764,9,0,,0,1,0.480,0.480,0.480
20261002-232932,487.254,81053,8141,10,2,Protection+Vigor,1,1,43.032,43.032,44.600
20261002-232932,487.296,81053,2820,9,0,,0,1,0.124,1.560,1.560
20261002-232932,487.694,81053,7528,9,0,,0,1,0.440,0.920,0.920
20261002-232932,487.694,81053,9750,7,0,,0,1,0.440,0.440,0.440
20261002-232932,487.694,81053,7970,5,0,,0,1,0.440,0.920,0.920
20261002-232932,487.694,81053,5640,9,0,,0,1,0.398,1.958,1.958
20261002-232932,487.694,81053,8912,8,0,,0,1,0.440,1.440,1.440
20261002-232932,487.694,81053,4364,6,0,,0,1,0.440,0.440,0.440
20261002-232932,487.772,81053,3399,8,1,Regeneration,1,1,2.550,2.550,2.550
20261002-232932,488.218,81053,3764,10,0,,0,1,0.524,1.444,1.444
20261002-232932,488.218,81053,4364,6,0,,0,1,0.524,0.964,0.964
20261002-232932,488.218,81053,3985,5,0,,0,1,0.524,1.444,1.444
20261002-232932,488.218,81053,3399,7,0,,0,1,0.446,0.446,0.446
20261002-232932,488.218,81053,4456,8,0,,0,1,0.524,1.964,1.964
20261002-232932,488.218,81053,2820,9,0,,0,0,0.524,2.482,2.482
20261002-232932,488.218,81053,4875,7,0,,0,1,0.524,0.964,0.964
20261002-232932,488.218,81053,4155,8,4,Resolution+Alacrity+Fury+Might,1,1,1.964,2.996,2.996
20261002-232932,488.812,81053,3065,8,0,,0,1,0.594,1.040,1.040
20261002-232932,488.812,81053,4017,8,0,,0,1,0.594,2.558,2.558
20261002-232932,494.696,81326,726,7,4,Resolution+Quickness+Might+Fury,1,1,6.478,6.478,6.478
20261002-232932,495.210,81326,866,7,4,Resolution+Fury+Protection+Resistance,1,1,6.398,8.956,8.956
20261002-232932,495.210,81326,1106,1,2,Resolution+Might,0,1,0.514,0.514,0.514
20261002-232932,495.210,81326,818,6,1,Resolution,1,1,6.992,9.474,9.474
20261002-232932,502.060,81053,4520,10,2,Regeneration+Stability,1,1,6.850,6.850,6.850
20261002-232932,502.062,81053,3818,10,1,Swiftness,1,1,13.844,15.288,15.288
20261002-232932,502.062,81053,3898,9,2,Protection+Swiftness,1,1,13.844,14.808,14.808
20261002-232932,502.062,81053,3387,9,3,Stability+Fury+Might,1,1,33.208,33.208,33.208
20261002-232932,502.572,81053,5385,7,4,Might+Stability+Fury+Quickness,1,1,58.350,70.108,58.350
20261002-232932,502.572,81053,3506,9,1,Protection,1,1,13.760,14.800,14.800
20261002-232932,502.572,81053,3444,7,0,,0,1,0.510,0.510,0.510
20261002-232932,502.572,81053,2927,9,2,Protection+Might,1,1,14.354,15.318,15.318
20261002-232932,502.976,81053,4520,9,0,,0,1,0.916,0.916,0.916
20261002-232932,502.976,81053,5817,8,0,,0,1,0.914,0.914,0.914
20261002-232932,503.092,81053,3875,7,0,,0,1,0.520,0.520,0.520
20261002-232932,503.092,81053,4776,4,0,,0,1,0.520,0.520,0.520
20261002-232932,503.092,81053,3054,7,0,,0,1,0.520,1.030,1.030
20261002-232932,503.092,81053,4640,8,0,,0,1,0.520,0.520,0.520
20261002-232932,503.492,81053,3875,7,0,,0,1,0.400,0.920,0.920
20261002-232932,503.492,81053,4776,5,0,,0,1,0.400,0.920,0.920
20261002-232932,503.492,81053,9280,8,0,,0,1,0.400,0.920,0.920
20261002-232932,503.492,81053,6108,7,0,,0,1,0.400,1.430,1.430
20261002-232932,503.574,81053,3514,8,0,,0,1,0.598,1.512,1.512
20261002-232932,505.136,81053,3109,7,1,Protection,1,1,1.644,2.564,2.564
20261002-232932,520.300,81053,3513,8,1,Fury,1,1,15.164,15.164,15.164
20261002-232932,520.300,81053,2915,6,1,Might,1,1,25.090,25.090,25.090
20261002-232932,520.300,81053,3798,6,1,Regeneration,1,1,18.238,18.238,18.238
20261002-232932,520.300,81053,2933,8,2,Might+Quickness,1,1,16.808,17.728,17.728
20261002-232932,520.300,81053,3150,8,2,Might+Quickness,1,1,32.082,33.526,33.526
20261002-232932,520.300,81053,3615,7,4,Might+Fury+Quickness+Resolution,1,1,16.808,17.728,17.728
20261002-232932,520.300,81053,2933,6,3,Might+Quickness+Swiftness,1,1,16.808,18.238,18.238
20261002-232932,523.688,81326,770,4,3,Regeneration+Resolution+Vigor,1,1,3.388,3.388,3.388
20261002-232932,524.214,81326,770,1,0,,0,1,0.526,0.526,0.526
20261002-232932,524.732,81326,886,5,2,Regeneration+Might,1,1,21.158,22.670,22.670
20261002-232932,524.732,81326,770,1,0,,0,1,0.518,1.044,1.044
20261002-232932,570.540,80901,14824,9,2,Protection+Resistance,1,1,50.240,50.240,50.240
20261002-232932,570.540,80901,9291,6,1,Might,1,1,50.240,50.240,50.240
20261002-232932,570.540,80901,3587,9,2,Protection+Resistance,1,1,45.808,45.808,45.808
20261002-232932,570.540,80901,6234,9,2,Resolution+Alacrity,1,1,50.240,50.240,50.240
20261002-232932,570.540,80901,8808,10,1,Resolution,1,1,67.564,68.480,68.480
20261002-232932,570.540,80901,6916,9,4,Resolution+Alacrity+Fury+Regeneration,1,1,50.240,50.240,50.240
20261002-232932,570.540,80901,6720,10,1,Resolution,1,1,50.240,50.240,50.240
20261002-232932,571.056,80901,9786,9,0,,0,1,0.516,0.516,0.516
20261002-232932,571.056,80901,7174,9,0,,0,1,0.516,0.516,0.516
20261002-232932,571.056,80901,3733,9,0,,0,1,0.516,0.516,0.516
20261002-232932,585.530,80901,13710,9,3,Resolution+Might+Quickness,1,1,90.320,90.320,90.834
20261002-232932,586.054,80901,9392,6,2,Might+Quickness,1,1,14.998,15.514,15.514
20261002-232932,586.054,80901,4600,10,1,Regeneration,1,1,65.754,65.754,65.754
20261002-232932,586.054,80901,4276,9,8,Resolution+Might+Quickness+Fury+Regeneration+Swiftness+Alacrity+Protection,1,1,15.514,15.514,15.514
20261002-232932,586.576,80901,3848,6,3,Protection+Might+Quickness,1,1,61.844,62.888,62.888
20261002-232932,586.576,80901,7079,3,0,,1,1,0.522,0.522,0.522
20261002-232932,586.576,80901,3848,9,2,Resolution+Might,1,1,16.036,16.036,16.036
20261002-232932,586.576,80901,4147,8,1,Resolution,1,1,15.520,16.036,16.036
20261002-232932,587.092,80901,3848,6,0,,1,1,0.516,0.516,0.516
20261002-232932,587.092,80901,4147,7,0,,1,1,0.516,0.516,0.516
20261002-234158,314.737,81326,515,10,1,Might,1,1,,,
20261002-234158,314.739,81326,795,6,1,Might,1,1,,,
20261002-234158,315.259,81326,597,9,1,Protection,1,1,,,
20261002-234158,315.259,81326,814,8,1,Protection,1,1,,,
20261002-234158,315.259,81326,662,9,1,Protection,1,1,,,
20261002-234158,315.259,81326,779,10,1,Resolution,1,1,,,
20261002-234158,323.301,81053,3110,7,2,Protection+Vigor,1,1,8.042,8.042,8.042
20261002-234158,323.301,81053,2321,6,2,Swiftness+Vigor,1,1,,,
20261002-234158,323.301,81053,3393,5,1,Swiftness,1,1,8.042,8.042,8.042
20261002-234158,323.301,81053,2960,5,2,Protection+Fury,1,1,8.042,8.042,8.042
20261002-234158,323.819,81053,3164,6,1,Might,1,1,,,
20261002-234158,323.819,81053,2589,10,1,Swiftness,1,1,8.560,8.560,8.560
20261002-234158,323.819,81053,2161,8,2,Regeneration+Resolution,1,1,,,
20261002-234158,323.819,81053,2321,4,0,,0,1,0.518,0.518,0.518
20261002-234158,323.819,81053,4419,1,0,,0,1,0.518,0.518,0.518
20261002-234158,323.819,81053,3393,5,0,,0,1,0.518,0.518,0.518
20261002-234158,323.819,81053,4641,5,0,,0,1,0.518,0.518,0.518
20261002-234158,324.341,81053,4419,1,0,,0,1,0.522,1.040,1.040
20261002-234158,324.341,81053,2148,7,2,Might+Fury,1,1,9.604,9.604,9.604
20261002-234158,324.341,81053,3164,5,0,,0,1,0.522,0.522,0.522
20261002-234158,324.737,81053,2161,7,0,,0,1,0.918,0.918,0.918
20261002-234158,324.737,81053,3110,6,0,,0,1,0.918,1.436,1.436
20261002-234158,324.859,81053,4419,2,0,,0,1,0.518,1.558,1.558
20261002-234158,324.861,81053,3393,5,1,Protection,1,1,1.042,1.560,1.560
20261002-234158,325.267,81053,2321,6,0,,0,1,1.448,1.966,1.966
20261002-234158,325.267,81053,6220,7,0,,0,1,0.530,1.966,1.966
20261002-234158,325.267,81053,2161,7,0,,0,1,0.530,1.448,1.448
20261002-234158,325.267,81053,5065,4,0,,0,1,0.406,0.406,0.406
20261002-234158,325.383,81053,2402,2,1,Protection,1,1,,,
20261002-234158,325.855,81053,2635,6,0,,0,1,0.588,2.554,2.554
20261002-234158,325.855,81053,3177,7,0,,0,1,0.588,2.554,2.554
20261002-234158,326.297,81053,2823,4,2,Protection+Regeneration,1,1,11.558,11.558,11.558
20261002-234158,326.297,81053,2635,6,0,,0,1,0.442,2.996,2.996
20261002-234158,326.895,81053,3025,4,2,Protection+Might,1,1,2.036,3.594,3.594
20261002-234158,326.895,81053,4214,2,0,,0,1,0.598,0.598,0.598
20261002-234158,326.895,81053,2635,7,0,,0,1,0.598,3.594,3.594
20261002-234158,326.895,81053,3177,8,2,Protection+Swiftness,1,1,1.040,3.594,3.594
20261002-234158,344.695,81053,3068,6,2,Fury+Might,1,1,17.800,21.394,21.394
20261002-234158,344.695,81053,3837,7,2,Resolution+Fury,1,1,19.428,20.876,20.876
20261002-234158,344.695,81053,3652,5,2,Might+Quickness,1,1,17.800,18.398,18.398
20261002-234158,344.695,81053,3174,5,3,Vigor+Might+Quickness,1,1,19.312,19.312,19.312
20261002-234158,345.223,81053,5739,3,0,,0,1,0.528,0.528,0.528
20261002-234158,345.223,81053,5356,5,0,,0,1,0.528,0.528,0.528
20261002-234158,345.223,81053,8258,6,2,Resolution+Regeneration,1,1,18.328,18.328,18.328
20261002-234158,345.223,81053,5137,2,0,,0,1,0.528,0.528,0.528
20261002-234158,345.739,81053,6123,4,0,,0,1,0.516,1.044,1.044
20261002-234158,345.739,81053,9843,4,0,,0,1,0.516,0.516,0.516
20261002-234158,346.139,81053,9843,4,0,,0,0,0.400,0.916,0.916
20261002-234158,346.139,81053,6123,4,0,,0,1,0.400,1.444,1.444
20261002-234158,346.661,81053,18126,5,2,Protection+Might,1,1,19.766,19.766,19.766
20261002-234158,346.661,81053,12246,6,0,,0,1,0.522,1.966,1.966
20261002-234158,347.171,81053,13194,5,2,Might+Aegis,1,1,1.032,1.948,1.948
20261003-000447,271.992,81326,636,7,1,Might,1,1,,,
20261003-000447,271.992,81326,848,5,1,Might,1,1,,,
20261003-000447,271.992,81326,848,6,1,Might,1,1,,,
20261003-000447,272.503,81326,636,5,0,,0,1,0.511,0.511,0.511
20261003-000447,272.503,81326,848,4,0,,0,1,0.511,0.511,0.511
20261003-000447,273.033,81326,848,4,1,Quickness,0,1,0.530,1.041,1.041
20261003-000447,273.033,81326,636,5,1,Fury,0,1,0.530,1.041,1.041
20261003-000447,301.069,81326,844,7,1,Protection,1,1,,,
20261003-000447,301.069,81326,669,9,1,Swiftness,1,1,,,
20261003-000447,301.069,81326,830,9,1,Alacrity,1,1,,,
20261003-000447,301.589,81326,669,8,0,,0,1,0.520,0.520,0.520
20261003-000447,301.589,81326,830,7,0,,0,1,0.520,0.520,0.520
20261003-000447,316.667,81053,2474,11,1,Swiftness,1,1,15.078,15.598,15.598
20261003-000447,316.667,81053,2730,9,1,Might,1,1,,,
20261003-000447,317.183,81053,2180,9,1,Might,1,1,15.594,16.114,16.114
20261003-000447,317.703,81053,2301,10,1,Resistance,1,1,44.670,44.670,45.711
20261003-000447,317.703,81053,2978,9,1,Alacrity,1,1,45.711,45.711,45.711
20261003-000447,317.703,81053,2180,9,0,,0,1,0.520,0.520,0.520
20261003-000447,318.223,81053,2301,9,0,,0,1,0.520,0.520,0.520
20261003-000447,318.223,81053,2978,10,1,Stability,1,1,,,
20261003-000447,318.623,81053,4602,9,0,,0,1,0.400,0.920,0.920
20261003-000447,319.151,81053,2730,11,1,Might,1,1,2.484,2.484,2.484
20261003-000447,319.151,81053,6308,9,1,Might,1,1,,,
20261003-000447,319.229,81053,2360,10,1,Protection,1,1,2.562,2.562,2.562
20261003-000447,319.231,81053,2180,10,1,Might,1,1,1.528,2.048,2.048
20261003-000447,319.231,81053,3893,7,1,Swiftness,1,1,18.162,18.162,18.162
20261003-000447,319.669,81053,3053,10,1,Swiftness,1,1,46.636,46.636,47.677
20261003-000447,319.671,81053,7982,7,0,,0,1,0.440,0.440,0.440
20261003-000447,319.671,81053,2234,9,0,,0,1,0.440,0.440,0.440
20261003-000447,319.671,81053,3611,9,0,,0,1,0.442,0.442,0.442
20261003-000447,320.261,81053,3494,7,1,Regeneration,1,1,2.558,2.558,2.558
20261003-000447,320.261,81053,3053,9,1,Protection,1,1,2.038,2.038,2.038
20261003-000447,320.261,81053,3392,9,0,,0,1,0.592,0.592,0.592
20261003-000447,320.261,81053,3991,7,0,,0,1,0.590,1.030,1.030
20261003-000447,320.261,81053,4012,9,0,,0,1,0.590,1.032,1.032
20261003-000447,339.339,81053,3327,6,1,Alacrity,1,1,19.078,19.078,19.078
20261003-000447,354.429,81053,3386,5,4,Resolution+Fury+Quickness+Protection,1,1,35.278,35.278,35.278
20261003-000447,354.941,81053,2770,10,1,Swiftness,1,1,36.318,37.238,37.238
20261003-000447,354.941,81053,3693,6,0,,0,1,15.602,15.602,15.602
20261003-000447,355.867,81053,2430,10,1,Might,1,1,35.606,36.638,36.638
20261003-000447,355.869,81053,3329,5,0,,0,1,0.928,16.530,16.530
20261003-000447,355.943,81053,3525,8,4,Alacrity+Fury+Might+Resolution,1,1,35.682,36.274,36.274
20261003-000447,356.381,81053,3273,7,1,Swiftness,1,1,36.710,37.150,37.150
20261003-000447,356.381,81053,2430,9,0,,0,1,0.514,0.514,0.514
20261003-000447,356.905,81053,2996,7,1,Swiftness,1,1,36.644,36.644,36.644
20261003-000447,356.905,81053,3329,8,1,Swiftness,1,1,,,
20261003-001430,301.070,81326,722,8,1,Swiftness,1,1,,,
20261003-001430,301.590,81326,860,8,1,Regeneration,1,1,,,
20261003-001430,301.590,81326,834,9,1,Swiftness,1,1,,,
20261003-001430,301.590,81326,875,8,1,Swiftness,1,1,,,
20261003-001430,302.104,81326,875,9,0,,0,1,0.514,0.514,0.514
20261003-001430,302.104,81326,834,8,0,,0,1,0.514,0.514,0.514
20261003-001430,302.104,81326,860,7,0,,0,1,0.514,0.514,0.514
20261003-001430,302.630,81326,722,6,0,,0,1,1.560,1.560,1.560
20261003-001430,302.630,81326,875,9,0,,0,1,0.526,1.040,1.040
20261003-001430,316.820,81053,3604,7,1,Resolution,1,1,14.190,15.750,15.750
20261003-001430,317.342,81053,7076,7,1,Alacrity,1,1,,,
20261003-001430,317.342,81053,8326,7,1,Swiftness,1,1,15.238,15.752,15.752
20261003-001430,317.344,81053,2590,9,1,Resolution,1,1,15.240,15.754,15.754
20261003-001430,317.748,81053,3076,8,2,Protection+Resolution,1,1,,,
20261003-001430,317.748,81053,3614,6,0,,0,1,0.406,0.406,0.406
20261003-001430,317.748,81053,3614,8,1,Resolution,1,1,,,
20261003-001430,317.748,81053,3102,7,2,Might+Stability,1,1,,,
20261003-001430,317.868,81053,5592,5,0,,0,1,0.120,0.120,0.120
20261003-001430,317.868,81053,3620,7,1,Resolution,1,1,,,
20261003-001430,317.868,81053,6516,6,0,,0,1,0.120,0.526,0.526
20261003-001430,317.868,81053,3258,7,0,,0,1,0.120,0.120,0.120
20261003-001430,317.868,81053,2987,8,1,Resolution,1,1,1.048,1.048,1.048
20261003-001430,317.868,81053,2146,9,0,,0,1,0.524,0.524,0.524
20261003-001430,318.268,81053,4292,10,0,,0,1,0.400,0.924,0.924
20261003-001430,318.350,81053,6516,7,0,,0,1,0.482,0.602,0.602
20261003-001430,318.350,81053,7240,5,0,,0,1,0.482,0.482,0.482
20261003-001430,318.778,81053,7240,5,0,,0,1,0.428,0.910,0.910
20261003-001430,318.864,81053,3450,6,1,Might,1,1,1.522,1.522,1.522
20261003-001430,318.864,81053,2146,10,0,,0,1,0.596,1.520,1.520
20261003-001430,318.864,81053,2796,6,0,,0,1,0.996,1.116,1.116
20261003-001430,318.864,81053,4139,7,2,Regeneration+Resolution,1,1,1.116,1.116,1.116
20261003-001430,319.308,81053,7240,5,0,,0,1,0.530,1.440,1.440
20261003-001430,336.664,81053,3411,9,1,Resolution,1,1,18.796,18.796,18.796
20261003-001430,336.664,81053,2791,8,2,Resolution+Protection,1,1,17.800,18.916,18.916
20261003-001430,336.664,81053,3721,9,1,Resolution,1,1,18.314,18.916,18.916
20261003-001430,336.664,81053,3721,8,1,Protection,1,1,18.796,19.322,19.322
20261003-001430,336.664,81053,3276,8,2,Resolution+Alacrity,1,1,17.800,17.800,17.800
20261003-001430,337.186,81053,3411,8,0,,0,1,0.522,0.522,0.522
20261003-001430,337.186,81053,4166,7,0,,0,1,0.522,0.522,0.522
20261003-001430,337.186,81053,3721,8,0,,0,1,0.522,0.522,0.522
20261003-001430,337.186,81053,5720,7,0,,0,1,0.522,0.522,0.522
20261003-001430,353.588,81053,7896,7,1,Might,1,1,,,
20261003-001430,353.588,81053,4181,7,1,Might,1,1,16.402,16.924,16.924
20261003-001430,353.588,81053,5330,8,2,Might+Stability,1,1,16.402,16.924,16.924
20261003-001430,354.104,81053,9672,7,0,,0,1,0.516,0.516,0.516
20261003-001430,354.104,81053,5548,7,0,,0,1,0.516,0.516,0.516
20261003-001430,354.104,81053,3699,6,0,,0,1,0.516,0.516,0.516
20261003-001430,354.504,81053,2774,7,0,,0,1,0.400,0.916,0.916
20261003-001430,354.504,81053,4836,7,0,,0,1,0.400,0.916,0.916
20261003-001430,354.504,81053,3917,8,1,Swiftness,1,1,35.640,35.640,35.640
20261003-001430,354.504,81053,4110,7,1,Protection,1,1,51.874,52.914,52.914
20261003-001430,354.620,81053,12270,6,0,,0,1,0.116,0.116,0.116
20261003-001430,354.620,81053,7834,7,0,,0,1,0.116,0.116,0.116
20261003-001430,354.620,81053,2774,7,0,,0,1,0.116,1.032,1.032
20261003-001430,354.620,81053,4836,7,0,,0,1,0.116,1.032,1.032
20261003-001430,355.030,81053,2936,8,2,Protection+Vigor,1,1,18.366,18.366,18.366
20261003-001430,355.030,81053,11062,6,0,,0,1,0.410,0.526,0.526
20261003-001430,355.030,81053,3335,7,0,,0,1,0.926,1.442,1.442
20261003-001430,355.030,81053,5002,9,0,,0,1,0.410,1.442,1.442
20261003-001430,355.030,81053,7062,8,0,,0,1,0.410,0.526,0.526
20261003-001430,355.030,81053,3643,7,1,Regeneration,1,1,36.166,37.686,37.686
20261003-001430,355.142,81053,3530,8,0,,0,1,0.112,0.638,0.638
20261003-001430,355.544,81053,3917,7,0,,0,1,0.402,1.040,1.040
20261003-001430,355.622,81053,4041,6,0,,0,1,0.592,0.592,0.592
20261003-001430,355.622,81053,4861,6,0,,0,1,0.592,0.592,0.592
20261003-001430,355.622,81053,3391,10,1,Swiftness,1,1,18.436,18.958,18.958
20261003-001430,360.584,81326,836,5,1,Might,1,1,4.962,5.554,5.554
20261003-001430,361.104,81326,1494,0,1,Fury,1,1,23.918,24.440,24.440
20261003-001430,361.622,81326,1494,0,0,,0,1,0.518,0.518,0.518
20261003-001430,374.300,81053,4574,9,1,Resolution,1,1,13.716,13.716,13.716
20261003-001430,374.390,81053,7141,9,1,Protection,1,1,18.768,18.768,18.768
20261003-001430,374.390,81053,6944,9,1,Swiftness,1,1,19.770,20.802,20.802
20261003-001430,374.390,81053,8006,8,2,Swiftness+Fury,1,1,19.360,20.802,20.802
20261003-001430,374.390,81053,6438,8,1,Swiftness,1,1,19.360,20.802,20.802
20261003-001430,374.390,81053,6250,9,1,Swiftness,1,1,12.768,13.286,13.286
20261003-001430,374.390,81053,6944,7,1,Swiftness,1,1,55.082,56.522,56.522
20261003-001430,374.426,81053,2978,8,1,Resolution,1,1,18.882,19.922,19.922
20261003-001430,374.426,81053,3125,9,1,Protection,1,1,19.396,19.922,19.922
20261003-001430,374.826,81053,6443,10,2,Protection+Resolution,1,1,19.204,19.796,19.796
20261003-001430,374.826,81053,6076,8,0,,0,1,0.400,0.400,0.400
20261003-001430,375.340,81053,6376,8,0,,0,1,0.950,0.950,0.950
20261003-001430,375.340,81053,6076,7,0,,0,1,0.514,0.914,0.914
20261003-001430,375.340,81053,4758,7,0,,0,1,0.914,0.914,0.914
20261003-001430,375.340,81053,7540,8,0,,0,1,0.514,0.514,0.514
20261003-001430,375.340,81053,4362,8,0,,0,1,0.950,0.950,0.950
20261003-001430,375.942,81053,3188,7,0,,0,1,0.602,1.516,1.516
20261003-001430,375.942,81053,3770,8,0,,0,1,0.602,1.116,1.116
20261003-001430,375.942,81053,2922,8,0,,0,1,0.602,1.552,1.552
20261003-001430,391.382,81326,1008,6,1,Swiftness,1,1,15.440,16.992,16.992
20261003-001430,391.382,81326,916,6,0,,0,1,16.992,16.992,16.992
20261003-001430,391.382,81326,1221,5,0,,0,1,16.992,16.992,16.992
20261003-001430,400.666,81053,2572,8,2,Might+Resistance,1,1,9.284,26.276,26.276
20261003-001430,400.666,81053,3087,10,1,Resistance,1,1,24.724,26.240,26.240
20261003-001430,400.666,81053,3087,8,1,Regeneration,1,1,25.326,26.276,26.276
20261003-001430,400.666,81053,3087,8,1,Resistance,1,1,26.276,26.276,26.276
20261003-001430,401.180,81053,2259,8,1,Protection,1,1,26.880,26.880,26.880
20261003-001430,401.180,81053,2572,9,0,,0,1,0.514,0.514,0.514
20261003-001430,401.180,81053,3087,9,0,,0,1,0.514,0.514,0.514
20261003-001430,401.180,81053,3087,7,0,,0,1,0.514,0.514,0.514
20261003-001430,401.702,81053,2830,9,1,Might,1,1,10.320,10.320,10.320
20261003-001430,402.100,81053,2627,9,0,,0,1,0.920,1.434,1.434
20261003-001430,402.100,81053,3152,9,0,,0,1,0.920,1.434,1.434
20261003-001430,402.100,81053,3152,7,0,,0,1,0.920,1.434,1.434
20261003-001430,402.216,81053,2837,9,1,Alacrity,1,1,1.550,1.550,1.550
20261003-001430,402.216,81053,3338,8,1,Fury,1,1,10.834,27.826,27.826
20261003-001430,402.628,81053,5674,8,0,,0,1,0.412,0.412,0.412
20261003-001430,402.628,81053,6304,6,0,,0,1,0.528,1.962,1.962
20261003-001430,402.628,81053,6304,9,0,,0,1,0.528,1.962,1.962
20261003-001430,402.628,81053,2881,9,0,,0,1,0.926,0.926,0.926
20261003-001430,402.628,81053,3338,7,0,,0,1,0.412,0.412,0.412
20261003-001430,403.146,81053,3359,6,0,,0,1,0.518,2.480,2.480
20261003-001430,403.146,81053,3359,7,0,,0,1,0.518,2.480,2.480
20261003-001430,403.222,81053,2881,9,0,,0,1,0.594,1.520,1.520
20261003-001430,403.222,81053,2627,8,2,Fury+Might,1,1,1.122,2.556,2.556
20261003-001430,403.664,81053,3497,7,0,,0,1,0.518,2.998,2.998
20261003-001430,419.342,81326,758,8,1,Swiftness,1,1,15.678,18.676,18.676
20261003-001430,419.342,81326,943,6,2,Resolution+Fury,1,1,16.120,16.120,16.120
20261003-001430,419.342,81326,892,5,1,Resolution,1,1,44.002,44.916,44.916
20261003-001430,419.342,81326,842,5,1,Protection,1,1,16.714,17.126,17.126
20261003-001430,419.342,81326,695,9,1,Resolution,1,1,16.120,17.640,17.640
20261003-001430,419.342,81326,991,6,1,Resolution,1,1,16.714,17.126,17.126
20261003-001430,419.856,81326,1258,4,0,,0,1,0.514,0.514,0.514
20261003-001430,420.380,81326,1258,4,0,,0,1,0.524,1.038,1.038
20261003-001430,420.380,81326,695,9,1,Swiftness,1,1,1.038,1.038,1.038
20261003-001430,420.380,81326,991,6,1,Resolution,1,1,1.038,1.038,1.038
20261003-001430,420.896,81326,601,9,2,Resolution+Might,1,1,44.954,46.070,46.070
20261003-001430,420.896,81326,991,5,0,,0,1,0.516,0.516,0.516
20261003-001430,420.896,81326,695,8,0,,0,1,0.516,0.516,0.516
20261003-001430,420.896,81326,1258,4,0,,0,1,0.516,1.554,1.554
20261003-001430,421.942,81053,4666,5,1,Fury,1,1,1.046,1.562,1.562
20261003-001430,421.942,81053,4440,4,2,Fury+Might,1,1,2.600,2.600,2.600
20261003-001430,421.942,81053,5920,6,1,Might,1,1,1.046,2.600,2.600
20261003-001430,421.942,81053,3899,5,1,Fury,1,1,20.762,20.762,20.762
20261003-001430,421.942,81053,3780,4,1,Vigor,1,1,2.600,2.600,2.600
20261003-001430,421.944,81053,2828,9,2,Protection+Might,1,1,1.048,1.048,1.048
20261003-001430,422.460,81053,11314,5,1,Might,1,1,48.070,48.070,48.070
20261003-001430,422.460,81053,8026,3,0,,0,1,0.518,0.518,0.518
20261003-001430,422.460,81053,9910,5,0,,0,1,0.518,0.518,0.518
20261003-001430,422.460,81053,9430,4,0,,0,1,0.518,0.518,0.518
20261003-001430,422.460,81053,8280,5,0,,0,1,0.518,0.518,0.518
20261003-001430,422.460,81053,8424,3,1,Might,1,1,3.118,3.118,3.118
20261003-001430,422.978,81053,11314,5,0,,0,1,0.518,0.518,0.518
20261003-001430,422.980,81053,3861,5,1,Resolution,1,1,2.084,2.600,2.600
20261003-001430,422.980,81053,9910,5,0,,0,1,0.520,1.038,1.038
20261003-001430,422.980,81053,9430,5,0,,0,1,0.520,1.038,1.038
20261003-001430,422.980,81053,8280,6,0,,0,1,0.520,1.038,1.038
20261003-001430,423.384,81053,4140,6,0,,0,1,0.404,1.442,1.442
20261003-001430,423.384,81053,4715,5,0,,0,1,0.404,1.442,1.442
20261003-001430,423.384,81053,4955,7,0,,0,1,0.404,1.442,1.442
20261003-001430,423.384,81053,3790,6,0,,0,1,0.924,0.924,0.924
20261003-001430,423.384,81053,5657,5,0,,0,1,0.406,0.924,0.924
20261003-001430,423.498,81053,4483,8,2,Swiftness+Regeneration,1,1,1.554,1.554,1.554
20261003-001430,423.498,81053,6286,5,1,Resistance,1,1,1.556,1.556,1.556
20261003-001430,423.498,81053,4140,5,0,,0,1,0.114,1.556,1.556
20261003-001430,423.498,81053,4715,5,0,,0,1,0.114,1.556,1.556
20261003-001430,423.498,81053,4955,7,0,,0,1,0.114,1.556,1.556
20261003-001430,423.903,81053,3790,6,0,,0,1,0.519,1.443,1.443
20261003-001430,423.903,81053,3475,6,0,,0,1,0.923,0.923,0.923
20261003-001430,423.903,81053,4459,4,1,Might,1,1,1.443,1.961,1.961
20261003-001430,423.904,81053,4955,7,0,,0,1,0.406,1.962,1.962
20261003-001430,423.904,81053,8966,7,0,,0,1,0.406,0.406,0.406
20261003-001430,423.984,81053,4140,7,0,,0,0,0.486,2.042,2.042
20261003-001430,423.984,81053,4212,9,0,,0,1,0.486,0.486,0.486
20261003-001430,424.420,81053,8040,3,0,,0,1,0.517,0.517,0.517
20261003-001430,424.420,81053,6834,7,0,,0,1,0.517,1.960,1.960
20261003-001430,424.420,81053,8934,6,0,,0,1,0.516,2.478,2.478
20261003-001430,424.500,81053,3797,9,0,,0,1,0.516,1.002,1.002
20261003-001430,424.500,81053,4041,7,0,,0,1,0.596,1.002,1.002
20261003-001430,424.946,81053,4156,6,1,Resolution,1,1,1.043,1.966,1.966
20261003-001430,424.946,81053,5334,2,0,,0,1,0.526,1.043,1.043
20261003-002223,278.150,81326,517,10,1,Might,1,1,,,
20261003-002223,278.150,81326,555,10,4,Resolution+Protection+Might+Regeneration,1,1,,,
20261003-002223,278.150,81326,695,10,1,Might,1,1,,,
20261003-002223,278.150,81326,546,8,4,Protection+Might+Regeneration+Alacrity,1,1,,,
20261003-002223,278.152,81326,475,10,1,Protection,1,1,,,
20261003-002223,278.674,81326,546,8,0,,0,1,0.524,0.524,0.524
20261003-002223,278.674,81326,475,10,1,Might,1,1,,,
20261003-002223,278.674,81326,585,10,1,Might,1,1,,,
20261003-002223,278.674,81326,517,9,0,,0,1,0.524,0.524,0.524
20261003-002223,278.674,81326,695,10,0,,0,1,0.524,0.524,0.524
20261003-002223,278.674,81326,475,9,0,,0,1,0.522,0.522,0.522
20261003-002223,279.188,81326,585,9,0,,0,1,0.514,0.514,0.514
20261003-002223,279.188,81326,475,9,0,,0,1,0.514,0.514,0.514
20261003-002223,279.188,81326,475,9,0,,0,1,0.514,1.036,1.036
20261003-002223,279.188,81326,546,9,0,,0,1,0.514,1.038,1.038
20261003-002223,279.188,81326,695,10,0,,0,1,0.514,1.038,1.038
20261003-002223,279.188,81326,829,9,4,Resolution+Might+Alacrity+Protection,1,1,1.038,1.038,1.038
20261003-002223,307.064,81326,638,8,1,Resolution,1,1,,,
20261003-002223,307.582,81326,916,2,2,Might+Regeneration,1,1,28.394,29.432,29.432
20261003-002223,307.582,81326,581,6,1,Resolution,1,1,28.908,29.432,29.432
20261003-002223,308.110,81326,533,7,1,Resolution,1,1,28.922,29.436,29.436
20261003-002223,308.110,81326,533,6,1,Vigor,1,1,28.922,29.958,29.958
20261003-002223,308.620,81326,533,6,0,,0,1,0.510,0.510,0.510
20261003-002223,308.620,81326,533,7,0,,0,1,0.510,0.510,0.510
20261003-150148,293.990,81326,637,6,1,Protection,1,1,,,
20261003-150148,293.990,81326,616,6,1,Protection,1,1,,,
20261003-150148,294.512,81326,559,6,1,Might,1,1,,,
20261003-150148,295.035,81326,633,6,1,Protection,1,1,,,
20261003-150148,295.035,81326,559,5,0,,0,1,0.523,0.523,0.523
20261003-150148,295.035,81326,580,7,1,Regeneration,1,1,,,
20261003-150148,295.035,81326,920,5,1,Might,1,1,1.045,1.045,1.045
20261003-150148,295.560,81326,616,6,0,,0,1,0.525,0.525,0.525
20261003-150148,295.560,81326,762,8,1,Alacrity,1,1,,,
20261003-150148,295.560,81326,725,6,1,Protection,1,1,,,
20261003-150148,295.560,81326,974,6,0,,0,1,0.525,0.525,0.525
20261003-150148,295.560,81326,559,5,0,,0,1,0.525,1.048,1.048
20261003-150148,323.434,81326,590,9,1,Stability,1,1,28.399,28.399,28.399
20261003-150148,323.434,81326,627,6,1,Stability,1,1,27.874,28.399,28.399
20261003-150148,323.434,81326,702,9,1,Stability,1,1,,,
20261003-150148,323.434,81326,529,7,1,Protection,1,1,,,
20261003-150148,323.434,81326,644,10,1,Stability,1,1,27.874,28.399,28.399
20261003-150148,323.434,81326,651,8,1,Might,1,1,,,
20261003-150148,323.956,81326,1101,4,1,Regeneration,1,1,28.396,28.396,28.396
20261003-150148,323.956,81326,790,6,0,,0,1,0.522,0.522,0.522
20261003-150148,323.956,81326,1139,5,1,Might,1,1,29.966,29.966,29.966
20261003-150148,323.956,81326,702,8,0,,0,1,0.522,0.522,0.522
20261003-150148,323.956,81326,644,9,0,,0,1,0.522,0.522,0.522
20261003-150148,354.630,81053,3321,9,2,Protection+Vigor,1,1,30.674,31.196,31.196
20261003-150148,354.630,81053,3075,9,2,Swiftness+Protection,1,1,30.674,31.196,31.196
20261003-150148,355.674,81053,3230,7,1,Swiftness,1,1,32.240,32.240,32.240
20261003-150148,355.674,81053,3041,8,1,Protection,1,1,32.240,32.240,32.240
20261003-150148,355.674,81053,2727,7,2,Protection+Regeneration,1,1,31.718,32.240,32.240
20261003-150148,356.066,81053,6684,6,2,Swiftness+Regeneration,1,1,32.110,32.110,32.110
20261003-150148,356.150,81053,9078,8,0,,0,1,0.476,0.476,0.476
20261003-150148,356.150,81053,9180,8,2,Swiftness+Vigor,1,1,1.520,1.520,1.520
20261003-150148,356.192,81053,4071,5,0,,0,1,0.518,0.518,0.518
20261003-150148,356.670,81053,3342,4,0,,0,1,0.604,0.604,0.604
20261003-150148,357.112,81053,3103,5,1,Protection,1,1,1.438,1.438,1.438
20261003-150148,357.112,81053,4360,8,0,,0,1,0.962,1.438,1.438
20261003-150148,357.112,81053,3190,7,2,Protection+Might,1,1,2.482,2.482,2.482
20261003-150148,357.112,81053,3210,5,0,,0,1,0.442,1.046,1.046
20261003-150148,357.708,81053,3342,6,2,Swiftness+Regeneration,0,1,0.596,1.642,1.642
20261003-150148,374.232,81053,3193,3,1,Might,1,1,50.798,50.798,50.798
20261003-150148,374.232,81053,5243,0,0,,1,1,17.120,17.120,17.120
20261003-150148,374.232,81053,4801,5,1,Regeneration,1,1,17.120,18.558,18.558
20261003-150148,374.232,81053,5441,0,0,,0,1,78.672,79.720,79.720
20261003-150148,374.232,81053,4856,0,0,,1,1,18.082,18.082,18.082
20261003-150148,374.756,81053,10020,8,2,Protection+Resistance,1,1,50.800,50.800,50.800
20261003-150148,374.756,81053,8460,4,4,Protection+Resistance+Stability+Might,1,1,18.564,19.082,19.082
20261003-150148,374.756,81053,9712,1,1,Swiftness,0,1,0.524,18.606,0.524
20261003-150148,374.756,81053,10020,2,2,Protection+Resistance,1,1,17.644,17.644,17.644
20261003-150148,374.756,81053,5243,1,0,,0,0,0.524,17.644,0.524
20261003-150148,374.756,81053,3645,0,2,Resistance+Protection,0,1,0.524,80.244,80.244
20261003-150148,375.274,81053,9712,0,0,,0,1,0.518,0.518,1.042
20261003-150148,375.274,81053,7096,3,1,Vigor,1,1,1.042,1.042,1.042
20261003-150148,375.274,81053,12000,2,0,,0,1,0.518,0.518,0.518
20261003-150148,375.274,81053,12000,8,0,,0,1,0.518,0.518,0.518
20261003-150148,375.274,81053,5441,0,0,,0,1,0.518,0.518,80.762
20261003-150148,375.274,81053,5066,2,0,,0,1,0.518,0.518,0.518
20261003-150148,375.674,81053,5066,3,0,,0,1,0.400,0.918,0.918
20261003-150148,375.674,81053,5441,0,0,,1,1,0.400,0.918,81.162
20261003-150148,375.674,81053,6000,8,0,,0,0,0.400,0.918,0.918
20261003-150148,375.674,81053,4801,4,1,Vigor,1,1,1.442,1.442,1.442
20261003-150148,375.674,81053,6000,2,0,,0,1,0.400,0.918,0.918
20261003-150148,375.674,81053,3193,2,0,,0,1,0.400,0.400,0.400
20261003-150148,375.794,81053,10882,0,0,,0,1,0.120,1.038,0.120
20261003-150148,375.794,81053,12000,2,1,Might,0,1,0.120,1.038,1.038
20261003-150148,375.794,81053,12336,1,1,Resolution,1,1,1.038,18.682,1.562
20261003-150148,375.794,81053,10428,6,4,Protection+Resistance+Stability+Might,1,1,18.086,18.086,19.728
20261003-150148,375.794,81053,6386,2,1,Swiftness,0,1,0.120,0.520,0.520
20261003-150148,376.194,81053,14104,1,0,,0,1,0.400,0.400,1.438
20261003-150148,376.194,81053,7369,1,0,,0,0,0.400,0.400,0.400
20261003-150148,376.194,81053,14500,0,0,,0,1,0.400,0.400,0.400
20261003-150148,376.270,81053,12790,1,0,,0,1,0.476,1.514,0.596
20261003-150148,376.308,81053,8224,1,0,,0,1,0.114,0.514,0.514
20261003-150148,376.308,81053,8000,1,0,,0,1,0.114,0.514,1.552
20261003-150148,376.308,81053,7617,0,0,,1,1,1.034,1.552,2.076
20261003-150148,376.710,81053,15234,2,0,,0,1,0.402,1.954,0.402
20261003-150148,376.710,81053,16000,3,0,,0,1,0.402,0.916,1.954
20261003-150148,376.710,81053,16000,4,1,Fury,1,1,1.036,1.954,1.954
20261003-150148,376.710,81053,16448,2,0,,0,1,0.402,0.916,0.916
20261003-150148,377.230,81053,19711,1,1,Fury,1,1,1.036,1.436,1.436
20261003-150148,377.232,81053,9307,2,0,,0,0,0.522,1.438,1.438
20261003-150148,377.232,81053,19042,2,0,,0,1,0.522,2.476,0.924
20261003-150148,377.312,81053,5913,2,1,Might,1,1,1.518,1.518,2.038
20261003-150148,377.314,81053,10000,3,0,,0,1,0.604,0.604,0.604
20261003-150905,295.831,81326,648,8,1,Protection,1,1,,,
20261003-150905,297.385,81326,617,3,1,Regeneration,1,1,,,
20261003-150905,297.385,81326,588,8,1,Protection,1,1,,,
20261003-150905,297.385,81326,648,8,1,Alacrity,1,1,1.554,1.554,1.554
20261003-150905,297.385,81326,801,7,1,Fury,1,1,,,
20261003-150905,297.385,81326,547,9,1,Alacrity,1,1,,,
20261003-150905,297.385,81326,673,7,1,Vigor,1,1,,,
20261003-150905,325.467,81326,673,9,1,Alacrity,1,1,,,
20261003-150905,325.467,81326,553,9,1,Alacrity,1,1,28.082,28.082,28.082
20261003-150905,325.467,81326,677,8,1,Might,1,1,,,
20261003-150905,325.467,81326,593,9,1,Might,1,1,28.082,28.082,28.082
20261003-150905,325.467,81326,733,7,1,Fury,1,1,28.082,28.082,28.082
20261003-150905,325.467,81326,654,8,1,Swiftness,1,1,28.082,28.082,28.082
20261003-150905,325.467,81326,616,7,1,Fury,1,1,,,
20261003-150905,325.985,81326,673,8,0,,0,1,0.518,0.518,0.518
20261003-150905,325.985,81326,553,7,0,,0,1,0.518,0.518,0.518
20261003-150905,325.985,81326,593,7,0,,0,1,0.518,0.518,0.518
20261003-150905,326.505,81326,654,7,1,Alacrity,1,1,1.038,1.038,1.038
20261003-150905,326.505,81326,733,7,1,Fury,1,1,1.038,1.038,1.038
20261003-150905,327.027,81326,623,8,0,,0,1,0.522,0.522,0.522
20261003-150905,327.027,81326,809,9,1,Protection,1,1,29.642,29.642,29.642
20261003-150905,327.027,81326,654,6,0,,0,1,0.522,0.522,0.522
20261003-150905,327.027,81326,677,8,1,Might,1,1,1.560,1.560,1.560
20261003-150905,327.027,81326,553,7,1,Might,1,1,1.042,1.560,1.560
20261003-150905,327.027,81326,698,8,1,Might,1,1,1.042,1.560,1.560
20261003-150905,352.465,81053,3157,6,1,Might,1,1,26.480,26.998,26.998
20261003-150905,352.465,81053,2593,6,1,Might,1,1,25.438,25.438,25.438
20261003-150905,352.465,81053,2891,6,1,Might,1,1,26.998,26.998,26.998
20261003-150905,352.465,81053,3071,7,1,Protection,1,1,25.438,25.960,25.960
20261003-150905,352.987,81053,2593,6,0,,0,1,0.522,0.522,0.522
20261003-150905,352.987,81053,9166,5,0,,0,1,0.522,0.522,0.522
20261003-150905,352.987,81053,5782,7,0,,0,1,0.522,0.522,0.522
20261003-150905,352.987,81053,2785,4,1,Regeneration,1,1,25.960,25.960,25.960
20261003-150905,352.987,81053,3188,6,1,Might,1,1,55.602,55.602,55.602
20261003-150905,353.507,81053,5570,3,0,,0,1,0.520,0.520,0.520
20261003-150905,353.507,81053,5186,6,0,,0,1,0.520,1.042,1.042
20261003-150905,353.507,81053,9166,5,0,,0,1,0.520,1.042,1.042
20261003-150905,353.507,81053,6376,4,0,,0,1,0.520,0.520,0.520
20261003-150905,353.909,81053,3188,4,0,,0,1,0.402,0.922,0.922
20261003-150905,353.909,81053,3613,5,1,Fury,1,1,,,
20261003-150905,353.909,81053,2593,6,0,,0,1,0.402,1.444,1.444
20261003-150905,353.909,81053,2785,3,0,,0,1,0.402,0.922,0.922
20261003-150905,354.027,81053,6376,4,0,,0,1,0.118,1.040,1.040
20261003-150905,354.027,81053,5570,3,0,,0,1,0.118,1.040,1.040
20261003-150905,354.027,81053,5186,6,0,,0,1,0.118,1.562,1.562
20261003-150905,354.027,81053,3613,4,0,,0,1,0.118,0.118,0.118
20261003-150905,354.423,81053,2593,5,0,,0,1,0.396,1.958,1.958
20261003-150905,354.423,81053,2785,3,0,,0,1,0.396,1.436,1.436
20261003-150905,354.423,81053,3613,5,0,,0,1,0.396,0.514,0.514
20261003-150905,354.547,81053,2785,3,0,,0,1,0.124,1.560,1.560
20261003-150905,354.547,81053,2593,5,0,,0,1,0.124,2.082,2.082
20261003-150905,356.073,81053,3613,7,1,Alacrity,1,1,1.650,2.164,2.164
20261003-150905,356.073,81053,2891,9,1,Swiftness,1,1,3.086,3.608,3.608
20261003-150905,356.073,81053,3157,6,1,Protection,1,1,3.608,3.608,3.608
20261003-150905,356.073,81053,3440,5,1,Protection,1,1,29.046,29.568,29.568
20261003-150905,356.075,81053,2593,7,1,Might,1,1,1.528,3.610,3.610
20261003-150905,356.075,81053,3188,6,1,Protection,0,0,2.048,3.088,3.088
20261003-150905,356.075,81053,3071,7,1,Alacrity,1,1,2.568,3.610,3.610
20261003-150905,356.075,81053,3177,5,1,Might,1,1,29.048,29.048,29.048
20261003-151632,352.998,81053,3640,7,1,Regeneration,1,1,,,
20261003-151632,352.998,81053,3312,6,1,Regeneration,1,1,,,
20261003-151632,352.998,81053,4139,7,1,Protection,1,1,,,
20261003-151632,353.916,81053,3312,5,0,,0,1,0.918,0.918,0.918
20261003-151632,353.916,81053,3640,8,0,,0,1,0.918,0.918,0.918
20261003-151632,353.918,81053,4383,5,1,Might,1,1,,,
20261003-151632,354.034,81053,4383,4,0,,0,1,0.116,0.116,0.116
20261003-151632,354.034,81053,2970,9,1,Stability,1,1,,,
20261003-151632,354.432,81053,8766,6,0,,0,1,0.398,0.514,0.514
20261003-151632,354.432,81053,8696,8,1,Fury,1,1,,,
20261003-151632,354.516,81053,3349,8,1,Fury,1,1,,,
20261003-151632,354.516,81053,5940,8,0,,0,1,0.482,0.482,0.482
20261003-151632,354.516,81053,6624,8,0,,0,1,0.600,1.518,1.518
20261003-151632,354.552,81053,4383,6,0,,0,1,0.120,0.634,0.634
20261003-151632,354.552,81053,4348,7,0,,0,1,0.120,0.120,0.120
20261003-151632,354.954,81053,3836,9,0,,0,1,0.402,1.036,1.036
20261003-151632,354.954,81053,3020,8,0,,0,1,0.438,0.438,0.438
20261003-151632,355.032,81053,2986,9,0,,0,1,0.516,2.034,2.034
20261003-151632,355.032,81053,3172,8,1,Might,1,1,,,
20261003-151632,355.472,81053,3920,8,0,,0,1,0.920,1.040,1.040
20261003-151632,355.472,81053,2678,8,0,,0,1,0.956,1.438,1.438
20261003-151632,355.472,81053,3020,9,0,,0,1,0.518,0.956,0.956
20261003-151632,355.472,81053,5570,7,1,Might,1,1,2.474,2.474,2.474
20261003-151632,355.472,81053,3281,7,1,Might,1,1,1.556,2.474,2.474
20261003-151632,355.472,81053,3836,10,0,,0,1,0.518,1.554,1.554
20261003-151632,356.072,81053,4255,10,0,,0,1,0.600,2.154,2.154
20261003-151632,373.116,81053,4458,6,1,Might,1,1,17.644,19.082,19.082
20261003-151632,373.116,81053,4643,5,1,Might,1,1,17.644,17.644,17.644
20261003-151632,373.116,81053,4070,6,1,Might,1,1,,,
20261003-151632,373.116,81053,6699,7,1,Might,1,1,18.084,18.084,18.084
20261003-151632,373.116,81053,4273,5,1,Might,1,1,17.644,18.600,18.600
20261003-151632,373.634,81053,14186,6,0,,0,1,0.518,0.518,0.518
20261003-151632,373.634,81053,7365,4,1,Might,1,1,,,
20261003-151632,373.636,81053,9442,6,0,,0,1,0.520,0.520,0.520
20261003-151632,373.636,81053,4309,5,0,,0,1,0.520,0.520,0.520
20261003-151632,373.636,81053,4916,6,0,,0,1,0.520,0.520,0.520
20261003-151632,374.150,81053,12452,6,1,Might,1,1,18.678,18.678,18.678
20261003-151632,374.152,81053,9598,5,0,,0,1,0.516,1.036,1.036
20261003-151632,374.152,81053,8938,6,0,,0,1,0.516,1.036,1.036
20261003-151632,374.554,81053,5475,7,0,,0,1,0.918,1.438,1.438
20261003-151632,374.554,81053,4469,6,0,,0,1,0.402,1.438,1.438
20261003-151632,374.554,81053,4799,5,0,,0,1,0.402,1.438,1.438
20261003-151632,374.678,81053,9598,5,0,,0,1,0.124,1.562,1.562
20261003-151632,374.678,81053,8938,6,0,,0,1,0.124,1.562,1.562
20261003-151632,374.678,81053,10950,7,0,,0,1,0.124,1.562,1.562
20261003-151632,374.678,81053,6226,4,0,,0,1,0.528,0.528,0.528
20261003-151632,375.072,81053,8187,4,1,Might,0,0,1.438,1.438,1.438
20261003-151632,375.156,81053,6073,7,0,,0,0,0.478,2.040,2.040
20261003-151632,375.156,81053,5323,5,0,,0,0,0.478,2.040,2.040
20261003-151632,375.196,81053,8761,5,1,Might,0,0,1.562,2.080,2.080
20261003-153810,328.438,81326,1102,4,1,Might,1,1,,,
20261003-153810,328.438,81326,733,5,1,Might,1,1,,,
20261003-153810,328.438,81326,612,4,1,Vigor,1,1,,,
20261003-153810,328.438,81326,792,6,1,Stability,1,1,,,
20261003-153810,328.438,81326,553,7,1,Stability,1,1,,,
20261003-153810,328.438,81326,616,3,1,Might,1,1,,,
20261003-153810,328.438,81326,639,8,1,Stability,1,1,,,
20261003-153810,328.438,81326,1012,7,1,Stability,1,1,,,
20261003-153810,328.954,81326,792,4,0,,0,1,0.516,0.516,0.516
20261003-153810,328.954,81326,553,6,0,,0,1,0.516,0.516,0.516
20261003-153810,328.954,81326,1072,3,0,,0,1,0.516,0.516,0.516
20261003-153810,329.996,81326,553,6,1,Fury,1,1,1.042,1.558,1.558
20261003-153810,374.714,81053,2999,8,1,Regeneration,1,1,46.276,46.276,46.276
20261003-153810,374.714,81053,2725,9,1,Protection,1,1,46.276,46.276,46.276
20261003-153810,376.154,81053,8466,7,1,Stability,1,1,1.440,1.440,1.440
20261003-153810,376.154,81053,7149,7,1,Protection,1,1,47.716,47.716,47.716
20261003-153810,376.236,81053,2544,7,1,Regeneration,1,1,46.240,46.240,46.240
20261003-153810,376.758,81053,3860,5,0,,0,1,0.604,0.604,0.604
20261003-153810,376.758,81053,3817,5,0,,0,1,0.604,0.604,0.604
20261003-153810,395.552,81326,661,8,1,Regeneration,1,1,66.598,67.114,67.114
20261003-153810,396.072,81326,931,7,1,Regeneration,1,1,67.634,67.634,67.634
20261003-153810,396.072,81326,661,7,0,,0,1,0.520,0.520,0.520
20261003-153810,396.072,81326,597,7,1,Fury,1,1,67.634,67.634,67.634
20261003-153810,397.112,81326,597,6,1,Might,1,1,1.040,1.040,1.040
20261003-153810,398.074,81053,2540,8,1,Resolution,1,1,21.316,21.920,21.920
20261003-153810,398.074,81053,4977,7,2,Fury+Regeneration,1,1,,,
20261003-153810,398.074,81053,3834,7,1,Resolution,1,1,21.316,21.920,21.920
20261003-153810,411.112,81053,2963,7,1,Might,1,1,82.158,82.674,82.674
20261003-153810,411.112,81053,2714,7,1,Might,1,1,13.038,13.038,13.038
20261003-153810,411.112,81053,2694,6,1,Vigor,1,1,14.000,14.000,14.000
20261003-153810,411.634,81053,2963,5,1,Regeneration,0,1,0.522,0.522,0.522
20261003-153810,411.634,81053,2714,6,1,Alacrity,0,1,0.522,0.522,0.522
20261003-153810,411.634,81053,2694,5,1,Alacrity,0,1,0.522,0.522,0.522
20261003-153810,412.552,81053,2982,7,1,Protection,1,1,16.480,17.000,17.000
20261003-153810,412.552,81053,4458,5,1,Swiftness,1,1,37.838,37.838,37.838
20261003-153810,412.552,81053,2694,4,0,,0,1,0.918,0.918,1.440
20261003-153810,412.552,81053,2434,6,1,Protection,1,1,36.316,36.316,36.316
20261003-153810,412.552,81053,2614,4,1,Swiftness,1,1,,,
20261003-153810,412.678,81053,5624,6,1,Regeneration,1,1,16.606,16.606,16.606
20261003-153810,412.678,81053,3563,7,2,Alacrity+Stability,1,1,14.604,14.604,14.604
20261003-153810,412.678,81053,4451,6,0,,0,1,0.126,0.126,0.126
20261003-153810,412.678,81053,4458,4,0,,0,1,0.126,0.126,0.126
20261003-153810,413.150,81053,7126,4,0,,0,1,0.472,0.472,0.472
20261003-153810,413.198,81053,2714,6,1,Fury,1,1,1.564,1.564,2.086
20261003-153810,413.198,81053,4451,6,0,,0,1,0.520,0.646,0.646
20261003-153810,414.716,81053,3784,5,1,Might,1,1,2.038,2.038,2.038
20261003-153810,427.438,81326,623,10,1,Might,1,1,14.240,14.240,14.240
20261003-153810,427.438,81326,619,8,1,Might,1,1,14.886,15.804,16.326
20261003-153810,427.438,81326,818,8,2,Might+Fury,1,1,14.288,14.760,14.760
20261003-153810,432.000,81053,5997,2,1,Might,1,1,20.366,20.366,20.888
20261003-153810,432.000,81053,4498,7,1,Might,1,1,4.562,4.562,4.562
20261003-153810,432.002,81053,3986,7,2,Might+Alacrity,1,1,4.564,4.564,4.564
20261003-153810,432.002,81053,3342,5,1,Might,1,1,19.324,19.450,19.450
20261003-153810,432.002,81053,4583,4,1,Might,1,1,33.928,33.928,33.928
20261003-153810,432.002,81053,3036,5,1,Might,1,1,4.564,4.564,4.564
20261003-153810,432.002,81053,2925,5,1,Resistance,1,1,19.450,19.450,19.450
20261003-153810,432.002,81053,3337,6,1,Swiftness,1,1,18.804,19.450,19.450
20261003-153810,432.002,81053,2723,7,1,Might,1,1,19.450,19.450,19.450
20261003-153810,432.430,81053,3147,7,1,Might,1,1,17.714,17.714,17.714
20261003-153810,432.518,81053,3036,4,0,,0,1,0.516,0.516,0.516
20261003-153810,432.518,81053,4949,1,0,,0,1,0.518,0.518,0.518
20261003-153810,432.518,81053,4583,3,0,,0,1,0.516,0.516,0.516
20261003-153810,432.518,81053,4498,6,0,,0,1,0.518,0.518,0.518
20261003-153810,432.518,81053,3986,4,0,,0,1,0.516,0.516,0.516
20261003-153810,433.028,81053,3337,7,1,Might,1,1,1.026,1.026,1.026
20261003-153810,433.556,81053,3316,3,1,Might,1,1,1.038,1.556,1.556
20261003-153810,433.556,81053,3036,5,1,Might,1,1,1.038,1.554,1.554
20261003-153810,433.556,81053,4988,4,1,Stability,1,1,1.554,1.554,1.554
20261003-153810,456.756,81326,894,6,1,Fury,1,1,24.754,24.754,24.754
20261003-153810,456.756,81326,645,4,1,Fury,1,1,24.326,24.326,24.326
20261003-153810,457.272,81326,629,4,1,Might,1,1,24.754,25.270,25.270
20261003-153810,457.272,81326,622,5,1,Might,1,1,23.716,23.716,23.716
20261003-153810,457.272,81326,683,4,1,Might,1,1,24.244,24.244,24.244
20261003-153810,457.272,81326,679,6,1,Might,1,1,23.716,23.716,23.716
20261003-153810,457.796,81326,683,3,0,,0,1,0.524,0.524,0.524
20261003-153810,457.796,81326,629,4,0,,0,1,0.524,0.524,0.524
20261003-153810,458.192,81053,3153,6,1,Alacrity,1,1,25.674,26.192,26.192
20261003-153810,458.192,81053,3491,3,0,,0,1,0.396,0.920,0.920
20261003-153810,458.192,81053,3469,8,0,,0,1,0.920,0.920,0.920
20261003-153810,458.192,81053,3292,3,1,Resistance,1,1,1.436,1.436,1.436
20261003-153810,458.192,81053,4567,4,1,Resistance,1,1,1.436,1.436,1.436
20261003-153810,458.192,81053,3177,5,0,,0,1,0.920,0.920,0.920
20261003-153810,458.192,81053,3213,5,0,,0,1,0.396,0.920,0.920
20261003-153810,458.316,81326,645,2,0,,0,1,0.124,0.124,0.124
20261003-153810,458.316,81326,894,3,0,,0,1,0.124,0.124,0.124
20261003-153810,458.316,81326,679,8,0,,0,1,0.124,1.044,1.044
20261003-153810,458.316,81326,683,3,0,,0,1,0.124,1.044,1.044
20261003-153810,458.718,81053,3491,4,0,,0,1,0.402,1.446,1.446
20261003-153810,458.718,81053,6938,9,0,,0,1,0.402,1.446,1.446
20261003-153810,458.718,81053,6306,6,0,,0,1,0.526,0.526,0.526
20261003-153810,458.718,81053,9408,3,0,,0,1,0.402,0.526,0.526
20261003-153810,458.718,81053,6584,4,0,,0,1,0.402,0.526,0.526
20261003-153810,458.718,81053,3213,6,0,,0,1,0.526,1.446,1.446
20261003-153810,459.232,81053,6938,9,0,,0,1,0.514,1.960,1.960
20261003-153810,459.232,81053,6426,6,0,,0,1,0.514,1.960,1.960
20261003-153810,459.634,81053,3177,5,1,Might,1,1,1.442,2.362,2.362
20261003-153810,459.634,81053,3504,7,0,,0,1,0.916,1.442,1.442
20261003-153810,460.230,81053,3177,5,0,,0,1,0.596,0.596,0.596
20261003-153810,460.230,81053,3213,6,0,,0,1,0.998,2.958,2.958
20261003-153810,460.230,81053,3153,7,0,,0,1,0.596,2.038,2.038
20261003-153810,460.752,81053,3153,7,0,,0,1,0.522,2.560,2.560
20261003-153810,479.272,81053,2958,3,1,Regeneration,1,1,20.554,21.080,21.080
20261003-153810,479.272,81053,6019,6,2,Resistance+Might,1,1,46.754,47.270,47.270
20261003-153810,479.272,81053,4636,5,1,Resolution,1,1,19.042,22.000,22.000
20261003-153810,479.272,81053,5006,6,1,Regeneration,1,1,20.040,22.000,22.000
20261003-153810,479.272,81053,3071,8,1,Resistance,1,1,19.042,19.638,19.638
20261003-153810,479.272,81053,5045,5,1,Might,1,1,45.716,45.716,45.716
20261003-153810,479.272,81053,3375,3,1,Regeneration,1,1,20.554,22.000,22.000
20261003-153810,479.272,81053,4112,4,1,Regeneration,1,1,47.270,47.270,47.270
20261003-153810,479.272,81053,4550,3,1,Might,1,1,18.520,21.080,21.080
20261003-153810,479.794,81053,6142,8,0,,0,1,0.522,0.522,0.522
20261003-153810,479.794,81053,9272,5,0,,0,1,0.522,0.522,0.522
20261003-153810,479.794,81053,2958,3,0,,0,1,0.522,0.522,0.522
20261003-153810,479.794,81053,10012,5,0,,0,1,0.522,0.522,0.522
20261003-153810,479.794,81053,8224,3,0,,0,1,0.522,0.522,0.522
20261003-153810,479.794,81053,6750,2,0,,0,1,0.522,0.522,0.522
20261003-153810,479.794,81053,5045,6,0,,0,1,0.522,0.522,0.522
20261003-153810,479.794,81053,4550,3,0,,0,1,0.522,0.522,0.522
20261003-153810,480.312,81053,6750,2,0,,0,1,0.518,1.040,1.040
20261003-153810,480.312,81053,10090,6,0,,0,1,0.518,1.040,1.040
20261003-153810,480.312,81053,10012,5,0,,0,1,0.518,1.040,1.040
20261003-153810,480.314,81053,9100,4,0,,0,1,0.520,1.042,1.042
20261003-153810,480.314,81053,9272,5,0,,0,1,0.520,1.042,1.042
20261003-153810,480.314,81053,2958,3,0,,0,1,0.520,1.042,1.042
20261003-153810,480.314,81053,4112,3,0,,0,1,0.520,1.042,1.042
20261003-153810,480.314,81053,3071,8,0,,0,1,0.520,1.042,1.042
20261003-153810,480.710,81053,2667,5,0,,0,1,0.396,1.438,1.438
20261003-153810,480.710,81053,2769,8,0,,0,1,0.396,1.438,1.438
20261003-153810,480.710,81053,4549,6,0,,0,1,0.398,1.438,1.438
20261003-153810,480.710,81053,2800,7,0,,0,1,0.396,1.438,1.438
20261003-153810,480.710,81053,2484,6,0,,0,1,0.396,1.438,1.438
20261003-153810,480.710,81053,3134,3,0,,0,1,0.398,1.438,1.438
20261003-153810,480.828,81053,2800,7,0,,0,1,0.118,1.556,1.556
20261003-153810,480.828,81053,3134,3,0,,0,1,0.118,1.556,1.556
20261003-153810,480.828,81053,4549,6,0,,0,1,0.118,1.556,1.556
20261003-153810,480.828,81053,2484,6,0,,0,1,0.118,1.556,1.556
20261003-153810,481.314,81053,4549,5,0,,0,1,0.486,2.042,2.042
20261003-153810,481.314,81053,2800,7,0,,0,1,0.486,2.042,2.042
20261003-153810,481.314,81053,2667,5,0,,0,1,0.604,2.042,2.042
20261003-153810,481.314,81053,3134,3,0,,0,1,0.486,2.042,2.042
20261003-153810,481.832,81053,2755,6,0,,0,1,1.004,2.560,2.560
20261003-153810,481.832,81053,5045,5,0,,0,0,0.518,2.560,2.560
20261003-153810,481.832,81053,2958,5,0,,0,1,0.518,2.560,2.560
20261003-153810,482.350,81053,3375,4,1,Protection,1,1,1.036,3.078,3.078
20261003-153810,482.350,81053,2958,6,0,,0,1,0.518,3.078,3.078
20261003-153810,482.350,81053,4636,7,1,Alacrity,1,1,1.036,3.078,3.078
20261003-153810,482.350,81053,2755,7,0,,0,1,0.518,3.078,3.078
20261003-153810,482.350,81053,5006,7,1,Alacrity,1,1,2.038,3.078,3.078
20261003-153810,482.874,81053,3183,4,1,Protection,1,1,24.156,24.682,24.682
20261003-153810,482.874,81053,4636,5,0,,0,1,0.524,0.524,0.524
20261003-153810,482.874,81053,4416,5,0,,0,1,0.524,3.602,3.602
20261003-153810,482.874,81053,3071,8,1,Might,1,1,2.164,3.602,3.602
20261003-153810,482.874,81053,5006,5,0,,0,1,0.524,0.524,0.524
20261003-153810,515.112,81053,3227,3,1,Regeneration,1,1,32.238,32.762,32.762
20261003-153810,516.158,81053,2940,8,1,Protection,1,1,33.808,36.886,36.886
20261003-153810,516.552,81053,3615,5,2,Protection+Might,1,1,36.238,37.280,37.280
20261003-153810,517.074,81053,8172,7,1,Regeneration,1,1,35.242,37.802,37.802
20261003-153810,531.352,81326,623,8,1,Fury,1,1,48.478,48.478,48.478
20261003-153810,531.352,81326,1022,3,2,Might+Quickness,1,1,49.002,49.002,49.002
20261003-153810,531.352,81326,630,7,1,Fury,1,1,48.478,49.002,49.002
20261003-153810,531.354,81326,1023,6,1,Might,1,1,14.280,14.280,14.280
20261003-153810,531.872,81326,646,7,1,Might,1,1,48.998,48.998,48.998
20261003-153810,531.872,81326,1022,2,0,,0,1,0.520,0.520,0.520
20261003-153810,531.872,81326,1221,6,2,Might+Fury,1,1,52.600,52.600,52.600
20261003-153810,531.872,81326,1023,6,0,,0,1,0.518,0.518,0.518
20261003-153810,531.872,81326,623,7,0,,0,1,0.520,0.520,0.520
20261003-153810,531.872,81326,630,6,0,,0,1,0.520,0.520,0.520
20261003-153810,531.872,81326,680,6,1,Might,1,1,16.760,16.760,16.760
20261003-153810,532.390,81326,1221,4,0,,0,1,0.518,0.518,0.518
20261003-153810,532.390,81326,559,6,1,Might,1,1,16.232,16.232,16.232
20261003-153810,532.390,81326,600,6,1,Might,1,1,49.516,53.118,53.118
20261003-153810,532.390,81326,646,6,0,,0,1,0.518,0.518,0.518
20261003-153810,532.390,81326,630,6,0,,0,1,0.518,1.038,1.038
20261003-153810,532.390,81326,1023,6,0,,0,1,0.518,1.036,1.036
20261003-153810,532.390,81326,1022,2,0,,0,1,0.518,1.038,1.038
20261003-153810,532.390,81326,680,5,0,,0,1,0.518,0.518,0.518
20261003-153810,532.390,81326,623,7,0,,0,1,0.518,1.038,1.038
20261003-153810,532.906,81326,657,4,1,Vigor,0,1,0.516,0.516,0.516
20261003-153810,532.906,81326,600,5,1,Swiftness,0,1,0.516,0.516,0.516
20261003-153810,532.906,81326,1022,0,0,,0,1,0.516,1.554,1.554
20261003-153810,532.906,81326,623,6,0,,0,1,0.516,1.554,1.554
20261003-153810,532.906,81326,1221,4,2,Alacrity+Stability,0,1,0.516,1.034,1.034
20261003-153810,532.906,81326,630,5,1,Alacrity,0,1,0.516,1.554,1.554
20261003-153810,532.906,81326,1023,5,1,Might,0,1,0.516,1.552,1.552
20261003-153810,532.906,81326,680,4,1,Alacrity,0,1,0.516,1.034,1.034
20261003-153810,532.906,81326,646,5,1,Stability,0,1,0.516,1.034,1.034
20261003-153810,560.706,81326,799,7,0,,0,1,27.800,27.800,28.834
20261003-153810,560.706,81326,724,7,0,,0,1,27.800,27.800,29.354
20261003-153810,561.234,81326,875,6,1,Might,1,1,28.328,28.328,28.844
20261003-153810,561.234,81326,799,6,0,,0,1,0.528,28.328,29.362
20261003-153810,561.234,81326,999,6,1,Protection,1,1,28.328,28.328,29.880
20261003-153810,561.234,81326,664,7,1,Might,1,1,28.328,28.328,29.362
20261003-153810,561.234,81326,545,8,1,Protection,1,1,28.328,28.328,28.844
20261003-153810,561.234,81326,786,7,0,,0,1,28.328,29.882,29.882
20261003-153810,561.234,81326,724,7,0,,0,1,0.528,28.328,29.882
20261003-153810,561.234,81326,630,8,0,,0,1,28.328,28.328,29.362
20261003-153810,561.746,81326,630,8,0,,0,1,0.512,28.840,29.874
20261003-153810,561.746,81326,814,7,0,,0,1,0.512,0.512,0.512
20261003-153810,561.746,81326,664,9,0,,0,1,0.512,0.512,0.512
20261003-153810,561.746,81326,724,9,0,,0,1,0.512,28.840,30.394
20261003-153810,561.746,81326,786,7,0,,0,1,0.512,30.394,30.394
20261003-153810,561.746,81326,799,8,0,,0,1,0.512,28.840,29.874
20261003-153810,561.746,81326,1492,5,0,,0,1,0.512,0.512,0.512
20261003-153810,584.232,80901,23829,5,1,Stability,1,1,22.486,22.998,22.998
20261003-153810,584.232,80901,13638,7,2,Might+Stability,1,1,67.680,67.680,67.680
20261003-153810,584.232,80901,8284,9,1,Alacrity,1,1,51.326,52.880,52.880
20261003-153810,584.232,80901,9104,10,1,Alacrity,1,1,22.486,52.880,52.880
20261003-153810,599.754,80901,11457,6,1,Alacrity,1,1,15.522,15.522,15.522
20261003-153810,599.754,80901,15317,9,1,Protection,1,1,15.522,15.522,15.522
20261003-153810,599.754,80901,13425,8,1,Protection,1,1,38.520,38.520,38.520
20261003-153810,599.754,80901,11571,6,2,Might+Alacrity,1,1,15.522,15.522,15.522
20261003-153810,599.754,80901,6994,5,1,Alacrity,1,1,15.522,15.522,15.522
20261003-153810,599.754,80901,9184,7,2,Alacrity+Stability,1,1,38.008,66.848,67.882
20261003-153810,599.756,80901,3537,7,1,Alacrity,1,1,38.010,66.850,68.404
20261003-165843,288.715,81326,525,5,1,Might,1,1,,,
20261003-165843,288.715,81326,618,8,1,Might,1,1,,,
20261003-165843,288.715,81326,564,8,1,Protection,1,1,,,
20261003-165843,288.715,81326,533,8,1,Resolution,1,1,,,
20261003-165843,288.715,81326,438,6,1,Resolution,1,1,,,
20261003-165843,288.715,81326,688,7,1,Resolution,1,1,,,
20261003-165843,289.225,81326,679,5,1,Might,1,1,,,
20261003-165843,289.225,81326,518,8,0,,0,1,0.510,0.510,0.510
20261003-165843,289.755,81326,679,5,0,,0,1,0.530,0.530,0.530
20261003-165843,289.755,81326,518,9,0,,0,1,0.530,1.040,1.040
20261003-165843,289.755,81326,525,6,1,Fury,1,1,1.040,1.040,1.040
20261003-165843,289.755,81326,618,9,1,Regeneration,1,1,1.040,1.040,1.040
20261003-165843,290.267,81326,533,7,1,Resolution,1,1,,,
20261003-165843,290.267,81326,1139,5,1,Might,1,1,1.552,1.552,1.552
20261003-165843,290.267,81326,472,7,1,Might,1,1,1.552,1.552,1.552
20261003-165843,290.267,81326,922,6,0,,0,1,0.512,0.512,0.512
20261003-165843,290.267,81326,575,9,0,,0,1,0.512,1.552,1.552
20261003-165843,290.267,81326,525,4,0,,0,1,0.512,0.512,0.512
20261003-165843,320.311,81326,614,7,1,Might,1,1,31.596,31.596,31.596
20261003-165843,320.311,81326,485,8,1,Vigor,1,1,30.044,30.044,30.044
20261003-165843,320.311,81326,597,7,1,Might,1,1,,,
20261003-165843,320.825,81326,539,7,1,Protection,1,1,30.558,31.070,31.070
20261003-165843,320.825,81326,657,9,1,Resolution,1,1,30.558,32.110,32.110
20261003-165843,321.351,81326,657,7,1,Might,0,1,0.526,0.526,0.526
20261003-165843,321.351,81326,788,9,2,Might+Resolution,1,1,,,
20261003-165843,321.351,81326,805,5,1,Resolution,0,1,0.526,0.526,0.526
20261003-165843,321.351,81326,597,5,2,Might+Alacrity,1,1,1.040,1.040,1.040
20261003-165843,321.351,81326,539,5,2,Fury+Protection,1,1,1.040,1.040,1.040
20261003-165843,321.351,81326,683,5,2,Stability+Quickness,1,1,1.040,1.040,1.040
20261003-165843,321.869,81326,908,5,1,Alacrity,1,1,31.602,31.602,31.602
20261003-165843,321.869,81326,805,3,0,,0,1,0.518,0.518,0.518
20261003-165843,321.869,81326,597,3,0,,0,1,0.518,0.518,0.518
20261003-165843,321.871,81326,683,3,0,,0,1,0.520,0.520,0.520
20261003-165843,321.871,81326,805,5,0,,0,1,0.520,0.520,1.046
20261003-165843,321.871,81326,788,7,0,,0,1,0.520,0.520,0.520
20261003-165843,333.547,81053,5107,2,1,Alacrity,1,1,43.280,43.280,43.280
20261003-165843,334.071,81053,5212,8,1,Alacrity,1,1,12.202,12.720,12.720
20261003-165843,334.071,81053,2355,9,1,Protection,1,1,12.202,12.720,12.720
20261003-165843,334.071,81053,2581,9,1,Alacrity,1,1,12.720,12.720,13.246
20261003-165843,334.583,81053,5212,7,0,,0,1,0.512,0.512,0.512
20261003-165843,334.583,81053,2495,7,1,Alacrity,1,1,44.316,44.828,44.828
20261003-165843,334.583,81053,2743,6,1,Alacrity,1,1,44.828,45.358,45.358
20261003-165843,334.987,81053,2495,5,0,,0,1,0.404,0.404,0.404
20261003-165843,334.989,81053,2581,6,0,,0,1,0.918,0.918,0.918
20261003-165843,334.989,81053,2743,4,0,,0,1,0.406,0.406,0.406
20261003-165843,335.107,81053,2743,4,0,,0,1,0.118,0.524,0.524
20261003-165843,335.107,81053,2581,6,0,,0,1,0.118,1.036,1.036
20261003-165843,335.107,81053,2495,5,0,,0,1,0.120,0.524,0.524
20261003-165843,335.585,81053,2495,5,0,,0,1,0.478,1.002,1.002
20261003-165843,335.585,81053,2581,6,0,,0,1,0.478,1.514,1.514
20261003-165843,335.585,81053,2183,5,1,Alacrity,1,1,13.714,14.234,14.760
20261003-165843,335.585,81053,2743,4,0,,0,1,0.478,1.002,1.002
20261003-165843,335.625,81053,2606,6,1,Fury,1,1,1.042,1.554,1.554
20261003-165843,349.629,81326,534,8,1,Resistance,1,1,27.760,27.760,27.760
20261003-165843,349.629,81326,526,3,1,Protection,1,1,14.044,14.044,14.044
20261003-165843,349.629,81326,681,2,1,Swiftness,1,1,14.044,15.046,15.046
20261003-165843,350.149,81326,691,7,1,Might,1,1,28.278,28.798,28.798
20261003-165843,350.149,81326,557,10,1,Protection,1,1,16.078,16.078,16.078
20261003-165843,350.149,81326,613,9,1,Protection,1,1,28.278,28.798,28.798
20261003-165843,350.149,81326,534,8,0,,0,1,0.520,0.520,0.520
20261003-165843,350.149,81326,785,4,0,,0,1,0.520,0.520,0.520
20261003-165843,350.149,81326,681,3,0,,0,1,0.520,0.520,0.520
20261003-165843,350.671,81326,576,10,1,Resolution,1,1,15.086,16.600,16.600
20261003-165843,350.671,81326,620,7,1,Swiftness,1,1,17.124,17.124,17.124
20261003-165843,351.181,81326,576,9,0,,0,1,0.510,0.510,0.510
20261003-165843,353.671,81053,3171,7,1,Might,1,1,3.000,3.000,3.000
20261003-165843,357.267,81053,3462,9,1,Resolution,1,1,7.118,7.118,7.118
20261003-165843,357.267,81053,2633,7,1,Might,1,1,7.118,7.638,7.638
20261003-165843,357.267,81053,2623,7,1,Might,1,1,21.642,21.642,21.642
20261003-165843,357.267,81053,3407,7,1,Might,1,1,7.118,7.638,7.638
20261003-165843,369.943,81053,2107,9,1,Resolution,1,1,12.676,12.676,12.676
20261003-165843,369.943,81053,2480,8,1,Protection,1,1,34.358,35.360,35.360
20261003-165843,370.469,81053,7888,6,0,,0,1,0.526,0.526,0.526
20261003-165843,370.469,81053,4490,8,0,,0,1,0.526,0.526,0.526
20261003-165843,370.469,81053,2905,8,1,Protection,1,1,13.202,13.202,13.202
20261003-165843,370.985,81053,2236,7,1,Protection,1,1,13.718,13.718,13.718
20261003-165843,370.985,81053,4490,8,0,,0,1,0.516,1.042,1.042
20261003-165843,370.985,81053,5680,8,1,Regeneration,1,1,20.836,20.836,20.836
20261003-165843,371.501,81053,4514,7,1,Might,1,1,1.032,1.032,1.032
20261003-165843,371.983,81053,2337,9,0,,0,1,0.998,2.040,2.040
20261003-165843,371.983,81053,6948,6,0,,0,1,0.998,0.998,0.998
20261003-165843,372.503,81053,4105,5,0,,0,1,2.034,2.560,2.560
20261003-165843,372.503,81053,2305,6,0,,0,1,21.322,21.832,21.832
20261003-165843,388.869,81053,3052,6,1,Might,1,1,16.366,38.198,38.198
20261003-165843,388.869,81053,2950,4,1,Might,1,1,16.366,18.926,18.926
20261003-165843,388.869,81053,3283,7,1,Might,1,1,35.198,35.198,35.198
20261003-165843,388.869,81053,2507,5,1,Protection,1,1,38.720,38.720,38.720
20261003-165843,388.871,81053,2827,6,1,Protection,1,1,38.722,39.242,39.242
20261003-165843,388.871,81053,2507,5,1,Might,1,1,16.888,18.928,18.928
20261003-165843,389.387,81053,5014,5,0,,0,1,0.516,0.516,0.516
20261003-165843,389.387,81053,8440,5,0,,0,1,0.516,0.516,0.516
20261003-165843,389.387,81053,7484,4,0,,0,1,0.518,0.518,0.518
20261003-165843,389.387,81053,6814,7,1,Swiftness,1,1,18.402,18.402,18.402
20261003-165843,389.387,81053,6488,6,1,Regeneration,1,1,17.886,17.886,17.886
20261003-165843,389.911,81053,4520,5,0,,0,1,0.524,1.040,1.040
20261003-165843,389.913,81053,2925,5,0,,0,1,0.526,0.526,0.526
20261003-165843,390.305,81053,2260,5,0,,0,1,0.394,1.434,1.434
20261003-165843,390.305,81053,3036,8,0,,0,1,0.918,1.436,1.436
20261003-165843,390.423,81053,3166,7,1,Protection,1,1,33.156,33.156,33.156
20261003-165843,390.423,81053,2839,8,1,Resolution,1,1,1.554,1.554,1.554
20261003-165843,390.423,81053,3235,8,0,,0,1,0.118,1.554,1.554
20261003-165843,390.905,81053,6377,4,1,Protection,1,1,18.922,19.920,19.920
20261003-165843,390.907,81053,6470,8,0,,0,1,0.484,2.038,2.038
20261003-165843,390.947,81053,4726,6,0,,0,1,0.524,0.524,0.524
20261003-165843,390.947,81053,2946,9,1,Resistance,1,1,1.560,1.560,1.560
20261003-165843,391.423,81053,3067,8,0,,0,1,0.476,0.476,0.476
20261003-165843,391.423,81053,3368,8,0,,0,1,0.516,2.554,2.554
20261003-165843,392.463,81053,2256,6,1,Protection,1,1,1.040,3.594,3.594
20261003-165843,402.989,81326,730,5,1,Might,1,1,12.566,12.566,12.566
20261003-165843,402.989,81326,557,6,1,Regeneration,1,1,12.684,14.118,14.118
20261003-165843,402.989,81326,451,9,1,Alacrity,1,1,10.526,10.526,10.526
20261003-165843,402.989,81326,881,5,1,Regeneration,1,1,14.120,14.120,14.120
20261003-165843,403.507,81326,733,7,1,Might,1,1,12.560,13.084,13.084
20261003-165843,403.507,81326,557,5,0,,0,1,0.518,0.518,0.518
20261003-165843,404.025,81326,509,7,0,,0,1,14.638,15.154,15.154
20261003-165843,404.025,81326,584,6,1,Might,1,1,14.112,14.638,14.638
20261003-165843,404.545,81326,1023,5,1,Vigor,1,1,13.640,13.640,13.640
20261003-165843,404.545,81326,557,6,1,Might,1,1,1.038,1.556,1.556
20261003-165843,404.545,81326,566,5,0,,0,1,0.520,15.674,15.674
20261003-165843,417.385,81053,2392,5,1,Might,1,1,12.840,12.840,12.840
20261003-165843,417.387,81053,3145,5,1,Might,1,1,14.398,14.398,14.398
20261003-165843,417.387,81053,2826,7,1,Might,1,1,14.398,14.398,14.398
20261003-165843,417.387,81053,3637,5,1,Resolution,1,1,12.842,28.516,28.516
20261003-165843,417.905,81053,5732,9,1,Fury,1,1,26.482,26.958,26.958
20261003-165843,417.905,81053,6314,9,1,Resolution,1,1,14.398,14.398,14.398
20261003-165843,417.905,81053,4874,7,0,,0,1,0.518,0.518,0.518
20261003-165843,417.905,81053,3145,7,0,,0,1,0.518,0.518,0.518
20261003-165843,417.905,81053,2392,7,0,,0,1,0.520,0.520,0.520
20261003-165843,417.907,81053,3226,5,1,Might,1,1,13.362,13.362,13.362
20261003-165843,418.821,81053,2923,9,0,,0,1,0.916,0.916,0.916
20261003-165843,418.821,81053,2486,8,0,,0,1,0.916,1.434,1.434
20261003-165843,418.821,81053,2440,6,0,,0,1,0.916,1.436,1.436
20261003-165843,418.821,81053,3208,5,0,,0,1,0.916,1.434,1.434
20261003-165843,418.945,81053,2440,6,0,,0,1,0.124,1.560,1.560
20261003-165843,418.945,81053,3208,5,0,,0,1,0.124,1.558,1.558
20261003-165843,419.343,81053,4731,2,1,Might,1,1,15.318,15.318,15.318
20261003-165843,419.343,81053,2982,10,1,Swiftness,1,1,30.474,30.474,30.474
20261003-165843,419.343,81053,2449,9,0,,0,1,16.354,16.354,16.354
20261003-165843,419.343,81053,3220,11,1,Swiftness,1,1,1.438,1.438,1.438
20261003-165843,419.343,81053,2961,5,1,Might,1,1,1.436,1.436,1.436
20261003-165843,419.343,81053,4474,9,0,,0,1,0.522,1.956,1.956
20261003-165843,419.343,81053,2631,10,0,,0,1,0.522,1.438,1.438
20261003-165843,419.427,81053,2196,6,0,,0,1,0.482,2.042,2.042
20261003-165843,419.941,81053,2594,4,1,Might,1,1,2.554,2.554,2.554
20261003-165843,419.941,81053,2237,8,0,,0,1,0.598,2.554,2.554
20261003-165843,419.941,81053,2961,4,0,,0,1,0.598,0.598,0.598
20261003-165843,419.941,81053,3220,9,0,,0,1,0.598,0.598,0.598
20261003-165843,419.941,81053,2204,8,0,,0,1,0.598,16.952,16.952
20261003-165843,420.985,81053,3283,3,1,Might,1,1,1.558,3.600,3.600
20261003-165843,432.465,81326,676,7,1,Might,0,1,12.524,13.122,13.122
20261003-165843,432.465,81326,903,10,1,Protection,0,1,12.524,12.524,12.524
20261003-165843,432.465,81326,1004,9,1,Resistance,0,1,13.520,15.078,15.078
20261003-165843,432.465,81326,916,9,1,Might,0,1,13.122,14.560,14.560
20261003-165843,432.465,81326,507,8,1,Quickness,0,1,13.122,13.122,13.122
20261003-165843,432.465,81326,768,6,1,Swiftness,0,1,12.524,13.122,13.122
20261003-165843,432.465,81326,470,8,1,Might,0,1,12.524,15.078,15.078
20261003-165843,432.465,81326,805,8,1,Might,0,1,13.122,13.122,13.122
20261003-165843,432.465,81326,416,9,1,Might,0,1,12.524,29.476,29.476
20261003-165843,438.663,81053,3052,3,1,Protection,1,1,17.678,17.678,17.678
20261003-165843,439.185,81053,5011,8,1,Resolution,1,1,6.720,6.720,19.842
20261003-165843,439.185,81053,4116,7,1,Resolution,1,1,6.720,6.720,36.196
20261003-165843,439.185,81053,3245,9,1,Swiftness,1,1,6.720,6.720,19.244
20261003-165843,439.185,81053,5458,9,1,Swiftness,1,1,6.720,6.720,21.280
20261003-165843,439.705,81053,5011,6,0,,0,1,0.520,0.520,0.520
20261003-165843,440.105,81053,5011,7,0,,0,1,0.400,0.920,0.920
20261003-165843,440.105,81053,3245,8,0,,0,1,0.920,0.920,0.920
20261003-165843,440.105,81053,4116,7,0,,0,1,0.920,0.920,0.920
20261003-165843,440.105,81053,6012,7,1,Resolution,1,1,7.640,7.640,20.762
20261003-165843,440.705,81053,5011,7,0,,0,1,0.600,1.520,1.520
20261003-165843,440.705,81053,2758,6,1,Swiftness,1,1,8.240,8.240,21.362
20261003-165843,440.707,81053,6012,7,0,,0,1,0.602,0.602,0.602
20261003-165843,440.707,81053,4116,7,0,,0,1,0.602,1.522,1.522
20261003-165843,440.707,81053,3245,7,0,,0,1,0.602,1.522,1.522
20261003-165843,441.137,81053,7224,6,1,Swiftness,1,1,8.672,8.672,23.750
20261003-165843,441.221,81053,4641,6,1,Resolution,1,1,8.756,8.756,23.834
20261003-165843,441.223,81053,2758,7,0,,0,1,0.518,0.518,0.518
20261003-165843,441.223,81053,3568,7,1,Resolution,1,1,8.758,8.758,21.880
20261003-165843,441.223,81053,4116,7,0,,0,1,0.516,2.038,2.038
20261003-165843,441.223,81053,6012,6,0,,0,1,0.516,1.118,1.118
20261003-165843,441.223,81053,3245,7,0,,0,1,0.516,2.038,2.038
20261003-165843,442.259,81053,3704,7,1,Fury,1,1,1.036,3.074,3.074
20261003-165843,442.259,81053,5411,7,1,Resolution,1,1,1.036,2.154,2.154
20261003-165843,505.065,81326,636,4,1,Might,1,1,66.402,66.402,66.402
20261003-165843,527.023,80901,12402,8,1,Resistance,1,1,85.800,85.800,85.800
20261003-165843,527.023,80901,11280,7,0,,0,1,85.800,87.838,87.838
20261003-165843,527.024,80901,8400,7,1,Resolution,1,1,84.765,84.765,84.765
20261003-165843,527.024,80901,7858,8,1,Might,1,1,21.959,21.959,21.959
20261003-165843,527.024,80901,6390,7,1,Resistance,1,1,85.801,86.319,86.319
20261003-165843,527.024,80901,6484,6,1,Resolution,1,1,85.803,85.803,85.803
20261003-165843,527.024,80901,2875,9,1,Resolution,1,1,84.765,84.765,84.765
20261003-165843,527.024,80901,3723,10,2,Resolution+Alacrity,1,1,87.839,87.839,87.839
20261003-165843,533.223,81326,553,5,1,Might,1,1,6.199,6.199,6.199
20261003-165843,533.223,81326,488,9,1,Alacrity,1,1,6.199,6.199,6.199
20261003-165843,541.497,80901,15288,6,1,Might,1,1,8.274,8.274,8.274
20261003-165843,541.497,80901,8152,7,1,Might,1,1,14.473,14.473,14.473
20261003-165843,542.019,80901,12867,8,1,Might,1,1,14.996,14.996,14.996
20261003-165843,542.019,80901,7336,7,0,,0,1,0.522,0.522,0.522
20261003-165843,542.019,80901,8682,6,1,Might,1,1,100.882,100.882,100.882
20261003-165843,542.019,80901,3901,7,1,Swiftness,1,1,14.996,102.834,102.834
20261003-165843,555.461,80901,3784,7,1,Might,1,1,28.437,28.437,28.437
20261003-165843,557.023,80901,10344,11,1,Resolution,1,1,29.999,29.999,29.999
20261003-165843,572.017,80901,14688,6,1,Fury,1,1,131.312,132.832,132.832
20261003-165843,572.017,80901,17619,6,1,Might,1,1,14.994,14.994,14.994
20261003-165843,572.017,80901,12063,3,1,Fury,1,1,38.794,38.794,38.794
20261003-165843,572.017,80901,13602,6,1,Fury,1,1,16.556,16.556,16.556
20261003-165843,572.029,80901,13985,6,4,Protection+Resistance+Stability+Might,1,1,30.010,30.010,30.010
20261003-165843,585.469,80901,3765,9,1,Regeneration,1,1,43.972,43.972,43.972
20261003-165843,585.469,80901,4167,10,1,Swiftness,1,1,43.450,43.972,43.972
20261003-165843,585.469,80901,3765,7,1,Alacrity,1,1,13.452,13.452,13.452
20261003-165843,587.017,80901,9758,7,1,Swiftness,1,1,1.548,1.548,1.548
20261003-165843,587.017,80901,12113,6,1,Swiftness,1,1,1.548,1.548,1.548
20261003-165843,587.017,80901,11518,9,4,Protection+Regeneration+Resolution+Might,1,1,44.998,44.998,44.998
20261003-165843,587.017,80901,10393,8,4,Alacrity+Regeneration+Vigor+Might,1,1,14.988,14.988,14.988
20261003-165843,587.017,80901,4867,10,2,Protection+Alacrity,1,1,59.993,59.993,59.993
20261003-171045,309.029,81326,659,9,1,Swiftness,1,1,,,
20261003-171045,309.545,81326,536,8,1,Might,1,1,,,
20261003-171045,309.547,81326,672,8,1,Resolution,1,1,,,
20261003-171045,310.065,81326,544,9,1,Swiftness,1,1,,,
20261003-171045,310.065,81326,659,8,1,Vigor,1,1,1.036,1.036,1.036
20261003-171045,310.065,81326,605,8,0,,0,1,0.518,0.518,0.518
20261003-171045,310.065,81326,536,8,0,,0,1,0.520,0.520,0.520
20261003-171045,310.587,81326,659,7,0,,0,1,0.522,0.522,0.522
20261003-171045,310.587,81326,610,9,1,Alacrity,1,1,,,
20261003-171045,310.587,81326,536,8,1,Fury,1,1,,,
20261003-171045,310.587,81326,544,8,0,,0,1,0.522,0.522,0.522
20261003-171045,310.587,81326,605,8,0,,0,1,0.522,1.040,1.040
20261003-172858,282.707,81326,679,7,1,Might,1,1,,,
20261003-172858,282.707,81326,495,8,1,Might,1,1,,,
20261003-172858,282.707,81326,648,10,1,Swiftness,1,1,,,
20261003-172858,282.707,81326,543,10,1,Resolution,1,1,,,
20261003-172858,282.707,81326,722,9,1,Resolution,1,1,,,
20261003-172858,282.709,81326,649,9,1,Might,1,1,,,
20261003-172858,282.709,81326,577,8,1,Resolution,1,1,,,
20261003-172858,282.709,81326,446,9,1,Resolution,1,1,,,
20261003-172858,282.709,81326,503,10,1,Resolution,1,1,,,
20261003-172858,283.231,81326,649,8,0,,0,1,0.522,0.522,0.522
20261003-172858,283.231,81326,679,7,0,,0,1,0.524,0.524,0.524
20261003-172858,283.231,81326,543,9,0,,0,1,0.524,0.524,0.524
20261003-172858,283.231,81326,722,8,0,,0,1,0.524,0.524,0.524
20261003-172858,283.231,81326,495,7,0,,0,1,0.524,0.524,0.524
20261003-172858,283.231,81326,648,8,0,,0,1,0.524,0.524,0.524
20261003-172858,283.231,81326,446,9,0,,0,1,0.522,0.522,0.522
20261003-172858,283.757,81326,550,6,0,,0,1,0.526,1.050,1.050
20261003-172858,283.757,81326,649,8,1,Might,0,1,0.526,1.048,1.048
20261003-172858,283.759,81326,648,7,0,,0,1,0.528,1.052,1.052
20261003-172858,312.467,81326,608,8,1,Might,1,1,28.708,29.760,29.760
20261003-172858,312.993,81326,479,9,1,Might,1,1,29.762,30.284,30.284
20261003-172858,312.993,81326,566,8,1,Alacrity,1,1,29.762,30.286,30.286
20261003-172858,313.505,81326,566,8,0,,0,1,0.512,0.512,0.512
20261003-172858,313.505,81326,479,8,0,,0,1,0.512,0.512,0.512
20261003-172858,314.027,81326,524,9,1,Might,1,1,31.318,31.318,31.318
20261003-172858,314.027,81326,679,9,1,Swiftness,1,1,30.796,31.320,31.320
20261003-172858,314.027,81326,588,10,1,Fury,1,1,31.318,31.318,31.318
20261003-172858,314.027,81326,677,8,1,Swiftness,1,1,30.270,30.270,31.318
20261003-172858,314.027,81326,465,8,0,,0,1,0.522,1.034,1.034
20261003-172858,329.475,81053,2386,6,1,Might,1,1,15.448,15.448,15.448
20261003-172858,329.475,81053,2116,9,1,Might,1,1,45.718,46.768,46.768
20261003-172858,329.475,81053,3079,9,1,Might,1,1,15.448,15.448,15.448
20261003-172858,329.987,81053,2602,10,1,Might,1,1,,,
20261003-172858,330.509,81053,2116,9,1,Fury,1,1,1.034,1.034,1.034
20261003-172858,330.509,81053,3079,8,1,Fury,1,1,1.034,1.034,1.034
20261003-172858,330.907,81053,2651,7,1,Fury,1,1,1.432,1.432,1.432
20261003-172858,331.513,81053,3434,7,1,Resolution,1,1,17.486,17.486,17.486
20261003-172858,331.549,81053,2351,7,1,Protection,1,1,1.040,1.040,1.040
20261003-172858,331.549,81053,2351,6,1,Protection,1,1,17.522,18.556,18.556
20261003-172858,332.469,81053,3367,5,1,Might,1,1,18.964,19.476,19.476
20261003-172858,332.469,81053,3509,5,0,,0,1,0.920,0.920,0.920
20261003-172858,333.073,81053,3367,4,0,,0,1,0.604,0.604,0.604
20261003-172858,349.989,81053,2845,8,1,Regeneration,1,1,37.522,37.522,37.522
20261003-172858,349.989,81053,2944,6,1,Regeneration,1,1,16.916,17.520,17.520
20261003-172858,349.989,81053,2980,8,1,Fury,1,1,66.758,67.282,67.282
20261003-172858,349.989,81053,2726,8,1,Regeneration,1,1,19.082,19.082,19.082
20261003-172858,350.507,81053,2180,8,1,Regeneration,1,1,18.038,18.958,18.958
20261003-172858,350.509,81053,2412,8,1,Resolution,1,1,20.522,20.522,20.522
20261003-172858,350.509,81053,2458,7,0,,0,1,0.520,0.520,0.520
20261003-172858,350.509,81053,2734,5,0,,0,1,0.520,0.520,0.520
20261003-172858,350.509,81053,2687,7,0,,0,1,0.520,0.520,0.520
20261003-172858,350.509,81053,2565,7,0,,0,1,0.520,0.520,0.520
20261003-172858,350.509,81053,5710,7,1,Regeneration,1,1,20.000,20.000,20.000
20261003-172858,351.025,81053,2734,5,0,,0,1,0.516,1.036,1.036
20261003-172858,351.025,81053,2855,6,0,,0,1,0.516,0.516,0.516
20261003-172858,351.025,81053,2687,8,0,,0,1,0.516,1.036,1.036
20261003-172858,351.025,81053,2565,8,0,,0,1,0.516,1.036,1.036
20261003-172858,351.025,81053,2308,8,1,Fury,1,1,19.476,19.476,19.476
20261003-172858,351.025,81053,2171,9,0,,0,1,0.516,0.516,0.516
20261003-172858,351.025,81053,2866,7,1,Resolution,1,1,19.512,19.512,19.512
20261003-172858,351.025,81053,1962,7,0,,0,1,0.518,0.518,0.518
20261003-172858,351.427,81053,2866,7,0,,0,1,0.402,0.402,0.402
20261003-172858,351.427,81053,1962,7,0,,0,1,0.402,0.920,0.920
20261003-172858,351.427,81053,2458,8,0,,0,1,0.918,1.438,1.438
20261003-172858,351.427,81053,2171,9,0,,0,1,0.402,0.918,0.918
20261003-172858,351.427,81053,2308,6,0,,0,1,0.402,0.402,0.402
20261003-172858,351.427,81053,2855,6,0,,0,1,0.402,0.918,0.918
20261003-172858,351.427,81053,2734,7,0,,0,1,0.402,1.438,1.438
20261003-172858,351.427,81053,2687,8,0,,0,1,0.402,1.438,1.438
20261003-172858,351.427,81053,2565,8,0,,0,1,0.402,1.438,1.438
20261003-172858,351.549,81053,2458,8,0,,0,1,0.122,1.560,1.560
20261003-172858,351.549,81053,1962,7,0,,0,1,0.122,1.042,1.042
20261003-172858,351.549,81053,2687,8,0,,0,1,0.122,1.560,1.560
20261003-172858,351.549,81053,2734,7,0,,0,1,0.122,1.560,1.560
20261003-172858,351.549,81053,2565,8,0,,0,1,0.122,1.560,1.560
20261003-172858,351.549,81053,2855,6,0,,0,1,0.122,1.040,1.040
20261003-172858,351.953,81053,5468,6,0,,0,1,0.404,1.964,1.964
20261003-172858,351.953,81053,5374,8,0,,0,1,0.404,1.964,1.964
20261003-172858,351.953,81053,5130,8,0,,0,1,0.404,1.964,1.964
20261003-172858,351.953,81053,2855,6,0,,0,1,0.404,1.444,1.444
20261003-172858,352.069,81053,1962,7,0,,0,1,0.520,1.562,1.562
20261003-172858,352.069,81053,2565,8,0,,0,1,0.116,2.080,2.080
20261003-172858,352.069,81053,2171,9,0,,0,1,0.642,1.560,1.560
20261003-172858,352.069,81053,2212,7,0,,0,1,0.520,2.080,2.080
20261003-172858,352.069,81053,2687,8,0,,0,1,0.116,2.080,2.080
20261003-172858,352.069,81053,2734,6,0,,0,1,0.116,2.080,2.080
20261003-172858,352.069,81053,1962,7,0,,0,1,0.642,1.044,1.044
20261003-172858,352.473,81053,2687,9,0,,0,1,0.404,2.484,2.484
20261003-172858,352.473,81053,2866,6,1,Resolution,1,1,1.046,1.448,1.448
20261003-172858,352.473,81053,2565,8,0,,0,1,0.404,2.484,2.484
20261003-172858,352.473,81053,2734,5,0,,0,1,0.404,2.484,2.484
20261003-172858,352.473,81053,1962,7,0,,0,1,0.404,1.966,1.966
20261003-172858,352.473,81053,2212,7,0,,0,1,0.404,2.484,2.484
20261003-172858,352.987,81053,2212,7,0,,0,1,0.514,2.998,2.998
20261003-172858,352.987,81053,2171,9,0,,0,1,0.918,2.478,2.478
20261003-172858,352.987,81053,1962,8,0,,0,1,0.514,2.480,2.480
20261003-172858,352.987,81053,2309,10,0,,0,1,0.514,2.998,2.998
20261003-172858,352.987,81053,1962,8,0,,0,1,0.918,1.962,1.962
20261003-172858,352.987,81053,2866,8,0,,0,1,0.514,0.514,0.514
20261003-172858,352.987,81053,2460,8,0,,0,1,0.514,2.998,2.998
20261003-172858,352.987,81053,2418,9,0,,0,1,0.514,2.998,2.998
20261003-172858,352.987,81053,2602,9,1,Protection,1,1,38.960,38.960,38.960
20261003-172858,366.747,81053,2774,7,1,Regeneration,1,1,13.760,16.758,16.758
20261003-172858,368.311,81053,2497,7,1,Resistance,1,1,1.564,1.564,1.564
20261003-172858,368.789,81053,4994,5,0,,0,1,0.478,0.478,0.478
20261003-172858,375.947,81326,543,7,1,Alacrity,1,1,22.960,24.922,24.922
20261003-172858,385.471,81053,2848,5,1,Fury,1,1,32.484,35.482,35.482
20261003-172858,385.471,81053,2339,6,1,Fury,1,1,32.484,34.964,34.964
20261003-172858,385.471,81053,4304,5,1,Might,1,1,32.484,35.482,35.482
20261003-172858,385.471,81053,3064,4,1,Might,1,1,33.518,34.962,34.962
20261003-172858,385.993,81053,4304,4,0,,0,1,0.522,0.522,0.522
20261003-172858,385.993,81053,2339,4,0,,0,1,0.522,0.522,0.522
20261003-172858,385.993,81053,4678,7,1,Regeneration,1,1,10.046,10.046,10.046
20261003-172858,385.993,81053,5696,5,0,,0,1,0.522,0.522,0.522
20261003-172858,385.993,81053,2638,4,1,Protection,1,1,17.204,17.682,17.682
20261003-172858,385.993,81053,2753,5,1,Regeneration,1,1,33.006,36.004,36.004
20261003-172858,386.513,81053,5073,3,1,Vigor,1,1,1.042,1.042,1.042
20261003-172858,386.513,81053,2339,6,0,,0,1,0.520,0.520,0.520
20261003-172858,386.513,81053,4304,5,0,,0,1,0.520,1.042,1.042
20261003-172858,386.513,81053,4820,5,0,,0,1,0.520,1.042,1.042
20261003-172858,386.513,81053,2848,5,0,,0,1,0.520,1.042,1.042
20261003-172858,386.513,81053,7874,4,0,,0,1,0.520,0.520,0.520
20261003-172858,386.911,81053,2848,7,0,,0,1,0.398,1.440,1.440
20261003-172858,386.911,81053,2105,7,0,,0,1,0.398,0.918,0.918
20261003-172858,387.027,81053,7874,5,0,,0,1,0.514,1.034,1.034
20261003-172858,387.027,81053,3237,7,0,,0,1,0.514,1.556,1.556
20261003-172858,387.431,81053,4566,5,0,,0,1,0.918,0.918,0.918
20261003-172858,387.431,81053,2105,6,0,,0,1,0.520,1.438,1.438
20261003-172858,387.431,81053,3029,7,1,Protection,1,1,34.444,34.444,34.444
20261003-172858,387.431,81053,2934,7,0,,0,1,0.520,1.960,1.960
20261003-172858,387.431,81053,6474,7,0,,0,1,0.404,1.960,1.960
20261003-172858,387.507,81053,3075,6,1,Might,1,1,34.520,35.034,35.034
20261003-172858,387.949,81053,5406,7,0,,0,1,0.518,2.478,2.478
20261003-172858,387.949,81053,7187,6,1,Stability,1,1,1.436,2.478,2.478
20261003-172858,387.949,81053,9042,7,0,,0,1,0.518,0.518,0.518
20261003-172858,387.949,81053,4210,7,0,,0,1,0.518,1.956,1.956
20261003-172858,387.949,81053,2934,8,0,,0,1,0.518,2.478,2.478
20261003-172858,388.034,81053,2757,6,0,,0,1,0.603,1.521,1.521
20261003-172858,388.469,81053,2934,8,0,,0,1,0.520,2.998,2.998
20261003-172858,404.671,81326,1184,4,1,Fury,1,1,16.637,18.158,18.158
20261003-172858,404.671,81326,604,5,0,,0,1,51.684,54.162,54.162
20261003-172858,404.671,81326,491,3,0,,0,1,16.722,19.200,19.200
20261003-172858,404.671,81326,598,6,0,,0,1,16.202,19.200,19.200
20261003-172858,404.671,81326,904,2,0,,0,1,16.722,16.722,16.722
20261003-172858,404.671,81326,651,7,0,,0,1,16.722,17.240,17.240
20261003-172858,405.191,81326,1184,3,0,,0,1,0.520,0.520,0.520
20261003-172858,405.191,81326,604,5,0,,0,1,0.520,54.682,54.682
20261003-172858,405.191,81326,904,2,0,,0,1,0.520,17.242,17.242
20261003-172858,405.713,81326,717,9,1,Swiftness,1,1,18.206,18.206,18.206
20261003-172858,405.713,81326,554,8,1,Resolution,1,1,18.686,19.720,19.720
20261003-172858,405.713,81326,491,9,1,Swiftness,1,1,17.764,19.720,19.720
20261003-172858,405.713,81326,520,8,1,Resolution,1,1,19.720,19.720,19.720
20261003-172858,405.713,81326,651,8,1,Regeneration,1,1,1.042,18.282,18.282
20261003-172858,405.713,81326,813,3,0,,0,1,0.522,17.764,17.764
20261003-172858,405.713,81326,442,4,1,Alacrity,1,1,1.042,20.242,20.242
20261003-172858,405.713,81326,538,9,1,Swiftness,1,1,1.042,20.242,20.242
20261003-172858,405.713,81326,543,5,0,,0,1,0.522,55.204,55.204
20261003-172858,405.713,81326,1065,4,0,,0,1,0.522,1.042,1.042
20261003-172858,406.229,81326,491,5,0,,0,1,0.516,0.516,0.516
20261003-172858,406.229,81326,724,9,0,,0,1,0.516,0.516,0.516
20261003-172858,406.229,81326,520,7,0,,0,1,0.516,0.516,0.516
20261003-172858,406.229,81326,717,8,0,,0,1,0.516,0.516,0.516
20261003-172858,406.229,81326,598,8,0,,0,1,0.516,0.516,0.516
20261003-172858,406.229,81326,543,4,0,,0,1,0.516,55.720,55.720
20261003-172858,406.231,81326,491,8,0,,0,1,0.518,0.518,0.518
20261003-172858,413.865,81053,3327,7,1,Alacrity,1,1,8.152,9.194,9.194
20261003-172858,413.865,81053,2811,9,1,Alacrity,1,1,7.636,63.356,63.356
20261003-172858,413.867,81053,3638,6,1,Protection,1,1,7.638,8.154,8.154
20261003-172858,413.867,81053,2989,8,1,Swiftness,1,1,7.638,8.154,8.154
20261003-172858,413.867,81053,3131,7,1,Swiftness,1,1,8.154,25.918,25.918
20261003-172858,413.867,81053,2540,6,1,Swiftness,1,1,7.636,8.154,8.154
20261003-172858,414.387,81053,3341,8,0,,0,1,0.520,0.520,0.520
20261003-172858,414.387,81053,4117,8,0,,0,1,0.520,0.520,0.520
20261003-172858,414.387,81053,5159,5,0,,0,1,0.520,0.520,0.520
20261003-172858,414.905,81053,3954,8,0,,0,1,0.518,1.038,1.038
20261003-172858,414.905,81053,3209,8,0,,0,1,0.518,1.038,1.038
20261003-172858,414.905,81053,5454,5,1,Vigor,1,1,1.038,1.038,1.038
20261003-172858,414.905,81053,4956,5,0,,0,1,0.518,1.038,1.038
20261003-172858,414.905,81053,2727,7,1,Might,1,1,8.676,9.192,9.192
20261003-172858,414.905,81053,3105,11,1,Regeneration,1,1,8.676,9.192,9.192
20261003-172858,414.905,81053,3214,9,1,Resistance,1,1,1.040,1.040,1.040
20261003-172858,414.905,81053,2716,8,1,Resistance,1,1,1.040,1.040,1.040
20261003-172858,415.309,81053,3732,7,4,Protection+Fury+Resistance+Resolution,1,1,9.080,9.596,9.596
20261003-172858,415.309,81053,3346,8,0,,0,1,0.404,0.404,0.404
20261003-172858,415.309,81053,4300,7,4,Swiftness+Fury+Resistance+Resolution,1,1,9.596,9.596,9.596
20261003-172858,415.309,81053,2827,7,0,,0,1,0.404,0.404,0.404
20261003-172858,415.309,81053,2839,6,0,,0,1,0.404,0.404,0.404
20261003-172858,415.427,81053,2839,3,0,,0,1,0.522,0.522,0.522
20261003-172858,415.427,81053,5159,5,0,,0,1,0.522,1.560,1.560
20261003-172858,415.427,81053,4117,8,0,,0,1,0.522,1.560,1.560
20261003-172858,415.427,81053,2839,6,0,,0,1,0.118,0.522,0.522
20261003-172858,415.427,81053,3341,8,0,,0,1,0.522,1.560,1.560
20261003-172858,415.427,81053,6692,8,0,,0,1,0.118,0.522,0.522
20261003-172858,415.427,81053,6464,10,0,,0,1,0.522,0.522,0.522
20261003-172858,415.427,81053,5654,7,0,,0,1,0.118,0.522,0.522
20261003-172858,415.911,81053,5090,7,0,,0,1,0.484,1.006,1.006
20261003-172858,415.911,81053,6464,9,0,,0,1,0.484,1.006,1.006
20261003-172858,415.951,81053,4300,3,0,,0,1,0.642,0.642,0.642
20261003-172858,415.951,81053,5570,4,0,,0,1,0.642,0.642,0.642
20261003-172858,417.467,81053,4300,5,4,Resolution+Might+Fury+Alacrity,1,1,1.516,2.158,2.158
20261003-172858,434.989,81053,4124,8,1,Regeneration,1,1,19.562,21.122,21.122
20261003-172858,434.989,81053,3549,7,1,Swiftness,1,1,19.562,21.122,21.122
20261003-172858,434.989,81053,2879,7,1,Swiftness,1,1,19.562,20.084,20.084
20261003-172858,434.989,81053,2879,7,1,Might,1,1,19.562,20.084,20.084
20261003-172858,434.989,81053,4206,8,4,Resolution+Swiftness+Regeneration+Protection,1,1,19.038,19.680,19.680
20261003-172858,434.991,81053,3818,9,1,Swiftness,1,1,19.080,20.086,20.086
20261003-172858,434.991,81053,3247,8,4,Might+Swiftness+Regeneration+Protection,1,1,17.524,17.524,17.524
20261003-172858,434.991,81053,3388,7,1,Protection,1,1,19.564,21.124,21.124
20261003-172858,434.991,81053,2868,6,1,Swiftness,1,1,19.080,20.086,20.086
20261003-172858,434.991,81053,3771,6,1,Might,1,1,19.564,20.086,20.086
20261003-172858,435.509,81053,8248,9,0,,0,1,0.520,0.520,0.520
20261003-172858,435.509,81053,7098,7,0,,0,1,0.520,0.520,0.520
20261003-172858,435.509,81053,5932,8,0,,0,1,0.520,0.520,0.520
20261003-172858,435.509,81053,10116,7,0,,0,1,0.518,0.518,0.518
20261003-172858,435.509,81326,766,9,0,,0,1,0.000,0.520,0.520
20261003-172858,436.031,81326,766,9,0,,0,1,0.522,1.042,1.042
20261003-172858,436.031,81326,693,9,1,Regeneration,1,1,1.040,1.040,1.040
20261003-172858,436.031,81326,535,8,0,,0,1,0.522,1.042,1.042
20261003-172858,436.031,81053,5758,8,0,,0,1,0.000,1.042,1.042
20261003-172858,436.031,81053,3728,9,1,Regeneration,1,1,0.000,0.000,0.000
20261003-172858,436.031,81053,4124,9,0,,0,1,0.000,1.042,1.042
20261003-172858,436.429,81053,3771,8,1,Might,1,1,1.438,1.438,1.438
20261003-172858,436.429,81053,2868,7,1,Might,1,1,1.438,1.438,1.438
20261003-172858,436.429,81053,2879,10,0,,0,1,0.398,1.440,1.440
20261003-172858,436.429,81053,3728,9,0,,0,1,0.398,0.398,0.398
20261003-172858,436.551,81053,2879,7,1,Vigor,1,1,1.562,1.562,1.562
20261003-172858,436.551,81326,693,9,0,,0,1,0.122,0.520,0.520
20261003-172858,436.551,81326,533,6,0,,0,1,0.122,0.122,0.122
20261003-172858,436.551,81326,701,7,0,,0,1,0.122,0.122,0.122
20261003-172858,437.027,81053,5058,8,1,Regeneration,1,1,1.518,2.036,2.036
20261003-172858,437.027,81053,3549,7,1,Protection,1,1,1.518,2.038,2.038
20261003-172858,437.027,81053,3771,7,0,,0,1,0.476,0.598,0.598
20261003-172858,437.027,81053,4124,10,0,,0,1,0.996,2.038,2.038
20261003-172858,437.027,81053,2868,7,0,,0,1,0.476,0.598,0.598
20261003-172858,437.027,81053,2879,7,0,,0,1,0.476,0.476,0.476
20261003-172858,437.027,81053,3728,9,0,,0,1,0.476,0.996,0.996
20261003-174507,268.516,81326,415,4,1,Alacrity,1,1,,,
20261003-174507,268.516,81326,506,6,1,Resolution,1,1,,,
20261003-174507,268.516,81326,543,9,1,Might,1,1,,,
20261003-174507,269.036,81326,551,5,1,Alacrity,1,1,,,
20261003-174507,269.554,81326,612,3,0,,0,1,0.518,0.518,0.518
20261003-174507,270.078,81326,462,2,2,Protection+Might,1,1,1.562,1.562,1.562
20261003-174507,270.078,81326,690,6,2,Quickness+Regeneration,1,1,,,
20261003-174507,298.512,81326,653,6,1,Alacrity,1,1,,,
20261003-174507,298.512,81326,625,8,1,Alacrity,1,1,29.996,29.996,29.996
20261003-174507,299.034,81326,625,7,0,,0,1,0.522,0.522,0.522
20261003-174507,316.714,81053,2636,5,1,Swiftness,1,1,18.202,18.202,18.202
20261003-174507,317.236,81053,2501,9,1,Might,1,1,,,
20261003-174507,317.236,81053,3319,7,1,Might,1,1,,,
20261003-174507,317.236,81053,2900,8,1,Vigor,1,1,48.720,48.720,48.720
20261003-174507,317.746,81053,3555,4,1,Vigor,1,1,47.668,47.668,47.668
20261003-174507,317.746,81053,3688,6,0,,0,1,0.510,0.510,0.510
20261003-174507,318.146,81053,3120,8,0,,0,1,,,
20261003-174507,318.148,81053,2936,7,0,,0,1,48.070,48.070,48.070
20261003-174507,318.148,81053,2929,7,0,,0,1,1.434,1.434,1.434
20261003-174507,318.272,81053,3688,7,0,,0,1,0.526,1.036,1.036
20261003-174507,318.672,81053,5928,8,0,,0,1,0.526,,
20261003-174507,318.672,81053,7376,6,0,,0,1,0.400,1.436,1.436
20261003-174507,318.758,81053,2417,8,1,Alacrity,1,1,,,
20261003-174507,318.758,81053,2251,10,1,Alacrity,1,1,1.522,1.522,1.522
20261003-174507,318.758,81053,4744,8,0,,0,1,0.610,2.044,2.044
20261003-174507,318.758,81053,2843,8,1,Alacrity,1,1,49.204,49.722,49.722
20261003-174507,318.792,81053,3688,6,0,,0,1,0.120,1.556,1.556
20261003-174507,319.198,81053,3688,5,0,,0,0,0.406,1.962,1.962
20261003-174507,319.282,81053,2843,7,0,,0,1,0.524,0.524,0.524
20261003-174507,319.282,81053,2417,7,0,,0,1,0.524,0.524,0.524
20261003-174507,327.916,81326,681,7,1,Might,1,1,9.244,,
20261003-174507,328.426,81326,681,7,0,,0,1,0.510,0.510,0.510
20261003-174507,328.426,81326,815,9,1,Resolution,1,1,9.668,9.668,9.668
20261003-174507,329.470,81326,527,9,1,Swiftness,1,1,10.188,10.712,10.712
20261003-174507,329.470,81326,550,9,1,Protection,1,1,30.436,30.958,30.958
20261003-174507,336.912,81053,2849,9,1,Resistance,1,1,19.676,19.676,19.676
20261003-174507,336.912,81053,3027,7,1,Might,1,1,18.764,66.834,66.834
20261003-174507,336.912,81053,3228,10,1,Resolution,1,1,17.714,19.676,19.676
20261003-174507,336.912,81053,2718,7,1,Might,1,1,18.154,20.198,20.198
20261003-174507,336.912,81053,1989,9,1,Resistance,1,1,19.166,19.166,19.166
20261003-174507,336.912,81053,2890,8,1,Might,1,1,7.442,7.442,7.442
20261003-174507,336.912,81053,2579,6,1,Might,1,1,8.486,8.486,8.486
20261003-174507,336.912,81053,2243,10,1,Swiftness,1,1,7.442,7.442,7.442
20261003-174507,336.912,81053,2638,11,1,Swiftness,1,1,17.630,18.154,18.154
20261003-174507,337.434,81053,6332,8,0,,0,1,0.522,0.522,0.522
20261003-174507,337.434,81053,6054,6,0,,0,1,0.522,0.522,0.522
20261003-174507,337.434,81053,5780,7,0,,0,1,0.522,0.522,0.522
20261003-174507,337.434,81053,4420,9,0,,0,1,0.522,0.522,0.522
20261003-174507,337.434,81053,6456,10,0,,0,1,0.522,0.522,0.522
20261003-174507,337.434,81053,5158,5,0,,0,1,0.522,0.522,0.522
20261003-174507,337.434,81053,2718,5,0,,0,1,0.522,0.522,0.522
20261003-174507,337.434,81053,2492,10,0,,0,1,0.522,0.522,0.522
20261003-174507,337.434,81053,2931,11,0,,0,1,0.522,0.522,0.522
20261003-174507,338.352,81053,3216,6,1,Resistance,1,1,9.926,10.436,10.436
20261003-174507,338.472,81053,6432,5,0,,0,1,0.120,0.120,0.120
20261003-174507,338.472,81053,3261,8,1,Fury,1,1,1.038,1.560,1.560
20261003-174507,338.866,81053,5862,11,1,Fury,1,1,1.432,1.954,1.954
20261003-174507,338.866,81053,4057,5,1,Might,1,1,1.432,1.954,1.954
20261003-174507,338.950,81053,6522,7,0,,0,1,0.478,0.478,0.478
20261003-174507,338.950,81053,4984,7,1,Fury,1,1,1.516,2.038,2.038
20261003-174507,338.950,81053,5780,7,1,Might,1,1,1.516,2.038,2.038
20261003-174507,338.950,81053,5158,9,1,Resolution,1,1,1.516,2.038,2.038
20261003-174507,338.950,81053,6432,5,0,,0,1,0.478,0.598,0.598
20261003-174507,338.950,81053,6054,9,1,Might,1,1,1.516,2.038,2.038
20261003-174507,338.994,81053,2210,9,1,Resolution,1,1,1.560,2.082,2.082
20261003-174507,338.994,81053,3228,10,1,Resolution,1,1,1.560,2.082,2.082
20261003-174507,339.476,81053,4057,6,0,,0,1,0.610,0.610,0.610
20261003-174507,339.476,81053,2931,9,0,,0,1,0.610,0.610,0.610
20261003-174507,339.476,81053,3228,8,0,,0,1,0.482,0.482,0.482
20261003-174507,339.476,81053,2210,7,0,,0,1,0.482,0.482,0.482
20261003-174507,339.476,81053,2579,8,0,,0,1,0.526,0.526,0.526
20261003-174507,339.476,81053,2492,6,0,,0,1,0.526,0.526,0.526
20261003-174507,340.506,81053,3027,8,1,Fury,1,1,1.556,1.556,1.556
20261003-174507,340.506,81053,3518,8,1,Might,1,1,1.556,2.034,2.034
20261003-174507,340.506,81053,2890,8,1,Might,1,1,1.556,1.556,1.556
20261003-174507,340.506,81053,3216,7,1,Might,1,1,1.556,2.154,2.154
20261003-174507,353.834,81053,2616,9,1,Might,1,1,14.358,14.968,14.968
20261003-174507,353.834,81053,2068,10,1,Might,1,1,14.358,14.840,14.840
20261003-174507,353.834,81053,3021,8,1,Might,1,1,14.358,14.840,14.840
20261003-174507,353.834,81053,2332,9,1,Might,1,1,14.358,14.884,14.884
20261003-174507,353.834,81053,2798,7,1,Might,1,1,13.328,13.328,13.328
20261003-174507,353.834,81053,2708,9,1,Might,1,1,13.328,13.328,13.328
20261003-174507,354.350,81053,6296,8,1,Stability,1,1,14.874,15.400,15.400
20261003-174507,354.350,81053,5642,9,1,Might,1,1,14.874,15.484,15.484
20261003-174507,354.352,81053,2999,8,1,Stability,1,1,13.846,13.846,13.846
20261003-174507,354.352,81053,2294,9,0,,0,1,0.518,0.518,0.518
20261003-174507,355.268,81053,3141,6,1,Stability,1,1,14.762,14.762,14.762
20261003-174507,355.866,81053,2821,8,1,Might,1,1,1.516,1.516,1.516
20261003-174507,355.866,81053,3148,6,1,Swiftness,1,1,1.516,1.516,1.516
20261003-174507,355.866,81053,2999,7,1,Swiftness,1,1,1.514,1.514,1.514
20261003-174507,355.866,81053,3103,6,1,Fury,1,1,2.032,2.032,2.032
20261003-174507,355.866,81053,2874,7,1,Regeneration,1,1,2.032,2.032,2.032
20261003-174507,355.866,81053,3338,9,1,Might,1,1,2.032,2.032,2.032
20261003-174507,355.866,81053,3224,7,1,Regeneration,1,1,2.032,2.032,2.032
20261003-174507,355.866,81053,2549,8,1,Regeneration,1,1,1.514,2.032,2.032
20261003-174507,355.866,81053,3723,8,1,Resolution,1,1,2.032,2.032,2.032
20261003-174507,373.072,81053,6958,7,1,Might,1,1,17.206,17.206,17.206
20261003-174507,373.072,81053,4094,5,1,Might,1,1,17.206,17.206,17.206
20261003-174507,374.508,81053,7453,7,1,Protection,1,1,19.240,19.240,19.240
20261003-174507,374.508,81053,5710,7,1,Swiftness,1,1,1.436,1.436,1.436
20261003-174507,374.508,81053,8438,7,1,Protection,1,1,18.642,18.642,18.642
20261003-174507,374.508,81053,6349,7,1,Protection,1,1,18.642,18.642,18.642
20261003-174507,374.588,81053,2685,6,1,Protection,1,1,18.722,18.722,18.722
20261003-174507,374.590,81053,3968,8,1,Alacrity,1,1,18.724,18.724,18.724
20261003-174507,374.590,81053,2462,9,1,Alacrity,1,1,18.724,18.724,18.724
20261003-174507,374.590,81053,2762,10,1,Alacrity,1,1,18.724,18.724,18.724
20261003-174507,374.590,81053,4761,9,1,Resolution,1,1,18.724,18.724,18.724
20261003-174507,374.590,81053,3259,10,1,Alacrity,1,1,1.518,1.518,1.518
20261003-174507,374.630,81053,4463,6,0,,0,1,0.122,0.122,0.122
20261003-174507,375.028,81053,6518,9,0,,0,1,0.438,0.438,0.438
20261003-174507,375.028,81053,9522,9,0,,0,1,0.438,0.438,0.438
20261003-174507,375.028,81053,5524,9,0,,0,1,0.438,0.438,0.438
20261003-174507,375.028,81053,7604,5,0,,0,1,0.520,0.520,0.520
20261003-174507,375.028,81053,5710,6,0,,0,1,0.520,0.520,0.520
20261003-174507,375.028,81053,8926,6,0,,0,1,0.398,0.520,0.520
20261003-174507,375.108,81053,2462,8,0,,0,1,0.518,0.518,0.518
20261003-174507,375.108,81053,3968,7,0,,0,1,0.518,0.518,0.518
20261003-174507,375.108,81053,4008,5,0,,0,1,0.520,0.520,0.520
20261003-174507,375.552,81053,2762,8,0,,0,1,0.524,0.962,0.962
20261003-174507,375.552,81053,6518,8,0,,0,1,0.524,0.962,0.962
20261003-174507,375.552,81053,7936,6,0,,0,1,0.444,0.962,0.962
20261003-174507,375.552,81053,4761,8,0,,0,1,0.524,0.962,0.962
20261003-174507,375.552,81053,7604,4,0,,0,1,0.524,1.044,1.044
20261003-174507,375.554,81053,5710,6,0,,0,1,0.526,1.046,1.046
20261003-174507,375.554,81053,8016,5,0,,0,1,0.446,0.966,0.966
20261003-174507,376.146,81053,3802,4,0,,0,1,0.594,1.638,1.638
20261003-174507,376.146,81053,4008,4,0,,0,0,0.592,1.558,1.558
20261003-174507,391.230,81053,4472,6,1,Fury,1,1,15.084,16.642,16.642
20261003-174507,391.230,81053,2867,7,1,Fury,1,1,15.676,16.722,16.722
20261003-174507,391.230,81053,2670,8,1,Might,1,1,15.678,16.640,16.640
20261003-174507,391.750,81053,2193,7,1,Might,1,1,16.198,17.160,17.160
20261003-174507,392.274,81053,2867,5,1,Might,1,1,1.044,1.044,1.044
20261003-174507,392.274,81053,4472,4,1,Might,1,1,1.044,1.044,1.044
20261003-174507,393.186,81053,8944,3,0,,0,1,0.912,0.912,0.912
20261003-174507,393.270,81053,4755,5,1,Fury,1,1,18.762,18.762,18.762
20261003-174507,393.270,81053,2670,7,1,Regeneration,1,1,2.040,2.040,2.040
20261003-174507,393.270,81053,2193,6,1,Regeneration,1,1,1.520,1.520,1.520
20261003-174507,393.270,81053,2867,4,0,,0,1,0.996,0.996,0.996
20261003-174507,393.270,81053,4034,5,1,Fury,1,1,18.242,18.762,18.762
20261003-174507,393.790,81053,4472,3,0,,0,1,0.604,1.516,1.516
20261003-174507,393.790,81053,4280,4,0,,0,1,0.520,1.516,1.516
20261003-174507,393.790,81053,2670,5,0,,0,1,0.520,0.520,0.520
20261003-174507,404.472,81326,1134,4,1,Might,1,1,11.202,11.202,11.202
20261003-174507,404.472,81326,554,7,1,Regeneration,1,1,10.682,12.198,12.198
20261003-174507,404.991,81326,494,6,1,Protection,1,1,28.845,30.483,30.483
20261003-174507,404.991,81326,554,6,0,,0,1,0.519,0.519,0.519
20261003-174507,404.991,81326,523,10,1,Protection,1,1,11.721,11.721,11.721
20261003-174507,404.991,81326,688,9,1,Protection,1,1,29.439,30.401,30.401
20261003-174507,404.991,81326,595,10,1,Protection,1,1,29.439,30.401,30.401
20261003-174507,404.991,81326,1134,3,0,,0,1,0.519,0.519,0.519
20261003-174507,404.991,81326,645,8,1,Swiftness,1,1,11.721,11.721,11.721
20261003-174507,405.524,81326,781,9,0,,0,1,0.533,0.533,0.533
20261003-174507,409.942,81053,2718,6,1,Might,1,1,4.951,5.470,5.470
20261003-174507,409.944,81053,2442,8,1,Might,1,1,4.953,5.472,5.472
20261003-174507,412.510,81053,5098,6,1,Swiftness,1,1,2.568,2.568,2.568
20261003-174507,412.510,81053,2862,10,1,Resolution,1,1,18.720,19.240,19.240
20261003-174507,412.510,81053,2221,6,1,Protection,1,1,7.519,7.519,7.519
20261003-174507,412.510,81053,2386,9,1,Resolution,1,1,37.402,37.920,37.920
20261003-174507,412.510,81053,2766,7,1,Swiftness,1,1,2.566,2.566,2.566
20261003-174507,413.034,81053,2602,6,1,Protection,1,1,19.244,20.760,20.760
20261003-174507,413.034,81053,3316,7,0,,0,1,0.524,0.524,0.524
20261003-174507,413.034,81053,5098,6,0,,0,1,0.524,0.524,0.524
20261003-174507,413.034,81053,4325,5,1,Might,1,1,8.043,8.043,8.043
20261003-174507,413.034,81053,2766,6,0,,0,1,0.524,0.524,0.524
20261003-174507,425.830,81053,3972,6,1,Resolution,1,1,20.839,20.839,20.839
20261003-174507,425.830,81053,2565,5,1,Resolution,1,1,20.306,20.839,20.839
20261003-174507,427.790,81053,4576,8,1,Stability,1,1,14.756,14.756,14.756
20261003-174507,427.790,81053,4618,8,1,Fury,1,1,1.960,1.960,1.960
20261003-174507,427.790,81053,5206,8,1,Fury,1,1,15.280,15.280,15.280
20261003-174507,427.790,81053,6038,7,1,Stability,1,1,14.756,15.280,15.280
20261003-174507,427.790,81053,8243,7,1,Protection,1,1,15.280,15.280,15.280
20261003-174507,427.790,81053,7150,8,1,Swiftness,1,1,1.960,1.960,1.960
20261003-174507,427.790,81053,11124,6,1,Might,1,1,14.756,15.280,15.280
20261003-174507,427.790,81053,6713,8,1,Protection,1,1,14.756,15.280,15.280
20261003-174507,427.864,81053,3162,8,1,Stability,1,1,14.830,14.830,14.830
20261003-174507,428.314,81053,4694,6,0,,0,1,0.524,0.524,0.524
20261003-174507,428.314,81053,6446,7,0,,0,1,0.524,0.524,0.524
20261003-174507,428.382,81053,2850,6,0,,0,1,0.518,0.518,0.518
20261003-174507,428.382,81053,2081,6,0,,0,1,0.592,0.592,0.592
20261003-174507,428.382,81053,4450,5,0,,0,1,0.592,0.592,0.592
20261003-174507,428.382,81053,3713,7,0,,0,1,0.592,0.592,0.592
20261003-174507,428.382,81053,2722,6,0,,0,1,0.592,0.592,0.592
20261003-174507,428.382,81053,3624,7,0,,0,1,0.592,0.592,0.592
20261003-174507,428.910,81053,3438,6,0,,0,1,0.528,1.120,1.120
20261003-174507,428.910,81053,3624,7,0,,0,1,0.528,1.120,1.120
20261003-174507,428.910,81053,4062,5,0,,0,1,0.528,1.120,1.120
20261003-174507,428.910,81053,3782,5,0,,0,1,0.528,1.120,1.120
20261003-174507,428.910,81053,2633,7,1,Fury,0,1,23.919,23.919,23.919
20261003-174507,428.910,81053,4255,5,0,,0,1,0.528,1.046,1.046
20261003-174507,429.428,81053,2428,8,0,,0,1,0.518,1.638,1.638
20261003-174507,429.428,81053,2633,6,0,,0,1,0.518,0.518,24.437
20261003-174507,447.466,81053,3585,7,1,Regeneration,1,1,19.152,19.676,19.676
20261003-174507,447.466,81053,3025,8,1,Fury,1,1,18.556,19.602,19.602
20261003-174507,447.466,81053,3255,8,1,Regeneration,1,1,18.038,18.556,42.475
20261003-174507,447.468,81053,2767,7,1,Regeneration,1,1,19.154,19.678,19.678
20261003-174507,447.468,81053,2716,7,1,Stability,1,1,18.558,19.678,19.678
20261003-174507,447.468,81053,2454,6,1,Might,1,1,19.086,19.678,19.678
20261003-174507,447.468,81053,3214,7,1,Might,1,1,19.678,19.678,19.678
20261003-174507,447.982,81053,5898,9,0,,0,1,0.514,0.514,0.514
20261003-174507,447.984,81053,6936,9,0,,0,1,0.518,0.518,0.518
20261003-174507,447.984,81053,6446,9,0,,0,1,0.518,0.518,0.518
20261003-174507,447.984,81053,7640,9,0,,0,1,0.518,0.518,0.518
20261003-174507,447.984,81053,2615,6,0,,0,1,0.516,0.516,0.516
20261003-174507,447.984,81053,2894,7,0,,0,1,0.516,0.516,0.516
20261003-174507,447.984,81053,3425,7,0,,0,1,0.516,0.516,0.516
20261003-174507,448.508,81053,3255,9,0,,0,1,0.524,1.042,1.042
20261003-174507,448.508,81053,3025,9,0,,0,1,0.524,1.042,1.042
20261003-174507,448.508,81053,3585,10,0,,0,1,0.524,1.042,1.042
20261003-174507,448.508,81053,6036,7,0,,0,1,0.524,1.040,1.040
20261003-174507,448.508,81053,3214,7,0,,0,1,0.524,1.040,1.040
20261003-174507,448.902,81053,3585,10,0,,0,1,0.394,1.436,1.436
20261003-174507,448.902,81053,4311,6,1,Might,1,1,19.992,21.112,21.112
20261003-174507,448.902,81053,2577,7,1,Might,1,1,19.474,21.112,21.112
20261003-174507,448.902,81053,3025,9,0,,0,1,0.394,1.436,1.436
20261003-174507,448.902,81053,2988,8,1,Fury,1,1,19.992,21.112,21.112
20261003-174507,448.902,81053,2767,9,0,,0,1,0.920,1.434,1.434
20261003-174507,449.022,81053,6036,5,0,,0,1,0.514,1.554,1.554
20261003-174507,449.428,81053,5976,7,0,,0,1,0.526,0.526,0.526
20261003-174507,449.428,81053,5154,6,0,,0,1,0.526,0.526,0.526
20261003-174507,449.428,81053,2767,9,0,,0,1,0.526,1.960,1.960
20261003-174507,449.428,81053,8622,6,0,,0,1,0.526,0.526,0.526
20261003-174507,449.504,81053,2454,6,1,Regeneration,1,1,1.520,2.036,2.036
20261003-174507,449.504,81053,6428,6,0,,0,1,0.996,2.036,2.036
20261003-174507,450.020,81053,2888,8,0,,0,1,0.592,1.118,1.118
20261003-174507,450.468,81053,2888,8,0,,0,1,0.448,1.566,1.566
20261003-174507,450.468,81053,3025,8,1,Swiftness,1,1,1.566,3.002,3.002
20261003-174507,450.548,81053,2577,6,1,Swiftness,1,1,1.120,1.646,1.646
20261003-174507,451.062,81053,2858,4,0,,0,1,0.514,0.514,0.514
20261003-174507,451.062,81053,3204,7,0,,0,1,0.594,2.160,2.160
20261003-174507,458.348,81326,422,9,0,,0,1,8.844,8.844,8.844
20261003-174507,486.024,81326,658,9,1,Regeneration,1,1,37.516,38.558,38.558
20261003-174507,500.828,80901,11958,9,1,Swiftness,1,1,49.766,51.926,51.926
20261003-174507,500.828,80901,3711,9,1,Resolution,1,1,51.400,51.926,51.926
20261003-174507,500.828,80901,4452,8,1,Resistance,1,1,51.926,53.362,53.362
20261003-174507,500.828,80901,6874,9,1,Resolution,1,1,51.400,53.360,53.360
20261003-174507,500.828,80901,3048,10,1,Resolution,1,1,42.480,51.324,51.324
20261003-174507,515.840,80901,14761,5,1,Regeneration,1,1,66.336,68.372,68.372
20261003-174507,515.842,80901,13764,6,1,Regeneration,1,1,65.374,65.374,65.374
20261003-174507,515.842,80901,12806,6,1,Regeneration,1,1,15.014,15.014,15.014
20261003-174507,515.842,80901,11726,5,1,Regeneration,1,1,64.780,65.294,65.294
20261003-174507,515.842,80901,12043,5,1,Regeneration,1,1,66.820,68.374,68.374
20261003-174507,516.342,80901,11252,4,0,,0,1,0.500,0.500,0.500
20261003-174507,516.618,81326,785,4,0,,0,1,0.276,0.776,0.776
20261003-174507,530.312,80901,6330,6,1,Protection,0,0,29.484,29.484,29.484
20261003-175607,279.551,81326,679,5,1,Swiftness,1,1,,,
20261003-175607,279.551,81326,649,7,1,Regeneration,1,1,,,
20261003-175607,279.551,81326,521,7,1,Swiftness,1,1,,,
20261003-175607,279.551,81326,722,4,1,Regeneration,1,1,,,
20261003-175607,279.551,81326,610,6,1,Vigor,1,1,,,
20261003-175607,280.077,81326,649,7,0,,0,1,0.526,0.526,0.526
20261003-175607,280.077,81326,559,7,1,Resolution,1,1,,,
20261003-175607,280.077,81326,521,8,0,,0,1,0.526,0.526,0.526
20261003-175607,280.077,81326,610,6,0,,0,1,0.526,0.526,0.526
20261003-175607,280.077,81326,1014,6,0,,0,1,0.526,0.526,0.526
20261003-175607,280.597,81326,559,8,0,,0,1,0.520,0.520,0.520
20261003-175607,308.871,81326,1088,3,1,Resistance,1,1,28.274,28.794,28.794
20261003-175607,308.871,81326,695,7,1,Might,1,1,,,
20261003-175607,308.871,81326,1191,6,1,Resistance,1,1,29.320,29.320,29.320
20261003-175607,309.399,81326,1191,5,0,,0,1,0.528,0.528,0.528
20261003-175607,309.399,81326,1088,2,0,,0,1,0.528,0.528,0.528
20261003-175607,309.399,81326,695,6,0,,0,1,0.528,0.528,0.528
20261003-175607,309.913,81326,861,5,1,Resolution,1,1,29.836,30.362,30.362
20261003-175607,309.913,81326,1191,4,0,,0,1,0.514,1.042,1.042
20261003-175607,309.913,81326,695,4,0,,0,1,0.514,1.042,1.042
20261003-175607,321.393,81053,2787,10,1,Regeneration,1,1,41.316,41.842,41.842
20261003-175607,322.907,81053,5419,6,2,Protection+Fury,1,1,,,
20261003-175607,322.955,81053,2679,8,1,Regeneration,1,1,42.878,43.404,43.404
20261003-175607,337.717,81326,661,9,1,Might,1,1,,,
20261003-175607,337.717,81326,711,8,1,Vigor,1,1,27.804,28.846,28.846
20261003-175607,337.717,81326,686,9,1,Might,1,1,27.804,28.846,28.846
20261003-175607,337.717,81326,793,10,1,Might,1,1,,,
20261003-175607,337.719,81326,600,9,1,Might,1,1,57.642,58.168,58.168
20261003-175607,337.719,81326,639,10,1,Might,1,1,16.326,16.326,16.326
20261003-175607,338.227,81326,600,9,0,,0,1,0.508,0.508,0.508
20261003-175607,338.227,81326,639,10,0,,0,1,0.508,0.508,0.508
20261003-175607,338.227,81326,632,11,0,,0,1,0.510,0.510,0.510
20261003-175607,338.227,81326,488,7,2,Alacrity+Resolution,1,1,15.320,15.320,15.320
20261003-175607,338.227,81326,713,11,0,,0,1,0.510,0.510,0.510
20261003-175607,339.277,81326,913,6,1,Resolution,1,1,29.878,30.406,30.406
20261003-175607,339.277,81326,639,11,1,Swiftness,1,1,1.050,1.558,1.558
20261003-175607,339.277,81326,640,9,1,Protection,1,1,1.560,1.560,1.560
20261003-175607,340.999,81053,3248,9,1,Might,1,1,1.722,1.722,1.722
20261003-175607,340.999,81053,3800,8,1,Resolution,1,1,1.722,1.722,1.722
20261003-175607,340.999,81053,2957,8,1,Swiftness,1,1,1.722,1.722,1.722
20261003-175607,340.999,81053,2749,10,1,Resolution,1,1,3.282,3.282,3.282
20261003-175607,340.999,81053,3298,11,1,Fury,1,1,2.772,3.282,3.282
20261003-175607,341.001,81053,2258,10,2,Resolution+Fury,1,1,2.774,2.774,2.774
20261003-175607,341.519,81053,5268,8,1,Might,1,1,31.606,31.606,31.606
20261003-175607,341.519,81053,4516,8,0,,0,1,0.518,0.518,0.518
20261003-175607,341.519,81053,7600,7,0,,0,1,0.520,0.520,0.520
20261003-175607,341.519,81053,6186,8,1,Might,1,1,18.564,18.564,18.564
20261003-175607,342.032,81053,5268,8,0,,0,1,0.513,0.513,0.513
20261003-175607,342.033,81053,3800,7,0,,0,1,0.514,1.034,1.034
20261003-175607,342.435,81053,2749,8,1,Resolution,1,1,1.436,1.436,1.436
20261003-175607,342.435,81053,3370,7,0,,0,1,0.916,1.434,1.434
20261003-175607,342.435,81053,2924,8,1,Protection,1,1,4.208,4.718,4.718
20261003-175607,342.947,81053,2924,9,0,,0,1,0.512,0.512,0.512
20261003-175607,342.947,81053,2371,6,0,,0,1,0.915,1.428,1.428
20261003-175607,342.947,81053,2749,9,0,,0,1,0.512,0.512,0.512
20261003-175607,357.677,81053,2948,8,1,Might,1,1,19.450,19.958,19.958
20261003-175607,357.677,81053,3140,8,1,Vigor,1,1,16.678,16.678,16.678
20261003-175607,357.677,81053,2517,8,1,Might,1,1,14.730,16.158,16.158
20261003-175607,357.677,81053,2955,8,1,Might,1,1,16.158,16.158,16.158
20261003-175607,357.677,81053,2821,8,1,Might,1,1,16.678,16.678,16.678
20261003-175607,358.191,81053,6562,10,1,Regeneration,1,1,17.192,17.192,17.192
20261003-175607,358.191,81053,5066,8,1,Regeneration,1,1,16.158,17.192,17.192
20261003-175607,358.191,81053,6138,8,0,,0,1,0.514,0.514,0.514
20261003-175607,358.191,81053,5958,7,1,Regeneration,1,1,15.244,15.756,15.756
20261003-175607,358.191,81053,6538,8,0,,0,1,0.514,0.514,0.514
20261003-175607,358.193,81053,2735,9,1,Fury,1,1,15.246,15.758,15.758
20261003-175607,358.707,81053,2246,7,2,Fury+Protection,1,1,16.272,17.706,17.706
20261003-175607,358.707,81053,3069,8,0,,0,1,0.516,1.030,1.030
20261003-175607,358.707,81053,2979,8,0,,0,1,0.516,0.516,0.516
20261003-175607,358.707,81053,2533,8,0,,0,1,0.516,0.516,0.516
20261003-175607,359.111,81053,3069,8,0,,0,1,0.404,1.434,1.434
20261003-175607,378.195,81053,7862,4,1,Might,1,1,20.518,20.518,20.518
20261003-175607,378.195,81053,4700,5,1,Might,1,1,20.518,20.518,20.518
20261003-175607,378.195,81053,5504,6,0,,0,1,19.084,20.518,20.518
20261003-175607,378.195,81053,5448,11,1,Vigor,1,1,20.002,20.002,20.002
20261003-175607,378.195,81053,6130,6,1,Fury,1,1,20.518,20.518,20.518
20261003-175607,378.195,81053,4476,10,2,Regeneration+Fury,1,1,19.488,19.488,19.488
20261003-175607,378.197,81053,6512,4,1,Might,1,1,20.006,20.520,20.520
20261003-175607,378.197,81053,2523,12,1,Protection,1,1,19.490,20.006,20.006
20261003-175607,378.197,81053,3269,11,1,Regeneration,1,1,20.006,20.006,20.006
20261003-175607,378.599,81053,5872,4,0,,0,1,0.402,0.402,0.402
20261003-175607,378.599,81053,5526,5,0,,0,1,0.404,0.404,0.404
20261003-175607,378.599,81053,5894,10,0,,0,1,0.402,0.402,0.402
20261003-175607,378.599,81053,7088,3,0,,0,1,0.404,0.404,0.404
20261003-175607,378.599,81053,4236,4,0,,0,1,0.404,0.404,0.404
20261003-175607,378.599,81053,4962,6,0,,0,1,0.404,20.922,20.922
20261003-175607,378.599,81053,4912,11,0,,0,1,0.404,0.404,0.404
20261003-175607,378.599,81053,6790,10,0,,0,1,0.402,0.402,0.402
20261003-175607,378.675,81053,4034,8,0,,0,1,0.480,0.480,0.480
20261003-175607,378.713,81053,2612,11,1,Swiftness,1,1,20.006,20.522,20.522
20261003-175607,378.713,81053,3395,9,0,,0,1,0.114,0.516,0.516
20261003-175607,378.713,81053,2456,10,0,,0,1,0.114,0.518,0.518
20261003-175607,378.713,81053,2481,6,0,,0,1,0.114,21.036,21.036
20261003-175607,378.713,81053,2118,4,0,,0,1,0.114,0.518,0.518
20261003-175607,378.713,81053,3544,3,0,,0,1,0.114,0.518,0.518
20261003-175607,378.713,81053,2947,10,0,,0,1,0.114,0.516,0.516
20261003-175607,378.713,81053,2763,5,0,,0,1,0.114,0.518,0.518
20261003-175607,379.115,81053,3766,9,0,,0,1,0.402,0.918,0.918
20261003-175607,379.115,81053,2752,6,0,,0,1,0.402,21.438,21.438
20261003-175607,379.115,81053,4700,6,0,,0,1,0.402,0.920,0.920
20261003-175607,379.115,81053,5448,10,0,,0,1,0.402,0.920,0.920
20261003-175607,379.115,81053,5266,5,0,,0,1,0.402,0.920,0.920
20261003-175607,379.115,81053,6130,6,0,,0,1,0.402,0.920,0.920
20261003-175607,379.115,81053,6538,10,0,,0,1,0.402,0.918,0.918
20261003-175607,379.115,81053,4476,8,0,,0,1,0.440,0.920,0.920
20261003-175607,379.199,81053,3256,5,0,,0,1,0.600,1.002,1.002
20261003-175607,379.633,81053,6646,8,0,,0,1,0.518,1.436,1.436
20261003-175607,379.635,81053,4808,10,0,,0,1,0.520,1.440,1.440
20261003-175607,379.635,81053,4146,7,0,,0,1,0.520,1.440,1.440
20261003-175607,379.635,81053,5408,6,0,,0,1,0.520,1.440,1.440
20261003-175607,379.709,81053,2324,7,0,,0,1,0.594,1.514,1.514
20261003-175607,379.709,81053,2428,8,0,,0,1,0.594,22.032,22.032
20261003-175607,379.709,81053,2884,9,0,,0,1,0.594,1.512,1.512
20261003-175607,379.709,81053,2873,7,0,,0,1,0.510,1.512,1.512
20261003-175607,379.709,81053,1974,7,0,,0,1,0.594,1.514,1.514
20261003-175607,380.237,81053,3693,7,0,,0,1,0.604,2.040,2.040
20261003-175607,380.237,81053,2671,8,0,,0,1,0.602,2.042,2.042
20261003-175607,380.237,81053,2304,8,0,,0,1,0.602,2.042,2.042
20261003-175607,380.237,81053,2704,7,0,,0,1,0.602,2.042,2.042
20261003-175607,380.237,81053,2582,6,0,,0,1,0.528,2.042,2.042
20261003-175607,380.237,81053,2873,6,0,,0,1,0.528,2.040,2.040
20261003-175607,394.987,81053,2502,6,1,Protection,1,1,14.750,16.790,16.790
20261003-175607,394.987,81053,4813,4,1,Might,1,1,14.750,16.790,16.790
20261003-175607,394.987,81053,2808,7,1,Protection,1,1,16.274,16.274,16.274
20261003-175607,395.509,81053,8382,6,0,,0,1,0.522,0.522,0.522
20261003-175607,396.029,81053,2907,5,1,Protection,1,1,1.042,1.042,1.042
20261003-175607,396.029,81053,5616,6,0,,0,1,0.520,1.042,1.042
20261003-175607,396.029,81053,2702,7,1,Might,1,1,15.792,17.834,17.834
20261003-175607,396.429,81053,2735,7,1,Swiftness,1,1,16.192,18.234,18.234
20261003-175607,396.429,81053,4813,5,0,,0,1,0.400,0.400,0.400
20261003-175607,396.547,81053,5054,8,0,,0,1,0.518,1.560,1.560
20261003-175607,396.547,81053,4331,6,0,,0,1,0.118,0.518,0.518
20261003-175607,396.947,81053,9626,6,0,,0,1,0.400,0.918,0.918
20261003-175607,397.029,81053,2735,7,0,,0,1,0.600,0.600,0.600
20261003-175607,397.073,81053,2907,6,0,,0,1,0.126,1.044,1.044
20261003-175607,397.989,81053,2907,7,0,,0,1,0.916,1.960,1.960
20261003-175607,397.989,81053,2735,7,0,,0,1,0.960,1.560,1.560
20261003-175607,411.271,81053,2172,8,0,,0,1,16.284,16.284,16.284
20261003-175607,411.271,81053,3117,6,0,,0,1,31.562,33.074,33.074
20261003-175607,411.271,81053,2638,6,0,,0,1,13.282,14.842,14.842
20261003-175607,411.787,81053,3885,6,1,Might,1,1,31.550,33.592,33.592
20261003-175607,411.789,81053,2469,8,0,,0,1,32.080,54.112,54.112
20261003-175607,411.789,81053,2479,7,2,Might+Fury,1,1,32.080,33.594,33.594
20261003-175607,427.871,81053,2202,10,1,Might,1,1,16.084,16.084,16.084
20261003-175607,427.871,81053,2579,9,1,Might,1,1,16.082,70.194,70.194
20261003-175607,427.871,81053,2365,10,1,Might,1,1,16.600,32.884,32.884
20261003-175607,427.871,81053,2097,10,2,Might+Protection,1,1,16.082,16.082,16.082
20261003-175607,428.385,81053,6540,11,1,Swiftness,1,1,31.838,33.398,33.398
20261003-175607,429.913,81053,2373,8,2,Might+Resolution,1,1,2.042,2.042,2.042
20261003-175607,429.913,81053,2492,6,1,Might,1,1,2.042,2.042,2.042
20261003-175607,429.913,81053,4633,6,1,Might,1,1,49.676,51.718,51.718
20261003-175607,429.913,81053,5719,8,1,Alacrity,1,1,31.924,33.884,33.884
20261003-175607,429.915,81053,3336,9,1,Vigor,1,1,1.530,1.530,1.530
20261003-175607,429.915,81053,2627,6,1,Alacrity,1,1,2.044,2.044,2.044
20261003-175607,445.509,81053,3727,8,1,Might,1,1,34.238,67.312,67.312
20261003-175607,445.509,81053,3145,6,1,Might,1,1,34.238,49.080,49.080
20261003-175607,445.509,81053,2551,7,2,Might+Fury,1,1,15.596,15.596,15.596
20261003-175607,445.509,81053,3106,7,1,Might,1,1,49.480,49.480,49.480
20261003-175607,445.509,81053,2824,8,1,Might,1,1,15.594,15.594,15.594
20261003-175607,446.027,81053,2679,7,1,Might,1,1,16.114,16.114,16.114
20261003-175607,446.027,81053,3003,8,1,Might,1,1,16.114,16.114,16.114
20261003-175607,446.027,81053,3106,4,0,,0,1,0.518,0.518,0.518
20261003-175607,446.027,81053,2877,7,1,Might,1,1,18.156,18.156,18.156
20261003-175607,446.027,81053,2551,6,0,,0,1,0.518,0.518,0.518
20261003-175607,446.027,81053,3145,6,0,,0,1,0.518,0.518,0.518
20261003-175607,446.549,81053,6150,8,1,Might,1,1,1.040,1.040,1.040
20261003-175607,446.549,81053,6550,7,1,Might,1,1,16.636,16.636,16.636
20261003-175607,446.549,81053,3082,6,0,,0,1,0.522,1.040,1.040
20261003-175607,446.549,81053,3044,5,0,,0,1,0.522,1.040,1.040
20261003-175607,446.549,81053,2500,6,0,,0,1,0.522,1.040,1.040
20261003-175607,446.549,81053,2943,9,0,,0,1,0.522,0.522,0.522
20261003-175607,446.549,81053,2819,7,0,,0,1,0.522,0.522,0.522
20261003-175607,446.549,81053,2625,7,0,,0,1,0.522,0.522,0.522
20261003-175607,446.549,81053,3652,6,1,Might,1,1,1.040,1.040,1.040
20261003-175607,447.022,81053,4980,6,0,,0,1,0.473,0.995,0.995
20261003-175607,447.023,81053,2689,5,0,,0,1,0.474,1.514,1.514
20261003-175607,447.065,81053,2722,7,0,,0,1,0.516,1.556,1.556
20261003-175607,447.065,81053,2599,9,0,,0,1,0.516,1.038,1.038
20261003-175607,447.465,81053,6452,6,0,,0,1,0.916,0.916,0.916
20261003-175607,447.549,81053,2208,6,0,,0,1,1.000,2.040,2.040
20261003-175607,447.549,81053,2490,6,0,,0,1,0.527,1.522,1.522
20261003-175607,447.549,81053,2689,5,0,,0,1,0.526,2.040,2.040
20261003-175607,447.549,81053,2599,9,0,,0,1,0.484,1.522,1.522
20261003-175607,447.549,81053,3202,7,0,,0,1,0.484,2.040,2.040
20261003-175607,447.987,81053,6024,9,1,Swiftness,1,1,1.438,1.438,1.438
20261003-175607,448.071,81053,2982,6,0,,0,1,0.522,2.562,2.562
20261003-175607,448.071,81053,2762,6,0,,0,1,0.522,2.044,2.044
20261003-175607,490.905,81326,826,7,2,Might+Vigor,1,1,44.356,44.878,44.878
20261003-175607,490.905,81326,642,7,1,Resolution,1,1,42.834,45.396,45.396
20261003-175607,490.905,81326,620,8,1,Might,1,1,43.356,44.878,44.878
20261003-175607,490.905,81326,527,10,3,Swiftness+Resolution+Might,1,1,43.356,45.396,45.396
20261003-175607,490.905,81326,667,8,3,Swiftness+Resolution+Might,1,1,60.990,60.990,60.990
20261003-175607,490.905,81326,770,7,2,Swiftness+Resolution,1,1,43.440,44.356,44.356
20261003-175607,491.425,81326,642,7,0,,0,1,0.520,0.520,0.520
20261003-175607,491.425,81326,527,6,0,,0,1,0.520,0.520,0.520
20261003-175607,491.425,81326,826,4,0,,0,1,0.520,0.520,0.520
20261003-175607,491.425,81326,1143,6,3,Swiftness+Resistance+Fury,1,1,44.876,44.876,44.876
20261003-175607,491.425,81326,650,5,1,Might,1,1,43.876,45.916,45.916
20261003-175607,491.949,81326,650,4,0,,0,1,0.524,0.524,0.524
20261003-175607,491.949,81326,583,6,1,Resistance,1,1,43.962,43.962,43.962
20261003-175607,491.949,81326,826,4,0,,0,1,0.524,1.044,1.044
20261003-175607,492.463,81326,650,3,1,Swiftness,0,1,0.514,1.038,1.038
20261003-175607,520.787,81326,491,7,3,Might+Alacrity+Protection,1,1,29.362,29.882,29.882
20261003-175607,531.829,80901,17694,10,1,Protection,1,1,39.366,39.366,40.404
20261003-175607,531.829,80901,10133,8,1,Protection,1,1,40.404,40.924,40.924
20261003-175607,531.829,80901,4406,10,3,Might+Protection+Fury,1,1,40.924,40.924,40.924
20261003-175607,531.829,80901,3655,9,1,Protection,1,1,83.758,85.802,85.802
20261003-175607,532.347,80901,7824,7,2,Fury+Swiftness,1,1,40.398,41.442,41.442
20261003-175607,532.347,80901,13440,9,0,,0,1,0.518,0.518,0.518
20261003-175607,546.839,80901,14427,6,3,Resolution+Might+Fury,1,1,26.052,26.052,26.052
20261003-175607,546.839,80901,19053,8,1,Might,1,1,54.890,54.890,54.890
20261003-175607,546.839,80901,16271,6,2,Might+Alacrity,1,1,14.492,14.492,14.492
20261003-175607,546.839,80901,10899,6,1,Resolution,1,1,15.010,15.010,15.010
20261003-175607,546.839,80901,12795,7,1,Might,1,1,14.492,15.010,15.010
20261003-175607,546.839,80901,22512,7,3,Might+Alacrity+Vigor,1,1,55.414,55.414,55.414
20261003-175607,546.839,80901,11797,8,1,Might,1,1,55.934,55.934,55.934
20261003-175607,546.839,80901,8306,6,1,Resolution,1,1,15.010,15.010,15.010
20261003-175607,546.839,80901,8758,6,3,Regeneration+Resolution+Might,1,1,15.010,15.010,15.010
20261003-175607,550.863,81326,538,4,3,Protection+Might+Quickness,1,1,4.024,4.024,4.024
20261003-175607,551.905,81326,573,7,1,Protection,1,1,5.066,5.066,5.066
20261003-175607,551.907,81326,803,2,3,Might+Swiftness+Regeneration,1,1,1.044,1.044,1.044
20261003-175607,552.419,81326,543,7,2,Swiftness+Might,1,1,5.580,5.580,5.580
20261003-175607,552.419,81326,678,6,3,Protection+Might+Regeneration,1,1,5.580,5.580,5.580
20261003-175607,552.419,81326,517,1,0,,0,1,0.512,0.512,0.512
20261003-175607,561.827,80901,4653,8,2,Might+Alacrity,1,1,70.922,70.922,70.922
20261003-175607,561.827,80901,5298,2,2,Might+Alacrity,1,1,9.408,9.920,9.920
20261003-175607,561.827,80901,4003,6,1,Might,1,1,14.988,14.988,14.988
20261003-175607,562.345,80901,4003,8,0,,0,1,0.518,0.518,0.518
20261003-175607,562.345,80901,9306,8,0,,0,1,0.518,0.518,0.518
20261003-175607,562.869,80901,4169,10,1,Resolution,1,1,16.030,16.030,16.030
20261003-175607,562.869,80901,4003,9,0,,0,1,0.524,1.042,1.042
20261003-175607,562.869,80901,4653,9,0,,0,1,0.524,1.042,1.042
20261003-175607,563.383,80901,4176,3,3,Resistance+Alacrity+Protection,0,1,1.556,1.556,1.556
20261003-175607,576.831,80901,21318,5,3,Regeneration+Fury+Might,1,1,24.412,24.412,24.412
20261003-175607,576.831,80901,17121,5,2,Regeneration+Fury,1,1,24.412,24.412,24.412
20261003-175607,576.831,80901,8976,8,1,Regeneration,1,1,13.962,13.962,13.962
20261003-175607,576.831,80901,9076,9,3,Might+Fury+Protection,1,1,13.448,13.448,15.004
20261003-175607,576.831,80901,9574,7,2,Swiftness+Fury,1,1,13.962,15.004,15.004
20261003-175607,576.831,80901,7390,9,1,Might,1,1,13.962,15.004,15.004
20261003-175607,577.341,80901,6396,4,1,Regeneration,1,1,30.502,30.502,30.502
20261003-175607,592.353,80901,9674,9,1,Protection,1,1,15.522,15.522,15.522
20261003-175607,592.353,80901,13368,11,3,Swiftness+Fury+Regeneration,1,1,45.514,45.514,45.514
20261003-175607,592.353,80901,10326,10,0,,0,1,15.522,15.522,15.522
20261003-175607,592.353,80901,13503,9,0,,0,1,15.012,15.012,15.012
20261003-211223,282.550,81326,239,10,1,Regeneration,1,1,,,
20261003-211223,282.550,81326,683,10,1,Regeneration,1,1,,,
20261003-211223,282.550,81326,660,10,1,Regeneration,1,1,,,
20261003-211223,282.550,81326,655,9,1,Regeneration,1,1,,,
20261003-211223,282.550,81326,531,10,1,Regeneration,1,1,,,
20261003-211223,283.076,81326,701,9,1,Might,1,1,,,
20261003-211223,283.076,81326,683,9,0,,0,1,0.526,0.526,0.526
20261003-211223,283.590,81326,701,9,0,,0,1,0.514,0.514,0.514
20261003-211223,283.590,81326,660,9,0,,0,1,1.040,1.040,1.040
20261003-211223,283.590,81326,683,8,0,,0,1,0.514,1.040,1.040
20261003-211223,283.590,81326,462,9,0,,0,1,,,
20261003-211223,283.590,81326,239,8,0,,0,1,1.040,1.040,1.040
20261003-211223,284.112,81326,462,9,0,,0,1,0.522,,
20261003-211223,284.112,81326,222,7,0,,0,1,0.522,1.562,1.562
20261003-211223,284.112,81326,585,9,0,,0,1,,,
20261003-211223,284.112,81326,605,10,1,Protection,1,1,,,
20261003-211223,284.112,81326,655,8,1,Alacrity,1,1,1.562,1.562,1.562
20261003-211223,284.112,81326,701,8,0,,0,1,0.522,1.036,1.036
20261003-211223,284.112,81326,683,10,0,,0,1,0.522,1.562,1.562
20261003-211223,284.112,81326,625,8,1,Alacrity,1,1,1.562,1.562,1.562
20261003-211223,313.390,81326,570,7,0,,0,1,,,
20261003-211223,313.390,81326,615,8,0,,0,1,29.278,29.278,29.278
20261003-211223,313.916,81326,570,7,0,,0,1,0.526,,
20261003-211223,313.916,81326,615,8,0,,0,1,0.526,29.804,29.804
20261003-211223,327.676,81053,2954,3,1,Stability,1,1,13.760,43.564,43.564
20261003-211223,328.196,81053,2954,3,0,,0,1,0.520,0.520,0.520
20261003-211223,328.596,81053,1891,9,1,Might,1,1,44.484,,
20261003-211223,328.596,81053,2391,8,1,Might,1,1,44.484,,
20261003-211223,328.596,81053,1754,9,1,Might,1,1,14.680,,
20261003-211223,328.598,81053,2855,8,1,Resolution,1,1,44.486,45.522,45.522
20261003-211223,328.716,81053,2855,7,0,,0,1,0.118,0.118,0.118
20261003-211223,347.436,81053,3203,6,1,Resolution,1,1,18.840,18.840,18.840
20261003-211223,347.436,81053,2463,8,1,Resolution,1,1,63.324,63.324,63.324
20261003-211223,347.436,81053,809,8,1,Regeneration,1,1,63.324,64.886,64.886
20261003-211223,347.436,81053,2713,6,1,Resolution,1,1,18.840,18.840,18.840
20261003-211223,347.436,81053,2463,8,1,Swiftness,1,1,63.324,63.324,63.324
20261003-211223,347.436,81053,3955,6,1,Swiftness,1,1,19.240,19.760,19.760
20261003-211223,347.950,81053,7910,5,0,,0,1,0.514,0.514,0.514
20261003-211223,347.950,81053,4365,4,1,Resolution,1,1,19.234,19.352,19.352
20261003-211223,347.950,81053,2463,6,0,,0,1,0.514,0.514,0.514
20261003-211223,347.950,81053,3203,5,0,,0,1,0.514,0.514,0.514
20261003-211223,347.952,81053,809,6,0,,0,1,0.516,0.516,0.516
20261003-211223,347.952,81053,2713,5,0,,0,1,0.516,0.516,0.516
20261003-211223,347.952,81053,2463,6,0,,0,1,0.516,0.516,0.516
20261003-211223,348.470,81053,2463,5,0,,0,1,0.518,1.034,1.034
20261003-211223,348.470,81053,809,6,0,,0,1,0.518,1.034,1.034
20261003-211223,348.470,81053,2216,7,0,,0,1,0.520,1.034,1.034
20261003-211223,348.472,81053,2632,9,0,,0,1,0.522,0.522,0.522
20261003-211223,348.472,81053,2568,6,1,Fury,1,1,64.360,65.922,65.922
20261003-211223,348.472,81053,1931,10,0,,0,1,0.522,1.036,1.036
20261003-211223,348.874,81053,2650,9,0,,0,1,0.924,1.438,1.438
20261003-211223,350.434,81053,5418,10,1,Fury,1,1,2.482,2.998,2.998
20261003-211223,350.434,81053,5840,10,1,Regeneration,1,1,1.962,2.484,2.484
20261003-211223,350.434,81053,4916,8,1,Fury,1,1,1.964,2.998,2.998
20261003-211223,350.434,81053,4284,9,1,Swiftness,1,1,1.962,2.998,2.998
20261003-211223,350.434,81053,5128,8,1,Fury,1,1,1.962,1.962,1.962
20261003-211223,350.434,81053,1502,10,1,Fury,1,1,1.964,2.998,2.998
20261003-211223,350.434,81053,4424,9,1,Fury,1,1,1.964,2.998,2.998
20261003-211223,350.434,81053,4414,10,1,Regeneration,1,1,21.838,21.838,21.838
20261003-211223,351.038,81053,2709,9,0,,0,1,0.604,0.604,0.604
20261003-211223,351.038,81053,2564,8,0,,0,1,0.604,0.604,0.604
20261003-211223,351.038,81053,2476,11,1,Protection,1,1,67.448,68.488,68.488
20261003-211223,351.038,81053,2458,8,0,,0,1,0.604,0.604,0.604
20261003-211223,351.038,81053,2142,8,0,,0,1,0.604,0.604,0.604
20261003-211223,351.038,81053,2920,11,0,,0,1,0.604,0.604,0.604
20261003-211223,351.038,81053,2212,9,0,,0,1,0.604,0.604,0.604
20261003-211223,351.038,81053,2207,10,0,,0,1,0.604,0.604,0.604
20261003-211223,363.754,81053,2826,8,1,Stability,1,1,14.880,16.318,16.318
20261003-211223,363.754,81053,841,9,1,Might,1,1,13.320,13.320,13.320
20261003-211223,363.754,81053,2753,9,1,Might,1,1,12.716,13.320,13.320
20261003-211223,364.272,81053,2653,8,1,Resolution,1,1,13.234,13.838,13.838
20261003-211223,364.272,81053,2006,9,1,Resolution,1,1,13.234,13.838,13.838
20261003-211223,364.272,81053,1947,8,1,Resolution,1,1,13.234,13.838,13.838
20261003-211223,364.272,81053,2548,8,0,,0,1,0.518,0.518,0.518
20261003-211223,364.272,81053,2482,9,0,,0,1,0.518,0.518,0.518
20261003-211223,364.790,81053,2500,7,1,Might,1,1,13.752,13.752,13.752
20261003-211223,364.790,81053,2920,7,1,Might,1,1,13.752,14.356,14.356
20261003-211223,365.190,81053,3239,6,0,,0,1,0.400,0.400,0.400
20261003-211223,365.190,81053,2773,6,0,,0,1,0.400,0.400,0.400
20261003-211223,365.190,81053,2584,7,1,Fury,1,1,14.152,14.756,14.756
20261003-211223,365.190,81053,2753,11,0,,0,1,0.918,1.436,1.436
20261003-211223,365.190,81053,2225,9,0,,0,1,0.918,0.918,0.918
20261003-211223,365.190,81053,2159,9,0,,0,1,0.918,0.918,0.918
20261003-211223,365.310,81053,3239,6,0,,0,1,0.120,0.520,0.520
20261003-211223,365.792,81053,6478,8,0,,0,1,0.482,1.002,1.002
20261003-211223,365.792,81053,2753,10,0,,0,1,0.602,2.038,2.038
20261003-211223,365.792,81053,841,10,1,Swiftness,1,1,2.038,2.038,2.038
20261003-211223,365.792,81053,2773,8,0,,0,1,0.602,1.002,1.002
20261003-211223,365.792,81053,2159,9,0,,0,1,0.602,1.520,1.520
20261003-211223,366.310,81053,2159,10,0,,0,1,0.518,2.038,2.038
20261003-211223,366.832,81053,2593,9,1,Resolution,0,1,2.560,2.560,2.560
20261003-211223,366.832,81053,2405,8,1,Resolution,0,1,15.794,16.398,16.398
20261003-211223,367.360,81053,2593,7,0,,0,1,0.528,0.528,3.088
20261003-211223,367.360,81053,2405,7,0,,0,1,0.528,0.528,16.926
20261003-211223,367.360,81053,1902,10,1,Resolution,1,1,1.050,3.088,3.088
20261003-211223,367.360,81053,2277,8,1,Regeneration,1,1,2.170,2.170,2.170
20261003-211223,368.752,81326,526,9,0,,0,1,1.392,1.392,1.392
20261003-211223,368.752,81326,620,9,1,Swiftness,1,1,4.480,4.998,4.998
20261003-211223,369.788,81326,665,6,1,Might,1,1,2.428,2.956,19.354
20261003-211223,369.788,81326,717,5,1,Might,1,1,2.428,2.956,5.516
20261003-211223,369.788,81326,630,10,1,Protection,1,1,2.428,2.428,2.428
20261003-211223,369.788,81326,671,11,1,Protection,1,1,3.996,4.998,4.998
20261003-211223,370.308,81326,227,10,1,Might,1,1,4.516,4.516,4.516
20261003-211223,370.308,81326,1002,10,0,,0,1,0.520,0.520,0.520
20261003-211223,370.308,81326,671,11,1,Might,1,1,4.516,6.554,6.554
20261003-211223,370.308,81326,542,7,1,Vigor,1,1,5.118,6.036,6.036
20261003-211223,370.308,81326,620,8,2,Might+Resolution,1,1,1.556,1.556,1.556
20261003-211223,370.308,81326,717,5,0,,0,1,0.520,0.520,0.520
20261003-211223,370.308,81326,940,9,0,,0,1,0.520,0.520,0.520
20261003-211223,370.308,81326,526,7,1,Might,0,1,1.556,2.948,2.948
20261003-211223,370.308,81326,665,4,0,,0,1,0.520,0.520,0.520
20261003-211223,384.826,81053,2370,1,1,Resolution,1,1,14.518,14.518,17.466
20261003-211223,384.914,81053,706,8,2,Fury+Might,1,1,14.606,14.606,14.606
20261003-211223,384.914,81053,2312,10,2,Fury+Might,1,1,14.606,15.126,15.126
20261003-211223,384.914,81053,2471,8,2,Resolution+Might,1,1,14.606,15.126,15.126
20261003-211223,384.914,81053,2169,11,2,Fury+Might,1,1,14.606,15.126,15.126
20261003-211223,384.914,81053,2312,8,2,Fury+Might,1,1,14.606,14.606,14.606
20261003-211223,385.350,81053,2629,1,0,,0,1,0.524,0.524,0.524
20261003-211223,385.432,81053,783,7,0,,0,1,0.518,0.518,0.518
20261003-211223,385.432,81053,2542,6,1,Fury,1,1,15.124,15.644,15.644
20261003-211223,385.434,81053,1864,7,1,Might,1,1,15.126,15.126,15.126
20261003-211223,385.434,81053,2564,8,0,,0,1,0.520,0.520,0.520
20261003-211223,385.434,81053,2583,9,1,Regeneration,1,1,19.642,20.644,20.644
20261003-211223,385.954,81053,783,7,0,,0,1,0.522,1.040,1.040
20261003-211223,385.954,81053,2308,6,1,Protection,1,1,1.040,1.040,1.040
20261003-211223,386.468,81053,3445,3,0,,0,1,0.514,0.514,0.514
20261003-211223,386.468,81053,4079,4,1,Resolution,1,1,1.554,1.554,1.554
20261003-211223,386.468,81053,3855,5,1,Might,1,1,1.034,1.034,1.034
20261003-211223,386.468,81053,1257,6,0,,0,1,0.514,1.554,1.554
20261003-211223,386.468,81053,3795,4,1,Alacrity,1,1,1.036,1.036,1.036
20261003-211223,398.032,81326,1070,3,0,,0,1,12.598,12.598,12.598
20261003-211223,398.032,81326,684,5,1,Protection,1,1,12.598,13.118,13.118
20261003-211223,399.072,81326,232,9,1,Resolution,1,1,12.604,14.158,14.158
20261003-211223,399.590,81326,714,9,1,Resolution,1,1,14.676,14.676,14.676
20261003-211223,399.590,81326,249,8,0,,0,1,0.518,0.518,0.518
20261003-211223,399.590,81326,596,9,1,Resolution,1,1,14.240,14.764,14.764
20261003-211223,412.032,81053,2395,8,1,Might,1,1,25.564,26.078,26.078
20261003-211223,412.032,81053,2395,7,1,Might,1,1,14.000,14.000,14.000
20261003-211223,412.032,81053,2681,9,1,Regeneration,1,1,25.564,25.564,25.564
20261003-211223,412.550,81053,2254,8,0,,0,1,0.518,0.518,0.518
20261003-211223,412.550,81053,2313,9,1,Swiftness,1,1,42.242,42.242,42.242
20261003-211223,412.550,81053,2310,8,1,Swiftness,1,1,12.960,12.960,12.960
20261003-211223,412.550,81053,2254,5,0,,0,1,0.518,0.518,0.518
20261003-211223,412.952,81053,2402,9,1,Swiftness,1,1,26.484,26.484,26.484
20261003-211223,412.952,81053,2254,5,0,,0,1,0.402,0.920,0.920
20261003-211223,412.952,81053,2483,10,1,Swiftness,1,1,26.484,26.484,26.484
20261003-211223,413.070,81053,2587,9,0,,0,1,0.118,0.118,0.118
20261003-211223,413.070,81053,2348,6,0,,0,1,0.118,1.038,1.038
20261003-211223,413.070,81053,2502,9,0,,0,1,0.118,0.118,0.118
20261003-211223,413.550,81053,5400,9,0,,0,1,0.480,0.598,0.598
20261003-211223,413.550,81053,5224,9,0,,0,1,0.480,0.598,0.598
20261003-211223,413.550,81053,4902,6,0,,0,1,0.480,1.518,1.518
20261003-211223,413.586,81053,2840,9,1,Regeneration,1,1,13.996,13.996,13.996
20261003-211223,414.066,81053,2840,8,0,,0,1,0.480,0.480,0.480
20261003-211223,414.066,81053,2743,7,1,Fury,1,1,2.034,2.034,2.034
20261003-211223,414.512,81053,2516,9,1,Stability,1,1,1.962,1.962,1.962
20261003-211223,414.512,81053,2513,9,1,Stability,1,1,1.962,1.962,1.962
20261003-211223,414.512,81053,895,9,1,Might,1,1,14.922,15.440,15.440
20261003-211223,414.512,81053,2451,9,1,Stability,1,1,1.962,2.480,2.480
20261003-211223,428.114,81326,324,6,1,Fury,1,1,13.602,13.602,13.602
20261003-211223,428.630,81326,690,7,0,,0,1,14.564,15.044,15.044
20261003-211223,428.630,81326,302,5,0,,0,1,0.516,0.516,0.516
20261003-211223,429.152,81326,690,5,0,,0,1,0.522,15.566,15.566
20261003-211223,429.152,81326,577,7,1,Might,1,1,14.640,14.640,14.640
20261003-211223,429.152,81326,302,4,0,,0,1,0.522,1.038,1.038
20261003-211223,429.666,81326,690,5,0,,0,1,0.514,16.080,16.080
20261003-211223,429.666,81326,730,7,1,Might,1,1,16.116,16.714,16.714
20261003-211223,429.666,81326,662,8,1,Might,1,1,15.154,15.154,15.154
20261003-211223,429.666,81326,577,5,0,,0,1,0.514,0.514,0.514
20261003-211223,429.666,81326,302,4,0,,0,1,0.514,1.552,1.552
20261003-211223,429.666,81326,662,7,1,Might,1,1,16.116,17.634,17.634
20261003-211223,433.990,81053,2558,8,0,,0,1,4.324,4.324,4.324
20261003-211223,433.990,81053,2023,8,1,Fury,1,1,4.324,4.838,4.838
20261003-211223,434.512,81053,2824,5,1,Resolution,1,1,20.446,20.446,20.446
20261003-211223,434.512,81053,857,6,1,Protection,1,1,4.846,6.398,6.398
20261003-211223,434.512,81053,1979,7,0,,0,1,0.522,0.522,0.522
20261003-211223,434.512,81053,2502,8,0,,0,1,0.522,4.846,4.846
20261003-211223,435.432,81053,2824,5,0,,0,1,0.920,0.920,0.920
20261003-211223,502.438,80901,9429,9,1,Resolution,1,1,72.772,72.772,72.772
20261003-211223,502.438,80901,10389,7,1,Fury,1,1,67.926,72.772,72.772
20261003-211223,502.438,80901,9498,9,1,Might,1,1,67.006,67.926,67.926
20261003-211223,502.438,80901,6286,10,1,Might,1,1,72.772,72.772,72.772
20261003-211223,502.438,80901,8042,9,1,Protection,1,1,87.926,87.926,87.926
20261003-211223,502.438,80901,5478,8,1,Fury,1,1,67.926,68.448,68.448
20261003-211223,502.438,80901,6272,8,1,Fury,1,1,104.406,117.004,117.004
20261003-211223,502.952,80901,7772,6,1,Fury,1,1,89.402,90.000,90.000
20261003-211223,502.952,80901,9816,7,0,,0,1,0.514,0.514,0.514
20261003-211223,502.952,80901,7210,5,1,Regeneration,0,1,0.514,0.514,0.514
20261003-211223,502.952,80901,9816,7,1,Regeneration,0,1,0.514,0.514,0.514
20261003-211223,503.470,80901,11658,6,0,,0,1,0.518,0.518,0.518
20261003-211223,503.470,80901,6592,7,1,Swiftness,1,1,1.032,1.032,1.032
20261003-211223,503.996,80901,7772,6,0,,0,1,0.526,1.044,1.044
20261003-211223,517.954,80901,9489,9,1,Might,1,1,88.288,104.368,104.368
20261003-211223,517.954,80901,3242,8,1,Fury,1,1,13.958,15.002,15.002
20261003-211223,528.904,81326,225,8,1,Might,1,1,94.392,94.392,94.392
20261003-211223,529.428,81326,667,9,0,,0,1,25.958,25.958,25.958
20261003-211223,529.428,81326,551,10,0,,0,1,26.990,26.990,26.990
20261003-211223,529.428,81326,662,7,0,,0,1,26.476,26.990,26.990
20261003-211223,529.428,81326,467,8,1,Resolution,1,1,26.990,26.990,26.990
20261003-211223,529.428,81326,708,10,1,Protection,1,1,11.474,11.474,11.474
20261003-211223,529.428,81326,622,9,1,Might,1,1,11.474,11.474,11.474
20261003-211223,529.428,81326,535,10,1,Resolution,1,1,26.990,26.990,26.990
20261003-211223,529.428,81326,662,8,1,Might,1,1,26.476,26.476,26.990
20261003-211223,532.442,80901,8819,10,1,Protection,1,1,3.014,3.014,3.014
20261003-211223,532.442,80901,5908,8,1,Resolution,1,1,29.490,29.490,30.004
20261003-211223,532.442,80901,4672,11,1,Resolution,1,1,3.014,3.014,3.014
20261003-211223,532.442,80901,6620,8,1,Resolution,1,1,3.014,3.014,3.014
20261003-211223,532.442,80901,5958,7,1,Fury,1,1,3.014,30.004,30.004
20261003-211223,532.444,80901,3334,8,1,Fury,1,1,3.016,28.974,28.974
20261003-211223,532.948,80901,5592,6,0,,0,1,0.506,0.506,0.506
20261003-211223,532.948,80901,3418,7,1,Alacrity,1,1,4.044,4.044,4.044
20261003-211223,532.958,80901,6064,9,1,Alacrity,1,1,3.530,3.530,3.530
20261003-211223,532.958,80901,6160,8,0,,0,1,0.516,0.516,0.516
20261003-211223,532.958,80901,6640,9,0,,0,1,0.516,0.516,0.516
20261003-211223,547.948,80901,1244,6,1,Might,1,1,18.520,45.510,45.510
20261003-211223,547.948,80901,1274,5,1,Might,1,1,14.990,15.506,15.506
20261003-211223,548.462,80901,1244,6,0,,0,1,0.514,0.514,0.514
20261003-211223,548.462,80901,844,8,1,Resolution,1,1,15.514,15.514,15.514
20261003-211223,548.462,80901,1156,7,1,Might,1,1,15.514,16.020,16.020
20261003-213542,273.834,81326,724,8,1,Fury,1,1,,,
20261003-213542,273.834,81326,800,6,1,Fury,1,1,,,
20261003-213542,273.834,81326,876,4,1,Might,1,1,,,
20261003-213542,273.834,81326,742,4,1,Swiftness,1,1,,,
20261003-213542,273.834,81326,742,3,0,,0,1,,,
20261003-213542,301.708,81326,710,8,1,Resolution,1,1,,,
20261003-213542,301.708,81326,759,6,1,Resolution,1,1,27.874,27.874,27.874
20261003-213542,302.224,81326,759,5,0,,0,1,0.516,0.516,0.516
20261003-213542,302.744,81326,724,9,1,Swiftness,1,1,28.910,28.910,28.910
20261003-213542,302.744,81326,297,7,1,Might,1,1,,,
20261003-213542,302.744,81326,945,6,1,Swiftness,1,1,,,
20261003-213542,302.744,81326,759,7,1,Resolution,1,1,28.910,,
20261003-213542,322.310,81053,2622,9,1,Swiftness,1,1,20.602,20.602,20.602
20261003-213542,322.310,81053,2191,9,1,Protection,1,1,48.476,48.476,48.476
20261003-213542,322.828,81053,3117,7,1,Fury,1,1,48.994,48.994,48.994
20261003-213542,322.830,81053,2736,8,0,,0,1,0.520,0.520,0.520
20261003-213542,323.748,81053,3556,8,1,Swiftness,1,1,1.438,1.438,1.438
20261003-213542,323.878,81053,3556,7,0,,0,1,0.130,0.130,0.130
20261003-213542,324.384,81053,2986,4,1,Swiftness,1,1,1.556,1.556,1.556
20261003-213542,325.390,81053,2753,8,1,Resolution,1,1,22.646,22.646,22.646
20261003-213542,325.390,81053,2238,7,1,Resolution,1,1,1.512,1.642,1.642
20261003-213542,325.390,81053,2830,5,1,Fury,1,1,22.646,22.646,22.646
20261003-213542,325.908,81053,2968,6,1,Swiftness,1,1,,,
20261003-213542,325.908,81053,3118,7,0,,0,1,0.518,0.518,0.518
20261003-213542,325.910,81053,1152,6,1,Might,1,1,23.166,23.166,23.166
20261003-213542,325.910,81053,3335,5,1,Resolution,1,1,23.686,24.202,24.202
20261003-213542,325.910,81053,3095,7,1,Swiftness,1,1,3.080,3.600,3.600
20261003-213542,325.910,81053,2637,6,0,,0,1,0.520,0.520,0.520
20261003-213542,331.106,81326,684,8,1,Resolution,1,1,5.196,5.196,5.196
20261003-213542,331.624,81326,743,8,1,Resolution,1,1,6.234,6.234,6.234
20261003-213542,331.624,81326,684,7,0,,0,1,0.518,0.518,0.518
20261003-213542,331.624,81326,926,4,1,Resolution,1,1,28.880,28.880,28.880
20261003-213542,331.624,81326,790,7,1,Resolution,1,1,5.714,6.234,6.234
20261003-213542,332.148,81326,926,3,0,,0,1,0.524,0.524,0.524
20261003-213542,332.148,81326,790,7,0,,0,1,0.524,0.524,0.524
20261003-213542,332.148,81326,633,8,0,,0,1,0.524,1.042,1.042
20261003-213542,342.990,81053,2685,7,1,Alacrity,1,1,17.080,17.080,17.080
20261003-213542,342.990,81053,3099,6,1,Regeneration,1,1,17.082,17.082,17.082
20261003-213542,342.990,81053,3216,7,1,Resolution,1,1,18.606,18.606,18.606
20261003-213542,342.990,81053,4127,11,1,Swiftness,1,1,10.842,11.366,11.366
20261003-213542,342.990,81053,3137,7,1,Resolution,1,1,10.842,11.884,11.884
20261003-213542,342.990,81053,2187,7,1,Regeneration,1,1,10.842,11.366,11.366
20261003-213542,342.992,81053,3315,6,1,Regeneration,1,1,11.368,11.368,11.368
20261003-213542,342.992,81053,3127,8,1,Resolution,1,1,,,
20261003-213542,342.992,81053,1086,7,1,Regeneration,1,1,17.082,17.082,17.082
20261003-213542,342.992,81053,2560,9,1,Might,1,1,17.084,17.602,17.602
20261003-213542,343.510,81053,2795,7,0,,0,1,0.520,0.520,0.520
20261003-213542,343.510,81053,3226,6,0,,0,1,0.520,0.520,0.520
20261003-213542,343.510,81053,6694,8,0,,0,1,0.520,0.520,0.520
20261003-213542,343.510,81053,6532,8,0,,0,1,0.520,0.520,0.520
20261003-213542,343.510,81053,6902,7,0,,0,1,0.518,0.518,0.518
20261003-213542,343.510,81053,6512,8,0,,0,1,0.518,0.518,0.518
20261003-213542,343.510,81053,1130,7,0,,0,1,0.518,0.518,0.518
20261003-213542,343.510,81053,2600,7,0,,0,1,0.520,0.520,0.520
20261003-213542,344.034,81053,4076,7,0,,0,1,0.524,1.042,1.042
20261003-213542,344.034,81053,2669,9,1,Vigor,1,1,1.042,1.042,1.042
20261003-213542,344.034,81053,3111,8,0,,0,1,0.524,1.042,1.042
20261003-213542,344.034,81053,2605,9,0,,0,1,0.524,1.044,1.044
20261003-213542,344.036,81053,2824,7,0,,0,1,0.526,1.046,1.046
20261003-213542,344.036,81053,2800,7,0,,0,1,0.526,1.046,1.046
20261003-213542,344.432,81053,2800,7,0,,0,1,0.396,1.442,1.442
20261003-213542,344.432,81053,2824,8,0,,0,1,0.396,1.442,1.442
20261003-213542,344.432,81053,3018,8,0,,0,1,0.922,1.442,1.442
20261003-213542,344.432,81053,2605,9,0,,0,1,0.398,1.442,1.442
20261003-213542,344.432,81053,2038,7,0,,0,1,0.398,1.440,1.440
20261003-213542,344.432,81053,2669,9,0,,0,1,0.398,0.398,0.398
20261003-213542,344.550,81053,2038,7,0,,0,1,0.118,1.558,1.558
20261003-213542,344.550,81053,2669,8,0,,0,1,0.118,0.516,0.516
20261003-213542,344.550,81053,5210,8,0,,0,1,0.118,1.560,1.560
20261003-213542,344.550,81053,5648,8,0,,0,1,0.118,1.560,1.560
20261003-213542,344.550,81053,3018,9,0,,0,1,0.118,1.560,1.560
20261003-213542,344.550,81053,2800,6,0,,0,1,0.118,1.560,1.560
20261003-213542,344.950,81053,3261,10,1,Resolution,1,1,1.440,1.958,1.958
20261003-213542,344.950,81053,6006,9,1,Resistance,1,1,1.440,1.960,1.960
20261003-213542,344.950,81053,6036,9,0,,0,1,0.400,1.960,1.960
20261003-213542,344.950,81053,5605,8,0,,0,1,0.400,0.916,0.916
20261003-213542,344.950,81053,5210,8,0,,0,1,0.400,1.960,1.960
20261003-213542,344.952,81053,4076,8,0,,0,1,0.402,1.960,1.960
20261003-213542,344.952,81053,2824,8,0,,0,0,0.402,1.962,1.962
20261003-213542,345.028,81053,5600,7,0,,0,1,0.478,2.038,2.038
20261003-213542,345.064,81053,2605,8,0,,0,1,0.114,2.074,2.074
20261003-213542,345.064,81053,3018,9,0,,0,1,0.114,2.074,2.074
20261003-213542,345.064,81053,2038,8,0,,0,1,0.112,2.072,2.072
20261003-213542,345.466,81053,2216,8,0,,0,1,0.402,2.474,2.474
20261003-213542,345.466,81053,2832,8,0,,0,1,0.402,2.476,2.476
20261003-213542,345.466,81053,4211,7,1,Protection,1,1,2.476,2.476,2.476
20261003-213542,345.468,81053,3281,9,0,,0,0,0.404,2.478,2.478
20261003-213542,345.548,81053,3105,7,0,,0,1,0.520,2.558,2.558
20261003-213542,345.998,81053,3399,10,0,,0,1,1.048,1.048,1.048
20261003-213542,345.998,81053,3835,7,1,Protection,1,1,1.046,3.008,3.008
20261003-213542,345.998,81053,3007,9,0,,0,1,0.532,3.008,3.008
20261003-213542,345.998,81053,3591,9,1,Protection,1,1,1.964,3.006,3.006
20261003-213542,360.588,81326,691,7,0,,0,1,14.590,14.590,14.590
20261003-213542,360.588,81326,745,9,0,,0,1,15.120,17.598,17.598
20261003-213542,360.588,81326,627,9,0,,0,1,14.590,14.590,14.590
20261003-213542,360.588,81326,861,9,0,,0,1,15.122,15.122,15.122
20261003-213542,361.110,81326,654,10,1,Swiftness,1,1,15.112,16.160,16.160
20261003-213542,361.110,81326,861,9,0,,0,1,0.522,15.644,15.644
20261003-213542,361.110,81326,745,9,0,,0,1,0.522,18.120,18.120
20261003-213542,361.110,81326,547,8,1,Swiftness,1,1,15.112,18.120,18.120
20261003-213542,361.622,81326,745,9,0,,0,1,0.512,18.632,18.632
20261003-213542,362.144,81326,745,9,0,,0,1,0.522,19.154,19.154
20261003-213542,362.866,81053,4076,8,1,Might,1,1,1.756,17.400,17.400
20261003-213542,362.866,81053,3529,9,0,,0,1,0.722,19.876,19.876
20261003-213542,363.392,81053,4243,4,0,,0,1,0.526,0.526,0.526
20261003-213542,363.392,81053,3139,5,1,Might,1,1,17.926,20.400,20.400
20261003-213542,363.392,81053,3408,7,1,Might,1,1,2.804,17.394,17.394
20261003-213542,363.392,81053,2695,8,1,Stability,1,1,2.282,2.282,2.282
20261003-213542,363.392,81053,3249,7,1,Regeneration,1,1,18.442,19.358,19.358
20261003-213542,363.392,81053,3226,7,1,Might,1,1,2.282,2.282,2.282
20261003-213542,363.392,81053,3674,8,0,,0,1,0.526,20.402,20.402
20261003-213542,363.905,81053,2695,9,0,,0,1,0.513,0.513,0.513
20261003-213542,363.905,81053,1459,7,0,,0,1,0.513,0.513,0.513
20261003-213542,363.905,81053,3249,9,0,,0,1,0.513,0.513,0.513
20261003-213542,363.905,81053,3408,9,0,,0,1,0.513,0.513,0.513
20261003-213542,364.304,81053,1431,8,0,,0,1,0.399,0.912,0.912
20261003-213542,364.304,81053,3034,8,1,Fury,1,1,3.716,18.306,18.306
20261003-213542,364.304,81053,3187,9,0,,0,1,0.399,0.912,0.912
20261003-213542,364.304,81053,2643,9,0,,0,1,0.399,0.912,0.912
20261003-213542,364.430,81053,2643,9,0,,0,1,0.126,1.038,1.038
20261003-213542,364.430,81053,3187,9,0,,0,1,0.126,1.038,1.038
20261003-213542,364.430,81053,1431,8,0,,0,1,0.126,1.038,1.038
20261003-213542,364.430,81053,3034,7,0,,0,1,0.126,0.126,0.126
20261003-213542,364.822,81053,1403,8,0,,0,1,0.392,1.430,1.430
20261003-213542,364.908,81053,6554,9,0,,0,1,1.003,1.516,1.516
20261003-213542,364.908,81053,6204,7,1,Vigor,1,1,1.516,1.516,1.516
20261003-213542,364.950,81053,3987,8,1,Protection,1,1,20.000,20.000,20.000
20261003-213542,364.950,81053,1193,10,0,,0,1,0.128,1.558,1.558
20261003-213542,364.950,81053,3672,8,1,Might,1,1,1.558,2.084,2.084
20261003-213542,365.348,81053,2410,10,0,,0,1,0.398,1.956,1.956
20261003-213542,365.424,81053,3243,7,0,,0,1,2.032,22.434,22.434
20261003-213542,365.424,81053,6070,8,0,,0,1,0.474,0.474,0.474
20261003-213542,365.424,81053,3034,8,0,,0,1,0.994,1.120,1.120
20261003-213542,365.424,81053,3343,9,0,,0,1,0.516,2.032,2.032
20261003-213542,365.872,81053,12378,8,0,,0,1,0.448,0.922,0.922
20261003-213542,365.872,81053,6816,9,0,,0,1,0.448,2.480,2.480
20261003-213542,365.872,81053,3249,9,1,Swiftness,1,1,1.442,2.480,2.480
20261003-213542,365.872,81053,3306,7,0,,0,1,0.448,22.882,22.882
20261003-213542,365.872,81053,6186,9,0,,0,1,0.448,1.568,1.568
20261003-213542,365.872,81053,3819,7,0,,0,1,0.922,0.922,0.922
20261003-213542,366.464,81053,2981,7,0,,0,1,0.592,23.474,23.474
20261003-213542,366.466,81053,5580,8,0,,0,0,0.594,1.516,1.516
20261003-213542,383.668,81053,6932,10,1,Alacrity,1,1,17.796,18.718,18.718
20261003-213542,383.668,81053,4778,9,1,Swiftness,1,1,17.796,17.796,17.796
20261003-213542,383.668,81053,5054,9,1,Alacrity,1,1,17.796,19.364,19.364
20261003-213542,383.748,81053,2635,10,1,Alacrity,1,1,18.840,18.840,18.840
20261003-213542,383.748,81053,2505,9,1,Resolution,1,1,38.200,40.758,40.758
20261003-213542,383.748,81053,2701,9,1,Resolution,1,1,17.284,40.758,40.758
20261003-213542,383.748,81053,2918,9,1,Resolution,1,1,17.282,18.798,18.798
20261003-213542,383.748,81053,3275,10,1,Alacrity,1,1,17.876,20.356,20.356
20261003-213542,383.748,81053,1981,10,1,Resolution,1,1,19.318,20.356,20.356
20261003-213542,383.748,81053,912,9,1,Alacrity,1,1,18.400,20.356,20.356
20261003-213542,384.188,81053,6932,9,0,,0,1,0.520,0.520,0.520
20261003-213542,384.188,81053,3962,10,0,,0,1,0.440,0.440,0.440
20261003-213542,384.188,81053,6550,9,0,,0,1,0.440,0.440,0.440
20261003-213542,384.188,81053,5836,9,0,,0,1,0.440,0.440,0.440
20261003-213542,384.188,81053,912,9,0,,0,1,0.440,0.440,0.440
20261003-213542,384.188,81053,5402,9,0,,0,1,0.440,0.440,0.440
20261003-213542,384.188,81053,5270,9,0,,0,1,0.440,0.440,0.440
20261003-213542,384.188,81053,5010,8,0,,0,1,0.440,0.440,0.440
20261003-213542,384.188,81053,5054,8,0,,0,1,0.520,0.520,0.520
20261003-213542,384.188,81053,4778,9,0,,0,1,0.520,0.520,0.520
20261003-213542,384.708,81053,1764,8,0,,0,1,0.520,0.960,0.960
20261003-213542,384.708,81053,3962,9,0,,0,1,0.520,0.960,0.960
20261003-213542,384.708,81053,2274,6,0,,0,1,0.520,1.040,1.040
20261003-213542,384.708,81053,2948,8,0,,0,1,0.520,0.960,0.960
20261003-213542,384.708,81053,2701,9,0,,0,1,0.520,0.960,0.960
20261003-213542,384.708,81053,2505,8,0,,0,1,0.520,0.960,0.960
20261003-213542,384.708,81053,2389,9,0,,0,1,0.520,1.040,1.040
20261003-213542,384.708,81053,2371,8,0,,0,1,0.520,0.960,0.960
20261003-213542,384.708,81053,6238,7,0,,0,1,0.520,1.040,1.040
20261003-213542,384.708,81053,2918,8,0,,0,1,0.520,0.960,0.960
20261003-213542,385.304,81053,1317,7,0,,0,1,0.596,1.556,1.556
20261003-213542,385.304,81053,1981,9,0,,0,1,0.596,1.556,1.556
20261003-213542,385.304,81053,2274,6,0,,0,1,0.596,1.636,1.636
20261003-213542,385.304,81053,2389,9,0,,0,1,0.596,1.636,1.636
20261003-213542,385.304,81053,2701,8,0,,0,1,0.596,1.556,1.556
20261003-213542,385.304,81053,2505,8,0,,0,1,0.596,1.556,1.556
20261003-213542,385.304,81053,2371,7,0,,0,1,0.596,1.556,1.556
20261003-213542,409.820,81053,3562,9,1,Resistance,1,1,25.112,26.152,26.152
20261003-213542,409.820,81053,2861,7,1,Might,1,1,25.112,26.072,26.072
20261003-213542,410.346,81053,5722,6,0,,0,1,0.526,0.526,0.526
20261003-213542,410.348,81053,3000,9,1,Resistance,1,1,25.640,26.600,26.600
20261003-213542,410.348,81053,2399,8,1,Resistance,1,1,25.044,26.680,26.680
20261003-213542,410.348,81053,3562,7,0,,0,1,0.528,0.528,0.528
20261003-213542,410.866,81053,3000,6,0,,0,1,0.518,0.518,0.518
20261003-213542,410.866,81053,2861,6,0,,0,1,0.520,1.046,1.046
20261003-213542,410.866,81053,2399,6,0,,0,1,0.518,0.518,0.518
20261003-213542,411.264,81053,2776,8,1,Regeneration,1,1,25.960,27.516,27.516
20261003-213542,411.264,81053,2036,9,1,Resolution,1,1,25.960,27.516,27.516
20261003-213542,411.266,81053,2399,6,0,,0,1,0.400,0.918,0.918
20261003-213542,411.266,81053,2861,7,0,,0,1,0.400,1.446,1.446
20261003-213542,411.266,81053,3000,6,0,,0,1,0.400,0.918,0.918
20261003-213542,411.382,81053,5416,8,1,Swiftness,1,1,26.078,27.634,27.634
20261003-213542,411.382,81053,3000,6,0,,0,1,0.116,1.034,1.034
20261003-213542,411.382,81053,2399,6,0,,0,1,0.116,1.034,1.034
20261003-213542,411.382,81053,2861,7,0,,0,1,0.116,1.562,1.562
20261003-213542,411.382,81053,2597,12,1,Protection,1,1,26.078,27.714,27.714
20261003-213542,411.788,81053,5441,7,0,,0,1,0.406,1.968,1.968
20261003-213542,411.788,81053,2036,9,0,,0,1,0.524,0.524,0.524
20261003-213542,411.788,81053,4562,10,0,,0,1,0.406,1.440,1.440
20261003-213542,411.788,81053,5704,7,0,,0,1,0.406,1.440,1.440
20261003-213542,411.788,81053,2776,10,0,,0,1,0.524,0.524,0.524
20261003-213542,411.788,81053,3206,9,1,Protection,1,1,1.440,1.968,1.968
20261003-213542,411.788,81053,3844,8,1,Swiftness,1,1,26.484,28.040,28.040
20261003-213542,411.900,81053,2197,9,0,,0,1,0.518,0.518,0.518
20261003-213542,411.900,81053,2341,11,0,,0,1,0.518,0.518,0.518
20261003-213542,411.902,81053,3465,8,0,,0,1,0.114,0.114,0.114
20261003-213542,411.902,81053,4313,8,0,,0,1,0.114,0.114,0.114
20261003-213542,411.902,81053,2503,11,0,,0,1,0.114,0.638,0.638
20261003-213542,411.902,81053,1836,9,0,,0,1,0.114,0.638,0.638
20261003-213542,412.310,81053,2704,7,0,,0,1,0.522,1.962,1.962
20261003-213542,412.310,81053,2580,7,0,,0,1,0.522,2.490,2.490
20261003-213542,412.310,81053,2163,10,0,,0,1,0.522,1.962,1.962
20261003-213542,412.822,81053,2823,7,0,,0,1,0.512,2.474,2.474
20261003-213542,412.822,81053,1764,9,1,Fury,1,1,27.518,29.074,29.074
20261003-213542,412.822,81053,2257,9,0,,0,1,0.512,2.474,2.474
20261003-213542,412.822,81053,2444,11,0,,0,1,0.922,1.440,1.440
20261003-213542,412.822,81053,2692,7,0,,0,1,0.512,3.002,3.002
20261003-213542,412.822,81053,2293,9,0,,0,1,0.922,1.440,1.440
20261003-213542,413.424,81053,2389,11,0,,0,1,0.602,2.042,2.042
20261003-213542,413.424,81053,2721,10,1,Swiftness,1,1,1.522,2.160,2.160
20261003-213542,413.424,81053,3768,7,1,Swiftness,1,1,1.522,1.636,1.636
20261003-213542,413.424,81053,3143,9,1,Swiftness,1,1,1.522,1.636,1.636
20261003-213542,427.068,81326,625,6,1,Swiftness,1,1,14.246,17.248,17.248
20261003-213542,427.068,81326,494,7,1,Resolution,1,1,15.166,15.804,15.804
20261003-213542,427.068,81326,865,5,1,Swiftness,1,1,13.644,13.644,13.644
20261003-213542,427.068,81326,592,8,1,Swiftness,1,1,13.644,15.686,15.686
20261003-213542,427.068,81326,729,10,0,,0,1,14.246,16.720,16.720
20261003-213542,427.068,81326,625,9,1,Might,1,1,13.644,13.644,13.644
20261003-213542,427.068,81326,631,10,1,Might,1,1,14.246,15.686,15.686
20261003-213542,427.068,81326,611,9,0,,0,1,14.246,16.720,16.720
20261003-213542,427.068,81326,253,7,1,Regeneration,1,1,14.246,14.246,14.246
20261003-213542,427.584,81326,272,6,0,,0,1,0.516,0.516,0.516
20261003-213542,427.584,81326,611,8,0,,0,1,0.516,17.236,17.236
20261003-213542,427.584,81326,631,8,0,,0,1,0.516,0.516,0.516
20261003-213542,427.586,81326,729,10,0,,0,1,0.518,17.238,17.238
20261003-213542,427.586,81326,592,6,0,,0,1,0.518,0.518,0.518
20261003-213542,427.586,81326,865,3,0,,0,1,0.518,0.518,0.518
20261003-213542,427.586,81326,494,6,0,,0,1,0.518,0.518,0.518
20261003-213542,427.586,81326,625,7,0,,0,1,0.518,0.518,0.518
20261003-213542,427.586,81326,625,4,0,,0,1,0.518,0.518,0.518
20261003-213542,430.824,81053,2342,8,1,Swiftness,1,1,3.238,3.756,3.756
20261003-213542,430.824,81053,1345,7,1,Might,1,1,3.240,3.756,3.756
20261003-213542,430.824,81053,2496,8,1,Might,1,1,3.240,3.756,3.756
20261003-213542,430.824,81053,2524,7,1,Swiftness,1,1,3.238,3.756,3.756
20261003-213542,430.824,81053,2883,9,1,Swiftness,1,1,3.238,20.476,20.476
20261003-213542,430.824,81053,2417,10,1,Swiftness,1,1,3.240,20.476,20.476
20261003-213542,431.346,81053,2690,8,0,,0,1,0.522,0.522,0.522
20261003-213542,431.346,81053,4684,8,0,,0,1,0.522,0.522,0.522
20261003-213542,431.346,81053,4950,8,0,,0,1,0.522,0.522,0.522
20261003-213542,431.346,81053,4992,9,0,,0,1,0.522,0.522,0.522
20261003-213542,431.348,81053,2668,8,1,Regeneration,1,1,17.924,17.924,17.924
20261003-213542,431.860,81053,1957,9,1,Protection,1,1,4.274,4.792,4.792
20261003-213542,431.860,81053,1345,10,0,,0,1,0.514,1.036,1.036
20261003-213542,431.860,81053,2668,8,0,,0,1,0.512,0.512,0.512
20261003-213542,431.860,81053,2475,10,0,,0,1,0.514,1.036,1.036
20261003-213542,432.260,81053,2475,9,0,,0,1,0.400,1.436,1.436
20261003-213542,432.384,81053,4950,8,1,Might,1,1,4.798,5.316,5.316
20261003-213542,432.384,81053,4992,9,1,Might,1,1,1.038,1.560,1.560
20261003-213542,432.384,81053,5766,7,1,Might,1,1,1.560,1.560,1.560
20261003-213542,432.384,81053,5842,8,0,,0,1,0.524,0.524,0.524
20261003-213542,432.384,81053,4950,9,0,,0,1,0.124,1.560,1.560
20261003-213542,432.384,81053,3423,9,1,Might,1,1,4.798,5.316,5.316
20261003-213542,432.384,81053,2690,9,0,,0,1,0.524,1.560,1.560
20261003-213542,432.384,81053,5838,10,1,Protection,1,1,1.038,1.560,1.560
20261003-213542,432.384,81053,2668,8,0,,0,1,0.524,1.036,1.036
20261003-213542,432.864,81053,5336,9,0,,0,1,0.480,1.516,1.516
20261003-213542,432.864,81053,6992,9,0,,0,1,0.480,0.480,0.480
20261003-213542,432.864,81053,7450,8,0,,0,1,0.480,0.480,0.480
20261003-213542,432.864,81053,5842,8,0,,0,1,0.480,1.004,1.004
20261003-213542,432.864,81053,2690,9,0,,0,1,0.480,2.040,2.040
20261003-213542,432.864,81053,4950,7,0,,0,1,0.480,0.480,0.480
20261003-213542,432.864,81053,4950,9,0,,0,1,0.480,2.040,2.040
20261003-213542,432.864,81053,4834,8,1,Regeneration,1,1,2.040,2.040,2.040
20261003-213542,432.864,81053,5766,6,0,,0,1,0.480,0.480,0.480
20261003-213542,433.388,81053,1509,9,0,,0,1,0.524,2.564,2.564
20261003-213542,433.388,81053,4054,9,0,,0,1,0.524,1.004,1.004
20261003-213542,433.388,81053,2736,7,0,,0,1,0.524,0.524,0.524
20261003-213542,433.830,81053,7146,6,1,Quickness,1,1,1.446,1.446,1.446
20261003-213542,433.830,81053,2022,9,0,,0,1,0.442,3.006,3.006
20261003-213542,433.902,81053,2736,7,0,,0,1,0.514,1.038,1.038
20261003-213542,434.424,81053,2736,6,0,,0,1,0.522,1.560,1.560
20261003-213542,434.424,81053,3388,8,1,Fury,1,1,1.560,2.564,2.564
20261003-213542,434.424,81053,3888,8,1,Fury,1,1,1.560,2.040,2.040
20261003-213542,434.424,81053,1509,8,0,,0,1,0.594,3.600,3.600
20261003-213542,434.424,81053,2870,7,1,Fury,1,1,1.560,2.040,2.040
20261003-213542,434.424,81053,3343,7,1,Fury,1,1,1.560,2.040,2.040
20261003-213542,434.424,81053,3573,4,0,,0,1,0.594,0.594,0.594
20261003-213542,456.458,81326,972,5,1,Fury,1,1,22.034,22.034,22.034
20261003-213542,456.982,81326,795,6,1,Fury,1,1,24.118,25.634,25.634
20261003-213542,457.498,81326,671,8,1,Fury,1,1,23.074,24.634,24.634
20261003-213542,457.498,81326,795,6,0,,0,1,0.516,0.516,0.516
20261003-213542,458.018,81326,686,4,1,Fury,1,1,23.594,23.594,23.594
20261003-213542,458.018,81326,795,6,0,,0,1,0.520,1.036,1.036
20261003-213542,458.018,81326,687,8,0,,0,1,0.520,0.520,0.520
20261003-214253,297.786,81326,507,8,1,Swiftness,1,1,,,
20261003-214253,297.786,81326,719,9,1,Regeneration,1,1,,,
20261003-214253,297.786,81326,617,9,1,Stability,1,1,,,
20261003-214253,297.786,81326,698,6,1,Might,1,1,,,
20261003-214253,297.786,81326,587,8,1,Swiftness,1,1,,,
20261003-214253,297.786,81326,647,8,1,Fury,1,1,,,
20261003-214253,298.308,81326,456,8,0,,0,1,0.522,0.522,0.522
20261003-214253,298.308,81326,788,10,1,Stability,1,1,,,
20261003-214253,298.826,81326,788,9,0,,0,1,0.518,0.518,0.518
20261003-214253,299.352,81326,461,6,1,Protection,1,1,,,
20261003-214253,314.068,81053,3242,9,1,Might,1,1,16.282,16.282,16.282
20261003-214253,314.068,81053,2124,9,1,Fury,1,1,15.760,16.282,16.282
20261003-214253,314.068,81053,5674,10,1,Fury,1,1,16.282,16.282,16.282
20261003-214253,314.584,81053,1062,8,0,,0,1,0.516,0.516,0.516
20261003-214253,314.584,81053,2837,8,0,,0,1,0.516,0.516,0.516
20261003-214253,314.988,81053,1062,7,0,,0,1,0.404,0.920,0.920
20261003-214253,315.110,81053,3145,8,1,Resolution,1,1,17.324,17.324,17.324
20261003-214253,315.510,81053,6418,7,0,,0,1,0.400,0.400,0.400
20261003-214253,315.590,81053,5930,8,0,,0,1,1.006,1.522,1.522
20261003-214253,315.590,81053,1084,7,0,,0,1,0.602,1.522,1.522
20261003-214253,315.632,81053,3209,8,0,,0,1,0.122,0.522,0.522
20261003-214253,316.030,81053,3566,8,0,,0,1,0.398,0.920,0.920
20261003-214253,316.030,81053,2354,9,1,Resolution,1,1,16.678,16.678,16.678
20261003-214253,316.112,81053,3308,8,1,Might,1,1,2.044,2.044,2.044
20261003-214253,316.112,81053,1084,7,0,,0,1,0.522,2.044,2.044
20261003-214253,316.554,81053,3853,8,1,Vigor,1,1,17.728,18.246,18.246
20261003-214253,316.554,81053,3566,8,0,,0,1,0.524,1.444,1.444
20261003-214253,316.554,81053,3131,6,1,Resistance,1,1,,,
20261003-214253,316.554,81053,3217,9,0,,0,1,0.964,2.486,2.486
20261003-214253,316.635,81053,1084,7,0,,0,1,0.523,2.567,2.567
20261003-214253,317.152,81053,1084,8,0,,0,1,0.517,3.084,3.084
20261003-214253,329.430,81326,510,7,1,Might,1,1,13.400,13.400,13.400
20261003-214253,329.430,81326,785,9,1,Resolution,1,1,12.876,12.876,12.876
20261003-214253,329.432,81326,601,10,1,Resolution,1,1,,,
20261003-214253,329.432,81326,696,10,1,Alacrity,1,1,12.878,14.322,14.322
20261003-214253,329.432,81326,972,9,1,Alacrity,1,1,31.646,31.646,31.646
20261003-214253,329.432,81326,964,7,1,Alacrity,1,1,13.320,13.320,13.320
20261003-214253,329.946,81326,972,8,0,,0,1,0.514,0.514,0.514
20261003-214253,330.988,81326,261,8,1,Might,1,1,13.836,16.920,16.920
20261003-214253,330.988,81326,651,10,1,Fury,1,1,1.042,1.556,1.556
20261003-214253,335.072,81053,1075,7,1,Alacrity,1,1,4.084,4.084,4.084
20261003-214253,335.072,81053,2336,5,1,Alacrity,1,1,5.642,5.642,5.642
20261003-214253,335.072,81053,3106,6,1,Alacrity,1,1,18.518,18.518,18.518
20261003-214253,335.072,81053,2979,7,1,Alacrity,1,1,4.084,4.084,4.084
20261003-214253,335.072,81053,2595,10,1,Resolution,1,1,5.640,5.640,5.640
20261003-214253,335.072,81053,3205,10,1,Resolution,1,1,18.518,21.004,21.004
20261003-214253,335.072,81053,3993,9,1,Resolution,1,1,5.642,5.642,5.642
20261003-214253,335.072,81053,3282,7,1,Resolution,1,1,37.286,37.286,37.286
20261003-214253,335.072,81053,3538,7,1,Resolution,1,1,5.640,5.640,5.640
20261003-214253,335.552,81053,3754,6,0,,0,1,0.480,0.480,0.480
20261003-214253,335.552,81053,6322,7,0,,0,1,0.480,0.480,0.480
20261003-214253,335.552,81053,2754,9,0,,0,1,0.480,0.480,0.480
20261003-214253,335.552,81053,3482,7,0,,0,1,0.480,0.480,0.480
20261003-214253,335.552,81053,6592,7,0,,0,1,0.480,0.480,0.480
20261003-214253,335.552,81053,3320,9,0,,0,1,0.480,0.480,0.480
20261003-214253,335.552,81053,8112,7,0,,0,1,0.480,0.480,0.480
20261003-214253,335.552,81053,2282,7,0,,0,1,0.480,0.480,0.480
20261003-214253,335.985,81053,1141,8,0,,0,1,0.433,0.913,0.913
20261003-214253,335.985,81053,4056,7,0,,0,1,0.433,0.913,0.913
20261003-214253,335.985,81053,3296,9,0,,0,1,0.433,0.913,0.913
20261003-214253,336.512,81053,2478,7,1,Might,1,1,1.440,1.440,1.440
20261003-214253,336.512,81053,4056,7,0,,0,0,0.527,1.440,1.440
20261003-214253,336.512,81053,3482,7,0,,0,1,0.960,1.440,1.440
20261003-214253,336.512,81053,2754,8,0,,0,1,0.960,1.440,1.440
20261003-214253,336.512,81053,3754,4,0,,0,1,0.960,1.440,1.440
20261003-214253,336.512,81053,4718,7,0,,0,1,0.960,1.440,1.440
20261003-214253,336.512,81053,1227,7,0,,0,1,0.527,1.440,1.440
20261003-214253,337.112,81053,3296,7,1,Might,1,1,1.127,2.040,2.040
20261003-214253,337.112,81053,3320,8,1,Resolution,1,1,1.560,2.040,2.040
20261003-214253,337.112,81053,1831,6,0,,0,1,0.600,2.040,2.040
20261003-214253,353.230,81053,7348,2,2,Might+Quickness,1,1,16.718,18.158,18.158
20261003-214253,353.230,81053,6732,2,3,Might+Quickness+Fury,1,1,16.718,18.158,18.158
20261003-214253,353.750,81053,5896,6,1,Might,1,1,16.638,18.678,18.678
20261003-214253,353.750,81053,2978,3,1,Vigor,1,1,17.238,17.238,17.238
20261003-214253,354.270,81053,6618,6,1,Quickness,1,1,17.758,19.198,19.198
20261003-214253,354.270,81053,3798,7,1,Resistance,1,1,17.758,19.198,19.198
20261003-214253,354.670,81053,1371,8,0,,0,1,0.920,0.920,0.920
20261003-214253,354.670,81053,2978,3,0,,0,1,0.920,0.920,0.920
20261003-214253,354.670,81053,6732,1,1,Resistance,1,1,1.440,1.440,1.440
20261003-214253,354.670,81053,6251,3,3,Might+Stability+Quickness,1,1,17.558,17.558,17.558
20261003-214253,354.786,81053,3320,3,0,,0,1,0.116,1.036,1.036
20261003-214253,354.786,81053,6969,0,0,,0,1,0.116,0.116,0.116
20261003-214253,354.788,81053,5676,6,1,Fury,1,1,18.276,19.716,19.716
20261003-214253,354.788,81053,7378,6,0,,0,1,0.518,0.518,0.518
20261003-214253,354.788,81053,16382,1,1,Resistance,1,1,1.558,1.558,1.558
20261003-214253,354.788,81053,8830,6,1,Stability,1,1,17.676,17.676,17.676
20261003-214253,354.788,81053,12640,7,0,,0,1,0.518,0.518,0.518
20261003-214253,355.184,81053,12017,7,0,,0,1,0.396,0.914,0.914
20261003-214253,355.184,81053,8395,5,0,,0,1,0.396,0.396,0.396
20261003-214253,355.184,81053,7226,5,0,,0,1,0.396,0.914,0.914
20261003-214253,355.184,81053,6313,3,0,,0,1,0.398,1.434,1.434
20261003-214253,355.184,81053,16108,5,0,,0,1,0.396,0.396,0.396
20261003-214253,355.184,81053,6969,0,0,,0,0,0.398,0.514,0.514
20261003-214253,355.310,81053,3856,5,0,,0,1,0.126,1.040,1.040
20261003-214253,355.312,81053,3369,3,0,,0,0,0.128,1.562,1.562
20261003-214253,355.312,81053,4480,5,0,,0,0,0.128,0.524,0.524
20261003-214253,355.312,81053,6412,7,0,,0,0,0.128,1.042,1.042
20261003-214253,355.708,81053,1723,9,1,Might,1,1,1.038,1.958,1.958
20261003-214253,355.708,81053,3743,7,0,,0,1,0.398,1.438,1.438
20261003-214253,356.230,81053,7249,0,0,,1,1,1.046,1.560,1.560
20261003-214253,356.230,81053,1723,8,0,,0,1,0.522,0.522,0.522
20261003-215125,272.469,81326,788,7,2,Resolution+Regeneration,1,1,,,
20261003-215125,272.469,81326,766,8,1,Resolution,1,1,,,
20261003-215125,300.313,81326,820,7,1,Resolution,1,1,27.844,27.844,27.844
20261003-215125,300.313,81326,501,8,1,Resolution,1,1,,,
20261003-215125,300.313,81326,501,9,1,Might,1,1,,,
20261003-215125,300.833,81326,501,9,0,,0,1,0.520,0.520,0.520
20261003-215125,300.833,81326,738,10,1,Resolution,1,1,,,
20261003-215125,300.833,81326,575,8,1,Resolution,1,1,,,
20261003-215125,301.351,81326,704,8,1,Protection,1,1,,,
20261003-215125,301.351,81326,683,7,2,Fury+Protection,1,1,28.882,28.882,28.882
20261003-215125,301.351,81326,738,8,0,,0,1,0.518,0.518,0.518
20261003-215125,301.351,81326,501,8,0,,0,1,0.518,1.038,1.038
20261003-215125,301.867,81326,820,6,1,Protection,1,1,1.554,1.554,1.554
20261003-215125,317.431,81053,2785,8,1,Regeneration,1,1,16.080,16.080,16.080
20261003-215125,317.431,81053,3388,8,1,Resolution,1,1,15.564,15.564,15.564
20261003-215125,317.431,81053,2528,9,1,Swiftness,1,1,16.598,16.598,16.598
20261003-215125,317.431,81053,2921,10,1,Resolution,1,1,16.080,16.598,16.598
20261003-215125,317.431,81053,2785,9,1,Resolution,1,1,,,
20261003-215125,317.949,81053,2626,10,0,,0,1,0.518,0.518,0.518
20261003-215125,317.949,81053,2511,9,0,,0,1,0.518,0.518,0.518
20261003-215125,317.949,81053,2279,8,0,,0,1,0.518,0.518,0.518
20261003-215125,319.507,81053,2636,7,1,Alacrity,1,1,,,
20261003-215125,320.425,81053,3773,5,1,Vigor,1,1,2.476,2.994,2.994
20261003-215125,320.501,81053,1982,5,1,Protection,1,1,19.150,20.188,20.188
20261003-215125,321.029,81053,3388,8,1,Swiftness,1,1,3.598,3.598,3.598
20261003-215125,321.031,81053,2594,9,1,Fury,1,1,,,
20261003-215125,321.031,81053,3773,5,0,,0,1,0.606,0.606,0.606
20261003-215125,321.031,81053,2785,7,1,Protection,1,1,3.600,3.600,3.600
20261003-215125,337.673,81053,3055,6,1,Resolution,1,1,19.724,20.242,20.242
20261003-215125,337.673,81053,2644,7,1,Resolution,1,1,16.642,17.248,17.248
20261003-215125,337.673,81053,2757,7,1,Resolution,1,1,18.166,18.166,18.166
20261003-215125,337.673,81053,4347,5,1,Resolution,1,1,16.642,16.642,16.642
20261003-215125,337.673,81053,2913,7,1,Might,1,1,19.724,20.242,20.242
20261003-215125,337.673,81053,3438,4,1,Resolution,1,1,37.360,37.360,37.360
20261003-215125,337.673,81053,3094,6,1,Might,1,1,17.172,17.172,17.172
20261003-215125,337.673,81053,3393,5,1,Protection,1,1,16.644,16.644,16.644
20261003-215125,338.185,81053,5064,7,0,,0,1,0.512,0.512,0.512
20261003-215125,338.185,81053,6280,5,1,Resolution,1,1,36.834,36.834,36.834
20261003-215125,338.185,81053,8694,5,0,,0,1,0.512,0.512,0.512
20261003-215125,338.187,81053,2777,7,1,Resolution,1,1,17.156,17.156,17.156
20261003-215125,338.187,81053,2644,10,0,,0,1,0.514,0.514,0.514
20261003-215125,338.187,81053,3055,9,0,,0,1,0.514,0.514,0.514
20261003-215125,338.713,81053,3389,8,0,,0,1,0.526,1.040,1.040
20261003-215125,338.713,81053,2932,9,0,,0,1,0.526,1.040,1.040
20261003-215125,338.713,81053,3482,3,0,,0,1,0.528,0.528,0.528
20261003-215125,338.713,81053,3058,8,1,Might,1,1,1.040,1.040,1.040
20261003-215125,338.713,81053,9644,4,0,,0,1,0.528,1.040,1.040
20261003-215125,338.713,81053,11234,6,0,,0,1,0.528,1.040,1.040
20261003-215125,339.113,81053,3080,7,0,,0,1,0.926,0.926,0.926
20261003-215125,339.113,81053,2932,10,0,,0,1,0.400,1.440,1.440
20261003-215125,339.113,81053,3389,9,0,,0,1,0.400,1.440,1.440
20261003-215125,339.113,81053,3482,4,0,,0,1,0.400,0.928,0.928
20261003-215125,339.113,81053,3058,9,0,,0,1,0.400,0.400,0.400
20261003-215125,339.113,81053,4822,4,0,,0,1,0.400,1.440,1.440
20261003-215125,339.115,81053,5617,7,0,,0,0,0.402,1.442,1.442
20261003-215125,339.115,81053,3814,2,1,Resolution,1,1,1.442,1.442,1.442
20261003-215125,339.233,81053,7628,2,0,,0,1,0.118,0.118,0.118
20261003-215125,339.233,81053,4822,4,0,,0,0,0.120,1.560,1.560
20261003-215125,339.233,81053,6964,4,0,,0,1,0.120,1.048,1.048
20261003-215125,339.233,81053,6116,9,0,,0,1,0.120,0.520,0.520
20261003-215125,339.233,81053,5864,10,0,,0,1,0.120,1.560,1.560
20261003-215125,339.233,81053,6778,9,0,,0,1,0.120,1.560,1.560
20261003-215125,339.233,81053,3080,7,0,,0,1,0.120,1.046,1.046
20261003-215125,339.709,81053,6462,9,1,Alacrity,1,1,2.036,2.036,2.036
20261003-215125,339.709,81053,5544,6,0,,0,1,0.476,1.522,1.522
20261003-215125,339.709,81053,5278,11,0,,0,1,0.476,2.036,2.036
20261003-215125,339.709,81053,6100,10,0,,0,1,0.476,2.036,2.036
20261003-215125,339.709,81053,5504,10,0,,0,1,0.476,0.996,0.996
20261003-215125,339.749,81053,3814,1,0,,0,1,0.516,0.634,0.634
20261003-215125,340.227,81053,2639,11,0,,0,1,0.518,2.554,2.554
20261003-215125,340.227,81053,3050,10,0,,0,1,0.518,2.554,2.554
20261003-215125,340.663,81053,5110,5,0,,0,1,0.914,1.548,1.548
20261003-215125,340.751,81053,2772,7,0,,0,1,1.042,2.564,2.564
20261003-215125,340.751,81053,3763,6,1,Swiftness,1,1,1.636,3.078,3.078
20261003-215125,340.751,81053,2752,10,0,,0,1,1.042,2.038,2.038
20261003-215125,340.751,81053,3050,11,0,,0,1,0.524,3.078,3.078
20261003-215125,340.751,81053,2639,11,0,,0,1,0.524,3.078,3.078
20261003-215125,340.751,81053,3801,6,1,Swiftness,1,1,1.518,3.078,3.078
20261003-215125,340.751,81053,3482,8,1,Resolution,1,1,1.518,2.566,2.566
20261003-215125,341.267,81053,2404,6,0,,0,1,0.604,2.152,2.152
20261003-215125,341.267,81053,2589,9,0,,0,1,0.516,2.554,2.554
20261003-215125,341.267,81053,3576,6,0,,0,1,0.516,0.516,0.516
20261003-215125,341.267,81053,1947,11,1,Resolution,1,1,3.594,3.594,3.594
20261003-215125,341.267,81053,2870,10,0,,0,1,0.516,3.594,3.594
20261003-215125,341.267,81053,3541,4,0,,0,1,0.516,0.516,0.516
20261003-215125,341.269,81053,2483,11,0,,0,1,0.518,3.596,3.596
20261003-215125,341.269,81053,2608,7,0,,0,1,0.518,3.082,3.082
20261003-215125,341.269,81053,3277,7,0,,0,1,0.518,0.518,0.518
20261003-215125,354.751,81053,4317,5,1,Might,1,1,13.482,17.078,17.078
20261003-215125,354.751,81053,8978,10,1,Resolution,1,1,13.484,17.078,17.078
20261003-215125,354.751,81053,9200,11,1,Resolution,1,1,13.482,14.000,14.000
20261003-215125,354.751,81053,6770,7,1,Resolution,1,1,13.484,13.484,13.484
20261003-215125,354.751,81053,5036,9,1,Resolution,1,1,13.484,14.000,14.000
20261003-215125,354.751,81053,4180,12,1,Resolution,1,1,13.482,16.564,16.564
20261003-215125,355.263,81053,10072,8,0,,0,1,0.512,0.512,0.512
20261003-215125,355.263,81053,6770,8,0,,0,1,0.512,0.512,0.512
20261003-215125,355.263,81053,10222,11,0,,0,1,0.512,0.512,0.512
20261003-215125,355.263,81053,4488,10,0,,0,1,0.512,0.512,0.512
20261003-215125,355.263,81053,4796,4,0,,0,1,0.512,0.512,0.512
20261003-215125,355.663,81053,4796,4,0,,0,1,0.400,0.912,0.912
20261003-215125,355.663,81053,4489,10,0,,0,1,0.400,0.912,0.912
20261003-215125,355.663,81053,5111,11,0,,0,1,0.400,0.912,0.912
20261003-215125,355.663,81053,3385,8,0,,0,1,0.400,0.912,0.912
20261003-215125,355.663,81053,5595,8,0,,0,1,0.400,0.912,0.912
20261003-215125,355.785,81053,6322,8,0,,0,1,0.122,1.034,1.034
20261003-215125,355.785,81053,3825,8,0,,0,1,0.122,1.034,1.034
20261003-215125,355.787,81053,5775,11,0,,0,0,0.124,1.036,1.036
20261003-215125,355.787,81053,4250,8,1,Alacrity,1,1,14.520,16.672,16.672
20261003-215125,355.787,81053,5072,10,0,,0,1,0.124,1.036,1.036
20261003-215125,356.187,81053,10496,10,1,Resolution,1,1,1.436,1.436,1.436
20261003-215125,356.187,81053,11418,8,0,,0,1,0.402,1.436,1.436
20261003-215125,356.187,81053,6322,8,0,,0,0,0.402,1.436,1.436
20261003-215125,356.263,81053,10144,10,0,,0,1,0.476,1.512,1.512
20261003-215125,356.309,81053,5709,8,0,,0,0,0.122,1.558,1.558
20261003-215125,356.309,81053,4250,7,0,,0,1,0.522,0.522,0.522
20261003-215125,356.709,81053,11099,10,0,,0,1,0.522,0.522,0.522
20261003-215125,357.227,81053,14114,10,0,,0,1,0.518,1.040,1.040
20261003-220139,269.109,81326,448,10,1,Resolution,1,1,,,
20261003-220139,270.149,81326,678,10,1,Resolution,1,1,,,
20261003-220139,270.669,81326,448,7,1,Regeneration,1,1,1.560,1.560,1.560
20261003-220139,270.669,81326,667,7,1,Protection,1,1,,,
20261003-220139,270.669,81326,851,8,1,Regeneration,1,1,,,
20261003-220139,270.669,81326,571,9,1,Regeneration,1,1,,,
20261003-220139,270.669,81326,699,9,1,Resolution,1,1,,,
20261003-220139,270.669,81326,754,9,0,,0,1,0.520,0.520,0.520
20261003-220139,270.669,81326,660,9,1,Fury,1,1,,,
20261003-220139,298.391,81326,1153,6,0,,0,1,27.722,27.722,27.722
20261003-220139,298.911,81326,640,7,1,Swiftness,1,1,28.242,28.242,28.242
20261003-220139,298.911,81326,1153,4,0,,0,1,0.520,28.242,28.242
20261003-220139,299.431,81326,925,6,1,Fury,1,1,28.762,28.762,28.762
20261003-220139,299.431,81326,1153,5,0,,0,1,0.520,28.762,28.762
20261003-220139,299.431,81326,640,6,0,,0,1,0.520,0.520,0.520
20261003-220139,299.431,81326,452,9,1,Regeneration,1,1,,,
20261003-220139,299.957,81326,1153,5,0,,0,1,0.526,29.288,29.288
20261003-220139,299.957,81326,925,5,0,,0,1,0.526,0.526,0.526
20261003-220139,299.957,81326,640,5,0,,0,1,0.526,1.046,1.046
20261003-220139,310.267,81053,1702,10,1,Protection,1,1,39.598,39.598,39.598
20261003-220139,311.309,81053,2822,8,1,Swiftness,1,1,1.042,1.042,1.042
20261003-220139,311.709,81053,2411,9,1,Regeneration,1,1,11.752,12.798,12.798
20261003-220139,311.709,81053,1867,8,1,Swiftness,1,1,41.040,41.040,41.040
20261003-220139,311.709,81053,3591,8,1,Swiftness,1,1,11.752,41.040,41.040
20261003-220139,311.709,81053,2822,7,0,,0,1,0.400,0.400,0.400
20261003-220139,311.829,81053,2814,8,1,Swiftness,1,1,11.872,12.398,12.398
20261003-220139,311.829,81053,2863,7,1,Resolution,1,1,41.160,41.680,41.680
20261003-220139,312.229,81053,5312,7,1,Resolution,1,1,41.560,41.560,41.560
20261003-220139,312.309,81053,2814,7,0,,0,1,0.480,0.480,0.480
20261003-220139,312.309,81053,7182,8,0,,0,1,0.600,0.600,0.600
20261003-220139,312.351,81053,1867,8,0,,0,1,0.642,0.642,0.642
20261003-220139,312.351,81053,2656,6,0,,0,1,0.122,0.122,0.122
20261003-220139,312.351,81053,2411,8,0,,0,1,0.642,0.642,0.642
20261003-220139,312.747,81053,2656,7,0,,0,1,0.396,0.518,0.518
20261003-220139,312.829,81053,3591,9,0,,0,1,0.520,1.120,1.120
20261003-220139,312.829,81053,1867,8,0,,0,1,0.478,1.120,1.120
20261003-220139,313.267,81053,3734,8,0,,0,1,0.438,1.558,1.558
20261003-220139,313.267,81053,3591,8,0,,0,1,0.438,1.558,1.558
20261003-220139,313.267,81053,2514,10,1,Resolution,1,1,,,
20261003-220139,313.267,81053,4202,7,1,Resolution,1,1,13.836,13.836,13.836
20261003-220139,313.873,81053,1936,7,0,,0,1,0.606,0.606,0.606
20261003-220139,313.873,81053,2639,6,1,Resolution,1,1,2.044,2.044,2.044
20261003-220139,331.839,81053,5560,8,1,Resolution,1,1,17.966,17.966,17.966
20261003-220139,331.839,81053,4575,10,1,Protection,1,1,20.130,20.530,20.530
20261003-220139,331.839,81053,2039,8,1,Protection,1,1,17.966,18.572,18.572
20261003-220139,331.839,81053,3004,9,0,,0,1,18.572,20.130,20.130
20261003-220139,331.839,81053,5158,6,0,,0,1,19.092,19.610,19.610
20261003-220139,331.839,81053,2579,11,1,Protection,1,1,,,
20261003-220139,331.839,81053,2341,11,1,Protection,1,1,19.488,20.130,20.130
20261003-220139,331.839,81053,2441,11,1,Fury,1,1,18.572,18.572,18.572
20261003-220139,331.839,81053,2705,11,1,Protection,1,1,18.572,20.130,20.130
20261003-220139,332.225,81053,5158,7,0,,0,1,0.386,19.996,19.996
20261003-220139,332.225,81053,7698,9,0,,0,1,0.386,0.386,0.386
20261003-220139,332.315,81053,6008,9,0,,0,1,0.476,20.606,20.606
20261003-220139,332.315,81053,5480,9,0,,0,1,0.476,0.476,0.476
20261003-220139,332.315,81053,5560,8,0,,0,1,0.476,0.476,0.476
20261003-220139,332.315,81053,8074,9,0,,0,1,0.476,0.476,0.476
20261003-220139,332.315,81053,4882,9,0,,0,1,0.476,0.476,0.476
20261003-220139,332.315,81053,6988,8,0,,0,1,0.476,0.476,0.476
20261003-220139,332.315,81053,4918,10,1,Regeneration,1,1,20.006,20.486,20.486
20261003-220139,332.349,81053,2039,9,0,,0,1,0.510,0.510,0.510
20261003-220139,332.349,81053,3849,9,0,,0,1,0.124,0.510,0.510
20261003-220139,332.750,81053,3849,9,0,,0,1,0.401,0.911,0.911
20261003-220139,332.750,81053,5158,8,0,,0,1,0.525,20.521,20.521
20261003-220139,333.273,81053,2818,9,0,,0,1,0.958,1.434,1.434
20261003-220139,333.273,81053,3640,8,0,,0,1,0.958,1.434,1.434
20261003-220139,333.345,81053,2748,6,0,,0,1,0.595,21.116,21.116
20261003-220139,333.865,81053,2724,8,1,Fury,1,1,1.550,2.026,2.026
20261003-220139,333.865,81053,2392,9,1,Fury,1,1,1.550,2.026,2.026
20261003-220139,333.865,81053,1776,9,0,,0,1,0.592,2.026,2.026
20261003-220139,333.865,81053,2294,8,0,,0,1,0.592,2.026,2.026
20261003-220139,333.865,81053,1999,9,1,Resolution,1,1,1.516,2.026,2.026
20261003-220139,333.865,81053,2527,5,0,,0,1,0.520,21.636,21.636
20261003-220139,333.865,81053,1799,10,1,Fury,1,1,1.550,2.026,2.026
20261003-220139,349.593,81053,2552,9,1,Protection,1,1,15.728,17.754,17.754
20261003-220139,350.631,81053,2190,9,1,Resolution,1,1,16.766,38.402,38.402
20261003-220139,351.027,81053,2433,9,1,Might,1,1,18.277,19.188,19.188
20261003-220139,351.027,81053,3809,8,1,Might,1,1,1.434,1.434,1.434
20261003-220139,351.027,81053,2040,9,1,Protection,1,1,18.712,18.712,18.712
20261003-220139,351.027,81053,2960,9,1,Alacrity,1,1,18.712,39.318,39.318
20261003-220139,351.151,81053,2303,10,1,Might,1,1,17.286,17.286,17.286
20261003-220139,351.151,81053,1924,7,1,Might,1,1,17.286,17.286,17.286
20261003-220139,351.151,81053,2190,8,0,,0,1,0.520,0.520,0.520
20261003-220139,351.151,81053,1988,8,1,Might,1,1,17.286,19.312,19.312
20261003-220139,351.151,81053,2433,8,0,,0,1,0.124,0.124,0.124
20261003-220139,351.151,81053,3809,7,0,,0,1,0.124,0.124,0.124
20261003-220139,351.151,81053,2615,9,1,Fury,1,1,17.286,17.286,17.286
20261003-220139,352.073,81053,3090,9,1,Might,1,1,1.046,1.046,1.046
20261003-220139,352.143,81053,3178,10,1,Alacrity,1,1,1.116,1.116,1.116
20261003-220139,352.589,81053,2129,9,0,,0,1,0.446,0.446,0.446
20261003-220139,352.589,81053,3090,7,0,,0,1,0.516,0.516,0.516
20261003-220139,352.589,81053,2008,7,1,Resolution,1,1,1.438,1.438,1.438
20261003-220139,370.831,81053,2391,11,1,Resolution,1,1,36.966,36.966,36.966
20261003-220139,371.783,81053,6172,8,1,Resolution,1,1,19.194,19.194,19.194
20261003-220139,371.873,81053,2769,9,1,Resolution,1,1,19.284,19.730,19.730
20261003-220139,383.711,81326,573,8,0,,0,1,32.560,32.560,32.560
20261003-220139,383.711,81326,569,10,0,,0,1,32.560,33.080,33.080
20261003-220139,383.711,81326,444,8,0,,0,1,32.560,32.684,32.684
20261003-220139,384.225,81326,542,9,1,Swiftness,1,1,12.352,12.352,12.352
20261003-220139,384.225,81326,598,9,1,Protection,1,1,33.074,33.074,33.074
20261003-220139,384.225,81326,663,7,0,,0,1,0.514,33.198,33.198
20261003-220139,384.225,81326,692,9,2,Alacrity+Protection,1,1,31.636,32.152,32.152
20261003-220139,384.755,81326,1033,7,0,,0,1,0.530,0.530,0.530
20261003-220139,384.755,81326,542,9,0,,0,1,0.530,0.530,0.530
20261003-220139,384.755,81326,663,7,0,,0,1,0.530,33.728,33.728
20261003-220139,384.755,81326,569,10,1,Fury,1,1,1.044,34.124,34.124
20261003-220139,384.755,81326,893,7,0,,0,1,0.530,0.530,0.530
20261003-220139,385.263,81326,542,9,0,,0,1,0.508,1.038,1.038
20261003-220139,396.785,81053,3086,7,1,Resolution,1,1,13.074,45.634,45.634
20261003-220139,397.311,81053,3086,7,0,,0,1,0.526,0.526,0.526
20261003-220139,397.311,81053,3403,8,1,Resolution,1,1,12.048,13.086,13.086
20261003-220139,397.311,81053,3960,5,2,Stability+Fury,1,1,12.556,13.086,13.086
20261003-220139,398.227,81053,3086,9,0,,0,1,0.916,1.442,1.442
20261003-220139,398.227,81053,3960,4,0,,0,1,0.916,0.916,0.916
20261003-220139,398.353,81053,3060,8,1,Regeneration,1,1,13.598,13.598,13.598
20261003-220139,398.747,81053,3394,7,0,,0,1,0.394,0.394,0.394
20261003-220139,398.747,81053,7120,7,1,Might,1,1,13.992,47.720,47.720
20261003-220139,398.825,81053,7316,7,1,Resolution,1,1,47.674,47.674,47.674
20261003-220139,398.825,81053,8896,9,1,Protection,1,1,14.070,14.600,14.600
20261003-220139,398.827,81053,3423,10,0,,0,1,0.600,2.042,2.042
20261003-220139,399.347,81053,3400,9,1,Might,1,1,48.196,48.320,48.320
20261003-220139,399.347,81053,2420,8,2,Might+Fury,1,1,27.564,27.564,27.564
20261003-220139,399.347,81053,4803,9,0,,0,1,0.522,0.522,0.522
20261003-220139,399.347,81053,3960,8,2,Resolution+Swiftness,1,1,1.120,2.036,2.036
20261003-220139,399.347,81053,3086,10,0,,0,1,0.520,2.562,2.562
20261003-220139,399.873,81053,3403,10,1,Resolution,1,1,2.562,2.562,2.562
20261003-220139,400.385,81053,3403,9,0,,0,1,0.512,0.512,0.512
20261003-220139,400.385,81053,3209,8,1,Resolution,1,1,1.638,1.638,1.638
20261003-220139,400.385,81053,3086,10,1,Resolution,1,1,1.038,3.600,3.600
20261003-220139,400.385,81053,3297,8,1,Resolution,1,1,1.560,1.560,1.560
20261003-220139,400.385,81053,2420,8,1,Resolution,1,1,29.554,29.554,29.554
20261003-220139,412.947,81326,589,7,1,Might,1,1,13.600,14.122,14.122
20261003-220139,412.947,81326,653,6,1,Resolution,1,1,12.562,12.562,12.562
20261003-220139,413.471,81326,602,11,1,Might,1,1,13.086,13.086,13.086
20261003-220139,413.471,81326,676,9,0,,0,1,13.086,13.598,13.598
20261003-220139,413.471,81326,1215,0,1,Swiftness,1,1,14.124,14.124,14.124
20261003-220139,413.989,81326,443,11,1,Might,1,1,13.604,13.604,13.604
20261003-220139,413.991,81326,443,3,2,Resolution+Might,1,1,14.644,14.644,14.644
20261003-220139,413.991,81326,508,6,1,Might,1,1,13.606,13.606,13.606
20261003-220139,413.991,81326,676,9,0,,0,1,0.520,14.118,14.118
20261003-220139,413.991,81326,653,6,1,Resolution,1,1,1.044,1.044,1.044
20261003-220139,413.991,81326,589,7,1,Resolution,1,1,1.044,1.044,1.044
20261003-220139,414.509,81326,653,8,0,,0,1,0.518,0.518,0.518
20261003-220139,414.509,81326,880,8,0,,0,1,0.518,0.518,0.518
20261003-220139,414.509,81326,661,4,0,,0,1,0.518,0.518,0.518
20261003-220139,414.509,81326,443,11,0,,0,1,0.520,0.520,0.520
20261003-220139,414.509,81326,508,6,0,,0,1,0.518,0.518,0.518
20261003-220139,414.509,81326,676,10,0,,0,1,0.518,14.636,14.636
20261003-220139,418.033,81053,2435,9,1,Swiftness,1,1,3.524,4.044,4.044
20261003-220139,418.033,81053,5354,7,1,Swiftness,1,1,18.686,18.686,18.686
20261003-220139,418.553,81053,7074,9,1,Resistance,1,1,5.082,5.082,5.082
20261003-220139,418.553,81053,6884,10,1,Regeneration,1,1,4.044,4.562,4.562
20261003-220139,418.553,81053,2595,9,0,,0,1,0.520,0.520,0.520
20261003-220139,418.553,81053,5762,7,1,Regeneration,1,1,5.082,5.082,5.082
20261003-220139,419.067,81053,2860,11,2,Protection+Vigor,1,1,4.558,5.076,5.076
20261003-220139,419.067,81053,3336,10,1,Swiftness,1,1,4.558,19.194,19.194
20261003-220139,419.067,81053,3682,9,1,Swiftness,0,1,0.514,0.514,0.514
20261003-220139,419.587,81053,3416,8,1,Resolution,1,1,20.840,21.234,21.234
20261003-220139,419.587,81053,4019,10,1,Resolution,1,1,1.034,1.034,1.034
20261003-220139,419.587,81053,3583,11,1,Swiftness,1,1,1.034,1.034,1.034
20261003-220139,419.587,81053,4269,9,0,,0,1,0.520,0.520,0.520
20261003-220139,419.587,81053,3336,8,0,,0,1,0.520,0.520,0.520
20261003-220139,419.587,81053,5402,10,1,Might,1,1,1.034,1.554,1.554
20261003-220139,419.587,81053,3100,9,1,Resolution,1,1,5.078,5.596,5.596
20261003-220139,419.985,81053,8538,8,0,,0,1,0.398,0.918,0.918
20261003-220139,419.985,81053,7288,9,0,,0,1,0.398,0.398,0.398
20261003-220139,420.069,81053,6466,10,1,Resolution,1,1,5.560,6.078,6.078
20261003-220139,420.069,81053,6324,9,0,,0,1,0.482,0.482,0.482
20261003-220139,420.069,81053,4019,10,0,,0,1,0.482,0.482,0.482
20261003-220139,420.069,81053,3416,7,0,,0,1,0.482,0.482,0.482
20261003-220139,420.069,81053,5939,7,1,Regeneration,1,1,2.036,2.036,2.036
20261003-220139,420.511,81053,4269,8,0,,0,1,0.526,1.444,1.444
20261003-220139,420.511,81053,5939,6,0,,0,1,0.442,0.442,0.442
20261003-220139,420.511,81053,4019,10,0,,0,1,0.442,0.924,0.924
20261003-220139,420.511,81053,3416,7,0,,0,1,0.442,0.924,0.924
20261003-220139,420.511,81053,3716,10,0,,0,1,0.526,0.924,0.924
20261003-220139,420.511,81053,3682,8,1,Might,1,1,1.444,1.444,1.958
20261003-220139,421.025,81053,3484,7,0,,0,1,0.514,1.438,1.438
20261003-220139,421.025,81053,2701,5,1,Vigor,1,1,1.438,1.438,1.438
20261003-220139,421.025,81053,5939,4,0,,0,0,0.514,0.956,0.956
20261003-220139,421.025,81053,3682,7,0,,0,1,0.514,0.514,0.514
20261003-220139,421.025,81053,3336,9,1,Regeneration,1,1,1.438,1.958,1.958
20261003-220139,442.903,81326,707,7,1,Might,1,1,21.878,21.878,21.878
20261003-220139,442.903,81326,1046,9,1,Resolution,1,1,22.392,23.316,23.316
20261003-220139,442.903,81326,606,9,1,Resolution,1,1,22.834,23.316,23.316
20261003-220139,442.903,81326,569,11,1,Resolution,1,1,22.834,22.834,22.834
20261003-220139,443.429,81326,691,7,0,,0,1,0.526,0.526,0.526
20261003-220139,443.429,81326,1046,8,0,,0,1,0.526,0.526,0.526
20261003-220139,443.429,81326,720,9,1,Fury,1,1,22.404,22.918,22.918
20261003-220139,443.429,81326,606,8,0,,0,1,0.526,0.526,0.526
20261003-220139,443.945,81326,606,9,0,,0,1,0.516,1.042,1.042
20261003-220139,443.945,81326,569,10,1,Resolution,1,1,1.042,1.042,1.042
20261003-220139,444.463,81326,475,9,2,Resolution+Stability,1,1,23.952,25.396,25.396
20261003-220139,444.463,81326,606,10,0,,0,1,0.518,1.560,1.560
20261003-220139,444.463,81326,632,10,0,,0,1,0.518,0.518,0.518
20261003-220139,444.463,81326,1046,10,1,Resolution,1,1,1.034,1.560,1.560
20261003-220139,444.463,81326,720,10,1,Fury,1,1,1.034,1.034,1.034
20261003-220139,444.463,81326,997,8,1,Resolution,1,1,23.952,24.876,24.876
20261003-220139,474.463,81326,667,11,1,Resolution,1,1,30.000,30.000,30.000
20261003-220139,474.463,81326,636,9,1,Resolution,1,1,53.438,54.876,54.876
20261003-220139,474.985,81326,667,11,0,,0,1,0.522,0.522,0.522
20261003-220139,474.985,81326,831,7,1,Fury,1,1,53.960,54.916,54.916
20261003-220139,474.987,81326,679,11,1,Might,1,1,30.524,32.084,32.084
20261003-220139,474.987,81326,690,9,1,Might,1,1,31.558,32.084,32.084
20261003-220139,474.987,81326,503,8,1,Might,1,1,53.962,53.962,53.962
20261003-220139,475.501,81326,690,8,0,,0,1,0.514,0.514,0.514
20261003-220139,475.501,81326,669,10,1,Fury,1,1,31.038,31.556,31.556
20261003-220139,475.501,81326,503,10,2,Resistance+Regeneration,1,1,31.038,31.038,31.038
20261003-220139,475.501,81326,636,9,1,Resistance,1,1,31.038,31.038,31.038
20261003-220139,475.501,81326,679,8,0,,0,1,0.514,0.514,0.514
20261003-220139,475.501,81326,667,11,0,,0,1,0.516,1.038,1.038
20261003-220139,475.501,81326,503,6,0,,0,1,0.514,0.514,0.514
20261003-220139,475.501,81326,636,8,1,Might,1,1,1.038,1.038,1.038
20261003-220139,475.501,81326,762,7,1,Might,1,1,31.038,31.038,31.038
20261003-220139,476.019,81326,762,7,0,,0,1,0.518,0.518,0.518
20261003-220139,476.019,81326,503,7,0,,0,1,0.518,1.032,1.032
20261003-220139,476.019,81326,636,8,0,,0,1,0.518,0.518,0.518
20261003-220139,476.019,81326,503,8,0,,0,1,0.518,0.518,0.518
20261003-220139,476.019,81326,667,11,0,,0,1,0.518,1.556,1.556
20261003-220139,476.019,81326,669,9,0,,0,1,0.518,0.518,0.518
20261003-220139,476.019,81326,679,10,0,,0,1,0.518,1.032,1.032
20261003-220139,476.019,81326,690,8,0,,0,1,0.518,1.032,1.032
20261003-220139,488.987,80901,4402,9,3,Might+Stability+Regeneration,1,1,12.968,13.486,13.486
20261003-220139,488.987,80901,3230,5,2,Swiftness+Regeneration,1,1,12.968,13.486,13.486
20261003-220139,488.987,80901,4295,8,1,Fury,1,1,12.968,13.486,13.486
20261003-220139,488.987,80901,5339,3,1,Swiftness,1,1,13.486,13.486,13.486
20261003-220139,488.987,80901,3189,4,1,Swiftness,1,1,12.968,14.524,14.524
20261003-220139,488.987,80901,4757,9,1,Resolution,1,1,14.002,14.002,14.002
20261003-220139,503.485,80901,4089,10,1,Resolution,1,1,14.498,14.498,14.498
20261003-220139,503.485,80901,7796,9,1,Regeneration,1,1,14.498,14.498,14.498
20261003-220139,503.989,80901,5550,7,1,Resolution,1,1,15.002,15.002,15.002
20261003-220139,503.989,80901,8572,9,1,Resolution,1,1,15.002,15.002,15.002
20261003-220139,503.989,80901,3609,9,1,Resolution,1,1,27.970,29.002,29.002
20261003-220139,503.989,80901,4171,9,2,Resolution+Stability,0,1,0.504,0.504,0.504
20261003-220139,504.507,80901,2775,7,0,,0,1,0.518,0.518,0.518
20261003-220139,504.507,80901,3690,7,1,Resolution,1,1,15.520,15.520,15.520
20261003-220139,504.507,80901,3751,8,0,,0,1,0.518,0.518,0.518
20261003-220139,504.507,80901,4538,8,0,,0,1,0.518,0.518,0.518
20261003-220139,518.983,80901,5358,9,1,Protection,1,1,42.964,43.996,43.996
20261003-220139,518.983,80901,5487,9,1,Might,1,1,42.964,43.482,43.482
20261003-220139,526.139,81326,622,4,1,Might,1,1,22.150,22.150,22.654
20261003-220139,526.141,81326,469,7,1,Resistance,1,1,21.634,22.152,22.152
20261003-220139,526.141,81326,659,8,1,Resolution,1,1,7.158,7.158,7.158
20261003-220139,527.187,81326,622,5,1,Resistance,1,1,1.048,1.048,1.048
20261003-220139,527.703,81326,622,5,0,,0,1,0.516,0.516,0.516
20261003-220139,533.469,80901,17118,4,1,Resolution,1,1,7.328,7.328,7.328
20261003-220139,533.469,80901,31440,2,1,Resolution,0,1,29.984,29.984,29.984
20261003-220139,534.511,80901,16737,10,0,,0,1,15.528,15.528,15.528
20261003-220139,534.511,80901,19365,10,0,,0,1,30.004,30.522,30.522
20261003-220139,534.511,80901,14572,10,0,,0,1,45.524,45.524,45.524
20261003-220139,548.477,80901,8115,6,1,Stability,1,1,13.966,29.494,29.494
20261003-220139,548.477,80901,10510,6,1,Stability,1,1,13.966,59.490,59.490
20261003-220139,548.477,80901,8233,6,1,Alacrity,0,0,13.966,44.488,44.488
20261003-220139,548.477,80901,7660,6,1,Alacrity,1,1,22.336,22.336,22.336
20261003-221232,272.150,81326,528,3,1,Might,1,1,,,
20261003-221232,272.150,81326,996,6,4,Resolution+Might+Fury+Alacrity,1,1,,,
20261003-221232,273.194,81326,667,7,1,Protection,1,1,,,
20261003-221232,301.636,81326,598,5,1,Regeneration,1,1,29.486,29.486,29.486
20261003-221232,301.636,81326,644,9,4,Resolution+Stability+Fury+Might,1,1,,,
20261003-221232,301.638,81326,881,7,0,,0,1,,,
20261003-221232,302.152,81326,634,8,1,Protection,1,1,,,
20261003-221232,302.152,81326,893,5,0,,0,1,0.516,0.516,0.516
20261003-221232,302.152,81326,484,9,1,Protection,1,1,,,
20261003-221232,302.152,81326,714,9,1,Swiftness,1,1,,,
20261003-221232,302.152,81326,756,7,1,Regeneration,1,1,28.958,28.958,28.958
20261003-221232,302.152,81326,644,5,0,,0,1,0.516,0.516,0.516
20261003-221232,302.152,81326,815,7,1,Might,1,1,,,
20261003-221232,302.152,81326,681,10,4,Swiftness+Alacrity+Fury+Might,1,1,30.002,30.002,30.002
20261003-221232,302.668,81326,723,8,0,,0,1,0.516,0.516,0.516
20261003-221232,302.668,81326,714,7,0,,0,1,0.516,0.516,0.516
20261003-221232,302.668,81326,644,8,0,,0,1,0.516,1.032,1.032
20261003-221232,302.668,81326,618,8,1,Alacrity,1,1,,,
20261003-221232,302.668,81326,947,7,0,,0,1,0.516,0.516,0.516
20261003-221232,321.470,81053,2105,8,1,Resolution,1,1,19.318,19.834,19.834
20261003-221232,321.992,81053,3742,9,1,Resolution,1,1,19.324,19.840,19.840
20261003-221232,321.992,81053,3239,10,1,Protection,1,1,20.354,,
20261003-221232,321.992,81053,2520,8,3,Swiftness+Might+Stability,1,1,19.324,20.356,20.356
20261003-221232,321.994,81053,2416,8,1,Might,1,1,19.326,19.326,19.326
20261003-221232,321.994,81053,2396,8,1,Protection,1,1,19.842,19.842,19.842
20261003-221232,321.994,81053,2600,11,1,Regeneration,1,1,19.326,19.842,19.842
20261003-221232,322.508,81053,1871,8,0,,0,1,0.516,0.516,0.516
20261003-221232,322.508,81053,5200,9,0,,0,1,0.514,0.514,0.514
20261003-221232,322.912,81053,1871,8,0,,0,1,0.404,0.920,0.920
20261003-221232,322.912,81053,2416,6,0,,0,1,0.918,0.918,0.918
20261003-221232,322.912,81053,2600,9,0,,0,1,0.404,0.918,0.918
20261003-221232,323.026,81053,5426,9,0,,0,1,0.114,1.032,1.032
20261003-221232,323.026,81053,2522,6,0,,0,1,0.114,1.032,1.032
20261003-221232,323.026,81053,2914,8,0,,0,1,0.114,1.034,1.034
20261003-221232,323.424,81053,5706,7,0,,0,1,0.398,1.432,1.432
20261003-221232,323.424,81053,2713,9,0,,0,1,0.398,1.430,1.430
20261003-221232,323.508,81053,3790,6,1,Might,1,1,20.840,21.356,21.356
20261003-221232,324.028,81053,2105,9,1,Resistance,1,1,2.558,2.558,2.558
20261003-221232,324.028,81053,1895,5,0,,0,1,0.520,0.520,0.520
20261003-221232,341.796,81053,2595,9,1,Resolution,1,1,19.802,19.802,19.802
20261003-221232,342.314,81053,2356,8,1,Resolution,1,1,19.288,20.320,20.320
20261003-221232,342.834,81053,2356,7,0,,0,1,0.520,0.520,0.520
20261003-221232,343.228,81053,1824,7,1,Regeneration,1,1,19.804,21.236,21.236
20261003-221232,343.228,81053,2356,7,0,,0,1,0.394,0.914,0.914
20261003-221232,343.228,81053,2535,9,1,Resolution,1,1,19.804,21.234,21.234
20261003-221232,343.348,81053,3393,8,4,Resolution+Regeneration+Might+Swiftness,1,1,41.196,41.196,41.196
20261003-221232,343.350,81053,1847,7,1,Swiftness,1,1,19.322,19.842,19.842
20261003-221232,343.350,81053,2356,7,0,,0,1,0.122,1.036,1.036
20261003-221232,343.350,81053,2535,9,0,,0,1,0.122,0.122,0.122
20261003-221232,343.350,81053,2457,9,3,Swiftness+Fury+Resolution,1,1,21.358,21.358,21.358
20261003-221232,343.826,81053,2457,8,0,,0,1,0.476,0.476,0.476
20261003-221232,343.826,81053,2356,7,0,,0,1,0.476,1.512,1.512
20261003-221232,343.826,81053,1824,5,0,,0,1,0.598,0.598,0.598
20261003-221232,343.826,81053,2535,9,0,,0,1,0.476,0.598,0.598
20261003-221232,344.348,81053,2023,6,0,,0,1,0.522,1.120,1.120
20261003-221232,344.348,81053,2613,10,0,,0,1,0.522,2.034,2.034
20261003-221232,344.790,81053,3354,9,1,Regeneration,1,1,22.798,22.798,22.798
20261003-221232,344.790,81053,2613,10,0,,0,1,0.442,2.476,2.476
20261003-221232,344.790,81053,3763,8,4,Fury+Swiftness+Might+Quickness,1,1,1.442,1.442,1.442
20261003-221232,344.790,81053,4046,7,0,,0,1,0.442,1.562,1.562
20261003-221232,345.386,81053,3023,9,0,,0,1,0.596,0.596,0.596
20261003-221232,345.386,81053,3393,6,0,,0,1,0.596,0.596,0.596
20261003-221232,345.386,81053,2356,9,0,,0,1,0.596,3.072,3.072
20261003-221232,345.386,81053,2053,6,0,,0,1,2.036,2.036,2.036
20261003-221232,345.386,81053,2722,8,0,,0,1,0.596,2.158,2.158
20261003-221232,345.386,81053,2457,9,0,,0,1,1.560,2.036,2.036
20261003-221232,355.024,81326,475,8,1,Fury,1,1,9.638,11.674,11.674
20261003-221232,355.024,81326,560,9,1,Protection,1,1,11.198,11.796,11.796
20261003-221232,355.024,81326,475,7,1,Resolution,1,1,30.996,30.996,30.996
20261003-221232,355.024,81326,668,9,1,Resolution,1,1,13.228,13.228,13.228
20261003-221232,355.024,81326,720,7,1,Might,1,1,52.872,52.872,52.872
20261003-221232,356.072,81326,668,9,1,Resolution,1,1,1.048,1.048,1.048
20261003-221232,356.072,81326,720,9,1,Fury,1,1,1.048,1.048,1.048
20261003-221232,356.592,81326,718,8,0,,0,1,0.520,0.520,0.520
20261003-221232,356.592,81326,668,8,4,Resolution+Regeneration+Fury+Might,1,1,11.206,11.802,11.802
20261003-221232,356.592,81326,668,9,0,,0,1,0.520,0.520,0.520
20261003-221232,356.592,81326,632,9,3,Protection+Vigor+Stability,1,1,11.206,13.242,13.242
20261003-221232,356.592,81326,528,6,1,Protection,1,1,1.568,1.568,1.568
20261003-221232,356.592,81326,560,8,1,Protection,1,1,1.568,1.568,1.568
20261003-221232,356.592,81326,731,6,1,Alacrity,1,1,11.206,11.802,11.802
20261003-221232,359.190,81053,2701,9,1,Resolution,1,1,13.804,15.962,15.962
20261003-221232,359.190,81053,2338,7,1,Fury,1,1,13.804,16.876,16.876
20261003-221232,359.190,81053,2037,9,1,Swiftness,1,1,4.166,4.166,4.166
20261003-221232,359.706,81053,2037,8,0,,0,1,0.516,0.516,0.516
20261003-221232,359.708,81053,2701,9,0,,0,1,0.518,0.518,0.518
20261003-221232,359.708,81053,2576,8,4,Fury+Resolution+Might+Alacrity,1,1,3.116,3.116,3.116
20261003-221232,359.708,81053,2576,9,1,Swiftness,1,1,3.116,3.636,3.636
20261003-221232,359.708,81053,2776,9,1,Fury,1,1,3.116,3.636,3.636
20261003-221232,359.708,81053,2338,6,0,,0,1,0.518,0.518,0.518
20261003-221232,360.106,81053,2593,7,0,,0,1,0.398,0.916,0.916
20261003-221232,360.106,81053,2996,9,0,,0,1,0.398,0.916,0.916
20261003-221232,360.106,81053,2259,8,0,,0,1,0.400,0.916,0.916
20261003-221232,360.226,81053,2259,9,0,,0,1,0.120,1.036,1.036
20261003-221232,360.226,81053,2593,7,0,,0,1,0.120,1.036,1.036
20261003-221232,360.226,81053,2996,9,0,,0,1,0.120,1.036,1.036
20261003-221232,362.270,81053,2170,11,1,Regeneration,1,1,2.044,3.080,3.080
20261003-221232,377.832,81053,3442,8,1,Resolution,1,1,17.606,18.642,18.642
20261003-221232,379.266,81053,3098,9,1,Resolution,1,1,1.434,1.434,1.434
20261003-221232,379.866,81053,2793,8,0,,0,1,0.600,0.600,0.600
20261003-221232,386.064,81326,567,8,1,Resolution,1,1,26.356,26.356,26.356
20261003-221232,386.066,81326,448,7,1,Resolution,1,1,23.796,23.796,23.796
20261003-221232,406.668,81053,3056,9,1,Might,1,1,26.802,27.402,27.402
20261003-221232,406.668,81053,3141,8,1,Might,1,1,46.960,46.960,46.960
20261003-221232,406.668,81053,2711,9,1,Might,1,1,20.602,20.602,20.602
20261003-221232,406.668,81053,2914,9,1,Might,1,1,20.604,20.604,20.604
20261003-221232,407.192,81053,6682,7,0,,0,1,0.524,0.524,0.524
20261003-221232,407.192,81053,7740,8,0,,0,1,0.524,0.524,0.524
20261003-221232,407.192,81053,7182,8,0,,0,1,0.524,0.524,0.524
20261003-221232,407.192,81053,7532,8,0,,0,1,0.524,0.524,0.524
20261003-221232,407.712,81053,3237,9,0,,0,1,0.520,1.044,1.044
20261003-221232,407.712,81053,3012,9,0,,0,1,0.520,1.044,1.044
20261003-221232,408.106,81053,3766,10,0,,0,1,0.914,1.438,1.438
20261003-221232,408.106,81053,3870,8,0,,0,1,0.914,1.438,1.438
20261003-221232,408.106,81053,3591,9,0,,0,1,0.394,1.438,1.438
20261003-221232,408.106,81053,3341,10,0,,0,1,0.394,1.438,1.438
20261003-221232,408.228,81053,3389,10,0,,0,1,0.122,1.560,1.560
20261003-221232,408.228,81053,3870,8,0,,0,1,0.122,1.560,1.560
20261003-221232,408.636,81053,3506,10,1,Swiftness,1,1,52.044,52.044,52.044
20261003-221232,408.636,81053,4369,8,1,Might,1,1,52.044,52.044,52.044
20261003-221232,408.636,81053,3621,6,1,Quickness,1,1,48.410,49.446,49.446
20261003-221232,408.714,81053,5636,4,3,Might+Alacrity+Swiftness,0,0,52.122,52.122,52.122
20261003-221232,408.714,81053,3389,10,0,,0,1,0.486,2.046,2.046
20261003-221232,408.714,81053,3870,8,0,,0,1,0.486,2.046,2.046
20261003-221232,408.714,81053,3007,10,0,,0,1,0.608,2.046,2.046
20261003-221232,408.714,81053,3231,9,0,,0,1,0.608,2.046,2.046
20261003-221232,409.232,81053,3231,8,0,,0,1,0.518,2.564,2.564
20261003-221232,409.232,81053,3389,10,0,,0,1,0.518,2.564,2.564
20261003-221232,409.232,81053,3859,9,0,,0,1,0.518,2.564,2.564
20261003-221232,409.232,81053,4488,7,4,Resolution+Alacrity+Fury+Might,1,1,52.640,52.640,52.640
20261003-221232,409.746,81053,3237,9,0,,0,1,0.514,3.078,3.078
20261003-221232,409.746,81053,3479,10,0,,0,1,0.514,3.078,3.078
20261003-221232,410.266,81053,3489,10,0,,0,1,0.520,3.598,3.598
20261003-221232,413.702,81326,618,6,1,Resolution,1,1,4.988,7.034,7.034
20261003-221232,413.702,81326,893,4,4,Might+Fury+Quickness+Swiftness,1,1,53.994,53.994,53.994
20261003-221232,414.228,81326,645,9,1,Resolution,1,1,3.962,7.560,7.560
20261003-221232,414.228,81326,543,7,1,Resolution,1,1,5.592,5.592,5.592
20261003-221232,414.228,81326,467,8,1,Resolution,1,1,4.996,7.560,7.560
20261003-221232,414.228,81326,721,9,1,Protection,1,1,5.592,5.592,5.592
20261003-221232,414.228,81326,953,7,1,Resolution,1,1,5.592,5.592,5.592
20261003-221232,414.742,81326,543,7,0,,0,1,0.514,0.514,0.514
20261003-221232,414.742,81326,953,8,0,,0,1,0.514,0.514,0.514
20261003-221232,415.268,81326,704,9,1,Protection,1,1,1.040,1.040,1.040
20261003-221232,415.268,81326,603,6,0,,0,1,0.526,1.040,1.040
20261003-221232,427.872,81053,5090,5,5,Resolution+Swiftness+Alacrity+Fury+Might,1,1,19.158,19.158,71.280
20261003-221232,427.872,81053,5641,9,1,Resolution,1,1,13.644,13.644,13.644
20261003-221232,427.872,81053,3884,10,1,Resolution,1,1,13.644,13.644,13.644
20261003-221232,427.872,81053,2565,6,4,Vigor+Protection+Alacrity+Resolution,1,1,18.640,18.640,18.640
20261003-221232,427.872,81053,4197,10,1,Resolution,1,1,13.130,13.644,13.644
20261003-221232,427.872,81053,2850,10,1,Swiftness,1,1,14.170,14.170,14.170
20261003-221232,427.872,81053,3817,10,1,Swiftness,1,1,12.604,12.604,12.604
20261003-221232,427.872,81053,3603,5,5,Resolution+Fury+Protection+Alacrity+Might,1,1,14.170,14.170,14.170
20261003-221232,427.872,81053,3603,10,1,Resolution,1,1,18.126,21.204,21.204
20261003-221232,428.388,81053,11282,8,0,,0,1,0.516,0.516,0.516
20261003-221232,428.388,81053,10180,2,0,,0,1,0.516,0.516,0.516
20261003-221232,428.388,81053,4197,10,0,,0,1,0.516,0.516,0.516
20261003-221232,428.388,81053,10756,1,0,,0,1,0.516,0.516,0.516
20261003-221232,428.388,81053,3884,10,0,,0,1,0.516,0.516,0.516
20261003-221232,428.388,81053,7206,10,0,,0,1,0.516,0.516,0.516
20261003-221232,428.388,81053,3828,3,0,,0,1,0.516,0.516,0.516
20261003-221232,428.388,81053,6870,9,0,,0,1,0.516,0.516,0.516
20261003-221232,428.388,81053,3270,9,1,Fury,1,1,13.120,14.160,14.160
20261003-221232,428.906,81053,5378,1,0,,0,1,0.518,1.034,1.034
20261003-221232,428.906,81053,3243,10,0,,0,1,0.518,1.034,1.034
20261003-221232,428.906,81053,5090,2,0,,0,0,0.518,1.034,1.034
20261003-221232,428.906,81053,11282,8,0,,0,1,0.518,1.034,1.034
20261003-221232,429.306,81053,5086,9,0,,0,1,0.400,1.434,1.434
20261003-221232,429.306,81053,2924,10,0,,0,1,0.400,1.434,1.434
20261003-221232,429.306,81053,3491,10,0,,0,1,0.918,1.434,1.434
20261003-221232,429.306,81053,3406,10,0,,0,1,0.918,1.434,1.434
20261003-221232,429.306,81053,3451,3,0,,0,1,0.918,1.434,1.434
20261003-221232,429.306,81053,2948,7,0,,0,1,0.918,0.918,0.918
20261003-221232,429.906,81053,3491,10,0,,0,1,0.600,2.034,2.034
20261003-221232,429.906,81053,2924,10,0,,0,1,0.600,2.034,2.034
20261003-221232,429.906,81053,3406,10,0,,0,1,0.600,2.034,2.034
20261003-221232,429.906,81053,2787,9,1,Resolution,1,1,1.518,2.034,2.034
20261003-221232,429.906,81053,3451,4,0,,0,1,0.600,2.034,2.034
20261003-221232,429.906,81053,2948,7,0,,0,1,0.600,1.518,1.518
20261003-221232,429.906,81053,4849,3,0,,0,1,1.000,2.034,2.034
20261003-221232,430.424,81053,2948,5,0,,0,1,0.518,2.036,2.036
20261003-221232,430.424,81053,2312,9,1,Resolution,1,1,2.552,2.552,2.552
20261003-221232,430.424,81053,3451,4,0,,0,1,0.518,2.552,2.552
20261003-221232,430.424,81053,4849,3,0,,0,1,0.518,2.552,2.552
20261003-221232,430.424,81053,2924,10,0,,0,1,0.518,2.552,2.552
20261003-221232,430.424,81053,5086,7,1,Resolution,1,1,1.118,2.552,2.552
20261003-221232,430.424,81053,3502,10,0,,0,1,0.518,2.552,2.552
20261003-221232,430.424,81053,5099,1,1,Resolution,1,1,1.518,2.552,2.552
20261003-221232,430.948,81053,3461,9,0,,0,1,0.524,3.076,3.076
20261003-221232,430.948,81053,5419,5,0,,0,1,0.524,0.524,0.524
20261003-221232,430.948,81053,3731,9,0,,0,1,0.524,3.076,3.076
20261003-221232,430.948,81053,3677,0,0,,0,1,0.524,3.076,3.076
20261003-221232,431.462,81053,5099,0,0,,1,1,1.038,1.038,1.038
20261003-222355,267.037,81326,636,8,1,Resolution,1,1,,,
20261003-222355,267.037,81326,577,8,1,Stability,1,1,,,
20261003-222355,267.037,81326,685,8,2,Resolution+Resistance,1,1,,,
20261003-222355,267.037,81326,503,8,1,Resolution,1,1,,,
20261003-222355,267.037,81326,602,8,1,Stability,1,1,,,
20261003-222355,267.037,81326,636,9,1,Resolution,1,1,,,
20261003-222355,267.037,81326,667,7,2,Stability+Fury,1,1,,,
20261003-222355,267.553,81326,667,8,0,,0,1,0.516,0.516,0.516
20261003-222355,267.553,81326,602,8,0,,0,1,0.516,0.516,0.516
20261003-222355,267.553,81326,636,8,0,,0,1,0.516,0.516,0.516
20261003-222355,267.553,81326,740,7,1,Alacrity,1,1,,,
20261003-222355,267.553,81326,503,9,0,,0,1,0.516,0.516,0.516
20261003-222355,267.553,81326,685,9,0,,0,1,0.516,0.516,0.516
20261003-222355,267.553,81326,577,7,0,,0,1,0.516,0.516,0.516
20261003-222355,268.065,81326,636,9,0,,0,1,0.512,1.028,1.028
20261003-222355,268.065,81326,602,8,0,,0,1,0.512,1.028,1.028
20261003-222355,268.065,81326,667,9,0,,0,1,0.512,1.028,1.028
20261003-222355,268.065,81326,740,6,0,,0,1,0.512,0.512,0.512
20261003-222355,268.065,81326,685,8,0,,0,1,0.512,1.028,1.028
20261003-222355,268.598,81326,648,6,1,Resolution,1,1,1.561,1.561,1.561
20261003-222355,268.598,81326,685,8,0,,0,1,0.533,1.561,1.561
20261003-222355,296.395,81326,725,9,2,Swiftness+Fury,1,1,27.797,29.358,29.358
20261003-222355,297.951,81326,718,10,1,Resolution,1,1,30.398,30.914,30.914
20261003-222355,297.951,81326,747,9,1,Resolution,1,1,29.353,29.353,29.353
20261003-222355,297.951,81326,870,5,1,Might,1,1,29.886,30.398,30.398
20261003-222355,325.265,81053,2251,8,1,Resolution,1,1,57.712,58.228,58.228
20261003-222355,325.265,81053,2846,7,1,Resolution,1,1,27.314,27.314,27.314
20261003-222355,325.793,81053,2329,9,1,Protection,1,1,27.842,27.842,27.842
20261003-222355,325.793,81053,2566,5,0,,0,1,0.528,0.528,0.528
20261003-222355,325.793,81053,5384,9,1,Swiftness,1,1,57.728,58.756,58.756
20261003-222355,325.793,81053,3122,5,1,Resolution,1,1,27.842,27.842,27.842
20261003-222355,325.795,81053,4858,9,1,Swiftness,1,1,57.730,58.758,58.758
20261003-222355,325.795,81053,4894,5,1,Resolution,1,1,,,
20261003-222355,325.795,81053,2766,7,2,Resolution+Regeneration,1,1,29.400,29.400,29.400
20261003-222355,325.947,81326,601,9,0,,0,1,0.152,0.152,0.152
20261003-222355,325.947,81326,666,8,0,,0,1,0.154,0.154,0.154
20261003-222355,326.307,81053,2868,7,0,,0,1,0.360,0.514,0.514
20261003-222355,326.473,81326,635,6,0,,0,1,0.680,1.208,1.208
20261003-222355,326.473,81326,772,7,0,,0,1,0.680,0.680,0.680
20261003-222355,326.473,81326,684,7,0,,0,1,0.678,0.678,0.678
20261003-222355,326.707,81053,2868,8,0,,0,1,0.400,0.914,0.914
20261003-222355,326.707,81053,2947,8,0,,0,1,0.234,0.912,0.912
20261003-222355,326.707,81053,2607,6,0,,0,1,0.912,0.912,0.912
20261003-222355,326.707,81053,2734,7,0,,0,1,0.234,1.442,1.442
20261003-222355,326.707,81053,3327,7,0,,0,1,0.234,0.914,0.914
20261003-222355,326.833,81053,3153,7,0,,0,1,0.126,1.040,1.040
20261003-222355,326.833,81053,2566,7,0,,0,1,0.126,1.568,1.568
20261003-222355,326.833,81053,2766,8,0,,0,1,0.126,1.038,1.038
20261003-222355,326.833,81053,2329,10,1,Protection,1,1,1.040,1.040,1.040
20261003-222355,326.833,81053,2447,6,0,,0,1,0.126,1.038,1.038
20261003-222355,326.833,81053,2692,8,0,,0,1,0.126,1.040,1.040
20261003-222355,326.987,81326,635,7,0,,0,1,0.154,1.722,1.722
20261003-222355,326.987,81326,780,7,0,,0,1,0.154,1.194,1.194
20261003-222355,326.987,81326,684,8,0,,0,1,0.154,1.192,1.192
20261003-222355,326.987,81326,666,9,0,,0,1,0.154,1.194,1.194
20261003-222355,326.987,81326,605,6,0,,0,1,0.154,1.192,1.192
20261003-222355,327.237,81053,5736,10,0,,0,1,0.250,1.444,1.444
20261003-222355,327.237,81053,5214,7,0,,0,1,0.250,1.442,1.442
20261003-222355,327.307,81053,2947,8,0,,0,1,0.320,1.512,1.512
20261003-222355,327.509,81326,666,10,0,,0,1,0.272,1.716,1.716
20261003-222355,327.509,81326,760,9,0,,0,1,0.202,1.714,1.714
20261003-222355,327.509,81326,635,7,1,Protection,1,1,59.444,60.472,60.472
20261003-222355,327.509,81326,672,7,0,,0,1,0.272,1.714,1.714
20261003-222355,327.747,81053,5436,7,0,,0,1,0.238,1.952,1.952
20261003-222355,328.269,81053,4858,9,1,Regeneration,1,1,2.322,2.474,2.474
20261003-222355,328.269,81053,5436,7,0,,0,1,0.522,2.474,2.474
20261003-222355,328.269,81053,3073,9,0,,0,1,0.760,2.474,2.474
20261003-222355,345.913,81053,1958,9,1,Fury,1,1,18.404,20.120,20.120
20261003-222355,345.913,81053,2204,10,1,Resolution,1,1,20.648,20.648,20.648
20261003-222355,345.913,81053,3338,9,2,Fury+Might,1,1,17.644,20.118,20.118
20261003-222355,345.913,81053,2810,9,1,Resolution,1,1,19.080,19.080,19.080
20261003-222355,345.913,81053,2931,9,1,Fury,1,1,17.644,17.644,17.644
20261003-222355,345.913,81053,2204,10,1,Resolution,1,1,,,
20261003-222355,345.913,81053,3096,9,1,Alacrity,1,1,18.404,18.404,18.404
20261003-222355,345.913,81053,2657,9,1,Resolution,1,1,17.644,20.118,20.118
20261003-222355,346.433,81053,1944,9,0,,0,1,0.520,0.520,0.520
20261003-222355,346.433,81053,2731,8,0,,0,1,0.520,0.520,0.520
20261003-222355,346.433,81053,2479,8,0,,0,1,0.520,0.520,0.520
20261003-222355,346.433,81053,2865,9,0,,0,1,0.520,0.520,0.520
20261003-222355,346.433,81053,3261,7,0,,0,1,0.520,0.520,0.520
20261003-222355,346.433,81053,2585,9,0,,0,1,0.520,0.520,0.520
20261003-222355,346.433,81053,2731,8,1,Alacrity,1,1,19.446,21.168,21.168
20261003-222355,346.433,81053,2160,10,0,,0,1,0.520,0.520,0.520
20261003-222355,346.947,81053,2865,9,0,,0,1,0.514,1.034,1.034
20261003-222355,346.947,81053,3261,8,0,,0,1,0.514,1.034,1.034
20261003-222355,346.947,81053,2479,9,0,,0,1,0.514,1.034,1.034
20261003-222355,362.985,81053,2864,10,1,Resolution,1,1,16.552,17.072,17.072
20261003-222355,362.985,81053,2936,9,2,Resolution+Fury,1,1,16.038,17.072,17.072
20261003-222355,362.985,81053,2747,7,1,Resolution,1,1,16.038,17.072,17.072
20261003-222355,362.985,81053,2465,6,1,Regeneration,1,1,16.552,17.072,17.072
20261003-222355,363.509,81053,2734,5,0,,0,1,0.524,0.524,0.524
20261003-222355,363.509,81053,3047,6,0,,0,1,0.524,0.524,0.524
20261003-222355,363.509,81053,3127,8,1,Regeneration,1,1,17.596,17.596,17.596
20261003-222355,363.509,81053,2389,9,1,Stability,1,1,17.076,17.596,17.596
20261003-222355,363.903,81053,3047,7,0,,0,1,0.394,0.918,0.918
20261003-222355,363.903,81053,3127,6,0,,0,1,0.394,0.394,0.394
20261003-222355,363.903,81053,2734,4,0,,0,1,0.394,0.918,0.918
20261003-222355,364.025,81053,2389,8,0,,0,1,0.516,0.516,0.516
20261003-222355,364.025,81053,2734,4,0,,0,1,0.122,1.040,1.040
20261003-222355,364.025,81053,3047,7,0,,0,1,0.122,1.040,1.040
20261003-222355,364.423,81053,3357,8,1,Regeneration,1,1,17.990,18.510,18.510
20261003-222355,364.423,81053,3257,7,2,Resolution+Fury,1,1,1.438,1.438,1.438
20261003-222355,364.423,81053,3021,8,1,Resolution,1,1,17.990,17.990,17.990
20261003-222355,364.423,81053,3169,8,1,Regeneration,1,1,17.476,18.510,18.510
20261003-222355,364.509,81053,6094,7,0,,0,1,0.484,1.524,1.524
20261003-222355,364.549,81053,3169,7,0,,0,1,0.126,0.126,0.126
20261003-222355,364.549,81053,3021,7,0,,0,1,0.126,0.126,0.126
20261003-222355,364.549,81053,3257,5,0,,0,1,0.126,0.126,0.126
20261003-222355,382.023,81053,4161,5,1,Fury,1,1,55.036,56.230,56.230
20261003-222355,383.549,81053,4161,6,1,Regeneration,1,1,1.526,1.526,1.526
20261003-222355,398.861,81326,742,7,1,Resolution,1,1,34.958,35.352,35.352
20261003-222355,398.861,81326,690,8,1,Resolution,1,1,34.352,35.876,35.876
20261003-222355,399.381,81326,760,6,0,,0,1,34.832,34.958,34.958
20261003-222355,399.381,81326,719,9,1,Resolution,1,1,36.396,36.396,36.396
20261003-222355,399.381,81326,601,8,1,Resolution,1,1,35.356,36.396,36.396
20261003-222355,399.381,81326,742,7,0,,0,1,0.520,0.520,0.520
20261003-222355,399.907,81326,797,10,1,Resolution,1,1,35.358,35.484,35.484
20261003-222355,399.909,81326,719,10,0,,0,1,0.528,0.528,0.528
20261003-222355,400.423,81326,797,9,0,,0,1,0.516,0.516,0.516
20261003-222355,400.423,81326,601,9,1,Resolution,1,1,1.042,1.042,1.042
20261003-222355,400.423,81326,719,10,0,,0,1,0.514,1.042,1.042
20261003-222355,410.503,81053,4283,9,1,Resolution,1,1,10.080,11.122,11.122
20261003-222355,411.033,81053,9500,10,0,,0,1,0.530,0.530,0.530
20261003-222355,411.033,81053,3052,8,1,Resolution,1,1,12.172,12.172,12.172
20261003-222355,411.545,81053,2393,8,1,Resolution,1,1,47.520,48.036,48.036
20261003-222355,411.545,81053,3956,10,1,Resolution,1,1,47.122,47.122,47.122
20261003-222355,411.545,81053,3052,9,0,,0,1,0.512,0.512,0.512
20261003-222355,411.949,81053,3527,8,1,Resolution,1,1,11.526,12.042,12.042
20261003-222355,411.949,81053,3956,9,0,,0,1,0.404,0.404,0.404
20261003-222355,411.949,81053,3052,9,0,,0,1,0.404,0.916,0.916
20261003-222355,411.949,81053,2393,7,0,,0,1,0.404,0.404,0.404
20261003-222355,411.949,81053,4750,10,0,,0,1,0.916,1.446,1.446
20261003-222355,412.065,81053,4750,10,0,,0,0,0.116,1.562,1.562
20261003-222355,412.065,81053,2393,8,0,,0,1,0.116,0.520,0.520
20261003-222355,412.065,81053,3052,9,0,,0,1,0.116,1.032,1.032
20261003-222355,412.065,81053,3956,10,0,,0,1,0.116,0.520,0.520
20261003-222355,412.065,81053,3527,9,0,,0,1,0.116,0.116,0.116
20261003-222355,412.545,81053,2130,9,0,,0,1,0.480,0.596,0.596
20261003-222355,412.545,81053,2158,8,0,,0,1,0.480,1.000,1.000
20261003-222355,412.545,81053,2824,9,1,Resolution,1,1,13.164,13.684,13.684
20261003-222355,412.545,81053,3057,9,0,,0,1,0.480,1.512,1.512
20261003-222355,412.545,81053,4098,7,1,Regeneration,1,1,28.996,28.996,28.996
20261003-222355,412.985,81053,2158,8,0,,0,1,0.440,1.440,1.440
20261003-222355,412.985,81053,2824,8,0,,0,1,0.440,0.440,0.440
20261003-222355,413.061,81053,3258,9,0,,0,1,0.516,2.028,2.028
20261003-222355,413.501,81053,3133,8,0,,0,1,0.516,0.956,0.956
20261003-222355,413.501,81053,2363,6,0,,0,1,0.956,1.552,1.552
20261003-222355,413.501,81053,2393,6,0,,0,1,0.516,1.956,1.956
20261003-222355,413.587,81053,3391,8,0,,0,1,0.526,2.554,2.554
20261003-222355,413.587,81053,4546,7,1,Regeneration,1,1,1.042,1.042,1.042
20261003-222355,413.587,81053,5278,6,1,Swiftness,1,1,1.522,3.084,3.084
20261003-222355,414.103,81053,5278,4,0,,0,1,0.516,0.516,0.516
20261003-222355,414.103,81053,3133,7,0,,0,1,0.602,1.558,1.558
20261003-222355,414.103,81053,2393,6,0,,0,1,0.602,2.558,2.558
20261003-222355,414.103,81053,2363,6,0,,0,1,0.602,2.154,2.154
20261003-222355,414.103,81053,3391,8,0,,0,1,0.516,3.070,3.070
20261003-222355,428.863,81326,577,9,1,Resolution,1,1,14.760,15.276,15.276
20261003-222355,428.863,81326,657,10,2,Might+Resistance,1,1,64.314,64.440,64.440
20261003-222355,429.381,81326,577,9,0,,0,1,0.518,0.518,0.518
20261003-222355,429.381,81326,789,10,1,Might,1,1,15.794,15.794,15.794
20261003-222355,429.901,81326,710,8,1,Resolution,1,1,15.798,17.952,17.952
20261003-222355,429.901,81326,655,10,2,Swiftness+Resolution,1,1,1.038,1.038,1.038
20261003-222355,429.901,81326,651,7,1,Resolution,1,1,15.798,18.868,18.868
20261003-222355,429.903,81326,535,9,1,Resolution,1,1,29.480,29.480,29.480
20261003-222355,429.903,81326,577,10,0,,0,1,0.522,1.040,1.040
20261003-222355,429.903,81326,677,11,1,Resolution,1,1,30.522,65.480,65.480
20261003-222355,429.903,81326,609,8,1,Regeneration,1,1,17.838,18.358,18.358
20261003-222355,429.903,81326,789,9,0,,0,1,0.522,0.522,0.522
20261003-222355,429.903,81326,645,11,1,Swiftness,1,1,15.800,17.358,17.358
20261003-222355,432.543,81053,3125,7,1,Resolution,1,1,2.642,2.642,2.642
20261003-222355,432.543,81053,2384,4,1,Resolution,1,1,18.440,20.998,20.998
20261003-222355,432.543,81053,4582,6,1,Resolution,1,1,2.642,2.642,2.642
20261003-222355,432.543,81053,2315,10,1,Resolution,1,1,2.640,2.640,2.640
20261003-222355,433.071,81053,2952,10,2,Resolution+Might,1,1,3.168,4.208,4.208
20261003-222355,433.071,81053,3271,7,1,Resolution,0,1,0.528,0.528,0.528
20261003-222355,433.071,81053,3330,8,1,Resolution,0,1,0.528,0.528,0.528
20261003-222355,433.071,81053,2540,4,1,Might,0,1,0.528,0.528,0.528
20261003-222355,433.585,81053,2644,4,0,,0,1,0.514,0.514,1.042
20261003-222355,433.585,81053,3170,9,1,Fury,1,1,3.682,3.682,3.682
20261003-222355,433.585,81053,3246,8,1,Fury,1,1,3.682,3.682,3.682
20261003-222355,433.585,81053,2281,8,0,,0,1,0.514,0.514,1.042
20261003-222355,433.985,81053,2281,8,1,Resolution,0,1,0.400,0.914,1.442
20261003-222355,433.985,81053,3246,8,1,Fury,0,1,0.400,0.400,0.400
20261003-222355,433.985,81053,3170,9,0,,0,1,0.400,0.400,0.400
20261003-222355,434.105,81053,2281,8,1,Resolution,0,1,0.120,0.120,1.562
20261003-222355,434.105,81053,3246,8,1,Fury,0,1,0.120,0.120,0.520
20261003-222355,434.105,81053,3246,9,2,Resolution+Fury,1,1,4.202,4.202,4.202
20261003-222355,434.105,81053,3170,9,0,,0,1,0.120,0.520,0.520
20261003-222355,434.507,81053,5134,8,1,Resolution,1,1,1.964,1.964,1.964
20261003-222355,434.507,81053,6190,9,0,,0,1,0.402,0.922,0.922
20261003-222355,434.507,81053,6492,7,0,,0,1,0.402,0.402,0.922
20261003-222355,434.507,81053,3246,8,0,,0,1,0.402,0.402,0.402
20261003-222355,434.507,81053,2281,8,0,,0,1,0.402,0.402,1.964
20261003-222355,434.585,81053,7564,9,1,Regeneration,1,1,4.682,5.204,5.204
20261003-222355,434.629,81053,3246,7,0,,0,1,0.122,0.524,1.044
20261003-222355,434.629,81053,3095,9,0,,0,1,0.122,1.044,1.044
20261003-222355,434.629,81053,2567,7,0,,0,1,0.122,0.122,0.122
20261003-222355,434.631,81053,3246,8,0,,0,1,0.124,0.526,0.526
20261003-222355,434.631,81053,2281,8,0,,0,1,0.124,0.526,2.088
20261003-222355,434.631,81053,3073,9,1,Resolution,1,1,1.560,1.560,1.560
20261003-222355,435.029,81053,3073,8,0,,0,1,0.398,0.398,0.398
20261003-222355,435.549,81053,3246,8,0,,0,1,0.918,1.444,1.444
20261003-222355,435.549,81053,3467,9,1,Fury,1,1,2.478,2.478,3.006
20261003-222355,435.549,81053,3499,9,2,Swiftness+Might,1,1,5.648,5.648,5.648
20261003-222355,500.149,80901,8878,12,1,Protection,1,1,65.518,66.044,67.606
20261003-222355,500.149,80901,8464,12,1,Protection,1,1,64.600,66.044,66.044
20261003-222355,500.149,80901,7682,12,1,Protection,1,1,64.600,64.600,64.600
20261003-222355,515.151,80901,3690,8,1,Might,1,1,15.002,15.002,15.002
20261003-222355,515.151,80901,3193,10,1,Might,1,1,15.002,15.002,15.002
20261003-222355,515.151,80901,3518,11,1,Alacrity,1,1,15.002,15.002,15.002
20261003-222355,515.151,80901,3277,12,1,Resistance,1,1,80.522,81.566,81.566
20261003-222355,515.151,80901,3792,9,2,Resistance+Protection,1,1,79.602,79.602,79.602
20261003-222355,515.151,80901,3518,9,1,Resistance,1,1,80.522,81.046,81.566
20261003-222355,515.151,80901,2782,10,1,Alacrity,1,1,81.566,82.080,82.608
20261003-222355,515.151,80901,3091,9,1,Resistance,1,1,80.522,80.644,80.644
20261003-222355,515.657,80901,5659,6,0,,0,1,0.506,0.506,0.506
20261003-222355,530.659,80901,3064,9,1,Resolution,1,1,15.508,15.508,15.508
20261003-222355,545.141,80901,2715,7,1,Resolution,1,1,29.990,29.990,29.990
20261003-222355,545.667,80901,9888,9,1,Fury,0,1,110.638,111.036,111.036
20261003-222355,545.667,80901,11229,8,2,Fury+Might,0,1,30.010,30.516,30.516
20261003-222355,545.667,80901,2479,6,1,Alacrity,1,1,15.008,15.008,15.008
20261003-222355,545.667,80901,2754,9,1,Regeneration,1,1,30.516,30.516,30.516
20261003-222355,545.667,80901,8196,9,1,Resolution,1,1,30.516,30.516,30.516
20261003-222355,545.667,80901,3245,10,1,Protection,1,1,30.516,30.516,30.516
20261003-222355,546.177,80901,2479,6,0,,1,1,0.510,0.510,0.510
20261003-222355,546.177,80901,4098,10,0,,0,1,0.510,0.510,0.510
20261003-222355,546.177,80901,2754,10,0,,0,1,0.510,0.510,0.510
20261003-222355,546.177,80901,3245,11,0,,0,1,0.510,0.510,0.510
20261003-234425,272.025,81326,628,1,1,Protection,1,1,,,
20261003-234425,272.547,81326,486,3,1,Resolution,1,1,,,
20261003-234425,272.547,81326,231,7,1,Resolution,1,1,,,
20261003-234425,272.547,81326,672,8,1,Resolution,1,1,,,
20261003-234425,272.547,81326,615,5,1,Resolution,1,1,,,
20261003-234425,273.067,81326,643,6,1,Regeneration,1,1,,,
20261003-234425,273.067,81326,615,4,0,,0,1,0.520,0.520,0.520
20261003-234425,273.067,81326,486,3,0,,0,1,0.520,0.520,0.520
20261003-234425,273.067,81326,726,7,1,Resolution,1,1,,,
20261003-234425,273.585,81326,615,5,0,,0,1,0.518,1.038,1.038
20261003-234425,273.585,81326,486,4,0,,0,1,0.518,1.038,1.038
20261003-234425,301.267,81326,635,9,1,Resolution,1,1,,,
20261003-234425,338.185,81053,2156,6,1,Regeneration,1,1,64.600,65.638,65.638
20261003-234425,338.185,81053,3334,8,1,Swiftness,1,1,,,
20261003-234425,338.185,81053,3977,8,1,Regeneration,1,1,65.118,65.118,65.118
20261003-234425,338.185,81053,1871,9,1,Might,1,1,,,
20261003-234425,338.185,81053,2508,5,1,Fury,1,1,64.600,65.638,65.638
20261003-234425,338.701,81053,2279,9,1,Protection,1,1,66.154,66.154,66.154
20261003-234425,338.701,81053,1871,8,0,,0,1,0.516,0.516,0.516
20261003-234425,338.701,81053,2156,5,0,,0,1,0.516,0.516,0.516
20261003-234425,338.701,81053,3334,7,0,,0,1,0.516,0.516,0.516
20261003-234425,339.219,81053,1871,8,0,,0,1,0.518,1.034,1.034
20261003-234425,339.625,81053,4411,7,1,Might,1,1,1.440,1.440,1.440
20261003-234425,339.625,81053,3698,7,0,,0,1,0.924,1.440,1.440
20261003-234425,339.625,81053,2782,5,1,Swiftness,1,1,1.440,1.440,1.440
20261003-234425,339.625,81053,2076,8,0,,0,1,0.406,1.440,1.440
20261003-234425,339.743,81053,3742,8,0,,0,1,0.118,1.558,1.558
20261003-234425,339.743,81053,5016,4,0,,0,1,0.118,0.118,0.118
20261003-234425,339.743,81053,6668,8,0,,0,1,0.118,1.558,1.558
20261003-234425,339.743,81053,3977,6,0,,0,1,0.118,0.118,0.118
20261003-234425,340.141,81053,4095,8,1,Might,1,1,1.440,1.440,1.440
20261003-234425,340.141,81053,5016,5,0,,0,1,0.398,0.516,0.516
20261003-234425,340.223,81053,5328,7,0,,0,1,0.480,0.598,0.598
20261003-234425,340.225,81053,4468,9,0,,0,1,0.482,2.040,2.040
20261003-234425,340.271,81053,2508,6,0,,0,1,0.130,0.646,0.646
20261003-234425,340.271,81053,1343,7,1,Protection,1,1,1.570,2.086,2.086
20261003-234425,340.661,81053,2234,8,0,,0,1,0.436,2.476,2.476
20261003-234425,340.739,81053,1871,8,0,,0,1,0.996,2.554,2.554
20261003-234425,340.739,81053,2307,8,1,Swiftness,1,1,68.714,68.714,68.714
20261003-234425,341.179,81053,1871,7,0,,0,1,0.440,2.994,2.994
20261003-234425,341.265,81053,2783,6,0,,0,1,1.042,1.640,1.640
20261003-234425,341.779,81053,2783,6,0,,0,1,0.514,2.154,2.154
20261003-234425,358.825,81053,2162,7,1,Swiftness,1,1,85.758,85.758,85.758
20261003-234425,358.825,81053,2137,8,1,Resolution,1,1,18.554,19.200,19.200
20261003-234425,358.825,81053,1413,6,1,Alacrity,1,1,18.554,18.554,18.554
20261003-234425,358.825,81053,2569,7,1,Protection,1,1,18.086,18.086,18.086
20261003-234425,359.349,81053,2277,8,1,Might,1,1,58.082,58.082,58.082
20261003-234425,359.349,81053,1413,5,0,,0,1,0.524,0.524,0.524
20261003-234425,359.349,81053,1771,8,1,Might,1,1,18.170,21.164,21.164
20261003-234425,359.349,81053,2114,9,1,Resolution,1,1,18.688,21.164,21.164
20261003-234425,359.349,81053,2137,8,0,,0,1,0.524,0.524,0.524
20261003-234425,359.349,81053,2334,6,1,Resolution,1,1,86.802,86.802,86.802
20261003-234425,359.349,81053,2522,9,1,Resolution,1,1,17.570,19.724,19.724
20261003-234425,359.349,81053,779,6,1,Might,1,1,19.208,19.208,19.208
20261003-234425,359.349,81053,3834,6,0,,0,1,0.524,0.524,0.524
20261003-234425,359.859,81053,864,7,0,,0,1,0.510,0.510,0.510
20261003-234425,359.859,81053,2589,6,0,,0,1,0.510,0.510,0.510
20261003-234425,359.859,81053,4253,6,0,,0,1,0.510,1.034,1.034
20261003-234425,360.263,81053,4253,6,0,,0,1,0.404,1.438,1.438
20261003-234425,360.381,81053,4253,6,0,,0,1,0.118,1.556,1.556
20261003-234425,360.863,81053,1771,8,1,Vigor,1,1,1.514,1.514,1.514
20261003-234425,360.863,81053,2162,7,1,Swiftness,1,1,2.038,2.038,2.038
20261003-234425,360.863,81053,2277,7,1,Vigor,1,1,1.514,1.514,1.514
20261003-234425,361.381,81053,2334,10,1,Resolution,1,1,1.522,2.032,2.032
20261003-234425,361.381,81053,2277,8,0,,0,1,0.518,0.518,0.518
20261003-234425,361.381,81053,2162,7,0,,0,1,0.518,0.518,0.518
20261003-234425,361.903,81053,3834,6,1,Vigor,1,1,1.522,3.078,3.078
20261003-234425,362.419,81053,3834,5,0,,0,1,0.516,0.516,0.516
20261003-234425,375.061,81053,2465,7,1,Might,1,1,13.680,14.198,14.198
20261003-234425,375.061,81053,2489,8,1,Regeneration,1,1,12.642,13.158,13.158
20261003-234425,375.061,81053,2395,6,1,Resolution,1,1,15.712,16.236,16.236
20261003-234425,375.581,81053,2244,9,1,Protection,1,1,14.718,14.718,14.718
20261003-234425,375.581,81053,1096,9,1,Protection,1,1,15.722,16.232,16.232
20261003-234425,375.581,81053,3195,7,1,Resolution,1,1,16.232,16.232,16.232
20261003-234425,375.581,81053,2465,7,0,,0,1,0.520,0.520,0.520
20261003-234425,375.581,81053,2489,7,0,,0,1,0.520,0.520,0.520
20261003-234425,375.581,81053,2395,6,0,,0,1,0.520,0.520,0.520
20261003-234425,376.099,81053,1476,8,0,,0,1,0.518,0.518,0.518
20261003-234425,376.099,81053,3020,8,0,,0,1,0.518,0.518,0.518
20261003-234425,376.101,81053,2159,4,0,,0,1,0.520,1.040,1.040
20261003-234425,376.101,81053,2880,7,0,,0,1,0.520,0.520,0.520
20261003-234425,376.499,81053,2600,10,1,Alacrity,1,1,15.118,15.636,15.636
20261003-234425,376.499,81053,2880,7,0,,0,1,0.398,0.918,0.918
20261003-234425,376.499,81053,2159,5,0,,0,1,0.398,1.438,1.438
20261003-234425,376.619,81053,2159,5,0,,0,1,0.120,1.558,1.558
20261003-234425,376.619,81053,2880,7,0,,0,1,0.120,1.038,1.038
20261003-234425,376.619,81053,2600,9,0,,0,1,0.120,0.120,0.120
20261003-234425,377.025,81053,1976,10,0,,0,1,0.926,1.444,1.444
20261003-234425,377.025,81053,3020,8,0,,0,1,0.926,1.444,1.444
20261003-234425,377.025,81053,2600,9,0,,0,1,0.406,0.526,0.526
20261003-234425,377.025,81053,3886,5,0,,0,1,0.406,1.964,1.964
20261003-234425,377.139,81053,1943,4,0,,0,1,0.114,2.078,2.078
20261003-234425,377.139,81053,2223,7,1,Resistance,1,1,1.558,2.078,2.078
20261003-234425,377.139,81053,2665,9,1,Resolution,1,1,15.758,15.758,15.758
20261003-234425,377.139,81053,2441,9,1,Resolution,1,1,17.790,18.314,18.314
20261003-234425,377.537,81053,2395,4,0,,0,1,0.398,2.476,2.476
20261003-234425,377.621,81053,3020,8,0,,0,1,0.596,2.040,2.040
20261003-234425,377.621,81053,919,9,0,,0,1,0.596,2.040,2.040
20261003-234425,378.057,81053,2159,4,0,,0,1,0.520,2.996,2.996
20261003-234425,378.139,81053,3020,7,0,,0,1,0.518,2.558,2.558
20261003-234425,378.665,81053,3020,6,0,,0,1,0.526,3.084,3.084
20261003-234425,422.299,81053,3125,5,1,Might,1,1,45.680,46.718,46.718
20261003-234425,422.301,81053,2865,9,1,Swiftness,1,1,46.720,47.240,47.240
20261003-234425,422.825,81053,2601,7,1,Might,1,1,45.686,45.686,45.686
20261003-234425,422.825,81053,3262,4,0,,0,1,0.526,0.526,0.526
20261003-234425,422.827,81053,2990,7,0,,0,1,0.526,0.526,0.526
20261003-234425,422.827,81053,2461,9,1,Protection,1,1,63.478,63.478,63.478
20261003-234425,422.827,81053,1856,10,1,Regeneration,1,1,44.162,47.246,47.246
20261003-234425,422.827,81053,1827,9,1,Protection,1,1,44.770,47.766,47.766
20261003-234425,422.827,81053,1119,9,1,Might,1,1,45.206,47.246,47.246
20261003-234425,423.337,81053,3712,8,0,,0,1,0.510,0.510,0.510
20261003-234425,423.337,81053,3654,7,0,,0,1,0.510,0.510,0.510
20261003-234425,423.337,81053,2650,10,1,Protection,1,1,46.312,46.838,46.838
20261003-234425,423.337,81053,2990,7,0,,0,1,0.510,1.036,1.036
20261003-234425,423.737,81053,2243,7,0,,0,1,0.912,0.912,0.912
20261003-234425,423.737,81053,3790,9,0,,0,1,0.400,0.400,0.400
20261003-234425,423.737,81053,1751,7,0,,0,1,0.400,0.910,0.910
20261003-234425,423.737,81053,1778,7,0,,0,1,0.400,0.910,0.910
20261003-234425,423.737,81053,3125,5,0,,0,1,0.912,1.438,1.438
20261003-234425,423.859,81053,2865,6,0,,0,1,0.522,1.558,1.558
20261003-234425,423.859,81053,3125,6,0,,0,1,0.122,1.560,1.560
20261003-234425,423.859,81053,1751,7,0,,0,1,0.122,1.032,1.032
20261003-234425,423.859,81053,1778,6,0,,0,1,0.122,1.032,1.032
20261003-234425,424.259,81053,2145,7,1,Might,1,1,1.432,1.432,1.432
20261003-234425,424.259,81053,1778,6,0,,0,1,0.400,1.432,1.432
20261003-234425,424.259,81053,1751,7,0,,0,1,0.400,1.432,1.432
20261003-234425,424.259,81053,2383,8,1,Protection,1,1,47.120,47.120,47.120
20261003-234425,424.339,81053,4486,8,0,,0,1,0.602,1.514,1.514
20261003-234425,424.339,81053,6250,6,0,,0,1,0.480,2.040,2.040
20261003-234425,424.385,81053,2865,6,0,,0,1,0.526,2.084,2.084
20261003-234425,424.781,81053,1778,5,0,,0,1,0.522,1.954,1.954
20261003-234425,424.781,81053,2145,6,0,,0,1,0.522,0.522,0.522
20261003-234425,424.781,81053,1751,8,0,,0,1,0.522,1.954,1.954
20261003-234425,425.297,81053,2030,7,0,,0,1,0.516,2.470,2.470
20261003-234425,425.297,81053,2062,5,0,,0,1,0.516,2.470,2.470
20261003-234425,425.895,81053,3178,7,1,Swiftness,1,1,1.510,3.594,3.594
20261003-234425,443.621,81053,2804,9,1,Resolution,1,1,66.482,66.482,66.482
20261003-234425,443.621,81053,2736,8,1,Protection,1,1,19.884,20.284,20.284
20261003-234425,443.621,81053,1040,8,1,Protection,1,1,18.840,19.362,19.362
20261003-234425,443.621,81053,2129,8,1,Protection,1,1,18.324,20.794,20.794
20261003-234425,443.621,81053,1698,10,1,Protection,1,1,18.324,20.794,20.794
20261003-234425,443.621,81053,2568,10,1,Resolution,1,1,19.362,19.362,19.362
20261003-234425,443.623,81053,2624,7,1,Protection,1,1,17.728,17.728,17.728
20261003-234425,443.623,81053,3031,10,1,Resolution,1,1,19.284,21.324,21.324
20261003-234425,444.139,81053,5136,9,0,,0,1,0.518,0.518,0.518
20261003-234425,444.139,81053,6062,8,0,,0,1,0.516,0.516,0.516
20261003-234425,444.139,81053,3104,8,0,,0,1,0.518,0.518,0.518
20261003-234425,444.139,81053,6354,7,0,,0,1,0.518,0.518,0.518
20261003-234425,444.139,81053,5068,9,0,,0,1,0.518,0.518,0.518
20261003-234425,444.139,81053,5608,8,0,,0,1,0.518,0.518,0.518
20261003-234425,444.139,81053,2598,8,1,Might,1,1,19.800,21.314,21.314
20261003-234425,444.139,81053,8168,8,0,,0,1,0.518,0.518,0.518
20261003-234425,444.659,81053,6042,8,1,Protection,1,1,21.832,21.832,21.832
20261003-234425,444.659,81053,5136,8,0,,0,1,0.520,1.038,1.038
20261003-234425,444.659,81053,3396,9,0,,0,1,0.520,1.038,1.038
20261003-234425,444.659,81053,4160,8,0,,0,1,0.520,1.038,1.038
20261003-234425,444.659,81053,4258,8,0,,0,1,0.520,1.038,1.038
20261003-234425,444.659,81053,2804,7,0,,0,1,0.520,1.038,1.038
20261003-234425,444.659,81053,2598,7,0,,0,1,0.520,0.520,0.520
20261003-234425,444.659,81053,2736,10,0,,0,1,0.520,1.038,1.038
20261003-234425,445.057,81053,2598,6,0,,0,1,0.398,0.918,0.918
20261003-234425,445.057,81053,2804,8,0,,0,1,0.398,1.436,1.436
20261003-234425,445.057,81053,2129,8,0,,0,1,0.398,1.436,1.436
20261003-234425,445.057,81053,3618,8,0,,0,1,0.398,0.398,0.398
20261003-234425,445.057,81053,1698,9,0,,0,1,0.398,1.436,1.436
20261003-234425,445.057,81053,3031,9,0,,0,1,0.918,1.434,1.434
20261003-234425,445.057,81053,2568,8,0,,0,1,0.398,1.436,1.436
20261003-234425,445.173,81053,7832,7,1,Fury,1,1,1.550,1.550,1.550
20261003-234425,445.173,81053,5136,8,0,,0,1,0.116,1.552,1.552
20261003-234425,445.173,81053,4258,8,0,,0,1,0.116,1.552,1.552
20261003-234425,445.173,81053,3396,9,0,,0,1,0.116,1.552,1.552
20261003-234425,445.173,81053,7236,8,0,,0,1,0.116,0.514,0.514
20261003-234425,445.173,81053,5608,8,0,,0,1,0.116,1.552,1.552
20261003-234425,445.579,81053,4848,10,0,,0,1,0.406,0.920,0.920
20261003-234425,445.579,81053,3056,10,0,,0,1,0.406,1.958,1.958
20261003-234425,445.579,81053,3916,6,0,,0,1,0.406,0.406,0.406
20261003-234425,445.697,81053,2736,8,1,Vigor,1,1,1.038,2.076,2.076
20261003-234425,445.697,81053,1528,10,0,,0,1,0.118,2.076,2.076
20261003-234425,445.697,81053,2424,10,0,,0,1,0.118,1.038,1.038
20261003-234425,446.093,81053,6722,10,1,Fury,1,1,1.036,2.470,2.470
20261003-234425,446.095,81053,6222,9,0,,0,1,0.922,2.474,2.474
20261003-234425,446.095,81053,6070,6,0,,0,1,0.398,0.398,0.398
20261003-234425,446.175,81053,2910,5,0,,0,1,0.596,1.002,1.002
20261003-234425,446.615,81053,3202,7,1,Might,1,1,1.558,2.476,2.476
20261003-234425,446.615,81053,6070,7,0,,0,1,0.520,0.918,0.918
20261003-234425,446.615,81053,6222,10,0,,0,1,0.520,2.994,2.994
20261003-234425,446.695,81053,2848,8,1,Alacrity,1,1,1.522,3.074,3.074
20261003-234425,446.695,81053,1073,8,1,Protection,1,1,2.036,3.074,3.074
20261003-234425,447.215,81053,2361,8,1,Swiftness,1,1,2.042,3.594,3.594
20261003-234425,447.215,81053,3035,7,0,,0,1,0.600,1.518,1.518
20261003-234425,447.215,81053,2092,10,1,Swiftness,1,1,1.518,3.594,3.594
20261003-234425,447.215,81053,2688,10,1,Resolution,1,1,1.518,2.556,2.556
20261003-234425,447.215,81053,1779,6,0,,0,1,0.520,0.520,0.520
20261003-234425,484.613,81326,677,7,1,Resolution,1,1,37.398,38.916,38.916
20261003-234425,486.177,81326,677,9,1,Might,1,1,1.564,1.564,1.564
20261003-234425,486.177,81326,703,6,1,Resolution,1,1,39.562,42.556,42.556
20261003-234425,503.031,80901,8912,10,1,Fury,1,1,16.854,16.854,16.854
20261003-234425,503.031,80901,6764,11,1,Swiftness,1,1,55.816,55.816,55.816
20261003-234425,503.031,80901,8338,10,1,Swiftness,1,1,56.856,57.858,57.858
20261003-234425,518.015,80901,3400,10,1,Fury,1,1,14.984,14.984,14.984
20261003-234425,518.539,80901,7732,10,1,Resistance,1,1,71.924,71.924,71.924
20261003-234425,518.539,80901,1498,10,1,Resistance,1,1,71.324,71.844,71.844
20261003-234425,518.539,80901,3065,9,1,Resistance,1,1,15.508,15.508,15.508
20261003-234425,518.539,80901,7090,11,1,Resistance,1,1,32.362,32.362,32.362
20261003-234425,533.023,80901,6426,7,1,Might,1,1,85.808,85.808,85.808
20261003-234425,533.023,80901,9464,3,0,,0,1,15.008,15.008,15.008
20261003-234425,533.023,80901,13119,6,1,Might,1,1,86.328,86.328,86.328
20261003-234425,533.023,80901,3263,8,1,Might,1,1,14.484,14.484,14.484
20261003-234425,533.541,80901,4373,4,0,,0,1,0.518,0.518,0.518
20261003-234425,533.541,80901,3213,5,2,Quickness+Stability,0,1,0.518,0.518,0.518
20261003-234425,533.541,80901,3263,7,2,Quickness+Stability,0,1,0.518,0.518,0.518
20261003-234425,533.541,80901,11905,5,1,Protection,1,1,30.510,30.510,30.510
20261003-234425,533.541,80901,5932,7,1,Might,1,1,15.002,15.002,15.002
20261003-234425,533.541,80901,5161,9,1,Fury,1,1,87.448,87.448,87.448
20261003-234425,534.057,80901,2966,6,0,,1,1,0.516,0.516,0.516
20261003-234425,534.057,80901,3263,6,0,,0,1,0.516,0.516,1.034
20261003-234425,534.057,80901,3213,5,0,,0,1,0.516,0.516,1.034
20261003-234425,534.057,80901,4732,3,1,Protection,1,1,1.034,16.042,16.042
20261003-234425,534.057,80901,6605,0,0,,0,0,15.518,15.518,15.518
20261003-234425,549.055,80901,4914,7,1,Swiftness,1,1,101.840,101.840,101.840
20261003-234425,549.055,80901,4019,7,1,Might,1,1,14.998,15.514,16.032
20261003-234425,549.055,80901,6271,8,1,Might,1,0,15.514,15.514,15.514
20261003-234425,549.055,80901,3796,5,1,Resolution,1,1,14.998,15.514,16.032
20261003-234425,563.013,80901,11554,10,1,Resolution,1,1,29.472,29.472,29.472
20261003-234425,563.533,80901,7068,9,1,Might,1,1,14.478,14.478,14.478
20261003-234425,563.533,80901,9158,8,2,Resolution+Regeneration,1,1,14.478,14.478,14.478
20261003-234425,564.057,80901,9158,7,0,,0,1,0.524,0.524,0.524
20261003-234425,564.057,80901,7068,8,0,,1,1,0.524,0.524,0.524
20261003-234425,564.057,80901,5523,11,1,Regeneration,1,1,30.516,31.034,31.034
20261003-234425,564.575,80901,10602,8,0,,1,1,0.518,1.042,0.518
20261003-234425,564.575,80901,12028,7,1,Resolution,1,1,1.562,1.562,1.562
20261003-234425,570.529,81326,246,9,1,Protection,1,1,36.472,36.988,36.472
20261003-234425,572.091,81326,542,7,1,Might,1,1,8.034,8.558,8.558
20261003-235149,271.989,81326,605,6,1,Fury,1,1,,,
20261003-235149,271.989,81326,717,9,1,Resolution,1,1,,,
20261003-235149,271.989,81326,558,8,1,Resolution,1,1,,,
20261003-235149,271.989,81326,817,3,1,Protection,1,1,,,
20261003-235149,271.989,81326,748,3,1,Resolution,1,1,,,
20261003-235149,271.989,81326,688,7,1,Fury,1,1,,,
20261003-235149,271.989,81326,272,6,1,Fury,1,1,,,
20261003-235149,271.989,81326,922,4,1,Resolution,1,1,,,
20261003-235149,273.029,81326,272,7,1,Vigor,1,1,1.040,1.040,1.040
20261003-235149,273.551,81326,688,5,1,Swiftness,1,1,1.562,1.562,1.562
20261003-235149,317.145,81053,2985,11,1,Fury,1,1,45.156,45.156,45.156
20261003-235149,317.145,81053,1450,11,1,Fury,1,1,,,
20261003-235149,317.145,81053,2712,11,1,Fury,1,1,,,
20261003-235149,317.145,81053,3379,11,2,Fury+Alacrity,1,1,45.156,45.156,45.156
20261003-235149,317.145,81053,3245,7,4,Fury+Resolution+Regeneration+Protection,1,1,45.156,45.156,45.156
20261003-235149,317.145,81053,2468,5,4,Protection+Fury+Might+Alacrity,1,1,44.116,44.116,44.116
20261003-235149,317.673,81053,3379,10,0,,0,1,0.528,0.528,0.528
20261003-235149,317.673,81053,3684,1,0,,0,1,0.528,0.528,0.528
20261003-235149,318.187,81053,4646,2,0,,0,1,44.636,44.636,44.636
20261003-235149,318.587,81053,3317,11,1,Resolution,1,1,1.442,1.442,1.442
20261003-235149,318.587,81053,2712,11,1,Protection,1,1,1.442,1.442,1.442
20261003-235149,318.587,81053,3245,3,3,Resolution+Protection+Might,1,1,1.442,1.442,1.442
20261003-235149,318.587,81053,3379,11,0,,0,1,0.914,1.442,1.442
20261003-235149,318.587,81053,4434,5,2,Alacrity+Resolution,1,1,46.598,46.598,46.598
20261003-235149,318.705,81053,9292,2,0,,0,1,0.518,45.154,45.154
20261003-235149,318.705,81053,3235,11,0,,0,1,0.118,1.560,1.560
20261003-235149,318.705,81053,4048,10,0,,0,1,0.118,0.118,0.118
20261003-235149,318.705,81053,4844,0,0,,0,1,0.118,0.118,0.118
20261003-235149,318.705,81053,3317,10,0,,0,1,0.118,0.118,0.118
20261003-235149,319.101,81053,3850,11,1,Might,1,1,1.956,1.956,1.956
20261003-235149,319.185,81053,4498,10,0,,0,1,0.480,0.598,0.598
20261003-235149,319.185,81053,4844,0,0,,0,1,0.480,0.598,0.598
20261003-235149,319.231,81053,3684,5,4,Might+Fury+Quickness+Alacrity,1,1,1.558,2.086,2.086
20261003-235149,319.231,81053,4434,6,0,,0,1,0.644,0.644,0.644
20261003-235149,319.231,81053,3595,11,0,,0,0,0.526,2.086,2.086
20261003-235149,319.625,81053,1925,9,0,,0,1,0.524,0.524,0.524
20261003-235149,319.701,81053,4844,1,0,,0,1,0.516,1.114,1.114
20261003-235149,319.701,81053,4498,10,0,,0,1,0.516,1.114,1.114
20261003-235149,319.701,81053,4434,7,0,,0,1,0.470,1.114,1.114
20261003-235149,319.701,81053,2468,2,0,,0,1,0.470,0.470,0.470
20261003-235149,320.229,81053,1147,4,0,,0,1,0.528,0.998,0.998
20261003-235149,320.229,81053,4434,8,0,,0,1,0.528,1.642,1.642
20261003-235149,320.229,81053,1925,10,0,,0,1,0.604,1.128,1.128
20261003-235149,320.739,81053,2258,9,1,Might,0,1,0.510,1.638,1.638
20261004-000409,256.708,81326,894,8,1,Fury,1,1,,,
20261004-000409,256.708,81326,541,4,1,Fury,1,1,,,
20261004-000409,258.274,81326,1334,3,0,,0,1,1.566,1.566,1.566
20261004-000409,286.592,81326,571,11,1,Swiftness,1,1,,,
20261004-000409,286.594,81326,227,9,1,Might,1,1,,,
20261004-000409,286.594,81326,204,9,1,Might,1,1,,,
20261004-000409,311.027,81053,2396,7,1,Resolution,1,1,,,
20261004-000409,311.027,81053,4945,6,1,Resolution,1,1,,,
20261004-000409,311.027,81053,3232,9,1,Fury,1,1,24.435,24.435,24.435
20261004-000409,311.027,81053,1028,9,1,Swiftness,1,1,24.433,24.433,24.433
20261004-000409,311.027,81053,2515,9,1,Regeneration,1,1,54.319,54.319,54.319
20261004-000409,311.550,81053,4945,4,0,,0,1,0.523,0.523,0.523
20261004-000409,311.550,81053,2515,9,0,,0,1,0.523,0.523,0.523
20261004-000409,311.550,81053,1284,10,1,Regeneration,1,1,24.956,24.956,24.956
20261004-000409,311.550,81053,1028,9,0,,0,1,0.523,0.523,0.523
20261004-000409,311.550,81053,3371,10,1,Regeneration,1,1,,,
20261004-000409,311.550,81053,2396,6,0,,0,1,0.523,0.523,0.523
20261004-000409,312.068,81053,5030,8,0,,0,1,0.518,1.041,1.041
20261004-000409,312.068,81053,3335,6,1,Resolution,1,1,,,
20261004-000409,312.068,81053,3371,5,1,Resolution,1,1,,,
20261004-000409,312.464,81053,5495,5,0,,0,1,0.914,1.437,1.437
20261004-000409,312.464,81053,2396,6,0,,0,1,0.914,1.437,1.437
20261004-000409,312.464,81053,1028,8,0,,0,1,0.914,1.437,1.437
20261004-000409,312.464,81053,3978,3,1,Resolution,1,1,54.190,55.756,55.756
20261004-000409,312.466,81053,2515,9,0,,0,1,0.398,1.439,1.439
20261004-000409,312.466,81053,3335,5,0,,0,1,0.398,0.398,0.398
20261004-000409,312.466,81053,3371,4,0,,0,1,0.398,0.398,0.398
20261004-000409,312.586,81053,3371,6,0,,0,1,0.120,0.518,0.518
20261004-000409,312.586,81053,3978,5,0,,0,1,0.122,0.122,0.122
20261004-000409,312.586,81053,2396,8,0,,0,1,0.122,1.559,1.559
20261004-000409,312.586,81053,3256,6,0,,0,1,0.120,0.518,0.518
20261004-000409,312.586,81053,2515,9,0,,0,1,0.120,1.559,1.559
20261004-000409,312.982,81053,1028,8,0,,0,1,0.518,1.955,1.955
20261004-000409,312.982,81053,5030,9,0,,0,1,0.396,1.955,1.955
20261004-000409,312.982,81053,1427,8,1,Alacrity,1,1,1.432,1.432,1.432
20261004-000409,313.104,81053,3256,7,0,,0,1,0.518,1.036,1.036
20261004-000409,313.586,81053,1106,8,0,,0,1,0.604,2.559,2.559
20261004-000409,331.032,81053,3044,9,1,Fury,1,1,18.050,18.050,18.050
20261004-000409,331.032,81053,3651,8,1,Protection,1,1,18.568,20.005,20.005
20261004-000409,331.032,81053,1768,9,1,Swiftness,1,1,18.446,20.005,20.005
20261004-000409,331.032,81053,2494,8,1,Fury,1,1,18.050,20.005,20.005
20261004-000409,331.032,81053,3343,9,1,Resolution,1,1,18.446,18.964,18.964
20261004-000409,331.034,81053,1133,9,1,Fury,1,1,17.448,20.007,20.007
20261004-000409,331.548,81053,10898,6,0,,0,1,0.516,0.516,0.516
20261004-000409,331.548,81053,6686,8,0,,0,1,0.516,0.516,0.516
20261004-000409,331.548,81053,3206,10,1,Resolution,1,1,20.521,20.521,20.521
20261004-000409,331.548,81053,1768,9,0,,0,1,0.516,0.516,0.516
20261004-000409,331.548,81053,2494,7,0,,0,1,0.516,0.516,0.516
20261004-000409,331.548,81053,4990,7,1,Regeneration,1,1,19.998,19.998,19.998
20261004-000409,331.548,81053,3308,9,1,Protection,1,1,18.444,19.480,19.480
20261004-000409,332.068,81053,3480,10,1,Resolution,1,1,19.482,19.604,19.604
20261004-000409,332.068,81053,4890,8,0,,0,1,0.520,0.520,0.520
20261004-000409,332.068,81053,2948,10,0,,0,1,0.520,1.036,1.036
20261004-000409,332.068,81053,2444,10,0,,0,1,0.520,1.036,1.036
20261004-000409,332.068,81053,1677,9,0,,0,1,0.520,1.036,1.036
20261004-000409,332.068,81053,3141,10,0,,0,1,0.520,0.520,0.520
20261004-000409,332.068,81053,3220,8,0,,0,1,0.520,1.036,1.036
20261004-000409,332.068,81053,4463,9,0,,0,1,0.520,0.520,0.520
20261004-000409,332.466,81053,1194,11,1,Protection,1,1,1.432,1.432,1.432
20261004-000409,332.466,81053,4463,9,0,,0,1,0.398,0.918,0.918
20261004-000409,332.584,81053,2984,11,1,Protection,1,1,1.552,1.552,1.552
20261004-000409,332.584,81053,3141,11,0,,0,1,0.516,1.036,1.036
20261004-000409,332.584,81053,2444,10,0,,0,1,0.516,1.552,1.552
20261004-000409,332.584,81053,2948,10,0,,0,1,0.516,1.552,1.552
20261004-000409,332.584,81053,3480,9,0,,0,1,0.516,0.516,0.516
20261004-000409,332.584,81053,1677,9,0,,0,1,0.516,1.552,1.552
20261004-000409,332.994,81053,3286,9,0,,0,1,0.410,1.962,1.962
20261004-000409,332.994,81053,4788,8,0,,0,1,0.410,1.962,1.962
20261004-000409,332.994,81053,3409,9,0,,0,1,0.410,0.926,0.926
20261004-000409,332.994,81053,2340,9,0,,0,1,0.528,0.528,0.528
20261004-000409,332.996,81053,2888,10,0,,0,1,0.412,1.964,1.964
20261004-000409,333.074,81053,2923,10,0,,0,1,0.490,0.490,0.490
20261004-000409,333.074,81053,3077,10,0,,0,1,0.490,1.526,1.526
20261004-000409,333.074,81053,3154,9,0,,0,1,1.006,2.042,2.042
20261004-000409,333.504,81053,3409,10,0,,0,1,0.510,1.436,1.436
20261004-000409,333.504,81053,2888,10,0,,0,1,0.508,2.472,2.472
20261004-000409,333.504,81053,2394,8,0,,0,1,0.510,2.472,2.472
20261004-000409,333.504,81053,3286,10,0,,0,1,0.510,2.472,2.472
20261004-000409,333.504,81053,6154,10,0,,0,1,0.430,1.956,1.956
20261004-000409,333.590,81053,4790,8,1,Regeneration,1,1,1.522,2.042,2.042
20261004-000409,333.592,81053,3154,9,0,,0,1,0.518,2.560,2.560
20261004-000409,333.592,81053,2929,11,1,Regeneration,1,1,1.126,2.044,2.044
20261004-000409,333.592,81053,1053,9,0,,0,1,0.598,1.126,1.126
20261004-000409,334.022,81053,1359,9,0,,0,1,0.948,1.438,1.438
20261004-000409,334.022,81053,5858,11,0,,0,1,0.430,0.430,0.430
20261004-000409,334.022,81053,7148,9,0,,0,1,0.518,2.990,2.990
20261004-000409,334.022,81053,8622,9,0,,0,1,0.518,2.990,2.990
20261004-000409,334.022,81053,3286,9,0,,0,1,0.518,2.990,2.990
20261004-000409,334.022,81053,6154,9,0,,0,1,0.518,2.474,2.474
20261004-000409,334.022,81053,1053,9,0,,0,1,0.430,1.556,1.556
20261004-000409,334.022,81053,6308,8,0,,0,1,0.430,2.990,2.990
20261004-000409,334.630,81053,2929,9,0,,0,1,0.608,1.038,1.038
20261004-000409,334.630,81053,2888,9,0,,0,1,0.608,3.598,3.598
20261004-000409,334.630,81053,1359,9,0,,0,1,0.608,2.046,2.046
20261004-000409,334.630,81053,3154,10,0,,0,1,0.608,3.598,3.598
20261004-000409,350.784,81053,3189,7,1,Swiftness,1,1,16.154,19.752,19.752
20261004-000409,350.784,81053,1350,6,1,Fury,1,1,16.154,18.200,18.200
20261004-000409,350.786,81053,2108,5,1,Swiftness,1,1,16.764,19.754,19.754
20261004-000409,350.786,81053,3189,7,1,Regeneration,1,1,17.196,17.196,17.196
20261004-000409,350.786,81053,2709,10,1,Regeneration,1,1,16.156,17.194,17.194
20261004-000409,351.310,81053,2379,8,1,Might,1,1,17.288,20.278,20.278
20261004-000409,351.310,81053,3058,8,1,Resistance,1,1,17.288,19.762,19.762
20261004-000409,351.310,81053,3189,6,0,,0,1,0.526,0.526,0.526
20261004-000409,351.310,81053,2108,4,0,,0,1,0.524,0.524,0.524
20261004-000409,351.310,81053,3189,6,0,,0,1,0.524,0.524,0.524
20261004-000409,351.310,81053,2709,9,0,,0,1,0.524,0.524,0.524
20261004-000409,352.230,81053,3058,8,0,,0,1,0.920,0.920,0.920
20261004-000409,352.230,81053,2379,10,0,,0,1,0.920,0.920,0.920
20261004-000409,352.230,81053,3189,8,0,,0,1,0.920,1.444,1.444
20261004-000409,352.230,81053,2870,7,0,,0,1,0.920,1.446,1.446
20261004-000409,352.230,81053,1836,6,0,,0,1,0.920,1.444,1.444
20261004-000409,352.230,81053,973,10,1,Alacrity,1,1,18.208,19.764,19.764
20261004-000409,352.346,81053,3538,9,1,Fury,1,1,18.842,20.278,20.278
20261004-000409,352.346,81053,3058,8,0,,0,1,0.116,1.036,1.036
20261004-000409,352.752,81053,1350,8,1,Alacrity,1,1,1.968,1.968,1.968
20261004-000409,352.752,81053,3134,10,1,Fury,1,1,18.122,21.720,21.720
20261004-000409,352.752,81053,6116,8,0,,0,1,0.406,1.442,1.442
20261004-000409,352.752,81053,6368,8,0,,0,1,0.406,0.406,0.406
20261004-000409,352.754,81053,1882,9,0,,0,1,0.524,0.524,0.524
20261004-000409,352.826,81053,2438,9,1,Swiftness,1,1,1.516,2.040,2.040
20261004-000409,352.826,81053,2379,10,0,,0,1,0.596,1.516,1.516
20261004-000409,352.826,81053,2583,6,0,,0,1,0.596,2.042,2.042
20261004-000409,352.826,81053,1836,6,0,,0,1,0.596,2.040,2.040
20261004-000409,352.862,81053,1215,7,0,,0,1,0.110,0.110,0.110
20261004-000409,352.862,81053,3058,8,0,,0,1,0.110,1.552,1.552
20261004-000409,353.342,81053,2583,7,0,,0,1,0.516,2.558,2.558
20261004-000409,353.864,81053,2583,6,0,,0,1,0.522,3.080,3.080
20261004-000409,354.388,81053,2583,6,0,,0,1,0.524,3.604,3.604
20261004-000409,354.388,81053,3125,7,1,Swiftness,1,1,1.636,1.636,1.636
20261004-000409,358.312,81326,817,7,1,Might,1,1,5.486,7.002,7.002
20261004-000409,358.312,81326,621,6,1,Protection,1,1,5.450,5.560,5.560
20261004-000409,358.312,81326,721,10,1,Swiftness,1,1,3.924,3.924,3.924
20261004-000409,358.312,81326,633,10,1,Regeneration,1,1,5.450,7.002,7.002
20261004-000409,358.312,81326,863,6,1,Protection,1,1,6.082,7.526,7.526
20261004-000409,358.820,81326,1288,5,0,,0,1,0.508,0.508,0.508
20261004-000409,358.820,81326,498,7,0,,0,1,0.508,0.508,0.508
20261004-000409,358.820,81326,644,5,0,,0,1,0.508,0.508,0.508
20261004-000409,358.820,81326,779,9,1,Swiftness,1,1,6.068,6.474,6.474
20261004-000409,359.342,81326,485,8,0,,0,1,6.516,8.556,8.556
20261004-000409,359.342,81326,637,10,1,Swiftness,1,1,6.516,6.516,6.516
20261004-000409,359.342,81326,633,8,1,Protection,1,1,1.030,1.030,1.030
20261004-000409,359.342,81326,508,7,0,,0,1,0.522,1.030,1.030
20261004-000409,359.342,81326,644,7,0,,0,1,0.522,1.030,1.030
20261004-000409,359.342,81326,779,9,0,,0,1,0.522,0.522,0.522
20261004-000409,359.342,81326,880,5,0,,0,1,0.522,1.030,1.030
20261004-000409,359.862,81326,945,8,0,,0,1,0.520,0.520,0.520
20261004-000409,359.862,81326,644,7,0,,0,1,0.520,1.550,1.550
20261004-000409,359.862,81326,660,8,1,Might,1,1,5.474,9.078,9.078
20261004-000409,359.862,81326,485,9,0,,0,1,0.520,9.076,9.076
20261004-000409,359.862,81326,779,9,0,,0,1,0.520,1.042,1.042
20261004-000409,359.862,81326,637,9,0,,0,1,0.520,0.520,0.520
20261004-000409,359.862,81326,932,6,0,,0,1,0.520,1.550,1.550
20261004-000409,359.862,81326,248,7,1,Protection,1,1,7.108,7.632,7.632
20261004-000409,359.862,81326,508,7,0,,0,1,0.520,1.550,1.550
20261004-000409,371.232,81053,5426,9,1,Resolution,1,1,11.370,11.890,11.890
20261004-000409,371.232,81053,6388,8,1,Alacrity,1,1,11.370,12.920,12.920
20261004-000409,371.232,81053,4088,11,1,Might,1,1,11.370,20.446,20.446
20261004-000409,371.232,81053,6784,10,1,Resolution,1,1,11.370,12.412,12.412
20261004-000409,371.232,81053,974,6,1,Alacrity,1,1,11.370,11.370,11.370
20261004-000409,371.232,81053,2874,10,1,Resolution,1,1,11.370,11.370,11.370
20261004-000409,371.232,81053,2164,8,1,Alacrity,1,1,11.370,12.920,12.920
20261004-000409,371.234,81053,3026,9,1,Alacrity,1,1,11.372,11.892,11.892
20261004-000409,371.234,81053,3139,11,1,Resolution,1,1,12.922,12.922,12.922
20261004-000409,371.234,81053,2383,7,1,Alacrity,1,1,11.372,12.922,12.922
20261004-000409,371.625,81053,4766,7,0,,0,1,0.391,0.391,0.391
20261004-000409,371.626,81053,5650,10,0,,0,1,0.392,0.392,0.392
20261004-000409,371.626,81053,6106,9,0,,0,1,0.394,0.394,0.394
20261004-000409,371.626,81053,2442,8,0,,0,1,0.394,0.394,0.394
20261004-000409,371.626,81053,3896,7,0,,0,1,0.394,0.394,0.394
20261004-000409,371.626,81053,5174,9,0,,0,1,0.394,0.394,0.394
20261004-000409,371.626,81053,3678,11,0,,0,1,0.394,0.394,0.394
20261004-000409,371.626,81053,6052,7,0,,0,1,0.392,0.392,0.392
20261004-000409,371.746,81053,3194,6,0,,0,1,0.514,0.514,0.514
20261004-000409,371.746,81053,974,6,0,,0,1,0.514,0.514,0.514
20261004-000409,371.746,81053,1839,11,0,,0,1,0.120,0.514,0.514
20261004-000409,371.746,81053,3026,6,0,,0,1,0.120,0.512,0.512
20261004-000409,371.746,81053,2587,10,0,,0,1,0.120,0.514,0.514
20261004-000409,371.746,81053,1948,7,0,,0,1,0.120,0.514,0.514
20261004-000409,371.746,81053,3053,10,0,,0,1,0.120,0.514,0.514
20261004-000409,371.746,81053,2825,11,0,,0,1,0.120,0.512,0.512
20261004-000409,371.746,81053,2383,7,0,,0,1,0.121,0.512,0.512
20261004-000409,371.746,81053,2442,9,0,,0,1,0.120,0.514,0.514
20261004-000409,372.146,81053,4986,8,0,,0,1,0.400,0.914,0.914
20261004-000409,372.146,81053,1990,7,0,,0,1,0.400,0.914,0.914
20261004-000409,372.146,81053,3260,7,0,,0,1,0.400,0.914,0.914
20261004-000409,372.146,81053,6234,9,0,,0,1,0.400,0.914,0.914
20261004-000409,372.146,81053,3756,10,0,,0,1,0.400,0.914,0.914
20261004-000409,372.146,81053,4866,8,0,,0,1,0.400,0.912,0.912
20261004-000409,372.146,81053,5282,9,0,,0,1,0.400,0.914,0.914
20261004-000409,372.146,81053,6178,7,0,,0,1,0.400,0.912,0.912
20261004-000409,372.146,81053,5768,10,0,,0,1,0.400,0.912,0.912
20261004-000409,372.146,81053,4418,8,0,,0,1,0.400,0.914,0.914
20261004-000409,372.660,81053,6520,6,0,,0,1,0.514,1.428,1.428
20261004-000409,372.660,81053,2374,7,0,,0,1,0.514,1.428,1.428
20261004-000409,372.660,81053,3756,10,0,,0,1,0.514,1.428,1.428
20261004-000409,372.660,81053,5282,9,0,,0,1,0.514,1.428,1.428
20261004-000409,372.660,81053,2970,7,0,,0,1,0.514,1.428,1.428
20261004-000409,372.660,81053,4866,7,0,,0,1,0.514,1.426,1.426
20261004-000409,372.660,81053,4986,8,0,,0,1,0.514,1.428,1.428
20261004-000409,373.268,81053,1878,9,0,,0,1,0.608,2.036,2.036
20261004-000409,373.268,81053,3631,7,0,,0,1,0.608,2.034,2.034
20261004-000409,373.268,81053,3848,7,1,Swiftness,1,1,1.122,2.036,2.036
20261004-000409,373.268,81053,2493,9,0,,0,1,0.608,2.036,2.036
20261004-000409,387.624,81326,231,7,0,,0,1,14.964,16.392,16.392
20261004-000409,397.662,81053,3261,7,2,Swiftness+Regeneration,1,1,25.516,26.428,26.428
20261004-000409,397.662,81053,1153,7,1,Might,1,1,10.038,26.430,26.430
20261004-000409,397.662,81053,2600,10,1,Might,1,1,24.394,26.430,26.430
20261004-000409,397.662,81053,4192,6,1,Swiftness,1,1,24.394,24.394,24.394
20261004-000409,397.662,81053,1440,4,1,Might,1,1,25.002,26.430,26.430
20261004-000409,398.184,81053,8548,8,0,,0,1,0.522,0.522,0.522
20261004-000409,398.186,81053,2350,6,0,,0,1,0.524,0.524,0.524
20261004-000409,398.186,81053,6650,5,0,,0,1,0.524,0.524,0.524
20261004-000409,398.186,81053,5302,10,0,,0,1,0.524,0.524,0.524
20261004-000409,398.186,81053,1468,3,0,,0,1,0.524,0.524,0.524
20261004-000409,398.186,81053,2808,7,2,Resolution+Protection,1,1,25.526,26.954,26.954
20261004-000409,398.708,81053,4976,9,1,Protection,1,1,25.440,27.476,27.476
20261004-000409,398.708,81053,6796,9,2,Swiftness+Resolution,1,1,26.562,27.474,27.474
20261004-000409,398.710,81053,2328,9,1,Resolution,1,1,25.442,27.476,27.476
20261004-000409,398.710,81053,2808,11,1,Regeneration,1,1,26.050,27.478,27.478
20261004-000409,398.710,81053,2651,10,0,,0,1,0.524,1.048,1.048
20261004-000409,398.710,81053,1175,8,0,,0,1,0.524,1.048,1.048
20261004-000409,398.710,81053,3325,7,0,,0,1,0.524,1.048,1.048
20261004-000409,399.108,81053,2808,10,0,,0,1,0.398,0.398,0.398
20261004-000409,399.108,81053,2651,10,0,,0,1,0.398,1.446,1.446
20261004-000409,399.108,81053,3398,8,0,,0,1,0.400,0.400,0.400
20261004-000409,399.226,81053,5960,8,0,,0,1,0.518,0.518,0.518
20261004-000409,399.226,81053,3398,8,0,,0,1,0.118,0.518,0.518
20261004-000409,399.226,81053,2808,10,0,,0,1,0.118,0.516,0.516
20261004-000409,399.226,81053,2328,8,0,,0,1,0.516,0.516,0.516
20261004-000409,399.226,81053,2651,11,0,,0,1,0.118,1.564,1.564
20261004-000409,399.226,81053,1264,9,0,,0,1,0.516,1.564,1.564
20261004-000409,399.630,81053,2528,9,0,,0,1,0.404,1.968,1.968
20261004-000409,399.630,81053,5302,10,0,,0,1,0.404,1.968,1.968
20261004-000409,399.630,81053,4274,9,1,Regeneration,1,1,1.446,1.968,1.968
20261004-000409,399.708,81053,4656,8,0,,0,1,0.482,0.998,0.998
20261004-000409,399.740,81053,2808,10,0,,0,1,0.514,1.030,1.030
20261004-000409,400.138,81053,2651,10,0,,0,1,0.508,2.476,2.476
20261004-000409,400.662,81053,1337,8,1,Protection,1,1,1.436,1.954,1.954
20261004-000409,417.266,81326,647,8,2,Might+Protection,1,1,18.040,18.558,18.558
20261004-000409,417.266,81326,223,8,1,Protection,1,1,17.636,19.604,19.604
20261004-000409,417.266,81326,619,6,1,Protection,1,1,19.080,19.604,19.604
20261004-000409,417.268,81326,701,8,2,Resistance+Protection,1,1,18.558,19.606,19.606
20261004-000409,417.268,81326,592,8,1,Protection,1,1,17.528,18.558,18.558
20261004-000409,417.268,81326,731,6,2,Protection+Vigor,1,1,19.082,19.082,19.082
20261004-000409,417.268,81326,545,7,1,Protection,1,1,17.560,18.558,18.558
20261004-000409,417.268,81326,730,9,1,Fury,1,1,17.638,17.638,17.638
20261004-000409,417.268,81326,303,8,0,,0,1,16.606,16.606,16.606
20261004-000409,417.792,81326,303,7,0,,0,1,0.524,17.130,17.130
20261004-000409,417.792,81326,814,6,0,,0,1,0.524,0.524,0.524
20261004-000409,417.792,81326,924,5,0,,0,1,0.526,0.526,0.526
20261004-000409,417.792,81326,333,7,0,,0,1,0.526,0.526,0.526
20261004-000409,417.792,81326,884,6,0,,0,1,0.524,0.524,0.524
20261004-000409,417.792,81326,1047,6,0,,0,1,0.524,0.524,0.524
20261004-000409,418.306,81326,491,6,0,,0,1,0.514,1.038,1.038
20261004-000409,418.825,81326,669,6,2,Protection+Might,1,1,1.033,1.557,1.557
20261004-000409,418.826,81326,1024,5,2,Might+Fury,1,1,1.560,1.560,1.560
20261004-000409,418.826,81326,759,6,0,,0,1,1.558,1.558,1.558
20261004-000409,418.826,81326,491,6,0,,0,1,0.520,1.558,1.558
20261004-000409,418.826,81326,200,6,1,Protection,1,1,1.034,1.560,1.560
20261004-000409,418.826,81326,357,6,1,Might,1,1,1.034,18.164,18.164
20261004-000409,418.980,81053,4953,4,0,,0,1,0.154,0.154,0.154
20261004-000409,418.980,81053,2376,7,0,,0,1,0.154,1.712,1.712
20261004-000409,418.980,81053,1450,6,0,,0,1,0.154,0.154,0.154
20261004-000409,418.980,81053,1728,6,0,,0,1,0.154,0.154,0.154
20261004-000409,419.506,81053,9906,5,0,,0,1,0.526,0.680,0.680
20261004-000409,419.506,81053,4752,6,0,,0,1,0.526,2.238,2.238
20261004-000409,419.506,81053,4832,4,0,,0,1,0.681,0.681,0.681
20261004-000409,419.506,81053,4083,5,0,,0,1,0.680,2.238,2.238
20261004-000409,420.024,81053,1920,5,1,Might,1,1,1.044,1.198,1.198
20261004-000409,420.024,81053,4349,5,0,,0,1,0.518,1.199,1.199
20261004-000409,420.024,81053,4083,5,0,,0,1,0.518,2.756,2.756
20261004-000409,420.024,81053,4754,4,1,Fury,1,1,2.232,2.756,2.756
20261004-000409,420.024,81053,4592,5,1,Might,1,1,19.886,22.362,22.362
20261004-000409,420.546,81053,4776,5,0,,0,1,0.522,0.522,0.522
20261004-000409,420.942,81053,8166,5,0,,0,1,0.918,3.674,3.674
20261004-000409,420.942,81053,2348,5,1,Regeneration,1,1,3.150,3.676,3.676
20261004-000409,420.942,81053,9508,3,0,,0,1,0.918,0.918,0.918
20261004-000409,420.942,81053,1880,8,1,Swiftness,1,1,1.962,2.116,2.116
20261004-000409,420.942,81053,8206,5,0,,0,1,0.918,2.117,2.117
20261004-000409,420.942,81053,11538,4,2,Fury+Might,1,1,1.436,2.116,2.116
20261004-000409,421.462,81053,8326,4,2,Regeneration+Fury,1,1,4.194,4.194,4.194
20261004-000409,421.462,81053,9784,5,0,,0,1,0.916,1.438,1.438
20261004-000409,421.462,81053,3572,5,0,,0,1,1.438,1.438,1.438
20261004-000409,421.462,81053,4754,4,0,,0,1,0.520,1.438,1.438
20261004-000409,421.462,81053,1305,5,0,,0,1,0.520,0.520,0.520
20261004-000409,421.462,81053,11538,4,0,,0,1,0.520,0.520,0.520
20261004-000409,421.464,81053,4083,5,0,,0,0,0.522,4.196,4.196
20261004-000409,421.464,81053,1045,7,0,,0,1,0.522,0.522,0.522
20261004-000409,421.464,81053,4752,6,1,Fury,1,1,1.958,4.196,4.196
20261004-000409,421.986,81053,5148,4,0,,0,1,0.522,0.522,0.522
20261004-000409,421.986,81053,4892,4,0,,0,0,0.524,1.962,1.962
20261004-000409,421.986,81053,1786,4,0,,0,1,0.524,1.962,1.962
20261004-000409,421.986,81053,5769,2,0,,0,0,0.524,1.044,1.044
20261004-000409,422.058,81053,5910,4,2,Fury+Might,1,1,1.116,3.233,3.233
20261004-000409,422.582,81053,2772,5,0,,0,0,0.596,1.118,1.118
20261004-000409,422.582,81053,5910,0,0,,0,1,0.524,0.524,0.524
20261004-001305,272.705,81326,513,5,1,Fury,1,1,,,
20261004-001305,302.789,81326,635,8,4,Resolution+Regeneration+Fury+Protection,1,1,,,
20261004-001305,302.789,81326,559,9,1,Protection,1,1,,,
20261004-001305,302.789,81326,484,8,1,Protection,1,1,30.084,30.084,30.084
20261004-001305,302.789,81326,543,10,1,Protection,1,1,,,
20261004-001305,302.789,81326,525,8,4,Resolution+Alacrity+Regeneration+Fury,1,1,,,
20261004-001305,303.315,81326,722,7,0,,0,1,0.526,0.526,0.526
20261004-001305,303.315,81326,835,8,0,,0,1,0.526,0.526,0.526
20261004-001305,303.315,81326,507,8,1,Resolution,1,1,,,
20261004-001305,303.315,81326,637,7,0,,0,1,0.526,0.526,0.526
20261004-001305,332.821,81053,3217,5,1,Might,1,1,29.506,30.032,30.032
20261004-001305,333.347,81053,2901,4,0,,0,1,0.526,0.526,0.526
20261004-001305,334.351,81053,3910,10,2,Protection+Alacrity,1,1,31.036,31.036,31.036
20261004-001305,334.863,81053,4485,6,2,Might+Protection,1,1,,,
20261004-001305,334.863,81053,1316,9,1,Protection,1,1,32.074,32.074,32.074
20261004-001305,335.391,81053,1964,7,0,,0,1,0.528,0.528,0.528
20261004-001305,335.391,81053,6694,6,0,,0,1,0.528,0.528,0.528
20261004-001305,335.391,81053,5793,4,5,Resolution+Might+Alacrity+Resistance+Regeneration,1,1,32.602,32.602,32.602
20261004-001305,335.391,81053,3803,7,8,Protection+Regeneration+Resolution+Might+Alacrity+Fury+Resistance+Quickness,1,1,32.076,32.602,32.602
20261004-001305,335.391,81053,3534,8,1,Protection,1,1,,,
20261004-001305,335.391,81053,2759,7,1,Swiftness,1,1,,,
20261004-001305,352.579,81053,6739,1,1,Might,1,1,,,
20261004-001305,354.021,81053,6739,0,0,,1,1,1.442,1.442,1.442
20261004-001305,367.823,81326,844,7,4,Fury+Protection+Resistance+Stability,1,1,13.802,15.244,13.802
20261004-001305,367.823,81326,503,6,1,Fury,1,1,32.432,32.432,32.432
20261004-001305,368.345,81326,1260,5,0,,0,1,0.522,0.522,0.522
20261004-001305,368.345,81326,503,8,0,,0,1,0.522,0.522,0.522
20261004-001305,368.345,81326,684,8,2,Protection+Resistance,1,1,32.954,33.482,33.482
20261004-001305,368.345,81326,748,9,8,Resolution+Might+Fury+Protection+Resistance+Stability+Quickness+Regeneration,1,1,32.954,32.954,32.954
20261004-001305,368.347,81326,684,8,8,Resolution+Might+Fury+Protection+Resistance+Stability+Quickness+Regeneration,1,1,32.956,32.956,32.956
20261004-001305,368.865,81326,541,8,0,,0,1,0.520,1.042,1.042
20261004-001305,368.865,81326,1260,4,0,,0,1,0.520,1.042,1.042
20261004-001305,369.383,81053,3972,9,1,Resolution,1,1,66.068,66.594,66.594
20261004-001305,369.383,81053,1510,6,1,Might,1,1,33.992,34.520,34.520
20261004-001305,369.383,81053,2650,9,0,,0,1,0.518,1.560,1.560
20261004-001305,369.383,81053,3090,8,1,Regeneration,1,1,36.036,36.562,36.562
20261004-001305,369.383,81326,644,5,1,Protection,1,1,33.992,33.992,33.992
20261004-001305,369.383,81326,487,9,0,,0,1,0.000,1.560,1.560
20261004-001305,369.383,81053,5818,5,1,Protection,1,1,0.000,0.000,0.000
20261004-001305,369.905,81053,6182,5,2,Stability+Fury,1,1,1.560,1.560,1.560
20261004-001305,369.905,81053,3519,10,4,Protection+Vigor+Stability+Regeneration,1,1,35.554,35.554,35.554
20261004-001305,369.905,81053,3090,8,1,Protection,0,1,0.522,0.522,0.522
20261004-001305,369.905,81053,3972,7,1,Protection,0,1,0.522,0.522,0.522
20261004-001305,370.301,81053,5928,6,0,,0,1,0.396,0.396,0.918
20261004-001305,370.301,81053,5252,6,0,,0,1,0.396,0.396,0.396
20261004-001305,370.301,81053,4613,7,0,,0,1,0.396,0.396,0.918
20261004-001305,370.433,81053,3508,5,1,Protection,1,1,1.050,1.050,1.050
20261004-001305,370.433,81053,2945,8,1,Might,1,1,1.050,2.610,2.610
20261004-001305,370.433,81053,3728,2,3,Resolution+Protection+Vigor,1,1,2.086,2.086,2.086
20261004-001305,370.433,81053,3972,7,0,,0,1,0.132,0.528,1.050
20261004-001305,370.823,81053,3519,7,0,,0,1,0.522,0.918,0.918
20261004-001305,370.901,81053,1404,5,1,Protection,1,1,1.518,1.518,1.518
20261004-001305,370.901,81053,2945,8,0,,0,1,0.468,0.468,0.468
20261004-001305,370.901,81053,5236,4,0,,0,1,0.468,0.468,0.468
20261004-001305,371.427,81053,6182,3,2,Regeneration+Swiftness,1,1,1.522,1.522,1.522
20261004-001305,372.467,81053,3172,6,2,Swiftness+Regeneration,1,1,1.644,2.562,2.562
20261004-001305,388.265,81053,4699,6,4,Alacrity+Protection+Resolution+Fury,1,1,19.400,20.442,20.442
20261004-001305,388.265,81053,4684,2,2,Alacrity+Protection,1,1,17.832,17.832,17.832
20261004-001305,388.783,81053,3511,8,8,Resolution+Fury+Might+Alacrity+Regeneration+Swiftness+Protection+Quickness,1,1,20.438,20.438,20.438
20261004-001305,389.179,81053,3818,7,1,Swiftness,1,1,18.746,19.274,19.796
20261004-001305,389.179,81053,3145,7,1,Might,1,1,18.878,19.274,19.796
20261004-001305,389.179,81053,4684,1,0,,0,1,0.914,0.914,0.914
20261004-001305,389.179,81053,3583,7,2,Protection+Might,1,1,17.752,17.752,17.752
20261004-001305,389.305,81053,4684,1,0,,0,1,0.126,1.040,1.040
20261004-001305,389.305,81053,3145,6,0,,0,1,0.126,0.126,0.126
20261004-001305,389.305,81053,3818,6,0,,0,1,0.126,0.126,0.126
20261004-001305,389.825,81053,4684,1,0,,0,1,0.520,1.560,1.560
20261004-001305,389.825,81053,3818,6,0,,0,1,0.520,0.646,0.646
20261004-001305,390.739,81053,2063,8,1,Might,1,1,19.838,20.306,20.306
20261004-001305,390.739,81053,3583,10,2,Swiftness+Regeneration,1,1,1.560,1.560,1.560
20261004-001305,390.739,81053,3145,8,1,Protection,1,1,1.434,1.560,1.560
20261004-001305,390.739,81053,4684,2,0,,0,1,0.914,2.474,2.474
20261004-001305,390.739,81053,3818,7,0,,0,1,0.914,1.560,1.560
20261004-001305,397.141,81326,871,3,3,Protection+Might+Resolution,1,1,8.876,8.876,8.876
20261004-001305,397.143,81326,806,2,2,Protection+Might,1,1,8.360,8.360,8.360
20261004-001305,397.143,81326,538,4,1,Protection,1,1,26.242,26.242,26.242
20261004-001305,407.777,81053,2294,6,1,Regeneration,1,1,17.038,17.038,17.038
20261004-001305,407.779,81053,4291,9,1,Swiftness,1,1,35.312,35.312,35.312
20261004-001305,408.697,81053,2068,6,0,,0,1,0.920,0.920,0.920
20261004-001305,408.697,81053,3869,8,0,,0,1,0.918,0.918,0.918
20261004-001305,408.817,81053,3910,7,7,Fury+Regeneration+Protection+Resistance+Stability+Swiftness+Might,1,1,18.078,20.552,20.552
20261004-001305,425.941,81053,6775,6,1,Swiftness,1,1,55.040,55.508,55.508
20261004-001305,426.899,81326,405,7,1,Resolution,1,1,18.202,19.122,19.122
20261004-001305,427.901,81053,8053,7,1,Might,0,0,19.204,20.122,20.122
20261004-132338,287.875,81326,581,8,1,Stability,1,1,,,
20261004-132338,287.875,81326,630,9,1,Protection,1,1,,,
20261004-132338,317.151,81326,689,7,1,Might,1,1,29.276,29.276,29.276
20261004-132338,317.151,81326,613,3,1,Might,1,1,,,
20261004-132338,317.151,81326,696,4,1,Might,1,1,,,
20261004-132338,317.675,81326,569,8,1,Might,1,1,,,
20261004-132338,317.675,81326,552,5,1,Might,1,1,,,
20261004-132338,317.675,81326,869,8,1,Might,1,1,,,
20261004-132338,317.675,81326,752,5,1,Swiftness,1,1,,,
20261004-132338,317.675,81326,521,7,1,Might,1,1,,,
20261004-132338,317.675,81326,624,6,1,Swiftness,1,1,29.800,29.800,29.800
20261004-132338,317.675,81326,525,5,1,Swiftness,1,1,,,
20261004-132338,318.191,81326,525,4,0,,0,1,0.516,0.516,0.516
20261004-132338,318.191,81326,752,3,0,,0,1,0.516,0.516,0.516
20261004-132338,318.191,81326,696,5,1,Vigor,1,1,1.040,1.040,1.040
20261004-132338,318.191,81326,689,7,1,Alacrity,1,1,1.040,1.040,1.040
20261004-132338,318.191,81326,624,6,0,,0,1,0.516,0.516,0.516
20261004-132338,318.191,81326,569,8,0,,0,1,0.516,0.516,0.516
20261004-132338,318.191,81326,552,5,0,,0,1,0.516,0.516,0.516
20261004-132338,318.191,81326,521,6,0,,0,1,0.516,0.516,0.516
20261004-132338,318.715,81326,613,3,1,Might,1,1,1.564,1.564,1.564
20261004-132338,318.715,81326,696,4,0,,0,1,0.524,0.524,0.524
20261004-132338,318.715,81326,624,7,0,,0,1,0.524,1.040,1.040
20261004-132338,318.715,81326,689,6,0,,0,1,0.524,0.524,0.524
20261004-132338,318.715,81326,752,3,0,,0,1,0.524,1.040,1.040
20261004-132338,318.715,81326,521,7,0,,0,1,0.524,1.040,1.040
20261004-132338,318.715,81326,525,5,0,,0,1,0.524,1.040,1.040
20261004-132338,318.715,81326,552,6,0,,0,1,0.524,1.040,1.040
20261004-132338,337.709,81053,4087,6,1,Resolution,1,1,18.994,20.034,20.034
20261004-132338,338.235,81053,4087,6,0,,0,1,0.526,0.526,0.526
20261004-132338,338.237,81053,9554,5,5,Might+Alacrity+Fury+Regeneration+Resistance,1,1,19.522,19.522,19.522
20261004-132338,338.751,81053,4777,1,0,,0,1,0.514,0.514,0.514
20261004-132338,338.751,81053,4087,8,0,,0,1,0.516,1.042,1.042
20261004-132338,338.751,81053,5036,7,1,Might,1,1,21.076,21.076,21.076
20261004-132338,339.155,81053,3852,6,0,,0,1,20.440,21.480,21.480
20261004-132338,339.271,81053,2738,9,0,,0,1,0.520,1.562,1.562
20261004-132338,339.749,81053,3916,7,0,,0,1,0.594,22.074,22.074
20261004-132338,339.749,81053,3017,5,4,Fury+Quickness+Regeneration+Stability,1,1,21.558,22.074,22.074
20261004-132338,358.115,81053,7870,0,0,,1,1,39.400,40.440,40.440
20261004-132338,358.633,81053,7930,0,0,,1,1,0.518,40.958,0.518
20261004-132338,361.107,81053,14812,9,1,Might,1,1,42.392,42.916,42.916
20261004-132338,361.191,81053,6055,8,4,Might+Quickness+Protection+Resolution,1,1,21.442,21.442,21.442
20261004-132338,361.193,81053,8009,7,1,Resolution,1,1,21.444,43.518,43.518
20261004-132338,361.193,81053,5876,8,1,Might,1,1,42.478,43.518,43.518
20261004-132338,361.713,81053,8009,7,0,,0,1,0.520,0.520,0.520
20261004-132338,361.713,81053,9038,6,0,,0,1,0.522,0.522,0.522
20261004-132338,361.713,81053,5876,7,0,,0,1,0.520,0.520,0.520
20261004-133634,308.593,81326,915,7,1,Might,1,1,,,
20261004-133634,308.593,81326,725,8,1,Might,1,1,,,
20261004-133634,309.113,81326,792,5,1,Resolution,1,1,,,
20261004-133634,309.113,81326,637,4,1,Resistance,1,1,,,
20261004-133634,309.633,81326,637,5,0,,0,1,0.520,0.520,0.520
20261004-133634,309.633,81326,792,5,0,,0,1,0.520,0.520,0.520
20261004-133634,309.633,81326,725,6,1,Might,1,1,1.040,1.040,1.040
20261004-133634,338.193,81326,720,6,1,Might,1,1,,,
20261004-133634,338.193,81326,899,8,1,Vigor,1,1,29.600,29.600,29.600
20261004-133634,338.711,81326,654,5,1,Resolution,1,1,,,
20261004-133634,339.233,81326,635,5,1,Might,1,1,,,
20261004-133634,339.751,81326,626,7,1,Protection,1,1,30.118,30.638,30.638
20261004-133634,339.751,81326,648,5,1,Resolution,1,1,1.558,1.558,1.558
20261004-133634,354.587,81053,5479,3,2,Alacrity+Might,1,1,15.876,15.876,15.876
20261004-133634,354.587,81053,6522,3,2,Alacrity+Might,1,1,44.954,45.474,45.474
20261004-133634,354.587,81053,3208,6,1,Resolution,1,1,15.354,15.354,15.354
20261004-133634,355.113,81053,5488,9,1,Resolution,1,1,,,
20261004-133634,355.113,81053,3394,5,5,Resolution+Might+Regeneration+Protection+Fury,1,1,,,
20261004-133634,355.625,81053,5488,9,0,,0,1,0.512,0.512,0.512
20261004-133634,355.625,81053,10134,1,0,,0,1,0.512,0.512,0.512
20261004-133634,356.155,81053,10134,1,0,,0,1,0.530,1.042,1.042
20261004-133634,356.155,81053,5488,9,0,,0,1,0.530,1.042,1.042
20261004-133634,356.547,81053,3208,5,1,Resolution,1,1,1.960,1.960,1.960
20261004-133634,356.689,81053,4542,7,2,Resolution+Swiftness,1,1,18.496,18.496,18.496
20261004-133634,356.689,81053,2744,10,0,,0,1,0.534,1.576,1.576
20261004-133634,357.589,81053,3575,1,1,Protection,1,1,17.838,17.838,17.838
20261004-133634,358.187,81053,2792,9,1,Might,1,1,1.498,3.074,3.074
20261004-133634,374.903,81053,5704,0,0,,0,1,,,
20261004-133634,374.905,81053,4333,1,1,Fury,1,1,35.154,35.154,35.154
20261004-133634,375.423,81053,5704,0,0,,0,1,0.520,,
20261004-154121,317.788,81326,616,4,1,Protection,1,1,,,
20261004-154121,317.788,81326,613,2,1,Might,1,1,,,
20261004-154121,318.314,81326,616,6,2,Might+Stability,0,1,,,
20261004-154121,318.314,81326,755,7,2,Resolution+Might,0,1,,,
20261004-154121,318.314,81326,953,5,0,,0,1,0.526,0.526,0.526
20261004-154121,318.314,81326,523,7,1,Might,1,1,,,
20261004-154121,318.314,81326,613,5,0,,0,1,0.526,0.526,0.526
20261004-154121,318.832,81326,440,9,1,Protection,1,1,,,
20261004-154121,318.832,81326,755,5,0,,0,1,0.518,0.518,
20261004-154121,318.832,81326,541,6,1,Protection,1,1,,,
20261004-154121,318.832,81326,613,9,0,,0,1,0.518,1.044,1.044
20261004-154121,318.832,81326,560,9,0,,0,1,0.518,1.044,1.044
20261004-154121,318.832,81326,560,8,0,,0,1,0.518,0.518,
20261004-154121,319.348,81326,543,6,4,Might+Stability+Protection+Resolution,1,1,,,
20261004-154121,319.348,81326,807,5,0,,0,1,0.516,0.516,0.516
20261004-154121,319.348,81326,613,9,0,,0,1,0.516,1.560,1.560
20261004-154121,319.348,81326,560,9,0,,0,1,0.516,1.560,1.560
20261004-154121,319.348,81326,657,9,0,,0,1,0.516,0.516,0.516
20261004-154121,347.546,81326,423,8,1,Protection,1,1,28.198,28.714,28.714
20261004-154121,347.546,81326,573,7,1,Swiftness,1,1,,,
20261004-154121,347.546,81326,939,7,1,Swiftness,1,1,28.198,29.758,29.758
20261004-154121,348.070,81326,875,7,1,Quickness,1,1,,,
20261004-154121,348.070,81326,573,7,0,,0,1,0.524,0.524,0.524
20261004-154121,348.070,81326,518,7,1,Protection,1,1,29.756,29.756,29.756
20261004-154121,348.070,81326,939,6,0,,0,1,0.524,0.524,0.524
20261004-154121,348.586,81326,939,6,0,,0,1,0.516,1.040,1.040
20261004-154121,357.392,81053,3201,3,1,Might,1,1,9.846,9.846,9.846
20261004-154121,357.392,81053,2682,9,1,Vigor,1,1,38.044,38.560,38.560
20261004-154121,357.392,81053,3229,5,1,Might,1,1,9.322,9.846,9.846
20261004-154121,357.394,81053,2904,6,1,Regeneration,1,1,38.046,39.606,39.606
20261004-154121,357.394,81053,5125,6,1,Regeneration,1,1,8.808,9.848,9.848
20261004-154121,357.912,81053,9354,4,1,Alacrity,1,1,39.080,39.598,
20261004-154121,357.912,81053,10250,6,0,,0,1,0.518,0.518,0.518
20261004-154121,357.912,81053,6454,6,0,,0,1,0.518,0.518,0.518
20261004-154121,357.912,81053,2383,5,0,,0,1,0.520,0.520,0.520
20261004-154121,357.912,81053,3843,8,3,Resolution+Regeneration+Quickness,1,1,39.080,39.598,
20261004-154121,358.422,81053,5364,9,1,Vigor,1,1,1.030,1.030,1.030
20261004-154121,358.422,81053,3433,8,0,,0,1,0.510,1.028,1.028
20261004-154121,358.422,81053,3133,5,0,,0,1,0.510,0.510,0.510
20261004-154121,358.422,81053,3843,6,0,,0,1,0.510,0.510,0.510
20261004-154121,358.828,81053,3227,7,0,,0,1,0.916,1.434,1.434
20261004-154121,358.828,81053,3843,6,0,,0,1,0.406,0.916,0.916
20261004-154121,358.828,81053,3133,5,0,,0,1,0.406,0.916,0.916
20261004-154121,358.828,81053,2682,8,0,,0,1,0.406,0.406,0.406
20261004-154121,358.944,81053,5364,9,0,,0,1,0.116,0.522,0.522
20261004-154121,358.944,81053,3133,6,0,,0,1,0.116,1.032,1.032
20261004-154121,358.944,81053,7686,7,0,,0,1,0.116,1.032,1.032
20261004-154121,358.944,81053,6454,8,0,,0,1,0.116,1.550,1.550
20261004-154121,358.944,81053,3433,9,0,,0,1,0.522,1.550,1.550
20261004-154121,359.346,81053,6866,10,0,,0,1,0.402,1.952,1.952
20261004-154121,359.346,81053,3133,7,0,,0,1,0.402,1.434,1.434
20261004-154121,359.346,81053,2682,10,0,,0,1,0.402,0.924,0.924
20261004-154121,359.346,81053,7686,8,0,,0,1,0.402,1.434,1.434
20261004-154121,359.432,81053,3229,5,1,Regeneration,1,1,2.040,2.040,2.040
20261004-154121,359.464,81053,3843,8,0,,0,1,0.118,1.552,1.552
20261004-154121,359.464,81053,2682,10,0,,0,1,0.118,1.042,1.042
20261004-154121,359.464,81053,3133,7,0,,0,1,0.118,1.552,1.552
20261004-154121,359.868,81053,3133,7,0,,0,1,0.404,1.956,1.956
20261004-154121,359.868,81053,2980,10,0,,0,1,0.404,1.446,1.446
20261004-154121,359.868,81053,4271,8,0,,0,1,0.404,1.956,1.956
20261004-154121,360.388,81053,4271,9,0,,0,0,0.520,2.476,2.476
20261004-154121,360.388,81053,3133,9,0,,0,1,0.520,2.476,2.476
20261004-154121,360.388,81053,2980,10,0,,0,1,0.520,1.966,1.966
20261004-154121,377.184,81326,415,10,1,Swiftness,1,1,19.272,19.792,19.792
20261004-154121,377.184,81326,587,9,1,Swiftness,1,1,18.240,19.790,19.790
20261004-154121,377.184,81326,587,9,1,Swiftness,1,1,16.796,19.272,19.272
20261004-154121,377.184,81326,605,8,1,Swiftness,1,1,17.752,17.752,17.752
20261004-154121,377.184,81326,492,8,1,Resolution,1,1,29.114,29.114,29.114
20261004-154121,377.184,81326,644,9,1,Swiftness,1,1,17.838,19.790,19.790
20261004-154121,377.550,81053,2500,7,0,,0,1,0.366,0.366,0.366
20261004-154121,377.702,81326,529,10,2,Resolution+Alacrity,1,1,58.354,58.354,58.354
20261004-154121,377.702,81326,558,9,1,Resolution,1,1,29.632,29.632,29.632
20261004-154121,378.228,81326,721,10,3,Resolution+Might+Alacrity,1,1,17.840,20.316,20.316
20261004-154121,378.228,81326,644,9,1,Protection,1,1,1.044,1.044,1.044
20261004-154121,378.228,81326,503,10,1,Resolution,1,1,17.840,19.806,19.806
20261004-154121,378.228,81326,558,8,0,,0,1,0.526,0.526,0.526
20261004-154121,378.228,81326,587,7,1,Might,1,1,1.044,1.044,1.044
20261004-154121,378.228,81326,529,8,0,,0,1,0.526,0.526,0.526
20261004-154121,378.228,81326,587,9,1,Fury,1,1,1.044,1.044,1.044
20261004-154121,378.228,81326,605,8,1,Might,1,1,1.044,1.044,1.044
20261004-154121,378.228,81326,447,10,1,Might,1,1,1.044,1.044,1.044
20261004-154121,378.590,81053,3309,6,0,,0,1,0.362,0.362,0.362
20261004-154121,378.590,81053,3309,8,0,,0,1,0.362,0.362,0.362
20261004-154121,378.590,81053,2832,9,0,,0,1,0.362,0.362,0.362
20261004-154121,378.590,81053,3141,8,0,,0,1,0.362,0.888,0.888
20261004-154121,378.590,81053,5413,8,0,,0,1,0.362,0.362,0.362
20261004-154121,378.590,81053,4059,7,0,,0,1,0.362,0.362,0.362
20261004-154121,378.590,81053,2978,8,0,,0,1,0.362,0.888,0.888
20261004-154121,378.742,81326,605,8,0,,0,1,0.514,0.514,0.514
20261004-154121,378.744,81326,587,6,0,,0,1,0.154,0.516,0.516
20261004-154121,378.744,81326,587,8,0,,0,1,0.154,0.516,0.516
20261004-154121,378.744,81326,503,10,0,,0,1,0.154,0.516,0.516
20261004-154121,378.744,81326,558,9,0,,0,1,0.154,1.042,1.042
20261004-154121,378.744,81326,961,9,0,,0,1,0.154,0.516,0.516
20261004-154121,378.744,81326,529,9,0,,0,1,0.154,1.042,1.042
20261004-154121,378.744,81326,721,8,0,,0,1,0.154,0.516,0.516
20261004-154121,378.744,81326,447,9,0,,0,1,0.516,0.516,0.516
20261004-154121,378.988,81053,2728,8,1,Might,1,1,1.438,1.804,1.804
20261004-154121,379.110,81053,2475,9,0,,0,1,0.366,0.882,0.882
20261004-154121,379.110,81053,2929,9,0,,0,1,0.366,1.408,1.408
20261004-154121,379.110,81053,3255,6,0,,0,1,0.366,0.882,0.882
20261004-154121,379.110,81053,3090,9,0,,0,1,0.366,1.408,1.408
20261004-154121,379.110,81053,2786,10,0,,0,1,0.366,0.882,0.882
20261004-154121,379.110,81053,3354,8,0,,0,1,0.368,0.882,0.882
20261004-154121,379.110,81053,3255,8,0,,0,1,0.366,0.882,0.882
20261004-154121,379.110,81053,3567,9,0,,0,1,0.366,0.882,0.882
20261004-154121,379.582,81053,2728,6,0,,0,1,0.594,0.594,0.594
20261004-154121,394.426,81053,2486,7,1,Swiftness,1,1,14.844,15.438,15.438
20261004-154121,394.426,81053,3638,7,1,Swiftness,1,1,15.682,16.198,16.198
20261004-154121,394.426,81053,2669,7,2,Swiftness+Might,1,1,15.316,16.724,16.724
20261004-154121,394.942,81053,2816,8,1,Fury,1,1,15.832,16.714,16.714
20261004-154121,394.942,81053,4036,6,0,,0,1,0.516,0.516,0.516
20261004-154121,394.942,81053,2961,5,0,,0,1,0.516,0.516,0.516
20261004-154121,395.462,81053,4036,6,0,,0,1,0.520,1.036,1.036
20261004-154121,395.462,81053,2816,7,0,,0,1,0.520,0.520,0.520
20261004-154121,395.862,81053,2534,8,0,,0,1,0.400,0.920,0.920
20261004-154121,395.862,81053,4036,7,0,,0,1,0.400,1.436,1.436
20261004-154121,395.862,81053,2757,7,1,Alacrity,1,1,1.436,1.436,1.436
20261004-154121,395.982,81053,2757,6,0,,0,1,0.120,0.120,0.120
20261004-154121,395.982,81053,4036,7,0,,0,1,0.120,1.556,1.556
20261004-154121,396.462,81053,3586,6,2,Might+Alacrity,1,1,1.520,2.036,2.036
20261004-154121,396.992,81053,2486,5,0,,0,1,1.010,1.130,1.130
20261004-154121,413.704,81053,2657,8,1,Swiftness,1,1,34.594,35.476,35.476
20261004-154121,414.740,81053,2182,11,1,Might,1,1,35.630,36.512,36.512
20261004-154121,415.148,81053,2776,11,1,Protection,1,1,36.038,36.920,36.920
20261004-154121,415.148,81053,1715,10,1,Protection,1,1,36.038,36.920,36.920
20261004-154121,415.220,81053,3604,6,1,Resolution,1,1,19.238,20.794,20.794
20261004-154121,415.660,81053,2715,8,2,Might+Resolution,1,1,19.198,19.198,19.198
20261004-154121,415.660,81053,2694,8,0,,0,1,0.920,0.920,0.920
20261004-154121,436.302,81326,476,9,1,Resolution,1,1,40.440,41.360,41.360
20261004-154121,436.302,81326,419,11,1,Protection,1,1,39.310,40.440,40.440
20261004-154121,436.302,81326,610,9,1,Might,1,1,22.598,22.598,22.598
20261004-154121,436.824,81326,556,8,1,Resolution,1,1,57.714,58.596,58.596
20261004-154121,436.824,81326,610,7,0,,0,1,0.522,0.522,0.522
20261004-154121,436.824,81326,450,9,2,Might+Resolution,1,1,21.164,21.164,21.164
20261004-154121,436.824,81326,476,7,0,,0,1,0.522,0.522,0.522
20261004-154121,436.824,81326,702,4,1,Might,1,1,21.676,21.676,21.676
20261004-154121,437.340,81326,470,4,0,,0,1,0.516,0.516,0.516
20261004-154121,437.340,81326,450,8,0,,0,1,0.516,0.516,0.516
20261004-154121,437.870,81326,470,4,1,Protection,0,1,0.530,1.046,1.046
20261004-154121,437.870,81326,476,9,2,Resolution+Resistance,1,1,1.046,1.568,1.568
20261004-154121,441.418,81053,2984,8,1,Swiftness,1,1,4.594,4.594,4.594
20261004-154121,441.418,81053,3160,7,2,Resolution+Fury,1,1,4.078,4.594,4.594
20261004-154121,441.418,81053,3661,7,1,Resolution,1,1,26.198,26.198,26.198
20261004-154121,441.418,81053,3075,8,1,Resistance,1,1,26.270,26.270,26.270
20261004-154121,441.944,81053,2255,9,1,Regeneration,1,1,5.642,5.642,5.642
20261004-154121,441.944,81053,2849,5,0,,0,1,0.526,0.526,0.526
20261004-154121,441.946,81053,2691,7,0,,0,1,0.528,0.528,0.528
20261004-154121,441.946,81053,3667,6,0,,0,1,0.528,0.528,0.528
20261004-154121,442.466,81053,2501,8,0,,0,1,0.522,0.522,0.522
20261004-154121,442.466,81053,2943,8,1,Might,1,1,5.642,6.164,6.164
20261004-154121,442.466,81053,4228,10,1,Might,1,1,63.356,64.764,64.764
20261004-154121,442.466,81053,3160,5,0,,0,1,0.522,1.048,1.048
20261004-154121,442.466,81053,4068,6,0,,0,1,0.520,1.048,1.048
20261004-154121,442.466,81053,2984,5,0,,0,1,0.520,1.048,1.048
20261004-154121,442.864,81053,2833,10,0,,0,1,0.398,0.398,0.398
20261004-154121,443.380,81053,2511,6,1,Might,1,1,5.510,5.510,5.510
20261004-154121,443.380,81053,2042,4,1,Might,1,1,5.510,5.510,6.556
20261004-154121,443.380,81053,3511,7,1,Might,1,1,27.720,28.640,28.640
20261004-154121,443.380,81053,5536,5,1,Might,1,1,1.962,1.962,1.962
20261004-154121,443.382,81053,5886,8,0,,0,1,0.916,0.916,0.916
20261004-154121,443.466,81053,2458,9,0,,0,1,0.602,1.000,1.000
20261004-154121,443.466,81053,2283,7,0,,0,1,1.000,1.522,1.522
20261004-154121,443.466,81053,7186,4,0,,0,1,1.000,2.048,2.048
20261004-154121,443.466,81053,5414,7,0,,0,1,1.000,2.048,2.048
20261004-154121,443.900,81053,5074,7,0,,0,1,0.434,1.956,1.956
20261004-154121,443.900,81053,5536,5,0,,0,1,0.520,0.520,0.520
20261004-154121,443.900,81053,6540,8,0,,0,1,0.518,1.434,1.434
20261004-154121,443.900,81053,5462,7,0,,0,1,0.434,1.434,1.434
20261004-154121,444.420,81053,2948,8,0,,0,1,0.520,1.954,1.954
20261004-154121,444.420,81053,2287,7,0,,0,1,0.520,2.476,2.476
20261004-154121,444.420,81053,2495,7,0,,0,1,0.520,1.040,1.040
20261004-154121,444.420,81053,2871,5,2,Protection+Might,1,1,1.954,3.002,3.002
20261004-154121,445.024,81053,2600,9,1,Protection,1,1,1.558,3.606,3.606
20261004-154121,462.542,81053,2837,10,1,Resolution,1,1,18.122,20.598,20.598
20261004-154121,462.542,81053,2602,9,1,Resolution,1,1,18.642,20.076,20.076
20261004-154121,462.542,81053,2085,11,1,Swiftness,1,1,19.162,19.162,19.162
20261004-154121,462.542,81053,4152,6,1,Resolution,1,1,19.076,21.124,21.124
20261004-154121,462.542,81053,3046,9,1,Protection,1,1,19.162,19.162,19.162
20261004-154121,462.542,81053,3139,10,1,Swiftness,1,1,18.122,19.162,19.162
20261004-154121,462.542,81053,3046,9,1,Swiftness,1,1,17.518,17.518,17.518
20261004-154121,462.542,81053,3004,10,1,Regeneration,1,1,18.122,20.076,20.076
20261004-154121,463.066,81053,6278,10,0,,0,1,0.524,0.524,0.524
20261004-154121,463.066,81053,9094,8,0,,0,1,0.524,0.524,0.524
20261004-154121,463.066,81053,6092,9,0,,0,1,0.524,0.524,0.524
20261004-154121,463.066,81053,6008,10,0,,0,1,0.524,0.524,0.524
20261004-154121,463.066,81053,5674,9,0,,0,1,0.524,0.524,0.524
20261004-154121,463.066,81053,3878,11,0,,0,1,0.524,0.524,0.524
20261004-154121,463.066,81053,8304,7,0,,0,1,0.524,0.524,0.524
20261004-154121,463.066,81053,5214,10,1,Resolution,1,1,19.686,19.686,19.686
20261004-154121,463.584,81053,2607,10,0,,0,1,0.518,0.518,0.518
20261004-154121,463.584,81053,3004,9,0,,0,1,0.518,1.042,1.042
20261004-154121,463.584,81053,4152,7,0,,0,1,0.518,1.042,1.042
20261004-154121,463.584,81053,6092,8,0,,0,1,0.518,1.042,1.042
20261004-154121,463.584,81053,6092,8,0,,0,1,0.518,1.042,1.042
20261004-154121,463.584,81053,6277,9,0,,0,1,0.518,1.042,1.042
20261004-154121,463.584,81053,3878,10,0,,0,1,0.518,1.042,1.042
20261004-154121,463.584,81053,2837,9,0,,0,1,0.518,1.042,1.042
20261004-154121,463.584,81053,3226,8,2,Resolution+Might,1,1,19.164,19.164,19.164
20261004-154121,464.102,81053,3046,8,0,,0,1,0.518,1.560,1.560
20261004-154121,464.102,81053,3139,9,0,,0,1,0.518,1.560,1.560
20261004-154121,464.102,81053,3046,9,0,,0,1,0.518,1.560,1.560
20261004-154121,464.114,81053,2553,11,0,,0,1,0.530,1.572,1.572
20261004-154121,464.114,81053,2607,10,0,,0,1,0.530,1.048,1.048
20261004-154121,464.114,81053,3737,9,0,,0,1,0.530,1.572,1.572
20261004-154121,464.114,81053,1939,9,0,,0,1,0.530,1.572,1.572
20261004-154121,464.116,81053,3004,10,0,,0,1,0.532,1.574,1.574
20261004-154121,464.500,81053,2302,11,0,,0,1,0.386,1.958,1.958
20261004-154121,464.502,81053,2830,10,0,,0,1,0.400,1.960,1.960
20261004-154121,464.502,81053,2746,8,0,,0,1,0.400,1.960,1.960
20261004-154121,464.502,81053,2746,9,0,,0,1,0.400,1.960,1.960
20261004-154121,464.502,81053,1748,9,0,,0,1,0.388,1.960,1.960
20261004-154121,464.580,81053,5418,10,0,,0,1,0.464,2.038,2.038
20261004-154121,464.620,81053,2746,8,0,,0,1,0.118,2.078,2.078
20261004-154121,464.620,81053,2746,9,0,,0,1,0.118,2.078,2.078
20261004-154121,464.620,81053,2302,11,0,,0,1,0.120,2.078,2.078
20261004-154121,464.620,81053,2830,10,0,,0,1,0.118,2.078,2.078
20261004-154121,465.024,81053,3046,10,0,,0,1,0.404,2.482,2.482
20261004-154121,465.024,81053,3046,9,0,,0,1,0.404,2.482,2.482
20261004-154121,465.024,81053,2553,11,0,,0,1,0.404,2.482,2.482
20261004-154121,465.024,81053,3004,11,0,,0,1,0.444,2.482,2.482
20261004-154121,465.098,81053,2892,10,1,Might,1,1,2.556,2.556,2.556
20261004-154121,465.538,81053,3046,8,0,,0,1,0.514,2.996,2.996
20261004-154121,465.538,81053,3046,9,0,,0,1,0.514,2.996,2.996
20261004-154121,465.538,81053,2553,11,0,,0,1,0.514,2.996,2.996
20261004-154121,465.666,81326,573,9,0,,0,1,0.128,3.124,3.124
20261004-154121,465.666,81326,481,11,0,,0,1,0.128,3.124,3.124
20261004-154121,465.666,81326,544,11,0,,0,1,0.568,0.568,0.568
20261004-154121,465.666,81326,392,10,1,Quickness,1,1,1.164,3.124,3.124
20261004-154121,465.666,81326,704,9,1,Resolution,1,1,1.552,3.124,3.124
20261004-154121,465.666,81326,573,8,0,,0,1,0.128,3.124,3.124
20261004-154121,465.666,81326,491,11,1,Quickness,1,1,1.552,2.600,2.600
20261004-154121,466.184,81326,573,8,0,,0,1,0.518,3.642,3.642
20261004-154121,466.184,81326,733,9,0,,0,1,0.518,0.518,0.518
20261004-154121,466.184,81326,704,8,0,,0,1,0.518,0.518,0.518
20261004-154121,466.184,81326,392,9,0,,0,1,0.518,0.518,0.518
20261004-154121,466.184,81326,481,10,0,,0,1,0.518,3.642,3.642
20261004-154121,466.184,81326,544,11,0,,0,1,0.518,1.086,1.086
20261004-154121,466.704,81326,675,7,0,,0,1,0.520,4.162,4.162
20261004-154121,466.704,81326,392,8,0,,0,1,0.520,1.038,1.038
20261004-154121,467.228,81326,544,11,1,Might,1,1,1.044,2.130,2.130
20261004-154121,467.228,81326,591,9,1,Might,1,1,1.562,4.686,4.686
20261004-154121,467.228,81326,516,11,2,Protection+Resolution,1,1,3.644,3.644,3.644
20261004-154121,467.228,81326,436,8,0,,0,1,0.524,1.562,1.562
20261004-154121,498.342,81053,4707,6,1,Might,1,1,31.114,31.114,31.114
20261004-154121,498.858,81053,4707,6,0,,0,1,0.516,0.516,0.516
20261004-154121,499.902,81053,1900,10,1,Stability,1,1,32.674,34.236,34.236
20261004-154121,500.380,81053,5221,6,1,Might,1,1,1.522,2.038,2.038
20261004-154121,500.424,81053,2838,10,4,Resolution+Resistance+Protection+Regeneration,1,1,34.240,34.758,34.758
20261004-154121,500.424,81053,1900,10,0,,0,1,0.522,0.522,0.522
20261004-154121,500.424,81053,2768,10,2,Resolution+Might,1,1,35.804,37.882,37.882
20261004-154121,500.424,81053,3316,9,1,Might,1,1,33.196,33.196,33.196
20261004-154121,500.900,81053,3634,8,2,Alacrity+Protection,1,1,35.876,38.358,38.358
20261004-154121,501.422,81053,2768,9,0,,0,1,0.998,0.998,0.998
20261004-154121,501.422,81053,5424,6,0,,0,1,0.522,0.522,0.522
20261004-154121,501.422,81053,3661,9,1,Resolution,1,1,35.238,35.756,35.756
20261004-154121,501.940,81053,2985,9,1,Resolution,1,1,35.236,39.398,39.398
20261004-154121,501.940,81053,2043,9,1,Might,1,1,1.516,2.038,2.038
20261004-154121,501.940,81053,2501,9,1,Resolution,1,1,35.756,39.398,39.398
20261004-154121,501.940,81053,4236,7,4,Resolution+Might+Vigor+Quickness,1,1,1.516,1.516,1.516
20261004-154121,501.940,81053,5424,7,0,,0,1,0.518,1.040,1.040
20261004-154121,501.942,81053,2768,8,0,,0,1,0.520,1.518,1.518
20261004-154121,501.942,81053,3316,10,1,Might,1,1,1.518,1.518,1.518
20261004-154121,501.942,81053,3661,7,0,,0,1,0.520,0.520,0.520
20261004-154121,561.612,80901,6606,9,1,Resolution,1,1,59.672,59.672,59.672
20261004-154121,572.142,81326,376,7,1,Might,1,1,70.202,70.202,70.202
20261004-154121,572.142,81326,762,8,1,Might,1,1,70.200,71.718,71.718
20261004-154121,572.144,81326,603,9,2,Might+Stability,1,1,70.204,71.244,71.244
20261004-154121,572.144,81326,495,10,1,Might,1,1,70.202,70.202,70.202
20261004-154121,572.144,81326,821,5,1,Might,1,1,70.204,70.204,70.204
20261004-154121,576.104,80901,9726,8,5,Resolution+Swiftness+Fury+Regeneration+Might,1,1,108.876,108.876,108.876
20261004-154121,576.104,80901,10932,9,2,Resistance+Protection,1,1,3.960,3.960,3.960
20261004-154121,576.104,80901,14133,6,1,Protection,1,1,75.724,75.724,75.724
20261004-154121,576.634,80901,4124,8,1,Might,1,1,4.492,4.492,4.492
20261004-154121,576.634,80901,19803,4,1,Might,0,1,0.530,0.530,0.530
20261004-154121,576.634,80901,3602,7,1,Resistance,1,1,4.490,4.490,4.490
20261004-154121,576.634,80901,14082,8,3,Protection+Stability+Resistance,1,1,4.492,4.492,4.492
20261004-154121,576.634,80901,12246,8,1,Resistance,1,1,4.490,4.490,4.490
20261004-154121,576.634,80901,14514,3,3,Alacrity+Protection+Quickness,0,1,0.530,0.530,0.530
20261004-154121,576.634,80901,7523,8,1,Protection,1,1,15.022,15.022,15.022
20261004-154121,576.634,80901,3367,8,3,Protection+Resolution+Regeneration,1,1,74.694,74.694,74.694
20261004-154121,592.650,80901,9453,4,3,Might+Quickness+Resolution,1,1,16.016,16.016,16.016
20261004-155218,290.706,81326,615,6,1,Might,1,1,,,
20261004-155218,290.706,81326,543,7,1,Quickness,1,1,,,
20261004-155218,290.706,81326,583,5,1,Might,1,1,,,
20261004-155218,290.706,81326,458,8,1,Resistance,1,1,,,
20261004-155218,290.706,81326,639,8,1,Resistance,1,1,,,
20261004-155218,290.706,81326,583,5,1,Quickness,1,1,,,
20261004-155218,290.706,81326,795,5,1,Might,1,1,,,
20261004-155218,291.222,81326,639,7,0,,0,1,0.516,0.516,0.516
20261004-155218,291.222,81326,795,4,0,,0,1,0.516,0.516,0.516
20261004-155218,291.222,81326,555,2,1,Vigor,1,1,,,
20261004-155218,291.222,81326,583,4,0,,0,1,0.516,0.516,0.516
20261004-155218,291.222,81326,583,5,0,,0,1,0.516,0.516,0.516
20261004-155218,291.748,81326,583,8,1,Might,1,1,,,
20261004-155218,292.264,81326,583,8,1,Might,0,1,0.516,0.516,0.516
20261004-155218,292.264,81326,525,7,2,Might+Stability,1,1,1.042,1.558,1.558
20261004-155218,292.264,81326,716,8,2,Resolution+Might,1,1,1.042,1.558,1.558
20261004-155218,292.264,81326,525,9,2,Might+Quickness,1,1,1.042,1.558,1.558
20261004-155218,292.264,81326,443,8,2,Might+Quickness,1,1,1.558,1.558,1.558
20261004-155218,320.582,81326,400,10,1,Might,1,1,28.318,28.318,28.318
20261004-155218,321.106,81326,400,9,0,,0,1,0.524,0.524,0.524
20261004-155218,321.106,81326,802,6,1,Might,1,1,30.400,30.400,30.400
20261004-155218,321.626,81326,648,7,1,Might,1,1,,,
20261004-155218,321.626,81326,474,5,1,Might,1,1,30.920,30.920,30.920
20261004-155218,321.626,81326,802,4,0,,0,1,0.520,0.520,0.520
20261004-155218,321.626,81326,510,6,1,Might,1,1,29.362,29.362,29.362
20261004-155218,321.626,81326,400,9,0,,0,1,0.520,1.044,1.044
20261004-155218,345.420,81053,1978,11,1,Resolution,1,1,54.198,54.198,54.198
20261004-155218,345.422,81053,1816,3,1,Protection,1,1,23.796,24.840,24.840
20261004-155218,346.344,81053,1978,9,0,,0,1,0.924,0.924,0.924
20261004-155218,346.344,81053,2311,8,2,Swiftness+Resistance,1,1,54.080,54.080,54.596
20261004-155218,346.942,81053,1978,9,0,,0,1,0.598,1.522,1.522
20261004-155218,346.942,81053,2311,7,0,,0,1,0.598,0.598,0.598
20261004-155218,346.942,81053,2835,9,1,Resistance,1,1,54.678,54.678,54.678
20261004-155218,347.460,81053,2412,5,0,,0,1,0.518,1.116,1.116
20261004-155218,347.462,81053,2065,8,0,,0,1,0.520,2.042,2.042
20261004-155218,347.982,81053,2171,9,1,Swiftness,1,1,26.356,26.356,26.356
20261004-155218,347.982,81053,3601,2,1,Might,1,1,55.718,55.718,55.718
20261004-155218,349.546,81326,533,5,1,Resolution,1,1,1.564,1.564,1.564
20261004-155218,349.546,81326,592,5,1,Might,1,1,1.564,1.564,1.564
20261004-155218,349.546,81326,727,7,1,Resolution,1,1,2.604,2.604,2.604
20261004-155218,350.062,81326,592,6,0,,0,1,0.516,0.516,0.516
20261004-155218,350.592,81326,649,9,1,Regeneration,1,1,59.370,59.886,59.886
20261004-155218,350.592,81326,592,6,1,Resolution,1,1,1.046,1.046,1.046
20261004-155218,350.592,81326,465,9,1,Protection,1,1,5.170,5.170,5.170
20261004-155218,350.592,81326,552,7,1,Resolution,1,1,28.966,28.966,28.966
20261004-155218,350.592,81326,592,6,0,,0,1,0.530,1.046,1.046
20261004-155218,350.592,81326,807,6,1,Resolution,1,1,1.046,1.046,1.046
20261004-155218,350.592,81326,563,10,1,Resolution,1,1,3.130,5.172,5.172
20261004-155218,350.592,81326,592,9,2,Regeneration+Swiftness,1,1,3.132,4.248,4.248
20261004-155218,351.106,81326,592,8,0,,0,1,0.514,0.514,0.514
20261004-155218,351.106,81326,552,7,0,,0,1,0.514,0.514,0.514
20261004-155218,351.106,81326,592,7,0,,0,1,0.514,1.560,1.560
20261004-155218,351.106,81326,695,9,0,,0,1,0.514,0.514,0.514
20261004-155218,351.106,81326,563,9,0,,0,1,0.514,0.514,0.514
20261004-155218,351.106,81326,649,8,0,,0,1,0.514,0.514,0.514
20261004-155218,351.106,81326,807,6,0,,0,1,0.514,0.514,0.514
20261004-155218,364.986,81053,2381,8,1,Resolution,1,1,14.394,14.394,14.394
20261004-155218,364.988,81053,2217,8,1,Resolution,1,1,13.882,14.396,14.396
20261004-155218,364.988,81053,2265,8,1,Resolution,1,1,13.882,14.396,14.396
20261004-155218,364.988,81053,3246,7,1,Resolution,1,1,13.882,14.396,14.396
20261004-155218,364.988,81053,3749,6,1,Resolution,1,1,43.362,43.882,43.882
20261004-155218,365.504,81053,4434,8,0,,0,1,0.516,0.516,0.516
20261004-155218,365.506,81053,6492,6,0,,0,1,0.518,0.518,0.518
20261004-155218,365.506,81053,4198,8,1,Protection,1,1,14.400,14.914,14.914
20261004-155218,365.506,81053,5935,8,2,Protection+Resistance,1,1,14.400,14.914,14.914
20261004-155218,365.506,81053,6505,9,1,Protection,1,1,14.400,14.914,14.914
20261004-155218,365.506,81053,5935,9,1,Protection,1,1,14.400,15.960,15.960
20261004-155218,365.506,81053,4762,8,0,,0,1,0.520,0.520,0.520
20261004-155218,365.506,81053,4530,6,0,,0,1,0.518,0.518,0.518
20261004-155218,366.022,81053,3554,6,0,,0,1,0.516,0.516,0.516
20261004-155218,366.022,81053,3246,6,0,,0,1,0.516,1.034,1.034
20261004-155218,366.022,81053,4434,8,0,,0,1,0.518,1.034,1.034
20261004-155218,366.022,81053,2265,6,0,,0,1,0.516,1.034,1.034
20261004-155218,366.022,81053,3554,8,0,,0,1,0.516,0.516,0.516
20261004-155218,366.022,81053,2381,7,0,,0,1,0.516,1.036,1.036
20261004-155218,366.426,81053,1684,9,0,,0,1,0.920,0.920,0.920
20261004-155218,366.426,81053,2381,10,0,,0,1,0.404,0.920,0.920
20261004-155218,366.426,81053,2217,10,0,,0,1,0.404,1.438,1.438
20261004-155218,366.426,81053,2265,8,0,,0,1,0.404,1.438,1.438
20261004-155218,366.426,81053,3246,8,0,,0,1,0.404,1.438,1.438
20261004-155218,366.426,81053,2381,9,0,,0,1,0.404,0.920,0.920
20261004-155218,366.544,81053,3749,7,1,Resolution,1,1,1.556,1.556,1.556
20261004-155218,366.544,81053,2265,8,0,,0,1,0.118,1.556,1.556
20261004-155218,366.544,81053,4762,10,0,,0,1,0.118,1.038,1.038
20261004-155218,366.544,81053,6492,8,0,,0,1,0.118,1.556,1.556
20261004-155218,366.544,81053,3368,9,0,,0,1,0.118,1.038,1.038
20261004-155218,366.544,81053,4434,10,0,,0,1,0.118,1.556,1.556
20261004-155218,366.544,81053,4762,9,0,,0,1,0.118,1.038,1.038
20261004-155218,366.948,81053,3368,9,0,,0,1,0.404,1.442,1.442
20261004-155218,366.948,81053,6167,8,0,,0,1,0.404,1.960,1.960
20261004-155218,366.948,81053,4524,10,0,,0,1,0.404,1.442,1.442
20261004-155218,366.948,81053,4213,10,0,,0,1,0.404,1.960,1.960
20261004-155218,366.948,81053,2265,8,0,,0,1,0.404,1.960,1.960
20261004-155218,367.066,81053,2038,10,0,,0,1,0.118,2.078,2.078
20261004-155218,367.066,81053,2921,10,0,,0,1,0.118,2.078,2.078
20261004-155218,367.066,81053,1996,9,0,,0,1,0.118,2.078,2.078
20261004-155218,367.068,81053,2143,10,0,,0,1,0.120,1.562,1.562
20261004-155218,367.068,81053,1684,9,0,,0,1,0.120,1.562,1.562
20261004-155218,367.466,81053,3992,10,0,,0,1,0.400,2.478,2.478
20261004-155218,367.466,81053,2038,10,0,,0,1,0.400,2.478,2.478
20261004-155218,367.466,81053,4286,10,0,,0,1,0.398,1.960,1.960
20261004-155218,367.466,81053,3368,9,0,,0,1,0.398,1.960,1.960
20261004-155218,367.990,81053,3374,7,1,Alacrity,1,1,1.446,1.446,1.446
20261004-155218,367.990,81053,5550,10,0,,0,1,0.924,3.002,3.002
20261004-155218,367.990,81053,3872,10,0,,0,1,0.524,3.002,3.002
20261004-155218,367.990,81053,3992,10,0,,0,1,0.524,3.002,3.002
20261004-155218,367.990,81053,4698,9,1,Resolution,1,1,2.484,2.484,2.484
20261004-155218,367.990,81053,3622,9,0,,0,1,0.524,2.484,2.484
20261004-155218,367.990,81053,2143,10,0,,0,1,0.524,2.484,2.484
20261004-155218,368.582,81053,2629,10,0,,0,1,0.592,3.594,3.594
20261004-155218,368.582,81053,1996,11,0,,0,1,0.592,3.594,3.594
20261004-155218,368.582,81053,2349,8,0,,0,1,0.592,0.592,0.592
20261004-155218,368.582,81053,1929,10,2,Protection+Fury,1,1,2.038,3.076,3.076
20261004-155218,368.582,81053,1811,8,0,,0,1,0.592,3.076,3.076
20261004-155218,381.426,81053,1538,8,1,Protection,1,1,12.844,15.920,15.920
20261004-155218,381.426,81053,2648,8,1,Might,1,1,12.844,13.436,13.436
20261004-155218,381.426,81053,2416,8,1,Might,1,1,13.436,15.920,15.920
20261004-155218,381.428,81053,2490,7,1,Might,1,1,59.802,59.802,59.802
20261004-155218,381.950,81053,3804,7,1,Resolution,1,1,13.960,13.960,13.960
20261004-155218,381.950,81053,4832,7,1,Resolution,1,1,15.928,16.964,16.964
20261004-155218,381.950,81053,4980,8,0,,0,1,0.522,0.522,0.522
20261004-155218,381.950,81053,2648,8,0,,0,1,0.524,0.524,0.524
20261004-155218,381.950,81053,2416,8,0,,0,1,0.524,0.524,0.524
20261004-155218,381.950,81053,2025,10,1,Resolution,1,1,13.368,16.962,16.962
20261004-155218,382.462,81053,5524,8,0,,0,1,0.512,1.034,1.034
20261004-155218,382.462,81053,2937,8,0,,0,1,0.512,1.036,1.036
20261004-155218,382.462,81053,1706,9,1,Stability,1,1,1.036,1.036,1.036
20261004-155218,382.462,81053,2680,8,0,,0,1,0.512,1.036,1.036
20261004-155218,382.462,81053,2050,10,0,,0,1,0.512,0.512,0.512
20261004-155218,382.462,81053,2431,9,0,,0,1,0.512,0.512,0.512
20261004-155218,382.860,81053,2050,9,0,,0,1,0.398,0.910,0.910
20261004-155218,382.860,81053,1895,8,0,,0,1,0.398,0.398,0.398
20261004-155218,382.860,81053,2937,8,0,,0,1,0.398,1.434,1.434
20261004-155218,382.860,81053,2680,9,0,,0,1,0.398,1.434,1.434
20261004-155218,401.820,81053,2590,7,1,Protection,0,1,18.960,20.394,20.394
20261004-155218,407.618,81326,595,9,1,Alacrity,1,1,5.798,5.798,26.192
20261004-155218,408.136,81326,509,11,1,Swiftness,1,1,40.146,43.148,43.148
20261004-155218,408.136,81326,499,11,1,Resolution,1,1,25.276,26.186,26.186
20261004-155218,408.136,81326,535,11,1,Resolution,1,1,25.674,26.186,26.186
20261004-155218,408.136,81326,730,10,1,Quickness,1,1,39.554,43.148,43.148
20261004-155218,408.136,81326,565,10,1,Resolution,1,1,26.186,26.186,26.186
20261004-155218,408.662,81326,595,7,1,Swiftness,1,1,1.044,1.044,1.044
20261004-155218,408.662,81326,657,10,0,,0,1,0.526,0.526,0.526
20261004-155218,408.662,81326,482,10,0,,0,1,0.526,0.526,0.526
20261004-155218,408.662,81326,652,9,1,Might,1,1,25.802,27.236,27.236
20261004-155218,408.662,81326,449,10,0,,0,1,0.526,0.526,0.526
20261004-155218,408.662,81326,467,8,1,Might,1,1,25.802,26.200,26.200
20261004-155218,408.662,81326,681,10,1,Might,1,1,26.200,27.234,27.234
20261004-155218,408.664,81326,509,10,0,,0,1,0.528,0.528,0.528
20261004-155218,408.664,81326,508,10,0,,0,1,0.528,0.528,0.528
20261004-155218,408.664,81326,595,8,2,Might+Swiftness,1,1,40.082,40.082,40.082
20261004-155218,409.182,81326,508,11,1,Resolution,0,1,0.518,1.046,1.046
20261004-155218,409.182,81326,657,10,0,,0,1,0.520,1.046,1.046
20261004-155218,409.182,81326,567,11,0,,0,1,0.520,1.046,1.046
20261004-155218,409.182,81326,509,10,0,,0,1,0.518,1.046,1.046
20261004-155218,409.182,81326,595,7,0,,0,1,0.520,0.520,0.520
20261004-155218,409.182,81326,595,6,2,Protection+Alacrity,0,1,0.518,0.518,0.518
20261004-155218,409.182,81326,681,9,1,Vigor,0,1,0.520,0.520,0.520
20261004-155218,409.182,81326,652,8,0,,0,1,0.520,0.520,0.520
20261004-155218,409.182,81326,449,11,0,,0,1,0.520,1.046,1.046
20261004-155218,409.182,81326,467,8,0,,0,1,0.520,0.520,0.520
20261004-155218,428.460,81053,3542,8,2,Might+Quickness,1,1,19.278,19.278,19.796
20261004-155218,428.460,81053,2255,8,1,Might,1,1,19.278,19.798,19.798
20261004-155218,428.460,81053,2373,9,1,Might,1,1,19.278,19.798,19.798
20261004-155218,428.460,81053,2253,9,1,Might,1,1,19.278,19.278,20.324
20261004-155218,428.460,81053,2601,6,1,Might,1,1,19.278,19.798,19.798
20261004-155218,428.976,81053,4746,8,0,,0,1,0.516,0.516,0.516
20261004-155218,428.976,81053,7084,6,0,,0,1,0.516,0.516,0.516
20261004-155218,428.976,81053,4510,7,0,,0,1,0.516,0.516,0.516
20261004-155218,429.496,81053,3929,5,0,,0,1,0.520,1.036,1.036
20261004-155218,429.498,81053,2632,8,0,,0,1,0.522,1.038,1.038
20261004-155218,429.498,81053,2501,7,0,,0,1,0.522,1.038,1.038
20261004-155218,429.898,81053,2632,9,0,,0,1,0.400,1.438,1.438
20261004-155218,429.898,81053,1802,9,0,,0,1,0.400,1.438,1.438
20261004-155218,429.898,81053,3929,6,0,,0,1,0.402,1.438,1.438
20261004-155218,430.018,81053,2369,8,1,Might,1,1,20.836,21.882,21.882
20261004-155218,430.018,81053,2499,9,1,Resistance,1,1,1.558,1.558,1.558
20261004-155218,430.018,81053,2253,10,1,Might,1,1,20.836,21.882,21.882
20261004-155218,430.018,81053,3229,8,1,Might,1,1,20.836,21.882,21.882
20261004-155218,430.422,81053,4412,9,1,Regeneration,1,1,21.240,22.286,22.286
20261004-155218,430.422,81053,4506,9,0,,0,1,0.404,0.404,0.404
20261004-155218,430.422,81053,4738,6,0,,0,1,0.404,0.404,0.404
20261004-155218,430.422,81053,4998,7,0,,0,1,0.404,0.404,0.404
20261004-155218,430.422,81053,6458,7,0,,0,1,0.404,0.404,0.404
20261004-155218,430.500,81053,2885,9,1,Protection,1,1,2.040,2.040,2.040
20261004-155218,430.542,81053,3229,7,0,,0,1,0.120,0.524,0.524
20261004-155218,430.542,81053,2499,7,0,,0,1,0.120,0.524,0.524
20261004-155218,430.542,81053,2369,6,0,,0,1,0.120,0.524,0.524
20261004-155218,430.542,81053,2253,9,0,,0,1,0.120,0.524,0.524
20261004-155218,430.942,81053,2369,8,0,,0,1,0.400,0.924,0.924
20261004-155218,430.942,81053,2206,7,0,,0,1,0.520,0.520,0.520
20261004-155218,430.942,81053,3730,6,0,,0,1,0.400,0.924,0.924
20261004-155218,430.942,81053,2253,9,0,,0,1,0.400,0.924,0.924
20261004-155218,430.942,81053,3229,7,0,,0,1,0.400,0.924,0.924
20261004-155218,431.460,81053,2911,9,0,,0,1,0.518,1.442,1.442
20261004-155218,431.460,81053,3362,8,0,,0,1,0.518,1.442,1.442
20261004-155218,431.460,81053,1989,8,0,,0,1,0.518,1.038,1.038
20261004-155218,437.500,81326,402,7,1,Swiftness,1,1,7.602,9.040,9.040
20261004-155218,438.023,81326,402,5,0,,0,1,0.523,0.523,0.523
20261004-155218,438.023,81326,569,7,2,Protection+Swiftness,1,1,8.125,9.563,9.563
20261004-155218,438.023,81326,569,4,1,Protection,1,1,8.125,9.563,9.563
20261004-155218,438.542,81326,776,7,1,Resolution,1,1,7.082,8.524,8.524
20261004-155218,438.542,81326,896,7,1,Resolution,1,1,7.082,8.524,8.524
20261004-155218,438.542,81326,586,6,1,Might,1,1,29.360,29.360,29.880
20261004-155218,438.542,81326,849,5,0,,0,1,0.519,0.519,0.519
20261004-155218,438.542,81326,402,5,0,,0,1,0.519,1.042,1.042
20261004-155218,438.542,81326,437,8,1,Resolution,1,1,7.600,8.524,8.524
20261004-155218,438.542,81326,477,9,1,Resolution,1,1,7.082,8.120,8.120
20261004-155218,438.544,81326,512,8,1,Resolution,1,1,7.602,8.526,8.526
20261004-155218,439.064,81326,849,4,1,Alacrity,1,1,1.041,1.041,1.041
20261004-155218,439.064,81326,569,6,0,,0,1,0.522,1.041,1.041
20261004-155218,439.064,81326,806,6,0,,0,1,0.522,0.522,0.522
20261004-155218,439.064,81326,362,6,0,,0,1,0.522,1.564,1.564
20261004-155218,439.064,81326,487,9,0,,0,1,0.522,0.522,0.522
20261004-155218,449.940,81053,2004,9,1,Resistance,1,1,10.876,12.440,12.440
20261004-155218,449.940,81053,4015,7,1,Might,1,1,10.876,11.398,11.398
20261004-155218,449.940,81053,2834,9,1,Resistance,1,1,10.876,10.876,10.876
20261004-155218,449.940,81053,2834,9,2,Resistance+Protection,1,1,10.876,11.917,11.917
20261004-155218,450.456,81053,2155,8,0,,0,1,0.516,0.516,0.516
20261004-155218,450.980,81053,2155,7,0,,0,1,0.524,1.040,1.040
20261004-155218,451.982,81053,1807,6,0,,0,1,1.002,2.042,2.042
20261004-155218,451.982,81053,2555,6,1,Protection,1,1,2.042,2.042,2.042
20261004-155218,451.982,81053,2800,8,1,Swiftness,1,1,21.482,21.482,21.482
20261004-155218,451.982,81053,3258,8,1,Protection,1,1,2.042,2.042,2.042
20261004-155218,451.984,81053,1927,7,1,Might,1,1,13.442,13.442,13.442
20261004-155218,451.984,81053,2555,7,2,Swiftness+Might,1,1,2.044,2.044,2.044
20261004-155218,452.498,81053,3044,8,0,,0,1,0.516,0.516,0.516
20261004-155218,452.498,81053,2140,8,1,Resolution,1,1,13.434,13.956,13.956
20261004-155218,452.498,81053,2778,6,0,,0,1,0.516,0.516,0.516
20261004-155218,452.498,81053,2095,7,0,,0,1,0.514,0.514,0.514
20261004-155218,452.498,81053,2500,8,0,,0,1,0.514,0.514,0.514
20261004-155218,452.500,81053,1965,6,0,,0,1,0.518,2.560,2.560
20261004-155218,452.500,81053,2250,6,1,Alacrity,1,1,13.956,13.956,13.956
20261004-155218,452.500,81053,2577,7,1,Regeneration,1,1,13.958,13.958,13.958
20261004-155218,453.016,81053,1848,6,0,,0,1,0.518,1.032,1.032
20261004-155218,453.016,81053,2705,7,1,Alacrity,1,1,14.474,14.474,14.474
20261004-155218,453.534,81053,3006,7,0,,0,1,0.518,0.518,0.518
20261004-155218,453.534,81053,2070,6,1,Swiftness,1,1,1.034,3.594,3.594
20261004-155218,506.498,81326,527,5,1,Protection,1,1,54.000,54.000,54.000
20261004-155218,506.498,81326,392,6,1,Might,1,1,52.964,52.964,52.964
20261004-155218,506.498,81326,872,5,1,Might,1,1,54.516,54.516,54.516
20261004-155218,506.498,81326,607,8,1,Protection,1,1,54.000,54.516,54.516
20261004-155218,507.012,81326,584,6,0,,0,1,0.514,0.514,0.514
20261004-155218,507.012,81326,317,6,0,,0,1,0.514,0.514,0.514
20261004-155218,507.012,81326,637,4,0,,0,1,0.514,0.514,0.514
20261004-155218,507.012,81326,906,7,0,,0,1,0.514,0.514,0.514
20261004-155218,507.534,81326,516,7,1,Protection,1,1,54.518,55.550,55.550
20261004-155218,507.534,81326,584,5,0,,0,1,0.522,1.036,1.036
20261004-155218,507.534,81326,607,8,0,,0,1,0.522,1.036,1.036
20261004-155218,508.054,81326,607,8,0,,0,1,0.520,1.556,1.556
20261004-155218,508.054,81326,770,7,0,,0,1,0.520,0.520,0.520
20261004-155218,508.054,81326,584,6,1,Swiftness,0,1,0.520,1.556,1.556
20261004-155218,517.666,80901,8216,8,1,Protection,1,1,65.168,65.684,65.684
20261004-155218,517.666,80901,9407,9,1,Protection,1,1,65.166,65.166,65.166
20261004-155218,517.666,80901,7224,9,1,Regeneration,1,1,9.612,11.168,11.168
20261004-155218,517.666,80901,8216,8,2,Protection+Vigor,1,1,65.168,65.682,65.682
20261004-155218,517.668,80901,10378,8,1,Might,1,1,9.614,9.614,11.170
20261004-155218,517.668,80901,7650,7,1,Protection,1,1,9.614,10.134,10.134
20261004-155218,517.668,80901,6592,7,1,Might,1,1,65.168,65.168,65.168
20261004-155218,517.668,80901,4493,7,1,Protection,1,1,64.134,64.652,64.652
20261004-155218,517.668,80901,2785,8,1,Protection,1,1,10.656,11.170,11.170
20261004-155218,518.172,80901,4157,6,0,,0,1,0.504,0.504,0.504
20261004-155218,532.136,80901,6714,8,1,Might,1,1,13.964,14.468,14.468
20261004-155218,532.136,80901,9363,9,1,Might,1,1,14.470,14.470,14.470
20261004-155218,532.136,80901,5696,6,2,Might+Fury,1,1,14.470,14.470,14.470
20261004-155218,532.136,80901,5324,5,1,Might,1,1,25.124,25.638,25.638
20261004-155218,532.136,80901,6008,4,1,Might,1,1,14.468,14.468,14.468
20261004-155218,532.136,80901,2848,7,1,Might,1,1,14.470,14.470,14.470
20261004-155218,532.654,80901,3617,7,1,Might,1,1,14.988,14.988,14.988
20261004-155218,532.654,80901,2942,6,1,Protection,1,1,14.986,14.986,14.986
20261004-155218,532.654,80901,2953,4,0,,0,1,0.518,0.518,0.518
20261004-155218,532.654,80901,3332,4,0,,0,1,0.518,0.518,0.518
20261004-155218,532.654,80901,2482,6,0,,0,1,0.518,0.518,0.518
20261004-155218,532.654,80901,6924,6,0,,0,1,0.518,0.518,0.518
20261004-155218,532.654,80901,6318,4,0,,0,1,0.518,0.518,0.518
20261004-155218,532.654,80901,6318,5,0,,0,1,0.518,0.518,0.518
20261004-155218,533.178,80901,3254,5,0,,0,1,0.524,1.042,1.042
20261004-155218,533.178,80901,3332,4,0,,0,1,0.524,1.042,1.042
20261004-155218,533.178,80901,3462,6,0,,0,1,0.524,1.042,1.042
20261004-155218,533.178,80901,4391,5,0,,0,1,0.524,0.524,0.524
20261004-155218,533.178,80901,2234,6,0,,0,1,0.524,1.042,1.042
20261004-155218,533.178,80901,2953,4,0,,0,1,0.524,1.042,1.042
20261004-155218,536.658,81326,626,8,0,,0,1,3.480,4.522,4.522
20261004-155218,536.658,81326,654,8,1,Might,1,1,4.004,4.004,4.004
20261004-155218,536.660,81326,404,6,1,Protection,1,1,3.482,4.524,4.524
20261004-155218,537.168,81326,649,7,0,,1,1,0.508,0.508,0.508
20261004-155218,537.168,81326,654,8,0,,1,1,0.510,0.510,0.510
20261004-155218,537.168,81326,481,10,1,Alacrity,1,1,3.990,5.032,5.032
20261004-155218,537.168,81326,571,8,1,Protection,1,1,3.990,5.032,5.032
20261004-155218,537.700,81326,571,8,0,,1,1,0.532,0.532,0.532
20261004-155218,537.700,81326,434,9,0,,1,1,0.532,1.040,0.532
20261004-155218,537.700,81326,654,9,0,,1,1,0.532,1.042,0.532
20261004-155218,537.702,81326,481,9,0,,0,1,0.534,0.534,0.534
20261004-155218,537.702,81326,479,8,1,Resolution,1,1,4.524,5.048,5.048
20261004-155218,538.222,81326,479,8,0,,0,1,0.520,0.520,0.520
20261004-155218,538.222,81326,810,7,1,Resolution,1,1,5.044,6.086,6.086
20261004-155218,547.658,80901,10161,8,1,Regeneration,1,1,9.958,10.490,9.958
20261004-155218,547.658,80901,6980,9,1,Regeneration,1,1,9.958,11.000,9.958
20261004-155218,547.658,80901,11136,9,1,Regeneration,1,1,11.000,15.522,15.522
20261004-155218,547.658,80901,7478,11,1,Quickness,1,1,29.990,29.990,29.990
20261004-155218,547.658,80901,5698,12,1,Quickness,1,1,9.956,10.490,10.490
20261004-155218,547.658,80901,6774,10,2,Regeneration+Alacrity,1,1,15.004,15.522,15.522
20261004-155218,547.658,80901,5486,11,1,Quickness,1,1,29.990,29.990,29.990
20261004-155218,547.658,80901,2395,11,1,Regeneration,1,1,9.958,10.998,9.958
20261004-155218,562.132,80901,8877,5,1,Might,1,1,23.910,23.910,23.910
20261004-155218,562.132,80901,10272,6,1,Might,1,1,14.474,14.474,14.474
20261004-155218,562.132,80901,2525,7,1,Might,1,1,14.474,14.474,14.474
20261004-155218,562.132,80901,2634,7,1,Might,1,1,14.474,14.474,14.474
20261004-155218,562.132,80901,3416,9,1,Regeneration,1,1,14.474,14.474,14.474
20261004-155218,562.664,80901,7862,7,3,Might+Quickness+Protection,0,1,0.532,0.532,0.532
20261004-155218,562.664,80901,4653,9,4,Might+Stability+Vigor+Protection,0,1,0.532,0.532,0.532
20261004-155218,563.178,80901,9072,6,1,Protection,1,1,1.046,1.046,1.046
20261004-155218,563.178,80901,14871,6,0,,0,1,0.514,0.514,1.046
20261004-155218,563.178,80901,9279,9,1,Vigor,1,1,24.956,25.476,25.476
20261004-155218,563.178,80901,9312,9,1,Vigor,1,1,15.520,15.520,15.520
20261004-155218,563.178,80901,6642,6,1,Might,1,1,15.520,15.520,15.520
20261004-155218,563.178,80901,3803,7,1,Might,1,1,15.520,15.520,15.520
20261004-155218,563.178,80901,6642,9,2,Might+Quickness,1,1,15.520,15.520,15.520
20261004-155218,563.696,80901,12682,4,1,Might,1,1,1.564,1.564,1.564
20261004-160448,289.463,81326,597,6,1,Regeneration,1,1,,,
20261004-160448,289.463,81326,469,5,1,Regeneration,1,1,,,
20261004-160448,289.463,81326,654,6,1,Regeneration,1,1,,,
20261004-160448,289.463,81326,802,4,1,Might,1,1,,,
20261004-160448,289.463,81326,500,5,1,Might,1,1,,,
20261004-160448,289.463,81326,511,10,1,Resolution,1,1,,,
20261004-160448,289.983,81326,469,4,0,,0,1,0.520,0.520,0.520
20261004-160448,289.983,81326,588,6,0,,0,1,0.520,0.520,0.520
20261004-160448,289.983,81326,537,6,1,Might,1,1,,,
20261004-160448,289.983,81326,597,5,0,,0,1,0.520,0.520,0.520
20261004-160448,289.983,81326,511,10,0,,0,1,0.520,0.520,0.520
20261004-160448,290.503,81326,511,10,0,,0,1,0.520,1.040,1.040
20261004-160448,290.503,81326,659,8,1,Quickness,1,1,,,
20261004-160448,290.503,81326,454,4,0,,0,1,0.520,1.040,1.040
20261004-160448,290.503,81326,483,5,0,,0,1,0.520,0.520,0.520
20261004-160448,290.503,81326,588,6,0,,0,1,0.520,1.040,1.040
20261004-160448,290.503,81326,597,6,0,,0,1,0.520,1.040,1.040
20261004-160448,318.745,81326,467,7,1,Resolution,1,1,,,
20261004-160448,318.747,81326,577,5,1,Resolution,1,1,28.244,29.284,29.284
20261004-160448,318.747,81326,594,7,1,Might,1,1,,,
20261004-160448,318.747,81326,519,8,1,Resolution,1,1,28.244,28.764,28.764
20261004-160448,319.261,81326,786,7,1,Might,1,1,28.758,28.758,28.758
20261004-160448,319.261,81326,467,8,1,Protection,1,1,29.798,29.798,29.798
20261004-160448,319.261,81326,435,7,1,Protection,1,1,29.798,29.798,29.798
20261004-160448,319.779,81326,519,8,1,Fury,1,1,1.032,1.032,1.032
20261004-160448,320.301,81326,519,8,0,,0,1,0.522,0.522,0.522
20261004-160448,320.301,81326,594,5,0,,0,1,1.554,1.554,1.554
20261004-160448,320.301,81326,467,6,0,,0,1,1.556,1.556,1.556
20261004-160448,334.259,81053,1782,8,1,Might,1,1,43.756,44.796,44.796
20261004-160448,334.259,81053,2344,9,1,Resistance,1,1,15.512,15.512,15.512
20261004-160448,334.259,81053,2758,8,2,Might+Resistance,1,1,13.958,14.480,14.480
20261004-160448,334.777,81053,2940,8,1,Resistance,1,1,44.274,45.314,45.314
20261004-160448,334.777,81053,3954,7,0,,0,1,0.518,0.518,0.518
20261004-160448,334.777,81053,2679,8,1,Might,1,1,14.476,16.030,16.030
20261004-160448,334.779,81053,2600,8,0,,0,1,0.520,0.520,0.520
20261004-160448,335.307,81053,2344,8,0,,0,1,0.528,1.048,1.048
20261004-160448,335.307,81053,1782,8,0,,0,1,0.530,1.048,1.048
20261004-160448,335.701,81053,2651,9,0,,0,1,0.924,0.924,0.924
20261004-160448,335.701,81053,2344,8,2,Fury+Might,1,1,1.442,1.442,1.442
20261004-160448,335.701,81053,2006,9,1,Might,1,1,45.198,46.238,46.238
20261004-160448,335.701,81053,2344,8,0,,0,1,0.394,1.442,1.442
20261004-160448,335.821,81053,4688,6,0,,0,1,0.120,0.120,0.120
20261004-160448,335.821,81053,4688,9,0,,0,1,0.120,1.562,1.562
20261004-160448,335.821,81053,2651,9,0,,0,1,0.120,1.044,1.044
20261004-160448,336.299,81053,5302,9,0,,0,1,0.478,1.522,1.522
20261004-160448,336.299,81053,2229,9,0,,0,1,0.598,0.598,0.598
20261004-160448,336.341,81053,2415,6,1,Might,1,1,1.564,1.564,1.564
20261004-160448,336.741,81053,3404,7,1,Might,1,1,17.480,17.480,17.480
20261004-160448,337.263,81053,3544,4,0,,0,1,0.522,0.522,0.522
20261004-160448,337.263,81053,2600,7,2,Fury+Might,1,1,1.442,1.562,1.562
20261004-160448,337.263,81053,1839,7,1,Fury,1,1,1.956,3.004,3.004
20261004-160448,348.943,81326,469,5,0,,0,1,11.680,11.680,11.680
20261004-160448,348.943,81326,588,5,0,,0,1,12.644,14.166,14.166
20261004-160448,348.943,81326,483,4,0,,0,1,28.642,30.198,30.198
20261004-160448,348.943,81326,911,3,0,,0,1,11.680,12.202,12.202
20261004-160448,348.943,81326,702,0,0,,0,1,11.680,11.680,11.680
20261004-160448,349.457,81326,911,6,0,,0,1,0.514,12.716,12.716
20261004-160448,349.457,81326,702,3,0,,0,1,0.514,12.194,12.194
20261004-160448,349.457,81326,537,7,0,,0,1,0.514,30.712,30.712
20261004-160448,349.457,81326,469,6,0,,0,1,0.514,12.194,12.194
20261004-160448,350.503,81326,588,7,1,Quickness,1,1,1.560,15.726,15.726
20261004-160448,350.503,81326,911,6,1,Quickness,1,1,1.046,13.762,13.762
20261004-160448,350.503,81326,537,7,1,Quickness,1,1,1.046,31.758,31.758
20261004-160448,354.421,81053,1995,7,1,Alacrity,1,1,4.964,17.158,17.158
20261004-160448,354.421,81053,3916,5,1,Alacrity,1,1,18.600,20.162,20.162
20261004-160448,354.421,81053,2623,8,2,Alacrity+Might,1,1,4.964,17.158,17.158
20261004-160448,354.421,81053,2875,9,1,Protection,1,1,3.918,3.918,3.918
20261004-160448,354.421,81053,2703,7,1,Alacrity,1,1,18.080,18.080,18.080
20261004-160448,354.943,81053,4282,8,1,Resolution,1,1,35.682,35.682,35.682
20261004-160448,354.943,81053,4282,8,1,Resolution,1,1,4.440,4.440,4.440
20261004-160448,354.943,81053,1995,6,0,,0,1,0.522,0.522,0.522
20261004-160448,354.943,81053,5686,10,1,Resolution,1,1,4.440,4.440,4.440
20261004-160448,354.943,81053,4146,8,1,Resolution,1,1,18.644,19.242,19.242
20261004-160448,354.943,81053,5246,6,0,,0,1,0.522,0.522,0.522
20261004-160448,354.943,81053,3916,4,0,,0,1,0.522,0.522,0.522
20261004-160448,354.943,81053,4291,9,0,,0,1,0.522,0.522,0.522
20261004-160448,354.943,81053,5406,6,0,,0,1,0.522,0.522,0.522
20261004-160448,355.465,81053,5194,7,0,,0,1,0.522,1.044,1.044
20261004-160448,355.465,81053,5040,7,0,,0,1,0.522,1.044,1.044
20261004-160448,355.465,81053,5524,10,1,Protection,0,1,0.522,1.044,1.044
20261004-160448,355.465,81053,3984,5,1,Fury,0,1,0.522,0.522,0.522
20261004-160448,355.465,81053,5462,7,1,Resistance,0,1,0.522,0.522,0.522
20261004-160448,355.465,81053,5040,6,1,Resistance,0,1,0.522,1.044,1.044
20261004-160448,355.465,81053,3832,7,1,Resistance,0,1,0.522,1.044,1.044
20261004-160448,355.465,81053,2057,6,1,Protection,0,1,0.522,0.522,0.522
20261004-160448,355.865,81053,3070,4,0,,0,1,0.400,0.400,0.922
20261004-160448,355.865,81053,2520,8,0,,0,1,0.400,1.444,1.444
20261004-160448,355.865,81053,1916,6,0,,0,1,0.400,0.400,1.444
20261004-160448,355.865,81053,2520,5,0,,0,1,0.400,0.400,1.444
20261004-160448,355.865,81053,1992,4,0,,0,1,0.400,0.400,0.922
20261004-160448,355.865,81053,4122,9,0,,0,1,0.400,0.400,1.444
20261004-160448,355.989,81053,5040,7,0,,0,1,0.124,0.524,1.568
20261004-160448,355.989,81053,4314,6,0,,0,1,0.124,0.524,1.046
20261004-160448,355.989,81053,3832,8,0,,0,1,0.124,0.524,1.568
20261004-160448,355.989,81053,5524,10,0,,0,1,0.124,0.524,1.568
20261004-160448,355.989,81053,5040,9,0,,0,1,0.124,1.568,1.568
20261004-160448,356.377,81053,5040,9,2,Fury+Might,0,1,0.388,1.956,1.956
20261004-160448,356.377,81053,3564,8,1,Fury,0,1,0.388,0.912,1.956
20261004-160448,356.377,81053,5040,7,1,Fury,0,1,0.388,0.912,1.956
20261004-160448,356.461,81053,6770,6,1,Resolution,0,1,0.596,0.996,1.518
20261004-160448,356.461,81053,3091,7,1,Resolution,0,1,0.996,0.996,1.518
20261004-160448,356.461,81053,2268,8,2,Resolution+Might,1,1,1.518,1.518,1.518
20261004-160448,356.507,81053,2520,6,0,,0,1,0.130,0.130,2.086
20261004-160448,356.507,81053,1782,8,0,,0,1,0.130,0.130,2.086
20261004-160448,356.899,81053,5246,7,0,,0,1,0.392,0.522,2.478
20261004-160448,356.899,81053,5246,8,0,,0,1,0.522,0.522,2.478
20261004-160448,356.899,81053,6436,7,0,,0,1,0.438,0.438,1.956
20261004-160448,356.983,81053,2703,8,1,Might,1,1,1.518,2.562,2.562
20261004-160448,357.417,81053,3710,8,1,Might,0,1,0.910,1.040,2.996
20261004-160448,357.417,81053,7119,6,1,Might,0,1,0.956,0.956,2.474
20261004-160448,357.497,81053,2198,6,1,Might,1,1,38.236,38.236,38.236
20261004-160448,357.499,81053,3351,7,1,Vigor,1,1,1.510,2.034,2.556
20261004-160448,357.499,81053,3347,6,0,,0,1,0.600,1.038,2.556
20261004-160448,357.499,81053,2623,7,0,,0,1,0.600,1.122,3.078
20261004-160448,357.499,81053,2361,7,1,Might,1,1,1.038,1.038,1.038
20261004-160448,357.499,81053,2623,8,0,,0,1,0.600,1.122,3.078
20261004-160448,358.025,81053,2455,7,0,,0,1,0.608,0.608,3.082
20261004-160448,358.025,81053,2198,5,0,,0,1,0.528,0.528,0.528
20261004-160448,358.025,81053,1855,8,0,,0,1,0.608,0.608,3.604
20261004-160448,358.025,81053,2245,7,0,,0,1,0.526,0.526,0.526
20261004-160448,358.025,81053,2623,8,0,,0,1,0.526,1.648,3.604
20261004-160448,358.025,81053,2623,7,0,,0,1,0.526,1.648,3.604
20261004-160448,358.025,81053,2361,8,0,,0,1,0.526,0.526,0.526
20261004-160448,370.821,81053,2441,5,2,Resolution+Fury,1,1,12.796,13.404,15.878
20261004-160448,370.821,81053,1726,5,2,Might+Protection,1,1,12.796,13.404,16.400
20261004-160448,370.821,81053,2441,4,2,Might+Alacrity,1,1,12.796,14.444,16.400
20261004-160448,370.821,81053,2321,6,2,Resolution+Might,1,1,12.796,13.322,13.322
20261004-160448,370.821,81053,2273,4,1,Resolution,1,1,12.796,13.324,13.324
20261004-160448,371.345,81053,4882,4,0,,0,1,0.524,0.524,0.524
20261004-160448,371.347,81053,5152,3,0,,0,1,0.526,0.526,0.526
20261004-160448,371.347,81053,4642,3,0,,0,1,0.526,0.526,0.526
20261004-160448,371.347,81053,4546,4,0,,0,1,0.526,0.526,0.526
20261004-160448,371.861,81053,2770,4,0,,0,1,0.514,1.040,1.040
20261004-160448,372.259,81053,2059,6,0,,0,1,0.398,1.438,1.438
20261004-160448,372.375,81053,2059,6,0,,0,1,0.116,1.554,1.554
20261004-160448,372.857,81053,1856,7,0,,0,1,0.482,2.036,2.036
20261004-160448,372.857,81053,2441,8,1,Fury,1,1,1.512,2.036,2.036
20261004-160448,390.985,81053,1671,8,1,Might,1,1,18.128,20.164,20.164
20261004-160448,390.985,81053,2201,6,1,Fury,1,1,19.638,20.164,20.164
20261004-160448,391.497,81053,1671,8,0,,0,1,0.512,0.512,0.512
20261004-160448,391.497,81053,2201,6,0,,0,1,0.512,0.512,0.512
20261004-160448,391.497,81053,2363,7,1,Might,1,1,18.640,18.640,18.640
20261004-160448,392.015,81053,2441,6,0,,0,1,0.518,1.030,1.030
20261004-160448,392.537,81053,2441,5,0,,0,1,0.522,1.552,1.552
20261004-160448,417.455,81053,3529,4,1,Might,1,1,59.956,60.994,62.512
20261004-160448,417.455,81053,2411,6,1,Might,1,1,24.918,26.470,26.470
20261004-160448,417.455,81053,2668,6,2,Might+Protection,1,1,60.472,60.472,60.472
20261004-160448,417.457,81053,2838,7,1,Protection,1,1,61.468,61.992,63.036
20261004-160448,417.975,81053,3738,4,0,,0,1,0.520,0.520,0.520
20261004-160448,417.975,81053,3975,6,0,,0,1,0.518,0.518,0.518
20261004-160448,418.895,81053,2259,7,1,Fury,1,1,1.440,1.440,1.440
20261004-160448,418.895,81053,4146,5,0,,0,1,0.920,1.440,1.440
20261004-160448,418.895,81053,4409,6,0,,0,1,0.920,1.438,1.438
20261004-160448,419.417,81053,4614,11,2,Quickness+Might,1,1,48.070,48.596,48.596
20261004-160448,419.417,81053,2854,8,2,Might+Fury,1,1,48.596,48.596,48.596
20261004-160448,419.495,81053,4852,9,1,Might,1,1,61.470,61.996,61.996
20261004-160448,419.535,81053,2307,9,0,,0,1,0.118,0.118,0.118
20261004-160448,419.939,81053,2307,11,0,,0,1,0.404,0.522,0.522
20261004-160448,419.939,81053,2426,9,0,,0,1,0.444,0.444,0.444
20261004-160448,420.463,81053,2259,9,1,Might,1,1,1.568,1.568,1.568
20261004-160448,420.463,81053,2426,9,0,,0,1,0.524,0.968,0.968
20261004-160448,420.463,81053,2307,11,0,,0,1,0.524,1.046,1.046
20261004-160448,422.135,81326,472,9,1,Might,1,1,1.672,1.672,1.672
20261004-160448,422.135,81326,507,9,2,Might+Protection,1,1,2.718,2.718,2.718
20261004-160448,422.135,81326,507,9,1,Protection,1,1,1.672,2.640,2.640
20261004-160448,422.135,81326,358,6,1,Swiftness,1,1,30.638,31.150,31.150
20261004-160448,422.135,81326,482,11,2,Resolution+Protection,1,1,1.672,2.718,2.718
20261004-160448,422.657,81326,563,2,2,Protection+Regeneration,1,1,64.632,66.280,68.236
20261004-160448,423.175,81326,841,0,0,,0,1,0.518,0.518,0.518
20261004-160448,423.175,81326,1031,7,1,Regeneration,1,1,5.720,5.720,5.720
20261004-160448,423.175,81326,681,6,2,Regeneration+Swiftness,1,1,1.040,1.040,1.040
20261004-160448,423.699,81326,507,5,2,Protection+Quickness,1,1,32.202,32.202,32.202
20261004-160448,423.699,81326,841,0,0,,0,1,0.524,1.042,1.042
20261004-160448,423.699,81326,472,6,1,Regeneration,1,1,1.564,1.564,1.564
20261004-160448,438.655,81053,4518,2,2,Might+Vigor,1,1,19.760,21.200,21.200
20261004-160448,440.617,81053,2612,7,1,Swiftness,1,1,21.722,23.160,23.160
20261004-160448,440.617,81053,1797,11,1,Protection,1,1,16.918,16.918,16.918
20261004-160448,440.617,81053,2455,5,3,Protection+Vigor+Regeneration,1,1,16.918,17.960,17.960
20261004-160448,440.617,81053,1930,7,1,Swiftness,1,1,18.482,18.482,18.482
20261004-160448,440.617,81053,2923,8,1,Might,1,1,17.442,17.442,17.442
20261004-160448,440.617,81053,2383,9,1,Swiftness,1,1,16.918,16.918,16.918
20261004-160448,440.617,81053,2040,10,2,Might+Swiftness,1,1,18.482,18.482,18.482
20261004-160448,440.617,81053,2881,6,2,Swiftness+Might,1,1,17.442,17.442,17.442
20261004-160448,440.617,81053,1517,9,1,Protection,1,1,18.482,18.482,18.482
20261004-160448,441.135,81053,2923,9,0,,0,1,0.518,0.518,0.518
20261004-160448,452.341,81326,538,8,1,Alacrity,1,1,11.724,11.724,11.724
20261004-160448,452.853,81326,733,7,1,Regeneration,1,1,11.718,12.236,12.236
20261004-160448,452.853,81326,454,7,1,Protection,1,1,12.236,12.236,12.236
20261004-160448,452.853,81326,538,6,0,,0,1,0.512,0.512,0.512
20261004-160448,452.855,81326,598,8,1,Swiftness,1,1,12.238,12.238,12.238
20261004-160448,452.855,81326,655,10,1,Regeneration,1,1,12.238,12.238,12.238
20261004-160448,452.855,81326,538,8,2,Might+Vigor,1,1,12.238,12.238,12.238
20261004-160448,452.855,81326,598,8,3,Swiftness+Might+Fury,1,1,12.238,12.238,12.238
20261004-160448,453.373,81326,538,6,0,,0,1,0.520,1.032,1.032
20261004-160448,453.373,81326,598,7,0,,0,1,0.518,0.518,0.518
20261004-160448,453.373,81326,538,6,0,,0,1,0.518,0.518,0.518
20261004-160448,453.373,81326,655,9,0,,0,1,0.518,0.518,0.518
20261004-160448,453.373,81326,598,5,0,,0,1,0.518,0.518,0.518
20261004-160448,453.891,81326,598,7,0,,0,1,0.518,1.036,1.036
20261004-160448,453.891,81326,538,7,0,,0,1,0.518,1.036,1.036
20261004-160448,453.891,81326,655,9,0,,0,1,0.518,1.036,1.036
20261004-160448,453.891,81326,501,8,1,Might,1,1,13.274,13.274,13.274
20261004-160448,523.945,80901,10581,7,2,Swiftness+Resistance,1,1,70.054,71.090,71.090
20261004-160448,523.945,80901,9657,8,3,Resistance+Fury+Regeneration,1,1,70.054,71.090,71.090
20261004-160448,523.945,80901,9657,8,2,Resistance+Alacrity,1,1,70.572,71.090,71.090
20261004-160448,523.945,80901,9951,7,1,Resistance,1,1,85.290,85.290,85.290
20261004-160448,523.945,80901,7898,11,1,Resistance,1,1,71.092,71.092,71.092
20261004-160448,523.945,80901,5794,12,1,Resistance,1,1,70.054,71.090,71.090
20261004-160448,523.945,80901,7221,11,2,Resistance+Protection,1,1,70.572,71.604,71.604
20261004-160448,523.945,80901,5396,12,1,Resistance,1,1,70.054,70.054,70.054
20261004-160448,538.421,80901,8283,7,1,Might,1,1,85.568,85.568,85.568
20261004-160448,538.421,80901,11550,5,2,Might+Quickness,1,1,14.476,14.476,14.476
20261004-160448,538.421,80901,9228,3,1,Fury,1,1,14.476,14.476,14.476
20261004-160448,538.421,80901,9512,1,2,Regeneration+Alacrity,1,1,14.476,14.476,14.476
20261004-160448,538.421,80901,6372,4,1,Might,1,1,14.476,14.476,14.476
20261004-160448,538.421,80901,7568,3,1,Protection,1,1,97.804,97.804,97.804
20261004-160448,538.421,80901,7026,5,2,Might+Quickness,1,1,14.476,14.476,14.476
20261004-160448,538.929,80901,2761,5,1,Stability,0,1,0.508,0.508,0.508
20261004-160448,553.413,80901,7148,7,1,Protection,1,1,14.484,14.484,14.992
20261004-160448,553.937,80901,12104,3,3,Might+Alacrity+Resistance,1,1,15.516,15.516,15.516
20261004-160448,553.937,80901,9512,6,0,,0,1,0.524,0.524,0.524
20261004-160448,553.937,80901,12104,1,2,Resistance+Might,1,1,15.516,15.516,15.516
20261004-160448,553.937,80901,13264,3,3,Resistance+Alacrity+Might,1,1,15.516,15.516,15.516
20261004-160448,553.937,80901,12104,2,3,Resistance+Resolution+Might,1,1,29.992,29.992,29.992
20261004-160448,553.937,80901,4055,4,1,Might,1,1,15.516,15.516,15.516
20261004-160448,566.087,81326,802,3,3,Might+Fury+Alacrity,1,1,27.666,27.666,27.666
20261004-160448,566.613,81326,1003,0,1,Swiftness,0,1,12.676,12.676,12.676
20261004-160448,566.613,81326,404,7,1,Might,1,1,12.676,13.200,13.200
20261004-160448,566.613,81326,514,9,2,Might+Swiftness,1,1,12.676,12.676,12.676
20261004-160448,566.613,81326,934,0,0,,1,1,12.676,12.676,12.676
20261004-160448,566.613,81326,605,7,1,Might,1,1,12.676,12.676,12.676
20261004-160448,567.135,81326,934,0,0,,0,1,0.522,13.198,0.522
20261004-160448,567.135,81326,1003,0,0,,0,1,0.522,0.522,13.198
20261004-160448,567.653,81326,934,0,0,,0,1,0.518,13.716,1.040
20261004-160448,568.417,80901,10277,9,2,Might+Protection,1,1,1.804,1.804,1.804
20261004-160448,568.417,80901,5832,5,1,Might,1,1,1.804,1.804,1.804
20261004-160448,568.417,80901,7240,0,0,,1,1,1.282,1.804,14.480
20261004-160448,568.417,80901,3878,5,4,Protection+Might+Quickness+Resolution,1,1,2.330,2.330,2.330
20261004-160448,568.417,80901,5620,9,1,Might,1,1,44.472,44.472,44.472
20261004-160448,568.937,80901,3542,5,0,,0,1,0.520,0.520,0.520
20261004-160448,569.445,80901,3542,6,0,,0,1,0.508,1.028,1.028
20261004-160448,569.977,80901,3542,5,0,,0,1,0.532,1.560,1.560
20261004-160448,569.977,80901,6827,7,1,Alacrity,1,1,1.560,1.560,1.560
20261004-160448,569.977,80901,8190,1,1,Might,1,1,1.560,1.560,1.560
20261004-161448,284.509,81326,516,7,1,Might,1,1,,,
20261004-161448,286.067,81326,365,8,1,Might,1,1,,,
20261004-161448,286.067,81326,464,7,1,Resolution,1,1,,,
20261004-161448,286.067,81326,490,7,1,Resistance,1,1,,,
20261004-161448,286.067,81326,464,6,1,Resistance,1,1,1.558,1.558,1.558
20261004-161448,313.907,81326,562,6,1,Protection,1,1,27.840,27.840,27.840
20261004-161448,313.907,81326,562,7,1,Protection,1,1,27.840,27.840,27.840
20261004-161448,313.907,81326,616,8,1,Protection,1,1,,,
20261004-161448,314.421,81326,920,8,0,,0,1,0.514,0.514,0.514
20261004-161448,314.421,81326,523,8,1,Might,1,1,,,
20261004-161448,314.421,81326,987,6,0,,0,1,0.514,0.514,0.514
20261004-161448,314.421,81326,562,9,3,Might+Quickness+Protection,1,1,,,
20261004-161448,314.943,81326,839,6,0,,0,1,0.522,0.522,0.522
20261004-161448,314.943,81326,523,7,0,,0,1,0.522,0.522,0.522
20261004-161448,315.457,81326,839,6,0,,0,1,0.514,1.036,1.036
20261004-161448,331.383,81053,5576,6,1,Regeneration,1,1,16.962,17.476,17.476
20261004-161448,331.383,81053,2509,6,1,Regeneration,1,1,17.476,17.476,17.476
20261004-161448,331.903,81053,3745,6,3,Might+Alacrity+Fury,1,1,16.446,17.482,17.482
20261004-161448,331.903,81053,2509,5,0,,0,1,0.520,0.520,0.520
20261004-161448,331.903,81053,5104,7,1,Might,1,1,,,
20261004-161448,332.297,81053,2509,7,0,,0,1,0.394,0.914,0.914
20261004-161448,332.297,81053,1717,7,1,Resolution,1,1,46.230,46.230,46.230
20261004-161448,332.423,81053,3055,6,1,Resolution,1,1,18.002,18.516,18.516
20261004-161448,332.423,81053,1717,7,0,,0,1,0.126,0.126,0.126
20261004-161448,332.423,81053,2509,7,0,,0,1,0.126,1.040,1.040
20261004-161448,332.423,81053,2788,6,1,Resolution,1,1,1.040,1.040,1.040
20261004-161448,332.825,81053,7490,3,0,,0,1,0.922,0.922,0.922
20261004-161448,332.825,81053,5018,6,0,,0,1,0.402,1.442,1.442
20261004-161448,332.903,81053,5746,5,1,Might,1,1,,,
20261004-161448,332.947,81053,3745,3,0,,0,1,0.122,1.044,1.044
20261004-161448,332.947,81053,2509,6,0,,0,1,0.122,1.564,1.564
20261004-161448,333.345,81053,10208,9,1,Resolution,1,1,1.442,1.442,1.442
20261004-161448,333.863,81053,3055,8,2,Regeneration+Resolution,1,1,1.440,1.440,1.440
20261004-161448,333.863,81053,2275,8,0,,0,1,0.916,1.960,1.960
20261004-161448,333.863,81053,2586,8,0,,0,1,0.960,0.960,0.960
20261004-161448,333.863,81053,2258,10,1,Resolution,1,1,1.440,1.440,1.440
20261004-161448,334.461,81053,2336,8,1,Stability,1,1,19.518,20.040,20.040
20261004-161448,351.461,81053,5240,7,1,Resolution,1,1,18.116,18.116,18.116
20261004-161448,351.461,81053,2575,8,1,Protection,1,1,18.514,20.078,20.078
20261004-161448,351.461,81053,4523,6,3,Resolution+Might+Quickness,1,1,17.598,19.558,19.558
20261004-161448,351.461,81053,2822,7,1,Swiftness,1,1,17.598,17.598,17.598
20261004-161448,351.463,81053,1586,8,1,Protection,1,1,19.040,19.166,19.166
20261004-161448,351.463,81053,2204,9,1,Resolution,1,1,65.396,65.396,65.396
20261004-161448,351.979,81053,1987,10,0,,0,1,0.516,0.516,0.516
20261004-161448,351.979,81053,1430,8,0,,0,1,0.516,0.516,0.516
20261004-161448,351.979,81053,4724,7,0,,0,1,0.518,0.518,0.518
20261004-161448,352.497,81053,1987,10,0,,0,1,0.518,1.034,1.034
20261004-161448,353.017,81053,2117,10,0,,0,1,0.520,1.554,1.554
20261004-161448,353.017,81053,1417,10,1,Swiftness,1,1,1.038,1.554,1.554
20261004-161448,353.017,81053,3693,8,3,Resolution+Might+Swiftness,1,1,1.556,1.556,1.556
20261004-161448,353.017,81053,2711,8,1,Regeneration,1,1,1.556,1.556,1.556
20261004-161448,353.017,81053,2474,8,1,Fury,1,1,19.154,19.154,19.154
20261004-161448,354.025,81053,2398,9,0,,0,1,19.564,19.564,19.564
20261004-161448,354.025,81053,2654,7,1,Fury,1,1,20.162,21.122,21.122
20261004-161448,354.025,81053,2575,9,0,,0,1,1.008,1.008,1.008
20261004-161448,354.025,81053,2575,8,0,,0,1,,,
20261004-161448,354.025,81053,4523,8,1,Fury,1,1,2.564,2.564,2.564
20261004-161448,354.025,81053,2575,7,0,,0,1,1.008,1.008,1.008
20261004-161448,354.025,81053,2822,9,0,,0,1,1.008,1.008,1.008
20261004-161448,354.025,81053,3510,8,1,Might,1,1,2.046,2.564,2.564
20261004-161448,367.743,81053,4008,10,1,Stability,1,1,13.718,,
20261004-161448,367.743,81053,5320,9,1,Stability,1,1,13.718,13.718,13.718
20261004-161448,367.743,81053,3880,8,1,Resistance,1,1,14.726,16.280,16.280
20261004-161448,368.255,81053,2152,8,0,,0,1,0.512,0.512,0.512
20261004-161448,368.255,81053,2951,8,0,,0,1,0.512,0.512,0.512
20261004-161448,368.255,81053,2083,8,1,Might,1,1,14.230,33.794,33.794
20261004-161448,368.661,81053,1937,6,0,,0,1,0.406,0.918,0.918
20261004-161448,368.661,81053,2951,8,0,,0,1,0.406,0.918,0.918
20261004-161448,368.779,81053,1937,6,0,,0,1,0.118,1.036,1.036
20261004-161448,368.779,81053,2951,8,0,,0,1,0.118,1.036,1.036
20261004-161448,369.177,81053,3360,6,1,Swiftness,1,1,16.160,16.160,16.160
20261004-161448,369.265,81053,2209,6,1,Swiftness,1,1,15.240,16.248,16.248
20261004-161448,369.265,81053,1746,6,0,,0,1,0.486,1.522,1.522
20261004-161448,369.265,81053,2421,6,1,Regeneration,1,1,15.240,16.248,16.248
20261004-161448,369.265,81053,2660,8,0,,0,1,0.486,1.522,1.522
20261004-161448,369.781,81053,2004,7,1,Might,1,1,2.038,2.038,2.038
20261004-161448,369.781,81053,2004,8,3,Might+Vigor+Stability,1,1,15.756,16.764,16.764
20261004-161448,369.781,81053,2277,5,1,Protection,1,1,15.756,15.756,15.756
20261004-161448,369.781,81053,1690,8,1,Might,1,1,1.526,1.526,1.526
20261004-161448,369.781,81053,2209,5,1,Protection,1,1,15.756,15.756,15.756
20261004-161448,369.781,81053,2660,7,0,,0,1,0.516,2.038,2.038
20261004-161448,369.783,81053,2421,6,0,,0,1,0.518,0.518,0.518
20261004-161448,369.783,81053,2209,7,0,,0,1,0.518,0.518,0.518
20261004-161448,369.783,81053,1746,7,0,,0,1,0.518,2.040,2.040
20261004-161448,370.301,81053,2660,7,0,,0,1,0.520,2.558,2.558
20261004-161448,370.821,81053,2209,8,1,Swiftness,1,1,1.038,1.556,1.556
20261004-161448,386.939,81053,2740,3,1,Might,1,1,17.158,17.158,17.158
20261004-161448,387.857,81053,2084,8,1,Fury,1,1,18.680,18.680,18.680
20261004-161448,387.857,81053,2823,2,0,,0,1,0.918,0.918,0.918
20261004-161448,387.857,81053,2740,6,3,Might+Resistance+Protection,1,1,18.076,18.076,18.076
20261004-161448,387.857,81053,3735,5,1,Might,1,1,17.556,20.114,20.114
20261004-161448,387.857,81053,2824,9,1,Fury,1,1,18.076,18.076,18.076
20261004-161448,387.859,81053,2740,9,1,Fury,1,1,17.038,17.038,17.038
20261004-161448,387.859,81053,2552,5,1,Might,1,1,18.078,18.078,18.078
20261004-161448,387.977,81053,3003,8,1,Protection,1,1,18.194,18.712,18.712
20261004-161448,388.375,81053,4041,7,0,,0,1,0.398,0.398,0.398
20261004-161448,388.375,81053,2241,6,0,,0,1,0.518,0.518,0.518
20261004-161448,388.375,81053,2471,8,0,,0,1,0.516,0.516,0.516
20261004-161448,388.375,81053,2546,7,0,,0,1,0.518,0.518,0.518
20261004-161448,388.375,81053,2170,7,1,Fury,1,1,18.592,20.632,20.632
20261004-161448,388.375,81053,1747,7,0,,0,1,0.518,0.518,0.518
20261004-161448,388.501,81053,2975,7,0,,0,1,0.644,0.644,0.644
20261004-161448,388.501,81053,2170,7,0,,0,1,0.126,0.126,0.126
20261004-161448,388.501,81053,2471,7,0,,0,1,0.126,0.642,0.642
20261004-161448,388.501,81053,2546,7,0,,0,1,0.126,0.644,0.644
20261004-161448,388.501,81053,2100,7,0,,0,1,0.642,0.642,0.642
20261004-161448,388.501,81053,2471,8,1,Might,1,1,18.720,18.720,18.720
20261004-161448,388.501,81053,2241,7,0,,0,1,0.126,0.644,0.644
20261004-161448,388.903,81053,2740,9,0,,0,1,0.402,0.402,0.402
20261004-161448,388.903,81053,2329,7,0,,0,1,0.402,1.044,1.044
20261004-161448,388.905,81053,2740,8,0,,0,1,0.404,1.046,1.046
20261004-161448,388.905,81053,3299,7,0,,0,1,0.404,1.048,1.048
20261004-161448,388.905,81053,3003,9,0,,0,1,0.530,0.928,0.928
20261004-161448,388.905,81053,2406,7,0,,0,1,0.404,0.530,0.530
20261004-161448,388.905,81053,2485,7,0,,0,1,0.404,1.048,1.048
20261004-161448,388.905,81053,1938,8,0,,0,1,0.530,1.048,1.048
20261004-161448,388.905,81053,2824,7,0,,0,1,0.404,1.048,1.048
20261004-161448,388.905,81053,2560,5,1,Fury,1,1,1.048,1.966,1.966
20261004-161448,389.415,81053,2560,3,0,,0,1,0.510,0.510,0.510
20261004-161448,389.415,81053,3299,6,0,,0,1,0.510,1.558,1.558
20261004-161448,389.415,81053,2406,6,0,,0,1,0.510,1.040,1.040
20261004-161448,389.415,81053,1938,7,0,,0,1,0.510,1.558,1.558
20261004-161448,389.415,81053,2485,4,0,,0,1,0.510,1.558,1.558
20261004-161448,389.415,81053,2740,7,0,,0,1,0.510,1.556,1.556
20261004-161448,389.415,81053,2329,6,0,,0,1,0.512,1.556,1.556
20261004-161448,402.021,81326,487,8,1,Resistance,1,1,12.606,13.646,13.646
20261004-161448,402.021,81326,512,7,3,Resistance+Swiftness+Fury,1,1,12.606,14.164,14.164
20261004-161448,402.021,81326,569,9,1,Resistance,1,1,13.118,13.520,13.520
20261004-161448,402.021,81326,624,8,1,Alacrity,1,1,13.116,14.044,14.044
20261004-161448,402.535,81326,479,8,0,,0,1,0.514,0.514,0.514
20261004-161448,402.535,81326,569,5,1,Protection,1,1,13.120,14.676,14.676
20261004-161448,402.535,81326,512,4,0,,0,1,0.514,0.514,0.514
20261004-161448,403.057,81326,850,6,0,,0,1,0.522,0.522,0.522
20261004-161448,403.057,81326,569,5,0,,0,1,0.522,1.036,1.036
20261004-161448,403.573,81326,624,5,0,,0,1,1.552,1.552,1.552
20261004-161448,403.573,81326,569,4,0,,0,1,0.516,1.552,1.552
20261004-161448,414.977,81053,2757,8,1,Resolution,1,1,25.562,26.072,26.072
20261004-161448,414.977,81053,2622,7,1,Resolution,1,1,12.442,12.956,12.956
20261004-161448,414.977,81053,2839,7,3,Resolution+Might+Quickness,1,1,11.404,12.956,12.956
20261004-161448,414.977,81053,3757,8,1,Resolution,1,1,25.562,27.120,27.120
20261004-161448,415.893,81053,2622,7,0,,0,1,0.916,0.916,0.916
20261004-161448,415.893,81053,2757,7,0,,0,1,0.916,0.916,0.916
20261004-161448,415.893,81053,3757,5,0,,0,1,0.916,0.916,0.916
20261004-161448,416.413,81053,7763,9,1,Protection,1,1,14.392,14.392,14.392
20261004-161448,416.413,81053,6228,9,1,Might,1,1,13.356,13.878,13.878
20261004-161448,416.413,81053,7132,7,1,Might,1,1,27.508,28.556,28.556
20261004-161448,416.493,81053,3114,8,1,Resolution,1,1,1.516,1.516,1.516
20261004-161448,416.493,81053,4404,8,1,Might,1,1,27.078,28.636,28.636
20261004-161448,416.493,81053,6826,8,1,Might,1,1,12.920,14.472,14.472
20261004-161448,416.537,81053,2900,5,1,Resolution,1,1,27.122,28.678,28.678
20261004-161448,416.933,81053,7132,6,0,,0,1,0.520,0.520,0.520
20261004-161448,417.459,81053,3215,7,0,,0,1,0.526,1.046,1.046
20261004-161448,431.457,81326,550,6,1,Resistance,0,1,14.964,14.964,14.964
20261004-161448,431.457,81326,377,10,1,Stability,1,1,14.964,14.964,14.964
20261004-161448,431.459,81326,508,6,1,Might,1,1,15.566,16.482,16.482
20261004-161448,431.459,81326,728,5,0,,0,1,15.566,16.482,16.482
20261004-161448,431.459,81326,497,4,1,Protection,1,1,14.922,14.922,14.922
20261004-161448,431.459,81326,593,9,1,Stability,1,1,15.046,15.046,15.046
20261004-161448,431.459,81326,650,7,1,Stability,1,1,14.966,14.966,14.966
20261004-161448,431.459,81326,698,7,1,Stability,1,1,15.046,15.046,15.046
20261004-161448,431.459,81326,679,6,1,Might,1,1,14.000,15.046,15.046
20261004-161448,431.459,81326,797,0,0,,1,1,15.566,16.482,16.482
20261004-161448,431.973,81326,742,3,0,,0,1,0.514,0.514,0.514
20261004-161448,431.973,81326,419,10,0,,0,1,0.516,0.516,0.516
20261004-161448,431.973,81326,508,5,0,,0,1,0.514,0.514,0.514
20261004-161448,431.973,81326,593,9,0,,0,1,0.514,0.514,0.514
20261004-161448,431.973,81326,797,0,0,,0,1,0.514,16.996,0.514
20261004-161448,431.973,81326,728,5,0,,0,1,0.514,16.996,16.996
20261004-161448,431.973,81326,698,7,0,,0,1,0.514,0.514,0.514
20261004-161448,432.493,81326,797,0,0,,0,1,0.520,17.516,1.034
20261004-161448,432.493,81326,698,8,0,,0,1,0.520,1.034,1.034
20261004-161448,432.493,81326,593,9,0,,0,1,0.520,1.034,1.034
20261004-161448,432.493,81326,742,3,0,,0,1,0.520,1.034,1.034
20261004-161448,432.493,81326,508,4,0,,0,1,0.520,1.034,1.034
20261004-161448,432.493,81326,728,4,0,,0,1,0.520,17.516,17.516
20261004-161448,432.493,81326,650,7,1,Might,1,1,1.034,1.034,1.034
20261004-161448,433.015,81326,650,6,0,,0,1,0.522,0.522,0.522
20261004-161448,433.015,81326,728,8,0,,0,1,0.522,18.038,18.038
20261004-161448,433.015,81326,534,6,0,,0,1,0.522,18.038,1.556
20261004-161448,433.015,81326,698,8,0,,0,1,0.522,1.556,1.556
20261004-161448,433.015,81326,508,9,0,,0,1,0.522,1.556,1.556
20261004-161448,433.017,81326,534,9,1,Might,1,1,1.560,1.560,16.524
20261004-161448,433.017,81326,593,9,0,,0,1,0.524,1.558,1.558
20261004-161448,435.705,81053,2065,7,1,Alacrity,1,1,3.732,4.248,4.248
20261004-161448,435.705,81053,2413,10,1,Might,1,1,2.688,2.688,2.688
20261004-161448,435.705,81053,2203,8,1,Might,1,1,3.212,4.246,4.246
20261004-161448,435.705,81053,2499,7,1,Might,1,1,2.690,4.246,4.246
20261004-161448,435.705,81053,2920,4,1,Alacrity,1,1,2.688,4.246,4.246
20261004-161448,435.705,81053,3224,8,1,Might,1,1,2.690,20.728,20.728
20261004-161448,435.705,81053,3009,4,1,Might,1,1,4.246,4.246,4.246
20261004-161448,435.705,81053,2920,4,1,Alacrity,1,1,2.690,4.246,4.246
20261004-161448,435.705,81053,3200,4,1,Alacrity,1,1,2.690,3.212,3.212
20261004-161448,435.705,81053,2783,4,3,Might+Alacrity+Regeneration,1,1,2.690,20.728,4.246
20261004-161448,436.221,81053,4406,7,0,,0,1,0.516,0.516,0.516
20261004-161448,436.221,81053,6018,6,0,,0,1,0.516,0.516,0.516
20261004-161448,436.221,81053,5840,5,0,,0,1,0.516,0.516,0.516
20261004-161448,436.221,81053,4130,7,0,,0,1,0.516,0.516,0.516
20261004-161448,436.221,81053,5840,5,0,,0,1,0.516,0.516,0.516
20261004-161448,436.221,81053,6400,4,0,,0,1,0.516,0.516,0.516
20261004-161448,436.221,81053,6448,7,0,,0,1,0.516,0.516,0.516
20261004-161448,436.221,81053,2507,8,0,,0,1,0.516,0.516,0.516
20261004-161448,436.733,81053,3257,5,0,,0,1,0.512,1.028,1.028
20261004-161448,436.733,81053,2973,6,0,,0,1,0.512,1.028,1.028
20261004-161448,436.733,81053,4574,6,0,,0,1,0.512,1.028,1.028
20261004-161448,436.733,81053,2456,7,0,,0,1,0.512,1.028,1.028
20261004-161448,436.733,81053,4313,0,0,,1,1,1.028,1.028,1.028
20261004-161448,436.733,81053,2102,7,0,,0,1,0.512,1.028,1.028
20261004-161448,437.139,81053,2260,7,0,,0,1,0.406,1.434,1.434
20261004-161448,437.139,81053,2456,6,0,,0,1,0.406,1.434,1.434
20261004-161448,437.139,81053,4313,0,0,,0,1,0.406,1.434,0.406
20261004-161448,437.139,81053,2287,5,0,,0,1,0.406,1.434,1.434
20261004-161448,437.139,81053,2973,6,0,,0,1,0.406,1.434,1.434
20261004-161448,437.139,81053,3257,5,0,,0,1,0.406,1.434,1.434
20261004-161448,437.139,81053,3282,6,0,,0,1,0.918,1.434,1.434
20261004-161448,437.255,81053,3666,1,0,,0,1,0.116,1.550,0.522
20261004-161448,437.255,81053,2456,7,0,,0,1,0.116,1.550,1.550
20261004-161448,437.255,81053,3257,6,0,,0,1,0.116,1.550,1.550
20261004-161448,437.255,81053,2544,9,1,Might,1,1,1.550,1.550,1.550
20261004-161448,437.255,81053,2260,7,0,,0,1,0.116,1.550,1.550
20261004-161448,437.255,81053,5946,6,0,,0,1,0.116,1.550,1.550
20261004-161448,437.255,81053,2541,7,0,,0,1,0.116,1.550,1.550
20261004-161448,437.255,81053,3646,7,0,,0,1,0.116,1.550,1.550
20261004-161448,437.732,81053,7292,7,0,,0,1,0.477,2.027,2.027
20261004-161448,437.732,81053,3993,2,0,,0,1,0.477,2.027,0.999
20261004-161448,438.175,81053,7292,8,0,,0,1,0.443,2.470,2.470
20261004-161448,438.693,81053,7292,7,0,,0,1,0.518,2.988,2.988
20261004-161448,438.693,81053,5088,8,1,Vigor,1,1,1.438,1.438,1.438
20261004-161448,439.299,81053,2838,7,1,Quickness,1,1,2.044,3.594,3.594
20261004-161448,439.299,81053,2246,6,1,Resolution,1,1,2.044,3.594,3.594
20261004-161448,511.135,81326,607,9,5,Might+Resolution+Regeneration+Swiftness+Quickness,1,1,73.880,75.430,75.430
20261004-161448,511.647,81326,554,5,2,Might+Protection,1,1,75.426,75.942,75.942
20261004-161448,512.177,81326,827,4,0,,0,1,0.530,0.530,0.530
20261004-161448,512.177,81326,512,5,1,Might,1,1,74.922,76.472,76.472
20261004-161448,512.177,81326,514,8,1,Resolution,1,1,75.956,76.472,76.472
20261004-161448,512.693,81326,607,4,4,Might+Protection+Resolution+Fury,1,1,1.558,1.558,1.558
20261004-161448,512.693,81326,474,9,1,Might,1,1,74.000,74.000,74.000
20261004-161448,512.693,81326,767,5,0,,0,1,0.516,0.516,0.516
20261004-161448,512.693,81326,624,1,1,Might,1,1,73.394,73.394,73.394
20261004-161448,512.693,81326,765,3,0,,0,1,0.516,0.516,0.516
20261004-161448,512.693,81326,499,7,1,Might,1,1,73.394,73.394,73.394
20261004-161448,512.693,81326,554,4,0,,0,1,0.516,1.046,1.046
20261004-161448,521.627,80901,18073,7,1,Protection,1,1,84.372,85.922,85.922
20261004-161448,521.627,80901,12981,6,1,Protection,1,1,8.934,9.450,9.450
20261004-161448,521.627,80901,13242,8,1,Vigor,1,1,8.934,9.450,9.450
20261004-161448,521.627,80901,15363,6,2,Protection+Stability,1,1,8.934,9.980,9.980
20261004-161448,521.627,80901,10407,8,3,Swiftness+Fury+Alacrity,1,1,83.895,85.922,84.894
20261004-161448,521.627,80901,12246,9,1,Alacrity,1,1,8.934,8.934,8.934
20261004-161448,521.627,80901,3230,8,4,Alacrity+Fury+Might+Protection,1,1,8.934,8.934,8.934
20261004-161448,521.627,80901,3299,8,1,Alacrity,1,1,8.934,8.934,8.934
20261004-161448,521.627,80901,4729,10,1,Alacrity,1,1,82.934,85.922,85.922
20261004-161448,522.145,80901,12246,7,0,,0,1,0.518,0.518,0.518
20261004-161448,522.145,80901,17262,5,0,,0,1,0.518,0.518,0.518
20261004-161448,522.145,80901,20307,6,0,,0,1,0.518,0.518,0.518
20261004-161448,522.145,80901,4822,7,0,,0,1,0.518,0.518,0.518
20261004-161448,522.145,80901,4729,9,0,,0,1,0.518,0.518,0.518
20261004-161448,522.145,80901,3469,6,0,,0,1,0.518,0.518,0.518
20261004-161448,522.145,80901,4414,7,0,,0,1,0.518,0.518,0.518
20261004-161448,537.141,80901,6064,4,2,Fury+Might,1,1,14.996,15.514,15.514
20261004-161448,537.141,80901,3478,10,1,Resolution,1,1,15.514,15.514,15.514
20261004-161448,537.141,80901,7532,10,3,Resolution+Alacrity+Regeneration,1,1,14.996,15.514,15.514
20261004-161448,537.141,80901,3405,9,4,Resolution+Alacrity+Regeneration+Protection,1,1,14.996,15.514,15.514
20261004-161448,541.135,81326,822,3,1,Might,1,1,19.508,19.508,19.508
20261004-161448,541.135,81326,501,4,1,Alacrity,0,0,3.994,3.994,3.994
20261004-161448,541.135,81326,536,9,1,Stability,1,1,18.990,19.508,19.508
20261004-161448,541.135,81326,730,5,1,Might,1,1,18.990,19.508,19.508
20261004-161448,541.135,81326,682,6,1,Might,1,1,18.990,19.508,19.508
20261004-161448,541.649,81326,536,8,0,,0,1,0.514,0.514,0.514
20261004-161448,541.649,81326,682,5,0,,0,1,0.514,0.514,0.514
20261004-161448,541.651,81326,730,4,0,,0,1,0.516,0.516,0.516
20261004-161448,541.651,81326,822,2,0,,0,1,0.516,0.516,0.516
20261004-161448,542.171,81326,745,2,4,Might+Quickness+Fury+Swiftness,1,1,5.030,5.030,5.030
20261004-161448,542.171,81326,536,5,3,Resolution+Might+Protection,1,1,5.030,5.030,5.030
20261004-161448,542.171,81326,889,3,1,Resolution,1,1,20.026,20.544,20.544
20261004-161448,542.171,81326,889,3,2,Resolution+Vigor,1,1,5.030,5.030,5.030
20261004-161448,542.171,81326,556,2,1,Protection,1,1,1.036,1.036,5.030
20261004-161448,542.171,81326,730,3,0,,0,1,0.520,1.036,1.036
20261004-161448,542.687,81326,915,1,0,,0,1,0.516,0.516,0.516
20261004-161448,542.687,81326,889,2,0,,0,1,0.516,0.516,0.516
20261004-161448,542.687,81326,889,2,0,,0,1,0.516,0.516,0.516
20261004-161448,542.687,81326,831,1,3,Might+Fury+Swiftness,0,1,0.516,0.516,0.516
20261004-161448,542.687,81326,827,0,0,,0,1,0.516,0.516,0.516
20261004-161448,551.613,80901,9627,2,1,Might,1,1,9.964,10.478,10.478
20261004-161448,552.125,80901,10211,2,0,,0,1,0.512,0.512,0.512
20261004-163454,284.307,81326,502,4,2,Alacrity+Fury,1,1,,,
20261004-163454,284.307,81326,517,7,1,Alacrity,1,1,,,
20261004-163454,284.307,81326,502,7,1,Alacrity,1,1,,,
20261004-163454,284.307,81326,558,7,1,Stability,1,1,,,
20261004-163454,284.307,81326,612,8,1,Resistance,1,1,,,
20261004-163454,284.827,81326,478,5,1,Resolution,1,1,,,
20261004-163454,284.827,81326,550,7,0,,0,1,0.520,0.520,0.520
20261004-163454,284.827,81326,468,2,1,Might,1,1,,,
20261004-163454,284.827,81326,591,5,0,,0,1,0.520,0.520,0.520
20261004-163454,284.827,81326,502,4,0,,0,1,0.520,0.520,0.520
20261004-163454,284.827,81326,502,2,0,,0,1,0.520,0.520,0.520
20261004-163454,284.827,81326,761,7,1,Might,1,1,,,
20261004-163454,284.827,81326,517,4,0,,0,1,0.520,0.520,0.520
20261004-163454,284.827,81326,394,8,1,Might,1,1,,,
20261004-163454,285.349,81326,355,6,0,,0,1,0.522,0.522,0.522
20261004-163454,285.349,81326,532,6,0,,0,1,0.522,1.042,1.042
20261004-163454,285.349,81326,478,6,0,,0,1,0.522,0.522,0.522
20261004-163454,285.865,81326,761,4,1,Resolution,1,1,1.038,1.038,1.038
20261004-163454,313.663,81326,565,5,1,Regeneration,1,1,28.836,29.356,29.356
20261004-163454,313.663,81326,565,2,1,Might,1,1,28.314,29.356,29.356
20261004-163454,313.663,81326,526,4,1,Might,1,1,,,
20261004-163454,313.665,81326,526,6,1,Alacrity,1,1,28.838,28.838,28.838
20261004-163454,313.665,81326,565,8,2,Might+Quickness,1,1,28.838,29.358,29.358
20261004-163454,313.665,81326,565,9,1,Alacrity,1,1,28.838,29.358,29.358
20261004-163454,314.703,81326,638,8,1,Might,1,1,29.876,30.396,30.396
20261004-163454,315.231,81326,565,4,1,Vigor,1,1,1.568,1.568,1.568
20261004-163454,315.231,81326,508,7,2,Vigor+Swiftness,1,1,1.566,1.566,1.566
20261004-163454,315.231,81326,473,6,1,Vigor,1,1,1.566,1.566,1.566
20261004-163454,315.231,81326,323,11,1,Resolution,1,1,29.882,30.404,30.404
20261004-163454,315.231,81326,457,9,1,Might,1,1,1.566,1.566,1.566
20261004-163454,331.979,81053,2790,7,1,Might,1,1,17.276,17.276,17.276
20261004-163454,331.979,81053,1801,6,1,Protection,1,1,16.748,16.748,16.748
20261004-163454,331.979,81053,2291,11,1,Resolution,1,1,18.316,18.316,18.316
20261004-163454,331.979,81053,2179,10,1,Swiftness,1,1,46.630,47.152,47.152
20261004-163454,333.029,81053,3645,4,1,Might,1,1,19.366,19.366,19.366
20261004-163454,334.467,81053,2341,9,1,Resistance,1,1,2.488,2.488,2.488
20261004-163454,334.467,81053,2226,7,1,Resistance,1,1,2.488,2.488,2.488
20261004-163454,334.467,81053,2601,6,1,Resistance,1,1,19.236,19.236,19.236
20261004-163454,334.467,81053,2851,9,1,Might,1,1,2.488,2.488,2.488
20261004-163454,334.467,81053,3724,5,1,Might,1,1,1.438,1.438,1.438
20261004-163454,334.467,81053,3495,6,2,Might+Resolution,1,1,19.236,19.236,19.236
20261004-163454,334.467,81053,1962,7,1,Might,1,1,19.236,19.236,19.236
20261004-163454,335.061,81053,2851,8,0,,0,1,0.594,0.594,0.594
20261004-163454,335.063,81053,2482,8,0,,0,1,0.596,0.596,0.596
20261004-163454,335.063,81053,2654,7,0,,0,1,0.596,0.596,0.596
20261004-163454,335.063,81053,3704,5,0,,0,1,0.596,0.596,0.596
20261004-163454,335.063,81053,3941,5,0,,0,1,0.596,0.596,0.596
20261004-163454,335.063,81053,2080,7,0,,0,1,0.596,0.596,0.596
20261004-163454,353.021,81053,6928,10,1,Fury,1,1,67.156,67.156,67.156
20261004-163454,353.021,81053,5082,9,1,Resistance,1,1,17.958,18.554,18.554
20261004-163454,353.021,81053,4732,8,1,Resistance,1,1,17.958,18.554,18.554
20261004-163454,353.021,81053,5082,8,2,Resistance+Might,1,1,17.958,18.554,18.554
20261004-163454,353.021,81053,4732,10,1,Fury,1,1,17.958,18.554,18.554
20261004-163454,353.021,81053,6942,10,1,Protection,1,1,17.960,18.554,18.554
20261004-163454,353.021,81053,5980,10,1,Fury,1,1,17.958,18.554,18.554
20261004-163454,353.021,81053,5082,10,1,Fury,1,1,37.790,37.790,37.790
20261004-163454,353.419,81053,3729,8,1,Alacrity,1,1,21.440,21.440,21.440
20261004-163454,353.505,81053,5082,7,0,,0,1,0.484,0.484,0.484
20261004-163454,353.505,81053,4732,9,0,,0,1,0.484,0.484,0.484
20261004-163454,353.505,81053,5082,9,0,,0,1,0.484,0.484,0.484
20261004-163454,353.505,81053,6928,9,0,,0,1,0.484,0.484,0.484
20261004-163454,353.505,81053,5570,9,0,,0,1,0.484,0.484,0.484
20261004-163454,353.505,81053,5082,8,0,,0,1,0.484,0.484,0.484
20261004-163454,353.505,81053,5980,9,0,,0,1,0.484,0.484,0.484
20261004-163454,353.505,81053,4732,7,0,,0,1,0.484,0.484,0.484
20261004-163454,353.939,81053,3907,8,0,,0,1,0.520,0.520,0.520
20261004-163454,353.939,81053,5632,9,0,,0,1,0.434,0.918,0.918
20261004-163454,353.939,81053,4785,8,0,,0,1,0.434,0.918,0.918
20261004-163454,353.939,81053,6046,10,0,,0,1,0.434,0.918,0.918
20261004-163454,353.939,81053,4785,9,0,,0,1,0.434,0.918,0.918
20261004-163454,353.939,81053,5294,8,0,,0,1,0.434,0.918,0.918
20261004-163454,354.027,81053,2470,10,1,Fury,1,1,19.560,19.560,19.560
20261004-163454,354.469,81053,5654,6,0,,0,1,0.530,1.448,1.448
20261004-163454,354.469,81053,4838,7,0,,0,1,0.530,1.448,1.448
20261004-163454,354.469,81053,4940,5,0,,0,1,0.442,0.442,0.442
20261004-163454,354.469,81053,5694,8,0,,0,1,0.530,1.448,1.448
20261004-163454,354.469,81053,4838,7,0,,0,1,0.530,1.448,1.448
20261004-163454,354.469,81053,5352,6,0,,0,1,0.530,1.448,1.448
20261004-163454,354.469,81053,3541,7,0,,0,1,0.964,1.448,1.448
20261004-163454,354.469,81053,1975,7,0,,0,1,0.530,1.050,1.050
20261004-163454,354.543,81053,2598,7,0,,0,1,1.038,1.522,1.522
20261004-163454,355.065,81053,3541,6,0,,0,1,0.596,2.044,2.044
20261004-163454,355.065,81053,2419,6,0,,0,1,0.596,2.044,2.044
20261004-163454,355.065,81053,2598,5,0,,0,1,0.596,2.044,2.044
20261004-163454,355.065,81053,2598,5,0,,0,1,0.596,2.044,2.044
20261004-163454,355.065,81053,2419,7,0,,0,1,0.596,2.044,2.044
20261004-163454,371.185,81053,1481,8,1,Fury,1,1,16.716,17.766,17.766
20261004-163454,371.699,81053,1546,6,0,,0,1,0.514,0.514,0.514
20261004-163454,372.221,81053,1643,6,0,,0,1,0.522,1.036,1.036
20261004-163454,372.619,81053,1766,6,0,,0,1,0.398,1.434,1.434
20261004-163454,372.747,81053,3467,4,2,Alacrity+Might,1,1,17.682,19.726,19.726
20261004-163454,372.747,81053,2163,4,1,Might,1,1,17.682,19.726,19.726
20261004-163454,372.749,81053,2323,6,1,Alacrity,1,1,18.206,19.728,19.728
20261004-163454,373.223,81053,2091,9,1,Resolution,1,1,18.158,20.202,20.202
20261004-163454,373.223,81053,2163,6,0,,0,1,0.476,0.476,0.476
20261004-163454,374.787,81053,1923,6,0,,0,1,1.564,1.564,1.564
20261004-163454,388.865,81326,520,8,1,Alacrity,1,1,16.116,16.116,16.116
20261004-163454,388.865,81326,633,8,1,Alacrity,1,1,34.396,35.844,35.844
20261004-163454,388.865,81326,578,8,2,Alacrity+Might,1,1,16.118,16.118,16.118
20261004-163454,388.865,81326,454,9,1,Alacrity,1,1,16.246,17.680,17.680
20261004-163454,388.867,81326,538,8,1,Alacrity,1,1,15.644,16.120,16.120
20261004-163454,389.383,81326,538,7,0,,0,1,0.516,0.516,0.516
20261004-163454,389.383,81326,633,7,0,,0,1,0.518,0.518,0.518
20261004-163454,389.383,81326,520,10,1,Quickness,1,1,14.596,16.160,16.160
20261004-163454,389.383,81326,520,7,0,,0,1,0.518,0.518,0.518
20261004-163454,389.383,81326,578,7,0,,0,1,0.518,0.518,0.518
20261004-163454,389.383,81326,484,7,1,Might,1,1,34.318,36.362,36.362
20261004-163454,389.383,81326,454,8,0,,0,1,0.518,0.518,0.518
20261004-163454,389.901,81326,436,6,0,,0,1,0.518,0.518,0.518
20261004-163454,389.901,81326,454,7,0,,0,1,0.518,1.036,1.036
20261004-163454,389.901,81326,468,9,0,,0,1,0.518,0.518,0.518
20261004-163454,389.901,81326,578,7,0,,0,1,0.518,1.036,1.036
20261004-163454,390.419,81326,1059,9,1,Quickness,1,1,35.354,37.398,37.398
20261004-163454,390.419,81326,678,7,0,,0,1,0.518,1.554,1.554
20261004-163454,418.221,81053,1764,5,1,Might,1,1,27.802,29.356,29.356
20261004-163454,418.221,81053,2400,3,1,Might,1,1,28.320,28.838,28.838
20261004-163454,418.221,81053,2577,4,2,Alacrity+Regeneration,1,1,28.320,29.356,29.356
20261004-163454,418.221,81053,2824,2,1,Regeneration,1,1,28.838,29.356,29.356
20261004-163454,418.303,81326,649,8,1,Might,1,1,27.884,27.884,27.884
20261004-163454,418.303,81326,476,7,1,Resolution,1,1,28.920,29.438,29.438
20261004-163454,418.303,81326,476,10,1,Might,1,1,28.402,28.920,28.920
20261004-163454,418.737,81053,1640,5,0,,0,1,0.516,0.516,0.516
20261004-163454,418.737,81053,2577,4,0,,0,1,0.516,0.516,0.516
20261004-163454,418.737,81053,2400,2,0,,0,1,0.516,0.516,0.516
20261004-163454,418.737,81053,2206,8,1,Might,1,1,64.268,64.710,64.710
20261004-163454,418.737,81053,2824,5,0,,0,1,0.516,0.516,0.516
20261004-163454,418.817,81326,476,6,0,,0,1,0.514,0.514,0.514
20261004-163454,418.817,81326,649,7,0,,0,1,0.514,0.514,0.514
20261004-163454,418.817,81326,503,7,0,,0,1,0.080,0.080,0.080
20261004-163454,418.817,81326,476,9,0,,0,1,0.514,0.514,0.514
20261004-163454,419.339,81326,649,7,0,,0,1,0.522,1.036,1.036
20261004-163454,419.339,81326,476,9,0,,0,1,0.522,1.036,1.036
20261004-163454,419.339,81326,476,7,0,,0,1,0.522,1.036,1.036
20261004-163454,419.661,81053,2419,8,1,Resolution,1,1,66.156,66.640,66.640
20261004-163454,419.663,81053,1959,9,0,,0,1,0.324,1.360,1.360
20261004-163454,419.663,81053,2651,6,0,,0,1,0.926,1.442,1.442
20261004-163454,419.663,81053,2252,5,1,Might,1,1,30.280,30.796,30.796
20261004-163454,419.663,81053,1711,5,0,,0,1,0.926,1.442,1.442
20261004-163454,419.663,81053,2671,7,0,,0,1,0.324,1.360,1.360
20261004-163454,419.663,81053,2252,4,0,,0,1,0.926,1.442,1.442
20261004-163454,419.663,81053,2419,4,0,,0,1,0.926,1.442,1.442
20261004-163454,419.857,81326,476,8,0,,0,1,0.194,1.554,1.554
20261004-163454,419.857,81326,503,7,1,Resolution,1,1,1.040,1.120,1.120
20261004-163454,419.857,81326,476,7,0,,0,1,0.518,1.554,1.554
20261004-163454,419.857,81326,649,7,0,,0,1,0.194,1.554,1.554
20261004-163454,420.181,81053,5924,7,0,,0,1,0.324,1.878,1.878
20261004-163454,420.181,81053,4346,8,0,,0,1,0.324,1.878,1.878
20261004-163454,420.181,81053,5366,5,0,,0,1,0.518,1.960,1.960
20261004-163454,420.181,81053,2173,7,0,,0,1,0.324,1.878,1.878
20261004-163454,420.183,81053,3794,7,0,,0,1,0.520,1.962,1.962
20261004-163454,420.263,81053,4996,4,0,,0,1,0.600,0.600,0.600
20261004-163454,420.297,81053,2683,8,0,,0,1,0.636,0.636,0.636
20261004-163454,420.297,81053,2940,6,0,,0,1,0.634,2.076,2.076
20261004-163454,420.697,81053,2252,5,1,Resolution,1,1,1.034,2.476,2.476
20261004-163454,420.697,81053,2419,5,0,,0,1,0.516,2.476,2.476
20261004-163454,420.697,81053,1711,8,0,,0,1,0.514,2.476,2.476
20261004-163454,421.223,81053,2400,6,0,,0,1,0.960,1.560,1.560
20261004-163454,421.223,81053,2400,4,0,,0,1,0.526,0.526,0.526
20261004-163454,421.223,81053,1960,8,0,,0,1,0.526,3.002,3.002
20261004-163454,421.223,81053,2824,7,0,,0,1,0.926,3.002,3.002
20261004-163454,421.223,81053,2088,10,0,,0,1,1.042,2.920,2.920
20261004-163454,421.223,81053,2577,5,0,,0,1,0.526,3.002,3.002
20261004-163454,439.303,81053,3048,3,1,Regeneration,1,1,18.080,21.082,21.082
20261004-163454,439.303,81053,3879,4,1,Might,1,1,18.080,21.000,21.000
20261004-163454,439.303,81053,2471,8,1,Quickness,1,1,19.446,19.446,19.446
20261004-163454,439.303,81053,2420,4,1,Might,1,1,18.080,18.606,18.606
20261004-163454,439.303,81053,5287,5,1,Might,1,1,19.122,21.000,21.000
20261004-163454,439.825,81053,2684,6,0,,0,1,0.522,0.522,0.522
20261004-163454,439.825,81053,2741,8,0,,0,1,0.522,0.522,0.522
20261004-163454,439.825,81053,2883,9,0,,0,1,0.522,0.522,0.522
20261004-163454,439.825,81053,3392,5,1,Might,1,1,19.644,21.522,21.522
20261004-163454,439.825,81053,3159,6,1,Protection,1,1,18.602,21.604,21.604
20261004-163454,439.825,81053,3929,8,0,,0,1,0.522,0.522,0.522
20261004-163454,440.743,81053,2883,9,0,,0,1,0.918,1.440,1.440
20261004-163454,440.743,81053,2940,5,1,Might,1,1,20.446,21.082,21.082
20261004-163454,440.743,81053,2796,9,0,,0,1,0.918,1.440,1.440
20261004-163454,440.743,81053,4715,6,0,,0,1,0.918,0.918,0.918
20261004-163454,440.743,81053,2684,8,0,,0,1,0.918,1.440,1.440
20261004-163454,440.743,81053,3392,4,0,,0,1,0.918,0.918,0.918
20261004-163454,441.347,81053,3392,4,0,,0,1,0.604,1.522,1.522
20261004-163454,448.257,81326,513,8,1,Resolution,1,1,7.514,7.514,7.514
20261004-163454,448.257,81326,434,8,1,Swiftness,1,1,8.954,8.954,8.954
20261004-163454,448.257,81326,488,8,1,Might,1,1,7.514,8.954,8.954
20261004-163454,448.773,81326,1161,6,1,Resolution,1,1,8.948,9.470,9.470
20261004-163454,448.773,81326,513,7,0,,0,1,0.516,0.516,0.516
20261004-163454,449.815,81326,625,8,1,Regeneration,1,1,9.072,9.990,9.990
20261004-163454,449.815,81326,571,5,1,Swiftness,1,1,8.468,9.990,9.990
20261004-163454,449.817,81326,543,8,1,Resolution,1,1,1.560,1.560,1.560
20261004-163454,475.695,81053,3191,3,1,Resolution,1,1,34.952,36.392,36.392
20261004-163454,475.695,81053,3915,7,1,Resolution,1,1,26.922,26.922,26.922
20261004-163454,476.215,81053,3191,3,2,Resolution+Might,1,1,54.992,57.994,57.994
20261004-163454,476.215,81053,3622,2,1,Resolution,1,1,27.958,27.958,27.958
20261004-163454,476.215,81053,4524,6,0,,0,1,0.520,0.520,0.520
20261004-163454,477.143,81053,3497,5,1,Protection,1,1,27.328,27.328,27.328
20261004-163454,477.777,81053,3369,2,1,Regeneration,1,1,1.562,1.562,1.562
20261004-163454,478.253,81053,5049,4,2,Might+Fury,1,1,2.038,2.038,2.038
20261004-163454,478.253,81053,3191,3,1,Resolution,1,1,2.558,2.558,2.558
20261004-163454,478.697,81053,5220,3,1,Might,1,1,1.554,1.554,1.554
20261004-163454,478.773,81053,3191,3,0,,0,1,0.520,0.520,0.520
20261004-163454,478.773,81053,3035,5,1,Resolution,1,1,28.956,28.956,28.956
20261004-163454,478.773,81053,5049,4,0,,0,1,0.520,0.520,0.520
20261004-163454,478.775,81053,4350,4,1,Resolution,1,1,2.560,3.080,3.080
20261004-163454,478.775,81053,4763,2,2,Resolution+Might,1,1,28.960,28.960,28.960
20261004-163454,480.023,81326,655,1,1,Protection,1,1,31.250,31.766,31.766
20261004-163454,480.023,81326,911,0,1,Fury,1,1,1.326,1.326,1.326
20261004-163454,528.299,80901,7763,9,2,Protection+Resistance,1,1,49.526,50.046,50.046
20261004-163454,528.299,80901,5650,10,1,Might,1,1,49.526,50.046,50.046
20261004-163454,542.779,80901,9423,8,1,Swiftness,1,1,121.556,123.116,123.116
20261004-163454,542.779,80901,8550,7,1,Swiftness,1,1,65.002,65.002,65.002
20261004-163454,542.779,80901,10119,8,2,Swiftness+Regeneration,1,1,64.004,64.004,64.004
20261004-163454,542.779,80901,6746,6,1,Might,1,1,14.480,14.480,14.480
20261004-163454,542.779,80901,7392,8,1,Swiftness,1,1,62.756,62.756,62.756
20261004-163454,542.779,80901,6746,8,2,Swiftness+Regeneration,1,1,14.480,14.480,14.480
20261004-163454,542.779,80901,6746,5,1,Quickness,1,1,62.756,62.756,62.756
20261004-163454,542.779,80901,3141,5,1,Might,1,1,102.036,103.476,103.476
20261004-163454,542.779,80901,3208,5,1,Might,1,1,64.006,64.006,64.006
20261004-163454,543.297,80901,8901,7,0,,0,1,0.518,0.518,0.518
20261004-163454,543.299,80901,10533,3,0,,0,1,0.520,0.520,0.520
20261004-163454,543.299,80901,9810,8,0,,0,1,0.520,0.520,0.520
20261004-163454,543.299,80901,3270,3,0,,0,1,0.520,0.520,0.520
20261004-163454,543.299,80901,7022,6,0,,0,1,0.520,0.520,0.520
20261004-163454,543.809,80901,10533,2,0,,0,1,0.510,1.030,1.030
20261004-163454,551.735,81326,568,6,1,Resolution,1,1,7.926,8.956,8.956
20261004-163454,551.735,81326,668,2,2,Protection+Resistance,1,1,8.956,8.956,8.956
20261004-163454,552.255,81326,568,6,1,Resolution,0,1,0.520,0.520,0.520
20261004-163454,552.255,81326,998,0,2,Alacrity+Fury,0,1,0.520,0.520,0.520
20261004-163454,558.303,80901,4630,11,1,Alacrity,1,1,15.524,15.524,15.524
20261004-163454,558.303,80901,4732,8,1,Alacrity,1,1,15.524,15.524,15.524
20261004-163454,573.305,80901,11843,8,1,Protection,1,1,15.002,15.002,15.002
20261004-163454,573.305,80901,14128,7,2,Protection+Might,1,1,30.006,30.526,30.526
20261004-163454,573.305,80901,10147,10,1,Protection,1,1,30.008,30.526,30.526
20261004-163454,573.305,80901,10808,6,1,Protection,1,1,15.002,15.002,15.002
20261004-163454,573.305,80901,8972,7,1,Might,1,1,30.006,30.526,30.526
20261004-163454,573.305,80901,11820,9,1,Resolution,1,1,94.530,94.530,94.530
20261004-163454,573.305,80901,4037,7,1,Protection,1,1,30.006,30.526,30.526
20261004-163454,573.823,80901,6076,10,0,,0,1,0.518,0.518,0.518
20261004-163454,573.823,80901,4751,9,0,,0,1,0.518,0.518,0.518
20261004-163454,573.823,80901,4486,7,0,,0,1,0.518,0.518,0.518
20261004-163454,573.823,80901,4037,9,0,,0,1,0.518,0.518,0.518
20261004-163454,573.823,80901,4123,9,1,Resolution,1,1,31.044,31.044,31.044
20261004-163454,573.823,80901,6472,8,0,,0,1,0.518,0.518,0.518
20261004-163454,573.823,80901,7614,7,0,,0,1,0.518,0.518,0.518
20261004-163454,587.777,80901,14826,6,2,Might+Stability,1,1,13.954,14.472,14.472
20261004-163454,587.777,80901,13803,10,1,Might,1,1,13.954,14.472,14.472
20261004-163454,587.777,80901,9884,6,1,Might,1,1,13.954,14.472,14.472
20261004-163454,587.777,80901,13803,5,1,Might,1,1,13.954,14.472,14.472
20261004-163454,587.777,80901,20684,8,1,Might,1,1,13.954,13.954,13.954
20261004-163454,587.777,80901,20205,7,1,Resolution,1,1,14.472,14.472,14.472
20261004-165754,287.193,81326,583,9,1,Stability,1,1,,,
20261004-165754,287.193,81326,458,7,1,Stability,1,1,,,
20261004-165754,287.193,81326,554,6,1,Fury,1,1,,,
20261004-165754,287.193,81326,583,7,1,Stability,1,1,,,
20261004-165754,287.193,81326,583,6,1,Fury,1,1,,,
20261004-165754,287.193,81326,794,5,1,Fury,1,1,,,
20261004-165754,287.707,81326,458,8,0,,0,1,0.514,0.514,0.514
20261004-165754,288.749,81326,583,7,1,Alacrity,1,1,1.556,1.556,1.556
20261004-165754,288.749,81326,715,6,1,Fury,1,1,1.556,1.556,1.556
20261004-165754,288.749,81326,583,7,1,Alacrity,1,1,1.556,1.556,1.556
20261004-165754,319.743,81326,824,6,1,Quickness,1,1,30.994,30.994,30.994
20261004-165754,319.743,81326,621,4,1,Quickness,1,1,,,
20261004-165754,319.743,81326,570,7,0,,0,1,32.550,32.550,32.550
20261004-165754,319.743,81326,654,5,0,,0,1,,,
20261004-165754,319.743,81326,593,4,1,Quickness,1,1,30.994,30.994,30.994
20261004-165754,319.743,81326,433,5,1,Might,1,1,32.036,32.550,32.550
20261004-165754,319.743,81326,533,9,1,Protection,1,1,32.550,32.550,32.550
20261004-165754,320.263,81326,570,6,0,,0,1,31.514,31.514,31.514
20261004-165754,320.263,81326,533,10,0,,0,1,0.520,0.520,0.520
20261004-165754,320.263,81326,403,4,0,,0,1,0.520,0.520,0.520
20261004-165754,320.263,81326,570,7,0,,0,1,0.520,33.070,33.070
20261004-165754,320.779,81326,570,6,0,,0,1,0.516,32.030,32.030
20261004-165754,320.779,81326,533,10,0,,0,1,0.516,1.036,1.036
20261004-165754,320.779,81326,403,4,1,Might,0,1,0.516,1.036,1.036
20261004-165754,321.309,81326,700,5,0,,0,1,1.566,,
20261004-165754,321.309,81326,885,2,0,,0,1,1.566,1.566,1.566
20261004-165754,321.309,81326,777,4,0,,0,1,1.566,1.566,1.566
20261004-165754,321.309,81326,851,2,0,,0,1,1.566,1.566,1.566
20261004-165754,321.309,81326,668,3,1,Resistance,0,1,0.530,0.530,1.566
20261004-165754,321.309,81326,795,8,1,Regeneration,0,1,0.530,1.566,1.566
20261004-165754,321.309,81326,851,4,1,Alacrity,0,1,0.530,32.560,32.560
20261004-165754,331.583,81053,2070,10,1,Protection,1,1,10.274,11.840,11.840
20261004-165754,331.583,81053,2300,10,1,Protection,1,1,10.274,10.274,42.834
20261004-165754,331.583,81053,2138,10,1,Protection,1,1,10.274,,
20261004-165754,331.583,81053,2520,8,1,Protection,1,1,,,
20261004-165754,332.111,81053,6178,8,0,,0,1,0.528,0.528,0.528
20261004-165754,332.111,81053,1626,9,1,Protection,1,1,10.802,10.802,12.368
20261004-165754,332.111,81053,1817,9,1,Resolution,1,1,10.802,10.802,12.368
20261004-165754,332.111,81053,3433,9,0,,0,1,0.528,0.528,0.528
20261004-165754,332.623,81053,3191,9,1,Resolution,1,1,1.040,1.040,1.040
20261004-165754,333.024,81053,1817,10,0,,0,1,0.913,0.913,0.913
20261004-165754,333.024,81053,3191,9,0,,0,1,0.401,0.401,0.401
20261004-165754,333.151,81053,3191,9,0,,0,1,0.127,0.528,0.528
20261004-165754,333.547,81053,7092,9,0,,0,1,0.396,0.924,0.924
20261004-165754,333.623,81053,3762,7,1,Might,1,1,2.040,2.040,2.040
20261004-165754,333.623,81053,7270,8,1,Resistance,1,1,1.512,2.040,2.040
20261004-165754,333.623,81053,1817,11,0,,0,1,0.599,1.512,1.512
20261004-165754,334.139,81053,2769,11,1,Fury,1,1,12.830,14.396,14.396
20261004-165754,334.587,81053,3135,10,0,,0,1,0.448,0.448,0.448
20261004-165754,335.183,81053,2300,7,1,Might,1,1,13.874,15.440,15.440
20261004-165754,352.505,81053,2215,8,1,Quickness,1,1,32.242,65.312,65.312
20261004-165754,352.505,81053,3306,8,1,Might,1,1,20.394,20.922,20.922
20261004-165754,352.505,81053,2215,9,1,Quickness,1,1,17.322,17.322,17.322
20261004-165754,352.505,81053,3019,9,1,Quickness,1,1,17.918,18.366,18.366
20261004-165754,352.505,81053,2542,8,1,Might,1,1,18.958,19.882,19.882
20261004-165754,352.505,81053,1566,9,1,Might,1,1,20.394,20.394,20.394
20261004-165754,352.507,81053,2107,8,1,Quickness,1,1,18.884,20.396,20.396
20261004-165754,353.026,81053,4430,8,0,,0,1,0.521,0.521,0.521
20261004-165754,353.026,81053,6612,7,0,,0,1,0.521,0.521,0.521
20261004-165754,353.026,81053,3686,8,0,,0,1,0.521,0.521,0.521
20261004-165754,353.026,81053,2107,7,0,,0,1,0.519,0.519,0.519
20261004-165754,353.026,81053,6038,8,0,,0,1,0.521,0.521,0.521
20261004-165754,353.026,81053,4126,8,1,Might,1,1,,,
20261004-165754,353.027,81053,2542,8,0,,0,1,0.522,0.522,0.522
20261004-165754,353.027,81053,4430,8,1,Might,1,1,19.404,19.404,19.404
20261004-165754,353.027,81053,4854,8,1,Might,1,1,19.404,19.404,19.404
20261004-165754,353.541,81053,4376,7,0,,0,1,0.514,0.514,0.514
20261004-165754,353.541,81053,3994,7,0,,0,1,0.514,0.514,0.514
20261004-165754,353.541,81053,3348,10,0,,0,1,0.515,0.515,0.515
20261004-165754,353.541,81053,3324,8,0,,0,1,0.515,1.036,1.036
20261004-165754,353.541,81053,4900,9,0,,0,1,0.515,1.036,1.036
20261004-165754,353.541,81053,5366,7,0,,0,1,0.515,1.036,1.036
20261004-165754,353.541,81053,3418,9,0,,0,1,0.515,1.034,1.034
20261004-165754,353.943,81053,3035,7,0,,0,1,0.402,1.438,1.438
20261004-165754,353.943,81053,2717,9,0,,0,1,0.402,1.438,1.438
20261004-165754,353.943,81053,1880,8,0,,0,1,0.402,1.438,1.438
20261004-165754,353.943,81053,1856,10,0,,0,1,0.402,0.917,0.917
20261004-165754,353.943,81053,2215,7,0,,0,1,0.402,0.916,0.916
20261004-165754,353.943,81053,2427,7,0,,0,1,0.402,0.916,0.916
20261004-165754,354.061,81053,3712,10,0,,0,1,0.118,1.035,1.035
20261004-165754,354.061,81053,5434,9,0,,0,1,0.118,1.556,1.556
20261004-165754,354.061,81053,3834,7,0,,0,1,0.118,1.556,1.556
20261004-165754,354.061,81053,6190,6,0,,0,1,0.118,1.556,1.556
20261004-165754,354.061,81053,2215,6,0,,0,1,0.118,1.034,1.034
20261004-165754,354.465,81053,4584,8,1,Resistance,1,1,1.438,1.960,1.960
20261004-165754,354.465,81053,4376,8,0,,0,1,0.522,1.438,1.438
20261004-165754,354.465,81053,3994,7,0,,0,1,0.404,1.438,1.438
20261004-165754,354.465,81053,3324,9,0,,0,1,0.404,1.960,1.960
20261004-165754,354.465,81053,3348,10,0,,0,1,0.404,1.439,1.439
20261004-165754,354.465,81053,3594,9,0,,0,1,0.404,1.960,1.960
20261004-165754,354.541,81053,1997,10,1,Quickness,1,1,1.515,2.036,2.036
20261004-165754,354.577,81053,1797,9,0,,0,0,0.112,2.072,2.072
20261004-165754,354.977,81053,3594,9,0,,0,1,0.512,1.950,1.950
20261004-165754,354.977,81053,3348,10,0,,0,1,0.512,1.951,1.951
20261004-165754,354.977,81053,3418,9,1,Resolution,1,1,1.436,2.470,2.470
20261004-165754,354.977,81053,2734,10,0,,0,1,0.512,2.472,2.472
20261004-165754,354.977,81053,4722,8,0,,0,1,0.512,0.512,0.512
20261004-165754,354.977,81053,4376,9,0,,0,1,0.512,1.950,1.950
20261004-165754,355.061,81053,1997,8,0,,0,1,0.520,0.520,0.520
20261004-165754,355.501,81053,4410,8,1,Might,1,1,1.440,2.996,2.996
20261004-165754,355.501,81053,2460,10,0,,0,1,0.524,2.996,2.996
20261004-165754,355.501,81053,3418,9,0,,0,1,0.524,0.524,0.524
20261004-165754,355.577,81053,1797,10,0,,0,1,0.600,2.550,2.550
20261004-165754,355.577,81053,2188,9,0,,0,1,0.600,2.550,2.550
20261004-165754,355.577,81053,2384,8,0,,0,1,0.600,1.112,1.112
20261004-165754,355.579,81053,1506,10,0,,0,1,0.602,2.553,2.553
20261004-165754,356.103,81053,2205,8,0,,0,1,0.602,0.602,0.602
20261004-165754,356.103,81053,1709,10,0,,0,1,0.602,1.126,1.126
20261004-165754,356.103,81053,2350,8,1,Resolution,1,1,1.526,3.598,3.598
20261004-165754,356.103,81053,1230,10,0,,0,1,0.602,3.598,3.598
20261004-165754,356.103,81053,1797,10,0,,0,1,0.526,3.076,3.076
20261004-165754,356.103,81053,1797,8,1,Resolution,1,1,1.042,1.562,1.562
20261004-165754,356.103,81053,2188,9,0,,0,1,0.526,3.076,3.076
20261004-165754,356.103,81053,2384,8,0,,0,1,0.526,1.638,1.638
20261004-165754,369.303,81053,1999,3,1,Might,1,1,13.724,16.277,16.277
20261004-165754,369.303,81053,2926,3,1,Might,1,1,13.200,13.802,13.802
20261004-165754,369.303,81053,2147,3,1,Might,1,1,13.200,16.276,16.276
20261004-165754,369.825,81053,1999,3,0,,0,1,0.522,0.522,0.522
20261004-165754,369.825,81053,2926,3,0,,0,1,0.522,0.522,0.522
20261004-165754,370.737,81053,1915,3,0,,0,1,0.912,1.434,1.434
20261004-165754,370.737,81053,2804,2,0,,0,1,0.912,1.434,1.434
20261004-165754,370.737,81053,2057,2,1,Might,1,1,1.434,1.434,1.434
20261004-165754,370.861,81053,1851,7,1,Swiftness,1,1,14.758,14.758,14.758
20261004-165754,370.861,81053,2057,10,1,Swiftness,1,1,18.356,18.356,18.356
20261004-165754,370.861,81053,1140,9,1,Resolution,1,1,14.758,18.356,18.356
20261004-165754,371.263,81053,1760,9,1,Protection,1,1,15.160,16.286,16.286
20261004-165754,371.263,81053,1851,7,0,,0,1,0.402,0.402,0.402
20261004-165754,371.263,81053,2254,9,1,Regeneration,1,1,15.160,18.236,18.236
20261004-165754,371.341,81053,1915,3,0,,0,1,0.604,2.038,2.038
20261004-165754,371.341,81053,2057,10,0,,0,1,0.480,0.480,0.480
20261004-165754,371.341,81053,2804,1,0,,0,1,0.604,2.038,2.038
20261004-165754,371.341,81053,2057,2,0,,0,1,0.604,0.604,0.604
20261004-165754,371.861,81053,2335,2,0,,0,1,0.520,1.124,1.124
20261004-165754,372.901,81053,1999,4,1,Regeneration,1,1,1.560,3.598,3.598
20261004-165754,387.941,81053,2945,5,1,Resolution,1,1,15.040,15.040,15.040
20261004-165754,389.385,81053,2875,4,1,Resolution,1,1,1.444,1.444,1.444
20261004-165754,404.305,81326,563,6,0,,0,1,33.042,33.042,33.042
20261004-165754,404.305,81326,679,8,1,Protection,1,1,48.202,49.840,49.840
20261004-165754,404.821,81326,592,7,0,,0,1,32.960,34.084,34.084
20261004-165754,404.821,81326,592,6,0,,0,1,48.718,48.718,48.718
20261004-165754,404.821,81326,649,7,0,,0,1,33.558,33.558,33.558
20261004-165754,404.821,81326,563,6,0,,0,1,0.516,33.558,33.558
20261004-165754,404.821,81326,465,7,0,,0,1,33.960,33.960,33.960
20261004-165754,405.337,81326,592,4,0,,0,1,34.074,34.476,34.476
20261004-165754,405.337,81326,592,7,0,,0,1,0.516,49.234,49.234
20261004-165754,405.337,81326,807,6,1,Resolution,1,1,33.996,36.034,36.034
20261004-165754,405.337,81326,563,5,0,,0,1,0.516,34.074,34.074
20261004-165754,405.337,81326,592,6,0,,0,1,0.516,34.600,34.600
20261004-165754,405.857,81326,500,7,1,Might,1,1,1.036,34.996,34.996
20261004-165754,405.857,81326,563,7,0,,0,1,0.520,34.594,34.594
20261004-165754,416.261,81053,1309,6,1,Protection,1,1,10.404,10.404,10.404
20261004-165754,416.261,81053,1851,7,1,Protection,1,1,10.924,45.400,45.400
20261004-165754,416.777,81053,3908,6,0,,0,1,0.516,0.516,0.516
20261004-165754,416.777,81053,6140,8,0,,0,1,0.516,0.516,0.516
20261004-165754,416.777,81053,1760,9,1,Alacrity,1,1,10.920,45.514,45.514
20261004-165754,416.777,81053,2523,8,1,Fury,1,1,11.440,11.440,11.440
20261004-165754,416.777,81053,1851,8,1,Fury,1,1,11.440,60.674,60.674
20261004-165754,416.777,81053,1915,7,1,Fury,1,1,27.392,27.392,27.392
20261004-165754,416.777,81053,2057,7,1,Fury,1,1,11.440,46.040,46.040
20261004-165754,417.299,81053,3070,8,0,,0,1,0.522,1.038,1.038
20261004-165754,417.299,81053,1954,6,0,,0,1,0.522,1.038,1.038
20261004-165754,417.299,81053,2057,8,0,,0,1,0.522,0.522,0.522
20261004-165754,417.701,81053,1625,9,0,,0,1,0.924,0.924,0.924
20261004-165754,417.701,81053,1679,9,0,,0,1,0.924,0.924,0.924
20261004-165754,417.701,81053,2171,6,0,,0,1,0.402,1.440,1.440
20261004-165754,417.701,81053,2229,9,0,,0,1,0.924,0.924,0.924
20261004-165754,417.701,81053,3070,8,0,,0,1,0.402,1.440,1.440
20261004-165754,417.701,81053,1573,8,0,,0,1,0.924,0.924,0.924
20261004-165754,417.701,81053,2057,7,0,,0,1,0.402,0.924,0.924
20261004-165754,417.823,81053,1573,8,0,,0,1,0.122,1.046,1.046
20261004-165754,417.823,81053,2229,9,0,,0,1,0.122,1.046,1.046
20261004-165754,417.823,81053,3070,8,0,,0,1,0.122,1.562,1.562
20261004-165754,417.823,81053,1625,9,0,,0,1,0.122,1.046,1.046
20261004-165754,417.823,81053,2171,6,0,,0,1,0.122,1.562,1.562
20261004-165754,417.823,81053,2254,8,1,Protection,1,1,13.002,46.560,46.560
20261004-165754,418.223,81053,1679,8,0,,0,1,0.522,1.446,1.446
20261004-165754,418.223,81053,3364,7,0,,0,1,0.400,0.400,0.400
20261004-165754,418.293,81053,2171,6,0,,0,1,0.470,2.032,2.032
20261004-165754,418.293,81053,3070,8,0,,0,1,0.470,2.032,2.032
20261004-165754,418.337,81053,2057,7,0,,0,1,0.636,1.560,1.560
20261004-165754,419.859,81053,1679,8,1,Resolution,1,1,48.518,48.998,48.998
20261004-165754,419.859,81053,2361,6,1,Might,1,1,15.554,15.554,15.554
20261004-165754,419.859,81053,1679,9,1,Might,1,1,1.636,3.082,3.082
20261004-165754,419.859,81053,1625,8,1,Resolution,1,1,2.036,3.082,3.082
20261004-165754,419.859,81053,3070,7,1,Might,1,1,1.566,3.598,3.598
20261004-165754,419.859,81053,2335,6,1,Vigor,1,1,1.566,3.598,3.598
20261004-165754,433.579,81326,562,5,1,Fury,1,1,13.720,13.720,13.720
20261004-165754,433.579,81326,562,5,1,Fury,1,1,13.720,13.720,13.720
20261004-165754,433.579,81326,1143,7,0,,0,1,15.756,16.802,16.802
20261004-165754,433.579,81326,562,9,1,Protection,1,1,15.242,16.802,16.802
20261004-165754,434.093,81326,839,8,0,,0,1,0.514,0.514,0.514
20261004-165754,434.093,81326,562,5,0,,0,1,0.514,0.514,0.514
20261004-165754,434.093,81326,562,5,0,,0,1,0.514,0.514,0.514
20261004-165754,434.093,81326,562,10,0,,0,1,14.234,14.234,14.234
20261004-165754,434.621,81326,525,7,0,,0,1,14.762,14.762,14.762
20261004-165754,434.621,81326,427,9,0,,0,1,14.762,14.762,14.762
20261004-165754,434.621,81326,781,6,0,,0,1,16.798,17.844,17.844
20261004-165754,434.621,81326,562,10,0,,0,1,0.528,14.762,14.762
20261004-165754,434.621,81326,839,8,0,,0,1,0.528,1.042,1.042
20261004-165754,434.621,81326,562,5,0,,0,1,0.528,1.042,1.042
20261004-165754,434.623,81326,562,5,0,,0,1,0.530,1.044,1.044
20261004-165754,434.623,81326,1143,7,1,Might,1,1,1.044,17.846,17.846
20261004-165754,435.141,81326,616,10,1,Might,1,1,16.918,17.318,17.318
20261004-165754,435.141,81326,1143,7,0,,0,1,0.518,0.518,0.518
20261004-165754,435.141,81326,397,9,0,,0,1,0.520,15.282,15.282
20261004-165754,435.141,81326,781,6,0,,0,1,0.520,18.364,18.364
20261004-165754,435.141,81326,839,8,0,,0,1,0.520,1.562,1.562
20261004-165754,435.141,81326,562,5,0,,0,1,0.518,1.562,1.562
20261004-165754,435.141,81326,525,7,0,,0,1,0.520,15.282,15.282
20261004-165754,435.141,81326,562,10,0,,0,1,0.520,15.282,15.282
20261004-165754,435.141,81326,562,5,0,,0,1,0.520,1.562,1.562
20261004-165754,437.861,81053,2471,9,2,Protection+Might,1,1,2.720,2.720,2.720
20261004-165754,437.861,81053,2588,8,2,Swiftness+Fury,1,1,18.002,18.002,18.002
20261004-165754,438.379,81053,2588,6,0,,0,1,0.518,0.518,0.518
20261004-165754,438.379,81053,3688,7,0,,0,1,0.518,0.518,0.518
20261004-165754,439.297,81053,2871,6,0,,0,1,0.918,1.436,1.436
20261004-165754,439.297,81053,2741,7,0,,0,1,0.918,1.436,1.436
20261004-165754,439.895,81053,2814,5,0,,0,1,0.598,2.034,2.034
20261004-165754,439.895,81053,2687,7,0,,0,1,0.598,2.034,2.034
20261004-165754,495.893,81326,651,11,1,Protection,1,1,55.998,58.032,58.032
20261004-165754,495.893,81326,785,9,1,Protection,1,1,60.752,61.270,61.270
20261004-165754,495.893,81326,547,6,1,Might,1,1,60.752,76.034,76.034
20261004-165754,495.893,81326,576,7,1,Quickness,1,1,60.752,62.314,62.314
20261004-165754,513.057,80901,2906,5,1,Resistance,1,1,17.164,17.164,17.164
20261004-165754,513.057,80901,7956,4,1,Resistance,1,1,77.916,93.198,93.198
20261004-165754,513.057,80901,4360,9,1,Resistance,1,1,17.164,17.164,17.164
20261004-165754,525.941,81326,506,9,1,Fury,1,1,90.800,106.082,106.082
20261004-165754,525.941,81326,808,10,1,Fury,1,1,86.046,88.080,88.080
20261004-165754,525.941,81326,599,10,1,Might,1,1,12.884,12.884,12.884
20261004-165754,528.579,80901,5484,6,1,Fury,1,1,93.438,111.802,111.802
20261004-165754,528.579,80901,2423,8,2,Protection+Resistance,1,1,2.638,2.638,2.638
20261004-165754,528.579,80901,1963,8,2,Might+Swiftness,1,1,15.522,15.522,15.522
20261004-165754,528.579,80901,7106,10,2,Protection+Resistance,1,1,93.438,95.000,95.000
20261004-165754,528.579,80901,4276,8,4,Resistance+Stability+Resolution+Swiftness,1,1,2.638,2.638,2.638
20261004-165754,528.579,80901,7926,8,2,Resistance+Stability,1,1,15.522,15.522,15.522
20261004-165754,528.579,80901,3926,6,4,Resolution+Swiftness+Fury+Quickness,1,1,93.438,95.000,95.000
20261004-165754,528.579,80901,5350,6,1,Fury,1,1,32.686,32.686,32.686
20261004-165754,529.093,80901,7708,4,0,,1,1,0.514,0.514,0.514
20261004-165754,529.093,80901,4344,6,1,Fury,1,1,33.200,33.200,33.200
20261004-165754,529.093,80901,4556,3,0,,1,0,0.514,0.514,0.514
20261004-165754,529.093,80901,4534,6,0,,0,1,0.514,0.514,0.514
20261004-165754,543.065,80901,3735,8,1,Alacrity,1,1,14.486,14.486,14.486
20261004-165754,543.065,80901,4010,5,4,Resistance+Protection+Might+Alacrity,1,1,14.486,14.486,14.486
20261004-165754,543.065,80901,5088,8,1,Alacrity,1,1,13.972,14.486,13.972
20261004-165754,543.583,80901,5088,7,1,Protection,0,1,0.518,0.518,0.518
20261004-165754,543.583,80901,3763,12,1,Resistance,1,1,15.004,15.004,15.004
20261004-165754,555.367,81326,711,8,1,Resolution,1,1,11.784,11.784,11.784
20261004-165754,558.573,80901,4432,6,1,Might,1,1,29.480,29.480,29.480
20261004-165754,558.573,80901,3662,10,1,Protection,1,1,32.632,32.632,32.632
20261004-165754,558.573,80901,5107,10,1,Protection,1,1,15.508,15.508,15.508
20261004-165754,559.089,80901,6263,8,0,,0,1,0.516,0.516,0.516
20261004-165754,559.089,80901,8123,8,0,,0,1,0.516,0.516,0.516
20261004-165754,559.089,80901,4966,8,1,Protection,1,1,30.510,30.510,30.510
20261004-165754,573.055,80901,14298,9,1,Might,1,1,13.966,14.482,14.482
20261004-165754,574.095,80901,6524,6,1,Might,1,1,15.006,15.006,15.006
20261004-165754,589.097,80901,6945,8,1,Might,1,1,60.004,60.518,60.004
20261004-165754,589.097,80901,18153,6,1,Might,1,1,15.002,15.002,15.002
20261004-165754,589.097,80901,19893,9,1,Fury,1,1,16.042,16.042,16.042
20261004-165754,589.607,80901,7230,7,0,,0,1,0.510,0.510,0.510
20261004-223752,261.943,81326,704,6,1,Might,1,1,,,
20261004-223752,262.469,81326,534,4,0,,0,1,,,
20261004-223752,290.907,81326,686,10,1,Fury,1,1,,,
20261004-223752,290.909,81326,667,11,1,Resolution,1,1,,,
20261004-223752,290.909,81326,577,9,1,Regeneration,1,1,,,
20261004-223752,290.909,81326,468,7,1,Protection,1,1,28.440,,
20261004-223752,290.909,81326,577,9,1,Regeneration,1,1,,,
20261004-223752,290.909,81326,421,9,1,Regeneration,1,1,,,
20261004-223752,290.909,81326,640,7,1,Might,1,1,,,
20261004-223752,291.425,81326,577,8,0,,0,1,0.516,0.516,0.516
20261004-223752,291.425,81326,699,6,0,,0,1,0.516,0.516,0.516
20261004-223752,291.425,81326,667,11,0,,0,1,0.516,0.516,0.516
20261004-223752,291.425,81326,686,10,1,Resolution,1,1,29.482,29.482,29.482
20261004-223752,291.425,81326,421,10,0,,0,1,0.516,0.516,0.516
20261004-223752,291.947,81326,640,7,1,Might,1,1,1.038,1.038,1.038
20261004-223752,292.467,81326,640,6,0,,0,1,0.520,0.520,0.520
20261004-223752,292.467,81326,577,7,1,Might,1,1,1.558,1.558,1.558
20261004-223752,292.467,81326,686,8,1,Resolution,1,1,1.042,1.042,1.042
20261004-223752,292.467,81326,667,8,1,Resolution,1,1,1.042,1.558,1.558
20261004-223752,292.467,81326,699,7,1,Resolution,1,1,1.042,1.558,1.558
20261004-223752,309.143,81053,5155,11,1,Protection,1,1,16.676,16.676,16.676
20261004-223752,309.143,81053,8385,9,1,Protection,1,1,16.676,16.676,16.676
20261004-223752,309.143,81053,3027,10,1,Fury,1,1,18.236,18.236,18.236
20261004-223752,309.143,81053,2937,11,0,,0,1,16.676,16.676,16.676
20261004-223752,309.143,81053,3026,11,1,Protection,1,1,,,
20261004-223752,309.143,81053,3140,7,0,,0,1,16.676,17.196,17.196
20261004-223752,309.145,81053,1861,10,1,Protection,1,1,17.720,18.236,18.236
20261004-223752,309.145,81053,2832,7,0,,0,1,17.720,18.236,18.236
20261004-223752,309.145,81053,2832,9,0,,0,1,16.678,16.678,16.678
20261004-223752,309.663,81053,6054,8,0,,0,1,0.520,0.520,0.520
20261004-223752,309.663,81053,6546,11,0,,0,1,0.520,17.196,17.196
20261004-223752,309.663,81053,3364,11,0,,0,1,0.520,0.520,0.520
20261004-223752,310.061,81053,3273,11,1,Resolution,0,1,0.398,17.594,17.594
20261004-223752,310.061,81053,3026,11,0,,0,1,0.918,0.918,0.918
20261004-223752,310.061,81053,2832,9,0,,0,1,0.916,17.594,17.594
20261004-223752,310.061,81053,1861,10,0,,0,1,0.916,0.916,0.916
20261004-223752,310.061,81053,3147,7,0,,0,1,0.916,19.152,19.152
20261004-223752,310.179,81053,3273,11,1,Resolution,0,1,0.118,0.118,17.712
20261004-223752,310.669,81053,7460,10,0,,0,1,0.608,1.526,1.526
20261004-223752,310.669,81053,6268,6,1,Resistance,1,1,1.526,18.722,18.722
20261004-223752,310.701,81053,3731,10,1,Might,1,1,1.038,1.558,1.558
20261004-223752,311.183,81053,3731,10,0,,0,1,0.482,0.482,0.482
20261004-223752,311.627,81053,6268,5,0,,0,1,0.958,0.958,0.958
20261004-223752,312.221,81053,3731,10,1,Alacrity,1,1,2.558,3.078,3.078
20261004-223752,312.221,81053,3142,8,1,Alacrity,1,1,2.160,21.312,21.312
20261004-223752,320.587,81326,605,4,1,Resolution,1,1,8.960,9.918,9.918
20261004-223752,320.587,81326,700,7,1,Swiftness,1,1,10.408,10.408,28.120
20261004-223752,320.587,81326,720,5,1,Might,1,1,8.366,8.366,8.366
20261004-223752,320.587,81326,606,5,1,Resolution,1,1,10.526,28.120,28.120
20261004-223752,321.107,81326,700,5,0,,0,1,0.520,0.520,0.520
20261004-223752,321.107,81326,720,6,0,,0,1,0.520,0.520,0.520
20261004-223752,321.107,81326,605,3,0,,0,1,0.520,0.520,0.520
20261004-223752,321.107,81326,546,6,1,Protection,1,1,11.964,11.964,11.964
20261004-223752,321.625,81326,816,5,0,,0,1,0.518,0.518,0.518
20261004-223752,321.625,81326,700,5,0,,0,1,0.518,1.038,1.038
20261004-223752,321.625,81326,442,7,1,Resolution,1,1,11.564,12.480,12.480
20261004-223752,322.141,81326,720,8,1,Might,1,1,11.472,12.998,12.998
20261004-223752,322.141,81326,720,7,1,Resolution,1,1,10.958,11.440,11.440
20261004-223752,322.141,81326,442,8,0,,0,1,0.516,0.516,0.516
20261004-223752,322.141,81326,700,8,0,,0,1,0.516,1.554,1.554
20261004-223752,329.029,81053,5825,6,1,Resolution,1,1,7.922,8.442,8.442
20261004-223752,329.029,81053,3417,8,1,Resolution,1,1,6.888,8.442,8.442
20261004-223752,329.543,81053,3511,10,1,Resolution,1,1,7.402,7.402,7.402
20261004-223752,330.467,81053,3446,8,1,Might,1,1,,,
20261004-223752,330.583,81053,3367,7,0,,0,1,0.116,0.116,0.116
20261004-223752,345.547,81053,3220,10,1,Might,1,1,14.964,15.080,15.080
20261004-223752,345.547,81053,2752,9,1,Might,1,1,24.440,24.960,24.960
20261004-223752,345.547,81053,3065,8,1,Might,1,1,33.326,33.326,33.326
20261004-223752,346.067,81053,4043,8,1,Swiftness,1,1,16.524,16.524,16.524
20261004-223752,346.067,81053,2898,7,0,,0,1,0.520,0.520,0.520
20261004-223752,346.067,81053,2477,8,0,,0,1,0.520,0.520,0.520
20261004-223752,346.589,81053,2759,8,1,Might,1,1,1.042,1.042,1.042
20261004-223752,346.589,81053,4954,8,0,,0,1,0.522,1.042,1.042
20261004-223752,346.589,81053,2763,10,1,Resolution,1,1,24.964,25.482,25.482
20261004-223752,346.985,81053,2477,8,0,,0,1,0.396,1.438,1.438
20261004-223752,346.987,81053,2759,7,0,,0,1,0.398,0.398,0.398
20261004-223752,347.099,81053,5518,7,0,,0,1,0.112,0.510,0.510
20261004-223752,347.099,81053,4954,8,0,,0,1,0.114,1.552,1.552
20261004-223752,347.101,81053,3542,9,1,Resolution,1,1,18.072,18.072,18.072
20261004-223752,347.101,81053,4043,9,1,Resolution,1,1,1.034,1.034,1.034
20261004-223752,347.583,81053,2898,7,1,Resolution,1,1,1.516,2.036,2.036
20261004-223752,347.583,81053,5518,7,0,,0,1,0.484,0.994,0.994
20261004-223752,347.619,81053,3542,8,0,,0,1,0.518,0.518,0.518
20261004-223752,347.619,81053,4043,7,0,,0,1,0.518,0.518,0.518
20261004-223752,348.099,81053,3012,6,1,Resolution,1,1,27.512,27.512,27.512
20261004-223752,348.099,81053,3481,9,0,,0,1,0.480,0.998,0.998
20261004-223752,348.099,81053,2434,9,0,,0,1,1.000,2.552,2.552
20261004-223752,365.101,81053,3498,10,1,Resolution,1,1,17.002,18.000,18.000
20261004-223752,365.101,81053,3027,7,1,Protection,1,1,17.518,18.512,18.512
20261004-223752,365.101,81053,3594,9,1,Protection,1,1,42.960,42.960,42.960
20261004-223752,365.101,81053,3594,8,1,Resolution,1,1,36.072,36.072,36.072
20261004-223752,365.101,81053,3593,11,1,Resolution,1,1,17.482,18.000,18.000
20261004-223752,365.617,81053,3256,9,1,Resolution,1,1,18.034,18.034,18.034
20261004-223752,366.025,81053,2936,8,0,,0,1,0.408,0.408,0.408
20261004-223752,366.025,81053,3153,10,0,,0,1,0.924,0.924,0.924
20261004-223752,366.025,81053,4073,7,0,,0,1,0.924,0.924,0.924
20261004-223752,366.137,81053,4073,7,0,,0,1,0.112,1.036,1.036
20261004-223752,366.139,81053,3153,10,0,,0,1,0.114,1.038,1.038
20261004-223752,366.623,81053,3256,8,0,,0,1,0.598,1.006,1.006
20261004-223752,367.661,81053,2214,8,1,Resolution,1,1,21.072,21.072,21.072
20261004-223752,367.661,81053,3153,6,1,Resolution,1,1,1.522,2.560,2.560
20261004-223752,367.663,81053,3240,6,1,Protection,1,1,2.562,2.562,2.562
20261004-223752,368.179,81053,2214,6,0,,0,1,0.518,0.518,0.518
20261004-223752,368.179,81053,1992,6,1,Swiftness,1,1,46.038,46.554,46.554
20261004-223752,384.463,81326,502,8,1,Protection,1,1,16.284,16.802,16.802
20261004-223752,384.463,81326,723,9,1,Regeneration,1,1,17.840,18.846,18.846
20261004-223752,384.979,81326,618,9,1,Might,1,1,36.880,39.432,39.432
20261004-223752,385.503,81326,1027,0,0,,1,1,19.366,20.402,20.402
20261004-223752,385.503,81326,688,2,1,Might,1,1,37.404,37.404,37.404
20261004-223752,386.015,81326,715,10,2,Fury+Resolution,1,1,18.354,18.354,18.354
20261004-223752,386.015,81326,452,9,2,Fury+Resolution,1,1,17.836,17.836,17.836
20261004-223752,386.015,81326,1027,0,0,,0,1,0.512,20.914,0.512
20261004-223752,386.015,81326,1098,8,2,Fury+Quickness,1,1,20.914,20.914,20.914
20261004-223752,392.897,81053,3101,10,1,Resolution,1,1,7.918,7.918,7.918
20261004-223752,392.899,81053,2270,10,1,Swiftness,1,1,6.884,6.884,6.884
20261004-223752,392.899,81053,3545,8,1,Regeneration,1,1,8.436,8.436,8.436
20261004-223752,392.899,81053,3109,5,1,Regeneration,1,1,7.396,7.396,7.396
20261004-223752,393.417,81053,9198,11,1,Protection,1,1,28.316,28.316,28.316
20261004-223752,393.417,81053,3592,8,1,Protection,1,1,7.402,7.402,7.402
20261004-223752,393.417,81053,3101,8,0,,0,1,0.520,0.520,0.520
20261004-223752,393.419,81053,2522,9,1,Protection,1,1,8.956,8.956,8.956
20261004-223752,393.419,81053,3545,6,0,,0,1,0.520,0.520,0.520
20261004-223752,393.419,81053,4540,8,0,,0,1,0.520,0.520,0.520
20261004-223752,393.429,81053,3109,5,2,Resolution+Might,1,1,7.414,28.328,7.926
20261004-223752,393.429,81053,3692,7,1,Resolution,1,1,25.766,25.766,25.766
20261004-223752,393.429,81053,3692,8,1,Resolution,1,1,7.414,7.414,7.414
20261004-223752,393.941,81053,3109,3,0,,0,1,0.512,0.512,0.512
20261004-223752,393.941,81053,3692,6,0,,0,1,0.512,0.512,0.512
20261004-223752,393.941,81053,5508,9,0,,0,1,0.524,0.524,0.524
20261004-223752,393.941,81053,2270,9,0,,0,1,0.522,1.042,1.042
20261004-223752,393.941,81053,3101,9,0,,0,1,0.524,1.044,1.044
20261004-223752,393.943,81053,3692,7,0,,0,1,0.514,0.514,0.514
20261004-223752,394.339,81053,5362,8,0,,0,1,0.922,0.922,0.922
20261004-223752,394.339,81053,4183,8,0,,0,1,0.920,0.920,0.920
20261004-223752,394.339,81053,3101,10,0,,0,1,0.398,1.442,1.442
20261004-223752,394.339,81053,2522,9,0,,0,1,0.398,1.440,1.440
20261004-223752,394.339,81053,3109,6,1,Regeneration,1,1,1.440,1.440,1.440
20261004-223752,394.463,81053,3101,10,0,,0,1,0.124,1.566,1.566
20261004-223752,394.465,81053,2522,9,0,,0,1,0.126,1.566,1.566
20261004-223752,394.465,81053,5361,8,0,,0,1,0.126,1.048,1.048
20261004-223752,394.937,81053,11916,9,0,,0,1,0.472,1.520,1.520
20261004-223752,394.937,81053,6892,11,0,,0,1,0.474,2.040,2.040
20261004-223752,394.937,81053,4183,9,0,,0,1,0.598,1.518,1.518
20261004-223752,394.937,81053,5044,9,0,,0,1,0.472,2.038,2.038
20261004-223752,394.937,81053,3454,5,0,,0,1,0.598,0.598,0.598
20261004-223752,395.463,81053,2674,5,2,Alacrity+Resolution,1,1,1.522,2.034,2.034
20261004-223752,395.463,81053,5371,9,0,,0,1,0.526,2.046,2.046
20261004-223752,396.503,81053,3992,10,1,Protection,1,1,1.040,3.086,3.086
20261004-223752,414.377,81326,708,9,1,Resolution,1,1,20.434,20.948,20.948
20261004-223752,414.377,81326,632,6,1,Resolution,1,1,19.440,20.038,20.038
20261004-223752,414.377,81326,596,6,2,Resolution+Alacrity,1,1,18.914,18.914,18.914
20261004-223752,414.897,81326,461,9,1,Resolution,1,1,19.960,21.998,21.998
20261004-223752,414.897,81326,536,5,0,,0,1,0.520,0.520,0.520
20261004-223752,414.897,81326,536,5,0,,0,1,0.520,0.520,0.520
20261004-223752,414.897,81326,620,8,1,Resolution,1,1,18.394,18.394,18.394
20261004-223752,414.897,81326,706,8,0,,0,1,0.520,0.520,0.520
20261004-223752,414.897,81326,435,9,1,Resolution,1,1,19.960,21.478,21.478
20261004-223752,415.419,81326,435,9,0,,0,1,0.522,0.522,0.522
20261004-223752,415.419,81326,536,6,0,,0,1,0.522,1.042,1.042
20261004-223752,415.419,81326,620,8,0,,0,1,0.522,0.522,0.522
20261004-223752,415.419,81326,461,10,0,,0,1,0.522,0.522,0.522
20261004-223752,415.661,81053,3497,8,1,Resolution,1,1,21.720,22.244,22.244
20261004-223752,415.661,81053,2645,6,1,Might,1,1,20.724,22.764,22.764
20261004-223752,415.785,81053,2530,10,0,,0,1,0.366,0.888,0.888
20261004-223752,415.785,81053,2945,6,0,,0,1,0.366,1.408,1.408
20261004-223752,415.785,81053,3498,9,1,Resolution,1,1,21.844,22.356,22.356
20261004-223752,415.785,81053,3404,7,0,,0,1,0.366,0.888,0.888
20261004-223752,415.785,81053,2945,6,0,,0,1,0.888,1.408,1.408
20261004-223752,416.261,81053,2645,7,0,,0,1,0.600,0.600,0.600
20261004-223752,416.261,81053,7750,9,1,Resolution,1,1,1.364,1.884,1.884
20261004-223752,416.261,81053,6996,9,0,,0,1,0.476,0.476,0.476
20261004-223752,416.261,81053,4302,10,0,,0,1,0.476,1.364,1.364
20261004-223752,416.305,81053,2390,9,0,,0,1,0.886,1.408,1.408
20261004-223752,416.305,81053,2945,6,0,,0,1,0.520,1.928,1.928
20261004-223752,416.305,81053,3404,7,0,,0,1,0.520,1.408,1.408
20261004-223752,416.305,81053,2945,5,0,,0,1,0.520,1.928,1.928
20261004-223752,416.305,81053,3497,8,0,,0,1,0.644,0.644,0.644
20261004-223752,417.223,81053,2655,10,1,Resolution,0,1,0.918,2.326,2.326
20261004-223752,417.223,81053,3273,7,2,Resolution+Alacrity,0,1,0.918,2.846,2.846
20261004-223752,444.019,81326,635,9,0,,0,1,50.600,51.120,51.120
20261004-223752,444.019,81326,603,8,1,Vigor,1,1,27.758,28.358,28.358
20261004-223752,444.019,81326,646,11,1,Alacrity,1,1,27.714,28.358,28.358
20261004-223752,444.019,81326,718,8,1,Protection,1,1,27.758,27.758,27.758
20261004-223752,478.067,80901,13290,6,1,Might,1,1,61.762,63.170,63.170
20261004-223752,478.067,80901,9294,8,1,Resolution,1,1,34.048,34.048,34.048
20261004-223752,478.067,80901,4085,9,1,Resolution,1,1,34.048,34.048,34.048
20261004-223752,478.067,80901,6220,8,1,Resolution,1,1,60.844,60.844,63.170
20261004-223752,478.581,80901,9315,6,1,Might,1,1,62.320,63.684,63.684
20261004-223752,478.581,80901,10308,7,0,,0,1,0.514,0.514,0.514
20261004-223752,478.581,80901,10350,5,0,,0,1,0.514,0.514,0.514
20261004-223752,479.101,80901,9772,9,2,Alacrity+Might,1,1,61.878,61.878,64.724
20261004-223752,479.101,80901,11042,4,1,Protection,1,1,1.034,1.034,1.034
20261004-223752,479.101,80901,3832,10,1,Alacrity,1,1,35.082,86.202,86.202
20261004-223752,479.101,80901,3211,4,0,,0,1,0.520,0.520,0.520
20261004-223752,493.063,80901,5074,9,1,Regeneration,1,1,14.996,14.996,14.996
20261004-223752,493.063,80901,3845,10,1,Regeneration,1,1,76.758,78.686,78.686
20261004-223752,493.063,80901,14053,6,1,Protection,1,1,76.802,77.278,77.278
20261004-223752,493.063,80901,5072,9,1,Protection,1,1,49.044,49.044,49.044
20261004-223752,493.581,80901,5248,7,4,Resolution+Regeneration+Alacrity+Fury,1,1,14.480,14.480,14.480
20261004-223752,493.581,80901,10179,9,1,Protection,1,1,14.480,14.480,14.480
20261004-223752,493.581,80901,7473,8,0,,0,1,0.518,0.518,0.518
20261004-223752,508.065,80901,14928,7,1,Fury,1,1,15.002,15.002,15.002
20261004-223752,508.577,80901,7446,6,1,Might,1,1,29.996,30.510,30.510
20261004-223752,509.099,80901,7446,4,0,,0,0,0.522,0.522,0.522
20261004-230214,259.629,81326,628,8,1,Might,1,1,,,
20261004-230214,259.629,81326,684,11,1,Swiftness,1,1,,,
20261004-230214,259.629,81326,666,9,1,Resistance,1,1,,,
20261004-230214,260.139,81326,534,7,0,,0,1,0.510,0.510,0.510
20261004-230214,261.179,81326,666,10,0,,0,1,1.550,1.550,1.550
20261004-230214,261.179,81326,576,10,2,Might+Fury,1,1,,,
20261004-230214,261.179,81326,620,8,1,Regeneration,1,1,,,
20261004-230214,261.179,81326,467,9,1,Swiftness,1,1,,,
20261004-230214,261.179,81326,517,7,1,Protection,1,1,,,
20261004-230214,288.903,81326,693,7,1,Resolution,1,1,27.724,29.274,29.274
20261004-230214,288.903,81326,713,6,1,Resolution,1,1,29.274,29.274,29.274
20261004-230214,288.903,81326,646,7,1,Regeneration,1,1,27.724,27.724,27.724
20261004-230214,288.903,81326,600,6,1,Resolution,1,1,27.724,27.724,27.724
20261004-230214,288.905,81326,713,9,1,Might,1,1,,,
20261004-230214,288.905,81326,894,5,1,Resolution,1,1,27.726,27.726,27.726
20261004-230927,296.144,81326,653,8,0,,0,1,,,
20261004-230927,296.144,81326,701,7,0,,0,1,,,
20261004-230927,296.144,81326,801,8,0,,0,1,,,
20261004-230927,296.146,81326,673,7,1,Might,1,1,,,
20261004-230927,296.146,81326,801,8,0,,0,1,,,
20261004-230927,296.146,81326,625,6,0,,0,1,,,
20261004-230927,296.666,81326,625,7,0,,0,1,0.520,,
20261004-230927,296.666,81326,673,8,0,,0,1,0.520,0.520,0.520
20261004-230927,296.666,81326,801,9,0,,0,1,0.522,,
20261004-230927,297.182,81326,625,6,0,,0,1,0.516,,
20261004-230927,297.182,81326,801,9,0,,0,1,0.516,,
20261004-230927,297.184,81326,801,9,1,Resolution,1,1,1.038,,
20261004-230927,297.184,81326,673,8,1,Might,0,1,0.518,1.038,1.038
20261004-230927,297.710,81326,817,7,2,Resolution+Might,1,1,,,
20261004-230927,297.710,81326,673,7,0,,0,1,0.526,0.526,1.564
20261004-230927,297.710,81326,801,8,0,,0,1,0.526,0.526,0.526
20261004-230927,297.710,81326,625,6,0,,0,1,0.528,,
20261004-230927,307.944,81053,2835,5,1,Protection,1,1,10.234,,
20261004-230927,308.464,81053,2234,11,1,Resolution,1,1,10.754,10.754,10.754
20261004-230927,309.466,81053,8464,3,1,Might,1,1,1.522,1.522,1.522
20261004-230927,309.984,81053,2225,11,1,Might,1,1,12.274,12.800,13.838
20261004-230927,309.984,81053,3183,8,1,Resolution,1,1,13.840,,
20261004-230927,309.984,81053,2754,10,1,Fury,1,1,,,
20261004-230927,309.984,81053,2234,8,1,Fury,1,1,1.520,1.520,1.520
20261004-230927,325.422,81326,662,7,1,Resolution,1,1,15.438,15.438,15.438
20261004-230927,325.422,81326,531,7,1,Resolution,1,1,15.956,15.956,15.956
20261004-230927,325.422,81326,607,7,1,Might,1,1,15.438,15.438,15.438
20261004-230927,325.422,81326,555,8,1,Swiftness,1,1,29.278,,
20261004-230927,325.422,81326,680,8,1,Resolution,1,1,28.240,,
20261004-230927,325.946,81326,680,7,0,,0,1,0.524,0.524,0.524
20261004-230927,326.466,81326,465,8,1,Fury,1,1,16.482,16.482,16.482
20261004-230927,326.984,81326,465,7,0,,0,1,0.518,0.518,0.518
20261004-230927,326.984,81326,607,8,1,Resolution,1,1,1.562,1.562,1.562
20261004-230927,326.984,81326,662,7,1,Protection,1,1,1.562,1.562,1.562
20261004-230927,326.984,81326,625,6,1,Protection,1,1,1.562,1.562,1.562
20261004-230927,326.986,81326,514,8,1,Resolution,1,1,17.002,17.002,17.002
20261004-230927,326.986,81326,376,9,1,Resolution,1,1,,,
20261004-230927,326.986,81326,680,7,1,Resolution,1,1,29.276,29.802,29.802
20261004-230927,326.986,81326,756,7,1,Regeneration,1,1,,,
20261004-230927,327.948,81053,2128,9,0,,0,1,0.962,0.962,0.962
20261004-230927,327.948,81053,3127,8,0,,0,1,0.962,0.962,0.962
20261004-230927,327.948,81053,3044,8,0,,0,1,0.964,0.964,0.964
20261004-230927,327.948,81053,2137,8,0,,0,1,0.964,1.482,1.482
20261004-230927,328.466,81053,2132,9,0,,0,1,0.518,1.480,1.480
20261004-230927,328.468,81053,1734,9,1,Resolution,1,1,1.482,1.482,1.482
20261004-230927,328.986,81053,2820,6,1,Resolution,1,1,2.000,2.000,2.000
20261004-230927,329.510,81053,2555,6,1,Swiftness,1,1,4.088,4.088,4.088
20261004-230927,329.510,81053,1734,8,1,Resolution,1,1,1.042,1.042,1.042
20261004-230927,329.510,81053,2820,7,0,,0,1,0.524,0.524,0.524
20261004-230927,329.988,81053,2132,10,1,Might,1,1,1.522,3.002,3.002
20261004-230927,329.990,81053,2794,9,1,Might,1,1,3.006,3.006,3.006
20261004-230927,329.990,81053,2494,9,0,,0,1,0.480,0.480,0.480
20261004-230927,329.990,81053,1734,9,0,,0,1,0.480,0.480,0.480
20261004-230927,330.506,81053,2538,9,1,Regeneration,1,1,4.560,5.084,5.084
20261004-230927,330.506,81053,1734,9,0,,0,1,0.516,0.996,0.996
20261004-230927,330.506,81053,2494,10,0,,0,1,0.516,0.996,0.996
20261004-230927,330.506,81053,1734,8,1,Regeneration,1,1,2.558,4.040,4.040
20261004-230927,331.022,81053,2555,10,0,,0,1,0.516,1.512,1.512
20261004-230927,331.542,81053,2896,10,0,,0,1,0.520,2.032,2.032
20261004-230927,331.542,81053,3110,9,1,Protection,1,1,3.594,4.558,4.558
20261004-230927,331.542,81053,2244,8,1,Protection,1,1,4.558,4.558,4.558
20261004-230927,331.542,81053,2691,6,1,Regeneration,1,1,1.552,1.552,1.552
20261004-230927,331.542,81053,3196,6,2,Resolution+Vigor,1,1,2.032,2.556,2.556
20261004-230927,344.344,81053,2333,6,1,Swiftness,1,1,14.356,14.356,14.356
20261004-230927,344.344,81053,3085,8,1,Resolution,1,1,12.802,12.802,12.802
20261004-230927,344.344,81053,2108,6,1,Might,1,1,13.838,13.838,13.838
20261004-230927,344.344,81053,1897,6,1,Might,1,1,13.838,14.834,14.834
20261004-230927,344.862,81053,2505,8,1,Swiftness,1,1,13.320,15.352,15.352
20261004-230927,344.862,81053,2897,9,1,Might,1,1,16.914,17.876,17.876
20261004-230927,344.862,81053,3960,5,0,,0,1,0.518,0.518,0.518
20261004-230927,344.862,81053,2200,7,0,,0,1,0.518,0.518,0.518
20261004-230927,345.386,81053,1980,4,0,,0,1,0.524,1.042,1.042
20261004-230927,345.386,81053,2200,8,0,,0,1,0.524,1.042,1.042
20261004-230927,345.788,81053,1980,5,0,,0,1,0.402,1.444,1.444
20261004-230927,345.788,81053,2200,8,0,,0,1,0.402,1.444,1.444
20261004-230927,345.908,81053,2200,8,0,,0,1,0.120,1.564,1.564
20261004-230927,345.908,81053,2898,7,1,Resolution,1,1,1.564,1.564,1.564
20261004-230927,345.908,81053,1980,5,0,,0,1,0.120,1.564,1.564
20261004-230927,345.908,81053,2035,11,1,Protection,1,1,14.366,14.366,14.366
20261004-230927,345.910,81053,2191,7,1,Alacrity,1,1,1.566,1.566,1.566
20261004-230927,346.300,81053,2191,6,0,,0,1,0.390,0.390,0.390
20261004-230927,346.302,81053,3037,10,0,,0,1,0.394,0.394,0.394
20261004-230927,346.302,81053,2898,7,0,,0,1,0.394,0.394,0.394
20261004-230927,346.384,81053,2200,8,0,,0,1,0.476,2.040,2.040
20261004-230927,346.384,81053,1980,5,0,,0,1,0.476,2.040,2.040
20261004-230927,346.420,81053,2607,10,1,Protection,1,1,1.558,1.558,1.558
20261004-230927,346.908,81053,2499,9,1,Resolution,1,1,16.402,16.402,16.402
20261004-230927,346.908,81053,2694,10,1,Alacrity,1,1,15.366,15.366,15.366
20261004-230927,346.908,81053,2777,6,0,,0,1,0.606,1.000,1.000
20261004-230927,346.908,81053,2104,9,1,Might,1,1,15.366,15.366,15.366
20261004-230927,346.908,81053,2099,6,0,,0,1,0.608,0.998,0.998
20261004-230927,346.910,81053,2910,8,0,,0,1,0.608,1.002,1.002
20261004-230927,363.826,81053,3358,9,1,Resolution,1,1,17.442,19.482,19.482
20261004-230927,363.826,81053,5464,8,1,Resolution,1,1,16.918,17.918,17.918
20261004-230927,363.826,81053,2731,7,1,Swiftness,1,1,17.406,17.406,17.406
20261004-230927,363.826,81053,5100,7,1,Resolution,1,1,16.918,17.916,17.916
20261004-230927,363.826,81053,3035,7,1,Protection,1,1,16.918,16.918,16.918
20261004-230927,363.826,81053,2658,7,1,Fury,1,1,16.918,16.918,16.918
20261004-230927,363.828,81053,1866,7,1,Protection,1,1,17.444,19.484,19.484
20261004-230927,364.348,81053,6523,8,1,Protection,1,1,17.438,18.440,18.440
20261004-230927,364.348,81053,2401,10,1,Resistance,1,1,17.440,17.440,17.440
20261004-230927,364.348,81053,2907,6,0,,0,1,0.520,0.520,0.520
20261004-230927,364.348,81053,2774,6,0,,0,1,0.522,0.522,0.522
20261004-230927,364.348,81053,2850,7,0,,0,1,0.522,0.522,0.522
20261004-230927,364.738,81053,2890,7,0,,0,1,0.390,0.912,0.912
20261004-230927,364.740,81053,2970,10,0,,0,1,0.914,0.914,0.914
20261004-230927,364.740,81053,3029,7,0,,0,1,0.392,0.912,0.912
20261004-230927,364.740,81053,1826,9,0,,0,1,0.914,0.914,0.914
20261004-230927,364.864,81053,5938,9,0,,0,1,0.516,1.038,1.038
20261004-230927,364.864,81053,2890,8,0,,0,1,0.126,1.038,1.038
20261004-230927,364.864,81053,3652,10,0,,0,1,0.124,1.038,1.038
20261004-230927,364.864,81053,2970,9,0,,0,1,0.124,1.038,1.038
20261004-230927,364.866,81053,5002,9,0,,0,1,0.518,0.518,0.518
20261004-230927,364.866,81053,3029,8,0,,0,1,0.126,1.038,1.038
20261004-230927,364.866,81053,4070,7,0,,0,1,0.518,0.518,0.518
20261004-230927,364.866,81053,4926,8,1,Resistance,1,1,1.040,1.040,1.040
20261004-230927,365.260,81053,3718,9,1,Might,1,1,1.434,1.434,1.434
20261004-230927,365.260,81053,2475,10,1,Swiftness,1,1,20.398,20.398,20.398
20261004-230927,365.260,81053,4531,7,0,,0,1,0.394,0.394,0.394
20261004-230927,365.260,81053,6190,8,0,,0,1,0.394,1.432,1.432
20261004-230927,365.260,81053,5464,9,0,,0,1,0.396,1.434,1.434
20261004-230927,365.260,81053,3358,10,0,,0,1,0.396,1.434,1.434
20261004-230927,365.260,81053,4600,9,0,,0,1,0.394,0.912,0.912
20261004-230927,365.260,81053,5908,8,0,,0,1,0.396,1.434,1.434
20261004-230927,365.260,81053,4159,7,0,,0,1,0.394,0.912,0.912
20261004-230927,365.262,81053,6068,9,0,,0,1,0.398,1.436,1.436
20261004-230927,365.384,81053,3034,9,0,,0,1,0.122,1.558,1.558
20261004-230927,365.384,81053,2954,8,0,,0,1,0.124,1.558,1.558
20261004-230927,365.786,81053,4613,6,0,,0,1,0.526,1.438,1.438
20261004-230927,365.788,81053,5102,9,0,,0,1,0.528,1.440,1.440
20261004-230927,365.788,81053,6730,9,0,,0,1,0.404,1.962,1.962
20261004-230927,365.788,81053,5490,9,0,,0,1,0.528,0.528,0.528
20261004-230927,365.788,81053,8392,6,0,,0,1,0.528,0.922,0.922
20261004-230927,365.788,81053,3726,10,0,,0,1,0.528,1.962,1.962
20261004-230927,365.788,81053,6552,7,0,,0,1,0.404,1.962,1.962
20261004-230927,365.788,81053,5733,7,0,,0,1,0.528,1.960,1.960
20261004-230927,365.788,81053,4124,9,0,,0,1,0.528,0.528,0.528
20261004-230927,365.788,81053,6060,9,0,,0,1,0.528,1.962,1.962
20261004-230927,366.384,81053,2368,6,0,,0,1,0.598,2.036,2.036
20261004-230927,366.384,81053,2475,8,0,,0,1,0.596,1.124,1.124
20261004-230927,366.384,81053,2065,8,0,,0,1,0.596,1.124,1.124
20261004-230927,366.384,81053,3035,5,0,,0,1,0.596,1.518,1.518
20261004-230927,366.384,81053,1679,9,0,,0,1,0.596,2.558,2.558
20261004-230927,366.384,81053,2954,7,0,,0,1,0.596,2.558,2.558
20261004-230927,366.384,81053,2074,7,0,,0,1,0.596,2.556,2.556
20261004-230927,366.384,81053,2732,8,0,,0,0,0.596,2.558,2.558
20261004-230927,366.908,81053,2368,4,0,,0,1,0.524,2.560,2.560
20261004-230927,366.908,81053,2074,6,0,,0,1,0.524,3.080,3.080
20261004-230927,366.908,81053,2475,7,0,,0,1,0.524,1.648,1.648
20261004-233405,288.354,81326,427,7,1,Resolution,1,1,,,
20261004-233405,288.354,81326,695,7,1,Fury,1,1,,,
20261004-233405,288.354,81326,773,10,1,Resolution,1,1,,,
20261004-233405,288.354,81326,772,9,1,Resolution,1,1,,,
20261004-233405,288.354,81326,528,9,1,Resolution,1,1,,,
20261004-233405,288.354,81326,567,8,1,Resolution,1,1,,,
20261004-233405,288.870,81326,651,10,1,Resolution,1,1,,,
20261004-233405,288.870,81326,773,10,0,,0,1,0.516,0.516,0.516
20261004-233405,288.870,81326,528,8,0,,0,1,0.516,0.516,0.516
20261004-233405,288.870,81326,773,7,0,,0,1,0.516,0.516,0.516
20261004-233405,289.384,81326,528,8,1,Resolution,0,1,0.514,1.030,1.030
20261004-233405,317.060,81326,697,9,1,Swiftness,1,1,28.706,28.706,28.706
20261004-233405,317.060,81326,697,8,1,Protection,1,1,28.190,28.706,28.706
20261004-233405,317.060,81326,697,9,1,Resolution,1,1,28.190,28.706,28.706
20261004-233405,317.062,81326,511,7,1,Protection,1,1,28.708,28.708,28.708
20261004-233405,317.586,81326,697,8,0,,0,1,0.526,0.526,0.526
20261004-233405,317.586,81326,587,9,1,Resolution,1,1,28.716,28.716,28.716
20261004-233405,317.586,81326,1040,8,0,,0,1,0.526,0.526,0.526
20261004-233405,317.586,81326,763,7,0,,0,1,0.524,0.524,0.524
20261004-233405,317.586,81326,697,10,0,,0,1,0.526,0.526,0.526
20261004-233405,318.108,81326,697,10,0,,0,1,0.522,1.048,1.048
20261004-233405,318.108,81326,587,9,0,,0,1,,,
20261004-233405,318.620,81326,428,8,1,Resolution,1,1,30.266,30.266,30.266
20261004-233405,318.622,81326,476,6,1,Resolution,1,1,29.238,29.238,30.268
20261004-233405,318.622,81326,511,7,1,Resolution,1,1,1.036,1.560,1.560
20261004-233405,318.622,81326,697,9,1,Resolution,1,1,1.036,1.562,1.562
20261004-233405,318.622,81326,587,9,1,Resolution,1,1,1.036,1.036,1.036
20261004-233405,318.622,81326,697,10,0,,0,1,0.514,1.562,1.562
20261004-233405,336.302,81053,3238,10,1,Resolution,1,1,18.716,19.242,19.242
20261004-233405,336.302,81053,3239,10,1,Resolution,1,1,17.680,19.242,19.242
20261004-233405,336.302,81053,2376,9,1,Resolution,1,1,17.680,17.680,17.680
20261004-233405,336.822,81053,3239,11,0,,0,1,0.520,0.520,0.520
20261004-233405,336.822,81053,3238,9,0,,0,1,0.520,0.520,0.520
20261004-233405,336.822,81053,2935,11,1,Regeneration,1,1,,,
20261004-233405,336.822,81053,2376,8,0,,0,1,0.520,0.520,0.520
20261004-233405,336.822,81053,2727,6,2,Protection+Alacrity,1,1,18.714,,
20261004-233405,337.342,81053,2509,7,1,Might,1,1,18.720,18.720,18.720
20261004-233405,337.749,81053,2253,10,1,Might,1,1,,,
20261004-233405,337.749,81053,3039,7,1,Might,1,1,19.127,19.127,19.127
20261004-233405,337.750,81053,3745,4,0,,0,1,0.928,0.928,0.928
20261004-233405,337.862,81053,3039,6,0,,0,1,0.113,0.113,0.113
20261004-233405,337.862,81053,2509,6,0,,0,1,0.520,0.520,0.520
20261004-233405,337.862,81053,2980,9,1,Resolution,1,1,1.040,1.560,1.560
20261004-233405,337.862,81053,3745,4,0,,0,1,0.112,1.040,1.040
20261004-233405,338.270,81053,4653,9,0,,0,1,0.521,0.521,0.521
20261004-233405,338.342,81053,4372,9,1,Regeneration,1,1,1.520,2.040,2.040
20261004-233405,338.342,81053,3745,4,0,,0,1,0.480,1.520,1.520
20261004-233405,338.384,81053,2253,9,0,,0,1,0.114,0.635,0.635
20261004-233405,338.862,81053,2400,8,0,,0,1,0.478,1.113,1.113
20261004-233405,338.862,81053,3597,8,0,,0,1,1.000,1.113,1.113
20261004-233405,338.862,81053,3991,4,0,,0,1,0.520,2.040,2.040
20261004-233405,339.300,81053,3376,7,0,,0,1,0.438,1.551,1.551
20261004-233405,339.300,81053,2253,8,0,,0,1,0.438,1.551,1.551
20261004-233405,339.300,81053,2429,6,0,,0,1,0.958,0.958,0.958
20261004-233405,339.382,81053,2788,5,1,Swiftness,1,1,1.520,2.040,2.040
20261004-233405,346.702,81326,636,7,1,Resolution,1,1,7.320,7.320,7.320
20261004-233405,346.702,81326,499,9,1,Resolution,1,1,7.402,8.360,8.360
20261004-233405,347.230,81326,465,8,1,Resolution,1,1,7.930,9.481,9.481
20261004-233405,347.230,81326,499,8,0,,0,1,0.528,0.528,0.528
20261004-233405,347.230,81326,749,7,0,,0,1,0.528,0.528,0.528
20261004-233405,347.230,81326,635,5,1,Protection,1,1,7.930,9.481,9.481
20261004-233405,347.740,81326,635,7,0,,0,1,0.510,0.510,0.510
20261004-233405,347.742,81326,756,8,1,Resolution,1,1,10.920,11.440,11.440
20261004-233405,347.742,81326,694,6,0,,0,1,0.512,0.512,0.512
20261004-233405,347.742,81326,749,9,0,,0,1,0.512,1.040,1.040
20261004-233405,347.742,81326,588,9,1,Vigor,1,1,10.920,10.920,10.920
20261004-233405,347.742,81326,499,9,0,,0,1,0.512,1.040,1.040
20261004-233405,347.742,81326,680,6,0,,0,1,29.120,29.120,29.120
20261004-233405,348.264,81326,680,7,0,,0,1,0.522,29.642,29.642
20261004-233405,348.264,81326,756,7,0,,0,1,0.522,0.522,0.522
20261004-233405,348.264,81326,587,8,0,,0,1,0.522,1.562,1.562
20261004-233405,348.264,81326,749,9,0,,0,1,0.522,1.562,1.562
20261004-233405,348.264,81326,465,7,0,,0,1,0.522,1.034,1.034
20261004-233405,348.264,81326,756,7,1,Resolution,1,1,10.402,10.402,10.402
20261004-233405,348.264,81326,635,7,0,,0,1,0.524,1.034,1.034
20261004-233405,348.264,81326,588,8,0,,0,1,0.522,0.522,0.522
20261004-233405,358.788,81053,6056,6,1,Might,1,1,40.168,40.168,40.168
20261004-233405,358.788,81053,3032,7,1,Fury,1,1,10.524,40.166,40.166
20261004-233405,358.788,81053,3031,10,1,Fury,1,1,10.524,11.046,11.046
20261004-233405,359.828,81053,3757,7,1,Might,1,1,11.564,12.086,12.086
20261004-233405,374.028,81053,4430,7,1,Resolution,1,1,15.240,15.240,15.240
20261004-233405,374.028,81053,8083,8,1,Protection,1,1,25.764,25.764,25.764
20261004-233405,374.028,81053,6250,5,1,Resolution,1,1,25.764,27.326,27.326
20261004-233405,374.030,81053,5460,6,2,Resolution+Quickness,1,1,35.168,37.208,37.208
20261004-233405,374.030,81053,2938,8,1,Resolution,1,1,14.202,14.202,14.202
20261004-233405,374.030,81053,3243,6,1,Resolution,1,1,15.242,15.242,15.242
20261004-233405,374.542,81053,4430,7,0,,0,1,0.514,0.514,0.514
20261004-233405,374.542,81053,9680,8,0,,0,1,0.514,0.514,0.514
20261004-233405,374.542,81053,6250,6,0,,0,1,0.514,0.514,0.514
20261004-233405,374.542,81053,5460,6,0,,0,1,0.512,0.512,0.512
20261004-233405,374.946,81053,4363,8,0,,0,1,0.404,0.918,0.918
20261004-233405,374.946,81053,1997,8,0,,0,1,0.404,0.918,0.918
20261004-233405,374.946,81053,2462,7,0,,0,1,0.404,0.916,0.916
20261004-233405,375.462,81053,5026,7,1,Stability,1,1,27.198,28.760,28.760
20261004-233405,375.462,81053,4680,6,1,Stability,1,1,27.198,28.232,28.232
20261004-233405,375.540,81053,3248,8,1,Resolution,1,1,1.510,1.510,1.510
20261004-233405,375.540,81053,2456,6,1,Resolution,1,1,27.276,28.310,28.310
20261004-233405,376.070,81053,3248,8,0,,0,1,0.530,0.530,0.530
20261004-233405,376.070,81053,2219,6,0,,0,1,0.608,0.608,0.608
20261004-233405,376.070,81053,4847,7,0,,0,1,17.282,17.282,17.282
20261004-233405,376.070,81053,2383,6,0,,0,1,0.608,0.608,0.608
20261004-233405,376.070,81053,2456,5,0,,0,1,0.530,0.530,0.530
20261004-233405,376.070,81053,2735,6,2,Resolution+Vigor,1,1,1.124,2.040,2.040
20261004-233405,376.070,81053,2735,6,0,,0,1,1.528,2.042,2.042
20261004-233405,376.070,81053,4848,5,1,Swiftness,1,1,1.124,2.042,2.042
20261004-233405,376.502,81053,1997,8,1,Resolution,1,1,1.556,2.474,2.474
20261004-233405,376.502,81053,2735,7,0,,0,1,0.432,2.474,2.474
20261004-233405,376.592,81053,4847,7,0,,0,1,0.522,17.804,17.804
20261004-233405,376.592,81053,2219,6,0,,0,1,0.522,1.130,1.130
20261004-233405,376.592,81053,2383,6,0,,0,1,0.522,1.130,1.130
20261004-233405,376.592,81053,2456,5,0,,0,1,0.522,1.052,1.052
20261004-233405,377.098,81053,2461,6,0,,0,1,0.506,1.636,1.636
20261004-233405,377.098,81053,3034,7,0,,0,1,0.596,3.070,3.070
20261004-233405,377.098,81053,5376,7,0,,0,1,0.506,18.310,18.310
20261004-233405,377.098,81053,2643,6,0,,0,1,0.506,1.636,1.636
20261004-233405,394.266,81053,5490,8,1,Fury,1,1,17.168,20.238,20.238
20261004-233405,394.266,81053,4454,4,1,Fury,1,1,17.168,18.804,18.804
20261004-233405,394.338,81053,4544,6,1,Fury,1,1,17.240,18.876,18.876
20261004-233405,394.338,81053,3608,8,1,Resolution,1,1,17.836,17.836,17.836
20261004-233405,394.338,81053,4940,9,2,Swiftness+Resolution,1,1,18.268,18.268,18.268
20261004-233405,394.338,81053,4436,9,1,Resolution,1,1,17.746,18.798,18.798
20261004-233405,394.338,81053,5868,6,1,Resolution,1,1,18.268,18.798,18.798
20261004-233405,394.338,81053,5868,8,1,Resolution,1,1,18.268,18.268,18.268
20261004-233405,394.390,81053,2004,3,0,,0,1,0.124,0.124,0.124
20261004-233405,394.390,81053,2470,7,0,,0,1,0.124,0.124,0.124
20261004-233405,394.390,81053,2933,8,1,Regeneration,1,1,17.292,35.602,35.602
20261004-233405,394.788,81053,5868,7,0,,0,1,0.450,0.450,0.450
20261004-233405,394.858,81053,2218,8,0,,0,1,0.520,0.520,0.520
20261004-233405,394.870,81053,2470,7,0,,0,1,0.532,0.532,0.532
20261004-233405,394.870,81053,1804,7,0,,0,1,0.532,0.532,0.532
20261004-233405,395.302,81053,5868,7,0,,0,1,0.514,0.964,0.964
20261004-233405,395.302,81053,3992,8,0,,0,1,0.444,0.964,0.964
20261004-233405,395.302,81053,2470,6,0,,0,1,0.432,0.964,0.964
20261004-233405,395.302,81053,1804,8,0,,0,1,0.432,0.964,0.964
20261004-233405,395.902,81053,2934,7,0,,0,1,0.600,1.564,1.564
20261004-233405,395.902,81053,1804,8,0,,0,1,0.600,1.564,1.564
20261004-233405,395.902,81053,2470,5,0,,0,1,0.600,1.564,1.564
20261004-233405,395.902,81053,2218,8,0,,0,1,0.600,1.564,1.564
20261004-233405,408.820,81326,947,10,0,,0,1,34.790,34.790,34.790
20261004-233405,408.820,81326,698,10,1,Resolution,1,1,14.482,14.482,14.482
20261004-233405,408.820,81326,590,10,0,,0,1,12.918,14.482,14.482
20261004-233405,408.820,81326,756,10,0,,0,1,12.918,14.482,14.482
20261004-233405,408.820,81326,507,10,1,Alacrity,1,1,14.430,14.554,14.554
20261004-233405,408.820,81326,462,9,0,,0,1,14.482,14.482,14.482
20261004-233405,408.820,81326,701,11,0,,0,1,12.918,14.482,14.482
20261004-233405,408.820,81326,530,11,1,Resolution,1,1,12.918,14.482,14.482
20261004-233405,409.346,81326,462,10,0,,0,1,0.526,15.008,15.008
20261004-233405,409.346,81326,756,10,0,,0,1,0.526,15.008,15.008
20261004-233405,409.346,81326,947,10,0,,0,1,0.526,35.316,35.316
20261004-233405,409.346,81326,701,11,0,,0,1,0.526,15.008,15.008
20261004-233405,409.346,81326,590,11,0,,0,1,0.526,15.008,15.008
20261004-233405,409.346,81326,630,9,0,,0,1,14.956,14.956,14.956
20261004-233405,409.868,81326,462,10,0,,0,1,0.522,15.530,15.530
20261004-233405,409.868,81326,698,11,1,Resolution,1,1,1.048,1.048,1.048
20261004-233405,409.868,81326,507,10,1,Resolution,1,1,1.048,1.048,1.048
20261004-233405,409.868,81326,701,11,0,,0,1,0.522,15.530,15.530
20261004-233405,409.868,81326,630,11,0,,0,1,0.522,15.478,15.478
20261004-233405,409.868,81326,947,10,0,,0,1,0.522,35.838,35.838
20261004-233405,409.868,81326,590,11,0,,0,1,0.522,15.530,15.530
20261004-233405,409.868,81326,756,10,0,,0,1,0.522,15.530,15.530
20261004-233405,410.378,81326,531,10,0,,0,1,15.988,16.112,16.112
20261004-233405,410.378,81326,507,10,0,,0,1,0.510,0.510,0.510
20261004-233405,410.378,81326,462,10,0,,0,1,0.510,16.040,16.040
20261004-233405,410.378,81326,698,11,0,,0,1,0.510,0.510,0.510
20261004-233405,420.860,81053,4170,7,1,Fury,1,1,10.482,26.594,26.594
20261004-233405,420.862,81053,5501,6,1,Stability,1,1,10.994,26.472,26.472
20261004-233405,420.862,81053,3634,7,1,Stability,1,1,10.484,26.524,26.524
20261004-233405,421.378,81053,9905,8,1,Might,1,1,11.000,11.510,11.510
20261004-233405,421.378,81053,3104,9,2,Protection+Resolution,1,1,11.510,27.040,27.040
20261004-233405,421.378,81053,5501,6,0,,0,1,0.516,0.516,0.516
20261004-233405,421.378,81053,4170,7,0,,0,1,0.518,0.518,0.518
20261004-233405,421.378,81053,2509,10,1,Might,1,1,12.558,12.558,12.558
20261004-233405,421.380,81053,3634,6,0,,0,1,0.518,0.518,0.518
20261004-233405,421.902,81053,9922,8,0,,0,1,0.524,0.524,0.524
20261004-233405,421.902,81053,4178,6,0,,0,1,0.524,0.524,0.524
20261004-233405,421.902,81053,4959,7,0,,0,1,0.524,1.040,1.040
20261004-233405,421.902,81053,2044,7,1,Protection,1,1,12.034,27.564,27.564
20261004-233405,421.902,81053,3640,6,0,,0,1,0.522,1.040,1.040
20261004-233405,421.902,81053,3760,7,0,,0,1,0.524,1.042,1.042
20261004-233405,421.902,81053,2262,8,0,,0,1,0.524,0.524,0.524
20261004-233405,422.308,81053,5063,8,0,,0,0,0.406,0.930,0.930
20261004-233405,422.308,81053,3113,6,0,,0,1,0.406,0.406,0.406
20261004-233405,422.308,81053,4263,7,0,,0,1,0.406,0.930,0.930
20261004-233405,422.308,81053,5061,7,0,,0,1,0.406,1.446,1.446
20261004-233405,422.308,81053,4514,8,0,,0,1,0.406,1.448,1.448
20261004-233405,422.308,81053,3714,6,0,,0,1,0.406,1.446,1.446
20261004-233405,422.308,81053,2308,9,0,,0,1,0.406,0.930,0.930
20261004-233405,422.416,81053,2308,9,0,,0,1,0.108,1.038,1.038
20261004-233405,422.418,81053,3714,6,0,,0,1,0.110,1.556,1.556
20261004-233405,422.418,81053,5061,7,0,,0,1,0.110,1.556,1.556
20261004-233405,422.418,81053,4514,8,0,,0,1,0.110,1.558,1.558
20261004-233405,422.818,81053,4708,9,0,,0,1,0.402,1.440,1.440
20261004-233405,422.818,81053,7578,6,0,,0,1,0.400,1.956,1.956
20261004-233405,422.818,81053,10324,6,0,,0,1,0.400,1.956,1.956
20261004-233405,422.818,81053,9208,9,0,,0,1,0.400,1.958,1.958
20261004-233405,422.906,81053,3175,5,0,,0,1,0.598,1.004,1.004
20261004-233405,422.906,81053,5116,7,0,,0,1,0.598,1.528,1.528
20261004-233405,422.942,81053,2354,9,0,,0,1,0.124,1.564,1.564
20261004-233405,422.942,81053,3789,6,0,,0,1,0.124,2.080,2.080
20261004-233405,422.942,81053,4604,9,0,,0,1,0.124,2.082,2.082
20261004-233405,422.944,81053,2127,9,1,Stability,1,1,12.566,13.076,13.076
20261004-233405,422.944,81053,2891,10,1,Stability,1,1,13.076,48.914,48.914
20261004-233405,422.944,81053,3114,10,1,Stability,1,1,13.076,28.606,28.606
20261004-233405,423.344,81053,2508,8,0,,0,1,0.402,1.966,1.966
20261004-233405,423.344,81053,6574,8,0,,0,1,0.402,2.484,2.484
20261004-233405,423.428,81053,5614,7,0,,0,1,0.522,2.050,2.050
20261004-233405,423.428,81053,3383,5,0,,0,1,0.522,1.526,1.526
20261004-233405,423.428,81053,3686,5,1,Might,1,1,1.120,2.050,2.050
20261004-233405,423.860,81053,2359,8,0,,0,1,0.916,0.916,0.916
20261004-233405,423.860,81053,3443,9,0,,0,1,0.916,0.916,0.916
20261004-233405,423.860,81053,3055,10,0,,0,1,0.916,0.916,0.916
20261004-233405,423.942,81053,5725,4,1,Might,1,1,1.124,3.080,3.080
20261004-233405,424.458,81053,2359,8,0,,0,1,0.598,1.514,1.514
20261004-233405,424.458,81053,3443,9,0,,0,1,0.598,1.514,1.514
20261004-233405,424.458,81053,3801,6,1,Resolution,1,1,1.114,3.598,3.598
20261004-233405,424.458,81053,5725,2,0,,0,1,0.516,0.516,0.516
20261004-234835,290.591,81326,647,10,1,Swiftness,1,1,,,
20261004-234835,290.591,81326,491,8,1,Resolution,1,1,,,
20261004-234835,290.591,81326,740,5,1,Resolution,1,1,,,
20261004-234835,290.591,81326,673,7,1,Resolution,1,1,,,
20261004-234835,291.099,81326,673,6,1,Resolution,0,1,0.508,0.508,0.508
20261004-234835,319.983,81326,492,7,1,Resolution,1,1,,,
20261004-234835,319.985,81326,498,8,1,Quickness,1,1,,,
20261004-234835,319.985,81326,483,9,1,Might,1,1,29.394,29.394,29.394
20261004-234835,319.985,81326,636,9,1,Might,1,1,28.886,28.886,29.394
20261004-234835,320.499,81326,636,7,0,,0,1,0.514,0.514,0.514
20261004-234835,320.499,81326,464,6,0,,0,1,0.516,0.516,0.516
20261004-234835,320.499,81326,498,7,0,,0,1,0.514,0.514,0.514
20261004-234835,320.499,81326,483,8,0,,0,1,0.514,0.514,0.514
20261004-234835,321.537,81326,464,6,1,Resolution,1,1,1.038,1.552,1.552
20261004-234835,340.303,81053,1855,7,1,Protection,1,1,19.804,20.318,20.318
20261004-234835,340.303,81053,2761,10,1,Protection,1,1,,,
20261004-234835,340.827,81053,4774,8,2,Resolution+Protection,1,1,19.290,19.290,19.290
20261004-234835,341.745,81053,4120,8,1,Fury,1,1,1.442,1.442,1.442
20261004-234835,341.853,81053,4120,7,0,,0,1,0.108,0.108,0.108
20261004-234835,341.853,81053,3076,8,1,Resolution,1,1,1.550,1.550,1.550
20261004-234835,342.257,81053,8240,8,0,,0,1,0.404,0.512,0.512
20261004-234835,342.257,81053,3076,8,0,,0,1,0.404,0.404,0.404
20261004-234835,342.339,81053,2628,9,2,Resistance+Might,1,1,51.748,51.748,51.748
20261004-234835,342.785,81053,4666,8,0,,0,1,0.528,1.040,1.040
20261004-234835,343.303,81053,2976,7,0,,0,1,0.964,0.964,0.964
20261004-234835,343.303,81053,3816,7,2,Resistance+Might,1,1,2.476,2.476,2.476
20261004-234835,343.305,81053,3180,9,1,Resolution,1,1,,,
20261004-234835,343.305,81053,3179,9,1,Swiftness,1,1,52.714,52.714,52.714
20261004-234835,343.305,81053,3483,8,1,Resolution,1,1,1.048,1.452,1.452
20261004-234835,349.301,81326,595,8,1,Swiftness,1,1,6.516,7.556,7.556
20261004-234835,350.339,81326,686,5,2,Resolution+Regeneration,1,1,7.036,7.036,7.036
20261004-234835,350.339,81326,595,8,1,Regeneration,1,1,1.038,1.038,1.038
20261004-234835,350.339,81326,673,7,1,Protection,1,1,7.034,7.034,7.034
20261004-234835,350.861,81326,595,8,0,,0,1,0.522,0.522,0.522
20261004-234835,350.861,81326,686,4,0,,0,1,0.522,0.522,0.522
20261004-234835,350.861,81326,1004,7,0,,0,1,0.522,0.522,0.522
20261004-234835,350.861,81326,508,9,1,Resolution,1,1,7.556,7.556,7.556
20261004-234835,350.861,81326,567,8,1,Resolution,1,1,30.362,30.876,30.876
20261004-234835,360.491,81053,2413,9,2,Resolution+Might,1,1,9.630,10.152,10.152
20261004-234835,360.493,81053,3706,7,1,Might,1,1,17.188,17.188,17.188
20261004-234835,360.493,81053,3335,6,1,Swiftness,1,1,,,
20261004-234835,361.023,81053,1846,8,1,Resolution,1,1,40.524,41.040,41.040
20261004-234835,361.939,81053,4979,7,1,Fury,1,1,1.446,1.446,1.446
20261004-234835,362.065,81053,4979,6,0,,0,1,0.126,0.126,0.126
20261004-234835,362.453,81053,10148,8,1,Swiftness,1,1,11.592,12.114,12.114
20261004-234835,362.541,81053,3401,8,1,Protection,1,1,2.048,2.048,2.048
20261004-234835,362.541,81053,3214,7,2,Might+Quickness,1,1,19.238,20.202,20.202
20261004-234835,362.541,81053,4138,8,1,Swiftness,1,1,11.680,11.680,11.680
20261004-234835,362.979,81053,2091,8,1,Vigor,1,1,1.956,1.956,1.956
20261004-234835,362.979,81053,3214,5,0,,0,1,0.438,0.438,0.438
20261004-234835,362.979,81053,4138,8,0,,0,1,0.438,0.438,0.438
20261004-234835,362.979,81053,5076,7,0,,0,1,0.438,0.438,0.438
20261004-234835,362.979,81053,5074,10,0,,0,1,0.526,0.526,0.526
20261004-234835,363.503,81053,5076,8,0,,0,1,0.524,0.962,0.962
20261004-234835,363.503,81053,6618,6,0,,0,1,0.524,0.962,0.962
20261004-234835,363.503,81053,5074,10,0,,0,1,0.524,1.050,1.050
20261004-234835,363.577,81053,5076,7,1,Swiftness,1,1,1.512,1.638,1.638
20261004-234835,364.099,81053,5076,9,0,,0,1,0.596,1.558,1.558
20261004-234835,364.099,81053,2978,8,0,,0,1,0.596,1.558,1.558
20261004-234835,364.099,81053,2733,9,2,Resolution+Alacrity,1,1,3.608,3.608,3.608
20261004-234835,364.099,81053,5076,7,0,,0,1,0.522,0.522,0.522
20261004-234835,364.099,81053,2091,8,1,Alacrity,1,1,1.120,1.120,1.120
20261004-234835,377.101,81053,2598,9,1,Protection,1,1,26.240,26.762,26.762
20261004-234835,377.101,81053,4756,4,1,Resolution,1,1,13.002,14.560,14.560
20261004-234835,377.101,81053,2981,8,1,Swiftness,1,1,26.240,26.240,26.240
20261004-234835,377.101,81053,1959,3,1,Regeneration,1,1,13.002,13.002,13.002
20261004-234835,377.101,81053,3157,3,2,Fury+Regeneration,1,1,13.002,14.560,14.560
20261004-234835,377.613,81053,6328,8,0,,0,1,0.512,0.512,0.512
20261004-234835,377.613,81053,10096,6,0,,0,1,0.512,0.512,0.512
20261004-234835,377.613,81053,4158,4,0,,0,1,0.512,0.512,0.512
20261004-234835,377.613,81053,6700,3,0,,0,1,0.512,0.512,0.512
20261004-234835,378.133,81053,3286,3,0,,0,1,0.520,1.032,1.032
20261004-234835,378.133,81053,4951,6,0,,0,1,0.520,1.032,1.032
20261004-234835,378.133,81053,2434,8,1,Might,1,1,15.154,15.592,15.592
20261004-234835,378.135,81053,2266,8,2,Might+Quickness,1,1,14.036,14.036,14.036
20261004-234835,378.537,81053,5285,6,0,,0,0,0.404,1.436,1.436
20261004-234835,378.655,81053,2860,9,1,Might,1,1,14.556,15.078,15.078
20261004-234835,378.657,81053,2168,8,1,Resolution,1,1,,,
20261004-234835,378.657,81053,3787,8,1,Regeneration,1,1,1.556,1.556,1.556
20261004-234835,378.657,81053,2177,6,1,Swiftness,1,1,1.044,1.556,1.556
20261004-234835,379.139,81053,2133,5,0,,0,1,0.482,0.482,0.482
20261004-234835,379.139,81053,3467,9,1,Might,1,1,15.636,16.686,16.686
20261004-234835,379.651,81053,4668,3,0,,0,1,1.114,2.550,2.550
20261004-234835,380.179,81053,3098,3,2,Resolution+Might,0,1,2.046,3.078,3.078
20261004-234835,380.179,81053,4668,3,0,,0,1,0.528,3.078,3.078
20261004-234835,380.697,81053,1923,3,1,Might,1,1,1.558,2.040,2.040
20261004-234835,380.697,81053,4668,4,0,,0,1,0.518,3.596,3.596
20261004-234835,380.697,81053,2813,8,1,Might,1,1,1.558,1.558,1.558
20261004-234835,380.697,81053,3098,2,0,,0,1,0.518,0.518,3.596
20261004-234835,380.697,81053,1923,7,2,Might+Quickness,1,1,2.562,2.562,2.562
20261004-234835,396.411,81053,2396,7,1,Protection,1,1,18.278,18.278,18.278
20261004-234835,396.941,81053,2750,9,1,Resolution,1,1,19.328,19.840,19.840
20261004-234835,396.941,81053,3266,9,1,Resolution,1,1,18.286,18.286,18.286
20261004-234835,396.941,81053,3265,10,1,Protection,1,1,16.244,16.244,16.244
20261004-234835,397.335,81053,3576,6,0,,0,1,0.924,0.924,0.924
20261004-234835,397.935,81053,3652,6,0,,0,1,0.600,1.524,1.524
20261004-234835,415.133,81326,426,9,1,Resolution,1,1,34.436,34.436,34.436
20261004-234835,415.133,81326,582,3,1,Protection,1,1,36.476,36.476,36.476
20261004-234835,415.133,81326,693,6,1,Might,1,1,18.192,18.192,18.192
20261004-234835,415.133,81326,508,7,1,Resolution,1,1,17.198,18.722,18.722
20261004-234835,415.133,81326,693,7,1,Resolution,1,1,34.436,38.032,38.032
20261004-234835,415.133,81326,871,6,1,Resolution,1,1,18.192,18.192,18.192
20261004-234835,415.133,81326,706,5,2,Might+Fury,1,1,34.436,34.436,34.436
20261004-234835,415.133,81326,686,8,1,Resolution,0,1,34.436,34.954,38.032
20261004-234835,415.657,81326,706,6,0,,0,1,0.524,0.524,0.524
20261004-234835,415.657,81326,869,5,0,,0,1,0.524,0.524,0.524
20261004-234835,415.657,81326,508,7,0,,0,1,0.524,0.524,0.524
20261004-234835,415.657,81326,693,6,0,,0,1,0.524,0.524,0.524
20261004-234835,415.657,81326,426,8,0,,0,1,0.524,0.524,0.524
20261004-234835,424.130,81053,2671,7,1,Resolution,1,1,8.997,8.997,8.997
20261004-234835,424.131,81053,3053,8,1,Swiftness,1,1,27.190,27.190,27.190
20261004-234835,424.131,81053,2240,9,1,Resolution,1,1,8.474,8.998,8.998
20261004-234835,424.131,81053,1830,7,2,Swiftness+Regeneration,1,1,8.474,8.998,8.998
20261004-234835,424.131,81053,2255,10,1,Resolution,1,1,8.998,8.998,8.998
20261004-234835,424.131,81053,2487,8,1,Swiftness,1,1,45.474,45.474,45.474
20261004-234835,424.131,81053,2187,9,1,Might,1,1,8.474,8.998,8.998
20261004-234835,424.653,81053,6106,8,0,,0,1,0.522,0.522,0.522
20261004-234835,424.653,81053,3660,7,0,,0,1,0.522,0.522,0.522
20261004-234835,424.653,81053,2487,9,0,,0,1,0.522,0.522,0.522
20261004-234835,424.653,81053,1965,9,0,,0,1,0.522,0.522,0.522
20261004-234835,424.653,81053,2255,9,0,,0,1,0.522,0.522,0.522
20261004-234835,424.653,81053,2187,9,0,,0,1,0.522,0.522,0.522
20261004-234835,425.177,81053,2187,9,0,,0,1,0.524,1.046,1.046
20261004-234835,425.177,81053,1647,6,1,Might,1,1,9.520,10.044,10.044
20261004-234835,425.177,81053,2255,9,0,,0,1,0.524,1.046,1.046
20261004-234835,425.177,81053,1965,9,0,,0,1,0.524,1.046,1.046
20261004-234835,425.177,81053,2671,8,1,Resolution,1,1,1.047,1.047,1.047
20261004-234835,425.177,81053,2255,5,1,Might,1,1,10.044,10.044,48.076
20261004-234835,425.177,81053,2679,4,1,Might,1,1,9.520,10.044,10.044
20261004-234835,425.177,81053,1830,7,0,,0,1,0.524,1.046,1.046
20261004-234835,425.577,81053,1830,8,0,,0,1,0.400,1.446,1.446
20261004-234835,425.695,81053,2187,9,0,,0,1,0.518,1.564,1.564
20261004-234835,425.695,81053,1965,9,0,,0,1,0.518,1.564,1.564
20261004-234835,425.695,81053,2255,9,0,,0,1,0.518,1.564,1.564
20261004-234835,425.695,81053,2404,9,0,,0,1,0.518,0.518,0.518
20261004-234835,425.695,81053,2427,8,1,Protection,1,1,1.042,1.564,1.564
20261004-234835,425.695,81053,1830,8,0,,0,1,0.118,1.564,1.564
20261004-234835,426.089,81053,2187,9,0,,0,1,0.394,1.958,1.958
20261004-234835,426.089,81053,3294,5,0,,0,1,0.912,0.912,0.912
20261004-234835,426.089,81053,4808,9,0,,0,1,0.394,0.912,0.912
20261004-234835,426.091,81053,6675,10,1,Protection,1,1,1.438,1.960,1.960
20261004-234835,426.091,81053,4510,6,0,,0,1,0.914,0.914,0.914
20261004-234835,426.091,81053,5358,6,0,,0,1,0.914,0.914,0.914
20261004-234835,426.173,81053,3930,11,0,,0,1,0.478,2.042,2.042
20261004-234835,426.173,81053,4510,11,0,,0,1,0.478,2.042,2.042
20261004-234835,426.215,81053,2404,9,0,,0,1,0.126,1.038,1.038
20261004-234835,426.613,81053,2502,11,0,,0,1,0.440,2.482,2.482
20261004-234835,426.690,81053,4464,6,0,,0,1,0.995,0.995,0.995
20261004-234835,426.690,81053,2502,6,0,,0,1,0.599,1.513,1.513
20261004-234835,426.690,81053,2971,6,0,,0,1,0.599,1.513,1.513
20261004-234835,426.690,81053,1827,5,0,,0,1,0.601,1.513,1.513
20261004-234835,426.690,81053,2970,11,0,,0,1,0.599,0.599,0.599
20261004-234835,427.133,81053,2971,8,0,,0,1,0.918,1.956,1.956
20261004-234835,427.133,81053,2030,9,2,Protection+Resistance,1,1,1.438,3.002,3.002
20261004-234835,427.219,81053,2183,9,1,Might,1,1,1.130,3.088,3.088
20261004-234835,427.219,81053,2970,11,0,,0,1,0.529,1.128,1.128
20261004-234835,427.219,81053,2502,8,0,,0,1,0.529,2.042,2.042
20261004-234835,427.739,81053,2232,8,0,,0,1,0.520,0.520,0.520
20261004-234835,445.091,81326,633,8,2,Resolution+Might,1,1,17.958,17.958,17.958
20261004-234835,445.091,81326,709,11,1,Resolution,1,1,17.958,19.914,19.914
20261004-234835,445.607,81326,633,7,0,,0,1,0.516,0.516,0.516
20261004-234835,445.607,81326,468,9,1,Resolution,1,1,19.434,21.476,21.476
20261004-234835,445.607,81326,709,10,1,Resolution,1,1,18.388,19.516,19.516
20261004-234835,445.607,81326,709,10,0,,0,1,0.516,0.516,0.516
20261004-234835,445.897,81053,1833,7,0,,0,1,0.290,0.290,0.290
20261004-234835,445.897,81053,2775,8,0,,0,1,0.290,0.290,0.290
20261004-234835,445.897,81053,2479,7,0,,0,1,0.290,0.806,0.806
20261004-234835,445.897,81053,2776,10,0,,0,1,0.290,0.806,0.806
20261004-234835,446.139,81326,709,9,0,,0,1,0.242,0.532,0.532
20261004-234835,446.139,81326,392,10,1,Resolution,1,1,19.449,20.962,20.962
20261004-234835,446.139,81326,709,10,0,,0,1,0.242,1.048,1.048
20261004-234835,446.139,81326,788,7,1,Resolution,1,1,19.449,20.962,20.962
20261004-234835,446.139,81326,468,8,0,,0,1,0.242,0.532,0.532
20261004-234835,446.139,81326,596,11,1,Resolution,1,1,18.400,18.920,18.920
20261004-234835,446.139,81326,633,7,0,,0,1,0.242,1.048,1.048
20261004-234835,446.415,81053,5552,10,0,,0,1,0.276,1.324,1.324
20261004-234835,446.415,81053,5550,9,0,,0,1,0.276,0.808,0.808
20261004-234835,446.415,81053,1536,10,0,,0,1,0.276,0.276,0.276
20261004-234835,446.415,81053,3084,6,0,,0,1,0.276,0.276,0.276
20261004-234835,446.415,81053,1833,8,0,,0,1,0.276,0.808,0.808
20261004-234835,446.415,81053,2479,7,0,,0,1,0.276,1.324,1.324
20261004-234835,446.931,81053,2958,9,0,,0,1,0.516,1.840,1.840
20261004-234835,447.329,81053,2958,9,0,,0,1,0.398,2.238,2.238
20261004-234835,447.451,81053,2958,10,0,,0,1,0.122,2.360,2.360
20261004-234835,447.847,81053,4614,8,1,Fury,1,1,1.432,2.240,2.240
20261004-234835,447.847,81053,4754,9,1,Resolution,1,1,1.708,1.708,1.708
20261004-234835,447.941,81053,3143,10,1,Resolution,1,1,1.526,2.334,2.334
20261004-234835,447.941,81053,3144,9,1,Fury,1,1,1.526,1.802,1.802
20261004-234835,447.941,81053,1933,10,1,Resolution,1,1,1.526,1.802,1.802
20261004-234835,447.941,81053,2527,6,2,Quickness+Alacrity,1,1,1.526,2.850,2.850
20261004-234835,448.379,81053,4754,8,0,,0,1,0.532,0.532,0.532
20261004-234835,448.379,81053,5054,6,0,,0,1,0.438,0.438,0.438
20261004-234835,448.379,81053,8302,6,1,Regeneration,1,1,21.689,22.684,22.684
20261004-234835,448.379,81053,4614,9,0,,0,1,0.532,0.532,0.532
20261004-234835,448.379,81053,7904,6,1,Might,1,1,21.766,24.248,24.248
20261004-234835,448.453,81053,3952,6,1,Swiftness,1,1,21.234,23.276,23.276
20261004-234835,448.453,81053,3143,9,0,,0,1,0.512,0.512,0.512
20261004-234835,448.891,81053,3952,5,0,,0,1,0.512,0.512,0.512
20261004-234835,448.891,81053,7904,3,0,,0,1,0.438,0.438,0.438
20261004-234835,448.891,81053,2527,5,0,,0,1,0.512,0.950,0.950
20261004-234835,448.891,81053,4614,7,0,,0,1,0.512,1.044,1.044
20261004-234835,448.891,81053,2377,6,0,,0,1,0.512,1.044,1.044
20261004-234835,448.891,81053,6286,7,0,,0,1,0.438,0.950,0.950
20261004-234835,449.497,81053,3144,6,1,Might,1,1,2.046,4.406,4.406
20261004-234835,449.497,81053,2307,6,0,,0,1,0.606,1.650,1.650
20261004-234835,449.497,81053,3144,10,1,Protection,1,1,1.556,1.556,1.556
20261004-234835,523.691,81326,543,8,2,Resolution+Regeneration,1,1,74.800,75.238,75.238
20261004-234835,527.379,80901,12822,6,2,Might+Quickness,1,1,77.882,77.882,77.882
20261004-234835,527.379,80901,14862,5,3,Swiftness+Regeneration+Alacrity,1,1,78.488,79.438,79.438
20261004-234835,527.379,80901,3255,8,2,Swiftness+Alacrity,1,1,78.488,79.000,79.000
20261004-234835,527.379,80901,19176,8,1,Swiftness,1,1,77.882,77.882,77.882
20261004-234835,527.379,80901,11397,8,2,Fury+Might,1,1,79.000,79.000,79.000
20261004-234835,527.381,80901,10131,8,1,Vigor,1,1,78.490,79.534,79.534
20261004-234835,527.381,80901,8158,10,1,Swiftness,1,1,78.490,79.440,79.440
20261004-234835,527.381,80901,5282,8,1,Swiftness,1,1,79.440,79.440,79.440
20261004-234835,527.891,80901,2928,8,0,,0,1,0.510,0.510,0.510
20261004-234835,527.891,80901,3343,8,2,Might+Swiftness,1,1,78.394,80.044,80.044
20261004-234835,527.891,80901,3261,8,0,,0,1,0.512,0.512,0.512
20261004-234835,527.891,80901,3871,9,0,,0,1,0.510,0.510,0.510
20261004-234835,527.891,80901,3347,6,0,,0,1,0.512,0.512,0.512
20261004-234835,527.891,80901,2381,6,0,,0,1,0.510,0.510,0.510
20261004-234835,527.891,80901,5780,7,0,,0,0,0.512,0.512,0.512
20261004-234835,528.411,80901,6843,3,1,Alacrity,1,1,1.032,1.032,1.032
20261004-234835,528.927,80901,6422,2,0,,0,1,0.516,0.516,0.516
20261004-234835,542.365,80901,11877,8,1,Resolution,1,1,13.438,13.954,13.954
20261004-234835,542.365,80901,7478,8,2,Protection+Resolution,1,1,18.674,18.674,18.674
20261004-234835,542.365,80901,8046,9,1,Protection,1,1,14.474,14.986,14.986
20261004-234835,542.365,80901,5891,10,2,Regeneration+Resolution,1,1,14.474,14.986,14.986
20261004-234835,542.365,80901,3704,7,2,Resolution+Alacrity,1,1,14.474,14.986,14.986
20261004-234835,542.365,80901,2904,8,2,Resolution+Alacrity,1,1,14.474,14.474,14.474
20261004-234835,542.891,80901,3221,7,0,,0,1,0.526,0.526,0.526
20261004-234835,542.891,80901,5344,8,0,,0,1,0.526,0.526,0.526
20261004-234835,542.891,80901,3452,7,2,Might+Quickness,1,1,15.000,15.510,15.510
20261004-234835,553.405,81326,681,5,2,Might+Resolution,1,1,11.040,11.040,11.040
20261004-234835,553.405,81326,560,8,2,Stability+Fury,1,1,10.514,11.040,11.040
20261004-234835,553.405,81326,715,4,1,Might,1,1,25.514,26.024,26.024
20261004-234835,553.405,81326,908,2,2,Resistance+Alacrity,1,1,26.026,26.026,26.026
20261004-234835,553.927,81326,715,4,0,,0,1,0.522,0.522,0.522
20261004-234835,553.929,81326,635,4,1,Might,1,1,11.038,11.038,11.038
20261004-234835,553.929,81326,560,7,0,,0,1,0.524,0.524,0.524
20261004-234835,554.443,81326,715,4,0,,0,1,0.516,1.038,1.038
20261004-234835,557.377,80901,8436,4,1,Might,1,1,2.934,3.972,3.972
20261004-234835,557.895,80901,4678,5,0,,0,0,0.518,0.518,0.518
20261004-234835,557.895,80901,4097,2,0,,0,1,4.490,4.490,4.490
20261004-234835,558.933,80901,10844,3,1,Swiftness,1,1,1.038,1.556,1.556
20261004-234835,572.375,80901,9262,4,4,Fury+Resolution+Protection+Might,1,1,30.010,30.010,30.010
20261004-234835,572.375,80901,8070,10,4,Might+Fury+Protection+Alacrity,1,1,18.446,18.970,18.970
20261004-234835,572.889,80901,12859,4,2,Vigor+Resolution,1,1,0.514,0.514,0.514
20261004-234835,572.889,80901,17916,9,2,Swiftness+Might,1,1,44.998,45.508,45.508
20261004-234835,572.889,80901,12324,7,1,Might,1,1,30.524,30.524,30.524
20261004-234835,572.889,80901,5466,9,1,Protection,1,1,29.998,30.524,30.524
20261004-234835,572.903,80901,5204,8,4,Might+Quickness+Protection+Alacrity,1,1,30.538,30.538,30.538
20261004-234835,573.411,80901,6178,6,0,,0,1,0.522,0.522,0.522
20261004-234835,573.411,80901,7767,2,0,,1,1,0.508,0.508,0.508
20261004-234835,573.929,80901,6867,4,1,Might,1,1,1.040,1.040,1.040
20261004-234835,583.805,81326,969,5,2,Vigor+Regeneration,1,1,11.430,11.430,11.430
20261004-234835,584.323,81326,969,3,0,,0,1,0.518,0.518,0.518
20261005-001631,311.750,81326,703,7,1,Swiftness,1,1,,,
20261005-001631,311.750,81326,516,7,1,Protection,1,1,,,
20261005-001631,311.752,81326,592,8,1,Protection,1,1,,,
20261005-001631,311.752,81326,480,8,1,Protection,1,1,,,
20261005-001631,311.752,81326,675,7,1,Swiftness,1,1,,,
20261005-001631,311.752,81326,478,5,1,Might,1,1,,,
20261005-001631,312.268,81326,480,8,1,Fury,1,1,,,
20261005-001631,312.268,81326,770,6,0,,0,1,0.518,0.518,0.518
20261005-001631,312.268,81326,884,6,0,,0,1,0.516,0.516,0.516
20261005-001631,312.268,81326,717,7,0,,0,1,0.516,0.516,0.516
20261005-001631,312.268,81326,658,6,1,Might,1,1,,,
20261005-001631,312.268,81326,703,8,0,,0,1,0.518,0.518,0.518
20261005-001631,312.790,81326,658,5,0,,0,1,0.522,0.522,0.522
20261005-001631,312.790,81326,480,8,0,,0,1,0.522,1.038,1.038
20261005-001631,312.792,81326,592,7,0,,0,1,0.524,1.040,1.040
20261005-001631,313.302,81326,658,5,0,,0,1,0.510,1.550,1.550
20261005-001631,313.302,81326,658,5,0,,0,1,0.512,1.034,1.034
20261005-001631,313.302,81326,534,6,0,,0,1,0.512,1.550,1.550
20261005-001631,330.708,81053,3146,10,1,Resolution,1,1,18.440,18.958,18.958
20261005-001631,330.708,81053,3022,7,1,Regeneration,1,1,18.956,18.956,18.956
20261005-001631,330.708,81053,2944,7,1,Might,1,1,17.406,18.440,18.440
20261005-001631,331.232,81053,2166,9,1,Regeneration,1,1,18.964,19.482,19.482
20261005-001631,331.232,81053,2017,9,1,Might,1,1,17.930,19.480,19.480
20261005-001631,331.738,81053,3064,5,1,Regeneration,1,1,1.030,1.030,1.030
20261005-001631,331.738,81053,2238,8,0,,0,1,0.506,0.506,0.506
20261005-001631,331.740,81053,2403,8,0,,0,1,0.508,0.508,0.508
20261005-001631,332.142,81053,2166,6,0,,0,1,0.402,0.910,0.910
20261005-001631,332.142,81053,2952,7,1,Protection,1,1,,,
20261005-001631,332.142,81053,2763,5,0,,0,1,0.404,0.404,0.404
20261005-001631,332.270,81053,2763,5,0,,0,1,0.128,0.532,0.532
20261005-001631,332.270,81053,4406,7,0,,0,1,0.128,0.128,0.128
20261005-001631,332.270,81053,2017,6,0,,0,1,0.532,1.038,1.038
20261005-001631,332.270,81053,2166,6,0,,0,1,0.128,1.038,1.038
20261005-001631,332.742,81053,5340,5,0,,0,1,0.472,1.510,1.510
20261005-001631,332.742,81053,2486,6,0,,0,1,0.472,1.510,1.510
20261005-001631,332.742,81053,5430,7,0,,0,1,0.472,0.600,0.600
20261005-001631,332.742,81053,3064,6,0,,0,1,0.472,1.004,1.004
20261005-001631,332.782,81053,3297,8,1,Resolution,1,1,2.074,2.074,2.074
20261005-001631,333.190,81053,3064,6,0,,0,1,0.448,1.452,1.452
20261005-001631,333.784,81053,2238,6,1,Fury,1,1,21.516,21.516,21.516
20261005-001631,334.310,81053,2238,6,0,,0,1,0.526,0.526,0.526
20261005-001631,343.226,81326,509,8,1,Resolution,1,1,10.484,11.994,11.994
20261005-001631,343.226,81326,584,9,0,,0,1,10.036,11.488,11.488
20261005-001631,343.226,81326,474,7,0,,0,1,10.484,11.994,11.994
20261005-001631,343.226,81326,694,6,1,Might,1,1,,,
20261005-001631,343.226,81326,872,5,1,Swiftness,1,1,29.924,31.474,31.474
20261005-001631,343.228,81326,583,9,1,Vigor,1,1,31.476,31.476,31.476
20261005-001631,343.748,81326,474,7,0,,0,1,0.522,12.516,12.516
20261005-001631,344.260,81326,509,8,1,Resolution,1,1,1.034,1.034,1.034
20261005-001631,344.260,81326,488,8,0,,0,1,0.512,13.028,13.028
20261005-001631,344.780,81326,694,8,1,Fury,1,1,14.072,14.072,14.072
20261005-001631,344.780,81326,694,5,0,,0,1,1.554,1.554,1.554
20261005-001631,344.780,81326,583,7,0,,0,1,1.552,1.552,1.552
20261005-001631,344.780,81326,872,6,0,,0,1,1.554,1.554,1.554
20261005-001631,344.780,81326,488,8,0,,0,1,0.520,13.548,13.548
20261005-001631,344.780,81326,509,7,0,,0,1,0.520,0.520,0.520
20261005-001631,351.500,81053,2520,6,1,Resolution,1,1,6.720,8.274,8.274
20261005-001631,351.500,81053,2993,8,1,Resolution,1,1,6.720,6.720,6.720
20261005-001631,351.500,81053,2647,9,1,Resolution,1,1,18.718,18.718,18.718
20261005-001631,351.500,81053,2196,7,1,Resolution,1,1,6.720,7.240,7.240
20261005-001631,352.028,81053,2993,8,0,,0,1,0.528,0.528,0.528
20261005-001631,352.028,81053,2647,8,0,,0,1,0.528,0.528,0.528
20261005-001631,352.028,81053,3761,6,0,,0,1,0.528,0.528,0.528
20261005-001631,352.028,81053,2196,6,0,,0,1,0.528,0.528,0.528
20261005-001631,352.028,81053,2520,9,1,Resolution,1,1,8.802,20.290,20.290
20261005-001631,352.542,81053,2196,7,0,,0,1,0.514,1.042,1.042
20261005-001631,352.542,81053,2520,8,0,,0,1,0.514,0.514,0.514
20261005-001631,352.944,81053,2993,7,1,Resolution,1,1,8.164,9.718,9.718
20261005-001631,352.944,81053,2036,8,1,Resolution,1,1,8.164,9.716,9.716
20261005-001631,352.944,81053,2993,9,0,,0,1,0.916,1.444,1.444
20261005-001631,352.944,81053,2520,9,0,,0,1,0.402,0.916,0.916
20261005-001631,352.944,81053,3761,8,0,,0,1,0.916,1.444,1.444
20261005-001631,352.944,81053,2196,8,0,,0,1,0.402,1.444,1.444
20261005-001631,353.060,81053,2268,7,1,Quickness,1,1,8.280,21.828,21.828
20261005-001631,353.060,81053,2795,9,0,,0,1,0.116,1.032,1.032
20261005-001631,353.060,81053,2041,8,1,Might,1,1,18.750,19.276,19.276
20261005-001631,353.060,81053,3318,7,1,Resolution,1,1,20.318,20.918,20.918
20261005-001631,353.060,81053,4172,8,0,,0,1,0.116,1.560,1.560
20261005-001631,353.060,81053,2259,7,0,,0,1,0.116,0.116,0.116
20261005-001631,353.470,81053,6638,9,0,,0,1,0.526,1.970,1.970
20261005-001631,353.470,81053,8344,7,0,,0,1,0.410,1.970,1.970
20261005-001631,353.470,81053,4870,7,0,,0,1,0.526,1.970,1.970
20261005-001631,353.470,81053,5590,8,0,,0,1,0.410,1.442,1.442
20261005-001631,353.540,81053,2268,5,0,,0,1,0.480,0.480,0.480
20261005-001631,353.540,81053,2041,8,0,,0,1,0.480,0.480,0.480
20261005-001631,353.540,81053,3318,5,0,,0,1,0.480,0.480,0.480
20261005-001631,353.540,81053,2259,8,0,,0,1,0.480,0.596,0.596
20261005-001631,353.540,81053,3319,5,0,,0,1,0.596,0.596,0.596
20261005-001631,353.986,81053,2440,8,0,,0,1,0.516,2.486,2.486
20261005-001631,353.986,81053,2800,8,0,,0,1,0.516,2.486,2.486
20261005-001631,353.986,81053,2520,7,0,,0,1,0.516,1.958,1.958
20261005-001631,353.986,81053,3324,7,0,,0,1,0.446,0.926,0.926
20261005-001631,354.064,81053,2993,6,0,,0,1,0.524,1.120,1.120
20261005-001631,354.064,81053,1840,8,0,,0,1,0.524,1.004,1.004
20261005-001631,354.064,81053,2263,8,0,,0,1,0.524,1.120,1.120
20261005-001631,354.064,81053,2993,9,0,,0,1,0.594,2.564,2.564
20261005-001631,354.508,81053,3324,8,0,,0,1,0.522,1.448,1.448
20261005-001631,354.508,81053,2272,7,0,,0,1,0.968,1.448,1.448
20261005-001631,354.508,81053,6588,7,0,,0,1,0.522,2.480,2.480
20261005-001631,354.508,81053,4880,9,0,,0,1,0.522,3.008,3.008
20261005-001631,354.508,81053,2044,8,0,,0,1,0.444,1.448,1.448
20261005-001631,354.508,81053,5600,7,0,,0,1,0.522,3.008,3.008
20261005-001631,354.588,81053,3325,8,0,,0,1,0.524,3.088,3.088
20261005-001631,354.590,81053,2874,6,1,Might,1,1,2.562,3.090,3.090
20261005-001631,354.590,81053,2513,8,0,,0,1,0.526,1.646,1.646
20261005-001631,354.590,81053,3325,8,0,,0,1,0.526,1.646,1.646
20261005-001631,355.106,81053,2761,9,0,,0,1,0.598,3.606,3.606
20261005-001631,355.106,81053,3253,6,0,,0,1,0.516,0.516,0.516
20261005-001631,355.106,81053,3169,8,0,,0,1,0.598,3.606,3.606
20261005-001631,355.106,81053,3728,7,0,,0,1,0.598,3.078,3.078
20261005-001631,355.106,81053,3762,9,0,,0,1,0.598,2.046,2.046
20261005-001631,355.106,81053,3764,8,0,,0,1,0.518,3.606,3.606
20261005-001631,355.106,81053,2314,8,0,,0,1,0.598,2.046,2.046
20261005-001631,355.106,81053,2845,8,0,,0,1,0.516,2.162,2.162
20261005-001631,367.862,81053,2642,7,1,Resolution,1,1,12.756,16.362,16.362
20261005-001631,367.862,81053,3137,7,1,Resolution,1,1,12.756,14.802,14.802
20261005-001631,368.384,81053,4744,9,1,Might,1,1,13.278,15.440,15.440
20261005-001631,368.384,81053,6276,6,1,Might,1,1,13.794,15.440,15.440
20261005-001631,368.384,81053,6276,8,1,Might,1,1,13.278,16.884,16.884
20261005-001631,368.384,81053,2642,6,0,,0,1,0.522,0.522,0.522
20261005-001631,368.384,81053,3137,7,0,,0,1,0.522,0.522,0.522
20261005-001631,368.384,81053,3013,10,1,Might,1,1,13.278,13.794,13.794
20261005-001631,368.384,81053,2802,5,1,Might,1,1,13.876,15.324,15.324
20261005-001631,368.902,81053,3202,5,0,,0,1,0.518,0.518,0.518
20261005-001631,368.902,81053,2421,7,0,,0,1,0.518,0.518,0.518
20261005-001631,368.902,81053,6404,7,0,,0,1,0.518,0.518,0.518
20261005-001631,369.300,81053,3201,8,0,,0,1,0.916,1.438,1.438
20261005-001631,369.300,81053,2697,8,0,,0,1,0.916,1.438,1.438
20261005-001631,369.300,81053,3202,6,0,,0,1,0.398,0.916,0.916
20261005-001631,369.300,81053,2421,6,0,,0,1,0.398,0.916,0.916
20261005-001631,369.300,81053,3202,4,0,,0,1,0.398,0.916,0.916
20261005-001631,369.300,81053,2431,6,0,,0,1,0.916,0.916,0.916
20261005-001631,369.422,81053,3201,8,0,,0,1,0.122,1.560,1.560
20261005-001631,369.422,81053,2697,8,0,,0,1,0.122,1.560,1.560
20261005-001631,369.422,81053,3202,6,0,,0,0,0.122,1.038,1.038
20261005-001631,369.422,81053,2421,6,0,,0,1,0.122,1.038,1.038
20261005-001631,369.902,81053,5772,9,0,,0,1,0.480,2.040,2.040
20261005-001631,369.902,81053,2183,6,0,,0,1,0.480,1.518,1.518
20261005-001631,369.902,81053,2887,5,0,,0,1,0.602,1.518,1.518
20261005-001631,369.902,81053,5546,8,1,Might,1,1,1.518,1.518,1.518
20261005-001631,369.948,81053,2192,7,0,,0,1,0.648,1.564,1.564
20261005-001631,369.948,81053,2431,8,0,,0,1,0.526,2.086,2.086
20261005-001631,371.462,81053,3178,3,1,Might,1,1,16.356,19.434,19.434
20261005-001631,373.550,81326,584,4,1,Protection,1,1,18.444,22.050,22.050
20261005-001631,373.550,81326,1002,3,0,,0,1,2.088,2.088,2.088
20261005-001631,373.550,81326,441,8,1,Resolution,1,1,18.444,20.490,20.490
20261005-001631,373.550,81326,544,7,1,Might,1,1,3.602,5.166,5.166
20261005-001631,373.550,81326,717,9,1,Resolution,1,1,3.648,5.688,5.688
20261005-001631,373.550,81326,710,10,1,Might,1,1,3.602,5.688,5.688
20261005-001631,373.550,81326,717,9,1,Might,1,1,3.648,5.166,5.166
20261005-001631,373.550,81326,669,5,1,Resolution,1,1,3.648,5.166,5.166
20261005-001631,375.102,81326,717,8,0,,0,1,1.552,1.552,1.552
20261005-001631,387.308,81053,2869,9,1,Might,1,1,13.758,13.758,13.758
20261005-001631,388.342,81053,1978,6,1,Protection,1,1,14.792,14.792,14.792
20261005-001631,388.734,81053,8564,8,1,Swiftness,1,1,1.426,1.426,1.426
20261005-001631,388.818,81053,3212,9,1,Fury,1,1,19.396,20.434,20.434
20261005-001631,388.818,81053,8074,8,1,Fury,1,1,15.268,15.268,15.268
20261005-001631,388.860,81053,2357,8,1,Fury,1,1,15.310,15.310,15.310
20261005-001631,388.860,81053,3276,5,0,,0,1,0.518,0.518,0.518
20261005-001631,388.860,81053,2429,8,1,Fury,1,1,15.310,15.310,15.310
20261005-001631,389.258,81053,3860,7,0,,0,1,0.524,0.524,0.524
20261005-001631,389.786,81053,2896,4,0,,0,1,0.968,0.968,0.968
20261005-001631,389.786,81053,4250,6,0,,0,1,0.926,0.926,0.926
20261005-001631,389.786,81053,5790,7,1,Might,1,1,14.684,16.236,16.236
20261005-001631,389.786,81053,7280,6,0,,0,1,0.968,0.968,0.968
20261005-001631,389.786,81053,3860,5,0,,0,1,0.528,1.052,1.052
20261005-001631,390.386,81053,2125,6,0,,0,1,0.600,1.526,1.526
20261005-001631,390.386,81053,2895,7,0,,0,1,0.600,0.600,0.600
20261005-001631,390.386,81053,3640,6,0,,0,0,0.600,1.568,1.568
20261005-001631,415.780,81053,2286,10,1,Resolution,1,1,25.394,26.962,26.962
20261005-001631,415.780,81053,3017,7,1,Resolution,1,1,25.994,26.962,26.962
20261005-001631,416.298,81053,6704,6,0,,0,1,0.518,0.518,0.518
20261005-001631,416.298,81053,4122,10,2,Resolution+Might,1,1,27.438,27.956,27.956
20261005-001631,416.298,81053,5644,9,1,Might,1,1,42.748,44.836,44.836
20261005-001631,416.298,81053,3008,9,1,Resolution,1,1,42.748,42.748,42.748
20261005-001631,416.298,81053,2286,9,0,,0,1,0.518,0.518,0.518
20261005-001631,416.298,81053,2053,7,1,Resolution,1,1,27.438,27.438,27.438
20261005-001631,416.816,81053,2196,9,0,,0,1,0.518,0.518,0.518
20261005-001631,416.816,81053,3572,6,0,,0,1,0.518,1.036,1.036
20261005-001631,417.222,81053,3346,7,0,,0,1,0.406,1.442,1.442
20261005-001631,417.222,81053,2536,10,0,,0,1,0.924,1.442,1.442
20261005-001631,417.222,81053,3336,9,0,,0,1,0.924,0.924,0.924
20261005-001631,417.222,81053,2057,10,0,,0,1,0.406,0.924,0.924
20261005-001631,417.222,81053,2277,7,0,,0,1,0.924,0.924,0.924
20261005-001631,417.336,81053,2053,7,0,,0,1,0.114,1.038,1.038
20261005-001631,417.338,81053,3008,9,0,,0,1,0.116,1.040,1.040
20261005-001631,417.338,81053,2401,8,1,Resolution,1,1,47.436,47.436,47.436
20261005-001631,417.338,81053,2286,10,0,,0,1,0.116,1.558,1.558
20261005-001631,417.338,81053,1855,10,0,,0,1,0.116,1.040,1.040
20261005-001631,417.338,81053,3017,7,0,,0,1,0.116,1.558,1.558
20261005-001631,417.742,81053,6034,7,0,,0,1,0.404,1.962,1.962
20261005-001631,417.744,81053,3710,10,0,,0,1,0.406,1.446,1.446
20261005-001631,417.824,81053,2540,9,1,Resolution,1,1,1.526,1.526,1.526
20261005-001631,417.824,81053,6016,8,0,,0,1,0.486,1.526,1.526
20261005-001631,417.824,81053,4106,6,0,,0,1,0.488,1.526,1.526
20261005-001631,417.864,81053,2459,9,1,Resolution,1,1,27.478,29.004,29.004
20261005-001631,417.864,81053,2401,7,0,,0,1,0.526,0.526,0.526
20261005-001631,417.864,81053,2286,10,0,,0,1,0.526,2.084,2.084
20261005-001631,417.864,81053,2290,8,1,Resolution,1,1,28.078,29.130,29.130
20261005-001631,418.264,81053,1855,9,0,,0,1,0.520,1.966,1.966
20261005-001631,418.340,81053,2053,6,0,,0,1,0.516,2.042,2.042
20261005-001631,418.340,81053,3017,8,0,,0,1,0.516,2.042,2.042
20261005-001631,418.784,81053,2530,7,0,,0,1,0.444,2.486,2.486
20261005-001631,418.786,81053,3346,9,0,,0,1,0.446,2.488,2.488
20261005-001631,418.786,81053,2057,9,0,,0,1,0.522,2.488,2.488
20261005-001631,418.786,81053,2818,8,0,,0,1,0.962,0.962,0.962
20261005-001631,419.382,81053,2290,7,1,Resolution,1,1,1.518,1.518,1.518
20261005-001631,419.382,81053,2540,9,1,Resolution,1,1,1.518,3.602,3.602
20261005-001631,419.382,81053,2459,8,1,Resolution,1,1,1.518,1.518,1.518
20261005-001631,419.382,81053,3016,10,1,Resolution,1,1,28.996,29.596,29.596
20261005-001631,419.382,81053,3017,6,1,Resolution,1,1,1.640,3.602,3.602
20261005-001631,438.778,81053,3306,5,1,Might,1,1,19.396,19.396,19.396
20261005-001631,438.902,81053,3316,9,1,Resolution,1,1,20.116,22.604,22.604
20261005-001631,438.902,81053,4167,7,1,Resolution,1,1,19.520,19.520,19.520
20261005-001631,439.296,81053,2398,7,1,Resolution,1,1,19.914,19.914,19.914
20261005-001631,439.296,81053,2792,9,1,Resolution,1,1,20.510,21.472,21.472
20261005-001631,439.296,81053,3316,9,0,,0,1,0.394,0.394,0.394
20261005-001631,439.296,81053,4167,6,0,,0,1,0.394,0.394,0.394
20261005-001631,439.296,81053,2189,7,1,Resolution,1,1,19.914,19.914,19.914
20261005-001631,439.298,81053,2983,9,1,Swiftness,1,1,19.916,19.916,19.916
20261005-001631,439.298,81053,2256,9,1,Resolution,1,1,20.514,23.000,23.000
20261005-001631,439.298,81053,6612,4,0,,0,1,0.520,0.520,0.520
20261005-001631,440.336,81053,2988,7,1,Protection,1,1,1.038,1.038,1.038
20261005-001631,517.982,80901,14724,10,1,Swiftness,1,1,78.684,79.204,79.204
20261005-001631,517.982,80901,9417,10,1,Alacrity,1,1,78.686,78.686,78.686
20261005-001631,517.982,80901,10112,11,1,Alacrity,1,1,78.686,78.686,78.686
20261005-001631,517.982,80901,7658,12,1,Swiftness,1,1,100.118,100.644,100.644
20261005-001631,517.982,80901,8778,9,1,Swiftness,1,1,78.686,78.686,78.686
20261005-001631,517.982,80901,4908,9,1,Regeneration,1,1,78.686,79.080,79.080
20261005-001631,532.458,80901,4751,9,1,Resolution,1,1,14.476,14.476,14.476
20261005-001631,532.458,80901,8002,10,1,Alacrity,1,1,93.162,93.556,93.556
20261005-001631,532.458,80901,7214,9,1,Alacrity,1,1,14.476,14.476,14.476
20261005-001631,532.980,80901,4749,10,1,Resolution,1,1,92.644,92.644,92.644
20261005-001631,532.980,80901,9502,7,0,,0,1,0.522,0.522,0.522
20261005-001631,532.980,80901,4751,9,1,Fury,1,1,14.998,14.998,14.998
20261005-001631,547.468,80901,9318,7,1,Fury,1,1,14.488,14.488,14.488
20261005-001631,547.468,80901,13980,6,1,Fury,1,1,14.488,14.488,14.488
20261005-001631,547.468,80901,11772,9,1,Resolution,1,1,15.010,15.010,15.010
20261005-001631,547.468,80901,3746,9,1,Protection,1,1,15.010,15.010,15.010
20261005-001631,547.468,80901,3523,7,1,Resistance,1,1,108.170,108.170,108.170
20261005-001631,562.978,80901,4222,5,1,Resolution,1,1,44.996,44.996,44.996
20261005-001631,562.978,80901,3679,9,1,Stability,1,1,44.996,44.996,44.996
20261005-001631,562.978,80901,5012,8,1,Resolution,1,1,15.510,15.510,15.510
20261005-001631,563.492,80901,4222,4,0,,0,1,0.514,0.514,0.514
20261005-143933,275.991,81326,599,3,1,Alacrity,1,1,,,
20261005-143933,276.513,81326,551,7,1,Swiftness,1,1,,,
20261005-143933,276.513,81326,649,10,1,Resolution,1,1,,,
20261005-143933,276.513,81326,749,9,4,Resolution+Protection+Fury+Might,1,1,,,
20261005-143933,277.033,81326,513,9,4,Resolution+Might+Resistance+Swiftness,1,1,,,
20261005-143933,277.555,81326,684,7,4,Swiftness+Regeneration+Protection+Fury,1,1,,,
20261005-143933,277.555,81326,543,8,2,Might+Alacrity,1,1,,,
20261005-143933,277.555,81326,649,6,2,Resolution+Protection,1,1,1.042,1.042,1.042
20261005-143933,343.829,81053,6350,7,1,Regeneration,1,1,,,
20261005-143933,344.223,81053,2656,4,1,Regeneration,1,1,67.710,67.710,67.710
20261005-143933,344.223,81053,3306,6,0,,0,1,0.394,0.394,0.394
20261005-143933,344.349,81053,6612,5,0,,0,1,0.126,0.520,0.520
20261005-143933,344.827,81053,3419,8,4,Protection+Regeneration+Swiftness+Fury,1,1,67.272,67.272,67.272
20261005-143933,344.863,81053,3306,7,0,,0,1,0.514,1.034,1.034
20261005-143933,345.269,81053,6612,7,0,,0,1,0.406,1.440,1.440
20261005-143933,345.345,81053,5103,5,0,,0,1,0.518,0.518,0.518
20261005-143933,345.345,81053,2390,7,2,Swiftness+Might,1,1,,,
20261005-143933,346.389,81053,2390,4,1,Protection,1,1,2.166,2.166,2.166
20261005-143933,357.473,81326,716,2,0,,0,1,80.440,80.440,80.440
20261005-143933,357.473,81326,769,4,2,Fury+Might,1,1,12.128,12.128,12.128
20261005-143933,357.473,81326,855,3,0,,0,1,11.084,11.084,11.084
20261005-143933,357.473,81326,515,6,0,,0,1,,,
20261005-143933,357.473,81326,641,6,1,Resolution,1,1,12.204,13.644,13.644
20261005-143933,357.473,81326,1047,2,0,,0,1,80.960,80.960,80.960
20261005-143933,357.473,81326,1074,1,0,,0,1,12.128,12.646,12.646
20261005-143933,357.473,81326,578,5,0,,0,1,81.482,81.482,81.482
20261005-143933,357.993,81326,1074,2,0,,0,1,0.520,13.166,13.166
20261005-143933,357.993,81326,561,7,0,,0,1,0.520,82.002,82.002
20261005-143933,357.993,81326,515,6,0,,0,1,0.520,,
20261005-143933,357.993,81326,1047,3,0,,0,1,0.520,81.480,81.480
20261005-143933,357.993,81326,769,2,0,,0,1,0.520,0.520,0.520
20261005-143933,357.993,81326,641,7,0,,0,1,0.520,0.520,0.520
20261005-143933,357.993,81326,716,3,0,,0,1,0.520,80.960,80.960
20261005-143933,357.993,81326,855,3,0,,0,1,0.520,11.604,11.604
20261005-143933,357.993,81326,950,8,0,,0,1,80.438,80.438,80.438
20261005-143933,357.993,81326,472,8,0,,0,1,80.438,80.438,80.438
20261005-143933,358.505,81326,472,7,0,,0,1,0.512,80.950,80.950
20261005-143933,358.505,81326,950,8,0,,0,1,0.512,80.950,80.950
20261005-143933,358.505,81326,1047,3,0,,0,1,0.512,81.992,81.992
20261005-143933,358.505,81326,641,7,0,,0,1,0.512,1.032,1.032
20261005-143933,358.505,81326,515,6,0,,0,1,0.512,,
20261005-143933,358.505,81326,720,4,0,,0,1,0.512,13.678,13.678
20261005-143933,358.505,81326,855,5,0,,0,1,0.512,12.116,12.116
20261005-143933,358.505,81326,716,3,0,,0,1,0.512,81.472,81.472
20261005-143933,359.029,81326,561,8,1,Resolution,1,1,1.036,83.038,83.038
20261005-143933,359.029,81326,641,7,0,,0,1,0.524,1.556,1.556
20261005-143933,359.029,81326,855,5,0,,0,1,0.524,12.640,12.640
20261005-143933,359.029,81326,716,5,0,,0,1,0.524,81.996,81.996
20261005-143933,359.029,81326,769,5,2,Vigor+Fury,1,1,1.036,1.556,1.556
20261005-143933,359.029,81326,1047,5,0,,0,1,0.524,82.516,82.516
20261005-143933,359.029,81326,515,9,0,,0,1,0.524,,
20261005-143933,364.625,81053,2733,7,1,Might,1,1,5.596,18.236,18.236
20261005-143933,365.145,81053,4426,9,1,Resolution,1,1,6.640,87.590,87.590
20261005-143933,365.145,81053,2182,7,1,Might,1,1,6.640,87.590,87.590
20261005-143933,365.145,81053,2974,8,1,Might,1,1,6.116,6.116,6.116
20261005-143933,366.183,81053,2673,9,1,Might,1,1,1.038,1.038,1.038
20261005-143933,379.471,81053,3324,5,4,Resolution+Might+Stability+Quickness,1,1,20.966,34.644,34.644
20261005-143933,379.471,81053,2582,4,1,Resolution,1,1,14.846,14.846,14.846
20261005-143933,379.471,81053,2546,4,1,Might,1,1,14.326,14.326,14.326
20261005-143933,379.989,81053,2328,5,1,Regeneration,1,1,20.960,,
20261005-143933,379.989,81053,2168,5,4,Regeneration+Resolution+Might+Swiftness,1,1,20.960,102.956,102.956
20261005-143933,379.989,81053,3166,7,4,Resolution+Regeneration+Might+Swiftness,1,1,20.960,103.476,103.476
20261005-143933,380.505,81053,2810,5,1,Might,1,1,15.360,15.360,15.360
20261005-143933,380.905,81053,2582,5,1,Swiftness,1,1,1.434,1.434,1.434
20261005-143933,381.023,81053,2291,7,1,Resolution,1,1,1.552,1.552,1.552
20261005-143933,381.023,81053,2582,5,0,,0,1,0.118,0.118,0.118
20261005-143933,381.023,81053,3161,8,4,Swiftness+Resolution+Regeneration+Resistance,1,1,1.034,1.034,1.034
20261005-143933,381.023,81053,3324,5,4,Resolution+Vigor+Might+Fury,1,1,1.552,1.552,1.552
20261005-143933,381.427,81053,3161,6,0,,0,1,0.404,0.404,0.404
20261005-143933,381.507,81053,2870,9,1,Swiftness,1,1,15.324,15.324,15.324
20261005-143933,382.465,81053,2870,8,0,,0,1,0.958,0.958,0.958
20261005-143933,387.303,81326,1050,6,0,,0,1,6.798,6.798,6.798
20261005-143933,387.305,81326,903,4,4,Might+Alacrity+Resolution+Fury,1,1,5.878,6.282,6.282
20261005-143933,387.305,81326,395,8,1,Might,1,1,6.282,6.282,6.282
20261005-143933,387.305,81326,498,5,1,Swiftness,1,1,28.276,29.832,29.832
20261005-143933,387.305,81326,414,4,4,Might+Alacrity+Resolution+Fury,1,1,7.316,7.316,7.316
20261005-143933,387.305,81326,445,8,1,Might,1,1,7.316,7.316,7.316
20261005-143933,387.305,81326,984,3,4,Regeneration+Might+Stability+Quickness,1,1,6.282,6.282,6.282
20261005-143933,387.827,81326,498,4,0,,0,1,0.522,0.522,0.522
20261005-143933,387.827,81326,445,7,0,,0,1,0.522,0.522,0.522
20261005-143933,387.827,81326,618,2,0,,0,1,0.522,0.522,0.522
20261005-143933,387.827,81326,984,1,0,,0,1,0.522,0.522,0.522
20261005-143933,387.827,81326,395,8,0,,0,1,0.522,0.522,0.522
20261005-143933,387.827,81326,549,5,2,Swiftness+Protection,1,1,28.798,28.798,28.798
20261005-143933,388.351,81326,659,2,0,,0,1,0.524,1.046,1.046
20261005-143933,388.351,81326,494,6,0,,0,1,0.524,1.046,1.046
20261005-143933,388.351,81326,549,5,0,,0,1,0.524,0.524,0.524
20261005-143933,388.863,81326,703,7,1,Regeneration,1,1,1.560,8.358,8.358
20261005-143933,388.863,81326,747,5,4,Fury+Protection+Resistance+Might,1,1,1.558,1.558,1.558
20261005-143933,388.863,81326,707,4,0,,0,1,0.512,1.558,1.558
20261005-143933,388.863,81326,549,6,0,,0,1,0.512,1.036,1.036
20261005-143933,398.271,81053,4546,3,1,Might,1,1,10.444,10.966,10.966
20261005-143933,400.307,81053,9092,7,1,Might,1,1,2.036,2.036,2.036
20261005-143933,400.347,81053,3815,9,1,Protection,1,1,17.882,18.840,18.840
20261005-143933,400.827,81053,6272,9,4,Stability+Fury+Might+Quickness,1,1,11.964,11.964,11.964
20261005-143933,401.341,81053,3095,4,1,Protection,1,1,20.318,20.436,20.436
20261005-143933,401.341,81053,3871,8,4,Fury+Might+Regeneration+Swiftness,1,1,13.514,14.036,14.036
20261005-145748,277.914,81326,730,5,1,Swiftness,1,1,,,
20261005-145748,278.438,81326,587,8,1,Protection,1,1,,,
20261005-145748,278.954,81326,718,6,1,Regeneration,1,1,,,
20261005-145748,279.480,81326,718,7,0,,0,1,0.526,0.526,0.526
20261005-145748,279.480,81326,639,7,1,Resistance,1,1,,,
20261005-145748,323.390,81053,2223,7,1,Swiftness,1,1,,,
20261005-145748,323.390,81053,2569,5,1,Protection,1,1,,,
20261005-145748,323.916,81053,4446,6,0,,0,1,0.526,0.526,0.526
20261005-145748,324.834,81053,2807,2,1,Swiftness,1,1,46.920,46.920,46.920
20261005-145748,324.948,81053,2807,1,0,,0,1,0.114,0.114,0.114
20261005-145748,324.948,81053,2679,7,1,Swiftness,1,1,,,
20261005-145748,325.348,81053,2807,2,0,,0,0,0.400,0.514,0.514
20261005-145748,325.470,81053,1890,5,1,Resolution,1,1,1.554,2.080,2.080
20261005-145748,325.470,81053,2569,4,1,Protection,1,1,2.080,2.080,2.080
20261005-145748,326.390,81053,2807,2,1,Might,1,1,1.042,1.556,1.556
20261005-145748,326.390,81053,4260,6,0,,0,1,0.920,0.920,0.920
20261005-145748,326.390,81053,2255,6,1,Might,1,1,,,
20261005-145748,344.998,81053,2727,7,1,Resolution,1,1,18.608,18.608,18.608
20261005-145748,344.998,81053,3559,7,1,Resistance,1,1,65.518,65.518,65.518
20261005-145748,345.508,81053,5393,6,0,,0,1,0.510,0.510,0.510
20261005-145748,345.510,81053,3634,8,1,Resistance,1,1,,,
20261005-145748,345.510,81053,4333,11,1,Stability,1,1,19.120,19.120,19.120
20261005-145748,345.592,81053,2914,10,1,Stability,1,1,66.112,66.638,66.638
20261005-145748,345.592,81053,2645,11,1,Protection,1,1,19.202,20.122,20.122
20261005-145748,346.034,81053,7898,9,0,,0,1,0.442,0.442,0.442
20261005-145748,346.034,81053,5828,9,0,,0,1,0.442,0.442,0.442
20261005-145748,346.106,81053,1995,9,1,Stability,1,1,20.636,20.636,20.636
20261005-145748,346.548,81053,3198,6,1,Quickness,1,1,1.038,1.038,1.038
20261005-145748,346.636,81053,4047,9,0,,0,1,0.602,1.044,1.044
20261005-145748,349.672,81326,1051,6,1,Regeneration,1,1,24.724,24.724,24.724
20261005-145748,350.710,81326,570,8,1,Might,1,1,5.712,5.712,5.712
20261005-145748,350.710,81326,582,10,1,Swiftness,1,1,4.074,5.118,5.118
20261005-145748,351.236,81326,471,9,1,Resolution,1,1,,,
20261005-145748,351.236,81326,439,9,1,Resolution,1,1,5.130,5.130,5.130
20261005-145748,351.236,81326,471,8,1,Protection,1,1,5.726,5.726,5.726
20261005-145748,351.236,81326,634,7,2,Fury+Alacrity,1,1,1.564,1.564,1.564
20261005-145748,351.236,81326,570,8,1,Might,0,1,0.526,0.526,0.526
20261005-145748,351.236,81326,582,8,0,,0,1,0.526,0.526,0.526
20261005-145748,360.112,81053,2422,10,1,Protection,1,1,14.078,14.520,14.520
20261005-145748,360.112,81053,1658,10,1,Protection,1,1,8.876,8.876,8.876
20261005-145748,360.112,81053,2095,10,1,Protection,1,1,8.876,8.876,8.876
20261005-145748,360.626,81053,3616,9,0,,0,1,0.514,0.514,0.514
20261005-145748,360.626,81053,2475,9,0,,0,1,0.514,0.514,0.514
20261005-145748,360.626,81053,1834,5,1,Regeneration,1,1,82.188,82.188,82.188
20261005-145748,360.626,81053,3128,9,0,,0,1,0.514,0.514,0.514
20261005-145748,361.152,81053,2475,9,0,,0,1,0.526,1.040,1.040
20261005-145748,361.152,81053,3616,8,0,,0,1,0.526,1.040,1.040
20261005-145748,361.546,81053,3616,9,0,,0,1,0.394,1.434,1.434
20261005-145748,361.546,81053,2475,9,0,,0,1,0.394,1.434,1.434
20261005-145748,361.672,81053,2475,9,0,,0,1,0.126,1.560,1.560
20261005-145748,361.672,81053,3616,9,0,,0,1,0.126,1.560,1.560
20261005-145748,362.150,81053,7232,9,0,,0,1,0.478,2.038,2.038
20261005-145748,362.188,81053,2386,9,1,Protection,1,1,10.952,11.478,11.478
20261005-145748,362.188,81053,2658,10,1,Resolution,1,1,1.562,2.076,2.076
20261005-145748,363.714,81053,2450,6,1,Protection,1,1,12.478,12.478,13.004
20261005-145748,379.306,81326,590,8,1,Might,1,1,28.070,28.070,28.070
20261005-145748,379.306,81326,741,6,1,Resolution,1,1,28.070,28.070,28.070
20261005-145748,379.306,81326,958,5,1,Stability,1,1,15.592,15.592,15.592
20261005-145748,379.306,81326,734,7,1,Stability,1,1,33.798,34.308,34.308
20261005-145748,381.316,81053,2238,7,1,Might,1,1,2.010,2.010,2.010
20261005-145748,381.316,81053,2175,7,1,Might,1,1,2.010,2.010,2.010
20261005-145748,407.988,81053,2432,8,1,Regeneration,1,1,45.800,45.800,45.800
20261005-145748,407.988,81053,2657,7,1,Might,1,1,28.682,28.682,28.682
20261005-145748,407.990,81053,1858,7,1,Might,1,1,45.802,45.802,45.802
20261005-145748,407.990,81053,2247,4,1,Resolution,1,1,26.674,26.674,26.674
20261005-145748,407.990,81053,1858,5,1,Might,1,1,61.442,61.442,61.442
20261005-145748,407.990,81053,2064,3,1,Might,1,1,47.364,47.364,47.364
20261005-145748,408.516,81053,4864,7,0,,0,1,0.528,0.528,0.528
20261005-145748,408.516,81053,1858,6,0,,0,1,0.526,0.526,0.526
20261005-145748,408.516,81053,4494,4,0,,0,1,0.526,0.526,0.526
20261005-145748,408.516,81053,3716,5,0,,0,1,0.526,0.526,0.526
20261005-145748,408.516,81053,2064,1,0,,0,1,0.526,0.526,0.526
20261005-145748,408.516,81053,1730,11,1,Protection,1,1,46.844,48.404,48.404
20261005-145748,408.516,81053,1858,10,1,Fury,1,1,29.210,29.210,29.210
20261005-145748,408.516,81053,2527,9,1,Swiftness,1,1,46.366,48.404,48.404
20261005-145748,408.516,81053,2312,5,1,Fury,1,1,27.200,27.200,27.200
20261005-145748,409.030,81053,2652,10,0,,0,1,0.514,0.514,0.514
20261005-145748,409.030,81053,1908,10,0,,0,1,0.514,0.514,0.514
20261005-145748,409.030,81053,4614,4,0,,0,1,0.514,1.040,1.040
20261005-145748,409.030,81053,3816,5,0,,0,1,0.514,1.040,1.040
20261005-145748,409.030,81053,4996,7,0,,0,1,0.514,1.042,1.042
20261005-145748,409.030,81053,2595,9,0,,0,1,0.514,0.514,0.514
20261005-145748,409.426,81053,2498,6,0,,0,1,0.396,1.438,1.438
20261005-145748,409.426,81053,2307,4,0,,0,1,0.396,1.436,1.436
20261005-145748,409.550,81053,2120,1,1,Quickness,1,1,1.034,1.560,1.560
20261005-145748,409.550,81053,2498,6,0,,0,1,0.124,1.562,1.562
20261005-145748,409.948,81053,3846,5,1,Fury,1,1,1.432,1.432,1.432
20261005-145748,409.950,81053,5190,8,0,,0,1,0.920,1.434,1.434
20261005-145748,410.032,81053,1908,9,0,,0,1,1.002,1.516,1.516
20261005-145748,410.032,81053,1830,8,0,,0,1,1.002,1.516,1.516
20261005-145748,410.068,81053,2120,0,0,,0,1,0.518,0.518,0.518
20261005-145748,410.468,81053,2137,3,0,,0,1,0.520,0.520,0.520
20261005-145748,410.544,81053,1830,8,0,,0,1,0.512,2.028,2.028
20261005-145748,410.992,81053,1908,5,1,Swiftness,1,1,2.476,3.002,3.002
20261005-145748,410.992,81053,1830,8,0,,0,1,0.448,2.476,2.476
20261005-145748,410.992,81053,2498,8,1,Protection,1,1,1.442,3.004,3.004
20261005-145748,410.992,81053,2307,6,1,Swiftness,1,1,1.566,3.002,3.002
20261005-145748,410.992,81053,1908,4,1,Might,1,1,1.962,3.002,3.002
20261005-145748,410.992,81053,2137,3,0,,0,1,0.524,1.044,1.044
20261005-145748,410.992,81053,2729,7,1,Resolution,1,1,3.004,3.004,3.004
20261005-145748,411.586,81053,1720,5,0,,0,1,0.594,0.594,0.594
20261005-145748,411.586,81053,1650,8,0,,0,1,0.594,3.070,3.070
20261005-145748,411.586,81053,2080,7,0,,0,1,0.594,0.594,0.594
20261005-145748,411.586,81053,2252,9,0,,0,1,0.594,0.594,0.594
20261005-145748,429.310,81053,1564,8,1,Alacrity,1,1,17.724,20.794,20.794
20261005-145748,429.310,81053,1866,5,1,Fury,1,1,19.242,19.760,19.760
20261005-145748,429.310,81053,1679,9,1,Alacrity,1,1,19.278,20.794,20.794
20261005-145748,429.310,81053,2090,7,1,Might,1,1,18.318,19.362,19.362
20261005-145748,429.310,81053,2284,8,1,Resolution,1,1,19.360,20.794,20.794
20261005-145748,429.310,81053,1866,5,1,Protection,1,1,18.318,18.318,18.318
20261005-145748,429.310,81053,2031,7,1,Fury,1,1,17.724,18.318,18.318
20261005-145748,429.310,81053,1978,8,1,Protection,1,1,17.724,18.318,18.318
20261005-145748,429.312,81053,1679,6,1,Alacrity,1,1,17.726,18.320,18.320
20261005-145748,429.824,81053,2031,7,0,,0,1,0.514,0.514,0.514
20261005-145748,429.824,81053,1679,7,0,,0,1,0.512,0.512,0.512
20261005-145748,429.824,81053,2785,3,0,,0,1,0.514,0.514,0.514
20261005-145748,429.824,81053,1679,7,0,,0,1,0.514,0.514,0.514
20261005-145748,429.824,81053,1866,4,0,,0,1,0.514,0.514,0.514
20261005-145748,429.824,81053,2284,9,0,,0,1,0.514,0.514,0.514
20261005-145748,429.824,81053,1564,7,0,,0,1,0.514,0.514,0.514
20261005-145748,429.824,81053,2402,5,1,Regeneration,1,1,18.832,18.832,18.832
20261005-145748,429.824,81053,2090,6,0,,0,1,0.514,0.514,0.514
20261005-145748,430.350,81053,1679,7,0,,0,1,0.526,1.038,1.038
20261005-145748,430.866,81053,2090,8,1,Swiftness,1,1,1.042,1.556,1.556
20261005-145748,431.350,81053,1679,7,0,,0,1,1.000,2.038,2.038
20261005-145748,451.426,81326,567,7,1,Quickness,1,1,21.602,22.116,22.116
20261005-145748,451.948,81326,527,8,1,Resistance,1,1,22.124,22.638,22.638
20261005-145748,452.460,81326,543,7,0,,0,1,0.512,0.512,0.512
20261005-145748,480.422,81326,593,4,1,Might,1,1,50.598,51.112,51.112
20261005-145748,480.422,81326,611,3,1,Might,1,1,49.556,49.556,49.556
20261005-145748,480.424,81326,491,5,1,Resolution,1,1,28.998,28.998,28.998
20261005-145748,480.948,81326,642,5,1,Regeneration,1,1,49.598,51.636,51.636
20261005-145748,480.948,81326,562,6,1,Alacrity,1,1,51.124,51.638,51.638
20261005-145748,480.948,81326,1023,2,1,Might,1,1,51.124,51.124,51.124
20261005-145748,489.960,80901,10404,7,1,Might,1,1,9.538,9.538,9.538
20261005-145748,489.960,80901,10710,5,1,Might,1,1,9.538,9.538,9.538
20261005-145748,489.960,80901,15961,9,1,Protection,1,1,9.012,9.012,9.012
20261005-145748,489.960,80901,11250,8,1,Might,1,1,9.536,9.536,9.536
20261005-145748,489.960,80901,11703,9,1,Swiftness,1,1,60.136,60.650,60.650
20261005-145748,489.960,80901,13780,10,1,Protection,1,1,60.650,60.650,60.650
20261005-145748,489.960,80901,8604,9,1,Resolution,1,1,9.012,9.012,9.012
20261005-145748,489.960,80901,9561,6,1,Might,1,1,60.136,60.650,60.650
20261005-145748,489.960,80901,5342,10,1,Resolution,1,1,37.500,38.012,38.012
20261005-145748,489.960,80901,2868,9,1,Resolution,1,1,9.012,9.012,9.012
20261005-145748,490.470,80901,7224,9,0,,0,1,0.510,0.510,0.510
20261005-145748,490.470,80901,8619,5,0,,0,1,0.510,0.510,0.510
20261005-145748,490.470,80901,9381,6,0,,0,1,0.510,0.510,0.510
20261005-145748,490.470,80901,7758,9,0,,0,1,0.510,0.510,0.510
20261005-145748,490.470,80901,13959,9,0,,0,1,0.510,0.510,0.510
20261005-145748,490.470,80901,10551,9,0,,0,1,0.510,0.510,0.510
20261005-145748,490.470,80901,3381,7,0,,0,1,0.510,0.510,0.510
20261005-145748,490.988,80901,7224,9,0,,0,1,0.518,1.028,1.028
20261005-145748,490.988,80901,13959,9,0,,0,1,0.518,1.028,1.028
20261005-145748,490.988,80901,7034,10,0,,0,1,0.518,1.028,1.028
20261005-145748,490.988,80901,6084,10,0,,0,1,0.518,1.028,1.028
20261005-145748,491.506,80901,5746,6,1,Might,1,1,1.036,1.546,1.546
20261005-145748,491.506,80901,2586,8,1,Resolution,1,1,1.546,1.546,1.546
20261005-145748,504.948,80901,6138,9,1,Might,1,1,13.960,14.988,14.988
20261005-145748,504.948,80901,2728,7,1,Might,1,1,14.478,14.988,14.988
20261005-145748,504.948,80901,2101,7,1,Might,1,1,13.960,14.988,14.988
20261005-145748,504.948,80901,2808,6,1,Might,1,1,14.988,14.988,14.988
20261005-145748,504.948,80901,2507,7,1,Might,1,1,14.478,14.988,14.988
20261005-145748,504.948,80901,2507,7,1,Might,1,1,13.442,13.442,13.442
20261005-145748,505.462,80901,2460,4,1,Alacrity,1,1,13.956,13.956,13.956
20261005-145748,505.462,80901,4428,7,1,Might,1,1,14.474,15.502,15.502
20261005-145748,505.462,80901,2669,7,1,Protection,1,1,14.474,15.502,15.502
20261005-145748,505.986,80901,3091,7,1,Alacrity,1,1,16.026,16.026,16.026
20261005-145748,505.986,80901,3011,7,1,Alacrity,1,1,1.038,1.038,1.038
20261005-145748,505.986,80901,2755,3,1,Resolution,1,1,1.038,1.038,1.038
20261005-145748,505.986,80901,2409,6,1,Resolution,1,1,1.038,1.038,1.038
20261005-145748,505.986,80901,2061,6,1,Alacrity,1,1,1.038,1.038,1.038
20261005-145748,506.508,80901,2409,7,0,,0,1,0.522,0.522,0.522
20261005-145748,506.508,80901,3011,7,0,,0,1,0.522,0.522,0.522
20261005-145748,506.508,80901,3091,7,0,,0,1,0.522,0.522,0.522
20261005-145748,520.470,80901,3960,6,1,Might,1,1,14.484,14.484,14.484
20261005-145748,520.470,80901,5004,8,1,Might,1,1,15.008,15.008,15.008
20261005-145748,520.470,80901,2626,7,1,Protection,1,1,15.008,15.008,15.008
20261005-145748,520.472,80901,2941,9,1,Stability,1,1,14.486,14.486,14.486
20261005-145748,534.950,80901,2294,9,1,Regeneration,1,1,14.480,14.480,14.480
20261005-145748,534.950,80901,2118,6,1,Regeneration,1,1,28.442,28.964,28.964
20261005-145748,534.950,80901,2648,6,1,Resolution,1,1,28.442,28.964,28.964
20261005-145748,534.950,80901,1946,6,1,Resolution,1,1,30.002,30.002,30.002
20261005-145748,534.950,80901,1946,6,1,Resolution,1,1,29.488,29.488,29.488
20261005-145748,534.950,80901,1946,8,1,Swiftness,1,1,30.002,30.002,30.002
20261005-145748,534.950,80901,1812,7,1,Resolution,1,1,14.480,14.480,14.480
20261005-145748,534.950,80901,2506,7,1,Swiftness,1,1,28.442,28.964,28.964
20261005-145748,534.950,80901,1145,8,1,Resolution,1,1,14.480,14.480,14.480
20261005-145748,534.950,80901,1090,6,1,Resolution,1,1,14.478,14.478,14.478
20261005-145748,535.462,80901,3972,6,0,,0,1,0.512,0.512,0.512
20261005-145748,535.462,80901,3759,5,0,,0,1,0.512,0.512,0.512
20261005-145748,535.462,80901,3435,8,0,,0,1,0.512,0.512,0.512
20261005-145748,535.462,80901,2718,7,0,,0,1,0.512,0.512,0.512
20261005-145748,535.462,80901,2919,6,0,,0,1,0.512,0.512,0.512
20261005-145748,535.462,80901,3177,4,0,,0,1,0.512,0.512,0.512
20261005-145748,535.462,80901,2919,6,0,,0,1,0.512,0.512,0.512
20261005-145748,535.462,80901,2919,4,0,,0,1,0.512,0.512,0.512
20261005-145748,535.462,80901,3441,7,0,,0,1,0.512,0.512,0.512
20261005-145748,535.462,80901,3270,4,0,,0,1,0.512,0.512,0.512
20261005-145748,535.986,80901,3435,8,0,,0,1,0.524,1.036,1.036
20261005-145748,535.986,80901,2718,7,0,,0,1,0.524,1.036,1.036
20261005-145748,535.986,80901,2919,6,0,,0,1,0.524,1.036,1.036
20261005-145748,535.986,80901,3972,6,0,,0,1,0.524,1.036,1.036
20261005-145748,535.986,80901,1059,7,0,,0,1,0.524,1.036,1.036
20261005-145748,535.986,80901,2506,7,0,,0,1,0.524,1.036,1.036
20261005-145748,535.986,80901,1946,6,0,,0,1,0.524,1.036,1.036
20261005-145748,535.986,80901,1946,7,0,,0,1,0.524,1.036,1.036
20261005-145748,536.502,80901,2919,5,0,,0,1,0.516,1.552,1.552
20261005-145748,536.502,80901,2919,6,0,,0,1,0.516,1.552,1.552
20261005-145748,536.502,80901,2448,9,0,,0,1,0.516,1.552,1.552
20261005-145748,536.502,80901,3093,8,0,,0,1,0.516,1.552,1.552
20261005-145748,536.502,80901,3177,7,0,,0,1,0.516,1.552,1.552
20261005-145748,536.502,80901,1191,8,0,,0,1,0.516,1.552,1.552
20261005-203610,243.881,81326,672,9,1,Fury,1,1,,,
20261005-203610,243.881,81326,680,8,1,Fury,1,1,,,
20261005-203610,244.397,81326,672,9,0,,0,1,0.516,0.516,0.516
20261005-203610,244.913,81326,680,9,1,Stability,1,1,1.032,1.032,1.032
20261005-203610,245.435,81326,680,7,0,,0,1,0.522,0.522,0.522
20261005-203610,245.435,81326,612,10,1,Stability,1,1,,,
20261005-203610,245.435,81326,583,9,1,Resolution,1,1,,,
20261005-203610,273.841,81326,676,8,0,,0,1,,,
20261005-203610,274.363,81326,625,6,1,Alacrity,1,1,28.928,28.928,28.928
20261005-203610,274.363,81326,620,8,0,,0,1,,,
20261005-203610,274.363,81326,655,5,1,Alacrity,1,1,28.928,28.928,28.928
20261005-203610,274.363,81326,730,7,1,Resolution,1,1,,,
20261005-203610,274.363,81326,676,8,0,,0,1,0.522,,
20261005-203610,274.363,81326,590,9,0,,0,1,28.928,29.450,29.450
20261005-203610,291.317,81053,3050,7,1,Regeneration,1,1,16.954,,
20261005-203610,291.319,81053,2922,8,1,Swiftness,1,1,46.922,47.438,47.438
20261005-203610,291.835,81053,5902,2,1,Might,1,1,17.472,46.922,46.922
20261005-203610,291.835,81053,2951,6,1,Might,1,1,17.472,17.472,17.472
20261005-203610,292.357,81053,2951,1,0,,0,1,0.522,0.522,0.522
20261005-203610,292.753,81053,3241,8,1,Swiftness,1,1,1.434,1.434,1.434
20261005-203610,292.753,81053,2951,7,0,,0,1,0.918,0.918,0.918
20261005-203610,292.753,81053,3581,7,1,Swiftness,1,1,18.390,18.390,18.390
20261005-203610,293.275,81053,7179,7,1,Protection,1,1,,,
20261005-203610,293.275,81053,5902,7,0,,0,1,0.522,1.440,1.440
20261005-203610,293.275,81053,3274,8,0,,0,1,0.522,0.522,0.522
20261005-203610,293.275,81053,2951,1,0,,0,1,0.918,1.440,1.440
20261005-203610,293.355,81053,3029,5,1,Swiftness,1,1,18.992,,
20261005-203610,293.399,81053,2951,1,0,,0,0,0.124,1.564,1.564
20261005-203610,293.879,81053,3581,7,1,Protection,1,1,1.126,1.126,1.126
20261005-203610,293.879,81053,3274,8,0,,0,1,0.604,1.126,1.126
20261005-203610,294.311,81053,2951,7,0,,0,1,1.036,2.476,2.476
20261005-203610,294.919,81053,4299,7,1,Might,1,1,1.644,1.644,1.644
20261005-203610,294.921,81053,3040,6,0,,0,1,0.610,3.086,3.086
20261005-203610,304.841,81326,757,7,1,Might,1,1,,,
20261005-203610,304.841,81326,696,4,1,Might,1,1,13.524,13.524,13.524
20261005-203610,304.841,81326,658,8,1,Resolution,1,1,9.922,9.922,9.922
20261005-203610,304.841,81326,726,9,1,Swiftness,1,1,11.486,11.486,11.486
20261005-203610,304.841,81326,643,8,1,Swiftness,1,1,30.478,30.478,30.478
20261005-203610,305.355,81326,643,7,0,,0,1,0.514,0.514,0.514
20261005-203610,305.355,81326,736,5,0,,0,1,11.476,11.476,11.476
20261005-203610,305.355,81326,696,4,0,,0,1,0.514,0.514,0.514
20261005-203610,305.355,81326,658,7,0,,0,1,0.514,0.514,0.514
20261005-203610,305.355,81326,757,6,0,,0,1,0.514,0.514,0.514
20261005-203610,305.355,81326,726,8,0,,0,1,0.514,0.514,0.514
20261005-203610,305.357,81326,1195,9,1,Swiftness,1,1,,,
20261005-203610,311.319,81053,4583,11,1,Resolution,1,1,5.964,6.478,6.478
20261005-203610,311.837,81053,6037,8,1,Fury,1,1,6.482,6.996,6.996
20261005-203610,311.837,81053,5909,7,1,Vigor,1,1,6.482,6.996,6.996
20261005-203610,312.873,81053,14464,10,1,Fury,1,1,17.952,21.038,21.038
20261005-204310,249.550,81326,657,8,1,Fury,1,1,,,
20261005-204310,249.550,81326,737,9,1,Resolution,1,1,,,
20261005-204310,249.550,81326,753,8,1,Fury,1,1,,,
20261005-204310,249.550,81326,649,10,1,Resolution,1,1,,,
20261005-204310,249.550,81326,737,9,1,Regeneration,1,1,,,
20261005-204310,250.594,81326,737,7,1,Might,1,1,1.044,1.044,1.044
20261005-204310,251.118,81326,753,7,1,Swiftness,1,1,1.568,1.568,1.568
20261005-204310,251.118,81326,737,8,2,Vigor+Fury,1,1,1.568,1.568,1.568
20261005-204310,251.118,81326,649,8,2,Regeneration+Might,1,1,1.568,1.568,1.568
20261005-204310,251.118,81326,621,9,2,Resolution+Fury,1,1,,,
20261005-204310,251.118,81326,737,7,0,,0,1,0.524,0.524,0.524
20261005-204310,251.118,81326,677,9,2,Resolution+Fury,1,1,,,
20261005-204310,251.118,81326,717,9,2,Resolution+Might,1,1,,,
20261005-204310,278.912,81326,753,7,0,,0,1,,,
20261005-204310,278.912,81326,634,5,0,,0,1,29.362,29.362,29.362
20261005-204310,279.432,81326,696,7,0,,0,1,28.314,28.314,28.314
20261005-204310,279.432,81326,682,6,0,,0,1,28.314,28.314,28.314
20261005-204310,279.948,81326,727,7,0,,0,1,28.830,28.830,28.830
20261005-204310,280.468,81326,808,6,0,,0,1,0.520,29.350,29.350
20261005-204310,280.468,81326,696,7,1,Might,1,1,1.036,29.350,29.350
20261005-204310,280.468,81326,619,6,0,,0,1,,,
20261005-204310,280.468,81326,682,8,1,Might,1,1,1.036,29.350,29.350
20261005-204310,293.712,81053,3459,6,1,Regeneration,1,1,13.244,,
20261005-204310,293.712,81053,5602,4,2,Regeneration+Might,1,1,14.800,44.162,44.162
20261005-204310,293.714,81053,3979,6,1,Resolution,1,1,42.596,43.120,43.120
20261005-204310,294.236,81053,3042,7,1,Vigor,1,1,43.118,43.118,43.118
20261005-204310,294.748,81053,3113,6,1,Regeneration,1,1,1.036,1.036,1.036
20261005-204310,294.748,81053,5653,6,1,Regeneration,1,1,15.836,,
20261005-204310,294.750,81053,3657,8,1,Might,1,1,14.282,43.632,43.632
20261005-204310,295.152,81053,2876,8,1,Fury,1,1,44.034,44.034,44.034
20261005-204310,295.152,81053,5051,3,2,Fury+Might,1,1,1.440,1.440,1.440
20261005-204310,295.274,81053,5051,1,0,,0,1,0.122,0.122,0.122
20261005-204310,295.670,81053,5051,1,0,,0,0,0.396,0.518,0.518
20261005-204310,295.670,81053,7174,6,1,Resolution,1,1,1.956,1.956,1.956
20261005-204310,295.670,81053,3119,5,0,,0,1,0.922,0.922,0.922
20261005-204310,295.748,81053,5096,3,0,,0,1,1.000,1.000,1.000
20261005-204310,296.270,81053,3119,5,0,,0,1,0.600,1.522,1.522
20261005-204310,296.272,81053,3095,5,1,Regeneration,1,1,15.804,15.804,15.804
20261005-204310,296.272,81053,3587,6,0,,0,1,0.602,0.602,0.602
20261005-204310,296.272,81053,5208,5,1,Resistance,1,1,45.154,45.154,45.154
20261005-204310,296.272,81053,3297,5,1,Fury,1,1,1.522,1.522,1.522
20261005-204310,309.668,81326,531,6,1,Might,1,1,13.398,14.920,14.920
20261005-204310,309.670,81326,598,8,1,Fury,1,1,29.202,29.202,29.202
20261005-204310,309.670,81326,605,7,1,Fury,1,1,14.518,14.518,14.518
20261005-204310,309.670,81326,752,10,1,Fury,1,1,13.398,14.000,14.000
20261005-204310,311.232,81326,544,8,1,Resolution,1,1,1.562,1.562,1.562
20261005-204310,311.232,81326,677,10,1,Resolution,1,1,1.562,1.562,1.562
20261005-204310,311.232,81326,667,9,1,Regeneration,1,1,14.960,14.960,14.960
20261005-204310,311.232,81326,598,7,1,Resolution,1,1,1.562,1.562,1.562
20261005-204310,311.232,81326,611,9,1,Resolution,1,1,16.996,16.996,16.996
20261005-204310,311.232,81326,1181,2,0,,0,1,15.562,16.080,16.080
20261005-204310,313.708,81053,7427,11,1,Swiftness,1,1,2.476,2.476,2.476
20261005-205200,242.511,81326,763,8,1,Resolution,1,1,,,
20261005-205200,242.513,81326,763,6,1,Resolution,1,1,,,
20261005-205200,243.037,81326,763,6,0,,0,1,0.524,0.524,0.524
20261005-205200,272.235,81326,720,6,0,,0,1,,,
20261005-205200,272.235,81326,621,7,1,Resolution,1,1,,,
20261005-205200,286.717,81053,3176,7,1,Might,1,1,,,
20261005-205200,287.231,81053,3176,8,0,,0,1,0.514,0.514,0.514
20261005-205200,288.279,81053,3163,6,1,Resolution,1,1,45.242,45.766,45.766
20261005-205200,288.279,81053,3334,6,1,Resolution,1,1,16.044,,
20261005-205200,288.279,81053,2875,11,1,Swiftness,1,1,16.044,16.044,16.044
20261005-205200,288.279,81053,3232,7,1,Protection,1,1,,,
20261005-205200,288.279,81053,5069,7,1,Alacrity,1,1,45.768,45.768,45.768
20261005-205200,288.753,81053,3182,7,1,Might,1,1,1.522,2.036,2.036
20261005-205200,289.271,81053,2560,6,0,,0,1,,,
20261005-205200,289.721,81053,5888,6,1,Swiftness,1,1,1.442,1.442,1.442
20261005-205200,289.721,81053,4720,7,1,Swiftness,1,1,,,
20261005-205200,289.723,81053,2802,9,1,Resolution,1,1,1.444,1.444,1.444
20261005-205200,289.723,81053,6012,7,1,Resolution,1,1,1.444,1.444,1.444
20261005-205200,289.723,81053,5184,7,1,Swiftness,1,1,1.444,1.444,1.444
20261005-205200,289.723,81053,2623,7,1,Resolution,1,1,,,
20261005-205200,289.793,81053,2501,6,0,,0,1,1.514,1.514,1.514
20261005-205200,289.793,81053,2479,8,0,,0,1,,,
20261005-205200,290.319,81053,2802,9,0,,0,1,0.596,0.596,0.596
20261005-205200,290.319,81053,2944,7,0,,0,1,0.598,0.598,0.598
20261005-205200,290.319,81053,2360,6,0,,0,1,0.598,0.598,0.598
20261005-205200,290.319,81053,3006,7,0,,0,1,0.596,0.596,0.596
20261005-205200,290.319,81053,2592,6,0,,0,1,0.596,0.596,0.596
20261005-205200,290.319,81053,2479,8,0,,0,1,0.526,,
20261005-205200,290.319,81053,3182,8,1,Resolution,1,1,1.566,1.566,1.566
20261005-205200,290.321,81053,2501,6,0,,0,1,0.528,2.042,2.042
20261005-205200,302.111,81326,1120,4,0,,0,1,11.792,12.388,12.388
20261005-205200,302.111,81326,741,6,1,Protection,1,1,12.840,,
20261005-205200,302.111,81326,1272,3,0,,0,1,11.792,12.390,12.390
20261005-205200,302.111,81326,1237,5,1,Fury,1,1,11.792,11.792,11.792
20261005-205200,302.111,81326,1211,7,0,,0,1,11.792,12.388,12.388
20261005-205200,302.639,81326,1211,7,0,,0,1,0.528,12.916,12.916
20261005-205200,302.639,81326,1237,5,0,,0,1,0.528,0.528,0.528
20261005-205200,302.639,81326,1120,4,0,,0,1,0.528,12.916,12.916
20261005-205200,302.639,81326,683,7,1,Swiftness,1,1,12.320,12.918,12.918
20261005-205200,302.639,81326,1272,4,0,,0,1,0.528,12.918,12.918
20261005-205200,302.639,81326,1106,5,0,,0,1,0.528,0.528,0.528
20261005-205200,303.155,81326,652,8,1,Protection,1,1,12.834,14.876,14.876
20261005-205200,303.155,81326,683,8,0,,0,1,0.516,0.516,0.516
20261005-205200,306.793,81053,3034,10,1,Protection,1,1,4.154,17.070,17.070
20261005-205200,306.793,81053,2839,9,1,Resolution,1,1,3.638,4.154,4.154
20261005-205200,306.793,81053,2914,9,1,Protection,1,1,16.474,,
20261005-205200,307.317,81053,8378,7,2,Might+Resolution,1,1,4.678,17.594,17.594
20261005-205200,307.317,81053,3254,7,1,Protection,1,1,16.998,17.594,17.594
20261005-205200,307.317,81053,3100,8,2,Might+Resolution,1,1,4.678,5.206,5.206
20261005-205200,307.317,81053,9514,7,1,Might,1,1,4.678,17.596,17.596
20261005-205200,307.317,81053,6068,10,1,Protection,0,1,0.524,0.524,0.524
20261005-205200,307.833,81053,5828,11,1,Regeneration,1,1,1.040,1.040,1.040
20261005-205200,307.833,81053,4627,7,0,,0,1,0.516,0.516,0.516
20261005-205200,307.833,81053,3034,11,0,,0,1,0.516,0.516,1.040
20261005-205200,307.833,81053,2839,11,1,Resolution,1,1,1.040,1.040,1.040
20261005-205200,307.833,81053,3722,7,1,Resolution,1,1,5.194,5.722,5.722
20261005-205200,308.231,81053,2914,9,1,Fury,0,1,0.398,0.398,0.398
20261005-205200,308.357,81053,5828,8,0,,0,1,0.126,0.126,0.524
20261005-205200,308.357,81053,4238,8,0,,0,1,0.524,0.524,0.524
20261005-205200,308.831,81053,5828,8,0,,0,1,0.474,0.600,0.998
20261005-205200,308.831,81053,6750,10,1,Protection,1,1,5.676,5.676,5.676
20261005-205200,308.875,81053,4238,8,0,,0,1,0.518,1.042,1.042
20261005-205200,308.875,81053,4238,6,1,Fury,1,1,19.152,19.152,19.152
20261005-205200,308.875,81053,3034,10,1,Fury,1,1,1.042,1.558,2.082
20261005-205200,309.795,81053,2873,10,1,Resolution,1,1,2.478,2.478,2.478
20261005-205200,309.797,81053,2795,9,1,Resolution,1,1,1.964,2.480,2.480
20261005-205200,309.797,81053,5060,9,1,Resolution,1,1,2.480,2.480,2.480
20261005-205200,309.797,81053,2560,8,0,,0,1,0.922,0.922,0.922
20261005-205200,309.797,81053,5470,9,0,,0,1,0.922,0.922,0.922
20261005-205200,309.879,81053,2248,10,1,Resolution,1,1,2.046,2.046,2.046
20261005-205200,310.399,81053,2530,9,0,,0,1,0.602,0.602,0.602
20261005-205200,310.399,81053,2735,10,0,,0,1,0.602,1.524,1.524
20261005-205200,323.237,81053,3537,7,1,Protection,1,1,13.440,13.440,13.440
20261005-205200,323.761,81053,5356,8,1,Swiftness,1,1,14.886,15.928,15.928
20261005-205200,323.761,81053,6358,8,1,Swiftness,1,1,13.362,14.886,14.886
20261005-205200,324.269,81053,2758,7,0,,0,1,0.508,0.508,0.508
20261005-205200,324.675,81053,3262,4,1,Might,1,1,14.276,14.878,14.878
20261005-205200,324.675,81053,3059,6,0,,0,1,0.406,0.914,0.914
20261005-205200,324.791,81053,5379,4,1,Might,1,1,1.554,1.554,1.554
20261005-205200,324.791,81053,2899,6,1,Might,1,1,14.912,14.912,14.912
20261005-205200,324.793,81053,3262,3,0,,0,1,0.118,0.118,0.118
20261005-205200,324.793,81053,2673,9,1,Fury,1,1,14.996,15.918,15.918
20261005-205200,325.309,81053,3334,8,1,Resolution,1,1,15.514,15.514,15.514
20261005-205200,325.309,81053,2673,8,0,,0,1,0.516,0.516,0.516
20261005-205200,326.239,81053,4849,5,1,Might,1,1,1.448,1.448,1.448
20261005-205200,326.239,81053,3069,5,1,Protection,1,1,18.922,18.922,18.922
20261005-205200,326.239,81053,2613,6,1,Vigor,1,1,1.448,1.448,1.448
20261005-205200,326.241,81053,2758,8,0,,0,1,1.566,2.480,2.480
20261005-205200,326.241,81053,3179,7,1,Might,1,1,2.480,2.480,2.480
20261005-205200,326.837,81053,2410,7,1,Swiftness,1,1,1.528,2.044,2.044
20261005-205200,326.837,81053,2941,8,1,Swiftness,1,1,2.044,2.162,2.162
20261005-205200,342.159,81053,2248,7,1,Resolution,1,1,15.920,15.920,15.920
20261005-205200,342.159,81053,2440,8,1,Might,1,1,33.328,33.328,33.328
20261005-205200,342.159,81053,2559,7,1,Might,1,1,15.918,18.398,18.398
20261005-205200,342.159,81053,3104,5,1,Resolution,1,1,15.920,15.920,15.920
20261005-205200,342.671,81053,2303,8,1,Swiftness,1,1,15.834,15.834,15.834
20261005-205200,343.589,81053,2440,7,1,Regeneration,1,1,1.430,1.430,1.430
20261005-205200,343.589,81053,2734,11,1,Regeneration,1,1,17.348,17.348,17.348
20261005-205200,343.711,81053,3355,8,1,Regeneration,1,1,1.552,1.552,1.552
20261005-205200,343.711,81053,4634,6,1,Regeneration,1,1,1.552,1.552,1.552
20261005-205200,344.115,81053,4634,7,0,,0,1,0.404,0.404,0.404
20261005-205200,344.115,81053,2872,8,1,Resolution,1,1,18.806,18.806,18.806
20261005-205200,344.117,81053,2640,8,1,Fury,1,1,17.878,17.878,17.878
20261005-205200,344.117,81053,2303,5,1,Protection,1,1,1.446,1.446,1.446
20261005-205200,344.231,81053,4634,7,0,,0,1,0.116,0.520,0.520
20261005-205200,344.231,81053,2559,6,1,Fury,1,1,2.072,2.072,2.072
20261005-205200,344.635,81053,2872,8,0,,0,1,0.520,0.520,0.520
20261005-205200,345.151,81053,2703,7,0,,0,1,0.516,1.036,1.036
20261005-205200,370.355,81053,3318,6,1,Fury,1,1,25.204,26.240,26.240
20261005-205200,370.355,81053,2660,3,1,Fury,1,1,26.238,26.238,26.238
20261005-205200,370.355,81053,3227,6,1,Alacrity,1,1,26.124,26.644,26.644
20261005-205200,370.355,81053,3158,8,1,Fury,1,1,26.766,26.766,26.766
20261005-205200,370.355,81053,3180,5,1,Fury,1,1,61.524,62.124,62.522
20261005-205200,370.355,81053,2336,8,1,Might,1,1,26.644,26.644,26.644
20261005-205200,370.869,81053,2847,8,0,,0,1,0.514,0.514,0.514
20261005-205200,370.869,81053,2799,6,0,,0,1,0.514,0.514,0.514
20261005-205200,370.869,81053,2634,6,1,Fury,1,1,44.032,44.032,44.032
20261005-205200,370.869,81053,2341,8,0,,0,1,0.514,0.514,0.514
20261005-205200,371.279,81053,2921,6,0,,0,1,0.410,0.924,0.924
20261005-205200,371.279,81053,3122,8,0,,0,1,0.924,0.924,0.924
20261005-205200,371.279,81053,2443,8,0,,0,1,0.410,0.924,0.924
20261005-205200,371.279,81053,2503,5,0,,0,1,0.924,0.924,0.924
20261005-205200,371.279,81053,2781,7,1,Protection,1,1,27.048,27.048,27.048
20261005-205200,371.279,81053,3037,6,0,,0,1,0.924,0.924,0.924
20261005-205200,371.393,81053,2443,8,0,,0,1,0.114,1.038,1.038
20261005-205200,371.393,81053,4151,6,0,,0,1,0.114,0.114,0.114
20261005-205200,371.393,81053,2921,6,0,,0,1,0.114,1.038,1.038
20261005-205200,371.797,81053,5562,5,0,,0,1,0.404,0.518,0.518
20261005-205200,371.797,81053,4886,8,0,,0,1,0.404,1.442,1.442
20261005-205200,371.871,81053,3122,9,0,,0,1,0.592,1.516,1.516
20261005-205200,371.871,81053,2503,7,0,,0,1,0.592,1.516,1.516
20261005-205200,371.913,81053,2781,5,0,,0,1,0.116,0.634,0.634
20261005-205200,371.913,81053,2443,8,0,,0,1,0.116,1.558,1.558
20261005-205200,372.311,81053,2898,5,0,,0,1,0.398,1.032,1.032
20261005-205200,372.311,81053,2545,8,0,,0,1,0.398,1.956,1.956
20261005-205200,372.837,81053,3164,7,1,Resolution,1,1,1.558,2.482,2.482
20261005-205200,372.837,81053,2985,5,0,,0,1,0.526,1.558,1.558
20261005-205200,372.837,81053,2608,7,0,,0,1,0.966,2.482,2.482
20261005-205200,372.837,81053,4207,6,1,Protection,1,1,28.720,28.720,28.720
20261005-205200,373.315,81326,701,9,1,Resolution,1,1,1.444,2.960,2.960
20261005-205200,373.315,81326,562,7,0,,0,1,0.478,2.960,2.960
20261005-205200,373.315,81326,667,8,1,Protection,1,1,2.446,2.960,2.960
20261005-205200,373.315,81326,609,8,0,,0,1,1.004,2.960,2.960
20261005-205200,373.315,81326,617,6,1,Regeneration,1,1,2.446,2.446,2.446
20261005-205200,373.315,81326,682,5,0,,0,1,0.478,0.478,0.478
20261005-205200,373.433,81053,6405,4,0,,0,1,0.596,0.596,0.596
20261005-205200,373.433,81053,3213,4,2,Protection+Regeneration,1,1,29.844,29.844,29.844
20261005-205200,373.433,81053,2922,5,0,,0,1,0.118,0.118,0.118
20261005-205200,373.433,81053,3227,5,0,,0,1,0.118,0.596,0.596
20261005-205200,373.835,81326,701,9,0,,0,1,0.520,0.520,0.520
20261005-205200,374.353,81326,617,6,0,,0,1,0.920,1.038,1.038
20261005-205200,374.353,81326,1218,4,0,,0,1,0.920,1.516,1.516
20261005-205200,374.353,81326,802,7,0,,0,1,0.920,1.516,1.516
20261005-205200,374.881,81326,802,7,1,Might,0,1,0.528,2.044,2.044
20261005-205200,374.881,81326,1218,4,0,,0,0,0.528,2.044,2.044
20261005-205200,374.881,81326,617,6,1,Might,0,1,0.528,1.566,1.566
20261005-205200,374.881,81326,701,6,1,Might,1,1,1.046,1.566,1.566
20261005-205200,374.881,81326,932,4,1,Might,1,1,2.044,3.602,3.602
20261005-205200,391.443,81053,2856,8,1,Might,1,1,16.562,16.562,18.606
20261005-205200,391.443,81053,2586,9,1,Quickness,1,1,16.562,16.562,18.128
20261005-205200,391.443,81053,3263,10,1,Quickness,1,1,16.562,16.562,16.562
20261005-205200,391.443,81053,2907,6,1,Protection,1,1,18.128,21.088,21.088
20261005-205200,391.443,81053,2298,10,1,Resolution,1,1,18.128,21.088,21.088
20261005-205200,391.957,81053,4568,2,2,Might+Fury,0,1,18.524,18.524,18.524
20261005-205200,391.957,81053,4072,7,0,,0,1,0.514,0.514,0.514
20261005-205200,391.957,81053,5186,3,1,Resistance,1,1,17.076,19.120,19.120
20261005-205200,391.959,81053,3062,8,0,,0,1,0.516,0.516,0.516
20261005-205200,392.991,81053,5752,2,1,Fury,1,1,1.034,1.034,1.034
20261005-205200,392.991,81053,3658,7,1,Regeneration,1,1,18.110,18.110,18.110
20261005-205200,393.393,81053,5752,3,0,,0,1,0.402,0.402,0.402
20261005-205200,393.471,81053,5067,0,0,,0,1,1.514,1.514,20.038
20261005-205200,393.471,81053,5361,5,1,Alacrity,1,1,20.156,20.156,20.156
20261005-205200,393.471,81053,2977,8,1,Alacrity,1,1,2.028,2.028,2.028
20261005-205200,393.995,81053,5752,3,0,,0,1,0.602,1.004,1.004
20261005-205200,403.077,81326,1158,2,1,Might,1,1,11.120,11.634,11.634
20261005-205200,403.077,81326,1105,4,2,Fury+Might,1,1,9.606,11.120,29.644
20261005-205200,403.077,81326,644,4,1,Regeneration,1,1,9.606,9.606,9.606
20261005-205200,403.077,81326,609,7,1,Alacrity,1,1,31.684,32.722,32.722
20261005-205200,403.077,81326,776,5,1,Alacrity,1,1,10.086,10.086,10.086
20261005-205200,403.077,81326,756,6,1,Regeneration,1,1,9.082,10.086,10.086
20261005-205200,403.077,81326,652,9,1,Regeneration,1,1,11.634,11.634,11.634
20261005-205200,403.593,81326,756,5,0,,0,1,0.516,0.516,0.516
20261005-205200,403.593,81326,776,3,0,,0,1,0.516,0.516,0.516
20261005-205200,403.593,81326,1195,6,1,Might,1,1,12.150,12.150,12.150
20261005-205200,403.593,81326,1105,0,0,,0,1,0.516,0.516,0.516
20261005-205200,403.593,81326,1158,0,0,,0,1,0.516,0.516,0.516
20261005-205200,403.593,81326,644,2,0,,0,1,0.516,0.516,0.516
20261005-205200,404.111,81326,1195,5,0,,0,1,0.518,0.518,0.518
20261005-205200,404.633,81326,823,7,1,Might,1,1,12.674,13.190,13.190
20261005-205200,404.633,81326,1158,1,2,Fury+Swiftness,1,1,1.040,1.556,1.556
20261005-205200,404.633,81326,1169,7,2,Resolution+Alacrity,1,1,11.162,11.162,11.162
20261005-205200,404.633,81326,1158,0,0,,1,1,1.040,1.556,1.556
20261005-210554,275.471,81326,675,8,1,Fury,1,1,,,
20261005-210554,275.471,81326,658,8,1,Resolution,1,1,,,
20261005-210554,275.471,81326,798,9,1,Fury,1,1,,,
20261005-210554,275.991,81326,1225,9,1,Resolution,1,1,,,
20261005-210554,276.511,81326,798,8,1,Resolution,1,1,1.040,1.040,1.040
20261005-210554,276.511,81326,658,8,1,Protection,1,1,,,
20261005-210554,276.511,81326,713,4,1,Might,1,1,,,
20261005-210554,277.031,81326,650,6,1,Swiftness,1,1,,,
20261005-212312,255.482,81326,604,6,1,Resolution,1,1,,,
20261005-212312,255.482,81326,754,8,1,Alacrity,1,1,,,
20261005-212312,257.037,81326,628,7,1,Might,1,1,1.555,1.555,1.555
20261005-212312,286.638,81326,664,5,1,Might,1,1,,,
20261005-212312,308.484,81053,3108,8,1,Alacrity,1,1,,,
20261005-212312,308.484,81053,2712,8,1,Alacrity,1,1,,,
20261005-212312,308.484,81053,2849,10,1,Swiftness,1,1,,,
20261005-212312,308.994,81053,5400,9,1,Fury,1,1,22.356,22.356,22.356
20261005-212312,308.996,81053,2931,6,1,Alacrity,1,1,,,
20261005-212312,308.996,81053,5532,7,0,,0,1,0.512,0.512,0.512
20261005-212312,308.996,81053,6342,6,0,,0,1,0.512,0.512,0.512
20261005-212312,308.996,81053,5812,9,0,,0,1,0.512,0.512,0.512
20261005-212312,308.996,81053,6712,9,1,Fury,1,1,,,
20261005-212312,308.996,81053,3074,7,1,Alacrity,1,1,51.959,51.959,51.959
20261005-212312,308.996,81053,6568,10,1,Fury,1,1,,,
20261005-212312,309.008,81053,3038,9,1,Regeneration,1,1,,,
20261005-212312,309.516,81053,3356,9,0,,0,1,0.520,0.520,0.520
20261005-212312,309.516,81053,3038,7,0,,0,1,0.508,0.508,0.508
20261005-212312,309.920,81053,3284,9,0,,0,1,0.924,0.924,0.924
20261005-212312,309.920,81053,3038,6,0,,0,1,0.404,0.912,0.912
20261005-212312,309.920,81053,3356,8,0,,0,1,0.404,0.924,0.924
20261005-212312,310.036,81053,3284,8,0,,0,1,0.116,1.040,1.040
20261005-212312,310.434,81053,3356,7,0,,0,1,0.514,1.438,1.438
20261005-212312,310.434,81053,6076,6,0,,0,1,0.514,1.426,1.426
20261005-212312,310.434,81053,6568,8,0,,0,1,0.398,1.438,1.438
20261005-212312,310.960,81053,6900,8,1,Fury,1,1,55.478,55.478,55.478
20261005-212312,310.960,81053,6568,8,0,,0,1,0.526,1.964,1.964
20261005-212312,310.960,81053,6076,5,0,,0,1,0.526,1.952,1.952
20261005-212312,311.040,81053,3356,6,0,,0,1,0.606,2.044,2.044
20261005-212312,312.078,81053,3110,7,1,Protection,1,1,1.118,1.118,1.118
20261005-212312,315.430,81326,618,7,1,Alacrity,1,1,6.434,6.434,6.434
20261005-212312,315.954,81326,786,8,1,Swiftness,1,1,4.914,6.958,6.958
20261005-212312,316.476,81326,743,7,1,Might,1,1,7.480,7.992,7.992
20261005-212312,330.720,81053,3547,8,1,Might,1,1,19.760,21.724,21.724
20261005-212312,330.720,81053,4265,5,1,Resistance,1,1,14.766,14.766,14.766
20261005-212312,330.720,81053,3343,7,1,Resolution,1,1,18.642,18.642,18.642
20261005-212312,331.236,81053,2658,8,1,Protection,1,1,20.276,22.228,22.228
20261005-212312,331.236,81053,2362,10,1,Protection,1,1,22.242,22.242,22.242
20261005-212312,344.756,81326,1215,7,1,Resolution,1,1,14.036,14.036,14.036
20261005-212312,344.756,81326,671,5,1,Might,1,1,35.760,35.760,35.760
20261005-212312,344.756,81326,796,8,1,Protection,1,1,14.036,14.036,14.036
20261005-212312,344.756,81326,837,9,1,Resolution,1,1,14.036,14.036,14.036
20261005-212312,344.758,81326,789,7,1,Swiftness,1,1,35.762,36.274,36.274
20261005-212312,344.758,81326,727,8,1,Resolution,1,1,13.522,13.522,13.522
20261005-212312,344.758,81326,705,8,1,Regeneration,1,1,35.762,36.274,36.274
20261005-212312,344.758,81326,640,8,1,Might,1,1,29.328,29.328,29.328
20261005-212312,345.274,81326,837,8,0,,0,1,0.518,0.518,0.518
20261005-212312,345.274,81326,1189,8,0,,0,1,0.518,0.518,0.518
20261005-212312,345.360,81053,5243,8,0,,0,1,0.086,0.604,0.604
20261005-212312,345.360,81053,3690,8,0,,0,1,0.086,0.604,0.604
20261005-212312,345.360,81053,3108,8,0,,0,1,0.602,0.602,0.602
20261005-212312,345.360,81053,2822,7,0,,0,1,0.602,0.602,0.602
20261005-212312,345.794,81326,796,9,0,,0,1,0.434,1.038,1.038
20261005-212312,345.794,81326,727,9,1,Resolution,1,1,1.036,1.036,1.036
20261005-212312,345.794,81326,813,7,1,Might,1,1,1.036,1.036,1.036
20261005-212312,345.872,81053,6642,9,0,,0,1,0.512,1.116,1.116
20261005-212312,345.872,81053,5078,8,0,,0,1,0.512,1.114,1.114
20261005-212312,345.872,81053,2797,8,0,,0,1,0.512,1.114,1.114
20261005-212312,346.316,81326,727,8,0,,0,1,0.522,0.522,0.522
20261005-212312,346.316,81326,813,6,0,,0,1,0.522,0.522,0.522
20261005-212312,346.316,81326,796,10,0,,0,1,0.522,1.560,1.560
20261005-212312,346.316,81326,671,8,1,Resistance,1,1,1.560,1.560,1.560
20261005-212312,346.394,81053,3203,8,0,,0,1,0.078,0.600,0.600
20261005-212312,346.396,81053,3977,6,0,,0,1,0.080,0.602,0.602
20261005-212312,346.396,81053,3896,10,0,,0,1,0.080,1.640,1.640
20261005-212312,346.396,81053,3314,8,0,,0,1,0.524,1.638,1.638
20261005-212312,346.396,81053,3684,9,0,,0,1,0.524,1.640,1.640
20261005-212312,346.792,81053,3684,9,0,,0,1,0.396,2.036,2.036
20261005-212312,346.918,81053,3684,9,0,,0,1,0.126,2.162,2.162
20261005-212312,346.918,81053,3896,9,0,,0,1,0.522,2.162,2.162
20261005-212312,346.918,81053,3282,7,0,,0,1,0.602,0.602,0.602
20261005-212312,346.918,81053,3103,10,1,Swiftness,1,1,1.046,2.160,2.160
20261005-212312,348.360,81053,3861,6,1,Protection,1,1,1.964,2.566,2.566
20261005-212312,348.360,81053,3314,8,1,Might,1,1,1.964,3.602,3.602
20261005-212312,348.362,81053,5380,6,1,Resolution,1,1,17.126,17.126,17.126
20261005-212312,348.362,81053,3203,8,1,Resolution,1,1,1.968,2.568,2.568
20261005-212312,348.362,81053,3178,9,1,Vigor,1,1,1.444,1.444,1.444
20261005-212312,348.362,81053,3282,7,1,Might,1,1,1.444,2.046,2.046
20261005-212312,348.362,81053,3762,7,1,Might,1,1,31.886,31.886,31.886
20261005-212312,348.956,81053,3314,8,0,,0,1,0.596,0.596,0.596
20261005-212312,348.956,81053,4781,6,0,,0,1,0.594,0.594,0.594
20261005-212312,348.958,81053,4898,5,0,,0,1,0.598,0.598,0.598
20261005-212312,348.958,81053,3282,7,0,,0,1,0.596,0.596,0.596
20261005-212312,348.958,81053,3762,8,0,,0,1,0.596,0.596,0.596
20261005-212312,348.958,81053,5380,5,0,,0,1,0.596,0.596,0.596
20261005-212312,348.958,81053,3103,8,0,,0,1,0.596,0.596,0.596
20261005-212312,366.440,81053,3001,7,1,Protection,1,1,17.482,18.078,18.078
20261005-212312,366.440,81053,6591,6,1,Regeneration,1,1,21.684,21.684,21.684
20261005-212312,366.440,81053,7670,8,1,Protection,1,1,17.482,18.078,18.078
20261005-212312,366.440,81053,3174,7,1,Protection,1,1,17.482,18.080,18.080
20261005-212312,366.440,81053,8171,5,1,Protection,1,1,17.482,18.078,18.078
20261005-212312,366.440,81053,5967,6,1,Regeneration,1,1,17.482,18.078,18.078
20261005-212312,366.440,81053,3561,7,1,Protection,1,1,17.484,18.080,18.080
20261005-212312,366.440,81053,6450,7,1,Regeneration,1,1,19.522,21.684,21.684
20261005-212312,366.440,81053,8358,6,1,Protection,1,1,19.522,21.684,21.684
20261005-212312,366.558,81053,4793,6,0,,0,1,0.118,0.118,0.118
20261005-212312,366.558,81053,4795,5,0,,0,1,0.118,0.118,0.118
20261005-212312,366.558,81053,4272,6,0,,0,1,0.118,0.118,0.118
20261005-212312,366.558,81053,4896,4,0,,0,1,0.118,0.118,0.118
20261005-212312,366.558,81053,3058,7,0,,0,1,0.118,0.118,0.118
20261005-212312,366.558,81053,3125,6,0,,0,1,0.118,0.118,0.118
20261005-212312,366.558,81053,2829,6,0,,0,1,0.118,0.118,0.118
20261005-212312,366.558,81053,4400,7,0,,0,1,0.118,0.118,0.118
20261005-212312,366.558,81053,4487,6,0,,0,1,0.118,0.118,0.118
20261005-212312,366.958,81053,8148,6,0,,0,1,0.400,0.518,0.518
20261005-212312,366.958,81053,8544,6,0,,0,1,0.400,0.518,0.518
20261005-212312,366.958,81053,4896,4,0,,0,0,0.400,0.518,0.518
20261005-212312,366.958,81053,8974,6,0,,0,1,0.400,0.518,0.518
20261005-212312,366.958,81053,6250,6,0,,0,1,0.400,0.518,0.518
20261005-212312,366.958,81053,5658,6,0,,0,1,0.400,0.518,0.518
20261005-212312,366.958,81053,6116,7,0,,0,1,0.400,0.518,0.518
20261005-212312,366.958,81053,9590,5,0,,0,1,0.400,0.518,0.518
20261005-212312,366.958,81053,7262,7,0,,0,1,0.400,0.518,0.518
20261005-212312,367.040,81053,2793,6,1,Resolution,1,1,18.084,18.678,18.678
20261005-212312,367.472,81053,6116,5,0,,0,1,0.514,1.032,1.032
20261005-212312,367.472,81053,5724,7,0,,0,1,0.514,1.032,1.032
20261005-212312,367.472,81053,8148,5,0,,0,1,0.514,1.032,1.032
20261005-212312,367.472,81053,8338,3,0,,0,1,0.432,0.432,0.432
20261005-212312,367.472,81053,2829,3,0,,0,0,0.514,1.032,1.032
20261005-212312,367.558,81053,4487,5,0,,0,1,0.600,1.118,1.118
20261005-212312,367.558,81053,4272,5,0,,0,0,0.600,1.118,1.118
20261005-212312,367.558,81053,3125,4,0,,0,1,0.600,1.118,1.118
20261005-212312,368.070,81053,5328,1,1,Might,1,1,1.112,1.630,1.630
20261005-212312,368.070,81053,5440,1,1,Alacrity,1,1,1.112,1.630,1.630
20261005-212903,249.309,81326,626,6,1,Resistance,1,1,,,
20261005-212903,249.833,81326,780,9,1,Protection,1,1,,,
20261005-212903,249.833,81326,737,9,1,Resolution,1,1,,,
20261005-212903,249.833,81326,649,8,1,Resolution,1,1,,,
20261005-212903,250.351,81326,649,6,0,,0,1,0.518,0.518,0.518
20261005-212903,250.351,81326,737,7,0,,0,1,0.518,0.518,0.518
20261005-212903,250.351,81326,1164,7,0,,0,1,0.518,0.518,0.518
20261005-212903,250.351,81326,657,9,1,Resolution,1,1,,,
20261005-212903,250.351,81326,641,8,1,Swiftness,1,1,,,
20261005-212903,250.871,81326,717,5,1,Fury,1,1,,,
20261005-212903,250.871,81326,657,9,1,Swiftness,1,1,,,
20261005-212903,250.871,81326,674,10,1,Resolution,1,1,,,
20261005-212903,278.791,81326,796,1,1,Resistance,1,1,,,
20261005-212903,278.793,81326,890,2,1,Resistance,1,1,29.484,29.484,29.484
20261005-212903,278.793,81326,610,5,1,Resistance,1,1,28.442,28.442,28.442
20261005-212903,279.313,81326,796,0,0,,0,1,0.522,0.522,0.522
20261005-212903,280.351,81326,610,3,1,Might,1,1,1.558,1.558,1.558
20261005-212903,280.351,81326,890,1,1,Quickness,1,1,1.558,1.558,1.558
20261005-214922,254.107,81326,772,6,1,Swiftness,1,1,,,
20261005-214922,254.107,81326,690,7,1,Stability,1,1,,,
20261005-214922,254.631,81326,619,8,1,Resolution,1,1,,,
20261005-214922,255.149,81326,572,7,1,Resolution,1,1,,,
20261005-214922,284.187,81326,567,6,0,,0,1,30.080,30.080,30.080
20261005-214922,284.187,81326,1020,5,1,Might,1,1,29.038,29.038,29.038
20261005-214922,284.187,81326,690,7,0,,0,1,,,
20261005-214922,284.711,81326,1020,5,0,,0,1,0.524,0.524,0.524
20261005-214922,284.711,81326,567,6,0,,0,1,0.524,30.604,30.604
20261005-214922,284.711,81326,690,9,0,,0,1,0.524,,
20261005-214922,285.233,81326,690,9,0,,0,1,0.522,,
20261005-214922,285.233,81326,567,6,0,,0,1,0.522,31.126,31.126
20261005-214922,285.233,81326,509,8,1,Protection,1,1,30.602,30.602,30.602
20261005-214922,294.709,81053,3302,10,1,Fury,1,1,9.476,9.476,9.476
20261005-214922,294.709,81053,3134,7,1,Swiftness,1,1,,,
20261005-214922,294.709,81053,3704,10,1,Swiftness,1,1,40.602,40.602,40.602
20261005-214922,294.709,81053,3626,8,1,Regeneration,1,1,,,
20261005-214922,294.709,81053,3053,7,1,Swiftness,1,1,9.998,10.522,10.522
20261005-214922,295.237,81053,7252,7,0,,0,1,0.528,0.528,0.528
20261005-214922,295.237,81053,3134,7,0,,0,1,0.528,0.528,0.528
20261005-214922,295.237,81053,3704,9,0,,0,1,0.528,0.528,0.528
20261005-214922,295.237,81053,3393,7,0,,0,1,0.528,0.528,0.528
20261005-214922,295.237,81053,3625,10,1,Fury,1,1,10.004,,
20261005-214922,295.753,81053,3311,7,1,Stability,1,1,10.520,41.646,41.646
20261005-214922,295.753,81053,3393,6,0,,0,1,0.516,1.044,1.044
20261005-214922,295.753,81053,3807,8,1,Stability,1,1,,,
20261005-214922,296.153,81053,3704,9,0,,0,1,0.916,1.444,1.444
20261005-214922,296.271,81053,3704,9,0,,0,1,0.118,1.562,1.562
20261005-214922,296.271,81053,2972,11,1,Swiftness,1,1,1.562,1.562,1.562
20261005-214922,296.669,81053,3311,6,0,,0,1,0.916,0.916,0.916
20261005-214922,296.671,81053,3393,7,0,,0,1,0.918,1.962,1.962
20261005-214922,296.671,81053,3704,9,0,,0,1,0.400,1.962,1.962
20261005-214922,296.671,81053,3625,10,1,Swiftness,1,1,1.434,1.434,1.434
20261005-214922,296.747,81053,2972,10,0,,0,1,0.476,0.476,0.476
20261005-214922,296.747,81053,3134,7,1,Swiftness,1,1,1.510,2.038,2.038
20261005-214922,296.793,81053,3807,9,1,Protection,1,1,1.040,1.040,1.040
20261005-214922,296.793,81053,3704,9,0,,0,1,0.122,2.084,2.084
20261005-214922,296.793,81053,3625,9,0,,0,1,0.122,0.122,0.122
20261005-214922,296.793,81053,3393,7,0,,0,1,0.122,2.084,2.084
20261005-214922,297.189,81053,6680,9,0,,0,1,0.396,2.480,2.480
20261005-214922,297.271,81053,2679,11,0,,0,1,0.524,1.000,1.000
20261005-214922,297.271,81053,3268,9,0,,0,1,0.478,0.600,0.600
20261005-214922,315.473,81053,4279,7,1,Resolution,1,1,,,
20261005-214922,317.517,81053,4198,7,1,Might,1,1,2.044,2.044,2.044
20261005-214922,317.951,81053,3026,6,1,Swiftness,1,1,21.204,21.204,21.204
20261005-214922,318.039,81053,3710,9,1,Might,1,1,20.768,21.368,21.368
20261005-214922,318.039,81053,4198,6,0,,0,1,0.522,0.522,0.522
20261005-214922,318.039,81053,4985,6,1,Might,1,1,22.802,23.330,23.330
20261005-214922,318.039,81053,3898,8,1,Resolution,1,1,,,
20261005-214922,318.553,81053,3785,7,0,,0,1,0.514,1.036,1.036
20261005-214922,319.073,81053,4453,7,0,,0,1,0.520,1.556,1.556
20261005-214922,332.225,81053,3960,6,1,Resolution,1,1,14.186,14.186,14.186
20261005-214922,332.225,81053,4266,9,1,Regeneration,1,1,13.152,14.708,14.708
20261005-214922,332.227,81053,2725,10,1,Might,1,1,35.434,35.434,35.434
20261005-214922,332.751,81053,4393,7,0,,0,1,0.526,0.526,0.526
20261005-214922,332.751,81053,3023,9,0,,0,1,0.524,0.524,0.524
20261005-214922,333.155,81053,3023,9,0,,0,1,0.404,0.928,0.928
20261005-214922,333.155,81053,4181,6,4,Swiftness+Protection+Resistance+Stability,1,1,15.116,15.116,15.116
20261005-214922,333.273,81053,4731,4,4,Alacrity+Might+Quickness+Resolution,1,1,36.480,38.564,38.564
20261005-214922,333.273,81053,3428,9,1,Protection,1,1,36.002,37.002,37.002
20261005-214922,333.273,81053,3846,8,1,Protection,1,1,36.084,38.564,38.564
20261005-214922,333.273,81053,6241,4,0,,0,1,0.118,0.118,0.118
20261005-214922,334.273,81053,4266,3,0,,0,1,1.000,1.000,1.000
20261005-214922,351.513,81053,3027,4,1,Swiftness,1,1,33.562,33.562,33.562
20261005-214922,352.551,81053,3792,8,1,Protection,1,1,19.278,19.278,19.278
20261005-214922,352.951,81053,3712,2,1,Might,1,1,34.912,34.912,34.912
20261005-214922,352.951,81053,3509,9,1,Resolution,1,1,20.200,20.726,20.726
20261005-214922,352.951,81053,2813,6,4,Might+Resolution+Regeneration+Fury,1,1,18.678,19.678,19.678
20261005-214922,352.951,81053,5655,9,1,Might,1,1,19.678,19.678,19.678
20261005-214922,353.073,81053,2917,8,0,,0,1,0.122,0.122,0.122
20261005-214922,353.473,81053,7095,6,0,,0,1,0.922,0.922,0.922
20261005-214922,353.473,81053,8543,9,4,Regeneration+Resolution+Resistance+Protection,1,1,20.200,20.318,20.318
20261005-214922,353.547,81053,2813,3,0,,0,1,0.596,0.596,0.596
20261005-214922,353.547,81053,3051,7,1,Regeneration,1,1,56.878,57.794,57.794
20261005-214922,353.547,81053,3509,7,0,,0,1,0.596,0.596,0.596
20261005-214922,353.547,81053,2981,6,1,Protection,1,1,20.392,21.320,21.320
20261005-214922,354.589,81053,5235,6,1,Might,1,1,1.042,1.042,1.042
20261005-214922,379.469,81053,3256,10,1,Protection,1,1,27.956,27.956,27.956
20261005-214922,379.469,81053,3087,10,1,Resolution,1,1,26.396,26.518,26.518
20261005-214922,379.991,81053,3767,8,1,Might,1,1,27.040,27.040,27.040
20261005-214922,379.991,81053,4859,8,0,,0,1,0.522,0.522,0.522
20261005-214922,379.991,81053,6245,3,4,Resolution+Quickness+Swiftness+Regeneration,1,1,26.518,26.518,26.518
20261005-214922,380.513,81053,3767,9,0,,0,1,0.522,0.522,0.522
20261005-214922,380.513,81053,3087,8,1,Resolution,1,1,1.044,1.044,1.044
20261005-214922,380.513,81053,4859,7,0,,0,1,0.522,1.044,1.044
20261005-214922,380.911,81053,3767,9,0,,0,1,0.398,0.920,0.920
20261005-214922,380.911,81053,4859,8,0,,0,1,0.398,1.442,1.442
20261005-214922,380.911,81053,3087,7,0,,0,1,0.398,0.398,0.398
20261005-214922,380.911,81053,4734,6,1,Quickness,1,1,48.686,48.686,48.686
20261005-214922,380.911,81053,7508,2,2,Resolution+Swiftness,1,1,27.438,28.360,28.360
20261005-214922,381.029,81053,3087,8,0,,0,1,0.118,0.516,0.516
20261005-214922,381.029,81053,4859,8,0,,0,1,0.118,1.560,1.560
20261005-214922,381.029,81053,3767,9,0,,0,1,0.118,1.038,1.038
20261005-214922,381.435,81053,5053,5,0,,0,1,0.524,0.524,0.524
20261005-214922,381.509,81053,8206,9,0,,0,1,0.480,1.518,1.518
20261005-214922,381.509,81053,10586,8,0,,0,1,0.480,2.040,2.040
20261005-214922,381.509,81053,3295,8,0,,0,0,0.480,0.996,0.996
20261005-214922,381.553,81053,3956,5,1,Might,1,1,28.006,28.602,28.602
20261005-214922,381.553,81053,4515,6,1,Resolution,1,1,26.964,26.964,26.964
20261005-214922,381.553,81053,3095,9,1,Might,1,1,28.006,28.006,28.006
20261005-214922,383.067,81053,7508,4,2,Stability+Fury,1,1,2.156,2.156,2.156
20261005-214922,383.067,81053,5260,0,0,,1,1,29.520,30.116,30.116
20261005-214922,391.467,81326,707,4,1,Swiftness,1,1,9.958,10.954,10.954
20261005-214922,391.467,81326,776,6,1,Protection,1,1,9.958,11.476,11.476
20261005-214922,391.989,81326,857,4,1,Might,1,1,10.436,10.436,10.436
20261005-214922,391.989,81326,815,4,1,Fury,0,1,10.436,10.436,10.436
20261005-214922,391.989,81326,1159,5,0,,0,1,0.522,0.522,0.522
20261005-214922,391.989,81326,739,6,1,Regeneration,0,1,10.480,12.520,12.520
20261005-214922,392.513,81326,815,4,0,,0,1,0.524,0.524,10.960
20261005-214922,392.513,81326,776,6,4,Swiftness+Regeneration+Protection+Might,1,1,12.522,12.522,12.522
20261005-214922,392.513,81326,1159,5,0,,0,1,0.524,1.046,1.046
20261005-214922,392.513,81326,707,3,1,Swiftness,1,1,1.046,1.046,1.046
20261005-214922,392.513,81326,574,4,0,,0,1,0.524,0.524,0.524
20261005-214922,402.108,81053,6906,10,1,Fury,1,1,10.119,10.119,22.639
20261005-214922,402.108,81053,13598,6,1,Fury,1,1,9.595,10.119,20.555
20261005-214922,402.625,81053,6973,8,0,,0,1,0.517,0.517,0.517
20261005-220403,258.311,81326,732,7,1,Resolution,1,1,,,
20261005-220403,258.829,81326,955,6,1,Protection,1,1,,,
20261005-220403,258.831,81326,732,6,0,,0,1,0.520,0.520,0.520
20261005-220403,287.755,81326,712,4,1,Might,1,1,,,
20261005-220403,288.789,81326,1189,4,1,Regeneration,1,1,29.960,29.960,29.960
20261005-220403,289.317,81326,712,5,1,Might,1,1,1.562,1.562,1.562
20261005-220403,297.315,81053,4568,7,1,Fury,1,1,,,
20261005-220403,297.315,81053,2622,10,2,Swiftness+Fury,1,1,,,
20261005-220403,297.825,81053,3288,6,2,Might+Fury,1,1,8.508,8.508,8.508
20261005-220403,298.231,81053,2922,8,1,Might,1,1,,,
20261005-220403,298.231,81053,2985,7,2,Protection+Might,1,1,9.442,9.442,9.442
20261005-220403,298.353,81053,2922,6,0,,0,1,0.122,0.122,0.122
20261005-220403,298.747,81053,8912,5,0,,0,1,0.516,0.516,0.516
20261005-220403,298.829,81053,5844,9,0,,0,1,0.476,0.598,0.598
20261005-220403,298.829,81053,2694,10,1,Swiftness,1,1,39.998,40.518,40.518
20261005-220403,298.829,81053,5322,7,1,Swiftness,1,1,,,
20261005-220403,299.269,81053,4694,7,2,Fury+Alacrity,1,1,,,
20261005-220403,299.353,81053,2694,9,0,,0,1,0.524,0.524,0.524
20261005-220403,299.793,81053,5206,5,0,,0,1,0.524,0.524,0.524
20261005-220403,299.793,81053,2378,7,1,Might,1,1,2.478,2.478,2.478
20261005-220403,299.793,81053,2989,9,0,,0,1,0.440,0.964,0.964
20261005-220403,299.793,81053,2952,7,0,,0,1,0.964,0.964,0.964
20261005-220403,300.389,81053,2378,6,0,,0,1,0.596,0.596,0.596
20261005-220403,300.389,81053,3211,9,2,Might+Resolution,1,1,3.074,3.074,3.074
20261005-220403,317.509,81326,589,10,1,Resolution,1,1,17.716,18.680,18.680
20261005-220403,317.509,81326,525,10,2,Resolution+Resistance,1,1,19.684,19.684,19.684
20261005-220403,317.511,81326,743,8,1,Resolution,1,1,,,
20261005-220403,318.033,81326,725,7,2,Alacrity+Might,1,1,19.286,19.802,19.802
20261005-220403,318.033,81326,788,7,1,Resolution,1,1,19.204,19.802,19.802
20261005-220403,318.075,81053,2368,8,1,Swiftness,1,1,18.282,19.246,19.246
20261005-220403,318.075,81053,3568,6,0,,0,1,0.042,0.042,0.042
20261005-220403,318.075,81053,3156,9,1,Might,1,1,,,
20261005-220403,318.547,81326,633,6,2,Swiftness+Might,1,1,18.754,19.278,19.278
20261005-220403,318.549,81326,523,7,0,,0,1,0.474,0.474,0.474
20261005-220403,318.593,81053,3211,7,0,,0,1,0.518,0.560,0.560
20261005-220403,318.593,81053,2368,7,0,,0,1,0.044,0.518,0.518
20261005-220403,318.593,81053,3645,5,0,,0,1,0.560,0.560,0.560
20261005-220403,319.073,81326,892,4,2,Fury+Might,1,1,18.684,18.684,18.684
20261005-220403,319.073,81326,709,6,0,,0,1,0.480,1.040,1.040
20261005-220403,319.073,81326,525,9,2,Alacrity+Protection,1,1,1.564,1.564,1.564
20261005-220403,319.075,81326,633,4,0,,0,1,0.528,0.528,0.528
20261005-220403,319.075,81326,697,7,0,,0,1,1.000,1.000,1.000
20261005-220403,319.075,81326,523,7,0,,0,1,0.482,1.000,1.000
20261005-220403,319.113,81053,3645,5,0,,0,1,0.520,1.080,1.080
20261005-220403,319.517,81053,2375,7,0,,0,1,0.444,0.444,0.444
20261005-220403,319.517,81053,3156,9,0,,0,1,0.442,1.442,1.442
20261005-220403,319.517,81053,2368,8,0,,0,1,0.442,1.442,1.442
20261005-220403,319.627,81053,2352,8,1,Resolution,1,1,19.238,19.834,19.834
20261005-220403,319.627,81053,4476,4,0,,0,1,0.554,0.554,0.554
20261005-220403,319.627,81053,2955,8,0,,0,1,2.118,2.118,2.118
20261005-220403,320.113,81053,2352,8,0,,0,1,0.486,0.486,0.486
20261005-220403,320.113,81053,5910,9,0,,0,1,0.486,2.604,2.604
20261005-220403,320.113,81053,5254,8,0,,0,1,0.596,2.038,2.038
20261005-220403,320.113,81053,5268,8,0,,0,1,0.596,1.040,1.040
20261005-220403,320.151,81053,3500,9,0,,0,1,0.634,2.076,2.076
20261005-220403,321.669,81053,2627,9,2,Might+Swiftness,1,1,2.594,3.122,3.122
20261005-220403,321.669,81053,3271,9,1,Alacrity,1,1,2.596,3.636,3.636
20261005-220403,321.669,81053,3436,11,1,Might,1,1,4.158,4.158,4.158
20261005-220403,321.669,81053,2681,11,1,Might,1,1,1.556,3.594,3.594
20261005-220403,334.875,81053,2606,7,1,Resolution,1,1,13.206,13.206,13.206
20261005-220403,335.403,81053,3340,9,1,Resistance,1,1,13.734,13.734,13.734
20261005-220403,335.403,81053,2606,6,0,,0,1,0.528,0.528,0.528
20261005-220403,336.307,81053,3635,5,0,,0,1,0.904,1.432,1.432
20261005-220403,336.905,81053,3278,5,0,,0,1,0.598,2.030,2.030
20261005-220403,337.435,81053,3992,3,1,Resolution,1,1,15.766,15.766,15.766
20261005-220403,338.471,81053,3206,9,2,Resistance+Swiftness,1,1,16.802,16.802,16.802
20261005-220403,356.073,81053,3118,11,2,Resolution+Resistance,1,1,36.446,37.000,37.000
20261005-220403,356.073,81053,2739,7,2,Might+Resolution,1,1,35.960,37.000,37.000
20261005-220403,356.075,81053,3035,9,1,Swiftness,1,1,35.962,38.566,38.566
20261005-220403,356.075,81053,3275,10,1,Resolution,1,1,35.924,38.000,38.000
20261005-220403,356.075,81053,3747,6,1,Resolution,1,1,19.170,21.200,21.200
20261005-220403,356.075,81053,3500,9,1,Resolution,1,1,20.672,20.672,20.672
20261005-220403,356.597,81053,3703,11,1,Fury,1,1,19.162,19.162,19.162
20261005-220403,357.115,81053,3703,10,0,,0,1,0.518,0.518,0.518
20261005-220403,357.115,81053,2974,10,2,Might+Quickness,1,1,18.644,18.644,18.644
20261005-220403,357.511,81053,2974,8,0,,0,1,0.396,0.396,0.396
20261005-220403,357.511,81053,3703,10,0,,0,1,0.396,0.914,0.914
20261005-220403,357.629,81053,3118,10,2,Protection+Resolution,1,1,1.556,1.556,1.556
20261005-220403,358.107,81053,9308,8,0,,0,1,0.478,0.478,0.478
20261005-220403,358.637,81053,3747,4,1,Regeneration,1,1,2.562,2.562,2.562
20261005-220403,358.637,81053,3414,8,1,Protection,1,1,2.562,2.562,2.562
20261005-220403,359.153,81053,3372,4,0,,0,1,0.516,0.516,0.516
20261005-220403,359.153,81053,4203,6,2,Fury+Protection,1,1,40.040,41.120,41.120
20261005-220403,359.667,81053,5646,6,0,,0,1,0.514,0.514,0.514
20261005-220403,359.667,81053,3035,8,0,,0,1,0.514,1.030,1.030
20261005-220403,359.667,81053,3043,8,2,Resolution+Fury,1,1,3.594,3.594,3.594
20261005-220403,359.667,81053,3703,10,1,Might,1,1,2.156,3.070,3.070
20261005-220403,359.667,81053,3414,8,1,Protection,1,1,1.030,1.030,1.030
20261005-220403,359.667,81053,3889,7,1,Protection,1,1,3.592,3.592,3.592
20261005-220403,374.305,81053,4427,7,3,Regeneration+Fury+Might,1,1,14.638,15.152,15.152
20261005-220403,374.305,81053,3371,8,1,Regeneration,1,1,18.230,18.230,18.230
20261005-220403,374.305,81053,3132,7,2,Protection+Alacrity,1,1,16.794,17.190,17.190
20261005-220403,374.305,81053,2862,7,2,Protection+Alacrity,1,1,54.192,54.678,54.678
20261005-220403,374.827,81053,6394,10,2,Might+Fury,1,1,15.160,16.190,16.190
20261005-220403,374.827,81053,4427,5,0,,0,1,0.522,0.522,0.522
20261005-220403,374.827,81053,3371,9,0,,0,1,0.522,0.522,0.522
20261005-220403,374.827,81053,4675,5,0,,0,1,0.522,0.522,0.522
20261005-220403,374.827,81053,8542,5,0,,0,1,0.522,0.522,0.522
20261005-220403,375.351,81053,3197,8,0,,0,1,0.524,0.524,0.524
20261005-220403,375.351,81053,4675,5,0,,0,1,0.524,1.046,1.046
20261005-220403,375.747,81053,3552,8,0,,0,1,0.396,0.920,0.920
20261005-220403,375.865,81053,7104,8,0,,0,1,0.118,1.038,1.038
20261005-220403,375.865,81053,6264,6,0,,0,1,0.514,1.560,1.560
20261005-220403,376.273,81053,3252,8,0,,0,1,0.408,1.446,1.446
20261005-220403,377.305,81053,3261,9,2,Resolution+Vigor,1,1,17.638,17.638,17.638
20261005-220403,377.305,81053,3186,7,2,Fury+Resistance,1,1,1.440,3.000,3.000
20261005-220403,386.671,81326,726,6,1,Resolution,1,1,9.366,9.366,9.366
20261005-220403,386.671,81326,619,10,1,Swiftness,1,1,11.844,12.366,12.366
20261005-220403,386.671,81326,660,9,1,Resolution,1,1,27.004,27.004,27.004
20261005-220403,386.671,81326,652,8,2,Resolution+Resistance,1,1,10.398,11.844,11.844
20261005-220403,386.671,81326,716,8,1,Might,1,1,27.004,27.004,27.004
20261005-220403,386.671,81326,752,9,1,Resolution,1,1,27.004,27.004,27.004
20261005-220403,387.193,81326,525,9,2,Protection+Vigor,1,1,12.366,12.888,12.888
20261005-220403,391.067,81053,4021,8,2,Might+Fury,1,1,13.762,13.762,13.762
20261005-220403,391.591,81053,3000,7,2,Protection+Fury,1,1,4.398,4.398,4.398
20261005-220403,391.591,81053,8808,9,1,Protection,1,1,4.920,4.920,4.920
20261005-220403,392.109,81053,3418,7,2,Swiftness+Fury,1,1,1.042,1.042,1.042
20261005-220403,392.109,81053,5490,8,0,,0,1,0.518,0.518,0.518
20261005-220403,392.505,81053,4950,8,0,,0,1,0.396,0.914,0.914
20261005-220403,392.505,81053,4706,7,1,Might,1,1,5.834,5.834,5.834
20261005-220403,392.633,81053,4706,6,0,,0,1,0.128,0.128,0.128
20261005-220403,392.633,81053,4950,8,0,,0,1,0.128,1.042,1.042
20261005-220403,392.633,81053,4202,7,2,Stability+Fury,1,1,1.042,1.042,1.042
20261005-220403,393.029,81053,5274,8,0,,0,1,0.396,1.438,1.438
20261005-220403,393.147,81053,5274,8,0,,0,1,0.118,1.556,1.556
20261005-220403,393.147,81053,5015,6,0,,0,1,0.514,0.642,0.642
20261005-220403,394.673,81053,3852,11,1,Resolution,1,1,8.002,8.002,8.002
20261005-220403,394.673,81053,3053,11,1,Swiftness,1,1,8.002,8.002,8.002
20261005-220403,409.549,81053,2582,10,2,Resolution+Protection,1,1,22.878,22.878,22.878
20261005-220403,409.549,81053,3500,8,1,Resolution,1,1,22.878,22.878,22.878
20261005-220403,409.549,81053,3576,9,2,Resolution+Protection,1,1,34.722,35.244,35.244
20261005-220403,409.549,81053,2947,8,3,Resolution+Regeneration+Alacrity,1,1,51.442,51.920,51.920
20261005-220403,410.067,81053,5556,7,0,,0,1,0.518,0.518,0.518
20261005-220403,410.067,81053,3827,10,1,Fury,1,1,15.394,15.394,15.394
20261005-220403,410.067,81053,3024,9,1,Protection,1,1,15.394,15.394,15.394
20261005-220403,410.067,81053,2633,8,2,Resolution+Fury,1,1,17.958,17.958,17.958
20261005-220403,410.067,81053,3633,7,0,,0,1,0.518,0.518,0.518
20261005-220403,410.067,81053,4011,8,0,,0,1,0.518,0.518,0.518
20261005-220403,410.465,81053,5556,6,0,,0,1,0.398,0.916,0.916
20261005-220403,410.465,81053,3827,9,0,,0,1,0.398,0.398,0.398
20261005-220403,410.465,81053,4513,8,0,,0,1,0.398,0.398,0.398
20261005-220403,410.465,81053,3633,8,0,,0,1,0.398,0.916,0.916
20261005-220403,410.465,81053,4011,7,0,,0,1,0.398,0.916,0.916
20261005-220403,410.465,81053,2994,8,1,Resolution,1,1,17.318,17.960,17.960
20261005-220403,410.587,81053,2994,9,0,,0,1,0.122,0.122,0.122
20261005-220403,410.587,81053,4513,9,0,,0,1,0.122,0.520,0.520
20261005-220403,410.587,81053,3827,10,0,,0,1,0.122,0.520,0.520
20261005-220403,410.587,81053,5556,8,0,,0,1,0.122,1.038,1.038
20261005-220403,410.985,81053,2374,7,0,,0,1,0.918,0.918,0.918
20261005-220403,410.985,81053,2699,9,0,,0,1,0.398,0.520,0.520
20261005-220403,410.985,81053,2169,8,2,Resolution+Swiftness,1,1,18.352,18.352,18.352
20261005-220403,410.985,81053,4069,9,0,,0,1,0.398,0.918,0.918
20261005-220403,410.985,81053,3450,10,0,,0,1,0.398,0.918,0.918
20261005-220403,410.985,81053,5009,9,0,,0,1,0.398,1.436,1.436
20261005-220403,411.109,81053,2698,9,0,,0,1,0.124,0.644,0.644
20261005-220403,411.111,81053,3617,9,0,,0,1,0.646,1.562,1.562
20261005-220403,411.111,81053,3275,9,0,,0,1,0.646,1.562,1.562
20261005-220403,411.111,81053,4069,9,0,,0,1,0.126,1.044,1.044
20261005-220403,415.151,81326,714,10,1,Resolution,1,1,4.040,5.602,5.602
20261005-220403,416.193,81326,714,8,2,Fury+Might,1,1,1.042,1.042,1.042
20261005-220403,416.711,81326,714,6,0,,0,1,0.518,0.518,0.518
20261005-220403,416.711,81326,601,4,3,Protection+Resistance+Stability,1,1,7.162,7.162,7.162
20261005-220403,416.711,81326,524,7,2,Might+Quickness,1,1,5.726,5.726,5.726
20261005-220403,425.313,81053,4479,9,1,Resolution,1,1,32.166,33.722,33.722
20261005-220403,425.313,81053,3201,10,1,Might,1,1,14.202,15.246,15.246
20261005-220403,425.313,81053,2846,10,2,Swiftness+Regeneration,1,1,14.202,15.764,15.764
20261005-220403,425.313,81053,3472,10,1,Might,1,1,8.602,9.120,9.120
20261005-220403,425.313,81053,3802,8,1,Resolution,1,1,8.602,8.602,8.602
20261005-220403,425.313,81053,3941,7,1,Might,1,1,14.328,15.764,15.764
20261005-220403,425.833,81053,4479,8,0,,0,1,0.520,0.520,0.520
20261005-220403,425.833,81053,2924,9,3,Protection+Vigor+Resolution,1,1,9.122,9.122,9.122
20261005-220403,425.833,81053,3472,10,0,,0,1,0.520,0.520,0.520
20261005-220403,425.833,81053,3201,10,0,,0,1,0.520,0.520,0.520
20261005-220403,425.833,81053,2846,9,0,,0,1,0.520,0.520,0.520
20261005-220403,425.833,81053,3802,7,0,,0,1,0.520,0.520,0.520
20261005-220403,426.345,81053,3796,10,1,Fury,1,1,15.360,16.278,16.278
20261005-220403,426.347,81053,4543,6,0,,0,1,0.514,0.514,0.514
20261005-220403,426.752,81053,2962,9,0,,0,1,0.919,1.439,1.439
20261005-220403,426.752,81053,2902,4,2,Resolution+Might,1,1,15.767,16.685,16.685
20261005-220403,427.347,81053,3382,7,0,,0,1,1.000,1.514,1.514
20261005-220403,427.347,81053,2652,7,1,Protection,1,1,1.514,2.034,2.034
20261005-220403,427.391,81053,3225,5,0,,0,1,0.639,0.639,0.639
20261005-220403,427.391,81053,4102,9,1,Protection,1,1,2.078,2.078,2.078
20261005-220403,427.787,81053,3300,8,1,Resolution,1,1,16.678,17.322,17.322
20261005-220403,427.787,81053,7592,8,1,Resolution,0,1,1.442,1.442,1.442
20261005-220403,428.303,81053,3422,7,0,,0,1,0.516,0.516,1.958
20261005-220403,428.907,81053,2907,6,2,Swiftness+Fury,1,1,1.516,2.155,2.155
20261005-220403,444.951,81053,3275,9,1,Protection,1,1,19.118,19.638,19.638
20261005-220403,445.987,81053,2571,6,2,Swiftness+Fury,1,1,17.080,17.080,17.080
20261005-220403,445.987,81053,2952,9,1,Swiftness,1,1,1.036,1.036,1.036
20261005-220403,445.987,81053,3271,7,1,Might,1,1,18.596,18.596,18.596
20261005-220403,477.265,81326,534,8,1,Might,1,1,49.918,49.918,49.918
20261005-220403,477.265,81326,850,5,1,Resolution,1,1,48.962,49.478,50.920
20261005-220403,506.869,81326,611,7,1,Fury,1,1,81.036,81.556,81.556
20261005-220403,506.869,81326,637,8,1,Protection,1,1,60.882,60.882,60.882
20261005-220403,506.869,81326,631,5,1,Protection,1,1,79.082,79.082,79.082
20261005-220403,506.869,81326,582,7,3,Resolution+Swiftness+Fury,1,1,79.522,81.036,81.036
20261005-220403,506.869,81326,555,8,1,Resolution,1,1,60.882,60.882,60.882
20261005-220403,506.869,81326,726,7,1,Protection,1,1,29.604,29.604,29.604
20261005-220403,506.871,81326,691,5,1,Resolution,1,1,81.038,81.558,81.558
20261005-220403,507.381,81326,1084,5,0,,0,1,0.512,0.512,0.512
20261005-220403,507.381,81326,685,4,0,,0,1,0.512,0.512,0.512
20261005-220403,507.381,81326,691,5,0,,0,1,0.510,0.510,0.510
20261005-220403,507.381,81326,563,7,1,Swiftness,1,1,30.116,30.116,30.116
20261005-220403,507.381,81326,629,7,2,Resolution+Protection,1,1,80.629,82.068,82.068
20261005-220403,507.381,81326,706,7,1,Resolution,1,1,61.394,61.394,61.394
20261005-220403,507.381,81326,951,7,0,,0,1,0.512,0.512,0.512
20261005-220403,507.905,81326,940,6,0,,0,1,0.524,0.524,0.524
20261005-220403,507.905,81326,706,7,0,,0,1,0.524,0.524,0.524
20261005-220403,508.431,81326,706,7,0,,0,1,0.526,1.050,1.050
20261005-220403,508.431,81326,940,6,0,,0,1,0.526,1.050,1.050
20261005-220403,508.431,81326,691,5,1,Resolution,1,1,1.050,1.560,1.560
20261005-220403,508.431,81326,679,8,1,Resistance,1,1,1.562,1.562,1.562
20261005-220403,508.431,81326,942,7,1,Resistance,1,1,1.562,1.562,1.562
20261005-220403,516.047,80901,12789,9,0,,0,1,7.616,7.616,7.616
20261005-220403,516.047,80901,13104,8,0,,0,1,8.666,9.178,9.178
20261005-220403,516.047,80901,17079,8,0,,0,1,7.616,8.666,8.666
20261005-220403,516.047,80901,11645,8,0,,0,1,7.616,8.666,8.666
20261005-220403,516.047,80901,9585,9,0,,0,1,9.178,9.178,9.178
20261005-220403,516.047,80901,11679,9,0,,0,1,7.616,7.616,7.616
20261005-220403,516.047,80901,15002,7,0,,0,1,8.666,9.178,9.178
20261005-220403,516.047,80901,10814,10,0,,0,1,7.616,7.616,7.616
20261005-220403,516.047,80901,8758,9,0,,0,1,8.666,8.666,8.666
20261005-220403,516.559,80901,12852,10,0,,0,1,0.512,8.128,8.128
20261005-220403,516.559,80901,11391,9,0,,0,1,0.512,9.690,9.690
20261005-220403,516.559,80901,11886,8,0,,0,1,0.512,9.690,9.690
20261005-220403,516.559,80901,9430,9,0,,0,1,0.512,8.128,8.128
20261005-220403,516.559,80901,8636,11,0,,0,1,0.512,8.128,8.128
20261005-220403,516.559,80901,9570,10,0,,0,1,0.512,9.178,9.178
20261005-220403,516.559,80901,9690,9,0,,0,1,0.512,9.690,9.690
20261005-220403,516.559,80901,12630,10,0,,0,1,0.512,9.178,9.178
20261005-220403,516.559,80901,6938,9,0,,0,1,0.512,9.178,9.178
20261005-220403,517.075,80901,8230,9,0,,0,1,0.516,8.644,8.644
20261005-220403,517.075,80901,6066,9,0,,0,0,0.516,9.694,9.694
20261005-220403,517.075,80901,8296,10,0,,0,1,0.516,8.644,8.644
20261005-220403,517.075,80901,7296,9,0,,0,1,0.516,10.206,10.206
20261005-220403,517.075,80901,9192,9,0,,0,1,0.516,9.694,9.694
20261005-220403,517.075,80901,3333,9,0,,0,1,0.516,9.694,9.694
20261005-220403,517.589,80901,4318,10,0,,0,0,0.514,9.158,9.158
20261005-220403,517.589,80901,6938,8,0,,0,1,0.514,10.208,10.208
20261005-220403,517.589,80901,9690,7,1,Fury,1,1,1.030,10.720,10.720
20261005-220403,517.589,80901,7594,9,0,,0,1,0.514,10.720,10.720
20261005-220403,517.589,80901,10508,7,1,Resolution,1,1,1.030,9.158,9.158
20261005-220403,517.589,80901,7769,7,3,Resolution+Fury+Alacrity,1,1,1.030,10.720,10.720
20261005-220403,531.027,80901,4496,8,1,Resolution,1,1,23.646,24.158,24.158
20261005-220403,531.552,80901,4781,8,1,Swiftness,1,1,14.477,23.121,23.121
20261005-220403,531.552,80901,4985,10,1,Resolution,1,1,13.963,24.683,24.683
20261005-220403,531.552,80901,5277,9,1,Resolution,1,1,13.963,13.963,13.963
20261005-220403,531.552,80901,5390,9,1,Resolution,1,1,14.477,24.171,24.171
20261005-220403,531.552,80901,4865,10,1,Resolution,1,1,13.963,13.963,13.963
20261005-220403,546.033,80901,8742,6,2,Swiftness+Regeneration,1,1,28.958,38.652,38.652
20261005-220403,546.033,80901,16488,8,1,Resolution,1,1,14.481,14.481,14.481
20261005-220403,546.033,80901,16023,6,1,Swiftness,1,1,14.481,14.481,14.481
20261005-220403,546.033,80901,11970,7,1,Swiftness,1,1,28.444,38.652,38.652
20261005-220403,546.547,80901,4199,6,1,Swiftness,1,1,14.995,14.995,14.995
20261005-220403,546.547,80901,4870,7,1,Swiftness,1,1,28.958,38.116,38.116
20261005-220403,546.547,80901,5341,5,0,,0,1,0.514,0.514,0.514
20261005-220403,546.547,80901,4371,6,0,,0,1,0.514,0.514,0.514
20261005-220403,547.067,80901,4870,6,0,,0,1,0.520,0.520,0.520
20261005-220403,561.029,80901,13491,10,1,Regeneration,1,1,14.996,14.996,14.996
20261005-220403,561.029,80901,15929,10,2,Protection+Resistance,1,1,14.482,14.996,14.996
20261005-220403,561.029,80901,17870,9,1,Protection,1,1,14.482,14.996,14.996
20261005-220403,561.029,80901,10575,10,1,Resistance,1,1,14.482,14.482,14.482
20261005-220403,561.029,80901,12835,10,1,Protection,1,1,14.996,14.996,14.996
20261005-220403,562.587,80901,9242,5,1,Might,1,1,1.558,1.558,1.558
20261005-220403,576.543,80901,11286,1,1,Fury,0,1,15.514,15.514,15.514
20261005-220403,577.063,80901,7199,7,1,Might,1,1,29.996,30.516,30.516
20261005-220403,591.547,80901,7558,6,1,Might,1,1,59.995,59.995,59.995