log_id,phase,last_phase_tick_s,time_s,player,up,fixated,got_green,pd_target_same_instant,dist_to_boss_center,in_stealth
20260930-211921,early,,6.039,Player-DDA6,1,0,0,0,4263,0
20260930-211921,early,,6.039,Player-BCA0,1,0,0,0,4260,0
20260930-211921,early,,6.039,Player-74C1,1,0,0,0,4316,0
20260930-211921,early,,6.039,Player-1B8E,1,0,0,0,4263,0
20260930-211921,early,,6.039,Player-DE24,1,0,0,0,4329,0
20260930-211921,early,,6.039,Player-1BA4,1,0,0,0,4282,0
20260930-211921,early,,6.039,Player-470E,1,0,0,0,4289,0
20260930-211921,early,,6.039,Player-FBAD,1,0,0,0,4236,0
20260930-211921,early,,6.039,Player-F494,1,1,1,0,1448,0
20260930-211921,early,,6.039,Player-89AD,1,0,0,0,4314,0
20260930-211921,early,,53.759,Player-DDA6,1,0,0,0,685,0
20260930-211921,early,,53.759,Player-BCA0,1,0,0,0,571,0
20260930-211921,early,,53.759,Player-74C1,1,0,0,0,502,0
20260930-211921,early,,53.759,Player-1B8E,1,0,1,0,281,0
20260930-211921,early,,53.759,Player-DE24,1,0,0,0,1309,0
20260930-211921,early,,53.759,Player-1BA4,1,0,0,0,543,0
20260930-211921,early,,53.759,Player-470E,1,0,0,0,397,0
20260930-211921,early,,53.759,Player-FBAD,1,0,1,0,384,0
20260930-211921,early,,53.759,Player-F494,1,1,1,0,416,0
20260930-211921,early,,53.759,Player-89AD,1,0,0,0,414,0
20260930-211921,early,,98.321,Player-DDA6,1,1,1,0,427,0
20260930-211921,early,,98.321,Player-BCA0,1,0,0,0,407,0
20260930-211921,early,,98.321,Player-74C1,1,0,0,0,321,0
20260930-211921,early,,98.321,Player-1B8E,1,0,1,0,248,0
20260930-211921,early,,98.321,Player-DE24,1,0,0,0,311,0
20260930-211921,early,,98.321,Player-1BA4,1,0,0,0,386,0
20260930-211921,early,,98.321,Player-470E,1,0,0,0,294,0
20260930-211921,early,,98.321,Player-FBAD,1,0,1,0,182,0
20260930-211921,early,,98.321,Player-F494,1,0,0,0,314,0
20260930-211921,early,,98.321,Player-89AD,1,0,0,0,405,0
20260930-211921,early,,154.475,Player-DDA6,1,0,0,0,306,0
20260930-211921,early,,154.475,Player-BCA0,1,0,0,0,253,0
20260930-211921,early,,154.475,Player-74C1,1,0,0,0,287,0
20260930-211921,early,,154.475,Player-1B8E,1,0,1,0,81,0
20260930-211921,early,,154.475,Player-DE24,1,0,0,0,294,0
20260930-211921,early,,154.475,Player-1BA4,1,0,0,0,253,0
20260930-211921,early,,154.475,Player-470E,1,0,0,0,385,0
20260930-211921,early,,154.475,Player-FBAD,1,0,1,0,240,0
20260930-211921,early,,154.475,Player-F494,1,1,1,0,175,0
20260930-211921,early,,154.475,Player-89AD,1,0,0,0,307,0
20260930-211921,early,,209.513,Player-DDA6,1,0,0,0,659,0
20260930-211921,early,,209.513,Player-BCA0,1,0,0,0,596,0
20260930-211921,early,,209.513,Player-74C1,1,0,0,0,504,0
20260930-211921,early,,209.513,Player-1B8E,1,0,1,0,144,0
20260930-211921,early,,209.513,Player-DE24,1,0,0,0,670,0
20260930-211921,early,,209.513,Player-1BA4,1,0,0,0,435,0
20260930-211921,early,,209.513,Player-470E,1,0,0,0,451,0
20260930-211921,early,,209.513,Player-FBAD,1,0,1,0,203,0
20260930-211921,early,,209.513,Player-F494,1,1,1,0,212,0
20260930-211921,early,,209.513,Player-89AD,1,0,0,0,474,0
20260930-211921,early,,270.397,Player-DDA6,1,0,0,0,400,0
20260930-211921,early,,270.397,Player-BCA0,1,0,0,0,553,0
20260930-211921,early,,270.397,Player-74C1,1,0,0,0,353,0
20260930-211921,early,,270.397,Player-1B8E,1,0,1,0,140,0
20260930-211921,early,,270.397,Player-DE24,1,0,1,0,169,0
20260930-211921,early,,270.397,Player-1BA4,1,0,0,0,385,0
20260930-211921,early,,270.397,Player-470E,1,0,0,0,433,0
20260930-211921,early,,270.397,Player-FBAD,1,0,0,0,481,0
20260930-211921,early,,270.397,Player-F494,1,1,1,0,522,0
20260930-211921,early,,270.397,Player-89AD,1,0,0,0,324,0
20260930-211921,early,,316.307,Player-DDA6,1,0,0,0,420,0
20260930-211921,early,,316.307,Player-BCA0,1,0,0,0,337,0
20260930-211921,early,,316.307,Player-74C1,1,0,0,0,358,0
20260930-211921,early,,316.307,Player-1B8E,1,0,1,0,93,0
20260930-211921,early,,316.307,Player-DE24,1,0,0,0,500,0
20260930-211921,early,,316.307,Player-1BA4,1,0,0,0,331,0
20260930-211921,early,,316.307,Player-470E,1,0,0,0,350,0
20260930-211921,early,,316.307,Player-FBAD,1,0,0,0,121,0
20260930-211921,early,,316.307,Player-F494,1,1,1,0,502,0
20260930-211921,early,,316.307,Player-89AD,1,0,1,0,340,0
20260930-211921,early,,363.387,Player-DDA6,1,1,1,0,331,0
20260930-211921,early,,363.387,Player-BCA0,1,0,0,0,363,0
20260930-211921,early,,363.387,Player-74C1,1,0,0,0,225,0
20260930-211921,early,,363.387,Player-1B8E,1,0,0,0,211,0
20260930-211921,early,,363.387,Player-DE24,1,0,1,0,180,0
20260930-211921,early,,363.387,Player-1BA4,1,0,0,0,251,0
20260930-211921,early,,363.387,Player-470E,1,0,0,0,294,0
20260930-211921,early,,363.387,Player-FBAD,1,0,1,0,212,0
20260930-211921,early,,363.387,Player-F494,1,0,0,0,538,0
20260930-211921,early,,363.387,Player-89AD,1,0,0,0,269,0
20260930-211921,early,,411.223,Player-DDA6,1,0,0,0,324,0
20260930-211921,early,,411.223,Player-BCA0,1,0,0,0,446,0
20260930-211921,early,,411.223,Player-74C1,1,0,0,0,288,0
20260930-211921,early,,411.223,Player-1B8E,1,0,1,0,223,0
20260930-211921,early,,411.223,Player-DE24,1,0,0,0,371,0
20260930-211921,early,,411.223,Player-1BA4,1,0,0,0,602,0
20260930-211921,early,,411.223,Player-470E,1,0,0,0,359,0
20260930-211921,early,,411.223,Player-FBAD,1,0,1,0,267,0
20260930-211921,early,,411.223,Player-F494,1,0,0,0,465,0
20260930-211921,early,,411.223,Player-89AD,1,1,1,0,270,0
20260930-211921,early,,455.949,Player-DDA6,1,0,0,0,245,0
20260930-211921,early,,455.949,Player-BCA0,1,0,0,0,286,0
20260930-211921,early,,455.949,Player-74C1,1,0,0,0,262,0
20260930-211921,early,,455.949,Player-1B8E,0,0,0,0,192,0
20260930-211921,early,,455.949,Player-DE24,1,0,0,0,205,0
20260930-211921,early,,455.949,Player-1BA4,1,0,1,0,153,0
20260930-211921,early,,455.949,Player-470E,1,0,1,0,111,0
20260930-211921,early,,455.949,Player-FBAD,1,0,0,0,268,0
20260930-211921,early,,455.949,Player-F494,1,0,0,0,209,0
20260930-211921,early,,455.949,Player-89AD,1,1,1,0,190,0
20260930-211921,last,3,519.669,Player-DDA6,1,1,1,0,426,0
20260930-211921,last,3,519.669,Player-BCA0,1,0,0,0,328,0
20260930-211921,last,3,519.669,Player-74C1,1,0,0,0,304,0
20260930-211921,last,3,519.669,Player-1B8E,1,0,0,0,104,0
20260930-211921,last,3,519.669,Player-DE24,1,0,0,0,424,0
20260930-211921,last,3,519.669,Player-1BA4,1,0,0,0,293,0
20260930-211921,last,3,519.669,Player-470E,1,0,0,0,351,0
20260930-211921,last,3,519.669,Player-FBAD,1,0,1,0,85,0
20260930-211921,last,3,519.669,Player-F494,1,0,1,0,103,0
20260930-211921,last,3,519.669,Player-89AD,1,0,0,0,384,0
20260930-211921,last,33,549.669,Player-DDA6,1,0,0,0,375,0
20260930-211921,last,33,549.669,Player-BCA0,1,1,1,0,313,0
20260930-211921,last,33,549.669,Player-74C1,1,0,0,0,315,0
20260930-211921,last,33,549.669,Player-1B8E,1,0,1,0,196,0
20260930-211921,last,33,549.669,Player-DE24,1,0,0,0,398,0
20260930-211921,last,33,549.669,Player-1BA4,1,0,1,0,285,0
20260930-211921,last,33,549.669,Player-470E,1,0,0,0,312,0
20260930-211921,last,33,549.669,Player-FBAD,1,0,0,0,455,0
20260930-211921,last,33,549.669,Player-F494,1,0,0,0,367,1
20260930-211921,last,33,549.669,Player-89AD,1,0,0,0,415,0
20260930-211921,last,63,579.669,Player-DDA6,0,0,0,0,470,0
20260930-211921,last,63,579.669,Player-BCA0,1,1,1,1,383,0
20260930-211921,last,63,579.669,Player-74C1,0,0,0,0,383,0
20260930-211921,last,63,579.669,Player-1B8E,1,0,0,0,184,0
20260930-211921,last,63,579.669,Player-DE24,1,0,0,0,257,0
20260930-211921,last,63,579.669,Player-1BA4,0,0,0,0,696,0
20260930-211921,last,63,579.669,Player-470E,1,0,0,0,456,0
20260930-211921,last,63,579.669,Player-FBAD,0,0,0,0,1233,0
20260930-211921,last,63,579.669,Player-F494,0,0,0,0,465,0
20260930-211921,last,63,579.669,Player-89AD,1,0,0,0,483,0
20260930-214712,early,,6.08,Player-DDA6,1,0,0,0,4364,0
20260930-214712,early,,6.08,Player-BCA0,1,0,0,0,4290,0
20260930-214712,early,,6.08,Player-74C1,1,0,0,0,4391,0
20260930-214712,early,,6.08,Player-1B8E,1,0,0,0,4335,0
20260930-214712,early,,6.08,Player-DE24,1,0,0,0,4401,0
20260930-214712,early,,6.08,Player-1BA4,1,0,0,0,782,0
20260930-214712,early,,6.08,Player-470E,1,0,0,0,4393,0
20260930-214712,early,,6.08,Player-FBAD,1,0,0,0,4342,0
20260930-214712,early,,6.08,Player-F494,1,1,1,0,249,0
20260930-214712,early,,6.08,Player-89AD,1,0,0,0,4329,0
20260930-214712,early,,53.762,Player-DDA6,1,0,0,0,510,0
20260930-214712,early,,53.762,Player-BCA0,1,0,0,0,358,0
20260930-214712,early,,53.762,Player-74C1,1,0,0,0,693,0
20260930-214712,early,,53.762,Player-1B8E,1,0,1,0,307,0
20260930-214712,early,,53.762,Player-DE24,1,0,0,0,352,0
20260930-214712,early,,53.762,Player-1BA4,1,0,0,0,311,0
20260930-214712,early,,53.762,Player-470E,1,0,1,0,318,0
20260930-214712,early,,53.762,Player-FBAD,1,0,0,0,324,0
20260930-214712,early,,53.762,Player-F494,1,1,1,0,1235,0
20260930-214712,early,,53.762,Player-89AD,1,0,0,0,382,0
20260930-214712,early,,98.914,Player-DDA6,1,0,0,0,561,0
20260930-214712,early,,98.914,Player-BCA0,1,0,0,0,344,0
20260930-214712,early,,98.914,Player-74C1,1,0,0,0,376,0
20260930-214712,early,,98.914,Player-1B8E,1,0,1,0,195,0
20260930-214712,early,,98.914,Player-DE24,1,1,1,0,318,0
20260930-214712,early,,98.914,Player-1BA4,1,0,0,0,288,0
20260930-214712,early,,98.914,Player-470E,1,0,0,0,345,0
20260930-214712,early,,98.914,Player-FBAD,1,0,0,0,321,0
20260930-214712,early,,98.914,Player-F494,1,0,1,0,78,0
20260930-214712,early,,98.914,Player-89AD,1,0,0,0,407,0
20260930-214712,early,,154.352,Player-DDA6,1,0,0,0,478,0
20260930-214712,early,,154.352,Player-BCA0,1,0,0,0,279,0
20260930-214712,early,,154.352,Player-74C1,1,0,0,0,330,0
20260930-214712,early,,154.352,Player-1B8E,1,0,1,0,88,0
20260930-214712,early,,154.352,Player-DE24,1,0,0,0,362,0
20260930-214712,early,,154.352,Player-1BA4,1,0,0,0,343,0
20260930-214712,early,,154.352,Player-470E,1,0,0,0,337,0
20260930-214712,early,,154.352,Player-FBAD,1,0,1,0,216,0
20260930-214712,early,,154.352,Player-F494,1,1,1,0,309,0
20260930-214712,early,,154.352,Player-89AD,1,0,0,0,202,0
20260930-214712,early,,209.076,Player-DDA6,1,0,0,0,552,0
20260930-214712,early,,209.076,Player-BCA0,1,0,0,0,349,0
20260930-214712,early,,209.076,Player-74C1,1,0,0,0,309,0
20260930-214712,early,,209.076,Player-1B8E,1,0,1,0,93,0
20260930-214712,early,,209.076,Player-DE24,1,0,0,0,329,0
20260930-214712,early,,209.076,Player-1BA4,1,1,1,0,288,0
20260930-214712,early,,209.076,Player-470E,1,0,0,0,382,0
20260930-214712,early,,209.076,Player-FBAD,1,0,0,0,234,0
20260930-214712,early,,209.076,Player-F494,1,0,1,0,55,0
20260930-214712,early,,209.076,Player-89AD,1,0,0,0,335,0
20260930-214712,early,,254.238,Player-DDA6,1,0,0,0,365,0
20260930-214712,early,,254.238,Player-BCA0,1,0,0,0,662,0
20260930-214712,early,,254.238,Player-74C1,1,0,0,0,433,0
20260930-214712,early,,254.238,Player-1B8E,1,0,1,0,193,0
20260930-214712,early,,254.238,Player-DE24,1,0,0,0,370,0
20260930-214712,early,,254.238,Player-1BA4,1,1,1,0,360,0
20260930-214712,early,,254.238,Player-470E,1,0,0,0,346,0
20260930-214712,early,,254.238,Player-FBAD,1,0,0,0,326,0
20260930-214712,early,,254.238,Player-F494,1,0,1,0,310,0
20260930-214712,early,,254.238,Player-89AD,1,0,0,0,315,0
20260930-214712,early,,314.626,Player-DDA6,1,0,0,0,480,0
20260930-214712,early,,314.626,Player-BCA0,1,0,0,0,349,0
20260930-214712,early,,314.626,Player-74C1,1,0,0,0,310,0
20260930-214712,early,,314.626,Player-1B8E,1,0,1,0,94,0
20260930-214712,early,,314.626,Player-DE24,1,0,0,0,351,0
20260930-214712,early,,314.626,Player-1BA4,1,0,0,0,436,0
20260930-214712,early,,314.626,Player-470E,1,0,0,0,316,0
20260930-214712,early,,314.626,Player-FBAD,1,0,1,0,54,0
20260930-214712,early,,314.626,Player-F494,1,1,1,0,309,0
20260930-214712,early,,314.626,Player-89AD,1,0,0,0,413,0
20260930-214712,early,,361.388,Player-DDA6,1,0,0,0,224,0
20260930-214712,early,,361.388,Player-BCA0,1,0,0,0,224,0
20260930-214712,early,,361.388,Player-74C1,1,0,0,0,174,0
20260930-214712,early,,361.388,Player-1B8E,1,0,1,0,118,0
20260930-214712,early,,361.388,Player-DE24,1,0,0,0,216,0
20260930-214712,early,,361.388,Player-1BA4,1,1,1,0,238,0
20260930-214712,early,,361.388,Player-470E,1,0,0,0,176,0
20260930-214712,early,,361.388,Player-FBAD,1,0,1,0,122,0
20260930-214712,early,,361.388,Player-F494,1,0,0,0,160,0
20260930-214712,early,,361.388,Player-89AD,1,0,0,0,240,0
20260930-214712,early,,412.106,Player-DDA6,1,0,0,0,751,0
20260930-214712,early,,412.106,Player-BCA0,1,0,1,0,344,0
20260930-214712,early,,412.106,Player-74C1,1,0,0,0,482,0
20260930-214712,early,,412.106,Player-1B8E,1,0,0,0,569,0
20260930-214712,early,,412.106,Player-DE24,1,0,0,0,630,0
20260930-214712,early,,412.106,Player-1BA4,1,0,0,0,721,0
20260930-214712,early,,412.106,Player-470E,1,0,1,0,229,0
20260930-214712,early,,412.106,Player-FBAD,1,0,1,0,395,0
20260930-214712,early,,412.106,Player-F494,1,0,0,0,720,0
20260930-214712,early,,412.106,Player-89AD,1,0,0,0,672,0
20260930-214712,early,,456.506,Player-DDA6,1,0,0,0,222,0
20260930-214712,early,,456.506,Player-BCA0,1,0,0,0,323,0
20260930-214712,early,,456.506,Player-74C1,1,0,0,0,249,0
20260930-214712,early,,456.506,Player-1B8E,1,0,1,0,143,0
20260930-214712,early,,456.506,Player-DE24,1,0,0,0,313,0
20260930-214712,early,,456.506,Player-1BA4,1,1,1,0,387,0
20260930-214712,early,,456.506,Player-470E,1,0,0,0,200,0
20260930-214712,early,,456.506,Player-FBAD,1,0,0,0,282,0
20260930-214712,early,,456.506,Player-F494,1,0,1,0,208,0
20260930-214712,early,,456.506,Player-89AD,1,0,0,0,358,0
20260930-214712,last,3,534.138,Player-DDA6,1,0,0,0,498,0
20260930-214712,last,3,534.138,Player-BCA0,1,0,0,0,308,0
20260930-214712,last,3,534.138,Player-74C1,1,1,1,0,147,0
20260930-214712,last,3,534.138,Player-1B8E,1,0,0,0,367,0
20260930-214712,last,3,534.138,Player-DE24,1,0,0,0,554,0
20260930-214712,last,3,534.138,Player-1BA4,1,0,0,0,386,0
20260930-214712,last,3,534.138,Player-470E,1,0,0,0,452,0
20260930-214712,last,3,534.138,Player-FBAD,1,0,1,0,376,0
20260930-214712,last,3,534.138,Player-F494,1,0,1,0,237,0
20260930-214712,last,3,534.138,Player-89AD,1,0,0,0,404,0
20260930-214712,last,33,564.138,Player-DDA6,1,0,0,0,389,0
20260930-214712,last,33,564.138,Player-BCA0,1,0,0,0,360,0
20260930-214712,last,33,564.138,Player-74C1,1,0,0,0,451,0
20260930-214712,last,33,564.138,Player-1B8E,1,0,0,0,127,0
20260930-214712,last,33,564.138,Player-DE24,1,0,0,0,407,0
20260930-214712,last,33,564.138,Player-1BA4,1,0,1,0,256,0
20260930-214712,last,33,564.138,Player-470E,1,0,0,0,391,0
20260930-214712,last,33,564.138,Player-FBAD,1,0,0,0,233,0
20260930-214712,last,33,564.138,Player-F494,1,0,1,0,262,0
20260930-214712,last,33,564.138,Player-89AD,1,0,1,0,345,0
20260930-214712,last,63,594.138,Player-DDA6,1,0,0,1,404,0
20260930-214712,last,63,594.138,Player-BCA0,0,0,0,0,325,0
20260930-214712,last,63,594.138,Player-74C1,0,0,0,0,400,0
20260930-214712,last,63,594.138,Player-1B8E,0,0,0,0,213,0
20260930-214712,last,63,594.138,Player-DE24,0,0,0,0,386,0
20260930-214712,last,63,594.138,Player-1BA4,0,0,0,0,372,0
20260930-214712,last,63,594.138,Player-470E,1,0,0,0,500,0
20260930-214712,last,63,594.138,Player-FBAD,0,0,0,0,380,0
20260930-214712,last,63,594.138,Player-F494,1,0,0,0,212,0
20260930-214712,last,63,594.138,Player-89AD,0,0,0,0,260,0
20260930-230802,early,,5.959,Player-DDA6,1,0,0,0,4266,0
20260930-230802,early,,5.959,Player-BCA0,1,0,0,0,4163,0
20260930-230802,early,,5.959,Player-F494,1,1,1,0,2468,0
20260930-230802,early,,5.959,Player-74C1,1,0,0,0,4311,0
20260930-230802,early,,5.959,Player-1B8E,1,0,0,0,4252,0
20260930-230802,early,,5.959,Player-FBAD,1,0,0,0,4241,0
20260930-230802,early,,5.959,Player-89AD,1,0,0,0,4144,0
20260930-230802,early,,5.959,Player-DE24,1,0,0,0,4315,0
20260930-230802,early,,5.959,Player-1BA4,1,0,0,0,4220,0
20260930-230802,early,,5.959,Player-470E,1,0,0,0,4215,0
20260930-230802,early,,53.477,Player-DDA6,1,0,0,0,608,0
20260930-230802,early,,53.477,Player-BCA0,1,0,0,0,597,0
20260930-230802,early,,53.477,Player-F494,1,1,1,0,387,0
20260930-230802,early,,53.477,Player-74C1,1,0,0,0,658,0
20260930-230802,early,,53.477,Player-1B8E,1,0,0,0,1450,0
20260930-230802,early,,53.477,Player-FBAD,1,0,1,0,157,0
20260930-230802,early,,53.477,Player-89AD,1,0,0,0,1289,0
20260930-230802,early,,53.477,Player-DE24,1,0,1,0,361,0
20260930-230802,early,,53.477,Player-1BA4,1,0,0,0,384,0
20260930-230802,early,,53.477,Player-470E,1,0,0,0,444,0
20260930-230802,early,,98.639,Player-DDA6,1,0,0,0,499,0
20260930-230802,early,,98.639,Player-BCA0,1,0,0,0,437,0
20260930-230802,early,,98.639,Player-F494,1,0,1,0,202,0
20260930-230802,early,,98.639,Player-74C1,1,0,0,0,385,0
20260930-230802,early,,98.639,Player-1B8E,1,0,1,0,135,0
20260930-230802,early,,98.639,Player-FBAD,1,1,1,0,237,0
20260930-230802,early,,98.639,Player-89AD,1,0,0,0,420,0
20260930-230802,early,,98.639,Player-DE24,1,0,0,0,283,0
20260930-230802,early,,98.639,Player-1BA4,1,0,0,0,405,0
20260930-230802,early,,98.639,Player-470E,1,0,0,0,464,0
20260930-230802,early,,148.953,Player-DDA6,1,0,0,0,410,0
20260930-230802,early,,148.953,Player-BCA0,1,1,1,0,143,0
20260930-230802,early,,148.953,Player-F494,1,0,0,0,43,0
20260930-230802,early,,148.953,Player-74C1,1,0,0,0,163,0
20260930-230802,early,,148.953,Player-1B8E,1,0,1,0,157,0
20260930-230802,early,,148.953,Player-FBAD,1,0,1,0,160,0
20260930-230802,early,,148.953,Player-89AD,1,0,0,0,220,0
20260930-230802,early,,148.953,Player-DE24,1,0,0,0,259,0
20260930-230802,early,,148.953,Player-1BA4,1,0,0,0,128,0
20260930-230802,early,,148.953,Player-470E,1,0,0,0,82,0
20260930-230802,early,,203.637,Player-DDA6,1,0,0,0,563,0
20260930-230802,early,,203.637,Player-BCA0,1,1,1,0,430,0
20260930-230802,early,,203.637,Player-F494,1,0,1,0,187,0
20260930-230802,early,,203.637,Player-74C1,1,0,0,0,381,0
20260930-230802,early,,203.637,Player-1B8E,1,0,1,0,152,0
20260930-230802,early,,203.637,Player-FBAD,1,0,0,0,227,0
20260930-230802,early,,203.637,Player-89AD,1,0,0,0,209,0
20260930-230802,early,,203.637,Player-DE24,1,0,0,0,368,0
20260930-230802,early,,203.637,Player-1BA4,1,0,0,0,293,0
20260930-230802,early,,203.637,Player-470E,1,0,0,0,430,0
20260930-230802,early,,250.349,Player-DDA6,1,0,0,0,575,0
20260930-230802,early,,250.349,Player-BCA0,1,0,0,0,334,0
20260930-230802,early,,250.349,Player-F494,1,0,1,0,210,0
20260930-230802,early,,250.349,Player-74C1,1,0,0,0,339,0
20260930-230802,early,,250.349,Player-1B8E,1,0,1,0,179,0
20260930-230802,early,,250.349,Player-FBAD,1,0,0,0,451,0
20260930-230802,early,,250.349,Player-89AD,1,0,1,0,311,0
20260930-230802,early,,250.349,Player-DE24,1,0,0,0,464,0
20260930-230802,early,,250.349,Player-1BA4,1,0,0,0,438,0
20260930-230802,early,,250.349,Player-470E,1,0,0,0,424,0
20260930-230802,early,,307.673,Player-DDA6,1,0,0,0,445,0
20260930-230802,early,,307.673,Player-BCA0,1,0,0,0,357,0
20260930-230802,early,,307.673,Player-F494,1,0,0,0,751,0
20260930-230802,early,,307.673,Player-74C1,1,0,0,0,251,0
20260930-230802,early,,307.673,Player-1B8E,1,0,1,0,96,0
20260930-230802,early,,307.673,Player-FBAD,1,0,1,0,50,0
20260930-230802,early,,307.673,Player-89AD,1,0,0,0,403,0
20260930-230802,early,,307.673,Player-DE24,1,0,0,0,252,0
20260930-230802,early,,307.673,Player-1BA4,1,1,1,0,312,0
20260930-230802,early,,307.673,Player-470E,1,0,0,0,368,0
20260930-230802,early,,355.103,Player-DDA6,1,0,0,0,219,0
20260930-230802,early,,355.103,Player-BCA0,1,0,0,0,235,0
20260930-230802,early,,355.103,Player-F494,1,1,1,0,110,0
20260930-230802,early,,355.103,Player-74C1,1,0,1,0,125,0
20260930-230802,early,,355.103,Player-1B8E,1,0,1,0,41,0
20260930-230802,early,,355.103,Player-FBAD,1,0,0,0,154,0
20260930-230802,early,,355.103,Player-89AD,1,0,0,0,258,0
20260930-230802,early,,355.103,Player-DE24,1,0,0,0,223,0
20260930-230802,early,,355.103,Player-1BA4,1,0,0,0,153,0
20260930-230802,early,,355.103,Player-470E,1,0,0,0,178,0
20260930-230802,early,,403.951,Player-DDA6,1,0,0,0,526,0
20260930-230802,early,,403.951,Player-BCA0,1,0,0,0,667,0
20260930-230802,early,,403.951,Player-F494,1,1,1,0,661,0
20260930-230802,early,,403.951,Player-74C1,1,0,0,0,319,0
20260930-230802,early,,403.951,Player-1B8E,1,0,1,0,174,0
20260930-230802,early,,403.951,Player-FBAD,1,0,0,0,425,0
20260930-230802,early,,403.951,Player-89AD,1,0,1,0,340,0
20260930-230802,early,,403.951,Player-DE24,1,0,0,0,618,0
20260930-230802,early,,403.951,Player-1BA4,1,0,0,0,598,0
20260930-230802,early,,403.951,Player-470E,1,0,0,0,606,0
20260930-230802,early,,448.463,Player-DDA6,1,0,0,0,261,0
20260930-230802,early,,448.463,Player-BCA0,1,0,0,0,229,0
20260930-230802,early,,448.463,Player-F494,1,0,1,0,119,0
20260930-230802,early,,448.463,Player-74C1,1,0,0,0,231,0
20260930-230802,early,,448.463,Player-1B8E,1,0,1,0,93,0
20260930-230802,early,,448.463,Player-FBAD,1,0,0,0,273,0
20260930-230802,early,,448.463,Player-89AD,1,0,0,0,278,0
20260930-230802,early,,448.463,Player-DE24,1,0,0,0,201,0
20260930-230802,early,,448.463,Player-1BA4,1,0,0,0,282,0
20260930-230802,early,,448.463,Player-470E,1,1,1,0,278,0
20260930-230802,last,3,498.427,Player-DDA6,1,0,0,0,432,0
20260930-230802,last,3,498.427,Player-BCA0,1,0,0,0,500,0
20260930-230802,last,3,498.427,Player-F494,1,0,0,0,652,0
20260930-230802,last,3,498.427,Player-74C1,1,0,1,0,182,0
20260930-230802,last,3,498.427,Player-1B8E,1,0,0,0,160,0
20260930-230802,last,3,498.427,Player-FBAD,1,0,1,0,52,0
20260930-230802,last,3,498.427,Player-89AD,1,0,0,0,207,0
20260930-230802,last,3,498.427,Player-DE24,1,0,0,0,354,0
20260930-230802,last,3,498.427,Player-1BA4,1,0,0,0,267,0
20260930-230802,last,3,498.427,Player-470E,1,1,1,0,497,0
20260930-230802,last,33,528.427,Player-DDA6,0,0,0,0,710,0
20260930-230802,last,33,528.427,Player-BCA0,1,0,0,0,384,0
20260930-230802,last,33,528.427,Player-F494,1,0,0,0,232,0
20260930-230802,last,33,528.427,Player-74C1,1,0,0,0,380,0
20260930-230802,last,33,528.427,Player-1B8E,1,0,1,0,132,0
20260930-230802,last,33,528.427,Player-FBAD,0,0,0,0,472,0
20260930-230802,last,33,528.427,Player-89AD,0,0,0,0,463,0
20260930-230802,last,33,528.427,Player-DE24,1,0,0,0,874,0
20260930-230802,last,33,528.427,Player-1BA4,0,0,0,0,696,0
20260930-230802,last,33,528.427,Player-470E,1,1,1,0,154,0
20260930-233450,early,,5.835,Player-DDA6,1,0,0,0,4469,0
20260930-233450,early,,5.835,Player-BCA0,1,0,0,0,4393,0
20260930-233450,early,,5.835,Player-F494,1,1,1,0,2574,0
20260930-233450,early,,5.835,Player-74C1,1,0,0,0,4492,0
20260930-233450,early,,5.835,Player-1B8E,1,0,0,0,4478,0
20260930-233450,early,,5.835,Player-FBAD,1,0,0,0,4436,0
20260930-233450,early,,5.835,Player-89AD,1,0,0,0,4422,0
20260930-233450,early,,5.835,Player-DE24,1,0,0,0,4478,0
20260930-233450,early,,5.835,Player-1BA4,1,0,0,0,4504,0
20260930-233450,early,,5.835,Player-470E,1,0,0,0,4487,0
20260930-233450,early,,53.519,Player-DDA6,1,0,0,0,470,0
20260930-233450,early,,53.519,Player-BCA0,1,0,0,0,460,0
20260930-233450,early,,53.519,Player-F494,1,1,1,0,396,0
20260930-233450,early,,53.519,Player-74C1,1,0,0,0,375,0
20260930-233450,early,,53.519,Player-1B8E,1,0,1,0,363,0
20260930-233450,early,,53.519,Player-FBAD,1,0,1,0,347,0
20260930-233450,early,,53.519,Player-89AD,1,0,0,0,404,0
20260930-233450,early,,53.519,Player-DE24,1,0,0,0,414,0
20260930-233450,early,,53.519,Player-1BA4,1,0,0,0,403,0
20260930-233450,early,,53.519,Player-470E,1,0,0,0,463,0
20260930-233450,early,,98.435,Player-DDA6,1,1,1,0,652,0
20260930-233450,early,,98.435,Player-BCA0,1,0,0,0,423,0
20260930-233450,early,,98.435,Player-F494,1,0,0,0,143,0
20260930-233450,early,,98.435,Player-74C1,1,0,0,0,421,0
20260930-233450,early,,98.435,Player-1B8E,1,0,1,0,108,0
20260930-233450,early,,98.435,Player-FBAD,1,0,1,0,92,0
20260930-233450,early,,98.435,Player-89AD,1,0,0,0,281,0
20260930-233450,early,,98.435,Player-DE24,1,0,0,0,342,0
20260930-233450,early,,98.435,Player-1BA4,1,0,0,0,313,0
20260930-233450,early,,98.435,Player-470E,1,0,0,0,444,0
20260930-233450,early,,150.911,Player-DDA6,1,0,0,0,454,0
20260930-233450,early,,150.911,Player-BCA0,1,0,0,0,317,0
20260930-233450,early,,150.911,Player-F494,1,0,1,0,87,0
20260930-233450,early,,150.911,Player-74C1,1,0,0,0,252,0
20260930-233450,early,,150.911,Player-1B8E,1,1,1,0,105,0
20260930-233450,early,,150.911,Player-FBAD,1,0,1,0,75,0
20260930-233450,early,,150.911,Player-89AD,1,0,0,0,389,0
20260930-233450,early,,150.911,Player-DE24,1,0,0,0,274,0
20260930-233450,early,,150.911,Player-1BA4,1,0,0,0,231,0
20260930-233450,early,,150.911,Player-470E,1,0,0,0,214,0
20260930-233450,early,,205.753,Player-DDA6,1,0,0,0,761,0
20260930-233450,early,,205.753,Player-BCA0,1,0,0,0,617,0
20260930-233450,early,,205.753,Player-F494,1,0,0,0,175,0
20260930-233450,early,,205.753,Player-74C1,1,0,0,0,418,0
20260930-233450,early,,205.753,Player-1B8E,1,0,1,0,171,0
20260930-233450,early,,205.753,Player-FBAD,1,0,1,0,127,0
20260930-233450,early,,205.753,Player-89AD,1,0,0,0,346,0
20260930-233450,early,,205.753,Player-DE24,1,0,0,0,386,0
20260930-233450,early,,205.753,Player-1BA4,1,1,1,0,312,0
20260930-233450,early,,205.753,Player-470E,1,0,0,0,515,0
20260930-233450,early,,250.347,Player-DDA6,1,0,0,0,283,0
20260930-233450,early,,250.347,Player-BCA0,1,0,0,0,98,0
20260930-233450,early,,250.347,Player-F494,1,0,0,0,55,0
20260930-233450,early,,250.347,Player-74C1,1,0,0,0,251,0
20260930-233450,early,,250.347,Player-1B8E,1,0,0,0,72,0
20260930-233450,early,,250.347,Player-FBAD,1,0,1,0,59,0
20260930-233450,early,,250.347,Player-89AD,1,0,0,0,55,0
20260930-233450,early,,250.347,Player-DE24,1,0,1,0,66,0
20260930-233450,early,,250.347,Player-1BA4,1,1,1,0,104,0
20260930-233450,early,,250.347,Player-470E,1,0,0,0,121,0
20260930-233450,early,,317.867,Player-DDA6,1,0,0,0,403,0
20260930-233450,early,,317.867,Player-BCA0,1,1,1,0,312,0
20260930-233450,early,,317.867,Player-F494,1,0,0,0,110,0
20260930-233450,early,,317.867,Player-74C1,1,0,0,0,235,0
20260930-233450,early,,317.867,Player-1B8E,1,0,1,0,93,0
20260930-233450,early,,317.867,Player-FBAD,1,0,1,0,78,0
20260930-233450,early,,317.867,Player-89AD,1,0,0,0,328,0
20260930-233450,early,,317.867,Player-DE24,1,0,0,0,269,0
20260930-233450,early,,317.867,Player-1BA4,1,0,0,0,249,0
20260930-233450,early,,317.867,Player-470E,1,0,0,0,225,0
20260930-233450,early,,364.381,Player-DDA6,1,0,0,0,266,0
20260930-233450,early,,364.381,Player-BCA0,1,0,0,0,283,0
20260930-233450,early,,364.381,Player-F494,1,0,1,0,160,0
20260930-233450,early,,364.381,Player-74C1,1,0,0,0,286,0
20260930-233450,early,,364.381,Player-1B8E,1,0,0,0,144,0
20260930-233450,early,,364.381,Player-FBAD,1,0,1,0,156,0
20260930-233450,early,,364.381,Player-89AD,1,0,0,0,180,0
20260930-233450,early,,364.381,Player-DE24,1,1,1,0,192,0
20260930-233450,early,,364.381,Player-1BA4,1,0,0,0,205,0
20260930-233450,early,,364.381,Player-470E,1,0,0,0,260,0
20260930-233450,early,,415.379,Player-DDA6,1,0,0,0,351,0
20260930-233450,early,,415.379,Player-BCA0,1,0,0,0,385,0
20260930-233450,early,,415.379,Player-F494,1,0,0,0,717,1
20260930-233450,early,,415.379,Player-74C1,1,0,0,0,305,0
20260930-233450,early,,415.379,Player-1B8E,1,0,1,0,304,0
20260930-233450,early,,415.379,Player-FBAD,1,0,1,0,108,0
20260930-233450,early,,415.379,Player-89AD,1,0,0,0,304,0
20260930-233450,early,,415.379,Player-DE24,1,1,1,0,364,0
20260930-233450,early,,415.379,Player-1BA4,1,0,0,0,792,0
20260930-233450,early,,415.379,Player-470E,1,0,0,0,237,0
20260930-233450,early,,460.977,Player-DDA6,1,0,0,0,246,0
20260930-233450,early,,460.977,Player-BCA0,1,0,0,0,303,0
20260930-233450,early,,460.977,Player-F494,1,0,0,0,280,0
20260930-233450,early,,460.977,Player-74C1,1,1,1,0,155,0
20260930-233450,early,,460.977,Player-1B8E,1,0,1,0,126,0
20260930-233450,early,,460.977,Player-FBAD,1,0,0,0,182,0
20260930-233450,early,,460.977,Player-89AD,1,0,0,0,198,0
20260930-233450,early,,460.977,Player-DE24,1,0,0,0,210,0
20260930-233450,early,,460.977,Player-1BA4,0,0,0,0,377,0
20260930-233450,early,,460.977,Player-470E,1,0,1,0,121,0
20260930-233450,last,3,532.097,Player-DDA6,1,0,0,0,555,0
20260930-233450,last,3,532.097,Player-BCA0,1,0,0,0,427,0
20260930-233450,last,3,532.097,Player-F494,1,0,0,0,383,0
20260930-233450,last,3,532.097,Player-74C1,1,0,0,0,460,0
20260930-233450,last,3,532.097,Player-1B8E,1,0,1,0,332,0
20260930-233450,last,3,532.097,Player-FBAD,1,1,1,0,99,0
20260930-233450,last,3,532.097,Player-89AD,1,0,0,0,481,0
20260930-233450,last,3,532.097,Player-DE24,1,0,0,0,549,0
20260930-233450,last,3,532.097,Player-1BA4,1,0,1,0,350,0
20260930-233450,last,3,532.097,Player-470E,1,0,0,0,597,0
20260930-233450,last,33,562.097,Player-DDA6,1,0,0,0,343,0
20260930-233450,last,33,562.097,Player-BCA0,1,0,0,0,382,0
20260930-233450,last,33,562.097,Player-F494,1,0,0,0,556,0
20260930-233450,last,33,562.097,Player-74C1,1,0,0,0,546,0
20260930-233450,last,33,562.097,Player-1B8E,1,0,1,0,205,0
20260930-233450,last,33,562.097,Player-FBAD,1,1,1,0,456,0
20260930-233450,last,33,562.097,Player-89AD,1,0,0,0,318,0
20260930-233450,last,33,562.097,Player-DE24,1,0,0,0,423,0
20260930-233450,last,33,562.097,Player-1BA4,1,0,0,0,514,0
20260930-233450,last,33,562.097,Player-470E,1,0,1,0,220,0
20260930-234618,early,,6.119,Player-DDA6,1,0,0,0,4451,0
20260930-234618,early,,6.119,Player-BCA0,1,0,0,0,4372,0
20260930-234618,early,,6.119,Player-F494,1,1,1,0,4,0
20260930-234618,early,,6.119,Player-74C1,1,0,0,0,3683,0
20260930-234618,early,,6.119,Player-1B8E,1,0,0,0,4440,0
20260930-234618,early,,6.119,Player-FBAD,1,0,0,0,4428,0
20260930-234618,early,,6.119,Player-89AD,1,0,0,0,4409,0
20260930-234618,early,,6.119,Player-DE24,1,0,0,0,4487,0
20260930-234618,early,,6.119,Player-1BA4,1,0,0,0,4478,0
20260930-234618,early,,6.119,Player-470E,1,0,0,0,3200,0
20260930-234618,early,,53.633,Player-DDA6,1,0,0,0,566,0
20260930-234618,early,,53.633,Player-BCA0,1,0,0,0,421,0
20260930-234618,early,,53.633,Player-F494,1,1,1,0,434,0
20260930-234618,early,,53.633,Player-74C1,1,0,0,0,1146,0
20260930-234618,early,,53.633,Player-1B8E,1,0,1,0,341,0
20260930-234618,early,,53.633,Player-FBAD,1,0,0,0,470,0
20260930-234618,early,,53.633,Player-89AD,1,0,0,0,464,0
20260930-234618,early,,53.633,Player-DE24,1,0,0,0,1171,0
20260930-234618,early,,53.633,Player-1BA4,1,0,0,0,475,0
20260930-234618,early,,53.633,Player-470E,1,0,1,0,359,0
20260930-234618,early,,149.157,Player-DDA6,1,0,0,0,497,0
20260930-234618,early,,149.157,Player-BCA0,1,0,0,0,389,0
20260930-234618,early,,149.157,Player-F494,1,0,1,0,95,0
20260930-234618,early,,149.157,Player-74C1,1,0,0,0,304,0
20260930-234618,early,,149.157,Player-1B8E,1,0,1,0,34,0
20260930-234618,early,,149.157,Player-FBAD,1,1,1,0,62,0
20260930-234618,early,,149.157,Player-89AD,1,0,0,0,350,0
20260930-234618,early,,149.157,Player-DE24,1,0,0,0,320,0
20260930-234618,early,,149.157,Player-1BA4,1,0,0,0,263,0
20260930-234618,early,,149.157,Player-470E,1,0,0,0,354,0
20260930-234618,early,,203.873,Player-DDA6,1,0,0,0,640,0
20260930-234618,early,,203.873,Player-BCA0,1,0,0,0,514,0
20260930-234618,early,,203.873,Player-F494,1,0,1,0,167,0
20260930-234618,early,,203.873,Player-74C1,1,0,0,0,433,0
20260930-234618,early,,203.873,Player-1B8E,1,0,1,0,145,0
20260930-234618,early,,203.873,Player-FBAD,1,1,1,0,182,0
20260930-234618,early,,203.873,Player-89AD,1,0,0,0,346,0
20260930-234618,early,,203.873,Player-DE24,1,0,0,0,458,0
20260930-234618,early,,203.873,Player-1BA4,1,0,0,0,524,0
20260930-234618,early,,203.873,Player-470E,1,0,0,0,402,0
20260930-234618,early,,251.111,Player-DDA6,1,0,0,0,607,0
20260930-234618,early,,251.111,Player-BCA0,1,0,0,0,345,0
20260930-234618,early,,251.111,Player-F494,1,0,1,0,238,0
20260930-234618,early,,251.111,Player-74C1,1,0,0,0,359,0
20260930-234618,early,,251.111,Player-1B8E,1,1,1,0,141,0
20260930-234618,early,,251.111,Player-FBAD,1,0,0,0,118,0
20260930-234618,early,,251.111,Player-89AD,1,0,0,0,243,0
20260930-234618,early,,251.111,Player-DE24,1,0,0,0,211,0
20260930-234618,early,,251.111,Player-1BA4,1,0,1,0,114,0
20260930-234618,early,,251.111,Player-470E,1,0,0,0,253,0
20260930-234618,early,,306.667,Player-DDA6,1,0,0,0,504,0
20260930-234618,early,,306.667,Player-BCA0,1,0,0,0,370,0
20260930-234618,early,,306.667,Player-F494,1,0,1,0,29,0
20260930-234618,early,,306.667,Player-74C1,1,0,0,0,319,0
20260930-234618,early,,306.667,Player-1B8E,1,0,1,0,21,0
20260930-234618,early,,306.667,Player-FBAD,1,0,0,0,19,0
20260930-234618,early,,306.667,Player-89AD,1,0,0,0,404,0
20260930-234618,early,,306.667,Player-DE24,1,1,1,0,508,0
20260930-234618,early,,306.667,Player-1BA4,1,0,0,0,317,0
20260930-234618,early,,306.667,Player-470E,1,0,0,0,366,0
20260930-234618,early,,354.101,Player-DDA6,1,0,0,0,326,0
20260930-234618,early,,354.101,Player-BCA0,1,0,0,0,226,0
20260930-234618,early,,354.101,Player-F494,1,0,0,0,255,0
20260930-234618,early,,354.101,Player-74C1,1,0,0,0,146,0
20260930-234618,early,,354.101,Player-1B8E,1,0,1,0,144,0
20260930-234618,early,,354.101,Player-FBAD,1,0,1,0,71,0
20260930-234618,early,,354.101,Player-89AD,1,0,0,0,244,0
20260930-234618,early,,354.101,Player-DE24,1,1,1,0,274,0
20260930-234618,early,,354.101,Player-1BA4,1,0,0,0,255,0
20260930-234618,early,,354.101,Player-470E,1,0,0,0,278,0
20260930-234618,early,,400.861,Player-DDA6,1,0,0,0,641,0
20260930-234618,early,,400.861,Player-BCA0,1,0,0,0,551,0
20260930-234618,early,,400.861,Player-F494,1,0,1,0,157,0
20260930-234618,early,,400.861,Player-74C1,1,0,0,0,286,0
20260930-234618,early,,400.861,Player-1B8E,1,0,1,0,165,0
20260930-234618,early,,400.861,Player-FBAD,1,0,0,0,349,0
20260930-234618,early,,400.861,Player-89AD,1,0,0,0,373,0
20260930-234618,early,,400.861,Player-DE24,1,0,0,0,335,0
20260930-234618,early,,400.861,Player-1BA4,1,0,0,0,249,0
20260930-234618,early,,400.861,Player-470E,1,1,1,0,420,0
20260930-234618,early,,445.779,Player-DDA6,1,0,0,0,400,0
20260930-234618,early,,445.779,Player-BCA0,1,0,0,0,312,0
20260930-234618,early,,445.779,Player-F494,1,0,0,0,263,0
20260930-234618,early,,445.779,Player-74C1,1,0,0,0,256,0
20260930-234618,early,,445.779,Player-1B8E,1,1,1,0,131,0
20260930-234618,early,,445.779,Player-FBAD,1,0,1,0,206,0
20260930-234618,early,,445.779,Player-89AD,1,0,0,0,329,0
20260930-234618,early,,445.779,Player-DE24,1,0,1,0,199,0
20260930-234618,early,,445.779,Player-1BA4,1,0,0,0,391,0
20260930-234618,early,,445.779,Player-470E,1,0,0,0,404,0
20260930-234618,last,3,480.303,Player-DDA6,1,0,0,0,478,0
20260930-234618,last,3,480.303,Player-BCA0,1,0,0,0,407,0
20260930-234618,last,3,480.303,Player-F494,1,0,1,0,143,0
20260930-234618,last,3,480.303,Player-74C1,1,0,1,0,331,0
20260930-234618,last,3,480.303,Player-1B8E,1,1,1,0,143,0
20260930-234618,last,3,480.303,Player-FBAD,1,0,0,0,113,0
20260930-234618,last,3,480.303,Player-89AD,1,0,0,0,457,0
20260930-234618,last,3,480.303,Player-DE24,1,0,0,0,421,0
20260930-234618,last,3,480.303,Player-1BA4,1,0,0,0,385,0
20260930-234618,last,3,480.303,Player-470E,1,0,0,0,502,0
20260930-234618,last,33,510.303,Player-DDA6,1,0,0,0,519,0
20260930-234618,last,33,510.303,Player-BCA0,1,0,1,0,477,0
20260930-234618,last,33,510.303,Player-F494,1,0,1,0,515,0
20260930-234618,last,33,510.303,Player-74C1,1,0,0,0,490,0
20260930-234618,last,33,510.303,Player-1B8E,1,0,0,0,201,0
20260930-234618,last,33,510.303,Player-FBAD,1,0,0,0,461,0
20260930-234618,last,33,510.303,Player-89AD,1,0,0,0,546,0
20260930-234618,last,33,510.303,Player-DE24,1,0,0,0,514,0
20260930-234618,last,33,510.303,Player-1BA4,1,0,1,0,362,0
20260930-234618,last,33,510.303,Player-470E,1,0,0,0,593,0
20260930-234618,last,63,540.303,Player-DDA6,1,0,1,0,326,0
20260930-234618,last,63,540.303,Player-BCA0,1,0,0,0,193,0
20260930-234618,last,63,540.303,Player-F494,1,1,1,1,310,0
20260930-234618,last,63,540.303,Player-74C1,1,0,0,1,293,0
20260930-234618,last,63,540.303,Player-1B8E,1,0,0,1,165,0
20260930-234618,last,63,540.303,Player-FBAD,1,0,0,0,492,0
20260930-234618,last,63,540.303,Player-89AD,1,0,0,0,327,0
20260930-234618,last,63,540.303,Player-DE24,1,0,0,0,439,0
20260930-234618,last,63,540.303,Player-1BA4,1,0,1,0,318,0
20260930-234618,last,63,540.303,Player-470E,1,0,0,0,558,0
20261001-000305,early,,6.195,Player-DDA6,1,0,0,0,1884,0
20261001-000305,early,,6.195,Player-1B8E,1,0,1,0,2830,0
20261001-000305,early,,6.195,Player-FBAD,0,0,0,0,2195,0
20261001-000305,early,,6.195,Player-89AD,1,0,0,0,4,0
20261001-195456,early,,5.956,Player-DDA6,1,0,0,0,4314,0
20261001-195456,early,,5.956,Player-C2E3,1,0,0,0,4349,0
20261001-195456,early,,5.956,Player-BCA0,1,0,0,0,4293,0
20261001-195456,early,,5.956,Player-74C1,1,0,0,0,4353,0
20261001-195456,early,,5.956,Player-1B8E,1,0,0,0,4346,0
20261001-195456,early,,5.956,Player-89AD,1,0,0,0,4284,0
20261001-195456,early,,5.956,Player-F494,1,1,1,0,2620,0
20261001-195456,early,,5.956,Player-1BA4,1,0,0,0,4373,0
20261001-195456,early,,5.956,Player-FBAD,1,0,0,0,4314,0
20261001-195456,early,,5.956,Player-DE24,1,0,0,0,4345,0
20261001-195456,early,,53.838,Player-DDA6,1,0,0,0,435,0
20261001-195456,early,,53.838,Player-C2E3,1,0,0,0,607,0
20261001-195456,early,,53.838,Player-BCA0,1,0,0,0,570,0
20261001-195456,early,,53.838,Player-74C1,1,0,0,0,452,0
20261001-195456,early,,53.838,Player-1B8E,1,0,1,0,220,0
20261001-195456,early,,53.838,Player-89AD,1,0,1,0,405,0
20261001-195456,early,,53.838,Player-F494,1,1,1,0,1083,0
20261001-195456,early,,53.838,Player-1BA4,1,0,0,0,440,0
20261001-195456,early,,53.838,Player-FBAD,1,0,0,0,442,0
20261001-195456,early,,53.838,Player-DE24,1,0,0,0,1045,0
20261001-195456,early,,98.394,Player-DDA6,1,0,0,0,477,0
20261001-195456,early,,98.394,Player-C2E3,1,0,1,0,206,0
20261001-195456,early,,98.394,Player-BCA0,1,0,0,0,352,0
20261001-195456,early,,98.394,Player-74C1,1,0,0,0,346,0
20261001-195456,early,,98.394,Player-1B8E,1,0,1,0,148,0
20261001-195456,early,,98.394,Player-89AD,1,0,0,0,296,0
20261001-195456,early,,98.394,Player-F494,1,0,0,0,215,0
20261001-195456,early,,98.394,Player-1BA4,1,0,0,0,373,0
20261001-195456,early,,98.394,Player-FBAD,1,1,1,0,189,0
20261001-195456,early,,98.394,Player-DE24,1,0,0,0,249,0
20261001-195456,early,,154.952,Player-DDA6,1,1,1,0,344,0
20261001-195456,early,,154.952,Player-C2E3,1,0,0,0,116,0
20261001-195456,early,,154.952,Player-BCA0,1,0,0,0,123,0
20261001-195456,early,,154.952,Player-74C1,1,0,0,0,146,0
20261001-195456,early,,154.952,Player-1B8E,1,0,1,0,109,0
20261001-195456,early,,154.952,Player-89AD,1,0,0,0,225,0
20261001-195456,early,,154.952,Player-F494,1,0,1,0,11,0
20261001-195456,early,,154.952,Player-1BA4,1,0,0,0,199,0
20261001-195456,early,,154.952,Player-FBAD,1,0,0,0,103,0
20261001-195456,early,,154.952,Player-DE24,1,0,0,0,237,0
20261001-195456,early,,210.11,Player-DDA6,1,1,1,0,587,0
20261001-195456,early,,210.11,Player-C2E3,1,0,0,0,386,0
20261001-195456,early,,210.11,Player-BCA0,1,0,0,0,363,0
20261001-195456,early,,210.11,Player-74C1,1,0,0,0,336,0
20261001-195456,early,,210.11,Player-1B8E,1,0,0,0,115,0
20261001-195456,early,,210.11,Player-89AD,1,0,0,0,370,0
20261001-195456,early,,210.11,Player-F494,1,0,1,0,115,0
20261001-195456,early,,210.11,Player-1BA4,1,0,0,0,327,0
20261001-195456,early,,210.11,Player-FBAD,1,0,1,0,147,0
20261001-195456,early,,210.11,Player-DE24,1,0,0,0,320,0
20261001-195456,early,,256.466,Player-DDA6,1,1,1,0,503,0
20261001-195456,early,,256.466,Player-C2E3,1,0,0,0,376,0
20261001-195456,early,,256.466,Player-BCA0,1,0,0,0,406,0
20261001-195456,early,,256.466,Player-74C1,1,0,0,0,301,0
20261001-195456,early,,256.466,Player-1B8E,1,0,1,0,144,0
20261001-195456,early,,256.466,Player-89AD,1,0,0,0,363,0
20261001-195456,early,,256.466,Player-F494,1,0,1,0,140,0
20261001-195456,early,,256.466,Player-1BA4,1,0,0,0,391,0
20261001-195456,early,,256.466,Player-FBAD,1,0,0,0,175,0
20261001-195456,early,,256.466,Player-DE24,1,0,0,0,321,0
20261001-195456,early,,323.71,Player-DDA6,1,0,0,0,485,0
20261001-195456,early,,323.71,Player-C2E3,1,0,0,0,174,0
20261001-195456,early,,323.71,Player-BCA0,1,0,0,0,512,0
20261001-195456,early,,323.71,Player-74C1,1,0,0,0,374,0
20261001-195456,early,,323.71,Player-1B8E,1,0,1,0,39,0
20261001-195456,early,,323.71,Player-89AD,1,1,1,0,369,0
20261001-195456,early,,323.71,Player-F494,1,0,1,0,47,0
20261001-195456,early,,323.71,Player-1BA4,1,0,0,0,339,0
20261001-195456,early,,323.71,Player-FBAD,1,0,0,0,87,0
20261001-195456,early,,323.71,Player-DE24,1,0,0,0,284,0
20261001-195456,early,,371.228,Player-DDA6,1,0,0,0,342,0
20261001-195456,early,,371.228,Player-C2E3,1,0,0,0,313,0
20261001-195456,early,,371.228,Player-BCA0,1,0,0,0,346,0
20261001-195456,early,,371.228,Player-74C1,1,0,1,0,200,0
20261001-195456,early,,371.228,Player-1B8E,1,0,0,0,233,0
20261001-195456,early,,371.228,Player-89AD,1,1,1,0,165,0
20261001-195456,early,,371.228,Player-F494,1,0,0,0,252,0
20261001-195456,early,,371.228,Player-1BA4,1,0,0,0,220,0
20261001-195456,early,,371.228,Player-FBAD,1,0,0,0,286,0
20261001-195456,early,,371.228,Player-DE24,1,0,1,0,191,0
20261001-195456,early,,418.384,Player-DDA6,1,0,0,0,623,0
20261001-195456,early,,418.384,Player-C2E3,1,1,1,0,497,0
20261001-195456,early,,418.384,Player-BCA0,1,0,0,0,632,0
20261001-195456,early,,418.384,Player-74C1,1,0,0,0,441,0
20261001-195456,early,,418.384,Player-1B8E,1,0,1,0,264,0
20261001-195456,early,,418.384,Player-89AD,1,0,0,0,714,0
20261001-195456,early,,418.384,Player-F494,1,0,0,0,514,0
20261001-195456,early,,418.384,Player-1BA4,1,0,0,0,632,0
20261001-195456,early,,418.384,Player-FBAD,1,0,0,0,591,0
20261001-195456,early,,418.384,Player-DE24,1,0,1,0,409,0
20261001-195456,early,,463.378,Player-DDA6,1,0,0,0,123,0
20261001-195456,early,,463.378,Player-C2E3,1,1,1,0,79,0
20261001-195456,early,,463.378,Player-BCA0,1,0,1,0,72,0
20261001-195456,early,,463.378,Player-74C1,1,0,0,0,213,0
20261001-195456,early,,463.378,Player-1B8E,1,0,1,0,88,0
20261001-195456,early,,463.378,Player-89AD,1,0,0,0,290,0
20261001-195456,early,,463.378,Player-F494,1,0,0,0,190,0
20261001-195456,early,,463.378,Player-1BA4,1,0,0,0,202,0
20261001-195456,early,,463.378,Player-FBAD,1,0,0,0,177,0
20261001-195456,early,,463.378,Player-DE24,1,0,0,0,198,0
20261001-195456,last,3,499.898,Player-DDA6,1,0,0,0,447,0
20261001-195456,last,3,499.898,Player-C2E3,1,1,1,0,364,0
20261001-195456,last,3,499.898,Player-BCA0,1,0,0,0,461,0
20261001-195456,last,3,499.898,Player-74C1,1,0,0,0,448,0
20261001-195456,last,3,499.898,Player-1B8E,1,0,1,0,145,0
20261001-195456,last,3,499.898,Player-89AD,1,0,0,0,433,0
20261001-195456,last,3,499.898,Player-F494,1,0,0,0,179,0
20261001-195456,last,3,499.898,Player-1BA4,1,0,0,0,343,0
20261001-195456,last,3,499.898,Player-FBAD,1,0,1,0,48,0
20261001-195456,last,3,499.898,Player-DE24,1,0,0,0,408,0
20261001-195456,last,33,529.898,Player-DDA6,0,0,0,0,668,0
20261001-195456,last,33,529.898,Player-C2E3,0,0,0,0,639,0
20261001-195456,last,33,529.898,Player-BCA0,0,0,0,0,546,0
20261001-195456,last,33,529.898,Player-74C1,1,0,0,0,668,0
20261001-195456,last,33,529.898,Player-1B8E,0,0,0,0,560,0
20261001-195456,last,33,529.898,Player-89AD,0,0,0,0,959,0
20261001-195456,last,33,529.898,Player-F494,0,0,0,0,721,0
20261001-195456,last,33,529.898,Player-1BA4,0,0,0,0,818,0
20261001-195456,last,33,529.898,Player-FBAD,0,0,0,0,626,0
20261001-195456,last,33,529.898,Player-DE24,0,0,0,0,872,0
20261001-200035,early,,5.795,Player-DDA6,1,0,0,0,4386,0
20261001-200035,early,,5.795,Player-C2E3,1,0,0,0,4417,0
20261001-200035,early,,5.795,Player-BCA0,1,0,0,0,4384,0
20261001-200035,early,,5.795,Player-74C1,1,0,0,0,4415,0
20261001-200035,early,,5.795,Player-1B8E,1,0,0,0,4398,0
20261001-200035,early,,5.795,Player-89AD,1,0,0,0,4350,0
20261001-200035,early,,5.795,Player-F494,1,1,1,0,2599,0
20261001-200035,early,,5.795,Player-1BA4,1,0,0,0,4423,0
20261001-200035,early,,5.795,Player-FBAD,1,0,0,0,4413,0
20261001-200035,early,,5.795,Player-DE24,1,0,0,0,4457,0
20261001-200035,early,,53.197,Player-DDA6,1,0,0,0,597,0
20261001-200035,early,,53.197,Player-C2E3,1,0,0,0,353,0
20261001-200035,early,,53.197,Player-BCA0,1,0,0,0,421,0
20261001-200035,early,,53.197,Player-74C1,1,0,0,0,328,0
20261001-200035,early,,53.197,Player-1B8E,1,0,0,0,335,0
20261001-200035,early,,53.197,Player-89AD,1,0,0,0,416,0
20261001-200035,early,,53.197,Player-F494,1,1,1,0,417,0
20261001-200035,early,,53.197,Player-1BA4,1,0,0,0,410,0
20261001-200035,early,,53.197,Player-FBAD,1,0,1,0,272,0
20261001-200035,early,,53.197,Player-DE24,1,0,1,0,301,0
20261001-200035,early,,98.353,Player-DDA6,1,0,0,0,534,0
20261001-200035,early,,98.353,Player-C2E3,1,0,0,0,310,0
20261001-200035,early,,98.353,Player-BCA0,1,0,0,0,360,0
20261001-200035,early,,98.353,Player-74C1,1,0,0,0,343,0
20261001-200035,early,,98.353,Player-1B8E,1,0,1,0,103,0
20261001-200035,early,,98.353,Player-89AD,1,0,0,0,442,0
20261001-200035,early,,98.353,Player-F494,1,0,0,0,84,0
20261001-200035,early,,98.353,Player-1BA4,1,0,0,0,400,0
20261001-200035,early,,98.353,Player-FBAD,1,0,1,0,85,0
20261001-200035,early,,98.353,Player-DE24,1,1,1,0,312,0
20261001-200035,early,,160.671,Player-DDA6,1,0,0,0,430,0
20261001-200035,early,,160.671,Player-C2E3,1,1,1,0,116,0
20261001-200035,early,,160.671,Player-BCA0,1,0,0,0,214,0
20261001-200035,early,,160.671,Player-74C1,1,0,0,0,359,0
20261001-200035,early,,160.671,Player-1B8E,1,0,1,0,50,0
20261001-200035,early,,160.671,Player-89AD,1,0,0,0,374,0
20261001-200035,early,,160.671,Player-F494,1,0,1,0,176,0
20261001-200035,early,,160.671,Player-1BA4,1,0,0,0,420,0
20261001-200035,early,,160.671,Player-FBAD,1,0,0,0,183,0
20261001-200035,early,,160.671,Player-DE24,1,0,0,0,255,0
20261001-200035,early,,216.267,Player-DDA6,1,0,0,0,436,0
20261001-200035,early,,216.267,Player-C2E3,0,0,0,0,1177,0
20261001-200035,early,,216.267,Player-BCA0,1,0,0,0,1102,0
20261001-200035,early,,216.267,Player-74C1,1,0,0,0,529,0
20261001-200035,early,,216.267,Player-1B8E,1,0,1,0,75,0
20261001-200035,early,,216.267,Player-89AD,1,0,0,0,804,0
20261001-200035,early,,216.267,Player-F494,1,0,1,0,244,0
20261001-200035,early,,216.267,Player-1BA4,1,0,1,0,276,0
20261001-200035,early,,216.267,Player-FBAD,1,0,0,0,365,0
20261001-200035,early,,216.267,Player-DE24,1,0,0,0,1082,0
20261001-201030,early,,6.083,Player-DDA6,1,0,0,0,4,0
20261001-201030,early,,6.083,Player-C2E3,1,0,0,0,4487,0
20261001-201030,early,,6.083,Player-BCA0,1,0,0,0,4389,0
20261001-201030,early,,6.083,Player-74C1,1,0,0,0,4444,0
20261001-201030,early,,6.083,Player-1B8E,1,0,0,0,4478,0
20261001-201030,early,,6.083,Player-89AD,1,0,0,0,3890,0
20261001-201030,early,,6.083,Player-F494,1,1,1,0,2671,0
20261001-201030,early,,6.083,Player-1BA4,1,0,0,0,4488,0
20261001-201030,early,,6.083,Player-FBAD,1,0,0,0,4481,0
20261001-201030,early,,6.083,Player-DE24,1,0,0,0,4443,0
20261001-201030,early,,53.361,Player-DDA6,1,0,0,0,599,0
20261001-201030,early,,53.361,Player-C2E3,1,0,0,0,464,0
20261001-201030,early,,53.361,Player-BCA0,1,0,0,0,498,0
20261001-201030,early,,53.361,Player-74C1,1,0,0,0,405,0
20261001-201030,early,,53.361,Player-1B8E,1,0,1,0,336,0
20261001-201030,early,,53.361,Player-89AD,1,0,0,0,360,0
20261001-201030,early,,53.361,Player-F494,1,0,0,0,513,0
20261001-201030,early,,53.361,Player-1BA4,1,0,0,0,409,0
20261001-201030,early,,53.361,Player-FBAD,1,1,1,0,339,0
20261001-201030,early,,53.361,Player-DE24,1,0,1,0,314,0
20261001-201030,early,,98.281,Player-DDA6,1,0,0,0,470,0
20261001-201030,early,,98.281,Player-C2E3,1,0,0,0,344,0
20261001-201030,early,,98.281,Player-BCA0,1,0,0,0,518,0
20261001-201030,early,,98.281,Player-74C1,1,0,0,0,340,0
20261001-201030,early,,98.281,Player-1B8E,1,0,1,0,141,0
20261001-201030,early,,98.281,Player-89AD,1,0,0,0,337,0
20261001-201030,early,,98.281,Player-F494,1,0,0,0,277,0
20261001-201030,early,,98.281,Player-1BA4,1,0,0,0,342,0
20261001-201030,early,,98.281,Player-FBAD,1,1,1,0,272,0
20261001-201030,early,,98.281,Player-DE24,1,0,1,0,268,0
20261001-201030,early,,153.675,Player-DDA6,1,0,0,0,398,0
20261001-201030,early,,153.675,Player-C2E3,1,0,0,0,352,0
20261001-201030,early,,153.675,Player-BCA0,1,0,0,0,291,0
20261001-201030,early,,153.675,Player-74C1,1,0,0,0,265,0
20261001-201030,early,,153.675,Player-1B8E,1,0,1,0,57,0
20261001-201030,early,,153.675,Player-89AD,1,0,0,0,342,0
20261001-201030,early,,153.675,Player-F494,1,0,1,0,78,0
20261001-201030,early,,153.675,Player-1BA4,1,0,0,0,326,0
20261001-201030,early,,153.675,Player-FBAD,1,0,0,0,242,0
20261001-201030,early,,153.675,Player-DE24,1,1,1,0,256,0
20261001-201030,early,,208.513,Player-DDA6,1,0,0,0,611,0
20261001-201030,early,,208.513,Player-C2E3,1,0,0,0,486,0
20261001-201030,early,,208.513,Player-BCA0,1,0,0,0,525,0
20261001-201030,early,,208.513,Player-74C1,1,0,0,0,367,0
20261001-201030,early,,208.513,Player-1B8E,1,0,1,0,143,0
20261001-201030,early,,208.513,Player-89AD,1,0,0,0,355,0
20261001-201030,early,,208.513,Player-F494,1,0,1,0,158,0
20261001-201030,early,,208.513,Player-1BA4,1,1,1,0,450,0
20261001-201030,early,,208.513,Player-FBAD,1,0,0,0,298,0
20261001-201030,early,,208.513,Player-DE24,1,0,0,0,370,0
20261001-201030,early,,253.151,Player-DDA6,1,0,0,0,275,0
20261001-201030,early,,253.151,Player-C2E3,1,0,0,0,298,0
20261001-201030,early,,253.151,Player-BCA0,1,0,0,0,324,0
20261001-201030,early,,253.151,Player-74C1,1,0,0,0,344,0
20261001-201030,early,,253.151,Player-1B8E,1,0,1,0,112,0
20261001-201030,early,,253.151,Player-89AD,1,0,1,0,264,0
20261001-201030,early,,253.151,Player-F494,1,0,0,0,173,0
20261001-201030,early,,253.151,Player-1BA4,1,0,0,0,266,0
20261001-201030,early,,253.151,Player-FBAD,0,0,0,0,166,0
20261001-201030,early,,253.151,Player-DE24,1,1,1,0,244,0
20261001-201030,early,,306.189,Player-DDA6,1,0,0,0,396,0
20261001-201030,early,,306.189,Player-C2E3,1,0,0,0,365,0
20261001-201030,early,,306.189,Player-BCA0,1,0,0,0,305,0
20261001-201030,early,,306.189,Player-74C1,1,0,0,0,379,0
20261001-201030,early,,306.189,Player-1B8E,1,0,1,0,38,0
20261001-201030,early,,306.189,Player-89AD,1,0,0,0,308,0
20261001-201030,early,,306.189,Player-F494,1,0,1,0,72,0
20261001-201030,early,,306.189,Player-1BA4,1,0,0,0,326,0
20261001-201030,early,,306.189,Player-FBAD,1,0,1,0,50,0
20261001-201030,early,,306.189,Player-DE24,1,0,0,0,278,0
20261001-201030,early,,353.265,Player-DDA6,1,1,1,0,385,0
20261001-201030,early,,353.265,Player-C2E3,1,0,0,0,226,0
20261001-201030,early,,353.265,Player-BCA0,1,0,0,0,251,0
20261001-201030,early,,353.265,Player-74C1,1,0,0,0,221,0
20261001-201030,early,,353.265,Player-1B8E,1,0,1,0,48,0
20261001-201030,early,,353.265,Player-89AD,1,0,0,0,106,0
20261001-201030,early,,353.265,Player-F494,1,0,1,0,90,0
20261001-201030,early,,353.265,Player-1BA4,1,0,0,0,220,0
20261001-201030,early,,353.265,Player-FBAD,1,0,0,0,218,0
20261001-201030,early,,353.265,Player-DE24,1,0,0,0,217,0
20261001-201030,early,,401.223,Player-DDA6,1,0,0,0,280,0
20261001-201030,early,,401.223,Player-C2E3,1,0,0,0,284,0
20261001-201030,early,,401.223,Player-BCA0,1,0,1,0,215,0
20261001-201030,early,,401.223,Player-74C1,1,1,1,0,305,0
20261001-201030,early,,401.223,Player-1B8E,1,0,1,0,265,0
20261001-201030,early,,401.223,Player-89AD,1,0,0,0,268,0
20261001-201030,early,,401.223,Player-F494,1,0,0,0,280,0
20261001-201030,early,,401.223,Player-1BA4,1,0,0,0,393,0
20261001-201030,early,,401.223,Player-FBAD,1,0,0,0,332,0
20261001-201030,early,,401.223,Player-DE24,1,0,0,0,466,0
20261001-201030,last,3,478.303,Player-DDA6,1,0,0,0,501,0
20261001-201030,last,3,478.303,Player-C2E3,1,0,0,0,307,0
20261001-201030,last,3,478.303,Player-BCA0,1,0,0,0,356,0
20261001-201030,last,3,478.303,Player-74C1,1,0,0,0,404,0
20261001-201030,last,3,478.303,Player-1B8E,1,1,1,0,104,0
20261001-201030,last,3,478.303,Player-89AD,1,0,0,0,427,0
20261001-201030,last,3,478.303,Player-F494,1,0,0,0,240,0
20261001-201030,last,3,478.303,Player-1BA4,1,0,1,0,156,0
20261001-201030,last,3,478.303,Player-FBAD,1,0,1,0,70,0
20261001-201030,last,3,478.303,Player-DE24,1,0,0,0,501,0
20261001-201030,last,33,508.303,Player-DDA6,1,0,0,0,750,0
20261001-201030,last,33,508.303,Player-C2E3,1,0,1,0,714,0
20261001-201030,last,33,508.303,Player-BCA0,1,0,0,0,898,0
20261001-201030,last,33,508.303,Player-74C1,1,0,0,0,821,0
20261001-201030,last,33,508.303,Player-1B8E,1,1,1,0,841,0
20261001-201030,last,33,508.303,Player-89AD,1,0,0,0,873,0
20261001-201030,last,33,508.303,Player-F494,1,0,0,0,732,0
20261001-201030,last,33,508.303,Player-1BA4,1,0,0,0,816,0
20261001-201030,last,33,508.303,Player-FBAD,1,0,0,0,786,0
20261001-201030,last,33,508.303,Player-DE24,1,0,1,0,746,0
20261001-201030,last,63,538.303,Player-DDA6,1,0,0,0,543,0
20261001-201030,last,63,538.303,Player-C2E3,0,0,0,0,465,0
20261001-201030,last,63,538.303,Player-BCA0,0,0,0,0,1002,0
20261001-201030,last,63,538.303,Player-74C1,0,0,0,0,1013,0
20261001-201030,last,63,538.303,Player-1B8E,0,0,0,0,929,0
20261001-201030,last,63,538.303,Player-89AD,1,0,0,0,373,0
20261001-201030,last,63,538.303,Player-F494,1,1,1,1,141,0
20261001-201030,last,63,538.303,Player-1BA4,1,0,0,0,981,0
20261001-201030,last,63,538.303,Player-FBAD,0,0,0,0,730,0
20261001-201030,last,63,538.303,Player-DE24,1,0,0,0,404,0
20261001-201411,early,,5.722,Player-DDA6,1,0,0,0,4406,0
20261001-201411,early,,5.722,Player-C2E3,1,0,0,0,4421,0
20261001-201411,early,,5.722,Player-BCA0,1,0,0,0,4390,0
20261001-201411,early,,5.722,Player-74C1,1,0,0,0,4440,0
20261001-201411,early,,5.722,Player-1B8E,1,0,0,0,4439,0
20261001-201411,early,,5.722,Player-89AD,1,0,0,0,4437,0
20261001-201411,early,,5.722,Player-F494,1,1,1,0,2592,0
20261001-201411,early,,5.722,Player-1BA4,1,0,0,0,4458,0
20261001-201411,early,,5.722,Player-FBAD,1,0,0,0,4406,0
20261001-201411,early,,5.722,Player-DE24,1,0,0,0,4474,0
20261001-201411,early,,52.602,Player-DDA6,1,0,0,0,477,0
20261001-201411,early,,52.602,Player-C2E3,1,0,0,0,726,0
20261001-201411,early,,52.602,Player-BCA0,1,0,0,0,639,0
20261001-201411,early,,52.602,Player-74C1,1,0,0,0,446,0
20261001-201411,early,,52.602,Player-1B8E,1,0,0,0,1249,0
20261001-201411,early,,52.602,Player-89AD,1,0,0,0,452,0
20261001-201411,early,,52.602,Player-F494,1,1,1,0,453,0
20261001-201411,early,,52.602,Player-1BA4,1,0,1,0,440,0
20261001-201411,early,,52.602,Player-FBAD,1,0,0,0,753,0
20261001-201411,early,,52.602,Player-DE24,1,0,1,0,335,0
20261001-201640,early,,5.959,Player-DDA6,1,0,0,0,4406,0
20261001-201640,early,,5.959,Player-C2E3,1,0,0,0,4407,0
20261001-201640,early,,5.959,Player-BCA0,1,0,0,0,4367,0
20261001-201640,early,,5.959,Player-74C1,1,0,0,0,4378,0
20261001-201640,early,,5.959,Player-1B8E,1,0,0,0,4358,0
20261001-201640,early,,5.959,Player-89AD,1,0,0,0,4408,0
20261001-201640,early,,5.959,Player-F494,1,1,1,0,2581,0
20261001-201640,early,,5.959,Player-1BA4,1,0,0,0,4435,0
20261001-201640,early,,5.959,Player-FBAD,1,0,0,0,4411,0
20261001-201640,early,,5.959,Player-DE24,1,0,0,0,4419,0
20261001-201640,early,,52.921,Player-DDA6,1,0,0,0,543,0
20261001-201640,early,,52.921,Player-C2E3,1,0,0,0,382,0
20261001-201640,early,,52.921,Player-BCA0,1,0,0,0,379,0
20261001-201640,early,,52.921,Player-74C1,1,0,0,0,373,0
20261001-201640,early,,52.921,Player-1B8E,1,0,1,0,333,0
20261001-201640,early,,52.921,Player-89AD,1,0,0,0,424,0
20261001-201640,early,,52.921,Player-F494,1,1,1,0,427,0
20261001-201640,early,,52.921,Player-1BA4,1,0,0,0,471,0
20261001-201640,early,,52.921,Player-FBAD,1,0,0,0,415,0
20261001-201640,early,,52.921,Player-DE24,1,0,1,0,321,0
20261001-202431,early,,5.993,Player-DDA6,1,0,0,0,4461,0
20261001-202431,early,,5.993,Player-C2E3,1,0,0,0,4489,0
20261001-202431,early,,5.993,Player-BCA0,1,0,0,0,4402,0
20261001-202431,early,,5.993,Player-74C1,1,0,0,0,4471,0
20261001-202431,early,,5.993,Player-1B8E,1,0,0,0,4478,0
20261001-202431,early,,5.993,Player-89AD,1,0,0,0,4483,0
20261001-202431,early,,5.993,Player-F494,1,1,1,0,2578,0
20261001-202431,early,,5.993,Player-1BA4,1,0,0,0,4502,0
20261001-202431,early,,5.993,Player-FBAD,1,0,0,0,4480,0
20261001-202431,early,,5.993,Player-DE24,1,0,0,0,4528,0
20261001-202431,early,,52.999,Player-DDA6,1,0,0,0,579,0
20261001-202431,early,,52.999,Player-C2E3,1,0,0,0,395,0
20261001-202431,early,,52.999,Player-BCA0,1,0,0,0,628,0
20261001-202431,early,,52.999,Player-74C1,1,0,0,0,365,0
20261001-202431,early,,52.999,Player-1B8E,1,0,1,0,305,0
20261001-202431,early,,52.999,Player-89AD,1,0,0,0,409,0
20261001-202431,early,,52.999,Player-F494,1,1,1,0,408,0
20261001-202431,early,,52.999,Player-1BA4,1,0,0,0,438,0
20261001-202431,early,,52.999,Player-FBAD,1,0,0,0,352,0
20261001-202431,early,,52.999,Player-DE24,1,0,1,0,265,0
20261001-202431,early,,98.201,Player-DDA6,1,1,1,0,532,0
20261001-202431,early,,98.201,Player-C2E3,1,0,0,0,311,0
20261001-202431,early,,98.201,Player-BCA0,1,0,0,0,414,0
20261001-202431,early,,98.201,Player-74C1,1,0,0,0,373,0
20261001-202431,early,,98.201,Player-1B8E,1,0,1,0,125,0
20261001-202431,early,,98.201,Player-89AD,1,0,0,0,405,0
20261001-202431,early,,98.201,Player-F494,1,0,0,0,117,0
20261001-202431,early,,98.201,Player-1BA4,1,0,0,0,393,0
20261001-202431,early,,98.201,Player-FBAD,1,0,1,0,115,0
20261001-202431,early,,98.201,Player-DE24,1,0,0,0,292,0
20261001-202431,early,,146.667,Player-DDA6,1,0,0,0,533,0
20261001-202431,early,,146.667,Player-C2E3,1,0,0,0,342,0
20261001-202431,early,,146.667,Player-BCA0,1,0,0,0,310,0
20261001-202431,early,,146.667,Player-74C1,1,1,1,0,291,0
20261001-202431,early,,146.667,Player-1B8E,1,0,1,0,172,0
20261001-202431,early,,146.667,Player-89AD,1,0,0,0,288,0
20261001-202431,early,,146.667,Player-F494,1,0,1,0,144,0
20261001-202431,early,,146.667,Player-1BA4,1,0,0,0,341,0
20261001-202431,early,,146.667,Player-FBAD,1,0,0,0,106,0
20261001-202431,early,,146.667,Player-DE24,1,0,0,0,234,0
20261001-202431,early,,201.307,Player-DDA6,1,0,0,0,623,0
20261001-202431,early,,201.307,Player-C2E3,1,1,1,0,311,0
20261001-202431,early,,201.307,Player-BCA0,1,0,0,0,390,0
20261001-202431,early,,201.307,Player-74C1,1,0,0,0,358,0
20261001-202431,early,,201.307,Player-1B8E,1,0,1,0,171,0
20261001-202431,early,,201.307,Player-89AD,1,0,0,0,355,0
20261001-202431,early,,201.307,Player-F494,1,0,1,0,225,0
20261001-202431,early,,201.307,Player-1BA4,1,0,0,0,470,0
20261001-202431,early,,201.307,Player-FBAD,1,0,0,0,325,0
20261001-202431,early,,201.307,Player-DE24,1,0,0,0,372,0
20261001-202431,early,,262.303,Player-DDA6,1,0,0,0,324,0
20261001-202431,early,,262.303,Player-C2E3,1,0,0,0,198,0
20261001-202431,early,,262.303,Player-BCA0,1,0,1,0,226,0
20261001-202431,early,,262.303,Player-74C1,1,0,0,0,358,0
20261001-202431,early,,262.303,Player-1B8E,1,0,1,0,108,0
20261001-202431,early,,262.303,Player-89AD,1,0,0,0,389,0
20261001-202431,early,,262.303,Player-F494,1,0,0,0,275,0
20261001-202431,early,,262.303,Player-1BA4,1,0,0,0,387,0
20261001-202431,early,,262.303,Player-FBAD,1,1,1,0,221,0
20261001-202431,early,,262.303,Player-DE24,1,0,0,0,309,0
20261001-202431,early,,309.587,Player-DDA6,1,0,0,0,497,0
20261001-202431,early,,309.587,Player-C2E3,1,0,0,0,330,0
20261001-202431,early,,309.587,Player-BCA0,1,0,0,0,465,0
20261001-202431,early,,309.587,Player-74C1,1,0,0,0,345,0
20261001-202431,early,,309.587,Player-1B8E,1,0,1,0,93,0
20261001-202431,early,,309.587,Player-89AD,1,0,0,0,340,0
20261001-202431,early,,309.587,Player-F494,1,0,1,0,57,0
20261001-202431,early,,309.587,Player-1BA4,1,0,0,0,293,0
20261001-202431,early,,309.587,Player-FBAD,1,1,1,0,48,0
20261001-202431,early,,309.587,Player-DE24,1,0,0,0,308,0
20261001-202431,early,,357.619,Player-DDA6,1,0,0,0,362,0
20261001-202431,early,,357.619,Player-C2E3,1,0,0,0,284,0
20261001-202431,early,,357.619,Player-BCA0,1,0,0,0,306,0
20261001-202431,early,,357.619,Player-74C1,1,0,0,0,378,0
20261001-202431,early,,357.619,Player-1B8E,1,1,1,0,322,0
20261001-202431,early,,357.619,Player-89AD,1,0,0,0,344,0
20261001-202431,early,,357.619,Player-F494,1,0,0,0,328,0
20261001-202431,early,,357.619,Player-1BA4,1,0,1,0,248,0
20261001-202431,early,,357.619,Player-FBAD,1,0,1,0,220,0
20261001-202431,early,,357.619,Player-DE24,1,0,0,0,284,0
20261001-202431,early,,405.305,Player-DDA6,1,0,0,0,631,0
20261001-202431,early,,405.305,Player-C2E3,1,0,0,0,643,0
20261001-202431,early,,405.305,Player-BCA0,1,0,0,0,601,0
20261001-202431,early,,405.305,Player-74C1,1,0,0,0,792,0
20261001-202431,early,,405.305,Player-1B8E,1,0,0,0,490,0
20261001-202431,early,,405.305,Player-89AD,1,0,1,0,427,0
20261001-202431,early,,405.305,Player-F494,1,0,1,0,372,0
20261001-202431,early,,405.305,Player-1BA4,1,0,0,0,747,0
20261001-202431,early,,405.305,Player-FBAD,1,0,0,0,547,0
20261001-202431,early,,405.305,Player-DE24,1,1,1,0,714,0
20261001-202923,early,,5.715,Player-DDA6,1,0,0,0,4522,0
20261001-202923,early,,5.715,Player-C2E3,1,0,0,0,4489,0
20261001-202923,early,,5.715,Player-BCA0,1,0,0,0,4482,0
20261001-202923,early,,5.715,Player-74C1,1,0,0,0,4526,0
20261001-202923,early,,5.715,Player-1B8E,1,0,0,0,4496,0
20261001-202923,early,,5.715,Player-89AD,1,0,0,0,4503,0
20261001-202923,early,,5.715,Player-F494,1,1,1,0,2598,0
20261001-202923,early,,5.715,Player-1BA4,1,0,0,0,4524,0
20261001-202923,early,,5.715,Player-FBAD,1,0,0,0,4572,0
20261001-202923,early,,5.715,Player-DE24,1,0,0,0,4549,0
20261001-202923,early,,53.433,Player-DDA6,1,0,0,0,491,0
20261001-202923,early,,53.433,Player-C2E3,1,0,0,0,503,0
20261001-202923,early,,53.433,Player-BCA0,1,0,0,0,470,0
20261001-202923,early,,53.433,Player-74C1,1,0,0,0,737,0
20261001-202923,early,,53.433,Player-1B8E,1,0,1,0,339,0
20261001-202923,early,,53.433,Player-89AD,1,0,1,0,405,0
20261001-202923,early,,53.433,Player-F494,1,1,1,0,372,0
20261001-202923,early,,53.433,Player-1BA4,1,0,0,0,448,0
20261001-202923,early,,53.433,Player-FBAD,1,0,0,0,556,0
20261001-202923,early,,53.433,Player-DE24,1,0,0,0,462,0
20261001-202923,early,,98.197,Player-DDA6,1,0,0,0,498,0
20261001-202923,early,,98.197,Player-C2E3,1,0,0,0,287,0
20261001-202923,early,,98.197,Player-BCA0,1,0,0,0,388,0
20261001-202923,early,,98.197,Player-74C1,1,0,0,0,357,0
20261001-202923,early,,98.197,Player-1B8E,1,0,1,0,164,0
20261001-202923,early,,98.197,Player-89AD,1,0,0,0,365,0
20261001-202923,early,,98.197,Player-F494,1,0,1,0,198,0
20261001-202923,early,,98.197,Player-1BA4,1,0,0,0,367,0
20261001-202923,early,,98.197,Player-FBAD,1,0,0,0,297,0
20261001-202923,early,,98.197,Player-DE24,1,1,1,0,248,0
20261001-202923,early,,157.315,Player-DDA6,1,0,0,0,437,0
20261001-202923,early,,157.315,Player-C2E3,1,0,0,0,236,0
20261001-202923,early,,157.315,Player-BCA0,1,0,0,0,582,0
20261001-202923,early,,157.315,Player-74C1,1,1,1,0,289,0
20261001-202923,early,,157.315,Player-1B8E,1,0,1,0,174,0
20261001-202923,early,,157.315,Player-89AD,1,0,0,0,322,0
20261001-202923,early,,157.315,Player-F494,1,0,0,0,208,0
20261001-202923,early,,157.315,Player-1BA4,1,0,0,0,392,0
20261001-202923,early,,157.315,Player-FBAD,1,0,1,0,156,0
20261001-202923,early,,157.315,Player-DE24,1,0,0,0,201,0
20261001-202923,early,,211.835,Player-DDA6,1,0,0,0,609,0
20261001-202923,early,,211.835,Player-C2E3,1,0,0,0,361,0
20261001-202923,early,,211.835,Player-BCA0,1,0,0,0,499,0
20261001-202923,early,,211.835,Player-74C1,1,1,1,0,462,0
20261001-202923,early,,211.835,Player-1B8E,1,0,1,0,190,0
20261001-202923,early,,211.835,Player-89AD,1,0,0,0,344,0
20261001-202923,early,,211.835,Player-F494,1,0,0,0,775,0
20261001-202923,early,,211.835,Player-1BA4,1,0,0,0,427,0
20261001-202923,early,,211.835,Player-FBAD,1,0,0,0,465,0
20261001-202923,early,,211.835,Player-DE24,1,0,1,0,335,0
20261001-203309,early,,6.115,Player-DDA6,1,0,0,0,2,0
20261001-203309,early,,6.115,Player-C2E3,1,0,0,0,4508,0
20261001-203309,early,,6.115,Player-BCA0,1,0,0,0,4426,0
20261001-203309,early,,6.115,Player-74C1,1,0,0,0,4409,0
20261001-203309,early,,6.115,Player-1B8E,1,0,0,0,4478,0
20261001-203309,early,,6.115,Player-89AD,1,0,0,0,4,0
20261001-203309,early,,6.115,Player-F494,1,1,1,0,2584,0
20261001-203309,early,,6.115,Player-1BA4,1,0,0,0,3858,0
20261001-203309,early,,6.115,Player-FBAD,1,0,0,0,4485,0
20261001-203309,early,,6.115,Player-DE24,1,0,0,0,4397,0
20261001-203309,early,,53.959,Player-DDA6,1,0,0,0,563,0
20261001-203309,early,,53.959,Player-C2E3,1,0,1,0,339,0
20261001-203309,early,,53.959,Player-BCA0,1,0,0,0,412,0
20261001-203309,early,,53.959,Player-74C1,1,0,0,0,376,0
20261001-203309,early,,53.959,Player-1B8E,1,0,0,0,321,0
20261001-203309,early,,53.959,Player-89AD,1,0,0,0,398,0
20261001-203309,early,,53.959,Player-F494,1,0,0,0,318,0
20261001-203309,early,,53.959,Player-1BA4,1,0,0,0,529,0
20261001-203309,early,,53.959,Player-FBAD,1,1,1,0,353,0
20261001-203309,early,,53.959,Player-DE24,1,0,1,0,286,0
20261001-203309,early,,98.399,Player-DDA6,1,0,0,0,384,0
20261001-203309,early,,98.399,Player-C2E3,1,0,1,0,209,0
20261001-203309,early,,98.399,Player-BCA0,1,0,0,0,345,0
20261001-203309,early,,98.399,Player-74C1,1,0,0,0,269,0
20261001-203309,early,,98.399,Player-1B8E,1,0,1,0,133,0
20261001-203309,early,,98.399,Player-89AD,1,1,1,0,289,0
20261001-203309,early,,98.399,Player-F494,1,0,0,0,217,0
20261001-203309,early,,98.399,Player-1BA4,1,0,0,0,292,0
20261001-203309,early,,98.399,Player-FBAD,1,0,0,0,282,0
20261001-203309,early,,98.399,Player-DE24,1,0,0,0,237,0
20261001-203309,early,,149.633,Player-DDA6,1,0,0,0,404,0
20261001-203309,early,,149.633,Player-C2E3,1,0,0,0,213,0
20261001-203309,early,,149.633,Player-BCA0,1,0,0,0,283,0
20261001-203309,early,,149.633,Player-74C1,1,0,0,0,281,0
20261001-203309,early,,149.633,Player-1B8E,1,0,1,0,22,0
20261001-203309,early,,149.633,Player-89AD,1,1,1,0,346,0
20261001-203309,early,,149.633,Player-F494,1,0,0,0,54,0
20261001-203309,early,,149.633,Player-1BA4,1,0,0,0,368,0
20261001-203309,early,,149.633,Player-FBAD,1,0,1,0,59,0
20261001-203309,early,,149.633,Player-DE24,1,0,0,0,242,0
20261001-203309,early,,205.029,Player-DDA6,0,0,0,0,476,0
20261001-203309,early,,205.029,Player-C2E3,1,0,0,0,430,0
20261001-203309,early,,205.029,Player-BCA0,0,0,0,0,537,0
20261001-203309,early,,205.029,Player-74C1,1,0,0,0,446,0
20261001-203309,early,,205.029,Player-1B8E,0,0,0,0,618,0
20261001-203309,early,,205.029,Player-89AD,1,0,1,0,226,0
20261001-203309,early,,205.029,Player-F494,0,0,0,0,267,0
20261001-203309,early,,205.029,Player-1BA4,0,0,0,0,377,0
20261001-203309,early,,205.029,Player-FBAD,1,0,0,0,704,0
20261001-203309,early,,205.029,Player-DE24,0,0,0,0,434,0
20261001-203917,early,,5.798,Player-DDA6,1,0,0,0,4422,0
20261001-203917,early,,5.798,Player-C2E3,1,0,0,0,4478,0
20261001-203917,early,,5.798,Player-BCA0,1,0,0,0,4345,0
20261001-203917,early,,5.798,Player-74C1,1,0,0,0,4462,0
20261001-203917,early,,5.798,Player-1B8E,1,0,0,0,4359,0
20261001-203917,early,,5.798,Player-89AD,1,0,0,0,4437,0
20261001-203917,early,,5.798,Player-F494,1,1,1,0,2563,0
20261001-203917,early,,5.798,Player-1BA4,1,0,0,0,4451,0
20261001-203917,early,,5.798,Player-FBAD,1,0,0,0,4402,0
20261001-203917,early,,5.798,Player-DE24,1,0,0,0,4427,0
20261001-203917,early,,53.045,Player-DDA6,1,0,0,0,577,0
20261001-203917,early,,53.045,Player-C2E3,1,0,0,0,409,0
20261001-203917,early,,53.045,Player-BCA0,1,0,0,0,524,0
20261001-203917,early,,53.045,Player-74C1,1,0,0,0,713,0
20261001-203917,early,,53.045,Player-1B8E,1,0,1,0,280,0
20261001-203917,early,,53.045,Player-89AD,1,0,0,0,380,0
20261001-203917,early,,53.045,Player-F494,1,1,1,0,690,0
20261001-203917,early,,53.045,Player-1BA4,1,0,0,0,497,0
20261001-203917,early,,53.045,Player-FBAD,1,0,0,0,360,0
20261001-203917,early,,53.045,Player-DE24,1,0,1,0,279,0
20261001-203917,early,,98.08,Player-DDA6,1,0,0,0,596,0
20261001-203917,early,,98.08,Player-C2E3,1,0,0,0,550,0
20261001-203917,early,,98.08,Player-BCA0,1,1,1,0,555,0
20261001-203917,early,,98.08,Player-74C1,1,0,0,0,477,0
20261001-203917,early,,98.08,Player-1B8E,1,0,1,0,119,0
20261001-203917,early,,98.08,Player-89AD,1,0,0,0,304,0
20261001-203917,early,,98.08,Player-F494,1,0,1,0,208,0
20261001-203917,early,,98.08,Player-1BA4,1,0,0,0,514,0
20261001-203917,early,,98.08,Player-FBAD,1,0,0,0,267,0
20261001-203917,early,,98.08,Player-DE24,1,0,0,0,559,0
20261001-203917,early,,154.564,Player-DDA6,1,0,0,0,400,0
20261001-203917,early,,154.564,Player-C2E3,1,0,1,0,274,0
20261001-203917,early,,154.564,Player-BCA0,1,0,0,0,355,0
20261001-203917,early,,154.564,Player-74C1,1,0,0,0,391,0
20261001-203917,early,,154.564,Player-1B8E,1,0,0,0,164,0
20261001-203917,early,,154.564,Player-89AD,1,0,0,0,290,0
20261001-203917,early,,154.564,Player-F494,1,0,1,0,181,0
20261001-203917,early,,154.564,Player-1BA4,1,0,0,0,332,0
20261001-203917,early,,154.564,Player-FBAD,1,1,1,0,49,0
20261001-203917,early,,154.564,Player-DE24,1,0,0,0,241,0
20261001-203917,early,,209.152,Player-DDA6,1,0,0,0,578,0
20261001-203917,early,,209.152,Player-C2E3,1,0,0,0,429,0
20261001-203917,early,,209.152,Player-BCA0,1,0,0,0,390,0
20261001-203917,early,,209.152,Player-74C1,1,1,1,0,306,0
20261001-203917,early,,209.152,Player-1B8E,1,0,1,0,68,0
20261001-203917,early,,209.152,Player-89AD,1,0,0,0,411,0
20261001-203917,early,,209.152,Player-F494,1,0,1,0,73,0
20261001-203917,early,,209.152,Player-1BA4,1,0,0,0,375,0
20261001-203917,early,,209.152,Player-FBAD,1,0,0,0,235,0
20261001-203917,early,,209.152,Player-DE24,1,0,0,0,446,0
20261001-203917,early,,253.994,Player-DDA6,1,0,0,0,550,0
20261001-203917,early,,253.994,Player-C2E3,1,0,0,0,257,0
20261001-203917,early,,253.994,Player-BCA0,1,0,0,0,288,0
20261001-203917,early,,253.994,Player-74C1,1,1,1,0,284,0
20261001-203917,early,,253.994,Player-1B8E,1,0,1,0,80,0
20261001-203917,early,,253.994,Player-89AD,1,0,0,0,192,0
20261001-203917,early,,253.994,Player-F494,1,0,0,0,103,0
20261001-203917,early,,253.994,Player-1BA4,1,0,0,0,251,0
20261001-203917,early,,253.994,Player-FBAD,1,0,1,0,85,0
20261001-203917,early,,253.994,Player-DE24,1,0,0,0,196,0
20261001-203917,early,,317.194,Player-DDA6,1,0,0,0,418,0
20261001-203917,early,,317.194,Player-C2E3,1,0,0,0,346,0
20261001-203917,early,,317.194,Player-BCA0,1,0,0,0,220,0
20261001-203917,early,,317.194,Player-74C1,1,0,0,0,219,0
20261001-203917,early,,317.194,Player-1B8E,1,0,0,0,86,0
20261001-203917,early,,317.194,Player-89AD,1,0,0,0,349,0
20261001-203917,early,,317.194,Player-F494,1,0,1,0,97,0
20261001-203917,early,,317.194,Player-1BA4,1,0,0,0,241,0
20261001-203917,early,,317.194,Player-FBAD,1,0,1,0,49,0
20261001-203917,early,,317.194,Player-DE24,1,1,1,0,237,0
20261001-204237,early,,6.036,Player-DDA6,1,0,0,0,194,0
20261001-204237,early,,6.036,Player-C2E3,1,0,0,0,4476,0
20261001-204237,early,,6.036,Player-BCA0,1,0,0,0,4446,0
20261001-204237,early,,6.036,Player-74C1,1,0,0,0,4486,0
20261001-204237,early,,6.036,Player-1B8E,1,0,0,0,4478,0
20261001-204237,early,,6.036,Player-89AD,1,0,0,0,4481,0
20261001-204237,early,,6.036,Player-F494,1,1,1,0,2594,0
20261001-204237,early,,6.036,Player-1BA4,1,0,0,0,4478,0
20261001-204237,early,,6.036,Player-FBAD,1,0,0,0,4484,0
20261001-204237,early,,6.036,Player-DE24,1,0,0,0,4494,0
20261001-204237,early,,53.201,Player-DDA6,1,0,0,0,591,0
20261001-204237,early,,53.201,Player-C2E3,1,0,0,0,411,0
20261001-204237,early,,53.201,Player-BCA0,1,0,0,0,666,0
20261001-204237,early,,53.201,Player-74C1,1,0,0,0,470,0
20261001-204237,early,,53.201,Player-1B8E,1,0,1,0,249,0
20261001-204237,early,,53.201,Player-89AD,1,0,0,0,380,0
20261001-204237,early,,53.201,Player-F494,1,1,1,0,205,0
20261001-204237,early,,53.201,Player-1BA4,1,0,0,0,420,0
20261001-204237,early,,53.201,Player-FBAD,1,0,1,0,366,0
20261001-204237,early,,53.201,Player-DE24,1,0,0,0,417,0
20261001-204237,early,,98.157,Player-DDA6,1,0,0,0,518,0
20261001-204237,early,,98.157,Player-C2E3,1,0,0,0,284,0
20261001-204237,early,,98.157,Player-BCA0,1,0,0,0,471,0
20261001-204237,early,,98.157,Player-74C1,1,0,0,0,334,0
20261001-204237,early,,98.157,Player-1B8E,1,0,1,0,118,0
20261001-204237,early,,98.157,Player-89AD,1,0,0,0,354,0
20261001-204237,early,,98.157,Player-F494,1,0,1,0,75,0
20261001-204237,early,,98.157,Player-1BA4,1,0,0,0,445,0
20261001-204237,early,,98.157,Player-FBAD,1,0,0,0,219,0
20261001-204237,early,,98.157,Player-DE24,1,1,1,0,314,0
20261001-204237,early,,159.427,Player-DDA6,1,0,0,0,290,0
20261001-204237,early,,159.427,Player-C2E3,1,1,1,0,348,0
20261001-204237,early,,159.427,Player-BCA0,1,0,0,0,360,0
20261001-204237,early,,159.427,Player-74C1,1,0,0,0,346,0
20261001-204237,early,,159.427,Player-1B8E,1,0,1,0,130,0
20261001-204237,early,,159.427,Player-89AD,1,0,0,0,420,0
20261001-204237,early,,159.427,Player-F494,1,0,1,0,158,0
20261001-204237,early,,159.427,Player-1BA4,1,0,0,0,369,0
20261001-204237,early,,159.427,Player-FBAD,1,0,0,0,86,0
20261001-204237,early,,159.427,Player-DE24,1,0,0,0,325,0
20261001-204518,early,,5.797,Player-DDA6,1,0,0,0,4149,0
20261001-204518,early,,5.797,Player-C2E3,1,0,0,0,4205,0
20261001-204518,early,,5.797,Player-BCA0,1,0,0,0,4145,0
20261001-204518,early,,5.797,Player-74C1,1,0,0,0,4187,0
20261001-204518,early,,5.797,Player-1B8E,1,0,0,0,4165,0
20261001-204518,early,,5.797,Player-89AD,1,0,0,0,4237,0
20261001-204518,early,,5.797,Player-F494,1,1,1,0,2609,0
20261001-204518,early,,5.797,Player-1BA4,1,0,0,0,4207,0
20261001-204518,early,,5.797,Player-FBAD,1,0,0,0,4205,0
20261001-204518,early,,5.797,Player-DE24,1,0,0,0,4209,0
20261001-204518,early,,52.875,Player-DDA6,1,0,0,0,575,0
20261001-204518,early,,52.875,Player-C2E3,1,0,1,0,431,0
20261001-204518,early,,52.875,Player-BCA0,1,0,0,0,584,0
20261001-204518,early,,52.875,Player-74C1,1,0,0,0,394,0
20261001-204518,early,,52.875,Player-1B8E,1,0,1,0,361,0
20261001-204518,early,,52.875,Player-89AD,1,0,0,0,409,0
20261001-204518,early,,52.875,Player-F494,1,1,1,0,402,0
20261001-204518,early,,52.875,Player-1BA4,1,0,0,0,448,0
20261001-204518,early,,52.875,Player-FBAD,1,0,0,0,409,0
20261001-204518,early,,52.875,Player-DE24,1,0,0,0,571,0
20261001-204734,early,,5.519,Player-DDA6,1,0,0,0,4415,0
20261001-204734,early,,5.519,Player-C2E3,1,0,0,0,4384,0
20261001-204734,early,,5.519,Player-BCA0,1,0,0,0,4345,0
20261001-204734,early,,5.519,Player-74C1,1,0,0,0,4438,0
20261001-204734,early,,5.519,Player-1B8E,1,0,0,0,4390,0
20261001-204734,early,,5.519,Player-89AD,1,0,0,0,4352,0
20261001-204734,early,,5.519,Player-F494,1,1,1,0,2577,0
20261001-204734,early,,5.519,Player-1BA4,1,0,0,0,4436,0
20261001-204734,early,,5.519,Player-FBAD,1,0,0,0,4404,0
20261001-204734,early,,5.519,Player-DE24,1,0,0,0,4431,0
20261001-204734,early,,53.199,Player-DDA6,1,0,0,0,577,0
20261001-204734,early,,53.199,Player-C2E3,1,0,0,0,631,0
20261001-204734,early,,53.199,Player-BCA0,1,0,0,0,485,0
20261001-204734,early,,53.199,Player-74C1,1,0,0,0,588,0
20261001-204734,early,,53.199,Player-1B8E,1,0,1,0,344,0
20261001-204734,early,,53.199,Player-89AD,1,0,0,0,436,0
20261001-204734,early,,53.199,Player-F494,1,1,1,0,453,0
20261001-204734,early,,53.199,Player-1BA4,1,0,0,0,448,0
20261001-204734,early,,53.199,Player-FBAD,1,0,1,0,181,0
20261001-204734,early,,53.199,Player-DE24,1,0,0,0,989,0
20261001-205127,early,,5.555,Player-DDA6,1,0,0,0,4368,0
20261001-205127,early,,5.555,Player-C2E3,1,0,0,0,4392,0
20261001-205127,early,,5.555,Player-BCA0,1,0,0,0,4326,0
20261001-205127,early,,5.555,Player-74C1,1,0,0,0,4382,0
20261001-205127,early,,5.555,Player-1B8E,1,0,0,0,4425,0
20261001-205127,early,,5.555,Player-89AD,1,0,0,0,4307,0
20261001-205127,early,,5.555,Player-F494,1,1,1,0,2566,0
20261001-205127,early,,5.555,Player-1BA4,1,0,0,0,4478,0
20261001-205127,early,,5.555,Player-FBAD,1,0,0,0,4397,0
20261001-205127,early,,5.555,Player-DE24,1,0,0,0,4437,0
20261001-205127,early,,52.679,Player-DDA6,1,0,0,0,530,0
20261001-205127,early,,52.679,Player-C2E3,1,0,0,0,575,0
20261001-205127,early,,52.679,Player-BCA0,1,0,0,0,676,0
20261001-205127,early,,52.679,Player-74C1,1,0,1,0,359,0
20261001-205127,early,,52.679,Player-1B8E,1,0,1,0,345,0
20261001-205127,early,,52.679,Player-89AD,1,0,0,0,397,0
20261001-205127,early,,52.679,Player-F494,1,1,1,0,437,0
20261001-205127,early,,52.679,Player-1BA4,1,0,0,0,417,0
20261001-205127,early,,52.679,Player-FBAD,1,0,0,0,812,0
20261001-205127,early,,52.679,Player-DE24,1,0,0,0,425,0
20261001-205127,early,,97.393,Player-DDA6,1,0,0,0,495,0
20261001-205127,early,,97.393,Player-C2E3,1,0,0,0,418,0
20261001-205127,early,,97.393,Player-BCA0,1,0,0,0,645,0
20261001-205127,early,,97.393,Player-74C1,1,0,0,0,410,0
20261001-205127,early,,97.393,Player-1B8E,1,0,1,0,80,0
20261001-205127,early,,97.393,Player-89AD,1,0,0,0,314,0
20261001-205127,early,,97.393,Player-F494,1,1,1,0,218,0
20261001-205127,early,,97.393,Player-1BA4,1,0,0,0,428,0
20261001-205127,early,,97.393,Player-FBAD,1,0,1,0,153,0
20261001-205127,early,,97.393,Player-DE24,1,0,0,0,236,0
20261001-205127,early,,161.191,Player-DDA6,1,1,1,0,420,0
20261001-205127,early,,161.191,Player-C2E3,1,0,0,0,195,0
20261001-205127,early,,161.191,Player-BCA0,1,0,0,0,291,0
20261001-205127,early,,161.191,Player-74C1,1,0,0,0,282,0
20261001-205127,early,,161.191,Player-1B8E,1,0,0,0,192,0
20261001-205127,early,,161.191,Player-89AD,1,0,0,0,335,0
20261001-205127,early,,161.191,Player-F494,1,0,1,0,53,0
20261001-205127,early,,161.191,Player-1BA4,1,0,0,0,309,0
20261001-205127,early,,161.191,Player-FBAD,1,0,1,0,32,0
20261001-205127,early,,161.191,Player-DE24,1,0,0,0,269,0
20261001-205127,early,,216.263,Player-DDA6,0,0,0,0,284,0
20261001-205127,early,,216.263,Player-C2E3,0,0,0,0,666,0
20261001-205127,early,,216.263,Player-BCA0,1,0,0,0,435,0
20261001-205127,early,,216.263,Player-74C1,0,0,0,0,298,0
20261001-205127,early,,216.263,Player-1B8E,0,0,0,0,568,0
20261001-205127,early,,216.263,Player-89AD,1,0,1,0,392,0
20261001-205127,early,,216.263,Player-F494,0,0,0,0,266,0
20261001-205127,early,,216.263,Player-1BA4,0,0,0,0,383,0
20261001-205127,early,,216.263,Player-FBAD,0,0,0,0,346,0
20261001-205127,early,,216.263,Player-DE24,0,0,0,0,485,0
20261001-210120,early,,5.76,Player-DDA6,1,0,0,0,4478,0
20261001-210120,early,,5.76,Player-C2E3,1,0,0,0,4478,0
20261001-210120,early,,5.76,Player-BCA0,1,0,0,0,4348,0
20261001-210120,early,,5.76,Player-74C1,1,0,0,0,4481,0
20261001-210120,early,,5.76,Player-1B8E,1,0,0,0,4424,0
20261001-210120,early,,5.76,Player-89AD,1,0,0,0,4392,0
20261001-210120,early,,5.76,Player-F494,1,1,1,0,2586,0
20261001-210120,early,,5.76,Player-1BA4,1,0,0,0,4400,0
20261001-210120,early,,5.76,Player-FBAD,1,0,0,0,4444,0
20261001-210120,early,,5.76,Player-DE24,1,0,0,0,4423,0
20261001-210120,early,,53.116,Player-DDA6,1,0,0,0,555,0
20261001-210120,early,,53.116,Player-C2E3,1,0,0,0,355,0
20261001-210120,early,,53.116,Player-BCA0,1,0,0,0,511,0
20261001-210120,early,,53.116,Player-74C1,1,0,0,0,477,0
20261001-210120,early,,53.116,Player-1B8E,1,0,1,0,319,0
20261001-210120,early,,53.116,Player-89AD,1,0,0,0,417,0
20261001-210120,early,,53.116,Player-F494,1,1,1,0,347,0
20261001-210120,early,,53.116,Player-1BA4,1,0,0,0,461,0
20261001-210120,early,,53.116,Player-FBAD,1,0,1,0,83,0
20261001-210120,early,,53.116,Player-DE24,1,0,0,0,348,0
20261001-210120,early,,98.158,Player-DDA6,1,0,0,0,514,0
20261001-210120,early,,98.158,Player-C2E3,1,0,0,0,415,0
20261001-210120,early,,98.158,Player-BCA0,1,0,0,0,347,0
20261001-210120,early,,98.158,Player-74C1,1,0,0,0,462,0
20261001-210120,early,,98.158,Player-1B8E,1,0,1,0,90,0
20261001-210120,early,,98.158,Player-89AD,1,0,0,0,323,0
20261001-210120,early,,98.158,Player-F494,1,0,1,0,83,0
20261001-210120,early,,98.158,Player-1BA4,1,0,0,0,444,0
20261001-210120,early,,98.158,Player-FBAD,1,1,1,0,309,0
20261001-210120,early,,98.158,Player-DE24,1,0,0,0,306,0
20261001-210120,early,,148.592,Player-DDA6,1,0,0,0,506,0
20261001-210120,early,,148.592,Player-C2E3,1,0,0,0,249,0
20261001-210120,early,,148.592,Player-BCA0,1,0,0,0,311,0
20261001-210120,early,,148.592,Player-74C1,1,0,0,0,431,0
20261001-210120,early,,148.592,Player-1B8E,1,1,1,0,59,0
20261001-210120,early,,148.592,Player-89AD,1,0,0,0,450,0
20261001-210120,early,,148.592,Player-F494,1,0,1,0,96,0
20261001-210120,early,,148.592,Player-1BA4,1,0,0,0,336,0
20261001-210120,early,,148.592,Player-FBAD,1,0,0,0,103,0
20261001-210120,early,,148.592,Player-DE24,1,0,1,0,250,0
20261001-210120,early,,203.306,Player-DDA6,1,0,0,0,582,0
20261001-210120,early,,203.306,Player-C2E3,1,0,0,0,324,0
20261001-210120,early,,203.306,Player-BCA0,1,0,0,0,344,0
20261001-210120,early,,203.306,Player-74C1,1,0,0,0,308,0
20261001-210120,early,,203.306,Player-1B8E,1,1,1,0,139,0
20261001-210120,early,,203.306,Player-89AD,1,0,0,0,304,0
20261001-210120,early,,203.306,Player-F494,1,0,1,0,225,0
20261001-210120,early,,203.306,Player-1BA4,1,0,0,0,256,0
20261001-210120,early,,203.306,Player-FBAD,1,0,0,0,304,0
20261001-210120,early,,203.306,Player-DE24,1,0,1,0,205,0
20261001-210120,early,,248.03,Player-DDA6,1,0,0,0,503,0
20261001-210120,early,,248.03,Player-C2E3,1,0,0,0,415,0
20261001-210120,early,,248.03,Player-BCA0,1,0,0,0,355,0
20261001-210120,early,,248.03,Player-74C1,1,0,1,0,30,0
20261001-210120,early,,248.03,Player-1B8E,1,0,1,0,75,0
20261001-210120,early,,248.03,Player-89AD,1,0,0,0,420,0
20261001-210120,early,,248.03,Player-F494,1,0,0,0,115,0
20261001-210120,early,,248.03,Player-1BA4,1,0,0,0,282,0
20261001-210120,early,,248.03,Player-FBAD,1,1,1,0,148,0
20261001-210120,early,,248.03,Player-DE24,1,0,0,0,281,0
20261001-210120,early,,305.824,Player-DDA6,1,0,0,0,674,0
20261001-210120,early,,305.824,Player-C2E3,1,1,1,0,476,0
20261001-210120,early,,305.824,Player-BCA0,1,0,0,0,400,0
20261001-210120,early,,305.824,Player-74C1,1,0,0,0,383,0
20261001-210120,early,,305.824,Player-1B8E,1,0,0,0,103,0
20261001-210120,early,,305.824,Player-89AD,1,0,0,0,421,0
20261001-210120,early,,305.824,Player-F494,1,0,1,0,33,0
20261001-210120,early,,305.824,Player-1BA4,1,0,0,0,411,0
20261001-210120,early,,305.824,Player-FBAD,1,0,1,0,70,0
20261001-210120,early,,305.824,Player-DE24,1,0,0,0,420,0
20261001-210120,early,,352.864,Player-DDA6,1,0,0,0,257,0
20261001-210120,early,,352.864,Player-C2E3,1,0,0,0,262,0
20261001-210120,early,,352.864,Player-BCA0,1,0,0,0,274,0
20261001-210120,early,,352.864,Player-74C1,1,0,0,0,230,0
20261001-210120,early,,352.864,Player-1B8E,1,0,0,0,162,0
20261001-210120,early,,352.864,Player-89AD,1,0,0,0,285,0
20261001-210120,early,,352.864,Player-F494,1,0,1,0,124,0
20261001-210120,early,,352.864,Player-1BA4,1,0,0,0,264,0
20261001-210120,early,,352.864,Player-FBAD,1,0,1,0,143,0
20261001-210120,early,,352.864,Player-DE24,1,0,1,0,159,0
20261001-210120,early,,401.102,Player-DDA6,1,0,0,0,330,0
20261001-210120,early,,401.102,Player-C2E3,1,0,0,0,226,0
20261001-210120,early,,401.102,Player-BCA0,1,0,0,0,333,0
20261001-210120,early,,401.102,Player-74C1,1,1,1,0,290,0
20261001-210120,early,,401.102,Player-1B8E,1,0,0,0,240,0
20261001-210120,early,,401.102,Player-89AD,1,0,0,0,305,0
20261001-210120,early,,401.102,Player-F494,1,0,1,0,85,0
20261001-210120,early,,401.102,Player-1BA4,1,0,1,0,253,0
20261001-210120,early,,401.102,Player-FBAD,1,0,0,0,353,0
20261001-210120,early,,401.102,Player-DE24,1,0,0,0,372,0
20261001-210120,early,,446.296,Player-DDA6,1,0,0,0,123,0
20261001-210120,early,,446.296,Player-C2E3,1,0,0,0,294,0
20261001-210120,early,,446.296,Player-BCA0,1,0,0,0,261,0
20261001-210120,early,,446.296,Player-74C1,1,0,0,0,245,0
20261001-210120,early,,446.296,Player-1B8E,1,0,1,0,74,0
20261001-210120,early,,446.296,Player-89AD,1,0,0,0,347,0
20261001-210120,early,,446.296,Player-F494,1,0,0,0,85,0
20261001-210120,early,,446.296,Player-1BA4,1,0,0,0,262,0
20261001-210120,early,,446.296,Player-FBAD,1,1,1,0,132,0
20261001-210120,early,,446.296,Player-DE24,1,0,1,0,155,0
20261001-210120,last,3,478.3,Player-DDA6,1,0,0,0,516,0
20261001-210120,last,3,478.3,Player-C2E3,1,0,0,0,408,0
20261001-210120,last,3,478.3,Player-BCA0,1,0,0,0,295,0
20261001-210120,last,3,478.3,Player-74C1,1,0,0,0,398,0
20261001-210120,last,3,478.3,Player-1B8E,1,0,1,0,317,0
20261001-210120,last,3,478.3,Player-89AD,1,0,0,0,366,0
20261001-210120,last,3,478.3,Player-F494,1,0,1,0,107,0
20261001-210120,last,3,478.3,Player-1BA4,1,0,0,0,351,0
20261001-210120,last,3,478.3,Player-FBAD,1,1,1,0,116,0
20261001-210120,last,3,478.3,Player-DE24,1,0,0,0,339,0
20261001-210120,last,33,508.3,Player-DDA6,1,0,1,0,578,0
20261001-210120,last,33,508.3,Player-C2E3,1,0,0,0,593,0
20261001-210120,last,33,508.3,Player-BCA0,1,0,0,0,713,0
20261001-210120,last,33,508.3,Player-74C1,1,0,0,0,620,0
20261001-210120,last,33,508.3,Player-1B8E,1,0,1,0,213,0
20261001-210120,last,33,508.3,Player-89AD,1,0,0,0,720,0
20261001-210120,last,33,508.3,Player-F494,1,0,0,0,675,0
20261001-210120,last,33,508.3,Player-1BA4,1,0,0,0,664,0
20261001-210120,last,33,508.3,Player-FBAD,1,0,0,0,597,0
20261001-210120,last,33,508.3,Player-DE24,1,1,1,0,606,0
20261001-210120,last,63,538.3,Player-DDA6,0,0,0,0,696,0
20261001-210120,last,63,538.3,Player-C2E3,1,0,0,0,171,0
20261001-210120,last,63,538.3,Player-BCA0,1,0,0,0,568,0
20261001-210120,last,63,538.3,Player-74C1,0,0,0,0,1181,0
20261001-210120,last,63,538.3,Player-1B8E,1,0,0,1,161,0
20261001-210120,last,63,538.3,Player-89AD,1,0,0,0,298,0
20261001-210120,last,63,538.3,Player-F494,0,0,0,0,748,0
20261001-210120,last,63,538.3,Player-1BA4,0,0,0,0,614,0
20261001-210120,last,63,538.3,Player-FBAD,0,0,0,0,626,0
20261001-210120,last,63,538.3,Player-DE24,0,0,0,0,881,0
20261001-210323,early,,5.633,Player-DDA6,1,0,0,0,4440,0
20261001-210323,early,,5.633,Player-C2E3,1,0,0,0,4445,0
20261001-210323,early,,5.633,Player-BCA0,1,0,0,0,4364,0
20261001-210323,early,,5.633,Player-74C1,1,0,0,0,4454,0
20261001-210323,early,,5.633,Player-1B8E,1,0,0,0,4478,0
20261001-210323,early,,5.633,Player-89AD,1,0,0,0,4389,0
20261001-210323,early,,5.633,Player-F494,1,1,1,0,2587,0
20261001-210323,early,,5.633,Player-1BA4,1,0,0,0,4445,0
20261001-210323,early,,5.633,Player-FBAD,1,0,0,0,4439,0
20261001-210323,early,,5.633,Player-DE24,1,0,0,0,4423,0
20261001-210323,early,,52.795,Player-DDA6,1,0,0,0,589,0
20261001-210323,early,,52.795,Player-C2E3,1,0,0,0,561,0
20261001-210323,early,,52.795,Player-BCA0,1,0,0,0,826,0
20261001-210323,early,,52.795,Player-74C1,1,0,0,0,516,0
20261001-210323,early,,52.795,Player-1B8E,1,0,0,0,332,0
20261001-210323,early,,52.795,Player-89AD,1,0,0,0,552,0
20261001-210323,early,,52.795,Player-F494,1,1,1,0,440,0
20261001-210323,early,,52.795,Player-1BA4,1,0,0,0,467,0
20261001-210323,early,,52.795,Player-FBAD,1,0,1,0,82,0
20261001-210323,early,,52.795,Player-DE24,1,0,1,0,284,0
20261001-211048,early,,5.924,Player-DDA6,1,0,0,0,4390,0
20261001-211048,early,,5.924,Player-C2E3,1,0,0,0,4408,0
20261001-211048,early,,5.924,Player-BCA0,1,0,0,0,4323,0
20261001-211048,early,,5.924,Player-74C1,1,0,0,0,4382,0
20261001-211048,early,,5.924,Player-1B8E,1,0,0,0,4354,0
20261001-211048,early,,5.924,Player-89AD,1,0,0,0,4345,0
20261001-211048,early,,5.924,Player-F494,1,1,1,0,2591,0
20261001-211048,early,,5.924,Player-1BA4,1,0,0,0,4467,0
20261001-211048,early,,5.924,Player-FBAD,1,0,0,0,4366,0
20261001-211048,early,,5.924,Player-DE24,1,0,0,0,4478,0
20261001-211048,early,,53.284,Player-DDA6,1,0,0,0,621,0
20261001-211048,early,,53.284,Player-C2E3,1,0,0,0,562,0
20261001-211048,early,,53.284,Player-BCA0,1,0,0,0,524,0
20261001-211048,early,,53.284,Player-74C1,1,0,0,0,413,0
20261001-211048,early,,53.284,Player-1B8E,1,0,1,0,322,0
20261001-211048,early,,53.284,Player-89AD,1,0,0,0,406,0
20261001-211048,early,,53.284,Player-F494,1,1,1,0,419,0
20261001-211048,early,,53.284,Player-1BA4,1,0,0,0,473,0
20261001-211048,early,,53.284,Player-FBAD,1,0,1,0,153,0
20261001-211048,early,,53.284,Player-DE24,1,0,0,0,580,0
20261001-211048,early,,98.354,Player-DDA6,1,1,1,0,511,0
20261001-211048,early,,98.354,Player-C2E3,1,0,0,0,420,0
20261001-211048,early,,98.354,Player-BCA0,1,0,0,0,501,0
20261001-211048,early,,98.354,Player-74C1,1,0,0,0,493,0
20261001-211048,early,,98.354,Player-1B8E,1,0,1,0,116,0
20261001-211048,early,,98.354,Player-89AD,1,0,0,0,379,0
20261001-211048,early,,98.354,Player-F494,1,0,0,0,138,0
20261001-211048,early,,98.354,Player-1BA4,1,0,0,0,390,0
20261001-211048,early,,98.354,Player-FBAD,1,0,1,0,71,0
20261001-211048,early,,98.354,Player-DE24,1,0,0,0,217,0
20261001-211048,early,,144.996,Player-DDA6,1,0,0,0,438,0
20261001-211048,early,,144.996,Player-C2E3,1,0,0,0,342,0
20261001-211048,early,,144.996,Player-BCA0,1,0,1,0,217,0
20261001-211048,early,,144.996,Player-74C1,1,0,0,0,357,0
20261001-211048,early,,144.996,Player-1B8E,1,0,1,0,81,0
20261001-211048,early,,144.996,Player-89AD,1,0,0,0,296,0
20261001-211048,early,,144.996,Player-F494,1,1,1,0,222,0
20261001-211048,early,,144.996,Player-1BA4,1,0,0,0,341,0
20261001-211048,early,,144.996,Player-FBAD,1,0,0,0,81,0
20261001-211048,early,,144.996,Player-DE24,1,0,0,0,334,0
20261001-211048,early,,202.434,Player-DDA6,1,0,0,0,546,0
20261001-211048,early,,202.434,Player-C2E3,1,0,0,0,325,0
20261001-211048,early,,202.434,Player-BCA0,1,0,0,0,546,0
20261001-211048,early,,202.434,Player-74C1,1,0,0,0,371,0
20261001-211048,early,,202.434,Player-1B8E,1,0,1,0,156,0
20261001-211048,early,,202.434,Player-89AD,1,0,0,0,294,0
20261001-211048,early,,202.434,Player-F494,1,0,1,0,245,0
20261001-211048,early,,202.434,Player-1BA4,1,0,0,0,339,0
20261001-211048,early,,202.434,Player-FBAD,1,1,1,0,394,0
20261001-211048,early,,202.434,Player-DE24,1,0,0,0,530,0
20261001-211048,early,,248.232,Player-DDA6,1,0,0,0,453,0
20261001-211048,early,,248.232,Player-C2E3,1,0,0,0,362,0
20261001-211048,early,,248.232,Player-BCA0,1,0,0,0,301,0
20261001-211048,early,,248.232,Player-74C1,1,0,0,0,283,0
20261001-211048,early,,248.232,Player-1B8E,1,0,1,0,228,0
20261001-211048,early,,248.232,Player-89AD,1,0,0,0,331,0
20261001-211048,early,,248.232,Player-F494,1,0,1,0,274,0
20261001-211048,early,,248.232,Player-1BA4,1,0,0,0,368,0
20261001-211048,early,,248.232,Player-FBAD,1,0,0,0,290,0
20261001-211048,early,,248.232,Player-DE24,1,0,1,0,286,0
20261001-211048,early,,307.23,Player-DDA6,1,0,0,0,456,0
20261001-211048,early,,307.23,Player-C2E3,1,0,0,0,381,0
20261001-211048,early,,307.23,Player-BCA0,1,0,0,0,372,0
20261001-211048,early,,307.23,Player-74C1,1,0,0,0,314,0
20261001-211048,early,,307.23,Player-1B8E,1,0,1,0,138,0
20261001-211048,early,,307.23,Player-89AD,1,0,0,0,374,0
20261001-211048,early,,307.23,Player-F494,1,0,0,0,33,0
20261001-211048,early,,307.23,Player-1BA4,1,1,1,0,375,0
20261001-211048,early,,307.23,Player-FBAD,1,0,1,0,221,0
20261001-211048,early,,307.23,Player-DE24,1,0,0,0,285,0
20261001-211048,early,,354.624,Player-DDA6,1,0,0,0,287,0
20261001-211048,early,,354.624,Player-C2E3,1,0,0,0,638,0
20261001-211048,early,,354.624,Player-BCA0,1,1,1,0,387,0
20261001-211048,early,,354.624,Player-74C1,1,0,0,0,306,0
20261001-211048,early,,354.624,Player-1B8E,1,0,1,0,212,0
20261001-211048,early,,354.624,Player-89AD,1,0,0,0,279,0
20261001-211048,early,,354.624,Player-F494,1,0,0,0,577,0
20261001-211048,early,,354.624,Player-1BA4,1,0,0,0,248,0
20261001-211048,early,,354.624,Player-FBAD,1,0,1,0,203,0
20261001-211048,early,,354.624,Player-DE24,1,0,0,0,310,0
20261001-211048,early,,402.506,Player-DDA6,1,0,0,0,362,0
20261001-211048,early,,402.506,Player-C2E3,1,0,0,0,430,0
20261001-211048,early,,402.506,Player-BCA0,1,0,0,0,367,0
20261001-211048,early,,402.506,Player-74C1,1,0,0,0,433,0
20261001-211048,early,,402.506,Player-1B8E,1,0,1,0,318,0
20261001-211048,early,,402.506,Player-89AD,1,0,1,0,361,0
20261001-211048,early,,402.506,Player-F494,1,1,1,0,226,0
20261001-211048,early,,402.506,Player-1BA4,1,0,0,0,370,0
20261001-211048,early,,402.506,Player-FBAD,1,0,0,0,419,0
20261001-211048,early,,402.506,Player-DE24,1,0,0,0,579,0
20261001-212340,early,,6,Player-DDA6,1,0,0,0,4301,0
20261001-212340,early,,6,Player-C2E3,1,0,0,0,4271,0
20261001-212340,early,,6,Player-1B8E,1,0,0,0,4309,0
20261001-212340,early,,6,Player-BCA0,1,0,0,0,4256,0
20261001-212340,early,,6,Player-89AD,1,0,0,0,4292,0
20261001-212340,early,,6,Player-F494,1,1,1,0,2574,0
20261001-212340,early,,6,Player-1BA4,1,0,0,0,4320,0
20261001-212340,early,,6,Player-FBAD,1,0,0,0,4323,0
20261001-212340,early,,6,Player-DE24,1,0,0,0,4352,0
20261001-212340,early,,6,Player-74C1,1,0,0,0,4333,0
20261001-212705,early,,5.797,Player-DDA6,1,0,0,0,4365,0
20261001-212705,early,,5.797,Player-C2E3,1,0,0,0,4331,0
20261001-212705,early,,5.797,Player-1B8E,1,0,0,0,4306,0
20261001-212705,early,,5.797,Player-BCA0,1,0,0,0,4286,0
20261001-212705,early,,5.797,Player-89AD,1,0,0,0,4341,0
20261001-212705,early,,5.797,Player-F494,1,1,1,0,2606,0
20261001-212705,early,,5.797,Player-1BA4,1,0,0,0,4350,0
20261001-212705,early,,5.797,Player-FBAD,1,0,0,0,4287,0
20261001-212705,early,,5.797,Player-DE24,1,0,0,0,4341,0
20261001-212705,early,,5.797,Player-74C1,1,0,0,0,4382,0
20261001-212705,early,,53.037,Player-DDA6,1,0,0,0,608,0
20261001-212705,early,,53.037,Player-C2E3,1,0,0,0,393,0
20261001-212705,early,,53.037,Player-1B8E,1,0,1,0,386,0
20261001-212705,early,,53.037,Player-BCA0,1,0,0,0,648,0
20261001-212705,early,,53.037,Player-89AD,1,0,0,0,433,0
20261001-212705,early,,53.037,Player-F494,1,1,1,0,441,0
20261001-212705,early,,53.037,Player-1BA4,1,0,0,0,434,0
20261001-212705,early,,53.037,Player-FBAD,1,0,1,0,213,0
20261001-212705,early,,53.037,Player-DE24,1,0,0,0,380,0
20261001-212705,early,,53.037,Player-74C1,1,0,0,0,468,0
20261001-212705,early,,97.483,Player-DDA6,1,0,0,0,530,0
20261001-212705,early,,97.483,Player-C2E3,1,0,0,0,350,0
20261001-212705,early,,97.483,Player-1B8E,1,0,1,0,164,0
20261001-212705,early,,97.483,Player-BCA0,1,0,0,0,402,0
20261001-212705,early,,97.483,Player-89AD,1,0,0,0,344,0
20261001-212705,early,,97.483,Player-F494,1,0,1,0,102,0
20261001-212705,early,,97.483,Player-1BA4,1,0,0,0,373,0
20261001-212705,early,,97.483,Player-FBAD,1,0,0,0,257,0
20261001-212705,early,,97.483,Player-DE24,1,1,1,0,321,0
20261001-212705,early,,97.483,Player-74C1,1,0,0,0,466,0
20261001-212705,early,,151.555,Player-DDA6,1,0,0,0,450,0
20261001-212705,early,,151.555,Player-C2E3,1,0,0,0,268,0
20261001-212705,early,,151.555,Player-1B8E,1,0,1,0,89,0
20261001-212705,early,,151.555,Player-BCA0,1,1,1,0,276,0
20261001-212705,early,,151.555,Player-89AD,1,0,0,0,253,0
20261001-212705,early,,151.555,Player-F494,1,0,1,0,64,0
20261001-212705,early,,151.555,Player-1BA4,1,0,0,0,269,0
20261001-212705,early,,151.555,Player-FBAD,1,0,0,0,122,0
20261001-212705,early,,151.555,Player-DE24,1,0,0,0,310,0
20261001-212705,early,,151.555,Player-74C1,1,0,0,0,434,0
20261001-213007,early,,5.756,Player-DDA6,1,0,0,0,4355,0
20261001-213007,early,,5.756,Player-C2E3,1,0,0,0,4379,0
20261001-213007,early,,5.756,Player-1B8E,1,0,0,0,4373,0
20261001-213007,early,,5.756,Player-BCA0,1,0,0,0,4277,0
20261001-213007,early,,5.756,Player-89AD,1,0,0,0,4361,0
20261001-213007,early,,5.756,Player-F494,1,1,1,0,2576,0
20261001-213007,early,,5.756,Player-1BA4,1,0,0,0,4185,0
20261001-213007,early,,5.756,Player-FBAD,1,0,0,0,4345,0
20261001-213007,early,,5.756,Player-DE24,1,0,0,0,4359,0
20261001-213007,early,,5.756,Player-74C1,1,0,0,0,4416,0
20261001-213007,early,,52.798,Player-DDA6,1,0,0,0,1044,0
20261001-213007,early,,52.798,Player-C2E3,1,0,0,0,1249,0
20261001-213007,early,,52.798,Player-1B8E,1,0,1,0,328,0
20261001-213007,early,,52.798,Player-BCA0,1,0,0,0,988,0
20261001-213007,early,,52.798,Player-89AD,1,0,0,0,432,0
20261001-213007,early,,52.798,Player-F494,1,1,1,0,484,0
20261001-213007,early,,52.798,Player-1BA4,1,0,0,0,419,0
20261001-213007,early,,52.798,Player-FBAD,1,0,0,0,421,0
20261001-213007,early,,52.798,Player-DE24,1,0,1,0,392,0
20261001-213007,early,,52.798,Player-74C1,1,0,0,0,410,0
20261001-213007,early,,97.52,Player-DDA6,1,1,1,0,410,0
20261001-213007,early,,97.52,Player-C2E3,1,0,0,0,347,0
20261001-213007,early,,97.52,Player-1B8E,1,0,1,0,163,0
20261001-213007,early,,97.52,Player-BCA0,1,0,0,0,537,0
20261001-213007,early,,97.52,Player-89AD,1,0,0,0,257,0
20261001-213007,early,,97.52,Player-F494,1,0,1,0,169,0
20261001-213007,early,,97.52,Player-1BA4,1,0,0,0,364,0
20261001-213007,early,,97.52,Player-FBAD,1,0,0,0,229,0
20261001-213007,early,,97.52,Player-DE24,1,0,0,0,271,0
20261001-213007,early,,97.52,Player-74C1,1,0,0,0,357,0
20261001-213007,early,,143.992,Player-DDA6,1,0,0,0,358,0
20261001-213007,early,,143.992,Player-C2E3,1,0,0,0,313,0
20261001-213007,early,,143.992,Player-1B8E,1,0,0,0,131,0
20261001-213007,early,,143.992,Player-BCA0,1,0,0,0,169,0
20261001-213007,early,,143.992,Player-89AD,1,0,0,0,410,0
20261001-213007,early,,143.992,Player-F494,1,0,1,0,87,0
20261001-213007,early,,143.992,Player-1BA4,1,0,0,0,197,0
20261001-213007,early,,143.992,Player-FBAD,1,0,1,0,92,0
20261001-213007,early,,143.992,Player-DE24,1,1,1,0,283,0
20261001-213007,early,,143.992,Player-74C1,1,0,0,0,322,0
20261001-213946,early,,6.081,Player-DDA6,1,0,0,0,586,0
20261001-213946,early,,6.081,Player-C2E3,1,0,0,0,4478,0
20261001-213946,early,,6.081,Player-1B8E,1,0,0,0,4374,0
20261001-213946,early,,6.081,Player-BCA0,1,0,0,0,4351,0
20261001-213946,early,,6.081,Player-89AD,1,0,0,0,1138,0
20261001-213946,early,,6.081,Player-F494,1,1,1,0,2556,0
20261001-213946,early,,6.081,Player-1BA4,1,0,0,0,4262,0
20261001-213946,early,,6.081,Player-FBAD,1,0,0,0,4365,0
20261001-213946,early,,6.081,Player-DE24,1,0,0,0,4397,0
20261001-213946,early,,6.081,Player-74C1,1,0,0,0,4403,0
20261001-213946,early,,53.041,Player-DDA6,1,0,0,0,584,0
20261001-213946,early,,53.041,Player-C2E3,1,0,0,0,503,0
20261001-213946,early,,53.041,Player-1B8E,1,0,1,0,354,0
20261001-213946,early,,53.041,Player-BCA0,1,0,0,0,487,0
20261001-213946,early,,53.041,Player-89AD,1,0,0,0,455,0
20261001-213946,early,,53.041,Player-F494,1,1,1,0,509,0
20261001-213946,early,,53.041,Player-1BA4,1,0,0,0,480,0
20261001-213946,early,,53.041,Player-FBAD,1,0,1,0,281,0
20261001-213946,early,,53.041,Player-DE24,1,0,0,0,370,0
20261001-213946,early,,53.041,Player-74C1,1,0,0,0,435,0
20261001-213946,early,,98.039,Player-DDA6,1,0,0,0,542,0
20261001-213946,early,,98.039,Player-C2E3,1,1,1,0,212,0
20261001-213946,early,,98.039,Player-1B8E,1,0,0,0,90,0
20261001-213946,early,,98.039,Player-BCA0,1,0,0,0,330,0
20261001-213946,early,,98.039,Player-89AD,1,0,0,0,340,0
20261001-213946,early,,98.039,Player-F494,1,0,1,0,115,0
20261001-213946,early,,98.039,Player-1BA4,1,0,0,0,391,0
20261001-213946,early,,98.039,Player-FBAD,1,0,1,0,86,0
20261001-213946,early,,98.039,Player-DE24,1,0,0,0,322,0
20261001-213946,early,,98.039,Player-74C1,1,0,0,0,339,0
20261001-213946,early,,150.715,Player-DDA6,1,0,0,0,369,0
20261001-213946,early,,150.715,Player-C2E3,1,0,0,0,312,0
20261001-213946,early,,150.715,Player-1B8E,1,0,1,0,66,0
20261001-213946,early,,150.715,Player-BCA0,1,0,0,0,331,0
20261001-213946,early,,150.715,Player-89AD,1,0,0,0,263,0
20261001-213946,early,,150.715,Player-F494,1,0,1,0,36,0
20261001-213946,early,,150.715,Player-1BA4,1,0,0,0,202,0
20261001-213946,early,,150.715,Player-FBAD,1,1,1,0,60,0
20261001-213946,early,,150.715,Player-DE24,1,0,0,0,247,0
20261001-213946,early,,150.715,Player-74C1,1,0,0,0,256,0
20261001-213946,early,,205.473,Player-DDA6,1,0,0,0,709,0
20261001-213946,early,,205.473,Player-C2E3,1,0,0,0,324,0
20261001-213946,early,,205.473,Player-1B8E,1,0,1,0,119,0
20261001-213946,early,,205.473,Player-BCA0,1,0,0,0,415,0
20261001-213946,early,,205.473,Player-89AD,1,0,0,0,290,0
20261001-213946,early,,205.473,Player-F494,1,0,1,0,141,0
20261001-213946,early,,205.473,Player-1BA4,1,1,1,0,300,0
20261001-213946,early,,205.473,Player-FBAD,1,0,0,0,146,0
20261001-213946,early,,205.473,Player-DE24,1,0,0,0,334,0
20261001-213946,early,,205.473,Player-74C1,1,0,0,0,371,0
20261001-213946,early,,250.473,Player-DDA6,1,0,0,0,540,0
20261001-213946,early,,250.473,Player-C2E3,1,0,0,0,387,0
20261001-213946,early,,250.473,Player-1B8E,1,1,1,0,138,0
20261001-213946,early,,250.473,Player-BCA0,1,0,0,0,353,0
20261001-213946,early,,250.473,Player-89AD,1,0,0,0,354,0
20261001-213946,early,,250.473,Player-F494,1,0,1,0,85,0
20261001-213946,early,,250.473,Player-1BA4,1,0,0,0,252,0
20261001-213946,early,,250.473,Player-FBAD,1,0,1,0,202,0
20261001-213946,early,,250.473,Player-DE24,1,0,0,0,384,0
20261001-213946,early,,250.473,Player-74C1,1,0,0,0,416,0
20261001-213946,early,,314.269,Player-DDA6,1,0,0,0,296,0
20261001-213946,early,,314.269,Player-C2E3,1,0,0,0,213,0
20261001-213946,early,,314.269,Player-1B8E,1,1,1,0,20,0
20261001-213946,early,,314.269,Player-BCA0,1,0,0,0,252,0
20261001-213946,early,,314.269,Player-89AD,1,0,0,0,256,0
20261001-213946,early,,314.269,Player-F494,1,0,1,0,63,0
20261001-213946,early,,314.269,Player-1BA4,1,0,0,0,280,0
20261001-213946,early,,314.269,Player-FBAD,1,0,1,0,59,0
20261001-213946,early,,314.269,Player-DE24,1,0,0,0,368,0
20261001-213946,early,,314.269,Player-74C1,1,0,0,0,348,0
20261001-213946,early,,361.501,Player-DDA6,1,0,0,0,310,0
20261001-213946,early,,361.501,Player-C2E3,1,0,0,0,287,0
20261001-213946,early,,361.501,Player-1B8E,1,1,1,0,172,0
20261001-213946,early,,361.501,Player-BCA0,1,0,0,0,276,0
20261001-213946,early,,361.501,Player-89AD,1,0,0,0,321,0
20261001-213946,early,,361.501,Player-F494,1,0,0,0,316,0
20261001-213946,early,,361.501,Player-1BA4,1,0,0,0,285,0
20261001-213946,early,,361.501,Player-FBAD,1,0,1,0,255,0
20261001-213946,early,,361.501,Player-DE24,1,0,0,0,528,0
20261001-213946,early,,361.501,Player-74C1,1,0,1,0,173,0
20261001-213946,early,,410.023,Player-DDA6,1,1,1,0,239,0
20261001-213946,early,,410.023,Player-C2E3,1,0,0,0,516,0
20261001-213946,early,,410.023,Player-1B8E,1,0,0,0,298,0
20261001-213946,early,,410.023,Player-BCA0,1,0,0,0,305,0
20261001-213946,early,,410.023,Player-89AD,1,0,1,0,80,0
20261001-213946,early,,410.023,Player-F494,1,0,0,0,242,0
20261001-213946,early,,410.023,Player-1BA4,1,0,0,0,233,0
20261001-213946,early,,410.023,Player-FBAD,1,0,1,0,246,0
20261001-213946,early,,410.023,Player-DE24,1,0,0,0,392,0
20261001-213946,early,,410.023,Player-74C1,1,0,0,0,323,0
20261001-213946,early,,454.947,Player-DDA6,1,0,0,0,346,0
20261001-213946,early,,454.947,Player-C2E3,1,0,0,0,317,0
20261001-213946,early,,454.947,Player-1B8E,1,1,1,0,168,0
20261001-213946,early,,454.947,Player-BCA0,1,0,0,0,535,0
20261001-213946,early,,454.947,Player-89AD,1,0,0,0,381,0
20261001-213946,early,,454.947,Player-F494,1,0,0,0,309,0
20261001-213946,early,,454.947,Player-1BA4,1,0,0,0,346,0
20261001-213946,early,,454.947,Player-FBAD,1,0,1,0,231,0
20261001-213946,early,,454.947,Player-DE24,1,0,1,0,209,0
20261001-213946,early,,454.947,Player-74C1,1,0,0,0,346,0
20261001-213946,last,3,490.099,Player-DDA6,1,0,0,0,529,0
20261001-213946,last,3,490.099,Player-C2E3,1,0,0,0,327,0
20261001-213946,last,3,490.099,Player-1B8E,1,1,1,0,127,0
20261001-213946,last,3,490.099,Player-BCA0,1,0,0,0,311,0
20261001-213946,last,3,490.099,Player-89AD,1,0,0,0,357,0
20261001-213946,last,3,490.099,Player-F494,1,0,1,0,67,0
20261001-213946,last,3,490.099,Player-1BA4,1,0,0,0,402,0
20261001-213946,last,3,490.099,Player-FBAD,1,0,1,0,36,0
20261001-213946,last,3,490.099,Player-DE24,1,0,0,0,352,0
20261001-213946,last,3,490.099,Player-74C1,1,0,0,0,412,0
20261001-213946,last,33,520.099,Player-DDA6,1,0,0,0,684,0
20261001-213946,last,33,520.099,Player-C2E3,1,0,0,0,665,0
20261001-213946,last,33,520.099,Player-1B8E,1,0,1,0,213,0
20261001-213946,last,33,520.099,Player-BCA0,1,0,0,0,660,0
20261001-213946,last,33,520.099,Player-89AD,1,0,0,0,677,0
20261001-213946,last,33,520.099,Player-F494,1,0,0,0,431,0
20261001-213946,last,33,520.099,Player-1BA4,1,0,1,0,543,0
20261001-213946,last,33,520.099,Player-FBAD,1,0,1,0,573,0
20261001-213946,last,33,520.099,Player-DE24,1,0,0,0,656,0
20261001-213946,last,33,520.099,Player-74C1,1,0,0,0,672,0
20261001-213946,last,63,550.099,Player-DDA6,1,0,0,1,698,0
20261001-213946,last,63,550.099,Player-C2E3,1,0,0,0,440,0
20261001-213946,last,63,550.099,Player-1B8E,1,0,0,0,72,0
20261001-213946,last,63,550.099,Player-BCA0,1,0,0,0,311,0
20261001-213946,last,63,550.099,Player-89AD,1,0,0,1,261,0
20261001-213946,last,63,550.099,Player-F494,1,0,1,0,282,0
20261001-213946,last,63,550.099,Player-1BA4,1,0,0,0,256,0
20261001-213946,last,63,550.099,Player-FBAD,1,0,1,0,250,0
20261001-213946,last,63,550.099,Player-DE24,1,0,0,0,381,0
20261001-213946,last,63,550.099,Player-74C1,1,1,1,1,347,0
20261001-220542,early,,5.954,Player-DDA6,1,0,0,0,4340,0
20261001-220542,early,,5.954,Player-FBAD,1,0,0,0,4335,0
20261001-220542,early,,5.954,Player-74C1,1,0,0,0,4405,0
20261001-220542,early,,5.954,Player-1B8E,1,0,0,0,4348,0
20261001-220542,early,,5.954,Player-89AD,1,0,0,0,4330,0
20261001-220542,early,,5.954,Player-DE24,1,0,0,0,4434,0
20261001-220542,early,,5.954,Player-8FDE,1,0,0,0,4397,0
20261001-220542,early,,5.954,Player-F494,1,1,1,0,2600,0
20261001-220542,early,,5.954,Player-BCA0,1,0,0,0,4325,0
20261001-220542,early,,5.954,Player-1BA4,1,0,0,0,4393,0
20261001-220542,early,,53.114,Player-DDA6,1,0,0,0,593,0
20261001-220542,early,,53.114,Player-FBAD,1,0,1,0,97,0
20261001-220542,early,,53.114,Player-74C1,1,0,0,0,377,0
20261001-220542,early,,53.114,Player-1B8E,1,0,1,0,302,0
20261001-220542,early,,53.114,Player-89AD,1,0,0,0,402,0
20261001-220542,early,,53.114,Player-DE24,1,0,0,0,361,0
20261001-220542,early,,53.114,Player-8FDE,1,0,0,0,409,0
20261001-220542,early,,53.114,Player-F494,1,1,1,0,349,0
20261001-220542,early,,53.114,Player-BCA0,1,0,0,0,727,0
20261001-220542,early,,53.114,Player-1BA4,1,0,0,0,518,0
20261001-220542,early,,98.11,Player-DDA6,1,0,0,0,495,0
20261001-220542,early,,98.11,Player-FBAD,1,0,1,0,110,0
20261001-220542,early,,98.11,Player-74C1,1,0,0,0,330,0
20261001-220542,early,,98.11,Player-1B8E,1,0,1,0,109,0
20261001-220542,early,,98.11,Player-89AD,1,0,0,0,373,0
20261001-220542,early,,98.11,Player-DE24,1,0,0,0,284,0
20261001-220542,early,,98.11,Player-8FDE,1,0,0,0,338,0
20261001-220542,early,,98.11,Player-F494,1,1,1,0,52,0
20261001-220542,early,,98.11,Player-BCA0,1,0,0,0,477,0
20261001-220542,early,,98.11,Player-1BA4,1,0,0,0,475,0
20261001-220542,early,,150.146,Player-DDA6,1,0,0,0,383,0
20261001-220542,early,,150.146,Player-FBAD,1,0,1,0,177,0
20261001-220542,early,,150.146,Player-74C1,1,1,1,0,241,0
20261001-220542,early,,150.146,Player-1B8E,1,0,0,0,172,0
20261001-220542,early,,150.146,Player-89AD,1,0,0,0,279,0
20261001-220542,early,,150.146,Player-DE24,1,0,0,0,169,0
20261001-220542,early,,150.146,Player-8FDE,1,0,0,0,245,0
20261001-220542,early,,150.146,Player-F494,1,0,1,0,90,0
20261001-220542,early,,150.146,Player-BCA0,1,0,0,0,351,0
20261001-220542,early,,150.146,Player-1BA4,1,0,0,0,308,0
20261001-220542,early,,205.264,Player-DDA6,1,0,0,0,735,0
20261001-220542,early,,205.264,Player-FBAD,1,0,1,0,295,0
20261001-220542,early,,205.264,Player-74C1,1,1,1,0,480,0
20261001-220542,early,,205.264,Player-1B8E,1,0,1,0,150,0
20261001-220542,early,,205.264,Player-89AD,1,0,0,0,452,0
20261001-220542,early,,205.264,Player-DE24,1,0,0,0,453,0
20261001-220542,early,,205.264,Player-8FDE,1,0,0,0,550,0
20261001-220542,early,,205.264,Player-F494,1,0,0,0,474,0
20261001-220542,early,,205.264,Player-BCA0,1,0,0,0,586,0
20261001-220542,early,,205.264,Player-1BA4,1,0,0,0,584,0
20261001-220938,early,,5.474,Player-DDA6,1,0,0,0,4391,0
20261001-220938,early,,5.474,Player-FBAD,1,0,0,0,4395,0
20261001-220938,early,,5.474,Player-74C1,1,0,0,0,4371,0
20261001-220938,early,,5.474,Player-1B8E,1,0,0,0,4382,0
20261001-220938,early,,5.474,Player-89AD,1,0,0,0,4354,0
20261001-220938,early,,5.474,Player-DE24,1,0,0,0,4430,0
20261001-220938,early,,5.474,Player-8FDE,1,0,0,0,4391,0
20261001-220938,early,,5.474,Player-F494,1,1,1,0,2588,0
20261001-220938,early,,5.474,Player-BCA0,1,0,0,0,4285,0
20261001-220938,early,,5.474,Player-1BA4,1,0,0,0,4315,0
20261001-220938,early,,52.59,Player-DDA6,1,0,0,0,555,0
20261001-220938,early,,52.59,Player-FBAD,1,0,1,0,261,0
20261001-220938,early,,52.59,Player-74C1,1,0,0,0,508,0
20261001-220938,early,,52.59,Player-1B8E,1,0,1,0,364,0
20261001-220938,early,,52.59,Player-89AD,1,0,0,0,422,0
20261001-220938,early,,52.59,Player-DE24,1,0,0,0,343,0
20261001-220938,early,,52.59,Player-8FDE,1,0,0,0,462,0
20261001-220938,early,,52.59,Player-F494,1,1,1,0,355,0
20261001-220938,early,,52.59,Player-BCA0,1,0,0,0,775,0
20261001-220938,early,,52.59,Player-1BA4,1,0,0,0,401,0
20261001-220938,early,,146.268,Player-DDA6,1,0,0,0,440,0
20261001-220938,early,,146.268,Player-FBAD,1,0,1,0,86,0
20261001-220938,early,,146.268,Player-74C1,1,0,0,0,319,0
20261001-220938,early,,146.268,Player-1B8E,1,0,1,0,38,0
20261001-220938,early,,146.268,Player-89AD,1,0,0,0,376,0
20261001-220938,early,,146.268,Player-DE24,1,0,0,0,321,0
20261001-220938,early,,146.268,Player-8FDE,1,1,1,0,320,0
20261001-220938,early,,146.268,Player-F494,1,0,0,0,144,0
20261001-220938,early,,146.268,Player-BCA0,1,0,0,0,189,0
20261001-220938,early,,146.268,Player-1BA4,1,0,0,0,208,0
20261001-221556,early,,5.72,Player-DDA6,1,0,0,0,4349,0
20261001-221556,early,,5.72,Player-FBAD,1,0,0,0,4345,0
20261001-221556,early,,5.72,Player-74C1,1,0,0,0,4465,0
20261001-221556,early,,5.72,Player-1B8E,1,0,0,0,4328,0
20261001-221556,early,,5.72,Player-89AD,1,0,0,0,4358,0
20261001-221556,early,,5.72,Player-DE24,1,0,0,0,4330,0
20261001-221556,early,,5.72,Player-8FDE,1,0,0,0,4407,0
20261001-221556,early,,5.72,Player-F494,1,1,1,0,2616,0
20261001-221556,early,,5.72,Player-BCA0,1,0,0,0,4300,0
20261001-221556,early,,5.72,Player-1BA4,1,0,0,0,4441,0
20261001-221556,early,,52.914,Player-DDA6,1,0,0,0,612,0
20261001-221556,early,,52.914,Player-FBAD,1,0,1,0,72,0
20261001-221556,early,,52.914,Player-74C1,1,0,0,0,390,0
20261001-221556,early,,52.914,Player-1B8E,1,0,1,0,232,0
20261001-221556,early,,52.914,Player-89AD,1,0,0,0,363,0
20261001-221556,early,,52.914,Player-DE24,1,0,0,0,268,0
20261001-221556,early,,52.914,Player-8FDE,1,0,0,0,458,0
20261001-221556,early,,52.914,Player-F494,1,1,1,0,378,0
20261001-221556,early,,52.914,Player-BCA0,1,0,0,0,511,0
20261001-221556,early,,52.914,Player-1BA4,1,0,0,0,503,0
20261001-221556,early,,97.956,Player-DDA6,1,0,0,0,573,0
20261001-221556,early,,97.956,Player-FBAD,1,0,1,0,141,0
20261001-221556,early,,97.956,Player-74C1,1,0,0,0,411,0
20261001-221556,early,,97.956,Player-1B8E,1,0,0,0,149,0
20261001-221556,early,,97.956,Player-89AD,1,0,0,0,247,0
20261001-221556,early,,97.956,Player-DE24,1,1,1,0,326,0
20261001-221556,early,,97.956,Player-8FDE,1,0,0,0,384,0
20261001-221556,early,,97.956,Player-F494,1,0,1,0,281,0
20261001-221556,early,,97.956,Player-BCA0,1,0,0,0,451,0
20261001-221556,early,,97.956,Player-1BA4,1,0,0,0,436,0
20261001-221556,early,,146.19,Player-DDA6,1,0,0,0,443,0
20261001-221556,early,,146.19,Player-FBAD,1,0,0,0,225,0
20261001-221556,early,,146.19,Player-74C1,1,1,1,0,280,0
20261001-221556,early,,146.19,Player-1B8E,1,0,1,0,45,0
20261001-221556,early,,146.19,Player-89AD,1,0,0,0,381,0
20261001-221556,early,,146.19,Player-DE24,1,0,0,0,270,0
20261001-221556,early,,146.19,Player-8FDE,1,0,0,0,262,0
20261001-221556,early,,146.19,Player-F494,1,0,1,0,160,0
20261001-221556,early,,146.19,Player-BCA0,1,0,0,0,294,0
20261001-221556,early,,146.19,Player-1BA4,1,0,0,0,293,0
20261001-221556,early,,201.314,Player-DDA6,1,0,0,0,596,0
20261001-221556,early,,201.314,Player-FBAD,1,0,0,0,224,0
20261001-221556,early,,201.314,Player-74C1,1,1,1,0,321,0
20261001-221556,early,,201.314,Player-1B8E,1,0,1,0,42,0
20261001-221556,early,,201.314,Player-89AD,1,0,0,0,369,0
20261001-221556,early,,201.314,Player-DE24,1,0,0,0,401,0
20261001-221556,early,,201.314,Player-8FDE,1,0,0,0,431,0
20261001-221556,early,,201.314,Player-F494,1,0,1,0,138,0
20261001-221556,early,,201.314,Player-BCA0,1,0,0,0,462,0
20261001-221556,early,,201.314,Player-1BA4,1,0,0,0,409,0
20261001-221556,early,,246.428,Player-DDA6,1,0,0,0,667,0
20261001-221556,early,,246.428,Player-FBAD,1,0,0,0,248,0
20261001-221556,early,,246.428,Player-74C1,1,0,0,0,491,0
20261001-221556,early,,246.428,Player-1B8E,1,0,1,0,186,0
20261001-221556,early,,246.428,Player-89AD,1,0,0,0,330,0
20261001-221556,early,,246.428,Player-DE24,1,0,0,0,391,0
20261001-221556,early,,246.428,Player-8FDE,1,0,0,0,459,0
20261001-221556,early,,246.428,Player-F494,1,0,1,0,203,0
20261001-221556,early,,246.428,Player-BCA0,1,0,0,0,428,0
20261001-221556,early,,246.428,Player-1BA4,1,1,1,0,483,0
20261001-221556,early,,296.702,Player-DDA6,1,1,1,0,394,0
20261001-221556,early,,296.702,Player-FBAD,1,0,1,0,69,0
20261001-221556,early,,296.702,Player-74C1,1,0,0,0,376,0
20261001-221556,early,,296.702,Player-1B8E,1,0,0,0,73,0
20261001-221556,early,,296.702,Player-89AD,1,0,0,0,242,0
20261001-221556,early,,296.702,Player-DE24,1,0,0,0,233,0
20261001-221556,early,,296.702,Player-8FDE,1,0,0,0,310,0
20261001-221556,early,,296.702,Player-F494,1,0,1,0,38,0
20261001-221556,early,,296.702,Player-BCA0,1,0,0,0,278,0
20261001-221556,early,,296.702,Player-1BA4,1,0,0,0,389,0
20261001-222029,early,,5.635,Player-DDA6,1,0,0,0,4443,0
20261001-222029,early,,5.635,Player-FBAD,1,0,0,0,4430,0
20261001-222029,early,,5.635,Player-74C1,1,0,0,0,4478,0
20261001-222029,early,,5.635,Player-1B8E,1,0,0,0,4478,0
20261001-222029,early,,5.635,Player-89AD,1,0,0,0,4362,0
20261001-222029,early,,5.635,Player-DE24,1,0,0,0,4445,0
20261001-222029,early,,5.635,Player-8FDE,1,0,0,0,4492,0
20261001-222029,early,,5.635,Player-F494,1,1,1,0,2579,0
20261001-222029,early,,5.635,Player-BCA0,1,0,0,0,4373,0
20261001-222029,early,,5.635,Player-1BA4,1,0,0,0,4417,0
20261001-222029,early,,53.635,Player-DDA6,1,0,0,0,629,0
20261001-222029,early,,53.635,Player-FBAD,1,0,1,0,233,0
20261001-222029,early,,53.635,Player-74C1,1,0,0,0,405,0
20261001-222029,early,,53.635,Player-1B8E,1,0,0,0,328,0
20261001-222029,early,,53.635,Player-89AD,1,0,0,0,410,0
20261001-222029,early,,53.635,Player-DE24,1,0,1,0,321,0
20261001-222029,early,,53.635,Player-8FDE,1,0,0,0,426,0
20261001-222029,early,,53.635,Player-F494,1,1,1,0,370,0
20261001-222029,early,,53.635,Player-BCA0,1,0,0,0,437,0
20261001-222029,early,,53.635,Player-1BA4,1,0,0,0,479,0
20261001-222029,early,,98.311,Player-DDA6,1,0,0,0,500,0
20261001-222029,early,,98.311,Player-FBAD,1,0,1,0,105,0
20261001-222029,early,,98.311,Player-74C1,1,0,0,0,355,0
20261001-222029,early,,98.311,Player-1B8E,1,0,1,0,120,0
20261001-222029,early,,98.311,Player-89AD,1,0,0,0,315,0
20261001-222029,early,,98.311,Player-DE24,1,0,0,0,295,0
20261001-222029,early,,98.311,Player-8FDE,1,1,1,0,424,0
20261001-222029,early,,98.311,Player-F494,1,0,0,0,223,0
20261001-222029,early,,98.311,Player-BCA0,1,0,0,0,342,0
20261001-222029,early,,98.311,Player-1BA4,1,0,0,0,398,0
20261001-222029,early,,148.945,Player-DDA6,1,0,0,0,250,0
20261001-222029,early,,148.945,Player-FBAD,1,0,0,0,79,0
20261001-222029,early,,148.945,Player-74C1,1,0,0,0,132,0
20261001-222029,early,,148.945,Player-1B8E,1,0,1,0,131,0
20261001-222029,early,,148.945,Player-89AD,1,0,0,0,266,0
20261001-222029,early,,148.945,Player-DE24,1,1,1,0,200,0
20261001-222029,early,,148.945,Player-8FDE,1,0,0,0,235,0
20261001-222029,early,,148.945,Player-F494,1,0,1,0,76,0
20261001-222029,early,,148.945,Player-BCA0,1,0,0,0,228,0
20261001-222029,early,,148.945,Player-1BA4,1,0,0,0,386,0
20261001-222029,early,,203.429,Player-DDA6,1,0,0,0,500,0
20261001-222029,early,,203.429,Player-FBAD,1,0,0,0,235,0
20261001-222029,early,,203.429,Player-74C1,1,0,0,0,408,0
20261001-222029,early,,203.429,Player-1B8E,1,0,0,0,159,0
20261001-222029,early,,203.429,Player-89AD,1,0,0,0,355,0
20261001-222029,early,,203.429,Player-DE24,1,1,1,0,348,0
20261001-222029,early,,203.429,Player-8FDE,1,0,0,0,357,0
20261001-222029,early,,203.429,Player-F494,1,0,1,0,153,0
20261001-222029,early,,203.429,Player-BCA0,1,0,0,0,390,0
20261001-222029,early,,203.429,Player-1BA4,1,0,1,0,291,0
20261001-222522,early,,5.798,Player-DDA6,1,0,0,0,4412,0
20261001-222522,early,,5.798,Player-FBAD,1,0,0,0,4380,0
20261001-222522,early,,5.798,Player-74C1,1,0,0,0,4442,0
20261001-222522,early,,5.798,Player-1B8E,1,0,0,0,4353,0
20261001-222522,early,,5.798,Player-89AD,1,0,0,0,4339,0
20261001-222522,early,,5.798,Player-DE24,1,0,0,0,4380,0
20261001-222522,early,,5.798,Player-8FDE,1,0,0,0,4424,0
20261001-222522,early,,5.798,Player-F494,1,1,1,0,2572,0
20261001-222522,early,,5.798,Player-BCA0,1,0,0,0,4337,0
20261001-222522,early,,5.798,Player-1BA4,1,0,0,0,4464,0
20261001-222522,early,,53.036,Player-DDA6,1,0,0,0,557,0
20261001-222522,early,,53.036,Player-FBAD,1,0,1,0,169,0
20261001-222522,early,,53.036,Player-74C1,1,0,0,0,434,0
20261001-222522,early,,53.036,Player-1B8E,1,0,1,0,335,0
20261001-222522,early,,53.036,Player-89AD,1,0,0,0,386,0
20261001-222522,early,,53.036,Player-DE24,1,0,0,0,575,0
20261001-222522,early,,53.036,Player-8FDE,1,0,0,0,439,0
20261001-222522,early,,53.036,Player-F494,1,1,1,0,335,0
20261001-222522,early,,53.036,Player-BCA0,1,0,0,0,565,0
20261001-222522,early,,53.036,Player-1BA4,1,0,0,0,457,0
20261001-222522,early,,97.758,Player-DDA6,1,0,0,0,477,0
20261001-222522,early,,97.758,Player-FBAD,1,0,1,0,164,0
20261001-222522,early,,97.758,Player-74C1,1,0,0,0,536,0
20261001-222522,early,,97.758,Player-1B8E,1,1,1,0,139,0
20261001-222522,early,,97.758,Player-89AD,1,0,0,0,450,0
20261001-222522,early,,97.758,Player-DE24,1,0,1,0,406,0
20261001-222522,early,,97.758,Player-8FDE,1,0,0,0,428,0
20261001-222522,early,,97.758,Player-F494,1,0,0,0,780,0
20261001-222522,early,,97.758,Player-BCA0,1,0,0,0,655,0
20261001-222522,early,,97.758,Player-1BA4,1,0,0,0,517,0
20261001-222522,early,,148.472,Player-DDA6,1,0,0,0,430,0
20261001-222522,early,,148.472,Player-FBAD,1,0,1,0,36,0
20261001-222522,early,,148.472,Player-74C1,1,0,0,0,272,0
20261001-222522,early,,148.472,Player-1B8E,1,0,0,0,141,0
20261001-222522,early,,148.472,Player-89AD,1,0,0,0,251,0
20261001-222522,early,,148.472,Player-DE24,1,0,0,0,256,0
20261001-222522,early,,148.472,Player-8FDE,1,1,1,0,261,0
20261001-222522,early,,148.472,Player-F494,1,0,1,0,12,0
20261001-222522,early,,148.472,Player-BCA0,1,0,0,0,144,0
20261001-222522,early,,148.472,Player-1BA4,1,0,0,0,359,0
20261001-222522,early,,203.19,Player-DDA6,1,0,0,0,691,0
20261001-222522,early,,203.19,Player-FBAD,1,0,0,0,232,0
20261001-222522,early,,203.19,Player-74C1,1,0,0,0,537,0
20261001-222522,early,,203.19,Player-1B8E,1,0,1,0,251,0
20261001-222522,early,,203.19,Player-89AD,1,0,0,0,395,0
20261001-222522,early,,203.19,Player-DE24,1,0,0,0,387,0
20261001-222522,early,,203.19,Player-8FDE,1,1,1,0,528,0
20261001-222522,early,,203.19,Player-F494,1,0,1,0,207,0
20261001-222522,early,,203.19,Player-BCA0,1,0,0,0,501,0
20261001-222522,early,,203.19,Player-1BA4,1,0,0,0,419,0
20261001-223543,early,,5.956,Player-DDA6,1,0,0,0,4389,0
20261001-223543,early,,5.956,Player-FBAD,1,0,0,0,4377,0
20261001-223543,early,,5.956,Player-74C1,1,0,0,0,4455,0
20261001-223543,early,,5.956,Player-1B8E,1,0,0,0,4431,0
20261001-223543,early,,5.956,Player-89AD,1,0,0,0,4265,0
20261001-223543,early,,5.956,Player-DE24,1,0,0,0,4485,0
20261001-223543,early,,5.956,Player-8FDE,1,0,0,0,4429,0
20261001-223543,early,,5.956,Player-F494,1,1,1,0,2611,0
20261001-223543,early,,5.956,Player-BCA0,1,0,0,0,4290,0
20261001-223543,early,,5.956,Player-1BA4,1,0,0,0,4416,0
20261001-223543,early,,53.674,Player-DDA6,1,0,0,0,600,0
20261001-223543,early,,53.674,Player-FBAD,1,0,1,0,138,0
20261001-223543,early,,53.674,Player-74C1,1,0,0,0,473,0
20261001-223543,early,,53.674,Player-1B8E,1,0,1,0,337,0
20261001-223543,early,,53.674,Player-89AD,1,0,0,0,441,0
20261001-223543,early,,53.674,Player-DE24,1,0,0,0,326,0
20261001-223543,early,,53.674,Player-8FDE,1,0,0,0,458,0
20261001-223543,early,,53.674,Player-F494,1,1,1,0,471,0
20261001-223543,early,,53.674,Player-BCA0,1,0,0,0,673,0
20261001-223543,early,,53.674,Player-1BA4,1,0,0,0,456,0
20261001-223543,early,,98.516,Player-DDA6,1,0,0,0,524,0
20261001-223543,early,,98.516,Player-FBAD,1,0,1,0,81,0
20261001-223543,early,,98.516,Player-74C1,1,0,0,0,401,0
20261001-223543,early,,98.516,Player-1B8E,1,1,1,0,74,0
20261001-223543,early,,98.516,Player-89AD,1,0,0,0,323,0
20261001-223543,early,,98.516,Player-DE24,1,0,1,0,255,0
20261001-223543,early,,98.516,Player-8FDE,1,0,0,0,328,0
20261001-223543,early,,98.516,Player-F494,1,0,0,0,399,0
20261001-223543,early,,98.516,Player-BCA0,1,0,0,0,392,0
20261001-223543,early,,98.516,Player-1BA4,1,0,0,0,358,0
20261001-223543,early,,145.632,Player-DDA6,1,0,0,0,674,0
20261001-223543,early,,145.632,Player-FBAD,1,0,1,0,210,0
20261001-223543,early,,145.632,Player-74C1,1,0,0,0,499,0
20261001-223543,early,,145.632,Player-1B8E,1,1,1,0,155,0
20261001-223543,early,,145.632,Player-89AD,1,0,0,0,539,0
20261001-223543,early,,145.632,Player-DE24,1,0,0,0,526,0
20261001-223543,early,,145.632,Player-8FDE,1,0,0,0,409,0
20261001-223543,early,,145.632,Player-F494,1,0,1,0,328,0
20261001-223543,early,,145.632,Player-BCA0,1,0,0,0,568,0
20261001-223543,early,,145.632,Player-1BA4,1,0,0,0,551,0
20261001-223543,early,,200.186,Player-DDA6,1,0,0,0,670,0
20261001-223543,early,,200.186,Player-FBAD,1,0,1,0,64,0
20261001-223543,early,,200.186,Player-74C1,1,1,1,0,176,0
20261001-223543,early,,200.186,Player-1B8E,1,0,1,0,167,0
20261001-223543,early,,200.186,Player-89AD,1,0,0,0,334,0
20261001-223543,early,,200.186,Player-DE24,1,0,0,0,513,0
20261001-223543,early,,200.186,Player-8FDE,1,0,0,0,509,0
20261001-223543,early,,200.186,Player-F494,1,0,0,0,170,0
20261001-223543,early,,200.186,Player-BCA0,1,0,0,0,423,0
20261001-223543,early,,200.186,Player-1BA4,1,0,0,0,468,0
20261001-223543,early,,261.344,Player-DDA6,1,0,0,0,380,0
20261001-223543,early,,261.344,Player-FBAD,1,0,0,0,288,0
20261001-223543,early,,261.344,Player-74C1,1,0,0,0,361,0
20261001-223543,early,,261.344,Player-1B8E,1,0,1,0,117,0
20261001-223543,early,,261.344,Player-89AD,1,0,0,0,476,0
20261001-223543,early,,261.344,Player-DE24,1,0,0,0,516,0
20261001-223543,early,,261.344,Player-8FDE,1,0,0,0,241,0
20261001-223543,early,,261.344,Player-F494,1,0,1,0,37,0
20261001-223543,early,,261.344,Player-BCA0,1,0,0,0,279,0
20261001-223543,early,,261.344,Player-1BA4,1,1,1,0,413,0
20261001-223543,early,,307.746,Player-DDA6,1,0,0,0,264,0
20261001-223543,early,,307.746,Player-FBAD,1,0,1,0,47,0
20261001-223543,early,,307.746,Player-74C1,1,0,0,0,340,0
20261001-223543,early,,307.746,Player-1B8E,1,0,1,0,66,0
20261001-223543,early,,307.746,Player-89AD,1,0,0,0,193,0
20261001-223543,early,,307.746,Player-DE24,1,0,0,0,300,0
20261001-223543,early,,307.746,Player-8FDE,1,0,0,0,367,0
20261001-223543,early,,307.746,Player-F494,1,1,1,0,247,0
20261001-223543,early,,307.746,Player-BCA0,1,0,0,0,302,0
20261001-223543,early,,307.746,Player-1BA4,1,0,0,0,271,0
20261001-223543,early,,362.748,Player-DDA6,1,0,0,0,452,0
20261001-223543,early,,362.748,Player-FBAD,1,0,1,0,264,0
20261001-223543,early,,362.748,Player-74C1,1,0,0,0,386,0
20261001-223543,early,,362.748,Player-1B8E,1,0,1,0,178,0
20261001-223543,early,,362.748,Player-89AD,1,0,0,0,371,0
20261001-223543,early,,362.748,Player-DE24,1,0,0,0,293,0
20261001-223543,early,,362.748,Player-8FDE,1,0,0,0,495,0
20261001-223543,early,,362.748,Player-F494,0,0,0,0,418,0
20261001-223543,early,,362.748,Player-BCA0,1,0,0,0,316,0
20261001-223543,early,,362.748,Player-1BA4,1,0,1,0,172,0
20261001-223543,early,,414.464,Player-DDA6,1,0,0,0,262,0
20261001-223543,early,,414.464,Player-FBAD,1,0,0,0,225,0
20261001-223543,early,,414.464,Player-74C1,1,0,0,0,282,0
20261001-223543,early,,414.464,Player-1B8E,1,0,1,0,136,0
20261001-223543,early,,414.464,Player-89AD,1,0,0,0,277,0
20261001-223543,early,,414.464,Player-DE24,1,1,1,0,312,0
20261001-223543,early,,414.464,Player-8FDE,1,0,0,0,313,0
20261001-223543,early,,414.464,Player-F494,1,0,1,0,123,0
20261001-223543,early,,414.464,Player-BCA0,1,0,0,0,241,0
20261001-223543,early,,414.464,Player-1BA4,1,0,0,0,280,0
20261001-223543,last,3,480.502,Player-DDA6,1,0,0,0,460,0
20261001-223543,last,3,480.502,Player-FBAD,1,0,1,0,71,0
20261001-223543,last,3,480.502,Player-74C1,1,1,1,0,332,0
20261001-223543,last,3,480.502,Player-1B8E,1,0,1,0,41,0
20261001-223543,last,3,480.502,Player-89AD,1,0,0,0,370,0
20261001-223543,last,3,480.502,Player-DE24,1,0,0,0,354,0
20261001-223543,last,3,480.502,Player-8FDE,1,0,0,0,305,0
20261001-223543,last,3,480.502,Player-F494,1,0,0,0,176,0
20261001-223543,last,3,480.502,Player-BCA0,1,0,0,0,498,0
20261001-223543,last,3,480.502,Player-1BA4,1,0,0,0,486,0
20261001-223543,last,33,510.502,Player-DDA6,1,0,0,0,747,0
20261001-223543,last,33,510.502,Player-FBAD,1,0,0,0,473,0
20261001-223543,last,33,510.502,Player-74C1,1,0,1,0,671,0
20261001-223543,last,33,510.502,Player-1B8E,1,0,1,0,167,0
20261001-223543,last,33,510.502,Player-89AD,1,0,0,0,846,0
20261001-223543,last,33,510.502,Player-DE24,1,0,0,0,697,0
20261001-223543,last,33,510.502,Player-8FDE,1,0,1,0,669,0
20261001-223543,last,33,510.502,Player-F494,1,0,0,0,723,0
20261001-223543,last,33,510.502,Player-BCA0,1,0,0,0,829,0
20261001-223543,last,33,510.502,Player-1BA4,1,0,0,0,747,0
20261001-223543,last,63,540.502,Player-DDA6,1,0,0,1,794,0
20261001-223543,last,63,540.502,Player-FBAD,1,0,0,0,674,0
20261001-223543,last,63,540.502,Player-74C1,1,0,0,0,527,0
20261001-223543,last,63,540.502,Player-1B8E,1,0,1,0,656,0
20261001-223543,last,63,540.502,Player-89AD,1,0,0,0,695,0
20261001-223543,last,63,540.502,Player-DE24,1,0,1,0,629,0
20261001-223543,last,63,540.502,Player-8FDE,1,0,0,0,727,0
20261001-223543,last,63,540.502,Player-F494,1,0,0,0,555,0
20261001-223543,last,63,540.502,Player-BCA0,1,1,1,1,707,0
20261001-223543,last,63,540.502,Player-1BA4,1,0,0,1,602,0
20261001-223543,last,93,570.502,Player-DDA6,0,0,0,0,931,0
20261001-223543,last,93,570.502,Player-FBAD,0,0,0,0,911,0
20261001-223543,last,93,570.502,Player-74C1,0,0,0,0,1173,0
20261001-223543,last,93,570.502,Player-1B8E,1,0,0,0,247,0
20261001-223543,last,93,570.502,Player-89AD,0,0,0,0,880,0
20261001-223543,last,93,570.502,Player-DE24,0,0,0,0,831,0
20261001-223543,last,93,570.502,Player-8FDE,0,0,0,0,683,0
20261001-223543,last,93,570.502,Player-F494,0,0,0,0,762,0
20261001-223543,last,93,570.502,Player-BCA0,0,0,0,0,1668,0
20261001-223543,last,93,570.502,Player-1BA4,0,0,0,0,708,0
20261001-224122,early,,5.713,Player-DDA6,1,0,0,0,4397,0
20261001-224122,early,,5.713,Player-FBAD,1,0,0,0,4444,0
20261001-224122,early,,5.713,Player-74C1,1,0,0,0,4430,0
20261001-224122,early,,5.713,Player-1B8E,1,0,0,0,4417,0
20261001-224122,early,,5.713,Player-89AD,1,0,0,0,4366,0
20261001-224122,early,,5.713,Player-DE24,1,0,0,0,4407,0
20261001-224122,early,,5.713,Player-8FDE,1,0,0,0,4451,0
20261001-224122,early,,5.713,Player-F494,1,1,1,0,2571,0
20261001-224122,early,,5.713,Player-BCA0,1,0,0,0,4359,0
20261001-224122,early,,5.713,Player-1BA4,1,0,0,0,4440,0
20261001-224122,early,,52.959,Player-DDA6,1,0,0,0,618,0
20261001-224122,early,,52.959,Player-FBAD,1,0,0,0,403,0
20261001-224122,early,,52.959,Player-74C1,1,0,0,0,413,0
20261001-224122,early,,52.959,Player-1B8E,1,0,1,0,425,0
20261001-224122,early,,52.959,Player-89AD,1,0,0,0,457,0
20261001-224122,early,,52.959,Player-DE24,1,0,1,0,339,0
20261001-224122,early,,52.959,Player-8FDE,1,0,0,0,440,0
20261001-224122,early,,52.959,Player-F494,1,1,1,0,447,0
20261001-224122,early,,52.959,Player-BCA0,1,0,0,0,794,0
20261001-224122,early,,52.959,Player-1BA4,1,0,0,0,525,0
20261001-224122,early,,97.839,Player-DDA6,1,0,0,0,525,0
20261001-224122,early,,97.839,Player-FBAD,1,0,0,0,310,0
20261001-224122,early,,97.839,Player-74C1,1,0,0,0,413,0
20261001-224122,early,,97.839,Player-1B8E,1,0,1,0,148,0
20261001-224122,early,,97.839,Player-89AD,1,0,0,0,369,0
20261001-224122,early,,97.839,Player-DE24,1,0,0,0,355,0
20261001-224122,early,,97.839,Player-8FDE,1,0,0,0,395,0
20261001-224122,early,,97.839,Player-F494,1,0,1,0,284,0
20261001-224122,early,,97.839,Player-BCA0,1,1,1,0,602,0
20261001-224122,early,,97.839,Player-1BA4,1,0,0,0,429,0
20261001-224122,early,,143.391,Player-DDA6,1,0,0,0,410,0
20261001-224122,early,,143.391,Player-FBAD,1,0,1,0,96,0
20261001-224122,early,,143.391,Player-74C1,1,0,0,0,430,0
20261001-224122,early,,143.391,Player-1B8E,1,0,1,0,101,0
20261001-224122,early,,143.391,Player-89AD,1,0,0,0,301,0
20261001-224122,early,,143.391,Player-DE24,1,0,0,0,323,0
20261001-224122,early,,143.391,Player-8FDE,1,0,0,0,317,0
20261001-224122,early,,143.391,Player-F494,1,0,0,0,164,0
20261001-224122,early,,143.391,Player-BCA0,1,1,1,0,423,0
20261001-224122,early,,143.391,Player-1BA4,1,0,0,0,278,0
20261001-224122,early,,198.747,Player-DDA6,1,0,0,0,600,0
20261001-224122,early,,198.747,Player-FBAD,1,0,1,0,123,0
20261001-224122,early,,198.747,Player-74C1,1,1,1,0,363,0
20261001-224122,early,,198.747,Player-1B8E,1,0,1,0,34,0
20261001-224122,early,,198.747,Player-89AD,1,0,0,0,275,0
20261001-224122,early,,198.747,Player-DE24,1,0,0,0,354,0
20261001-224122,early,,198.747,Player-8FDE,1,0,0,0,480,0
20261001-224122,early,,198.747,Player-F494,1,0,0,0,104,0
20261001-224122,early,,198.747,Player-BCA0,1,0,0,0,350,0
20261001-224122,early,,198.747,Player-1BA4,1,0,0,0,380,0
20261001-224122,early,,244.149,Player-DDA6,1,0,0,0,363,0
20261001-224122,early,,244.149,Player-FBAD,1,0,0,0,114,0
20261001-224122,early,,244.149,Player-74C1,1,1,1,0,309,0
20261001-224122,early,,244.149,Player-1B8E,1,0,1,0,118,0
20261001-224122,early,,244.149,Player-89AD,1,0,0,0,285,0
20261001-224122,early,,244.149,Player-DE24,1,0,0,0,311,0
20261001-224122,early,,244.149,Player-8FDE,1,0,0,0,257,0
20261001-224122,early,,244.149,Player-F494,1,0,0,0,167,0
20261001-224122,early,,244.149,Player-BCA0,1,0,0,0,388,0
20261001-224122,early,,244.149,Player-1BA4,1,0,1,0,95,0
20261001-224532,early,,5.794,Player-DDA6,1,0,0,0,4329,0
20261001-224532,early,,5.794,Player-FBAD,1,0,0,0,4311,0
20261001-224532,early,,5.794,Player-74C1,1,0,0,0,4423,0
20261001-224532,early,,5.794,Player-1B8E,1,0,0,0,4332,0
20261001-224532,early,,5.794,Player-89AD,1,0,0,0,4286,0
20261001-224532,early,,5.794,Player-DE24,1,0,0,0,4314,0
20261001-224532,early,,5.794,Player-8FDE,1,0,0,0,4304,0
20261001-224532,early,,5.794,Player-F494,1,1,1,0,2587,0
20261001-224532,early,,5.794,Player-BCA0,1,0,0,0,4220,0
20261001-224532,early,,5.794,Player-1BA4,1,0,0,0,4199,0
20261001-224532,early,,53.28,Player-DDA6,1,0,0,0,630,0
20261001-224532,early,,53.28,Player-FBAD,1,0,1,0,220,0
20261001-224532,early,,53.28,Player-74C1,1,0,0,0,442,0
20261001-224532,early,,53.28,Player-1B8E,1,0,1,0,320,0
20261001-224532,early,,53.28,Player-89AD,1,0,0,0,482,0
20261001-224532,early,,53.28,Player-DE24,1,0,0,0,352,0
20261001-224532,early,,53.28,Player-8FDE,1,0,0,0,492,0
20261001-224532,early,,53.28,Player-F494,1,1,1,0,164,0
20261001-224532,early,,53.28,Player-BCA0,1,0,0,0,588,0
20261001-224532,early,,53.28,Player-1BA4,1,0,0,0,444,0
20261001-224532,early,,97.958,Player-DDA6,1,0,0,0,636,0
20261001-224532,early,,97.958,Player-FBAD,1,0,0,0,142,0
20261001-224532,early,,97.958,Player-74C1,1,0,0,0,498,0
20261001-224532,early,,97.958,Player-1B8E,1,0,1,0,107,0
20261001-224532,early,,97.958,Player-89AD,1,0,1,0,364,0
20261001-224532,early,,97.958,Player-DE24,1,1,1,0,287,0
20261001-224532,early,,97.958,Player-8FDE,1,0,0,0,401,0
20261001-224532,early,,97.958,Player-F494,1,0,0,0,1054,0
20261001-224532,early,,97.958,Player-BCA0,1,0,0,0,484,0
20261001-224532,early,,97.958,Player-1BA4,1,0,0,0,362,0
20261001-224532,early,,145.876,Player-DDA6,1,0,0,0,380,0
20261001-224532,early,,145.876,Player-FBAD,1,0,1,0,100,0
20261001-224532,early,,145.876,Player-74C1,1,0,0,0,282,0
20261001-224532,early,,145.876,Player-1B8E,1,0,1,0,53,0
20261001-224532,early,,145.876,Player-89AD,1,1,1,0,375,0
20261001-224532,early,,145.876,Player-DE24,1,0,0,0,225,0
20261001-224532,early,,145.876,Player-8FDE,1,0,0,0,268,0
20261001-224532,early,,145.876,Player-F494,1,0,0,0,110,0
20261001-224532,early,,145.876,Player-BCA0,1,0,0,0,283,0
20261001-224532,early,,145.876,Player-1BA4,1,0,0,0,267,0
20261001-224532,early,,200.678,Player-DDA6,1,0,0,0,696,0
20261001-224532,early,,200.678,Player-FBAD,1,0,0,0,162,0
20261001-224532,early,,200.678,Player-74C1,1,0,0,0,426,0
20261001-224532,early,,200.678,Player-1B8E,1,0,1,0,79,0
20261001-224532,early,,200.678,Player-89AD,1,1,1,0,420,0
20261001-224532,early,,200.678,Player-DE24,1,0,0,0,371,0
20261001-224532,early,,200.678,Player-8FDE,1,0,0,0,389,0
20261001-224532,early,,200.678,Player-F494,1,0,1,0,55,0
20261001-224532,early,,200.678,Player-BCA0,1,0,0,0,412,0
20261001-224532,early,,200.678,Player-1BA4,1,0,0,0,486,0
20261001-225245,early,,5.715,Player-DDA6,1,0,0,0,4483,0
20261001-225245,early,,5.715,Player-FBAD,1,0,0,0,4477,0
20261001-225245,early,,5.715,Player-74C1,1,0,0,0,4482,0
20261001-225245,early,,5.715,Player-1B8E,1,0,0,0,4439,0
20261001-225245,early,,5.715,Player-89AD,1,0,0,0,4391,0
20261001-225245,early,,5.715,Player-DE24,1,0,0,0,4432,0
20261001-225245,early,,5.715,Player-8FDE,1,0,0,0,4495,0
20261001-225245,early,,5.715,Player-F494,1,1,1,0,2588,0
20261001-225245,early,,5.715,Player-BCA0,1,0,0,0,4487,0
20261001-225245,early,,5.715,Player-1BA4,1,0,0,0,4478,0
20261001-225245,early,,53.193,Player-DDA6,1,0,0,0,564,0
20261001-225245,early,,53.193,Player-FBAD,1,0,1,0,363,0
20261001-225245,early,,53.193,Player-74C1,1,0,0,0,399,0
20261001-225245,early,,53.193,Player-1B8E,1,0,0,0,937,0
20261001-225245,early,,53.193,Player-89AD,1,0,0,0,452,0
20261001-225245,early,,53.193,Player-DE24,1,0,1,0,325,0
20261001-225245,early,,53.193,Player-8FDE,1,0,0,0,441,0
20261001-225245,early,,53.193,Player-F494,1,1,1,0,405,0
20261001-225245,early,,53.193,Player-BCA0,1,0,0,0,471,0
20261001-225245,early,,53.193,Player-1BA4,1,0,0,0,516,0
20261001-225245,early,,97.627,Player-DDA6,1,0,0,0,492,0
20261001-225245,early,,97.627,Player-FBAD,1,0,1,0,186,0
20261001-225245,early,,97.627,Player-74C1,1,0,0,0,369,0
20261001-225245,early,,97.627,Player-1B8E,1,0,1,0,124,0
20261001-225245,early,,97.627,Player-89AD,1,0,0,0,322,0
20261001-225245,early,,97.627,Player-DE24,1,0,0,0,355,0
20261001-225245,early,,97.627,Player-8FDE,1,0,0,0,337,0
20261001-225245,early,,97.627,Player-F494,1,0,0,0,220,0
20261001-225245,early,,97.627,Player-BCA0,1,0,0,0,327,0
20261001-225245,early,,97.627,Player-1BA4,1,1,1,0,429,0
20261001-225245,early,,149.349,Player-DDA6,1,0,0,0,469,0
20261001-225245,early,,149.349,Player-FBAD,1,1,1,0,31,0
20261001-225245,early,,149.349,Player-74C1,1,0,0,0,400,0
20261001-225245,early,,149.349,Player-1B8E,1,0,1,0,133,0
20261001-225245,early,,149.349,Player-89AD,1,0,0,0,387,0
20261001-225245,early,,149.349,Player-DE24,1,0,0,0,421,0
20261001-225245,early,,149.349,Player-8FDE,1,0,0,0,334,0
20261001-225245,early,,149.349,Player-F494,1,0,1,0,115,0
20261001-225245,early,,149.349,Player-BCA0,1,0,0,0,517,0
20261001-225245,early,,149.349,Player-1BA4,1,0,0,0,282,0
20261001-225245,early,,203.953,Player-DDA6,1,0,0,0,698,0
20261001-225245,early,,203.953,Player-FBAD,1,1,1,0,225,0
20261001-225245,early,,203.953,Player-74C1,1,0,0,0,326,0
20261001-225245,early,,203.953,Player-1B8E,1,0,1,0,78,0
20261001-225245,early,,203.953,Player-89AD,1,0,0,0,390,0
20261001-225245,early,,203.953,Player-DE24,1,0,0,0,408,0
20261001-225245,early,,203.953,Player-8FDE,1,0,0,0,375,0
20261001-225245,early,,203.953,Player-F494,1,0,1,0,271,0
20261001-225245,early,,203.953,Player-BCA0,1,0,0,0,358,0
20261001-225245,early,,203.953,Player-1BA4,1,0,0,0,396,0
20261001-225245,early,,249.027,Player-DDA6,1,0,0,0,513,0
20261001-225245,early,,249.027,Player-FBAD,1,0,1,0,172,0
20261001-225245,early,,249.027,Player-74C1,1,0,0,0,545,0
20261001-225245,early,,249.027,Player-1B8E,1,1,1,0,82,0
20261001-225245,early,,249.027,Player-89AD,1,0,0,0,294,0
20261001-225245,early,,249.027,Player-DE24,1,0,0,0,307,0
20261001-225245,early,,249.027,Player-8FDE,1,0,0,0,450,0
20261001-225245,early,,249.027,Player-F494,1,0,1,0,154,0
20261001-225245,early,,249.027,Player-BCA0,1,0,0,0,430,0
20261001-225245,early,,249.027,Player-1BA4,1,0,0,0,351,0
20261001-225245,early,,300.185,Player-DDA6,1,0,0,0,384,0
20261001-225245,early,,300.185,Player-FBAD,1,0,1,0,66,0
20261001-225245,early,,300.185,Player-74C1,1,0,0,0,321,0
20261001-225245,early,,300.185,Player-1B8E,1,0,1,0,32,0
20261001-225245,early,,300.185,Player-89AD,1,0,0,0,323,0
20261001-225245,early,,300.185,Player-DE24,1,0,0,0,264,0
20261001-225245,early,,300.185,Player-8FDE,1,0,0,0,296,0
20261001-225245,early,,300.185,Player-F494,1,0,1,0,27,0
20261001-225245,early,,300.185,Player-BCA0,1,0,0,0,349,0
20261001-225245,early,,300.185,Player-1BA4,1,0,0,0,414,0
20261001-225245,early,,346.937,Player-DDA6,0,0,0,0,374,0
20261001-225245,early,,346.937,Player-FBAD,1,0,0,0,262,0
20261001-225245,early,,346.937,Player-74C1,1,0,0,0,273,0
20261001-225245,early,,346.937,Player-1B8E,1,0,0,0,133,0
20261001-225245,early,,346.937,Player-89AD,1,0,0,0,241,0
20261001-225245,early,,346.937,Player-DE24,1,0,1,0,237,0
20261001-225245,early,,346.937,Player-8FDE,1,1,1,0,240,0
20261001-225245,early,,346.937,Player-F494,1,0,0,0,240,0
20261001-225245,early,,346.937,Player-BCA0,1,0,0,0,321,0
20261001-225245,early,,346.937,Player-1BA4,1,0,1,0,175,0
014037-fixed_dpsreport,early,,2.476,Player-D34A,1,0,0,0,4539,0
014037-fixed_dpsreport,early,,2.476,Account-C912,1,0,0,0,4478,0
014037-fixed_dpsreport,early,,2.476,Player-B5C2,1,0,0,0,4478,0
014037-fixed_dpsreport,early,,2.476,Player-184B,1,0,0,0,4562,0
014037-fixed_dpsreport,early,,2.476,Player-0BF9,1,1,1,0,379,0
014037-fixed_dpsreport,early,,2.476,Player-0D70,1,0,0,0,4525,0
014037-fixed_dpsreport,early,,2.476,Player-903A,1,0,0,0,4496,0
014037-fixed_dpsreport,early,,2.476,Player-EACF,1,0,0,0,4523,0
014037-fixed_dpsreport,early,,2.476,Player-9884,1,0,0,0,4532,0
014037-fixed_dpsreport,early,,2.476,Player-FA74,1,0,0,0,4479,0
014037-fixed_dpsreport,early,,50.19,Player-D34A,1,0,0,0,340,0
014037-fixed_dpsreport,early,,50.19,Account-C912,1,0,1,0,284,0
014037-fixed_dpsreport,early,,50.19,Player-B5C2,1,0,0,0,1478,0
014037-fixed_dpsreport,early,,50.19,Player-184B,1,0,1,0,306,0
014037-fixed_dpsreport,early,,50.19,Player-0BF9,1,1,1,0,454,0
014037-fixed_dpsreport,early,,50.19,Player-0D70,1,0,0,0,338,0
014037-fixed_dpsreport,early,,50.19,Player-903A,1,0,0,0,361,0
014037-fixed_dpsreport,early,,50.19,Player-EACF,1,0,0,0,326,0
014037-fixed_dpsreport,early,,50.19,Player-9884,1,0,0,0,363,0
014037-fixed_dpsreport,early,,50.19,Player-FA74,1,0,0,0,1188,0
014037-fixed_dpsreport,early,,94.636,Player-D34A,1,0,1,0,246,0
014037-fixed_dpsreport,early,,94.636,Account-C912,1,1,1,0,208,0
014037-fixed_dpsreport,early,,94.636,Player-B5C2,1,0,0,0,379,0
014037-fixed_dpsreport,early,,94.636,Player-184B,1,0,0,0,304,0
014037-fixed_dpsreport,early,,94.636,Player-0BF9,1,0,0,0,451,0
014037-fixed_dpsreport,early,,94.636,Player-0D70,1,0,0,0,221,0
014037-fixed_dpsreport,early,,94.636,Player-903A,1,0,0,0,246,0
014037-fixed_dpsreport,early,,94.636,Player-EACF,1,0,1,0,104,0
014037-fixed_dpsreport,early,,94.636,Player-9884,1,0,0,0,249,0
014037-fixed_dpsreport,early,,94.636,Player-FA74,1,0,0,0,295,0
014037-fixed_dpsreport,early,,146.432,Player-D34A,1,0,0,0,354,0
014037-fixed_dpsreport,early,,146.432,Account-C912,1,1,1,0,174,0
014037-fixed_dpsreport,early,,146.432,Player-B5C2,1,0,0,0,444,0
014037-fixed_dpsreport,early,,146.432,Player-184B,1,0,0,0,458,0
014037-fixed_dpsreport,early,,146.432,Player-0BF9,1,0,0,0,603,0
014037-fixed_dpsreport,early,,146.432,Player-0D70,1,0,1,0,237,0
014037-fixed_dpsreport,early,,146.432,Player-903A,1,0,0,0,329,0
014037-fixed_dpsreport,early,,146.432,Player-EACF,1,0,1,0,157,0
014037-fixed_dpsreport,early,,146.432,Player-9884,1,0,0,0,347,0
014037-fixed_dpsreport,early,,146.432,Player-FA74,1,0,0,0,342,0
014037-fixed_dpsreport,early,,192.912,Player-D34A,1,0,0,0,318,0
014037-fixed_dpsreport,early,,192.912,Account-C912,1,1,1,0,88,0
014037-fixed_dpsreport,early,,192.912,Player-B5C2,1,0,0,0,398,0
014037-fixed_dpsreport,early,,192.912,Player-184B,1,0,0,0,407,0
014037-fixed_dpsreport,early,,192.912,Player-0BF9,1,0,0,0,358,0
014037-fixed_dpsreport,early,,192.912,Player-0D70,1,0,1,0,322,0
014037-fixed_dpsreport,early,,192.912,Player-903A,1,0,0,0,396,0
014037-fixed_dpsreport,early,,192.912,Player-EACF,1,0,1,0,126,0
014037-fixed_dpsreport,early,,192.912,Player-9884,1,0,0,0,427,0
014037-fixed_dpsreport,early,,192.912,Player-FA74,1,0,0,0,336,0
014037-fixed_dpsreport,early,,244.108,Player-D34A,1,0,0,0,315,0
014037-fixed_dpsreport,early,,244.108,Account-C912,1,0,1,0,31,0
014037-fixed_dpsreport,early,,244.108,Player-B5C2,1,1,1,0,339,0
014037-fixed_dpsreport,early,,244.108,Player-184B,1,0,0,0,269,0
014037-fixed_dpsreport,early,,244.108,Player-0BF9,1,0,0,0,271,0
014037-fixed_dpsreport,early,,244.108,Player-0D70,1,0,0,0,272,0
014037-fixed_dpsreport,early,,244.108,Player-903A,1,0,0,0,394,0
014037-fixed_dpsreport,early,,244.108,Player-EACF,1,0,1,0,57,0
014037-fixed_dpsreport,early,,244.108,Player-9884,1,0,0,0,306,0
014037-fixed_dpsreport,early,,244.108,Player-FA74,1,0,0,0,359,0
014037-fixed_dpsreport,early,,288.84,Player-D34A,1,0,0,0,331,0
014037-fixed_dpsreport,early,,288.84,Account-C912,1,0,1,0,92,0
014037-fixed_dpsreport,early,,288.84,Player-B5C2,1,1,1,0,336,0
014037-fixed_dpsreport,early,,288.84,Player-184B,1,0,0,0,575,0
014037-fixed_dpsreport,early,,288.84,Player-0BF9,1,0,0,0,320,0
014037-fixed_dpsreport,early,,288.84,Player-0D70,1,0,0,0,284,0
014037-fixed_dpsreport,early,,288.84,Player-903A,1,0,0,0,478,0
014037-fixed_dpsreport,early,,288.84,Player-EACF,1,0,1,0,115,0
014037-fixed_dpsreport,early,,288.84,Player-9884,1,0,0,0,408,0
014037-fixed_dpsreport,early,,288.84,Player-FA74,1,0,0,0,264,0
014037-fixed_dpsreport,early,,335.868,Player-D34A,1,1,1,0,352,0
014037-fixed_dpsreport,early,,335.868,Account-C912,1,0,0,0,385,0
014037-fixed_dpsreport,early,,335.868,Player-B5C2,1,0,0,0,299,0
014037-fixed_dpsreport,early,,335.868,Player-184B,1,0,0,0,220,0
014037-fixed_dpsreport,early,,335.868,Player-0BF9,1,0,0,0,263,0
014037-fixed_dpsreport,early,,335.868,Player-0D70,1,0,0,0,292,0
014037-fixed_dpsreport,early,,335.868,Player-903A,1,0,0,0,500,0
014037-fixed_dpsreport,early,,335.868,Player-EACF,1,0,1,0,188,0
014037-fixed_dpsreport,early,,335.868,Player-9884,1,0,0,0,327,0
014037-fixed_dpsreport,early,,335.868,Player-FA74,1,0,1,0,109,0
014037-fixed_dpsreport,early,,383.844,Player-D34A,1,0,0,0,745,0
014037-fixed_dpsreport,early,,383.844,Account-C912,1,0,1,0,52,0
014037-fixed_dpsreport,early,,383.844,Player-B5C2,1,0,0,0,578,0
014037-fixed_dpsreport,early,,383.844,Player-184B,1,0,0,0,702,0
014037-fixed_dpsreport,early,,383.844,Player-0BF9,1,1,1,0,543,0
014037-fixed_dpsreport,early,,383.844,Player-0D70,1,0,0,0,124,0
014037-fixed_dpsreport,early,,383.844,Player-903A,1,0,0,0,583,0
014037-fixed_dpsreport,early,,383.844,Player-EACF,1,0,0,0,315,0
014037-fixed_dpsreport,early,,383.844,Player-9884,1,0,0,0,298,0
014037-fixed_dpsreport,early,,383.844,Player-FA74,1,0,1,0,84,0
014037-fixed_dpsreport,early,,428.84,Player-D34A,1,0,0,0,288,0
014037-fixed_dpsreport,early,,428.84,Account-C912,1,0,1,0,55,0
014037-fixed_dpsreport,early,,428.84,Player-B5C2,1,0,0,0,505,0
014037-fixed_dpsreport,early,,428.84,Player-184B,1,0,0,0,775,0
014037-fixed_dpsreport,early,,428.84,Player-0BF9,1,1,1,0,476,0
014037-fixed_dpsreport,early,,428.84,Player-0D70,1,0,0,0,315,0
014037-fixed_dpsreport,early,,428.84,Player-903A,1,0,0,0,288,0
014037-fixed_dpsreport,early,,428.84,Player-EACF,1,0,1,0,222,0
014037-fixed_dpsreport,early,,428.84,Player-9884,1,0,0,0,172,0
014037-fixed_dpsreport,early,,428.84,Player-FA74,1,0,0,0,489,0
014037-fixed_dpsreport,last,3,469.994,Player-D34A,1,1,1,0,406,0
014037-fixed_dpsreport,last,3,469.994,Account-C912,1,0,0,0,586,0
014037-fixed_dpsreport,last,3,469.994,Player-B5C2,1,0,1,0,249,0
014037-fixed_dpsreport,last,3,469.994,Player-184B,1,0,0,0,255,0
014037-fixed_dpsreport,last,3,469.994,Player-0BF9,1,0,0,0,335,0
014037-fixed_dpsreport,last,3,469.994,Player-0D70,1,0,0,0,573,0
014037-fixed_dpsreport,last,3,469.994,Player-903A,1,0,0,0,477,0
014037-fixed_dpsreport,last,3,469.994,Player-EACF,1,0,1,0,144,0
014037-fixed_dpsreport,last,3,469.994,Player-9884,1,0,0,0,621,0
014037-fixed_dpsreport,last,3,469.994,Player-FA74,1,0,0,0,635,0
014037-fixed_dpsreport,last,33,499.994,Player-D34A,1,1,1,0,333,0
014037-fixed_dpsreport,last,33,499.994,Account-C912,1,0,1,0,250,0
014037-fixed_dpsreport,last,33,499.994,Player-B5C2,1,0,0,0,352,0
014037-fixed_dpsreport,last,33,499.994,Player-184B,1,0,0,0,438,0
014037-fixed_dpsreport,last,33,499.994,Player-0BF9,1,0,0,0,423,0
014037-fixed_dpsreport,last,33,499.994,Player-0D70,1,0,0,0,466,0
014037-fixed_dpsreport,last,33,499.994,Player-903A,1,0,0,0,367,0
014037-fixed_dpsreport,last,33,499.994,Player-EACF,1,0,0,0,245,0
014037-fixed_dpsreport,last,33,499.994,Player-9884,1,0,0,0,394,0
014037-fixed_dpsreport,last,33,499.994,Player-FA74,1,0,1,0,344,0
014037-fixed_dpsreport,last,63,529.994,Player-D34A,1,0,0,1,556,0
014037-fixed_dpsreport,last,63,529.994,Account-C912,1,0,1,0,362,0
014037-fixed_dpsreport,last,63,529.994,Player-B5C2,1,1,1,1,501,0
014037-fixed_dpsreport,last,63,529.994,Player-184B,1,0,0,0,559,0
014037-fixed_dpsreport,last,63,529.994,Player-0BF9,1,0,0,1,536,0
014037-fixed_dpsreport,last,63,529.994,Player-0D70,1,0,0,0,609,0
014037-fixed_dpsreport,last,63,529.994,Player-903A,1,0,0,0,576,0
014037-fixed_dpsreport,last,63,529.994,Player-EACF,1,0,0,0,468,0
014037-fixed_dpsreport,last,63,529.994,Player-9884,1,0,1,0,478,0
014037-fixed_dpsreport,last,63,529.994,Player-FA74,1,0,0,0,326,0
050224_dpsreport,early,,3.029,Player-BCF1,1,0,0,0,4059,0
050224_dpsreport,early,,3.029,Player-8F01,1,0,0,0,3953,0
050224_dpsreport,early,,3.029,Player-4A11,1,0,0,0,4055,0
050224_dpsreport,early,,3.029,Player-3896,1,0,0,0,4117,0
050224_dpsreport,early,,3.029,Player-A92E,1,0,0,0,2913,0
050224_dpsreport,early,,3.029,Player-4041,1,1,1,0,4,0
050224_dpsreport,early,,3.029,Player-E9DE,1,0,0,0,2924,0
050224_dpsreport,early,,3.029,Player-F21E,1,0,0,0,4108,0
050224_dpsreport,early,,3.029,Player-7726,1,0,0,0,4083,0
050224_dpsreport,early,,3.029,Player-91C1,1,0,0,0,4093,0
050224_dpsreport,early,,50.793,Player-BCF1,1,0,0,0,415,0
050224_dpsreport,early,,50.793,Player-8F01,1,0,0,0,340,0
050224_dpsreport,early,,50.793,Player-4A11,1,0,0,0,417,0
050224_dpsreport,early,,50.793,Player-3896,1,0,0,0,430,0
050224_dpsreport,early,,50.793,Player-A92E,1,0,1,0,307,0
050224_dpsreport,early,,50.793,Player-4041,1,1,1,0,338,0
050224_dpsreport,early,,50.793,Player-E9DE,1,0,0,0,362,0
050224_dpsreport,early,,50.793,Player-F21E,1,0,1,0,266,0
050224_dpsreport,early,,50.793,Player-7726,1,0,0,0,495,0
050224_dpsreport,early,,50.793,Player-91C1,1,0,0,0,439,0
050224_dpsreport,early,,95.635,Player-BCF1,1,0,0,0,257,0
050224_dpsreport,early,,95.635,Player-8F01,1,0,0,0,341,0
050224_dpsreport,early,,95.635,Player-4A11,1,0,1,0,160,0
050224_dpsreport,early,,95.635,Player-3896,1,0,0,0,268,0
050224_dpsreport,early,,95.635,Player-A92E,1,0,1,0,159,0
050224_dpsreport,early,,95.635,Player-4041,1,0,0,0,283,0
050224_dpsreport,early,,95.635,Player-E9DE,1,0,0,0,197,0
050224_dpsreport,early,,95.635,Player-F21E,1,0,0,0,251,0
050224_dpsreport,early,,95.635,Player-7726,1,0,0,0,216,0
050224_dpsreport,early,,95.635,Player-91C1,1,1,1,0,358,0
050224_dpsreport,early,,148.549,Player-BCF1,1,0,0,0,296,0
050224_dpsreport,early,,148.549,Player-8F01,1,0,0,0,275,0
050224_dpsreport,early,,148.549,Player-4A11,1,1,1,0,200,0
050224_dpsreport,early,,148.549,Player-3896,1,0,0,0,336,0
050224_dpsreport,early,,148.549,Player-A92E,1,0,1,0,176,0
050224_dpsreport,early,,148.549,Player-4041,1,0,0,0,319,0
050224_dpsreport,early,,148.549,Player-E9DE,1,0,1,0,91,0
050224_dpsreport,early,,148.549,Player-F21E,1,0,0,0,313,0
050224_dpsreport,early,,148.549,Player-7726,1,0,0,0,284,0
050224_dpsreport,early,,148.549,Player-91C1,1,0,0,0,354,0
050224_dpsreport,early,,203.151,Player-BCF1,1,0,0,0,492,0
050224_dpsreport,early,,203.151,Player-8F01,1,0,0,0,485,0
050224_dpsreport,early,,203.151,Player-4A11,1,0,0,0,404,0
050224_dpsreport,early,,203.151,Player-3896,1,0,0,0,492,0
050224_dpsreport,early,,203.151,Player-A92E,1,0,1,0,254,0
050224_dpsreport,early,,203.151,Player-4041,1,0,1,0,364,0
050224_dpsreport,early,,203.151,Player-E9DE,1,0,0,0,409,0
050224_dpsreport,early,,203.151,Player-F21E,1,1,1,0,350,0
050224_dpsreport,early,,203.151,Player-7726,1,0,0,0,484,0
050224_dpsreport,early,,203.151,Player-91C1,1,0,0,0,776,0
050224_dpsreport,early,,290.425,Player-BCF1,1,0,0,0,305,0
050224_dpsreport,early,,290.425,Player-8F01,1,1,1,0,284,0
050224_dpsreport,early,,290.425,Player-4A11,1,0,0,0,272,0
050224_dpsreport,early,,290.425,Player-3896,1,0,0,0,341,0
050224_dpsreport,early,,290.425,Player-A92E,1,0,0,0,285,0
050224_dpsreport,early,,290.425,Player-4041,1,0,1,0,208,0
050224_dpsreport,early,,290.425,Player-E9DE,1,0,1,0,19,0
050224_dpsreport,early,,290.425,Player-F21E,1,0,0,0,366,0
050224_dpsreport,early,,290.425,Player-7726,1,0,0,0,326,0
050224_dpsreport,early,,290.425,Player-91C1,1,0,0,0,455,0
050224_dpsreport,early,,337.463,Player-BCF1,1,0,0,0,355,0
050224_dpsreport,early,,337.463,Player-8F01,1,1,1,0,440,0
050224_dpsreport,early,,337.463,Player-4A11,1,0,0,0,266,0
050224_dpsreport,early,,337.463,Player-3896,1,0,0,0,255,0
050224_dpsreport,early,,337.463,Player-A92E,1,0,1,0,177,0
050224_dpsreport,early,,337.463,Player-4041,1,0,0,0,285,0
050224_dpsreport,early,,337.463,Player-E9DE,1,0,1,0,123,0
050224_dpsreport,early,,337.463,Player-F21E,1,0,0,0,291,0
050224_dpsreport,early,,337.463,Player-7726,1,0,0,0,321,0
050224_dpsreport,early,,337.463,Player-91C1,1,0,0,0,236,0
050224_dpsreport,early,,385.463,Player-BCF1,1,0,0,0,1101,0
050224_dpsreport,early,,385.463,Player-8F01,1,1,1,0,1065,0
050224_dpsreport,early,,385.463,Player-4A11,1,0,0,0,1156,0
050224_dpsreport,early,,385.463,Player-3896,1,0,0,0,1047,0
050224_dpsreport,early,,385.463,Player-A92E,1,0,1,0,762,0
050224_dpsreport,early,,385.463,Player-4041,1,0,0,0,1064,0
050224_dpsreport,early,,385.463,Player-E9DE,1,0,1,0,745,0
050224_dpsreport,early,,385.463,Player-F21E,1,0,0,0,1074,0
050224_dpsreport,early,,385.463,Player-7726,1,0,0,0,1243,0
050224_dpsreport,early,,385.463,Player-91C1,1,0,0,0,1027,0
050224_dpsreport,early,,430.589,Player-BCF1,1,0,0,0,309,0
050224_dpsreport,early,,430.589,Player-8F01,1,0,0,0,344,0
050224_dpsreport,early,,430.589,Player-4A11,1,0,0,0,328,0
050224_dpsreport,early,,430.589,Player-3896,1,0,0,0,304,0
050224_dpsreport,early,,430.589,Player-A92E,1,0,1,0,149,0
050224_dpsreport,early,,430.589,Player-4041,1,0,0,0,301,0
050224_dpsreport,early,,430.589,Player-E9DE,1,0,1,0,161,0
050224_dpsreport,early,,430.589,Player-F21E,1,0,0,0,409,0
050224_dpsreport,early,,430.589,Player-7726,1,0,0,0,348,0
050224_dpsreport,early,,430.589,Player-91C1,1,1,1,0,169,0
050224_dpsreport,last,3,490.267,Player-BCF1,1,0,0,0,276,0
050224_dpsreport,last,3,490.267,Player-8F01,1,0,0,0,316,0
050224_dpsreport,last,3,490.267,Player-4A11,1,0,0,0,342,0
050224_dpsreport,last,3,490.267,Player-3896,1,0,0,0,412,0
050224_dpsreport,last,3,490.267,Player-A92E,1,1,1,0,248,0
050224_dpsreport,last,3,490.267,Player-4041,1,0,0,0,317,0
050224_dpsreport,last,3,490.267,Player-E9DE,1,0,1,0,81,0
050224_dpsreport,last,3,490.267,Player-F21E,1,0,0,0,322,0
050224_dpsreport,last,3,490.267,Player-7726,1,0,1,0,227,0
050224_dpsreport,last,3,490.267,Player-91C1,1,0,0,0,351,0
050224_dpsreport,last,33,520.267,Player-BCF1,1,0,0,0,335,0
050224_dpsreport,last,33,520.267,Player-8F01,1,0,1,0,297,0
050224_dpsreport,last,33,520.267,Player-4A11,1,0,0,0,663,0
050224_dpsreport,last,33,520.267,Player-3896,1,0,0,0,130,0
050224_dpsreport,last,33,520.267,Player-A92E,1,0,0,0,347,0
050224_dpsreport,last,33,520.267,Player-4041,1,0,0,0,710,0
050224_dpsreport,last,33,520.267,Player-E9DE,1,0,1,0,313,0
050224_dpsreport,last,33,520.267,Player-F21E,1,0,0,0,801,0
050224_dpsreport,last,33,520.267,Player-7726,1,0,0,0,417,0
050224_dpsreport,last,33,520.267,Player-91C1,1,0,0,0,565,0
050224_dpsreport,last,63,550.267,Player-BCF1,1,0,0,0,374,0
050224_dpsreport,last,63,550.267,Player-8F01,1,0,1,0,225,0
050224_dpsreport,last,63,550.267,Player-4A11,1,0,0,0,285,0
050224_dpsreport,last,63,550.267,Player-3896,1,1,1,1,319,0
050224_dpsreport,last,63,550.267,Player-A92E,1,0,0,0,389,0
050224_dpsreport,last,63,550.267,Player-4041,1,0,0,1,337,0
050224_dpsreport,last,63,550.267,Player-E9DE,1,0,0,1,345,0
050224_dpsreport,last,63,550.267,Player-F21E,1,0,0,0,362,0
050224_dpsreport,last,63,550.267,Player-7726,1,0,1,0,289,0
050224_dpsreport,last,63,550.267,Player-91C1,1,0,0,0,267,0
20261002-005256_dpsreport,early,,2.994,Player-D488,1,0,0,0,4478,0
20261002-005256_dpsreport,early,,2.994,Player-CF48,1,1,1,0,320,0
20261002-005256_dpsreport,early,,2.994,Player-D132,1,0,0,0,4547,0
20261002-005256_dpsreport,early,,2.994,Player-582B,1,0,0,0,4478,0
20261002-005256_dpsreport,early,,2.994,Player-247A,1,0,0,0,4,0
20261002-005256_dpsreport,early,,2.994,Player-6E8F,1,0,0,0,4526,0
20261002-005256_dpsreport,early,,2.994,Player-BC75,1,0,0,0,4576,0
20261002-005256_dpsreport,early,,2.994,Player-44A2,1,0,0,0,4574,0
20261002-005256_dpsreport,early,,2.994,Player-700E,1,0,0,0,4554,0
20261002-005256_dpsreport,early,,2.994,Player-55E0,1,0,0,0,4649,0
20261002-005256_dpsreport,early,,50.598,Player-D488,1,0,0,0,554,0
20261002-005256_dpsreport,early,,50.598,Player-CF48,1,1,1,0,516,0
20261002-005256_dpsreport,early,,50.598,Player-D132,1,0,0,0,393,0
20261002-005256_dpsreport,early,,50.598,Player-582B,1,0,0,0,527,0
20261002-005256_dpsreport,early,,50.598,Player-247A,1,0,1,0,326,0
20261002-005256_dpsreport,early,,50.598,Player-6E8F,1,0,1,0,364,0
20261002-005256_dpsreport,early,,50.598,Player-BC75,1,0,0,0,441,0
20261002-005256_dpsreport,early,,50.598,Player-44A2,1,0,0,0,527,0
20261002-005256_dpsreport,early,,50.598,Player-700E,1,0,0,0,396,0
20261002-005256_dpsreport,early,,50.598,Player-55E0,1,0,0,0,533,0
20261002-005256_dpsreport,early,,95.316,Player-D488,1,0,0,0,624,0
20261002-005256_dpsreport,early,,95.316,Player-CF48,1,0,0,0,394,0
20261002-005256_dpsreport,early,,95.316,Player-D132,1,0,0,0,401,0
20261002-005256_dpsreport,early,,95.316,Player-582B,1,0,0,0,537,0
20261002-005256_dpsreport,early,,95.316,Player-247A,1,0,1,0,224,0
20261002-005256_dpsreport,early,,95.316,Player-6E8F,1,0,1,0,370,0
20261002-005256_dpsreport,early,,95.316,Player-BC75,1,1,1,0,507,0
20261002-005256_dpsreport,early,,95.316,Player-44A2,1,0,0,0,498,0
20261002-005256_dpsreport,early,,95.316,Player-700E,1,0,0,0,602,0
20261002-005256_dpsreport,early,,95.316,Player-55E0,1,0,0,0,534,0
20261002-005256_dpsreport,early,,140.374,Player-D488,1,0,0,0,494,0
20261002-005256_dpsreport,early,,140.374,Player-CF48,1,0,0,0,499,0
20261002-005256_dpsreport,early,,140.374,Player-D132,1,0,0,0,350,0
20261002-005256_dpsreport,early,,140.374,Player-582B,1,1,1,0,449,0
20261002-005256_dpsreport,early,,140.374,Player-247A,1,0,0,0,205,0
20261002-005256_dpsreport,early,,140.374,Player-6E8F,1,0,1,0,238,0
20261002-005256_dpsreport,early,,140.374,Player-BC75,1,0,0,0,448,0
20261002-005256_dpsreport,early,,140.374,Player-44A2,1,0,0,0,493,0
20261002-005256_dpsreport,early,,140.374,Player-700E,1,0,0,0,523,0
20261002-005256_dpsreport,early,,140.374,Player-55E0,1,0,1,0,305,0
20261002-005256_dpsreport,early,,195.37,Player-D488,1,0,0,0,700,0
20261002-005256_dpsreport,early,,195.37,Player-CF48,1,0,0,0,823,0
20261002-005256_dpsreport,early,,195.37,Player-D132,1,0,0,0,617,0
20261002-005256_dpsreport,early,,195.37,Player-582B,1,1,1,0,849,0
20261002-005256_dpsreport,early,,195.37,Player-247A,1,0,1,0,326,0
20261002-005256_dpsreport,early,,195.37,Player-6E8F,1,0,1,0,353,0
20261002-005256_dpsreport,early,,195.37,Player-BC75,1,0,0,0,503,0
20261002-005256_dpsreport,early,,195.37,Player-44A2,1,0,0,0,676,0
20261002-005256_dpsreport,early,,195.37,Player-700E,1,0,0,0,880,0
20261002-005256_dpsreport,early,,195.37,Player-55E0,1,0,0,0,725,0
20261002-005256_dpsreport,early,,256.084,Player-D488,1,0,0,0,462,0
20261002-005256_dpsreport,early,,256.084,Player-CF48,1,0,0,0,314,0
20261002-005256_dpsreport,early,,256.084,Player-D132,1,0,0,0,399,0
20261002-005256_dpsreport,early,,256.084,Player-582B,1,0,0,0,650,0
20261002-005256_dpsreport,early,,256.084,Player-247A,1,0,1,0,273,0
20261002-005256_dpsreport,early,,256.084,Player-6E8F,1,0,0,0,308,0
20261002-005256_dpsreport,early,,256.084,Player-BC75,1,0,0,0,373,0
20261002-005256_dpsreport,early,,256.084,Player-44A2,1,1,1,0,135,0
20261002-005256_dpsreport,early,,256.084,Player-700E,1,0,0,0,352,0
20261002-005256_dpsreport,early,,256.084,Player-55E0,1,0,1,0,180,0
20261002-005256_dpsreport,early,,304.608,Player-D488,1,0,0,0,507,0
20261002-005256_dpsreport,early,,304.608,Player-CF48,1,0,0,0,415,0
20261002-005256_dpsreport,early,,304.608,Player-D132,1,0,1,0,370,0
20261002-005256_dpsreport,early,,304.608,Player-582B,1,0,0,0,417,0
20261002-005256_dpsreport,early,,304.608,Player-247A,1,0,0,0,133,0
20261002-005256_dpsreport,early,,304.608,Player-6E8F,1,0,1,0,420,0
20261002-005256_dpsreport,early,,304.608,Player-BC75,1,0,0,0,419,0
20261002-005256_dpsreport,early,,304.608,Player-44A2,1,1,1,0,514,0
20261002-005256_dpsreport,early,,304.608,Player-700E,1,0,0,0,510,0
20261002-005256_dpsreport,early,,304.608,Player-55E0,1,0,0,0,403,0
20261002-005256_dpsreport,early,,352.252,Player-D488,1,0,0,0,580,0
20261002-005256_dpsreport,early,,352.252,Player-CF48,1,0,0,0,603,0
20261002-005256_dpsreport,early,,352.252,Player-D132,1,0,0,0,588,0
20261002-005256_dpsreport,early,,352.252,Player-582B,1,0,1,0,570,0
20261002-005256_dpsreport,early,,352.252,Player-247A,1,0,0,0,591,0
20261002-005256_dpsreport,early,,352.252,Player-6E8F,1,0,1,0,539,0
20261002-005256_dpsreport,early,,352.252,Player-BC75,1,0,0,0,584,0
20261002-005256_dpsreport,early,,352.252,Player-44A2,1,1,1,0,242,0
20261002-005256_dpsreport,early,,352.252,Player-700E,1,0,0,0,612,0
20261002-005256_dpsreport,early,,352.252,Player-55E0,1,0,0,0,623,0
20261002-005256_dpsreport,early,,398.934,Player-D488,1,0,0,0,870,0
20261002-005256_dpsreport,early,,398.934,Player-CF48,1,0,0,0,734,1
20261002-005256_dpsreport,early,,398.934,Player-D132,1,0,0,0,903,0
20261002-005256_dpsreport,early,,398.934,Player-582B,1,0,0,0,797,0
20261002-005256_dpsreport,early,,398.934,Player-247A,1,0,1,0,674,0
20261002-005256_dpsreport,early,,398.934,Player-6E8F,1,0,0,0,859,0
20261002-005256_dpsreport,early,,398.934,Player-BC75,1,0,0,0,872,0
20261002-005256_dpsreport,early,,398.934,Player-44A2,1,1,1,0,941,0
20261002-005256_dpsreport,early,,398.934,Player-700E,1,0,0,0,729,0
20261002-005256_dpsreport,early,,398.934,Player-55E0,1,0,1,0,674,0
20261002-005256_dpsreport,early,,443.454,Player-D488,1,0,0,0,765,0
20261002-005256_dpsreport,early,,443.454,Player-CF48,1,0,0,0,363,0
20261002-005256_dpsreport,early,,443.454,Player-D132,1,0,0,0,471,0
20261002-005256_dpsreport,early,,443.454,Player-582B,1,0,0,0,368,0
20261002-005256_dpsreport,early,,443.454,Player-247A,1,0,1,0,166,0
20261002-005256_dpsreport,early,,443.454,Player-6E8F,1,0,1,0,221,0
20261002-005256_dpsreport,early,,443.454,Player-BC75,1,0,0,0,406,0
20261002-005256_dpsreport,early,,443.454,Player-44A2,1,1,1,0,519,0
20261002-005256_dpsreport,early,,443.454,Player-700E,1,0,0,0,466,0
20261002-005256_dpsreport,early,,443.454,Player-55E0,1,0,0,0,523,0
20261002-005256_dpsreport,early,,490.866,Player-D488,1,0,0,0,1122,0
20261002-005256_dpsreport,early,,490.866,Player-CF48,1,0,0,0,1013,0
20261002-005256_dpsreport,early,,490.866,Player-D132,1,0,0,0,1048,0
20261002-005256_dpsreport,early,,490.866,Player-582B,1,0,1,0,763,0
20261002-005256_dpsreport,early,,490.866,Player-247A,1,0,1,0,879,0
20261002-005256_dpsreport,early,,490.866,Player-6E8F,1,0,0,0,1060,0
20261002-005256_dpsreport,early,,490.866,Player-BC75,1,0,0,0,1128,0
20261002-005256_dpsreport,early,,490.866,Player-44A2,1,1,1,0,721,0
20261002-005256_dpsreport,early,,490.866,Player-700E,1,0,0,0,1099,0
20261002-005256_dpsreport,early,,490.866,Player-55E0,1,0,0,0,1165,0
20261002-005256_dpsreport,last,3,532.104,Player-D488,1,0,0,0,379,0
20261002-005256_dpsreport,last,3,532.104,Player-CF48,1,0,0,0,478,0
20261002-005256_dpsreport,last,3,532.104,Player-D132,1,0,0,0,495,0
20261002-005256_dpsreport,last,3,532.104,Player-582B,1,0,0,0,447,0
20261002-005256_dpsreport,last,3,532.104,Player-247A,1,0,1,0,195,0
20261002-005256_dpsreport,last,3,532.104,Player-6E8F,1,0,0,0,287,0
20261002-005256_dpsreport,last,3,532.104,Player-BC75,1,1,1,0,401,0
20261002-005256_dpsreport,last,3,532.104,Player-44A2,1,0,1,0,235,0
20261002-005256_dpsreport,last,3,532.104,Player-700E,1,0,0,0,400,0
20261002-005256_dpsreport,last,3,532.104,Player-55E0,1,0,0,0,509,0
20261002-005256_dpsreport,last,33,562.104,Player-D488,1,0,0,0,819,0
20261002-005256_dpsreport,last,33,562.104,Player-CF48,1,0,0,0,681,0
20261002-005256_dpsreport,last,33,562.104,Player-D132,1,0,1,0,606,0
20261002-005256_dpsreport,last,33,562.104,Player-582B,1,0,0,0,741,0
20261002-005256_dpsreport,last,33,562.104,Player-247A,1,0,1,0,478,0
20261002-005256_dpsreport,last,33,562.104,Player-6E8F,1,0,0,0,565,0
20261002-005256_dpsreport,last,33,562.104,Player-BC75,1,1,1,0,837,0
20261002-005256_dpsreport,last,33,562.104,Player-44A2,1,0,0,0,723,0
20261002-005256_dpsreport,last,33,562.104,Player-700E,1,0,0,0,765,0
20261002-005256_dpsreport,last,33,562.104,Player-55E0,1,0,0,0,748,0
20261002-005256_dpsreport,last,63,592.104,Player-D488,1,0,0,0,813,0
20261002-005256_dpsreport,last,63,592.104,Player-CF48,1,0,1,0,697,0
20261002-005256_dpsreport,last,63,592.104,Player-D132,1,0,0,1,635,0
20261002-005256_dpsreport,last,63,592.104,Player-582B,1,0,0,1,375,0
20261002-005256_dpsreport,last,63,592.104,Player-247A,1,0,0,0,494,0
20261002-005256_dpsreport,last,63,592.104,Player-6E8F,1,0,0,0,702,0
20261002-005256_dpsreport,last,63,592.104,Player-BC75,1,0,0,0,784,0
20261002-005256_dpsreport,last,63,592.104,Player-44A2,1,0,0,1,431,0
20261002-005256_dpsreport,last,63,592.104,Player-700E,1,0,0,0,953,0
20261002-005256_dpsreport,last,63,592.104,Player-55E0,0,0,0,0,638,0
20261002-010435_dpsreport,early,,2.568,Player-D488,1,0,0,0,4478,0
20261002-010435_dpsreport,early,,2.568,Player-CF48,1,1,1,0,323,0
20261002-010435_dpsreport,early,,2.568,Player-D132,1,0,0,0,4458,0
20261002-010435_dpsreport,early,,2.568,Player-582B,1,0,0,0,4479,0
20261002-010435_dpsreport,early,,2.568,Player-247A,1,0,0,0,4518,0
20261002-010435_dpsreport,early,,2.568,Player-6E8F,1,0,0,0,4519,0
20261002-010435_dpsreport,early,,2.568,Player-BC75,1,0,0,0,4554,0
20261002-010435_dpsreport,early,,2.568,Player-44A2,1,0,0,0,4504,0
20261002-010435_dpsreport,early,,2.568,Player-700E,1,0,0,0,4440,0
20261002-010435_dpsreport,early,,2.568,Player-55E0,1,0,0,0,4562,0
20261002-010435_dpsreport,early,,49.844,Player-D488,1,0,0,0,515,0
20261002-010435_dpsreport,early,,49.844,Player-CF48,1,1,1,0,540,0
20261002-010435_dpsreport,early,,49.844,Player-D132,1,0,0,0,408,0
20261002-010435_dpsreport,early,,49.844,Player-582B,1,0,0,0,465,0
20261002-010435_dpsreport,early,,49.844,Player-247A,1,0,1,0,348,0
20261002-010435_dpsreport,early,,49.844,Player-6E8F,1,0,1,0,342,0
20261002-010435_dpsreport,early,,49.844,Player-BC75,1,0,0,0,535,0
20261002-010435_dpsreport,early,,49.844,Player-44A2,1,0,0,0,517,0
20261002-010435_dpsreport,early,,49.844,Player-700E,1,0,0,0,505,0
20261002-010435_dpsreport,early,,49.844,Player-55E0,1,0,0,0,1253,0
20261002-010435_dpsreport,early,,94.564,Player-D488,1,1,1,0,308,0
20261002-010435_dpsreport,early,,94.564,Player-CF48,1,0,0,0,392,0
20261002-010435_dpsreport,early,,94.564,Player-D132,1,0,0,0,237,0
20261002-010435_dpsreport,early,,94.564,Player-582B,1,0,0,0,356,0
20261002-010435_dpsreport,early,,94.564,Player-247A,1,0,1,0,165,0
20261002-010435_dpsreport,early,,94.564,Player-6E8F,1,0,1,0,167,0
20261002-010435_dpsreport,early,,94.564,Player-BC75,1,0,0,0,326,0
20261002-010435_dpsreport,early,,94.564,Player-44A2,1,0,0,0,459,0
20261002-010435_dpsreport,early,,94.564,Player-700E,1,0,0,0,500,0
20261002-010435_dpsreport,early,,94.564,Player-55E0,1,0,0,0,428,0
20261002-010435_dpsreport,early,,145.644,Player-D488,1,0,0,0,520,0
20261002-010435_dpsreport,early,,145.644,Player-CF48,1,0,0,0,439,0
20261002-010435_dpsreport,early,,145.644,Player-D132,1,0,0,0,329,0
20261002-010435_dpsreport,early,,145.644,Player-582B,1,0,0,0,365,0
20261002-010435_dpsreport,early,,145.644,Player-247A,1,0,1,0,160,0
20261002-010435_dpsreport,early,,145.644,Player-6E8F,1,0,1,0,245,0
20261002-010435_dpsreport,early,,145.644,Player-BC75,1,0,0,0,390,0
20261002-010435_dpsreport,early,,145.644,Player-44A2,1,0,0,0,467,0
20261002-010435_dpsreport,early,,145.644,Player-700E,1,1,1,0,417,0
20261002-010435_dpsreport,early,,145.644,Player-55E0,1,0,0,0,423,0
20261002-010435_dpsreport,early,,200.332,Player-D488,1,0,0,0,847,0
20261002-010435_dpsreport,early,,200.332,Player-CF48,1,0,0,0,767,0
20261002-010435_dpsreport,early,,200.332,Player-D132,1,0,0,0,598,0
20261002-010435_dpsreport,early,,200.332,Player-582B,1,0,0,0,618,0
20261002-010435_dpsreport,early,,200.332,Player-247A,1,0,1,0,362,0
20261002-010435_dpsreport,early,,200.332,Player-6E8F,1,0,1,0,404,0
20261002-010435_dpsreport,early,,200.332,Player-BC75,1,0,0,0,488,0
20261002-010435_dpsreport,early,,200.332,Player-44A2,1,0,0,0,631,0
20261002-010435_dpsreport,early,,200.332,Player-700E,1,1,1,0,876,0
20261002-010435_dpsreport,early,,200.332,Player-55E0,1,0,0,0,841,0
20261002-010435_dpsreport,early,,246.366,Player-D488,1,0,0,0,890,0
20261002-010435_dpsreport,early,,246.366,Player-CF48,1,0,0,0,852,0
20261002-010435_dpsreport,early,,246.366,Player-D132,1,0,1,0,578,0
20261002-010435_dpsreport,early,,246.366,Player-582B,1,0,0,0,642,0
20261002-010435_dpsreport,early,,246.366,Player-247A,1,0,1,0,398,0
20261002-010435_dpsreport,early,,246.366,Player-6E8F,1,0,1,0,351,0
20261002-010435_dpsreport,early,,246.366,Player-BC75,1,0,0,0,720,0
20261002-010435_dpsreport,early,,246.366,Player-44A2,1,0,0,0,985,0
20261002-010435_dpsreport,early,,246.366,Player-700E,1,0,0,0,852,0
20261002-010435_dpsreport,early,,246.366,Player-55E0,1,0,0,0,884,0
20261002-010435_dpsreport,early,,298.02,Player-D488,1,1,1,0,622,0
20261002-010435_dpsreport,early,,298.02,Player-CF48,1,0,0,0,357,0
20261002-010435_dpsreport,early,,298.02,Player-D132,1,0,0,0,406,0
20261002-010435_dpsreport,early,,298.02,Player-582B,1,0,0,0,411,0
20261002-010435_dpsreport,early,,298.02,Player-247A,1,0,1,0,206,0
20261002-010435_dpsreport,early,,298.02,Player-6E8F,1,0,1,0,228,0
20261002-010435_dpsreport,early,,298.02,Player-BC75,1,0,0,0,429,0
20261002-010435_dpsreport,early,,298.02,Player-44A2,1,0,0,0,494,0
20261002-010435_dpsreport,early,,298.02,Player-700E,1,0,0,0,585,0
20261002-010435_dpsreport,early,,298.02,Player-55E0,1,0,0,0,610,0
20261002-010435_dpsreport,early,,345.568,Player-D488,1,0,1,0,390,0
20261002-010435_dpsreport,early,,345.568,Player-CF48,1,1,1,0,274,0
20261002-010435_dpsreport,early,,345.568,Player-D132,1,0,0,0,518,0
20261002-010435_dpsreport,early,,345.568,Player-582B,1,0,0,0,497,0
20261002-010435_dpsreport,early,,345.568,Player-247A,1,0,1,0,181,0
20261002-010435_dpsreport,early,,345.568,Player-6E8F,1,0,0,0,479,0
20261002-010435_dpsreport,early,,345.568,Player-BC75,1,0,0,0,519,0
20261002-010435_dpsreport,early,,345.568,Player-44A2,1,0,0,0,645,0
20261002-010435_dpsreport,early,,345.568,Player-700E,1,0,0,0,590,0
20261002-010435_dpsreport,early,,345.568,Player-55E0,1,0,0,0,571,0
20261002-010435_dpsreport,early,,394.296,Player-D488,1,0,0,0,828,0
20261002-010435_dpsreport,early,,394.296,Player-CF48,1,1,1,0,931,0
20261002-010435_dpsreport,early,,394.296,Player-D132,1,0,0,0,860,0
20261002-010435_dpsreport,early,,394.296,Player-582B,1,0,1,0,703,0
20261002-010435_dpsreport,early,,394.296,Player-247A,1,0,0,0,980,0
20261002-010435_dpsreport,early,,394.296,Player-6E8F,1,0,0,0,806,1
20261002-010435_dpsreport,early,,394.296,Player-BC75,1,0,0,0,761,0
20261002-010435_dpsreport,early,,394.296,Player-44A2,1,0,0,0,865,0
20261002-010435_dpsreport,early,,394.296,Player-700E,1,0,0,0,713,0
20261002-010435_dpsreport,early,,394.296,Player-55E0,1,0,1,0,497,0
20261002-010435_dpsreport,early,,438.902,Player-D488,1,0,0,0,720,0
20261002-010435_dpsreport,early,,438.902,Player-CF48,1,0,0,0,466,0
20261002-010435_dpsreport,early,,438.902,Player-D132,1,0,0,0,663,0
20261002-010435_dpsreport,early,,438.902,Player-582B,1,0,0,0,234,0
20261002-010435_dpsreport,early,,438.902,Player-247A,1,1,1,0,830,0
20261002-010435_dpsreport,early,,438.902,Player-6E8F,1,0,1,0,152,0
20261002-010435_dpsreport,early,,438.902,Player-BC75,1,0,1,0,198,0
20261002-010435_dpsreport,early,,438.902,Player-44A2,1,0,0,0,574,0
20261002-010435_dpsreport,early,,438.902,Player-700E,1,0,0,0,587,0
20261002-010435_dpsreport,early,,438.902,Player-55E0,1,0,0,0,513,0
20261002-010435_dpsreport,last,3,517.578,Player-D488,1,0,0,0,503,0
20261002-010435_dpsreport,last,3,517.578,Player-CF48,1,0,0,0,537,0
20261002-010435_dpsreport,last,3,517.578,Player-D132,1,0,1,0,426,0
20261002-010435_dpsreport,last,3,517.578,Player-582B,1,0,0,0,480,0
20261002-010435_dpsreport,last,3,517.578,Player-247A,1,0,0,0,233,0
20261002-010435_dpsreport,last,3,517.578,Player-6E8F,1,0,1,0,302,0
20261002-010435_dpsreport,last,3,517.578,Player-BC75,1,1,1,0,431,0
20261002-010435_dpsreport,last,3,517.578,Player-44A2,1,0,0,0,476,0
20261002-010435_dpsreport,last,3,517.578,Player-700E,1,0,0,0,613,0
20261002-010435_dpsreport,last,3,517.578,Player-55E0,1,0,0,0,600,0
20261002-010435_dpsreport,last,33,547.578,Player-D488,1,0,0,0,763,0
20261002-010435_dpsreport,last,33,547.578,Player-CF48,1,0,0,0,779,0
20261002-010435_dpsreport,last,33,547.578,Player-D132,1,0,0,0,825,0
20261002-010435_dpsreport,last,33,547.578,Player-582B,1,0,1,0,608,0
20261002-010435_dpsreport,last,33,547.578,Player-247A,1,0,1,0,448,0
20261002-010435_dpsreport,last,33,547.578,Player-6E8F,1,0,0,0,795,0
20261002-010435_dpsreport,last,33,547.578,Player-BC75,1,1,1,0,860,0
20261002-010435_dpsreport,last,33,547.578,Player-44A2,1,0,0,0,625,0
20261002-010435_dpsreport,last,33,547.578,Player-700E,1,0,0,0,804,0
20261002-010435_dpsreport,last,33,547.578,Player-55E0,1,0,0,0,931,0
20261002-010435_dpsreport,last,63,577.578,Player-D488,1,0,0,1,566,0
20261002-010435_dpsreport,last,63,577.578,Player-CF48,1,0,0,0,684,0
20261002-010435_dpsreport,last,63,577.578,Player-D132,1,0,1,0,635,0
20261002-010435_dpsreport,last,63,577.578,Player-582B,1,0,0,0,749,0
20261002-010435_dpsreport,last,63,577.578,Player-247A,1,0,0,1,317,0
20261002-010435_dpsreport,last,63,577.578,Player-6E8F,1,0,0,1,254,0
20261002-010435_dpsreport,last,63,577.578,Player-BC75,1,0,0,0,741,0
20261002-010435_dpsreport,last,63,577.578,Player-44A2,1,0,0,0,837,0
20261002-010435_dpsreport,last,63,577.578,Player-700E,1,0,0,0,832,0
20261002-010435_dpsreport,last,63,577.578,Player-55E0,1,0,0,0,625,0
220703_Account-E5E7_dpsreport,early,,2.958,Player-8018,1,0,0,0,4458,0
220703_Account-E5E7_dpsreport,early,,2.958,Player-5EF6,1,0,0,0,4516,0
220703_Account-E5E7_dpsreport,early,,2.958,Player-9A48,1,0,0,0,4482,0
220703_Account-E5E7_dpsreport,early,,2.958,Player-E1C8,1,0,0,0,4444,0
220703_Account-E5E7_dpsreport,early,,2.958,Player-3CAD,1,0,0,0,4486,0
220703_Account-E5E7_dpsreport,early,,2.958,Player-3088,1,1,1,0,180,0
220703_Account-E5E7_dpsreport,early,,2.958,Player-85C1,1,0,0,0,4437,0
220703_Account-E5E7_dpsreport,early,,2.958,Player-A0E8,1,0,0,0,4487,0
220703_Account-E5E7_dpsreport,early,,2.958,Player-C5C2,1,0,0,0,4482,0
220703_Account-E5E7_dpsreport,early,,2.958,Player-01F3,1,0,0,0,4,0
220703_Account-E5E7_dpsreport,early,,50.376,Player-8018,1,0,0,0,375,0
220703_Account-E5E7_dpsreport,early,,50.376,Player-5EF6,1,0,0,0,452,0
220703_Account-E5E7_dpsreport,early,,50.376,Player-9A48,1,0,0,0,541,0
220703_Account-E5E7_dpsreport,early,,50.376,Player-E1C8,1,0,0,0,393,0
220703_Account-E5E7_dpsreport,early,,50.376,Player-3CAD,1,0,1,0,160,0
220703_Account-E5E7_dpsreport,early,,50.376,Player-3088,1,1,1,0,417,0
220703_Account-E5E7_dpsreport,early,,50.376,Player-85C1,1,0,0,0,430,0
220703_Account-E5E7_dpsreport,early,,50.376,Player-A0E8,1,0,0,0,515,0
220703_Account-E5E7_dpsreport,early,,50.376,Player-C5C2,1,0,1,0,281,0
220703_Account-E5E7_dpsreport,early,,50.376,Player-01F3,1,0,0,0,437,0
220703_Account-E5E7_dpsreport,early,,94.918,Player-8018,1,0,0,0,615,0
220703_Account-E5E7_dpsreport,early,,94.918,Player-5EF6,1,0,0,0,460,0
220703_Account-E5E7_dpsreport,early,,94.918,Player-9A48,1,0,0,0,476,0
220703_Account-E5E7_dpsreport,early,,94.918,Player-E1C8,1,0,1,0,357,0
220703_Account-E5E7_dpsreport,early,,94.918,Player-3CAD,1,0,1,0,207,0
220703_Account-E5E7_dpsreport,early,,94.918,Player-3088,1,0,0,0,508,0
220703_Account-E5E7_dpsreport,early,,94.918,Player-85C1,1,0,0,0,535,0
220703_Account-E5E7_dpsreport,early,,94.918,Player-A0E8,1,0,0,0,523,0
220703_Account-E5E7_dpsreport,early,,94.918,Player-C5C2,1,0,0,0,341,0
220703_Account-E5E7_dpsreport,early,,94.918,Player-01F3,1,1,1,0,523,0
220703_Account-E5E7_dpsreport,early,,152.246,Player-8018,1,0,0,0,423,0
220703_Account-E5E7_dpsreport,early,,152.246,Player-5EF6,1,0,0,0,376,0
220703_Account-E5E7_dpsreport,early,,152.246,Player-9A48,1,0,0,0,335,0
220703_Account-E5E7_dpsreport,early,,152.246,Player-E1C8,1,0,1,0,249,0
220703_Account-E5E7_dpsreport,early,,152.246,Player-3CAD,1,1,1,0,132,0
220703_Account-E5E7_dpsreport,early,,152.246,Player-3088,1,0,0,0,375,0
220703_Account-E5E7_dpsreport,early,,152.246,Player-85C1,1,0,0,0,413,0
220703_Account-E5E7_dpsreport,early,,152.246,Player-A0E8,1,0,0,0,393,0
220703_Account-E5E7_dpsreport,early,,152.246,Player-C5C2,1,0,1,0,192,0
220703_Account-E5E7_dpsreport,early,,152.246,Player-01F3,1,0,0,0,292,0
220703_Account-E5E7_dpsreport,early,,207.402,Player-8018,1,0,0,0,793,0
220703_Account-E5E7_dpsreport,early,,207.402,Player-5EF6,1,0,0,0,633,0
220703_Account-E5E7_dpsreport,early,,207.402,Player-9A48,1,0,0,0,798,0
220703_Account-E5E7_dpsreport,early,,207.402,Player-E1C8,1,0,0,0,651,0
220703_Account-E5E7_dpsreport,early,,207.402,Player-3CAD,1,1,1,0,403,0
220703_Account-E5E7_dpsreport,early,,207.402,Player-3088,1,0,1,0,14,0
220703_Account-E5E7_dpsreport,early,,207.402,Player-85C1,1,0,0,0,750,0
220703_Account-E5E7_dpsreport,early,,207.402,Player-A0E8,1,0,0,0,640,0
220703_Account-E5E7_dpsreport,early,,207.402,Player-C5C2,1,0,1,0,427,0
220703_Account-E5E7_dpsreport,early,,207.402,Player-01F3,1,0,0,0,652,0
220703_Account-E5E7_dpsreport,early,,252.402,Player-8018,1,1,1,0,200,0
220703_Account-E5E7_dpsreport,early,,252.402,Player-5EF6,1,0,0,0,293,0
220703_Account-E5E7_dpsreport,early,,252.402,Player-9A48,1,0,1,0,188,0
220703_Account-E5E7_dpsreport,early,,252.402,Player-E1C8,1,0,1,0,204,0
220703_Account-E5E7_dpsreport,early,,252.402,Player-3CAD,1,0,0,0,262,0
220703_Account-E5E7_dpsreport,early,,252.402,Player-3088,1,0,0,0,242,0
220703_Account-E5E7_dpsreport,early,,252.402,Player-85C1,1,0,0,0,242,0
220703_Account-E5E7_dpsreport,early,,252.402,Player-A0E8,1,0,0,0,243,0
220703_Account-E5E7_dpsreport,early,,252.402,Player-C5C2,1,0,0,0,262,0
220703_Account-E5E7_dpsreport,early,,252.402,Player-01F3,1,0,0,0,251,0
220703_Account-E5E7_dpsreport,early,,308.442,Player-8018,1,0,0,0,443,0
220703_Account-E5E7_dpsreport,early,,308.442,Player-5EF6,1,1,1,0,459,0
220703_Account-E5E7_dpsreport,early,,308.442,Player-9A48,1,0,0,0,417,0
220703_Account-E5E7_dpsreport,early,,308.442,Player-E1C8,1,0,0,0,338,0
220703_Account-E5E7_dpsreport,early,,308.442,Player-3CAD,1,0,0,0,317,0
220703_Account-E5E7_dpsreport,early,,308.442,Player-3088,1,0,0,0,350,0
220703_Account-E5E7_dpsreport,early,,308.442,Player-85C1,1,0,0,0,375,0
220703_Account-E5E7_dpsreport,early,,308.442,Player-A0E8,1,0,0,0,464,0
220703_Account-E5E7_dpsreport,early,,308.442,Player-C5C2,1,0,1,0,349,0
220703_Account-E5E7_dpsreport,early,,308.442,Player-01F3,1,0,1,0,347,0
220703_Account-E5E7_dpsreport,early,,355.078,Player-8018,1,0,0,0,281,0
220703_Account-E5E7_dpsreport,early,,355.078,Player-5EF6,1,0,1,0,249,0
220703_Account-E5E7_dpsreport,early,,355.078,Player-9A48,1,0,0,0,297,0
220703_Account-E5E7_dpsreport,early,,355.078,Player-E1C8,1,0,0,0,321,0
220703_Account-E5E7_dpsreport,early,,355.078,Player-3CAD,1,0,0,0,395,0
220703_Account-E5E7_dpsreport,early,,355.078,Player-3088,1,0,0,0,286,0
220703_Account-E5E7_dpsreport,early,,355.078,Player-85C1,1,0,0,0,276,0
220703_Account-E5E7_dpsreport,early,,355.078,Player-A0E8,1,0,0,0,373,0
220703_Account-E5E7_dpsreport,early,,355.078,Player-C5C2,1,0,1,0,207,0
220703_Account-E5E7_dpsreport,early,,355.078,Player-01F3,1,1,1,0,286,0
220703_Account-E5E7_dpsreport,early,,406.234,Player-8018,1,0,1,0,417,0
220703_Account-E5E7_dpsreport,early,,406.234,Player-5EF6,1,0,0,0,535,0
220703_Account-E5E7_dpsreport,early,,406.234,Player-9A48,1,0,0,0,659,0
220703_Account-E5E7_dpsreport,early,,406.234,Player-E1C8,1,0,0,0,585,0
220703_Account-E5E7_dpsreport,early,,406.234,Player-3CAD,1,0,0,0,560,0
220703_Account-E5E7_dpsreport,early,,406.234,Player-3088,1,0,0,0,728,0
220703_Account-E5E7_dpsreport,early,,406.234,Player-85C1,1,0,0,0,542,0
220703_Account-E5E7_dpsreport,early,,406.234,Player-A0E8,1,0,0,0,661,0
220703_Account-E5E7_dpsreport,early,,406.234,Player-C5C2,1,0,1,0,428,0
220703_Account-E5E7_dpsreport,early,,406.234,Player-01F3,1,1,1,0,449,0
220703_Account-E5E7_dpsreport,early,,452.068,Player-8018,1,1,1,0,443,0
220703_Account-E5E7_dpsreport,early,,452.068,Player-5EF6,1,0,0,0,505,0
220703_Account-E5E7_dpsreport,early,,452.068,Player-9A48,1,0,0,0,431,0
220703_Account-E5E7_dpsreport,early,,452.068,Player-E1C8,1,0,0,0,490,0
220703_Account-E5E7_dpsreport,early,,452.068,Player-3CAD,1,0,0,0,594,0
220703_Account-E5E7_dpsreport,early,,452.068,Player-3088,1,0,0,0,567,0
220703_Account-E5E7_dpsreport,early,,452.068,Player-85C1,1,0,0,0,508,0
220703_Account-E5E7_dpsreport,early,,452.068,Player-A0E8,1,0,0,0,492,0
220703_Account-E5E7_dpsreport,early,,452.068,Player-C5C2,1,0,1,0,376,0
220703_Account-E5E7_dpsreport,early,,452.068,Player-01F3,1,0,1,0,442,0
220703_Account-E5E7_dpsreport,last,3,516.642,Player-8018,1,1,1,0,586,0
220703_Account-E5E7_dpsreport,last,3,516.642,Player-5EF6,1,0,0,0,448,0
220703_Account-E5E7_dpsreport,last,3,516.642,Player-9A48,1,0,0,0,471,0
220703_Account-E5E7_dpsreport,last,3,516.642,Player-E1C8,1,0,0,0,460,0
220703_Account-E5E7_dpsreport,last,3,516.642,Player-3CAD,1,0,1,0,263,0
220703_Account-E5E7_dpsreport,last,3,516.642,Player-3088,1,0,0,0,596,0
220703_Account-E5E7_dpsreport,last,3,516.642,Player-85C1,1,0,0,0,490,0
220703_Account-E5E7_dpsreport,last,3,516.642,Player-A0E8,1,0,0,0,438,0
220703_Account-E5E7_dpsreport,last,3,516.642,Player-C5C2,1,0,1,0,288,0
220703_Account-E5E7_dpsreport,last,3,516.642,Player-01F3,1,0,0,0,469,0
220703_Account-E5E7_dpsreport,last,33,546.642,Player-8018,1,1,1,0,486,0
220703_Account-E5E7_dpsreport,last,33,546.642,Player-5EF6,1,0,1,0,475,0
220703_Account-E5E7_dpsreport,last,33,546.642,Player-9A48,1,0,0,0,562,0
220703_Account-E5E7_dpsreport,last,33,546.642,Player-E1C8,1,0,0,0,527,0
220703_Account-E5E7_dpsreport,last,33,546.642,Player-3CAD,1,0,0,0,531,0
220703_Account-E5E7_dpsreport,last,33,546.642,Player-3088,1,0,0,0,543,0
220703_Account-E5E7_dpsreport,last,33,546.642,Player-85C1,1,0,1,0,547,0
220703_Account-E5E7_dpsreport,last,33,546.642,Player-A0E8,1,0,0,0,654,0
220703_Account-E5E7_dpsreport,last,33,546.642,Player-C5C2,1,0,0,0,574,0
220703_Account-E5E7_dpsreport,last,33,546.642,Player-01F3,1,0,0,0,545,0
220703_Account-E5E7_dpsreport,last,63,576.642,Player-8018,1,0,0,1,503,0
220703_Account-E5E7_dpsreport,last,63,576.642,Player-5EF6,1,0,1,0,553,0
220703_Account-E5E7_dpsreport,last,63,576.642,Player-9A48,1,0,0,0,480,0
220703_Account-E5E7_dpsreport,last,63,576.642,Player-E1C8,1,0,0,0,591,0
220703_Account-E5E7_dpsreport,last,63,576.642,Player-3CAD,1,0,0,0,609,0
220703_Account-E5E7_dpsreport,last,63,576.642,Player-3088,1,0,0,0,646,0
220703_Account-E5E7_dpsreport,last,63,576.642,Player-85C1,1,0,0,1,418,0
220703_Account-E5E7_dpsreport,last,63,576.642,Player-A0E8,1,0,0,0,555,0
220703_Account-E5E7_dpsreport,last,63,576.642,Player-C5C2,1,0,0,1,448,0
220703_Account-E5E7_dpsreport,last,63,576.642,Player-01F3,1,0,0,0,555,0
224233_dpsreport,early,,2.556,Player-6860,1,0,0,0,694,0
224233_dpsreport,early,,2.556,Player-57C0,1,0,0,0,636,0
224233_dpsreport,early,,2.556,Player-31C0,1,0,0,0,590,0
224233_dpsreport,early,,2.556,Player-91F4,1,0,0,0,712,0
224233_dpsreport,early,,2.556,Player-F6E3,1,0,1,0,330,0
224233_dpsreport,early,,2.556,Player-46CC,1,1,1,0,630,0
224233_dpsreport,early,,2.556,Player-6CBA,1,0,0,0,737,0
224233_dpsreport,early,,2.556,Player-F1A5,1,0,0,0,813,0
224233_dpsreport,early,,2.556,Player-2037,1,0,0,0,626,0
224233_dpsreport,early,,2.556,Player-D33A,1,0,1,0,358,0
224233_dpsreport,early,,50.234,Player-6860,1,0,0,0,388,0
224233_dpsreport,early,,50.234,Player-57C0,1,0,0,0,412,0
224233_dpsreport,early,,50.234,Player-31C0,1,0,1,0,376,0
224233_dpsreport,early,,50.234,Player-91F4,1,0,0,0,541,0
224233_dpsreport,early,,50.234,Player-F6E3,1,0,1,0,338,0
224233_dpsreport,early,,50.234,Player-46CC,1,1,1,0,598,0
224233_dpsreport,early,,50.234,Player-6CBA,1,0,0,0,428,0
224233_dpsreport,early,,50.234,Player-F1A5,1,0,0,0,495,0
224233_dpsreport,early,,50.234,Player-2037,1,0,0,0,540,0
224233_dpsreport,early,,50.234,Player-D33A,1,0,0,0,401,0
224233_dpsreport,early,,95.156,Player-6860,1,0,0,0,324,0
224233_dpsreport,early,,95.156,Player-57C0,1,0,0,0,382,0
224233_dpsreport,early,,95.156,Player-31C0,1,0,0,0,407,0
224233_dpsreport,early,,95.156,Player-91F4,1,0,0,0,358,0
224233_dpsreport,early,,95.156,Player-F6E3,1,0,1,0,64,0
224233_dpsreport,early,,95.156,Player-46CC,1,1,1,0,412,0
224233_dpsreport,early,,95.156,Player-6CBA,1,0,0,0,351,0
224233_dpsreport,early,,95.156,Player-F1A5,1,0,0,0,346,0
224233_dpsreport,early,,95.156,Player-2037,1,0,0,0,271,0
224233_dpsreport,early,,95.156,Player-D33A,1,0,1,0,128,0
224233_dpsreport,early,,141.672,Player-6860,1,0,0,0,310,0
224233_dpsreport,early,,141.672,Player-57C0,1,0,0,0,435,0
224233_dpsreport,early,,141.672,Player-31C0,1,0,0,0,397,0
224233_dpsreport,early,,141.672,Player-91F4,1,0,0,0,461,0
224233_dpsreport,early,,141.672,Player-F6E3,1,0,1,0,63,0
224233_dpsreport,early,,141.672,Player-46CC,1,0,0,0,346,0
224233_dpsreport,early,,141.672,Player-6CBA,1,1,1,0,354,0
224233_dpsreport,early,,141.672,Player-F1A5,1,0,0,0,451,0
224233_dpsreport,early,,141.672,Player-2037,1,0,0,0,406,0
224233_dpsreport,early,,141.672,Player-D33A,1,0,1,0,152,0
224233_dpsreport,early,,196.664,Player-6860,1,0,0,0,484,0
224233_dpsreport,early,,196.664,Player-57C0,1,0,0,0,466,0
224233_dpsreport,early,,196.664,Player-31C0,1,0,0,0,342,0
224233_dpsreport,early,,196.664,Player-91F4,1,0,0,0,512,0
224233_dpsreport,early,,196.664,Player-F6E3,1,0,1,0,137,0
224233_dpsreport,early,,196.664,Player-46CC,1,0,0,0,398,0
224233_dpsreport,early,,196.664,Player-6CBA,1,1,1,0,324,0
224233_dpsreport,early,,196.664,Player-F1A5,1,0,1,0,104,0
224233_dpsreport,early,,196.664,Player-2037,1,0,0,0,503,0
224233_dpsreport,early,,196.664,Player-D33A,1,0,0,0,247,0
224233_dpsreport,early,,243.596,Player-6860,1,0,0,0,377,0
224233_dpsreport,early,,243.596,Player-57C0,1,0,0,0,368,0
224233_dpsreport,early,,243.596,Player-31C0,1,0,0,0,305,0
224233_dpsreport,early,,243.596,Player-91F4,1,0,0,0,391,0
224233_dpsreport,early,,243.596,Player-F6E3,1,0,1,0,70,0
224233_dpsreport,early,,243.596,Player-46CC,1,1,1,0,417,0
224233_dpsreport,early,,243.596,Player-6CBA,1,0,0,0,260,0
224233_dpsreport,early,,243.596,Player-F1A5,1,0,0,0,372,0
224233_dpsreport,early,,243.596,Player-2037,1,0,0,0,490,0
224233_dpsreport,early,,243.596,Player-D33A,1,0,1,0,121,0
224233_dpsreport,early,,293.152,Player-6860,1,0,1,0,410,0
224233_dpsreport,early,,293.152,Player-57C0,1,0,0,0,569,0
224233_dpsreport,early,,293.152,Player-31C0,1,0,0,0,664,0
224233_dpsreport,early,,293.152,Player-91F4,1,0,0,0,806,0
224233_dpsreport,early,,293.152,Player-F6E3,1,0,1,0,408,0
224233_dpsreport,early,,293.152,Player-46CC,1,0,0,0,600,0
224233_dpsreport,early,,293.152,Player-6CBA,1,0,0,0,653,0
224233_dpsreport,early,,293.152,Player-F1A5,1,0,0,0,643,0
224233_dpsreport,early,,293.152,Player-2037,1,0,0,0,652,0
224233_dpsreport,early,,293.152,Player-D33A,1,1,1,0,590,0
224233_dpsreport,early,,348.82,Player-6860,1,0,0,0,154,0
224233_dpsreport,early,,348.82,Player-57C0,1,0,0,0,223,0
224233_dpsreport,early,,348.82,Player-31C0,1,0,1,0,153,0
224233_dpsreport,early,,348.82,Player-91F4,1,0,0,0,132,0
224233_dpsreport,early,,348.82,Player-F6E3,1,0,1,0,84,0
224233_dpsreport,early,,348.82,Player-46CC,1,0,0,0,290,0
224233_dpsreport,early,,348.82,Player-6CBA,1,0,1,0,122,0
224233_dpsreport,early,,348.82,Player-F1A5,1,0,0,0,249,0
224233_dpsreport,early,,348.82,Player-2037,1,0,0,0,345,0
224233_dpsreport,early,,348.82,Player-D33A,1,0,0,0,351,0
224233_dpsreport,early,,400.14,Player-6860,1,0,0,0,304,0
224233_dpsreport,early,,400.14,Player-57C0,1,0,0,0,279,0
224233_dpsreport,early,,400.14,Player-31C0,1,0,0,0,251,0
224233_dpsreport,early,,400.14,Player-91F4,1,1,1,0,232,0
224233_dpsreport,early,,400.14,Player-F6E3,1,0,0,0,204,0
224233_dpsreport,early,,400.14,Player-46CC,1,0,0,0,298,0
224233_dpsreport,early,,400.14,Player-6CBA,1,0,0,0,295,0
224233_dpsreport,early,,400.14,Player-F1A5,1,0,0,0,247,0
224233_dpsreport,early,,400.14,Player-2037,1,0,1,0,190,0
224233_dpsreport,early,,400.14,Player-D33A,1,0,1,0,184,0
224233_dpsreport,last,3,479.136,Player-6860,1,0,0,0,366,0
224233_dpsreport,last,3,479.136,Player-57C0,1,0,0,0,365,0
224233_dpsreport,last,3,479.136,Player-31C0,1,0,0,0,384,0
224233_dpsreport,last,3,479.136,Player-91F4,1,0,0,0,235,0
224233_dpsreport,last,3,479.136,Player-F6E3,1,1,1,0,280,0
224233_dpsreport,last,3,479.136,Player-46CC,1,0,0,0,332,0
224233_dpsreport,last,3,479.136,Player-6CBA,1,0,0,0,354,0
224233_dpsreport,last,3,479.136,Player-F1A5,1,0,0,0,384,0
224233_dpsreport,last,3,479.136,Player-2037,1,0,1,0,207,0
224233_dpsreport,last,3,479.136,Player-D33A,1,0,1,0,225,0
224233_dpsreport,last,33,509.136,Player-6860,1,0,1,0,273,0
224233_dpsreport,last,33,509.136,Player-57C0,1,0,0,0,482,0
224233_dpsreport,last,33,509.136,Player-31C0,1,0,0,0,552,0
224233_dpsreport,last,33,509.136,Player-91F4,1,0,1,0,113,0
224233_dpsreport,last,33,509.136,Player-F6E3,1,0,0,0,161,0
224233_dpsreport,last,33,509.136,Player-46CC,1,1,1,0,384,0
224233_dpsreport,last,33,509.136,Player-6CBA,1,0,0,0,427,0
224233_dpsreport,last,33,509.136,Player-F1A5,1,0,0,0,291,0
224233_dpsreport,last,33,509.136,Player-2037,1,0,0,0,408,0
224233_dpsreport,last,33,509.136,Player-D33A,1,0,0,0,322,0
224233_dpsreport,last,63,539.136,Player-6860,1,0,1,0,514,0
224233_dpsreport,last,63,539.136,Player-57C0,1,0,0,0,482,0
224233_dpsreport,last,63,539.136,Player-31C0,1,0,0,1,709,0
224233_dpsreport,last,63,539.136,Player-91F4,1,0,0,0,544,0
224233_dpsreport,last,63,539.136,Player-F6E3,1,0,0,0,563,0
224233_dpsreport,last,63,539.136,Player-46CC,1,1,1,1,584,0
224233_dpsreport,last,63,539.136,Player-6CBA,1,0,1,0,491,0
224233_dpsreport,last,63,539.136,Player-F1A5,1,0,0,0,756,0
224233_dpsreport,last,63,539.136,Player-2037,1,0,0,1,532,0
224233_dpsreport,last,63,539.136,Player-D33A,1,0,0,0,487,0
wingman_1f564-20260930-164742_noe_fail,early,,2.507,Player-67E4,1,0,0,0,4536,0
wingman_1f564-20260930-164742_noe_fail,early,,2.507,Player-6CD6,1,0,0,0,4504,0
wingman_1f564-20260930-164742_noe_fail,early,,2.507,Account-6104,1,0,0,0,4575,0
wingman_1f564-20260930-164742_noe_fail,early,,2.507,Player-A65F,1,0,0,0,4540,0
wingman_1f564-20260930-164742_noe_fail,early,,2.507,Player-ACE4,1,0,0,0,4579,0
wingman_1f564-20260930-164742_noe_fail,early,,2.507,Player-4230,1,0,0,0,4550,0
wingman_1f564-20260930-164742_noe_fail,early,,2.507,Player-32F8,1,0,0,0,4586,0
wingman_1f564-20260930-164742_noe_fail,early,,2.507,Player-9B43,1,0,0,0,4594,0
wingman_1f564-20260930-164742_noe_fail,early,,2.507,Player-9A42,1,0,0,0,4603,0
wingman_1f564-20260930-164742_noe_fail,early,,2.507,Player-D572,1,1,1,0,2733,0
wingman_1f564-20260930-164742_noe_fail,early,,49.673,Player-67E4,1,0,1,0,298,0
wingman_1f564-20260930-164742_noe_fail,early,,49.673,Player-6CD6,1,0,0,0,552,0
wingman_1f564-20260930-164742_noe_fail,early,,49.673,Account-6104,1,0,0,0,599,0
wingman_1f564-20260930-164742_noe_fail,early,,49.673,Player-A65F,1,0,0,0,448,0
wingman_1f564-20260930-164742_noe_fail,early,,49.673,Player-ACE4,1,0,0,0,583,0
wingman_1f564-20260930-164742_noe_fail,early,,49.673,Player-4230,1,0,0,0,591,0
wingman_1f564-20260930-164742_noe_fail,early,,49.673,Player-32F8,1,0,1,0,306,0
wingman_1f564-20260930-164742_noe_fail,early,,49.673,Player-9B43,1,0,0,0,440,0
wingman_1f564-20260930-164742_noe_fail,early,,49.673,Player-9A42,1,0,0,0,490,0
wingman_1f564-20260930-164742_noe_fail,early,,49.673,Player-D572,1,1,1,0,619,0
wingman_1f564-20260930-164742_noe_fail,early,,94.155,Player-67E4,1,0,1,0,216,0
wingman_1f564-20260930-164742_noe_fail,early,,94.155,Player-6CD6,1,0,0,0,606,0
wingman_1f564-20260930-164742_noe_fail,early,,94.155,Account-6104,1,0,0,0,692,0
wingman_1f564-20260930-164742_noe_fail,early,,94.155,Player-A65F,1,0,0,0,683,0
wingman_1f564-20260930-164742_noe_fail,early,,94.155,Player-ACE4,1,1,1,0,498,0
wingman_1f564-20260930-164742_noe_fail,early,,94.155,Player-4230,1,0,0,0,689,0
wingman_1f564-20260930-164742_noe_fail,early,,94.155,Player-32F8,1,0,1,0,238,0
wingman_1f564-20260930-164742_noe_fail,early,,94.155,Player-9B43,1,0,0,0,497,0
wingman_1f564-20260930-164742_noe_fail,early,,94.155,Player-9A42,1,0,0,0,517,0
wingman_1f564-20260930-164742_noe_fail,early,,94.155,Player-D572,1,0,0,0,621,0
wingman_1f564-20260930-164742_noe_fail,early,,145.625,Player-67E4,1,0,1,0,141,0
wingman_1f564-20260930-164742_noe_fail,early,,145.625,Player-6CD6,1,0,0,0,433,0
wingman_1f564-20260930-164742_noe_fail,early,,145.625,Account-6104,1,0,0,0,494,0
wingman_1f564-20260930-164742_noe_fail,early,,145.625,Player-A65F,1,0,0,0,440,0
wingman_1f564-20260930-164742_noe_fail,early,,145.625,Player-ACE4,1,0,0,0,378,0
wingman_1f564-20260930-164742_noe_fail,early,,145.625,Player-4230,1,0,0,0,581,0
wingman_1f564-20260930-164742_noe_fail,early,,145.625,Player-32F8,1,0,1,0,198,0
wingman_1f564-20260930-164742_noe_fail,early,,145.625,Player-9B43,1,0,0,0,367,0
wingman_1f564-20260930-164742_noe_fail,early,,145.625,Player-9A42,1,0,0,0,370,0
wingman_1f564-20260930-164742_noe_fail,early,,145.625,Player-D572,1,1,1,0,475,0
wingman_1f564-20260930-164742_noe_fail,early,,200.915,Player-67E4,1,0,1,0,314,0
wingman_1f564-20260930-164742_noe_fail,early,,200.915,Player-6CD6,1,0,0,0,573,0
wingman_1f564-20260930-164742_noe_fail,early,,200.915,Account-6104,1,0,0,0,1019,0
wingman_1f564-20260930-164742_noe_fail,early,,200.915,Player-A65F,1,0,0,0,554,0
wingman_1f564-20260930-164742_noe_fail,early,,200.915,Player-ACE4,1,0,0,0,550,0
wingman_1f564-20260930-164742_noe_fail,early,,200.915,Player-4230,1,0,0,0,507,0
wingman_1f564-20260930-164742_noe_fail,early,,200.915,Player-32F8,1,0,1,0,324,0
wingman_1f564-20260930-164742_noe_fail,early,,200.915,Player-9B43,1,0,0,0,707,0
wingman_1f564-20260930-164742_noe_fail,early,,200.915,Player-9A42,1,0,0,0,496,0
wingman_1f564-20260930-164742_noe_fail,early,,200.915,Player-D572,1,1,1,0,665,0
wingman_1f564-20260930-164742_noe_fail,early,,245.377,Player-67E4,1,0,1,0,222,0
wingman_1f564-20260930-164742_noe_fail,early,,245.377,Player-6CD6,1,0,0,0,493,0
wingman_1f564-20260930-164742_noe_fail,early,,245.377,Account-6104,1,0,0,0,569,0
wingman_1f564-20260930-164742_noe_fail,early,,245.377,Player-A65F,1,1,1,0,439,0
wingman_1f564-20260930-164742_noe_fail,early,,245.377,Player-ACE4,1,0,0,0,542,0
wingman_1f564-20260930-164742_noe_fail,early,,245.377,Player-4230,1,0,0,0,445,0
wingman_1f564-20260930-164742_noe_fail,early,,245.377,Player-32F8,1,0,0,0,303,0
wingman_1f564-20260930-164742_noe_fail,early,,245.377,Player-9B43,1,0,0,0,462,0
wingman_1f564-20260930-164742_noe_fail,early,,245.377,Player-9A42,1,0,1,0,432,0
wingman_1f564-20260930-164742_noe_fail,early,,245.377,Player-D572,1,0,0,0,566,0
wingman_1f564-20260930-164742_noe_fail,early,,303.829,Player-67E4,1,0,1,0,160,0
wingman_1f564-20260930-164742_noe_fail,early,,303.829,Player-6CD6,1,0,0,0,369,0
wingman_1f564-20260930-164742_noe_fail,early,,303.829,Account-6104,1,0,0,0,603,0
wingman_1f564-20260930-164742_noe_fail,early,,303.829,Player-A65F,1,0,0,0,500,0
wingman_1f564-20260930-164742_noe_fail,early,,303.829,Player-ACE4,1,0,0,0,426,0
wingman_1f564-20260930-164742_noe_fail,early,,303.829,Player-4230,1,0,0,0,536,0
wingman_1f564-20260930-164742_noe_fail,early,,303.829,Player-32F8,1,0,1,0,201,0
wingman_1f564-20260930-164742_noe_fail,early,,303.829,Player-9B43,1,0,0,0,379,0
wingman_1f564-20260930-164742_noe_fail,early,,303.829,Player-9A42,1,0,0,0,440,0
wingman_1f564-20260930-164742_noe_fail,early,,303.829,Player-D572,1,1,1,0,513,0
wingman_1f564-20260930-164742_noe_fail,early,,351.061,Player-67E4,1,0,1,0,239,0
wingman_1f564-20260930-164742_noe_fail,early,,351.061,Player-6CD6,1,0,0,0,705,0
wingman_1f564-20260930-164742_noe_fail,early,,351.061,Account-6104,1,0,0,0,484,0
wingman_1f564-20260930-164742_noe_fail,early,,351.061,Player-A65F,1,0,0,0,612,0
wingman_1f564-20260930-164742_noe_fail,early,,351.061,Player-ACE4,1,0,0,0,815,0
wingman_1f564-20260930-164742_noe_fail,early,,351.061,Player-4230,1,0,0,0,613,0
wingman_1f564-20260930-164742_noe_fail,early,,351.061,Player-32F8,1,0,1,0,436,0
wingman_1f564-20260930-164742_noe_fail,early,,351.061,Player-9B43,1,0,0,0,593,0
wingman_1f564-20260930-164742_noe_fail,early,,351.061,Player-9A42,1,0,0,0,552,0
wingman_1f564-20260930-164742_noe_fail,early,,351.061,Player-D572,1,1,1,0,801,0
wingman_1f564-20260930-164742_noe_fail,early,,398.789,Player-67E4,1,0,1,0,544,0
wingman_1f564-20260930-164742_noe_fail,early,,398.789,Player-6CD6,1,0,0,0,820,0
wingman_1f564-20260930-164742_noe_fail,early,,398.789,Account-6104,1,0,0,0,930,0
wingman_1f564-20260930-164742_noe_fail,early,,398.789,Player-A65F,1,0,0,0,831,0
wingman_1f564-20260930-164742_noe_fail,early,,398.789,Player-ACE4,1,0,0,0,987,0
wingman_1f564-20260930-164742_noe_fail,early,,398.789,Player-4230,1,0,0,0,876,0
wingman_1f564-20260930-164742_noe_fail,early,,398.789,Player-32F8,1,0,1,0,702,0
wingman_1f564-20260930-164742_noe_fail,early,,398.789,Player-9B43,1,0,0,0,956,0
wingman_1f564-20260930-164742_noe_fail,early,,398.789,Player-9A42,1,0,0,0,762,0
wingman_1f564-20260930-164742_noe_fail,early,,398.789,Player-D572,1,1,1,0,992,0
wingman_1f564-20260930-164742_noe_fail,early,,443.863,Player-67E4,1,0,0,0,582,0
wingman_1f564-20260930-164742_noe_fail,early,,443.863,Player-6CD6,1,0,0,0,254,0
wingman_1f564-20260930-164742_noe_fail,early,,443.863,Account-6104,0,0,0,0,646,0
wingman_1f564-20260930-164742_noe_fail,early,,443.863,Player-A65F,1,0,0,0,276,0
wingman_1f564-20260930-164742_noe_fail,early,,443.863,Player-ACE4,1,0,1,0,234,0
wingman_1f564-20260930-164742_noe_fail,early,,443.863,Player-4230,1,0,0,0,408,0
wingman_1f564-20260930-164742_noe_fail,early,,443.863,Player-32F8,1,0,0,0,381,0
wingman_1f564-20260930-164742_noe_fail,early,,443.863,Player-9B43,1,1,1,0,506,0
wingman_1f564-20260930-164742_noe_fail,early,,443.863,Player-9A42,1,0,1,0,177,0
wingman_1f564-20260930-164742_noe_fail,early,,443.863,Player-D572,1,0,0,0,271,0
wingman_1f564-20260930-164742_noe_fail,last,3,520.755,Player-67E4,1,0,1,0,206,0
wingman_1f564-20260930-164742_noe_fail,last,3,520.755,Player-6CD6,1,0,0,0,533,0
wingman_1f564-20260930-164742_noe_fail,last,3,520.755,Account-6104,1,0,0,0,568,0
wingman_1f564-20260930-164742_noe_fail,last,3,520.755,Player-A65F,1,0,0,0,467,0
wingman_1f564-20260930-164742_noe_fail,last,3,520.755,Player-ACE4,1,1,1,0,452,0
wingman_1f564-20260930-164742_noe_fail,last,3,520.755,Player-4230,1,0,0,0,431,0
wingman_1f564-20260930-164742_noe_fail,last,3,520.755,Player-32F8,1,0,1,0,185,0
wingman_1f564-20260930-164742_noe_fail,last,3,520.755,Player-9B43,1,0,0,0,388,0
wingman_1f564-20260930-164742_noe_fail,last,3,520.755,Player-9A42,1,0,0,0,427,0
wingman_1f564-20260930-164742_noe_fail,last,3,520.755,Player-D572,1,0,0,0,542,0
wingman_1f564-20260930-164742_noe_fail,last,33,550.755,Player-67E4,1,0,0,0,562,0
wingman_1f564-20260930-164742_noe_fail,last,33,550.755,Player-6CD6,0,0,0,0,196,0
wingman_1f564-20260930-164742_noe_fail,last,33,550.755,Account-6104,1,0,0,0,604,0
wingman_1f564-20260930-164742_noe_fail,last,33,550.755,Player-A65F,1,0,0,0,331,0
wingman_1f564-20260930-164742_noe_fail,last,33,550.755,Player-ACE4,0,0,0,0,369,0
wingman_1f564-20260930-164742_noe_fail,last,33,550.755,Player-4230,0,0,0,0,481,0
wingman_1f564-20260930-164742_noe_fail,last,33,550.755,Player-32F8,1,0,1,0,772,0
wingman_1f564-20260930-164742_noe_fail,last,33,550.755,Player-9B43,0,0,0,0,305,0
wingman_1f564-20260930-164742_noe_fail,last,33,550.755,Player-9A42,0,0,0,0,659,0
wingman_1f564-20260930-164742_noe_fail,last,33,550.755,Player-D572,0,0,0,0,496,0
wingman_3273c-20261001-011226_noe_fail,early,,2.768,Player-D488,1,0,0,0,4525,0
wingman_3273c-20261001-011226_noe_fail,early,,2.768,Player-CF48,1,1,1,0,239,0
wingman_3273c-20261001-011226_noe_fail,early,,2.768,Player-D132,1,0,0,0,4477,0
wingman_3273c-20261001-011226_noe_fail,early,,2.768,Player-582B,1,0,0,0,4533,0
wingman_3273c-20261001-011226_noe_fail,early,,2.768,Player-247A,1,0,0,0,4451,0
wingman_3273c-20261001-011226_noe_fail,early,,2.768,Player-6E8F,1,0,0,0,4434,0
wingman_3273c-20261001-011226_noe_fail,early,,2.768,Player-BC75,1,0,0,0,4433,0
wingman_3273c-20261001-011226_noe_fail,early,,2.768,Player-44A2,1,0,0,0,4599,0
wingman_3273c-20261001-011226_noe_fail,early,,2.768,Player-700E,1,0,0,0,4496,0
wingman_3273c-20261001-011226_noe_fail,early,,2.768,Player-55E0,1,0,0,0,4608,0
wingman_3273c-20261001-011226_noe_fail,early,,50.048,Player-D488,1,0,0,0,359,0
wingman_3273c-20261001-011226_noe_fail,early,,50.048,Player-CF48,1,1,1,0,440,0
wingman_3273c-20261001-011226_noe_fail,early,,50.048,Player-D132,1,0,0,0,370,0
wingman_3273c-20261001-011226_noe_fail,early,,50.048,Player-582B,1,0,0,0,370,0
wingman_3273c-20261001-011226_noe_fail,early,,50.048,Player-247A,1,0,1,0,312,0
wingman_3273c-20261001-011226_noe_fail,early,,50.048,Player-6E8F,1,0,0,0,344,0
wingman_3273c-20261001-011226_noe_fail,early,,50.048,Player-BC75,1,0,0,0,515,0
wingman_3273c-20261001-011226_noe_fail,early,,50.048,Player-44A2,1,0,1,0,337,0
wingman_3273c-20261001-011226_noe_fail,early,,50.048,Player-700E,1,0,0,0,451,0
wingman_3273c-20261001-011226_noe_fail,early,,50.048,Player-55E0,1,0,0,0,458,0
wingman_3273c-20261001-011226_noe_fail,early,,94.958,Player-D488,1,0,0,0,468,0
wingman_3273c-20261001-011226_noe_fail,early,,94.958,Player-CF48,1,0,0,0,473,0
wingman_3273c-20261001-011226_noe_fail,early,,94.958,Player-D132,1,0,0,0,430,0
wingman_3273c-20261001-011226_noe_fail,early,,94.958,Player-582B,1,1,1,0,518,0
wingman_3273c-20261001-011226_noe_fail,early,,94.958,Player-247A,1,0,1,0,119,0
wingman_3273c-20261001-011226_noe_fail,early,,94.958,Player-6E8F,1,0,1,0,216,0
wingman_3273c-20261001-011226_noe_fail,early,,94.958,Player-BC75,1,0,0,0,566,0
wingman_3273c-20261001-011226_noe_fail,early,,94.958,Player-44A2,1,0,0,0,463,0
wingman_3273c-20261001-011226_noe_fail,early,,94.958,Player-700E,1,0,0,0,513,0
wingman_3273c-20261001-011226_noe_fail,early,,94.958,Player-55E0,1,0,0,0,507,0
wingman_3273c-20261001-011226_noe_fail,early,,147.684,Player-D488,1,0,0,0,293,0
wingman_3273c-20261001-011226_noe_fail,early,,147.684,Player-CF48,1,0,0,0,326,0
wingman_3273c-20261001-011226_noe_fail,early,,147.684,Player-D132,1,0,0,0,429,0
wingman_3273c-20261001-011226_noe_fail,early,,147.684,Player-582B,1,0,0,0,395,0
wingman_3273c-20261001-011226_noe_fail,early,,147.684,Player-247A,1,0,1,0,117,0
wingman_3273c-20261001-011226_noe_fail,early,,147.684,Player-6E8F,1,0,1,0,256,0
wingman_3273c-20261001-011226_noe_fail,early,,147.684,Player-BC75,1,0,0,0,442,0
wingman_3273c-20261001-011226_noe_fail,early,,147.684,Player-44A2,1,0,0,0,410,0
wingman_3273c-20261001-011226_noe_fail,early,,147.684,Player-700E,1,1,1,0,434,0
wingman_3273c-20261001-011226_noe_fail,early,,147.684,Player-55E0,1,0,0,0,460,0
wingman_3273c-20261001-011226_noe_fail,early,,202.968,Player-D488,1,1,1,0,1125,0
wingman_3273c-20261001-011226_noe_fail,early,,202.968,Player-CF48,1,0,0,0,1136,0
wingman_3273c-20261001-011226_noe_fail,early,,202.968,Player-D132,1,0,0,0,666,0
wingman_3273c-20261001-011226_noe_fail,early,,202.968,Player-582B,1,0,0,0,771,0
wingman_3273c-20261001-011226_noe_fail,early,,202.968,Player-247A,1,0,1,0,430,0
wingman_3273c-20261001-011226_noe_fail,early,,202.968,Player-6E8F,1,0,1,0,414,0
wingman_3273c-20261001-011226_noe_fail,early,,202.968,Player-BC75,1,0,0,0,819,0
wingman_3273c-20261001-011226_noe_fail,early,,202.968,Player-44A2,1,0,0,0,925,0
wingman_3273c-20261001-011226_noe_fail,early,,202.968,Player-700E,1,0,0,0,998,0
wingman_3273c-20261001-011226_noe_fail,early,,202.968,Player-55E0,1,0,0,0,1039,0
wingman_3273c-20261001-011226_noe_fail,early,,248.528,Player-D488,1,0,0,0,325,0
wingman_3273c-20261001-011226_noe_fail,early,,248.528,Player-CF48,1,1,1,0,430,0
wingman_3273c-20261001-011226_noe_fail,early,,248.528,Player-D132,1,0,1,0,158,0
wingman_3273c-20261001-011226_noe_fail,early,,248.528,Player-582B,1,0,0,0,302,0
wingman_3273c-20261001-011226_noe_fail,early,,248.528,Player-247A,1,0,1,0,151,0
wingman_3273c-20261001-011226_noe_fail,early,,248.528,Player-6E8F,1,0,0,0,233,0
wingman_3273c-20261001-011226_noe_fail,early,,248.528,Player-BC75,1,0,0,0,225,0
wingman_3273c-20261001-011226_noe_fail,early,,248.528,Player-44A2,1,0,0,0,220,0
wingman_3273c-20261001-011226_noe_fail,early,,248.528,Player-700E,1,0,0,0,304,0
wingman_3273c-20261001-011226_noe_fail,early,,248.528,Player-55E0,1,0,0,0,380,0
wingman_3273c-20261001-011226_noe_fail,early,,309.934,Player-D488,1,0,0,0,377,0
wingman_3273c-20261001-011226_noe_fail,early,,309.934,Player-CF48,1,0,0,0,543,0
wingman_3273c-20261001-011226_noe_fail,early,,309.934,Player-D132,1,0,0,0,327,0
wingman_3273c-20261001-011226_noe_fail,early,,309.934,Player-582B,1,0,0,0,417,0
wingman_3273c-20261001-011226_noe_fail,early,,309.934,Player-247A,1,0,1,0,224,0
wingman_3273c-20261001-011226_noe_fail,early,,309.934,Player-6E8F,1,0,1,0,83,0
wingman_3273c-20261001-011226_noe_fail,early,,309.934,Player-BC75,1,0,0,0,335,0
wingman_3273c-20261001-011226_noe_fail,early,,309.934,Player-44A2,1,0,0,0,464,0
wingman_3273c-20261001-011226_noe_fail,early,,309.934,Player-700E,1,1,1,0,489,0
wingman_3273c-20261001-011226_noe_fail,early,,309.934,Player-55E0,1,0,0,0,370,0
wingman_3273c-20261001-011226_noe_fail,early,,357.092,Player-D488,1,0,0,0,464,0
wingman_3273c-20261001-011226_noe_fail,early,,357.092,Player-CF48,1,0,0,0,446,0
wingman_3273c-20261001-011226_noe_fail,early,,357.092,Player-D132,1,0,1,0,317,0
wingman_3273c-20261001-011226_noe_fail,early,,357.092,Player-582B,1,0,0,0,336,0
wingman_3273c-20261001-011226_noe_fail,early,,357.092,Player-247A,1,0,1,0,307,0
wingman_3273c-20261001-011226_noe_fail,early,,357.092,Player-6E8F,1,0,0,0,391,0
wingman_3273c-20261001-011226_noe_fail,early,,357.092,Player-BC75,1,0,0,0,552,0
wingman_3273c-20261001-011226_noe_fail,early,,357.092,Player-44A2,1,0,0,0,469,0
wingman_3273c-20261001-011226_noe_fail,early,,357.092,Player-700E,1,1,1,0,115,0
wingman_3273c-20261001-011226_noe_fail,early,,357.092,Player-55E0,1,0,0,0,455,0
wingman_3273c-20261001-011226_noe_fail,early,,404.774,Player-D488,1,0,0,0,840,0
wingman_3273c-20261001-011226_noe_fail,early,,404.774,Player-CF48,1,0,0,0,937,0
wingman_3273c-20261001-011226_noe_fail,early,,404.774,Player-D132,1,0,0,0,767,0
wingman_3273c-20261001-011226_noe_fail,early,,404.774,Player-582B,1,0,1,0,636,0
wingman_3273c-20261001-011226_noe_fail,early,,404.774,Player-247A,1,0,1,0,551,0
wingman_3273c-20261001-011226_noe_fail,early,,404.774,Player-6E8F,1,1,1,0,888,0
wingman_3273c-20261001-011226_noe_fail,early,,404.774,Player-BC75,1,0,0,0,830,0
wingman_3273c-20261001-011226_noe_fail,early,,404.774,Player-44A2,1,0,0,0,996,0
wingman_3273c-20261001-011226_noe_fail,early,,404.774,Player-700E,1,0,0,0,745,0
wingman_3273c-20261001-011226_noe_fail,early,,404.774,Player-55E0,1,0,0,0,670,0
wingman_3273c-20261001-011226_noe_fail,early,,449.334,Player-D488,1,0,0,0,255,0
wingman_3273c-20261001-011226_noe_fail,early,,449.334,Player-CF48,1,0,0,0,279,0
wingman_3273c-20261001-011226_noe_fail,early,,449.334,Player-D132,1,0,1,0,217,0
wingman_3273c-20261001-011226_noe_fail,early,,449.334,Player-582B,1,0,0,0,290,0
wingman_3273c-20261001-011226_noe_fail,early,,449.334,Player-247A,1,0,0,0,378,0
wingman_3273c-20261001-011226_noe_fail,early,,449.334,Player-6E8F,1,0,1,0,224,0
wingman_3273c-20261001-011226_noe_fail,early,,449.334,Player-BC75,1,0,0,0,432,0
wingman_3273c-20261001-011226_noe_fail,early,,449.334,Player-44A2,1,1,1,0,394,0
wingman_3273c-20261001-011226_noe_fail,early,,449.334,Player-700E,1,0,0,0,371,0
wingman_3273c-20261001-011226_noe_fail,early,,449.334,Player-55E0,1,0,0,0,514,0
wingman_3273c-20261001-011226_noe_fail,early,,497.172,Player-D488,1,0,0,0,811,0
wingman_3273c-20261001-011226_noe_fail,early,,497.172,Player-CF48,1,0,0,0,365,0
wingman_3273c-20261001-011226_noe_fail,early,,497.172,Player-D132,1,0,1,0,248,0
wingman_3273c-20261001-011226_noe_fail,early,,497.172,Player-582B,1,0,0,0,511,0
wingman_3273c-20261001-011226_noe_fail,early,,497.172,Player-247A,1,0,1,0,656,0
wingman_3273c-20261001-011226_noe_fail,early,,497.172,Player-6E8F,1,0,0,0,424,0
wingman_3273c-20261001-011226_noe_fail,early,,497.172,Player-BC75,1,0,0,0,1125,0
wingman_3273c-20261001-011226_noe_fail,early,,497.172,Player-44A2,1,1,1,0,394,0
wingman_3273c-20261001-011226_noe_fail,early,,497.172,Player-700E,1,0,0,0,428,0
wingman_3273c-20261001-011226_noe_fail,early,,497.172,Player-55E0,1,0,0,0,708,0
wingman_3273c-20261001-011226_noe_fail,last,3,529.212,Player-D488,1,0,0,0,457,0
wingman_3273c-20261001-011226_noe_fail,last,3,529.212,Player-CF48,1,0,1,0,334,0
wingman_3273c-20261001-011226_noe_fail,last,3,529.212,Player-D132,1,0,0,0,416,0
wingman_3273c-20261001-011226_noe_fail,last,3,529.212,Player-582B,1,1,1,0,490,0
wingman_3273c-20261001-011226_noe_fail,last,3,529.212,Player-247A,1,0,1,0,398,0
wingman_3273c-20261001-011226_noe_fail,last,3,529.212,Player-6E8F,1,0,0,0,483,0
wingman_3273c-20261001-011226_noe_fail,last,3,529.212,Player-BC75,1,0,0,0,425,0
wingman_3273c-20261001-011226_noe_fail,last,3,529.212,Player-44A2,1,0,0,0,431,0
wingman_3273c-20261001-011226_noe_fail,last,3,529.212,Player-700E,1,0,0,0,447,0
wingman_3273c-20261001-011226_noe_fail,last,3,529.212,Player-55E0,1,0,0,0,404,0
wingman_3273c-20261001-011226_noe_fail,last,33,559.212,Player-D488,1,0,0,0,872,0
wingman_3273c-20261001-011226_noe_fail,last,33,559.212,Player-CF48,1,0,0,0,692,0
wingman_3273c-20261001-011226_noe_fail,last,33,559.212,Player-D132,1,0,0,0,881,0
wingman_3273c-20261001-011226_noe_fail,last,33,559.212,Player-582B,1,1,1,0,971,0
wingman_3273c-20261001-011226_noe_fail,last,33,559.212,Player-247A,1,0,1,0,590,0
wingman_3273c-20261001-011226_noe_fail,last,33,559.212,Player-6E8F,1,0,1,0,395,0
wingman_3273c-20261001-011226_noe_fail,last,33,559.212,Player-BC75,1,0,0,0,980,0
wingman_3273c-20261001-011226_noe_fail,last,33,559.212,Player-44A2,1,0,0,0,879,0
wingman_3273c-20261001-011226_noe_fail,last,33,559.212,Player-700E,1,0,0,0,855,0
wingman_3273c-20261001-011226_noe_fail,last,33,559.212,Player-55E0,1,0,0,0,852,0
wingman_3273c-20261001-011226_noe_fail,last,63,589.212,Player-D488,0,0,0,0,397,0
wingman_3273c-20261001-011226_noe_fail,last,63,589.212,Player-CF48,0,0,0,0,634,0
wingman_3273c-20261001-011226_noe_fail,last,63,589.212,Player-D132,0,0,0,0,1702,0
wingman_3273c-20261001-011226_noe_fail,last,63,589.212,Player-582B,1,0,0,0,340,0
wingman_3273c-20261001-011226_noe_fail,last,63,589.212,Player-247A,1,0,0,1,532,0
wingman_3273c-20261001-011226_noe_fail,last,63,589.212,Player-6E8F,1,0,0,0,699,0
wingman_3273c-20261001-011226_noe_fail,last,63,589.212,Player-BC75,0,0,0,0,1001,0
wingman_3273c-20261001-011226_noe_fail,last,63,589.212,Player-44A2,1,0,0,0,506,0
wingman_3273c-20261001-011226_noe_fail,last,63,589.212,Player-700E,1,0,0,0,825,0
wingman_3273c-20261001-011226_noe_fail,last,63,589.212,Player-55E0,1,0,0,1,609,0
wingman_3c4a4-20260930-233824_noe_fail,early,,2.598,Player-D488,1,0,0,0,4585,0
wingman_3c4a4-20260930-233824_noe_fail,early,,2.598,Player-CF48,1,1,1,0,281,0
wingman_3c4a4-20260930-233824_noe_fail,early,,2.598,Player-D132,1,0,0,0,4561,0
wingman_3c4a4-20260930-233824_noe_fail,early,,2.598,Player-582B,1,0,0,0,4495,0
wingman_3c4a4-20260930-233824_noe_fail,early,,2.598,Player-247A,1,0,0,0,4372,0
wingman_3c4a4-20260930-233824_noe_fail,early,,2.598,Player-6E8F,1,0,0,0,4340,0
wingman_3c4a4-20260930-233824_noe_fail,early,,2.598,Player-BC75,1,0,0,0,4492,0
wingman_3c4a4-20260930-233824_noe_fail,early,,2.598,Player-44A2,1,0,0,0,4645,0
wingman_3c4a4-20260930-233824_noe_fail,early,,2.598,Player-700E,1,0,0,0,4352,0
wingman_3c4a4-20260930-233824_noe_fail,early,,2.598,Player-55E0,1,0,0,0,4588,0
wingman_3c4a4-20260930-233824_noe_fail,early,,50.084,Player-D488,1,0,0,0,351,0
wingman_3c4a4-20260930-233824_noe_fail,early,,50.084,Player-CF48,1,1,1,0,374,0
wingman_3c4a4-20260930-233824_noe_fail,early,,50.084,Player-D132,1,0,0,0,405,0
wingman_3c4a4-20260930-233824_noe_fail,early,,50.084,Player-582B,1,0,1,0,298,0
wingman_3c4a4-20260930-233824_noe_fail,early,,50.084,Player-247A,1,0,0,0,330,0
wingman_3c4a4-20260930-233824_noe_fail,early,,50.084,Player-6E8F,1,0,0,0,353,0
wingman_3c4a4-20260930-233824_noe_fail,early,,50.084,Player-BC75,1,0,0,0,485,0
wingman_3c4a4-20260930-233824_noe_fail,early,,50.084,Player-44A2,1,0,0,0,363,0
wingman_3c4a4-20260930-233824_noe_fail,early,,50.084,Player-700E,1,0,1,0,296,0
wingman_3c4a4-20260930-233824_noe_fail,early,,50.084,Player-55E0,1,0,0,0,535,0
wingman_3c4a4-20260930-233824_noe_fail,early,,94.922,Player-D488,1,0,0,0,500,0
wingman_3c4a4-20260930-233824_noe_fail,early,,94.922,Player-CF48,1,0,0,0,409,0
wingman_3c4a4-20260930-233824_noe_fail,early,,94.922,Player-D132,1,1,1,0,413,0
wingman_3c4a4-20260930-233824_noe_fail,early,,94.922,Player-582B,1,0,0,0,430,0
wingman_3c4a4-20260930-233824_noe_fail,early,,94.922,Player-247A,1,0,1,0,230,0
wingman_3c4a4-20260930-233824_noe_fail,early,,94.922,Player-6E8F,1,0,1,0,192,0
wingman_3c4a4-20260930-233824_noe_fail,early,,94.922,Player-BC75,1,0,0,0,472,0
wingman_3c4a4-20260930-233824_noe_fail,early,,94.922,Player-44A2,1,0,0,0,470,0
wingman_3c4a4-20260930-233824_noe_fail,early,,94.922,Player-700E,1,0,0,0,815,0
wingman_3c4a4-20260930-233824_noe_fail,early,,94.922,Player-55E0,1,0,0,0,475,0
wingman_3c4a4-20260930-233824_noe_fail,early,,143.638,Player-D488,1,0,0,0,443,0
wingman_3c4a4-20260930-233824_noe_fail,early,,143.638,Player-CF48,1,0,0,0,350,0
wingman_3c4a4-20260930-233824_noe_fail,early,,143.638,Player-D132,1,0,0,0,351,0
wingman_3c4a4-20260930-233824_noe_fail,early,,143.638,Player-582B,1,0,0,0,360,0
wingman_3c4a4-20260930-233824_noe_fail,early,,143.638,Player-247A,1,0,1,0,147,0
wingman_3c4a4-20260930-233824_noe_fail,early,,143.638,Player-6E8F,1,0,1,0,161,0
wingman_3c4a4-20260930-233824_noe_fail,early,,143.638,Player-BC75,1,0,0,0,350,0
wingman_3c4a4-20260930-233824_noe_fail,early,,143.638,Player-44A2,1,0,0,0,365,0
wingman_3c4a4-20260930-233824_noe_fail,early,,143.638,Player-700E,1,0,0,0,426,0
wingman_3c4a4-20260930-233824_noe_fail,early,,143.638,Player-55E0,1,1,1,0,344,0
wingman_3c4a4-20260930-233824_noe_fail,early,,199.034,Player-D488,1,0,0,0,521,0
wingman_3c4a4-20260930-233824_noe_fail,early,,199.034,Player-CF48,1,0,0,0,627,0
wingman_3c4a4-20260930-233824_noe_fail,early,,199.034,Player-D132,1,0,0,0,510,0
wingman_3c4a4-20260930-233824_noe_fail,early,,199.034,Player-582B,1,0,0,0,558,0
wingman_3c4a4-20260930-233824_noe_fail,early,,199.034,Player-247A,1,0,1,0,334,0
wingman_3c4a4-20260930-233824_noe_fail,early,,199.034,Player-6E8F,1,0,1,0,386,0
wingman_3c4a4-20260930-233824_noe_fail,early,,199.034,Player-BC75,1,0,0,0,472,0
wingman_3c4a4-20260930-233824_noe_fail,early,,199.034,Player-44A2,1,0,0,0,551,0
wingman_3c4a4-20260930-233824_noe_fail,early,,199.034,Player-700E,1,0,0,0,601,0
wingman_3c4a4-20260930-233824_noe_fail,early,,199.034,Player-55E0,1,1,1,0,545,0
wingman_3c4a4-20260930-233824_noe_fail,early,,243.878,Player-D488,1,0,0,0,537,0
wingman_3c4a4-20260930-233824_noe_fail,early,,243.878,Player-CF48,1,0,0,0,572,0
wingman_3c4a4-20260930-233824_noe_fail,early,,243.878,Player-D132,1,0,0,0,467,0
wingman_3c4a4-20260930-233824_noe_fail,early,,243.878,Player-582B,1,0,0,0,447,0
wingman_3c4a4-20260930-233824_noe_fail,early,,243.878,Player-247A,1,0,1,0,309,0
wingman_3c4a4-20260930-233824_noe_fail,early,,243.878,Player-6E8F,1,0,1,0,361,0
wingman_3c4a4-20260930-233824_noe_fail,early,,243.878,Player-BC75,1,1,1,0,630,0
wingman_3c4a4-20260930-233824_noe_fail,early,,243.878,Player-44A2,1,0,0,0,511,0
wingman_3c4a4-20260930-233824_noe_fail,early,,243.878,Player-700E,1,0,0,0,594,0
wingman_3c4a4-20260930-233824_noe_fail,early,,243.878,Player-55E0,1,0,0,0,527,0
wingman_3c4a4-20260930-233824_noe_fail,early,,307.032,Player-D488,1,0,0,0,432,0
wingman_3c4a4-20260930-233824_noe_fail,early,,307.032,Player-CF48,1,0,0,0,371,0
wingman_3c4a4-20260930-233824_noe_fail,early,,307.032,Player-D132,1,0,0,0,310,0
wingman_3c4a4-20260930-233824_noe_fail,early,,307.032,Player-582B,1,0,0,0,422,0
wingman_3c4a4-20260930-233824_noe_fail,early,,307.032,Player-247A,1,0,1,0,90,0
wingman_3c4a4-20260930-233824_noe_fail,early,,307.032,Player-6E8F,1,0,1,0,134,0
wingman_3c4a4-20260930-233824_noe_fail,early,,307.032,Player-BC75,1,0,0,0,389,0
wingman_3c4a4-20260930-233824_noe_fail,early,,307.032,Player-44A2,1,0,0,0,389,0
wingman_3c4a4-20260930-233824_noe_fail,early,,307.032,Player-700E,1,1,1,0,519,0
wingman_3c4a4-20260930-233824_noe_fail,early,,307.032,Player-55E0,1,0,0,0,289,0
wingman_3c4a4-20260930-233824_noe_fail,early,,354.192,Player-D488,0,0,0,0,505,0
wingman_3c4a4-20260930-233824_noe_fail,early,,354.192,Player-CF48,1,0,0,0,419,0
wingman_3c4a4-20260930-233824_noe_fail,early,,354.192,Player-D132,0,0,0,0,404,0
wingman_3c4a4-20260930-233824_noe_fail,early,,354.192,Player-582B,1,1,1,0,106,0
wingman_3c4a4-20260930-233824_noe_fail,early,,354.192,Player-247A,0,0,0,0,515,0
wingman_3c4a4-20260930-233824_noe_fail,early,,354.192,Player-6E8F,1,0,0,0,439,0
wingman_3c4a4-20260930-233824_noe_fail,early,,354.192,Player-BC75,1,0,1,0,324,0
wingman_3c4a4-20260930-233824_noe_fail,early,,354.192,Player-44A2,1,0,0,0,523,0
wingman_3c4a4-20260930-233824_noe_fail,early,,354.192,Player-700E,1,0,0,0,549,0
wingman_3c4a4-20260930-233824_noe_fail,early,,354.192,Player-55E0,1,0,0,0,956,0
wingman_3c4a4-20260930-233824_noe_fail,early,,401.188,Player-D488,1,0,0,0,813,0
wingman_3c4a4-20260930-233824_noe_fail,early,,401.188,Player-CF48,1,0,1,0,349,0
wingman_3c4a4-20260930-233824_noe_fail,early,,401.188,Player-D132,1,0,0,0,667,0
wingman_3c4a4-20260930-233824_noe_fail,early,,401.188,Player-582B,1,0,0,0,512,0
wingman_3c4a4-20260930-233824_noe_fail,early,,401.188,Player-247A,1,0,0,0,691,0
wingman_3c4a4-20260930-233824_noe_fail,early,,401.188,Player-6E8F,1,0,0,0,726,0
wingman_3c4a4-20260930-233824_noe_fail,early,,401.188,Player-BC75,1,0,0,0,794,0
wingman_3c4a4-20260930-233824_noe_fail,early,,401.188,Player-44A2,1,1,1,0,658,0
wingman_3c4a4-20260930-233824_noe_fail,early,,401.188,Player-700E,1,0,1,0,478,0
wingman_3c4a4-20260930-233824_noe_fail,early,,401.188,Player-55E0,1,0,0,0,788,0
wingman_3c4a4-20260930-233824_noe_fail,early,,445.714,Player-D488,1,1,1,0,329,0
wingman_3c4a4-20260930-233824_noe_fail,early,,445.714,Player-CF48,1,0,0,0,219,0
wingman_3c4a4-20260930-233824_noe_fail,early,,445.714,Player-D132,1,0,1,0,46,0
wingman_3c4a4-20260930-233824_noe_fail,early,,445.714,Player-582B,1,0,0,0,431,0
wingman_3c4a4-20260930-233824_noe_fail,early,,445.714,Player-247A,1,0,0,0,226,0
wingman_3c4a4-20260930-233824_noe_fail,early,,445.714,Player-6E8F,1,0,1,0,146,0
wingman_3c4a4-20260930-233824_noe_fail,early,,445.714,Player-BC75,1,0,0,0,328,0
wingman_3c4a4-20260930-233824_noe_fail,early,,445.714,Player-44A2,1,0,0,0,353,0
wingman_3c4a4-20260930-233824_noe_fail,early,,445.714,Player-700E,1,0,0,0,525,0
wingman_3c4a4-20260930-233824_noe_fail,early,,445.714,Player-55E0,1,0,0,0,279,0
wingman_3c4a4-20260930-233824_noe_fail,last,3,517.182,Player-D488,1,0,0,0,502,0
wingman_3c4a4-20260930-233824_noe_fail,last,3,517.182,Player-CF48,1,0,0,0,493,0
wingman_3c4a4-20260930-233824_noe_fail,last,3,517.182,Player-D132,1,0,0,0,390,0
wingman_3c4a4-20260930-233824_noe_fail,last,3,517.182,Player-582B,1,0,0,0,467,0
wingman_3c4a4-20260930-233824_noe_fail,last,3,517.182,Player-247A,1,0,0,0,130,0
wingman_3c4a4-20260930-233824_noe_fail,last,3,517.182,Player-6E8F,1,0,1,0,159,0
wingman_3c4a4-20260930-233824_noe_fail,last,3,517.182,Player-BC75,1,0,0,0,452,0
wingman_3c4a4-20260930-233824_noe_fail,last,3,517.182,Player-44A2,1,0,0,0,460,0
wingman_3c4a4-20260930-233824_noe_fail,last,3,517.182,Player-700E,1,1,1,0,430,0
wingman_3c4a4-20260930-233824_noe_fail,last,3,517.182,Player-55E0,1,0,1,0,195,0
wingman_3c4a4-20260930-233824_noe_fail,last,33,547.182,Player-D488,1,0,0,0,696,0
wingman_3c4a4-20260930-233824_noe_fail,last,33,547.182,Player-CF48,1,0,0,0,697,0
wingman_3c4a4-20260930-233824_noe_fail,last,33,547.182,Player-D132,1,0,1,0,542,0
wingman_3c4a4-20260930-233824_noe_fail,last,33,547.182,Player-582B,1,0,0,0,701,0
wingman_3c4a4-20260930-233824_noe_fail,last,33,547.182,Player-247A,1,0,0,0,568,0
wingman_3c4a4-20260930-233824_noe_fail,last,33,547.182,Player-6E8F,1,0,0,0,405,0
wingman_3c4a4-20260930-233824_noe_fail,last,33,547.182,Player-BC75,1,0,0,0,670,0
wingman_3c4a4-20260930-233824_noe_fail,last,33,547.182,Player-44A2,1,0,1,0,599,0
wingman_3c4a4-20260930-233824_noe_fail,last,33,547.182,Player-700E,1,1,1,0,710,0
wingman_3c4a4-20260930-233824_noe_fail,last,33,547.182,Player-55E0,1,0,0,0,638,0
wingman_4f111-Account-81AD_20260930-183104_noe_fail,early,,2.679,Player-67E4,1,0,0,0,4446,0
wingman_4f111-Account-81AD_20260930-183104_noe_fail,early,,2.679,Player-6CD6,1,0,0,0,4447,0
wingman_4f111-Account-81AD_20260930-183104_noe_fail,early,,2.679,Player-CE71,1,0,0,0,4478,0
wingman_4f111-Account-81AD_20260930-183104_noe_fail,early,,2.679,Player-78D3,1,0,0,0,4413,0
wingman_4f111-Account-81AD_20260930-183104_noe_fail,early,,2.679,Player-C80E,1,0,0,0,4513,0
wingman_4f111-Account-81AD_20260930-183104_noe_fail,early,,2.679,Player-A087,1,0,0,0,4441,0
wingman_4f111-Account-81AD_20260930-183104_noe_fail,early,,2.679,Player-5276,1,0,0,0,4462,0
wingman_4f111-Account-81AD_20260930-183104_noe_fail,early,,2.679,Player-7267,1,0,0,0,4488,0
wingman_4f111-Account-81AD_20260930-183104_noe_fail,early,,2.679,Player-D572,1,1,1,0,2750,0
wingman_4f111-Account-81AD_20260930-183104_noe_fail,early,,2.679,Player-A65F,1,0,0,0,4492,0
wingman_4f111-Account-81AD_20260930-183104_noe_fail,early,,50.275,Player-67E4,1,0,1,0,301,0
wingman_4f111-Account-81AD_20260930-183104_noe_fail,early,,50.275,Player-6CD6,1,0,0,0,494,0
wingman_4f111-Account-81AD_20260930-183104_noe_fail,early,,50.275,Player-CE71,1,0,0,0,556,0
wingman_4f111-Account-81AD_20260930-183104_noe_fail,early,,50.275,Player-78D3,1,0,0,0,554,0
wingman_4f111-Account-81AD_20260930-183104_noe_fail,early,,50.275,Player-C80E,1,0,0,0,630,0
wingman_4f111-Account-81AD_20260930-183104_noe_fail,early,,50.275,Player-A087,1,0,1,0,342,0
wingman_4f111-Account-81AD_20260930-183104_noe_fail,early,,50.275,Player-5276,1,0,0,0,466,0
wingman_4f111-Account-81AD_20260930-183104_noe_fail,early,,50.275,Player-7267,1,0,0,0,506,0
wingman_4f111-Account-81AD_20260930-183104_noe_fail,early,,50.275,Player-D572,1,1,1,0,579,0
wingman_4f111-Account-81AD_20260930-183104_noe_fail,early,,50.275,Player-A65F,1,0,0,0,729,0
wingman_4f111-Account-81AD_20260930-183104_noe_fail,early,,95.399,Player-67E4,1,0,1,0,253,0
wingman_4f111-Account-81AD_20260930-183104_noe_fail,early,,95.399,Player-6CD6,1,0,0,0,528,0
wingman_4f111-Account-81AD_20260930-183104_noe_fail,early,,95.399,Player-CE71,1,1,1,0,479,0
wingman_4f111-Account-81AD_20260930-183104_noe_fail,early,,95.399,Player-78D3,1,0,0,0,687,0
wingman_4f111-Account-81AD_20260930-183104_noe_fail,early,,95.399,Player-C80E,1,0,0,0,717,0
wingman_4f111-Account-81AD_20260930-183104_noe_fail,early,,95.399,Player-A087,1,0,1,0,309,0
wingman_4f111-Account-81AD_20260930-183104_noe_fail,early,,95.399,Player-5276,1,0,0,0,604,0
wingman_4f111-Account-81AD_20260930-183104_noe_fail,early,,95.399,Player-7267,1,0,0,0,582,0
wingman_4f111-Account-81AD_20260930-183104_noe_fail,early,,95.399,Player-D572,1,0,0,0,594,0
wingman_4f111-Account-81AD_20260930-183104_noe_fail,early,,95.399,Player-A65F,1,0,0,0,599,0
wingman_4f111-Account-81AD_20260930-183104_noe_fail,early,,153.635,Player-67E4,1,0,1,0,129,0
wingman_4f111-Account-81AD_20260930-183104_noe_fail,early,,153.635,Player-6CD6,1,0,0,0,351,0
wingman_4f111-Account-81AD_20260930-183104_noe_fail,early,,153.635,Player-CE71,1,0,0,0,370,0
wingman_4f111-Account-81AD_20260930-183104_noe_fail,early,,153.635,Player-78D3,1,0,0,0,424,0
wingman_4f111-Account-81AD_20260930-183104_noe_fail,early,,153.635,Player-C80E,1,0,0,0,442,0
wingman_4f111-Account-81AD_20260930-183104_noe_fail,early,,153.635,Player-A087,1,0,0,0,305,0
wingman_4f111-Account-81AD_20260930-183104_noe_fail,early,,153.635,Player-5276,1,1,1,0,300,0
wingman_4f111-Account-81AD_20260930-183104_noe_fail,early,,153.635,Player-7267,1,0,1,0,276,0
wingman_4f111-Account-81AD_20260930-183104_noe_fail,early,,153.635,Player-D572,1,0,0,0,431,0
wingman_4f111-Account-81AD_20260930-183104_noe_fail,early,,153.635,Player-A65F,1,0,0,0,424,0
wingman_4f111-Account-81AD_20260930-183104_noe_fail,early,,208.281,Player-67E4,1,0,1,0,300,0
wingman_4f111-Account-81AD_20260930-183104_noe_fail,early,,208.281,Player-6CD6,1,0,0,0,558,0
wingman_4f111-Account-81AD_20260930-183104_noe_fail,early,,208.281,Player-CE71,1,0,0,0,514,0
wingman_4f111-Account-81AD_20260930-183104_noe_fail,early,,208.281,Player-78D3,1,0,0,0,532,0
wingman_4f111-Account-81AD_20260930-183104_noe_fail,early,,208.281,Player-C80E,1,0,0,0,721,0
wingman_4f111-Account-81AD_20260930-183104_noe_fail,early,,208.281,Player-A087,1,0,1,0,316,0
wingman_4f111-Account-81AD_20260930-183104_noe_fail,early,,208.281,Player-5276,1,1,1,0,436,0
wingman_4f111-Account-81AD_20260930-183104_noe_fail,early,,208.281,Player-7267,1,0,0,0,580,0
wingman_4f111-Account-81AD_20260930-183104_noe_fail,early,,208.281,Player-D572,1,0,0,0,641,0
wingman_4f111-Account-81AD_20260930-183104_noe_fail,early,,208.281,Player-A65F,1,0,0,0,491,0
wingman_4f111-Account-81AD_20260930-183104_noe_fail,early,,254.671,Player-67E4,1,0,1,0,273,0
wingman_4f111-Account-81AD_20260930-183104_noe_fail,early,,254.671,Player-6CD6,1,0,0,0,583,0
wingman_4f111-Account-81AD_20260930-183104_noe_fail,early,,254.671,Player-CE71,1,1,1,0,654,0
wingman_4f111-Account-81AD_20260930-183104_noe_fail,early,,254.671,Player-78D3,1,0,0,0,575,0
wingman_4f111-Account-81AD_20260930-183104_noe_fail,early,,254.671,Player-C80E,1,0,0,0,701,0
wingman_4f111-Account-81AD_20260930-183104_noe_fail,early,,254.671,Player-A087,1,0,0,0,351,0
wingman_4f111-Account-81AD_20260930-183104_noe_fail,early,,254.671,Player-5276,1,0,0,0,571,0
wingman_4f111-Account-81AD_20260930-183104_noe_fail,early,,254.671,Player-7267,1,0,1,0,358,0
wingman_4f111-Account-81AD_20260930-183104_noe_fail,early,,254.671,Player-D572,1,0,0,0,672,0
wingman_4f111-Account-81AD_20260930-183104_noe_fail,early,,254.671,Player-A65F,1,0,0,0,507,0
wingman_4f111-Account-81AD_20260930-183104_noe_fail,early,,307.641,Player-67E4,1,0,0,0,170,0
wingman_4f111-Account-81AD_20260930-183104_noe_fail,early,,307.641,Player-6CD6,1,0,0,0,470,0
wingman_4f111-Account-81AD_20260930-183104_noe_fail,early,,307.641,Player-CE71,1,0,0,0,482,0
wingman_4f111-Account-81AD_20260930-183104_noe_fail,early,,307.641,Player-78D3,1,0,1,0,378,0
wingman_4f111-Account-81AD_20260930-183104_noe_fail,early,,307.641,Player-C80E,1,1,1,0,552,0
wingman_4f111-Account-81AD_20260930-183104_noe_fail,early,,307.641,Player-A087,1,0,1,0,326,0
wingman_4f111-Account-81AD_20260930-183104_noe_fail,early,,307.641,Player-5276,1,0,0,0,414,0
wingman_4f111-Account-81AD_20260930-183104_noe_fail,early,,307.641,Player-7267,1,0,0,0,435,0
wingman_4f111-Account-81AD_20260930-183104_noe_fail,early,,307.641,Player-D572,1,0,0,0,568,0
wingman_4f111-Account-81AD_20260930-183104_noe_fail,early,,307.641,Player-A65F,1,0,0,0,557,0
wingman_4f111-Account-81AD_20260930-183104_noe_fail,early,,355.035,Player-67E4,1,0,1,0,132,0
wingman_4f111-Account-81AD_20260930-183104_noe_fail,early,,355.035,Player-6CD6,1,0,0,0,315,0
wingman_4f111-Account-81AD_20260930-183104_noe_fail,early,,355.035,Player-CE71,1,0,0,0,360,0
wingman_4f111-Account-81AD_20260930-183104_noe_fail,early,,355.035,Player-78D3,1,0,1,0,129,0
wingman_4f111-Account-81AD_20260930-183104_noe_fail,early,,355.035,Player-C80E,1,1,1,0,228,0
wingman_4f111-Account-81AD_20260930-183104_noe_fail,early,,355.035,Player-A087,1,0,0,0,167,0
wingman_4f111-Account-81AD_20260930-183104_noe_fail,early,,355.035,Player-5276,1,0,0,0,192,0
wingman_4f111-Account-81AD_20260930-183104_noe_fail,early,,355.035,Player-7267,1,0,0,0,260,0
wingman_4f111-Account-81AD_20260930-183104_noe_fail,early,,355.035,Player-D572,1,0,0,0,423,0
wingman_4f111-Account-81AD_20260930-183104_noe_fail,early,,355.035,Player-A65F,1,0,0,0,280,0
wingman_4f111-Account-81AD_20260930-183104_noe_fail,early,,402.915,Player-67E4,1,0,1,0,203,0
wingman_4f111-Account-81AD_20260930-183104_noe_fail,early,,402.915,Player-6CD6,1,0,0,0,476,0
wingman_4f111-Account-81AD_20260930-183104_noe_fail,early,,402.915,Player-CE71,1,1,1,0,752,0
wingman_4f111-Account-81AD_20260930-183104_noe_fail,early,,402.915,Player-78D3,1,0,0,0,752,0
wingman_4f111-Account-81AD_20260930-183104_noe_fail,early,,402.915,Player-C80E,1,0,0,0,881,0
wingman_4f111-Account-81AD_20260930-183104_noe_fail,early,,402.915,Player-A087,1,0,1,0,345,0
wingman_4f111-Account-81AD_20260930-183104_noe_fail,early,,402.915,Player-5276,1,0,0,0,773,0
wingman_4f111-Account-81AD_20260930-183104_noe_fail,early,,402.915,Player-7267,1,0,0,0,569,0
wingman_4f111-Account-81AD_20260930-183104_noe_fail,early,,402.915,Player-D572,1,0,0,0,620,0
wingman_4f111-Account-81AD_20260930-183104_noe_fail,early,,402.915,Player-A65F,1,0,0,0,807,0
wingman_4f111-Account-81AD_20260930-183104_noe_fail,early,,448.197,Player-67E4,1,0,1,0,196,0
wingman_4f111-Account-81AD_20260930-183104_noe_fail,early,,448.197,Player-6CD6,1,0,0,0,454,0
wingman_4f111-Account-81AD_20260930-183104_noe_fail,early,,448.197,Player-CE71,1,0,0,0,579,0
wingman_4f111-Account-81AD_20260930-183104_noe_fail,early,,448.197,Player-78D3,1,0,0,0,475,0
wingman_4f111-Account-81AD_20260930-183104_noe_fail,early,,448.197,Player-C80E,1,0,0,0,555,0
wingman_4f111-Account-81AD_20260930-183104_noe_fail,early,,448.197,Player-A087,1,0,1,0,357,0
wingman_4f111-Account-81AD_20260930-183104_noe_fail,early,,448.197,Player-5276,1,0,0,0,440,0
wingman_4f111-Account-81AD_20260930-183104_noe_fail,early,,448.197,Player-7267,1,1,1,0,642,0
wingman_4f111-Account-81AD_20260930-183104_noe_fail,early,,448.197,Player-D572,1,0,0,0,596,0
wingman_4f111-Account-81AD_20260930-183104_noe_fail,early,,448.197,Player-A65F,1,0,0,0,495,0
wingman_4f111-Account-81AD_20260930-183104_noe_fail,last,3,513.037,Player-67E4,1,0,1,0,165,0
wingman_4f111-Account-81AD_20260930-183104_noe_fail,last,3,513.037,Player-6CD6,1,0,0,0,434,0
wingman_4f111-Account-81AD_20260930-183104_noe_fail,last,3,513.037,Player-CE71,1,0,0,0,535,0
wingman_4f111-Account-81AD_20260930-183104_noe_fail,last,3,513.037,Player-78D3,1,0,0,0,385,0
wingman_4f111-Account-81AD_20260930-183104_noe_fail,last,3,513.037,Player-C80E,1,0,0,0,474,0
wingman_4f111-Account-81AD_20260930-183104_noe_fail,last,3,513.037,Player-A087,1,0,1,0,215,0
wingman_4f111-Account-81AD_20260930-183104_noe_fail,last,3,513.037,Player-5276,1,0,0,0,292,0
wingman_4f111-Account-81AD_20260930-183104_noe_fail,last,3,513.037,Player-7267,1,0,0,0,575,0
wingman_4f111-Account-81AD_20260930-183104_noe_fail,last,3,513.037,Player-D572,1,0,0,0,609,0
wingman_4f111-Account-81AD_20260930-183104_noe_fail,last,3,513.037,Player-A65F,1,1,1,0,385,0
wingman_4f111-Account-81AD_20260930-183104_noe_fail,last,33,543.037,Player-67E4,1,0,0,0,168,0
wingman_4f111-Account-81AD_20260930-183104_noe_fail,last,33,543.037,Player-6CD6,1,0,0,0,259,0
wingman_4f111-Account-81AD_20260930-183104_noe_fail,last,33,543.037,Player-CE71,1,0,0,0,212,0
wingman_4f111-Account-81AD_20260930-183104_noe_fail,last,33,543.037,Player-78D3,1,0,0,0,150,0
wingman_4f111-Account-81AD_20260930-183104_noe_fail,last,33,543.037,Player-C80E,1,0,1,0,144,0
wingman_4f111-Account-81AD_20260930-183104_noe_fail,last,33,543.037,Player-A087,1,0,0,0,178,0
wingman_4f111-Account-81AD_20260930-183104_noe_fail,last,33,543.037,Player-5276,1,0,1,0,146,0
wingman_4f111-Account-81AD_20260930-183104_noe_fail,last,33,543.037,Player-7267,1,0,0,0,149,0
wingman_4f111-Account-81AD_20260930-183104_noe_fail,last,33,543.037,Player-D572,1,0,0,0,180,0
wingman_4f111-Account-81AD_20260930-183104_noe_fail,last,33,543.037,Player-A65F,1,1,1,0,228,0
wingman_4f111-Account-81AD_20260930-183104_noe_fail,last,63,573.037,Player-67E4,0,0,0,0,206,0
wingman_4f111-Account-81AD_20260930-183104_noe_fail,last,63,573.037,Player-6CD6,1,1,1,1,879,0
wingman_4f111-Account-81AD_20260930-183104_noe_fail,last,63,573.037,Player-CE71,0,0,0,0,317,0
wingman_4f111-Account-81AD_20260930-183104_noe_fail,last,63,573.037,Player-78D3,0,0,0,0,898,0
wingman_4f111-Account-81AD_20260930-183104_noe_fail,last,63,573.037,Player-C80E,0,0,0,0,281,0
wingman_4f111-Account-81AD_20260930-183104_noe_fail,last,63,573.037,Player-A087,0,0,0,0,226,0
wingman_4f111-Account-81AD_20260930-183104_noe_fail,last,63,573.037,Player-5276,0,0,0,0,440,0
wingman_4f111-Account-81AD_20260930-183104_noe_fail,last,63,573.037,Player-7267,0,0,0,0,354,0
wingman_4f111-Account-81AD_20260930-183104_noe_fail,last,63,573.037,Player-D572,0,0,0,0,489,0
wingman_4f111-Account-81AD_20260930-183104_noe_fail,last,63,573.037,Player-A65F,0,0,0,0,470,0
wingman_5398e-20260930-162239_noe_fail,early,,2.633,Player-6CD6,1,0,0,0,4505,0
wingman_5398e-20260930-162239_noe_fail,early,,2.633,Player-BC81,1,0,0,0,4458,0
wingman_5398e-20260930-162239_noe_fail,early,,2.633,Player-D1B1,1,0,0,0,4500,0
wingman_5398e-20260930-162239_noe_fail,early,,2.633,Player-78D3,1,0,0,0,4423,0
wingman_5398e-20260930-162239_noe_fail,early,,2.633,Player-5B9F,1,0,0,0,4494,0
wingman_5398e-20260930-162239_noe_fail,early,,2.633,Player-2676,1,0,0,0,4372,0
wingman_5398e-20260930-162239_noe_fail,early,,2.633,Player-5276,1,0,0,0,4483,0
wingman_5398e-20260930-162239_noe_fail,early,,2.633,Player-8EE7,1,0,0,0,4547,0
wingman_5398e-20260930-162239_noe_fail,early,,2.633,Player-A65F,1,1,1,0,2784,0
wingman_5398e-20260930-162239_noe_fail,early,,2.633,Player-2C12,1,0,0,0,4530,0
wingman_5398e-20260930-162239_noe_fail,early,,50.317,Player-6CD6,1,0,0,0,416,0
wingman_5398e-20260930-162239_noe_fail,early,,50.317,Player-BC81,1,0,0,0,532,0
wingman_5398e-20260930-162239_noe_fail,early,,50.317,Player-D1B1,1,0,1,0,356,0
wingman_5398e-20260930-162239_noe_fail,early,,50.317,Player-78D3,1,0,0,0,552,0
wingman_5398e-20260930-162239_noe_fail,early,,50.317,Player-5B9F,1,0,0,0,353,0
wingman_5398e-20260930-162239_noe_fail,early,,50.317,Player-2676,1,0,0,0,743,0
wingman_5398e-20260930-162239_noe_fail,early,,50.317,Player-5276,1,0,1,0,370,0
wingman_5398e-20260930-162239_noe_fail,early,,50.317,Player-8EE7,1,0,0,0,684,0
wingman_5398e-20260930-162239_noe_fail,early,,50.317,Player-A65F,1,1,1,0,429,0
wingman_5398e-20260930-162239_noe_fail,early,,50.317,Player-2C12,1,0,0,0,454,0
wingman_5398e-20260930-162239_noe_fail,early,,95.039,Player-6CD6,1,0,1,0,432,0
wingman_5398e-20260930-162239_noe_fail,early,,95.039,Player-BC81,1,0,0,0,540,0
wingman_5398e-20260930-162239_noe_fail,early,,95.039,Player-D1B1,1,1,1,0,361,0
wingman_5398e-20260930-162239_noe_fail,early,,95.039,Player-78D3,1,0,0,0,535,0
wingman_5398e-20260930-162239_noe_fail,early,,95.039,Player-5B9F,1,0,0,0,461,0
wingman_5398e-20260930-162239_noe_fail,early,,95.039,Player-2676,1,0,1,0,482,0
wingman_5398e-20260930-162239_noe_fail,early,,95.039,Player-5276,1,0,0,0,547,0
wingman_5398e-20260930-162239_noe_fail,early,,95.039,Player-8EE7,1,0,0,0,453,0
wingman_5398e-20260930-162239_noe_fail,early,,95.039,Player-A65F,1,0,0,0,458,0
wingman_5398e-20260930-162239_noe_fail,early,,95.039,Player-2C12,1,0,0,0,485,0
wingman_5398e-20260930-162239_noe_fail,early,,162.681,Player-6CD6,1,0,0,0,354,0
wingman_5398e-20260930-162239_noe_fail,early,,162.681,Player-BC81,1,0,0,0,436,0
wingman_5398e-20260930-162239_noe_fail,early,,162.681,Player-D1B1,1,0,1,0,139,0
wingman_5398e-20260930-162239_noe_fail,early,,162.681,Player-78D3,1,0,0,0,328,0
wingman_5398e-20260930-162239_noe_fail,early,,162.681,Player-5B9F,1,1,1,0,510,0
wingman_5398e-20260930-162239_noe_fail,early,,162.681,Player-2676,1,0,1,0,269,0
wingman_5398e-20260930-162239_noe_fail,early,,162.681,Player-5276,1,0,0,0,420,0
wingman_5398e-20260930-162239_noe_fail,early,,162.681,Player-8EE7,1,0,0,0,372,0
wingman_5398e-20260930-162239_noe_fail,early,,162.681,Player-A65F,1,0,0,0,423,0
wingman_5398e-20260930-162239_noe_fail,early,,162.681,Player-2C12,1,0,0,0,385,0
wingman_5398e-20260930-162239_noe_fail,early,,217.205,Player-6CD6,1,0,0,0,622,0
wingman_5398e-20260930-162239_noe_fail,early,,217.205,Player-BC81,1,0,0,0,590,0
wingman_5398e-20260930-162239_noe_fail,early,,217.205,Player-D1B1,1,0,1,0,317,0
wingman_5398e-20260930-162239_noe_fail,early,,217.205,Player-78D3,1,0,0,0,527,0
wingman_5398e-20260930-162239_noe_fail,early,,217.205,Player-5B9F,1,1,1,0,728,0
wingman_5398e-20260930-162239_noe_fail,early,,217.205,Player-2676,1,0,1,0,378,0
wingman_5398e-20260930-162239_noe_fail,early,,217.205,Player-5276,1,0,0,0,485,0
wingman_5398e-20260930-162239_noe_fail,early,,217.205,Player-8EE7,1,0,0,0,655,0
wingman_5398e-20260930-162239_noe_fail,early,,217.205,Player-A65F,1,0,0,0,558,0
wingman_5398e-20260930-162239_noe_fail,early,,217.205,Player-2C12,1,0,0,0,470,0
wingman_5398e-20260930-162239_noe_fail,early,,278.043,Player-6CD6,1,0,0,0,397,0
wingman_5398e-20260930-162239_noe_fail,early,,278.043,Player-BC81,1,0,0,0,487,0
wingman_5398e-20260930-162239_noe_fail,early,,278.043,Player-D1B1,1,1,1,0,462,0
wingman_5398e-20260930-162239_noe_fail,early,,278.043,Player-78D3,1,0,0,0,486,0
wingman_5398e-20260930-162239_noe_fail,early,,278.043,Player-5B9F,1,0,1,0,276,0
wingman_5398e-20260930-162239_noe_fail,early,,278.043,Player-2676,1,0,0,0,375,0
wingman_5398e-20260930-162239_noe_fail,early,,278.043,Player-5276,1,0,0,0,375,0
wingman_5398e-20260930-162239_noe_fail,early,,278.043,Player-8EE7,1,0,0,0,337,0
wingman_5398e-20260930-162239_noe_fail,early,,278.043,Player-A65F,1,0,1,0,119,0
wingman_5398e-20260930-162239_noe_fail,early,,278.043,Player-2C12,1,0,0,0,416,0
wingman_5398e-20260930-162239_noe_fail,early,,326.681,Player-6CD6,1,0,0,0,382,0
wingman_5398e-20260930-162239_noe_fail,early,,326.681,Player-BC81,1,0,0,0,516,0
wingman_5398e-20260930-162239_noe_fail,early,,326.681,Player-D1B1,1,0,1,0,218,0
wingman_5398e-20260930-162239_noe_fail,early,,326.681,Player-78D3,1,0,0,0,426,0
wingman_5398e-20260930-162239_noe_fail,early,,326.681,Player-5B9F,1,0,0,0,539,0
wingman_5398e-20260930-162239_noe_fail,early,,326.681,Player-2676,1,0,1,0,261,0
wingman_5398e-20260930-162239_noe_fail,early,,326.681,Player-5276,1,0,0,0,413,0
wingman_5398e-20260930-162239_noe_fail,early,,326.681,Player-8EE7,1,0,0,0,421,0
wingman_5398e-20260930-162239_noe_fail,early,,326.681,Player-A65F,1,0,0,0,468,0
wingman_5398e-20260930-162239_noe_fail,early,,326.681,Player-2C12,1,1,1,0,579,0
wingman_5398e-20260930-162239_noe_fail,early,,381.967,Player-6CD6,1,0,0,0,269,0
wingman_5398e-20260930-162239_noe_fail,early,,381.967,Player-BC81,1,0,0,0,249,0
wingman_5398e-20260930-162239_noe_fail,early,,381.967,Player-D1B1,1,0,0,0,282,0
wingman_5398e-20260930-162239_noe_fail,early,,381.967,Player-78D3,1,0,1,0,160,0
wingman_5398e-20260930-162239_noe_fail,early,,381.967,Player-5B9F,1,0,0,0,273,0
wingman_5398e-20260930-162239_noe_fail,early,,381.967,Player-2676,1,0,0,0,252,0
wingman_5398e-20260930-162239_noe_fail,early,,381.967,Player-5276,1,0,0,0,295,0
wingman_5398e-20260930-162239_noe_fail,early,,381.967,Player-8EE7,1,0,1,0,242,0
wingman_5398e-20260930-162239_noe_fail,early,,381.967,Player-A65F,1,0,0,0,430,0
wingman_5398e-20260930-162239_noe_fail,early,,381.967,Player-2C12,1,1,1,0,309,0
wingman_5398e-20260930-162239_noe_fail,early,,433.287,Player-6CD6,1,0,0,0,315,0
wingman_5398e-20260930-162239_noe_fail,early,,433.287,Player-BC81,1,0,0,0,274,0
wingman_5398e-20260930-162239_noe_fail,early,,433.287,Player-D1B1,1,0,1,0,128,0
wingman_5398e-20260930-162239_noe_fail,early,,433.287,Player-78D3,1,0,0,0,272,0
wingman_5398e-20260930-162239_noe_fail,early,,433.287,Player-5B9F,1,0,0,0,313,0
wingman_5398e-20260930-162239_noe_fail,early,,433.287,Player-2676,1,0,1,0,192,0
wingman_5398e-20260930-162239_noe_fail,early,,433.287,Player-5276,1,0,0,0,284,0
wingman_5398e-20260930-162239_noe_fail,early,,433.287,Player-8EE7,1,0,0,0,276,0
wingman_5398e-20260930-162239_noe_fail,early,,433.287,Player-A65F,1,0,0,0,375,0
wingman_5398e-20260930-162239_noe_fail,early,,433.287,Player-2C12,1,1,1,0,346,0
wingman_5398e-20260930-162239_noe_fail,early,,488.769,Player-6CD6,1,0,1,0,299,0
wingman_5398e-20260930-162239_noe_fail,early,,488.769,Player-BC81,1,0,0,0,498,0
wingman_5398e-20260930-162239_noe_fail,early,,488.769,Player-D1B1,1,0,1,0,373,0
wingman_5398e-20260930-162239_noe_fail,early,,488.769,Player-78D3,1,0,0,0,558,0
wingman_5398e-20260930-162239_noe_fail,early,,488.769,Player-5B9F,1,0,0,0,624,0
wingman_5398e-20260930-162239_noe_fail,early,,488.769,Player-2676,1,0,0,0,761,0
wingman_5398e-20260930-162239_noe_fail,early,,488.769,Player-5276,0,0,0,0,518,0
wingman_5398e-20260930-162239_noe_fail,early,,488.769,Player-8EE7,1,0,0,0,613,0
wingman_5398e-20260930-162239_noe_fail,early,,488.769,Player-A65F,1,1,1,0,448,0
wingman_5398e-20260930-162239_noe_fail,early,,488.769,Player-2C12,1,0,0,0,470,0
wingman_5398e-20260930-162239_noe_fail,last,3,546.207,Player-6CD6,1,0,0,0,320,0
wingman_5398e-20260930-162239_noe_fail,last,3,546.207,Player-BC81,1,0,0,0,394,0
wingman_5398e-20260930-162239_noe_fail,last,3,546.207,Player-D1B1,1,0,1,0,284,0
wingman_5398e-20260930-162239_noe_fail,last,3,546.207,Player-78D3,1,0,0,0,354,0
wingman_5398e-20260930-162239_noe_fail,last,3,546.207,Player-5B9F,1,0,0,0,186,0
wingman_5398e-20260930-162239_noe_fail,last,3,546.207,Player-2676,1,0,1,0,253,0
wingman_5398e-20260930-162239_noe_fail,last,3,546.207,Player-5276,1,0,0,0,307,0
wingman_5398e-20260930-162239_noe_fail,last,3,546.207,Player-8EE7,1,1,1,0,331,0
wingman_5398e-20260930-162239_noe_fail,last,3,546.207,Player-A65F,1,0,0,0,327,0
wingman_5398e-20260930-162239_noe_fail,last,3,546.207,Player-2C12,1,0,0,0,295,0
wingman_5398e-20260930-162239_noe_fail,last,33,576.207,Player-6CD6,1,0,0,0,555,0
wingman_5398e-20260930-162239_noe_fail,last,33,576.207,Player-BC81,0,0,0,0,234,0
wingman_5398e-20260930-162239_noe_fail,last,33,576.207,Player-D1B1,1,0,1,0,89,0
wingman_5398e-20260930-162239_noe_fail,last,33,576.207,Player-78D3,1,0,0,0,421,0
wingman_5398e-20260930-162239_noe_fail,last,33,576.207,Player-5B9F,1,0,0,0,245,0
wingman_5398e-20260930-162239_noe_fail,last,33,576.207,Player-2676,1,0,0,0,369,0
wingman_5398e-20260930-162239_noe_fail,last,33,576.207,Player-5276,0,0,0,0,198,0
wingman_5398e-20260930-162239_noe_fail,last,33,576.207,Player-8EE7,1,1,1,0,461,0
wingman_5398e-20260930-162239_noe_fail,last,33,576.207,Player-A65F,1,0,0,0,274,0
wingman_5398e-20260930-162239_noe_fail,last,33,576.207,Player-2C12,1,0,0,0,300,0
wingman_8d411-20260930-191421_noe_fail,early,,2.993,Player-1496,1,0,0,0,4,0
wingman_8d411-20260930-191421_noe_fail,early,,2.993,Player-5FDF,1,0,0,0,4877,0
wingman_8d411-20260930-191421_noe_fail,early,,2.993,Player-582D,1,0,0,0,4877,0
wingman_8d411-20260930-191421_noe_fail,early,,2.993,Player-ACE4,1,1,1,0,2785,0
wingman_8d411-20260930-191421_noe_fail,early,,2.993,Account-2138,1,0,0,0,4868,0
wingman_8d411-20260930-191421_noe_fail,early,,2.993,Player-594D,1,0,0,0,4859,0
wingman_8d411-20260930-191421_noe_fail,early,,2.993,Player-559E,1,0,0,0,4832,0
wingman_8d411-20260930-191421_noe_fail,early,,2.993,Player-F42D,1,0,0,0,4854,0
wingman_8d411-20260930-191421_noe_fail,early,,2.993,Player-ECEC,1,0,0,0,4864,0
wingman_8d411-20260930-191421_noe_fail,early,,2.993,Player-9A42,1,0,0,0,4844,0
wingman_8d411-20260930-191421_noe_fail,early,,50.475,Player-1496,1,0,1,0,335,0
wingman_8d411-20260930-191421_noe_fail,early,,50.475,Player-5FDF,1,0,0,0,404,0
wingman_8d411-20260930-191421_noe_fail,early,,50.475,Player-582D,1,0,0,0,455,0
wingman_8d411-20260930-191421_noe_fail,early,,50.475,Player-ACE4,1,1,1,0,462,0
wingman_8d411-20260930-191421_noe_fail,early,,50.475,Account-2138,1,0,1,0,368,0
wingman_8d411-20260930-191421_noe_fail,early,,50.475,Player-594D,1,0,0,0,384,0
wingman_8d411-20260930-191421_noe_fail,early,,50.475,Player-559E,1,0,0,0,473,0
wingman_8d411-20260930-191421_noe_fail,early,,50.475,Player-F42D,1,0,0,0,452,0
wingman_8d411-20260930-191421_noe_fail,early,,50.475,Player-ECEC,1,0,0,0,413,0
wingman_8d411-20260930-191421_noe_fail,early,,50.475,Player-9A42,1,0,0,0,397,0
wingman_8d411-20260930-191421_noe_fail,early,,95.433,Player-1496,1,0,1,0,227,0
wingman_8d411-20260930-191421_noe_fail,early,,95.433,Player-5FDF,1,0,0,0,472,0
wingman_8d411-20260930-191421_noe_fail,early,,95.433,Player-582D,1,0,0,0,359,0
wingman_8d411-20260930-191421_noe_fail,early,,95.433,Player-ACE4,1,0,0,0,564,0
wingman_8d411-20260930-191421_noe_fail,early,,95.433,Account-2138,1,0,1,0,216,0
wingman_8d411-20260930-191421_noe_fail,early,,95.433,Player-594D,1,1,1,0,558,0
wingman_8d411-20260930-191421_noe_fail,early,,95.433,Player-559E,1,0,0,0,272,0
wingman_8d411-20260930-191421_noe_fail,early,,95.433,Player-F42D,1,0,0,0,578,0
wingman_8d411-20260930-191421_noe_fail,early,,95.433,Player-ECEC,1,0,0,0,241,0
wingman_8d411-20260930-191421_noe_fail,early,,95.433,Player-9A42,1,0,0,0,427,0
wingman_8d411-20260930-191421_noe_fail,early,,145.077,Player-1496,1,0,0,0,234,0
wingman_8d411-20260930-191421_noe_fail,early,,145.077,Player-5FDF,1,0,0,0,232,0
wingman_8d411-20260930-191421_noe_fail,early,,145.077,Player-582D,1,0,1,0,172,0
wingman_8d411-20260930-191421_noe_fail,early,,145.077,Player-ACE4,1,0,0,0,390,0
wingman_8d411-20260930-191421_noe_fail,early,,145.077,Account-2138,1,0,1,0,205,0
wingman_8d411-20260930-191421_noe_fail,early,,145.077,Player-594D,1,0,0,0,323,0
wingman_8d411-20260930-191421_noe_fail,early,,145.077,Player-559E,1,1,1,0,366,0
wingman_8d411-20260930-191421_noe_fail,early,,145.077,Player-F42D,1,0,0,0,329,0
wingman_8d411-20260930-191421_noe_fail,early,,145.077,Player-ECEC,1,0,0,0,307,0
wingman_8d411-20260930-191421_noe_fail,early,,145.077,Player-9A42,1,0,0,0,396,0
wingman_8d411-20260930-191421_noe_fail,early,,200.161,Player-1496,1,0,1,0,219,0
wingman_8d411-20260930-191421_noe_fail,early,,200.161,Player-5FDF,1,0,0,0,405,0
wingman_8d411-20260930-191421_noe_fail,early,,200.161,Player-582D,1,0,0,0,324,0
wingman_8d411-20260930-191421_noe_fail,early,,200.161,Player-ACE4,1,0,0,0,571,0
wingman_8d411-20260930-191421_noe_fail,early,,200.161,Account-2138,1,0,1,0,231,0
wingman_8d411-20260930-191421_noe_fail,early,,200.161,Player-594D,1,0,0,0,467,0
wingman_8d411-20260930-191421_noe_fail,early,,200.161,Player-559E,1,1,1,0,553,0
wingman_8d411-20260930-191421_noe_fail,early,,200.161,Player-F42D,1,0,0,0,592,0
wingman_8d411-20260930-191421_noe_fail,early,,200.161,Player-ECEC,1,0,0,0,385,0
wingman_8d411-20260930-191421_noe_fail,early,,200.161,Player-9A42,1,0,0,0,373,0
wingman_8d411-20260930-191421_noe_fail,early,,261.203,Player-1496,1,0,1,0,219,0
wingman_8d411-20260930-191421_noe_fail,early,,261.203,Player-5FDF,1,0,0,0,470,0
wingman_8d411-20260930-191421_noe_fail,early,,261.203,Player-582D,1,0,0,0,620,0
wingman_8d411-20260930-191421_noe_fail,early,,261.203,Player-ACE4,1,0,0,0,368,0
wingman_8d411-20260930-191421_noe_fail,early,,261.203,Account-2138,1,0,0,0,293,0
wingman_8d411-20260930-191421_noe_fail,early,,261.203,Player-594D,1,0,1,0,282,0
wingman_8d411-20260930-191421_noe_fail,early,,261.203,Player-559E,1,1,1,0,207,0
wingman_8d411-20260930-191421_noe_fail,early,,261.203,Player-F42D,1,0,0,0,590,0
wingman_8d411-20260930-191421_noe_fail,early,,261.203,Player-ECEC,1,0,0,0,331,0
wingman_8d411-20260930-191421_noe_fail,early,,261.203,Player-9A42,0,0,0,0,1373,0
wingman_8d411-20260930-191421_noe_fail,early,,308.005,Player-1496,1,0,1,0,253,0
wingman_8d411-20260930-191421_noe_fail,early,,308.005,Player-5FDF,1,0,0,0,350,0
wingman_8d411-20260930-191421_noe_fail,early,,308.005,Player-582D,1,0,1,0,259,0
wingman_8d411-20260930-191421_noe_fail,early,,308.005,Player-ACE4,1,0,0,0,509,0
wingman_8d411-20260930-191421_noe_fail,early,,308.005,Account-2138,1,1,1,0,423,0
wingman_8d411-20260930-191421_noe_fail,early,,308.005,Player-594D,1,0,0,0,327,0
wingman_8d411-20260930-191421_noe_fail,early,,308.005,Player-559E,1,0,0,0,550,0
wingman_8d411-20260930-191421_noe_fail,early,,308.005,Player-F42D,1,0,0,0,534,0
wingman_8d411-20260930-191421_noe_fail,early,,308.005,Player-ECEC,1,0,0,0,268,0
wingman_8d411-20260930-191421_noe_fail,early,,308.005,Player-9A42,1,0,0,0,422,0
wingman_8d411-20260930-191421_noe_fail,early,,358.275,Player-1496,1,0,1,0,277,0
wingman_8d411-20260930-191421_noe_fail,early,,358.275,Player-5FDF,1,0,0,0,439,0
wingman_8d411-20260930-191421_noe_fail,early,,358.275,Player-582D,1,0,0,0,717,0
wingman_8d411-20260930-191421_noe_fail,early,,358.275,Player-ACE4,1,0,0,0,947,0
wingman_8d411-20260930-191421_noe_fail,early,,358.275,Account-2138,1,1,1,0,844,0
wingman_8d411-20260930-191421_noe_fail,early,,358.275,Player-594D,1,0,1,0,231,0
wingman_8d411-20260930-191421_noe_fail,early,,358.275,Player-559E,1,0,0,0,657,0
wingman_8d411-20260930-191421_noe_fail,early,,358.275,Player-F42D,1,0,0,0,612,0
wingman_8d411-20260930-191421_noe_fail,early,,358.275,Player-ECEC,1,0,0,0,668,0
wingman_8d411-20260930-191421_noe_fail,early,,358.275,Player-9A42,1,0,0,0,469,0
wingman_8d411-20260930-191421_noe_fail,early,,411.8,Player-1496,1,0,0,0,481,0
wingman_8d411-20260930-191421_noe_fail,early,,411.8,Player-5FDF,1,0,0,0,747,0
wingman_8d411-20260930-191421_noe_fail,early,,411.8,Player-582D,1,0,0,0,757,0
wingman_8d411-20260930-191421_noe_fail,early,,411.8,Player-ACE4,1,1,1,0,862,0
wingman_8d411-20260930-191421_noe_fail,early,,411.8,Account-2138,1,0,0,0,762,0
wingman_8d411-20260930-191421_noe_fail,early,,411.8,Player-594D,1,0,1,0,414,0
wingman_8d411-20260930-191421_noe_fail,early,,411.8,Player-559E,1,0,1,0,310,0
wingman_8d411-20260930-191421_noe_fail,early,,411.8,Player-F42D,1,0,0,0,904,0
wingman_8d411-20260930-191421_noe_fail,early,,411.8,Player-ECEC,1,0,0,0,669,0
wingman_8d411-20260930-191421_noe_fail,early,,411.8,Player-9A42,1,0,0,0,722,0
wingman_8d411-20260930-191421_noe_fail,early,,458.797,Player-1496,1,0,1,0,314,0
wingman_8d411-20260930-191421_noe_fail,early,,458.797,Player-5FDF,1,1,1,0,246,0
wingman_8d411-20260930-191421_noe_fail,early,,458.797,Player-582D,1,0,0,0,314,0
wingman_8d411-20260930-191421_noe_fail,early,,458.797,Player-ACE4,1,0,0,0,433,0
wingman_8d411-20260930-191421_noe_fail,early,,458.797,Account-2138,1,0,0,0,265,0
wingman_8d411-20260930-191421_noe_fail,early,,458.797,Player-594D,1,0,1,0,138,0
wingman_8d411-20260930-191421_noe_fail,early,,458.797,Player-559E,1,0,0,0,268,0
wingman_8d411-20260930-191421_noe_fail,early,,458.797,Player-F42D,1,0,0,0,267,0
wingman_8d411-20260930-191421_noe_fail,early,,458.797,Player-ECEC,1,0,0,0,410,0
wingman_8d411-20260930-191421_noe_fail,early,,458.797,Player-9A42,1,0,0,0,367,0
wingman_8d411-20260930-191421_noe_fail,last,3,532.313,Player-1496,1,0,0,0,256,0
wingman_8d411-20260930-191421_noe_fail,last,3,532.313,Player-5FDF,1,0,0,0,347,0
wingman_8d411-20260930-191421_noe_fail,last,3,532.313,Player-582D,1,0,0,0,317,0
wingman_8d411-20260930-191421_noe_fail,last,3,532.313,Player-ACE4,1,0,0,0,415,0
wingman_8d411-20260930-191421_noe_fail,last,3,532.313,Account-2138,1,0,1,0,240,0
wingman_8d411-20260930-191421_noe_fail,last,3,532.313,Player-594D,1,0,1,0,262,0
wingman_8d411-20260930-191421_noe_fail,last,3,532.313,Player-559E,1,0,0,0,313,0
wingman_8d411-20260930-191421_noe_fail,last,3,532.313,Player-F42D,1,0,0,0,429,0
wingman_8d411-20260930-191421_noe_fail,last,3,532.313,Player-ECEC,1,1,1,0,237,0
wingman_8d411-20260930-191421_noe_fail,last,3,532.313,Player-9A42,1,0,0,0,329,0
wingman_8d411-20260930-191421_noe_fail,last,33,562.313,Player-1496,1,0,1,0,251,0
wingman_8d411-20260930-191421_noe_fail,last,33,562.313,Player-5FDF,1,0,0,0,525,0
wingman_8d411-20260930-191421_noe_fail,last,33,562.313,Player-582D,1,0,0,0,383,0
wingman_8d411-20260930-191421_noe_fail,last,33,562.313,Player-ACE4,1,1,1,0,355,0
wingman_8d411-20260930-191421_noe_fail,last,33,562.313,Account-2138,1,0,0,0,331,0
wingman_8d411-20260930-191421_noe_fail,last,33,562.313,Player-594D,1,0,1,0,248,0
wingman_8d411-20260930-191421_noe_fail,last,33,562.313,Player-559E,1,0,0,0,375,0
wingman_8d411-20260930-191421_noe_fail,last,33,562.313,Player-F42D,1,0,0,0,395,0
wingman_8d411-20260930-191421_noe_fail,last,33,562.313,Player-ECEC,1,0,0,0,435,0
wingman_8d411-20260930-191421_noe_fail,last,33,562.313,Player-9A42,1,0,0,0,355,0
wingman_c654b-20260930-172031_noe_fail,early,,2.709,Player-6CD6,1,0,0,0,4444,0
wingman_c654b-20260930-172031_noe_fail,early,,2.709,Player-BC81,1,0,0,0,4494,0
wingman_c654b-20260930-172031_noe_fail,early,,2.709,Player-D1B1,1,0,0,0,4478,0
wingman_c654b-20260930-172031_noe_fail,early,,2.709,Player-78D3,1,0,0,0,4562,0
wingman_c654b-20260930-172031_noe_fail,early,,2.709,Player-4E6D,1,0,0,0,4517,0
wingman_c654b-20260930-172031_noe_fail,early,,2.709,Player-2676,1,0,0,0,4444,0
wingman_c654b-20260930-172031_noe_fail,early,,2.709,Player-8EE7,1,0,0,0,4421,0
wingman_c654b-20260930-172031_noe_fail,early,,2.709,Player-C7EB,1,0,0,0,4478,0
wingman_c654b-20260930-172031_noe_fail,early,,2.709,Player-A65F,1,1,1,0,2536,0
wingman_c654b-20260930-172031_noe_fail,early,,2.709,Player-2C12,1,0,0,0,4483,0
wingman_c654b-20260930-172031_noe_fail,early,,49.873,Player-6CD6,1,0,0,0,538,0
wingman_c654b-20260930-172031_noe_fail,early,,49.873,Player-BC81,1,0,0,0,538,0
wingman_c654b-20260930-172031_noe_fail,early,,49.873,Player-D1B1,1,0,0,0,348,0
wingman_c654b-20260930-172031_noe_fail,early,,49.873,Player-78D3,1,0,1,0,361,0
wingman_c654b-20260930-172031_noe_fail,early,,49.873,Player-4E6D,1,0,0,0,408,0
wingman_c654b-20260930-172031_noe_fail,early,,49.873,Player-2676,1,0,0,0,434,0
wingman_c654b-20260930-172031_noe_fail,early,,49.873,Player-8EE7,1,0,0,0,374,0
wingman_c654b-20260930-172031_noe_fail,early,,49.873,Player-C7EB,1,0,0,0,448,0
wingman_c654b-20260930-172031_noe_fail,early,,49.873,Player-A65F,1,1,1,0,534,0
wingman_c654b-20260930-172031_noe_fail,early,,49.873,Player-2C12,1,0,1,0,196,0
wingman_c654b-20260930-172031_noe_fail,early,,94.357,Player-6CD6,1,0,0,0,333,0
wingman_c654b-20260930-172031_noe_fail,early,,94.357,Player-BC81,1,0,0,0,491,0
wingman_c654b-20260930-172031_noe_fail,early,,94.357,Player-D1B1,1,0,0,0,245,0
wingman_c654b-20260930-172031_noe_fail,early,,94.357,Player-78D3,1,0,1,0,231,0
wingman_c654b-20260930-172031_noe_fail,early,,94.357,Player-4E6D,1,0,0,0,436,0
wingman_c654b-20260930-172031_noe_fail,early,,94.357,Player-2676,1,0,0,0,415,0
wingman_c654b-20260930-172031_noe_fail,early,,94.357,Player-8EE7,1,0,0,0,368,0
wingman_c654b-20260930-172031_noe_fail,early,,94.357,Player-C7EB,1,1,1,0,519,0
wingman_c654b-20260930-172031_noe_fail,early,,94.357,Player-A65F,1,0,0,0,447,0
wingman_c654b-20260930-172031_noe_fail,early,,94.357,Player-2C12,1,0,1,0,184,0
wingman_c654b-20260930-172031_noe_fail,early,,151.705,Player-6CD6,1,0,0,0,363,0
wingman_c654b-20260930-172031_noe_fail,early,,151.705,Player-BC81,1,0,0,0,471,0
wingman_c654b-20260930-172031_noe_fail,early,,151.705,Player-D1B1,1,0,0,0,367,0
wingman_c654b-20260930-172031_noe_fail,early,,151.705,Player-78D3,1,0,1,0,181,0
wingman_c654b-20260930-172031_noe_fail,early,,151.705,Player-4E6D,1,1,1,0,290,0
wingman_c654b-20260930-172031_noe_fail,early,,151.705,Player-2676,1,0,0,0,335,0
wingman_c654b-20260930-172031_noe_fail,early,,151.705,Player-8EE7,1,0,0,0,378,0
wingman_c654b-20260930-172031_noe_fail,early,,151.705,Player-C7EB,1,0,0,0,238,0
wingman_c654b-20260930-172031_noe_fail,early,,151.705,Player-A65F,1,0,0,0,402,0
wingman_c654b-20260930-172031_noe_fail,early,,151.705,Player-2C12,1,0,1,0,69,0
wingman_c654b-20260930-172031_noe_fail,early,,206.785,Player-6CD6,1,0,0,0,651,0
wingman_c654b-20260930-172031_noe_fail,early,,206.785,Player-BC81,1,0,0,0,588,0
wingman_c654b-20260930-172031_noe_fail,early,,206.785,Player-D1B1,1,0,0,0,441,0
wingman_c654b-20260930-172031_noe_fail,early,,206.785,Player-78D3,1,0,1,0,409,0
wingman_c654b-20260930-172031_noe_fail,early,,206.785,Player-4E6D,1,1,1,0,833,0
wingman_c654b-20260930-172031_noe_fail,early,,206.785,Player-2676,1,0,0,0,534,0
wingman_c654b-20260930-172031_noe_fail,early,,206.785,Player-8EE7,1,0,0,0,708,0
wingman_c654b-20260930-172031_noe_fail,early,,206.785,Player-C7EB,1,0,0,0,608,0
wingman_c654b-20260930-172031_noe_fail,early,,206.785,Player-A65F,1,0,0,0,508,0
wingman_c654b-20260930-172031_noe_fail,early,,206.785,Player-2C12,1,0,1,0,296,0
wingman_c654b-20260930-172031_noe_fail,early,,251.395,Player-6CD6,1,0,1,0,296,0
wingman_c654b-20260930-172031_noe_fail,early,,251.395,Player-BC81,1,0,0,0,499,0
wingman_c654b-20260930-172031_noe_fail,early,,251.395,Player-D1B1,1,0,0,0,358,0
wingman_c654b-20260930-172031_noe_fail,early,,251.395,Player-78D3,1,1,1,0,365,0
wingman_c654b-20260930-172031_noe_fail,early,,251.395,Player-4E6D,1,0,0,0,489,0
wingman_c654b-20260930-172031_noe_fail,early,,251.395,Player-2676,1,0,0,0,410,0
wingman_c654b-20260930-172031_noe_fail,early,,251.395,Player-8EE7,1,0,0,0,430,0
wingman_c654b-20260930-172031_noe_fail,early,,251.395,Player-C7EB,1,0,1,0,337,0
wingman_c654b-20260930-172031_noe_fail,early,,251.395,Player-A65F,1,0,0,0,372,0
wingman_c654b-20260930-172031_noe_fail,early,,251.395,Player-2C12,1,0,0,0,376,0
wingman_c654b-20260930-172031_noe_fail,early,,305.785,Player-6CD6,1,0,0,0,279,0
wingman_c654b-20260930-172031_noe_fail,early,,305.785,Player-BC81,1,0,0,0,343,0
wingman_c654b-20260930-172031_noe_fail,early,,305.785,Player-D1B1,1,0,0,0,473,0
wingman_c654b-20260930-172031_noe_fail,early,,305.785,Player-78D3,1,0,1,0,144,0
wingman_c654b-20260930-172031_noe_fail,early,,305.785,Player-4E6D,1,0,0,0,511,0
wingman_c654b-20260930-172031_noe_fail,early,,305.785,Player-2676,1,0,0,0,361,0
wingman_c654b-20260930-172031_noe_fail,early,,305.785,Player-8EE7,1,1,1,0,585,0
wingman_c654b-20260930-172031_noe_fail,early,,305.785,Player-C7EB,1,0,0,0,328,0
wingman_c654b-20260930-172031_noe_fail,early,,305.785,Player-A65F,1,0,0,0,498,0
wingman_c654b-20260930-172031_noe_fail,early,,305.785,Player-2C12,1,0,1,0,133,0
wingman_c654b-20260930-172031_noe_fail,early,,353.143,Player-6CD6,1,0,0,0,278,0
wingman_c654b-20260930-172031_noe_fail,early,,353.143,Player-BC81,1,0,0,0,338,0
wingman_c654b-20260930-172031_noe_fail,early,,353.143,Player-D1B1,1,0,0,0,210,0
wingman_c654b-20260930-172031_noe_fail,early,,353.143,Player-78D3,1,0,1,0,174,0
wingman_c654b-20260930-172031_noe_fail,early,,353.143,Player-4E6D,1,0,0,0,206,0
wingman_c654b-20260930-172031_noe_fail,early,,353.143,Player-2676,1,0,1,0,92,0
wingman_c654b-20260930-172031_noe_fail,early,,353.143,Player-8EE7,1,1,1,0,125,0
wingman_c654b-20260930-172031_noe_fail,early,,353.143,Player-C7EB,1,0,0,0,116,0
wingman_c654b-20260930-172031_noe_fail,early,,353.143,Player-A65F,1,0,0,0,243,0
wingman_c654b-20260930-172031_noe_fail,early,,353.143,Player-2C12,1,0,0,0,195,0
wingman_c654b-20260930-172031_noe_fail,early,,400.911,Player-6CD6,1,0,0,0,713,0
wingman_c654b-20260930-172031_noe_fail,early,,400.911,Player-BC81,1,0,0,0,616,0
wingman_c654b-20260930-172031_noe_fail,early,,400.911,Player-D1B1,1,0,0,0,710,0
wingman_c654b-20260930-172031_noe_fail,early,,400.911,Player-78D3,1,0,1,0,529,0
wingman_c654b-20260930-172031_noe_fail,early,,400.911,Player-4E6D,1,0,0,0,670,0
wingman_c654b-20260930-172031_noe_fail,early,,400.911,Player-2676,1,0,0,0,693,0
wingman_c654b-20260930-172031_noe_fail,early,,400.911,Player-8EE7,1,1,1,0,745,0
wingman_c654b-20260930-172031_noe_fail,early,,400.911,Player-C7EB,1,0,0,0,759,0
wingman_c654b-20260930-172031_noe_fail,early,,400.911,Player-A65F,1,0,0,0,801,0
wingman_c654b-20260930-172031_noe_fail,early,,400.911,Player-2C12,1,0,1,0,415,0
wingman_c654b-20260930-172031_noe_fail,early,,445.825,Player-6CD6,1,0,0,0,178,0
wingman_c654b-20260930-172031_noe_fail,early,,445.825,Player-BC81,1,0,1,0,127,0
wingman_c654b-20260930-172031_noe_fail,early,,445.825,Player-D1B1,1,0,0,0,190,0
wingman_c654b-20260930-172031_noe_fail,early,,445.825,Player-78D3,1,0,0,0,158,0
wingman_c654b-20260930-172031_noe_fail,early,,445.825,Player-4E6D,1,0,0,0,263,0
wingman_c654b-20260930-172031_noe_fail,early,,445.825,Player-2676,1,0,0,0,175,0
wingman_c654b-20260930-172031_noe_fail,early,,445.825,Player-8EE7,1,1,1,0,111,0
wingman_c654b-20260930-172031_noe_fail,early,,445.825,Player-C7EB,1,0,0,0,213,0
wingman_c654b-20260930-172031_noe_fail,early,,445.825,Player-A65F,1,0,0,0,266,0
wingman_c654b-20260930-172031_noe_fail,early,,445.825,Player-2C12,1,0,1,0,127,0
wingman_c654b-20260930-172031_noe_fail,last,3,500.389,Player-6CD6,1,0,0,0,408,0
wingman_c654b-20260930-172031_noe_fail,last,3,500.389,Player-BC81,1,1,1,0,448,0
wingman_c654b-20260930-172031_noe_fail,last,3,500.389,Player-D1B1,1,0,0,0,387,0
wingman_c654b-20260930-172031_noe_fail,last,3,500.389,Player-78D3,1,0,1,0,174,0
wingman_c654b-20260930-172031_noe_fail,last,3,500.389,Player-4E6D,1,0,0,0,495,0
wingman_c654b-20260930-172031_noe_fail,last,3,500.389,Player-2676,1,0,1,0,291,0
wingman_c654b-20260930-172031_noe_fail,last,3,500.389,Player-8EE7,1,0,0,0,438,0
wingman_c654b-20260930-172031_noe_fail,last,3,500.389,Player-C7EB,1,0,0,0,378,0
wingman_c654b-20260930-172031_noe_fail,last,3,500.389,Player-A65F,1,0,0,0,388,0
wingman_c654b-20260930-172031_noe_fail,last,3,500.389,Player-2C12,1,0,0,0,162,0
wingman_c654b-20260930-172031_noe_fail,last,33,530.389,Player-6CD6,1,0,0,0,218,0
wingman_c654b-20260930-172031_noe_fail,last,33,530.389,Player-BC81,0,0,0,0,274,0
wingman_c654b-20260930-172031_noe_fail,last,33,530.389,Player-D1B1,1,0,0,0,499,0
wingman_c654b-20260930-172031_noe_fail,last,33,530.389,Player-78D3,0,0,0,0,568,0
wingman_c654b-20260930-172031_noe_fail,last,33,530.389,Player-4E6D,1,0,1,0,482,0
wingman_c654b-20260930-172031_noe_fail,last,33,530.389,Player-2676,1,0,0,0,159,0
wingman_c654b-20260930-172031_noe_fail,last,33,530.389,Player-8EE7,1,0,0,0,490,0
wingman_c654b-20260930-172031_noe_fail,last,33,530.389,Player-C7EB,1,0,0,0,626,0
wingman_c654b-20260930-172031_noe_fail,last,33,530.389,Player-A65F,1,0,0,0,512,0
wingman_c654b-20260930-172031_noe_fail,last,33,530.389,Player-2C12,1,0,1,0,232,0
wingman_eadca-Account-7C4C_20261001-001023_noe_fail,early,,2.526,Player-D488,1,0,0,0,4611,0
wingman_eadca-Account-7C4C_20261001-001023_noe_fail,early,,2.526,Player-CF48,1,1,1,0,295,0
wingman_eadca-Account-7C4C_20261001-001023_noe_fail,early,,2.526,Player-D132,1,0,0,0,4588,0
wingman_eadca-Account-7C4C_20261001-001023_noe_fail,early,,2.526,Player-582B,1,0,0,0,4525,0
wingman_eadca-Account-7C4C_20261001-001023_noe_fail,early,,2.526,Player-247A,1,0,0,0,4669,0
wingman_eadca-Account-7C4C_20261001-001023_noe_fail,early,,2.526,Player-6E8F,1,0,0,0,4623,0
wingman_eadca-Account-7C4C_20261001-001023_noe_fail,early,,2.526,Player-BC75,1,0,0,0,4587,0
wingman_eadca-Account-7C4C_20261001-001023_noe_fail,early,,2.526,Player-44A2,1,0,0,0,4601,0
wingman_eadca-Account-7C4C_20261001-001023_noe_fail,early,,2.526,Player-700E,1,0,0,0,4521,0
wingman_eadca-Account-7C4C_20261001-001023_noe_fail,early,,2.526,Player-55E0,1,0,0,0,4634,0
wingman_eadca-Account-7C4C_20261001-001023_noe_fail,early,,49.52,Player-D488,1,0,0,0,508,0
wingman_eadca-Account-7C4C_20261001-001023_noe_fail,early,,49.52,Player-CF48,1,1,1,0,377,0
wingman_eadca-Account-7C4C_20261001-001023_noe_fail,early,,49.52,Player-D132,1,0,0,0,397,0
wingman_eadca-Account-7C4C_20261001-001023_noe_fail,early,,49.52,Player-582B,1,0,0,0,375,0
wingman_eadca-Account-7C4C_20261001-001023_noe_fail,early,,49.52,Player-247A,1,0,1,0,327,0
wingman_eadca-Account-7C4C_20261001-001023_noe_fail,early,,49.52,Player-6E8F,1,0,0,0,470,0
wingman_eadca-Account-7C4C_20261001-001023_noe_fail,early,,49.52,Player-BC75,1,0,0,0,459,0
wingman_eadca-Account-7C4C_20261001-001023_noe_fail,early,,49.52,Player-44A2,1,0,0,0,554,0
wingman_eadca-Account-7C4C_20261001-001023_noe_fail,early,,49.52,Player-700E,1,0,1,0,372,0
wingman_eadca-Account-7C4C_20261001-001023_noe_fail,early,,49.52,Player-55E0,1,0,0,0,568,0
wingman_eadca-Account-7C4C_20261001-001023_noe_fail,early,,94.164,Player-D488,1,0,0,0,563,0
wingman_eadca-Account-7C4C_20261001-001023_noe_fail,early,,94.164,Player-CF48,1,0,0,0,435,0
wingman_eadca-Account-7C4C_20261001-001023_noe_fail,early,,94.164,Player-D132,1,0,0,0,384,0
wingman_eadca-Account-7C4C_20261001-001023_noe_fail,early,,94.164,Player-582B,1,0,0,0,422,0
wingman_eadca-Account-7C4C_20261001-001023_noe_fail,early,,94.164,Player-247A,1,0,1,0,240,0
wingman_eadca-Account-7C4C_20261001-001023_noe_fail,early,,94.164,Player-6E8F,1,0,1,0,234,0
wingman_eadca-Account-7C4C_20261001-001023_noe_fail,early,,94.164,Player-BC75,1,0,0,0,384,0
wingman_eadca-Account-7C4C_20261001-001023_noe_fail,early,,94.164,Player-44A2,1,0,0,0,398,0
wingman_eadca-Account-7C4C_20261001-001023_noe_fail,early,,94.164,Player-700E,1,1,1,0,400,0
wingman_eadca-Account-7C4C_20261001-001023_noe_fail,early,,94.164,Player-55E0,1,0,0,0,493,0
wingman_eadca-Account-7C4C_20261001-001023_noe_fail,early,,145.762,Player-D488,1,0,0,0,402,0
wingman_eadca-Account-7C4C_20261001-001023_noe_fail,early,,145.762,Player-CF48,1,0,0,0,366,0
wingman_eadca-Account-7C4C_20261001-001023_noe_fail,early,,145.762,Player-D132,1,0,0,0,330,0
wingman_eadca-Account-7C4C_20261001-001023_noe_fail,early,,145.762,Player-582B,1,0,0,0,365,0
wingman_eadca-Account-7C4C_20261001-001023_noe_fail,early,,145.762,Player-247A,1,0,1,0,144,0
wingman_eadca-Account-7C4C_20261001-001023_noe_fail,early,,145.762,Player-6E8F,1,0,1,0,101,0
wingman_eadca-Account-7C4C_20261001-001023_noe_fail,early,,145.762,Player-BC75,1,0,0,0,359,0
wingman_eadca-Account-7C4C_20261001-001023_noe_fail,early,,145.762,Player-44A2,1,1,1,0,348,0
wingman_eadca-Account-7C4C_20261001-001023_noe_fail,early,,145.762,Player-700E,1,0,0,0,423,0
wingman_eadca-Account-7C4C_20261001-001023_noe_fail,early,,145.762,Player-55E0,1,0,0,0,331,0
wingman_eadca-Account-7C4C_20261001-001023_noe_fail,early,,200.958,Player-D488,1,0,0,0,655,0
wingman_eadca-Account-7C4C_20261001-001023_noe_fail,early,,200.958,Player-CF48,1,0,0,0,607,0
wingman_eadca-Account-7C4C_20261001-001023_noe_fail,early,,200.958,Player-D132,1,0,1,0,383,0
wingman_eadca-Account-7C4C_20261001-001023_noe_fail,early,,200.958,Player-582B,1,0,0,0,564,0
wingman_eadca-Account-7C4C_20261001-001023_noe_fail,early,,200.958,Player-247A,1,0,0,0,541,0
wingman_eadca-Account-7C4C_20261001-001023_noe_fail,early,,200.958,Player-6E8F,1,0,1,0,433,0
wingman_eadca-Account-7C4C_20261001-001023_noe_fail,early,,200.958,Player-BC75,1,0,0,0,441,0
wingman_eadca-Account-7C4C_20261001-001023_noe_fail,early,,200.958,Player-44A2,1,0,0,0,388,0
wingman_eadca-Account-7C4C_20261001-001023_noe_fail,early,,200.958,Player-700E,1,0,0,0,464,0
wingman_eadca-Account-7C4C_20261001-001023_noe_fail,early,,200.958,Player-55E0,1,1,1,0,452,0
wingman_eadca-Account-7C4C_20261001-001023_noe_fail,early,,247.118,Player-D488,1,0,1,0,118,0
wingman_eadca-Account-7C4C_20261001-001023_noe_fail,early,,247.118,Player-CF48,1,1,1,0,449,0
wingman_eadca-Account-7C4C_20261001-001023_noe_fail,early,,247.118,Player-D132,1,0,0,0,215,0
wingman_eadca-Account-7C4C_20261001-001023_noe_fail,early,,247.118,Player-582B,1,0,0,0,206,0
wingman_eadca-Account-7C4C_20261001-001023_noe_fail,early,,247.118,Player-247A,1,0,0,0,156,0
wingman_eadca-Account-7C4C_20261001-001023_noe_fail,early,,247.118,Player-6E8F,1,0,1,0,137,0
wingman_eadca-Account-7C4C_20261001-001023_noe_fail,early,,247.118,Player-BC75,1,0,0,0,356,0
wingman_eadca-Account-7C4C_20261001-001023_noe_fail,early,,247.118,Player-44A2,1,0,0,0,193,0
wingman_eadca-Account-7C4C_20261001-001023_noe_fail,early,,247.118,Player-700E,1,0,0,0,202,0
wingman_eadca-Account-7C4C_20261001-001023_noe_fail,early,,247.118,Player-55E0,1,0,0,0,188,0
wingman_eadca-Account-7C4C_20261001-001023_noe_fail,early,,310.36,Player-D488,1,0,0,0,607,0
wingman_eadca-Account-7C4C_20261001-001023_noe_fail,early,,310.36,Player-CF48,1,0,0,0,496,0
wingman_eadca-Account-7C4C_20261001-001023_noe_fail,early,,310.36,Player-D132,1,0,0,0,595,0
wingman_eadca-Account-7C4C_20261001-001023_noe_fail,early,,310.36,Player-582B,1,0,0,0,491,0
wingman_eadca-Account-7C4C_20261001-001023_noe_fail,early,,310.36,Player-247A,1,0,1,0,228,0
wingman_eadca-Account-7C4C_20261001-001023_noe_fail,early,,310.36,Player-6E8F,1,0,1,0,249,0
wingman_eadca-Account-7C4C_20261001-001023_noe_fail,early,,310.36,Player-BC75,1,0,0,0,525,0
wingman_eadca-Account-7C4C_20261001-001023_noe_fail,early,,310.36,Player-44A2,1,0,0,0,573,0
wingman_eadca-Account-7C4C_20261001-001023_noe_fail,early,,310.36,Player-700E,1,1,1,0,754,0
wingman_eadca-Account-7C4C_20261001-001023_noe_fail,early,,310.36,Player-55E0,1,0,0,0,565,0
wingman_eadca-Account-7C4C_20261001-001023_noe_fail,early,,357.63,Player-D488,1,0,0,0,560,0
wingman_eadca-Account-7C4C_20261001-001023_noe_fail,early,,357.63,Player-CF48,1,0,1,0,209,0
wingman_eadca-Account-7C4C_20261001-001023_noe_fail,early,,357.63,Player-D132,1,0,0,0,536,0
wingman_eadca-Account-7C4C_20261001-001023_noe_fail,early,,357.63,Player-582B,1,0,0,0,521,0
wingman_eadca-Account-7C4C_20261001-001023_noe_fail,early,,357.63,Player-247A,1,0,0,0,827,0
wingman_eadca-Account-7C4C_20261001-001023_noe_fail,early,,357.63,Player-6E8F,1,0,1,0,176,0
wingman_eadca-Account-7C4C_20261001-001023_noe_fail,early,,357.63,Player-BC75,1,0,0,0,421,0
wingman_eadca-Account-7C4C_20261001-001023_noe_fail,early,,357.63,Player-44A2,1,0,0,0,850,0
wingman_eadca-Account-7C4C_20261001-001023_noe_fail,early,,357.63,Player-700E,1,1,1,0,210,0
wingman_eadca-Account-7C4C_20261001-001023_noe_fail,early,,357.63,Player-55E0,1,0,0,0,320,0
wingman_eadca-Account-7C4C_20261001-001023_noe_fail,early,,403.634,Player-D488,1,0,0,0,711,0
wingman_eadca-Account-7C4C_20261001-001023_noe_fail,early,,403.634,Player-CF48,1,0,0,0,646,0
wingman_eadca-Account-7C4C_20261001-001023_noe_fail,early,,403.634,Player-D132,1,0,0,0,666,0
wingman_eadca-Account-7C4C_20261001-001023_noe_fail,early,,403.634,Player-582B,1,0,1,0,585,0
wingman_eadca-Account-7C4C_20261001-001023_noe_fail,early,,403.634,Player-247A,1,0,0,0,743,0
wingman_eadca-Account-7C4C_20261001-001023_noe_fail,early,,403.634,Player-6E8F,1,0,0,0,698,0
wingman_eadca-Account-7C4C_20261001-001023_noe_fail,early,,403.634,Player-BC75,1,0,0,0,834,0
wingman_eadca-Account-7C4C_20261001-001023_noe_fail,early,,403.634,Player-44A2,1,1,1,0,667,0
wingman_eadca-Account-7C4C_20261001-001023_noe_fail,early,,403.634,Player-700E,1,0,1,0,618,0
wingman_eadca-Account-7C4C_20261001-001023_noe_fail,early,,403.634,Player-55E0,1,0,0,0,721,0
wingman_eadca-Account-7C4C_20261001-001023_noe_fail,early,,448.312,Player-D488,1,0,0,0,683,0
wingman_eadca-Account-7C4C_20261001-001023_noe_fail,early,,448.312,Player-CF48,1,0,1,0,403,0
wingman_eadca-Account-7C4C_20261001-001023_noe_fail,early,,448.312,Player-D132,1,0,0,0,478,0
wingman_eadca-Account-7C4C_20261001-001023_noe_fail,early,,448.312,Player-582B,1,0,0,0,515,0
wingman_eadca-Account-7C4C_20261001-001023_noe_fail,early,,448.312,Player-247A,1,1,1,0,428,0
wingman_eadca-Account-7C4C_20261001-001023_noe_fail,early,,448.312,Player-6E8F,1,0,0,0,485,0
wingman_eadca-Account-7C4C_20261001-001023_noe_fail,early,,448.312,Player-BC75,1,0,1,0,349,0
wingman_eadca-Account-7C4C_20261001-001023_noe_fail,early,,448.312,Player-44A2,0,0,0,0,349,0
wingman_eadca-Account-7C4C_20261001-001023_noe_fail,early,,448.312,Player-700E,1,0,0,0,542,0
wingman_eadca-Account-7C4C_20261001-001023_noe_fail,early,,448.312,Player-55E0,1,0,0,0,524,0
wingman_eadca-Account-7C4C_20261001-001023_noe_fail,last,3,519.704,Player-D488,1,0,0,0,424,0
wingman_eadca-Account-7C4C_20261001-001023_noe_fail,last,3,519.704,Player-CF48,1,0,0,0,408,0
wingman_eadca-Account-7C4C_20261001-001023_noe_fail,last,3,519.704,Player-D132,1,0,0,0,480,0
wingman_eadca-Account-7C4C_20261001-001023_noe_fail,last,3,519.704,Player-582B,1,0,0,0,487,0
wingman_eadca-Account-7C4C_20261001-001023_noe_fail,last,3,519.704,Player-247A,1,0,1,0,285,0
wingman_eadca-Account-7C4C_20261001-001023_noe_fail,last,3,519.704,Player-6E8F,1,0,1,0,199,0
wingman_eadca-Account-7C4C_20261001-001023_noe_fail,last,3,519.704,Player-BC75,1,0,0,0,516,0
wingman_eadca-Account-7C4C_20261001-001023_noe_fail,last,3,519.704,Player-44A2,1,0,0,0,453,0
wingman_eadca-Account-7C4C_20261001-001023_noe_fail,last,3,519.704,Player-700E,1,1,1,0,564,0
wingman_eadca-Account-7C4C_20261001-001023_noe_fail,last,3,519.704,Player-55E0,1,0,0,0,546,0
wingman_eadca-Account-7C4C_20261001-001023_noe_fail,last,33,549.704,Player-D488,0,0,0,0,997,0
wingman_eadca-Account-7C4C_20261001-001023_noe_fail,last,33,549.704,Player-CF48,1,0,0,0,1009,0
wingman_eadca-Account-7C4C_20261001-001023_noe_fail,last,33,549.704,Player-D132,1,0,0,0,402,0
wingman_eadca-Account-7C4C_20261001-001023_noe_fail,last,33,549.704,Player-582B,1,0,0,0,787,0
wingman_eadca-Account-7C4C_20261001-001023_noe_fail,last,33,549.704,Player-247A,1,0,1,0,598,0
wingman_eadca-Account-7C4C_20261001-001023_noe_fail,last,33,549.704,Player-6E8F,1,0,0,0,624,0
wingman_eadca-Account-7C4C_20261001-001023_noe_fail,last,33,549.704,Player-BC75,1,0,1,0,482,0
wingman_eadca-Account-7C4C_20261001-001023_noe_fail,last,33,549.704,Player-44A2,1,0,0,0,756,0
wingman_eadca-Account-7C4C_20261001-001023_noe_fail,last,33,549.704,Player-700E,1,1,1,0,764,0
wingman_eadca-Account-7C4C_20261001-001023_noe_fail,last,33,549.704,Player-55E0,1,0,0,0,675,0
