log,phase,tick_s,select_s,player,prof,is_holder,downed,circles_inside,dist_to_holders,ascension_before,ascension_after,ascension_lost_events,floated,had_stability,punished
20260930-211921,early,,3.0,0,Specter,1,0,1,0,10,10,0,0,1,0
20260930-211921,early,,3.0,1,Scourge,0,0,1,77,10,10,0,0,1,0
20260930-211921,early,,3.0,2,Troubadour,0,0,1,46,10,10,0,0,1,0
20260930-211921,early,,3.0,3,Scourge,0,0,1,194,10,10,0,0,1,0
20260930-211921,early,,3.0,4,Scourge,0,0,1,203,10,10,0,0,1,0
20260930-211921,early,,3.0,5,Evoker,0,0,1,44,10,10,0,0,0,0
20260930-211921,early,,3.0,6,Scourge,0,0,1,12,10,10,0,0,0,0
20260930-211921,early,,3.0,7,Scourge,0,0,1,29,10,10,0,0,0,0
20260930-211921,early,,3.0,8,Troubadour,0,0,1,19,10,10,0,0,1,0
20260930-211921,early,,3.0,9,Luminary,0,0,1,172,10,10,0,0,0,0
20260930-211921,early,,50.7,0,Specter,1,0,1,0/367/607,10,10,0,0,1,0
20260930-211921,early,,50.7,1,Scourge,0,0,1,615/358/25,10,10,0,0,1,0
20260930-211921,early,,50.7,2,Troubadour,1,0,1,607/339/0,10,10,0,0,1,0
20260930-211921,early,,50.7,3,Scourge,0,0,1,322/94/432,10,10,0,0,1,0
20260930-211921,early,,50.7,4,Scourge,0,0,1,627/340/37,10,10,0,0,1,0
20260930-211921,early,,50.7,5,Evoker,0,0,1,88/454/690,10,10,0,0,0,0
20260930-211921,early,,50.7,6,Scourge,0,0,1,338/106/445,10,10,0,0,0,0
20260930-211921,early,,50.7,7,Scourge,0,0,1,35/390/614,10,10,0,0,1,0
20260930-211921,early,,50.7,8,Troubadour,0,0,1,103/387/570,10,10,0,0,1,0
20260930-211921,early,,50.7,9,Luminary,1,0,1,367/0/339,10,10,0,0,0,0
20260930-211921,early,,95.3,0,Specter,0,0,1,43/469/403,10,10,0,0,0,0
20260930-211921,early,,95.3,1,Scourge,0,0,1,369/69/384,10,10,0,0,0,0
20260930-211921,early,,95.3,2,Troubadour,1,0,1,428/0/445,10,10,0,0,1,0
20260930-211921,early,,95.3,3,Scourge,0,0,1,370/485/69,10,10,0,0,0,0
20260930-211921,early,,95.3,4,Scourge,0,0,1,445/63/503,9,9,0,0,0,0
20260930-211921,early,,95.3,5,Evoker,1,0,1,0/428/397,10,10,0,0,0,0
20260930-211921,early,,95.3,6,Scourge,0,0,1,407/523/87,10,10,0,0,0,0
20260930-211921,early,,95.3,7,Scourge,0,0,1,413/544/110,10,10,0,0,0,0
20260930-211921,early,,95.3,8,Troubadour,0,0,1,67/475/461,10,10,0,0,1,0
20260930-211921,early,,95.3,9,Luminary,1,0,1,397/445/0,10,10,0,0,0,0
20260930-211921,early,,151.5,0,Specter,1,0,1,0/530/621,10,10,0,0,1,0
20260930-211921,early,,151.5,1,Scourge,0,0,1,674/373/53,10,10,0,0,1,0
20260930-211921,early,,151.5,2,Troubadour,1,0,1,621/339/0,10,10,0,0,1,0
20260930-211921,early,,151.5,3,Scourge,0,0,1,554/118/457,10,10,0,0,1,0
20260930-211921,early,,151.5,4,Scourge,0,0,1,632/449/124,9,9,0,0,1,0
20260930-211921,early,,151.5,5,Evoker,0,0,1,147/479/650,10,10,0,0,1,0
20260930-211921,early,,151.5,6,Scourge,0,0,1,658/131/394,10,10,0,0,1,0
20260930-211921,early,,151.5,7,Scourge,0,0,1,81/449/552,10,10,0,0,1,0
20260930-211921,early,,151.5,8,Troubadour,0,0,1,171/601/759,10,10,0,0,1,0
20260930-211921,early,,151.5,9,Luminary,1,0,1,530/0/339,10,10,0,0,1,0
20260930-211921,early,,206.5,0,Specter,1,0,1,0/461/425,10,10,0,0,1,0
20260930-211921,early,,206.5,1,Scourge,0,0,1,486/511/84,10,10,0,0,1,0
20260930-211921,early,,206.5,2,Troubadour,1,0,1,425/430/0,10,10,0,0,1,0
20260930-211921,early,,206.5,3,Scourge,0,0,1,427/35/408,10,10,0,0,1,0
20260930-211921,early,,206.5,4,Scourge,0,0,1,495/536/108,9,9,0,0,1,0
20260930-211921,early,,206.5,5,Evoker,0,0,1,456/445/31,10,10,0,0,1,0
20260930-211921,early,,206.5,6,Scourge,0,0,1,397/79/359,10,10,0,0,1,0
20260930-211921,early,,206.5,7,Scourge,0,0,1,35/469/458,10,10,0,0,1,0
20260930-211921,early,,206.5,8,Troubadour,0,0,1,111/360/343,10,10,0,0,1,0
20260930-211921,early,,206.5,9,Luminary,1,0,1,461/0/430,10,10,0,0,1,0
20260930-211921,early,,267.4,0,Specter,1,0,1,0/613/467,10,10,0,0,0,0
20260930-211921,early,,267.4,1,Scourge,1,0,1,467/494/0,10,10,0,0,0,0
20260930-211921,early,,267.4,2,Troubadour,0,0,1,383/489/84,10,10,0,0,1,0
20260930-211921,early,,267.4,3,Scourge,0,0,1,435/181/373,10,10,0,0,0,0
20260930-211921,early,,267.4,4,Scourge,0,0,1,471/513/20,9,9,0,0,0,0
20260930-211921,early,,267.4,5,Evoker,0,0,1,41/578/464,10,10,0,0,0,0
20260930-211921,early,,267.4,6,Scourge,0,0,1,436/177/401,10,10,0,0,0,0
20260930-211921,early,,267.4,7,Scourge,0,0,1,31/637/466,10,10,0,0,0,0
20260930-211921,early,,267.4,8,Troubadour,0,0,1,91/529/392,10,10,0,0,1,0
20260930-211921,early,,267.4,9,Luminary,1,0,1,613/0/494,10,10,0,0,0,0
20260930-211921,early,,313.3,0,Specter,1,0,1,0/585/544,10,10,0,0,0,0
20260930-211921,early,,313.3,1,Scourge,0,0,1,734/149/534,10,10,0,0,0,0
20260930-211921,early,,313.3,2,Troubadour,0,0,1,508/411/42,10,10,0,0,1,0
20260930-211921,early,,313.3,3,Scourge,0,0,1,706/137/564,10,10,0,0,0,0
20260930-211921,early,,313.3,4,Scourge,0,0,1,682/119/552,9,9,0,0,0,0
20260930-211921,early,,313.3,5,Evoker,0,0,1,532/411/31,10,10,0,0,0,0
20260930-211921,early,,313.3,6,Scourge,1,0,1,544/442/0,10,10,0,0,0,0
20260930-211921,early,,313.3,7,Scourge,0,0,1,23/563/533,10,10,0,0,0,0
20260930-211921,early,,313.3,8,Troubadour,0,0,1,82/539/562,10,10,0,0,1,0
20260930-211921,early,,313.3,9,Luminary,1,0,1,585/0/442,10,10,0,0,0,0
20260930-211921,early,,360.4,0,Specter,0,0,1,435/399/67,10,10,0,0,0,0
20260930-211921,early,,360.4,1,Scourge,1,0,1,490/0/464,9,9,0,0,0,0
20260930-211921,early,,360.4,2,Troubadour,1,0,1,443/464/0,10,10,0,0,1,0
20260930-211921,early,,360.4,3,Scourge,0,0,1,536/91/554,10,10,0,0,0,0
20260930-211921,early,,360.4,4,Scourge,0,0,1,482/410/86,9,9,0,0,0,0
20260930-211921,early,,360.4,5,Evoker,1,0,1,0/490/443,10,10,0,0,1,0
20260930-211921,early,,360.4,6,Scourge,0,0,1,539/53/510,9,9,0,0,1,0
20260930-211921,early,,360.4,7,Scourge,0,0,1,52/523/426,10,10,0,0,1,0
20260930-211921,early,,360.4,8,Troubadour,0,0,1,44/459/401,9,9,0,0,1,0
20260930-211921,early,,360.4,9,Luminary,0,0,1,489/24/444,10,10,0,0,1,0
20260930-211921,early,,408.2,0,Specter,0,0,1,34/454/431,10,10,0,0,0,0
20260930-211921,early,,408.2,1,Scourge,0,0,1,481/522/114,9,9,0,0,1,0
20260930-211921,early,,408.2,2,Troubadour,1,0,1,429/409/0,10,10,0,0,1,0
20260930-211921,early,,408.2,3,Scourge,0,0,1,595/179/464,10,10,0,0,1,0
20260930-211921,early,,408.2,4,Scourge,0,0,1,428/475/79,9,9,0,0,1,0
20260930-211921,early,,408.2,5,Evoker,0,0,1,476/64/402,10,10,0,0,0,0
20260930-211921,early,,408.2,6,Scourge,1,0,1,0/425/429,9,9,0,0,0,0
20260930-211921,early,,408.2,7,Scourge,0,0,1,122/507/403,10,10,0,0,1,0
20260930-211921,early,,408.2,8,Troubadour,0,0,1,143/370/507,9,9,0,0,1,0
20260930-211921,early,,408.2,9,Luminary,1,0,1,425/0/409,10,10,0,0,0,0
20260930-211921,early,,452.9,0,Specter,0,0,1,523/385/141,10,10,0,0,0,0
20260930-211921,early,,452.9,1,Scourge,0,1,1,470/405/91,9,9,0,0,0,0
20260930-211921,early,,452.9,2,Troubadour,0,0,1,432/153/341,10,10,0,0,1,0
20260930-211921,early,,452.9,3,Scourge,1,0,1,491/0/494,10,10,0,0,0,0
20260930-211921,early,,452.9,4,Scourge,1,0,1,495/494/0,9,10,0,0,0,0
20260930-211921,early,,452.9,5,Evoker,0,0,1,553/106/600,10,10,0,0,0,0
20260930-211921,early,,452.9,6,Scourge,1,0,1,0/491/495,9,9,0,0,0,0
20260930-211921,early,,452.9,7,Scourge,0,0,1,72/476/548,10,10,0,0,0,0
20260930-211921,early,,452.9,8,Troubadour,0,0,1,478/43/452,9,9,0,0,1,0
20260930-211921,early,,452.9,9,Luminary,0,0,1,69/434/435,10,10,0,0,0,0
20260930-211921,last,3,516.6,0,Specter,1,0,1,583/465/0,10,10,0,0,0,0
20260930-211921,last,3,516.6,1,Scourge,0,0,1,970/58/517,9,9,0,0,0,0
20260930-211921,last,3,516.6,2,Troubadour,1,0,1,912/0/465,10,10,0,0,1,0
20260930-211921,last,3,516.6,3,Scourge,0,0,1,67/943/587,9,9,0,0,0,0
20260930-211921,last,3,516.6,4,Scourge,0,0,1,942/96/445,10,10,0,0,0,0
20260930-211921,last,3,516.6,5,Evoker,1,0,1,0/912/583,10,10,0,0,0,0
20260930-211921,last,3,516.6,6,Scourge,0,0,1,70/900/604,10,10,0,0,0,0
20260930-211921,last,3,516.6,7,Scourge,0,0,1,560/534/69,9,9,0,0,0,0
20260930-211921,last,3,516.6,8,Troubadour,0,0,1,584/493/33,10,10,0,0,1,0
20260930-211921,last,3,516.6,9,Luminary,0,0,1,53/963/635,10,10,0,0,0,0
20260930-211921,last,33,546.6,0,Specter,0,0,1,307/827/195,10,7,3,1,1,1
20260930-211921,last,33,546.6,1,Scourge,0,0,1,189/825/311,9,9,0,0,1,0
20260930-211921,last,33,546.6,2,Troubadour,0,0,1,238/764/287,10,10,0,0,1,0
20260930-211921,last,33,546.6,3,Scourge,0,0,1,1007/168/1076,10,10,0,0,0,0
20260930-211921,last,33,546.6,4,Scourge,1,0,1,497/907/0,10,7,3,1,1,1
20260930-211921,last,33,546.6,5,Evoker,0,0,1,72/934/509,10,10,0,0,1,0
20260930-211921,last,33,546.6,6,Scourge,0,0,1,965/102/996,10,10,0,0,0,0
20260930-211921,last,33,546.6,8,Troubadour,1,0,1,0/863/497,10,10,0,0,1,0
20260930-211921,last,33,546.6,9,Luminary,1,0,1,863/0/907,10,10,0,0,0,0
20260930-211921,last,63,576.6,3,Scourge,0,0,1,239,10,10,0,0,1,0
20260930-211921,last,63,576.6,6,Scourge,0,0,1,111,10,10,0,0,1,0
20260930-211921,last,63,576.6,8,Troubadour,1,0,1,0,10,10,0,0,1,0
20260930-214712,early,,3.1,0,Specter,1,0,1,0,10,10,0,0,1,0
20260930-214712,early,,3.1,1,Scourge,0,0,1,80,10,10,0,0,1,0
20260930-214712,early,,3.1,2,Troubadour,0,0,1,41,10,10,0,0,1,0
20260930-214712,early,,3.1,3,Scourge,0,0,1,121,10,10,0,0,1,0
20260930-214712,early,,3.1,4,Scourge,0,0,1,201,10,10,0,0,1,0
20260930-214712,early,,3.1,5,Evoker,0,0,1,103,10,10,0,0,1,0
20260930-214712,early,,3.1,6,Scourge,0,0,1,62,10,10,0,0,1,0
20260930-214712,early,,3.1,7,Scourge,0,0,1,55,10,10,0,0,1,0
20260930-214712,early,,3.1,8,Troubadour,0,0,1,51,10,10,0,0,1,0
20260930-214712,early,,3.1,9,Luminary,0,0,1,187,10,10,0,0,1,0
20260930-214712,early,,50.7,0,Specter,1,0,1,0/391/414,10,10,0,0,0,0
20260930-214712,early,,50.7,1,Scourge,0,0,1,454/418/84,10,10,0,0,1,0
20260930-214712,early,,50.7,2,Troubadour,0,0,1,323/68/422,10,10,0,0,1,0
20260930-214712,early,,50.7,3,Scourge,1,0,1,414/453/0,10,10,0,0,1,0
20260930-214712,early,,50.7,4,Scourge,0,0,1,452/418/81,10,10,0,0,1,0
20260930-214712,early,,50.7,5,Evoker,0,0,1,428/120/567,10,10,0,0,0,0
20260930-214712,early,,50.7,6,Scourge,0,0,1,419/90/539,10,10,0,0,0,0
20260930-214712,early,,50.7,7,Scourge,0,0,1,44/403/379,10,10,0,0,0,0
20260930-214712,early,,50.7,8,Troubadour,0,0,1,40/360/380,10,10,0,0,1,0
20260930-214712,early,,50.7,9,Luminary,1,0,1,391/0/453,10,10,0,0,0,0
20260930-214712,early,,95.9,0,Specter,1,0,1,565/0/453,10,10,0,0,0,0
20260930-214712,early,,95.9,1,Scourge,1,0,1,0/565/501,10,10,0,0,0,0
20260930-214712,early,,95.9,2,Troubadour,0,0,1,145/420/426,10,10,0,0,1,0
20260930-214712,early,,95.9,3,Scourge,0,0,1,567/588/136,10,10,0,0,0,0
20260930-214712,early,,95.9,4,Scourge,0,0,1,37/587/492,10,10,0,0,0,0
20260930-214712,early,,95.9,5,Evoker,0,0,1,557/75/511,10,10,0,0,0,0
20260930-214712,early,,95.9,6,Scourge,0,0,1,484/389/64,10,10,0,0,0,0
20260930-214712,early,,95.9,7,Scourge,0,0,1,478/92/389,10,10,0,0,0,0
20260930-214712,early,,95.9,8,Troubadour,0,0,1,509/67/395,10,10,0,0,1,0
20260930-214712,early,,95.9,9,Luminary,1,0,1,501/453/0,10,10,0,0,0,0
20260930-214712,early,,151.3,0,Specter,1,0,1,0/540/498,10,10,0,0,1,0
20260930-214712,early,,151.3,1,Scourge,0,0,1,573/561/81,10,10,0,0,1,0
20260930-214712,early,,151.3,2,Troubadour,1,0,1,498/497/0,10,10,0,0,1,0
20260930-214712,early,,151.3,3,Scourge,0,0,1,591/61/497,10,10,0,0,1,0
20260930-214712,early,,151.3,4,Scourge,0,0,1,553/567/74,10,10,0,0,1,0
20260930-214712,early,,151.3,5,Evoker,0,0,1,113/628/491,10,10,0,0,1,0
20260930-214712,early,,151.3,6,Scourge,0,0,1,586/51/541,10,10,0,0,1,0
20260930-214712,early,,151.3,7,Scourge,0,0,1,15/545/513,10,10,0,0,1,0
20260930-214712,early,,151.3,8,Troubadour,0,0,1,71/575/466,10,10,0,0,1,0
20260930-214712,early,,151.3,9,Luminary,1,0,1,540/0/497,10,10,0,0,1,0
20260930-214712,early,,206.1,0,Specter,1,0,1,375/0/443,10,10,0,0,1,0
20260930-214712,early,,206.1,1,Scourge,0,0,1,72/431/771,10,10,0,0,1,0
20260930-214712,early,,206.1,2,Troubadour,0,0,1,65/377/662,10,10,0,0,1,0
20260930-214712,early,,206.1,3,Scourge,0,0,1,621/375/78,10,10,0,0,1,0
20260930-214712,early,,206.1,4,Scourge,1,0,1,0/375/699,10,10,0,0,1,0
20260930-214712,early,,206.1,5,Evoker,0,0,1,100/392/763,10,10,0,0,1,0
20260930-214712,early,,206.1,6,Scourge,0,0,1,628/350/94,10,10,0,0,1,0
20260930-214712,early,,206.1,7,Scourge,0,0,1,373/15/431,10,10,0,0,1,0
20260930-214712,early,,206.1,8,Troubadour,0,0,1,396/29/414,10,10,0,0,1,0
20260930-214712,early,,206.1,9,Luminary,1,0,1,699/443/0,10,10,0,0,0,0
20260930-214712,early,,251.2,0,Specter,1,0,1,372/356/0,10,10,0,0,1,0
20260930-214712,early,,251.2,1,Scourge,0,0,1,74/497/336,10,10,0,0,1,0
20260930-214712,early,,251.2,2,Troubadour,0,0,1,15/461/360,10,10,0,0,1,0
20260930-214712,early,,251.2,3,Scourge,0,0,2,231/339/145,10,10,0,0,1,0
20260930-214712,early,,251.2,4,Scourge,1,0,1,0/475/372,10,10,0,0,1,0
20260930-214712,early,,251.2,5,Evoker,0,0,1,420/368/48,10,10,0,0,1,0
20260930-214712,early,,251.2,6,Scourge,0,0,1,480/31/335,10,7,3,1,1,1
20260930-214712,early,,251.2,7,Scourge,0,0,1,398/323/45,10,10,0,0,1,0
20260930-214712,early,,251.2,8,Troubadour,0,0,1,358/383/33,10,10,0,0,1,0
20260930-214712,early,,251.2,9,Luminary,1,0,1,475/0/356,10,7,3,1,1,1
20260930-214712,early,,311.6,0,Specter,1,0,1,0/464/516,10,10,0,0,1,0
20260930-214712,early,,311.6,1,Scourge,0,0,1,520/78/403,10,10,0,0,1,0
20260930-214712,early,,311.6,2,Troubadour,1,0,1,464/0/335,10,10,0,0,1,0
20260930-214712,early,,311.6,3,Scourge,0,0,1,652/385/143,10,10,0,0,1,0
20260930-214712,early,,311.6,4,Scourge,0,0,1,445/100/426,10,10,0,0,1,0
20260930-214712,early,,311.6,5,Evoker,0,0,1,111/385/405,10,10,0,0,0,0
20260930-214712,early,,311.6,6,Scourge,0,0,1,634/336/147,7,7,0,0,0,0
20260930-214712,early,,311.6,7,Scourge,0,0,1,11/472/527,10,10,0,0,0,0
20260930-214712,early,,311.6,8,Troubadour,0,0,1,28/457/493,10,10,0,0,1,0
20260930-214712,early,,311.6,9,Luminary,1,0,1,516/335/0,7,7,0,0,0,0
20260930-214712,early,,358.4,0,Specter,0,0,1,37/466/372,10,10,0,0,0,0
20260930-214712,early,,358.4,1,Scourge,0,0,1,594/461/195,10,10,0,0,0,0
20260930-214712,early,,358.4,2,Troubadour,1,0,1,406/412/0,10,10,0,0,0,0
20260930-214712,early,,358.4,3,Scourge,0,0,1,619/153/547,10,10,0,0,0,0
20260930-214712,early,,358.4,4,Scourge,1,0,1,0/474/406,10,10,0,0,0,0
20260930-214712,early,,358.4,5,Evoker,0,0,1,82/425/434,10,10,0,0,0,0
20260930-214712,early,,358.4,6,Scourge,0,0,1,565/129/541,7,7,0,0,0,0
20260930-214712,early,,358.4,7,Scourge,0,0,1,427/411/24,10,10,0,0,0,0
20260930-214712,early,,358.4,8,Troubadour,0,0,1,41/436/372,10,10,0,0,1,0
20260930-214712,early,,358.4,9,Luminary,1,0,1,474/0/412,7,7,0,0,0,0
20260930-214712,early,,409.1,0,Specter,0,0,1,637/531/94,10,10,0,0,0,0
20260930-214712,early,,409.1,1,Scourge,0,0,1,492/664/115,9,9,0,0,0,0
20260930-214712,early,,409.1,2,Troubadour,1,0,1,589/608/0,10,10,0,0,1,0
20260930-214712,early,,409.1,3,Scourge,1,0,1,0/804/589,10,10,0,0,0,0
20260930-214712,early,,409.1,4,Scourge,0,0,1,30/778/562,9,9,0,0,0,0
20260930-214712,early,,409.1,5,Evoker,0,0,1,214/923/798,10,10,0,0,0,0
20260930-214712,early,,409.1,6,Scourge,0,1,0,297/1034/885,6,6,0,0,0,0
20260930-214712,early,,409.1,7,Scourge,0,0,1,528/625/64,10,10,0,0,0,0
20260930-214712,early,,409.1,8,Troubadour,1,0,1,804/0/608,10,7,3,1,1,1
20260930-214712,early,,409.1,9,Luminary,0,0,1,133/874/719,7,7,0,0,0,0
20260930-214712,early,,453.5,0,Specter,1,0,1,639/458/0,10,7,3,1,1,1
20260930-214712,early,,453.5,1,Scourge,0,0,1,76/567/581,10,10,0,0,1,0
20260930-214712,early,,453.5,2,Troubadour,0,0,1,85/488/585,10,10,0,0,1,0
20260930-214712,early,,453.5,3,Scourge,0,0,1,669/102/460,10,10,0,0,1,0
20260930-214712,early,,453.5,4,Scourge,1,0,1,0/573/639,9,9,0,0,0,0
20260930-214712,early,,453.5,5,Evoker,0,0,1,612/68/523,10,10,0,0,0,0
20260930-214712,early,,453.5,6,Scourge,0,0,1,647/75/474,8,8,0,0,0,0
20260930-214712,early,,453.5,7,Scourge,0,0,1,682/472/45,10,7,3,1,1,1
20260930-214712,early,,453.5,8,Troubadour,0,0,0,244/511/416,9,9,0,0,1,0
20260930-214712,early,,453.5,9,Luminary,1,0,1,573/0/458,7,7,0,0,0,0
20260930-214712,last,3,531.1,0,Specter,1,0,1,442/0/753,6,6,0,0,1,0
20260930-214712,last,3,531.1,1,Scourge,0,0,1,581/755/146,9,9,0,0,0,0
20260930-214712,last,3,531.1,2,Troubadour,1,0,1,496/753/0,10,10,0,0,1,0
20260930-214712,last,3,531.1,3,Scourge,0,0,1,523/796/47,9,9,0,0,0,0
20260930-214712,last,3,531.1,4,Scourge,0,0,1,501/777/37,9,9,0,0,0,0
20260930-214712,last,3,531.1,5,Evoker,0,0,1,81/502/538,10,10,0,0,0,0
20260930-214712,last,3,531.1,6,Scourge,0,0,1,452/36/783,7,7,0,0,1,0
20260930-214712,last,3,531.1,7,Scourge,1,0,1,0/442/496,6,6,0,0,0,0
20260930-214712,last,3,531.1,8,Troubadour,0,0,1,445/18/744,8,8,0,0,1,0
20260930-214712,last,3,531.1,9,Luminary,0,0,1,109/364/465,7,7,0,0,1,0
20260930-214712,last,33,561.2,0,Specter,1,0,1,582/0/646,8,8,0,0,1,0
20260930-214712,last,33,561.2,1,Scourge,0,1,1,403/734/152,9,6,3,0,0,1
20260930-214712,last,33,561.2,2,Troubadour,0,1,1,430/739/134,10,7,3,0,0,1
20260930-214712,last,33,561.2,3,Scourge,0,0,1,644/62/690,10,10,0,0,1,0
20260930-214712,last,33,561.2,4,Scourge,1,0,1,0/582/459,9,9,0,0,0,0
20260930-214712,last,33,561.2,5,Evoker,0,0,1,91/644/543,10,10,0,0,1,0
20260930-214712,last,33,561.2,7,Scourge,0,1,1,386/738/174,7,4,3,0,0,1
20260930-214712,last,33,561.2,8,Troubadour,0,0,1,582/20/660,8,8,0,0,1,0
20260930-214712,last,33,561.2,9,Luminary,0,0,1,9/574/461,8,8,0,0,1,0
20260930-230802,early,,2.9,0,Specter,1,0,1,0,10,10,0,0,1,0
20260930-230802,early,,2.9,1,Scourge,0,0,1,83,10,10,0,0,1,0
20260930-230802,early,,2.9,2,Troubadour,0,0,1,215,10,10,0,0,1,0
20260930-230802,early,,2.9,3,Scourge,0,0,1,131,10,10,0,0,1,0
20260930-230802,early,,2.9,4,Scourge,0,0,0,389,10,10,0,0,0,0
20260930-230802,early,,2.9,5,Evoker,0,0,1,74,10,10,0,0,1,0
20260930-230802,early,,2.9,6,Scourge,0,0,1,138,10,10,0,0,1,0
20260930-230802,early,,2.9,7,Scourge,0,0,1,71,10,10,0,0,1,0
20260930-230802,early,,2.9,8,Troubadour,0,0,1,74,10,10,0,0,1,0
20260930-230802,early,,2.9,9,Luminary,0,0,1,237,10,10,0,0,1,0
20260930-230802,early,,50.5,0,Specter,1,0,1,0/454/397,10,10,0,0,1,0
20260930-230802,early,,50.5,1,Scourge,1,0,1,397/467/0,10,10,0,0,0,0
20260930-230802,early,,50.5,2,Troubadour,1,0,1,454/0/467,10,10,0,0,1,0
20260930-230802,early,,50.5,3,Scourge,0,0,1,465/347/177,10,10,0,0,0,0
20260930-230802,early,,50.5,4,Scourge,0,0,1,512/86/554,10,10,0,0,1,0
20260930-230802,early,,50.5,5,Evoker,0,0,0,709/419/430,10,10,0,0,0,0
20260930-230802,early,,50.5,6,Scourge,0,0,1,476/74/425,10,10,0,0,0,0
20260930-230802,early,,50.5,7,Scourge,0,0,1,40/490/396,10,10,0,0,1,0
20260930-230802,early,,50.5,8,Troubadour,0,0,1,21/437/402,10,10,0,0,1,0
20260930-230802,early,,50.5,9,Luminary,0,0,1,373/423/45,10,10,0,0,1,0
20260930-230802,early,,95.6,0,Specter,1,0,1,520/376/0,10,10,0,0,0,0
20260930-230802,early,,95.6,1,Scourge,0,0,1,44/363/477,10,10,0,0,0,0
20260930-230802,early,,95.6,2,Troubadour,1,0,1,0/400/520,10,10,0,0,1,0
20260930-230802,early,,95.6,3,Scourge,0,0,1,470/72/369,10,10,0,0,0,0
20260930-230802,early,,95.6,4,Scourge,0,0,1,21/420/532,10,10,0,0,0,0
20260930-230802,early,,95.6,5,Evoker,0,0,1,588/381/90,10,10,0,0,0,0
20260930-230802,early,,95.6,6,Scourge,0,0,1,446/53/355,10,10,0,0,0,0
20260930-230802,early,,95.6,7,Scourge,0,0,1,526/373/11,10,10,0,0,0,0
20260930-230802,early,,95.6,8,Troubadour,0,0,1,395/361/140,10,10,0,0,1,0
20260930-230802,early,,95.6,9,Luminary,1,0,1,400/0/376,10,10,0,0,0,0
20260930-230802,early,,145.9,0,Specter,0,0,1,68/614/460,10,10,0,0,0,0
20260930-230802,early,,145.9,1,Scourge,0,0,1,396/506/38,10,10,0,0,1,0
20260930-230802,early,,145.9,2,Troubadour,1,0,1,427/494/0,10,10,0,0,1,0
20260930-230802,early,,145.9,3,Scourge,0,0,1,595/65/559,10,10,0,0,0,0
20260930-230802,early,,145.9,4,Scourge,0,0,1,464/544/54,10,10,0,0,0,0
20260930-230802,early,,145.9,5,Evoker,0,0,1,126/664/460,10,10,0,0,1,0
20260930-230802,early,,145.9,6,Scourge,0,0,1,555/9/501,10,10,0,0,1,0
20260930-230802,early,,145.9,7,Scourge,0,0,1,53/587/419,10,10,0,0,0,0
20260930-230802,early,,145.9,8,Troubadour,1,0,1,0/546/427,10,10,0,0,1,0
20260930-230802,early,,145.9,9,Luminary,1,0,1,546/0/494,10,10,0,0,1,0
20260930-230802,early,,200.6,0,Specter,1,0,1,560/321/0,10,10,0,0,1,0
20260930-230802,early,,200.6,1,Scourge,0,0,1,88/752/483,10,10,0,0,1,0
20260930-230802,early,,200.6,2,Troubadour,0,0,1,489/373/72,10,10,0,0,1,0
20260930-230802,early,,200.6,3,Scourge,0,0,1,839/54/346,10,10,0,0,1,0
20260930-230802,early,,200.6,4,Scourge,0,0,1,88/776/486,10,10,0,0,1,0
20260930-230802,early,,200.6,5,Evoker,0,0,1,77/791/501,10,10,0,0,1,0
20260930-230802,early,,200.6,6,Scourge,0,0,1,808/31/299,10,10,0,0,1,0
20260930-230802,early,,200.6,7,Scourge,0,0,1,488/378/72,10,10,0,0,1,0
20260930-230802,early,,200.6,8,Troubadour,1,0,1,0/837/560,10,10,0,0,1,0
20260930-230802,early,,200.6,9,Luminary,1,0,1,837/0/321,10,10,0,0,0,0
20260930-230802,early,,247.3,0,Specter,1,0,1,399/0/570,10,10,0,0,0,0
20260930-230802,early,,247.3,1,Scourge,0,0,1,633/564/39,10,10,0,0,0,0
20260930-230802,early,,247.3,2,Troubadour,0,0,1,108/329/559,10,10,0,0,1,0
20260930-230802,early,,247.3,3,Scourge,0,0,1,98/391/571,10,10,0,0,0,0
20260930-230802,early,,247.3,4,Scourge,0,0,1,672/580/11,10,10,0,0,0,0
20260930-230802,early,,247.3,5,Evoker,0,0,1,79/330/661,10,10,0,0,1,0
20260930-230802,early,,247.3,6,Scourge,1,0,1,662/570/0,10,10,0,0,1,0
20260930-230802,early,,247.3,7,Scourge,0,0,1,391/27/544,10,10,0,0,1,0
20260930-230802,early,,247.3,8,Troubadour,0,0,1,384/106/466,10,10,0,0,1,0
20260930-230802,early,,247.3,9,Luminary,1,0,1,0/399/662,10,10,0,0,1,0
20260930-230802,early,,304.7,0,Specter,0,0,1,117/458/587,10,10,0,0,0,0
20260930-230802,early,,304.7,1,Scourge,0,0,1,487/63/467,10,10,0,0,0,0
20260930-230802,early,,304.7,2,Troubadour,1,0,1,425/0/428,10,10,0,0,1,0
20260930-230802,early,,304.7,3,Scourge,0,0,1,578/537/115,10,10,0,0,0,0
20260930-230802,early,,304.7,4,Scourge,1,0,1,0/425/478,10,10,0,0,0,0
20260930-230802,early,,304.7,5,Evoker,0,0,1,123/431/578,10,10,0,0,1,0
20260930-230802,early,,304.7,6,Scourge,0,0,1,596/469/126,10,10,0,0,0,0
20260930-230802,early,,304.7,7,Scourge,0,0,1,432/41/467,10,10,0,0,0,0
20260930-230802,early,,304.7,8,Troubadour,0,0,1,130/446/591,10,10,0,0,0,0
20260930-230802,early,,304.7,9,Luminary,1,0,1,478/428/0,10,10,0,0,0,0
20260930-230802,early,,352.1,0,Specter,1,0,1,0/516/566,10,10,0,0,1,0
20260930-230802,early,,352.1,1,Scourge,0,0,1,546/508/95,10,10,0,0,1,0
20260930-230802,early,,352.1,2,Troubadour,0,0,1,469/399/97,10,10,0,0,1,0
20260930-230802,early,,352.1,3,Scourge,0,0,1,569/145/583,10,10,0,0,1,0
20260930-230802,early,,352.1,4,Scourge,0,0,1,606/460/40,10,10,0,0,1,0
20260930-230802,early,,352.1,5,Evoker,0,0,1,143/613/709,10,10,0,0,0,0
20260930-230802,early,,352.1,6,Scourge,0,0,1,508/45/477,10,10,0,0,0,0
20260930-230802,early,,352.1,7,Scourge,1,0,1,566/439/0,10,10,0,0,0,0
20260930-230802,early,,352.1,8,Troubadour,0,0,1,121/611/687,10,10,0,0,1,0
20260930-230802,early,,352.1,9,Luminary,1,0,1,516/0/439,10,10,0,0,0,0
20260930-230802,early,,400.9,0,Specter,1,0,1,0/438/413,10,10,0,0,0,0
20260930-230802,early,,400.9,1,Scourge,0,0,1,419/421/18,10,10,0,0,0,0
20260930-230802,early,,400.9,2,Troubadour,0,0,1,430/36/458,10,10,0,0,1,0
20260930-230802,early,,400.9,3,Scourge,0,0,1,584/146/537,10,10,0,0,0,0
20260930-230802,early,,400.9,4,Scourge,0,0,1,539/517/127,10,10,0,0,0,0
20260930-230802,early,,400.9,5,Evoker,0,0,1,519/85/459,10,10,0,0,0,0
20260930-230802,early,,400.9,6,Scourge,1,0,1,413/433/0,10,10,0,0,0,0
20260930-230802,early,,400.9,7,Scourge,0,0,1,21/459/428,10,10,0,0,0,0
20260930-230802,early,,400.9,8,Troubadour,0,0,1,65/483/394,10,10,0,0,1,0
20260930-230802,early,,400.9,9,Luminary,1,0,1,438/0/433,10,10,0,0,0,0
20260930-230802,early,,445.5,0,Specter,1,0,1,590/434/0,10,10,0,0,0,0
20260930-230802,early,,445.5,1,Scourge,0,0,1,708/63/393,10,10,0,0,0,0
20260930-230802,early,,445.5,2,Troubadour,0,0,1,90/610/555,10,10,0,0,1,0
20260930-230802,early,,445.5,3,Scourge,1,0,1,0/691/590,10,10,0,0,0,0
20260930-230802,early,,445.5,4,Scourge,0,0,1,718/449/130,10,10,0,0,0,0
20260930-230802,early,,445.5,5,Evoker,0,0,1,75/760/662,10,10,0,0,1,0
20260930-230802,early,,445.5,6,Scourge,0,0,1,805/128/460,10,10,0,0,1,0
20260930-230802,early,,445.5,7,Scourge,0,0,1,625/420/40,10,10,0,0,1,0
20260930-230802,early,,445.5,8,Troubadour,0,0,1,599/477/43,10,10,0,0,1,0
20260930-230802,early,,445.5,9,Luminary,1,0,1,691/0/434,10,10,0,0,1,0
20260930-230802,last,3,495.4,0,Specter,0,0,1,573/419/21,9,9,0,0,0,0
20260930-230802,last,3,495.4,1,Scourge,0,0,1,640/144/428,10,10,0,0,0,0
20260930-230802,last,3,495.4,2,Troubadour,1,0,1,498/0/400,10,10,0,0,1,0
20260930-230802,last,3,495.4,3,Scourge,1,0,1,0/498/569,10,10,0,0,0,0
20260930-230802,last,3,495.4,4,Scourge,0,0,1,521/93/493,10,10,0,0,0,0
20260930-230802,last,3,495.4,5,Evoker,0,0,1,67/557/634,10,10,0,0,0,0
20260930-230802,last,3,495.4,6,Scourge,0,0,1,629/458/66,10,10,0,0,0,0
20260930-230802,last,3,495.4,7,Scourge,1,0,1,569/400/0,9,9,0,0,0,0
20260930-230802,last,3,495.4,8,Troubadour,0,0,1,543/438/66,10,10,0,0,1,0
20260930-230802,last,3,495.4,9,Luminary,0,0,1,118/429/451,10,10,0,0,0,0
20260930-230802,last,33,525.4,1,Scourge,0,1,1,143/637,10,7,3,0,0,1
20260930-230802,last,33,525.4,7,Scourge,0,1,0,326/565,9,9,0,0,0,0
20260930-233450,early,,2.8,0,Specter,1,0,1,0,10,10,0,0,1,0
20260930-233450,early,,2.8,1,Scourge,0,0,1,145,10,10,0,0,1,0
20260930-233450,early,,2.8,2,Troubadour,0,0,1,59,10,10,0,0,1,0
20260930-233450,early,,2.8,3,Scourge,0,0,1,84,10,10,0,0,1,0
20260930-233450,early,,2.8,4,Scourge,0,0,0,323,10,10,0,0,1,0
20260930-233450,early,,2.8,5,Evoker,0,0,1,76,10,10,0,0,1,0
20260930-233450,early,,2.8,6,Scourge,0,0,1,111,10,10,0,0,1,0
20260930-233450,early,,2.8,7,Scourge,0,0,1,95,10,10,0,0,1,0
20260930-233450,early,,2.8,8,Troubadour,0,0,1,11,10,10,0,0,1,0
20260930-233450,early,,2.8,9,Luminary,0,0,1,188,10,10,0,0,1,0
20260930-233450,early,,50.5,0,Specter,1,0,1,0/531/374,10,10,0,0,0,0
20260930-233450,early,,50.5,1,Scourge,0,0,1,507/60/309,10,10,0,0,0,0
20260930-233450,early,,50.5,2,Troubadour,1,0,1,531/0/365,10,10,0,0,1,0
20260930-233450,early,,50.5,3,Scourge,0,0,1,355/410/49,10,10,0,0,0,0
20260930-233450,early,,50.5,4,Scourge,0,0,1,454/99/362,10,10,0,0,0,0
20260930-233450,early,,50.5,5,Evoker,0,0,1,437/495/136,10,10,0,0,0,0
20260930-233450,early,,50.5,6,Scourge,0,0,1,362/441/78,10,10,0,0,0,0
20260930-233450,early,,50.5,7,Scourge,0,0,1,80/610/431,10,10,0,0,0,0
20260930-233450,early,,50.5,8,Troubadour,0,0,1,34/552/372,10,10,0,0,1,0
20260930-233450,early,,50.5,9,Luminary,1,0,1,374/365/0,10,10,0,0,0,0
20260930-233450,early,,95.4,0,Specter,0,0,1,102/504/539,10,10,0,0,0,0
20260930-233450,early,,95.4,1,Scourge,0,0,1,505/66/409,10,10,0,0,0,0
20260930-233450,early,,95.4,2,Troubadour,1,0,1,485/0/451,10,10,0,0,1,0
20260930-233450,early,,95.4,3,Scourge,0,0,1,469/537/88,10,10,0,0,0,0
20260930-233450,early,,95.4,4,Scourge,0,0,1,492/79/519,10,10,0,0,0,0
20260930-233450,early,,95.4,5,Evoker,1,0,1,0/485/446,10,10,0,0,0,0
20260930-233450,early,,95.4,6,Scourge,0,0,1,490/541/90,10,10,0,0,0,0
20260930-233450,early,,95.4,7,Scourge,0,0,1,143/370/467,10,10,0,0,0,0
20260930-233450,early,,95.4,8,Troubadour,0,0,1,115/374/423,10,10,0,0,1,0
20260930-233450,early,,95.4,9,Luminary,1,0,1,446/451/0,10,10,0,0,0,0
20260930-233450,early,,147.9,0,Specter,1,0,1,639/479/0,10,10,0,0,1,0
20260930-233450,early,,147.9,1,Scourge,0,0,1,413/34/505,10,10,0,0,1,0
20260930-233450,early,,147.9,2,Troubadour,1,0,1,390/0/479,10,10,0,0,1,0
20260930-233450,early,,147.9,3,Scourge,0,0,1,64/438/703,10,10,0,0,1,0
20260930-233450,early,,147.9,4,Scourge,0,0,1,469/116/572,10,10,0,0,1,0
20260930-233450,early,,147.9,5,Evoker,0,0,1,662/568/119,10,10,0,0,1,0
20260930-233450,early,,147.9,6,Scourge,0,0,1,62/413/696,10,10,0,0,1,0
20260930-233450,early,,147.9,7,Scourge,0,0,1,697/492/83,10,10,0,0,1,0
20260930-233450,early,,147.9,8,Troubadour,0,0,1,546/464/124,10,10,0,0,1,0
20260930-233450,early,,147.9,9,Luminary,1,0,1,0/390/639,10,10,0,0,1,0
20260930-233450,early,,202.7,0,Specter,0,0,1,87/491/418,10,10,0,0,1,0
20260930-233450,early,,202.7,1,Scourge,0,0,1,458/49/521,10,10,0,0,1,0
20260930-233450,early,,202.7,2,Troubadour,1,0,1,410/0/482,10,10,0,0,1,0
20260930-233450,early,,202.7,3,Scourge,0,0,1,420/409/89,10,10,0,0,1,0
20260930-233450,early,,202.7,4,Scourge,1,0,1,0/410/418,10,10,0,0,1,0
20260930-233450,early,,202.7,5,Evoker,0,0,1,475/68/504,10,10,0,0,1,0
20260930-233450,early,,202.7,6,Scourge,0,0,1,447/361/165,10,10,0,0,1,0
20260930-233450,early,,202.7,7,Scourge,0,0,1,222/443/625,10,10,0,0,0,0
20260930-233450,early,,202.7,8,Troubadour,0,0,1,22/398/431,10,10,0,0,0,0
20260930-233450,early,,202.7,9,Luminary,1,0,1,418/482/0,10,10,0,0,1,0
20260930-233450,early,,247.3,0,Specter,0,1,1,839/211/619,10,10,0,0,0,0
20260930-233450,early,,247.3,1,Scourge,1,0,1,726/0/439,10,10,0,0,1,0
20260930-233450,early,,247.3,2,Troubadour,1,0,1,383/439/0,10,7,3,0,1,1
20260930-233450,early,,247.3,3,Scourge,0,0,1,73/795/456,10,10,0,0,1,0
20260930-233450,early,,247.3,4,Scourge,1,0,1,0/726/383,10,10,0,0,1,0
20260930-233450,early,,247.3,5,Evoker,0,0,1,368/508/71,10,7,3,1,1,1
20260930-233450,early,,247.3,6,Scourge,0,0,1,781/135/543,10,10,0,0,1,0
20260930-233450,early,,247.3,7,Scourge,0,0,1,119/735/338,10,10,0,0,1,0
20260930-233450,early,,247.3,8,Troubadour,0,0,1,596/131/335,10,10,0,0,1,0
20260930-233450,early,,247.3,9,Luminary,0,0,1,750/100/505,10,10,0,0,1,0
20260930-233450,early,,314.9,0,Specter,0,0,1,82/395/390,10,10,0,0,1,0
20260930-233450,early,,314.9,1,Scourge,0,0,1,498/480/94,10,10,0,0,0,0
20260930-233450,early,,314.9,2,Troubadour,1,0,1,449/387/0,7,7,0,0,0,0
20260930-233450,early,,314.9,3,Scourge,0,0,1,470/107/476,10,10,0,0,0,0
20260930-233450,early,,314.9,4,Scourge,0,0,1,495/466/79,10,10,0,0,0,0
20260930-233450,early,,314.9,5,Evoker,0,0,1,469/446/62,7,7,0,0,0,0
20260930-233450,early,,314.9,6,Scourge,0,0,1,439/64/428,10,10,0,0,0,0
20260930-233450,early,,314.9,7,Scourge,0,0,1,47/423/469,10,10,0,0,1,0
20260930-233450,early,,314.9,8,Troubadour,1,0,1,0/377/449,10,10,0,0,1,0
20260930-233450,early,,314.9,9,Luminary,1,0,1,377/0/387,10,10,0,0,1,0
20260930-233450,early,,361.4,0,Specter,1,0,1,538/403/0,10,10,0,0,0,0
20260930-233450,early,,361.4,1,Scourge,1,0,1,0/462/538,10,10,0,0,0,0
20260930-233450,early,,361.4,2,Troubadour,1,0,1,462/0/403,7,7,0,0,1,0
20260930-233450,early,,361.4,3,Scourge,0,0,1,107/418/577,10,10,0,0,0,0
20260930-233450,early,,361.4,4,Scourge,0,0,1,576/114/446,10,10,0,0,0,0
20260930-233450,early,,361.4,5,Evoker,0,0,1,550/91/457,7,7,0,0,0,0
20260930-233450,early,,361.4,6,Scourge,0,0,1,94/436/452,10,10,0,0,0,0
20260930-233450,early,,361.4,7,Scourge,0,0,1,558/417/20,10,10,0,0,0,0
20260930-233450,early,,361.4,8,Troubadour,0,0,1,412/350/126,10,10,0,0,1,0
20260930-233450,early,,361.4,9,Luminary,0,0,1,106/357/460,10,10,0,0,0,0
20260930-233450,early,,412.4,0,Specter,0,0,1,75/428/516,10,10,0,0,1,0
20260930-233450,early,,412.4,1,Scourge,1,0,1,0/373/446,10,10,0,0,1,0
20260930-233450,early,,412.4,2,Troubadour,1,0,1,373/0/462,9,9,0,0,1,0
20260930-233450,early,,412.4,3,Scourge,0,0,1,571/547/125,10,10,0,0,0,0
20260930-233450,early,,412.4,4,Scourge,0,0,1,379/21/446,10,10,0,0,1,0
20260930-233450,early,,412.4,5,Evoker,0,0,1,521/178/452,7,7,0,0,0,0
20260930-233450,early,,412.4,6,Scourge,0,0,1,523/518/78,9,9,0,0,0,0
20260930-233450,early,,412.4,7,Scourge,0,0,1,536/463/125,10,10,0,0,0,0
20260930-233450,early,,412.4,8,Troubadour,0,0,1,67/339/381,10,10,0,0,1,0
20260930-233450,early,,412.4,9,Luminary,1,0,1,446/462/0,10,10,0,0,0,0
20260930-233450,early,,458.0,0,Specter,0,0,1,54/808/502,10,10,0,0,0,0
20260930-233450,early,,458.0,1,Scourge,0,0,1,702/73/491,10,10,0,0,0,0
20260930-233450,early,,458.0,2,Troubadour,0,0,1,135/647/340,9,9,0,0,1,0
20260930-233450,early,,458.0,3,Scourge,1,0,1,757/0/502,10,10,0,0,0,0
20260930-233450,early,,458.0,4,Scourge,0,0,1,819/76/529,10,10,0,0,0,0
20260930-233450,early,,458.0,5,Evoker,0,0,1,580/489/107,8,8,0,0,0,0
20260930-233450,early,,458.0,6,Scourge,0,0,1,589/528/121,9,9,0,0,0,0
20260930-233450,early,,458.0,7,Scourge,1,0,1,0/757/473,10,10,0,0,0,0
20260930-233450,early,,458.0,8,Troubadour,0,0,1,41/775/463,10,10,0,0,1,0
20260930-233450,early,,458.0,9,Luminary,1,0,1,473/502/0,10,10,0,0,0,0
20260930-233450,last,3,529.1,0,Specter,0,0,1,397/26/503,10,10,0,0,0,0
20260930-233450,last,3,529.1,1,Scourge,0,0,1,84/392/457,10,10,0,0,0,0
20260930-233450,last,3,529.1,2,Troubadour,1,0,1,0/402/536,10,10,0,0,1,0
20260930-233450,last,3,529.1,3,Scourge,0,0,1,638/599/120,9,9,0,0,0,0
20260930-233450,last,3,529.1,4,Scourge,1,0,1,402/0/480,9,9,0,0,0,0
20260930-233450,last,3,529.1,5,Evoker,0,0,1,6/405/532,7,7,0,0,0,0
20260930-233450,last,3,529.1,6,Scourge,0,0,1,619/523/87,9,9,0,0,0,0
20260930-233450,last,3,529.1,7,Scourge,0,0,1,370/37/488,10,10,0,0,0,0
20260930-233450,last,3,529.1,8,Troubadour,0,0,1,395/42/439,10,10,0,0,1,0
20260930-233450,last,3,529.1,9,Luminary,1,0,1,536/480/0,10,10,0,0,0,0
20260930-233450,last,33,559.1,0,Specter,0,1,1,377/96/474,10,7,3,0,0,1
20260930-233450,last,33,559.1,1,Scourge,0,0,1,26/495/854,10,10,0,0,0,0
20260930-233450,last,33,559.1,2,Troubadour,1,0,1,0/472/829,10,10,0,0,1,0
20260930-233450,last,33,559.1,3,Scourge,1,1,1,829/388/0,9,6,3,0,0,1
20260930-233450,last,33,559.1,4,Scourge,0,0,1,103/494/821,9,9,0,0,0,0
20260930-233450,last,33,559.1,5,Evoker,0,1,1,784/379/102,7,4,3,0,0,1
20260930-233450,last,33,559.1,6,Scourge,0,0,0,340/268/522,9,6,3,1,0,1
20260930-233450,last,33,559.1,7,Scourge,0,0,1,108/411/744,10,10,0,0,0,0
20260930-233450,last,33,559.1,8,Troubadour,0,0,1,788/388/111,10,7,3,1,1,1
20260930-233450,last,33,559.1,9,Luminary,1,0,1,472/0/388,10,7,3,1,0,1
20260930-234618,early,,3.2,0,Specter,1,0,1,0,10,10,0,0,1,0
20260930-234618,early,,3.2,1,Scourge,0,0,1,144,10,10,0,0,1,0
20260930-234618,early,,3.2,2,Troubadour,0,0,1,58,10,10,0,0,1,0
20260930-234618,early,,3.2,3,Scourge,0,0,1,187,10,10,0,0,1,0
20260930-234618,early,,3.2,4,Scourge,0,0,0,313,10,10,0,0,1,0
20260930-234618,early,,3.2,5,Evoker,0,0,1,145,10,10,0,0,1,0
20260930-234618,early,,3.2,6,Scourge,0,0,1,22,10,10,0,0,1,0
20260930-234618,early,,3.2,7,Scourge,0,0,1,116,10,10,0,0,1,0
20260930-234618,early,,3.2,8,Troubadour,0,0,1,14,10,10,0,0,1,0
20260930-234618,early,,3.2,9,Luminary,0,0,0,256,10,10,0,0,1,0
20260930-234618,early,,50.6,0,Specter,1,0,1,0/495/440,10,10,0,0,0,0
20260930-234618,early,,50.6,1,Scourge,0,0,1,340/382/100,10,10,0,0,0,0
20260930-234618,early,,50.6,2,Troubadour,0,0,1,426/111/297,10,10,0,0,1,0
20260930-234618,early,,50.6,3,Scourge,1,0,1,440/405/0,10,10,0,0,0,0
20260930-234618,early,,50.6,4,Scourge,0,0,1,433/385/20,10,10,0,0,0,0
20260930-234618,early,,50.6,5,Evoker,0,0,1,482/61/347,10,10,0,0,0,0
20260930-234618,early,,50.6,6,Scourge,0,0,1,526/31/417,10,10,0,0,0,0
20260930-234618,early,,50.6,7,Scourge,0,0,1,36/526/444,10,10,0,0,0,0
20260930-234618,early,,50.6,8,Troubadour,0,0,1,54/471/387,10,10,0,0,1,0
20260930-234618,early,,50.6,9,Luminary,1,0,1,495/0/405,10,10,0,0,0,0
20260930-234618,early,,146.1,0,Specter,1,0,1,498/470/0,10,10,0,0,1,0
20260930-234618,early,,146.1,1,Scourge,0,0,1,177/520/521,10,10,0,0,1,0
20260930-234618,early,,146.1,2,Troubadour,1,0,1,0/357/498,10,10,0,0,1,0
20260930-234618,early,,146.1,3,Scourge,0,0,1,435/102/563,10,10,0,0,1,0
20260930-234618,early,,146.1,4,Scourge,0,0,1,169/358/637,10,10,0,0,1,0
20260930-234618,early,,146.1,5,Evoker,0,0,1,439/495/114,10,10,0,0,1,0
20260930-234618,early,,146.1,6,Scourge,0,0,1,394/180/642,10,10,0,0,1,0
20260930-234618,early,,146.1,7,Scourge,0,0,1,520/552/102,10,10,0,0,1,0
20260930-234618,early,,146.1,8,Troubadour,0,0,1,434/417/64,10,10,0,0,1,0
20260930-234618,early,,146.1,9,Luminary,1,0,1,357/0/470,10,10,0,0,1,0
20260930-234618,early,,200.9,0,Specter,1,0,1,430/465/0,10,10,0,0,1,0
20260930-234618,early,,200.9,1,Scourge,0,0,1,58/512/466,10,10,0,0,1,0
20260930-234618,early,,200.9,2,Troubadour,1,0,1,0/530/430,10,10,0,0,1,0
20260930-234618,early,,200.9,3,Scourge,0,0,1,481/64/404,10,10,0,0,1,0
20260930-234618,early,,200.9,4,Scourge,0,0,1,33/536/461,10,10,0,0,1,0
20260930-234618,early,,200.9,5,Evoker,0,0,1,465/561/96,10,10,0,0,1,0
20260930-234618,early,,200.9,6,Scourge,0,0,1,435/104/378,10,10,0,0,1,0
20260930-234618,early,,200.9,7,Scourge,0,0,1,425/544/87,10,10,0,0,1,0
20260930-234618,early,,200.9,8,Troubadour,0,0,1,402/328/137,10,10,0,0,1,0
20260930-234618,early,,200.9,9,Luminary,1,0,1,530/0/465,10,10,0,0,1,0
20260930-234618,early,,248.1,0,Specter,1,0,1,544/343/0,10,10,0,0,1,0
20260930-234618,early,,248.1,1,Scourge,0,0,1,548/65/378,10,10,0,0,1,0
20260930-234618,early,,248.1,2,Troubadour,0,0,1,500/36/378,10,10,0,0,1,0
20260930-234618,early,,248.1,3,Scourge,0,0,1,116/515/633,10,10,0,0,0,0
20260930-234618,early,,248.1,4,Scourge,1,0,1,486/0/343,10,10,0,0,1,0
20260930-234618,early,,248.1,5,Evoker,0,0,1,142/398/545,10,10,0,0,1,0
20260930-234618,early,,248.1,6,Scourge,0,0,1,127/486/619,10,10,0,0,1,0
20260930-234618,early,,248.1,7,Scourge,0,0,1,529/357/29,10,10,0,0,0,0
20260930-234618,early,,248.1,8,Troubadour,0,0,1,569/317/50,10,10,0,0,1,0
20260930-234618,early,,248.1,9,Luminary,1,0,1,0/486/544,10,10,0,0,1,0
20260930-234618,early,,303.7,0,Specter,1,0,1,435/501/0,10,10,0,0,1,0
20260930-234618,early,,303.7,1,Scourge,1,0,1,0/685/435,10,10,0,0,0,0
20260930-234618,early,,303.7,2,Troubadour,0,0,1,94/599/410,10,10,0,0,1,0
20260930-234618,early,,303.7,3,Scourge,0,0,1,844/159/634,10,10,0,0,0,0
20260930-234618,early,,303.7,4,Scourge,0,0,1,44/665/392,10,10,0,0,0,0
20260930-234618,early,,303.7,5,Evoker,0,0,1,136/553/381,10,10,0,0,1,0
20260930-234618,early,,303.7,6,Scourge,0,0,1,767/84/577,10,10,0,0,0,0
20260930-234618,early,,303.7,7,Scourge,0,0,1,467/421/83,10,10,0,0,1,0
20260930-234618,early,,303.7,8,Troubadour,0,0,1,461/469/39,10,10,0,0,1,0
20260930-234618,early,,303.7,9,Luminary,1,0,1,685/0/501,10,10,0,0,0,0
20260930-234618,early,,351.1,0,Specter,0,0,1,74/439/573,10,10,0,0,0,0
20260930-234618,early,,351.1,1,Scourge,1,0,1,0/373/554,9,9,0,0,0,0
20260930-234618,early,,351.1,2,Troubadour,1,0,1,373/0/412,9,9,0,0,0,0
20260930-234618,early,,351.1,3,Scourge,0,0,1,679/491/129,10,10,0,0,0,0
20260930-234618,early,,351.1,4,Scourge,0,0,1,402/29/418,9,9,0,0,0,0
20260930-234618,early,,351.1,5,Evoker,0,0,1,529/160/403,10,10,0,0,0,0
20260930-234618,early,,351.1,6,Scourge,0,0,1,652/411/163,10,10,0,0,0,0
20260930-234618,early,,351.1,7,Scourge,0,0,1,42/410/564,10,10,0,0,0,0
20260930-234618,early,,351.1,8,Troubadour,0,0,1,407/57/365,10,10,0,0,1,0
20260930-234618,early,,351.1,9,Luminary,1,0,1,554/412/0,10,10,0,0,0,0
20260930-234618,early,,397.9,0,Specter,1,0,1,462/409/0,10,10,0,0,1,0
20260930-234618,early,,397.9,1,Scourge,0,0,1,38/492/482,9,9,0,0,1,0
20260930-234618,early,,397.9,2,Troubadour,0,0,1,74/391/457,10,10,0,0,1,0
20260930-234618,early,,397.9,3,Scourge,1,0,1,0/455/462,10,10,0,0,1,0
20260930-234618,early,,397.9,4,Scourge,0,0,1,67/522/505,10,10,0,0,1,0
20260930-234618,early,,397.9,5,Evoker,0,0,1,523/78/476,10,10,0,0,0,0
20260930-234618,early,,397.9,6,Scourge,0,0,1,536/81/452,9,9,0,0,1,0
20260930-234618,early,,397.9,7,Scourge,0,0,1,536/436/74,10,10,0,0,1,0
20260930-234618,early,,397.9,8,Troubadour,0,0,1,479/442/33,10,10,0,0,1,0
20260930-234618,early,,397.9,9,Luminary,1,0,1,455/0/409,10,10,0,0,1,0
20260930-234618,early,,442.8,0,Specter,0,0,0,692/479/485,10,10,0,0,0,0
20260930-234618,early,,442.8,1,Scourge,1,0,3,216/60/0,10,10,0,0,0,0
20260930-234618,early,,442.8,2,Troubadour,1,0,3,214/0/60,10,10,0,0,1,0
20260930-234618,early,,442.8,3,Scourge,0,0,3,177/84/44,10,10,0,0,0,0
20260930-234618,early,,442.8,4,Scourge,0,0,3,211/100/158,10,10,0,0,0,0
20260930-234618,early,,442.8,5,Evoker,0,0,3,201/145/198,10,10,0,0,0,0
20260930-234618,early,,442.8,6,Scourge,0,0,3,185/73/126,10,10,0,0,0,0
20260930-234618,early,,442.8,7,Scourge,0,0,3,130/83/100,10,10,0,0,0,0
20260930-234618,early,,442.8,8,Troubadour,0,0,2,340/182/239,10,10,0,0,1,0
20260930-234618,early,,442.8,9,Luminary,1,0,3,0/214/216,10,10,0,0,0,0
20260930-234618,last,3,477.3,0,Specter,1,0,1,530/0/434,10,10,0,0,1,0
20260930-234618,last,3,477.3,1,Scourge,0,0,1,332/466/113,10,7,3,1,0,1
20260930-234618,last,3,477.3,2,Troubadour,0,0,1,416/148/296,10,10,0,0,1,0
20260930-234618,last,3,477.3,3,Scourge,0,0,1,114/621/544,10,10,0,0,0,0
20260930-234618,last,3,477.3,4,Scourge,0,0,1,119/645/530,10,10,0,0,0,0
20260930-234618,last,3,477.3,5,Evoker,0,0,1,405/283/152,10,7,3,1,1,1
20260930-234618,last,3,477.3,6,Scourge,0,0,1,185/713/542,10,10,0,0,0,0
20260930-234618,last,3,477.3,7,Scourge,1,0,1,432/434/0,10,7,3,1,0,1
20260930-234618,last,3,477.3,8,Troubadour,0,0,1,450/122/463,10,10,0,0,1,0
20260930-234618,last,3,477.3,9,Luminary,1,0,1,0/530/432,10,10,0,0,0,0
20260930-234618,last,33,507.4,0,Specter,1,0,1,773/424/0,10,10,0,0,0,0
20260930-234618,last,33,507.4,1,Scourge,0,0,1,781/423/26,7,7,0,0,0,0
20260930-234618,last,33,507.4,2,Troubadour,0,0,1,423/38/393,10,10,0,0,1,0
20260930-234618,last,33,507.4,3,Scourge,0,0,1,473/79/433,10,10,0,0,0,0
20260930-234618,last,33,507.4,4,Scourge,1,0,1,0/414/773,10,10,0,0,0,0
20260930-234618,last,33,507.4,5,Evoker,0,0,1,361/90/427,7,7,0,0,0,0
20260930-234618,last,33,507.4,6,Scourge,0,0,1,45/444/813,10,10,0,0,0,0
20260930-234618,last,33,507.4,7,Scourge,0,0,1,696/325/107,7,7,0,0,0,0
20260930-234618,last,33,507.4,8,Troubadour,1,0,1,414/0/424,10,10,0,0,0,0
20260930-234618,last,33,507.4,9,Luminary,0,0,1,36/410/782,10,10,0,0,0,0
20260930-234618,last,63,537.3,0,Specter,1,0,1,0/619/423,10,7,3,1,0,1
20260930-234618,last,63,537.3,2,Troubadour,0,1,0,1365/973/1323,10,10,0,0,0,0
20260930-234618,last,63,537.3,3,Scourge,0,0,1,361/341/84,10,10,0,0,0,0
20260930-234618,last,63,537.3,5,Evoker,1,0,1,423/370/0,7,7,0,0,0,0
20260930-234618,last,63,537.3,6,Scourge,0,0,1,358/466/108,10,10,0,0,0,0
20260930-234618,last,63,537.3,8,Troubadour,0,0,1,72/689/476,10,7,3,1,0,1
20260930-234618,last,63,537.3,9,Luminary,0,0,1,190/592/517,10,7,3,0,0,1
20261001-213946,early,,3.1,0,Specter,1,0,1,0,10,10,0,0,1,0
20261001-213946,early,,3.1,1,Scourge,0,0,1,113,10,10,0,0,1,0
20261001-213946,early,,3.1,2,Troubadour,0,0,1,115,10,10,0,0,1,0
20261001-213946,early,,3.1,3,Scourge,0,0,1,154,10,10,0,0,1,0
20261001-213946,early,,3.1,4,Scourge,0,0,1,157,10,10,0,0,1,0
20261001-213946,early,,3.1,5,Scourge,0,0,1,8,10,10,0,0,1,0
20261001-213946,early,,3.1,6,Evoker,0,0,1,132,10,10,0,0,1,0
20261001-213946,early,,3.1,7,Troubadour,0,0,1,119,10,10,0,0,1,0
20261001-213946,early,,3.1,8,Scourge,0,0,1,188,10,10,0,0,1,0
20261001-213946,early,,3.1,9,Luminary,0,0,1,85,10,10,0,0,1,0
20261001-213946,early,,50.0,0,Specter,1,0,1,0/420/410,10,10,0,0,0,0
20261001-213946,early,,50.0,1,Scourge,0,0,1,398/30/423,10,10,0,0,0,0
20261001-213946,early,,50.0,2,Troubadour,1,0,1,420/0/451,10,10,0,0,1,0
20261001-213946,early,,50.0,3,Scourge,0,0,1,424/518/73,10,10,0,0,0,0
20261001-213946,early,,50.0,4,Scourge,0,0,1,85/497/481,10,10,0,0,0,0
20261001-213946,early,,50.0,5,Scourge,0,0,1,464/502/58,10,10,0,0,0,0
20261001-213946,early,,50.0,6,Evoker,0,0,1,148/541/549,10,10,0,0,0,0
20261001-213946,early,,50.0,7,Troubadour,0,0,1,52/391/360,10,10,0,0,1,0
20261001-213946,early,,50.0,8,Scourge,0,0,1,440/30/481,10,10,0,0,0,0
20261001-213946,early,,50.0,9,Luminary,1,0,1,410/451/0,10,10,0,0,0,0
20261001-213946,early,,95.0,0,Specter,1,0,1,352/556/0,10,10,0,0,0,0
20261001-213946,early,,95.0,1,Scourge,0,0,1,391/49/605,10,10,0,0,0,0
20261001-213946,early,,95.0,2,Troubadour,1,0,1,353/0/556,10,10,0,0,1,0
20261001-213946,early,,95.0,3,Scourge,0,0,1,82/399/416,10,10,0,0,0,0
20261001-213946,early,,95.0,4,Scourge,0,0,1,330/554/34,10,10,0,0,0,0
20261001-213946,early,,95.0,5,Scourge,1,0,1,0/353/352,10,10,0,0,0,0
20261001-213946,early,,95.0,6,Evoker,0,0,1,141/466/439,10,10,0,0,0,0
20261001-213946,early,,95.0,7,Troubadour,0,0,1,327/526/30,10,10,0,0,1,0
20261001-213946,early,,95.0,8,Scourge,0,0,1,394/117/650,10,10,0,0,0,0
20261001-213946,early,,95.0,9,Luminary,0,0,1,24/332/369,10,10,0,0,0,0
20261001-213946,early,,147.7,0,Specter,1,0,1,377/0/579,10,10,0,0,1,0
20261001-213946,early,,147.7,1,Scourge,0,0,1,116/309/554,10,10,0,0,1,0
20261001-213946,early,,147.7,2,Troubadour,1,0,1,0/377/471,10,10,0,0,1,0
20261001-213946,early,,147.7,3,Scourge,0,0,1,509/624/46,10,10,0,0,1,0
20261001-213946,early,,147.7,4,Scourge,0,0,1,382/18/568,10,10,0,0,1,0
20261001-213946,early,,147.7,5,Scourge,0,0,1,517/604/49,10,10,0,0,1,0
20261001-213946,early,,147.7,6,Evoker,0,0,1,335/118/637,10,10,0,0,1,0
20261001-213946,early,,147.7,7,Troubadour,0,0,1,373/63/524,10,10,0,0,1,0
20261001-213946,early,,147.7,8,Scourge,0,0,1,167/406/637,10,10,0,0,1,0
20261001-213946,early,,147.7,9,Luminary,1,0,1,471/579/0,10,10,0,0,1,0
20261001-213946,early,,202.5,0,Specter,1,0,1,386/407/0,10,10,0,0,0,0
20261001-213946,early,,202.5,1,Scourge,0,0,1,124/615/377,10,10,0,0,1,0
20261001-213946,early,,202.5,2,Troubadour,0,0,1,72/568/455,10,10,0,0,1,0
20261001-213946,early,,202.5,3,Scourge,0,0,1,449/87/337,10,10,0,0,1,0
20261001-213946,early,,202.5,4,Scourge,0,0,1,358/391/31,10,10,0,0,0,0
20261001-213946,early,,202.5,5,Scourge,0,0,1,442/101/316,10,10,0,0,1,0
20261001-213946,early,,202.5,6,Evoker,0,0,1,183/571/281,10,10,0,0,1,0
20261001-213946,early,,202.5,7,Troubadour,0,0,1,347/410/39,10,10,0,0,1,0
20261001-213946,early,,202.5,8,Scourge,1,0,1,0/533/386,10,10,0,0,1,0
20261001-213946,early,,202.5,9,Luminary,1,0,1,533/0/407,10,10,0,0,1,0
20261001-213946,early,,247.5,0,Specter,1,0,1,388/0/432,10,10,0,0,1,0
20261001-213946,early,,247.5,1,Scourge,0,0,1,638/409/36,10,10,0,0,1,0
20261001-213946,early,,247.5,2,Troubadour,1,0,1,673/432/0,10,10,0,0,1,0
20261001-213946,early,,247.5,3,Scourge,0,0,1,68/332/605,10,10,0,0,1,0
20261001-213946,early,,247.5,4,Scourge,0,0,1,351/39/439,10,10,0,0,1,0
20261001-213946,early,,247.5,5,Scourge,0,0,1,62/350/612,10,10,0,0,0,0
20261001-213946,early,,247.5,6,Evoker,0,0,1,664/382/82,10,10,0,0,0,0
20261001-213946,early,,247.5,7,Troubadour,0,0,1,356/78/386,10,10,0,0,1,0
20261001-213946,early,,247.5,8,Scourge,0,0,1,609/399/72,10,10,0,0,0,0
20261001-213946,early,,247.5,9,Luminary,1,0,1,0/388/673,10,10,0,0,0,0
20261001-213946,early,,311.3,0,Specter,1,0,1,429/698/0,10,10,0,0,0,0
20261001-213946,early,,311.3,1,Scourge,0,0,1,576/63/751,10,10,0,0,0,0
20261001-213946,early,,311.3,2,Troubadour,1,0,1,513/0/698,10,10,0,0,0,0
20261001-213946,early,,311.3,3,Scourge,0,0,1,102/615/442,10,10,0,0,0,0
20261001-213946,early,,311.3,4,Scourge,0,0,1,437/679/33,10,10,0,0,0,0
20261001-213946,early,,311.3,5,Scourge,0,0,1,49/559/446,10,10,0,0,0,0
20261001-213946,early,,311.3,6,Evoker,0,0,1,452/643/95,10,10,0,0,0,0
20261001-213946,early,,311.3,7,Troubadour,0,0,1,394/627/72,10,10,0,0,1,0
20261001-213946,early,,311.3,8,Scourge,0,0,1,605/109/807,10,10,0,0,0,0
20261001-213946,early,,311.3,9,Luminary,1,0,1,0/513/429,10,10,0,0,0,0
20261001-213946,early,,358.5,0,Specter,0,0,1,427/30/367,10,10,0,0,1,0
20261001-213946,early,,358.5,1,Scourge,0,0,1,714/345/93,10,10,0,0,1,0
20261001-213946,early,,358.5,2,Troubadour,1,0,1,781/388/0,10,10,0,0,1,0
20261001-213946,early,,358.5,3,Scourge,0,0,1,81/408/788,10,10,0,0,0,0
20261001-213946,early,,358.5,4,Scourge,1,0,1,416/0/388,10,10,0,0,1,0
20261001-213946,early,,358.5,5,Scourge,0,0,1,63/465/837,10,10,0,0,0,0
20261001-213946,early,,358.5,6,Evoker,0,0,1,743/340/65,10,10,0,0,0,0
20261001-213946,early,,358.5,7,Troubadour,0,0,1,367/65/452,10,10,0,0,1,0
20261001-213946,early,,358.5,8,Scourge,0,0,1,813/404/94,10,10,0,0,0,0
20261001-213946,early,,358.5,9,Luminary,1,0,1,0/416/781,10,10,0,0,0,0
20261001-213946,early,,407.0,0,Specter,0,0,1,422/41/610,10,10,0,0,0,0
20261001-213946,early,,407.0,1,Scourge,0,0,1,444/651/49,10,10,0,0,0,0
20261001-213946,early,,407.0,2,Troubadour,1,0,1,395/614/0,10,10,0,0,1,0
20261001-213946,early,,407.0,3,Scourge,1,0,1,451/0/614,10,10,0,0,0,0
20261001-213946,early,,407.0,4,Scourge,0,0,1,399/52/572,10,10,0,0,0,0
20261001-213946,early,,407.0,5,Scourge,0,0,1,37/423/373,10,10,0,0,0,0
20261001-213946,early,,407.0,6,Evoker,1,0,1,0/451/395,10,10,0,0,0,0
20261001-213946,early,,407.0,7,Troubadour,0,0,1,58/398/379,10,10,0,0,1,0
20261001-213946,early,,407.0,8,Scourge,0,0,1,466/694/82,10,10,0,0,0,0
20261001-213946,early,,407.0,9,Luminary,0,0,1,33/484/387,10,10,0,0,0,0
20261001-213946,early,,451.9,0,Specter,0,0,1,592/32/369,10,10,0,0,0,0
20261001-213946,early,,451.9,1,Scourge,1,0,1,606/0/368,10,10,0,0,0,0
20261001-213946,early,,451.9,2,Troubadour,1,0,1,312/368/0,10,10,0,0,1,0
20261001-213946,early,,451.9,3,Scourge,0,0,1,27/627/339,10,10,0,0,0,0
20261001-213946,early,,451.9,4,Scourge,0,0,1,599/29/350,10,10,0,0,0,0
20261001-213946,early,,451.9,5,Scourge,0,0,1,50/652/361,10,10,0,0,0,0
20261001-213946,early,,451.9,6,Evoker,0,0,1,301/427/62,10,10,0,0,0,0
20261001-213946,early,,451.9,7,Troubadour,0,0,1,340/397/55,10,10,0,0,1,0
20261001-213946,early,,451.9,8,Scourge,0,0,1,399/366/95,10,10,0,0,0,0
20261001-213946,early,,451.9,9,Luminary,1,0,1,0/606/312,10,10,0,0,0,0
20261001-213946,last,3,487.1,0,Specter,1,0,1,606/574/0,10,10,0,0,0,0
20261001-213946,last,3,487.1,1,Scourge,0,0,1,461/139/712,10,10,0,0,0,0
20261001-213946,last,3,487.1,2,Troubadour,1,0,1,383/0/574,10,10,0,0,1,0
20261001-213946,last,3,487.1,3,Scourge,0,0,1,51/430/644,10,10,0,0,0,0
20261001-213946,last,3,487.1,4,Scourge,0,0,1,601/571/6,10,10,0,0,0,0
20261001-213946,last,3,487.1,5,Scourge,0,0,1,68/416/674,10,10,0,0,0,0
20261001-213946,last,3,487.1,6,Evoker,0,0,1,134/511/630,10,10,0,0,0,0
20261001-213946,last,3,487.1,7,Troubadour,0,0,1,555/529/52,10,10,0,0,1,0
20261001-213946,last,3,487.1,8,Scourge,0,0,1,454/85/642,10,10,0,0,0,0
20261001-213946,last,3,487.1,9,Luminary,1,0,1,0/383/606,10,10,0,0,0,0
20261001-213946,last,33,517.2,0,Specter,0,0,1,1018/404/58,10,10,0,0,0,0
20261001-213946,last,33,517.2,1,Scourge,0,0,1,678/65/465,10,10,0,0,1,0
20261001-213946,last,33,517.2,2,Troubadour,1,0,1,680/0/412,10,10,0,0,1,0
20261001-213946,last,33,517.2,3,Scourge,0,0,1,77/604/929,10,10,0,0,0,0
20261001-213946,last,33,517.2,4,Scourge,0,0,1,982/373/53,10,10,0,0,1,0
20261001-213946,last,33,517.2,5,Scourge,0,0,1,66/657/954,10,10,0,0,0,0
20261001-213946,last,33,517.2,6,Evoker,0,0,1,687/41/439,10,10,0,0,1,0
20261001-213946,last,33,517.2,7,Troubadour,0,0,1,1030/411/72,10,10,0,0,1,0
20261001-213946,last,33,517.2,8,Scourge,1,0,1,997/412/0,10,10,0,0,0,0
20261001-213946,last,33,517.2,9,Luminary,1,0,1,0/680/997,10,10,0,0,0,0
20261002-225404,early,,2.5,0,Scourge,0,0,1,127,10,10,0,0,0,0
20261002-225404,early,,2.5,1,Specter,1,0,1,0,10,10,0,0,0,0
20261002-225404,early,,2.5,2,Troubadour,0,0,1,106,10,10,0,0,1,0
20261002-225404,early,,2.5,3,Scourge,0,0,1,95,10,10,0,0,0,0
20261002-225404,early,,2.5,4,Scourge,0,0,1,116,10,10,0,0,0,0
20261002-225404,early,,2.5,5,Scourge,0,0,1,138,10,10,0,0,1,0
20261002-225404,early,,2.5,6,Scourge,0,0,1,224,10,10,0,0,1,0
20261002-225404,early,,2.5,7,Evoker,0,0,1,110,10,10,0,0,1,0
20261002-225404,early,,2.5,8,Troubadour,0,0,1,85,10,10,0,0,1,0
20261002-225404,early,,2.5,9,Luminary,0,0,1,109,10,10,0,0,1,0
20261002-225404,early,,49.2,0,Scourge,0,0,1,345/492/39,10,10,0,0,0,0
20261002-225404,early,,49.2,1,Specter,1,0,1,0/335/385,10,10,0,0,0,0
20261002-225404,early,,49.2,2,Troubadour,1,0,1,335/0/519,10,10,0,0,1,0
20261002-225404,early,,49.2,3,Scourge,0,0,1,380/476/58,10,10,0,0,0,0
20261002-225404,early,,49.2,4,Scourge,1,0,1,385/519/0,10,10,0,0,0,0
20261002-225404,early,,49.2,5,Scourge,0,0,1,414/89/544,10,10,0,0,0,0
20261002-225404,early,,49.2,6,Scourge,0,0,1,321/14/506,10,10,0,0,0,0
20261002-225404,early,,49.2,7,Evoker,0,0,1,120/442/455,10,10,0,0,0,0
20261002-225404,early,,49.2,8,Troubadour,0,0,1,38/327/422,10,10,0,0,1,0
20261002-225404,early,,49.2,9,Luminary,0,0,1,339/439/81,10,10,0,0,0,0
20261002-225404,early,,93.9,0,Scourge,0,0,1,522/105/341,10,10,0,0,0,0
20261002-225404,early,,93.9,1,Specter,1,0,1,340/389/0,10,10,0,0,0,0
20261002-225404,early,,93.9,2,Troubadour,0,0,1,76/433/341,10,10,0,0,1,0
20261002-225404,early,,93.9,3,Scourge,0,0,1,563/109/385,10,10,0,0,0,0
20261002-225404,early,,93.9,4,Scourge,0,0,1,326/468/83,10,10,0,0,0,0
20261002-225404,early,,93.9,5,Scourge,0,0,1,99/489/413,10,10,0,0,0,0
20261002-225404,early,,93.9,6,Scourge,0,0,1,161/426/417,10,10,0,0,0,0
20261002-225404,early,,93.9,7,Evoker,1,0,1,0/495/340,10,10,0,0,0,0
20261002-225404,early,,93.9,8,Troubadour,0,0,1,485/393/148,10,10,0,0,1,0
20261002-225404,early,,93.9,9,Luminary,1,0,1,495/0/389,10,10,0,0,0,0
20261002-225404,early,,151.7,0,Scourge,0,0,1,418/54/568,10,10,0,0,0,0
20261002-225404,early,,151.7,1,Specter,1,0,1,410/550/0,10,10,0,0,0,0
20261002-225404,early,,151.7,2,Troubadour,0,0,1,88/320/347,10,10,0,0,1,0
20261002-225404,early,,151.7,3,Scourge,0,0,1,462/182/489,10,10,0,0,0,0
20261002-225404,early,,151.7,4,Scourge,0,0,1,437/618/78,10,10,0,0,0,0
20261002-225404,early,,151.7,5,Scourge,1,0,1,0/369/410,10,10,0,0,1,0
20261002-225404,early,,151.7,6,Scourge,0,0,1,102/444/340,10,10,0,0,1,0
20261002-225404,early,,151.7,7,Evoker,0,0,1,181/270/551,10,10,0,0,1,0
20261002-225404,early,,151.7,8,Troubadour,0,0,1,372/562/71,10,10,0,0,1,0
20261002-225404,early,,151.7,9,Luminary,1,0,1,369/0/550,10,10,0,0,1,0
20261002-225404,early,,206.6,0,Scourge,0,0,1,373/113/361,10,10,0,0,1,0
20261002-225404,early,,206.6,1,Specter,0,0,1,48/422/424,10,10,0,0,1,0
20261002-225404,early,,206.6,2,Troubadour,1,0,1,387/461/0,10,10,0,0,1,0
20261002-225404,early,,206.6,3,Scourge,0,0,1,343/55/408,10,10,0,0,1,0
20261002-225404,early,,206.6,4,Scourge,0,0,1,21/392/373,10,10,0,0,1,0
20261002-225404,early,,206.6,5,Scourge,1,0,1,0/380/387,10,10,0,0,0,0
20261002-225404,early,,206.6,6,Scourge,0,0,1,392/407/69,10,10,0,0,1,0
20261002-225404,early,,206.6,7,Evoker,0,0,1,426/490/39,10,10,0,0,1,0
20261002-225404,early,,206.6,8,Troubadour,0,0,1,313/371/96,10,10,0,0,0,0
20261002-225404,early,,206.6,9,Luminary,1,0,1,380/0/461,10,10,0,0,1,0
20261002-225404,early,,252.8,0,Scourge,0,0,1,504/87/951,10,10,0,0,0,0
20261002-225404,early,,252.8,1,Specter,0,0,1,23/435/437,10,10,0,0,1,0
20261002-225404,early,,252.8,2,Troubadour,0,0,1,361/772/154,10,10,0,0,1,0
20261002-225404,early,,252.8,3,Scourge,0,0,1,559/142/1004,10,10,0,0,0,0
20261002-225404,early,,252.8,4,Scourge,1,0,1,0/423/447,10,10,0,0,1,0
20261002-225404,early,,252.8,5,Scourge,0,0,1,452/875/42,10,10,0,0,1,0
20261002-225404,early,,252.8,6,Scourge,1,0,1,447/870/0,10,10,0,0,1,0
20261002-225404,early,,252.8,7,Evoker,0,0,1,518/920/201,10,10,0,0,1,0
20261002-225404,early,,252.8,8,Troubadour,0,0,1,50/399/477,10,10,0,0,1,0
20261002-225404,early,,252.8,9,Luminary,1,0,1,423/0/870,10,10,0,0,1,0
20261002-225404,early,,299.6,0,Scourge,0,0,1,385/70/463,10,10,0,0,0,0
20261002-225404,early,,299.6,1,Specter,1,0,1,362/0/395,10,10,0,0,0,0
20261002-225404,early,,299.6,2,Troubadour,1,0,1,384/395/0,10,10,0,0,1,0
20261002-225404,early,,299.6,3,Scourge,0,0,1,113/475/450,10,10,0,0,0,0
20261002-225404,early,,299.6,4,Scourge,0,0,1,426/66/416,10,10,0,0,0,0
20261002-225404,early,,299.6,5,Scourge,0,0,1,472/485/98,10,10,0,0,0,0
20261002-225404,early,,299.6,6,Scourge,0,0,1,373/400/18,10,10,0,0,0,0
20261002-225404,early,,299.6,7,Evoker,0,0,1,439/465/71,10,10,0,0,0,0
20261002-225404,early,,299.6,8,Troubadour,1,0,1,0/362/384,10,10,0,0,1,0
20261002-225404,early,,299.6,9,Luminary,0,0,1,5/367/388,10,10,0,0,0,0
20261002-225404,early,,346.9,0,Scourge,0,0,1,194/353/484,10,10,0,0,0,0
20261002-225404,early,,346.9,1,Specter,1,0,1,339/375/0,10,10,0,0,0,0
20261002-225404,early,,346.9,2,Troubadour,1,0,1,382/0/375,10,10,0,0,1,0
20261002-225404,early,,346.9,3,Scourge,0,0,1,109/475/438,10,10,0,0,0,0
20261002-225404,early,,346.9,4,Scourge,0,0,1,395/404/57,10,10,0,0,0,0
20261002-225404,early,,346.9,5,Scourge,0,0,1,489/108/436,10,10,0,0,0,0
20261002-225404,early,,346.9,6,Scourge,0,0,1,446/80/453,10,10,0,0,0,0
20261002-225404,early,,346.9,7,Evoker,0,0,1,443/100/351,10,10,0,0,0,0
20261002-225404,early,,346.9,8,Troubadour,0,0,1,305/405/60,10,10,0,0,1,0
20261002-225404,early,,346.9,9,Luminary,1,0,1,0/382/339,10,10,0,0,0,0
20261002-225404,early,,394.9,0,Scourge,0,0,1,116/418/457,10,10,0,0,0,0
20261002-225404,early,,394.9,1,Specter,1,0,1,312/0/425,10,10,0,0,1,0
20261002-225404,early,,394.9,2,Troubadour,1,0,1,370/425/0,10,10,0,0,1,0
20261002-225404,early,,394.9,3,Scourge,0,0,1,104/411/437,10,10,0,0,0,0
20261002-225404,early,,394.9,4,Scourge,0,0,1,327/21/445,10,10,0,0,1,0
20261002-225404,early,,394.9,5,Scourge,0,0,1,378/438/13,10,10,0,0,0,0
20261002-225404,early,,394.9,6,Scourge,0,0,1,421/539/127,10,10,0,0,0,0
20261002-225404,early,,394.9,7,Evoker,0,0,1,193/393/563,10,10,0,0,0,0
20261002-225404,early,,394.9,8,Troubadour,0,0,1,359/48/458,10,10,0,0,1,0
20261002-225404,early,,394.9,9,Luminary,1,0,1,0/312/370,10,10,0,0,1,0
20261002-225404,last,3,465.8,0,Scourge,0,0,1,401/158/658,10,10,0,0,1,0
20261002-225404,last,3,465.8,1,Specter,1,0,1,440/546/0,10,10,0,0,0,0
20261002-225404,last,3,465.8,2,Troubadour,1,0,1,404/0/546,10,10,0,0,1,0
20261002-225404,last,3,465.8,3,Scourge,0,0,1,67/436/504,10,10,0,0,0,0
20261002-225404,last,3,465.8,4,Scourge,0,0,1,545/633/106,10,10,0,0,0,0
20261002-225404,last,3,465.8,5,Scourge,1,0,1,0/404/440,10,10,0,0,0,0
20261002-225404,last,3,465.8,6,Scourge,0,0,1,466/153/689,10,10,0,0,1,0
20261002-225404,last,3,465.8,7,Evoker,0,0,1,55/456/432,10,10,0,0,0,0
20261002-225404,last,3,465.8,8,Troubadour,0,0,1,418/530/22,10,10,0,0,1,0
20261002-225404,last,3,465.8,9,Luminary,0,0,1,131/299/369,10,10,0,0,1,0
20261002-225404,last,33,495.9,0,Scourge,0,0,1,404/771/133,10,10,0,0,1,0
20261002-225404,last,33,495.9,1,Specter,0,0,1,433/28/719,10,10,0,0,1,0
20261002-225404,last,33,495.9,2,Troubadour,1,0,1,0/428/395,10,10,0,0,1,0
20261002-225404,last,33,495.9,3,Scourge,1,0,1,395/701/0,10,10,0,0,1,0
20261002-225404,last,33,495.9,4,Scourge,1,0,1,428/0/701,10,10,0,0,1,0
20261002-225404,last,33,495.9,5,Scourge,0,0,1,134/439/522,10,10,0,0,1,0
20261002-225404,last,33,495.9,6,Scourge,0,0,1,71/459/446,10,10,0,0,1,0
20261002-225404,last,33,495.9,7,Evoker,0,0,1,318/111/602,10,10,0,0,1,0
20261002-225404,last,33,495.9,8,Troubadour,0,0,1,213/260/445,10,10,0,0,1,0
20261002-225404,last,33,495.9,9,Luminary,0,0,1,426/694/64,10,10,0,0,0,0
20261003-211223,early,,2.8,0,Scourge,0,0,1,43,10,10,0,0,1,0
20261003-211223,early,,2.8,1,Troubadour,0,0,1,35,10,10,0,0,1,0
20261003-211223,early,,2.8,2,Scourge,0,0,1,120,10,10,0,0,1,0
20261003-211223,early,,2.8,3,Evoker,0,0,1,142,10,10,0,0,1,0
20261003-211223,early,,2.8,4,Evoker,0,0,1,99,10,10,0,0,1,0
20261003-211223,early,,2.8,5,Evoker,1,0,1,0,10,10,0,0,1,0
20261003-211223,early,,2.8,6,Scourge,0,0,1,27,10,10,0,0,1,0
20261003-211223,early,,2.8,7,Troubadour,0,0,1,77,10,10,0,0,1,0
20261003-211223,early,,2.8,8,Luminary,0,0,1,112,10,10,0,0,1,0
20261003-211223,early,,2.8,9,Scourge,0,0,1,183,10,10,0,0,1,0
20261003-211223,early,,50.0,0,Scourge,0,0,1,383/499/91,10,10,0,0,1,0
20261003-211223,early,,50.0,1,Troubadour,1,0,1,368/420/0,10,10,0,0,1,0
20261003-211223,early,,50.0,2,Scourge,0,0,1,76/335/422,10,10,0,0,0,0
20261003-211223,early,,50.0,3,Evoker,1,0,1,365/0/420,10,10,0,0,1,0
20261003-211223,early,,50.0,4,Evoker,0,0,1,401/461/42,10,10,0,0,1,0
20261003-211223,early,,50.0,5,Evoker,1,0,1,0/365/368,10,10,0,0,0,0
20261003-211223,early,,50.0,6,Scourge,0,0,1,357/41/448,10,10,0,0,1,0
20261003-211223,early,,50.0,7,Troubadour,0,0,1,47/398/349,10,10,0,0,1,0
20261003-211223,early,,50.0,8,Luminary,0,0,1,343/66/356,10,10,0,0,1,0
20261003-211223,early,,50.0,9,Scourge,0,0,1,363/39/387,10,10,0,0,1,0
20261003-211223,early,,94.6,0,Scourge,0,0,1,31/359/472,10,10,0,0,1,0
20261003-211223,early,,94.6,1,Troubadour,0,0,1,130/306/363,10,10,0,0,1,0
20261003-211223,early,,94.6,2,Scourge,0,0,1,585/445/94,10,10,0,0,1,0
20261003-211223,early,,94.6,3,Evoker,0,0,1,484/427/75,10,10,0,0,1,0
20261003-211223,early,,94.6,4,Evoker,0,0,1,53/300/453,10,10,0,0,1,0
20261003-211223,early,,94.6,5,Evoker,1,0,1,0/353/491,10,10,0,0,1,0
20261003-211223,early,,94.6,6,Scourge,0,0,1,385/44/413,10,10,0,0,0,0
20261003-211223,early,,94.6,7,Troubadour,1,0,1,491/379/0,10,10,0,0,1,0
20261003-211223,early,,94.6,8,Luminary,1,0,1,353/0/379,10,10,0,0,0,0
20261003-211223,early,,94.6,9,Scourge,0,0,1,399/55/418,10,10,0,0,0,0
20261003-211223,early,,150.7,0,Scourge,0,0,1,552/485/162,10,10,0,0,1,0
20261003-211223,early,,150.7,1,Troubadour,1,0,1,529/351/0,10,10,0,0,1,0
20261003-211223,early,,150.7,2,Scourge,1,0,1,0/406/529,10,10,0,0,1,0
20261003-211223,early,,150.7,3,Evoker,0,0,1,75/473/603,10,10,0,0,1,0
20261003-211223,early,,150.7,4,Evoker,0,0,1,528/440/119,10,10,0,0,1,0
20261003-211223,early,,150.7,5,Evoker,0,0,1,125/520/650,10,10,0,0,1,0
20261003-211223,early,,150.7,6,Scourge,0,0,1,499/152/490,10,10,0,0,1,0
20261003-211223,early,,150.7,7,Troubadour,0,0,1,446/139/489,10,10,0,0,1,0
20261003-211223,early,,150.7,8,Luminary,1,0,1,406/0/351,10,10,0,0,1,0
20261003-211223,early,,150.7,9,Scourge,0,0,1,429/103/454,10,10,0,0,1,0
20261003-211223,early,,205.3,0,Scourge,0,0,1,392/398/74,10,10,0,0,1,0
20261003-211223,early,,205.3,1,Troubadour,1,0,1,353/425/0,10,10,0,0,1,0
20261003-211223,early,,205.3,2,Scourge,1,0,1,0/353/353,10,10,0,0,1,0
20261003-211223,early,,205.3,3,Evoker,0,0,1,71/294/377,10,10,0,0,1,0
20261003-211223,early,,205.3,4,Evoker,0,0,1,360/438/12,10,10,0,0,1,0
20261003-211223,early,,205.3,5,Evoker,0,0,1,56/409/374,10,10,0,0,1,0
20261003-211223,early,,205.3,6,Scourge,0,0,1,360/7/427,10,10,0,0,1,0
20261003-211223,early,,205.3,7,Troubadour,0,0,1,43/338/310,10,10,0,0,1,0
20261003-211223,early,,205.3,8,Luminary,1,0,1,353/0/425,10,10,0,0,1,0
20261003-211223,early,,205.3,9,Scourge,0,0,1,353/36/395,10,10,0,0,1,0
20261003-211223,early,,250.1,0,Scourge,0,0,1,37/574/359,10,10,0,0,1,0
20261003-211223,early,,250.1,1,Troubadour,1,0,1,0/610/379,10,10,0,0,1,0
20261003-211223,early,,250.1,2,Scourge,0,0,1,484/324/123,10,10,0,0,1,0
20261003-211223,early,,250.1,3,Evoker,0,0,1,578/38/367,10,10,0,0,1,0
20261003-211223,early,,250.1,4,Evoker,0,0,1,48/565/336,10,10,0,0,0,0
20261003-211223,early,,250.1,5,Evoker,0,0,1,630/40/401,10,10,0,0,0,0
20261003-211223,early,,250.1,6,Scourge,1,0,1,379/405/0,10,10,0,0,1,0
20261003-211223,early,,250.1,7,Troubadour,0,0,1,395/380/27,10,10,0,0,1,0
20261003-211223,early,,250.1,8,Luminary,1,1,1,610/0/405,10,10,0,0,0,0
20261003-211223,early,,250.1,9,Scourge,0,0,1,605/7/398,10,10,0,0,0,0
20261003-211223,early,,305.5,0,Scourge,0,0,1,427/469/53,10,10,0,0,0,0
20261003-211223,early,,305.5,1,Troubadour,1,0,1,402/417/0,10,10,0,0,1,0
20261003-211223,early,,305.5,2,Scourge,0,0,1,67/530/462,10,10,0,0,0,0
20261003-211223,early,,305.5,3,Evoker,0,0,1,22/523/423,10,10,0,0,0,0
20261003-211223,early,,305.5,4,Evoker,0,0,1,451/425/49,10,10,0,0,0,0
20261003-211223,early,,305.5,5,Evoker,0,0,1,15/512/388,10,10,0,0,0,0
20261003-211223,early,,305.5,6,Scourge,0,0,1,513/60/461,10,10,0,0,0,0
20261003-211223,early,,305.5,7,Troubadour,1,0,1,0/516/402,10,10,0,0,1,0
20261003-211223,early,,305.5,8,Luminary,1,0,1,516/0/417,10,10,0,0,0,0
20261003-211223,early,,305.5,9,Scourge,0,0,1,503/49/445,10,10,0,0,0,0
20261003-211223,early,,352.4,0,Scourge,0,0,1,433/556/98,10,10,0,0,0,0
20261003-211223,early,,352.4,1,Troubadour,1,0,1,356/458/0,10,10,0,0,1,0
20261003-211223,early,,352.4,2,Scourge,0,0,1,19/351/357,10,10,0,0,1,0
20261003-211223,early,,352.4,3,Evoker,0,0,1,8/340/355,10,10,0,0,1,0
20261003-211223,early,,352.4,4,Evoker,0,0,1,439/520/83,10,10,0,0,0,0
20261003-211223,early,,352.4,5,Evoker,0,0,1,417/105/561,10,10,0,0,0,0
20261003-211223,early,,352.4,6,Scourge,0,0,1,373/61/519,10,10,0,0,0,0
20261003-211223,early,,352.4,7,Troubadour,1,0,1,0/332/356,10,10,0,0,1,0
20261003-211223,early,,352.4,8,Luminary,1,0,1,332/0/458,10,10,0,0,0,0
20261003-211223,early,,352.4,9,Scourge,0,0,1,405/82/477,10,10,0,0,0,0
20261003-211223,early,,400.6,0,Scourge,1,0,1,0/394/448,10,10,0,0,0,0
20261003-211223,early,,400.6,1,Troubadour,1,0,1,448/358/0,10,10,0,0,1,0
20261003-211223,early,,400.6,2,Scourge,0,0,1,365/109/447,10,10,0,0,1,0
20261003-211223,early,,400.6,3,Evoker,0,0,1,427/58/415,10,10,0,0,1,0
20261003-211223,early,,400.6,4,Evoker,0,0,1,489/415/57,10,10,0,0,1,0
20261003-211223,early,,400.6,5,Evoker,0,0,1,533/423/87,9,9,0,0,1,0
20261003-211223,early,,400.6,6,Scourge,1,0,1,394/0/358,10,10,0,0,0,0
20261003-211223,early,,400.6,7,Troubadour,0,0,1,425/51/407,10,10,0,0,1,0
20261003-211223,early,,400.6,8,Luminary,0,0,1,16/387/455,10,10,0,0,0,0
20261003-211223,early,,400.6,9,Scourge,0,0,1,117/510/539,10,10,0,0,0,0
20261003-211223,last,3,482.4,0,Scourge,0,0,1,537/106/448,10,10,0,0,0,0
20261003-211223,last,3,482.4,1,Troubadour,1,0,1,446/0/429,10,10,0,0,1,0
20261003-211223,last,3,482.4,2,Scourge,1,0,1,0/446/384,10,10,0,0,0,0
20261003-211223,last,3,482.4,3,Evoker,1,0,1,384/429/0,10,10,0,0,1,0
20261003-211223,last,3,482.4,4,Evoker,0,0,1,546/105/521,10,10,0,0,0,0
20261003-211223,last,3,482.4,5,Evoker,0,0,1,113/537/377,10,10,0,0,1,0
20261003-211223,last,3,482.4,6,Scourge,0,0,1,376/394/35,10,10,0,0,1,0
20261003-211223,last,3,482.4,7,Troubadour,0,0,1,77/385/399,10,10,0,0,1,0
20261003-211223,last,3,482.4,8,Luminary,0,0,1,409/421/32,10,10,0,0,1,0
20261003-211223,last,3,482.4,9,Scourge,0,0,1,384/437/9,10,10,0,0,1,0
20261003-211223,last,33,512.5,0,Scourge,0,0,1,680/113/427,10,10,0,0,1,0
20261003-211223,last,33,512.5,1,Troubadour,1,0,1,635/0/348,10,10,0,0,1,0
20261003-211223,last,33,512.5,2,Scourge,1,0,1,0/635/329,10,10,0,0,1,0
20261003-211223,last,33,512.5,3,Evoker,0,0,1,106/658/391,10,10,0,0,1,0
20261003-211223,last,33,512.5,4,Evoker,0,0,1,651/22/358,10,10,0,0,1,0
20261003-211223,last,33,512.5,5,Evoker,0,0,1,128/679/340,10,10,0,0,1,0
20261003-211223,last,33,512.5,6,Scourge,0,0,1,279/391/50,10,10,0,0,0,0
20261003-211223,last,33,512.5,7,Troubadour,0,0,1,92/717/420,10,10,0,0,1,0
20261003-211223,last,33,512.5,8,Luminary,0,0,1,302/387/39,10,10,0,0,1,0
20261003-211223,last,33,512.5,9,Scourge,1,0,1,329/348/0,10,10,0,0,1,0
20261003-222355,early,,2.7,0,Scourge,0,0,1,129,10,10,0,0,1,0
20261003-222355,early,,2.7,1,Troubadour,0,0,1,10,10,10,0,0,1,0
20261003-222355,early,,2.7,2,Scourge,0,0,1,131,10,10,0,0,1,0
20261003-222355,early,,2.7,3,Scourge,0,0,1,81,10,10,0,0,1,0
20261003-222355,early,,2.7,4,Luminary,0,0,1,223,10,10,0,0,1,0
20261003-222355,early,,2.7,5,Scourge,0,0,1,48,10,10,0,0,1,0
20261003-222355,early,,2.7,6,Troubadour,0,0,1,42,10,10,0,0,1,0
20261003-222355,early,,2.7,7,Virtuoso,1,0,1,0,10,10,0,0,1,0
20261003-222355,early,,2.7,8,Luminary,0,0,1,159,10,10,0,0,1,0
20261003-222355,early,,2.7,9,Scourge,0,0,1,85,10,10,0,0,1,0
20261003-222355,early,,50.8,0,Scourge,0,0,1,365/437/121,10,10,0,0,1,0
20261003-222355,early,,50.8,1,Troubadour,1,0,1,339/327/0,10,10,0,0,1,0
20261003-222355,early,,50.8,2,Scourge,0,0,1,53/279/299,10,10,0,0,1,0
20261003-222355,early,,50.8,3,Scourge,0,0,1,385/405/79,10,10,0,0,1,0
20261003-222355,early,,50.8,4,Luminary,0,0,1,10/319/333,10,10,0,0,1,0
20261003-222355,early,,50.8,5,Scourge,0,0,1,335/73/392,10,10,0,0,0,0
20261003-222355,early,,50.8,6,Troubadour,0,0,1,25/351/342,10,10,0,0,1,0
20261003-222355,early,,50.8,7,Virtuoso,1,0,1,0/329/339,10,10,0,0,0,0
20261003-222355,early,,50.8,8,Luminary,1,0,1,329/0/327,10,10,0,0,0,0
20261003-222355,early,,50.8,9,Scourge,0,0,1,344/31/358,10,10,0,0,0,0
20261003-222355,early,,95.6,0,Scourge,0,0,1,415/50/363,10,10,0,0,0,0
20261003-222355,early,,95.6,1,Troubadour,1,0,1,367/0/355,10,10,0,0,1,0
20261003-222355,early,,95.6,2,Scourge,1,0,1,381/355/0,10,10,0,0,0,0
20261003-222355,early,,95.6,3,Scourge,0,0,1,396/39/392,10,10,0,0,0,0
20261003-222355,early,,95.6,4,Luminary,1,0,1,0/367/381,9,9,0,0,0,0
20261003-222355,early,,95.6,5,Scourge,0,0,1,88/448/402,10,10,0,0,0,0
20261003-222355,early,,95.6,6,Troubadour,0,0,1,399/366/18,10,10,0,0,1,0
20261003-222355,early,,95.6,7,Virtuoso,0,0,1,426/446/91,10,10,0,0,0,0
20261003-222355,early,,95.6,8,Luminary,0,0,1,40/340/391,9,9,0,0,0,0
20261003-222355,early,,95.6,9,Scourge,0,0,1,102/469/450,10,10,0,0,0,0
20261003-222355,early,,147.0,0,Scourge,0,0,1,104/440/476,10,10,0,0,1,0
20261003-222355,early,,147.0,1,Troubadour,0,0,1,183/374/469,10,10,0,0,1,0
20261003-222355,early,,147.0,2,Scourge,1,0,1,515/755/0,10,10,0,0,1,0
20261003-222355,early,,147.0,3,Scourge,0,0,1,62/510/458,10,10,0,0,1,0
20261003-222355,early,,147.0,4,Luminary,0,0,1,553/728/85,9,9,0,0,1,0
20261003-222355,early,,147.0,5,Scourge,1,0,1,0/527/515,10,10,0,0,0,0
20261003-222355,early,,147.0,6,Troubadour,0,0,1,560/764/56,10,10,0,0,1,0
20261003-222355,early,,147.0,7,Virtuoso,0,0,1,579/96/846,10,10,0,0,0,0
20261003-222355,early,,147.0,8,Luminary,1,0,1,527/0/755,9,9,0,0,0,0
20261003-222355,early,,147.0,9,Scourge,0,0,1,583/77/832,10,10,0,0,0,0
20261003-222355,early,,193.3,0,Scourge,0,0,1,625/733/49,10,10,0,0,0,0
20261003-222355,early,,193.3,1,Troubadour,1,0,1,652/729/0,10,10,0,0,1,0
20261003-222355,early,,193.3,2,Scourge,1,0,1,446/0/729,10,10,0,0,0,0
20261003-222355,early,,193.3,3,Scourge,0,0,1,649/730/6,10,10,0,0,0,0
20261003-222355,early,,193.3,4,Luminary,0,0,1,473/45/774,9,9,0,0,0,0
20261003-222355,early,,193.3,5,Scourge,0,0,1,90/499/736,10,10,0,0,0,0
20261003-222355,early,,193.3,6,Troubadour,0,0,1,524/122/851,10,10,0,0,1,0
20261003-222355,early,,193.3,7,Virtuoso,0,0,1,508/144/871,10,10,0,0,0,0
20261003-222355,early,,193.3,8,Luminary,0,0,1,42/412/624,9,9,0,0,0,0
20261003-222355,early,,193.3,9,Scourge,1,0,1,0/446/652,10,10,0,0,0,0
20261003-222355,early,,242.7,0,Scourge,0,0,1,157/402/337,10,10,0,0,1,0
20261003-222355,early,,242.7,1,Troubadour,0,0,1,416/127/303,10,10,0,0,1,0
20261003-222355,early,,242.7,2,Scourge,1,0,1,542/0/365,10,10,0,0,1,0
20261003-222355,early,,242.7,3,Scourge,0,0,1,18/528/368,10,10,0,0,1,0
20261003-222355,early,,242.7,4,Luminary,1,0,1,0/542/371,9,9,0,0,1,0
20261003-222355,early,,242.7,5,Scourge,0,0,1,362/354/15,10,10,0,0,0,0
20261003-222355,early,,242.7,6,Troubadour,0,0,1,451/128/372,10,10,0,0,1,0
20261003-222355,early,,242.7,7,Virtuoso,0,0,1,595/54/412,10,10,0,0,0,0
20261003-222355,early,,242.7,8,Luminary,1,0,1,371/365/0,9,9,0,0,0,0
20261003-222355,early,,242.7,9,Scourge,0,0,1,361/310/59,10,10,0,0,0,0
20261003-222355,early,,303.5,0,Scourge,0,0,1,431/111/391,10,10,0,0,1,0
20261003-222355,early,,303.5,1,Troubadour,0,0,1,415/108/371,10,10,0,0,1,0
20261003-222355,early,,303.5,2,Scourge,1,0,1,481/0/362,10,10,0,0,1,0
20261003-222355,early,,303.5,3,Scourge,0,0,1,297/353/13,10,10,0,0,1,0
20261003-222355,early,,303.5,4,Luminary,1,0,1,306/362/0,10,10,0,0,1,0
20261003-222355,early,,303.5,5,Scourge,0,0,1,100/446/355,10,10,0,0,0,0
20261003-222355,early,,303.5,6,Troubadour,0,0,1,459/37/364,10,10,0,0,1,0
20261003-222355,early,,303.5,7,Virtuoso,0,0,1,391/423/98,10,10,0,0,1,0
20261003-222355,early,,303.5,8,Luminary,1,0,1,0/481/306,9,9,0,0,0,0
20261003-222355,early,,303.5,9,Scourge,0,0,1,73/552/367,10,10,0,0,0,0
20261003-222355,early,,351.0,0,Scourge,0,0,1,474/430/94,10,10,0,0,0,0
20261003-222355,early,,351.0,1,Troubadour,1,0,1,391/437/0,10,10,0,0,1,0
20261003-222355,early,,351.0,2,Scourge,0,0,1,92/395/403,10,10,0,0,0,0
20261003-222355,early,,351.0,3,Scourge,0,0,1,446/482/60,10,10,0,0,0,0
20261003-222355,early,,351.0,4,Luminary,1,0,1,471/0/437,10,10,0,0,0,0
20261003-222355,early,,351.0,5,Scourge,0,0,1,58/416/350,10,10,0,0,0,0
20261003-222355,early,,351.0,6,Troubadour,0,0,1,76/398/345,10,10,0,0,1,0
20261003-222355,early,,351.0,7,Virtuoso,1,0,1,0/471/391,10,10,0,0,0,0
20261003-222355,early,,351.0,8,Luminary,0,0,1,401/79/367,9,9,0,0,0,0
20261003-222355,early,,351.0,9,Scourge,0,0,1,452/56/466,10,10,0,0,0,0
20261003-222355,early,,399.6,0,Scourge,0,0,1,429/424/85,10,10,0,0,0,0
20261003-222355,early,,399.6,1,Troubadour,0,0,1,79/345/323,10,10,0,0,1,0
20261003-222355,early,,399.6,2,Scourge,0,0,1,116/476/333,10,10,0,0,0,0
20261003-222355,early,,399.6,3,Scourge,0,0,1,483/468/137,10,10,0,0,0,0
20261003-222355,early,,399.6,4,Luminary,1,0,1,376/342/0,10,10,0,0,0,0
20261003-222355,early,,399.6,5,Scourge,0,0,1,555/142/384,10,10,0,0,0,0
20261003-222355,early,,399.6,6,Troubadour,0,0,1,346/380/58,10,10,0,0,1,0
20261003-222355,early,,399.6,7,Virtuoso,1,0,1,0/424/376,10,10,0,0,0,0
20261003-222355,early,,399.6,8,Luminary,1,0,1,424/0/342,9,9,0,0,0,0
20261003-222355,early,,399.6,9,Scourge,0,0,1,532/109/419,10,10,0,0,0,0
20261003-222355,last,3,480.1,0,Scourge,0,0,1,442/464/107,10,10,0,0,0,0
20261003-222355,last,3,480.1,1,Troubadour,0,0,1,353/330/68,10,10,0,0,1,0
20261003-222355,last,3,480.1,2,Scourge,1,0,1,353/397/0,10,10,0,0,0,0
20261003-222355,last,3,480.1,3,Scourge,0,0,1,15/572/364,10,10,0,0,0,0
20261003-222355,last,3,480.1,4,Luminary,0,0,1,332/349/57,10,10,0,0,0,0
20261003-222355,last,3,480.1,5,Scourge,0,0,1,604/90/389,10,10,0,0,0,0
20261003-222355,last,3,480.1,6,Troubadour,1,0,1,0/556/353,10,10,0,0,1,0
20261003-222355,last,3,480.1,7,Virtuoso,0,0,1,93/638/386,10,10,0,0,0,0
20261003-222355,last,3,480.1,8,Luminary,1,0,1,556/0/397,9,9,0,0,0,0
20261003-222355,last,3,480.1,9,Scourge,0,0,1,643/98/494,10,10,0,0,0,0
20261003-222355,last,33,510.2,0,Scourge,0,0,1,476/132/643,10,10,0,0,1,0
20261003-222355,last,33,510.2,1,Troubadour,1,0,1,361/0/592,10,10,0,0,1,0
20261003-222355,last,33,510.2,2,Scourge,1,0,1,389/592/0,10,10,0,0,0,0
20261003-222355,last,33,510.2,3,Scourge,0,0,1,333/84/517,10,10,0,0,1,0
20261003-222355,last,33,510.2,4,Luminary,0,0,1,422/592/55,10,10,0,0,0,0
20261003-222355,last,33,510.2,5,Scourge,0,0,1,49/410/380,10,10,0,0,0,0
20261003-222355,last,33,510.2,6,Troubadour,1,0,1,0/361/389,10,10,0,0,1,0
20261003-222355,last,33,510.2,7,Virtuoso,0,0,1,430/595/64,10,10,0,0,0,0
20261003-222355,last,33,510.2,8,Luminary,0,0,1,29/390/385,9,9,0,0,0,0
20261003-222355,last,33,510.2,9,Scourge,0,0,1,81/440/396,10,10,0,0,0,0
20261003-222355,last,63,540.2,0,Scourge,0,0,0,396/311,10,10,0,0,1,0
20261003-222355,last,63,540.2,1,Troubadour,1,0,1,577/0,10,7,3,0,1,1
20261003-222355,last,63,540.2,2,Scourge,0,0,1,181/395,10,7,3,0,1,1
20261003-222355,last,63,540.2,3,Scourge,0,0,0,369/940,10,10,0,0,1,0
20261003-222355,last,63,540.2,4,Luminary,0,0,0,288/430,10,10,0,0,1,0
20261003-222355,last,63,540.2,5,Scourge,0,0,0,590/327,10,10,0,0,1,0
20261003-222355,last,63,540.2,6,Troubadour,0,0,0,278/747,10,10,0,0,1,0
20261003-222355,last,63,540.2,7,Virtuoso,0,0,0,298/677,10,10,0,0,1,0
20261003-222355,last,63,540.2,8,Luminary,1,1,1,0/577,9,6,3,0,0,1
20261003-222355,last,63,540.2,9,Scourge,0,0,0,464/921,10,10,0,0,1,0
20261006-225342,early,,2.7,0,Scourge,0,0,1,21,10,10,0,0,0,0
20261006-225342,early,,2.7,1,Scourge,0,0,1,165,10,10,0,0,0,0
20261006-225342,early,,2.7,2,Luminary,0,0,1,80,10,10,0,0,0,0
20261006-225342,early,,2.7,3,Troubadour,0,0,1,188,10,10,0,0,1,0
20261006-225342,early,,2.7,4,Weaver,0,0,1,90,10,10,0,0,0,0
20261006-225342,early,,2.7,5,Scourge,0,0,1,116,10,10,0,0,1,0
20261006-225342,early,,2.7,6,Scourge,0,0,1,45,10,10,0,0,1,0
20261006-225342,early,,2.7,7,Troubadour,1,0,1,0,10,10,0,0,1,0
20261006-225342,early,,2.7,8,Scourge,0,0,1,164,10,10,0,0,1,0
20261006-225342,early,,2.7,9,Tempest,0,0,1,30,10,10,0,0,1,0
20261006-225342,early,,50.1,0,Scourge,0,0,1,401/98/526,10,10,0,0,1,0
20261006-225342,early,,50.1,1,Scourge,0,0,1,409/78/509,10,10,0,0,1,0
20261006-225342,early,,50.1,2,Luminary,1,0,1,389/432/0,10,10,0,0,0,0
20261006-225342,early,,50.1,3,Troubadour,1,0,1,365/0/432,10,10,0,0,1,0
20261006-225342,early,,50.1,4,Weaver,0,0,1,392/484/66,10,10,0,0,0,0
20261006-225342,early,,50.1,5,Scourge,0,0,1,377/382/54,10,10,0,0,0,0
20261006-225342,early,,50.1,6,Scourge,0,0,1,35/336/397,10,10,0,0,1,0
20261006-225342,early,,50.1,7,Troubadour,1,0,1,0/365/389,10,10,0,0,1,0
20261006-225342,early,,50.1,8,Scourge,0,0,1,115/255/393,10,10,0,0,1,0
20261006-225342,early,,50.1,9,Tempest,0,0,1,18/347/381,10,10,0,0,0,0
20261006-225342,early,,94.6,0,Scourge,0,0,1,432/315/107,10,10,0,0,1,0
20261006-225342,early,,94.6,1,Scourge,0,0,1,498/393/82,10,10,0,0,1,0
20261006-225342,early,,94.6,2,Luminary,1,0,1,404/0/414,10,10,0,0,1,0
20261006-225342,early,,94.6,3,Troubadour,0,0,1,348/349/101,10,10,0,0,1,0
20261006-225342,early,,94.6,4,Weaver,0,0,1,444/78/492,10,10,0,0,0,0
20261006-225342,early,,94.6,5,Scourge,0,0,1,395/69/472,10,10,0,0,0,0
20261006-225342,early,,94.6,6,Scourge,0,0,1,60/463/470,10,10,0,0,0,0
20261006-225342,early,,94.6,7,Troubadour,0,0,1,41/363/431,10,10,0,0,1,0
20261006-225342,early,,94.6,8,Scourge,1,0,1,447/414/0,10,10,0,0,1,0
20261006-225342,early,,94.6,9,Tempest,1,0,1,0/404/447,10,10,0,0,0,0
20261006-225342,early,,152.7,0,Scourge,0,0,1,539/76/430,10,10,0,0,1,0
20261006-225342,early,,152.7,1,Scourge,0,0,1,541/102/470,10,10,0,0,1,0
20261006-225342,early,,152.7,2,Luminary,1,0,1,660/400/0,10,10,0,0,1,0
20261006-225342,early,,152.7,3,Troubadour,1,0,1,604/0/400,10,10,0,0,1,0
20261006-225342,early,,152.7,4,Weaver,0,0,1,658/517/133,10,10,0,0,1,0
20261006-225342,early,,152.7,5,Scourge,0,0,1,586/531/193,10,10,0,0,1,0
20261006-225342,early,,152.7,6,Scourge,0,0,1,91/565/677,10,10,0,0,1,0
20261006-225342,early,,152.7,7,Troubadour,0,0,1,99/506/578,10,10,0,0,1,0
20261006-225342,early,,152.7,8,Scourge,1,0,1,0/604/660,10,10,0,0,1,0
20261006-225342,early,,152.7,9,Tempest,0,0,1,183/423/541,10,10,0,0,1,0
20261006-225342,early,,207.5,0,Scourge,0,0,1,454/721/148,10,10,0,0,1,0
20261006-225342,early,,207.5,1,Scourge,0,0,1,470/652/93,10,10,0,0,1,0
20261006-225342,early,,207.5,2,Luminary,0,0,1,42/455/337,10,10,0,0,1,0
20261006-225342,early,,207.5,3,Troubadour,1,0,1,377/579/0,10,10,0,0,1,0
20261006-225342,early,,207.5,4,Weaver,0,0,1,73/423/310,10,10,0,0,1,0
20261006-225342,early,,207.5,5,Scourge,0,0,1,198/632/360,10,10,0,0,0,0
20261006-225342,early,,207.5,6,Scourge,0,0,1,527/86/633,10,10,0,0,1,0
20261006-225342,early,,207.5,7,Troubadour,0,0,1,441/54/541,10,10,0,0,1,0
20261006-225342,early,,207.5,8,Scourge,1,0,1,0/443/377,10,10,0,0,1,0
20261006-225342,early,,207.5,9,Tempest,1,0,1,443/0/579,10,10,0,0,1,0
20261006-225342,early,,253.0,0,Scourge,1,0,1,479/293/0,10,10,0,0,0,0
20261006-225342,early,,253.0,1,Scourge,0,0,1,93/318/548,10,10,0,0,0,0
20261006-225342,early,,253.0,2,Luminary,0,0,1,523/345/51,10,10,0,0,0,0
20261006-225342,early,,253.0,3,Troubadour,1,0,1,0/288/479,10,10,0,0,1,0
20261006-225342,early,,253.0,4,Weaver,0,0,1,511/320/32,10,10,0,0,0,0
20261006-225342,early,,253.0,5,Scourge,0,0,1,512/326/34,10,10,0,0,1,0
20261006-225342,early,,253.0,6,Scourge,0,0,1,512/317/34,10,10,0,0,1,0
20261006-225342,early,,253.0,7,Troubadour,1,0,1,288/0/293,10,7,3,0,1,1
20261006-225342,early,,253.0,8,Scourge,0,0,1,68/281/508,10,10,0,0,1,0
20261006-225342,early,,253.0,9,Tempest,0,0,1,375/314/177,10,10,0,0,1,0
20261006-225342,early,,317.4,0,Scourge,0,0,1,87/465/411,10,10,0,0,1,0
20261006-225342,early,,317.4,1,Scourge,0,0,1,86/478/400,10,10,0,0,1,0
20261006-225342,early,,317.4,2,Luminary,1,0,1,398/0/354,10,10,0,0,0,0
20261006-225342,early,,317.4,3,Troubadour,1,0,1,0/398/325,10,10,0,0,1,0
20261006-225342,early,,317.4,4,Weaver,0,0,1,434/46/399,10,10,0,0,0,0
20261006-225342,early,,317.4,5,Scourge,0,0,1,415/18/362,10,10,0,0,1,0
20261006-225342,early,,317.4,6,Scourge,0,0,1,365/385/43,10,10,0,0,1,0
20261006-225342,early,,317.4,7,Troubadour,0,0,1,372/347/53,10,10,0,0,1,0
20261006-225342,early,,317.4,8,Scourge,0,0,1,373/388/51,10,10,0,0,1,0
20261006-225342,early,,317.4,9,Tempest,1,0,1,325/354/0,10,10,0,0,1,0
20261006-225342,early,,364.6,0,Scourge,0,0,1,459/379/111,10,10,0,0,1,0
20261006-225342,early,,364.6,1,Scourge,0,0,1,469/456/113,10,10,0,0,1,0
20261006-225342,early,,364.6,2,Luminary,1,0,1,395/0/373,10,10,0,0,1,0
20261006-225342,early,,364.6,3,Troubadour,1,0,1,360/373/0,10,10,0,0,1,0
20261006-225342,early,,364.6,4,Weaver,0,0,1,448/53/400,10,10,0,0,1,0
20261006-225342,early,,364.6,5,Scourge,0,0,1,403/45/413,10,10,0,0,0,0
20261006-225342,early,,364.6,6,Scourge,0,0,1,95/460/454,10,10,0,0,0,0
20261006-225342,early,,364.6,7,Troubadour,1,0,1,0/395/360,10,10,0,0,1,0
20261006-225342,early,,364.6,8,Scourge,0,0,1,435/40/396,10,10,0,0,0,0
20261006-225342,early,,364.6,9,Tempest,0,0,1,48/421/408,10,10,0,0,0,0
20261006-225342,early,,413.1,0,Scourge,0,0,1,588/445/143,10,10,0,0,1,0
20261006-225342,early,,413.1,1,Scourge,1,0,1,0/445/453,10,10,0,0,0,0
20261006-225342,early,,413.1,2,Luminary,1,0,1,445/0/406,10,10,0,0,0,0
20261006-225342,early,,413.1,3,Troubadour,1,0,1,453/406/0,10,10,0,0,1,0
20261006-225342,early,,413.1,4,Weaver,0,0,1,568/127/443,10,10,0,0,0,0
20261006-225342,early,,413.1,5,Scourge,0,0,1,566/163/374,9,9,0,0,0,0
20261006-225342,early,,413.1,6,Scourge,0,0,1,74/479/420,10,10,0,0,0,0
20261006-225342,early,,413.1,7,Troubadour,0,0,1,487/424/34,10,10,0,0,1,0
20261006-225342,early,,413.1,8,Scourge,0,0,1,561/384/143,10,10,0,0,1,0
20261006-225342,early,,413.1,9,Tempest,0,0,1,35/418/418,10,10,0,0,0,0
20261006-225342,last,3,492.5,0,Scourge,0,0,1,429/84/512,10,10,0,0,0,0
20261006-225342,last,3,492.5,1,Scourge,0,0,1,477/139/572,10,10,0,0,0,0
20261006-225342,last,3,492.5,2,Luminary,1,0,1,365/448/0,10,10,0,0,0,0
20261006-225342,last,3,492.5,3,Troubadour,1,0,1,345/0/448,10,10,0,0,1,0
20261006-225342,last,3,492.5,4,Weaver,1,0,1,0/345/365,10,10,0,0,0,0
20261006-225342,last,3,492.5,5,Scourge,0,0,1,431/531/83,10,10,0,0,1,0
20261006-225342,last,3,492.5,6,Scourge,0,0,1,18/361/359,10,10,0,0,1,0
20261006-225342,last,3,492.5,7,Troubadour,0,0,1,353/487/64,10,10,0,0,1,0
20261006-225342,last,3,492.5,8,Scourge,0,0,1,335/493/93,10,10,0,0,1,0
20261006-225342,last,3,492.5,9,Tempest,0,0,1,48/390/394,10,10,0,0,1,0
20261006-225342,last,33,522.5,0,Scourge,1,0,1,310/588/0,10,10,0,0,0,0
20261006-225342,last,33,522.5,1,Scourge,0,0,1,116/438/351,10,10,0,0,1,0
20261006-225342,last,33,522.5,2,Luminary,1,0,1,350/0/588,10,10,0,0,0,0
20261006-225342,last,33,522.5,3,Troubadour,0,0,1,301/556/46,10,10,0,0,0,0
20261006-225342,last,33,522.5,4,Weaver,1,0,1,0/350/310,10,10,0,0,0,0
20261006-225342,last,33,522.5,5,Scourge,0,0,1,350/7/591,10,10,0,0,1,0
20261006-225342,last,33,522.5,6,Scourge,0,0,1,303/592/23,10,10,0,0,0,0
20261006-225342,last,33,522.5,7,Troubadour,0,0,1,403/58/646,10,10,0,0,1,0
20261006-225342,last,33,522.5,8,Scourge,0,0,1,42/390/299,10,10,0,0,0,0
20261006-225342,last,33,522.5,9,Tempest,0,0,1,89/406/352,10,10,0,0,1,0
20261006-225342,last,63,552.5,0,Scourge,0,0,1,187/693/606,10,10,0,0,0,0
20261006-225342,last,63,552.5,1,Scourge,0,0,1,770/106/848,10,10,0,0,0,0
20261006-225342,last,63,552.5,2,Luminary,1,0,1,0/671/420,10,10,0,0,0,0
20261006-225342,last,63,552.5,3,Troubadour,1,0,1,671/0/743,10,10,0,0,1,0
20261006-225342,last,63,552.5,4,Weaver,0,0,1,684/17/760,10,10,0,0,0,0
20261006-225342,last,63,552.5,5,Scourge,0,0,1,140/740/555,10,10,0,0,0,0
20261006-225342,last,63,552.5,6,Scourge,0,0,1,626/888/208,10,10,0,0,0,0
20261006-225342,last,63,552.5,7,Troubadour,1,0,1,420/743/0,10,10,0,0,0,0
20261006-225342,last,63,552.5,9,Tempest,0,0,1,588/684/222,10,10,0,0,0,0
20261006-232143,early,,2.9,0,Scourge,0,0,1,164,10,10,0,0,1,0
20261006-232143,early,,2.9,1,Scourge,0,0,0,253,10,10,0,0,1,0
20261006-232143,early,,2.9,2,Luminary,0,0,1,178,10,10,0,0,1,0
20261006-232143,early,,2.9,3,Troubadour,0,0,1,17,10,10,0,0,1,0
20261006-232143,early,,2.9,4,Weaver,0,0,1,103,10,10,0,0,1,0
20261006-232143,early,,2.9,5,Scourge,0,0,1,85,10,10,0,0,1,0
20261006-232143,early,,2.9,6,Scourge,0,0,1,92,10,10,0,0,1,0
20261006-232143,early,,2.9,7,Troubadour,1,0,1,0,10,10,0,0,1,0
20261006-232143,early,,2.9,8,Scourge,0,0,1,234,10,10,0,0,1,0
20261006-232143,early,,2.9,9,Tempest,0,0,1,111,10,10,0,0,1,0
20261006-232143,early,,50.3,0,Scourge,0,0,1,309/85/436,10,10,0,0,0,0
20261006-232143,early,,50.3,1,Scourge,0,0,1,400/475/47,10,10,0,0,0,0
20261006-232143,early,,50.3,2,Luminary,1,0,1,379/0/441,10,10,0,0,0,0
20261006-232143,early,,50.3,3,Troubadour,1,0,1,354/441/0,10,10,0,0,1,0
20261006-232143,early,,50.3,4,Weaver,0,0,1,386/68/495,10,10,0,0,0,0
20261006-232143,early,,50.3,5,Scourge,0,0,1,343/422/18,10,10,0,0,0,0
20261006-232143,early,,50.3,6,Scourge,0,0,1,25/355/354,10,10,0,0,0,0
20261006-232143,early,,50.3,7,Troubadour,1,0,1,0/379/354,10,10,0,0,1,0
20261006-232143,early,,50.3,8,Scourge,0,0,1,56/347/303,10,10,0,0,0,0
20261006-232143,early,,50.3,9,Tempest,0,0,1,41/339/343,10,10,0,0,0,0
20261006-232143,early,,95.1,0,Scourge,0,0,1,73/437/797,10,10,0,0,0,0
20261006-232143,early,,95.1,1,Scourge,0,0,1,454/42/398,10,10,0,0,0,0
20261006-232143,early,,95.1,2,Luminary,1,0,1,0/419/756,10,10,0,0,0,0
20261006-232143,early,,95.1,3,Troubadour,1,0,1,419/0/403,10,10,0,0,1,0
20261006-232143,early,,95.1,4,Weaver,0,0,1,69/378/737,10,10,0,0,0,0
20261006-232143,early,,95.1,5,Scourge,0,0,1,406/40/440,10,10,0,0,0,0
20261006-232143,early,,95.1,6,Scourge,0,0,1,717/351/57,10,10,0,0,0,0
20261006-232143,early,,95.1,7,Troubadour,0,0,1,446/35/404,10,10,0,0,1,0
20261006-232143,early,,95.1,8,Scourge,0,0,1,642/302/114,10,10,0,0,0,0
20261006-232143,early,,95.1,9,Tempest,1,0,1,756/403/0,10,10,0,0,0,0
20261006-232143,early,,155.9,0,Scourge,0,0,1,641/40/401,10,10,0,0,1,0
20261006-232143,early,,155.9,1,Scourge,1,0,1,0/636/635,10,10,0,0,1,0
20261006-232143,early,,155.9,2,Luminary,1,0,1,636/0/362,10,10,0,0,1,0
20261006-232143,early,,155.9,3,Troubadour,1,0,1,635/362/0,10,10,0,0,1,0
20261006-232143,early,,155.9,4,Weaver,0,0,1,610/118/244,10,10,0,0,1,0
20261006-232143,early,,155.9,5,Scourge,0,0,1,625/404/48,10,10,0,0,1,0
20261006-232143,early,,155.9,6,Scourge,0,0,1,41/671/677,10,10,0,0,1,0
20261006-232143,early,,155.9,7,Troubadour,0,0,1,644/417/56,10,10,0,0,1,0
20261006-232143,early,,155.9,8,Scourge,0,0,1,602/39/372,10,10,0,0,1,0
20261006-232143,early,,155.9,9,Tempest,0,0,1,52/585/599,10,10,0,0,1,0
20261006-232143,early,,210.6,0,Scourge,0,0,1,348/105/625,10,10,0,0,0,0
20261006-232143,early,,210.6,1,Scourge,1,0,1,0/443/530,10,10,0,0,0,0
20261006-232143,early,,210.6,2,Luminary,1,0,1,443/0/639,10,10,0,0,0,0
20261006-232143,early,,210.6,3,Troubadour,0,0,1,486/620/47,10,10,0,0,1,0
20261006-232143,early,,210.6,4,Weaver,0,0,1,384/61/597,10,10,0,0,0,0
20261006-232143,early,,210.6,5,Scourge,0,0,1,48/425/571,10,10,0,0,1,0
20261006-232143,early,,210.6,6,Scourge,0,0,1,507/644/39,10,10,0,0,1,0
20261006-232143,early,,210.6,7,Troubadour,0,0,1,31/428/502,10,10,0,0,1,0
20261006-232143,early,,210.6,8,Scourge,0,0,1,49/491/526,10,10,0,0,1,0
20261006-232143,early,,210.6,9,Tempest,1,0,1,530/639/0,10,10,0,0,1,0
20261006-232143,early,,309.0,0,Scourge,0,0,1,426/453/29,10,10,0,0,0,0
20261006-232143,early,,309.0,1,Scourge,0,0,1,567/92/545,10,10,0,0,1,0
20261006-232143,early,,309.0,2,Luminary,0,0,1,39/447/373,10,10,0,0,0,0
20261006-232143,early,,309.0,3,Troubadour,1,0,1,480/0/464,10,10,0,0,1,0
20261006-232143,early,,309.0,4,Weaver,0,0,1,109/390/318,10,10,0,0,0,0
20261006-232143,early,,309.0,5,Scourge,0,0,1,610/138/519,10,10,0,0,1,0
20261006-232143,early,,309.0,6,Scourge,1,0,1,0/480/406,10,10,0,0,0,0
20261006-232143,early,,309.0,7,Troubadour,0,0,1,484/531/86,10,10,0,0,1,0
20261006-232143,early,,309.0,8,Scourge,0,0,1,482/579/117,10,10,0,0,1,0
20261006-232143,early,,309.0,9,Tempest,1,0,1,406/464/0,10,10,0,0,1,0
20261006-232143,early,,356.3,0,Scourge,0,0,1,432/73/428,10,10,0,0,0,0
20261006-232143,early,,356.3,1,Scourge,0,0,1,623/408/81,10,10,0,0,1,0
20261006-232143,early,,356.3,2,Luminary,1,0,1,384/0/369,10,10,0,0,1,0
20261006-232143,early,,356.3,3,Troubadour,1,0,1,548/369/0,10,10,0,0,1,0
20261006-232143,early,,356.3,4,Weaver,0,0,1,442/61/392,10,10,0,0,1,0
20261006-232143,early,,356.3,5,Scourge,0,0,1,629/356/146,10,10,0,0,0,0
20261006-232143,early,,356.3,6,Scourge,1,0,1,0/384/548,10,10,0,0,0,0
20261006-232143,early,,356.3,7,Troubadour,0,0,1,424/55/409,10,10,0,0,1,0
20261006-232143,early,,356.3,8,Scourge,0,0,1,62/322/508,10,10,0,0,0,0
20261006-232143,early,,356.3,9,Tempest,0,0,1,34/400/580,10,10,0,0,0,0
20261006-232143,early,,404.2,0,Scourge,0,0,1,27/484/550,10,10,0,0,1,0
20261006-232143,early,,404.2,1,Scourge,0,0,1,118/489/455,10,10,0,0,1,0
20261006-232143,early,,404.2,2,Luminary,1,0,1,0/485/533,10,10,0,0,1,0
20261006-232143,early,,404.2,3,Troubadour,0,0,1,443/312/93,10,10,0,0,1,0
20261006-232143,early,,404.2,4,Weaver,0,0,1,101/577/577,10,10,0,0,1,0
20261006-232143,early,,404.2,5,Scourge,0,0,1,608/429/79,10,10,0,0,0,0
20261006-232143,early,,404.2,6,Scourge,0,0,1,500/24/352,10,10,0,0,1,0
20261006-232143,early,,404.2,7,Troubadour,0,0,1,500/16/363,10,10,0,0,1,0
20261006-232143,early,,404.2,8,Scourge,1,0,1,533/367/0,10,10,0,0,1,0
20261006-232143,early,,404.2,9,Tempest,1,0,1,485/0/367,10,10,0,0,1,0
20261006-232143,last,3,486.1,0,Scourge,0,0,1,384/376/47,10,10,0,0,1,0
20261006-232143,last,3,486.1,1,Scourge,0,0,1,409/424/94,10,10,0,0,1,0
20261006-232143,last,3,486.1,2,Luminary,0,0,1,33/372/348,10,10,0,0,1,0
20261006-232143,last,3,486.1,3,Troubadour,1,0,1,358/330/0,10,10,0,0,1,0
20261006-232143,last,3,486.1,4,Weaver,0,0,1,65/363/374,10,10,0,0,1,0
20261006-232143,last,3,486.1,5,Scourge,0,0,1,461/371/102,10,10,0,0,0,0
20261006-232143,last,3,486.1,6,Scourge,0,0,1,448/73/403,10,10,0,0,0,0
20261006-232143,last,3,486.1,7,Troubadour,1,0,1,0/403/358,10,10,0,0,1,0
20261006-232143,last,3,486.1,8,Scourge,0,0,1,456/54/366,10,10,0,0,0,0
20261006-232143,last,3,486.1,9,Tempest,1,0,1,403/0/330,10,10,0,0,0,0
20261006-232143,last,33,516.2,0,Scourge,0,0,1,34/312/373,10,10,0,0,0,0
20261006-232143,last,33,516.2,1,Scourge,0,0,1,382/59/685,10,10,0,0,0,0
20261006-232143,last,33,516.2,2,Luminary,1,0,1,0/324/388,10,10,0,0,0,0
20261006-232143,last,33,516.2,3,Troubadour,1,0,1,324/0/640,10,10,0,0,1,0
20261006-232143,last,33,516.2,4,Weaver,1,0,1,388/640/0,10,10,0,0,0,0
20261006-232143,last,33,516.2,5,Scourge,0,0,1,386/81/666,10,10,0,0,0,0
20261006-232143,last,33,516.2,6,Scourge,0,0,1,455/739/128,10,10,0,0,0,0
20261006-232143,last,33,516.2,7,Troubadour,0,0,1,129/409/447,10,10,0,0,1,0
20261006-232143,last,33,516.2,8,Scourge,0,0,1,372/620/20,10,10,0,0,0,0
20261006-232143,last,33,516.2,9,Tempest,0,0,1,442/680/58,10,10,0,0,0,0
20261006-232143,last,63,546.1,0,Scourge,0,0,1,324/54/397,10,10,0,0,0,0
20261006-232143,last,63,546.1,1,Scourge,0,0,1,97/315/670,10,10,0,0,0,0
20261006-232143,last,63,546.1,2,Luminary,1,0,1,343/0/433,10,10,0,0,0,0
20261006-232143,last,63,546.1,3,Troubadour,0,0,1,428/100/471,10,10,0,0,0,0
20261006-232143,last,63,546.1,4,Weaver,1,0,1,639/433/0,10,7,3,0,0,1
20261006-232143,last,63,546.1,5,Scourge,0,0,1,332/11/436,10,10,0,0,0,0
20261006-232143,last,63,546.1,6,Scourge,1,0,1,0/343/639,10,10,0,0,0,0
20261006-232143,last,63,546.1,7,Troubadour,0,0,1,373/74/359,10,10,0,0,0,0
20261006-232143,last,63,546.1,8,Scourge,0,0,1,81/268/599,10,10,0,0,0,0
wingman_005f1-20261001-215126_noe_kill,early,,2.8,0,Troubadour,0,0,1,74,10,10,0,0,1,0
wingman_005f1-20261001-215126_noe_kill,early,,2.8,1,Scourge,0,0,1,37,10,10,0,0,1,0
wingman_005f1-20261001-215126_noe_kill,early,,2.8,2,Scourge,0,0,1,83,10,10,0,0,1,0
wingman_005f1-20261001-215126_noe_kill,early,,2.8,3,Specter,1,0,1,0,10,10,0,0,1,0
wingman_005f1-20261001-215126_noe_kill,early,,2.8,4,Scourge,0,0,0,510,10,10,0,0,1,0
wingman_005f1-20261001-215126_noe_kill,early,,2.8,5,Troubadour,0,0,1,165,10,10,0,0,1,0
wingman_005f1-20261001-215126_noe_kill,early,,2.8,6,Scourge,0,0,1,71,10,10,0,0,0,0
wingman_005f1-20261001-215126_noe_kill,early,,2.8,7,Scourge,0,0,1,34,10,10,0,0,0,0
wingman_005f1-20261001-215126_noe_kill,early,,2.8,8,Specter,0,0,1,161,10,10,0,0,0,0
wingman_005f1-20261001-215126_noe_kill,early,,2.8,9,Scourge,0,0,1,43,10,10,0,0,0,0
wingman_005f1-20261001-215126_noe_kill,early,,49.7,0,Troubadour,1,0,1,588/0/330,10,10,0,0,1,0
wingman_005f1-20261001-215126_noe_kill,early,,49.7,1,Scourge,0,0,1,618/35/366,10,10,0,0,0,0
wingman_005f1-20261001-215126_noe_kill,early,,49.7,2,Scourge,0,0,1,408/382/80,10,10,0,0,0,0
wingman_005f1-20261001-215126_noe_kill,early,,49.7,3,Specter,1,0,1,0/588/364,10,10,0,0,0,0
wingman_005f1-20261001-215126_noe_kill,early,,49.7,4,Scourge,1,0,1,364/330/0,10,10,0,0,0,0
wingman_005f1-20261001-215126_noe_kill,early,,49.7,5,Troubadour,0,0,1,288/381/78,10,10,0,0,1,0
wingman_005f1-20261001-215126_noe_kill,early,,49.7,6,Scourge,0,0,1,580/12/319,10,10,0,0,0,0
wingman_005f1-20261001-215126_noe_kill,early,,49.7,7,Scourge,0,0,1,47/564/323,10,10,0,0,0,0
wingman_005f1-20261001-215126_noe_kill,early,,49.7,8,Specter,0,0,1,73/567/311,10,10,0,0,0,0
wingman_005f1-20261001-215126_noe_kill,early,,49.7,9,Scourge,0,0,1,20/585/371,10,10,0,0,0,0
wingman_005f1-20261001-215126_noe_kill,early,,94.4,0,Troubadour,1,0,1,474/421/0,10,10,0,0,0,0
wingman_005f1-20261001-215126_noe_kill,early,,94.4,1,Scourge,0,0,1,515/442/41,10,10,0,0,0,0
wingman_005f1-20261001-215126_noe_kill,early,,94.4,2,Scourge,1,0,1,0/455/474,10,10,0,0,0,0
wingman_005f1-20261001-215126_noe_kill,early,,94.4,3,Specter,0,0,1,15/443/460,10,10,0,0,0,0
wingman_005f1-20261001-215126_noe_kill,early,,94.4,4,Scourge,0,0,1,503/53/421,10,10,0,0,0,0
wingman_005f1-20261001-215126_noe_kill,early,,94.4,5,Troubadour,0,0,1,507/98/368,10,10,0,0,1,0
wingman_005f1-20261001-215126_noe_kill,early,,94.4,6,Scourge,0,0,1,423/430/63,10,10,0,0,1,0
wingman_005f1-20261001-215126_noe_kill,early,,94.4,7,Scourge,0,0,1,118/459/377,10,10,0,0,1,0
wingman_005f1-20261001-215126_noe_kill,early,,94.4,8,Specter,1,0,1,455/0/421,10,10,0,0,1,0
wingman_005f1-20261001-215126_noe_kill,early,,94.4,9,Scourge,0,0,1,465/11/431,10,10,0,0,1,0
wingman_005f1-20261001-215126_noe_kill,early,,139.5,0,Troubadour,1,0,1,476/557/0,10,10,0,0,1,0
wingman_005f1-20261001-215126_noe_kill,early,,139.5,1,Scourge,0,0,0,241/717/457,10,10,0,0,1,0
wingman_005f1-20261001-215126_noe_kill,early,,139.5,2,Scourge,0,0,1,511/211/708,10,10,0,0,1,0
wingman_005f1-20261001-215126_noe_kill,early,,139.5,3,Specter,0,0,1,582/64/598,10,10,0,0,1,0
wingman_005f1-20261001-215126_noe_kill,early,,139.5,4,Scourge,0,0,0,827/334/873,10,10,0,0,0,0
wingman_005f1-20261001-215126_noe_kill,early,,139.5,5,Troubadour,1,0,1,0/518/476,10,10,0,0,1,0
wingman_005f1-20261001-215126_noe_kill,early,,139.5,6,Scourge,0,0,1,141/610/416,10,10,0,0,1,0
wingman_005f1-20261001-215126_noe_kill,early,,139.5,7,Scourge,0,0,1,440/516/45,10,10,0,0,1,0
wingman_005f1-20261001-215126_noe_kill,early,,139.5,8,Specter,1,0,1,518/0/557,10,10,0,0,1,0
wingman_005f1-20261001-215126_noe_kill,early,,139.5,9,Scourge,0,0,1,435/521/45,10,10,0,0,1,0
wingman_005f1-20261001-215126_noe_kill,early,,194.3,0,Troubadour,0,0,1,303/132/527,10,10,0,0,0,0
wingman_005f1-20261001-215126_noe_kill,early,,194.3,1,Scourge,0,0,1,465/586/80,10,10,0,0,0,0
wingman_005f1-20261001-215126_noe_kill,early,,194.3,2,Scourge,1,0,1,0/434/508,10,10,0,0,0,0
wingman_005f1-20261001-215126_noe_kill,early,,194.3,3,Specter,1,0,1,508/565/0,10,10,0,0,0,0
wingman_005f1-20261001-215126_noe_kill,early,,194.3,4,Scourge,0,0,1,40/458/546,10,10,0,0,0,0
wingman_005f1-20261001-215126_noe_kill,early,,194.3,5,Troubadour,1,0,1,434/0/565,10,10,0,0,1,0
wingman_005f1-20261001-215126_noe_kill,early,,194.3,6,Scourge,0,0,1,371/65/549,10,10,0,0,1,0
wingman_005f1-20261001-215126_noe_kill,early,,194.3,7,Scourge,0,0,1,28/406/503,10,10,0,0,1,0
wingman_005f1-20261001-215126_noe_kill,early,,194.3,8,Specter,0,0,1,524/511/88,10,10,0,0,1,0
wingman_005f1-20261001-215126_noe_kill,early,,194.3,9,Scourge,0,0,1,44/390/493,10,10,0,0,0,0
wingman_005f1-20261001-215126_noe_kill,early,,239.2,0,Troubadour,1,1,1,0/454/405,10,10,0,0,0,0
wingman_005f1-20261001-215126_noe_kill,early,,239.2,1,Scourge,0,0,1,316/138/377,10,10,0,0,1,0
wingman_005f1-20261001-215126_noe_kill,early,,239.2,2,Scourge,1,0,1,405/447/0,10,10,0,0,1,0
wingman_005f1-20261001-215126_noe_kill,early,,239.2,3,Specter,1,0,1,454/0/447,10,10,0,0,1,0
wingman_005f1-20261001-215126_noe_kill,early,,239.2,4,Scourge,0,0,1,58/420/431,10,10,0,0,1,0
wingman_005f1-20261001-215126_noe_kill,early,,239.2,5,Troubadour,0,0,1,332/392/80,10,10,0,0,1,0
wingman_005f1-20261001-215126_noe_kill,early,,239.2,6,Scourge,0,0,1,14/455/418,10,10,0,0,1,0
wingman_005f1-20261001-215126_noe_kill,early,,239.2,7,Scourge,0,0,1,400/344/108,10,10,0,0,0,0
wingman_005f1-20261001-215126_noe_kill,early,,239.2,8,Specter,0,0,1,474/21/463,10,10,0,0,1,0
wingman_005f1-20261001-215126_noe_kill,early,,239.2,9,Scourge,0,0,1,52/432/354,10,10,0,0,0,0
wingman_005f1-20261001-215126_noe_kill,early,,303.0,0,Troubadour,0,0,1,56/398/478,10,10,0,0,1,0
wingman_005f1-20261001-215126_noe_kill,early,,303.0,1,Scourge,0,0,1,477/681/50,10,10,0,0,1,0
wingman_005f1-20261001-215126_noe_kill,early,,303.0,2,Scourge,1,0,1,527/724/0,10,10,0,0,1,0
wingman_005f1-20261001-215126_noe_kill,early,,303.0,3,Specter,1,0,1,0/412/527,10,10,0,0,1,0
wingman_005f1-20261001-215126_noe_kill,early,,303.0,4,Scourge,0,0,1,360/78/728,10,10,0,0,1,0
wingman_005f1-20261001-215126_noe_kill,early,,303.0,5,Troubadour,0,0,1,319/118/709,10,10,0,0,1,0
wingman_005f1-20261001-215126_noe_kill,early,,303.0,6,Scourge,0,0,1,92/395/447,10,10,0,0,1,0
wingman_005f1-20261001-215126_noe_kill,early,,303.0,7,Scourge,0,0,1,420/117/807,10,10,0,0,0,0
wingman_005f1-20261001-215126_noe_kill,early,,303.0,8,Specter,0,0,1,597/782/70,10,10,0,0,1,0
wingman_005f1-20261001-215126_noe_kill,early,,303.0,9,Scourge,1,0,1,412/0/724,10,10,0,0,0,0
wingman_005f1-20261001-215126_noe_kill,early,,347.6,0,Troubadour,0,0,1,393/495/23,10,10,0,0,1,0
wingman_005f1-20261001-215126_noe_kill,early,,347.6,1,Scourge,0,0,1,433/504/34,10,10,0,0,0,0
wingman_005f1-20261001-215126_noe_kill,early,,347.6,2,Scourge,1,0,1,0/448/413,10,10,0,0,0,0
wingman_005f1-20261001-215126_noe_kill,early,,347.6,3,Specter,0,0,1,59/463/361,10,10,0,0,0,0
wingman_005f1-20261001-215126_noe_kill,early,,347.6,4,Scourge,0,0,1,487/74/491,10,10,0,0,0,0
wingman_005f1-20261001-215126_noe_kill,early,,347.6,5,Troubadour,1,0,1,413/515/0,10,10,0,0,0,0
wingman_005f1-20261001-215126_noe_kill,early,,347.6,6,Scourge,0,0,1,47/446/367,10,10,0,0,1,0
wingman_005f1-20261001-215126_noe_kill,early,,347.6,7,Scourge,1,0,1,448/0/515,10,10,0,0,1,0
wingman_005f1-20261001-215126_noe_kill,early,,347.6,8,Specter,0,0,1,430/494/40,10,10,0,0,1,0
wingman_005f1-20261001-215126_noe_kill,early,,347.6,9,Scourge,0,0,1,479/60/496,10,10,0,0,1,0
wingman_005f1-20261001-215126_noe_kill,early,,398.6,0,Troubadour,0,0,1,39/375/449,10,10,0,0,1,0
wingman_005f1-20261001-215126_noe_kill,early,,398.6,1,Scourge,0,0,1,453/456/13,10,10,0,0,1,0
wingman_005f1-20261001-215126_noe_kill,early,,398.6,2,Scourge,1,0,1,0/414/463,10,10,0,0,1,0
wingman_005f1-20261001-215126_noe_kill,early,,398.6,3,Specter,1,0,1,463/468/0,10,10,0,0,1,0
wingman_005f1-20261001-215126_noe_kill,early,,398.6,4,Scourge,0,0,1,441/429/39,10,10,0,0,1,0
wingman_005f1-20261001-215126_noe_kill,early,,398.6,5,Troubadour,1,0,1,414/0/468,10,10,0,0,1,0
wingman_005f1-20261001-215126_noe_kill,early,,398.6,6,Scourge,0,0,1,59/371/410,10,10,0,0,1,0
wingman_005f1-20261001-215126_noe_kill,early,,398.6,7,Scourge,0,0,1,445/58/526,10,10,0,0,1,0
wingman_005f1-20261001-215126_noe_kill,early,,398.6,8,Specter,0,0,1,402/18/475,10,10,0,0,1,0
wingman_005f1-20261001-215126_noe_kill,early,,398.6,9,Scourge,0,0,1,398/77/525,10,10,0,0,1,0
wingman_005f1-20261001-215126_noe_kill,early,,443.5,0,Troubadour,1,0,1,599/0/364,10,10,0,0,1,0
wingman_005f1-20261001-215126_noe_kill,early,,443.5,1,Scourge,0,0,1,34/589/841,10,10,0,0,0,0
wingman_005f1-20261001-215126_noe_kill,early,,443.5,2,Scourge,0,0,1,659/72/371,10,10,0,0,0,0
wingman_005f1-20261001-215126_noe_kill,early,,443.5,3,Specter,0,0,1,537/66/387,10,10,0,0,0,0
wingman_005f1-20261001-215126_noe_kill,early,,443.5,4,Scourge,1,0,1,862/364/0,10,10,0,0,0,0
wingman_005f1-20261001-215126_noe_kill,early,,443.5,5,Troubadour,0,0,1,629/34/362,10,10,0,0,1,0
wingman_005f1-20261001-215126_noe_kill,early,,443.5,6,Scourge,0,0,1,96/599/892,10,10,0,0,0,0
wingman_005f1-20261001-215126_noe_kill,early,,443.5,7,Scourge,0,0,1,953/398/133,10,10,0,0,0,0
wingman_005f1-20261001-215126_noe_kill,early,,443.5,8,Specter,0,0,1,968/420/134,10,10,0,0,0,0
wingman_005f1-20261001-215126_noe_kill,early,,443.5,9,Scourge,1,0,1,0/599/862,10,10,0,0,0,0
wingman_005f1-20261001-215126_noe_kill,last,3,496.7,0,Troubadour,0,0,1,450/378/53,10,10,0,0,1,0
wingman_005f1-20261001-215126_noe_kill,last,3,496.7,1,Scourge,0,0,1,564/49/453,10,10,0,0,0,0
wingman_005f1-20261001-215126_noe_kill,last,3,496.7,2,Scourge,0,0,1,564/59/463,10,10,0,0,0,0
wingman_005f1-20261001-215126_noe_kill,last,3,496.7,3,Specter,1,0,1,501/405/0,9,9,0,0,0,0
wingman_005f1-20261001-215126_noe_kill,last,3,496.7,4,Scourge,0,0,1,102/533/425,10,10,0,0,0,0
wingman_005f1-20261001-215126_noe_kill,last,3,496.7,5,Troubadour,0,0,1,544/15/419,10,10,0,0,1,0
wingman_005f1-20261001-215126_noe_kill,last,3,496.7,6,Scourge,1,0,1,0/534/501,9,9,0,0,0,0
wingman_005f1-20261001-215126_noe_kill,last,3,496.7,7,Scourge,0,0,1,501/420/16,10,10,0,0,0,0
wingman_005f1-20261001-215126_noe_kill,last,3,496.7,8,Specter,0,0,1,61/478/447,9,9,0,0,0,0
wingman_005f1-20261001-215126_noe_kill,last,3,496.7,9,Scourge,1,0,1,534/0/405,10,10,0,0,0,0
wingman_005f1-20261001-215126_noe_kill,last,33,526.7,0,Troubadour,1,0,1,599/395/0,10,10,0,0,1,0
wingman_005f1-20261001-215126_noe_kill,last,33,526.7,1,Scourge,0,0,1,41/999/604,10,10,0,0,0,0
wingman_005f1-20261001-215126_noe_kill,last,33,526.7,2,Scourge,0,0,1,97/902/508,10,10,0,0,0,0
wingman_005f1-20261001-215126_noe_kill,last,33,526.7,3,Specter,1,0,1,994/0/395,9,9,0,0,0,0
wingman_005f1-20261001-215126_noe_kill,last,33,526.7,4,Scourge,0,0,1,1070/76/471,10,10,0,0,0,0
wingman_005f1-20261001-215126_noe_kill,last,33,526.7,5,Troubadour,0,0,1,501/525/162,10,10,0,0,1,0
wingman_005f1-20261001-215126_noe_kill,last,33,526.7,6,Scourge,1,0,1,0/994/599,9,9,0,0,1,0
wingman_005f1-20261001-215126_noe_kill,last,33,526.7,7,Scourge,0,0,1,509/488/105,10,10,0,0,1,0
wingman_005f1-20261001-215126_noe_kill,last,33,526.7,8,Specter,0,0,1,114/1049/659,9,9,0,0,0,0
wingman_005f1-20261001-215126_noe_kill,last,33,526.7,9,Scourge,0,0,1,945/80/347,10,10,0,0,1,0
wingman_005f1-20261001-215126_noe_kill,last,63,556.8,0,Troubadour,0,0,1,463/61,10,10,0,0,1,0
wingman_005f1-20261001-215126_noe_kill,last,63,556.8,1,Scourge,0,0,1,632/125,10,10,0,0,0,0
wingman_005f1-20261001-215126_noe_kill,last,63,556.8,2,Scourge,0,0,1,621/122,10,10,0,0,0,0
wingman_005f1-20261001-215126_noe_kill,last,63,556.8,3,Specter,0,0,1,544/49,9,9,0,0,0,0
wingman_005f1-20261001-215126_noe_kill,last,63,556.8,4,Scourge,0,0,1,141/568,10,10,0,0,0,0
wingman_005f1-20261001-215126_noe_kill,last,63,556.8,5,Troubadour,0,0,1,455/57,10,10,0,0,1,0
wingman_005f1-20261001-215126_noe_kill,last,63,556.8,6,Scourge,1,0,1,0/508,10,10,0,0,0,0
wingman_005f1-20261001-215126_noe_kill,last,63,556.8,7,Scourge,0,0,1,205/356,10,10,0,0,1,0
wingman_005f1-20261001-215126_noe_kill,last,63,556.8,8,Specter,0,0,1,92/463,9,9,0,0,1,0
wingman_005f1-20261001-215126_noe_kill,last,63,556.8,9,Scourge,1,0,1,508/0,10,10,0,0,1,0
wingman_081e5-Account-81AD_20261001-210656_noe_kill,early,,3.1,0,Weaver,0,0,0,254,10,10,0,0,0,0
wingman_081e5-Account-81AD_20261001-210656_noe_kill,early,,3.1,1,Troubadour,0,0,1,84,10,10,0,0,1,0
wingman_081e5-Account-81AD_20261001-210656_noe_kill,early,,3.1,2,Scourge,0,0,1,228,10,10,0,0,0,0
wingman_081e5-Account-81AD_20261001-210656_noe_kill,early,,3.1,3,Specter,0,0,1,128,10,10,0,0,0,0
wingman_081e5-Account-81AD_20261001-210656_noe_kill,early,,3.1,4,Weaver,0,0,1,50,10,10,0,0,0,0
wingman_081e5-Account-81AD_20261001-210656_noe_kill,early,,3.1,5,Luminary,0,0,1,152,10,10,0,0,1,0
wingman_081e5-Account-81AD_20261001-210656_noe_kill,early,,3.1,6,Scourge,0,0,1,166,10,10,0,0,1,0
wingman_081e5-Account-81AD_20261001-210656_noe_kill,early,,3.1,7,Scourge,0,0,0,314,10,10,0,0,1,0
wingman_081e5-Account-81AD_20261001-210656_noe_kill,early,,3.1,8,Scourge,0,0,1,184,10,10,0,0,1,0
wingman_081e5-Account-81AD_20261001-210656_noe_kill,early,,3.1,9,Troubadour,1,0,1,0,10,10,0,0,1,0
wingman_081e5-Account-81AD_20261001-210656_noe_kill,early,,50.5,0,Weaver,0,0,1,361/446/51,10,10,0,0,0,0
wingman_081e5-Account-81AD_20261001-210656_noe_kill,early,,50.5,1,Troubadour,0,0,1,17/434/342,10,10,0,0,1,0
wingman_081e5-Account-81AD_20261001-210656_noe_kill,early,,50.5,2,Scourge,0,0,1,475/89/473,10,10,0,0,0,0
wingman_081e5-Account-81AD_20261001-210656_noe_kill,early,,50.5,3,Specter,1,0,1,418/0/480,10,10,0,0,0,0
wingman_081e5-Account-81AD_20261001-210656_noe_kill,early,,50.5,4,Weaver,0,0,1,320/107/446,10,10,0,0,0,0
wingman_081e5-Account-81AD_20261001-210656_noe_kill,early,,50.5,5,Luminary,1,0,1,344/480/0,10,10,0,0,0,0
wingman_081e5-Account-81AD_20261001-210656_noe_kill,early,,50.5,6,Scourge,0,0,1,82/437/426,10,10,0,0,0,0
wingman_081e5-Account-81AD_20261001-210656_noe_kill,early,,50.5,7,Scourge,0,0,1,519/109/528,10,10,0,0,0,0
wingman_081e5-Account-81AD_20261001-210656_noe_kill,early,,50.5,8,Scourge,0,0,1,354/492/13,10,10,0,0,0,0
wingman_081e5-Account-81AD_20261001-210656_noe_kill,early,,50.5,9,Troubadour,1,0,1,0/418/344,10,10,0,0,1,0
wingman_081e5-Account-81AD_20261001-210656_noe_kill,early,,95.5,0,Weaver,0,0,1,420/81/354,10,10,0,0,0,0
wingman_081e5-Account-81AD_20261001-210656_noe_kill,early,,95.5,1,Troubadour,0,0,1,70/418/501,10,10,0,0,1,0
wingman_081e5-Account-81AD_20261001-210656_noe_kill,early,,95.5,2,Scourge,0,0,1,426/419/93,10,10,0,0,0,0
wingman_081e5-Account-81AD_20261001-210656_noe_kill,early,,95.5,3,Specter,1,0,1,454/371/0,10,10,0,0,0,0
wingman_081e5-Account-81AD_20261001-210656_noe_kill,early,,95.5,4,Weaver,1,0,1,0/348/454,10,10,0,0,1,0
wingman_081e5-Account-81AD_20261001-210656_noe_kill,early,,95.5,5,Luminary,1,0,1,348/0/371,10,10,0,0,0,0
wingman_081e5-Account-81AD_20261001-210656_noe_kill,early,,95.5,6,Scourge,0,0,1,80/423/525,10,10,0,0,1,0
wingman_081e5-Account-81AD_20261001-210656_noe_kill,early,,95.5,7,Scourge,0,0,1,504/383/58,10,10,0,0,0,0
wingman_081e5-Account-81AD_20261001-210656_noe_kill,early,,95.5,8,Scourge,0,0,1,424/92/445,10,10,0,0,0,0
wingman_081e5-Account-81AD_20261001-210656_noe_kill,early,,95.5,9,Troubadour,0,0,1,43/364/431,10,10,0,0,1,0
wingman_081e5-Account-81AD_20261001-210656_noe_kill,early,,141.1,0,Weaver,0,0,1,369/73/559,10,10,0,0,0,0
wingman_081e5-Account-81AD_20261001-210656_noe_kill,early,,141.1,1,Troubadour,0,0,1,32/408/809,10,10,0,0,1,0
wingman_081e5-Account-81AD_20261001-210656_noe_kill,early,,141.1,2,Scourge,0,0,1,765/627/29,10,10,0,0,0,0
wingman_081e5-Account-81AD_20261001-210656_noe_kill,early,,141.1,3,Specter,1,0,1,776/623/0,10,10,0,0,0,0
wingman_081e5-Account-81AD_20261001-210656_noe_kill,early,,141.1,4,Weaver,0,0,1,670/534/106,10,10,0,0,0,0
wingman_081e5-Account-81AD_20261001-210656_noe_kill,early,,141.1,5,Luminary,1,0,1,387/0/623,10,10,0,0,0,0
wingman_081e5-Account-81AD_20261001-210656_noe_kill,early,,141.1,6,Scourge,0,0,1,48/401/820,10,10,0,0,0,0
wingman_081e5-Account-81AD_20261001-210656_noe_kill,early,,141.1,7,Scourge,0,0,1,827/678/55,10,10,0,0,0,0
wingman_081e5-Account-81AD_20261001-210656_noe_kill,early,,141.1,8,Scourge,0,0,1,416/56/670,10,10,0,0,0,0
wingman_081e5-Account-81AD_20261001-210656_noe_kill,early,,141.1,9,Troubadour,1,0,1,0/387/776,10,10,0,0,1,0
wingman_081e5-Account-81AD_20261001-210656_noe_kill,early,,188.0,0,Weaver,0,0,1,565/395/37,10,10,0,0,0,0
wingman_081e5-Account-81AD_20261001-210656_noe_kill,early,,188.0,1,Troubadour,0,0,1,89/839/670,10,10,0,0,1,0
wingman_081e5-Account-81AD_20261001-210656_noe_kill,early,,188.0,2,Scourge,0,0,1,727/50/375,10,10,0,0,0,0
wingman_081e5-Account-81AD_20261001-210656_noe_kill,early,,188.0,3,Specter,1,0,1,755/0/425,10,10,0,0,0,0
wingman_081e5-Account-81AD_20261001-210656_noe_kill,early,,188.0,4,Weaver,0,1,0,378/1113/957,9,9,0,0,0,0
wingman_081e5-Account-81AD_20261001-210656_noe_kill,early,,188.0,5,Luminary,1,0,1,583/425/0,10,10,0,0,0,0
wingman_081e5-Account-81AD_20261001-210656_noe_kill,early,,188.0,6,Scourge,0,0,1,66/819/645,10,10,0,0,1,0
wingman_081e5-Account-81AD_20261001-210656_noe_kill,early,,188.0,7,Scourge,0,0,1,728/31/419,10,10,0,0,0,0
wingman_081e5-Account-81AD_20261001-210656_noe_kill,early,,188.0,8,Scourge,0,0,1,609/434/28,10,10,0,0,0,0
wingman_081e5-Account-81AD_20261001-210656_noe_kill,early,,188.0,9,Troubadour,1,0,1,0/755/583,10,10,0,0,1,0
wingman_081e5-Account-81AD_20261001-210656_noe_kill,early,,238.9,0,Weaver,0,0,1,96/485/472,10,10,0,0,0,0
wingman_081e5-Account-81AD_20261001-210656_noe_kill,early,,238.9,1,Troubadour,0,0,1,434/635/35,10,10,0,0,0,0
wingman_081e5-Account-81AD_20261001-210656_noe_kill,early,,238.9,2,Scourge,1,0,1,397/0/662,10,10,0,0,0,0
wingman_081e5-Account-81AD_20261001-210656_noe_kill,early,,238.9,3,Specter,1,0,1,441/662/0,10,10,0,0,0,0
wingman_081e5-Account-81AD_20261001-210656_noe_kill,early,,238.9,4,Weaver,0,0,1,442/85/741,9,9,0,0,0,0
wingman_081e5-Account-81AD_20261001-210656_noe_kill,early,,238.9,5,Luminary,1,0,1,0/397/441,10,10,0,0,0,0
wingman_081e5-Account-81AD_20261001-210656_noe_kill,early,,238.9,6,Scourge,0,0,1,450/61/723,10,10,0,0,0,0
wingman_081e5-Account-81AD_20261001-210656_noe_kill,early,,238.9,7,Scourge,0,0,1,473/715/58,10,10,0,0,0,0
wingman_081e5-Account-81AD_20261001-210656_noe_kill,early,,238.9,8,Scourge,0,0,1,27/420/451,10,10,0,0,0,0
wingman_081e5-Account-81AD_20261001-210656_noe_kill,early,,238.9,9,Troubadour,0,0,1,34/366/462,10,10,0,0,0,0
wingman_081e5-Account-81AD_20261001-210656_noe_kill,early,,288.6,0,Weaver,0,0,1,76/379/904,10,10,0,0,0,0
wingman_081e5-Account-81AD_20261001-210656_noe_kill,early,,288.6,1,Troubadour,0,0,1,985/669/71,10,10,0,0,1,0
wingman_081e5-Account-81AD_20261001-210656_noe_kill,early,,288.6,2,Scourge,0,0,1,392/66/695,10,10,0,0,0,0
wingman_081e5-Account-81AD_20261001-210656_noe_kill,early,,288.6,3,Specter,1,0,1,452/0/636,10,10,0,0,0,0
wingman_081e5-Account-81AD_20261001-210656_noe_kill,early,,288.6,4,Weaver,1,0,1,978/636/0,9,9,0,0,0,0
wingman_081e5-Account-81AD_20261001-210656_noe_kill,early,,288.6,5,Luminary,1,0,1,0/452/978,10,10,0,0,0,0
wingman_081e5-Account-81AD_20261001-210656_noe_kill,early,,288.6,6,Scourge,0,0,1,928/613/79,10,10,0,0,0,0
wingman_081e5-Account-81AD_20261001-210656_noe_kill,early,,288.6,7,Scourge,0,0,1,542/119/663,10,10,0,0,0,0
wingman_081e5-Account-81AD_20261001-210656_noe_kill,early,,288.6,8,Scourge,0,0,1,76/413/910,10,10,0,0,0,0
wingman_081e5-Account-81AD_20261001-210656_noe_kill,early,,288.6,9,Troubadour,0,0,1,380/78/662,10,10,0,0,0,0
wingman_081e5-Account-81AD_20261001-210656_noe_kill,early,,335.6,0,Weaver,0,0,1,477/435/73,10,10,0,0,0,0
wingman_081e5-Account-81AD_20261001-210656_noe_kill,early,,335.6,1,Troubadour,0,0,1,349/270/112,10,10,0,0,1,0
wingman_081e5-Account-81AD_20261001-210656_noe_kill,early,,335.6,2,Scourge,0,0,1,41/395/378,10,10,0,0,1,0
wingman_081e5-Account-81AD_20261001-210656_noe_kill,early,,335.6,3,Specter,1,0,1,432/0/374,10,10,0,0,0,0
wingman_081e5-Account-81AD_20261001-210656_noe_kill,early,,335.6,4,Weaver,0,0,1,59/395/354,9,9,0,0,1,0
wingman_081e5-Account-81AD_20261001-210656_noe_kill,early,,335.6,5,Luminary,1,0,1,413/374/0,10,10,0,0,0,0
wingman_081e5-Account-81AD_20261001-210656_noe_kill,early,,335.6,6,Scourge,0,0,1,50/445/382,10,10,0,0,1,0
wingman_081e5-Account-81AD_20261001-210656_noe_kill,early,,335.6,7,Scourge,0,0,1,453/26/398,10,10,0,0,0,0
wingman_081e5-Account-81AD_20261001-210656_noe_kill,early,,335.6,8,Scourge,1,0,1,0/432/413,10,10,0,0,1,0
wingman_081e5-Account-81AD_20261001-210656_noe_kill,early,,335.6,9,Troubadour,0,0,1,410/306/71,10,10,0,0,1,0
wingman_081e5-Account-81AD_20261001-210656_noe_kill,early,,383.3,0,Weaver,0,0,1,454/161/311,10,10,0,0,1,0
wingman_081e5-Account-81AD_20261001-210656_noe_kill,early,,383.3,1,Troubadour,1,0,1,0/442/460,10,10,0,0,0,0
wingman_081e5-Account-81AD_20261001-210656_noe_kill,early,,383.3,2,Scourge,0,0,1,421/37/471,10,10,0,0,1,0
wingman_081e5-Account-81AD_20261001-210656_noe_kill,early,,383.3,3,Specter,1,0,1,442/0/454,10,10,0,0,1,0
wingman_081e5-Account-81AD_20261001-210656_noe_kill,early,,383.3,4,Weaver,1,0,1,460/454/0,9,9,0,0,1,0
wingman_081e5-Account-81AD_20261001-210656_noe_kill,early,,383.3,5,Luminary,0,0,1,11/433/450,10,10,0,0,1,0
wingman_081e5-Account-81AD_20261001-210656_noe_kill,early,,383.3,6,Scourge,0,0,1,80/479/539,10,10,0,0,1,0
wingman_081e5-Account-81AD_20261001-210656_noe_kill,early,,383.3,7,Scourge,0,0,1,432/62/502,10,10,0,0,0,0
wingman_081e5-Account-81AD_20261001-210656_noe_kill,early,,383.3,8,Scourge,0,0,1,435/435/26,10,10,0,0,0,0
wingman_081e5-Account-81AD_20261001-210656_noe_kill,early,,383.3,9,Troubadour,0,0,1,450/446/10,10,10,0,0,1,0
wingman_081e5-Account-81AD_20261001-210656_noe_kill,early,,428.2,0,Weaver,0,0,3,69/78/146,10,10,0,0,0,0
wingman_081e5-Account-81AD_20261001-210656_noe_kill,early,,428.2,1,Troubadour,1,0,3,0/131/187,10,10,0,0,1,0
wingman_081e5-Account-81AD_20261001-210656_noe_kill,early,,428.2,2,Scourge,0,0,2,182/211/279,10,10,0,0,0,0
wingman_081e5-Account-81AD_20261001-210656_noe_kill,early,,428.2,3,Specter,1,0,3,187/70/0,10,10,0,0,0,0
wingman_081e5-Account-81AD_20261001-210656_noe_kill,early,,428.2,4,Weaver,0,0,0,638/619/668,9,9,0,0,0,0
wingman_081e5-Account-81AD_20261001-210656_noe_kill,early,,428.2,5,Luminary,1,0,3,131/0/70,10,10,0,0,0,0
wingman_081e5-Account-81AD_20261001-210656_noe_kill,early,,428.2,6,Scourge,0,0,0,270/268/329,10,10,0,0,0,0
wingman_081e5-Account-81AD_20261001-210656_noe_kill,early,,428.2,7,Scourge,0,0,0,641/559/578,10,10,0,0,0,0
wingman_081e5-Account-81AD_20261001-210656_noe_kill,early,,428.2,8,Scourge,0,0,3,106/29/98,10,10,0,0,0,0
wingman_081e5-Account-81AD_20261001-210656_noe_kill,early,,428.2,9,Troubadour,0,0,3,111/21/87,10,10,0,0,1,0
wingman_081e5-Account-81AD_20261001-210656_noe_kill,last,3,463.7,0,Weaver,0,0,1,418/104/774,10,10,0,0,0,0
wingman_081e5-Account-81AD_20261001-210656_noe_kill,last,3,463.7,1,Troubadour,0,0,1,74/514/528,10,10,0,0,1,0
wingman_081e5-Account-81AD_20261001-210656_noe_kill,last,3,463.7,2,Scourge,0,0,1,596/943/88,10,10,0,0,0,0
wingman_081e5-Account-81AD_20261001-210656_noe_kill,last,3,463.7,3,Specter,1,0,1,525/857/0,10,10,0,0,0,0
wingman_081e5-Account-81AD_20261001-210656_noe_kill,last,3,463.7,4,Weaver,0,0,1,473/837/80,9,9,0,0,0,0
wingman_081e5-Account-81AD_20261001-210656_noe_kill,last,3,463.7,5,Luminary,1,0,1,449/0/857,10,10,0,0,0,0
wingman_081e5-Account-81AD_20261001-210656_noe_kill,last,3,463.7,6,Scourge,0,0,1,75/459/588,10,10,0,0,0,0
wingman_081e5-Account-81AD_20261001-210656_noe_kill,last,3,463.7,7,Scourge,0,0,1,605/969/126,10,10,0,0,0,0
wingman_081e5-Account-81AD_20261001-210656_noe_kill,last,3,463.7,8,Scourge,0,0,1,389/83/832,10,10,0,0,0,0
wingman_081e5-Account-81AD_20261001-210656_noe_kill,last,3,463.7,9,Troubadour,1,0,1,0/449/525,10,10,0,0,1,0
wingman_081e5-Account-81AD_20261001-210656_noe_kill,last,33,493.7,0,Weaver,0,0,1,140/632/427,10,10,0,0,1,0
wingman_081e5-Account-81AD_20261001-210656_noe_kill,last,33,493.7,1,Troubadour,1,0,1,486/915/0,10,10,0,0,1,0
wingman_081e5-Account-81AD_20261001-210656_noe_kill,last,33,493.7,2,Scourge,0,0,1,546/52/958,10,10,0,0,0,0
wingman_081e5-Account-81AD_20261001-210656_noe_kill,last,33,493.7,4,Weaver,0,0,1,524/75/914,9,9,0,0,0,0
wingman_081e5-Account-81AD_20261001-210656_noe_kill,last,33,493.7,5,Luminary,0,0,1,529/986/105,10,10,0,0,1,0
wingman_081e5-Account-81AD_20261001-210656_noe_kill,last,33,493.7,6,Scourge,0,0,1,145/639/408,10,10,0,0,1,0
wingman_081e5-Account-81AD_20261001-210656_noe_kill,last,33,493.7,7,Scourge,1,0,1,496/0/915,10,10,0,0,0,0
wingman_081e5-Account-81AD_20261001-210656_noe_kill,last,33,493.7,8,Scourge,0,0,1,527/966/54,10,10,0,0,1,0
wingman_081e5-Account-81AD_20261001-210656_noe_kill,last,33,493.7,9,Troubadour,1,0,1,0/496/486,10,10,0,0,1,0
wingman_081e5-Account-81AD_20261001-210656_noe_kill,last,63,523.8,0,Weaver,0,0,1,23,10,10,0,0,1,0
wingman_081e5-Account-81AD_20261001-210656_noe_kill,last,63,523.8,1,Troubadour,0,0,0,495,10,10,0,0,1,0
wingman_081e5-Account-81AD_20261001-210656_noe_kill,last,63,523.8,2,Scourge,0,0,0,426,10,10,0,0,1,0
wingman_081e5-Account-81AD_20261001-210656_noe_kill,last,63,523.8,4,Weaver,0,0,1,73,9,9,0,0,1,0
wingman_081e5-Account-81AD_20261001-210656_noe_kill,last,63,523.8,5,Luminary,1,0,1,0,10,10,0,0,0,0
wingman_081e5-Account-81AD_20261001-210656_noe_kill,last,63,523.8,6,Scourge,0,0,1,45,10,10,0,0,0,0
wingman_081e5-Account-81AD_20261001-210656_noe_kill,last,63,523.8,7,Scourge,0,0,0,309,10,10,0,0,1,0
wingman_081e5-Account-81AD_20261001-210656_noe_kill,last,63,523.8,8,Scourge,0,0,1,75,10,10,0,0,1,0
wingman_081e5-Account-81AD_20261001-210656_noe_kill,last,63,523.8,9,Troubadour,0,0,1,233,10,10,0,0,1,0
wingman_0893f-20261006-224122_noe_kill,early,,2.8,0,Specter,0,0,1,163,10,10,0,0,1,0
wingman_0893f-20261006-224122_noe_kill,early,,2.8,1,Troubadour,1,0,1,0,10,10,0,0,1,0
wingman_0893f-20261006-224122_noe_kill,early,,2.8,2,Scourge,0,0,1,111,10,10,0,0,1,0
wingman_0893f-20261006-224122_noe_kill,early,,2.8,3,Scourge,0,0,1,140,10,10,0,0,1,0
wingman_0893f-20261006-224122_noe_kill,early,,2.8,4,Scourge,0,0,1,172,10,10,0,0,1,0
wingman_0893f-20261006-224122_noe_kill,early,,2.8,5,Scourge,0,0,1,34,10,10,0,0,0,0
wingman_0893f-20261006-224122_noe_kill,early,,2.8,6,Troubadour,0,0,1,15,10,10,0,0,1,0
wingman_0893f-20261006-224122_noe_kill,early,,2.8,7,Weaver,0,0,1,51,10,10,0,0,0,0
wingman_0893f-20261006-224122_noe_kill,early,,2.8,8,Scourge,0,0,1,65,10,10,0,0,0,0
wingman_0893f-20261006-224122_noe_kill,early,,2.8,9,Specter,0,0,1,143,10,10,0,0,0,0
wingman_0893f-20261006-224122_noe_kill,early,,50.9,0,Specter,0,0,1,313/41/537,10,10,0,0,1,0
wingman_0893f-20261006-224122_noe_kill,early,,50.9,1,Troubadour,1,0,1,0/326/366,10,10,0,0,1,0
wingman_0893f-20261006-224122_noe_kill,early,,50.9,2,Scourge,0,0,1,418/101/620,10,10,0,0,1,0
wingman_0893f-20261006-224122_noe_kill,early,,50.9,3,Scourge,0,0,1,67/286/341,10,10,0,0,0,0
wingman_0893f-20261006-224122_noe_kill,early,,50.9,4,Scourge,0,0,1,371/47/618,10,10,0,0,1,0
wingman_0893f-20261006-224122_noe_kill,early,,50.9,5,Scourge,0,0,1,385/566/44,10,10,0,0,1,0
wingman_0893f-20261006-224122_noe_kill,early,,50.9,6,Troubadour,1,0,1,326/0/572,10,10,0,0,1,0
wingman_0893f-20261006-224122_noe_kill,early,,50.9,7,Weaver,0,0,1,150/436/459,10,10,0,0,0,0
wingman_0893f-20261006-224122_noe_kill,early,,50.9,8,Scourge,0,0,1,351/480/132,10,10,0,0,1,0
wingman_0893f-20261006-224122_noe_kill,early,,50.9,9,Specter,1,0,1,366/572/0,10,10,0,0,1,0
wingman_0893f-20261006-224122_noe_kill,early,,95.4,0,Specter,1,0,1,489/592/0,10,10,0,0,0,0
wingman_0893f-20261006-224122_noe_kill,early,,95.4,1,Troubadour,0,0,1,146/386/401,10,10,0,0,1,0
wingman_0893f-20261006-224122_noe_kill,early,,95.4,2,Scourge,0,0,1,528/620/40,10,10,0,0,0,0
wingman_0893f-20261006-224122_noe_kill,early,,95.4,3,Scourge,0,0,1,104/610/499,10,10,0,0,0,0
wingman_0893f-20261006-224122_noe_kill,early,,95.4,4,Scourge,0,0,1,518/678/91,10,10,0,0,0,0
wingman_0893f-20261006-224122_noe_kill,early,,95.4,5,Scourge,1,0,1,0/510/489,10,10,0,0,0,0
wingman_0893f-20261006-224122_noe_kill,early,,95.4,6,Troubadour,0,0,1,396/116/515,10,10,0,0,1,0
wingman_0893f-20261006-224122_noe_kill,early,,95.4,7,Weaver,0,0,1,76/457/425,10,10,0,0,0,0
wingman_0893f-20261006-224122_noe_kill,early,,95.4,8,Scourge,0,0,1,494/23/569,10,10,0,0,0,0
wingman_0893f-20261006-224122_noe_kill,early,,95.4,9,Specter,1,0,1,510/0/592,10,10,0,0,0,0
wingman_0893f-20261006-224122_noe_kill,early,,152.9,0,Specter,1,0,1,517/880/0,10,10,0,0,1,0
wingman_0893f-20261006-224122_noe_kill,early,,152.9,1,Troubadour,0,0,1,34/870/551,10,10,0,0,1,0
wingman_0893f-20261006-224122_noe_kill,early,,152.9,2,Scourge,0,0,1,434/818/94,10,10,0,0,1,0
wingman_0893f-20261006-224122_noe_kill,early,,152.9,3,Scourge,0,0,1,197/687/423,10,10,0,0,1,0
wingman_0893f-20261006-224122_noe_kill,early,,152.9,4,Scourge,0,0,1,453/798/94,10,10,0,0,1,0
wingman_0893f-20261006-224122_noe_kill,early,,152.9,5,Scourge,0,0,1,967/103/960,10,10,0,0,1,0
wingman_0893f-20261006-224122_noe_kill,early,,152.9,6,Troubadour,0,0,1,842/37/845,10,10,0,0,1,0
wingman_0893f-20261006-224122_noe_kill,early,,152.9,7,Weaver,0,0,1,57/873/573,10,10,0,0,1,0
wingman_0893f-20261006-224122_noe_kill,early,,152.9,8,Scourge,1,0,1,0/865/517,10,10,0,0,1,0
wingman_0893f-20261006-224122_noe_kill,early,,152.9,9,Specter,1,0,1,865/0/880,10,10,0,0,1,0
wingman_0893f-20261006-224122_noe_kill,early,,207.7,0,Specter,1,0,1,451/0/858,10,10,0,0,1,0
wingman_0893f-20261006-224122_noe_kill,early,,207.7,1,Troubadour,0,0,1,90/514/418,10,10,0,0,1,0
wingman_0893f-20261006-224122_noe_kill,early,,207.7,2,Scourge,0,0,1,408/66/796,10,10,0,0,1,0
wingman_0893f-20261006-224122_noe_kill,early,,207.7,3,Scourge,0,0,1,61/389/545,10,10,0,0,1,0
wingman_0893f-20261006-224122_noe_kill,early,,207.7,4,Scourge,0,0,1,446/74/816,10,10,0,0,1,0
wingman_0893f-20261006-224122_noe_kill,early,,207.7,5,Scourge,0,0,1,516/837/68,10,10,0,0,1,0
wingman_0893f-20261006-224122_noe_kill,early,,207.7,6,Troubadour,0,0,1,520/785/175,10,10,0,0,1,0
wingman_0893f-20261006-224122_noe_kill,early,,207.7,7,Weaver,0,0,1,100/354/588,10,10,0,0,1,0
wingman_0893f-20261006-224122_noe_kill,early,,207.7,8,Scourge,1,0,1,0/451/507,10,10,0,0,1,0
wingman_0893f-20261006-224122_noe_kill,early,,207.7,9,Specter,1,0,1,507/858/0,10,10,0,0,1,0
wingman_0893f-20261006-224122_noe_kill,early,,252.6,0,Specter,1,0,1,384/0/711,10,10,0,0,0,0
wingman_0893f-20261006-224122_noe_kill,early,,252.6,1,Troubadour,0,0,1,9/388/323,10,10,0,0,1,0
wingman_0893f-20261006-224122_noe_kill,early,,252.6,2,Scourge,0,0,1,401/23/728,10,10,0,0,0,0
wingman_0893f-20261006-224122_noe_kill,early,,252.6,3,Scourge,0,0,1,67/325/389,10,10,0,0,0,0
wingman_0893f-20261006-224122_noe_kill,early,,252.6,4,Scourge,0,0,1,363/80/684,10,10,0,0,0,0
wingman_0893f-20261006-224122_noe_kill,early,,252.6,5,Scourge,0,0,1,406/788/102,10,10,0,0,1,0
wingman_0893f-20261006-224122_noe_kill,early,,252.6,6,Troubadour,0,0,1,51/343/371,10,10,0,0,1,0
wingman_0893f-20261006-224122_noe_kill,early,,252.6,7,Weaver,1,0,1,0/384/327,10,10,0,0,1,0
wingman_0893f-20261006-224122_noe_kill,early,,252.6,8,Scourge,0,0,1,321/699/70,10,10,0,0,1,0
wingman_0893f-20261006-224122_noe_kill,early,,252.6,9,Specter,1,0,1,327/711/0,10,10,0,0,1,0
wingman_0893f-20261006-224122_noe_kill,early,,301.2,0,Specter,0,0,1,44/686/386,10,10,0,0,1,0
wingman_0893f-20261006-224122_noe_kill,early,,301.2,1,Troubadour,1,0,1,0/729/390,10,10,0,0,1,0
wingman_0893f-20261006-224122_noe_kill,early,,301.2,2,Scourge,1,0,1,390/868/0,10,10,0,0,0,0
wingman_0893f-20261006-224122_noe_kill,early,,301.2,3,Scourge,0,0,1,42/720/431,10,10,0,0,0,0
wingman_0893f-20261006-224122_noe_kill,early,,301.2,4,Scourge,0,0,1,448/947/80,10,10,0,0,1,0
wingman_0893f-20261006-224122_noe_kill,early,,301.2,5,Scourge,0,0,1,747/21/879,10,10,0,0,1,0
wingman_0893f-20261006-224122_noe_kill,early,,301.2,6,Troubadour,0,0,1,356/908/83,10,10,0,0,1,0
wingman_0893f-20261006-224122_noe_kill,early,,301.2,7,Weaver,0,0,1,26/745/409,10,10,0,0,1,0
wingman_0893f-20261006-224122_noe_kill,early,,301.2,8,Scourge,0,0,1,727/18/874,10,10,0,0,1,0
wingman_0893f-20261006-224122_noe_kill,early,,301.2,9,Specter,1,0,1,729/0/868,10,10,0,0,1,0
wingman_0893f-20261006-224122_noe_kill,early,,356.1,0,Specter,0,0,1,400/640/114,10,10,0,0,1,0
wingman_0893f-20261006-224122_noe_kill,early,,356.1,1,Troubadour,1,0,1,0/321/336,10,10,0,0,1,0
wingman_0893f-20261006-224122_noe_kill,early,,356.1,2,Scourge,1,0,1,336/538/0,10,10,0,0,1,0
wingman_0893f-20261006-224122_noe_kill,early,,356.1,3,Scourge,1,0,1,321/0/538,10,10,0,0,1,0
wingman_0893f-20261006-224122_noe_kill,early,,356.1,4,Scourge,0,0,1,359/568/30,10,10,0,0,1,0
wingman_0893f-20261006-224122_noe_kill,early,,356.1,5,Scourge,0,0,1,447/134/670,10,10,0,0,0,0
wingman_0893f-20261006-224122_noe_kill,early,,356.1,6,Troubadour,0,0,1,326/12/548,10,10,0,0,1,0
wingman_0893f-20261006-224122_noe_kill,early,,356.1,7,Weaver,0,0,1,116/382/428,10,10,0,0,1,0
wingman_0893f-20261006-224122_noe_kill,early,,356.1,8,Scourge,0,0,1,436/115/635,10,10,0,0,0,0
wingman_0893f-20261006-224122_noe_kill,early,,356.1,9,Specter,0,0,1,119/364/442,10,10,0,0,0,0
wingman_0893f-20261006-224122_noe_kill,early,,407.3,0,Specter,1,0,1,598/0/455,9,9,0,0,0,0
wingman_0893f-20261006-224122_noe_kill,early,,407.3,1,Troubadour,0,0,1,380/488/112,10,10,0,0,1,0
wingman_0893f-20261006-224122_noe_kill,early,,407.3,2,Scourge,0,0,1,615/24/453,10,10,0,0,0,0
wingman_0893f-20261006-224122_noe_kill,early,,407.3,3,Scourge,1,0,1,483/455/0,10,10,0,0,1,0
wingman_0893f-20261006-224122_noe_kill,early,,407.3,4,Scourge,0,0,1,586/97/370,10,10,0,0,1,0
wingman_0893f-20261006-224122_noe_kill,early,,407.3,5,Scourge,0,0,1,37/633/497,10,10,0,0,0,0
wingman_0893f-20261006-224122_noe_kill,early,,407.3,6,Troubadour,0,0,1,478/426/30,10,10,0,0,1,0
wingman_0893f-20261006-224122_noe_kill,early,,407.3,7,Weaver,0,0,1,506/486/35,10,10,0,0,0,0
wingman_0893f-20261006-224122_noe_kill,early,,407.3,8,Scourge,0,0,1,67/654/548,9,9,0,0,0,0
wingman_0893f-20261006-224122_noe_kill,early,,407.3,9,Specter,1,0,1,0/598/483,10,10,0,0,0,0
wingman_0893f-20261006-224122_noe_kill,last,3,490.4,0,Specter,1,0,1,454/593/0,10,10,0,0,1,0
wingman_0893f-20261006-224122_noe_kill,last,3,490.4,1,Troubadour,0,0,1,91/335/398,10,10,0,0,1,0
wingman_0893f-20261006-224122_noe_kill,last,3,490.4,2,Scourge,0,0,1,454/592/0,10,10,0,0,1,0
wingman_0893f-20261006-224122_noe_kill,last,3,490.4,3,Scourge,0,0,1,89/399/365,10,10,0,0,1,0
wingman_0893f-20261006-224122_noe_kill,last,3,490.4,4,Scourge,1,0,1,0/399/454,10,10,0,0,0,0
wingman_0893f-20261006-224122_noe_kill,last,3,490.4,5,Scourge,0,0,1,390/90/652,10,10,0,0,1,0
wingman_0893f-20261006-224122_noe_kill,last,3,490.4,6,Troubadour,0,0,1,409/541/53,10,10,0,0,1,0
wingman_0893f-20261006-224122_noe_kill,last,3,490.4,7,Weaver,0,0,1,42/379/418,10,10,0,0,1,0
wingman_0893f-20261006-224122_noe_kill,last,3,490.4,8,Scourge,0,0,1,456/65/654,9,9,0,0,1,0
wingman_0893f-20261006-224122_noe_kill,last,3,490.4,9,Specter,1,0,1,399/0/593,10,10,0,0,1,0
wingman_0893f-20261006-224122_noe_kill,last,33,520.4,0,Specter,1,0,1,424/0/514,10,10,0,0,1,0
wingman_0893f-20261006-224122_noe_kill,last,33,520.4,1,Troubadour,0,0,1,389/460/157,10,10,0,0,1,0
wingman_0893f-20261006-224122_noe_kill,last,33,520.4,2,Scourge,0,0,1,410/41/473,10,10,0,0,1,0
wingman_0893f-20261006-224122_noe_kill,last,33,520.4,3,Scourge,1,0,1,540/514/0,10,10,0,0,1,0
wingman_0893f-20261006-224122_noe_kill,last,33,520.4,4,Scourge,1,0,1,0/424/540,10,10,0,0,1,0
wingman_0893f-20261006-224122_noe_kill,last,33,520.4,5,Scourge,0,0,1,403/516/179,10,10,0,0,1,0
wingman_0893f-20261006-224122_noe_kill,last,33,520.4,6,Troubadour,0,0,1,321/110/519,10,10,0,0,1,0
wingman_0893f-20261006-224122_noe_kill,last,33,520.4,7,Weaver,0,0,1,70/461/502,10,10,0,0,1,0
wingman_0893f-20261006-224122_noe_kill,last,33,520.4,8,Scourge,0,0,1,543/535/26,9,9,0,0,1,0
wingman_0893f-20261006-224122_noe_kill,last,33,520.4,9,Specter,0,0,1,53/404/487,10,10,0,0,1,0
wingman_14de4-20261004-011214_noe_kill,early,,3.1,0,Scourge,0,0,1,86,10,10,0,0,1,0
wingman_14de4-20261004-011214_noe_kill,early,,3.1,1,Scourge,1,0,1,0,10,10,0,0,1,0
wingman_14de4-20261004-011214_noe_kill,early,,3.1,2,Scourge,0,0,1,155,10,10,0,0,1,0
wingman_14de4-20261004-011214_noe_kill,early,,3.1,3,Scourge,0,0,1,196,10,10,0,0,1,0
wingman_14de4-20261004-011214_noe_kill,early,,3.1,4,Troubadour,0,0,1,26,10,10,0,0,1,0
wingman_14de4-20261004-011214_noe_kill,early,,3.1,5,Evoker,0,0,1,126,10,10,0,0,1,0
wingman_14de4-20261004-011214_noe_kill,early,,3.1,6,Troubadour,0,0,1,18,10,10,0,0,1,0
wingman_14de4-20261004-011214_noe_kill,early,,3.1,7,Scourge,0,0,1,178,10,10,0,0,1,0
wingman_14de4-20261004-011214_noe_kill,early,,3.1,8,Scourge,0,0,1,76,10,10,0,0,1,0
wingman_14de4-20261004-011214_noe_kill,early,,3.1,9,Scourge,0,0,1,129,10,10,0,0,1,0
wingman_14de4-20261004-011214_noe_kill,early,,50.6,0,Scourge,0,0,1,505/51/505,10,10,0,0,0,0
wingman_14de4-20261004-011214_noe_kill,early,,50.6,1,Scourge,1,0,1,0/481/415,10,10,0,0,0,0
wingman_14de4-20261004-011214_noe_kill,early,,50.6,2,Scourge,0,0,1,419/63/414,10,10,0,0,0,0
wingman_14de4-20261004-011214_noe_kill,early,,50.6,3,Scourge,0,0,1,486/562/109,10,10,0,0,0,0
wingman_14de4-20261004-011214_noe_kill,early,,50.6,4,Troubadour,1,0,1,481/0/455,10,10,0,0,1,0
wingman_14de4-20261004-011214_noe_kill,early,,50.6,5,Evoker,0,0,1,44/515/407,10,10,0,0,1,0
wingman_14de4-20261004-011214_noe_kill,early,,50.6,6,Troubadour,1,0,1,415/455/0,10,10,0,0,1,0
wingman_14de4-20261004-011214_noe_kill,early,,50.6,7,Scourge,0,0,1,37/469/379,10,10,0,0,1,0
wingman_14de4-20261004-011214_noe_kill,early,,50.6,8,Scourge,0,0,1,412/451/5,10,10,0,0,1,0
wingman_14de4-20261004-011214_noe_kill,early,,50.6,9,Scourge,0,0,1,10/484/424,10,10,0,0,1,0
wingman_14de4-20261004-011214_noe_kill,early,,140.5,0,Scourge,0,0,1,445/733/140,10,10,0,0,0,0
wingman_14de4-20261004-011214_noe_kill,early,,140.5,1,Scourge,0,0,1,47/522/497,10,10,0,0,1,0
wingman_14de4-20261004-011214_noe_kill,early,,140.5,2,Scourge,0,0,1,417/693/122,10,10,0,0,0,0
wingman_14de4-20261004-011214_noe_kill,early,,140.5,3,Scourge,0,0,1,586/152/690,10,10,0,0,0,0
wingman_14de4-20261004-011214_noe_kill,early,,140.5,4,Troubadour,1,0,1,496/686/0,10,10,0,0,0,0
wingman_14de4-20261004-011214_noe_kill,early,,140.5,5,Evoker,0,0,1,206/670/460,10,10,0,0,1,0
wingman_14de4-20261004-011214_noe_kill,early,,140.5,6,Troubadour,1,0,1,475/0/686,10,10,0,0,1,0
wingman_14de4-20261004-011214_noe_kill,early,,140.5,7,Scourge,0,0,1,41/513/481,10,10,0,0,1,0
wingman_14de4-20261004-011214_noe_kill,early,,140.5,8,Scourge,0,0,1,591/155/694,10,10,0,0,1,0
wingman_14de4-20261004-011214_noe_kill,early,,140.5,9,Scourge,1,0,1,0/475/496,10,10,0,0,1,0
wingman_14de4-20261004-011214_noe_kill,early,,195.7,0,Scourge,0,0,1,535/426/98,10,10,0,0,1,0
wingman_14de4-20261004-011214_noe_kill,early,,195.7,1,Scourge,0,0,1,133/491/347,10,10,0,0,1,0
wingman_14de4-20261004-011214_noe_kill,early,,195.7,2,Scourge,0,0,1,523/637/160,10,10,0,0,1,0
wingman_14de4-20261004-011214_noe_kill,early,,195.7,3,Scourge,0,0,1,636/113/487,10,10,0,0,1,0
wingman_14de4-20261004-011214_noe_kill,early,,195.7,4,Troubadour,1,0,1,480/481/0,10,10,0,0,1,0
wingman_14de4-20261004-011214_noe_kill,early,,195.7,5,Evoker,0,0,1,33/568/512,10,10,0,0,0,0
wingman_14de4-20261004-011214_noe_kill,early,,195.7,6,Troubadour,1,0,1,543/0/481,10,10,0,0,1,0
wingman_14de4-20261004-011214_noe_kill,early,,195.7,7,Scourge,0,0,1,105/506/540,10,10,0,0,1,0
wingman_14de4-20261004-011214_noe_kill,early,,195.7,8,Scourge,0,0,1,621/104/473,10,10,0,0,1,0
wingman_14de4-20261004-011214_noe_kill,early,,195.7,9,Scourge,1,0,1,0/543/480,10,10,0,0,0,0
wingman_14de4-20261004-011214_noe_kill,early,,274.9,0,Scourge,1,0,1,414/343/0,10,10,0,0,1,0
wingman_14de4-20261004-011214_noe_kill,early,,274.9,1,Scourge,0,0,1,423/376/33,10,10,0,0,1,0
wingman_14de4-20261004-011214_noe_kill,early,,274.9,2,Scourge,0,0,1,82/535/365,10,10,0,0,1,0
wingman_14de4-20261004-011214_noe_kill,early,,274.9,3,Scourge,0,0,1,573/45/381,10,10,0,0,0,0
wingman_14de4-20261004-011214_noe_kill,early,,274.9,4,Troubadour,1,0,1,0/530/414,10,10,0,0,0,0
wingman_14de4-20261004-011214_noe_kill,early,,274.9,5,Evoker,0,0,1,489/378/79,10,10,0,0,0,0
wingman_14de4-20261004-011214_noe_kill,early,,274.9,6,Troubadour,1,0,1,530/0/343,10,10,0,0,1,0
wingman_14de4-20261004-011214_noe_kill,early,,274.9,7,Scourge,0,0,1,335/332/82,10,10,0,0,0,0
wingman_14de4-20261004-011214_noe_kill,early,,274.9,8,Scourge,0,0,1,570/44/356,10,10,0,0,0,0
wingman_14de4-20261004-011214_noe_kill,early,,274.9,9,Scourge,0,0,1,64/545/385,10,10,0,0,1,0
wingman_14de4-20261004-011214_noe_kill,early,,321.6,0,Scourge,0,0,1,109/593/700,10,10,0,0,0,0
wingman_14de4-20261004-011214_noe_kill,early,,321.6,1,Scourge,0,0,1,534/427/110,10,10,0,0,0,0
wingman_14de4-20261004-011214_noe_kill,early,,321.6,2,Scourge,0,0,1,65/533/688,10,10,0,0,0,0
wingman_14de4-20261004-011214_noe_kill,early,,321.6,3,Scourge,0,0,1,618/511/21,10,10,0,0,0,0
wingman_14de4-20261004-011214_noe_kill,early,,321.6,4,Troubadour,1,0,1,0/484/624,10,10,0,0,1,0
wingman_14de4-20261004-011214_noe_kill,early,,321.6,5,Evoker,1,0,1,484/0/530,10,10,0,0,0,0
wingman_14de4-20261004-011214_noe_kill,early,,321.6,6,Troubadour,0,0,1,453/102/430,10,10,0,0,1,0
wingman_14de4-20261004-011214_noe_kill,early,,321.6,7,Scourge,0,0,1,457/117/414,10,10,0,0,0,0
wingman_14de4-20261004-011214_noe_kill,early,,321.6,8,Scourge,1,0,1,624/530/0,10,10,0,0,0,0
wingman_14de4-20261004-011214_noe_kill,early,,321.6,9,Scourge,0,0,1,589/460/72,10,10,0,0,0,0
wingman_14de4-20261004-011214_noe_kill,early,,373.3,0,Scourge,0,0,1,472/611/184,10,10,0,0,0,0
wingman_14de4-20261004-011214_noe_kill,early,,373.3,1,Scourge,1,0,1,453/0/604,10,10,0,0,0,0
wingman_14de4-20261004-011214_noe_kill,early,,373.3,2,Scourge,0,0,1,517/741/187,10,10,0,0,0,0
wingman_14de4-20261004-011214_noe_kill,early,,373.3,3,Scourge,0,0,1,378/100/577,10,10,0,0,0,0
wingman_14de4-20261004-011214_noe_kill,early,,373.3,4,Troubadour,1,0,1,330/604/0,10,10,0,0,1,0
wingman_14de4-20261004-011214_noe_kill,early,,373.3,5,Evoker,1,0,1,0/453/330,10,10,0,0,1,0
wingman_14de4-20261004-011214_noe_kill,early,,373.3,6,Troubadour,0,0,1,333/120/502,10,10,0,0,1,0
wingman_14de4-20261004-011214_noe_kill,early,,373.3,7,Scourge,0,0,1,78/505/385,10,10,0,0,1,0
wingman_14de4-20261004-011214_noe_kill,early,,373.3,8,Scourge,0,0,1,484/47/649,10,10,0,0,0,0
wingman_14de4-20261004-011214_noe_kill,early,,373.3,9,Scourge,0,0,1,63/485/382,10,10,0,0,1,0
wingman_14de4-20261004-011214_noe_kill,last,3,453.6,0,Scourge,0,0,1,489/93/749,10,10,0,0,0,0
wingman_14de4-20261004-011214_noe_kill,last,3,453.6,1,Scourge,0,0,1,85/368/388,10,10,0,0,1,0
wingman_14de4-20261004-011214_noe_kill,last,3,453.6,2,Scourge,0,0,1,342/65/661,10,10,0,0,0,0
wingman_14de4-20261004-011214_noe_kill,last,3,453.6,3,Scourge,0,0,1,492/761/80,10,10,0,0,0,0
wingman_14de4-20261004-011214_noe_kill,last,3,453.6,4,Troubadour,1,0,1,398/0/687,10,10,0,0,1,0
wingman_14de4-20261004-011214_noe_kill,last,3,453.6,5,Evoker,0,0,1,34/392/477,10,10,0,0,1,0
wingman_14de4-20261004-011214_noe_kill,last,3,453.6,6,Troubadour,1,0,1,443/687/0,10,10,0,0,1,0
wingman_14de4-20261004-011214_noe_kill,last,3,453.6,7,Scourge,0,0,1,66/335/483,10,10,0,0,1,0
wingman_14de4-20261004-011214_noe_kill,last,3,453.6,8,Scourge,0,0,1,450/687/13,10,10,0,0,1,0
wingman_14de4-20261004-011214_noe_kill,last,3,453.6,9,Scourge,1,0,1,0/398/443,10,10,0,0,1,0
wingman_14de4-20261004-011214_noe_kill,last,33,483.7,0,Scourge,0,0,1,28/576/437,10,10,0,0,0,0
wingman_14de4-20261004-011214_noe_kill,last,33,483.7,1,Scourge,1,0,1,458/391/0,10,10,0,0,0,0
wingman_14de4-20261004-011214_noe_kill,last,33,483.7,2,Scourge,0,0,1,69/630/438,10,10,0,0,0,0
wingman_14de4-20261004-011214_noe_kill,last,33,483.7,3,Scourge,0,0,1,590/15/377,10,10,0,0,0,0
wingman_14de4-20261004-011214_noe_kill,last,33,483.7,4,Troubadour,1,0,1,0/604/458,10,10,0,0,1,0
wingman_14de4-20261004-011214_noe_kill,last,33,483.7,5,Evoker,0,0,1,521/406/63,10,10,0,0,1,0
wingman_14de4-20261004-011214_noe_kill,last,33,483.7,6,Troubadour,1,0,1,604/0/391,10,10,0,0,0,0
wingman_14de4-20261004-011214_noe_kill,last,33,483.7,7,Scourge,0,0,1,442/464/76,10,10,0,0,1,0
wingman_14de4-20261004-011214_noe_kill,last,33,483.7,8,Scourge,0,0,1,521/83/338,10,10,0,0,1,0
wingman_14de4-20261004-011214_noe_kill,last,33,483.7,9,Scourge,0,0,1,525/80/355,10,10,0,0,1,0
wingman_15e32-20261005-154659_noe_kill,early,,2.9,0,Scourge,0,0,1,236,10,10,0,0,1,0
wingman_15e32-20261005-154659_noe_kill,early,,2.9,1,Scourge,0,0,1,143,10,10,0,0,1,0
wingman_15e32-20261005-154659_noe_kill,early,,2.9,2,Troubadour,1,0,1,0,10,10,0,0,1,0
wingman_15e32-20261005-154659_noe_kill,early,,2.9,3,Scourge,0,0,1,203,10,10,0,0,1,0
wingman_15e32-20261005-154659_noe_kill,early,,2.9,4,Evoker,0,0,1,43,10,10,0,0,1,0
wingman_15e32-20261005-154659_noe_kill,early,,2.9,5,Scourge,0,0,1,102,10,10,0,0,1,0
wingman_15e32-20261005-154659_noe_kill,early,,2.9,6,Scourge,0,0,0,256,10,10,0,0,1,0
wingman_15e32-20261005-154659_noe_kill,early,,2.9,7,Evoker,0,0,1,137,10,10,0,0,1,0
wingman_15e32-20261005-154659_noe_kill,early,,2.9,8,Troubadour,0,0,1,126,10,10,0,0,1,0
wingman_15e32-20261005-154659_noe_kill,early,,2.9,9,Scourge,0,0,1,12,10,10,0,0,1,0
wingman_15e32-20261005-154659_noe_kill,early,,50.6,0,Scourge,1,0,1,391/381/0,10,10,0,0,1,0
wingman_15e32-20261005-154659_noe_kill,early,,50.6,1,Scourge,0,0,1,409/447/71,10,10,0,0,1,0
wingman_15e32-20261005-154659_noe_kill,early,,50.6,2,Troubadour,1,0,1,0/374/391,10,10,0,0,1,0
wingman_15e32-20261005-154659_noe_kill,early,,50.6,3,Scourge,0,0,1,361/349/36,10,10,0,0,1,0
wingman_15e32-20261005-154659_noe_kill,early,,50.6,4,Evoker,1,0,1,374/0/381,10,10,0,0,1,0
wingman_15e32-20261005-154659_noe_kill,early,,50.6,5,Scourge,0,0,1,121/460/512,10,10,0,0,1,0
wingman_15e32-20261005-154659_noe_kill,early,,50.6,6,Scourge,0,0,1,424/144/520,10,10,0,0,1,0
wingman_15e32-20261005-154659_noe_kill,early,,50.6,7,Evoker,0,0,1,420/64/365,10,10,0,0,1,0
wingman_15e32-20261005-154659_noe_kill,early,,50.6,8,Troubadour,0,0,1,80/400/339,10,10,0,0,1,0
wingman_15e32-20261005-154659_noe_kill,early,,50.6,9,Scourge,0,0,1,428/60/431,10,10,0,0,1,0
wingman_15e32-20261005-154659_noe_kill,early,,95.3,0,Scourge,0,0,1,379/69/445,10,10,0,0,1,0
wingman_15e32-20261005-154659_noe_kill,early,,95.3,1,Scourge,0,0,1,348/15/383,10,10,0,0,1,0
wingman_15e32-20261005-154659_noe_kill,early,,95.3,2,Troubadour,0,0,1,29/352/363,10,10,0,0,1,0
wingman_15e32-20261005-154659_noe_kill,early,,95.3,3,Scourge,1,0,1,360/0/382,10,10,0,0,1,0
wingman_15e32-20261005-154659_noe_kill,early,,95.3,4,Evoker,0,0,1,377/63/342,10,10,0,0,1,0
wingman_15e32-20261005-154659_noe_kill,early,,95.3,5,Scourge,0,0,1,342/387/6,10,10,0,0,0,0
wingman_15e32-20261005-154659_noe_kill,early,,95.3,6,Scourge,0,0,1,393/491/111,10,10,0,0,0,0
wingman_15e32-20261005-154659_noe_kill,early,,95.3,7,Evoker,1,0,1,340/382/0,10,10,0,0,0,0
wingman_15e32-20261005-154659_noe_kill,early,,95.3,8,Troubadour,0,0,1,61/315/361,10,10,0,0,1,0
wingman_15e32-20261005-154659_noe_kill,early,,95.3,9,Scourge,1,0,1,0/360/340,10,10,0,0,0,0
wingman_15e32-20261005-154659_noe_kill,early,,147.0,0,Scourge,0,0,1,416/88/759,10,10,0,0,0,0
wingman_15e32-20261005-154659_noe_kill,early,,147.0,1,Scourge,0,0,1,450/142/821,10,10,0,0,0,0
wingman_15e32-20261005-154659_noe_kill,early,,147.0,2,Troubadour,0,0,1,116/338/577,10,10,0,0,1,0
wingman_15e32-20261005-154659_noe_kill,early,,147.0,3,Scourge,0,0,1,359/175/789,10,10,0,0,1,0
wingman_15e32-20261005-154659_noe_kill,early,,147.0,4,Evoker,1,0,1,0/438/642,10,10,0,0,1,0
wingman_15e32-20261005-154659_noe_kill,early,,147.0,5,Scourge,1,0,1,438/0/695,10,10,0,0,1,0
wingman_15e32-20261005-154659_noe_kill,early,,147.0,6,Scourge,0,0,1,570/647/74,10,10,0,0,1,0
wingman_15e32-20261005-154659_noe_kill,early,,147.0,7,Evoker,0,0,1,533/678/153,10,10,0,0,1,0
wingman_15e32-20261005-154659_noe_kill,early,,147.0,8,Troubadour,0,0,1,38/475/660,10,10,0,0,0,0
wingman_15e32-20261005-154659_noe_kill,early,,147.0,9,Scourge,1,0,1,642/695/0,10,10,0,0,1,0
wingman_15e32-20261005-154659_noe_kill,early,,201.8,0,Scourge,1,0,1,326/0/368,10,10,0,0,1,0
wingman_15e32-20261005-154659_noe_kill,early,,201.8,1,Scourge,0,0,1,312/37/332,10,10,0,0,1,0
wingman_15e32-20261005-154659_noe_kill,early,,201.8,2,Troubadour,0,0,1,98/410/388,10,10,0,0,1,0
wingman_15e32-20261005-154659_noe_kill,early,,201.8,3,Scourge,1,0,1,386/368/0,10,10,0,0,1,0
wingman_15e32-20261005-154659_noe_kill,early,,201.8,4,Evoker,1,0,1,0/326/386,10,10,0,0,1,0
wingman_15e32-20261005-154659_noe_kill,early,,201.8,5,Scourge,0,0,1,343/17/371,10,10,0,0,1,0
wingman_15e32-20261005-154659_noe_kill,early,,201.8,6,Scourge,0,0,2,366/161/230,10,10,0,0,0,0
wingman_15e32-20261005-154659_noe_kill,early,,201.8,7,Evoker,0,0,1,342/397/83,10,10,0,0,1,0
wingman_15e32-20261005-154659_noe_kill,early,,201.8,8,Troubadour,0,0,1,81/405/443,10,10,0,0,1,0
wingman_15e32-20261005-154659_noe_kill,early,,201.8,9,Scourge,0,0,1,404/435/75,10,10,0,0,1,0
wingman_15e32-20261005-154659_noe_kill,early,,246.6,0,Scourge,0,0,1,483/47/394,10,10,0,0,0,0
wingman_15e32-20261005-154659_noe_kill,early,,246.6,1,Scourge,0,0,1,433/35/357,10,10,0,0,1,0
wingman_15e32-20261005-154659_noe_kill,early,,246.6,2,Troubadour,0,0,1,47/403/327,10,10,0,0,1,0
wingman_15e32-20261005-154659_noe_kill,early,,246.6,3,Scourge,1,0,1,0/444/368,10,10,0,0,1,0
wingman_15e32-20261005-154659_noe_kill,early,,246.6,4,Evoker,1,0,1,444/0/391,10,10,0,0,0,0
wingman_15e32-20261005-154659_noe_kill,early,,246.6,5,Scourge,0,0,1,398/377/39,10,10,0,0,0,0
wingman_15e32-20261005-154659_noe_kill,early,,246.6,6,Scourge,0,0,1,419/407/50,10,10,0,0,0,0
wingman_15e32-20261005-154659_noe_kill,early,,246.6,7,Evoker,1,0,1,368/391/0,10,10,0,0,1,0
wingman_15e32-20261005-154659_noe_kill,early,,246.6,8,Troubadour,0,0,1,12/444/359,10,10,0,0,1,0
wingman_15e32-20261005-154659_noe_kill,early,,246.6,9,Scourge,0,0,1,453/464/94,10,10,0,0,0,0
wingman_15e32-20261005-154659_noe_kill,early,,294.9,0,Scourge,1,0,1,437/630/0,10,10,0,0,0,0
wingman_15e32-20261005-154659_noe_kill,early,,294.9,1,Scourge,0,0,1,394/81/559,10,10,0,0,0,0
wingman_15e32-20261005-154659_noe_kill,early,,294.9,2,Troubadour,0,0,1,56/462/406,10,10,0,0,1,0
wingman_15e32-20261005-154659_noe_kill,early,,294.9,3,Scourge,0,0,1,503/107/656,10,10,0,0,0,0
wingman_15e32-20261005-154659_noe_kill,early,,294.9,4,Evoker,1,0,1,413/0/630,10,10,0,0,1,0
wingman_15e32-20261005-154659_noe_kill,early,,294.9,5,Scourge,0,0,1,77/490/441,10,10,0,0,0,0
wingman_15e32-20261005-154659_noe_kill,early,,294.9,6,Scourge,0,0,1,482/719/99,10,10,0,0,0,0
wingman_15e32-20261005-154659_noe_kill,early,,294.9,7,Evoker,0,0,1,395/571/59,10,10,0,0,0,0
wingman_15e32-20261005-154659_noe_kill,early,,294.9,8,Troubadour,1,0,1,0/413/437,10,10,0,0,1,0
wingman_15e32-20261005-154659_noe_kill,early,,294.9,9,Scourge,0,0,1,432/698/120,10,10,0,0,0,0
wingman_15e32-20261005-154659_noe_kill,early,,342.1,0,Scourge,0,0,1,535/540/164,10,10,0,0,0,0
wingman_15e32-20261005-154659_noe_kill,early,,342.1,1,Scourge,0,0,1,499/467/109,10,10,0,0,0,0
wingman_15e32-20261005-154659_noe_kill,early,,342.1,2,Troubadour,0,0,1,17/426/410,10,10,0,0,1,0
wingman_15e32-20261005-154659_noe_kill,early,,342.1,3,Scourge,0,0,1,426/426/39,10,10,0,0,0,0
wingman_15e32-20261005-154659_noe_kill,early,,342.1,4,Evoker,1,0,1,393/392/0,10,10,0,0,1,0
wingman_15e32-20261005-154659_noe_kill,early,,342.1,5,Scourge,0,0,1,87/499/458,10,10,0,0,1,0
wingman_15e32-20261005-154659_noe_kill,early,,342.1,6,Scourge,0,0,1,483/77/403,10,10,0,0,0,0
wingman_15e32-20261005-154659_noe_kill,early,,342.1,7,Evoker,1,0,1,414/0/392,10,10,0,0,1,0
wingman_15e32-20261005-154659_noe_kill,early,,342.1,8,Troubadour,1,0,1,0/414/393,10,10,0,0,1,0
wingman_15e32-20261005-154659_noe_kill,early,,342.1,9,Scourge,0,0,1,469/56/413,10,10,0,0,1,0
wingman_15e32-20261005-154659_noe_kill,early,,389.3,0,Scourge,0,0,1,536/508/37,10,10,0,0,0,0
wingman_15e32-20261005-154659_noe_kill,early,,389.3,1,Scourge,1,0,1,0/502/503,10,10,0,0,0,0
wingman_15e32-20261005-154659_noe_kill,early,,389.3,2,Troubadour,0,0,1,17/486/492,10,10,0,0,1,0
wingman_15e32-20261005-154659_noe_kill,early,,389.3,3,Scourge,0,0,1,577/502/90,10,10,0,0,0,0
wingman_15e32-20261005-154659_noe_kill,early,,389.3,4,Evoker,1,0,1,503/504/0,10,10,0,0,0,0
wingman_15e32-20261005-154659_noe_kill,early,,389.3,5,Scourge,0,0,1,381/291/226,10,10,0,0,0,0
wingman_15e32-20261005-154659_noe_kill,early,,389.3,6,Scourge,0,0,1,553/58/555,10,10,0,0,0,0
wingman_15e32-20261005-154659_noe_kill,early,,389.3,7,Evoker,0,0,1,455/112/392,10,10,0,0,0,0
wingman_15e32-20261005-154659_noe_kill,early,,389.3,8,Troubadour,0,0,1,44/464/465,10,10,0,0,1,0
wingman_15e32-20261005-154659_noe_kill,early,,389.3,9,Scourge,1,0,1,502/0/504,10,10,0,0,0,0
wingman_15e32-20261005-154659_noe_kill,last,3,468.8,0,Scourge,0,0,1,502/444/64,10,10,0,0,0,0
wingman_15e32-20261005-154659_noe_kill,last,3,468.8,1,Scourge,0,0,1,465/415/44,10,10,0,0,0,0
wingman_15e32-20261005-154659_noe_kill,last,3,468.8,2,Troubadour,0,0,1,61/289/397,10,10,0,0,1,0
wingman_15e32-20261005-154659_noe_kill,last,3,468.8,3,Scourge,1,0,1,457/380/0,10,10,0,0,0,0
wingman_15e32-20261005-154659_noe_kill,last,3,468.8,4,Evoker,1,0,1,312/0/380,10,10,0,0,0,0
wingman_15e32-20261005-154659_noe_kill,last,3,468.8,5,Scourge,0,0,1,328/39/418,10,10,0,0,0,0
wingman_15e32-20261005-154659_noe_kill,last,3,468.8,6,Scourge,0,0,1,373/153/533,10,10,0,0,0,0
wingman_15e32-20261005-154659_noe_kill,last,3,468.8,7,Evoker,0,0,1,375/69/424,10,10,0,0,0,0
wingman_15e32-20261005-154659_noe_kill,last,3,468.8,8,Troubadour,0,0,1,70/323/404,10,10,0,0,1,0
wingman_15e32-20261005-154659_noe_kill,last,3,468.8,9,Scourge,1,0,1,0/312/457,10,10,0,0,0,0
wingman_15e32-20261005-154659_noe_kill,last,33,498.9,0,Scourge,1,0,1,633/0/304,10,10,0,0,1,0
wingman_15e32-20261005-154659_noe_kill,last,33,498.9,1,Scourge,1,0,1,343/304/0,10,10,0,0,1,0
wingman_15e32-20261005-154659_noe_kill,last,33,498.9,2,Troubadour,0,0,1,395/306/218,10,10,0,0,1,0
wingman_15e32-20261005-154659_noe_kill,last,33,498.9,3,Scourge,0,0,1,118/614/356,10,7,3,0,1,1
wingman_15e32-20261005-154659_noe_kill,last,33,498.9,4,Evoker,1,0,1,0/633/343,10,7,3,0,1,1
wingman_15e32-20261005-154659_noe_kill,last,33,498.9,5,Scourge,0,0,1,724/140/381,10,10,0,0,1,0
wingman_15e32-20261005-154659_noe_kill,last,33,498.9,6,Scourge,0,0,1,711/89/374,10,10,0,0,1,0
wingman_15e32-20261005-154659_noe_kill,last,33,498.9,7,Evoker,0,0,1,673/165/392,10,10,0,0,1,0
wingman_15e32-20261005-154659_noe_kill,last,33,498.9,8,Troubadour,0,0,1,333/306/25,10,10,0,0,1,0
wingman_15e32-20261005-154659_noe_kill,last,33,498.9,9,Scourge,0,0,1,678/94/337,10,10,0,0,1,0
wingman_1f564-20260930-164742_noe_fail,early,,2.5,0,Evoker,0,0,1,72,10,10,0,0,1,0
wingman_1f564-20260930-164742_noe_fail,early,,2.5,1,Scourge,0,0,1,104,10,10,0,0,1,0
wingman_1f564-20260930-164742_noe_fail,early,,2.5,2,Chronomancer,0,0,1,47,10,10,0,0,1,0
wingman_1f564-20260930-164742_noe_fail,early,,2.5,3,Scourge,0,0,1,88,10,10,0,0,1,0
wingman_1f564-20260930-164742_noe_fail,early,,2.5,4,Troubadour,0,0,1,30,10,10,0,0,1,0
wingman_1f564-20260930-164742_noe_fail,early,,2.5,5,Scourge,0,0,1,29,10,10,0,0,1,0
wingman_1f564-20260930-164742_noe_fail,early,,2.5,6,Weaver,0,0,1,24,10,10,0,0,1,0
wingman_1f564-20260930-164742_noe_fail,early,,2.5,7,Evoker,0,0,1,10,10,10,0,0,1,0
wingman_1f564-20260930-164742_noe_fail,early,,2.5,8,Scourge,0,0,1,188,10,10,0,0,1,0
wingman_1f564-20260930-164742_noe_fail,early,,2.5,9,Troubadour,1,0,1,0,10,10,0,0,1,0
wingman_1f564-20260930-164742_noe_fail,early,,49.7,0,Evoker,1,0,1,412/0/455,10,10,0,0,1,0
wingman_1f564-20260930-164742_noe_fail,early,,49.7,1,Scourge,0,0,1,416/93/530,10,10,0,0,1,0
wingman_1f564-20260930-164742_noe_fail,early,,49.7,2,Chronomancer,0,0,1,477/79/530,10,10,0,0,1,0
wingman_1f564-20260930-164742_noe_fail,early,,49.7,3,Scourge,0,0,1,11/423/399,10,10,0,0,1,0
wingman_1f564-20260930-164742_noe_fail,early,,49.7,4,Troubadour,0,0,1,32/429/429,10,10,0,0,1,0
wingman_1f564-20260930-164742_noe_fail,early,,49.7,5,Scourge,0,0,1,397/484/36,10,10,0,0,1,0
wingman_1f564-20260930-164742_noe_fail,early,,49.7,6,Weaver,1,0,1,398/455/0,10,10,0,0,1,0
wingman_1f564-20260930-164742_noe_fail,early,,49.7,7,Evoker,0,0,1,418/516/64,10,10,0,0,1,0
wingman_1f564-20260930-164742_noe_fail,early,,49.7,8,Scourge,0,0,1,446/392/113,10,10,0,0,1,0
wingman_1f564-20260930-164742_noe_fail,early,,49.7,9,Troubadour,1,0,1,0/412/398,10,10,0,0,1,0
wingman_1f564-20260930-164742_noe_fail,early,,94.2,0,Evoker,1,0,1,389/0/435,10,10,0,0,1,0
wingman_1f564-20260930-164742_noe_fail,early,,94.2,1,Scourge,0,0,1,415/58/492,10,10,0,0,1,0
wingman_1f564-20260930-164742_noe_fail,early,,94.2,2,Chronomancer,0,0,1,442/54/475,10,10,0,0,1,0
wingman_1f564-20260930-164742_noe_fail,early,,94.2,3,Scourge,0,0,1,74/357/448,10,10,0,0,1,0
wingman_1f564-20260930-164742_noe_fail,early,,94.2,4,Troubadour,1,0,1,0/389/400,10,10,0,0,1,0
wingman_1f564-20260930-164742_noe_fail,early,,94.2,5,Scourge,0,0,1,386/496/88,10,10,0,0,1,0
wingman_1f564-20260930-164742_noe_fail,early,,94.2,6,Weaver,1,0,1,400/435/0,10,10,0,0,1,0
wingman_1f564-20260930-164742_noe_fail,early,,94.2,7,Evoker,0,0,1,434/474/41,10,10,0,0,1,0
wingman_1f564-20260930-164742_noe_fail,early,,94.2,8,Scourge,0,0,1,385/486/76,10,10,0,0,1,0
wingman_1f564-20260930-164742_noe_fail,early,,94.2,9,Troubadour,0,0,1,35/367/367,10,10,0,0,1,0
wingman_1f564-20260930-164742_noe_fail,early,,145.6,0,Evoker,1,0,1,433/0/525,10,10,0,0,1,0
wingman_1f564-20260930-164742_noe_fail,early,,145.6,1,Scourge,0,0,1,518/115/625,10,10,0,0,1,0
wingman_1f564-20260930-164742_noe_fail,early,,145.6,2,Chronomancer,0,0,1,444/59/584,10,10,0,0,1,0
wingman_1f564-20260930-164742_noe_fail,early,,145.6,3,Scourge,0,0,1,88/382/654,10,10,0,0,1,0
wingman_1f564-20260930-164742_noe_fail,early,,145.6,4,Troubadour,0,0,1,76/365/617,10,10,0,0,1,0
wingman_1f564-20260930-164742_noe_fail,early,,145.6,5,Scourge,0,0,1,630/579/73,10,10,0,0,1,0
wingman_1f564-20260930-164742_noe_fail,early,,145.6,6,Weaver,1,0,1,625/525/0,10,10,0,0,1,0
wingman_1f564-20260930-164742_noe_fail,early,,145.6,7,Evoker,0,0,1,591/548/76,10,10,0,0,1,0
wingman_1f564-20260930-164742_noe_fail,early,,145.6,8,Scourge,0,0,1,656/582/58,10,10,0,0,1,0
wingman_1f564-20260930-164742_noe_fail,early,,145.6,9,Troubadour,1,0,1,0/433/625,10,10,0,0,1,0
wingman_1f564-20260930-164742_noe_fail,early,,200.9,0,Evoker,1,0,1,488/0/406,10,10,0,0,1,0
wingman_1f564-20260930-164742_noe_fail,early,,200.9,1,Scourge,0,0,1,460/55/352,10,10,0,0,1,0
wingman_1f564-20260930-164742_noe_fail,early,,200.9,2,Chronomancer,0,0,1,465/27/381,10,10,0,0,1,0
wingman_1f564-20260930-164742_noe_fail,early,,200.9,3,Scourge,0,0,1,86/520/484,10,10,0,0,1,0
wingman_1f564-20260930-164742_noe_fail,early,,200.9,4,Troubadour,0,0,1,79/410/364,10,10,0,0,1,0
wingman_1f564-20260930-164742_noe_fail,early,,200.9,5,Scourge,0,0,1,414/345/67,10,10,0,0,1,0
wingman_1f564-20260930-164742_noe_fail,early,,200.9,6,Weaver,1,0,1,403/406/0,10,10,0,0,1,0
wingman_1f564-20260930-164742_noe_fail,early,,200.9,7,Evoker,0,0,1,419/443/36,10,10,0,0,1,0
wingman_1f564-20260930-164742_noe_fail,early,,200.9,8,Scourge,0,0,1,398/360/46,10,10,0,0,1,0
wingman_1f564-20260930-164742_noe_fail,early,,200.9,9,Troubadour,1,0,1,0/488/403,10,10,0,0,1,0
wingman_1f564-20260930-164742_noe_fail,early,,245.4,0,Evoker,1,0,1,515/0/369,10,10,0,0,1,0
wingman_1f564-20260930-164742_noe_fail,early,,245.4,1,Scourge,0,0,1,595/83/433,10,10,0,0,1,0
wingman_1f564-20260930-164742_noe_fail,early,,245.4,2,Chronomancer,0,0,1,670/192/554,10,10,0,0,0,0
wingman_1f564-20260930-164742_noe_fail,early,,245.4,3,Scourge,1,0,1,0/515/460,10,10,0,0,1,0
wingman_1f564-20260930-164742_noe_fail,early,,245.4,4,Troubadour,0,0,1,91/426/386,10,10,0,0,1,0
wingman_1f564-20260930-164742_noe_fail,early,,245.4,5,Scourge,0,0,1,458/420/54,10,10,0,0,1,0
wingman_1f564-20260930-164742_noe_fail,early,,245.4,6,Weaver,0,0,1,467/431/64,10,10,0,0,1,0
wingman_1f564-20260930-164742_noe_fail,early,,245.4,7,Evoker,0,0,1,508/489/120,10,10,0,0,1,0
wingman_1f564-20260930-164742_noe_fail,early,,245.4,8,Scourge,1,0,1,460/369/0,10,10,0,0,1,0
wingman_1f564-20260930-164742_noe_fail,early,,245.4,9,Troubadour,0,0,1,95/448/366,10,10,0,0,1,0
wingman_1f564-20260930-164742_noe_fail,early,,303.8,0,Evoker,1,0,1,489/0/428,10,10,0,0,1,0
wingman_1f564-20260930-164742_noe_fail,early,,303.8,1,Scourge,0,0,1,519/180/583,10,10,0,0,1,0
wingman_1f564-20260930-164742_noe_fail,early,,303.8,2,Chronomancer,0,0,1,501/64/485,10,10,0,0,1,0
wingman_1f564-20260930-164742_noe_fail,early,,303.8,3,Scourge,0,0,1,58/475/459,10,10,0,0,1,0
wingman_1f564-20260930-164742_noe_fail,early,,303.8,4,Troubadour,0,0,1,81/416/355,10,10,0,0,0,0
wingman_1f564-20260930-164742_noe_fail,early,,303.8,5,Scourge,0,0,1,493/504/87,10,10,0,0,0,0
wingman_1f564-20260930-164742_noe_fail,early,,303.8,6,Weaver,1,0,1,421/428/0,10,10,0,0,0,0
wingman_1f564-20260930-164742_noe_fail,early,,303.8,7,Evoker,0,0,1,480/538/110,10,10,0,0,0,0
wingman_1f564-20260930-164742_noe_fail,early,,303.8,8,Scourge,0,0,1,471/526/99,10,10,0,0,0,0
wingman_1f564-20260930-164742_noe_fail,early,,303.8,9,Troubadour,1,0,1,0/489/421,10,10,0,0,1,0
wingman_1f564-20260930-164742_noe_fail,early,,351.1,0,Evoker,1,0,1,365/0/490,10,10,0,0,1,0
wingman_1f564-20260930-164742_noe_fail,early,,351.1,1,Scourge,0,0,1,355/32/462,10,10,0,0,1,0
wingman_1f564-20260930-164742_noe_fail,early,,351.1,2,Chronomancer,0,0,1,356/9/485,10,10,0,0,1,0
wingman_1f564-20260930-164742_noe_fail,early,,351.1,3,Scourge,0,0,1,123/463/432,10,10,0,0,1,0
wingman_1f564-20260930-164742_noe_fail,early,,351.1,4,Troubadour,0,0,1,12/377/337,10,10,0,0,1,0
wingman_1f564-20260930-164742_noe_fail,early,,351.1,5,Scourge,0,0,1,439/552/102,10,10,0,0,1,0
wingman_1f564-20260930-164742_noe_fail,early,,351.1,6,Weaver,1,0,1,338/490/0,10,10,0,0,1,0
wingman_1f564-20260930-164742_noe_fail,early,,351.1,7,Evoker,0,0,1,315/494/35,10,10,0,0,1,0
wingman_1f564-20260930-164742_noe_fail,early,,351.1,8,Scourge,0,0,1,349/480/24,10,10,0,0,1,0
wingman_1f564-20260930-164742_noe_fail,early,,351.1,9,Troubadour,1,0,1,0/365/338,10,10,0,0,1,0
wingman_1f564-20260930-164742_noe_fail,early,,398.8,0,Evoker,1,0,1,381/0/535,10,10,0,0,0,0
wingman_1f564-20260930-164742_noe_fail,early,,398.8,1,Scourge,0,0,1,304/150/571,10,10,0,0,1,0
wingman_1f564-20260930-164742_noe_fail,early,,398.8,2,Chronomancer,0,0,1,346/63/549,10,10,0,0,0,0
wingman_1f564-20260930-164742_noe_fail,early,,398.8,3,Scourge,0,0,1,45/420/375,10,10,0,0,1,0
wingman_1f564-20260930-164742_noe_fail,early,,398.8,4,Troubadour,0,0,1,15/396/398,10,10,0,0,1,0
wingman_1f564-20260930-164742_noe_fail,early,,398.8,5,Scourge,0,0,1,362/562/82,10,10,0,0,1,0
wingman_1f564-20260930-164742_noe_fail,early,,398.8,6,Weaver,1,0,1,395/535/0,10,10,0,0,0,0
wingman_1f564-20260930-164742_noe_fail,early,,398.8,7,Evoker,0,0,1,396/535/1,10,10,0,0,0,0
wingman_1f564-20260930-164742_noe_fail,early,,398.8,8,Scourge,0,0,1,473/568/85,10,10,0,0,0,0
wingman_1f564-20260930-164742_noe_fail,early,,398.8,9,Troubadour,1,0,1,0/381/395,10,10,0,0,1,0
wingman_1f564-20260930-164742_noe_fail,early,,443.9,0,Evoker,0,0,1,591/414/66,10,10,0,0,1,0
wingman_1f564-20260930-164742_noe_fail,early,,443.9,1,Scourge,0,0,1,632/74/488,10,10,0,0,0,0
wingman_1f564-20260930-164742_noe_fail,early,,443.9,2,Chronomancer,0,1,0,478/948/721,10,10,0,0,0,0
wingman_1f564-20260930-164742_noe_fail,early,,443.9,3,Scourge,0,0,1,536/24/467,10,10,0,0,0,0
wingman_1f564-20260930-164742_noe_fail,early,,443.9,4,Troubadour,1,0,1,597/476/0,10,10,0,0,1,0
wingman_1f564-20260930-164742_noe_fail,early,,443.9,5,Scourge,0,0,1,77/507/606,10,10,0,0,1,0
wingman_1f564-20260930-164742_noe_fail,early,,443.9,6,Weaver,0,0,1,688/524/91,10,10,0,0,1,0
wingman_1f564-20260930-164742_noe_fail,early,,443.9,7,Evoker,1,0,1,0/560/597,10,10,0,0,1,0
wingman_1f564-20260930-164742_noe_fail,early,,443.9,8,Scourge,1,0,1,560/0/476,10,10,0,0,0,0
wingman_1f564-20260930-164742_noe_fail,early,,443.9,9,Troubadour,0,0,1,24/580/601,10,10,0,0,1,0
wingman_1f564-20260930-164742_noe_fail,last,3,520.7,0,Evoker,1,0,1,471/767/0,10,10,0,0,0,0
wingman_1f564-20260930-164742_noe_fail,last,3,520.7,1,Scourge,0,0,1,593/886/123,9,9,0,0,0,0
wingman_1f564-20260930-164742_noe_fail,last,3,520.7,2,Chronomancer,0,0,1,479/810/88,9,9,0,0,0,0
wingman_1f564-20260930-164742_noe_fail,last,3,520.7,3,Scourge,0,0,1,17/410/454,10,10,0,0,0,0
wingman_1f564-20260930-164742_noe_fail,last,3,520.7,4,Troubadour,1,0,1,0/402/471,10,10,0,0,1,0
wingman_1f564-20260930-164742_noe_fail,last,3,520.7,5,Scourge,0,0,1,375/113/793,9,9,0,0,1,0
wingman_1f564-20260930-164742_noe_fail,last,3,520.7,6,Weaver,1,0,1,402/0/767,10,10,0,0,1,0
wingman_1f564-20260930-164742_noe_fail,last,3,520.7,7,Evoker,0,0,1,462/76/842,9,9,0,0,1,0
wingman_1f564-20260930-164742_noe_fail,last,3,520.7,8,Scourge,0,0,1,435/38/785,10,10,0,0,1,0
wingman_1f564-20260930-164742_noe_fail,last,3,520.7,9,Troubadour,0,0,1,110/511/441,10,10,0,0,1,0
wingman_1f564-20260930-164742_noe_fail,last,33,550.8,0,Evoker,0,0,0,884,10,10,0,0,0,0
wingman_1f564-20260930-164742_noe_fail,last,33,550.8,2,Chronomancer,0,0,0,988,9,9,0,0,0,0
wingman_1f564-20260930-164742_noe_fail,last,33,550.8,3,Scourge,0,0,0,740,10,10,0,0,0,0
wingman_1fa32-20261004-213126_noe_kill,early,,2.9,0,Weaver,1,0,1,0/379/283,10,10,0,0,1,0
wingman_1fa32-20261004-213126_noe_kill,early,,2.9,1,Scourge,0,0,1,309/435/107,10,10,0,0,1,0
wingman_1fa32-20261004-213126_noe_kill,early,,2.9,2,Luminary,0,0,1,16/382/297,10,10,0,0,1,0
wingman_1fa32-20261004-213126_noe_kill,early,,2.9,3,Troubadour,0,0,1,351/380/74,10,10,0,0,1,0
wingman_1fa32-20261004-213126_noe_kill,early,,2.9,4,Scourge,0,0,1,489/457/208,10,10,0,0,1,0
wingman_1fa32-20261004-213126_noe_kill,early,,2.9,5,Scourge,0,0,1,479/100/410,10,10,0,0,1,0
wingman_1fa32-20261004-213126_noe_kill,early,,2.9,6,Scourge,0,0,1,109/422/388,10,10,0,0,0,0
wingman_1fa32-20261004-213126_noe_kill,early,,2.9,7,Scourge,0,0,1,444/66/368,10,10,0,0,1,0
wingman_1fa32-20261004-213126_noe_kill,early,,2.9,8,Specter,1,0,1,283/330/0,10,10,0,0,1,0
wingman_1fa32-20261004-213126_noe_kill,early,,2.9,9,Troubadour,1,0,1,379/0/330,10,10,0,0,1,0
wingman_1fa32-20261004-213126_noe_kill,early,,50.9,0,Weaver,1,0,1,0/369/391,10,10,0,0,0,0
wingman_1fa32-20261004-213126_noe_kill,early,,50.9,1,Scourge,0,0,1,41/405/389,10,10,0,0,0,0
wingman_1fa32-20261004-213126_noe_kill,early,,50.9,2,Luminary,0,0,1,396/430/27,10,10,0,0,0,0
wingman_1fa32-20261004-213126_noe_kill,early,,50.9,3,Troubadour,0,0,1,75/313/325,10,10,0,0,0,0
wingman_1fa32-20261004-213126_noe_kill,early,,50.9,4,Scourge,0,0,1,410/416/19,10,10,0,0,0,0
wingman_1fa32-20261004-213126_noe_kill,early,,50.9,5,Scourge,0,0,1,471/107/491,10,10,0,0,0,0
wingman_1fa32-20261004-213126_noe_kill,early,,50.9,6,Scourge,0,0,1,111/258/360,10,10,0,0,0,0
wingman_1fa32-20261004-213126_noe_kill,early,,50.9,7,Scourge,0,0,1,454/101/499,10,10,0,0,0,0
wingman_1fa32-20261004-213126_noe_kill,early,,50.9,8,Specter,1,0,1,391/405/0,10,10,0,0,0,0
wingman_1fa32-20261004-213126_noe_kill,early,,50.9,9,Troubadour,1,0,1,369/0/405,10,10,0,0,1,0
wingman_1fa32-20261004-213126_noe_kill,early,,96.2,0,Weaver,0,0,1,342/52/498,10,10,0,0,0,0
wingman_1fa32-20261004-213126_noe_kill,early,,96.2,1,Scourge,0,0,1,431/552/100,10,10,0,0,1,0
wingman_1fa32-20261004-213126_noe_kill,early,,96.2,2,Luminary,0,0,1,28/357/359,10,10,0,0,0,0
wingman_1fa32-20261004-213126_noe_kill,early,,96.2,3,Troubadour,0,0,1,108/430/343,10,10,0,0,0,0
wingman_1fa32-20261004-213126_noe_kill,early,,96.2,4,Scourge,0,0,1,408/91/539,10,10,0,0,0,0
wingman_1fa32-20261004-213126_noe_kill,early,,96.2,5,Scourge,1,0,1,0/329/357,10,10,0,0,1,0
wingman_1fa32-20261004-213126_noe_kill,early,,96.2,6,Scourge,0,0,1,121/446/355,10,10,0,0,1,0
wingman_1fa32-20261004-213126_noe_kill,early,,96.2,7,Scourge,0,0,1,413/509/61,10,10,0,0,1,0
wingman_1fa32-20261004-213126_noe_kill,early,,96.2,8,Specter,1,0,1,329/0/451,10,10,0,0,0,0
wingman_1fa32-20261004-213126_noe_kill,early,,96.2,9,Troubadour,1,0,1,357/451/0,10,10,0,0,1,0
wingman_1fa32-20261004-213126_noe_kill,early,,156.8,0,Weaver,0,0,1,627/388/194,10,10,0,0,0,0
wingman_1fa32-20261004-213126_noe_kill,early,,156.8,1,Scourge,0,0,1,494/171/646,10,10,0,0,1,0
wingman_1fa32-20261004-213126_noe_kill,early,,156.8,2,Luminary,0,0,1,509/133/569,10,10,0,0,1,0
wingman_1fa32-20261004-213126_noe_kill,early,,156.8,3,Troubadour,0,0,1,666/484/111,10,10,0,0,0,0
wingman_1fa32-20261004-213126_noe_kill,early,,156.8,4,Scourge,0,0,1,132/409/711,10,10,0,0,0,0
wingman_1fa32-20261004-213126_noe_kill,early,,156.8,5,Scourge,1,0,1,0/387/600,10,10,0,0,1,0
wingman_1fa32-20261004-213126_noe_kill,early,,156.8,6,Scourge,0,0,1,428/139/626,10,10,0,0,0,0
wingman_1fa32-20261004-213126_noe_kill,early,,156.8,7,Scourge,0,0,1,110/482/704,10,10,0,0,1,0
wingman_1fa32-20261004-213126_noe_kill,early,,156.8,8,Specter,1,0,1,600/487/0,10,10,0,0,1,0
wingman_1fa32-20261004-213126_noe_kill,early,,156.8,9,Troubadour,1,0,1,387/0/487,10,10,0,0,1,0
wingman_1fa32-20261004-213126_noe_kill,early,,211.7,0,Weaver,0,0,1,455/437/79,10,10,0,0,1,0
wingman_1fa32-20261004-213126_noe_kill,early,,211.7,1,Scourge,0,0,1,628/80/466,10,10,0,0,1,0
wingman_1fa32-20261004-213126_noe_kill,early,,211.7,2,Luminary,1,0,1,554/0/429,10,10,0,0,1,0
wingman_1fa32-20261004-213126_noe_kill,early,,211.7,3,Troubadour,1,0,1,376/429/0,10,10,0,0,1,0
wingman_1fa32-20261004-213126_noe_kill,early,,211.7,4,Scourge,0,0,1,456/519/109,10,10,0,0,1,0
wingman_1fa32-20261004-213126_noe_kill,early,,211.7,5,Scourge,1,0,1,0/554/376,10,10,0,0,1,0
wingman_1fa32-20261004-213126_noe_kill,early,,211.7,6,Scourge,0,0,1,630/88/462,10,10,0,0,1,0
wingman_1fa32-20261004-213126_noe_kill,early,,211.7,7,Scourge,0,0,1,45/556/343,10,10,0,0,1,0
wingman_1fa32-20261004-213126_noe_kill,early,,211.7,8,Specter,0,0,1,368/433/9,10,10,0,0,1,0
wingman_1fa32-20261004-213126_noe_kill,early,,211.7,9,Troubadour,0,0,1,96/603/348,10,10,0,0,1,0
wingman_1fa32-20261004-213126_noe_kill,early,,256.2,0,Weaver,0,0,1,390/57/543,10,10,0,0,1,0
wingman_1fa32-20261004-213126_noe_kill,early,,256.2,1,Scourge,0,0,1,34/383/602,10,10,0,0,1,0
wingman_1fa32-20261004-213126_noe_kill,early,,256.2,2,Luminary,0,0,1,58/400/626,10,10,0,0,1,0
wingman_1fa32-20261004-213126_noe_kill,early,,256.2,3,Troubadour,1,0,1,568/590/0,10,10,0,0,1,0
wingman_1fa32-20261004-213126_noe_kill,early,,256.2,4,Scourge,0,0,1,440/93/550,10,10,0,0,1,0
wingman_1fa32-20261004-213126_noe_kill,early,,256.2,5,Scourge,0,0,1,599/579/66,10,10,0,0,0,0
wingman_1fa32-20261004-213126_noe_kill,early,,256.2,6,Scourge,1,0,1,0/376/568,10,10,0,0,1,0
wingman_1fa32-20261004-213126_noe_kill,early,,256.2,7,Scourge,0,0,1,547/561/29,10,10,0,0,1,0
wingman_1fa32-20261004-213126_noe_kill,early,,256.2,8,Specter,1,0,1,376/0/590,10,10,0,0,1,0
wingman_1fa32-20261004-213126_noe_kill,early,,256.2,9,Troubadour,0,0,1,439/471/134,10,10,0,0,1,0
wingman_1fa32-20261004-213126_noe_kill,early,,316.4,0,Weaver,0,0,1,445/25/475,10,10,0,0,1,0
wingman_1fa32-20261004-213126_noe_kill,early,,316.4,1,Scourge,0,0,1,68/359/415,10,10,0,0,1,0
wingman_1fa32-20261004-213126_noe_kill,early,,316.4,2,Luminary,0,0,1,36/421/373,10,10,0,0,0,0
wingman_1fa32-20261004-213126_noe_kill,early,,316.4,3,Troubadour,0,0,1,410/501/42,10,10,0,0,0,0
wingman_1fa32-20261004-213126_noe_kill,early,,316.4,4,Scourge,1,0,1,0/421/407,10,10,0,0,0,0
wingman_1fa32-20261004-213126_noe_kill,early,,316.4,5,Scourge,0,0,1,407/549/103,10,10,0,0,1,0
wingman_1fa32-20261004-213126_noe_kill,early,,316.4,6,Scourge,0,0,1,473/61/522,10,10,0,0,1,0
wingman_1fa32-20261004-213126_noe_kill,early,,316.4,7,Scourge,0,0,1,470/584/120,10,10,0,0,0,0
wingman_1fa32-20261004-213126_noe_kill,early,,316.4,8,Specter,1,0,1,421/0/465,10,10,0,0,1,0
wingman_1fa32-20261004-213126_noe_kill,early,,316.4,9,Troubadour,1,0,1,407/465/0,10,10,0,0,0,0
wingman_1fa32-20261004-213126_noe_kill,early,,363.7,0,Weaver,0,0,1,427/103/393,10,10,0,0,0,0
wingman_1fa32-20261004-213126_noe_kill,early,,363.7,1,Scourge,0,0,1,351/137/516,10,10,0,0,0,0
wingman_1fa32-20261004-213126_noe_kill,early,,363.7,2,Luminary,1,0,1,327/0/385,10,10,0,0,0,0
wingman_1fa32-20261004-213126_noe_kill,early,,363.7,3,Troubadour,0,0,1,521/316/69,10,10,0,0,1,0
wingman_1fa32-20261004-213126_noe_kill,early,,363.7,4,Scourge,0,0,1,621/445/67,10,10,0,0,0,0
wingman_1fa32-20261004-213126_noe_kill,early,,363.7,5,Scourge,1,0,1,584/385/0,10,10,0,0,0,0
wingman_1fa32-20261004-213126_noe_kill,early,,363.7,6,Scourge,0,0,1,432/192/546,10,10,0,0,0,0
wingman_1fa32-20261004-213126_noe_kill,early,,363.7,7,Scourge,0,0,1,99/405/683,10,10,0,0,0,0
wingman_1fa32-20261004-213126_noe_kill,early,,363.7,8,Specter,0,0,1,36/305/583,10,10,0,0,0,0
wingman_1fa32-20261004-213126_noe_kill,early,,363.7,9,Troubadour,1,0,1,0/327/584,10,10,0,0,1,0
wingman_1fa32-20261004-213126_noe_kill,early,,412.2,0,Weaver,0,0,1,425/435/29,10,10,0,0,0,0
wingman_1fa32-20261004-213126_noe_kill,early,,412.2,1,Scourge,0,0,1,453/451/43,10,10,0,0,0,0
wingman_1fa32-20261004-213126_noe_kill,early,,412.2,2,Luminary,0,0,1,446/37/415,10,10,0,0,0,0
wingman_1fa32-20261004-213126_noe_kill,early,,412.2,3,Troubadour,1,0,1,411/0/409,10,10,0,0,0,0
wingman_1fa32-20261004-213126_noe_kill,early,,412.2,4,Scourge,0,0,1,452/459/50,10,10,0,0,0,0
wingman_1fa32-20261004-213126_noe_kill,early,,412.2,5,Scourge,0,0,1,99/496/512,10,10,0,0,0,0
wingman_1fa32-20261004-213126_noe_kill,early,,412.2,6,Scourge,0,0,1,152/523/571,10,10,0,0,0,0
wingman_1fa32-20261004-213126_noe_kill,early,,412.2,7,Scourge,1,0,1,420/409/0,10,10,0,0,0,0
wingman_1fa32-20261004-213126_noe_kill,early,,412.2,8,Specter,0,0,1,403/10/410,10,10,0,0,0,0
wingman_1fa32-20261004-213126_noe_kill,early,,412.2,9,Troubadour,1,0,1,0/411/420,10,10,0,0,1,0
wingman_1fa32-20261004-213126_noe_kill,early,,456.8,0,Weaver,0,0,1,95/547/456,10,10,0,0,0,0
wingman_1fa32-20261004-213126_noe_kill,early,,456.8,1,Scourge,0,0,1,451/42/491,10,10,0,0,0,0
wingman_1fa32-20261004-213126_noe_kill,early,,456.8,2,Luminary,1,0,1,453/0/461,10,10,0,0,0,0
wingman_1fa32-20261004-213126_noe_kill,early,,456.8,3,Troubadour,0,0,1,372/94/376,10,10,0,0,1,0
wingman_1fa32-20261004-213126_noe_kill,early,,456.8,4,Scourge,0,0,1,121/570/485,10,10,0,0,0,0
wingman_1fa32-20261004-213126_noe_kill,early,,456.8,5,Scourge,1,0,1,0/453/396,10,10,0,0,0,0
wingman_1fa32-20261004-213126_noe_kill,early,,456.8,6,Scourge,0,0,1,543/102/483,10,10,0,0,0,0
wingman_1fa32-20261004-213126_noe_kill,early,,456.8,7,Scourge,0,0,1,404/503/45,10,10,0,0,0,0
wingman_1fa32-20261004-213126_noe_kill,early,,456.8,8,Specter,0,0,1,403/377/94,10,10,0,0,0,0
wingman_1fa32-20261004-213126_noe_kill,early,,456.8,9,Troubadour,1,0,1,396/461/0,10,10,0,0,1,0
wingman_1fa32-20261004-213126_noe_kill,last,3,501.2,0,Weaver,0,0,1,406/37/540,10,10,0,0,1,0
wingman_1fa32-20261004-213126_noe_kill,last,3,501.2,1,Scourge,0,0,1,465/612/48,10,10,0,0,1,0
wingman_1fa32-20261004-213126_noe_kill,last,3,501.2,2,Luminary,1,0,1,464/577/0,10,10,0,0,0,0
wingman_1fa32-20261004-213126_noe_kill,last,3,501.2,3,Troubadour,0,0,1,340/88/511,10,10,0,0,1,0
wingman_1fa32-20261004-213126_noe_kill,last,3,501.2,4,Scourge,0,0,1,436/31/606,10,10,0,0,1,0
wingman_1fa32-20261004-213126_noe_kill,last,3,501.2,5,Scourge,1,0,1,0/424/464,10,10,0,0,1,0
wingman_1fa32-20261004-213126_noe_kill,last,3,501.2,6,Scourge,0,0,1,503/676/110,10,10,0,0,0,0
wingman_1fa32-20261004-213126_noe_kill,last,3,501.2,7,Scourge,0,0,1,67/483/510,10,10,0,0,1,0
wingman_1fa32-20261004-213126_noe_kill,last,3,501.2,8,Specter,1,0,1,424/0/577,10,10,0,0,0,0
wingman_1fa32-20261004-213126_noe_kill,last,3,501.2,9,Troubadour,0,0,1,96/393/372,10,10,0,0,1,0
wingman_1fa32-20261004-213126_noe_kill,last,33,531.3,0,Weaver,0,0,1,372/803/18,10,10,0,0,0,0
wingman_1fa32-20261004-213126_noe_kill,last,33,531.3,1,Scourge,0,0,1,325/753/92,10,10,0,0,0,0
wingman_1fa32-20261004-213126_noe_kill,last,33,531.3,2,Luminary,0,0,1,462/95/845,10,10,0,0,0,0
wingman_1fa32-20261004-213126_noe_kill,last,33,531.3,3,Troubadour,1,0,1,432/0/819,10,10,0,0,1,0
wingman_1fa32-20261004-213126_noe_kill,last,33,531.3,4,Scourge,0,0,1,58/381/439,10,10,0,0,0,0
wingman_1fa32-20261004-213126_noe_kill,last,33,531.3,5,Scourge,0,0,1,401/97/783,10,10,0,0,1,0
wingman_1fa32-20261004-213126_noe_kill,last,33,531.3,6,Scourge,0,0,1,84/419/415,10,10,0,0,1,0
wingman_1fa32-20261004-213126_noe_kill,last,33,531.3,7,Scourge,1,0,1,387/819/0,10,10,0,0,0,0
wingman_1fa32-20261004-213126_noe_kill,last,33,531.3,8,Specter,1,0,1,0/432/387,10,10,0,0,1,0
wingman_1fa32-20261004-213126_noe_kill,last,33,531.3,9,Troubadour,0,0,1,330/116/715,10,10,0,0,1,0
wingman_1fa32-20261004-213126_noe_kill,last,63,561.2,0,Weaver,0,0,1,464/418/14,10,10,0,0,0,0
wingman_1fa32-20261004-213126_noe_kill,last,63,561.2,1,Scourge,0,0,1,527/383/76,10,10,0,0,0,0
wingman_1fa32-20261004-213126_noe_kill,last,63,561.2,2,Luminary,1,0,1,860/0/408,10,10,0,0,0,0
wingman_1fa32-20261004-213126_noe_kill,last,63,561.2,3,Troubadour,0,0,1,502/395/48,10,10,0,0,1,0
wingman_1fa32-20261004-213126_noe_kill,last,63,561.2,4,Scourge,0,1,1,551/402/127,10,10,0,0,0,0
wingman_1fa32-20261004-213126_noe_kill,last,63,561.2,5,Scourge,0,0,1,903/83/438,10,10,0,0,0,0
wingman_1fa32-20261004-213126_noe_kill,last,63,561.2,7,Scourge,1,0,1,469/408/0,10,10,0,0,0,0
wingman_1fa32-20261004-213126_noe_kill,last,63,561.2,8,Specter,0,1,1,538/442/150,10,10,0,0,0,0
wingman_1fa32-20261004-213126_noe_kill,last,63,561.2,9,Troubadour,0,0,1,812/59/353,10,10,0,0,1,0
wingman_202f1-20261002-212232_noe_kill,early,,2.6,0,Scourge,0,0,1,151,10,10,0,0,1,0
wingman_202f1-20261002-212232_noe_kill,early,,2.6,1,Scourge,0,0,0,248,10,10,0,0,1,0
wingman_202f1-20261002-212232_noe_kill,early,,2.6,2,Troubadour,0,0,1,223,10,10,0,0,1,0
wingman_202f1-20261002-212232_noe_kill,early,,2.6,3,Specter,1,0,1,0,10,10,0,0,1,0
wingman_202f1-20261002-212232_noe_kill,early,,2.6,4,Scourge,0,0,1,196,10,10,0,0,1,0
wingman_202f1-20261002-212232_noe_kill,early,,2.6,5,Troubadour,0,0,1,116,10,10,0,0,1,0
wingman_202f1-20261002-212232_noe_kill,early,,2.6,6,Scourge,0,0,1,224,10,10,0,0,1,0
wingman_202f1-20261002-212232_noe_kill,early,,2.6,7,Scourge,0,0,0,251,10,10,0,0,1,0
wingman_202f1-20261002-212232_noe_kill,early,,2.6,8,Scourge,0,0,1,72,10,10,0,0,1,0
wingman_202f1-20261002-212232_noe_kill,early,,2.6,9,Specter,0,0,0,275,10,10,0,0,1,0
wingman_202f1-20261002-212232_noe_kill,early,,50.2,0,Scourge,0,0,1,419/24/453,10,10,0,0,1,0
wingman_202f1-20261002-212232_noe_kill,early,,50.2,1,Scourge,0,0,1,463/391/55,10,10,0,0,1,0
wingman_202f1-20261002-212232_noe_kill,early,,50.2,2,Troubadour,1,0,1,395/0/444,10,10,0,0,1,0
wingman_202f1-20261002-212232_noe_kill,early,,50.2,3,Specter,1,0,1,0/395/486,10,10,0,0,1,0
wingman_202f1-20261002-212232_noe_kill,early,,50.2,4,Scourge,0,0,1,19/403/505,10,10,0,0,1,0
wingman_202f1-20261002-212232_noe_kill,early,,50.2,5,Troubadour,0,0,1,91/366/395,10,10,0,0,1,0
wingman_202f1-20261002-212232_noe_kill,early,,50.2,6,Scourge,0,0,1,420/74/518,10,10,0,0,1,0
wingman_202f1-20261002-212232_noe_kill,early,,50.2,7,Scourge,1,0,1,486/444/0,10,10,0,0,1,0
wingman_202f1-20261002-212232_noe_kill,early,,50.2,8,Scourge,0,0,1,462/107/548,10,10,0,0,1,0
wingman_202f1-20261002-212232_noe_kill,early,,50.2,9,Specter,0,0,1,522/488/45,10,10,0,0,1,0
wingman_202f1-20261002-212232_noe_kill,early,,95.2,0,Scourge,0,0,1,419/74/473,10,10,0,0,1,0
wingman_202f1-20261002-212232_noe_kill,early,,95.2,1,Scourge,0,0,1,468/432/81,10,10,0,0,1,0
wingman_202f1-20261002-212232_noe_kill,early,,95.2,2,Troubadour,0,0,1,98/368/422,10,10,0,0,1,0
wingman_202f1-20261002-212232_noe_kill,early,,95.2,3,Specter,1,0,1,434/0/408,10,10,0,0,1,0
wingman_202f1-20261002-212232_noe_kill,early,,95.2,4,Scourge,0,0,1,69/454/480,10,10,0,0,1,0
wingman_202f1-20261002-212232_noe_kill,early,,95.2,5,Troubadour,1,0,1,519/408/0,10,10,0,0,1,0
wingman_202f1-20261002-212232_noe_kill,early,,95.2,6,Scourge,0,0,1,470/58/463,10,10,0,0,1,0
wingman_202f1-20261002-212232_noe_kill,early,,95.2,7,Scourge,0,0,1,580/571/173,10,10,0,0,1,0
wingman_202f1-20261002-212232_noe_kill,early,,95.2,8,Scourge,1,0,1,0/434/519,10,10,0,0,1,0
wingman_202f1-20261002-212232_noe_kill,early,,95.2,9,Specter,0,0,1,507/437/46,10,10,0,0,1,0
wingman_202f1-20261002-212232_noe_kill,early,,141.9,0,Scourge,0,0,1,119/714/502,10,10,0,0,1,0
wingman_202f1-20261002-212232_noe_kill,early,,141.9,1,Scourge,0,0,1,476/453/145,10,10,0,0,1,0
wingman_202f1-20261002-212232_noe_kill,early,,141.9,2,Troubadour,0,0,0,297/548/450,10,10,0,0,1,0
wingman_202f1-20261002-212232_noe_kill,early,,141.9,3,Specter,1,0,1,595/479/0,10,10,0,0,1,0
wingman_202f1-20261002-212232_noe_kill,early,,141.9,4,Scourge,0,0,1,941/169/646,10,10,0,0,1,0
wingman_202f1-20261002-212232_noe_kill,early,,141.9,5,Troubadour,1,0,1,833/0/479,10,10,0,0,0,0
wingman_202f1-20261002-212232_noe_kill,early,,141.9,6,Scourge,0,0,1,135/701/509,10,10,0,0,0,0
wingman_202f1-20261002-212232_noe_kill,early,,141.9,7,Scourge,0,0,1,884/118/589,10,10,0,0,0,0
wingman_202f1-20261002-212232_noe_kill,early,,141.9,8,Scourge,0,0,1,559/534/62,10,10,0,0,0,0
wingman_202f1-20261002-212232_noe_kill,early,,141.9,9,Specter,1,0,1,0/833/595,10,10,0,0,0,0
wingman_202f1-20261002-212232_noe_kill,early,,196.7,0,Scourge,1,0,1,0/414/649,10,10,0,0,1,0
wingman_202f1-20261002-212232_noe_kill,early,,196.7,1,Scourge,0,0,1,545/500/131,10,10,0,0,1,0
wingman_202f1-20261002-212232_noe_kill,early,,196.7,2,Troubadour,0,0,1,424/36/600,10,10,0,0,1,0
wingman_202f1-20261002-212232_noe_kill,early,,196.7,3,Specter,0,0,1,581/539/92,10,10,0,0,1,0
wingman_202f1-20261002-212232_noe_kill,early,,196.7,4,Scourge,0,0,1,47/372/654,10,10,0,0,1,0
wingman_202f1-20261002-212232_noe_kill,early,,196.7,5,Troubadour,0,0,1,43/372/634,10,10,0,0,1,0
wingman_202f1-20261002-212232_noe_kill,early,,196.7,6,Scourge,1,0,1,414/0/631,10,10,0,0,0,0
wingman_202f1-20261002-212232_noe_kill,early,,196.7,7,Scourge,0,0,1,539/124/685,10,10,0,0,0,0
wingman_202f1-20261002-212232_noe_kill,early,,196.7,8,Scourge,0,0,1,574/159/695,10,10,0,0,0,0
wingman_202f1-20261002-212232_noe_kill,early,,196.7,9,Specter,1,0,1,649/631/0,10,10,0,0,0,0
wingman_202f1-20261002-212232_noe_kill,early,,257.3,0,Scourge,0,0,1,459/40/355,10,10,0,0,0,0
wingman_202f1-20261002-212232_noe_kill,early,,257.3,1,Scourge,1,0,1,0/449/466,10,10,0,0,0,0
wingman_202f1-20261002-212232_noe_kill,early,,257.3,2,Troubadour,1,0,1,466/388/0,10,10,0,0,1,0
wingman_202f1-20261002-212232_noe_kill,early,,257.3,3,Specter,0,0,1,518/525/140,10,10,0,0,0,0
wingman_202f1-20261002-212232_noe_kill,early,,257.3,4,Scourge,1,0,1,449/0/388,10,10,0,0,0,0
wingman_202f1-20261002-212232_noe_kill,early,,257.3,5,Troubadour,0,0,1,285/172/317,10,10,0,0,1,0
wingman_202f1-20261002-212232_noe_kill,early,,257.3,6,Scourge,0,0,1,50/402/452,10,10,0,0,0,0
wingman_202f1-20261002-212232_noe_kill,early,,257.3,7,Scourge,0,0,1,88/477/546,10,10,0,0,0,0
wingman_202f1-20261002-212232_noe_kill,early,,257.3,8,Scourge,0,0,1,449/100/293,10,10,0,0,0,0
wingman_202f1-20261002-212232_noe_kill,early,,257.3,9,Specter,0,0,1,473/308/92,10,10,0,0,0,0
wingman_202f1-20261002-212232_noe_kill,early,,311.9,0,Scourge,0,0,1,530/412/101,10,10,0,0,1,0
wingman_202f1-20261002-212232_noe_kill,early,,311.9,1,Scourge,0,0,1,448/521/34,10,10,0,0,1,0
wingman_202f1-20261002-212232_noe_kill,early,,311.9,2,Troubadour,0,0,1,47/665/487,10,10,0,0,1,0
wingman_202f1-20261002-212232_noe_kill,early,,311.9,3,Specter,1,0,1,685/0/495,10,10,0,0,1,0
wingman_202f1-20261002-212232_noe_kill,early,,311.9,4,Scourge,1,0,1,0/685/469,10,10,0,0,1,0
wingman_202f1-20261002-212232_noe_kill,early,,311.9,5,Troubadour,1,0,1,469/495/0,10,10,0,0,1,0
wingman_202f1-20261002-212232_noe_kill,early,,311.9,6,Scourge,0,0,1,616/487/149,10,10,0,0,0,0
wingman_202f1-20261002-212232_noe_kill,early,,311.9,7,Scourge,0,0,1,653/32/473,10,10,0,0,1,0
wingman_202f1-20261002-212232_noe_kill,early,,311.9,8,Scourge,0,0,1,719/34/518,10,10,0,0,1,0
wingman_202f1-20261002-212232_noe_kill,early,,311.9,9,Specter,0,0,1,95/698/411,10,10,0,0,0,0
wingman_202f1-20261002-212232_noe_kill,early,,358.7,0,Scourge,0,0,1,434/49/470,10,10,0,0,1,0
wingman_202f1-20261002-212232_noe_kill,early,,358.7,1,Scourge,0,0,1,487/102/621,10,10,0,0,1,0
wingman_202f1-20261002-212232_noe_kill,early,,358.7,2,Troubadour,1,0,1,559/519/0,10,10,0,0,1,0
wingman_202f1-20261002-212232_noe_kill,early,,358.7,3,Specter,1,0,1,441/0/519,10,10,0,0,1,0
wingman_202f1-20261002-212232_noe_kill,early,,358.7,4,Scourge,0,0,1,30/425/575,10,10,0,0,0,0
wingman_202f1-20261002-212232_noe_kill,early,,358.7,5,Troubadour,0,0,1,470/465/90,10,10,0,0,1,0
wingman_202f1-20261002-212232_noe_kill,early,,358.7,6,Scourge,0,0,1,39/470/550,10,10,0,0,0,0
wingman_202f1-20261002-212232_noe_kill,early,,358.7,7,Scourge,0,0,1,606/555/47,10,10,0,0,0,0
wingman_202f1-20261002-212232_noe_kill,early,,358.7,8,Scourge,1,0,1,0/441/559,10,10,0,0,0,0
wingman_202f1-20261002-212232_noe_kill,early,,358.7,9,Specter,0,0,1,530/100/510,10,10,0,0,1,0
wingman_202f1-20261002-212232_noe_kill,early,,411.5,0,Scourge,0,0,1,86/453/504,10,10,0,0,1,0
wingman_202f1-20261002-212232_noe_kill,early,,411.5,1,Scourge,0,0,1,563/515/149,10,10,0,0,1,0
wingman_202f1-20261002-212232_noe_kill,early,,411.5,2,Troubadour,1,0,1,475/0/512,10,10,0,0,0,0
wingman_202f1-20261002-212232_noe_kill,early,,411.5,3,Specter,0,0,1,587/610/149,10,10,0,0,1,0
wingman_202f1-20261002-212232_noe_kill,early,,411.5,4,Scourge,1,0,1,438/512/0,10,10,0,0,0,0
wingman_202f1-20261002-212232_noe_kill,early,,411.5,5,Troubadour,0,0,1,384/164/564,10,10,0,0,0,0
wingman_202f1-20261002-212232_noe_kill,early,,411.5,6,Scourge,0,0,1,457/55/541,10,10,0,0,0,0
wingman_202f1-20261002-212232_noe_kill,early,,411.5,7,Scourge,0,0,1,155/586/588,10,10,0,0,0,0
wingman_202f1-20261002-212232_noe_kill,early,,411.5,8,Scourge,1,0,1,0/475/438,9,9,0,0,0,0
wingman_202f1-20261002-212232_noe_kill,early,,411.5,9,Specter,0,0,1,515/476/117,10,10,0,0,0,0
wingman_202f1-20261002-212232_noe_kill,early,,461.3,0,Scourge,0,0,1,572/107/595,10,10,0,0,0,0
wingman_202f1-20261002-212232_noe_kill,early,,461.3,1,Scourge,0,0,1,76/476/521,10,10,0,0,0,0
wingman_202f1-20261002-212232_noe_kill,early,,461.3,2,Troubadour,1,0,1,491/489/0,10,10,0,0,0,0
wingman_202f1-20261002-212232_noe_kill,early,,461.3,3,Specter,0,0,1,526/421/98,10,10,0,0,0,0
wingman_202f1-20261002-212232_noe_kill,early,,461.3,4,Scourge,1,0,1,0/519/491,10,10,0,0,0,0
wingman_202f1-20261002-212232_noe_kill,early,,461.3,5,Troubadour,0,0,1,465/62/438,10,10,0,0,0,0
wingman_202f1-20261002-212232_noe_kill,early,,461.3,6,Scourge,1,0,1,519/0/489,10,10,0,0,0,0
wingman_202f1-20261002-212232_noe_kill,early,,461.3,7,Scourge,0,0,1,622/541/133,10,10,0,0,0,0
wingman_202f1-20261002-212232_noe_kill,early,,461.3,8,Scourge,0,0,1,691/643/205,9,9,0,0,0,0
wingman_202f1-20261002-212232_noe_kill,early,,461.3,9,Specter,0,0,1,53/474/493,10,10,0,0,0,0
wingman_202f1-20261002-212232_noe_kill,last,3,505.7,0,Scourge,0,0,1,453/119/390,10,10,0,0,1,0
wingman_202f1-20261002-212232_noe_kill,last,3,505.7,1,Scourge,0,0,1,33/413/799,10,10,0,0,1,0
wingman_202f1-20261002-212232_noe_kill,last,3,505.7,2,Troubadour,0,0,1,873/474/100,10,10,0,0,1,0
wingman_202f1-20261002-212232_noe_kill,last,3,505.7,3,Specter,0,0,1,64/435/818,10,10,0,0,1,0
wingman_202f1-20261002-212232_noe_kill,last,3,505.7,4,Scourge,1,0,1,789/392/0,10,10,0,0,1,0
wingman_202f1-20261002-212232_noe_kill,last,3,505.7,5,Troubadour,0,0,1,771/374/117,10,10,0,0,1,0
wingman_202f1-20261002-212232_noe_kill,last,3,505.7,6,Scourge,1,0,1,399/0/392,10,10,0,0,1,0
wingman_202f1-20261002-212232_noe_kill,last,3,505.7,7,Scourge,0,0,1,402/121/443,10,10,0,0,0,0
wingman_202f1-20261002-212232_noe_kill,last,3,505.7,8,Scourge,0,0,1,43/402/794,9,9,0,0,1,0
wingman_202f1-20261002-212232_noe_kill,last,3,505.7,9,Specter,1,0,1,0/399/789,10,10,0,0,1,0
wingman_202f1-20261002-212232_noe_kill,last,33,535.7,0,Scourge,0,0,1,474/621/97,10,10,0,0,0,0
wingman_202f1-20261002-212232_noe_kill,last,33,535.7,1,Scourge,0,0,1,644/48/565,10,10,0,0,0,0
wingman_202f1-20261002-212232_noe_kill,last,33,535.7,2,Troubadour,1,0,1,0/692/558,10,10,0,0,1,0
wingman_202f1-20261002-212232_noe_kill,last,33,535.7,3,Specter,0,0,1,94/697/637,10,10,0,0,0,0
wingman_202f1-20261002-212232_noe_kill,last,33,535.7,4,Scourge,1,0,1,558/596/0,10,10,0,0,0,0
wingman_202f1-20261002-212232_noe_kill,last,33,535.7,5,Troubadour,0,0,1,571/136/477,10,10,0,0,1,0
wingman_202f1-20261002-212232_noe_kill,last,33,535.7,6,Scourge,0,0,1,623/688/98,10,10,0,0,0,0
wingman_202f1-20261002-212232_noe_kill,last,33,535.7,7,Scourge,0,0,1,20/685/538,10,10,0,0,0,0
wingman_202f1-20261002-212232_noe_kill,last,33,535.7,8,Scourge,0,0,1,28/664/544,9,9,0,0,0,0
wingman_202f1-20261002-212232_noe_kill,last,33,535.7,9,Specter,1,0,1,692/0/596,10,10,0,0,0,0
wingman_202f1-20261002-212232_noe_kill,last,63,565.7,0,Scourge,0,0,1,75/603/353,10,10,0,0,0,0
wingman_202f1-20261002-212232_noe_kill,last,63,565.7,1,Scourge,0,0,1,417/288/82,10,10,0,0,0,0
wingman_202f1-20261002-212232_noe_kill,last,63,565.7,2,Troubadour,1,0,1,0/558/337,10,10,0,0,1,0
wingman_202f1-20261002-212232_noe_kill,last,63,565.7,3,Specter,0,0,1,31/532/322,10,10,0,0,0,0
wingman_202f1-20261002-212232_noe_kill,last,63,565.7,4,Scourge,0,0,1,553/27/315,10,10,0,0,1,0
wingman_202f1-20261002-212232_noe_kill,last,63,565.7,5,Troubadour,0,0,1,575/18/316,10,10,0,0,1,0
wingman_202f1-20261002-212232_noe_kill,last,63,565.7,6,Scourge,1,0,1,337/305/0,10,10,0,0,1,0
wingman_202f1-20261002-212232_noe_kill,last,63,565.7,7,Scourge,0,0,1,432/349/119,10,10,0,0,1,0
wingman_202f1-20261002-212232_noe_kill,last,63,565.7,8,Scourge,0,0,1,92/634/428,9,9,0,0,0,0
wingman_202f1-20261002-212232_noe_kill,last,63,565.7,9,Specter,1,0,1,558/0/305,10,10,0,0,1,0
wingman_22ade-20261004-165755_noe_kill,early,,3.1,0,Scourge,0,0,0,310,10,10,0,0,1,0
wingman_22ade-20261004-165755_noe_kill,early,,3.1,1,Troubadour,0,0,1,145,10,10,0,0,1,0
wingman_22ade-20261004-165755_noe_kill,early,,3.1,2,Scourge,0,0,1,215,10,10,0,0,1,0
wingman_22ade-20261004-165755_noe_kill,early,,3.1,3,Specter,1,0,1,0,10,10,0,0,1,0
wingman_22ade-20261004-165755_noe_kill,early,,3.1,4,Scourge,0,0,0,372,10,10,0,0,0,0
wingman_22ade-20261004-165755_noe_kill,early,,3.1,5,Evoker,0,0,1,116,10,10,0,0,0,0
wingman_22ade-20261004-165755_noe_kill,early,,3.1,6,Scourge,0,0,0,272,10,10,0,0,0,0
wingman_22ade-20261004-165755_noe_kill,early,,3.1,7,Troubadour,0,0,1,117,10,10,0,0,1,0
wingman_22ade-20261004-165755_noe_kill,early,,3.1,8,Scourge,0,0,0,424,10,10,0,0,0,0
wingman_22ade-20261004-165755_noe_kill,early,,3.1,9,Scourge,0,0,1,174,10,10,0,0,0,0
wingman_22ade-20261004-165755_noe_kill,early,,50.2,0,Scourge,0,0,1,407/34/520,10,10,0,0,0,0
wingman_22ade-20261004-165755_noe_kill,early,,50.2,1,Troubadour,1,0,1,406/0/542,10,10,0,0,1,0
wingman_22ade-20261004-165755_noe_kill,early,,50.2,2,Scourge,1,0,1,356/542/0,10,10,0,0,1,0
wingman_22ade-20261004-165755_noe_kill,early,,50.2,3,Specter,1,0,1,0/406/356,10,10,0,0,1,0
wingman_22ade-20261004-165755_noe_kill,early,,50.2,4,Scourge,0,0,1,421/112/475,10,10,0,0,0,0
wingman_22ade-20261004-165755_noe_kill,early,,50.2,5,Evoker,0,0,1,32/414/325,10,10,0,0,1,0
wingman_22ade-20261004-165755_noe_kill,early,,50.2,6,Scourge,0,0,1,87/336/317,10,10,0,0,1,0
wingman_22ade-20261004-165755_noe_kill,early,,50.2,7,Troubadour,0,0,1,428/593/72,10,10,0,0,1,0
wingman_22ade-20261004-165755_noe_kill,early,,50.2,8,Scourge,0,0,1,373/570/28,10,10,0,0,1,0
wingman_22ade-20261004-165755_noe_kill,early,,50.2,9,Scourge,0,0,1,384/545/34,10,10,0,0,1,0
wingman_22ade-20261004-165755_noe_kill,early,,95.5,0,Scourge,0,0,1,470/662/32,10,10,0,0,0,0
wingman_22ade-20261004-165755_noe_kill,early,,95.5,1,Troubadour,1,0,1,502/690/0,10,10,0,0,1,0
wingman_22ade-20261004-165755_noe_kill,early,,95.5,2,Scourge,0,0,1,56/404/447,10,10,0,0,0,0
wingman_22ade-20261004-165755_noe_kill,early,,95.5,3,Specter,0,0,1,417/76/749,10,10,0,0,0,0
wingman_22ade-20261004-165755_noe_kill,early,,95.5,4,Scourge,0,0,1,466/640/50,10,10,0,0,0,0
wingman_22ade-20261004-165755_noe_kill,early,,95.5,5,Evoker,0,0,1,43/395/464,10,10,0,0,0,0
wingman_22ade-20261004-165755_noe_kill,early,,95.5,6,Scourge,0,0,1,151/353/396,10,10,0,0,0,0
wingman_22ade-20261004-165755_noe_kill,early,,95.5,7,Troubadour,1,0,1,405/0/690,10,10,0,0,1,0
wingman_22ade-20261004-165755_noe_kill,early,,95.5,8,Scourge,1,0,1,0/405/502,10,10,0,0,0,0
wingman_22ade-20261004-165755_noe_kill,early,,95.5,9,Scourge,0,0,1,446/47/734,10,10,0,0,0,0
wingman_22ade-20261004-165755_noe_kill,early,,144.3,0,Scourge,0,0,1,423/862/108,10,10,0,0,0,0
wingman_22ade-20261004-165755_noe_kill,early,,144.3,1,Troubadour,1,0,1,359/954/0,10,10,0,0,0,0
wingman_22ade-20261004-165755_noe_kill,early,,144.3,2,Scourge,1,0,1,0/1012/359,10,10,0,0,1,0
wingman_22ade-20261004-165755_noe_kill,early,,144.3,3,Specter,0,0,1,135/1109/486,10,10,0,0,0,0
wingman_22ade-20261004-165755_noe_kill,early,,144.3,4,Scourge,0,0,1,405/906/65,10,10,0,0,0,0
wingman_22ade-20261004-165755_noe_kill,early,,144.3,5,Evoker,0,0,1,68/1072/413,10,10,0,0,0,0
wingman_22ade-20261004-165755_noe_kill,early,,144.3,6,Scourge,0,0,1,28/1040/370,10,10,0,0,0,0
wingman_22ade-20261004-165755_noe_kill,early,,144.3,7,Troubadour,1,0,1,1012/0/954,10,10,0,0,1,0
wingman_22ade-20261004-165755_noe_kill,early,,144.3,8,Scourge,0,0,1,1040/59/998,10,10,0,0,0,0
wingman_22ade-20261004-165755_noe_kill,early,,144.3,9,Scourge,0,0,1,915/108/881,10,10,0,0,0,0
wingman_22ade-20261004-165755_noe_kill,early,,198.8,0,Scourge,0,0,1,771/47/709,10,10,0,0,0,0
wingman_22ade-20261004-165755_noe_kill,early,,198.8,1,Troubadour,1,0,1,772/0/668,10,10,0,0,0,0
wingman_22ade-20261004-165755_noe_kill,early,,198.8,2,Scourge,1,0,1,0/772/752,10,10,0,0,0,0
wingman_22ade-20261004-165755_noe_kill,early,,198.8,3,Specter,0,0,1,104/692/758,10,10,0,0,0,0
wingman_22ade-20261004-165755_noe_kill,early,,198.8,4,Scourge,0,0,1,754/27/678,10,10,0,0,0,0
wingman_22ade-20261004-165755_noe_kill,early,,198.8,5,Evoker,0,0,1,62/718/696,10,10,0,0,0,0
wingman_22ade-20261004-165755_noe_kill,early,,198.8,6,Scourge,1,0,1,752/668/0,10,10,0,0,0,0
wingman_22ade-20261004-165755_noe_kill,early,,198.8,7,Troubadour,0,0,1,651/575/120,10,10,0,0,1,0
wingman_22ade-20261004-165755_noe_kill,early,,198.8,8,Scourge,0,0,1,727/673/30,10,10,0,0,0,0
wingman_22ade-20261004-165755_noe_kill,early,,198.8,9,Scourge,0,0,1,76/705/684,10,10,0,0,0,0
wingman_22ade-20261004-165755_noe_kill,early,,244.3,0,Scourge,0,0,1,557/25/342,10,10,0,0,0,0
wingman_22ade-20261004-165755_noe_kill,early,,244.3,1,Troubadour,1,0,1,583/0/364,10,10,0,0,1,0
wingman_22ade-20261004-165755_noe_kill,early,,244.3,2,Scourge,0,0,1,475/375/107,10,10,0,0,0,0
wingman_22ade-20261004-165755_noe_kill,early,,244.3,3,Specter,0,0,1,604/22/385,10,10,0,0,0,0
wingman_22ade-20261004-165755_noe_kill,early,,244.3,4,Scourge,0,0,1,529/61/343,10,10,0,0,0,0
wingman_22ade-20261004-165755_noe_kill,early,,244.3,5,Evoker,0,0,1,484/429/133,10,10,0,0,0,0
wingman_22ade-20261004-165755_noe_kill,early,,244.3,6,Scourge,1,0,1,370/364/0,10,10,0,0,1,0
wingman_22ade-20261004-165755_noe_kill,early,,244.3,7,Troubadour,1,0,1,0/583/370,10,10,0,0,1,0
wingman_22ade-20261004-165755_noe_kill,early,,244.3,8,Scourge,0,0,1,108/562/420,10,10,0,0,1,0
wingman_22ade-20261004-165755_noe_kill,early,,244.3,9,Scourge,0,0,1,11/576/359,10,10,0,0,1,0
wingman_22ade-20261004-165755_noe_kill,early,,290.2,0,Scourge,0,0,1,440/572/29,10,10,0,0,0,0
wingman_22ade-20261004-165755_noe_kill,early,,290.2,1,Troubadour,1,0,1,420/542/0,10,10,0,0,1,0
wingman_22ade-20261004-165755_noe_kill,early,,290.2,2,Scourge,0,0,1,45/392/457,10,10,0,0,1,0
wingman_22ade-20261004-165755_noe_kill,early,,290.2,3,Specter,0,0,1,460/59/600,10,10,0,0,1,0
wingman_22ade-20261004-165755_noe_kill,early,,290.2,4,Scourge,0,0,1,400/481/65,10,10,0,0,0,0
wingman_22ade-20261004-165755_noe_kill,early,,290.2,5,Evoker,0,0,1,96/494/489,10,10,0,0,0,0
wingman_22ade-20261004-165755_noe_kill,early,,290.2,6,Scourge,0,0,1,393/100/602,10,10,0,0,1,0
wingman_22ade-20261004-165755_noe_kill,early,,290.2,7,Troubadour,1,0,1,411/0/542,10,10,0,0,1,0
wingman_22ade-20261004-165755_noe_kill,early,,290.2,8,Scourge,1,0,1,0/411/420,10,10,0,0,0,0
wingman_22ade-20261004-165755_noe_kill,early,,290.2,9,Scourge,0,0,1,417/113/627,10,10,0,0,1,0
wingman_22ade-20261004-165755_noe_kill,early,,340.1,0,Scourge,0,0,1,442/87/352,10,10,0,0,0,0
wingman_22ade-20261004-165755_noe_kill,early,,340.1,1,Troubadour,1,0,1,454/0/437,10,10,0,0,0,0
wingman_22ade-20261004-165755_noe_kill,early,,340.1,2,Scourge,1,0,1,487/437/0,10,10,0,0,0,0
wingman_22ade-20261004-165755_noe_kill,early,,340.1,3,Specter,0,0,1,162/515/396,10,10,0,0,0,0
wingman_22ade-20261004-165755_noe_kill,early,,340.1,4,Scourge,0,0,1,397/88/355,10,10,0,0,0,0
wingman_22ade-20261004-165755_noe_kill,early,,340.1,5,Evoker,0,0,1,561/495/76,10,10,0,0,0,0
wingman_22ade-20261004-165755_noe_kill,early,,340.1,6,Scourge,0,0,1,400/483/134,9,9,0,0,0,0
wingman_22ade-20261004-165755_noe_kill,early,,340.1,7,Troubadour,0,0,1,90/496/445,10,10,0,0,1,0
wingman_22ade-20261004-165755_noe_kill,early,,340.1,8,Scourge,0,0,1,415/63/377,10,10,0,0,0,0
wingman_22ade-20261004-165755_noe_kill,early,,340.1,9,Scourge,1,0,1,0/454/487,10,10,0,0,0,0
wingman_22ade-20261004-165755_noe_kill,early,,393.8,0,Scourge,0,0,1,429/45/592,10,10,0,0,0,0
wingman_22ade-20261004-165755_noe_kill,early,,393.8,1,Troubadour,1,0,1,432/0/558,10,10,0,0,1,0
wingman_22ade-20261004-165755_noe_kill,early,,393.8,2,Scourge,0,0,1,88/347/434,10,10,0,0,1,0
wingman_22ade-20261004-165755_noe_kill,early,,393.8,3,Specter,0,0,1,36/398/472,10,10,0,0,1,0
wingman_22ade-20261004-165755_noe_kill,early,,393.8,4,Scourge,0,0,1,519/107/662,10,10,0,0,0,0
wingman_22ade-20261004-165755_noe_kill,early,,393.8,5,Evoker,0,0,1,28/459/470,10,10,0,0,1,0
wingman_22ade-20261004-165755_noe_kill,early,,393.8,6,Scourge,1,0,1,466/558/0,9,9,0,0,0,0
wingman_22ade-20261004-165755_noe_kill,early,,393.8,7,Troubadour,0,0,1,462/555/4,10,10,0,0,1,0
wingman_22ade-20261004-165755_noe_kill,early,,393.8,8,Scourge,1,0,1,0/432/466,10,10,0,0,1,0
wingman_22ade-20261004-165755_noe_kill,early,,393.8,9,Scourge,0,0,1,428/454/108,10,10,0,0,0,0
wingman_22ade-20261004-165755_noe_kill,last,3,458.5,0,Scourge,0,0,1,417/37/554,10,10,0,0,1,0
wingman_22ade-20261004-165755_noe_kill,last,3,458.5,1,Troubadour,1,0,1,404/0/519,10,10,0,0,1,0
wingman_22ade-20261004-165755_noe_kill,last,3,458.5,2,Scourge,0,0,1,113/306/358,10,10,0,0,0,0
wingman_22ade-20261004-165755_noe_kill,last,3,458.5,3,Specter,1,0,1,413/519/0,10,10,0,0,1,0
wingman_22ade-20261004-165755_noe_kill,last,3,458.5,4,Scourge,0,0,1,424/59/574,10,10,0,0,1,0
wingman_22ade-20261004-165755_noe_kill,last,3,458.5,5,Evoker,0,0,1,89/403/498,10,10,0,0,0,0
wingman_22ade-20261004-165755_noe_kill,last,3,458.5,6,Scourge,0,0,1,31/399/443,9,9,0,0,0,0
wingman_22ade-20261004-165755_noe_kill,last,3,458.5,7,Troubadour,0,0,1,444/527/35,10,10,0,0,1,0
wingman_22ade-20261004-165755_noe_kill,last,3,458.5,8,Scourge,1,0,1,0/404/413,10,10,0,0,0,0
wingman_22ade-20261004-165755_noe_kill,last,3,458.5,9,Scourge,0,0,1,454/534/43,10,10,0,0,1,0
wingman_22ade-20261004-165755_noe_kill,last,33,488.6,0,Scourge,1,0,1,624/0/426,10,10,0,0,1,0
wingman_22ade-20261004-165755_noe_kill,last,33,488.6,1,Troubadour,0,0,1,604/25/401,10,10,0,0,1,0
wingman_22ade-20261004-165755_noe_kill,last,33,488.6,2,Scourge,0,0,1,426/410/20,10,10,0,0,1,0
wingman_22ade-20261004-165755_noe_kill,last,33,488.6,3,Specter,1,0,1,412/426/0,10,10,0,0,1,0
wingman_22ade-20261004-165755_noe_kill,last,33,488.6,4,Scourge,0,0,1,28/630/398,10,10,0,0,1,0
wingman_22ade-20261004-165755_noe_kill,last,33,488.6,5,Evoker,0,0,1,472/422/60,10,10,0,0,1,0
wingman_22ade-20261004-165755_noe_kill,last,33,488.6,6,Scourge,0,0,1,76/550/347,9,9,0,0,1,0
wingman_22ade-20261004-165755_noe_kill,last,33,488.6,7,Troubadour,0,0,1,643/20/436,10,10,0,0,1,0
wingman_22ade-20261004-165755_noe_kill,last,33,488.6,8,Scourge,1,0,1,0/624/412,10,10,0,0,0,0
wingman_22ade-20261004-165755_noe_kill,last,33,488.6,9,Scourge,0,0,1,647/33/428,10,10,0,0,0,0
wingman_23819-20261004-223108_noe_kill,early,,2.7,0,Scourge,0,0,1,101,10,10,0,0,1,0
wingman_23819-20261004-223108_noe_kill,early,,2.7,1,Troubadour,0,0,1,132,10,10,0,0,1,0
wingman_23819-20261004-223108_noe_kill,early,,2.7,2,Virtuoso,0,0,0,334,10,10,0,0,1,0
wingman_23819-20261004-223108_noe_kill,early,,2.7,3,Specter,1,0,1,0,10,10,0,0,1,0
wingman_23819-20261004-223108_noe_kill,early,,2.7,4,Scourge,0,0,0,286,10,10,0,0,1,0
wingman_23819-20261004-223108_noe_kill,early,,2.7,5,Evoker,0,0,1,131,10,10,0,0,0,0
wingman_23819-20261004-223108_noe_kill,early,,2.7,6,Harbinger,0,0,1,122,10,10,0,0,1,0
wingman_23819-20261004-223108_noe_kill,early,,2.7,7,Scourge,0,0,1,151,10,10,0,0,0,0
wingman_23819-20261004-223108_noe_kill,early,,2.7,8,Troubadour,0,0,1,162,10,10,0,0,0,0
wingman_23819-20261004-223108_noe_kill,early,,2.7,9,Scourge,0,0,1,167,10,10,0,0,0,0
wingman_23819-20261004-223108_noe_kill,early,,50.0,0,Scourge,0,0,1,398/113/476,10,10,0,0,0,0
wingman_23819-20261004-223108_noe_kill,early,,50.0,1,Troubadour,1,0,1,436/0/580,10,10,0,0,1,0
wingman_23819-20261004-223108_noe_kill,early,,50.0,2,Virtuoso,0,0,1,404/39/572,10,10,0,0,0,0
wingman_23819-20261004-223108_noe_kill,early,,50.0,3,Specter,1,0,1,0/436/390,10,10,0,0,1,0
wingman_23819-20261004-223108_noe_kill,early,,50.0,4,Scourge,0,0,1,394/594/16,10,10,0,0,0,0
wingman_23819-20261004-223108_noe_kill,early,,50.0,5,Evoker,0,0,1,62/380/368,10,10,0,0,1,0
wingman_23819-20261004-223108_noe_kill,early,,50.0,6,Harbinger,0,0,1,102/379/316,10,10,0,0,1,0
wingman_23819-20261004-223108_noe_kill,early,,50.0,7,Scourge,0,0,1,56/420/443,10,10,0,0,1,0
wingman_23819-20261004-223108_noe_kill,early,,50.0,8,Troubadour,1,0,1,390/580/0,10,10,0,0,1,0
wingman_23819-20261004-223108_noe_kill,early,,50.0,9,Scourge,0,0,1,412/604/25,10,10,0,0,0,0
wingman_23819-20261004-223108_noe_kill,early,,95.0,0,Scourge,0,0,1,377/641/26,10,10,0,0,0,0
wingman_23819-20261004-223108_noe_kill,early,,95.0,1,Troubadour,1,0,1,402/664/0,10,10,0,0,1,0
wingman_23819-20261004-223108_noe_kill,early,,95.0,2,Virtuoso,0,0,1,323/611/80,10,10,0,0,0,0
wingman_23819-20261004-223108_noe_kill,early,,95.0,3,Specter,0,0,1,430/35/632,10,10,0,0,0,0
wingman_23819-20261004-223108_noe_kill,early,,95.0,4,Scourge,1,0,1,0/447/402,10,10,0,0,0,0
wingman_23819-20261004-223108_noe_kill,early,,95.0,5,Evoker,0,0,1,122/325/452,10,10,0,0,1,0
wingman_23819-20261004-223108_noe_kill,early,,95.0,6,Harbinger,0,0,1,184/341/344,10,10,0,0,1,0
wingman_23819-20261004-223108_noe_kill,early,,95.0,7,Scourge,0,0,1,49/425/449,10,10,0,0,1,0
wingman_23819-20261004-223108_noe_kill,early,,95.0,8,Troubadour,1,0,1,447/0/664,10,10,0,0,1,0
wingman_23819-20261004-223108_noe_kill,early,,95.0,9,Scourge,0,0,1,458/91/723,10,10,0,0,1,0
wingman_23819-20261004-223108_noe_kill,early,,140.1,0,Scourge,0,0,1,372/848/82,10,10,0,0,1,0
wingman_23819-20261004-223108_noe_kill,early,,140.1,1,Troubadour,0,0,1,415/852/39,10,10,0,0,1,0
wingman_23819-20261004-223108_noe_kill,early,,140.1,2,Virtuoso,0,0,1,422/743/121,10,10,0,0,0,0
wingman_23819-20261004-223108_noe_kill,early,,140.1,3,Specter,0,0,1,845/42/863,10,10,0,0,1,0
wingman_23819-20261004-223108_noe_kill,early,,140.1,4,Scourge,1,0,1,454/863/0,10,10,0,0,0,0
wingman_23819-20261004-223108_noe_kill,early,,140.1,5,Evoker,1,0,1,0/867/454,10,10,0,0,0,0
wingman_23819-20261004-223108_noe_kill,early,,140.1,6,Harbinger,0,0,1,98/932/407,10,10,0,0,0,0
wingman_23819-20261004-223108_noe_kill,early,,140.1,7,Scourge,0,0,1,21/882/471,10,10,0,0,1,0
wingman_23819-20261004-223108_noe_kill,early,,140.1,8,Troubadour,1,0,1,867/0/863,10,10,0,0,1,0
wingman_23819-20261004-223108_noe_kill,early,,140.1,9,Scourge,0,0,1,855/75/815,10,10,0,0,1,0
wingman_23819-20261004-223108_noe_kill,early,,194.8,0,Scourge,0,0,1,377/386/120,10,10,0,0,1,0
wingman_23819-20261004-223108_noe_kill,early,,194.8,1,Troubadour,1,0,1,350/506/0,10,10,0,0,1,0
wingman_23819-20261004-223108_noe_kill,early,,194.8,2,Virtuoso,0,0,1,292/456/93,10,10,0,0,1,0
wingman_23819-20261004-223108_noe_kill,early,,194.8,3,Specter,0,0,1,132/768/382,10,10,0,0,0,0
wingman_23819-20261004-223108_noe_kill,early,,194.8,4,Scourge,0,0,0,792/328/498,10,10,0,0,0,0
wingman_23819-20261004-223108_noe_kill,early,,194.8,5,Evoker,1,0,1,0/658/350,10,10,0,0,0,0
wingman_23819-20261004-223108_noe_kill,early,,194.8,6,Harbinger,0,0,1,584/77/432,10,10,0,0,0,0
wingman_23819-20261004-223108_noe_kill,early,,194.8,7,Scourge,0,0,1,9/658/344,10,10,0,0,1,0
wingman_23819-20261004-223108_noe_kill,early,,194.8,8,Troubadour,1,0,1,658/0/506,10,10,0,0,0,0
wingman_23819-20261004-223108_noe_kill,early,,194.8,9,Scourge,0,0,1,663/38/530,10,10,0,0,0,0
wingman_23819-20261004-223108_noe_kill,early,,239.4,0,Scourge,0,0,1,18/427/605,10,10,0,0,0,0
wingman_23819-20261004-223108_noe_kill,early,,239.4,1,Troubadour,1,0,1,0/443/623,10,10,0,0,1,0
wingman_23819-20261004-223108_noe_kill,early,,239.4,2,Virtuoso,0,1,1,45/436/592,10,10,0,0,0,0
wingman_23819-20261004-223108_noe_kill,early,,239.4,3,Specter,0,0,1,359/91/352,10,10,0,0,0,0
wingman_23819-20261004-223108_noe_kill,early,,239.4,4,Scourge,0,0,1,617/413/89,10,10,0,0,1,0
wingman_23819-20261004-223108_noe_kill,early,,239.4,5,Evoker,0,0,1,104/386/525,10,10,0,0,0,0
wingman_23819-20261004-223108_noe_kill,early,,239.4,6,Harbinger,1,0,1,443/0/355,10,10,0,0,1,0
wingman_23819-20261004-223108_noe_kill,early,,239.4,7,Scourge,0,0,1,375/77/345,10,10,0,0,1,0
wingman_23819-20261004-223108_noe_kill,early,,239.4,8,Troubadour,1,0,1,623/355/0,10,10,0,0,1,0
wingman_23819-20261004-223108_noe_kill,early,,239.4,9,Scourge,0,0,1,635/359/13,10,10,0,0,1,0
wingman_23819-20261004-223108_noe_kill,early,,284.2,0,Scourge,0,0,1,426/628/75,10,10,0,0,0,0
wingman_23819-20261004-223108_noe_kill,early,,284.2,1,Troubadour,1,0,1,481/703/0,10,10,0,0,1,0
wingman_23819-20261004-223108_noe_kill,early,,284.2,2,Virtuoso,0,0,1,436/665/46,10,10,0,0,0,0
wingman_23819-20261004-223108_noe_kill,early,,284.2,3,Specter,0,0,1,34/472/449,10,10,0,0,0,0
wingman_23819-20261004-223108_noe_kill,early,,284.2,4,Scourge,0,0,1,377/82/669,10,10,0,0,0,0
wingman_23819-20261004-223108_noe_kill,early,,284.2,5,Evoker,0,0,1,76/378/491,10,10,0,0,0,0
wingman_23819-20261004-223108_noe_kill,early,,284.2,6,Harbinger,0,0,1,334/622/153,10,10,0,0,1,0
wingman_23819-20261004-223108_noe_kill,early,,284.2,7,Scourge,1,0,1,0/454/481,10,10,0,0,0,0
wingman_23819-20261004-223108_noe_kill,early,,284.2,8,Troubadour,1,0,1,454/0/703,10,10,0,0,1,0
wingman_23819-20261004-223108_noe_kill,early,,284.2,9,Scourge,0,0,1,492/38/735,10,10,0,0,0,0
wingman_23819-20261004-223108_noe_kill,early,,331.1,0,Scourge,0,0,1,371/663/18,10,10,0,0,0,0
wingman_23819-20261004-223108_noe_kill,early,,331.1,1,Troubadour,1,0,1,381/679/0,10,10,0,0,1,0
wingman_23819-20261004-223108_noe_kill,early,,331.1,2,Virtuoso,0,0,1,424/611/166,10,10,0,0,0,0
wingman_23819-20261004-223108_noe_kill,early,,331.1,3,Specter,0,0,1,96/451/461,10,10,0,0,1,0
wingman_23819-20261004-223108_noe_kill,early,,331.1,4,Scourge,0,0,1,511/106/726,10,10,0,0,1,0
wingman_23819-20261004-223108_noe_kill,early,,331.1,5,Evoker,0,0,1,124/492/466,10,10,0,0,1,0
wingman_23819-20261004-223108_noe_kill,early,,331.1,6,Harbinger,0,0,1,25/443/359,10,10,0,0,1,0
wingman_23819-20261004-223108_noe_kill,early,,331.1,7,Scourge,1,0,1,0/422/381,10,10,0,0,1,0
wingman_23819-20261004-223108_noe_kill,early,,331.1,8,Troubadour,1,0,1,422/0/679,10,10,0,0,1,0
wingman_23819-20261004-223108_noe_kill,early,,331.1,9,Scourge,0,0,1,316/154/528,10,10,0,0,1,0
wingman_23819-20261004-223108_noe_kill,early,,380.2,0,Scourge,1,0,1,0/580/408,10,10,0,0,0,0
wingman_23819-20261004-223108_noe_kill,early,,380.2,1,Troubadour,1,0,1,408/537/0,10,10,0,0,0,0
wingman_23819-20261004-223108_noe_kill,early,,380.2,2,Virtuoso,0,0,1,602/116/476,10,10,0,0,0,0
wingman_23819-20261004-223108_noe_kill,early,,380.2,3,Specter,0,0,1,31/589/439,10,10,0,0,1,0
wingman_23819-20261004-223108_noe_kill,early,,380.2,4,Scourge,1,0,1,580/0/537,10,10,0,0,0,0
wingman_23819-20261004-223108_noe_kill,early,,380.2,5,Evoker,0,0,1,110/687/486,10,10,0,0,1,0
wingman_23819-20261004-223108_noe_kill,early,,380.2,6,Harbinger,0,0,1,365/502/51,10,10,0,0,1,0
wingman_23819-20261004-223108_noe_kill,early,,380.2,7,Scourge,0,0,1,44/613/450,10,10,0,0,1,0
wingman_23819-20261004-223108_noe_kill,early,,380.2,8,Troubadour,0,0,1,612/32/560,10,10,0,0,1,0
wingman_23819-20261004-223108_noe_kill,early,,380.2,9,Scourge,0,0,1,432/583/47,10,10,0,0,1,0
wingman_23819-20261004-223108_noe_kill,last,3,444.2,0,Scourge,0,0,1,389/613/27,10,10,0,0,0,0
wingman_23819-20261004-223108_noe_kill,last,3,444.2,1,Troubadour,1,0,1,415/634/0,10,10,0,0,1,0
wingman_23819-20261004-223108_noe_kill,last,3,444.2,2,Virtuoso,0,0,1,416/619/18,10,10,0,0,1,0
wingman_23819-20261004-223108_noe_kill,last,3,444.2,3,Specter,0,0,1,50/520/440,10,10,0,0,1,0
wingman_23819-20261004-223108_noe_kill,last,3,444.2,4,Scourge,0,0,1,490/86/618,10,10,0,0,0,0
wingman_23819-20261004-223108_noe_kill,last,3,444.2,5,Evoker,0,0,1,54/503/410,10,10,0,0,1,0
wingman_23819-20261004-223108_noe_kill,last,3,444.2,6,Harbinger,0,0,1,124/447/361,10,10,0,0,1,0
wingman_23819-20261004-223108_noe_kill,last,3,444.2,7,Scourge,1,0,1,0/558/415,10,10,0,0,1,0
wingman_23819-20261004-223108_noe_kill,last,3,444.2,8,Troubadour,1,0,1,558/0/634,10,10,0,0,1,0
wingman_23819-20261004-223108_noe_kill,last,3,444.2,9,Scourge,0,0,1,565/50/607,10,10,0,0,1,0
wingman_23819-20261004-223108_noe_kill,last,33,474.2,0,Scourge,1,0,1,0/532/375,10,10,0,0,1,0
wingman_23819-20261004-223108_noe_kill,last,33,474.2,1,Troubadour,0,0,1,466/776/96,10,7,3,1,1,1
wingman_23819-20261004-223108_noe_kill,last,33,474.2,2,Virtuoso,1,0,1,375/690/0,10,7,3,0,1,1
wingman_23819-20261004-223108_noe_kill,last,33,474.2,3,Specter,1,0,1,532/0/690,10,10,0,0,1,0
wingman_23819-20261004-223108_noe_kill,last,33,474.2,4,Scourge,0,0,1,131/530/252,10,7,3,1,0,1
wingman_23819-20261004-223108_noe_kill,last,33,474.2,5,Evoker,0,0,1,95/559/466,10,10,0,0,1,0
wingman_23819-20261004-223108_noe_kill,last,33,474.2,6,Harbinger,0,0,1,522/45/658,10,10,0,0,1,0
wingman_23819-20261004-223108_noe_kill,last,33,474.2,7,Scourge,0,0,1,125/410/430,10,10,0,0,1,0
wingman_23819-20261004-223108_noe_kill,last,33,474.2,8,Troubadour,0,0,1,527/63/719,10,10,0,0,0,0
wingman_23819-20261004-223108_noe_kill,last,33,474.2,9,Scourge,0,0,0,408/261/444,10,10,0,0,0,0
wingman_23f47-Account-013D_20261002-004636_noe_kill,early,,3.0,0,Scourge,0,0,1,138,10,10,0,0,1,0
wingman_23f47-Account-013D_20261002-004636_noe_kill,early,,3.0,1,Evoker,0,0,1,131,10,10,0,0,1,0
wingman_23f47-Account-013D_20261002-004636_noe_kill,early,,3.0,2,Harbinger,0,0,1,160,10,10,0,0,1,0
wingman_23f47-Account-013D_20261002-004636_noe_kill,early,,3.0,3,Troubadour,0,0,1,122,10,10,0,0,1,0
wingman_23f47-Account-013D_20261002-004636_noe_kill,early,,3.0,4,Scourge,1,0,1,0,10,10,0,0,1,0
wingman_23f47-Account-013D_20261002-004636_noe_kill,early,,3.0,5,Scourge,0,0,1,105,10,10,0,0,1,0
wingman_23f47-Account-013D_20261002-004636_noe_kill,early,,3.0,6,Scourge,0,0,0,350,10,10,0,0,1,0
wingman_23f47-Account-013D_20261002-004636_noe_kill,early,,3.0,7,Specter,0,0,1,52,10,10,0,0,1,0
wingman_23f47-Account-013D_20261002-004636_noe_kill,early,,3.0,8,Scourge,0,0,1,236,10,10,0,0,1,0
wingman_23f47-Account-013D_20261002-004636_noe_kill,early,,3.0,9,Troubadour,0,0,0,264,10,10,0,0,1,0
wingman_23f47-Account-013D_20261002-004636_noe_kill,early,,51.0,0,Scourge,0,0,1,12/424/358,10,10,0,0,0,0
wingman_23f47-Account-013D_20261002-004636_noe_kill,early,,51.0,1,Evoker,0,0,1,385/480/30,10,10,0,0,0,0
wingman_23f47-Account-013D_20261002-004636_noe_kill,early,,51.0,2,Harbinger,0,0,1,62/373/350,10,10,0,0,1,0
wingman_23f47-Account-013D_20261002-004636_noe_kill,early,,51.0,3,Troubadour,0,0,1,408/448/46,10,10,0,0,1,0
wingman_23f47-Account-013D_20261002-004636_noe_kill,early,,51.0,4,Scourge,1,0,1,0/434/368,10,10,0,0,0,0
wingman_23f47-Account-013D_20261002-004636_noe_kill,early,,51.0,5,Scourge,1,0,1,434/0/451,10,10,0,0,0,0
wingman_23f47-Account-013D_20261002-004636_noe_kill,early,,51.0,6,Scourge,0,0,1,397/479/33,10,10,0,0,0,0
wingman_23f47-Account-013D_20261002-004636_noe_kill,early,,51.0,7,Specter,0,0,1,351/111/344,10,10,0,0,0,0
wingman_23f47-Account-013D_20261002-004636_noe_kill,early,,51.0,8,Scourge,1,0,1,368/451/0,10,10,0,0,0,0
wingman_23f47-Account-013D_20261002-004636_noe_kill,early,,51.0,9,Troubadour,0,0,1,422/120/348,10,10,0,0,0,0
wingman_23f47-Account-013D_20261002-004636_noe_kill,early,,95.6,0,Scourge,1,0,1,0/360/416,10,10,0,0,1,0
wingman_23f47-Account-013D_20261002-004636_noe_kill,early,,95.6,1,Evoker,0,0,1,368/579/56,10,10,0,0,1,0
wingman_23f47-Account-013D_20261002-004636_noe_kill,early,,95.6,2,Harbinger,0,0,1,5/364/419,10,10,0,0,1,0
wingman_23f47-Account-013D_20261002-004636_noe_kill,early,,95.6,3,Troubadour,0,0,1,378/498/117,10,10,0,0,1,0
wingman_23f47-Account-013D_20261002-004636_noe_kill,early,,95.6,4,Scourge,0,0,1,6/357/422,10,10,0,0,1,0
wingman_23f47-Account-013D_20261002-004636_noe_kill,early,,95.6,5,Scourge,1,0,1,360/0/599,10,10,0,0,1,0
wingman_23f47-Account-013D_20261002-004636_noe_kill,early,,95.6,6,Scourge,1,0,1,416/599/0,10,10,0,0,1,0
wingman_23f47-Account-013D_20261002-004636_noe_kill,early,,95.6,7,Specter,0,0,1,361/60/557,10,10,0,0,1,0
wingman_23f47-Account-013D_20261002-004636_noe_kill,early,,95.6,8,Scourge,0,0,1,92/330/347,10,10,0,0,1,0
wingman_23f47-Account-013D_20261002-004636_noe_kill,early,,95.6,9,Troubadour,0,0,1,318/153/458,10,10,0,0,1,0
wingman_23f47-Account-013D_20261002-004636_noe_kill,early,,146.7,0,Scourge,0,0,1,385/129/283,10,10,0,0,1,0
wingman_23f47-Account-013D_20261002-004636_noe_kill,early,,146.7,1,Evoker,0,0,1,51/525/463,10,10,0,0,1,0
wingman_23f47-Account-013D_20261002-004636_noe_kill,early,,146.7,2,Harbinger,0,0,1,450/66/278,10,10,0,0,1,0
wingman_23f47-Account-013D_20261002-004636_noe_kill,early,,146.7,3,Troubadour,0,0,1,125/514/407,10,10,0,0,1,0
wingman_23f47-Account-013D_20261002-004636_noe_kill,early,,146.7,4,Scourge,1,0,1,514/0/311,10,10,0,0,1,0
wingman_23f47-Account-013D_20261002-004636_noe_kill,early,,146.7,5,Scourge,0,0,1,501/311/18,10,10,0,0,1,0
wingman_23f47-Account-013D_20261002-004636_noe_kill,early,,146.7,6,Scourge,1,0,1,0/514/483,10,10,0,0,1,0
wingman_23f47-Account-013D_20261002-004636_noe_kill,early,,146.7,7,Specter,0,0,1,379/373/130,10,10,0,0,1,0
wingman_23f47-Account-013D_20261002-004636_noe_kill,early,,146.7,8,Scourge,1,0,1,483/311/0,10,10,0,0,1,0
wingman_23f47-Account-013D_20261002-004636_noe_kill,early,,146.7,9,Troubadour,0,0,1,342/343/146,10,10,0,0,1,0
wingman_23f47-Account-013D_20261002-004636_noe_kill,early,,201.3,0,Scourge,0,0,1,501/47/301,10,10,0,0,0,0
wingman_23f47-Account-013D_20261002-004636_noe_kill,early,,201.3,1,Evoker,0,0,1,418/357/32,10,10,0,0,1,0
wingman_23f47-Account-013D_20261002-004636_noe_kill,early,,201.3,2,Harbinger,0,0,1,577/54/385,10,10,0,0,0,0
wingman_23f47-Account-013D_20261002-004636_noe_kill,early,,201.3,3,Troubadour,0,0,1,485/397/76,10,10,0,0,1,0
wingman_23f47-Account-013D_20261002-004636_noe_kill,early,,201.3,4,Scourge,1,0,1,548/0/332,10,10,0,0,0,0
wingman_23f47-Account-013D_20261002-004636_noe_kill,early,,201.3,5,Scourge,1,0,1,0/548/438,10,10,0,0,1,0
wingman_23f47-Account-013D_20261002-004636_noe_kill,early,,201.3,6,Scourge,0,0,1,491/342/53,10,10,0,0,0,0
wingman_23f47-Account-013D_20261002-004636_noe_kill,early,,201.3,7,Specter,0,0,1,63/489/408,10,10,0,0,1,0
wingman_23f47-Account-013D_20261002-004636_noe_kill,early,,201.3,8,Scourge,1,0,1,438/332/0,10,10,0,0,1,0
wingman_23f47-Account-013D_20261002-004636_noe_kill,early,,201.3,9,Troubadour,0,0,1,115/446/327,10,10,0,0,1,0
wingman_23f47-Account-013D_20261002-004636_noe_kill,early,,246.0,0,Scourge,0,0,1,461/44/467,10,10,0,0,1,0
wingman_23f47-Account-013D_20261002-004636_noe_kill,early,,246.0,1,Evoker,1,0,1,406/423/0,10,10,0,0,1,0
wingman_23f47-Account-013D_20261002-004636_noe_kill,early,,246.0,2,Harbinger,1,0,1,437/0/423,10,10,0,0,1,0
wingman_23f47-Account-013D_20261002-004636_noe_kill,early,,246.0,3,Troubadour,0,0,1,360/411/46,10,10,0,0,1,0
wingman_23f47-Account-013D_20261002-004636_noe_kill,early,,246.0,4,Scourge,0,0,1,376/80/350,10,10,0,0,1,0
wingman_23f47-Account-013D_20261002-004636_noe_kill,early,,246.0,5,Scourge,1,0,1,0/437/406,10,10,0,0,0,0
wingman_23f47-Account-013D_20261002-004636_noe_kill,early,,246.0,6,Scourge,0,0,1,444/418/46,10,10,0,0,0,0
wingman_23f47-Account-013D_20261002-004636_noe_kill,early,,246.0,7,Specter,0,0,1,77/446/343,10,10,0,0,0,0
wingman_23f47-Account-013D_20261002-004636_noe_kill,early,,246.0,8,Scourge,0,0,1,441/4/427,10,10,0,0,0,0
wingman_23f47-Account-013D_20261002-004636_noe_kill,early,,246.0,9,Troubadour,0,0,1,64/405/342,10,10,0,0,0,0
wingman_23f47-Account-013D_20261002-004636_noe_kill,early,,294.7,0,Scourge,0,0,1,134/477/500,10,10,0,0,1,0
wingman_23f47-Account-013D_20261002-004636_noe_kill,early,,294.7,1,Evoker,0,0,1,324/72/639,10,10,0,0,1,0
wingman_23f47-Account-013D_20261002-004636_noe_kill,early,,294.7,2,Harbinger,0,0,1,130/442/528,10,10,0,0,1,0
wingman_23f47-Account-013D_20261002-004636_noe_kill,early,,294.7,3,Troubadour,0,0,1,408/40/660,10,10,0,0,1,0
wingman_23f47-Account-013D_20261002-004636_noe_kill,early,,294.7,4,Scourge,1,0,1,0/376/422,10,10,0,0,1,0
wingman_23f47-Account-013D_20261002-004636_noe_kill,early,,294.7,5,Scourge,1,0,1,422/651/0,10,10,0,0,1,0
wingman_23f47-Account-013D_20261002-004636_noe_kill,early,,294.7,6,Scourge,1,0,1,376/0/651,10,10,0,0,1,0
wingman_23f47-Account-013D_20261002-004636_noe_kill,early,,294.7,7,Specter,0,0,1,380/582/73,10,10,0,0,1,0
wingman_23f47-Account-013D_20261002-004636_noe_kill,early,,294.7,8,Scourge,0,0,1,33/409/416,10,10,0,0,1,0
wingman_23f47-Account-013D_20261002-004636_noe_kill,early,,294.7,9,Troubadour,0,0,1,330/538/112,10,10,0,0,1,0
wingman_23f47-Account-013D_20261002-004636_noe_kill,early,,341.8,0,Scourge,0,0,1,19/494/403,10,10,0,0,1,0
wingman_23f47-Account-013D_20261002-004636_noe_kill,early,,341.8,1,Evoker,0,0,1,517/54/786,10,10,0,0,1,0
wingman_23f47-Account-013D_20261002-004636_noe_kill,early,,341.8,2,Harbinger,0,0,1,123/596/343,10,10,0,0,1,0
wingman_23f47-Account-013D_20261002-004636_noe_kill,early,,341.8,3,Troubadour,0,0,1,434/77/663,10,10,0,0,1,0
wingman_23f47-Account-013D_20261002-004636_noe_kill,early,,341.8,4,Scourge,0,0,1,59/462/462,10,10,0,0,1,0
wingman_23f47-Account-013D_20261002-004636_noe_kill,early,,341.8,5,Scourge,1,0,1,403/733/0,10,10,0,0,1,0
wingman_23f47-Account-013D_20261002-004636_noe_kill,early,,341.8,6,Scourge,1,0,1,476/0/733,10,10,0,0,1,0
wingman_23f47-Account-013D_20261002-004636_noe_kill,early,,341.8,7,Specter,0,0,1,435/701/96,10,10,0,0,1,0
wingman_23f47-Account-013D_20261002-004636_noe_kill,early,,341.8,8,Scourge,1,0,1,0/476/403,10,10,0,0,1,0
wingman_23f47-Account-013D_20261002-004636_noe_kill,early,,341.8,9,Troubadour,0,0,1,341/632/103,10,10,0,0,1,0
wingman_23f47-Account-013D_20261002-004636_noe_kill,early,,392.9,0,Scourge,0,0,1,425/56/447,10,10,0,0,0,0
wingman_23f47-Account-013D_20261002-004636_noe_kill,early,,392.9,1,Evoker,0,0,1,635/403/85,10,10,0,0,1,0
wingman_23f47-Account-013D_20261002-004636_noe_kill,early,,392.9,2,Harbinger,1,0,1,462/0/410,10,10,0,0,0,0
wingman_23f47-Account-013D_20261002-004636_noe_kill,early,,392.9,3,Troubadour,0,0,1,536/402/42,10,10,0,0,1,0
wingman_23f47-Account-013D_20261002-004636_noe_kill,early,,392.9,4,Scourge,0,0,1,577/148/535,10,10,0,0,1,0
wingman_23f47-Account-013D_20261002-004636_noe_kill,early,,392.9,5,Scourge,0,0,1,134/466/477,10,10,0,0,0,0
wingman_23f47-Account-013D_20261002-004636_noe_kill,early,,392.9,6,Scourge,1,0,1,575/410/0,10,10,0,0,0,0
wingman_23f47-Account-013D_20261002-004636_noe_kill,early,,392.9,7,Specter,0,0,1,71/394/513,10,10,0,0,0,0
wingman_23f47-Account-013D_20261002-004636_noe_kill,early,,392.9,8,Scourge,1,0,1,0/462/575,10,10,0,0,0,0
wingman_23f47-Account-013D_20261002-004636_noe_kill,early,,392.9,9,Troubadour,0,0,1,138/399/440,10,10,0,0,1,0
wingman_23f47-Account-013D_20261002-004636_noe_kill,early,,438.3,0,Scourge,0,0,1,22/402/379,10,10,0,0,0,0
wingman_23f47-Account-013D_20261002-004636_noe_kill,early,,438.3,1,Evoker,0,0,1,372/753/36,10,10,0,0,1,0
wingman_23f47-Account-013D_20261002-004636_noe_kill,early,,438.3,2,Harbinger,1,0,1,385/0/777,10,10,0,0,1,0
wingman_23f47-Account-013D_20261002-004636_noe_kill,early,,438.3,3,Troubadour,1,0,1,0/385/398,10,10,0,0,1,0
wingman_23f47-Account-013D_20261002-004636_noe_kill,early,,438.3,4,Scourge,0,0,1,20/388/391,10,10,0,0,0,0
wingman_23f47-Account-013D_20261002-004636_noe_kill,early,,438.3,5,Scourge,0,0,1,524/143/911,10,10,0,0,1,0
wingman_23f47-Account-013D_20261002-004636_noe_kill,early,,438.3,6,Scourge,1,0,1,398/777/0,10,10,0,0,0,0
wingman_23f47-Account-013D_20261002-004636_noe_kill,early,,438.3,7,Specter,0,0,1,476/102/861,10,10,0,0,1,0
wingman_23f47-Account-013D_20261002-004636_noe_kill,early,,438.3,8,Scourge,0,0,1,347/727/52,10,10,0,0,1,0
wingman_23f47-Account-013D_20261002-004636_noe_kill,early,,438.3,9,Troubadour,0,0,1,425/120/795,10,10,0,0,1,0
wingman_23f47-Account-013D_20261002-004636_noe_kill,last,3,508.6,0,Scourge,1,0,1,0/556/323,10,10,0,0,0,0
wingman_23f47-Account-013D_20261002-004636_noe_kill,last,3,508.6,1,Evoker,0,0,1,65/523/334,10,10,0,0,0,0
wingman_23f47-Account-013D_20261002-004636_noe_kill,last,3,508.6,2,Harbinger,1,0,1,323/357/0,10,10,0,0,1,0
wingman_23f47-Account-013D_20261002-004636_noe_kill,last,3,508.6,3,Troubadour,0,0,1,118/528/376,10,10,0,0,1,0
wingman_23f47-Account-013D_20261002-004636_noe_kill,last,3,508.6,4,Scourge,0,0,1,302/318/59,10,10,0,0,0,0
wingman_23f47-Account-013D_20261002-004636_noe_kill,last,3,508.6,5,Scourge,0,0,1,589/52/364,10,10,0,0,1,0
wingman_23f47-Account-013D_20261002-004636_noe_kill,last,3,508.6,6,Scourge,0,0,1,84/639/383,10,10,0,0,0,0
wingman_23f47-Account-013D_20261002-004636_noe_kill,last,3,508.6,7,Specter,0,0,1,560/54/331,10,10,0,0,1,0
wingman_23f47-Account-013D_20261002-004636_noe_kill,last,3,508.6,8,Scourge,0,0,1,326/335/22,10,10,0,0,1,0
wingman_23f47-Account-013D_20261002-004636_noe_kill,last,3,508.6,9,Troubadour,1,0,1,556/0/357,10,10,0,0,1,0
wingman_23f47-Account-013D_20261002-004636_noe_kill,last,33,538.7,0,Scourge,0,0,1,370/89/543,10,10,0,0,1,0
wingman_23f47-Account-013D_20261002-004636_noe_kill,last,33,538.7,1,Evoker,1,0,1,865/585/0,10,10,0,0,1,0
wingman_23f47-Account-013D_20261002-004636_noe_kill,last,33,538.7,2,Harbinger,0,0,1,424/23/572,10,10,0,0,1,0
wingman_23f47-Account-013D_20261002-004636_noe_kill,last,33,538.7,3,Troubadour,0,0,1,195/398/725,10,10,0,0,1,0
wingman_23f47-Account-013D_20261002-004636_noe_kill,last,33,538.7,4,Scourge,0,0,1,371/41/624,10,10,0,0,1,0
wingman_23f47-Account-013D_20261002-004636_noe_kill,last,33,538.7,5,Scourge,1,0,1,402/0/585,10,10,0,0,0,0
wingman_23f47-Account-013D_20261002-004636_noe_kill,last,33,538.7,6,Scourge,1,0,1,0/402/865,10,10,0,0,0,0
wingman_23f47-Account-013D_20261002-004636_noe_kill,last,33,538.7,7,Specter,0,0,1,911/640/57,10,10,0,0,0,0
wingman_23f47-Account-013D_20261002-004636_noe_kill,last,33,538.7,8,Scourge,0,0,1,43/427/864,10,10,0,0,0,0
wingman_23f47-Account-013D_20261002-004636_noe_kill,last,33,538.7,9,Troubadour,0,0,1,750/506/127,10,10,0,0,1,0
wingman_23f47-Account-013D_20261002-004636_noe_kill,last,63,568.6,0,Scourge,1,0,1,0/485/435,10,7,3,0,1,1
wingman_23f47-Account-013D_20261002-004636_noe_kill,last,63,568.6,1,Evoker,0,0,1,503/137/584,10,7,3,1,1,1
wingman_23f47-Account-013D_20261002-004636_noe_kill,last,63,568.6,2,Harbinger,0,1,1,81/564/419,10,7,3,0,0,1
wingman_23f47-Account-013D_20261002-004636_noe_kill,last,63,568.6,3,Troubadour,0,0,0,398/265/413,10,10,0,0,1,0
wingman_23f47-Account-013D_20261002-004636_noe_kill,last,63,568.6,4,Scourge,0,0,0,462/783/877,10,10,0,0,1,0
wingman_23f47-Account-013D_20261002-004636_noe_kill,last,63,568.6,5,Scourge,0,0,1,516/612/163,10,10,0,0,1,0
wingman_23f47-Account-013D_20261002-004636_noe_kill,last,63,568.6,6,Scourge,1,0,1,485/0/665,10,7,3,1,1,1
wingman_23f47-Account-013D_20261002-004636_noe_kill,last,63,568.6,7,Specter,1,0,1,435/665/0,10,10,0,0,1,0
wingman_23f47-Account-013D_20261002-004636_noe_kill,last,63,568.6,8,Scourge,0,0,1,33/452/438,10,7,3,0,0,1
wingman_23f47-Account-013D_20261002-004636_noe_kill,last,63,568.6,9,Troubadour,0,0,1,456/597/109,10,10,0,0,1,0
wingman_2ca3c-20261004-215302_noe_kill,early,,3.0,0,Troubadour,1,0,1,0,10,10,0,0,1,0
wingman_2ca3c-20261004-215302_noe_kill,early,,3.0,1,Scourge,0,0,1,121,10,10,0,0,1,0
wingman_2ca3c-20261004-215302_noe_kill,early,,3.0,2,Scourge,0,0,1,163,10,10,0,0,1,0
wingman_2ca3c-20261004-215302_noe_kill,early,,3.0,3,Specter,0,0,1,115,10,10,0,0,1,0
wingman_2ca3c-20261004-215302_noe_kill,early,,3.0,4,Scourge,0,0,0,368,10,10,0,0,1,0
wingman_2ca3c-20261004-215302_noe_kill,early,,3.0,5,Specter,0,0,0,375,10,10,0,0,0,0
wingman_2ca3c-20261004-215302_noe_kill,early,,3.0,6,Scourge,0,0,1,188,10,10,0,0,0,0
wingman_2ca3c-20261004-215302_noe_kill,early,,3.0,7,Troubadour,0,0,1,90,10,10,0,0,1,0
wingman_2ca3c-20261004-215302_noe_kill,early,,3.0,8,Scourge,0,0,0,248,10,10,0,0,0,0
wingman_2ca3c-20261004-215302_noe_kill,early,,3.0,9,Scourge,0,0,1,67,10,10,0,0,0,0
wingman_2ca3c-20261004-215302_noe_kill,early,,50.7,0,Troubadour,0,0,1,386/594/35,10,10,0,0,0,0
wingman_2ca3c-20261004-215302_noe_kill,early,,50.7,1,Scourge,0,0,1,38/423/426,10,10,0,0,0,0
wingman_2ca3c-20261004-215302_noe_kill,early,,50.7,2,Scourge,1,0,1,449/0/579,10,10,0,0,0,0
wingman_2ca3c-20261004-215302_noe_kill,early,,50.7,3,Specter,0,0,1,413/596/17,10,10,0,0,0,0
wingman_2ca3c-20261004-215302_noe_kill,early,,50.7,4,Scourge,0,0,1,59/415/445,10,10,0,0,0,0
wingman_2ca3c-20261004-215302_noe_kill,early,,50.7,5,Specter,0,0,1,408/527/71,10,10,0,0,0,0
wingman_2ca3c-20261004-215302_noe_kill,early,,50.7,6,Scourge,0,0,1,411/45/535,10,10,0,0,0,0
wingman_2ca3c-20261004-215302_noe_kill,early,,50.7,7,Troubadour,1,0,1,0/449/400,10,10,0,0,1,0
wingman_2ca3c-20261004-215302_noe_kill,early,,50.7,8,Scourge,1,0,1,400/579/0,10,10,0,0,0,0
wingman_2ca3c-20261004-215302_noe_kill,early,,50.7,9,Scourge,0,0,1,419/30/559,10,10,0,0,0,0
wingman_2ca3c-20261004-215302_noe_kill,early,,95.2,0,Troubadour,0,0,1,369/443/60,10,10,0,0,1,0
wingman_2ca3c-20261004-215302_noe_kill,early,,95.2,1,Scourge,0,0,1,13/473/414,10,10,0,0,1,0
wingman_2ca3c-20261004-215302_noe_kill,early,,95.2,2,Scourge,1,0,1,471/0/486,10,10,0,0,0,0
wingman_2ca3c-20261004-215302_noe_kill,early,,95.2,3,Specter,0,0,1,379/452/48,10,10,0,0,1,0
wingman_2ca3c-20261004-215302_noe_kill,early,,95.2,4,Scourge,0,0,1,23/453/431,10,10,0,0,1,0
wingman_2ca3c-20261004-215302_noe_kill,early,,95.2,5,Specter,1,0,1,425/486/0,10,10,0,0,1,0
wingman_2ca3c-20261004-215302_noe_kill,early,,95.2,6,Scourge,0,0,1,468/79/545,10,10,0,0,0,0
wingman_2ca3c-20261004-215302_noe_kill,early,,95.2,7,Troubadour,1,0,1,0/471/425,10,10,0,0,1,0
wingman_2ca3c-20261004-215302_noe_kill,early,,95.2,8,Scourge,0,0,1,32/442/403,10,10,0,0,1,0
wingman_2ca3c-20261004-215302_noe_kill,early,,95.2,9,Scourge,0,0,1,417/95/515,10,10,0,0,0,0
wingman_2ca3c-20261004-215302_noe_kill,early,,146.6,0,Troubadour,0,0,1,664/665/38,10,10,0,0,0,0
wingman_2ca3c-20261004-215302_noe_kill,early,,146.6,1,Scourge,0,0,1,71/434/768,10,10,0,0,0,0
wingman_2ca3c-20261004-215302_noe_kill,early,,146.6,2,Scourge,1,0,1,434/0/698,10,10,0,0,0,0
wingman_2ca3c-20261004-215302_noe_kill,early,,146.6,3,Specter,1,0,1,702/698/0,10,10,0,0,0,0
wingman_2ca3c-20261004-215302_noe_kill,early,,146.6,4,Scourge,0,0,1,17/432/716,10,10,0,0,0,0
wingman_2ca3c-20261004-215302_noe_kill,early,,146.6,5,Specter,1,0,1,0/434/702,10,10,0,0,0,0
wingman_2ca3c-20261004-215302_noe_kill,early,,146.6,6,Scourge,0,0,1,433/64/758,10,10,0,0,0,0
wingman_2ca3c-20261004-215302_noe_kill,early,,146.6,7,Troubadour,0,0,1,797/771/96,10,10,0,0,1,0
wingman_2ca3c-20261004-215302_noe_kill,early,,146.6,8,Scourge,0,0,1,380/55/687,10,10,0,0,0,0
wingman_2ca3c-20261004-215302_noe_kill,early,,146.6,9,Scourge,0,0,1,799/755/105,10,10,0,0,0,0
wingman_2ca3c-20261004-215302_noe_kill,early,,193.2,0,Troubadour,0,0,1,568/826/21,10,10,0,0,1,0
wingman_2ca3c-20261004-215302_noe_kill,early,,193.2,1,Scourge,0,0,1,161/479/724,10,10,0,0,1,0
wingman_2ca3c-20261004-215302_noe_kill,early,,193.2,2,Scourge,1,0,1,421/0/832,10,10,0,0,0,0
wingman_2ca3c-20261004-215302_noe_kill,early,,193.2,3,Specter,1,0,1,583/832/0,10,10,0,0,1,0
wingman_2ca3c-20261004-215302_noe_kill,early,,193.2,4,Scourge,0,0,1,112/445/686,10,10,0,0,1,0
wingman_2ca3c-20261004-215302_noe_kill,early,,193.2,5,Specter,1,0,1,0/421/583,10,10,0,0,0,0
wingman_2ca3c-20261004-215302_noe_kill,early,,193.2,6,Scourge,0,0,1,388/47/786,10,10,0,0,0,0
wingman_2ca3c-20261004-215302_noe_kill,early,,193.2,7,Troubadour,0,0,1,604/862/32,10,10,0,0,1,0
wingman_2ca3c-20261004-215302_noe_kill,early,,193.2,8,Scourge,0,0,1,60/463/614,10,10,0,0,0,0
wingman_2ca3c-20261004-215302_noe_kill,early,,193.2,9,Scourge,0,0,1,433/37/819,10,10,0,0,0,0
wingman_2ca3c-20261004-215302_noe_kill,early,,244.7,0,Troubadour,0,0,1,362/554/9,10,10,0,0,0,0
wingman_2ca3c-20261004-215302_noe_kill,early,,244.7,1,Scourge,0,0,1,66/469/412,10,10,0,0,0,0
wingman_2ca3c-20261004-215302_noe_kill,early,,244.7,2,Scourge,0,0,1,373/567/23,10,10,0,0,0,0
wingman_2ca3c-20261004-215302_noe_kill,early,,244.7,3,Specter,0,0,1,407/589/54,10,10,0,0,0,0
wingman_2ca3c-20261004-215302_noe_kill,early,,244.7,4,Scourge,0,0,1,67/453/419,10,10,0,0,0,0
wingman_2ca3c-20261004-215302_noe_kill,early,,244.7,5,Specter,1,0,1,354/545/0,10,10,0,0,0,0
wingman_2ca3c-20261004-215302_noe_kill,early,,244.7,6,Scourge,0,0,0,365/242/324,10,10,0,0,0,0
wingman_2ca3c-20261004-215302_noe_kill,early,,244.7,7,Troubadour,1,0,1,428/0/545,10,10,0,0,0,0
wingman_2ca3c-20261004-215302_noe_kill,early,,244.7,8,Scourge,1,0,1,0/428/354,10,10,0,0,0,0
wingman_2ca3c-20261004-215302_noe_kill,early,,244.7,9,Scourge,0,0,1,524/111/655,10,10,0,0,0,0
wingman_2ca3c-20261004-215302_noe_kill,early,,294.2,0,Troubadour,0,0,1,334/105/460,10,10,0,0,0,0
wingman_2ca3c-20261004-215302_noe_kill,early,,294.2,1,Scourge,0,0,1,65/487/461,10,10,0,0,0,0
wingman_2ca3c-20261004-215302_noe_kill,early,,294.2,2,Scourge,1,0,1,430/0/550,10,10,0,0,0,0
wingman_2ca3c-20261004-215302_noe_kill,early,,294.2,3,Specter,0,0,1,453/546/49,10,10,0,0,0,0
wingman_2ca3c-20261004-215302_noe_kill,early,,294.2,4,Scourge,0,0,1,15/425/403,10,10,0,0,0,0
wingman_2ca3c-20261004-215302_noe_kill,early,,294.2,5,Specter,1,0,1,418/550/0,10,10,0,0,1,0
wingman_2ca3c-20261004-215302_noe_kill,early,,294.2,6,Scourge,0,0,1,384/87/574,10,10,0,0,0,0
wingman_2ca3c-20261004-215302_noe_kill,early,,294.2,7,Troubadour,0,0,1,427/560/11,10,10,0,0,0,0
wingman_2ca3c-20261004-215302_noe_kill,early,,294.2,8,Scourge,0,0,1,12/421/409,10,10,0,0,1,0
wingman_2ca3c-20261004-215302_noe_kill,early,,294.2,9,Scourge,1,0,1,0/430/418,10,10,0,0,1,0
wingman_2ca3c-20261004-215302_noe_kill,early,,341.7,0,Troubadour,0,0,1,563/62/634,10,10,0,0,0,0
wingman_2ca3c-20261004-215302_noe_kill,early,,341.7,1,Scourge,0,0,1,53/562/492,10,10,0,0,0,0
wingman_2ca3c-20261004-215302_noe_kill,early,,341.7,2,Scourge,1,0,1,581/0/687,10,10,0,0,0,0
wingman_2ca3c-20261004-215302_noe_kill,early,,341.7,3,Specter,0,0,1,397/578/109,10,10,0,0,1,0
wingman_2ca3c-20261004-215302_noe_kill,early,,341.7,4,Scourge,0,0,1,50/565/489,10,10,0,0,0,0
wingman_2ca3c-20261004-215302_noe_kill,early,,341.7,5,Specter,1,0,1,445/687/0,10,10,0,0,1,0
wingman_2ca3c-20261004-215302_noe_kill,early,,341.7,6,Scourge,0,0,1,579/22/699,10,10,0,0,0,0
wingman_2ca3c-20261004-215302_noe_kill,early,,341.7,7,Troubadour,0,0,1,465/698/20,10,10,0,0,1,0
wingman_2ca3c-20261004-215302_noe_kill,early,,341.7,8,Scourge,0,0,1,38/617/462,10,10,0,0,0,0
wingman_2ca3c-20261004-215302_noe_kill,early,,341.7,9,Scourge,1,0,1,0/581/445,10,10,0,0,1,0
wingman_2ca3c-20261004-215302_noe_kill,early,,388.7,0,Troubadour,1,0,1,0/445/495,10,10,0,0,0,0
wingman_2ca3c-20261004-215302_noe_kill,early,,388.7,1,Scourge,0,0,1,580/498/94,10,10,0,0,1,0
wingman_2ca3c-20261004-215302_noe_kill,early,,388.7,2,Scourge,0,0,1,25/435/507,10,10,0,0,0,0
wingman_2ca3c-20261004-215302_noe_kill,early,,388.7,3,Specter,1,0,1,445/0/415,10,10,0,0,0,0
wingman_2ca3c-20261004-215302_noe_kill,early,,388.7,4,Scourge,0,0,1,133/534/475,10,10,0,0,0,0
wingman_2ca3c-20261004-215302_noe_kill,early,,388.7,5,Specter,1,0,1,495/415/0,10,10,0,0,1,0
wingman_2ca3c-20261004-215302_noe_kill,early,,388.7,6,Scourge,0,0,1,512/74/412,10,10,0,0,0,0
wingman_2ca3c-20261004-215302_noe_kill,early,,388.7,7,Troubadour,0,0,1,521/386/57,10,10,0,0,1,0
wingman_2ca3c-20261004-215302_noe_kill,early,,388.7,8,Scourge,0,0,1,509/429/16,10,10,0,0,1,0
wingman_2ca3c-20261004-215302_noe_kill,early,,388.7,9,Scourge,0,0,1,523/124/537,10,10,0,0,1,0
wingman_2ca3c-20261004-215302_noe_kill,early,,434.1,0,Troubadour,0,0,1,440/730/81,10,10,0,0,0,0
wingman_2ca3c-20261004-215302_noe_kill,early,,434.1,1,Scourge,0,0,1,483/797/147,10,10,0,0,0,0
wingman_2ca3c-20261004-215302_noe_kill,early,,434.1,2,Scourge,1,0,1,637/0/650,10,10,0,0,0,0
wingman_2ca3c-20261004-215302_noe_kill,early,,434.1,3,Specter,1,0,1,420/650/0,10,10,0,0,0,0
wingman_2ca3c-20261004-215302_noe_kill,early,,434.1,4,Scourge,0,0,1,61/697/454,10,10,0,0,0,0
wingman_2ca3c-20261004-215302_noe_kill,early,,434.1,5,Specter,1,0,1,0/637/420,10,10,0,0,0,0
wingman_2ca3c-20261004-215302_noe_kill,early,,434.1,6,Scourge,0,0,1,581/66/585,10,10,0,0,0,0
wingman_2ca3c-20261004-215302_noe_kill,early,,434.1,7,Troubadour,0,0,1,443/710/60,10,10,0,0,1,0
wingman_2ca3c-20261004-215302_noe_kill,early,,434.1,8,Scourge,0,0,1,66/702/456,10,10,0,0,0,0
wingman_2ca3c-20261004-215302_noe_kill,early,,434.1,9,Scourge,0,0,1,581/67/583,10,10,0,0,0,0
wingman_2ca3c-20261004-215302_noe_kill,last,3,478.8,0,Troubadour,0,0,1,324/622/116,10,10,0,0,1,0
wingman_2ca3c-20261004-215302_noe_kill,last,3,478.8,1,Scourge,0,0,1,114/515/471,10,10,0,0,0,0
wingman_2ca3c-20261004-215302_noe_kill,last,3,478.8,2,Scourge,1,0,1,426/0/611,10,10,0,0,0,0
wingman_2ca3c-20261004-215302_noe_kill,last,3,478.8,3,Specter,1,0,1,393/611/0,10,10,0,0,1,0
wingman_2ca3c-20261004-215302_noe_kill,last,3,478.8,4,Scourge,0,0,1,43/457/423,10,10,0,0,0,0
wingman_2ca3c-20261004-215302_noe_kill,last,3,478.8,5,Specter,1,0,1,0/426/393,10,10,0,0,1,0
wingman_2ca3c-20261004-215302_noe_kill,last,3,478.8,6,Scourge,0,0,1,419/27/589,10,10,0,0,1,0
wingman_2ca3c-20261004-215302_noe_kill,last,3,478.8,7,Troubadour,0,0,1,373/637/64,10,10,0,0,1,0
wingman_2ca3c-20261004-215302_noe_kill,last,3,478.8,8,Scourge,0,0,1,87/508/426,10,10,0,0,1,0
wingman_2ca3c-20261004-215302_noe_kill,last,3,478.8,9,Scourge,0,0,1,449/23/631,10,10,0,0,1,0
wingman_2ca3c-20261004-215302_noe_kill,last,33,508.9,0,Troubadour,1,0,1,659/0/309,10,10,0,0,0,0
wingman_2ca3c-20261004-215302_noe_kill,last,33,508.9,1,Scourge,0,0,1,658/98/391,10,10,0,0,0,0
wingman_2ca3c-20261004-215302_noe_kill,last,33,508.9,2,Scourge,0,0,1,96/618/561,10,10,0,0,0,0
wingman_2ca3c-20261004-215302_noe_kill,last,33,508.9,3,Specter,1,0,1,555/309/0,10,10,0,0,1,0
wingman_2ca3c-20261004-215302_noe_kill,last,33,508.9,4,Scourge,0,0,1,551/152/361,10,10,0,0,0,0
wingman_2ca3c-20261004-215302_noe_kill,last,33,508.9,5,Specter,1,0,1,0/659/555,10,10,0,0,0,0
wingman_2ca3c-20261004-215302_noe_kill,last,33,508.9,6,Scourge,0,0,1,594/369/71,10,10,0,0,1,0
wingman_2ca3c-20261004-215302_noe_kill,last,33,508.9,7,Troubadour,0,0,1,104/561/489,10,10,0,0,1,0
wingman_2ca3c-20261004-215302_noe_kill,last,33,508.9,8,Scourge,0,0,1,646/118/402,10,10,0,0,1,0
wingman_2ca3c-20261004-215302_noe_kill,last,33,508.9,9,Scourge,0,0,1,531/347/44,10,10,0,0,1,0
wingman_3273c-20261001-011226_noe_fail,early,,2.8,0,Scourge,0,0,1,194,10,10,0,0,1,0
wingman_3273c-20261001-011226_noe_fail,early,,2.8,1,Troubadour,1,0,1,0,10,10,0,0,1,0
wingman_3273c-20261001-011226_noe_fail,early,,2.8,2,Scourge,0,0,1,47,10,10,0,0,1,0
wingman_3273c-20261001-011226_noe_fail,early,,2.8,3,Scourge,0,0,1,97,10,10,0,0,1,0
wingman_3273c-20261001-011226_noe_fail,early,,2.8,4,Specter,0,0,0,325,10,10,0,0,1,0
wingman_3273c-20261001-011226_noe_fail,early,,2.8,5,Specter,0,0,1,76,10,10,0,0,1,0
wingman_3273c-20261001-011226_noe_fail,early,,2.8,6,Troubadour,0,0,1,32,10,10,0,0,1,0
wingman_3273c-20261001-011226_noe_fail,early,,2.8,7,Scourge,0,0,1,194,10,10,0,0,1,0
wingman_3273c-20261001-011226_noe_fail,early,,2.8,8,Chronomancer,0,0,0,302,10,10,0,0,1,0
wingman_3273c-20261001-011226_noe_fail,early,,2.8,9,Scourge,0,0,1,87,10,10,0,0,0,0
wingman_3273c-20261001-011226_noe_fail,early,,50.0,0,Scourge,0,0,1,639/132/509,10,10,0,0,0,0
wingman_3273c-20261001-011226_noe_fail,early,,50.0,1,Troubadour,1,0,1,0/531/392,10,10,0,0,1,0
wingman_3273c-20261001-011226_noe_fail,early,,50.0,2,Scourge,0,0,1,88/548/474,10,10,0,0,0,0
wingman_3273c-20261001-011226_noe_fail,early,,50.0,3,Scourge,0,0,1,78/527/457,10,10,0,0,0,0
wingman_3273c-20261001-011226_noe_fail,early,,50.0,4,Specter,1,0,1,531/0/478,10,10,0,0,0,0
wingman_3273c-20261001-011226_noe_fail,early,,50.0,5,Specter,0,0,1,122/529/495,10,10,0,0,0,0
wingman_3273c-20261001-011226_noe_fail,early,,50.0,6,Troubadour,0,0,1,462/471/76,10,10,0,0,1,0
wingman_3273c-20261001-011226_noe_fail,early,,50.0,7,Scourge,1,0,1,392/478/0,10,10,0,0,0,0
wingman_3273c-20261001-011226_noe_fail,early,,50.0,8,Chronomancer,0,0,1,414/491/23,10,10,0,0,0,0
wingman_3273c-20261001-011226_noe_fail,early,,50.0,9,Scourge,0,0,1,608/99/493,10,10,0,0,0,0
wingman_3273c-20261001-011226_noe_fail,early,,95.0,0,Scourge,0,0,1,430/41/522,10,10,0,0,1,0
wingman_3273c-20261001-011226_noe_fail,early,,95.0,1,Troubadour,0,0,1,31/430/470,10,10,0,0,1,0
wingman_3273c-20261001-011226_noe_fail,early,,95.0,2,Scourge,0,0,1,522/561/83,10,10,0,0,1,0
wingman_3273c-20261001-011226_noe_fail,early,,95.0,3,Scourge,1,0,1,0/412/485,10,10,0,0,1,0
wingman_3273c-20261001-011226_noe_fail,early,,95.0,4,Specter,1,0,1,412/0/481,10,10,0,0,1,0
wingman_3273c-20261001-011226_noe_fail,early,,95.0,5,Specter,1,0,1,485/481/0,10,10,0,0,1,0
wingman_3273c-20261001-011226_noe_fail,early,,95.0,6,Troubadour,0,0,1,374/457/122,10,10,0,0,1,0
wingman_3273c-20261001-011226_noe_fail,early,,95.0,7,Scourge,0,0,1,87/483/474,10,10,0,0,1,0
wingman_3273c-20261001-011226_noe_fail,early,,95.0,8,Chronomancer,0,0,1,38/403/448,10,10,0,0,1,0
wingman_3273c-20261001-011226_noe_fail,early,,95.0,9,Scourge,0,0,1,424/59/538,10,10,0,0,1,0
wingman_3273c-20261001-011226_noe_fail,early,,147.7,0,Scourge,0,0,1,770/122/807,10,10,0,0,0,0
wingman_3273c-20261001-011226_noe_fail,early,,147.7,1,Troubadour,0,0,1,58/680/537,10,10,0,0,1,0
wingman_3273c-20261001-011226_noe_fail,early,,147.7,2,Scourge,0,0,1,499/772/97,10,10,0,0,1,0
wingman_3273c-20261001-011226_noe_fail,early,,147.7,3,Scourge,0,0,1,483/740/112,10,10,0,0,1,0
wingman_3273c-20261001-011226_noe_fail,early,,147.7,4,Specter,1,0,1,681/0/805,10,10,0,0,0,0
wingman_3273c-20261001-011226_noe_fail,early,,147.7,5,Specter,1,0,1,594/805/0,10,10,0,0,1,0
wingman_3273c-20261001-011226_noe_fail,early,,147.7,6,Troubadour,0,0,1,121/698/479,10,10,0,0,1,0
wingman_3273c-20261001-011226_noe_fail,early,,147.7,7,Scourge,0,0,1,81/690/517,10,10,0,0,1,0
wingman_3273c-20261001-011226_noe_fail,early,,147.7,8,Chronomancer,1,0,1,0/681/594,10,10,0,0,1,0
wingman_3273c-20261001-011226_noe_fail,early,,147.7,9,Scourge,0,0,1,817/160/845,10,10,0,0,1,0
wingman_3273c-20261001-011226_noe_fail,early,,203.0,0,Scourge,1,0,1,0/431/538,10,10,0,0,0,0
wingman_3273c-20261001-011226_noe_fail,early,,203.0,1,Troubadour,0,0,1,79/421/616,10,10,0,0,1,0
wingman_3273c-20261001-011226_noe_fail,early,,203.0,2,Scourge,0,0,1,502/150/672,10,10,0,0,1,0
wingman_3273c-20261001-011226_noe_fail,early,,203.0,3,Scourge,0,0,1,442/12/733,10,10,0,0,1,0
wingman_3273c-20261001-011226_noe_fail,early,,203.0,4,Specter,1,0,1,538/729/0,10,10,0,0,1,0
wingman_3273c-20261001-011226_noe_fail,early,,203.0,5,Specter,1,0,1,431/0/729,10,10,0,0,1,0
wingman_3273c-20261001-011226_noe_fail,early,,203.0,6,Troubadour,0,0,1,530/713/18,10,10,0,0,1,0
wingman_3273c-20261001-011226_noe_fail,early,,203.0,7,Scourge,0,0,1,172/317/469,10,10,0,0,1,0
wingman_3273c-20261001-011226_noe_fail,early,,203.0,8,Chronomancer,0,0,1,112/375/464,10,10,0,0,1,0
wingman_3273c-20261001-011226_noe_fail,early,,203.0,9,Scourge,0,0,1,558/711/60,10,10,0,0,1,0
wingman_3273c-20261001-011226_noe_fail,early,,248.5,0,Scourge,0,0,1,640/43/701,10,10,0,0,1,0
wingman_3273c-20261001-011226_noe_fail,early,,248.5,1,Troubadour,1,0,1,0/607/361,10,10,0,0,1,0
wingman_3273c-20261001-011226_noe_fail,early,,248.5,2,Scourge,1,0,1,361/687/0,10,10,0,0,1,0
wingman_3273c-20261001-011226_noe_fail,early,,248.5,3,Scourge,0,0,1,309/737/105,10,10,0,0,1,0
wingman_3273c-20261001-011226_noe_fail,early,,248.5,4,Specter,1,0,1,607/0/687,10,10,0,0,1,0
wingman_3273c-20261001-011226_noe_fail,early,,248.5,5,Specter,0,0,1,442/641/121,10,10,0,0,1,0
wingman_3273c-20261001-011226_noe_fail,early,,248.5,6,Troubadour,0,0,1,105/533/295,10,10,0,0,1,0
wingman_3273c-20261001-011226_noe_fail,early,,248.5,7,Scourge,0,0,1,76/536/338,10,10,0,0,1,0
wingman_3273c-20261001-011226_noe_fail,early,,248.5,8,Chronomancer,0,0,1,28/635/367,10,10,0,0,1,0
wingman_3273c-20261001-011226_noe_fail,early,,248.5,9,Scourge,0,0,1,597/19/670,10,10,0,0,1,0
wingman_3273c-20261001-011226_noe_fail,early,,309.9,0,Scourge,0,0,1,1013/1034/23,10,10,0,0,0,0
wingman_3273c-20261001-011226_noe_fail,early,,309.9,1,Troubadour,0,0,1,24/764/1011,10,10,0,0,1,0
wingman_3273c-20261001-011226_noe_fail,early,,309.9,2,Scourge,0,0,1,763/104/1126,10,10,0,0,0,0
wingman_3273c-20261001-011226_noe_fail,early,,309.9,3,Scourge,0,0,1,648/130/1069,10,10,0,0,0,0
wingman_3273c-20261001-011226_noe_fail,early,,309.9,4,Specter,1,0,1,993/1026/0,10,10,0,0,0,0
wingman_3273c-20261001-011226_noe_fail,early,,309.9,5,Specter,1,0,1,742/0/1026,10,10,0,0,0,0
wingman_3273c-20261001-011226_noe_fail,early,,309.9,6,Troubadour,0,0,1,47/737/1034,10,10,0,0,0,0
wingman_3273c-20261001-011226_noe_fail,early,,309.9,7,Scourge,0,0,1,25/718/983,10,10,0,0,1,0
wingman_3273c-20261001-011226_noe_fail,early,,309.9,8,Chronomancer,1,0,1,0/742/993,10,10,0,0,1,0
wingman_3273c-20261001-011226_noe_fail,early,,309.9,9,Scourge,0,0,1,1034/1049/43,10,10,0,0,0,0
wingman_3273c-20261001-011226_noe_fail,early,,357.1,0,Scourge,0,0,1,494/87/788,10,10,0,0,0,0
wingman_3273c-20261001-011226_noe_fail,early,,357.1,1,Troubadour,0,0,1,91/499/416,10,10,0,0,1,0
wingman_3273c-20261001-011226_noe_fail,early,,357.1,2,Scourge,1,0,1,475/852/0,10,10,0,0,1,0
wingman_3273c-20261001-011226_noe_fail,early,,357.1,3,Scourge,0,0,1,401/848/142,10,10,0,0,1,0
wingman_3273c-20261001-011226_noe_fail,early,,357.1,4,Specter,1,0,1,518/0/852,10,10,0,0,0,0
wingman_3273c-20261001-011226_noe_fail,early,,357.1,5,Specter,0,0,1,496/861/27,10,10,0,0,1,0
wingman_3273c-20261001-011226_noe_fail,early,,357.1,6,Troubadour,0,0,1,19/525/456,10,10,0,0,1,0
wingman_3273c-20261001-011226_noe_fail,early,,357.1,7,Scourge,0,0,1,28/496/472,10,10,0,0,1,0
wingman_3273c-20261001-011226_noe_fail,early,,357.1,8,Chronomancer,1,0,1,0/518/475,10,10,0,0,1,0
wingman_3273c-20261001-011226_noe_fail,early,,357.1,9,Scourge,0,0,1,462/56/802,10,10,0,0,0,0
wingman_3273c-20261001-011226_noe_fail,early,,404.8,0,Scourge,0,0,1,108/670/567,10,10,0,0,0,0
wingman_3273c-20261001-011226_noe_fail,early,,404.8,1,Troubadour,0,0,1,21/583/519,10,10,0,0,0,0
wingman_3273c-20261001-011226_noe_fail,early,,404.8,2,Scourge,0,0,1,587/104/593,10,10,0,0,0,0
wingman_3273c-20261001-011226_noe_fail,early,,404.8,3,Scourge,1,0,1,503/497/0,10,10,0,0,0,0
wingman_3273c-20261001-011226_noe_fail,early,,404.8,4,Specter,1,0,1,563/0/497,9,9,0,0,0,0
wingman_3273c-20261001-011226_noe_fail,early,,404.8,5,Specter,1,0,1,0/563/503,9,9,0,0,1,0
wingman_3273c-20261001-011226_noe_fail,early,,404.8,6,Troubadour,0,0,1,422/515/94,10,10,0,0,1,0
wingman_3273c-20261001-011226_noe_fail,early,,404.8,7,Scourge,0,0,1,361/440/145,10,10,0,0,0,0
wingman_3273c-20261001-011226_noe_fail,early,,404.8,8,Chronomancer,0,0,1,71/624/568,10,10,0,0,0,0
wingman_3273c-20261001-011226_noe_fail,early,,404.8,9,Scourge,0,0,1,584/60/555,10,10,0,0,1,0
wingman_3273c-20261001-011226_noe_fail,early,,449.3,0,Scourge,0,0,1,571/49/559,10,10,0,0,0,0
wingman_3273c-20261001-011226_noe_fail,early,,449.3,1,Troubadour,0,0,1,30/632/793,10,10,0,0,1,0
wingman_3273c-20261001-011226_noe_fail,early,,449.3,2,Scourge,1,0,1,620/0/559,10,10,0,0,0,0
wingman_3273c-20261001-011226_noe_fail,early,,449.3,3,Scourge,0,0,1,744/435/138,10,10,0,0,0,0
wingman_3273c-20261001-011226_noe_fail,early,,449.3,4,Specter,0,0,1,561/67/522,10,10,0,0,0,0
wingman_3273c-20261001-011226_noe_fail,early,,449.3,5,Specter,1,0,1,764/559/0,9,9,0,0,0,0
wingman_3273c-20261001-011226_noe_fail,early,,449.3,6,Troubadour,0,0,1,56/601/789,10,10,0,0,1,0
wingman_3273c-20261001-011226_noe_fail,early,,449.3,7,Scourge,1,0,1,0/620/764,10,10,0,0,0,0
wingman_3273c-20261001-011226_noe_fail,early,,449.3,8,Chronomancer,0,0,1,637/30/586,10,10,0,0,0,0
wingman_3273c-20261001-011226_noe_fail,early,,449.3,9,Scourge,0,0,1,835/638/83,10,10,0,0,0,0
wingman_3273c-20261001-011226_noe_fail,early,,497.2,0,Scourge,0,1,0,357/919/337,10,10,0,0,0,0
wingman_3273c-20261001-011226_noe_fail,early,,497.2,1,Troubadour,0,0,1,484/170/533,10,10,0,0,1,0
wingman_3273c-20261001-011226_noe_fail,early,,497.2,2,Scourge,1,0,1,567/0/588,10,10,0,0,0,0
wingman_3273c-20261001-011226_noe_fail,early,,497.2,3,Scourge,0,0,0,279/360/353,9,9,0,0,1,0
wingman_3273c-20261001-011226_noe_fail,early,,497.2,4,Specter,1,0,2,105/588/0,9,9,0,0,1,0
wingman_3273c-20261001-011226_noe_fail,early,,497.2,5,Specter,0,0,2,109/629/204,8,8,0,0,0,0
wingman_3273c-20261001-011226_noe_fail,early,,497.2,6,Troubadour,0,0,1,638/158/680,10,10,0,0,1,0
wingman_3273c-20261001-011226_noe_fail,early,,497.2,7,Scourge,1,0,2,0/567/105,10,10,0,0,0,0
wingman_3273c-20261001-011226_noe_fail,early,,497.2,8,Chronomancer,0,0,1,213/458/305,9,9,0,0,0,0
wingman_3273c-20261001-011226_noe_fail,early,,497.2,9,Scourge,0,0,0,518/921/421,9,9,0,0,1,0
wingman_3273c-20261001-011226_noe_fail,last,3,529.2,0,Scourge,0,0,1,414/718/124,10,10,0,0,1,0
wingman_3273c-20261001-011226_noe_fail,last,3,529.2,1,Troubadour,1,0,1,368/0/594,10,10,0,0,1,0
wingman_3273c-20261001-011226_noe_fail,last,3,529.2,2,Scourge,0,0,1,409/46/640,10,10,0,0,0,0
wingman_3273c-20261001-011226_noe_fail,last,3,529.2,3,Scourge,1,0,1,0/368/299,9,9,0,0,1,0
wingman_3273c-20261001-011226_noe_fail,last,3,529.2,4,Specter,1,0,1,299/594/0,9,9,0,0,1,0
wingman_3273c-20261001-011226_noe_fail,last,3,529.2,5,Specter,0,0,1,405/37/625,8,8,0,0,0,0
wingman_3273c-20261001-011226_noe_fail,last,3,529.2,6,Troubadour,0,0,1,68/436/261,10,10,0,0,1,0
wingman_3273c-20261001-011226_noe_fail,last,3,529.2,7,Scourge,0,0,1,114/379/401,10,10,0,0,0,0
wingman_3273c-20261001-011226_noe_fail,last,3,529.2,8,Chronomancer,0,0,1,17/383/284,9,9,0,0,0,0
wingman_3273c-20261001-011226_noe_fail,last,3,529.2,9,Scourge,0,0,1,399/688/100,9,9,0,0,1,0
wingman_3273c-20261001-011226_noe_fail,last,33,559.2,0,Scourge,0,0,1,413/960/24,10,10,0,0,0,0
wingman_3273c-20261001-011226_noe_fail,last,33,559.2,1,Troubadour,0,0,1,740/107/996,10,10,0,0,1,0
wingman_3273c-20261001-011226_noe_fail,last,33,559.2,2,Scourge,0,1,0,713/248/1060,10,10,0,0,0,0
wingman_3273c-20261001-011226_noe_fail,last,33,559.2,3,Scourge,1,0,1,0/653/392,9,9,0,0,0,0
wingman_3273c-20261001-011226_noe_fail,last,33,559.2,4,Specter,1,0,1,392/936/0,9,9,0,0,0,0
wingman_3273c-20261001-011226_noe_fail,last,33,559.2,5,Specter,1,0,1,653/0/936,8,8,0,0,0,0
wingman_3273c-20261001-011226_noe_fail,last,33,559.2,6,Troubadour,0,0,1,653/65/957,10,10,0,0,1,0
wingman_3273c-20261001-011226_noe_fail,last,33,559.2,7,Scourge,0,0,1,43/626/384,10,10,0,0,0,0
wingman_3273c-20261001-011226_noe_fail,last,33,559.2,8,Chronomancer,0,0,1,27/645/417,9,9,0,0,0,0
wingman_3273c-20261001-011226_noe_fail,last,33,559.2,9,Scourge,0,0,1,480/955/123,9,9,0,0,0,0
wingman_3OrP-20261004-023256_boss,early,,2.9,0,Specter,0,0,0,260,10,10,0,0,1,0
wingman_3OrP-20261004-023256_boss,early,,2.9,1,Scourge,0,0,0,323,10,10,0,0,1,0
wingman_3OrP-20261004-023256_boss,early,,2.9,2,Scourge,0,0,1,41,10,10,0,0,1,0
wingman_3OrP-20261004-023256_boss,early,,2.9,3,Troubadour,1,0,1,0,10,10,0,0,1,0
wingman_3OrP-20261004-023256_boss,early,,2.9,4,Scourge,0,0,1,102,10,10,0,0,1,0
wingman_3OrP-20261004-023256_boss,early,,2.9,5,Troubadour,0,0,1,112,10,10,0,0,1,0
wingman_3OrP-20261004-023256_boss,early,,2.9,6,Scourge,0,0,1,134,10,10,0,0,1,0
wingman_3OrP-20261004-023256_boss,early,,2.9,7,Scourge,0,0,1,79,10,10,0,0,1,0
wingman_3OrP-20261004-023256_boss,early,,2.9,8,Scourge,0,0,1,98,10,10,0,0,1,0
wingman_3OrP-20261004-023256_boss,early,,2.9,9,Evoker,0,0,1,97,10,10,0,0,1,0
wingman_3OrP-20261004-023256_boss,early,,50.1,0,Specter,1,0,1,389/0/497,10,10,0,0,0,0
wingman_3OrP-20261004-023256_boss,early,,50.1,1,Scourge,0,0,1,366/123/573,10,10,0,0,1,0
wingman_3OrP-20261004-023256_boss,early,,50.1,2,Scourge,0,0,1,22/367/400,10,10,0,0,1,0
wingman_3OrP-20261004-023256_boss,early,,50.1,3,Troubadour,1,0,1,0/389/403,10,10,0,0,1,0
wingman_3OrP-20261004-023256_boss,early,,50.1,4,Scourge,0,0,1,389/64/546,10,10,0,0,0,0
wingman_3OrP-20261004-023256_boss,early,,50.1,5,Troubadour,0,0,1,113/373/505,10,10,0,0,1,0
wingman_3OrP-20261004-023256_boss,early,,50.1,6,Scourge,0,0,1,61/406/465,10,10,0,0,1,0
wingman_3OrP-20261004-023256_boss,early,,50.1,7,Scourge,0,0,1,436/532/37,10,10,0,0,1,0
wingman_3OrP-20261004-023256_boss,early,,50.1,8,Scourge,0,0,1,422/496/26,10,10,0,0,1,0
wingman_3OrP-20261004-023256_boss,early,,50.1,9,Evoker,1,0,1,403/497/0,10,10,0,0,1,0
wingman_3OrP-20261004-023256_boss,early,,95.1,0,Specter,1,0,1,0/411/375,10,10,0,0,0,0
wingman_3OrP-20261004-023256_boss,early,,95.1,1,Scourge,0,0,1,392/656/130,10,10,0,0,0,0
wingman_3OrP-20261004-023256_boss,early,,95.1,2,Scourge,1,0,1,375/557/0,10,10,0,0,0,0
wingman_3OrP-20261004-023256_boss,early,,95.1,3,Troubadour,0,0,1,52/435/423,10,10,0,0,1,0
wingman_3OrP-20261004-023256_boss,early,,95.1,4,Scourge,0,0,1,403/638/94,10,10,0,0,0,0
wingman_3OrP-20261004-023256_boss,early,,95.1,5,Troubadour,0,0,1,151/406/523,10,10,0,0,1,0
wingman_3OrP-20261004-023256_boss,early,,95.1,6,Scourge,0,0,1,452/622/78,10,10,0,0,0,0
wingman_3OrP-20261004-023256_boss,early,,95.1,7,Scourge,0,0,1,421/98/626,10,10,0,0,0,0
wingman_3OrP-20261004-023256_boss,early,,95.1,8,Scourge,1,0,1,411/0/557,10,10,0,0,0,0
wingman_3OrP-20261004-023256_boss,early,,95.1,9,Evoker,0,0,1,358/54/511,10,10,0,0,0,0
wingman_3OrP-20261004-023256_boss,early,,148.7,0,Specter,1,0,1,496/0/664,10,10,0,0,1,0
wingman_3OrP-20261004-023256_boss,early,,148.7,1,Scourge,0,0,1,515/21/684,10,10,0,0,1,0
wingman_3OrP-20261004-023256_boss,early,,148.7,2,Scourge,1,0,1,0/496/414,10,10,0,0,1,0
wingman_3OrP-20261004-023256_boss,early,,148.7,3,Troubadour,0,0,1,76/430/388,10,10,0,0,1,0
wingman_3OrP-20261004-023256_boss,early,,148.7,4,Scourge,0,0,1,424/79/628,10,10,0,0,1,0
wingman_3OrP-20261004-023256_boss,early,,148.7,5,Troubadour,0,0,1,184/313/472,10,10,0,0,1,0
wingman_3OrP-20261004-023256_boss,early,,148.7,6,Scourge,0,0,1,55/540/448,10,10,0,0,1,0
wingman_3OrP-20261004-023256_boss,early,,148.7,7,Scourge,0,0,1,448/696/36,10,10,0,0,1,0
wingman_3OrP-20261004-023256_boss,early,,148.7,8,Scourge,0,0,1,369/672/68,10,10,0,0,1,0
wingman_3OrP-20261004-023256_boss,early,,148.7,9,Evoker,1,0,1,414/664/0,10,10,0,0,1,0
wingman_3OrP-20261004-023256_boss,early,,203.3,0,Specter,1,0,1,343/0/454,10,10,0,0,1,0
wingman_3OrP-20261004-023256_boss,early,,203.3,1,Scourge,0,0,1,431/88/482,10,10,0,0,1,0
wingman_3OrP-20261004-023256_boss,early,,203.3,2,Scourge,0,0,1,129/365/401,10,10,0,0,1,0
wingman_3OrP-20261004-023256_boss,early,,203.3,3,Troubadour,0,0,1,128/363/401,10,10,0,0,1,0
wingman_3OrP-20261004-023256_boss,early,,203.3,4,Scourge,0,0,1,453/111/504,10,10,0,0,1,0
wingman_3OrP-20261004-023256_boss,early,,203.3,5,Troubadour,0,0,1,444/438/80,10,10,0,0,1,0
wingman_3OrP-20261004-023256_boss,early,,203.3,6,Scourge,1,0,1,510/454/0,10,10,0,0,1,0
wingman_3OrP-20261004-023256_boss,early,,203.3,7,Scourge,0,0,1,556/521/67,10,10,0,0,1,0
wingman_3OrP-20261004-023256_boss,early,,203.3,8,Scourge,0,0,1,471/479/88,10,10,0,0,1,0
wingman_3OrP-20261004-023256_boss,early,,203.3,9,Evoker,1,0,1,0/343/510,10,10,0,0,1,0
wingman_3OrP-20261004-023256_boss,early,,248.2,0,Specter,1,0,1,380/0/382,10,10,0,0,1,0
wingman_3OrP-20261004-023256_boss,early,,248.2,1,Scourge,0,0,1,449/76/448,10,10,0,0,1,0
wingman_3OrP-20261004-023256_boss,early,,248.2,2,Scourge,0,0,1,30/363/394,10,10,0,0,1,0
wingman_3OrP-20261004-023256_boss,early,,248.2,3,Troubadour,0,0,1,40/342/375,10,10,0,0,1,0
wingman_3OrP-20261004-023256_boss,early,,248.2,4,Scourge,1,0,1,381/382/0,10,10,0,0,1,0
wingman_3OrP-20261004-023256_boss,early,,248.2,5,Troubadour,0,0,1,402/34/371,10,10,0,0,1,0
wingman_3OrP-20261004-023256_boss,early,,248.2,6,Scourge,0,0,1,355/379/29,10,10,0,0,0,0
wingman_3OrP-20261004-023256_boss,early,,248.2,7,Scourge,0,0,1,405/420/38,10,10,0,0,0,0
wingman_3OrP-20261004-023256_boss,early,,248.2,8,Scourge,0,0,1,346/372/36,10,10,0,0,0,0
wingman_3OrP-20261004-023256_boss,early,,248.2,9,Evoker,1,0,1,0/380/381,10,10,0,0,0,0
wingman_3OrP-20261004-023256_boss,early,,297.6,0,Specter,1,0,1,319/526/0,10,10,0,0,0,0
wingman_3OrP-20261004-023256_boss,early,,297.6,1,Scourge,0,0,1,454/604/138,10,10,0,0,0,0
wingman_3OrP-20261004-023256_boss,early,,297.6,2,Scourge,0,0,1,42/339/322,10,10,0,0,0,0
wingman_3OrP-20261004-023256_boss,early,,297.6,3,Troubadour,0,0,1,58/339/291,10,10,0,0,1,0
wingman_3OrP-20261004-023256_boss,early,,297.6,4,Scourge,0,0,1,315/550/39,10,10,0,0,0,0
wingman_3OrP-20261004-023256_boss,early,,297.6,5,Troubadour,0,0,1,291/505/29,10,10,0,0,1,0
wingman_3OrP-20261004-023256_boss,early,,297.6,6,Scourge,0,0,1,433/67/593,10,10,0,0,0,0
wingman_3OrP-20261004-023256_boss,early,,297.6,7,Scourge,1,0,1,0/381/319,10,10,0,0,0,0
wingman_3OrP-20261004-023256_boss,early,,297.6,8,Scourge,0,0,1,439/58/577,10,10,0,0,0,0
wingman_3OrP-20261004-023256_boss,early,,297.6,9,Evoker,1,0,1,381/0/526,10,10,0,0,0,0
wingman_3OrP-20261004-023256_boss,early,,353.3,0,Specter,1,0,1,695/0/492,10,10,0,0,1,0
wingman_3OrP-20261004-023256_boss,early,,353.3,1,Scourge,0,0,1,745/54/544,10,10,0,0,1,0
wingman_3OrP-20261004-023256_boss,early,,353.3,2,Scourge,0,0,1,452/383/117,10,10,0,0,1,0
wingman_3OrP-20261004-023256_boss,early,,353.3,3,Troubadour,0,0,1,602/125/368,10,10,0,0,1,0
wingman_3OrP-20261004-023256_boss,early,,353.3,4,Scourge,1,0,1,468/492/0,10,10,0,0,0,0
wingman_3OrP-20261004-023256_boss,early,,353.3,5,Troubadour,0,0,1,490/557/67,10,10,0,0,1,0
wingman_3OrP-20261004-023256_boss,early,,353.3,6,Scourge,0,0,1,422/529/58,10,10,0,0,0,0
wingman_3OrP-20261004-023256_boss,early,,353.3,7,Scourge,0,0,1,76/702/527,10,10,0,0,0,0
wingman_3OrP-20261004-023256_boss,early,,353.3,8,Scourge,0,0,1,154/687/573,10,10,0,0,0,0
wingman_3OrP-20261004-023256_boss,early,,353.3,9,Evoker,1,0,1,0/695/468,10,10,0,0,0,0
wingman_3OrP-20261004-023256_boss,early,,398.0,0,Specter,1,0,1,511/0/899,10,10,0,0,0,0
wingman_3OrP-20261004-023256_boss,early,,398.0,1,Scourge,0,0,1,535/68/909,10,10,0,0,0,0
wingman_3OrP-20261004-023256_boss,early,,398.0,2,Scourge,0,0,1,85/595/327,10,10,0,0,1,0
wingman_3OrP-20261004-023256_boss,early,,398.0,3,Troubadour,0,0,1,146/578/443,10,10,0,0,1,0
wingman_3OrP-20261004-023256_boss,early,,398.0,4,Scourge,0,0,1,525/56/902,10,10,0,0,0,0
wingman_3OrP-20261004-023256_boss,early,,398.0,5,Troubadour,1,0,1,0/511/408,10,10,0,0,0,0
wingman_3OrP-20261004-023256_boss,early,,398.0,6,Scourge,0,0,1,122/568/430,10,10,0,0,0,0
wingman_3OrP-20261004-023256_boss,early,,398.0,7,Scourge,0,0,1,514/1010/112,10,10,0,0,1,0
wingman_3OrP-20261004-023256_boss,early,,398.0,8,Scourge,0,0,1,397/900/64,10,10,0,0,1,0
wingman_3OrP-20261004-023256_boss,early,,398.0,9,Evoker,1,0,1,408/899/0,10,10,0,0,1,0
wingman_3OrP-20261004-023256_boss,last,3,465.2,0,Specter,1,0,1,357/497/0,10,10,0,0,0,0
wingman_3OrP-20261004-023256_boss,last,3,465.2,1,Scourge,1,0,1,0/367/357,10,10,0,0,0,0
wingman_3OrP-20261004-023256_boss,last,3,465.2,2,Scourge,0,0,1,47/390/401,10,10,0,0,0,0
wingman_3OrP-20261004-023256_boss,last,3,465.2,3,Troubadour,0,0,1,22/358/376,10,10,0,0,0,0
wingman_3OrP-20261004-023256_boss,last,3,465.2,4,Scourge,0,0,1,380/519/24,10,10,0,0,0,0
wingman_3OrP-20261004-023256_boss,last,3,465.2,5,Troubadour,0,0,1,41/400/386,10,10,0,0,0,0
wingman_3OrP-20261004-023256_boss,last,3,465.2,6,Scourge,0,0,1,432/559/76,10,10,0,0,0,0
wingman_3OrP-20261004-023256_boss,last,3,465.2,7,Scourge,0,0,1,354/98/553,10,10,0,0,0,0
wingman_3OrP-20261004-023256_boss,last,3,465.2,8,Scourge,0,0,1,406/58/554,10,10,0,0,0,0
wingman_3OrP-20261004-023256_boss,last,3,465.2,9,Evoker,1,0,1,367/0/497,10,10,0,0,0,0
wingman_3OrP-20261004-023256_boss,last,33,495.3,0,Specter,1,0,1,0/420/368,10,10,0,0,1,0
wingman_3OrP-20261004-023256_boss,last,33,495.3,1,Scourge,0,0,1,488/651/128,10,10,0,0,0,0
wingman_3OrP-20261004-023256_boss,last,33,495.3,2,Scourge,1,0,1,368/535/0,10,10,0,0,0,0
wingman_3OrP-20261004-023256_boss,last,33,495.3,3,Troubadour,0,0,1,98/515/364,10,10,0,0,1,0
wingman_3OrP-20261004-023256_boss,last,33,495.3,4,Scourge,0,0,1,104/489/297,10,10,0,0,1,0
wingman_3OrP-20261004-023256_boss,last,33,495.3,5,Troubadour,0,0,1,454/88/502,10,10,0,0,1,0
wingman_3OrP-20261004-023256_boss,last,33,495.3,6,Scourge,1,0,1,420/0/535,10,10,0,0,0,0
wingman_3OrP-20261004-023256_boss,last,33,495.3,7,Scourge,0,0,1,337/93/448,10,10,0,0,1,0
wingman_3OrP-20261004-023256_boss,last,33,495.3,8,Scourge,0,0,1,434/649/116,10,10,0,0,0,0
wingman_3OrP-20261004-023256_boss,last,33,495.3,9,Evoker,0,0,1,362/59/500,10,10,0,0,0,0
wingman_3c4a4-20260930-233824_noe_fail,early,,2.6,0,Scourge,0,0,0,358,10,10,0,0,1,0
wingman_3c4a4-20260930-233824_noe_fail,early,,2.6,1,Troubadour,1,0,1,0,10,10,0,0,1,0
wingman_3c4a4-20260930-233824_noe_fail,early,,2.6,2,Scourge,0,0,1,109,10,10,0,0,1,0
wingman_3c4a4-20260930-233824_noe_fail,early,,2.6,3,Scourge,0,0,1,175,10,10,0,0,1,0
wingman_3c4a4-20260930-233824_noe_fail,early,,2.6,4,Specter,0,0,0,428,10,10,0,0,1,0
wingman_3c4a4-20260930-233824_noe_fail,early,,2.6,5,Specter,0,0,0,327,10,10,0,0,1,0
wingman_3c4a4-20260930-233824_noe_fail,early,,2.6,6,Troubadour,0,0,1,46,10,10,0,0,1,0
wingman_3c4a4-20260930-233824_noe_fail,early,,2.6,7,Scourge,0,0,1,145,10,10,0,0,1,0
wingman_3c4a4-20260930-233824_noe_fail,early,,2.6,8,Chronomancer,0,0,1,169,10,10,0,0,1,0
wingman_3c4a4-20260930-233824_noe_fail,early,,2.6,9,Scourge,0,0,1,106,10,10,0,0,1,0
wingman_3c4a4-20260930-233824_noe_fail,early,,50.1,0,Scourge,0,0,1,557/156/715,10,10,0,0,1,0
wingman_3c4a4-20260930-233824_noe_fail,early,,50.1,1,Troubadour,1,0,1,0/496/406,10,10,0,0,1,0
wingman_3c4a4-20260930-233824_noe_fail,early,,50.1,2,Scourge,0,0,1,471/573/81,10,10,0,0,1,0
wingman_3c4a4-20260930-233824_noe_fail,early,,50.1,3,Scourge,1,0,1,496/0/577,10,10,0,0,0,0
wingman_3c4a4-20260930-233824_noe_fail,early,,50.1,4,Specter,0,0,1,324/418/161,10,10,0,0,1,0
wingman_3c4a4-20260930-233824_noe_fail,early,,50.1,5,Specter,0,0,1,412/502/89,10,10,0,0,1,0
wingman_3c4a4-20260930-233824_noe_fail,early,,50.1,6,Troubadour,0,0,1,30/467/393,10,10,0,0,1,0
wingman_3c4a4-20260930-233824_noe_fail,early,,50.1,7,Scourge,0,0,1,24/483/423,10,10,0,0,0,0
wingman_3c4a4-20260930-233824_noe_fail,early,,50.1,8,Chronomancer,1,0,1,406/577/0,10,10,0,0,1,0
wingman_3c4a4-20260930-233824_noe_fail,early,,50.1,9,Scourge,0,0,1,466/102/621,10,10,0,0,0,0
wingman_3c4a4-20260930-233824_noe_fail,early,,94.9,0,Scourge,0,0,1,482/750/86,10,10,0,0,0,0
wingman_3c4a4-20260930-233824_noe_fail,early,,94.9,1,Troubadour,0,0,1,88/397/392,10,10,0,0,1,0
wingman_3c4a4-20260930-233824_noe_fail,early,,94.9,2,Scourge,1,0,1,0/466/425,10,10,0,0,0,0
wingman_3c4a4-20260930-233824_noe_fail,early,,94.9,3,Scourge,0,0,1,432/39/651,10,10,0,0,0,0
wingman_3c4a4-20260930-233824_noe_fail,early,,94.9,4,Specter,1,0,1,425/665/0,10,10,0,0,0,0
wingman_3c4a4-20260930-233824_noe_fail,early,,94.9,5,Specter,1,0,1,466/0/665,10,10,0,0,0,0
wingman_3c4a4-20260930-233824_noe_fail,early,,94.9,6,Troubadour,0,0,1,374/96/613,10,10,0,0,1,0
wingman_3c4a4-20260930-233824_noe_fail,early,,94.9,7,Scourge,0,0,1,79/504/495,10,10,0,0,0,0
wingman_3c4a4-20260930-233824_noe_fail,early,,94.9,8,Chronomancer,0,0,1,70/411/397,10,10,0,0,0,0
wingman_3c4a4-20260930-233824_noe_fail,early,,94.9,9,Scourge,0,0,1,441/696/32,10,10,0,0,0,0
wingman_3c4a4-20260930-233824_noe_fail,early,,143.6,0,Scourge,0,0,1,707/77/758,10,10,0,0,1,0
wingman_3c4a4-20260930-233824_noe_fail,early,,143.6,1,Troubadour,0,0,1,79/776/637,10,10,0,0,1,0
wingman_3c4a4-20260930-233824_noe_fail,early,,143.6,2,Scourge,0,0,1,529/768/128,10,10,0,0,1,0
wingman_3c4a4-20260930-233824_noe_fail,early,,143.6,3,Scourge,0,0,1,649/590/150,10,10,0,0,1,0
wingman_3c4a4-20260930-233824_noe_fail,early,,143.6,4,Specter,1,0,1,697/0/694,10,10,0,0,1,0
wingman_3c4a4-20260930-233824_noe_fail,early,,143.6,5,Specter,1,0,1,590/694/0,10,10,0,0,1,0
wingman_3c4a4-20260930-233824_noe_fail,early,,143.6,6,Troubadour,0,0,1,649/49/664,10,10,0,0,1,0
wingman_3c4a4-20260930-233824_noe_fail,early,,143.6,7,Scourge,0,0,1,591/114/661,10,10,0,0,1,0
wingman_3c4a4-20260930-233824_noe_fail,early,,143.6,8,Chronomancer,0,0,1,14/698/577,10,10,0,0,1,0
wingman_3c4a4-20260930-233824_noe_fail,early,,143.6,9,Scourge,1,0,1,0/697/590,10,10,0,0,1,0
wingman_3c4a4-20260930-233824_noe_fail,early,,199.0,0,Scourge,0,0,1,586/93/684,10,10,0,0,1,0
wingman_3c4a4-20260930-233824_noe_fail,early,,199.0,1,Troubadour,0,0,1,151/408/490,10,10,0,0,1,0
wingman_3c4a4-20260930-233824_noe_fail,early,,199.0,2,Scourge,0,0,1,418/696/29,10,10,0,0,1,0
wingman_3c4a4-20260930-233824_noe_fail,early,,199.0,3,Scourge,0,0,1,473/671/84,10,10,0,0,1,0
wingman_3c4a4-20260930-233824_noe_fail,early,,199.0,4,Specter,1,0,1,558/0/718,10,10,0,0,1,0
wingman_3c4a4-20260930-233824_noe_fail,early,,199.0,5,Specter,1,0,1,445/718/0,10,10,0,0,1,0
wingman_3c4a4-20260930-233824_noe_fail,early,,199.0,6,Troubadour,0,0,1,594/41/758,10,10,0,0,1,0
wingman_3c4a4-20260930-233824_noe_fail,early,,199.0,7,Scourge,0,0,0,288/274/502,10,10,0,0,1,0
wingman_3c4a4-20260930-233824_noe_fail,early,,199.0,8,Chronomancer,0,0,1,36/594/448,10,10,0,0,1,0
wingman_3c4a4-20260930-233824_noe_fail,early,,199.0,9,Scourge,1,0,1,0/558/445,10,10,0,0,1,0
wingman_3c4a4-20260930-233824_noe_fail,early,,243.9,0,Scourge,0,0,1,469/331/69,10,10,0,0,0,0
wingman_3c4a4-20260930-233824_noe_fail,early,,243.9,1,Troubadour,0,0,1,347/358/59,10,10,0,0,1,0
wingman_3c4a4-20260930-233824_noe_fail,early,,243.9,2,Scourge,0,0,1,118/593/333,10,10,0,0,0,0
wingman_3c4a4-20260930-233824_noe_fail,early,,243.9,3,Scourge,0,0,1,46/601/380,10,10,0,0,0,0
wingman_3c4a4-20260930-233824_noe_fail,early,,243.9,4,Specter,1,0,1,596/0/359,10,10,0,0,0,0
wingman_3c4a4-20260930-233824_noe_fail,early,,243.9,5,Specter,1,0,1,403/359/0,10,10,0,0,0,0
wingman_3c4a4-20260930-233824_noe_fail,early,,243.9,6,Troubadour,1,0,1,0/596/403,10,10,0,0,1,0
wingman_3c4a4-20260930-233824_noe_fail,early,,243.9,7,Scourge,0,0,1,670/74/415,10,10,0,0,0,0
wingman_3c4a4-20260930-233824_noe_fail,early,,243.9,8,Chronomancer,0,0,1,88/577/440,10,10,0,0,0,0
wingman_3c4a4-20260930-233824_noe_fail,early,,243.9,9,Scourge,0,0,1,599/75/411,10,10,0,0,0,0
wingman_3c4a4-20260930-233824_noe_fail,early,,307.0,0,Scourge,0,0,1,820/42/1205,10,10,0,0,0,0
wingman_3c4a4-20260930-233824_noe_fail,early,,307.0,1,Troubadour,0,0,1,126/852/864,10,10,0,0,1,0
wingman_3c4a4-20260930-233824_noe_fail,early,,307.0,2,Scourge,0,0,1,776/1235/44,10,10,0,0,0,0
wingman_3c4a4-20260930-233824_noe_fail,early,,307.0,3,Scourge,0,0,1,697/1182/82,10,10,0,0,0,0
wingman_3c4a4-20260930-233824_noe_fail,early,,307.0,4,Specter,1,0,1,789/0/1198,10,10,0,0,0,0
wingman_3c4a4-20260930-233824_noe_fail,early,,307.0,5,Specter,1,0,1,761/1198/0,10,10,0,0,0,0
wingman_3c4a4-20260930-233824_noe_fail,early,,307.0,6,Troubadour,0,0,1,46/824/726,10,10,0,0,1,0
wingman_3c4a4-20260930-233824_noe_fail,early,,307.0,7,Scourge,0,0,1,52/757/729,10,10,0,0,1,0
wingman_3c4a4-20260930-233824_noe_fail,early,,307.0,8,Chronomancer,1,0,1,0/789/761,10,10,0,0,1,0
wingman_3c4a4-20260930-233824_noe_fail,early,,307.0,9,Scourge,0,0,1,830/46/1242,10,10,0,0,0,0
wingman_3c4a4-20260930-233824_noe_fail,early,,354.2,0,Scourge,0,0,1,119/451,10,10,0,0,1,0
wingman_3c4a4-20260930-233824_noe_fail,early,,354.2,1,Troubadour,0,0,1,14/344,10,10,0,0,1,0
wingman_3c4a4-20260930-233824_noe_fail,early,,354.2,2,Scourge,0,0,1,513/160,10,10,0,0,0,0
wingman_3c4a4-20260930-233824_noe_fail,early,,354.2,3,Scourge,1,0,1,0/356,10,10,0,0,1,0
wingman_3c4a4-20260930-233824_noe_fail,early,,354.2,4,Specter,0,0,0,448/245,10,10,0,0,0,0
wingman_3c4a4-20260930-233824_noe_fail,early,,354.2,5,Specter,0,0,1,451/127,10,10,0,0,0,0
wingman_3c4a4-20260930-233824_noe_fail,early,,354.2,6,Troubadour,1,0,1,356/0,10,10,0,0,1,0
wingman_3c4a4-20260930-233824_noe_fail,early,,354.2,7,Scourge,0,0,1,402/86,10,10,0,0,0,0
wingman_3c4a4-20260930-233824_noe_fail,early,,354.2,8,Chronomancer,0,0,1,95/448,10,10,0,0,1,0
wingman_3c4a4-20260930-233824_noe_fail,early,,354.2,9,Scourge,0,0,1,115/452,10,10,0,0,1,0
wingman_3c4a4-20260930-233824_noe_fail,early,,401.2,0,Scourge,0,0,1,720/588/131,10,10,0,0,0,0
wingman_3c4a4-20260930-233824_noe_fail,early,,401.2,1,Troubadour,1,0,1,522/0/469,10,10,0,0,1,0
wingman_3c4a4-20260930-233824_noe_fail,early,,401.2,2,Scourge,0,0,1,59/577/705,10,10,0,0,0,0
wingman_3c4a4-20260930-233824_noe_fail,early,,401.2,3,Scourge,0,0,1,56/497/627,10,10,0,0,0,0
wingman_3c4a4-20260930-233824_noe_fail,early,,401.2,4,Specter,0,0,1,481/477/238,10,10,0,0,0,0
wingman_3c4a4-20260930-233824_noe_fail,early,,401.2,5,Specter,0,0,1,483/43/450,10,10,0,0,0,0
wingman_3c4a4-20260930-233824_noe_fail,early,,401.2,6,Troubadour,0,0,1,489/33/463,10,10,0,0,1,0
wingman_3c4a4-20260930-233824_noe_fail,early,,401.2,7,Scourge,1,0,1,0/522/680,10,10,0,0,0,0
wingman_3c4a4-20260930-233824_noe_fail,early,,401.2,8,Chronomancer,1,0,1,680/469/0,10,10,0,0,0,0
wingman_3c4a4-20260930-233824_noe_fail,early,,401.2,9,Scourge,0,0,1,808/586/133,10,10,0,0,0,0
wingman_3c4a4-20260930-233824_noe_fail,early,,445.7,0,Scourge,1,0,1,0/723/639,10,10,0,0,0,0
wingman_3c4a4-20260930-233824_noe_fail,early,,445.7,1,Troubadour,0,0,1,65/660/612,10,10,0,0,1,0
wingman_3c4a4-20260930-233824_noe_fail,early,,445.7,2,Scourge,1,0,1,723/0/601,10,10,0,0,0,0
wingman_3c4a4-20260930-233824_noe_fail,early,,445.7,3,Scourge,0,0,1,639/666/70,10,10,0,0,0,0
wingman_3c4a4-20260930-233824_noe_fail,early,,445.7,4,Specter,0,0,1,824/102/647,10,10,0,0,0,0
wingman_3c4a4-20260930-233824_noe_fail,early,,445.7,5,Specter,1,0,1,639/601/0,10,10,0,0,0,0
wingman_3c4a4-20260930-233824_noe_fail,early,,445.7,6,Troubadour,0,0,1,576/148/523,10,10,0,0,1,0
wingman_3c4a4-20260930-233824_noe_fail,early,,445.7,7,Scourge,0,0,1,656/690/91,10,10,0,0,0,0
wingman_3c4a4-20260930-233824_noe_fail,early,,445.7,8,Chronomancer,0,0,1,27/742/636,10,10,0,0,0,0
wingman_3c4a4-20260930-233824_noe_fail,early,,445.7,9,Scourge,0,0,1,706/19/584,10,10,0,0,0,0
wingman_3c4a4-20260930-233824_noe_fail,last,3,517.2,0,Scourge,0,0,1,696/1066/20,10,10,0,0,0,0
wingman_3c4a4-20260930-233824_noe_fail,last,3,517.2,1,Troubadour,0,0,1,120/506/635,10,10,0,0,1,0
wingman_3c4a4-20260930-233824_noe_fail,last,3,517.2,2,Scourge,0,0,1,514/105/1056,10,10,0,0,1,0
wingman_3c4a4-20260930-233824_noe_fail,last,3,517.2,3,Scourge,0,0,1,529/41/1023,8,8,0,0,1,0
wingman_3c4a4-20260930-233824_noe_fail,last,3,517.2,4,Specter,0,0,1,700/1003/109,10,10,0,0,0,0
wingman_3c4a4-20260930-233824_noe_fail,last,3,517.2,5,Specter,1,0,1,568/0/1048,10,10,0,0,1,0
wingman_3c4a4-20260930-233824_noe_fail,last,3,517.2,6,Troubadour,0,0,1,66/506/696,10,10,0,0,1,0
wingman_3c4a4-20260930-233824_noe_fail,last,3,517.2,7,Scourge,0,0,1,42/583/645,10,10,0,0,1,0
wingman_3c4a4-20260930-233824_noe_fail,last,3,517.2,8,Chronomancer,1,0,1,0/568/687,10,10,0,0,0,0
wingman_3c4a4-20260930-233824_noe_fail,last,3,517.2,9,Scourge,1,0,1,687/1048/0,10,10,0,0,0,0
wingman_3c4a4-20260930-233824_noe_fail,last,33,547.2,0,Scourge,0,0,1,795/1127/194,10,10,0,0,0,0
wingman_3c4a4-20260930-233824_noe_fail,last,33,547.2,1,Troubadour,0,0,1,114/491/766,10,10,0,0,1,0
wingman_3c4a4-20260930-233824_noe_fail,last,33,547.2,2,Scourge,1,1,1,556/0/941,10,7,3,0,0,1
wingman_3c4a4-20260930-233824_noe_fail,last,33,547.2,3,Scourge,0,0,1,640/165/1095,8,5,3,1,0,1
wingman_3c4a4-20260930-233824_noe_fail,last,33,547.2,4,Specter,0,0,1,705/968/42,10,10,0,0,0,0
wingman_3c4a4-20260930-233824_noe_fail,last,33,547.2,5,Specter,0,0,1,566/37/923,10,7,3,1,0,1
wingman_3c4a4-20260930-233824_noe_fail,last,33,547.2,6,Troubadour,0,0,1,109/494/762,10,10,0,0,1,0
wingman_3c4a4-20260930-233824_noe_fail,last,33,547.2,7,Scourge,1,0,1,665/941/0,10,10,0,0,0,0
wingman_3c4a4-20260930-233824_noe_fail,last,33,547.2,8,Chronomancer,1,0,1,0/556/665,10,10,0,0,0,0
wingman_3c4a4-20260930-233824_noe_fail,last,33,547.2,9,Scourge,0,0,1,585/925/119,10,10,0,0,0,0
wingman_45f7e-Account-81AD_20261004-012814_noe_kill,early,,2.9,0,Evoker,0,0,1,124,10,10,0,0,1,0
wingman_45f7e-Account-81AD_20261004-012814_noe_kill,early,,2.9,1,Scourge,0,0,1,167,10,10,0,0,1,0
wingman_45f7e-Account-81AD_20261004-012814_noe_kill,early,,2.9,2,Troubadour,1,0,1,0,10,10,0,0,1,0
wingman_45f7e-Account-81AD_20261004-012814_noe_kill,early,,2.9,3,Weaver,0,0,1,131,10,10,0,0,1,0
wingman_45f7e-Account-81AD_20261004-012814_noe_kill,early,,2.9,4,Scourge,0,0,0,391,10,10,0,0,1,0
wingman_45f7e-Account-81AD_20261004-012814_noe_kill,early,,2.9,5,Scourge,0,0,1,222,10,10,0,0,1,0
wingman_45f7e-Account-81AD_20261004-012814_noe_kill,early,,2.9,6,Troubadour,0,0,1,220,10,10,0,0,1,0
wingman_45f7e-Account-81AD_20261004-012814_noe_kill,early,,2.9,7,Evoker,0,0,0,377,10,10,0,0,1,0
wingman_45f7e-Account-81AD_20261004-012814_noe_kill,early,,2.9,8,Scourge,0,0,1,174,10,10,0,0,1,0
wingman_45f7e-Account-81AD_20261004-012814_noe_kill,early,,2.9,9,Evoker,0,0,1,16,10,10,0,0,1,0
wingman_45f7e-Account-81AD_20261004-012814_noe_kill,early,,50.0,0,Evoker,1,0,1,451/0/402,10,10,0,0,0,0
wingman_45f7e-Account-81AD_20261004-012814_noe_kill,early,,50.0,1,Scourge,0,0,1,441/395/24,10,10,0,0,0,0
wingman_45f7e-Account-81AD_20261004-012814_noe_kill,early,,50.0,2,Troubadour,1,0,1,0/451/423,10,10,0,0,1,0
wingman_45f7e-Account-81AD_20261004-012814_noe_kill,early,,50.0,3,Weaver,1,0,1,423/402/0,10,10,0,0,0,0
wingman_45f7e-Account-81AD_20261004-012814_noe_kill,early,,50.0,4,Scourge,0,0,1,423/500/110,10,10,0,0,0,0
wingman_45f7e-Account-81AD_20261004-012814_noe_kill,early,,50.0,5,Scourge,0,0,1,436/36/423,10,10,0,0,0,0
wingman_45f7e-Account-81AD_20261004-012814_noe_kill,early,,50.0,6,Troubadour,0,0,1,90/363/364,10,10,0,0,1,0
wingman_45f7e-Account-81AD_20261004-012814_noe_kill,early,,50.0,7,Evoker,0,0,1,344/146/440,10,10,0,0,0,0
wingman_45f7e-Account-81AD_20261004-012814_noe_kill,early,,50.0,8,Scourge,0,0,1,50/442/377,10,10,0,0,0,0
wingman_45f7e-Account-81AD_20261004-012814_noe_kill,early,,50.0,9,Evoker,0,0,1,352/125/425,10,10,0,0,0,0
wingman_45f7e-Account-81AD_20261004-012814_noe_kill,early,,94.7,0,Evoker,0,0,1,114/350/364,10,10,0,0,1,0
wingman_45f7e-Account-81AD_20261004-012814_noe_kill,early,,94.7,1,Scourge,0,0,1,496/54/565,10,10,0,0,1,0
wingman_45f7e-Account-81AD_20261004-012814_noe_kill,early,,94.7,2,Troubadour,0,0,1,53/428/403,10,10,0,0,1,0
wingman_45f7e-Account-81AD_20261004-012814_noe_kill,early,,94.7,3,Weaver,1,0,1,464/0/512,10,10,0,0,1,0
wingman_45f7e-Account-81AD_20261004-012814_noe_kill,early,,94.7,4,Scourge,0,0,1,511/106/610,10,10,0,0,1,0
wingman_45f7e-Account-81AD_20261004-012814_noe_kill,early,,94.7,5,Scourge,0,0,1,366/486/26,10,10,0,0,0,0
wingman_45f7e-Account-81AD_20261004-012814_noe_kill,early,,94.7,6,Troubadour,1,0,1,373/512/0,10,10,0,0,1,0
wingman_45f7e-Account-81AD_20261004-012814_noe_kill,early,,94.7,7,Evoker,1,0,1,0/464/373,10,10,0,0,0,0
wingman_45f7e-Account-81AD_20261004-012814_noe_kill,early,,94.7,8,Scourge,0,0,1,112/374/420,10,10,0,0,0,0
wingman_45f7e-Account-81AD_20261004-012814_noe_kill,early,,94.7,9,Evoker,0,0,1,422/463/94,10,10,0,0,0,0
wingman_45f7e-Account-81AD_20261004-012814_noe_kill,early,,145.3,0,Evoker,1,0,1,438/0/317,10,10,0,0,1,0
wingman_45f7e-Account-81AD_20261004-012814_noe_kill,early,,145.3,1,Scourge,0,0,1,449/32/347,10,10,0,0,1,0
wingman_45f7e-Account-81AD_20261004-012814_noe_kill,early,,145.3,2,Troubadour,0,0,1,27/417/320,10,10,0,0,1,0
wingman_45f7e-Account-81AD_20261004-012814_noe_kill,early,,145.3,3,Weaver,0,0,1,401/42/279,10,10,0,0,1,0
wingman_45f7e-Account-81AD_20261004-012814_noe_kill,early,,145.3,4,Scourge,0,0,1,434/7/310,10,10,0,0,0,0
wingman_45f7e-Account-81AD_20261004-012814_noe_kill,early,,145.3,5,Scourge,0,0,1,302/328/22,10,10,0,0,1,0
wingman_45f7e-Account-81AD_20261004-012814_noe_kill,early,,145.3,6,Troubadour,0,0,1,63/469/305,10,10,0,0,1,0
wingman_45f7e-Account-81AD_20261004-012814_noe_kill,early,,145.3,7,Evoker,1,0,1,0/438/321,10,10,0,0,1,0
wingman_45f7e-Account-81AD_20261004-012814_noe_kill,early,,145.3,8,Scourge,0,0,1,322/393/76,10,10,0,0,1,0
wingman_45f7e-Account-81AD_20261004-012814_noe_kill,early,,145.3,9,Evoker,1,0,1,321/317/0,10,10,0,0,1,0
wingman_45f7e-Account-81AD_20261004-012814_noe_kill,early,,191.3,0,Evoker,1,0,1,414/425/0,10,10,0,0,1,0
wingman_45f7e-Account-81AD_20261004-012814_noe_kill,early,,191.3,1,Scourge,1,0,1,549/0/425,10,10,0,0,1,0
wingman_45f7e-Account-81AD_20261004-012814_noe_kill,early,,191.3,2,Troubadour,0,0,1,10/550/423,10,10,0,0,1,0
wingman_45f7e-Account-81AD_20261004-012814_noe_kill,early,,191.3,3,Weaver,0,0,1,566/54/399,10,10,0,0,1,0
wingman_45f7e-Account-81AD_20261004-012814_noe_kill,early,,191.3,4,Scourge,0,0,1,531/85/475,10,10,0,0,1,0
wingman_45f7e-Account-81AD_20261004-012814_noe_kill,early,,191.3,5,Scourge,0,0,1,307/503/142,10,10,0,0,1,0
wingman_45f7e-Account-81AD_20261004-012814_noe_kill,early,,191.3,6,Troubadour,0,0,1,74/606/419,10,10,0,0,1,0
wingman_45f7e-Account-81AD_20261004-012814_noe_kill,early,,191.3,7,Evoker,1,0,1,0/549/414,10,10,0,0,1,0
wingman_45f7e-Account-81AD_20261004-012814_noe_kill,early,,191.3,8,Scourge,0,0,1,539/14/425,10,10,0,0,1,0
wingman_45f7e-Account-81AD_20261004-012814_noe_kill,early,,191.3,9,Evoker,0,0,1,369/420/45,10,10,0,0,1,0
wingman_45f7e-Account-81AD_20261004-012814_noe_kill,early,,237.0,0,Evoker,0,0,1,53/679/523,10,10,0,0,0,0
wingman_45f7e-Account-81AD_20261004-012814_noe_kill,early,,237.0,1,Scourge,1,0,1,0/702/515,10,10,0,0,0,0
wingman_45f7e-Account-81AD_20261004-012814_noe_kill,early,,237.0,2,Troubadour,0,0,1,530/448/51,10,10,0,0,1,0
wingman_45f7e-Account-81AD_20261004-012814_noe_kill,early,,237.0,3,Weaver,0,0,1,411/417/105,10,10,0,0,0,0
wingman_45f7e-Account-81AD_20261004-012814_noe_kill,early,,237.0,4,Scourge,0,0,1,772/107/399,10,10,0,0,0,0
wingman_45f7e-Account-81AD_20261004-012814_noe_kill,early,,237.0,5,Scourge,1,0,1,515/401/0,10,10,0,0,1,0
wingman_45f7e-Account-81AD_20261004-012814_noe_kill,early,,237.0,6,Troubadour,0,0,1,116/812/591,10,10,0,0,1,0
wingman_45f7e-Account-81AD_20261004-012814_noe_kill,early,,237.0,7,Evoker,0,0,1,733/31/419,10,10,0,0,0,0
wingman_45f7e-Account-81AD_20261004-012814_noe_kill,early,,237.0,8,Scourge,1,0,1,702/0/401,10,10,0,0,0,0
wingman_45f7e-Account-81AD_20261004-012814_noe_kill,early,,237.0,9,Evoker,0,0,1,537/443/49,10,10,0,0,0,0
wingman_45f7e-Account-81AD_20261004-012814_noe_kill,early,,285.4,0,Evoker,0,0,1,811/407/92,10,10,0,0,0,0
wingman_45f7e-Account-81AD_20261004-012814_noe_kill,early,,285.4,1,Scourge,1,0,1,495/0/467,10,10,0,0,1,0
wingman_45f7e-Account-81AD_20261004-012814_noe_kill,early,,285.4,2,Troubadour,0,0,1,93/485/769,10,10,0,0,0,0
wingman_45f7e-Account-81AD_20261004-012814_noe_kill,early,,285.4,3,Weaver,0,0,1,573/85/401,10,10,0,0,1,0
wingman_45f7e-Account-81AD_20261004-012814_noe_kill,early,,285.4,4,Scourge,0,0,1,892/517/66,10,10,0,0,0,0
wingman_45f7e-Account-81AD_20261004-012814_noe_kill,early,,285.4,5,Scourge,0,0,1,111/447/831,10,10,0,0,1,0
wingman_45f7e-Account-81AD_20261004-012814_noe_kill,early,,285.4,6,Troubadour,1,0,1,828/467/0,10,10,0,0,1,0
wingman_45f7e-Account-81AD_20261004-012814_noe_kill,early,,285.4,7,Evoker,0,0,1,469/55/521,10,10,0,0,0,0
wingman_45f7e-Account-81AD_20261004-012814_noe_kill,early,,285.4,8,Scourge,0,0,1,534/55/487,10,10,0,0,0,0
wingman_45f7e-Account-81AD_20261004-012814_noe_kill,early,,285.4,9,Evoker,1,0,1,0/495/828,10,10,0,0,1,0
wingman_45f7e-Account-81AD_20261004-012814_noe_kill,early,,332.9,0,Evoker,1,0,1,465/457/0,10,10,0,0,1,0
wingman_45f7e-Account-81AD_20261004-012814_noe_kill,early,,332.9,1,Scourge,1,0,1,319/0/457,10,10,0,0,1,0
wingman_45f7e-Account-81AD_20261004-012814_noe_kill,early,,332.9,2,Troubadour,0,0,1,72/388/514,10,10,0,0,1,0
wingman_45f7e-Account-81AD_20261004-012814_noe_kill,early,,332.9,3,Weaver,0,0,1,505/450/71,10,10,0,0,1,0
wingman_45f7e-Account-81AD_20261004-012814_noe_kill,early,,332.9,4,Scourge,0,0,1,599/600/146,10,10,0,0,1,0
wingman_45f7e-Account-81AD_20261004-012814_noe_kill,early,,332.9,5,Scourge,0,0,1,117/431/551,9,9,0,0,1,0
wingman_45f7e-Account-81AD_20261004-012814_noe_kill,early,,332.9,6,Troubadour,0,0,1,131/448/548,10,10,0,0,1,0
wingman_45f7e-Account-81AD_20261004-012814_noe_kill,early,,332.9,7,Evoker,0,0,1,381/130/586,10,10,0,0,1,0
wingman_45f7e-Account-81AD_20261004-012814_noe_kill,early,,332.9,8,Scourge,0,0,1,366/71/525,10,10,0,0,1,0
wingman_45f7e-Account-81AD_20261004-012814_noe_kill,early,,332.9,9,Evoker,1,0,1,0/319/465,10,10,0,0,1,0
wingman_45f7e-Account-81AD_20261004-012814_noe_kill,early,,380.4,0,Evoker,1,0,1,379/0/474,10,10,0,0,1,0
wingman_45f7e-Account-81AD_20261004-012814_noe_kill,early,,380.4,1,Scourge,0,0,1,429/66/454,10,10,0,0,1,0
wingman_45f7e-Account-81AD_20261004-012814_noe_kill,early,,380.4,2,Troubadour,0,0,1,97/356/387,10,10,0,0,0,0
wingman_45f7e-Account-81AD_20261004-012814_noe_kill,early,,380.4,3,Weaver,1,0,1,483/474/0,10,10,0,0,1,0
wingman_45f7e-Account-81AD_20261004-012814_noe_kill,early,,380.4,4,Scourge,0,0,1,427/101/575,10,10,0,0,1,0
wingman_45f7e-Account-81AD_20261004-012814_noe_kill,early,,380.4,5,Scourge,0,0,1,570/507/97,9,9,0,0,1,0
wingman_45f7e-Account-81AD_20261004-012814_noe_kill,early,,380.4,6,Troubadour,0,0,1,41/410/472,10,10,0,0,1,0
wingman_45f7e-Account-81AD_20261004-012814_noe_kill,early,,380.4,7,Evoker,1,0,1,0/379/483,10,10,0,0,1,0
wingman_45f7e-Account-81AD_20261004-012814_noe_kill,early,,380.4,8,Scourge,0,0,1,570/484/115,10,10,0,0,1,0
wingman_45f7e-Account-81AD_20261004-012814_noe_kill,early,,380.4,9,Evoker,0,0,1,463/474/28,10,10,0,0,1,0
wingman_45f7e-Account-81AD_20261004-012814_noe_kill,early,,425.3,0,Evoker,0,0,1,85/547/401,10,10,0,0,1,0
wingman_45f7e-Account-81AD_20261004-012814_noe_kill,early,,425.3,1,Scourge,0,0,1,447/418/102,10,10,0,0,1,0
wingman_45f7e-Account-81AD_20261004-012814_noe_kill,early,,425.3,2,Troubadour,0,0,1,105/509/326,10,10,0,0,1,0
wingman_45f7e-Account-81AD_20261004-012814_noe_kill,early,,425.3,3,Weaver,0,1,1,656/47/365,10,10,0,0,0,0
wingman_45f7e-Account-81AD_20261004-012814_noe_kill,early,,425.3,4,Scourge,1,0,1,0/611/424,10,10,0,0,1,0
wingman_45f7e-Account-81AD_20261004-012814_noe_kill,early,,425.3,5,Scourge,0,0,1,676/81/346,9,9,0,0,0,0
wingman_45f7e-Account-81AD_20261004-012814_noe_kill,early,,425.3,6,Troubadour,1,1,1,424/323/0,10,10,0,0,0,0
wingman_45f7e-Account-81AD_20261004-012814_noe_kill,early,,425.3,7,Evoker,0,0,1,662/63/341,10,10,0,0,1,0
wingman_45f7e-Account-81AD_20261004-012814_noe_kill,early,,425.3,8,Scourge,0,0,1,399/465/142,10,10,0,0,0,0
wingman_45f7e-Account-81AD_20261004-012814_noe_kill,early,,425.3,9,Evoker,1,0,1,611/0/323,10,10,0,0,0,0
wingman_45f7e-Account-81AD_20261004-012814_noe_kill,last,3,472.6,0,Evoker,1,0,1,471/458/0,10,10,0,0,0,0
wingman_45f7e-Account-81AD_20261004-012814_noe_kill,last,3,472.6,1,Scourge,1,0,1,419/0/458,10,10,0,0,0,0
wingman_45f7e-Account-81AD_20261004-012814_noe_kill,last,3,472.6,2,Troubadour,0,0,1,78/351/411,10,10,0,0,1,0
wingman_45f7e-Account-81AD_20261004-012814_noe_kill,last,3,472.6,3,Weaver,0,0,1,376/43/438,10,10,0,0,0,0
wingman_45f7e-Account-81AD_20261004-012814_noe_kill,last,3,472.6,4,Scourge,1,0,1,0/419/471,10,10,0,0,0,0
wingman_45f7e-Account-81AD_20261004-012814_noe_kill,last,3,472.6,5,Scourge,0,0,1,518/544/86,9,9,0,0,1,0
wingman_45f7e-Account-81AD_20261004-012814_noe_kill,last,3,472.6,6,Troubadour,0,0,1,13/406/470,10,10,0,0,1,0
wingman_45f7e-Account-81AD_20261004-012814_noe_kill,last,3,472.6,7,Evoker,0,0,1,436/540/135,10,10,0,0,1,0
wingman_45f7e-Account-81AD_20261004-012814_noe_kill,last,3,472.6,8,Scourge,0,0,1,410/87/531,10,10,0,0,1,0
wingman_45f7e-Account-81AD_20261004-012814_noe_kill,last,3,472.6,9,Evoker,0,0,1,424/465/62,10,10,0,0,1,0
wingman_45f7e-Account-81AD_20261004-012814_noe_kill,last,33,502.7,0,Evoker,1,0,1,1059/507/0,10,10,0,0,0,0
wingman_45f7e-Account-81AD_20261004-012814_noe_kill,last,33,502.7,1,Scourge,0,0,1,38/620/1068,10,10,0,0,1,0
wingman_45f7e-Account-81AD_20261004-012814_noe_kill,last,33,502.7,2,Troubadour,1,0,1,622/0/507,10,10,0,0,1,0
wingman_45f7e-Account-81AD_20261004-012814_noe_kill,last,33,502.7,3,Weaver,1,0,1,0/622/1059,10,10,0,0,1,0
wingman_45f7e-Account-81AD_20261004-012814_noe_kill,last,33,502.7,4,Scourge,0,0,1,65/574/1026,10,10,0,0,1,0
wingman_45f7e-Account-81AD_20261004-012814_noe_kill,last,33,502.7,5,Scourge,0,0,1,995/419/100,9,9,0,0,0,0
wingman_45f7e-Account-81AD_20261004-012814_noe_kill,last,33,502.7,6,Troubadour,0,0,1,622/30/528,10,10,0,0,1,0
wingman_45f7e-Account-81AD_20261004-012814_noe_kill,last,33,502.7,7,Evoker,0,1,0,1005/613/309,10,10,0,0,0,0
wingman_45f7e-Account-81AD_20261004-012814_noe_kill,last,33,502.7,8,Scourge,0,0,1,1015/459/48,10,10,0,0,0,0
wingman_45f7e-Account-81AD_20261004-012814_noe_kill,last,33,502.7,9,Evoker,0,0,1,654/94/431,10,10,0,0,1,0
wingman_45f7e-Account-81AD_20261004-012814_noe_kill,last,63,532.6,0,Evoker,0,0,0,911/958/1396,10,10,0,0,1,0
wingman_45f7e-Account-81AD_20261004-012814_noe_kill,last,63,532.6,1,Scourge,0,0,1,411/41/886,10,7,3,1,0,1
wingman_45f7e-Account-81AD_20261004-012814_noe_kill,last,63,532.6,3,Weaver,1,0,1,372/0/845,10,7,3,0,0,1
wingman_45f7e-Account-81AD_20261004-012814_noe_kill,last,63,532.6,4,Scourge,1,0,1,554/845/0,10,10,0,0,0,0
wingman_45f7e-Account-81AD_20261004-012814_noe_kill,last,63,532.6,5,Scourge,0,0,1,418/744/160,9,9,0,0,0,0
wingman_45f7e-Account-81AD_20261004-012814_noe_kill,last,63,532.6,6,Troubadour,0,0,1,170/511/386,10,10,0,0,1,0
wingman_45f7e-Account-81AD_20261004-012814_noe_kill,last,63,532.6,7,Evoker,0,0,1,646/927/94,10,10,0,0,0,0
wingman_45f7e-Account-81AD_20261004-012814_noe_kill,last,63,532.6,8,Scourge,0,0,1,585/864/43,10,10,0,0,0,0
wingman_45f7e-Account-81AD_20261004-012814_noe_kill,last,63,532.6,9,Evoker,1,0,1,0/372/554,10,7,3,1,0,1
wingman_47495-Account-8B25_20261001-234602_noe_fail,early,,3.0,0,Scourge,0,0,0,294,10,10,0,0,1,0
wingman_47495-Account-8B25_20261001-234602_noe_fail,early,,3.0,1,Evoker,0,0,1,206,10,10,0,0,1,0
wingman_47495-Account-8B25_20261001-234602_noe_fail,early,,3.0,2,Harbinger,0,0,0,293,10,10,0,0,1,0
wingman_47495-Account-8B25_20261001-234602_noe_fail,early,,3.0,3,Troubadour,0,0,1,222,10,10,0,0,1,0
wingman_47495-Account-8B25_20261001-234602_noe_fail,early,,3.0,4,Scourge,1,0,1,0,10,10,0,0,1,0
wingman_47495-Account-8B25_20261001-234602_noe_fail,early,,3.0,5,Scourge,0,0,0,285,10,10,0,0,1,0
wingman_47495-Account-8B25_20261001-234602_noe_fail,early,,3.0,6,Scourge,0,0,0,305,10,10,0,0,1,0
wingman_47495-Account-8B25_20261001-234602_noe_fail,early,,3.0,7,Specter,0,0,0,244,10,10,0,0,1,0
wingman_47495-Account-8B25_20261001-234602_noe_fail,early,,3.0,8,Scourge,0,0,0,368,10,10,0,0,0,0
wingman_47495-Account-8B25_20261001-234602_noe_fail,early,,3.0,9,Troubadour,0,0,1,222,10,10,0,0,1,0
wingman_47495-Account-8B25_20261001-234602_noe_fail,early,,50.2,0,Scourge,0,0,1,74/378/450,10,10,0,0,0,0
wingman_47495-Account-8B25_20261001-234602_noe_fail,early,,50.2,1,Evoker,0,0,1,456/506/62,10,10,0,0,0,0
wingman_47495-Account-8B25_20261001-234602_noe_fail,early,,50.2,2,Harbinger,0,0,1,36/409/499,10,10,0,0,1,0
wingman_47495-Account-8B25_20261001-234602_noe_fail,early,,50.2,3,Troubadour,0,0,1,429/443/80,10,10,0,0,1,0
wingman_47495-Account-8B25_20261001-234602_noe_fail,early,,50.2,4,Scourge,1,0,1,0/444/506,10,10,0,0,0,0
wingman_47495-Account-8B25_20261001-234602_noe_fail,early,,50.2,5,Scourge,1,0,1,444/0/506,10,10,0,0,1,0
wingman_47495-Account-8B25_20261001-234602_noe_fail,early,,50.2,6,Scourge,1,0,1,506/506/0,10,10,0,0,0,0
wingman_47495-Account-8B25_20261001-234602_noe_fail,early,,50.2,7,Specter,0,0,1,589/219/432,10,10,0,0,1,0
wingman_47495-Account-8B25_20261001-234602_noe_fail,early,,50.2,8,Scourge,0,0,1,73/389/441,10,10,0,0,1,0
wingman_47495-Account-8B25_20261001-234602_noe_fail,early,,50.2,9,Troubadour,0,0,1,427/42/464,10,10,0,0,1,0
wingman_47495-Account-8B25_20261001-234602_noe_fail,early,,94.6,0,Scourge,0,0,1,68/334/424,10,10,0,0,1,0
wingman_47495-Account-8B25_20261001-234602_noe_fail,early,,94.6,1,Evoker,0,0,1,413/526/59,10,10,0,0,1,0
wingman_47495-Account-8B25_20261001-234602_noe_fail,early,,94.6,2,Harbinger,0,0,1,37/366/481,10,10,0,0,1,0
wingman_47495-Account-8B25_20261001-234602_noe_fail,early,,94.6,3,Troubadour,0,0,1,427/402/148,10,10,0,0,1,0
wingman_47495-Account-8B25_20261001-234602_noe_fail,early,,94.6,4,Scourge,0,0,1,32/425/467,10,10,0,0,1,0
wingman_47495-Account-8B25_20261001-234602_noe_fail,early,,94.6,5,Scourge,1,0,1,394/0/536,10,10,0,0,0,0
wingman_47495-Account-8B25_20261001-234602_noe_fail,early,,94.6,6,Scourge,1,0,1,463/536/0,10,10,0,0,1,0
wingman_47495-Account-8B25_20261001-234602_noe_fail,early,,94.6,7,Specter,1,0,1,0/394/463,10,10,0,0,0,0
wingman_47495-Account-8B25_20261001-234602_noe_fail,early,,94.6,8,Scourge,0,0,1,381/19/518,10,10,0,0,0,0
wingman_47495-Account-8B25_20261001-234602_noe_fail,early,,94.6,9,Troubadour,0,0,1,379/84/457,10,10,0,0,1,0
wingman_47495-Account-8B25_20261001-234602_noe_fail,early,,147.4,0,Scourge,0,0,1,24/386/614,10,10,0,0,1,0
wingman_47495-Account-8B25_20261001-234602_noe_fail,early,,147.4,1,Evoker,0,0,1,581/590/39,10,10,0,0,1,0
wingman_47495-Account-8B25_20261001-234602_noe_fail,early,,147.4,2,Harbinger,1,0,1,0/373/591,10,10,0,0,1,0
wingman_47495-Account-8B25_20261001-234602_noe_fail,early,,147.4,3,Troubadour,0,0,1,596/552/122,10,10,0,0,1,0
wingman_47495-Account-8B25_20261001-234602_noe_fail,early,,147.4,4,Scourge,0,0,1,56/419/635,10,10,0,0,1,0
wingman_47495-Account-8B25_20261001-234602_noe_fail,early,,147.4,5,Scourge,1,0,1,373/0/621,10,10,0,0,1,0
wingman_47495-Account-8B25_20261001-234602_noe_fail,early,,147.4,6,Scourge,1,0,1,591/621/0,10,10,0,0,1,0
wingman_47495-Account-8B25_20261001-234602_noe_fail,early,,147.4,7,Specter,0,0,1,309/91/654,10,10,0,0,1,0
wingman_47495-Account-8B25_20261001-234602_noe_fail,early,,147.4,8,Scourge,0,0,1,97/432/528,10,10,0,0,1,0
wingman_47495-Account-8B25_20261001-234602_noe_fail,early,,147.4,9,Troubadour,0,0,1,252/143/523,10,10,0,0,1,0
wingman_47495-Account-8B25_20261001-234602_noe_fail,early,,202.5,0,Scourge,0,0,1,360/499/42,10,10,0,0,1,0
wingman_47495-Account-8B25_20261001-234602_noe_fail,early,,202.5,1,Evoker,0,0,1,400/18/451,10,10,0,0,1,0
wingman_47495-Account-8B25_20261001-234602_noe_fail,early,,202.5,2,Harbinger,1,0,1,0/411/319,10,10,0,0,1,0
wingman_47495-Account-8B25_20261001-234602_noe_fail,early,,202.5,3,Troubadour,0,0,1,387/133/533,10,10,0,0,1,0
wingman_47495-Account-8B25_20261001-234602_noe_fail,early,,202.5,4,Scourge,1,0,1,319/469/0,10,10,0,0,1,0
wingman_47495-Account-8B25_20261001-234602_noe_fail,early,,202.5,5,Scourge,0,0,1,20/431/328,10,10,0,0,1,0
wingman_47495-Account-8B25_20261001-234602_noe_fail,early,,202.5,6,Scourge,1,0,1,411/0/469,10,10,0,0,1,0
wingman_47495-Account-8B25_20261001-234602_noe_fail,early,,202.5,7,Specter,0,0,1,106/352/395,10,10,0,0,1,0
wingman_47495-Account-8B25_20261001-234602_noe_fail,early,,202.5,8,Scourge,0,0,1,295/412/56,10,10,0,0,1,0
wingman_47495-Account-8B25_20261001-234602_noe_fail,early,,202.5,9,Troubadour,0,0,1,21/393/327,10,10,0,0,1,0
wingman_47495-Account-8B25_20261001-234602_noe_fail,early,,249.6,0,Scourge,0,0,1,535/409/53,10,10,0,0,1,0
wingman_47495-Account-8B25_20261001-234602_noe_fail,early,,249.6,1,Evoker,0,0,1,59/442/495,10,10,0,0,1,0
wingman_47495-Account-8B25_20261001-234602_noe_fail,early,,249.6,2,Harbinger,0,0,1,429/401/115,10,10,0,0,1,0
wingman_47495-Account-8B25_20261001-234602_noe_fail,early,,249.6,3,Troubadour,1,0,1,0/397/492,10,10,0,0,1,0
wingman_47495-Account-8B25_20261001-234602_noe_fail,early,,249.6,4,Scourge,1,0,1,492/357/0,10,10,0,0,1,0
wingman_47495-Account-8B25_20261001-234602_noe_fail,early,,249.6,5,Scourge,1,0,1,397/0/357,10,10,0,0,1,0
wingman_47495-Account-8B25_20261001-234602_noe_fail,early,,249.6,6,Scourge,0,0,1,67/446/492,10,10,0,0,1,0
wingman_47495-Account-8B25_20261001-234602_noe_fail,early,,249.6,7,Specter,0,0,1,388/22/336,10,10,0,0,1,0
wingman_47495-Account-8B25_20261001-234602_noe_fail,early,,249.6,8,Scourge,0,0,1,438/333/54,10,10,0,0,1,0
wingman_47495-Account-8B25_20261001-234602_noe_fail,early,,249.6,9,Troubadour,0,0,1,423/51/317,10,10,0,0,1,0
wingman_47495-Account-8B25_20261001-234602_noe_fail,early,,294.9,0,Scourge,0,0,1,523/562/35,10,10,0,0,0,0
wingman_47495-Account-8B25_20261001-234602_noe_fail,early,,294.9,1,Evoker,0,0,1,18/671/477,10,10,0,0,0,0
wingman_47495-Account-8B25_20261001-234602_noe_fail,early,,294.9,2,Harbinger,1,0,1,495/535/0,10,10,0,0,1,0
wingman_47495-Account-8B25_20261001-234602_noe_fail,early,,294.9,3,Troubadour,0,0,1,121/786/526,10,10,0,0,1,0
wingman_47495-Account-8B25_20261001-234602_noe_fail,early,,294.9,4,Scourge,0,0,1,472/515/29,10,10,0,0,1,0
wingman_47495-Account-8B25_20261001-234602_noe_fail,early,,294.9,5,Scourge,1,0,1,680/0/535,10,10,0,0,0,0
wingman_47495-Account-8B25_20261001-234602_noe_fail,early,,294.9,6,Scourge,1,0,1,0/680/495,10,10,0,0,0,0
wingman_47495-Account-8B25_20261001-234602_noe_fail,early,,294.9,7,Specter,0,0,1,792/141/562,10,10,0,0,1,0
wingman_47495-Account-8B25_20261001-234602_noe_fail,early,,294.9,8,Scourge,0,0,1,606/551/112,10,10,0,0,0,0
wingman_47495-Account-8B25_20261001-234602_noe_fail,early,,294.9,9,Troubadour,0,0,1,548/132/460,10,10,0,0,1,0
wingman_47495-Account-8B25_20261001-234602_noe_fail,early,,342.4,0,Scourge,0,0,1,696/392/39,10,10,0,0,1,0
wingman_47495-Account-8B25_20261001-234602_noe_fail,early,,342.4,1,Evoker,0,0,1,29/414/695,10,10,0,0,1,0
wingman_47495-Account-8B25_20261001-234602_noe_fail,early,,342.4,2,Harbinger,1,0,1,386/0/387,10,10,0,0,1,0
wingman_47495-Account-8B25_20261001-234602_noe_fail,early,,342.4,3,Troubadour,0,0,1,51/389/700,10,10,0,0,1,0
wingman_47495-Account-8B25_20261001-234602_noe_fail,early,,342.4,4,Scourge,1,0,1,674/387/0,10,10,0,0,1,0
wingman_47495-Account-8B25_20261001-234602_noe_fail,early,,342.4,5,Scourge,0,0,1,759/446/95,10,10,0,0,0,0
wingman_47495-Account-8B25_20261001-234602_noe_fail,early,,342.4,6,Scourge,1,0,1,0/386/674,10,10,0,0,1,0
wingman_47495-Account-8B25_20261001-234602_noe_fail,early,,342.4,7,Specter,0,0,1,403/27/397,10,10,0,0,0,0
wingman_47495-Account-8B25_20261001-234602_noe_fail,early,,342.4,8,Scourge,0,0,1,393/30/409,10,10,0,0,1,0
wingman_47495-Account-8B25_20261001-234602_noe_fail,early,,342.4,9,Troubadour,0,0,1,701/381/72,10,10,0,0,1,0
wingman_47495-Account-8B25_20261001-234602_noe_fail,early,,394.0,0,Scourge,0,0,1,72/629/349,10,10,0,0,1,0
wingman_47495-Account-8B25_20261001-234602_noe_fail,early,,394.0,1,Evoker,1,0,1,378/363/0,10,10,0,0,0,0
wingman_47495-Account-8B25_20261001-234602_noe_fail,early,,394.0,2,Harbinger,0,0,1,436/375/65,10,10,0,0,1,0
wingman_47495-Account-8B25_20261001-234602_noe_fail,early,,394.0,3,Troubadour,0,0,1,652/33/387,10,10,0,0,1,0
wingman_47495-Account-8B25_20261001-234602_noe_fail,early,,394.0,4,Scourge,0,0,1,119/678/381,10,10,0,0,1,0
wingman_47495-Account-8B25_20261001-234602_noe_fail,early,,394.0,5,Scourge,0,0,1,81/681/458,10,10,0,0,0,0
wingman_47495-Account-8B25_20261001-234602_noe_fail,early,,394.0,6,Scourge,1,0,1,620/0/363,10,10,0,0,0,0
wingman_47495-Account-8B25_20261001-234602_noe_fail,early,,394.0,7,Specter,0,0,1,363/400/37,10,10,0,0,0,0
wingman_47495-Account-8B25_20261001-234602_noe_fail,early,,394.0,8,Scourge,1,0,1,0/620/378,10,10,0,0,0,0
wingman_47495-Account-8B25_20261001-234602_noe_fail,early,,394.0,9,Troubadour,0,0,1,579/47/317,10,10,0,0,0,0
wingman_47495-Account-8B25_20261001-234602_noe_fail,early,,438.8,0,Scourge,0,0,1,22/413/429,10,10,0,0,1,0
wingman_47495-Account-8B25_20261001-234602_noe_fail,early,,438.8,1,Evoker,1,0,1,0/407/408,10,10,0,0,1,0
wingman_47495-Account-8B25_20261001-234602_noe_fail,early,,438.8,2,Harbinger,0,0,1,128/510/505,10,10,0,0,1,0
wingman_47495-Account-8B25_20261001-234602_noe_fail,early,,438.8,3,Troubadour,0,0,1,378/112/463,10,10,0,0,1,0
wingman_47495-Account-8B25_20261001-234602_noe_fail,early,,438.8,4,Scourge,0,0,1,167/574/459,10,10,0,0,1,0
wingman_47495-Account-8B25_20261001-234602_noe_fail,early,,438.8,5,Scourge,1,0,1,408/566/0,10,10,0,0,0,0
wingman_47495-Account-8B25_20261001-234602_noe_fail,early,,438.8,6,Scourge,1,0,1,407/0/566,10,10,0,0,1,0
wingman_47495-Account-8B25_20261001-234602_noe_fail,early,,438.8,7,Specter,0,0,1,342/448/118,10,10,0,0,0,0
wingman_47495-Account-8B25_20261001-234602_noe_fail,early,,438.8,8,Scourge,0,0,1,384/24/545,10,10,0,0,1,0
wingman_47495-Account-8B25_20261001-234602_noe_fail,early,,438.8,9,Troubadour,0,0,1,329/534/84,10,10,0,0,1,0
wingman_47495-Account-8B25_20261001-234602_noe_fail,last,3,514.8,0,Scourge,1,0,1,0/518/325,10,10,0,0,0,0
wingman_47495-Account-8B25_20261001-234602_noe_fail,last,3,514.8,1,Evoker,0,0,1,33/532/355,10,10,0,0,0,0
wingman_47495-Account-8B25_20261001-234602_noe_fail,last,3,514.8,2,Harbinger,0,0,1,314/330/21,10,10,0,0,0,0
wingman_47495-Account-8B25_20261001-234602_noe_fail,last,3,514.8,3,Troubadour,1,0,1,325/344/0,10,10,0,0,1,0
wingman_47495-Account-8B25_20261001-234602_noe_fail,last,3,514.8,4,Scourge,1,0,1,518/0/344,9,9,0,0,0,0
wingman_47495-Account-8B25_20261001-234602_noe_fail,last,3,514.8,5,Scourge,0,0,1,590/74/397,9,9,0,0,1,0
wingman_47495-Account-8B25_20261001-234602_noe_fail,last,3,514.8,6,Scourge,0,0,1,112/616/436,10,10,0,0,1,0
wingman_47495-Account-8B25_20261001-234602_noe_fail,last,3,514.8,7,Specter,0,0,1,474/82/266,10,10,0,0,1,0
wingman_47495-Account-8B25_20261001-234602_noe_fail,last,3,514.8,8,Scourge,0,0,1,299/326/37,10,10,0,0,0,0
wingman_47495-Account-8B25_20261001-234602_noe_fail,last,3,514.8,9,Troubadour,0,0,1,466/52/300,9,9,0,0,1,0
wingman_47495-Account-8B25_20261001-234602_noe_fail,last,33,544.8,0,Scourge,1,0,1,0/466/388,10,10,0,0,1,0
wingman_47495-Account-8B25_20261001-234602_noe_fail,last,33,544.8,1,Evoker,0,0,1,50/424/421,10,10,0,0,1,0
wingman_47495-Account-8B25_20261001-234602_noe_fail,last,33,544.8,2,Harbinger,0,0,1,540/78/718,10,10,0,0,1,0
wingman_47495-Account-8B25_20261001-234602_noe_fail,last,33,544.8,3,Troubadour,0,0,1,140/399/514,10,10,0,0,1,0
wingman_47495-Account-8B25_20261001-234602_noe_fail,last,33,544.8,4,Scourge,0,0,1,447/124/548,9,9,0,0,0,0
wingman_47495-Account-8B25_20261001-234602_noe_fail,last,33,544.8,5,Scourge,0,0,1,359/579/65,9,9,0,0,0,0
wingman_47495-Account-8B25_20261001-234602_noe_fail,last,33,544.8,6,Scourge,1,0,1,466/0/642,10,10,0,0,0,0
wingman_47495-Account-8B25_20261001-234602_noe_fail,last,33,544.8,7,Specter,1,0,1,388/642/0,10,10,0,0,0,0
wingman_47495-Account-8B25_20261001-234602_noe_fail,last,33,544.8,8,Scourge,0,0,1,121/365/470,10,10,0,0,0,0
wingman_47495-Account-8B25_20261001-234602_noe_fail,last,33,544.8,9,Troubadour,0,0,1,363/675/78,9,9,0,0,1,0
wingman_47495-Account-8B25_20261001-234602_noe_fail,last,63,574.9,0,Scourge,0,0,1,19,10,10,0,0,1,0
wingman_47495-Account-8B25_20261001-234602_noe_fail,last,63,574.9,1,Evoker,0,0,1,170,10,10,0,0,1,0
wingman_47495-Account-8B25_20261001-234602_noe_fail,last,63,574.9,2,Harbinger,0,1,0,940,10,10,0,0,0,0
wingman_47495-Account-8B25_20261001-234602_noe_fail,last,63,574.9,3,Troubadour,0,0,1,138,10,10,0,0,1,0
wingman_47495-Account-8B25_20261001-234602_noe_fail,last,63,574.9,5,Scourge,0,0,1,42,9,9,0,0,0,0
wingman_47495-Account-8B25_20261001-234602_noe_fail,last,63,574.9,6,Scourge,1,0,1,0,10,10,0,0,0,0
wingman_47495-Account-8B25_20261001-234602_noe_fail,last,63,574.9,7,Specter,0,0,1,9,10,10,0,0,0,0
wingman_47495-Account-8B25_20261001-234602_noe_fail,last,63,574.9,8,Scourge,0,0,1,67,10,10,0,0,1,0
wingman_47495-Account-8B25_20261001-234602_noe_fail,last,63,574.9,9,Troubadour,0,0,1,150,10,10,0,0,1,0
wingman_47d67-20261004-012811_noe_kill,early,,2.8,0,Specter,0,0,1,134,10,10,0,0,1,0
wingman_47d67-20261004-012811_noe_kill,early,,2.8,1,Scourge,0,0,1,112,10,10,0,0,1,0
wingman_47d67-20261004-012811_noe_kill,early,,2.8,2,Scourge,0,0,0,286,10,10,0,0,1,0
wingman_47d67-20261004-012811_noe_kill,early,,2.8,3,Troubadour,1,0,1,0,10,10,0,0,1,0
wingman_47d67-20261004-012811_noe_kill,early,,2.8,4,Scourge,0,0,1,91,10,10,0,0,1,0
wingman_47d67-20261004-012811_noe_kill,early,,2.8,5,Troubadour,0,0,1,186,10,10,0,0,1,0
wingman_47d67-20261004-012811_noe_kill,early,,2.8,6,Scourge,0,0,1,163,10,10,0,0,1,0
wingman_47d67-20261004-012811_noe_kill,early,,2.8,7,Scourge,0,0,1,115,10,10,0,0,1,0
wingman_47d67-20261004-012811_noe_kill,early,,2.8,8,Scourge,0,0,1,76,10,10,0,0,1,0
wingman_47d67-20261004-012811_noe_kill,early,,2.8,9,Evoker,0,0,1,79,10,10,0,0,1,0
wingman_47d67-20261004-012811_noe_kill,early,,49.6,0,Specter,0,0,1,434/523/137,10,10,0,0,0,0
wingman_47d67-20261004-012811_noe_kill,early,,49.6,1,Scourge,0,0,1,369/134/651,10,10,0,0,1,0
wingman_47d67-20261004-012811_noe_kill,early,,49.6,2,Scourge,0,0,1,440/657/45,10,10,0,0,0,0
wingman_47d67-20261004-012811_noe_kill,early,,49.6,3,Troubadour,1,0,1,0/457/459,10,10,0,0,1,0
wingman_47d67-20261004-012811_noe_kill,early,,49.6,4,Scourge,0,0,1,426/539/111,10,10,0,0,0,0
wingman_47d67-20261004-012811_noe_kill,early,,49.6,5,Troubadour,0,0,1,24/459/483,10,10,0,0,1,0
wingman_47d67-20261004-012811_noe_kill,early,,49.6,6,Scourge,0,0,1,56/504/493,10,10,0,0,1,0
wingman_47d67-20261004-012811_noe_kill,early,,49.6,7,Scourge,0,0,1,406/102/668,10,10,0,0,0,0
wingman_47d67-20261004-012811_noe_kill,early,,49.6,8,Scourge,1,0,1,459/642/0,10,10,0,0,0,0
wingman_47d67-20261004-012811_noe_kill,early,,49.6,9,Evoker,1,0,1,457/0/642,10,10,0,0,0,0
wingman_47d67-20261004-012811_noe_kill,early,,94.1,0,Specter,1,0,1,383/449/0,10,10,0,0,0,0
wingman_47d67-20261004-012811_noe_kill,early,,94.1,1,Scourge,0,0,1,368/125/485,10,10,0,0,1,0
wingman_47d67-20261004-012811_noe_kill,early,,94.1,2,Scourge,0,0,1,358/517/96,10,10,0,0,0,0
wingman_47d67-20261004-012811_noe_kill,early,,94.1,3,Troubadour,0,0,1,46/399/348,10,10,0,0,1,0
wingman_47d67-20261004-012811_noe_kill,early,,94.1,4,Scourge,0,0,1,366/503/73,10,10,0,0,0,0
wingman_47d67-20261004-012811_noe_kill,early,,94.1,5,Troubadour,0,0,1,475/129/564,10,10,0,0,1,0
wingman_47d67-20261004-012811_noe_kill,early,,94.1,6,Scourge,1,0,1,0/439/383,10,10,0,0,0,0
wingman_47d67-20261004-012811_noe_kill,early,,94.1,7,Scourge,0,0,1,348/120/456,10,10,0,0,1,0
wingman_47d67-20261004-012811_noe_kill,early,,94.1,8,Scourge,0,0,1,113/544/473,10,10,0,0,0,0
wingman_47d67-20261004-012811_noe_kill,early,,94.1,9,Evoker,1,0,1,439/0/449,10,10,0,0,1,0
wingman_47d67-20261004-012811_noe_kill,early,,156.6,0,Specter,1,0,1,420/0/691,10,10,0,0,1,0
wingman_47d67-20261004-012811_noe_kill,early,,156.6,1,Scourge,0,0,1,432/717/56,10,10,0,0,1,0
wingman_47d67-20261004-012811_noe_kill,early,,156.6,2,Scourge,0,0,1,404/118/742,10,10,0,0,1,0
wingman_47d67-20261004-012811_noe_kill,early,,156.6,3,Troubadour,0,0,1,93/415/530,10,10,0,0,1,0
wingman_47d67-20261004-012811_noe_kill,early,,156.6,4,Scourge,0,0,1,373/83/692,10,10,0,0,1,0
wingman_47d67-20261004-012811_noe_kill,early,,156.6,5,Troubadour,0,0,1,414/717/88,10,10,0,0,1,0
wingman_47d67-20261004-012811_noe_kill,early,,156.6,6,Scourge,1,0,1,438/691/0,10,10,0,0,1,0
wingman_47d67-20261004-012811_noe_kill,early,,156.6,7,Scourge,1,0,1,0/420/438,10,10,0,0,1,0
wingman_47d67-20261004-012811_noe_kill,early,,156.6,8,Scourge,0,0,1,142/551/357,10,10,0,0,1,0
wingman_47d67-20261004-012811_noe_kill,early,,156.6,9,Evoker,0,0,1,469/711/32,10,10,0,0,1,0
wingman_47d67-20261004-012811_noe_kill,early,,211.3,0,Specter,1,0,1,416/0/364,10,10,0,0,1,0
wingman_47d67-20261004-012811_noe_kill,early,,211.3,1,Scourge,0,0,1,500/451/92,10,10,0,0,1,0
wingman_47d67-20261004-012811_noe_kill,early,,211.3,2,Scourge,0,0,1,479/63/397,10,10,0,0,1,0
wingman_47d67-20261004-012811_noe_kill,early,,211.3,3,Troubadour,0,0,1,123/320/313,10,10,0,0,1,0
wingman_47d67-20261004-012811_noe_kill,early,,211.3,4,Scourge,0,0,1,483/73/422,10,10,0,0,1,0
wingman_47d67-20261004-012811_noe_kill,early,,211.3,5,Troubadour,0,0,1,432/436/80,10,10,0,0,1,0
wingman_47d67-20261004-012811_noe_kill,early,,211.3,6,Scourge,0,0,1,177/249/390,10,10,0,0,0,0
wingman_47d67-20261004-012811_noe_kill,early,,211.3,7,Scourge,1,0,1,0/416/427,10,10,0,0,1,0
wingman_47d67-20261004-012811_noe_kill,early,,211.3,8,Scourge,0,0,1,49/402/381,10,10,0,0,1,0
wingman_47d67-20261004-012811_noe_kill,early,,211.3,9,Evoker,1,0,1,427/364/0,10,10,0,0,1,0
wingman_47d67-20261004-012811_noe_kill,early,,256.0,0,Specter,1,0,1,0/402/492,10,10,0,0,1,0
wingman_47d67-20261004-012811_noe_kill,early,,256.0,1,Scourge,0,0,1,481/89/505,10,10,0,0,1,0
wingman_47d67-20261004-012811_noe_kill,early,,256.0,2,Scourge,0,0,1,53/372/511,10,10,0,0,1,0
wingman_47d67-20261004-012811_noe_kill,early,,256.0,3,Troubadour,0,0,1,426/393/66,10,10,0,0,1,0
wingman_47d67-20261004-012811_noe_kill,early,,256.0,4,Scourge,0,0,1,120/350/550,10,10,0,0,1,0
wingman_47d67-20261004-012811_noe_kill,early,,256.0,5,Troubadour,0,0,1,436/303/134,10,10,0,0,1,0
wingman_47d67-20261004-012811_noe_kill,early,,256.0,6,Scourge,0,0,1,355/368/137,10,10,0,0,1,0
wingman_47d67-20261004-012811_noe_kill,early,,256.0,7,Scourge,0,0,1,447/68/400,10,10,0,0,1,0
wingman_47d67-20261004-012811_noe_kill,early,,256.0,8,Scourge,1,0,1,492/435/0,10,10,0,0,1,0
wingman_47d67-20261004-012811_noe_kill,early,,256.0,9,Evoker,1,0,1,402/0/435,10,10,0,0,1,0
wingman_47d67-20261004-012811_noe_kill,early,,313.5,0,Specter,1,0,1,0/359/358,10,10,0,0,1,0
wingman_47d67-20261004-012811_noe_kill,early,,313.5,1,Scourge,0,0,1,421/63/612,10,10,0,0,1,0
wingman_47d67-20261004-012811_noe_kill,early,,313.5,2,Scourge,0,0,1,369/580/29,10,10,0,0,1,0
wingman_47d67-20261004-012811_noe_kill,early,,313.5,3,Troubadour,0,0,1,37/382/385,10,10,0,0,1,0
wingman_47d67-20261004-012811_noe_kill,early,,313.5,4,Scourge,1,0,1,358/555/0,10,10,0,0,1,0
wingman_47d67-20261004-012811_noe_kill,early,,313.5,5,Troubadour,0,0,1,83/372/439,10,10,0,0,0,0
wingman_47d67-20261004-012811_noe_kill,early,,313.5,6,Scourge,0,0,1,372/562/15,10,10,0,0,0,0
wingman_47d67-20261004-012811_noe_kill,early,,313.5,7,Scourge,0,0,1,313/76/556,10,10,0,0,0,0
wingman_47d67-20261004-012811_noe_kill,early,,313.5,8,Scourge,0,0,1,75/343/432,10,10,0,0,0,0
wingman_47d67-20261004-012811_noe_kill,early,,313.5,9,Evoker,1,0,1,359/0/555,10,10,0,0,0,0
wingman_47d67-20261004-012811_noe_kill,early,,360.8,0,Specter,1,0,1,369/0/635,10,10,0,0,0,0
wingman_47d67-20261004-012811_noe_kill,early,,360.8,1,Scourge,0,0,1,397/641/51,10,10,0,0,1,0
wingman_47d67-20261004-012811_noe_kill,early,,360.8,2,Scourge,0,0,1,437/86/720,10,10,0,0,0,0
wingman_47d67-20261004-012811_noe_kill,early,,360.8,3,Troubadour,0,0,1,46/407/384,10,10,0,0,1,0
wingman_47d67-20261004-012811_noe_kill,early,,360.8,4,Scourge,1,0,1,0/369/419,10,10,0,0,1,0
wingman_47d67-20261004-012811_noe_kill,early,,360.8,5,Troubadour,1,0,1,419/635/0,9,9,0,0,1,0
wingman_47d67-20261004-012811_noe_kill,early,,360.8,6,Scourge,0,0,1,409/95/717,10,10,0,0,0,0
wingman_47d67-20261004-012811_noe_kill,early,,360.8,7,Scourge,0,0,1,431/666/42,10,10,0,0,0,0
wingman_47d67-20261004-012811_noe_kill,early,,360.8,8,Scourge,0,0,1,82/419/341,10,10,0,0,1,0
wingman_47d67-20261004-012811_noe_kill,early,,360.8,9,Evoker,0,0,1,461/683/48,10,10,0,0,0,0
wingman_47d67-20261004-012811_noe_kill,early,,409.6,0,Specter,0,0,1,772/127/435,10,10,0,0,0,0
wingman_47d67-20261004-012811_noe_kill,early,,409.6,1,Scourge,0,0,1,569/648/130,10,10,0,0,0,0
wingman_47d67-20261004-012811_noe_kill,early,,409.6,2,Scourge,1,0,1,530/522/0,10,10,0,0,0,0
wingman_47d67-20261004-012811_noe_kill,early,,409.6,3,Troubadour,0,0,1,733/44/504,10,10,0,0,1,0
wingman_47d67-20261004-012811_noe_kill,early,,409.6,4,Scourge,1,0,1,773/0/522,10,10,0,0,0,0
wingman_47d67-20261004-012811_noe_kill,early,,409.6,5,Troubadour,0,0,1,727/48/480,9,9,0,0,0,0
wingman_47d67-20261004-012811_noe_kill,early,,409.6,6,Scourge,1,0,1,0/773/530,10,10,0,0,0,0
wingman_47d67-20261004-012811_noe_kill,early,,409.6,7,Scourge,0,0,1,46/763/492,10,10,0,0,0,0
wingman_47d67-20261004-012811_noe_kill,early,,409.6,8,Scourge,0,0,1,57/717/495,10,10,0,0,0,0
wingman_47d67-20261004-012811_noe_kill,early,,409.6,9,Evoker,0,0,1,550/682/161,10,10,0,0,0,0
wingman_47d67-20261004-012811_noe_kill,early,,454.5,0,Specter,1,0,1,410/0/585,10,10,0,0,1,0
wingman_47d67-20261004-012811_noe_kill,early,,454.5,1,Scourge,1,0,1,432/585/0,10,10,0,0,1,0
wingman_47d67-20261004-012811_noe_kill,early,,454.5,2,Scourge,0,0,1,408/60/626,10,10,0,0,1,0
wingman_47d67-20261004-012811_noe_kill,early,,454.5,3,Troubadour,0,0,1,148/367/305,10,10,0,0,1,0
wingman_47d67-20261004-012811_noe_kill,early,,454.5,4,Scourge,0,0,1,454/47/627,10,10,0,0,1,0
wingman_47d67-20261004-012811_noe_kill,early,,454.5,5,Troubadour,0,0,1,333/98/578,9,9,0,0,1,0
wingman_47d67-20261004-012811_noe_kill,early,,454.5,6,Scourge,1,0,1,0/410/432,10,10,0,0,1,0
wingman_47d67-20261004-012811_noe_kill,early,,454.5,7,Scourge,0,0,1,462/623/39,10,10,0,0,0,0
wingman_47d67-20261004-012811_noe_kill,early,,454.5,8,Scourge,0,0,1,78/447/504,10,10,0,0,1,0
wingman_47d67-20261004-012811_noe_kill,early,,454.5,9,Evoker,0,0,1,462/603/31,10,10,0,0,0,0
wingman_47d67-20261004-012811_noe_kill,last,3,509.0,0,Specter,1,0,1,494/0/392,10,10,0,0,0,0
wingman_47d67-20261004-012811_noe_kill,last,3,509.0,1,Scourge,0,0,1,489/27/408,10,10,0,0,0,0
wingman_47d67-20261004-012811_noe_kill,last,3,509.0,2,Scourge,0,0,1,537/48/405,10,10,0,0,0,0
wingman_47d67-20261004-012811_noe_kill,last,3,509.0,3,Troubadour,0,0,1,407/405/25,10,10,0,0,1,0
wingman_47d67-20261004-012811_noe_kill,last,3,509.0,4,Scourge,0,0,1,496/2/392,10,10,0,0,0,0
wingman_47d67-20261004-012811_noe_kill,last,3,509.0,5,Troubadour,0,0,1,118/610/447,9,9,0,0,1,0
wingman_47d67-20261004-012811_noe_kill,last,3,509.0,6,Scourge,1,0,1,383/392/0,10,10,0,0,1,0
wingman_47d67-20261004-012811_noe_kill,last,3,509.0,7,Scourge,0,0,1,84/571/410,10,10,0,0,1,0
wingman_47d67-20261004-012811_noe_kill,last,3,509.0,8,Scourge,0,0,1,402/373/29,10,10,0,0,0,0
wingman_47d67-20261004-012811_noe_kill,last,3,509.0,9,Evoker,1,0,1,0/494/383,10,10,0,0,1,0
wingman_47d67-20261004-012811_noe_kill,last,33,539.1,0,Specter,0,0,1,301/449/163,10,10,0,0,1,0
wingman_47d67-20261004-012811_noe_kill,last,33,539.1,1,Scourge,0,0,1,87/383/544,10,10,0,0,1,0
wingman_47d67-20261004-012811_noe_kill,last,33,539.1,2,Scourge,0,0,1,526/596/63,10,10,0,0,1,0
wingman_47d67-20261004-012811_noe_kill,last,33,539.1,3,Troubadour,0,0,1,353/465/112,10,10,0,0,1,0
wingman_47d67-20261004-012811_noe_kill,last,33,539.1,4,Scourge,1,0,1,0/392/463,10,10,0,0,1,0
wingman_47d67-20261004-012811_noe_kill,last,33,539.1,5,Troubadour,0,0,1,366/41/562,9,9,0,0,0,0
wingman_47d67-20261004-012811_noe_kill,last,33,539.1,6,Scourge,1,0,1,392/0/551,10,10,0,0,0,0
wingman_47d67-20261004-012811_noe_kill,last,33,539.1,7,Scourge,0,0,1,356/123/429,10,10,0,0,0,0
wingman_47d67-20261004-012811_noe_kill,last,33,539.1,8,Scourge,1,0,1,463/551/0,10,10,0,0,0,0
wingman_47d67-20261004-012811_noe_kill,last,33,539.1,9,Evoker,0,0,1,133/413/595,10,10,0,0,0,0
wingman_4bfb1-Account-F0CC_20261004-232956_noe_kill,early,,3.1,0,Scourge,0,0,1,69,10,10,0,0,1,0
wingman_4bfb1-Account-F0CC_20261004-232956_noe_kill,early,,3.1,1,Scourge,0,0,1,143,10,10,0,0,1,0
wingman_4bfb1-Account-F0CC_20261004-232956_noe_kill,early,,3.1,2,Specter,1,0,1,0,10,10,0,0,1,0
wingman_4bfb1-Account-F0CC_20261004-232956_noe_kill,early,,3.1,3,Troubadour,0,0,0,287,10,10,0,0,1,0
wingman_4bfb1-Account-F0CC_20261004-232956_noe_kill,early,,3.1,4,Scourge,0,0,1,213,10,10,0,0,1,0
wingman_4bfb1-Account-F0CC_20261004-232956_noe_kill,early,,3.1,5,Troubadour,0,0,1,84,10,10,0,0,1,0
wingman_4bfb1-Account-F0CC_20261004-232956_noe_kill,early,,3.1,6,Scourge,0,0,1,180,10,10,0,0,1,0
wingman_4bfb1-Account-F0CC_20261004-232956_noe_kill,early,,3.1,7,Renegade,0,0,1,218,10,10,0,0,1,0
wingman_4bfb1-Account-F0CC_20261004-232956_noe_kill,early,,3.1,8,Scourge,0,0,1,162,10,10,0,0,1,0
wingman_4bfb1-Account-F0CC_20261004-232956_noe_kill,early,,3.1,9,Specter,0,0,1,106,10,10,0,0,1,0
wingman_4bfb1-Account-F0CC_20261004-232956_noe_kill,early,,50.1,0,Scourge,0,0,1,499/28/385,10,10,0,0,0,0
wingman_4bfb1-Account-F0CC_20261004-232956_noe_kill,early,,50.1,1,Scourge,0,0,1,18/500/444,10,10,0,0,0,0
wingman_4bfb1-Account-F0CC_20261004-232956_noe_kill,early,,50.1,2,Specter,1,0,1,0/509/440,10,10,0,0,0,0
wingman_4bfb1-Account-F0CC_20261004-232956_noe_kill,early,,50.1,3,Troubadour,0,0,1,521/14/369,10,10,0,0,1,0
wingman_4bfb1-Account-F0CC_20261004-232956_noe_kill,early,,50.1,4,Scourge,0,0,1,403/353/38,10,10,0,0,0,0
wingman_4bfb1-Account-F0CC_20261004-232956_noe_kill,early,,50.1,5,Troubadour,0,0,1,432/328/41,10,10,0,0,1,0
wingman_4bfb1-Account-F0CC_20261004-232956_noe_kill,early,,50.1,6,Scourge,0,0,1,49/476/391,10,10,0,0,1,0
wingman_4bfb1-Account-F0CC_20261004-232956_noe_kill,early,,50.1,7,Renegade,1,0,1,509/0/368,10,10,0,0,1,0
wingman_4bfb1-Account-F0CC_20261004-232956_noe_kill,early,,50.1,8,Scourge,0,0,1,358/363/82,10,10,0,0,1,0
wingman_4bfb1-Account-F0CC_20261004-232956_noe_kill,early,,50.1,9,Specter,1,0,1,440/368/0,10,10,0,0,1,0
wingman_4bfb1-Account-F0CC_20261004-232956_noe_kill,early,,94.8,0,Scourge,0,0,1,364/32/458,10,10,0,0,0,0
wingman_4bfb1-Account-F0CC_20261004-232956_noe_kill,early,,94.8,1,Scourge,0,0,1,78/435/419,10,10,0,0,0,0
wingman_4bfb1-Account-F0CC_20261004-232956_noe_kill,early,,94.8,2,Specter,0,0,1,369/60/438,10,10,0,0,0,0
wingman_4bfb1-Account-F0CC_20261004-232956_noe_kill,early,,94.8,3,Troubadour,1,0,1,375/481/0,10,10,0,0,1,0
wingman_4bfb1-Account-F0CC_20261004-232956_noe_kill,early,,94.8,4,Scourge,0,0,1,61/415/357,10,10,0,0,0,0
wingman_4bfb1-Account-F0CC_20261004-232956_noe_kill,early,,94.8,5,Troubadour,0,0,1,33/363/408,10,10,0,0,1,0
wingman_4bfb1-Account-F0CC_20261004-232956_noe_kill,early,,94.8,6,Scourge,0,0,1,379/550/94,10,10,0,0,1,0
wingman_4bfb1-Account-F0CC_20261004-232956_noe_kill,early,,94.8,7,Renegade,1,0,1,0/361/375,10,10,0,0,1,0
wingman_4bfb1-Account-F0CC_20261004-232956_noe_kill,early,,94.8,8,Scourge,1,0,1,361/0/481,10,10,0,0,1,0
wingman_4bfb1-Account-F0CC_20261004-232956_noe_kill,early,,94.8,9,Specter,0,0,1,361/507/51,10,10,0,0,1,0
wingman_4bfb1-Account-F0CC_20261004-232956_noe_kill,early,,141.0,0,Scourge,0,0,1,37/509/809,10,10,0,0,0,0
wingman_4bfb1-Account-F0CC_20261004-232956_noe_kill,early,,141.0,1,Scourge,0,0,1,26/507/838,10,10,0,0,1,0
wingman_4bfb1-Account-F0CC_20261004-232956_noe_kill,early,,141.0,2,Specter,0,0,1,681/206/514,10,10,0,0,1,0
wingman_4bfb1-Account-F0CC_20261004-232956_noe_kill,early,,141.0,3,Troubadour,1,0,1,486/0/585,10,10,0,0,1,0
wingman_4bfb1-Account-F0CC_20261004-232956_noe_kill,early,,141.0,4,Scourge,0,0,1,742/502/84,10,10,0,0,1,0
wingman_4bfb1-Account-F0CC_20261004-232956_noe_kill,early,,141.0,5,Troubadour,0,0,1,844/586/54,10,10,0,0,1,0
wingman_4bfb1-Account-F0CC_20261004-232956_noe_kill,early,,141.0,6,Scourge,0,0,1,121/575/816,10,10,0,0,0,0
wingman_4bfb1-Account-F0CC_20261004-232956_noe_kill,early,,141.0,7,Renegade,1,0,1,0/486/812,10,10,0,0,0,0
wingman_4bfb1-Account-F0CC_20261004-232956_noe_kill,early,,141.0,8,Scourge,1,0,1,812/585/0,10,10,0,0,0,0
wingman_4bfb1-Account-F0CC_20261004-232956_noe_kill,early,,141.0,9,Specter,0,0,1,559/77/553,10,10,0,0,1,0
wingman_4bfb1-Account-F0CC_20261004-232956_noe_kill,early,,196.0,0,Scourge,0,0,1,197/340/551,10,10,0,0,1,0
wingman_4bfb1-Account-F0CC_20261004-232956_noe_kill,early,,196.0,1,Scourge,0,0,1,380/686/56,10,10,0,0,1,0
wingman_4bfb1-Account-F0CC_20261004-232956_noe_kill,early,,196.0,2,Specter,0,0,1,569/183/630,10,10,0,0,1,0
wingman_4bfb1-Account-F0CC_20261004-232956_noe_kill,early,,196.0,3,Troubadour,1,0,1,428/697/0,10,10,0,0,1,0
wingman_4bfb1-Account-F0CC_20261004-232956_noe_kill,early,,196.0,4,Scourge,0,0,1,137/640/383,10,10,0,0,1,0
wingman_4bfb1-Account-F0CC_20261004-232956_noe_kill,early,,196.0,5,Troubadour,0,0,1,474/47/685,10,10,0,0,1,0
wingman_4bfb1-Account-F0CC_20261004-232956_noe_kill,early,,196.0,6,Scourge,0,0,1,309/664/134,10,10,0,0,1,0
wingman_4bfb1-Account-F0CC_20261004-232956_noe_kill,early,,196.0,7,Renegade,1,0,1,0/511/428,10,10,0,0,0,0
wingman_4bfb1-Account-F0CC_20261004-232956_noe_kill,early,,196.0,8,Scourge,0,0,1,527/117/634,10,10,0,0,1,0
wingman_4bfb1-Account-F0CC_20261004-232956_noe_kill,early,,196.0,9,Specter,1,0,1,511/0/697,10,10,0,0,0,0
wingman_4bfb1-Account-F0CC_20261004-232956_noe_kill,early,,242.2,0,Scourge,0,0,1,756/765/56,10,10,0,0,0,0
wingman_4bfb1-Account-F0CC_20261004-232956_noe_kill,early,,242.2,1,Scourge,0,0,1,715/711/48,10,10,0,0,0,0
wingman_4bfb1-Account-F0CC_20261004-232956_noe_kill,early,,242.2,2,Specter,0,0,1,374/92/769,10,10,0,0,0,0
wingman_4bfb1-Account-F0CC_20261004-232956_noe_kill,early,,242.2,3,Troubadour,1,0,1,433/0/726,10,10,0,0,1,0
wingman_4bfb1-Account-F0CC_20261004-232956_noe_kill,early,,242.2,4,Scourge,1,0,1,0/433/702,10,10,0,0,0,0
wingman_4bfb1-Account-F0CC_20261004-232956_noe_kill,early,,242.2,5,Troubadour,0,0,1,583/662/128,10,10,0,0,1,0
wingman_4bfb1-Account-F0CC_20261004-232956_noe_kill,early,,242.2,6,Scourge,0,0,1,407/38/742,9,9,0,0,0,0
wingman_4bfb1-Account-F0CC_20261004-232956_noe_kill,early,,242.2,7,Renegade,0,0,1,34/414/723,10,10,0,0,0,0
wingman_4bfb1-Account-F0CC_20261004-232956_noe_kill,early,,242.2,8,Scourge,0,0,1,34/467/713,10,10,0,0,0,0
wingman_4bfb1-Account-F0CC_20261004-232956_noe_kill,early,,242.2,9,Specter,1,0,1,702/726/0,10,10,0,0,0,0
wingman_4bfb1-Account-F0CC_20261004-232956_noe_kill,early,,295.8,0,Scourge,0,0,1,777/97/368,10,10,0,0,0,0
wingman_4bfb1-Account-F0CC_20261004-232956_noe_kill,early,,295.8,1,Scourge,0,0,1,874/126/465,10,10,0,0,0,0
wingman_4bfb1-Account-F0CC_20261004-232956_noe_kill,early,,295.8,2,Specter,1,0,1,785/0/388,10,10,0,0,0,0
wingman_4bfb1-Account-F0CC_20261004-232956_noe_kill,early,,295.8,3,Troubadour,0,0,1,422/369/28,10,10,0,0,0,0
wingman_4bfb1-Account-F0CC_20261004-232956_noe_kill,early,,295.8,4,Scourge,0,0,1,36/820/443,10,10,0,0,0,0
wingman_4bfb1-Account-F0CC_20261004-232956_noe_kill,early,,295.8,5,Troubadour,0,0,1,73/746/362,10,10,0,0,1,0
wingman_4bfb1-Account-F0CC_20261004-232956_noe_kill,early,,295.8,6,Scourge,0,0,1,425/443/114,9,9,0,0,0,0
wingman_4bfb1-Account-F0CC_20261004-232956_noe_kill,early,,295.8,7,Renegade,0,0,1,832/64/443,10,10,0,0,0,0
wingman_4bfb1-Account-F0CC_20261004-232956_noe_kill,early,,295.8,8,Scourge,1,0,1,410/388/0,10,10,0,0,0,0
wingman_4bfb1-Account-F0CC_20261004-232956_noe_kill,early,,295.8,9,Specter,1,0,1,0/785/410,10,10,0,0,0,0
wingman_4bfb1-Account-F0CC_20261004-232956_noe_kill,early,,343.5,0,Scourge,0,0,1,46/622/370,10,10,0,0,0,0
wingman_4bfb1-Account-F0CC_20261004-232956_noe_kill,early,,343.5,1,Scourge,0,0,1,26/569/310,10,10,0,0,0,0
wingman_4bfb1-Account-F0CC_20261004-232956_noe_kill,early,,343.5,2,Specter,0,0,1,379/434/56,10,10,0,0,0,0
wingman_4bfb1-Account-F0CC_20261004-232956_noe_kill,early,,343.5,3,Troubadour,1,0,1,0/576/332,10,10,0,0,1,0
wingman_4bfb1-Account-F0CC_20261004-232956_noe_kill,early,,343.5,4,Scourge,1,0,1,332/408/0,10,10,0,0,0,0
wingman_4bfb1-Account-F0CC_20261004-232956_noe_kill,early,,343.5,5,Troubadour,0,0,1,579/78/368,10,10,0,0,1,0
wingman_4bfb1-Account-F0CC_20261004-232956_noe_kill,early,,343.5,6,Scourge,0,0,1,365/418/36,9,9,0,0,1,0
wingman_4bfb1-Account-F0CC_20261004-232956_noe_kill,early,,343.5,7,Renegade,0,0,1,603/31/421,10,10,0,0,1,0
wingman_4bfb1-Account-F0CC_20261004-232956_noe_kill,early,,343.5,8,Scourge,0,0,1,60/632/362,10,10,0,0,0,0
wingman_4bfb1-Account-F0CC_20261004-232956_noe_kill,early,,343.5,9,Specter,1,0,1,576/0/408,10,10,0,0,1,0
wingman_4bfb1-Account-F0CC_20261004-232956_noe_kill,early,,391.2,0,Scourge,1,0,1,0/428/558,10,10,0,0,0,0
wingman_4bfb1-Account-F0CC_20261004-232956_noe_kill,early,,391.2,1,Scourge,0,0,1,641/441/88,10,10,0,0,0,0
wingman_4bfb1-Account-F0CC_20261004-232956_noe_kill,early,,391.2,2,Specter,0,0,1,60/482/579,10,10,0,0,0,0
wingman_4bfb1-Account-F0CC_20261004-232956_noe_kill,early,,391.2,3,Troubadour,1,0,1,428/0/405,10,10,0,0,1,0
wingman_4bfb1-Account-F0CC_20261004-232956_noe_kill,early,,391.2,4,Scourge,0,0,1,425/66/338,10,10,0,0,0,0
wingman_4bfb1-Account-F0CC_20261004-232956_noe_kill,early,,391.2,5,Troubadour,0,0,1,120/422/462,10,10,0,0,1,0
wingman_4bfb1-Account-F0CC_20261004-232956_noe_kill,early,,391.2,6,Scourge,1,0,1,558/405/0,9,9,0,0,1,0
wingman_4bfb1-Account-F0CC_20261004-232956_noe_kill,early,,391.2,7,Renegade,0,0,1,453/47/367,10,10,0,0,1,0
wingman_4bfb1-Account-F0CC_20261004-232956_noe_kill,early,,391.2,8,Scourge,0,0,1,593/411/41,10,10,0,0,0,0
wingman_4bfb1-Account-F0CC_20261004-232956_noe_kill,early,,391.2,9,Specter,0,0,1,510/82/428,10,10,0,0,1,0
wingman_4bfb1-Account-F0CC_20261004-232956_noe_kill,early,,436.1,0,Scourge,0,0,1,456/31/526,10,10,0,0,0,0
wingman_4bfb1-Account-F0CC_20261004-232956_noe_kill,early,,436.1,1,Scourge,0,0,1,559/665/153,10,10,0,0,0,0
wingman_4bfb1-Account-F0CC_20261004-232956_noe_kill,early,,436.1,2,Specter,1,0,1,472/0/512,10,10,0,0,0,0
wingman_4bfb1-Account-F0CC_20261004-232956_noe_kill,early,,436.1,3,Troubadour,1,0,1,0/472/461,10,10,0,0,0,0
wingman_4bfb1-Account-F0CC_20261004-232956_noe_kill,early,,436.1,4,Scourge,0,0,1,512/517/58,10,10,0,0,0,0
wingman_4bfb1-Account-F0CC_20261004-232956_noe_kill,early,,436.1,5,Troubadour,0,0,1,454/435/85,10,10,0,0,1,0
wingman_4bfb1-Account-F0CC_20261004-232956_noe_kill,early,,436.1,6,Scourge,1,0,1,461/512/0,9,9,0,0,0,0
wingman_4bfb1-Account-F0CC_20261004-232956_noe_kill,early,,436.1,7,Renegade,0,0,1,56/483/415,10,10,0,0,1,0
wingman_4bfb1-Account-F0CC_20261004-232956_noe_kill,early,,436.1,8,Scourge,0,0,1,473/3/511,10,10,0,0,1,0
wingman_4bfb1-Account-F0CC_20261004-232956_noe_kill,early,,436.1,9,Specter,0,0,1,68/416/477,10,10,0,0,1,0
wingman_4bfb1-Account-F0CC_20261004-232956_noe_kill,last,3,500.8,0,Scourge,0,0,1,420/59/710,10,10,0,0,0,0
wingman_4bfb1-Account-F0CC_20261004-232956_noe_kill,last,3,500.8,1,Scourge,0,0,1,59/383/467,9,9,0,0,0,0
wingman_4bfb1-Account-F0CC_20261004-232956_noe_kill,last,3,500.8,2,Specter,1,0,1,0/371/418,10,10,0,0,0,0
wingman_4bfb1-Account-F0CC_20261004-232956_noe_kill,last,3,500.8,3,Troubadour,0,0,1,461/722/43,10,10,0,0,1,0
wingman_4bfb1-Account-F0CC_20261004-232956_noe_kill,last,3,500.8,4,Scourge,0,0,1,61/410/357,10,10,0,0,0,0
wingman_4bfb1-Account-F0CC_20261004-232956_noe_kill,last,3,500.8,5,Troubadour,0,0,1,352/26/660,10,10,0,0,0,0
wingman_4bfb1-Account-F0CC_20261004-232956_noe_kill,last,3,500.8,6,Scourge,0,0,1,444/738/72,9,9,0,0,1,0
wingman_4bfb1-Account-F0CC_20261004-232956_noe_kill,last,3,500.8,7,Renegade,0,0,1,495/780/96,10,10,0,0,1,0
wingman_4bfb1-Account-F0CC_20261004-232956_noe_kill,last,3,500.8,8,Scourge,1,0,1,418/686/0,10,10,0,0,1,0
wingman_4bfb1-Account-F0CC_20261004-232956_noe_kill,last,3,500.8,9,Specter,1,0,1,371/0/686,10,10,0,0,0,0
wingman_4bfb1-Account-F0CC_20261004-232956_noe_kill,last,33,530.8,0,Scourge,1,0,1,415/413/0,10,10,0,0,1,0
wingman_4bfb1-Account-F0CC_20261004-232956_noe_kill,last,33,530.8,1,Scourge,1,0,1,433/0/413,9,9,0,0,0,0
wingman_4bfb1-Account-F0CC_20261004-232956_noe_kill,last,33,530.8,2,Specter,1,0,1,0/433/415,10,10,0,0,1,0
wingman_4bfb1-Account-F0CC_20261004-232956_noe_kill,last,33,530.8,3,Troubadour,0,0,1,78/413/339,10,10,0,0,1,0
wingman_4bfb1-Account-F0CC_20261004-232956_noe_kill,last,33,530.8,4,Scourge,0,0,1,339/152/470,10,10,0,0,1,0
wingman_4bfb1-Account-F0CC_20261004-232956_noe_kill,last,33,530.8,5,Troubadour,0,0,1,402/377/37,10,10,0,0,1,0
wingman_4bfb1-Account-F0CC_20261004-232956_noe_kill,last,33,530.8,6,Scourge,0,0,1,374/437/62,9,9,0,0,0,0
wingman_4bfb1-Account-F0CC_20261004-232956_noe_kill,last,33,530.8,7,Renegade,0,0,1,26/445/401,10,10,0,0,1,0
wingman_4bfb1-Account-F0CC_20261004-232956_noe_kill,last,33,530.8,8,Scourge,0,0,1,375/84/437,10,10,0,0,0,0
wingman_4bfb1-Account-F0CC_20261004-232956_noe_kill,last,33,530.8,9,Specter,0,0,1,442/28/441,10,10,0,0,0,0
wingman_4bfb1-Account-F0CC_20261004-232956_noe_kill,last,63,560.9,0,Scourge,1,0,1,985/0,10,10,0,0,1,0
wingman_4bfb1-Account-F0CC_20261004-232956_noe_kill,last,63,560.9,1,Scourge,0,0,1,990/80,9,9,0,0,1,0
wingman_4bfb1-Account-F0CC_20261004-232956_noe_kill,last,63,560.9,2,Specter,0,0,1,984/57,10,10,0,0,1,0
wingman_4bfb1-Account-F0CC_20261004-232956_noe_kill,last,63,560.9,3,Troubadour,0,0,1,918/72,10,10,0,0,1,0
wingman_4bfb1-Account-F0CC_20261004-232956_noe_kill,last,63,560.9,4,Scourge,0,0,1,1006/43,10,10,0,0,1,0
wingman_4bfb1-Account-F0CC_20261004-232956_noe_kill,last,63,560.9,5,Troubadour,0,0,1,970/58,10,10,0,0,1,0
wingman_4bfb1-Account-F0CC_20261004-232956_noe_kill,last,63,560.9,7,Renegade,0,0,1,918/79,10,10,0,0,1,0
wingman_4bfb1-Account-F0CC_20261004-232956_noe_kill,last,63,560.9,8,Scourge,0,0,1,918/127,10,10,0,0,1,0
wingman_4bfb1-Account-F0CC_20261004-232956_noe_kill,last,63,560.9,9,Specter,0,0,1,1013/103,10,10,0,0,1,0
wingman_4c55f-20261005-181952_noe_kill,early,,2.9,0,Scourge,0,0,1,108,10,10,0,0,0,0
wingman_4c55f-20261005-181952_noe_kill,early,,2.9,1,Scourge,0,0,1,122,10,10,0,0,0,0
wingman_4c55f-20261005-181952_noe_kill,early,,2.9,2,Scourge,0,0,1,58,10,10,0,0,0,0
wingman_4c55f-20261005-181952_noe_kill,early,,2.9,3,Evoker,0,0,1,149,10,10,0,0,0,0
wingman_4c55f-20261005-181952_noe_kill,early,,2.9,4,Troubadour,0,0,1,43,10,10,0,0,1,0
wingman_4c55f-20261005-181952_noe_kill,early,,2.9,5,Evoker,0,0,1,152,10,10,0,0,1,0
wingman_4c55f-20261005-181952_noe_kill,early,,2.9,6,Scourge,0,0,0,350,10,10,0,0,1,0
wingman_4c55f-20261005-181952_noe_kill,early,,2.9,7,Renegade,0,0,0,413,10,10,0,0,1,0
wingman_4c55f-20261005-181952_noe_kill,early,,2.9,8,Scourge,0,0,1,132,10,10,0,0,1,0
wingman_4c55f-20261005-181952_noe_kill,early,,2.9,9,Troubadour,1,0,1,0,10,10,0,0,1,0
wingman_4c55f-20261005-181952_noe_kill,early,,50.6,0,Scourge,0,0,1,406/85/507,10,10,0,0,1,0
wingman_4c55f-20261005-181952_noe_kill,early,,50.6,1,Scourge,0,0,1,136/526/419,10,10,0,0,0,0
wingman_4c55f-20261005-181952_noe_kill,early,,50.6,2,Scourge,0,0,1,80/496/340,10,10,0,0,0,0
wingman_4c55f-20261005-181952_noe_kill,early,,50.6,3,Evoker,1,0,1,302/463/0,10,10,0,0,0,0
wingman_4c55f-20261005-181952_noe_kill,early,,50.6,4,Troubadour,0,0,1,387/558/102,10,10,0,0,1,0
wingman_4c55f-20261005-181952_noe_kill,early,,50.6,5,Evoker,0,0,1,375/44/424,10,10,0,0,1,0
wingman_4c55f-20261005-181952_noe_kill,early,,50.6,6,Scourge,0,0,1,360/537/77,10,10,0,0,0,0
wingman_4c55f-20261005-181952_noe_kill,early,,50.6,7,Renegade,1,0,1,417/0/463,10,10,0,0,1,0
wingman_4c55f-20261005-181952_noe_kill,early,,50.6,8,Scourge,0,0,1,429/34/452,10,10,0,0,1,0
wingman_4c55f-20261005-181952_noe_kill,early,,50.6,9,Troubadour,1,0,1,0/417/302,10,10,0,0,1,0
wingman_4c55f-20261005-181952_noe_kill,early,,95.3,0,Scourge,0,0,1,479/618/87,10,10,0,0,1,0
wingman_4c55f-20261005-181952_noe_kill,early,,95.3,1,Scourge,1,0,1,0/396/440,10,10,0,0,0,0
wingman_4c55f-20261005-181952_noe_kill,early,,95.3,2,Scourge,0,0,1,369/75/574,10,10,0,0,0,0
wingman_4c55f-20261005-181952_noe_kill,early,,95.3,3,Evoker,0,0,1,111/317/363,10,10,0,0,0,0
wingman_4c55f-20261005-181952_noe_kill,early,,95.3,4,Troubadour,1,0,1,396/0/536,10,10,0,0,1,0
wingman_4c55f-20261005-181952_noe_kill,early,,95.3,5,Evoker,1,0,1,440/536/0,10,10,0,0,1,0
wingman_4c55f-20261005-181952_noe_kill,early,,95.3,6,Scourge,0,0,1,424/55/590,10,10,0,0,0,0
wingman_4c55f-20261005-181952_noe_kill,early,,95.3,7,Renegade,0,0,1,59/349/468,10,10,0,0,1,0
wingman_4c55f-20261005-181952_noe_kill,early,,95.3,8,Scourge,0,0,1,455/528/30,10,10,0,0,1,0
wingman_4c55f-20261005-181952_noe_kill,early,,95.3,9,Troubadour,0,0,1,79/373/362,10,10,0,0,1,0
wingman_4c55f-20261005-181952_noe_kill,early,,153.4,0,Scourge,0,0,1,760/703/66,10,10,0,0,0,0
wingman_4c55f-20261005-181952_noe_kill,early,,153.4,1,Scourge,0,0,1,77/427/705,10,10,0,0,1,0
wingman_4c55f-20261005-181952_noe_kill,early,,153.4,2,Scourge,0,0,1,443/36/707,10,10,0,0,0,0
wingman_4c55f-20261005-181952_noe_kill,early,,153.4,3,Evoker,0,0,1,552/89/721,10,10,0,0,0,0
wingman_4c55f-20261005-181952_noe_kill,early,,153.4,4,Troubadour,1,0,1,466/0/683,10,10,0,0,0,0
wingman_4c55f-20261005-181952_noe_kill,early,,153.4,5,Evoker,1,0,1,781/683/0,10,10,0,0,1,0
wingman_4c55f-20261005-181952_noe_kill,early,,153.4,6,Scourge,0,0,1,462/92/772,10,10,0,0,0,0
wingman_4c55f-20261005-181952_noe_kill,early,,153.4,7,Renegade,1,0,1,0/466/781,10,10,0,0,1,0
wingman_4c55f-20261005-181952_noe_kill,early,,153.4,8,Scourge,0,0,1,820/796/148,10,10,0,0,0,0
wingman_4c55f-20261005-181952_noe_kill,early,,153.4,9,Troubadour,0,0,1,75/393/763,10,10,0,0,1,0
wingman_4c55f-20261005-181952_noe_kill,early,,208.0,0,Scourge,0,0,1,415/29/787,10,10,0,0,0,0
wingman_4c55f-20261005-181952_noe_kill,early,,208.0,1,Scourge,0,0,1,125/381/520,10,10,0,0,1,0
wingman_4c55f-20261005-181952_noe_kill,early,,208.0,2,Scourge,0,0,1,511/913/106,10,10,0,0,1,0
wingman_4c55f-20261005-181952_noe_kill,early,,208.0,3,Evoker,0,0,1,119/402/411,10,10,0,0,1,0
wingman_4c55f-20261005-181952_noe_kill,early,,208.0,4,Troubadour,1,0,1,405/812/0,10,10,0,0,1,0
wingman_4c55f-20261005-181952_noe_kill,early,,208.0,5,Evoker,1,0,1,436/0/812,10,10,0,0,1,0
wingman_4c55f-20261005-181952_noe_kill,early,,208.0,6,Scourge,0,0,1,492/904/92,10,10,0,0,1,0
wingman_4c55f-20261005-181952_noe_kill,early,,208.0,7,Renegade,1,0,1,0/436/405,10,10,0,0,1,0
wingman_4c55f-20261005-181952_noe_kill,early,,208.0,8,Scourge,0,0,1,441/100/787,10,10,0,0,1,0
wingman_4c55f-20261005-181952_noe_kill,early,,208.0,9,Troubadour,0,0,1,33/469/378,10,10,0,0,1,0
wingman_4c55f-20261005-181952_noe_kill,early,,254.3,0,Scourge,0,0,1,414/766/90,10,10,0,0,0,0
wingman_4c55f-20261005-181952_noe_kill,early,,254.3,1,Scourge,0,0,1,76/531/370,10,10,0,0,1,0
wingman_4c55f-20261005-181952_noe_kill,early,,254.3,2,Scourge,0,0,1,486/164/689,10,10,0,0,1,0
wingman_4c55f-20261005-181952_noe_kill,early,,254.3,3,Evoker,1,0,1,0/475/354,10,10,0,0,1,0
wingman_4c55f-20261005-181952_noe_kill,early,,254.3,4,Troubadour,1,0,1,475/0/749,10,10,0,0,1,0
wingman_4c55f-20261005-181952_noe_kill,early,,254.3,5,Evoker,1,0,1,354/749/0,10,10,0,0,1,0
wingman_4c55f-20261005-181952_noe_kill,early,,254.3,6,Scourge,0,0,1,487/141/701,10,10,0,0,1,0
wingman_4c55f-20261005-181952_noe_kill,early,,254.3,7,Renegade,0,0,1,66/431/420,10,10,0,0,1,0
wingman_4c55f-20261005-181952_noe_kill,early,,254.3,8,Scourge,0,0,1,371/756/23,10,10,0,0,1,0
wingman_4c55f-20261005-181952_noe_kill,early,,254.3,9,Troubadour,0,0,1,158/399/352,10,10,0,0,1,0
wingman_4c55f-20261005-181952_noe_kill,early,,306.8,0,Scourge,1,0,1,0/496/465,10,10,0,0,0,0
wingman_4c55f-20261005-181952_noe_kill,early,,306.8,1,Scourge,0,0,1,57/464/503,10,10,0,0,0,0
wingman_4c55f-20261005-181952_noe_kill,early,,306.8,2,Scourge,0,0,1,425/85/588,10,10,0,0,0,0
wingman_4c55f-20261005-181952_noe_kill,early,,306.8,3,Evoker,0,0,1,404/95/520,10,10,0,0,0,0
wingman_4c55f-20261005-181952_noe_kill,early,,306.8,4,Troubadour,1,0,1,496/0/596,10,10,0,0,0,0
wingman_4c55f-20261005-181952_noe_kill,early,,306.8,5,Evoker,1,0,1,465/596/0,10,10,0,0,1,0
wingman_4c55f-20261005-181952_noe_kill,early,,306.8,6,Scourge,0,0,1,532/74/668,10,10,0,0,1,0
wingman_4c55f-20261005-181952_noe_kill,early,,306.8,7,Renegade,0,0,1,493/571/59,10,10,0,0,1,0
wingman_4c55f-20261005-181952_noe_kill,early,,306.8,8,Scourge,0,0,1,517/633/52,10,10,0,0,1,0
wingman_4c55f-20261005-181952_noe_kill,early,,306.8,9,Troubadour,0,0,1,39/457/456,10,10,0,0,1,0
wingman_4c55f-20261005-181952_noe_kill,early,,353.9,0,Scourge,1,0,1,0/320/421,10,10,0,0,0,0
wingman_4c55f-20261005-181952_noe_kill,early,,353.9,1,Scourge,0,0,1,45/365/444,10,10,0,0,0,0
wingman_4c55f-20261005-181952_noe_kill,early,,353.9,2,Scourge,0,0,1,380/80/373,10,10,0,0,0,0
wingman_4c55f-20261005-181952_noe_kill,early,,353.9,3,Evoker,0,0,1,94/409/437,10,10,0,0,0,0
wingman_4c55f-20261005-181952_noe_kill,early,,353.9,4,Troubadour,0,0,1,426/461/81,10,10,0,0,1,0
wingman_4c55f-20261005-181952_noe_kill,early,,353.9,5,Evoker,1,0,1,320/0/401,10,10,0,0,0,0
wingman_4c55f-20261005-181952_noe_kill,early,,353.9,6,Scourge,0,0,1,399/304/111,10,10,0,0,0,0
wingman_4c55f-20261005-181952_noe_kill,early,,353.9,7,Renegade,1,0,1,421/401/0,10,10,0,0,0,0
wingman_4c55f-20261005-181952_noe_kill,early,,353.9,8,Scourge,0,0,1,395/74/438,10,10,0,0,0,0
wingman_4c55f-20261005-181952_noe_kill,early,,353.9,9,Troubadour,0,0,1,77/355/498,10,10,0,0,0,0
wingman_4c55f-20261005-181952_noe_kill,early,,401.8,0,Scourge,0,0,1,17/438/367,10,10,0,0,0,0
wingman_4c55f-20261005-181952_noe_kill,early,,401.8,1,Scourge,0,0,1,436/449/62,10,10,0,0,0,0
wingman_4c55f-20261005-181952_noe_kill,early,,401.8,2,Scourge,1,0,1,0/427/374,10,10,0,0,0,0
wingman_4c55f-20261005-181952_noe_kill,early,,401.8,3,Evoker,0,0,1,467/402/112,10,10,0,0,0,0
wingman_4c55f-20261005-181952_noe_kill,early,,401.8,4,Troubadour,0,0,1,510/100/512,10,10,0,0,1,0
wingman_4c55f-20261005-181952_noe_kill,early,,401.8,5,Evoker,0,0,1,57/440/331,10,10,0,0,0,0
wingman_4c55f-20261005-181952_noe_kill,early,,401.8,6,Scourge,0,0,1,518/103/512,10,10,0,0,0,0
wingman_4c55f-20261005-181952_noe_kill,early,,401.8,7,Renegade,0,0,1,490/372/159,10,10,0,0,0,0
wingman_4c55f-20261005-181952_noe_kill,early,,401.8,8,Scourge,1,0,1,427/0/414,10,10,0,0,0,0
wingman_4c55f-20261005-181952_noe_kill,early,,401.8,9,Troubadour,1,0,1,374/414/0,10,10,0,0,0,0
wingman_4c55f-20261005-181952_noe_kill,early,,452.2,0,Scourge,1,0,2,0/214/298,10,10,0,0,0,0
wingman_4c55f-20261005-181952_noe_kill,early,,452.2,1,Scourge,0,0,2,278/75/80,10,10,0,0,1,0
wingman_4c55f-20261005-181952_noe_kill,early,,452.2,2,Scourge,0,0,1,395/312/187,10,10,0,0,0,0
wingman_4c55f-20261005-181952_noe_kill,early,,452.2,3,Evoker,0,0,2,266/53/123,10,10,0,0,0,0
wingman_4c55f-20261005-181952_noe_kill,early,,452.2,4,Troubadour,1,0,3,214/0/137,10,10,0,0,1,0
wingman_4c55f-20261005-181952_noe_kill,early,,452.2,5,Evoker,1,0,2,298/137/0,10,10,0,0,1,0
wingman_4c55f-20261005-181952_noe_kill,early,,452.2,6,Scourge,0,0,2,315/235/126,10,10,0,0,1,0
wingman_4c55f-20261005-181952_noe_kill,early,,452.2,7,Renegade,0,0,2,255/71/66,10,10,0,0,1,0
wingman_4c55f-20261005-181952_noe_kill,early,,452.2,8,Scourge,0,0,1,392/332/215,10,10,0,0,1,0
wingman_4c55f-20261005-181952_noe_kill,early,,452.2,9,Troubadour,0,0,2,270/77/184,10,10,0,0,1,0
wingman_4c55f-20261005-181952_noe_kill,last,3,487.4,0,Scourge,1,0,1,0/393/394,10,10,0,0,0,0
wingman_4c55f-20261005-181952_noe_kill,last,3,487.4,1,Scourge,0,0,1,21/409/382,10,10,0,0,0,0
wingman_4c55f-20261005-181952_noe_kill,last,3,487.4,2,Scourge,1,0,1,394/525/0,10,10,0,0,1,0
wingman_4c55f-20261005-181952_noe_kill,last,3,487.4,3,Evoker,0,0,1,361/32/508,10,10,0,0,0,0
wingman_4c55f-20261005-181952_noe_kill,last,3,487.4,4,Troubadour,1,0,1,393/0/525,10,10,0,0,1,0
wingman_4c55f-20261005-181952_noe_kill,last,3,487.4,5,Evoker,0,0,1,444/600/76,10,10,0,0,1,0
wingman_4c55f-20261005-181952_noe_kill,last,3,487.4,6,Scourge,0,0,1,441/61/585,10,10,0,0,0,0
wingman_4c55f-20261005-181952_noe_kill,last,3,487.4,7,Renegade,0,0,0,566/792/275,10,10,0,0,0,0
wingman_4c55f-20261005-181952_noe_kill,last,3,487.4,8,Scourge,0,0,1,437/574/51,10,10,0,0,1,0
wingman_4c55f-20261005-181952_noe_kill,last,3,487.4,9,Troubadour,0,0,1,28/382/367,10,10,0,0,1,0
wingman_4c55f-20261005-181952_noe_kill,last,33,517.4,0,Scourge,0,0,1,419/841/23,10,10,0,0,1,0
wingman_4c55f-20261005-181952_noe_kill,last,33,517.4,1,Scourge,0,0,1,109/376/508,10,10,0,0,0,0
wingman_4c55f-20261005-181952_noe_kill,last,33,517.4,2,Scourge,0,0,1,116/459/440,10,10,0,0,0,0
wingman_4c55f-20261005-181952_noe_kill,last,33,517.4,3,Evoker,0,0,1,352/130/780,10,10,0,0,0,0
wingman_4c55f-20261005-181952_noe_kill,last,33,517.4,4,Troubadour,1,0,1,425/0/854,10,10,0,0,0,0
wingman_4c55f-20261005-181952_noe_kill,last,33,517.4,5,Evoker,1,0,1,430/854/0,10,10,0,0,1,0
wingman_4c55f-20261005-181952_noe_kill,last,33,517.4,6,Scourge,0,0,1,421/8/850,10,10,0,0,0,0
wingman_4c55f-20261005-181952_noe_kill,last,33,517.4,7,Renegade,0,0,1,377/801/101,10,10,0,0,1,0
wingman_4c55f-20261005-181952_noe_kill,last,33,517.4,8,Scourge,0,0,1,405/826/50,10,10,0,0,1,0
wingman_4c55f-20261005-181952_noe_kill,last,33,517.4,9,Troubadour,1,0,1,0/425/430,10,10,0,0,1,0
wingman_4c55f-20261005-181952_noe_kill,last,63,547.4,0,Scourge,1,0,1,468/1309/0,10,10,0,0,0,0
wingman_4c55f-20261005-181952_noe_kill,last,63,547.4,1,Scourge,0,0,1,197/1003/371,10,10,0,0,0,0
wingman_4c55f-20261005-181952_noe_kill,last,63,547.4,2,Scourge,0,0,1,835/23/1298,10,10,0,0,0,0
wingman_4c55f-20261005-181952_noe_kill,last,63,547.4,3,Evoker,0,0,1,558/1385/127,10,10,0,0,0,0
wingman_4c55f-20261005-181952_noe_kill,last,63,547.4,4,Troubadour,1,0,1,845/0/1309,10,10,0,0,1,0
wingman_4c55f-20261005-181952_noe_kill,last,63,547.4,5,Evoker,0,0,1,525/1370/81,10,10,0,0,0,0
wingman_4c55f-20261005-181952_noe_kill,last,63,547.4,6,Scourge,0,0,1,914/69/1378,10,10,0,0,0,0
wingman_4c55f-20261005-181952_noe_kill,last,63,547.4,7,Renegade,0,0,1,131/932/420,10,10,0,0,0,0
wingman_4c55f-20261005-181952_noe_kill,last,63,547.4,8,Scourge,0,0,1,505/1350/83,10,10,0,0,0,0
wingman_4c55f-20261005-181952_noe_kill,last,63,547.4,9,Troubadour,1,0,1,0/845/468,10,10,0,0,0,0
wingman_4f111-Account-81AD_20260930-183104_noe_fail,early,,2.7,0,Evoker,0,0,1,205,10,10,0,0,1,0
wingman_4f111-Account-81AD_20260930-183104_noe_fail,early,,2.7,1,Scourge,0,0,1,137,10,10,0,0,1,0
wingman_4f111-Account-81AD_20260930-183104_noe_fail,early,,2.7,2,Scourge,0,0,1,30,10,10,0,0,1,0
wingman_4f111-Account-81AD_20260930-183104_noe_fail,early,,2.7,3,Evoker,0,0,1,85,10,10,0,0,1,0
wingman_4f111-Account-81AD_20260930-183104_noe_fail,early,,2.7,4,Troubadour,0,0,1,72,10,10,0,0,1,0
wingman_4f111-Account-81AD_20260930-183104_noe_fail,early,,2.7,5,Weaver,0,0,1,30,10,10,0,0,1,0
wingman_4f111-Account-81AD_20260930-183104_noe_fail,early,,2.7,6,Specter,0,0,1,46,10,10,0,0,1,0
wingman_4f111-Account-81AD_20260930-183104_noe_fail,early,,2.7,7,Scourge,0,0,1,43,10,10,0,0,1,0
wingman_4f111-Account-81AD_20260930-183104_noe_fail,early,,2.7,8,Troubadour,1,0,1,0,10,10,0,0,1,0
wingman_4f111-Account-81AD_20260930-183104_noe_fail,early,,2.7,9,Scourge,0,0,1,166,10,10,0,0,1,0
wingman_4f111-Account-81AD_20260930-183104_noe_fail,early,,50.3,0,Evoker,1,0,1,401/0/399,10,10,0,0,1,0
wingman_4f111-Account-81AD_20260930-183104_noe_fail,early,,50.3,1,Scourge,0,0,1,355/98/460,10,10,0,0,1,0
wingman_4f111-Account-81AD_20260930-183104_noe_fail,early,,50.3,2,Scourge,0,0,1,467/91/486,10,10,0,0,1,0
wingman_4f111-Account-81AD_20260930-183104_noe_fail,early,,50.3,3,Evoker,0,0,1,393/92/478,10,10,0,0,1,0
wingman_4f111-Account-81AD_20260930-183104_noe_fail,early,,50.3,4,Troubadour,0,0,1,37/366/430,10,10,0,0,1,0
wingman_4f111-Account-81AD_20260930-183104_noe_fail,early,,50.3,5,Weaver,1,0,1,440/399/0,10,10,0,0,0,0
wingman_4f111-Account-81AD_20260930-183104_noe_fail,early,,50.3,6,Specter,0,0,1,468/509/121,10,10,0,0,0,0
wingman_4f111-Account-81AD_20260930-183104_noe_fail,early,,50.3,7,Scourge,0,0,1,561/546/151,10,10,0,0,0,0
wingman_4f111-Account-81AD_20260930-183104_noe_fail,early,,50.3,8,Troubadour,1,0,1,0/401/440,10,10,0,0,1,0
wingman_4f111-Account-81AD_20260930-183104_noe_fail,early,,50.3,9,Scourge,0,0,1,144/538/492,10,10,0,0,1,0
wingman_4f111-Account-81AD_20260930-183104_noe_fail,early,,95.4,0,Evoker,1,0,1,300/0/468,10,10,0,0,0,0
wingman_4f111-Account-81AD_20260930-183104_noe_fail,early,,95.4,1,Scourge,0,0,1,375/101/569,9,9,0,0,0,0
wingman_4f111-Account-81AD_20260930-183104_noe_fail,early,,95.4,2,Scourge,1,0,1,0/300/329,10,10,0,0,1,0
wingman_4f111-Account-81AD_20260930-183104_noe_fail,early,,95.4,3,Evoker,0,0,1,343/47/485,10,10,0,0,0,0
wingman_4f111-Account-81AD_20260930-183104_noe_fail,early,,95.4,4,Troubadour,0,0,1,100/381/395,10,10,0,0,1,0
wingman_4f111-Account-81AD_20260930-183104_noe_fail,early,,95.4,5,Weaver,1,0,1,329/468/0,10,10,0,0,1,0
wingman_4f111-Account-81AD_20260930-183104_noe_fail,early,,95.4,6,Specter,0,0,1,403/519/75,10,10,0,0,0,0
wingman_4f111-Account-81AD_20260930-183104_noe_fail,early,,95.4,7,Scourge,0,0,1,365/539/81,10,10,0,0,0,0
wingman_4f111-Account-81AD_20260930-183104_noe_fail,early,,95.4,8,Troubadour,0,0,1,60/350/363,10,10,0,0,1,0
wingman_4f111-Account-81AD_20260930-183104_noe_fail,early,,95.4,9,Scourge,0,0,1,318/42/453,10,10,0,0,1,0
wingman_4f111-Account-81AD_20260930-183104_noe_fail,early,,153.6,0,Evoker,1,0,1,358/0/581,10,10,0,0,1,0
wingman_4f111-Account-81AD_20260930-183104_noe_fail,early,,153.6,1,Scourge,0,0,1,379/116/690,9,9,0,0,1,0
wingman_4f111-Account-81AD_20260930-183104_noe_fail,early,,153.6,2,Scourge,0,0,1,349/14/567,10,10,0,0,1,0
wingman_4f111-Account-81AD_20260930-183104_noe_fail,early,,153.6,3,Evoker,0,0,1,419/70/640,10,10,0,0,1,0
wingman_4f111-Account-81AD_20260930-183104_noe_fail,early,,153.6,4,Troubadour,0,0,1,53/372/600,10,10,0,0,1,0
wingman_4f111-Account-81AD_20260930-183104_noe_fail,early,,153.6,5,Weaver,0,0,1,535/564/17,10,10,0,0,0,0
wingman_4f111-Account-81AD_20260930-183104_noe_fail,early,,153.6,6,Specter,1,0,1,0/358/547,10,10,0,0,1,0
wingman_4f111-Account-81AD_20260930-183104_noe_fail,early,,153.6,7,Scourge,1,0,1,547/581/0,10,10,0,0,0,0
wingman_4f111-Account-81AD_20260930-183104_noe_fail,early,,153.6,8,Troubadour,0,0,1,42/392/580,10,10,0,0,1,0
wingman_4f111-Account-81AD_20260930-183104_noe_fail,early,,153.6,9,Scourge,0,0,1,610/633/63,10,10,0,0,0,0
wingman_4f111-Account-81AD_20260930-183104_noe_fail,early,,208.3,0,Evoker,1,0,1,493/0/409,10,10,0,0,1,0
wingman_4f111-Account-81AD_20260930-183104_noe_fail,early,,208.3,1,Scourge,0,0,1,514/130/301,9,9,0,0,1,0
wingman_4f111-Account-81AD_20260930-183104_noe_fail,early,,208.3,2,Scourge,0,0,1,458/36/401,10,10,0,0,1,0
wingman_4f111-Account-81AD_20260930-183104_noe_fail,early,,208.3,3,Evoker,0,0,1,435/66/414,10,10,0,0,1,0
wingman_4f111-Account-81AD_20260930-183104_noe_fail,early,,208.3,4,Troubadour,0,0,1,34/514/517,10,10,0,0,1,0
wingman_4f111-Account-81AD_20260930-183104_noe_fail,early,,208.3,5,Weaver,1,0,1,482/409/0,10,10,0,0,1,0
wingman_4f111-Account-81AD_20260930-183104_noe_fail,early,,208.3,6,Specter,1,0,1,0/493/482,10,10,0,0,1,0
wingman_4f111-Account-81AD_20260930-183104_noe_fail,early,,208.3,7,Scourge,0,0,1,549/516/108,10,10,0,0,1,0
wingman_4f111-Account-81AD_20260930-183104_noe_fail,early,,208.3,8,Troubadour,0,0,1,93/404/451,10,10,0,0,1,0
wingman_4f111-Account-81AD_20260930-183104_noe_fail,early,,208.3,9,Scourge,0,0,1,490/415/8,10,10,0,0,1,0
wingman_4f111-Account-81AD_20260930-183104_noe_fail,early,,254.7,0,Evoker,1,0,1,470/0/472,10,10,0,0,1,0
wingman_4f111-Account-81AD_20260930-183104_noe_fail,early,,254.7,1,Scourge,0,0,1,395/90/388,9,9,0,0,1,0
wingman_4f111-Account-81AD_20260930-183104_noe_fail,early,,254.7,2,Scourge,1,0,1,0/470/383,10,10,0,0,1,0
wingman_4f111-Account-81AD_20260930-183104_noe_fail,early,,254.7,3,Evoker,0,0,1,366/104/406,10,10,0,0,1,0
wingman_4f111-Account-81AD_20260930-183104_noe_fail,early,,254.7,4,Troubadour,0,0,1,97/554/380,10,10,0,0,1,0
wingman_4f111-Account-81AD_20260930-183104_noe_fail,early,,254.7,5,Weaver,0,0,1,385/376/102,10,10,0,0,1,0
wingman_4f111-Account-81AD_20260930-183104_noe_fail,early,,254.7,6,Specter,0,0,1,414/489/31,10,10,0,0,1,0
wingman_4f111-Account-81AD_20260930-183104_noe_fail,early,,254.7,7,Scourge,1,0,1,383/472/0,10,10,0,0,1,0
wingman_4f111-Account-81AD_20260930-183104_noe_fail,early,,254.7,8,Troubadour,0,0,1,22/450/367,10,10,0,0,1,0
wingman_4f111-Account-81AD_20260930-183104_noe_fail,early,,254.7,9,Scourge,0,0,1,392/468/13,10,10,0,0,1,0
wingman_4f111-Account-81AD_20260930-183104_noe_fail,early,,307.6,0,Evoker,0,0,1,472/444/38,10,10,0,0,1,0
wingman_4f111-Account-81AD_20260930-183104_noe_fail,early,,307.6,1,Scourge,0,0,1,499/507/95,9,9,0,0,0,0
wingman_4f111-Account-81AD_20260930-183104_noe_fail,early,,307.6,2,Scourge,0,0,1,464/532/105,10,10,0,0,0,0
wingman_4f111-Account-81AD_20260930-183104_noe_fail,early,,307.6,3,Evoker,1,0,1,438/429/0,10,10,0,0,1,0
wingman_4f111-Account-81AD_20260930-183104_noe_fail,early,,307.6,4,Troubadour,1,0,1,0/630/438,10,10,0,0,1,0
wingman_4f111-Account-81AD_20260930-183104_noe_fail,early,,307.6,5,Weaver,1,0,1,630/0/429,10,10,0,0,1,0
wingman_4f111-Account-81AD_20260930-183104_noe_fail,early,,307.6,6,Specter,0,0,1,729/151/435,10,10,0,0,1,0
wingman_4f111-Account-81AD_20260930-183104_noe_fail,early,,307.6,7,Scourge,0,0,1,723/93/505,10,10,0,0,0,0
wingman_4f111-Account-81AD_20260930-183104_noe_fail,early,,307.6,8,Troubadour,0,0,1,135/502/386,10,10,0,0,1,0
wingman_4f111-Account-81AD_20260930-183104_noe_fail,early,,307.6,9,Scourge,0,0,1,58/667/437,10,10,0,0,0,0
wingman_4f111-Account-81AD_20260930-183104_noe_fail,early,,355.0,0,Evoker,1,0,1,393/0/579,10,10,0,0,1,0
wingman_4f111-Account-81AD_20260930-183104_noe_fail,early,,355.0,1,Scourge,0,0,1,710/648/94,9,9,0,0,1,0
wingman_4f111-Account-81AD_20260930-183104_noe_fail,early,,355.0,2,Scourge,0,0,1,593/590/53,10,10,0,0,1,0
wingman_4f111-Account-81AD_20260930-183104_noe_fail,early,,355.0,3,Evoker,1,0,1,617/579/0,10,10,0,0,1,0
wingman_4f111-Account-81AD_20260930-183104_noe_fail,early,,355.0,4,Troubadour,1,0,1,0/393/617,10,10,0,0,1,0
wingman_4f111-Account-81AD_20260930-183104_noe_fail,early,,355.0,5,Weaver,0,0,1,419/32/604,10,10,0,0,1,0
wingman_4f111-Account-81AD_20260930-183104_noe_fail,early,,355.0,6,Specter,0,0,1,665/586/71,10,10,0,0,1,0
wingman_4f111-Account-81AD_20260930-183104_noe_fail,early,,355.0,7,Scourge,0,0,1,409/125/700,10,10,0,0,1,0
wingman_4f111-Account-81AD_20260930-183104_noe_fail,early,,355.0,8,Troubadour,0,0,1,32/384/640,10,10,0,0,1,0
wingman_4f111-Account-81AD_20260930-183104_noe_fail,early,,355.0,9,Scourge,0,0,1,44/397/658,9,9,0,0,1,0
wingman_4f111-Account-81AD_20260930-183104_noe_fail,early,,402.9,0,Evoker,1,0,1,340/0/626,10,10,0,0,0,0
wingman_4f111-Account-81AD_20260930-183104_noe_fail,early,,402.9,1,Scourge,0,0,1,478/171/788,9,9,0,0,0,0
wingman_4f111-Account-81AD_20260930-183104_noe_fail,early,,402.9,2,Scourge,1,0,1,0/340/338,9,9,0,0,1,0
wingman_4f111-Account-81AD_20260930-183104_noe_fail,early,,402.9,3,Evoker,0,0,1,382/51/676,10,10,0,0,0,0
wingman_4f111-Account-81AD_20260930-183104_noe_fail,early,,402.9,4,Troubadour,0,0,1,104/411/366,10,10,0,0,1,0
wingman_4f111-Account-81AD_20260930-183104_noe_fail,early,,402.9,5,Weaver,1,0,1,338/626/0,10,10,0,0,0,0
wingman_4f111-Account-81AD_20260930-183104_noe_fail,early,,402.9,6,Specter,0,0,1,399/712/106,10,10,0,0,0,0
wingman_4f111-Account-81AD_20260930-183104_noe_fail,early,,402.9,7,Scourge,0,0,1,428/734/115,10,10,0,0,0,0
wingman_4f111-Account-81AD_20260930-183104_noe_fail,early,,402.9,8,Troubadour,0,0,1,88/358/401,10,10,0,0,1,0
wingman_4f111-Account-81AD_20260930-183104_noe_fail,early,,402.9,9,Scourge,0,0,1,18/327/356,10,10,0,0,1,0
wingman_4f111-Account-81AD_20260930-183104_noe_fail,early,,448.2,0,Evoker,1,0,1,516/0/388,10,10,0,0,0,0
wingman_4f111-Account-81AD_20260930-183104_noe_fail,early,,448.2,1,Scourge,0,0,1,566/55/397,10,10,0,0,0,0
wingman_4f111-Account-81AD_20260930-183104_noe_fail,early,,448.2,2,Scourge,0,0,1,654/143/448,9,9,0,0,0,0
wingman_4f111-Account-81AD_20260930-183104_noe_fail,early,,448.2,3,Evoker,0,0,1,464/63/394,10,10,0,0,0,0
wingman_4f111-Account-81AD_20260930-183104_noe_fail,early,,448.2,4,Troubadour,0,0,1,47/470/425,10,10,0,0,1,0
wingman_4f111-Account-81AD_20260930-183104_noe_fail,early,,448.2,5,Weaver,1,0,1,449/388/0,10,10,0,0,1,0
wingman_4f111-Account-81AD_20260930-183104_noe_fail,early,,448.2,6,Specter,0,0,1,457/409/21,10,10,0,0,1,0
wingman_4f111-Account-81AD_20260930-183104_noe_fail,early,,448.2,7,Scourge,1,0,1,0/516/449,10,10,0,0,1,0
wingman_4f111-Account-81AD_20260930-183104_noe_fail,early,,448.2,8,Troubadour,0,0,1,210/395/500,10,10,0,0,1,0
wingman_4f111-Account-81AD_20260930-183104_noe_fail,early,,448.2,9,Scourge,0,0,1,472/410/29,10,10,0,0,1,0
wingman_4f111-Account-81AD_20260930-183104_noe_fail,last,3,513.0,0,Evoker,1,0,1,403/0/579,10,10,0,0,0,0
wingman_4f111-Account-81AD_20260930-183104_noe_fail,last,3,513.0,1,Scourge,0,0,1,505/102/645,10,10,0,0,1,0
wingman_4f111-Account-81AD_20260930-183104_noe_fail,last,3,513.0,2,Scourge,0,0,1,444/42/595,10,10,0,0,1,0
wingman_4f111-Account-81AD_20260930-183104_noe_fail,last,3,513.0,3,Evoker,0,0,1,461/66/641,10,10,0,0,1,0
wingman_4f111-Account-81AD_20260930-183104_noe_fail,last,3,513.0,4,Troubadour,0,0,1,56/459/470,10,10,0,0,1,0
wingman_4f111-Account-81AD_20260930-183104_noe_fail,last,3,513.0,5,Weaver,1,0,1,464/579/0,10,10,0,0,1,0
wingman_4f111-Account-81AD_20260930-183104_noe_fail,last,3,513.0,6,Specter,0,0,1,533/649/74,10,10,0,0,1,0
wingman_4f111-Account-81AD_20260930-183104_noe_fail,last,3,513.0,7,Scourge,0,0,1,440/612/79,9,9,0,0,1,0
wingman_4f111-Account-81AD_20260930-183104_noe_fail,last,3,513.0,8,Troubadour,0,0,1,69/450/420,9,9,0,0,1,0
wingman_4f111-Account-81AD_20260930-183104_noe_fail,last,3,513.0,9,Scourge,1,0,1,0/403/464,10,10,0,0,1,0
wingman_4f111-Account-81AD_20260930-183104_noe_fail,last,33,543.0,1,Scourge,0,0,0,317/849/308,10,10,0,0,1,0
wingman_4f111-Account-81AD_20260930-183104_noe_fail,last,33,543.0,2,Scourge,0,0,1,509/35/687,10,10,0,0,1,0
wingman_4f111-Account-81AD_20260930-183104_noe_fail,last,33,543.0,3,Evoker,0,0,1,601/67/762,10,10,0,0,1,0
wingman_4f111-Account-81AD_20260930-183104_noe_fail,last,33,543.0,4,Troubadour,1,0,1,542/0/722,10,10,0,0,1,0
wingman_4f111-Account-81AD_20260930-183104_noe_fail,last,33,543.0,6,Specter,1,1,1,348/722/0,10,7,3,0,0,1
wingman_4f111-Account-81AD_20260930-183104_noe_fail,last,33,543.0,7,Scourge,0,0,1,445/125/599,9,9,0,0,1,0
wingman_4f111-Account-81AD_20260930-183104_noe_fail,last,33,543.0,8,Troubadour,0,0,1,49/589/327,9,6,3,0,0,1
wingman_4f111-Account-81AD_20260930-183104_noe_fail,last,33,543.0,9,Scourge,1,0,1,0/542/348,10,7,3,1,1,1
wingman_4f111-Account-81AD_20260930-183104_noe_fail,last,63,573.0,1,Scourge,1,0,1,0,10,7,3,0,0,1
wingman_5398e-20260930-162239_noe_fail,early,,2.6,0,Scourge,0,0,1,76,10,10,0,0,0,0
wingman_5398e-20260930-162239_noe_fail,early,,2.6,1,Troubadour,0,0,1,133,10,10,0,0,1,0
wingman_5398e-20260930-162239_noe_fail,early,,2.6,2,Weaver,0,0,1,148,10,10,0,0,0,0
wingman_5398e-20260930-162239_noe_fail,early,,2.6,3,Evoker,0,0,1,34,10,10,0,0,0,0
wingman_5398e-20260930-162239_noe_fail,early,,2.6,4,Specter,0,0,0,375,10,10,0,0,0,0
wingman_5398e-20260930-162239_noe_fail,early,,2.6,5,Scourge,0,0,1,136,10,10,0,0,1,0
wingman_5398e-20260930-162239_noe_fail,early,,2.6,6,Specter,0,0,1,83,10,10,0,0,1,0
wingman_5398e-20260930-162239_noe_fail,early,,2.6,7,Troubadour,0,0,1,135,10,10,0,0,1,0
wingman_5398e-20260930-162239_noe_fail,early,,2.6,8,Scourge,1,0,1,0,10,10,0,0,1,0
wingman_5398e-20260930-162239_noe_fail,early,,2.6,9,Evoker,0,0,1,95,10,10,0,0,1,0
wingman_5398e-20260930-162239_noe_fail,early,,50.3,0,Scourge,0,0,1,444/513/14,10,10,0,0,0,0
wingman_5398e-20260930-162239_noe_fail,early,,50.3,1,Troubadour,0,0,1,127/408/377,10,10,0,0,1,0
wingman_5398e-20260930-162239_noe_fail,early,,50.3,2,Weaver,1,0,1,452/527/0,10,10,0,0,0,0
wingman_5398e-20260930-162239_noe_fail,early,,50.3,3,Evoker,0,0,1,393/573/100,10,10,0,0,0,0
wingman_5398e-20260930-162239_noe_fail,early,,50.3,4,Specter,0,0,1,336/467/119,10,10,0,0,0,0
wingman_5398e-20260930-162239_noe_fail,early,,50.3,5,Scourge,0,0,1,495/84/445,10,10,0,0,0,0
wingman_5398e-20260930-162239_noe_fail,early,,50.3,6,Specter,1,0,1,528/0/527,10,10,0,0,0,0
wingman_5398e-20260930-162239_noe_fail,early,,50.3,7,Troubadour,0,0,1,118/537/559,10,10,0,0,1,0
wingman_5398e-20260930-162239_noe_fail,early,,50.3,8,Scourge,1,0,1,0/528/452,10,10,0,0,1,0
wingman_5398e-20260930-162239_noe_fail,early,,50.3,9,Evoker,0,0,1,541/30/514,10,10,0,0,0,0
wingman_5398e-20260930-162239_noe_fail,early,,95.0,0,Scourge,1,0,1,461/0/495,10,10,0,0,0,0
wingman_5398e-20260930-162239_noe_fail,early,,95.0,1,Troubadour,0,0,1,24/447/342,10,10,0,0,1,0
wingman_5398e-20260930-162239_noe_fail,early,,95.0,2,Weaver,1,0,1,0/461/365,10,10,0,0,0,0
wingman_5398e-20260930-162239_noe_fail,early,,95.0,3,Evoker,0,0,1,481/89/569,10,10,0,0,0,0
wingman_5398e-20260930-162239_noe_fail,early,,95.0,4,Specter,0,0,1,325/515/58,10,10,0,0,0,0
wingman_5398e-20260930-162239_noe_fail,early,,95.0,5,Scourge,1,0,1,365/495/0,10,10,0,0,0,0
wingman_5398e-20260930-162239_noe_fail,early,,95.0,6,Specter,0,0,1,454/544/89,10,10,0,0,0,0
wingman_5398e-20260930-162239_noe_fail,early,,95.0,7,Troubadour,0,0,1,85/378/335,10,10,0,0,1,0
wingman_5398e-20260930-162239_noe_fail,early,,95.0,8,Scourge,0,0,1,436/35/496,10,10,0,0,0,0
wingman_5398e-20260930-162239_noe_fail,early,,95.0,9,Evoker,0,0,1,424/518/60,10,10,0,0,0,0
wingman_5398e-20260930-162239_noe_fail,early,,162.7,0,Scourge,0,0,1,403/61/519,10,10,0,0,1,0
wingman_5398e-20260930-162239_noe_fail,early,,162.7,1,Troubadour,0,0,1,48/345/580,10,10,0,0,1,0
wingman_5398e-20260930-162239_noe_fail,early,,162.7,2,Weaver,1,0,1,375/0/562,10,10,0,0,0,0
wingman_5398e-20260930-162239_noe_fail,early,,162.7,3,Evoker,0,0,1,372/8/554,10,10,0,0,1,0
wingman_5398e-20260930-162239_noe_fail,early,,162.7,4,Specter,1,0,1,0/375/555,10,10,0,0,1,0
wingman_5398e-20260930-162239_noe_fail,early,,162.7,5,Scourge,1,0,1,555/562/0,10,10,0,0,1,0
wingman_5398e-20260930-162239_noe_fail,early,,162.7,6,Specter,0,0,1,579/645/108,10,10,0,0,1,0
wingman_5398e-20260930-162239_noe_fail,early,,162.7,7,Troubadour,0,0,1,56/410/609,10,10,0,0,1,0
wingman_5398e-20260930-162239_noe_fail,early,,162.7,8,Scourge,0,0,1,593/675/144,10,10,0,0,1,0
wingman_5398e-20260930-162239_noe_fail,early,,162.7,9,Evoker,0,0,1,544/681/214,10,10,0,0,1,0
wingman_5398e-20260930-162239_noe_fail,early,,217.2,0,Scourge,0,0,1,503/102/329,10,10,0,0,1,0
wingman_5398e-20260930-162239_noe_fail,early,,217.2,1,Troubadour,0,0,1,101/458/452,10,10,0,0,1,0
wingman_5398e-20260930-162239_noe_fail,early,,217.2,2,Weaver,1,0,1,408/0/334,10,10,0,0,1,0
wingman_5398e-20260930-162239_noe_fail,early,,217.2,3,Evoker,0,0,1,490/89/324,10,10,0,0,1,0
wingman_5398e-20260930-162239_noe_fail,early,,217.2,4,Specter,1,0,1,0/408/475,10,10,0,0,1,0
wingman_5398e-20260930-162239_noe_fail,early,,217.2,5,Scourge,1,0,1,475/334/0,10,10,0,0,1,0
wingman_5398e-20260930-162239_noe_fail,early,,217.2,6,Specter,0,0,1,509/385/51,10,10,0,0,1,0
wingman_5398e-20260930-162239_noe_fail,early,,217.2,7,Troubadour,0,0,1,18/410/464,10,10,0,0,1,0
wingman_5398e-20260930-162239_noe_fail,early,,217.2,8,Scourge,0,0,1,500/458/138,10,10,0,0,1,0
wingman_5398e-20260930-162239_noe_fail,early,,217.2,9,Evoker,0,0,1,438/363/68,10,10,0,0,1,0
wingman_5398e-20260930-162239_noe_fail,early,,278.0,0,Scourge,0,0,1,286/38/482,10,10,0,0,0,0
wingman_5398e-20260930-162239_noe_fail,early,,278.0,1,Troubadour,0,0,2,112/385/165,10,10,0,0,0,0
wingman_5398e-20260930-162239_noe_fail,early,,278.0,2,Weaver,1,0,2,0/279/206,10,10,0,0,0,0
wingman_5398e-20260930-162239_noe_fail,early,,278.0,3,Evoker,0,0,1,276/155/482,10,10,0,0,0,0
wingman_5398e-20260930-162239_noe_fail,early,,278.0,4,Specter,1,0,2,206/468/0,10,10,0,0,0,0
wingman_5398e-20260930-162239_noe_fail,early,,278.0,5,Scourge,0,0,2,181/104/364,10,10,0,0,0,0
wingman_5398e-20260930-162239_noe_fail,early,,278.0,6,Specter,0,0,2,167/377/121,10,10,0,0,0,0
wingman_5398e-20260930-162239_noe_fail,early,,278.0,7,Troubadour,0,0,2,66/214/261,10,10,0,0,1,0
wingman_5398e-20260930-162239_noe_fail,early,,278.0,8,Scourge,1,0,1,279/0/468,10,10,0,0,0,0
wingman_5398e-20260930-162239_noe_fail,early,,278.0,9,Evoker,0,0,2,112/375/194,10,10,0,0,0,0
wingman_5398e-20260930-162239_noe_fail,early,,326.7,0,Scourge,0,0,1,563/166/649,10,10,0,0,0,0
wingman_5398e-20260930-162239_noe_fail,early,,326.7,1,Troubadour,0,0,1,70/485/531,10,10,0,0,0,0
wingman_5398e-20260930-162239_noe_fail,early,,326.7,2,Weaver,1,0,1,493/0/488,10,10,0,0,0,0
wingman_5398e-20260930-162239_noe_fail,early,,326.7,3,Evoker,0,0,1,457/54/504,10,10,0,0,0,0
wingman_5398e-20260930-162239_noe_fail,early,,326.7,4,Specter,0,0,1,331/532/189,10,10,0,0,0,0
wingman_5398e-20260930-162239_noe_fail,early,,326.7,5,Scourge,1,0,1,476/488/0,10,10,0,0,0,0
wingman_5398e-20260930-162239_noe_fail,early,,326.7,6,Specter,0,0,1,533/629/144,10,10,0,0,0,0
wingman_5398e-20260930-162239_noe_fail,early,,326.7,7,Troubadour,0,0,1,65/531/450,10,10,0,0,0,0
wingman_5398e-20260930-162239_noe_fail,early,,326.7,8,Scourge,0,0,1,430/486/51,10,10,0,0,0,0
wingman_5398e-20260930-162239_noe_fail,early,,326.7,9,Evoker,1,0,1,0/493/476,10,10,0,0,0,0
wingman_5398e-20260930-162239_noe_fail,early,,382.0,0,Scourge,0,0,1,394/93/569,9,9,0,0,0,0
wingman_5398e-20260930-162239_noe_fail,early,,382.0,1,Troubadour,0,0,1,133/328/359,9,9,0,0,1,0
wingman_5398e-20260930-162239_noe_fail,early,,382.0,2,Weaver,0,0,1,491/460/26,10,10,0,0,0,0
wingman_5398e-20260930-162239_noe_fail,early,,382.0,3,Evoker,1,0,1,377/0/479,10,10,0,0,0,0
wingman_5398e-20260930-162239_noe_fail,early,,382.0,4,Specter,0,0,1,124/303/378,10,10,0,0,0,0
wingman_5398e-20260930-162239_noe_fail,early,,382.0,5,Scourge,0,0,1,532/489/50,10,10,0,0,1,0
wingman_5398e-20260930-162239_noe_fail,early,,382.0,6,Specter,0,0,1,439/63/514,10,10,0,0,1,0
wingman_5398e-20260930-162239_noe_fail,early,,382.0,7,Troubadour,1,0,1,491/479/0,10,10,0,0,1,0
wingman_5398e-20260930-162239_noe_fail,early,,382.0,8,Scourge,0,0,1,556/576/97,10,10,0,0,1,0
wingman_5398e-20260930-162239_noe_fail,early,,382.0,9,Evoker,1,0,1,0/377/491,10,10,0,0,1,0
wingman_5398e-20260930-162239_noe_fail,early,,433.3,0,Scourge,0,0,1,455/90/555,9,9,0,0,0,0
wingman_5398e-20260930-162239_noe_fail,early,,433.3,1,Troubadour,0,0,1,55/533/401,10,10,0,0,1,0
wingman_5398e-20260930-162239_noe_fail,early,,433.3,2,Weaver,1,0,1,481/0/512,10,10,0,0,0,0
wingman_5398e-20260930-162239_noe_fail,early,,433.3,3,Evoker,0,0,1,443/38/488,9,9,0,0,0,0
wingman_5398e-20260930-162239_noe_fail,early,,433.3,4,Specter,0,0,1,40/507/437,10,10,0,0,0,0
wingman_5398e-20260930-162239_noe_fail,early,,433.3,5,Scourge,1,0,1,399/512/0,10,10,0,0,0,0
wingman_5398e-20260930-162239_noe_fail,early,,433.3,6,Specter,0,0,1,460/554/63,10,10,0,0,0,0
wingman_5398e-20260930-162239_noe_fail,early,,433.3,7,Troubadour,0,0,1,25/493/424,10,10,0,0,1,0
wingman_5398e-20260930-162239_noe_fail,early,,433.3,8,Scourge,0,0,1,363/507/38,10,10,0,0,0,0
wingman_5398e-20260930-162239_noe_fail,early,,433.3,9,Evoker,1,0,1,0/481/399,10,10,0,0,0,0
wingman_5398e-20260930-162239_noe_fail,early,,488.8,0,Scourge,1,0,1,603/0/466,8,8,0,0,0,0
wingman_5398e-20260930-162239_noe_fail,early,,488.8,1,Troubadour,0,0,1,443/460/18,9,9,0,0,0,0
wingman_5398e-20260930-162239_noe_fail,early,,488.8,2,Weaver,1,0,1,427/466/0,10,10,0,0,1,0
wingman_5398e-20260930-162239_noe_fail,early,,488.8,3,Evoker,0,0,1,639/66/454,9,9,0,0,0,0
wingman_5398e-20260930-162239_noe_fail,early,,488.8,4,Specter,0,0,1,537/113/353,9,9,0,0,0,0
wingman_5398e-20260930-162239_noe_fail,early,,488.8,5,Scourge,0,0,1,35/570/398,9,9,0,0,1,0
wingman_5398e-20260930-162239_noe_fail,early,,488.8,6,Specter,0,0,1,425/640/181,9,9,0,0,0,0
wingman_5398e-20260930-162239_noe_fail,early,,488.8,7,Troubadour,0,0,1,36/578/391,10,10,0,0,1,0
wingman_5398e-20260930-162239_noe_fail,early,,488.8,8,Scourge,1,0,1,0/603/427,10,10,0,0,1,0
wingman_5398e-20260930-162239_noe_fail,early,,488.8,9,Evoker,0,0,1,10/609/437,9,9,0,0,1,0
wingman_5398e-20260930-162239_noe_fail,last,3,546.2,0,Scourge,0,0,1,471/634/139,8,8,0,0,0,0
wingman_5398e-20260930-162239_noe_fail,last,3,546.2,1,Troubadour,0,0,1,592/83/527,9,9,0,0,1,0
wingman_5398e-20260930-162239_noe_fail,last,3,546.2,2,Weaver,1,0,1,443/502/0,10,10,0,0,0,0
wingman_5398e-20260930-162239_noe_fail,last,3,546.2,3,Evoker,0,0,1,471/604/105,9,9,0,0,0,0
wingman_5398e-20260930-162239_noe_fail,last,3,546.2,4,Specter,0,0,1,43/474/419,9,9,0,0,1,0
wingman_5398e-20260930-162239_noe_fail,last,3,546.2,5,Scourge,1,0,1,516/0/502,9,9,0,0,0,0
wingman_5398e-20260930-162239_noe_fail,last,3,546.2,6,Specter,0,0,1,54/536/497,10,10,0,0,1,0
wingman_5398e-20260930-162239_noe_fail,last,3,546.2,7,Troubadour,1,0,1,0/516/443,10,10,0,0,1,0
wingman_5398e-20260930-162239_noe_fail,last,3,546.2,8,Scourge,0,0,1,474/575/73,10,10,0,0,1,0
wingman_5398e-20260930-162239_noe_fail,last,3,546.2,9,Evoker,0,0,1,451/65/464,9,9,0,0,1,0
wingman_5398e-20260930-162239_noe_fail,last,33,576.2,0,Scourge,0,0,0,474/682,9,9,0,0,0,0
wingman_5398e-20260930-162239_noe_fail,last,33,576.2,3,Evoker,0,0,0,476/766,9,9,0,0,0,0
wingman_5398e-20260930-162239_noe_fail,last,33,576.2,4,Specter,0,0,0,871/396,9,9,0,0,0,0
wingman_5398e-20260930-162239_noe_fail,last,33,576.2,5,Scourge,0,1,0,305/554,9,9,0,0,0,0
wingman_5398e-20260930-162239_noe_fail,last,33,576.2,7,Troubadour,1,0,1,0/584,10,7,3,0,0,1
wingman_5398e-20260930-162239_noe_fail,last,33,576.2,8,Scourge,0,1,1,564/202,10,7,3,0,0,1
wingman_5398e-20260930-162239_noe_fail,last,33,576.2,9,Evoker,0,0,1,212/386,9,6,3,0,0,1
wingman_5771f-Account-CDD2_20261003-011714_noe_kill,early,,3.1,0,Scourge,0,0,0,347,10,10,0,0,1,0
wingman_5771f-Account-CDD2_20261003-011714_noe_kill,early,,3.1,1,Evoker,0,0,1,96,10,10,0,0,1,0
wingman_5771f-Account-CDD2_20261003-011714_noe_kill,early,,3.1,2,Scourge,0,0,1,203,10,10,0,0,1,0
wingman_5771f-Account-CDD2_20261003-011714_noe_kill,early,,3.1,3,Scourge,0,0,1,133,10,10,0,0,1,0
wingman_5771f-Account-CDD2_20261003-011714_noe_kill,early,,3.1,4,Troubadour,0,0,1,84,10,10,0,0,1,0
wingman_5771f-Account-CDD2_20261003-011714_noe_kill,early,,3.1,5,Scourge,0,0,1,39,10,10,0,0,1,0
wingman_5771f-Account-CDD2_20261003-011714_noe_kill,early,,3.1,6,Scourge,0,0,1,77,10,10,0,0,1,0
wingman_5771f-Account-CDD2_20261003-011714_noe_kill,early,,3.1,7,Scourge,0,0,0,327,10,10,0,0,1,0
wingman_5771f-Account-CDD2_20261003-011714_noe_kill,early,,3.1,8,Troubadour,0,0,1,197,10,10,0,0,1,0
wingman_5771f-Account-CDD2_20261003-011714_noe_kill,early,,3.1,9,Specter,1,0,1,0,10,10,0,0,1,0
wingman_5771f-Account-CDD2_20261003-011714_noe_kill,early,,50.3,0,Scourge,0,0,1,428/118/680,10,10,0,0,1,0
wingman_5771f-Account-CDD2_20261003-011714_noe_kill,early,,50.3,1,Evoker,0,0,1,3/352/401,10,10,0,0,1,0
wingman_5771f-Account-CDD2_20261003-011714_noe_kill,early,,50.3,2,Scourge,0,0,1,89/424/461,10,10,0,0,1,0
wingman_5771f-Account-CDD2_20261003-011714_noe_kill,early,,50.3,3,Scourge,0,0,1,91/293/358,10,10,0,0,1,0
wingman_5771f-Account-CDD2_20261003-011714_noe_kill,early,,50.3,4,Troubadour,1,0,1,354/0/564,10,10,0,0,1,0
wingman_5771f-Account-CDD2_20261003-011714_noe_kill,early,,50.3,5,Scourge,0,0,1,346/516/58,10,10,0,0,1,0
wingman_5771f-Account-CDD2_20261003-011714_noe_kill,early,,50.3,6,Scourge,0,0,1,416/111/671,10,10,0,0,1,0
wingman_5771f-Account-CDD2_20261003-011714_noe_kill,early,,50.3,7,Scourge,0,0,1,351/582/111,10,10,0,0,1,0
wingman_5771f-Account-CDD2_20261003-011714_noe_kill,early,,50.3,8,Troubadour,1,0,1,403/564/0,10,10,0,0,1,0
wingman_5771f-Account-CDD2_20261003-011714_noe_kill,early,,50.3,9,Specter,1,0,1,0/354/403,10,10,0,0,1,0
wingman_5771f-Account-CDD2_20261003-011714_noe_kill,early,,95.2,0,Scourge,0,0,1,617/91/442,10,10,0,0,0,0
wingman_5771f-Account-CDD2_20261003-011714_noe_kill,early,,95.2,1,Evoker,0,0,1,435/402/92,10,10,0,0,0,0
wingman_5771f-Account-CDD2_20261003-011714_noe_kill,early,,95.2,2,Scourge,0,0,1,399/437/82,10,10,0,0,0,0
wingman_5771f-Account-CDD2_20261003-011714_noe_kill,early,,95.2,3,Scourge,0,0,1,325/332/49,10,10,0,0,1,0
wingman_5771f-Account-CDD2_20261003-011714_noe_kill,early,,95.2,4,Troubadour,1,0,1,526/0/371,10,10,0,0,1,0
wingman_5771f-Account-CDD2_20261003-011714_noe_kill,early,,95.2,5,Scourge,0,0,1,41/556/349,10,10,0,0,1,0
wingman_5771f-Account-CDD2_20261003-011714_noe_kill,early,,95.2,6,Scourge,0,0,1,562/42/413,10,10,0,0,0,0
wingman_5771f-Account-CDD2_20261003-011714_noe_kill,early,,95.2,7,Scourge,0,0,1,128/617/360,10,10,0,0,1,0
wingman_5771f-Account-CDD2_20261003-011714_noe_kill,early,,95.2,8,Troubadour,1,0,1,0/526/346,10,10,0,0,1,0
wingman_5771f-Account-CDD2_20261003-011714_noe_kill,early,,95.2,9,Specter,1,0,1,346/371/0,10,10,0,0,1,0
wingman_5771f-Account-CDD2_20261003-011714_noe_kill,early,,146.7,0,Scourge,0,0,1,457/141/862,10,10,0,0,1,0
wingman_5771f-Account-CDD2_20261003-011714_noe_kill,early,,146.7,1,Evoker,0,0,1,162/598/291,10,10,0,0,1,0
wingman_5771f-Account-CDD2_20261003-011714_noe_kill,early,,146.7,2,Scourge,0,0,1,170/340/572,10,10,0,0,1,0
wingman_5771f-Account-CDD2_20261003-011714_noe_kill,early,,146.7,3,Scourge,0,0,1,360/101/759,10,10,0,0,1,0
wingman_5771f-Account-CDD2_20261003-011714_noe_kill,early,,146.7,4,Troubadour,1,0,1,437/0/820,10,10,0,0,1,0
wingman_5771f-Account-CDD2_20261003-011714_noe_kill,early,,146.7,5,Scourge,0,0,1,345/716/144,10,10,0,0,1,0
wingman_5771f-Account-CDD2_20261003-011714_noe_kill,early,,146.7,6,Scourge,1,0,1,0/437/408,10,10,0,0,1,0
wingman_5771f-Account-CDD2_20261003-011714_noe_kill,early,,146.7,7,Scourge,0,0,1,445/824/110,10,10,0,0,1,0
wingman_5771f-Account-CDD2_20261003-011714_noe_kill,early,,146.7,8,Troubadour,1,0,1,408/820/0,10,10,0,0,1,0
wingman_5771f-Account-CDD2_20261003-011714_noe_kill,early,,146.7,9,Specter,0,0,1,133/325/541,10,10,0,0,1,0
wingman_5771f-Account-CDD2_20261003-011714_noe_kill,early,,201.5,0,Scourge,0,0,1,623/66/551,10,10,0,0,1,0
wingman_5771f-Account-CDD2_20261003-011714_noe_kill,early,,201.5,1,Evoker,0,0,1,107/529/391,10,10,0,0,1,0
wingman_5771f-Account-CDD2_20261003-011714_noe_kill,early,,201.5,2,Scourge,0,0,1,17/653/460,10,10,0,0,1,0
wingman_5771f-Account-CDD2_20261003-011714_noe_kill,early,,201.5,3,Scourge,0,0,1,322/452/150,10,10,0,0,1,0
wingman_5771f-Account-CDD2_20261003-011714_noe_kill,early,,201.5,4,Troubadour,1,0,1,636/0/515,10,10,0,0,1,0
wingman_5771f-Account-CDD2_20261003-011714_noe_kill,early,,201.5,5,Scourge,0,0,1,350/546/109,10,10,0,0,1,0
wingman_5771f-Account-CDD2_20261003-011714_noe_kill,early,,201.5,6,Scourge,0,0,1,620/60/462,10,10,0,0,1,0
wingman_5771f-Account-CDD2_20261003-011714_noe_kill,early,,201.5,7,Scourge,0,0,1,394/517/59,10,10,0,0,1,0
wingman_5771f-Account-CDD2_20261003-011714_noe_kill,early,,201.5,8,Troubadour,1,0,1,452/515/0,10,10,0,0,1,0
wingman_5771f-Account-CDD2_20261003-011714_noe_kill,early,,201.5,9,Specter,1,0,1,0/636/452,10,10,0,0,1,0
wingman_5771f-Account-CDD2_20261003-011714_noe_kill,early,,246.1,0,Scourge,0,0,2,214/209/281,10,10,0,0,1,0
wingman_5771f-Account-CDD2_20261003-011714_noe_kill,early,,246.1,1,Evoker,0,0,3,151/93/231,10,10,0,0,1,0
wingman_5771f-Account-CDD2_20261003-011714_noe_kill,early,,246.1,2,Scourge,1,0,2,381/155/0,10,10,0,0,1,0
wingman_5771f-Account-CDD2_20261003-011714_noe_kill,early,,246.1,3,Scourge,0,0,1,56/264/417,10,10,0,0,1,0
wingman_5771f-Account-CDD2_20261003-011714_noe_kill,early,,246.1,4,Troubadour,1,0,2,0/233/381,10,10,0,0,1,0
wingman_5771f-Account-CDD2_20261003-011714_noe_kill,early,,246.1,5,Scourge,0,0,0,793/573/418,10,10,0,0,0,0
wingman_5771f-Account-CDD2_20261003-011714_noe_kill,early,,246.1,6,Scourge,0,0,0,373/459/518,10,10,0,0,1,0
wingman_5771f-Account-CDD2_20261003-011714_noe_kill,early,,246.1,7,Scourge,0,0,2,267/34/124,10,10,0,0,1,0
wingman_5771f-Account-CDD2_20261003-011714_noe_kill,early,,246.1,8,Troubadour,0,0,1,532/301/151,10,10,0,0,1,0
wingman_5771f-Account-CDD2_20261003-011714_noe_kill,early,,246.1,9,Specter,1,0,3,233/0/155,10,10,0,0,1,0
wingman_5771f-Account-CDD2_20261003-011714_noe_kill,early,,295.8,0,Scourge,0,0,1,31/893/557,10,10,0,0,0,0
wingman_5771f-Account-CDD2_20261003-011714_noe_kill,early,,295.8,1,Evoker,0,0,1,391/509/159,10,10,0,0,1,0
wingman_5771f-Account-CDD2_20261003-011714_noe_kill,early,,295.8,2,Scourge,1,0,1,532/351/0,10,10,0,0,1,0
wingman_5771f-Account-CDD2_20261003-011714_noe_kill,early,,295.8,3,Scourge,0,0,1,549/339/18,10,10,0,0,1,0
wingman_5771f-Account-CDD2_20261003-011714_noe_kill,early,,295.8,4,Troubadour,1,0,1,0/866/532,10,10,0,0,1,0
wingman_5771f-Account-CDD2_20261003-011714_noe_kill,early,,295.8,5,Scourge,0,0,1,844/30/325,10,10,0,0,1,0
wingman_5771f-Account-CDD2_20261003-011714_noe_kill,early,,295.8,6,Scourge,0,0,1,56/920/588,10,10,0,0,0,0
wingman_5771f-Account-CDD2_20261003-011714_noe_kill,early,,295.8,7,Scourge,0,0,1,819/57/297,10,10,0,0,0,0
wingman_5771f-Account-CDD2_20261003-011714_noe_kill,early,,295.8,8,Troubadour,1,0,1,866/0/351,10,10,0,0,1,0
wingman_5771f-Account-CDD2_20261003-011714_noe_kill,early,,295.8,9,Specter,0,0,1,408/502/153,10,10,0,0,1,0
wingman_5771f-Account-CDD2_20261003-011714_noe_kill,early,,350.6,0,Scourge,1,0,1,0/441/559,10,10,0,0,0,0
wingman_5771f-Account-CDD2_20261003-011714_noe_kill,early,,350.6,1,Evoker,0,0,1,625/411/71,10,10,0,0,1,0
wingman_5771f-Account-CDD2_20261003-011714_noe_kill,early,,350.6,2,Scourge,0,0,1,457/17/380,10,10,0,0,0,0
wingman_5771f-Account-CDD2_20261003-011714_noe_kill,early,,350.6,3,Scourge,0,0,1,43/406/551,10,10,0,0,0,0
wingman_5771f-Account-CDD2_20261003-011714_noe_kill,early,,350.6,4,Troubadour,1,0,1,441/0/386,10,10,0,0,1,0
wingman_5771f-Account-CDD2_20261003-011714_noe_kill,early,,350.6,5,Scourge,0,0,1,573/403/18,10,10,0,0,1,0
wingman_5771f-Account-CDD2_20261003-011714_noe_kill,early,,350.6,6,Scourge,0,0,1,495/68/437,10,10,0,0,0,0
wingman_5771f-Account-CDD2_20261003-011714_noe_kill,early,,350.6,7,Scourge,0,0,1,98/529/598,10,10,0,0,0,0
wingman_5771f-Account-CDD2_20261003-011714_noe_kill,early,,350.6,8,Troubadour,0,0,1,455/31/359,10,10,0,0,1,0
wingman_5771f-Account-CDD2_20261003-011714_noe_kill,early,,350.6,9,Specter,1,0,1,559/386/0,9,9,0,0,1,0
wingman_5771f-Account-CDD2_20261003-011714_noe_kill,early,,402.8,0,Scourge,0,0,1,62/581/470,10,10,0,0,0,0
wingman_5771f-Account-CDD2_20261003-011714_noe_kill,early,,402.8,1,Evoker,1,0,1,415/431/0,10,10,0,0,0,0
wingman_5771f-Account-CDD2_20261003-011714_noe_kill,early,,402.8,2,Scourge,0,0,1,458/476/54,10,10,0,0,0,0
wingman_5771f-Account-CDD2_20261003-011714_noe_kill,early,,402.8,3,Scourge,1,0,1,523/0/431,10,10,0,0,0,0
wingman_5771f-Account-CDD2_20261003-011714_noe_kill,early,,402.8,4,Troubadour,0,0,1,26/539/408,10,10,0,0,1,0
wingman_5771f-Account-CDD2_20261003-011714_noe_kill,early,,402.8,5,Scourge,0,0,1,555/34/443,10,10,0,0,0,0
wingman_5771f-Account-CDD2_20261003-011714_noe_kill,early,,402.8,6,Scourge,0,0,1,79/592/490,10,10,0,0,0,0
wingman_5771f-Account-CDD2_20261003-011714_noe_kill,early,,402.8,7,Scourge,0,0,1,495/30/420,10,10,0,0,0,0
wingman_5771f-Account-CDD2_20261003-011714_noe_kill,early,,402.8,8,Troubadour,0,0,1,369/376/68,10,10,0,0,1,0
wingman_5771f-Account-CDD2_20261003-011714_noe_kill,early,,402.8,9,Specter,1,0,1,0/523/415,10,10,0,0,0,0
wingman_5771f-Account-CDD2_20261003-011714_noe_kill,last,3,479.0,0,Scourge,0,0,1,910/162/529,10,10,0,0,1,0
wingman_5771f-Account-CDD2_20261003-011714_noe_kill,last,3,479.0,1,Evoker,0,0,1,512/369/41,10,10,0,0,1,0
wingman_5771f-Account-CDD2_20261003-011714_noe_kill,last,3,479.0,2,Scourge,0,0,1,474/406/37,10,10,0,0,1,0
wingman_5771f-Account-CDD2_20261003-011714_noe_kill,last,3,479.0,3,Scourge,1,0,1,475/374/0,10,10,0,0,1,0
wingman_5771f-Account-CDD2_20261003-011714_noe_kill,last,3,479.0,4,Troubadour,1,0,1,751/0/374,10,10,0,0,1,0
wingman_5771f-Account-CDD2_20261003-011714_noe_kill,last,3,479.0,5,Scourge,0,0,1,37/788/509,10,10,0,0,0,0
wingman_5771f-Account-CDD2_20261003-011714_noe_kill,last,3,479.0,6,Scourge,0,0,1,918/167/518,10,10,0,0,1,0
wingman_5771f-Account-CDD2_20261003-011714_noe_kill,last,3,479.0,7,Scourge,1,0,1,0/751/475,10,10,0,0,0,0
wingman_5771f-Account-CDD2_20261003-011714_noe_kill,last,3,479.0,8,Troubadour,0,0,1,63/796/499,10,10,0,0,1,0
wingman_5771f-Account-CDD2_20261003-011714_noe_kill,last,3,479.0,9,Specter,0,0,1,447/387/28,10,10,0,0,1,0
wingman_5771f-Account-CDD2_20261003-011714_noe_kill,last,33,509.1,0,Scourge,0,0,1,407/757/87,10,10,0,0,0,0
wingman_5771f-Account-CDD2_20261003-011714_noe_kill,last,33,509.1,1,Evoker,0,0,1,30/365/322,10,10,0,0,1,0
wingman_5771f-Account-CDD2_20261003-011714_noe_kill,last,33,509.1,2,Scourge,0,0,1,84/366/350,10,10,0,0,1,0
wingman_5771f-Account-CDD2_20261003-011714_noe_kill,last,33,509.1,3,Scourge,0,0,1,162/354/420,10,10,0,0,1,0
wingman_5771f-Account-CDD2_20261003-011714_noe_kill,last,33,509.1,4,Troubadour,0,0,1,348/696/20,10,10,0,0,1,0
wingman_5771f-Account-CDD2_20261003-011714_noe_kill,last,33,509.1,6,Scourge,0,0,1,351/702/77,10,10,0,0,0,0
wingman_5771f-Account-CDD2_20261003-011714_noe_kill,last,33,509.1,7,Scourge,0,0,1,166/408/376,10,10,0,0,0,0
wingman_5771f-Account-CDD2_20261003-011714_noe_kill,last,33,509.1,8,Troubadour,1,0,1,0/351/329,10,10,0,0,0,0
wingman_5771f-Account-CDD2_20261003-011714_noe_kill,last,33,509.1,9,Specter,1,0,1,329/677/0,10,10,0,0,0,0
wingman_5771f-Account-CDD2_20261003-011714_noe_kill,last,63,539.0,0,Scourge,0,0,1,894/357/18,10,10,0,0,1,0
wingman_5771f-Account-CDD2_20261003-011714_noe_kill,last,63,539.0,1,Evoker,1,0,1,584/0/340,10,10,0,0,1,0
wingman_5771f-Account-CDD2_20261003-011714_noe_kill,last,63,539.0,2,Scourge,0,0,1,608/72/375,10,10,0,0,0,0
wingman_5771f-Account-CDD2_20261003-011714_noe_kill,last,63,539.0,3,Scourge,0,0,1,530/59/398,10,10,0,0,1,0
wingman_5771f-Account-CDD2_20261003-011714_noe_kill,last,63,539.0,4,Troubadour,1,0,1,0/584/876,10,7,3,1,1,1
wingman_5771f-Account-CDD2_20261003-011714_noe_kill,last,63,539.0,6,Scourge,0,0,1,107/514/785,10,7,3,0,0,1
wingman_5771f-Account-CDD2_20261003-011714_noe_kill,last,63,539.0,7,Scourge,0,0,1,199/451/702,10,7,3,0,0,1
wingman_5771f-Account-CDD2_20261003-011714_noe_kill,last,63,539.0,8,Troubadour,0,0,1,864/332/13,10,10,0,0,1,0
wingman_5771f-Account-CDD2_20261003-011714_noe_kill,last,63,539.0,9,Specter,1,0,1,876/340/0,10,10,0,0,0,0
wingman_704cb-20261003-193028_noe_kill,early,,2.9,0,Vindicator,0,0,1,82,10,10,0,0,1,0
wingman_704cb-20261003-193028_noe_kill,early,,2.9,1,Harbinger,0,0,1,47,10,10,0,0,1,0
wingman_704cb-20261003-193028_noe_kill,early,,2.9,2,Luminary,0,0,1,122,10,10,0,0,1,0
wingman_704cb-20261003-193028_noe_kill,early,,2.9,3,Harbinger,0,0,1,30,10,10,0,0,1,0
wingman_704cb-20261003-193028_noe_kill,early,,2.9,4,Troubadour,1,0,1,0,10,10,0,0,1,0
wingman_704cb-20261003-193028_noe_kill,early,,2.9,5,Scourge,0,0,1,108,10,10,0,0,1,0
wingman_704cb-20261003-193028_noe_kill,early,,2.9,6,Troubadour,0,0,1,174,10,10,0,0,1,0
wingman_704cb-20261003-193028_noe_kill,early,,2.9,7,Scourge,0,0,1,226,10,10,0,0,1,0
wingman_704cb-20261003-193028_noe_kill,early,,2.9,8,Scourge,0,0,1,96,10,10,0,0,1,0
wingman_704cb-20261003-193028_noe_kill,early,,2.9,9,Evoker,0,0,1,23,10,10,0,0,1,0
wingman_704cb-20261003-193028_noe_kill,early,,50.6,0,Vindicator,1,0,1,410/0/279,10,10,0,0,0,0
wingman_704cb-20261003-193028_noe_kill,early,,50.6,1,Harbinger,0,0,1,380/278/5,10,10,0,0,1,0
wingman_704cb-20261003-193028_noe_kill,early,,50.6,2,Luminary,1,0,1,385/279/0,10,10,0,0,0,0
wingman_704cb-20261003-193028_noe_kill,early,,50.6,3,Harbinger,0,0,1,390/300/21,10,10,0,0,0,0
wingman_704cb-20261003-193028_noe_kill,early,,50.6,4,Troubadour,1,0,1,0/410/385,10,10,0,0,1,0
wingman_704cb-20261003-193028_noe_kill,early,,50.6,5,Scourge,0,0,1,388/132/385,10,10,0,0,0,0
wingman_704cb-20261003-193028_noe_kill,early,,50.6,6,Troubadour,0,0,1,50/411/353,10,10,0,0,1,0
wingman_704cb-20261003-193028_noe_kill,early,,50.6,7,Scourge,0,0,1,62/426/358,10,10,0,0,1,0
wingman_704cb-20261003-193028_noe_kill,early,,50.6,8,Scourge,0,0,1,415/170/429,10,10,0,0,0,0
wingman_704cb-20261003-193028_noe_kill,early,,50.6,9,Evoker,0,0,1,332/108/321,10,10,0,0,1,0
wingman_704cb-20261003-193028_noe_kill,early,,95.1,0,Vindicator,1,0,1,405/0/313,10,10,0,0,0,0
wingman_704cb-20261003-193028_noe_kill,early,,95.1,1,Harbinger,0,0,1,444/40/327,10,10,0,0,0,0
wingman_704cb-20261003-193028_noe_kill,early,,95.1,2,Luminary,0,0,1,424/54/365,10,10,0,0,0,0
wingman_704cb-20261003-193028_noe_kill,early,,95.1,3,Harbinger,0,0,1,372/114/387,9,9,0,0,0,0
wingman_704cb-20261003-193028_noe_kill,early,,95.1,4,Troubadour,0,0,1,30/386/358,10,10,0,0,1,0
wingman_704cb-20261003-193028_noe_kill,early,,95.1,5,Scourge,1,0,1,0/405/354,10,10,0,0,1,0
wingman_704cb-20261003-193028_noe_kill,early,,95.1,6,Troubadour,0,0,1,9/412/353,10,10,0,0,1,0
wingman_704cb-20261003-193028_noe_kill,early,,95.1,7,Scourge,0,0,1,367/361/48,10,10,0,0,1,0
wingman_704cb-20261003-193028_noe_kill,early,,95.1,8,Scourge,0,0,1,415/408/98,10,10,0,0,1,0
wingman_704cb-20261003-193028_noe_kill,early,,95.1,9,Evoker,1,0,1,354/313/0,10,10,0,0,1,0
wingman_704cb-20261003-193028_noe_kill,early,,149.2,0,Vindicator,0,0,1,465/447/73,10,10,0,0,1,0
wingman_704cb-20261003-193028_noe_kill,early,,149.2,1,Harbinger,1,0,1,601/0/469,10,10,0,0,1,0
wingman_704cb-20261003-193028_noe_kill,early,,149.2,2,Luminary,0,0,1,402/507/38,10,10,0,0,1,0
wingman_704cb-20261003-193028_noe_kill,early,,149.2,3,Harbinger,1,0,1,397/469/0,9,9,0,0,1,0
wingman_704cb-20261003-193028_noe_kill,early,,149.2,4,Troubadour,0,0,1,107/618/327,10,10,0,0,1,0
wingman_704cb-20261003-193028_noe_kill,early,,149.2,5,Scourge,0,0,1,670/98/566,10,10,0,0,1,0
wingman_704cb-20261003-193028_noe_kill,early,,149.2,6,Troubadour,1,0,1,0/601/397,10,10,0,0,1,0
wingman_704cb-20261003-193028_noe_kill,early,,149.2,7,Scourge,0,0,1,66/659/414,10,10,0,0,1,0
wingman_704cb-20261003-193028_noe_kill,early,,149.2,8,Scourge,0,0,1,635/127/573,10,10,0,0,1,0
wingman_704cb-20261003-193028_noe_kill,early,,149.2,9,Evoker,0,0,1,611/116/552,10,10,0,0,1,0
wingman_704cb-20261003-193028_noe_kill,early,,204.5,0,Vindicator,1,0,1,581/0/394,10,10,0,0,1,0
wingman_704cb-20261003-193028_noe_kill,early,,204.5,1,Harbinger,1,0,1,505/394/0,10,10,0,0,1,0
wingman_704cb-20261003-193028_noe_kill,early,,204.5,2,Luminary,0,0,1,559/37/408,10,10,0,0,1,0
wingman_704cb-20261003-193028_noe_kill,early,,204.5,3,Harbinger,0,0,1,582/7/400,9,9,0,0,1,0
wingman_704cb-20261003-193028_noe_kill,early,,204.5,4,Troubadour,0,0,1,95/498/414,10,10,0,0,1,0
wingman_704cb-20261003-193028_noe_kill,early,,204.5,5,Scourge,0,0,1,508/415/21,10,10,0,0,1,0
wingman_704cb-20261003-193028_noe_kill,early,,204.5,6,Troubadour,1,0,1,0/581/505,10,10,0,0,1,0
wingman_704cb-20261003-193028_noe_kill,early,,204.5,7,Scourge,0,0,1,25/558/483,10,10,0,0,1,0
wingman_704cb-20261003-193028_noe_kill,early,,204.5,8,Scourge,0,0,1,564/511/120,10,10,0,0,1,0
wingman_704cb-20261003-193028_noe_kill,early,,204.5,9,Evoker,0,0,1,469/335/66,10,10,0,0,1,0
wingman_704cb-20261003-193028_noe_kill,early,,248.9,0,Vindicator,0,0,1,312/204,10,10,0,0,1,0
wingman_704cb-20261003-193028_noe_kill,early,,248.9,1,Harbinger,1,0,1,484/0,10,10,0,0,1,0
wingman_704cb-20261003-193028_noe_kill,early,,248.9,2,Luminary,0,0,1,498/64,10,10,0,0,0,0
wingman_704cb-20261003-193028_noe_kill,early,,248.9,3,Harbinger,0,0,1,388/103,9,9,0,0,1,0
wingman_704cb-20261003-193028_noe_kill,early,,248.9,4,Troubadour,0,0,0,251/386,10,10,0,0,1,0
wingman_704cb-20261003-193028_noe_kill,early,,248.9,5,Scourge,1,0,1,0/484,10,10,0,0,1,0
wingman_704cb-20261003-193028_noe_kill,early,,248.9,6,Troubadour,0,0,1,36/455,10,10,0,0,0,0
wingman_704cb-20261003-193028_noe_kill,early,,248.9,7,Scourge,0,0,1,67/418,10,10,0,0,1,0
wingman_704cb-20261003-193028_noe_kill,early,,248.9,8,Scourge,0,0,1,95/574,10,10,0,0,1,0
wingman_704cb-20261003-193028_noe_kill,early,,248.9,9,Evoker,0,0,1,21/465,10,10,0,0,1,0
wingman_704cb-20261003-193028_noe_kill,early,,307.5,0,Vindicator,1,0,1,430/389/0,10,10,0,0,1,0
wingman_704cb-20261003-193028_noe_kill,early,,307.5,1,Harbinger,0,0,1,523/72/364,10,10,0,0,1,0
wingman_704cb-20261003-193028_noe_kill,early,,307.5,2,Luminary,1,0,1,480/0/389,10,10,0,0,0,0
wingman_704cb-20261003-193028_noe_kill,early,,307.5,3,Harbinger,0,0,1,381/140/428,9,9,0,0,1,0
wingman_704cb-20261003-193028_noe_kill,early,,307.5,4,Troubadour,0,0,1,109/396/326,10,10,0,0,1,0
wingman_704cb-20261003-193028_noe_kill,early,,307.5,5,Scourge,0,0,1,503/426/73,10,10,0,0,0,0
wingman_704cb-20261003-193028_noe_kill,early,,307.5,6,Troubadour,0,0,1,52/439/429,10,10,0,0,1,0
wingman_704cb-20261003-193028_noe_kill,early,,307.5,7,Scourge,0,0,1,490/48/434,10,10,0,0,0,0
wingman_704cb-20261003-193028_noe_kill,early,,307.5,8,Scourge,1,0,1,0/480/430,10,10,0,0,0,0
wingman_704cb-20261003-193028_noe_kill,early,,307.5,9,Evoker,0,0,1,445/498/114,10,10,0,0,0,0
wingman_704cb-20261003-193028_noe_kill,early,,355.2,0,Vindicator,1,0,1,494/424/0,10,10,0,0,1,0
wingman_704cb-20261003-193028_noe_kill,early,,355.2,1,Harbinger,1,0,1,472/0/424,10,10,0,0,1,0
wingman_704cb-20261003-193028_noe_kill,early,,355.2,2,Luminary,0,0,1,488/380/46,10,10,0,0,1,0
wingman_704cb-20261003-193028_noe_kill,early,,355.2,3,Harbinger,0,0,1,350/342/150,9,9,0,0,1,0
wingman_704cb-20261003-193028_noe_kill,early,,355.2,4,Troubadour,0,0,1,66/432/428,10,10,0,0,1,0
wingman_704cb-20261003-193028_noe_kill,early,,355.2,5,Scourge,0,0,1,315/158/376,10,10,0,0,1,0
wingman_704cb-20261003-193028_noe_kill,early,,355.2,6,Troubadour,0,0,1,22/493/510,10,10,0,0,1,0
wingman_704cb-20261003-193028_noe_kill,early,,355.2,7,Scourge,0,0,1,447/392/49,10,10,0,0,0,0
wingman_704cb-20261003-193028_noe_kill,early,,355.2,8,Scourge,1,0,1,0/472/494,10,10,0,0,1,0
wingman_704cb-20261003-193028_noe_kill,early,,355.2,9,Evoker,0,0,1,420/69/446,10,10,0,0,1,0
wingman_704cb-20261003-193028_noe_kill,early,,401.8,0,Vindicator,1,0,1,412/0/384,10,10,0,0,0,0
wingman_704cb-20261003-193028_noe_kill,early,,401.8,1,Harbinger,1,0,1,358/384/0,10,10,0,0,0,0
wingman_704cb-20261003-193028_noe_kill,early,,401.8,2,Luminary,0,0,1,455/52/388,10,10,0,0,0,0
wingman_704cb-20261003-193028_noe_kill,early,,401.8,3,Harbinger,0,0,1,487/93/475,10,10,0,0,0,0
wingman_704cb-20261003-193028_noe_kill,early,,401.8,4,Troubadour,0,0,1,33/438/389,10,10,0,0,1,0
wingman_704cb-20261003-193028_noe_kill,early,,401.8,5,Scourge,0,0,1,414/439/65,10,10,0,0,0,0
wingman_704cb-20261003-193028_noe_kill,early,,401.8,6,Troubadour,0,0,1,70/447/427,9,9,0,0,1,0
wingman_704cb-20261003-193028_noe_kill,early,,401.8,7,Scourge,0,0,1,368/412/27,10,10,0,0,0,0
wingman_704cb-20261003-193028_noe_kill,early,,401.8,8,Scourge,0,0,1,419/399/62,10,10,0,0,0,0
wingman_704cb-20261003-193028_noe_kill,early,,401.8,9,Evoker,1,0,1,0/412/358,9,9,0,0,1,0
wingman_704cb-20261003-193028_noe_kill,early,,446.6,0,Vindicator,1,0,1,0/288/313,10,10,0,0,1,0
wingman_704cb-20261003-193028_noe_kill,early,,446.6,1,Harbinger,1,0,1,313/413/0,10,10,0,0,0,0
wingman_704cb-20261003-193028_noe_kill,early,,446.6,2,Luminary,1,0,1,288/0/413,10,10,0,0,0,0
wingman_704cb-20261003-193028_noe_kill,early,,446.6,3,Harbinger,0,0,1,354/67/450,10,10,0,0,0,0
wingman_704cb-20261003-193028_noe_kill,early,,446.6,4,Troubadour,0,0,1,50/331/344,10,10,0,0,1,0
wingman_704cb-20261003-193028_noe_kill,early,,446.6,5,Scourge,0,0,1,339/438/27,10,10,0,0,0,0
wingman_704cb-20261003-193028_noe_kill,early,,446.6,6,Troubadour,0,0,1,168/313/479,9,9,0,0,1,0
wingman_704cb-20261003-193028_noe_kill,early,,446.6,7,Scourge,0,0,1,345/59/463,10,10,0,0,1,0
wingman_704cb-20261003-193028_noe_kill,early,,446.6,8,Scourge,0,0,1,441/567/154,10,10,0,0,0,0
wingman_704cb-20261003-193028_noe_kill,early,,446.6,9,Evoker,0,0,1,317/440/35,9,9,0,0,0,0
wingman_704cb-20261003-193028_noe_kill,last,3,498.7,0,Vindicator,1,0,1,482/351/0,9,9,0,0,0,0
wingman_704cb-20261003-193028_noe_kill,last,3,498.7,1,Harbinger,0,0,1,467/395/72,10,10,0,0,0,0
wingman_704cb-20261003-193028_noe_kill,last,3,498.7,2,Luminary,0,0,1,512/425/79,10,10,0,0,0,0
wingman_704cb-20261003-193028_noe_kill,last,3,498.7,3,Harbinger,1,0,1,373/0/351,10,10,0,0,0,0
wingman_704cb-20261003-193028_noe_kill,last,3,498.7,4,Troubadour,0,0,1,61/395/455,10,10,0,0,1,0
wingman_704cb-20261003-193028_noe_kill,last,3,498.7,5,Scourge,1,0,1,0/373/482,10,10,0,0,1,0
wingman_704cb-20261003-193028_noe_kill,last,3,498.7,6,Troubadour,0,0,1,87/460/543,9,9,0,0,1,0
wingman_704cb-20261003-193028_noe_kill,last,3,498.7,7,Scourge,0,0,1,472/130/462,10,10,0,0,0,0
wingman_704cb-20261003-193028_noe_kill,last,3,498.7,8,Scourge,0,0,1,569/488/137,10,10,0,0,0,0
wingman_704cb-20261003-193028_noe_kill,last,3,498.7,9,Evoker,0,0,1,414/85/433,9,9,0,0,0,0
wingman_704cb-20261003-193028_noe_kill,last,33,528.7,0,Vindicator,1,0,1,860/0/374,10,10,0,0,0,0
wingman_704cb-20261003-193028_noe_kill,last,33,528.7,1,Harbinger,1,0,1,486/374/0,10,10,0,0,0,0
wingman_704cb-20261003-193028_noe_kill,last,33,528.7,2,Luminary,0,0,1,812/136/342,10,10,0,0,0,0
wingman_704cb-20261003-193028_noe_kill,last,33,528.7,3,Harbinger,0,0,1,962/177/490,10,10,0,0,0,0
wingman_704cb-20261003-193028_noe_kill,last,33,528.7,4,Troubadour,0,0,1,155/739/370,10,10,0,0,1,0
wingman_704cb-20261003-193028_noe_kill,last,33,528.7,5,Scourge,1,0,1,0/860/486,10,10,0,0,0,0
wingman_704cb-20261003-193028_noe_kill,last,33,528.7,6,Troubadour,0,0,1,64/867/494,9,9,0,0,0,0
wingman_704cb-20261003-193028_noe_kill,last,33,528.7,7,Scourge,0,0,1,492/414/139,10,10,0,0,0,0
wingman_704cb-20261003-193028_noe_kill,last,33,528.7,8,Scourge,0,0,1,511/370/94,10,10,0,0,0,0
wingman_704cb-20261003-193028_noe_kill,last,33,528.7,9,Evoker,0,0,1,456/414/78,9,9,0,0,0,0
wingman_755ee-Account-059D_20261004-184040_noe_kill,early,,2.6,0,Scourge,0,0,1,43,10,10,0,0,1,0
wingman_755ee-Account-059D_20261004-184040_noe_kill,early,,2.6,1,Troubadour,0,0,1,98,10,10,0,0,1,0
wingman_755ee-Account-059D_20261004-184040_noe_kill,early,,2.6,2,Scourge,0,0,1,233,10,10,0,0,1,0
wingman_755ee-Account-059D_20261004-184040_noe_kill,early,,2.6,3,Tempest,1,0,1,0,10,10,0,0,1,0
wingman_755ee-Account-059D_20261004-184040_noe_kill,early,,2.6,4,Scourge,0,0,0,283,10,10,0,0,1,0
wingman_755ee-Account-059D_20261004-184040_noe_kill,early,,2.6,5,Scourge,0,0,0,240,10,10,0,0,1,0
wingman_755ee-Account-059D_20261004-184040_noe_kill,early,,2.6,6,Troubadour,0,0,1,62,10,10,0,0,1,0
wingman_755ee-Account-059D_20261004-184040_noe_kill,early,,2.6,7,Luminary,0,0,1,218,10,10,0,0,1,0
wingman_755ee-Account-059D_20261004-184040_noe_kill,early,,2.6,8,Daredevil,0,0,0,276,10,10,0,0,1,0
wingman_755ee-Account-059D_20261004-184040_noe_kill,early,,2.6,9,Scourge,0,0,1,51,10,10,0,0,1,0
wingman_755ee-Account-059D_20261004-184040_noe_kill,early,,50.1,0,Scourge,1,0,1,493/739/0,10,10,0,0,0,0
wingman_755ee-Account-059D_20261004-184040_noe_kill,early,,50.1,1,Troubadour,0,0,1,442/62/797,10,10,0,0,0,0
wingman_755ee-Account-059D_20261004-184040_noe_kill,early,,50.1,2,Scourge,0,0,1,391/640/105,10,10,0,0,0,0
wingman_755ee-Account-059D_20261004-184040_noe_kill,early,,50.1,3,Tempest,1,0,1,0/409/493,10,10,0,0,0,0
wingman_755ee-Account-059D_20261004-184040_noe_kill,early,,50.1,4,Scourge,1,0,1,409/0/739,10,10,0,0,0,0
wingman_755ee-Account-059D_20261004-184040_noe_kill,early,,50.1,5,Scourge,0,0,1,115/473/577,10,10,0,0,0,0
wingman_755ee-Account-059D_20261004-184040_noe_kill,early,,50.1,6,Troubadour,0,0,1,63/408/436,10,10,0,0,1,0
wingman_755ee-Account-059D_20261004-184040_noe_kill,early,,50.1,7,Luminary,0,0,1,485/677/99,10,10,0,0,0,0
wingman_755ee-Account-059D_20261004-184040_noe_kill,early,,50.1,8,Daredevil,0,0,1,438/68/799,10,10,0,0,0,0
wingman_755ee-Account-059D_20261004-184040_noe_kill,early,,50.1,9,Scourge,0,0,1,410/19/727,10,10,0,0,0,0
wingman_755ee-Account-059D_20261004-184040_noe_kill,early,,94.6,0,Scourge,0,0,1,353/139/665,10,10,0,0,0,0
wingman_755ee-Account-059D_20261004-184040_noe_kill,early,,94.6,1,Troubadour,0,0,1,317/605/100,10,10,0,0,1,0
wingman_755ee-Account-059D_20261004-184040_noe_kill,early,,94.6,2,Scourge,0,0,1,352/584/115,10,10,0,0,0,0
wingman_755ee-Account-059D_20261004-184040_noe_kill,early,,94.6,3,Tempest,1,0,1,0/454/413,10,10,0,0,0,0
wingman_755ee-Account-059D_20261004-184040_noe_kill,early,,94.6,4,Scourge,1,0,1,413/695/0,10,10,0,0,0,0
wingman_755ee-Account-059D_20261004-184040_noe_kill,early,,94.6,5,Scourge,0,0,1,83/504/470,10,10,0,0,0,0
wingman_755ee-Account-059D_20261004-184040_noe_kill,early,,94.6,6,Troubadour,0,0,1,20/474/406,10,10,0,0,1,0
wingman_755ee-Account-059D_20261004-184040_noe_kill,early,,94.6,7,Luminary,1,0,1,454/0/695,10,10,0,0,0,0
wingman_755ee-Account-059D_20261004-184040_noe_kill,early,,94.6,8,Daredevil,0,0,1,474/808/126,10,10,0,0,0,0
wingman_755ee-Account-059D_20261004-184040_noe_kill,early,,94.6,9,Scourge,0,0,1,421/34/671,10,10,0,0,0,0
wingman_755ee-Account-059D_20261004-184040_noe_kill,early,,152.5,0,Scourge,0,0,1,1002/53/447,10,10,0,0,1,0
wingman_755ee-Account-059D_20261004-184040_noe_kill,early,,152.5,1,Troubadour,1,0,1,705/396/0,10,10,0,0,1,0
wingman_755ee-Account-059D_20261004-184040_noe_kill,early,,152.5,2,Scourge,0,0,1,47/926/659,10,10,0,0,1,0
wingman_755ee-Account-059D_20261004-184040_noe_kill,early,,152.5,3,Tempest,1,0,1,971/0/396,10,10,0,0,1,0
wingman_755ee-Account-059D_20261004-184040_noe_kill,early,,152.5,4,Scourge,0,0,1,138/918/612,10,10,0,0,1,0
wingman_755ee-Account-059D_20261004-184040_noe_kill,early,,152.5,5,Scourge,0,0,1,707/355/50,10,10,0,0,1,0
wingman_755ee-Account-059D_20261004-184040_noe_kill,early,,152.5,6,Troubadour,1,0,1,0/971/705,10,10,0,0,1,0
wingman_755ee-Account-059D_20261004-184040_noe_kill,early,,152.5,7,Luminary,0,0,1,864/108/329,10,10,0,0,0,0
wingman_755ee-Account-059D_20261004-184040_noe_kill,early,,152.5,8,Daredevil,0,0,1,728/331/68,10,10,0,0,1,0
wingman_755ee-Account-059D_20261004-184040_noe_kill,early,,152.5,9,Scourge,0,0,1,958/19/378,10,10,0,0,0,0
wingman_755ee-Account-059D_20261004-184040_noe_kill,early,,207.1,0,Scourge,0,0,1,55/458/704,10,10,0,0,1,0
wingman_755ee-Account-059D_20261004-184040_noe_kill,early,,207.1,1,Troubadour,0,0,1,610/347/112,10,10,0,0,1,0
wingman_755ee-Account-059D_20261004-184040_noe_kill,early,,207.1,2,Scourge,1,0,1,710/457/0,10,10,0,0,1,0
wingman_755ee-Account-059D_20261004-184040_noe_kill,early,,207.1,3,Tempest,0,0,1,143/455/636,10,10,0,0,1,0
wingman_755ee-Account-059D_20261004-184040_noe_kill,early,,207.1,4,Scourge,0,0,1,522/109/380,10,10,0,0,1,0
wingman_755ee-Account-059D_20261004-184040_noe_kill,early,,207.1,5,Scourge,0,0,1,439/53/506,10,10,0,0,1,0
wingman_755ee-Account-059D_20261004-184040_noe_kill,early,,207.1,6,Troubadour,1,0,1,0/428/710,10,10,0,0,1,0
wingman_755ee-Account-059D_20261004-184040_noe_kill,early,,207.1,7,Luminary,1,0,1,428/0/457,10,10,0,0,1,0
wingman_755ee-Account-059D_20261004-184040_noe_kill,early,,207.1,8,Daredevil,0,0,1,694/430/29,10,10,0,0,1,0
wingman_755ee-Account-059D_20261004-184040_noe_kill,early,,207.1,9,Scourge,0,0,1,673/447/48,10,10,0,0,1,0
wingman_755ee-Account-059D_20261004-184040_noe_kill,early,,268.0,0,Scourge,0,0,1,410/105/494,10,10,0,0,1,0
wingman_755ee-Account-059D_20261004-184040_noe_kill,early,,268.0,1,Troubadour,0,0,1,614/129/468,10,10,0,0,1,0
wingman_755ee-Account-059D_20261004-184040_noe_kill,early,,268.0,2,Scourge,0,0,1,633/371/84,10,10,0,0,1,0
wingman_755ee-Account-059D_20261004-184040_noe_kill,early,,268.0,3,Tempest,0,0,1,88/577/761,10,10,0,0,1,0
wingman_755ee-Account-059D_20261004-184040_noe_kill,early,,268.0,4,Scourge,0,1,0,707/1203/1337,10,10,0,0,0,0
wingman_755ee-Account-059D_20261004-184040_noe_kill,early,,268.0,5,Scourge,1,0,1,0/497/715,10,10,0,0,0,0
wingman_755ee-Account-059D_20261004-184040_noe_kill,early,,268.0,6,Troubadour,0,0,1,523/163/260,10,10,0,0,1,0
wingman_755ee-Account-059D_20261004-184040_noe_kill,early,,268.0,7,Luminary,1,0,1,497/0/417,10,10,0,0,0,0
wingman_755ee-Account-059D_20261004-184040_noe_kill,early,,268.0,8,Daredevil,1,0,1,715/417/0,10,10,0,0,0,0
wingman_755ee-Account-059D_20261004-184040_noe_kill,early,,268.0,9,Scourge,0,0,1,170/354/652,10,10,0,0,1,0
wingman_755ee-Account-059D_20261004-184040_noe_kill,early,,332.4,0,Scourge,0,0,1,447/797/75,10,10,0,0,0,0
wingman_755ee-Account-059D_20261004-184040_noe_kill,early,,332.4,1,Troubadour,0,0,1,402/778/45,10,10,0,0,0,0
wingman_755ee-Account-059D_20261004-184040_noe_kill,early,,332.4,2,Scourge,0,0,1,379/66/772,10,10,0,0,0,0
wingman_755ee-Account-059D_20261004-184040_noe_kill,early,,332.4,3,Tempest,0,0,1,409/782/28,10,10,0,0,0,0
wingman_755ee-Account-059D_20261004-184040_noe_kill,early,,332.4,4,Scourge,0,0,1,381/58/776,10,10,0,0,0,0
wingman_755ee-Account-059D_20261004-184040_noe_kill,early,,332.4,5,Scourge,0,0,1,104/422/469,10,10,0,0,0,0
wingman_755ee-Account-059D_20261004-184040_noe_kill,early,,332.4,6,Troubadour,1,0,1,0/390/431,10,10,0,0,1,0
wingman_755ee-Account-059D_20261004-184040_noe_kill,early,,332.4,7,Luminary,1,0,1,390/0/800,10,10,0,0,0,0
wingman_755ee-Account-059D_20261004-184040_noe_kill,early,,332.4,8,Daredevil,1,0,1,431/800/0,10,10,0,0,0,0
wingman_755ee-Account-059D_20261004-184040_noe_kill,early,,332.4,9,Scourge,0,0,1,64/453/371,10,10,0,0,0,0
wingman_755ee-Account-059D_20261004-184040_noe_kill,early,,379.9,0,Scourge,0,0,1,515/583/78,10,10,0,0,0,0
wingman_755ee-Account-059D_20261004-184040_noe_kill,early,,379.9,1,Troubadour,1,0,1,451/610/0,10,10,0,0,0,0
wingman_755ee-Account-059D_20261004-184040_noe_kill,early,,379.9,2,Scourge,0,0,1,630/38/573,10,10,0,0,0,0
wingman_755ee-Account-059D_20261004-184040_noe_kill,early,,379.9,3,Tempest,0,0,1,529/661/83,10,10,0,0,0,0
wingman_755ee-Account-059D_20261004-184040_noe_kill,early,,379.9,4,Scourge,0,0,1,590/76/573,10,10,0,0,0,0
wingman_755ee-Account-059D_20261004-184040_noe_kill,early,,379.9,5,Scourge,0,0,1,445/649/42,10,10,0,0,0,0
wingman_755ee-Account-059D_20261004-184040_noe_kill,early,,379.9,6,Troubadour,1,0,1,0/663/451,10,10,0,0,1,0
wingman_755ee-Account-059D_20261004-184040_noe_kill,early,,379.9,7,Luminary,1,0,1,663/0/610,10,10,0,0,0,0
wingman_755ee-Account-059D_20261004-184040_noe_kill,early,,379.9,8,Daredevil,0,0,1,190/628/600,10,10,0,0,0,0
wingman_755ee-Account-059D_20261004-184040_noe_kill,early,,379.9,9,Scourge,0,0,1,18/646/450,10,10,0,0,0,0
wingman_755ee-Account-059D_20261004-184040_noe_kill,early,,429.5,0,Scourge,0,0,1,713/597/35,10,10,0,0,1,0
wingman_755ee-Account-059D_20261004-184040_noe_kill,early,,429.5,1,Troubadour,0,0,1,123/959/778,10,10,0,0,1,0
wingman_755ee-Account-059D_20261004-184040_noe_kill,early,,429.5,2,Scourge,1,0,1,942/0/572,10,10,0,0,1,0
wingman_755ee-Account-059D_20261004-184040_noe_kill,early,,429.5,3,Tempest,1,0,1,690/572/0,10,10,0,0,1,0
wingman_755ee-Account-059D_20261004-184040_noe_kill,early,,429.5,4,Scourge,1,0,1,0/942/690,10,10,0,0,0,0
wingman_755ee-Account-059D_20261004-184040_noe_kill,early,,429.5,5,Scourge,0,0,1,675/572/16,10,10,0,0,0,0
wingman_755ee-Account-059D_20261004-184040_noe_kill,early,,429.5,6,Troubadour,0,0,1,796/146/492,10,10,0,0,1,0
wingman_755ee-Account-059D_20261004-184040_noe_kill,early,,429.5,7,Luminary,0,0,1,27/919/664,10,10,0,0,0,0
wingman_755ee-Account-059D_20261004-184040_noe_kill,early,,429.5,8,Daredevil,0,0,1,982/44/614,10,10,0,0,0,0
wingman_755ee-Account-059D_20261004-184040_noe_kill,early,,429.5,9,Scourge,0,0,1,693/567/6,10,10,0,0,1,0
wingman_755ee-Account-059D_20261004-184040_noe_kill,early,,474.4,0,Scourge,0,0,1,808/561/80,10,10,0,0,0,0
wingman_755ee-Account-059D_20261004-184040_noe_kill,early,,474.4,1,Troubadour,0,0,1,57/635/881,10,10,0,0,1,0
wingman_755ee-Account-059D_20261004-184040_noe_kill,early,,474.4,2,Scourge,0,0,1,758/595/177,10,10,0,0,0,0
wingman_755ee-Account-059D_20261004-184040_noe_kill,early,,474.4,3,Tempest,0,0,1,878/580/65,10,10,0,0,0,0
wingman_755ee-Account-059D_20261004-184040_noe_kill,early,,474.4,4,Scourge,0,0,1,75/586/862,10,10,0,0,1,0
wingman_755ee-Account-059D_20261004-184040_noe_kill,early,,474.4,5,Scourge,0,0,1,672/121/613,10,10,0,0,0,0
wingman_755ee-Account-059D_20261004-184040_noe_kill,early,,474.4,6,Troubadour,1,0,1,0/596/825,10,10,0,0,1,0
wingman_755ee-Account-059D_20261004-184040_noe_kill,early,,474.4,7,Luminary,1,0,1,596/0/515,10,10,0,0,1,0
wingman_755ee-Account-059D_20261004-184040_noe_kill,early,,474.4,8,Daredevil,1,0,1,825/515/0,10,10,0,0,0,0
wingman_755ee-Account-059D_20261004-184040_noe_kill,early,,474.4,9,Scourge,0,0,1,527/89/477,10,10,0,0,1,0
wingman_755ee-Account-059D_20261004-184040_noe_kill,last,3,521.5,0,Scourge,0,0,1,465/457/72,10,10,0,0,1,0
wingman_755ee-Account-059D_20261004-184040_noe_kill,last,3,521.5,1,Troubadour,0,0,1,542/481/102,10,10,0,0,1,0
wingman_755ee-Account-059D_20261004-184040_noe_kill,last,3,521.5,2,Scourge,0,0,1,785/87/526,10,10,0,0,1,0
wingman_755ee-Account-059D_20261004-184040_noe_kill,last,3,521.5,3,Tempest,1,0,1,441/527/0,10,10,0,0,1,0
wingman_755ee-Account-059D_20261004-184040_noe_kill,last,3,521.5,4,Scourge,0,0,1,61/769/389,10,10,0,0,1,0
wingman_755ee-Account-059D_20261004-184040_noe_kill,last,3,521.5,5,Scourge,0,0,1,852/69/517,10,10,0,0,0,0
wingman_755ee-Account-059D_20261004-184040_noe_kill,last,3,521.5,6,Troubadour,1,0,1,0/830/441,10,10,0,0,1,0
wingman_755ee-Account-059D_20261004-184040_noe_kill,last,3,521.5,7,Luminary,1,0,1,830/0/527,10,10,0,0,0,0
wingman_755ee-Account-059D_20261004-184040_noe_kill,last,3,521.5,8,Daredevil,0,0,1,84/901/479,10,10,0,0,0,0
wingman_755ee-Account-059D_20261004-184040_noe_kill,last,3,521.5,9,Scourge,0,0,1,391/577/58,10,10,0,0,0,0
wingman_755ee-Account-059D_20261004-184040_noe_kill,last,33,551.6,0,Scourge,0,0,1,728/368/83,10,10,0,0,1,0
wingman_755ee-Account-059D_20261004-184040_noe_kill,last,33,551.6,1,Troubadour,1,0,1,806/408/0,10,10,0,0,1,0
wingman_755ee-Account-059D_20261004-184040_noe_kill,last,33,551.6,2,Scourge,0,0,1,71/480/765,10,10,0,0,1,0
wingman_755ee-Account-059D_20261004-184040_noe_kill,last,33,551.6,3,Tempest,0,0,1,75/500/796,10,10,0,0,1,0
wingman_755ee-Account-059D_20261004-184040_noe_kill,last,33,551.6,4,Scourge,0,0,1,491/75/479,10,10,0,0,1,0
wingman_755ee-Account-059D_20261004-184040_noe_kill,last,33,551.6,5,Scourge,0,0,1,848/436/43,10,10,0,0,0,0
wingman_755ee-Account-059D_20261004-184040_noe_kill,last,33,551.6,6,Troubadour,0,0,1,546/9/400,10,10,0,0,1,0
wingman_755ee-Account-059D_20261004-184040_noe_kill,last,33,551.6,7,Luminary,1,0,1,0/543/806,10,10,0,0,0,0
wingman_755ee-Account-059D_20261004-184040_noe_kill,last,33,551.6,8,Daredevil,0,0,1,723/180/353,10,10,0,0,0,0
wingman_755ee-Account-059D_20261004-184040_noe_kill,last,33,551.6,9,Scourge,1,0,1,543/0/408,10,10,0,0,0,0
wingman_7b6a0-20261004-201330_noe_kill,early,,2.9,0,Scourge,0,0,1,62,10,10,0,0,1,0
wingman_7b6a0-20261004-201330_noe_kill,early,,2.9,1,Troubadour,0,0,1,82,10,10,0,0,1,0
wingman_7b6a0-20261004-201330_noe_kill,early,,2.9,2,Specter,0,0,1,118,10,10,0,0,1,0
wingman_7b6a0-20261004-201330_noe_kill,early,,2.9,3,Scourge,0,0,1,73,10,10,0,0,1,0
wingman_7b6a0-20261004-201330_noe_kill,early,,2.9,4,Scourge,0,0,1,83,10,10,0,0,1,0
wingman_7b6a0-20261004-201330_noe_kill,early,,2.9,5,Scourge,0,0,1,86,10,10,0,0,1,0
wingman_7b6a0-20261004-201330_noe_kill,early,,2.9,6,Scourge,0,0,1,50,10,10,0,0,1,0
wingman_7b6a0-20261004-201330_noe_kill,early,,2.9,7,Specter,0,0,1,93,10,10,0,0,1,0
wingman_7b6a0-20261004-201330_noe_kill,early,,2.9,8,Troubadour,0,0,1,139,10,10,0,0,1,0
wingman_7b6a0-20261004-201330_noe_kill,early,,2.9,9,Scourge,1,0,1,0,10,10,0,0,1,0
wingman_7b6a0-20261004-201330_noe_kill,early,,50.3,0,Scourge,0,0,1,10/424/386,10,10,0,0,0,0
wingman_7b6a0-20261004-201330_noe_kill,early,,50.3,1,Troubadour,0,0,1,371/65/595,10,10,0,0,1,0
wingman_7b6a0-20261004-201330_noe_kill,early,,50.3,2,Specter,1,0,1,382/638/0,10,10,0,0,0,0
wingman_7b6a0-20261004-201330_noe_kill,early,,50.3,3,Scourge,0,0,1,476/722/96,10,10,0,0,0,0
wingman_7b6a0-20261004-201330_noe_kill,early,,50.3,4,Scourge,0,0,1,121/355/486,10,10,0,0,0,0
wingman_7b6a0-20261004-201330_noe_kill,early,,50.3,5,Scourge,0,0,1,60/441/440,10,10,0,0,0,0
wingman_7b6a0-20261004-201330_noe_kill,early,,50.3,6,Scourge,0,0,1,431/45/660,10,10,0,0,0,0
wingman_7b6a0-20261004-201330_noe_kill,early,,50.3,7,Specter,1,0,1,435/0/638,10,10,0,0,0,0
wingman_7b6a0-20261004-201330_noe_kill,early,,50.3,8,Troubadour,0,0,1,382/609/42,10,10,0,0,1,0
wingman_7b6a0-20261004-201330_noe_kill,early,,50.3,9,Scourge,1,0,1,0/435/382,10,10,0,0,0,0
wingman_7b6a0-20261004-201330_noe_kill,early,,95.4,0,Scourge,0,0,1,41/442/362,10,10,0,0,0,0
wingman_7b6a0-20261004-201330_noe_kill,early,,95.4,1,Troubadour,0,0,1,350/51/669,10,10,0,0,1,0
wingman_7b6a0-20261004-201330_noe_kill,early,,95.4,2,Specter,1,0,1,386/713/0,10,10,0,0,0,0
wingman_7b6a0-20261004-201330_noe_kill,early,,95.4,3,Scourge,0,0,1,403/720/26,10,10,0,0,0,0
wingman_7b6a0-20261004-201330_noe_kill,early,,95.4,4,Scourge,0,0,1,78/400/452,10,10,0,0,0,0
wingman_7b6a0-20261004-201330_noe_kill,early,,95.4,5,Scourge,0,0,1,98/450/438,10,10,0,0,0,0
wingman_7b6a0-20261004-201330_noe_kill,early,,95.4,6,Scourge,1,0,1,0/401/386,10,10,0,0,0,0
wingman_7b6a0-20261004-201330_noe_kill,early,,95.4,7,Specter,1,0,1,401/0/713,10,10,0,0,0,0
wingman_7b6a0-20261004-201330_noe_kill,early,,95.4,8,Troubadour,0,0,1,320/578/160,10,10,0,0,0,0
wingman_7b6a0-20261004-201330_noe_kill,early,,95.4,9,Scourge,0,0,1,430/107/692,10,10,0,0,0,0
wingman_7b6a0-20261004-201330_noe_kill,early,,149.2,0,Scourge,0,0,1,64/637/360,10,10,0,0,1,0
wingman_7b6a0-20261004-201330_noe_kill,early,,149.2,1,Troubadour,0,0,1,384/944/51,10,10,0,0,1,0
wingman_7b6a0-20261004-201330_noe_kill,early,,149.2,2,Specter,1,0,1,349/925/0,10,10,0,0,1,0
wingman_7b6a0-20261004-201330_noe_kill,early,,149.2,3,Scourge,0,0,1,390/996/173,10,10,0,0,1,0
wingman_7b6a0-20261004-201330_noe_kill,early,,149.2,4,Scourge,0,0,1,158/675/410,10,10,0,0,1,0
wingman_7b6a0-20261004-201330_noe_kill,early,,149.2,5,Scourge,0,0,0,252/356/576,10,10,0,0,1,0
wingman_7b6a0-20261004-201330_noe_kill,early,,149.2,6,Scourge,0,0,1,677/126/1010,10,10,0,0,0,0
wingman_7b6a0-20261004-201330_noe_kill,early,,149.2,7,Specter,1,0,1,607/0/925,10,10,0,0,1,0
wingman_7b6a0-20261004-201330_noe_kill,early,,149.2,8,Troubadour,1,0,1,0/607/349,10,10,0,0,1,0
wingman_7b6a0-20261004-201330_noe_kill,early,,149.2,9,Scourge,0,0,1,564/118/900,10,10,0,0,1,0
wingman_7b6a0-20261004-201330_noe_kill,early,,204.3,0,Scourge,0,0,1,73/326/346,10,10,0,0,1,0
wingman_7b6a0-20261004-201330_noe_kill,early,,204.3,1,Troubadour,0,0,1,320/505/78,10,10,0,0,1,0
wingman_7b6a0-20261004-201330_noe_kill,early,,204.3,2,Specter,1,0,1,378/583/0,10,10,0,0,1,0
wingman_7b6a0-20261004-201330_noe_kill,early,,204.3,3,Scourge,0,0,1,391/651/102,10,10,0,0,1,0
wingman_7b6a0-20261004-201330_noe_kill,early,,204.3,4,Scourge,0,0,1,60/354/332,10,10,0,0,1,0
wingman_7b6a0-20261004-201330_noe_kill,early,,204.3,5,Scourge,0,0,1,48/365/427,10,10,0,0,1,0
wingman_7b6a0-20261004-201330_noe_kill,early,,204.3,6,Scourge,0,0,1,401/95/540,10,10,0,0,1,0
wingman_7b6a0-20261004-201330_noe_kill,early,,204.3,7,Specter,1,0,1,376/0/583,10,10,0,0,1,0
wingman_7b6a0-20261004-201330_noe_kill,early,,204.3,8,Troubadour,1,0,1,0/376/378,10,10,0,0,1,0
wingman_7b6a0-20261004-201330_noe_kill,early,,204.3,9,Scourge,0,0,1,365/11/575,10,10,0,0,1,0
wingman_7b6a0-20261004-201330_noe_kill,early,,250.8,0,Scourge,0,0,1,36/373/378,10,10,0,0,1,0
wingman_7b6a0-20261004-201330_noe_kill,early,,250.8,1,Troubadour,0,0,1,396/55/784,10,10,0,0,1,0
wingman_7b6a0-20261004-201330_noe_kill,early,,250.8,2,Specter,1,0,1,414/732/0,10,10,0,0,1,0
wingman_7b6a0-20261004-201330_noe_kill,early,,250.8,3,Scourge,0,0,1,390/715/36,10,10,0,0,1,0
wingman_7b6a0-20261004-201330_noe_kill,early,,250.8,4,Scourge,0,0,1,483/165/888,10,10,0,0,1,0
wingman_7b6a0-20261004-201330_noe_kill,early,,250.8,5,Scourge,1,0,1,341/0/732,10,10,0,0,1,0
wingman_7b6a0-20261004-201330_noe_kill,early,,250.8,6,Scourge,0,0,1,31/360/410,10,10,0,0,1,0
wingman_7b6a0-20261004-201330_noe_kill,early,,250.8,7,Specter,1,0,1,0/341/414,10,10,0,0,1,0
wingman_7b6a0-20261004-201330_noe_kill,early,,250.8,8,Troubadour,0,0,1,418/745/43,10,10,0,0,1,0
wingman_7b6a0-20261004-201330_noe_kill,early,,250.8,9,Scourge,0,0,1,27/368/388,10,10,0,0,1,0
wingman_7b6a0-20261004-201330_noe_kill,early,,302.1,0,Scourge,0,0,1,36/401/380,10,10,0,0,0,0
wingman_7b6a0-20261004-201330_noe_kill,early,,302.1,1,Troubadour,0,0,1,62/378/446,10,10,0,0,1,0
wingman_7b6a0-20261004-201330_noe_kill,early,,302.1,2,Specter,1,0,1,386/762/0,10,10,0,0,1,0
wingman_7b6a0-20261004-201330_noe_kill,early,,302.1,3,Scourge,0,0,1,445/845/119,10,10,0,0,1,0
wingman_7b6a0-20261004-201330_noe_kill,early,,302.1,4,Scourge,0,0,1,45/371/427,10,10,0,0,0,0
wingman_7b6a0-20261004-201330_noe_kill,early,,302.1,5,Scourge,1,0,1,0/415/386,10,10,0,0,0,0
wingman_7b6a0-20261004-201330_noe_kill,early,,302.1,6,Scourge,0,0,1,462/47/808,10,10,0,0,0,0
wingman_7b6a0-20261004-201330_noe_kill,early,,302.1,7,Specter,1,0,1,415/0/762,10,10,0,0,0,0
wingman_7b6a0-20261004-201330_noe_kill,early,,302.1,8,Troubadour,0,0,1,440/842/123,10,10,0,0,1,0
wingman_7b6a0-20261004-201330_noe_kill,early,,302.1,9,Scourge,0,0,1,498/86/849,10,10,0,0,0,0
wingman_7b6a0-20261004-201330_noe_kill,early,,349.0,0,Scourge,1,0,1,0/372/414,10,10,0,0,1,0
wingman_7b6a0-20261004-201330_noe_kill,early,,349.0,1,Troubadour,0,0,1,34/398/411,10,10,0,0,1,0
wingman_7b6a0-20261004-201330_noe_kill,early,,349.0,2,Specter,1,0,1,372/0/738,10,10,0,0,1,0
wingman_7b6a0-20261004-201330_noe_kill,early,,349.0,3,Scourge,0,0,1,428/56/790,10,10,0,0,1,0
wingman_7b6a0-20261004-201330_noe_kill,early,,349.0,4,Scourge,0,0,1,70/397/449,10,10,0,0,1,0
wingman_7b6a0-20261004-201330_noe_kill,early,,349.0,5,Scourge,0,0,1,113/417/472,10,10,0,0,1,0
wingman_7b6a0-20261004-201330_noe_kill,early,,349.0,6,Scourge,1,0,1,414/738/0,10,10,0,0,1,0
wingman_7b6a0-20261004-201330_noe_kill,early,,349.0,7,Specter,0,0,1,343/631/127,10,10,0,0,1,0
wingman_7b6a0-20261004-201330_noe_kill,early,,349.0,8,Troubadour,0,0,1,366/21/739,10,10,0,0,1,0
wingman_7b6a0-20261004-201330_noe_kill,early,,349.0,9,Scourge,0,0,1,370/700/45,10,10,0,0,1,0
wingman_7b6a0-20261004-201330_noe_kill,early,,397.3,0,Scourge,0,0,1,365/395/33,10,10,0,0,1,0
wingman_7b6a0-20261004-201330_noe_kill,early,,397.3,1,Troubadour,1,0,1,366/370/0,10,10,0,0,1,0
wingman_7b6a0-20261004-201330_noe_kill,early,,397.3,2,Specter,1,0,1,0/688/366,10,10,0,0,1,0
wingman_7b6a0-20261004-201330_noe_kill,early,,397.3,3,Scourge,0,0,1,189/838/482,10,10,0,0,1,0
wingman_7b6a0-20261004-201330_noe_kill,early,,397.3,4,Scourge,0,0,1,426/447/137,10,10,0,0,1,0
wingman_7b6a0-20261004-201330_noe_kill,early,,397.3,5,Scourge,0,0,1,451/397/121,10,10,0,0,0,0
wingman_7b6a0-20261004-201330_noe_kill,early,,397.3,6,Scourge,0,0,1,648/83/309,10,10,0,0,0,0
wingman_7b6a0-20261004-201330_noe_kill,early,,397.3,7,Specter,1,0,1,688/0/370,10,10,0,0,0,0
wingman_7b6a0-20261004-201330_noe_kill,early,,397.3,8,Troubadour,0,0,1,197/793/429,10,10,0,0,1,0
wingman_7b6a0-20261004-201330_noe_kill,early,,397.3,9,Scourge,0,0,1,769/84/441,10,10,0,0,0,0
wingman_7b6a0-20261004-201330_noe_kill,early,,442.2,0,Scourge,0,0,1,78/779/537,10,10,0,0,1,0
wingman_7b6a0-20261004-201330_noe_kill,early,,442.2,1,Troubadour,0,0,1,63/697/486,10,10,0,0,1,0
wingman_7b6a0-20261004-201330_noe_kill,early,,442.2,2,Specter,0,0,1,791/62/559,10,10,0,0,1,0
wingman_7b6a0-20261004-201330_noe_kill,early,,442.2,3,Scourge,1,0,1,548/534/0,10,10,0,0,1,0
wingman_7b6a0-20261004-201330_noe_kill,early,,442.2,4,Scourge,1,0,1,733/0/534,10,10,0,0,0,0
wingman_7b6a0-20261004-201330_noe_kill,early,,442.2,5,Scourge,0,0,1,724/113/444,10,10,0,0,0,0
wingman_7b6a0-20261004-201330_noe_kill,early,,442.2,6,Scourge,0,0,1,717/94/453,10,10,0,0,0,0
wingman_7b6a0-20261004-201330_noe_kill,early,,442.2,7,Specter,0,0,1,544/543/11,10,10,0,0,0,0
wingman_7b6a0-20261004-201330_noe_kill,early,,442.2,8,Troubadour,1,0,1,0/733/548,10,10,0,0,1,0
wingman_7b6a0-20261004-201330_noe_kill,early,,442.2,9,Scourge,0,0,1,597/546/49,10,10,0,0,0,0
wingman_7b6a0-20261004-201330_noe_kill,last,3,510.3,0,Scourge,0,0,1,710/329/67,10,10,0,0,0,0
wingman_7b6a0-20261004-201330_noe_kill,last,3,510.3,1,Troubadour,0,0,1,421/44/380,10,10,0,0,1,0
wingman_7b6a0-20261004-201330_noe_kill,last,3,510.3,2,Specter,0,0,1,88/380/701,10,10,0,0,0,0
wingman_7b6a0-20261004-201330_noe_kill,last,3,510.3,3,Scourge,1,0,1,0/450/742,9,9,0,0,0,0
wingman_7b6a0-20261004-201330_noe_kill,last,3,510.3,4,Scourge,0,0,1,513/89/417,9,9,0,0,0,0
wingman_7b6a0-20261004-201330_noe_kill,last,3,510.3,5,Scourge,0,0,2,615/180/240,9,9,0,0,0,0
wingman_7b6a0-20261004-201330_noe_kill,last,3,510.3,6,Scourge,1,0,1,450/0/386,9,9,0,0,0,0
wingman_7b6a0-20261004-201330_noe_kill,last,3,510.3,7,Specter,1,0,1,742/386/0,10,10,0,0,0,0
wingman_7b6a0-20261004-201330_noe_kill,last,3,510.3,8,Troubadour,0,0,1,121/451/788,9,9,0,0,0,0
wingman_7b6a0-20261004-201330_noe_kill,last,3,510.3,9,Scourge,0,0,1,728/436/116,10,10,0,0,0,0
wingman_7b6a0-20261004-201330_noe_kill,last,33,540.3,0,Scourge,0,0,1,388/17/380,10,10,0,0,1,0
wingman_7b6a0-20261004-201330_noe_kill,last,33,540.3,1,Troubadour,0,0,1,97/359/732,10,10,0,0,1,0
wingman_7b6a0-20261004-201330_noe_kill,last,33,540.3,2,Specter,0,0,1,85/470/848,10,10,0,0,1,0
wingman_7b6a0-20261004-201330_noe_kill,last,33,540.3,3,Scourge,1,0,1,0/388/767,9,9,0,0,1,0
wingman_7b6a0-20261004-201330_noe_kill,last,33,540.3,4,Scourge,1,0,1,388/0/379,9,9,0,0,1,0
wingman_7b6a0-20261004-201330_noe_kill,last,33,540.3,5,Scourge,0,0,1,384/36/387,9,9,0,0,0,0
wingman_7b6a0-20261004-201330_noe_kill,last,33,540.3,6,Scourge,0,0,1,780/395/71,9,9,0,0,1,0
wingman_7b6a0-20261004-201330_noe_kill,last,33,540.3,7,Specter,0,0,1,799/411/39,10,10,0,0,1,0
wingman_7b6a0-20261004-201330_noe_kill,last,33,540.3,8,Troubadour,0,0,1,806/421/73,9,9,0,0,1,0
wingman_7b6a0-20261004-201330_noe_kill,last,33,540.3,9,Scourge,1,0,1,767/379/0,10,10,0,0,1,0
wingman_7b6a0-20261004-201330_noe_kill,last,63,570.4,0,Scourge,0,0,0,294,10,10,0,0,1,0
wingman_7b6a0-20261004-201330_noe_kill,last,63,570.4,1,Troubadour,0,0,0,409,10,10,0,0,1,0
wingman_7b6a0-20261004-201330_noe_kill,last,63,570.4,2,Specter,0,0,0,489,10,10,0,0,1,0
wingman_7b6a0-20261004-201330_noe_kill,last,63,570.4,3,Scourge,0,0,1,143,9,6,3,0,0,1
wingman_7b6a0-20261004-201330_noe_kill,last,63,570.4,4,Scourge,0,0,0,272,9,10,0,0,1,0
wingman_7b6a0-20261004-201330_noe_kill,last,63,570.4,5,Scourge,0,0,0,432,9,9,0,0,1,0
wingman_7b6a0-20261004-201330_noe_kill,last,63,570.4,6,Scourge,1,0,1,0,9,6,3,0,0,1
wingman_7b6a0-20261004-201330_noe_kill,last,63,570.4,7,Specter,0,0,0,395,10,10,0,0,1,0
wingman_7b6a0-20261004-201330_noe_kill,last,63,570.4,8,Troubadour,0,0,0,310,9,9,0,0,1,0
wingman_7b6a0-20261004-201330_noe_kill,last,63,570.4,9,Scourge,0,0,0,359,10,10,0,0,1,0
wingman_7bf41-20261006-231822_noe_kill,early,,2.8,0,Evoker,0,0,1,142,10,10,0,0,0,0
wingman_7bf41-20261006-231822_noe_kill,early,,2.8,1,Scourge,0,0,0,279,10,10,0,0,0,0
wingman_7bf41-20261006-231822_noe_kill,early,,2.8,2,Harbinger,0,0,1,232,10,10,0,0,1,0
wingman_7bf41-20261006-231822_noe_kill,early,,2.8,3,Troubadour,0,0,1,105,10,10,0,0,1,0
wingman_7bf41-20261006-231822_noe_kill,early,,2.8,4,Scourge,0,0,1,225,10,10,0,0,0,0
wingman_7bf41-20261006-231822_noe_kill,early,,2.8,5,Evoker,0,0,1,93,10,10,0,0,1,0
wingman_7bf41-20261006-231822_noe_kill,early,,2.8,6,Troubadour,0,0,1,36,10,10,0,0,1,0
wingman_7bf41-20261006-231822_noe_kill,early,,2.8,7,Harbinger,0,0,0,342,10,10,0,0,1,0
wingman_7bf41-20261006-231822_noe_kill,early,,2.8,8,Scourge,1,0,1,0,10,10,0,0,1,0
wingman_7bf41-20261006-231822_noe_kill,early,,2.8,9,Scourge,0,0,1,97,10,10,0,0,1,0
wingman_7bf41-20261006-231822_noe_kill,early,,50.7,0,Evoker,1,0,1,400/547/0,10,10,0,0,1,0
wingman_7bf41-20261006-231822_noe_kill,early,,50.7,1,Scourge,0,0,1,381/40/514,10,10,0,0,1,0
wingman_7bf41-20261006-231822_noe_kill,early,,50.7,2,Harbinger,1,0,1,384/0/547,10,10,0,0,1,0
wingman_7bf41-20261006-231822_noe_kill,early,,50.7,3,Troubadour,0,0,1,93/444/480,10,10,0,0,1,0
wingman_7bf41-20261006-231822_noe_kill,early,,50.7,4,Scourge,0,0,1,362/485/62,10,10,0,0,1,0
wingman_7bf41-20261006-231822_noe_kill,early,,50.7,5,Evoker,0,0,1,80/408/478,10,10,0,0,1,0
wingman_7bf41-20261006-231822_noe_kill,early,,50.7,6,Troubadour,0,0,1,315/78/476,10,10,0,0,1,0
wingman_7bf41-20261006-231822_noe_kill,early,,50.7,7,Harbinger,0,0,1,38/394/364,10,10,0,0,1,0
wingman_7bf41-20261006-231822_noe_kill,early,,50.7,8,Scourge,1,0,1,0/384/400,10,10,0,0,1,0
wingman_7bf41-20261006-231822_noe_kill,early,,50.7,9,Scourge,0,0,1,454/581/54,10,10,0,0,1,0
wingman_7bf41-20261006-231822_noe_kill,early,,95.7,0,Evoker,1,0,1,372/462/0,10,10,0,0,0,0
wingman_7bf41-20261006-231822_noe_kill,early,,95.7,1,Scourge,0,0,1,432/105/563,10,10,0,0,0,0
wingman_7bf41-20261006-231822_noe_kill,early,,95.7,2,Harbinger,1,0,1,384/0/462,10,10,0,0,0,0
wingman_7bf41-20261006-231822_noe_kill,early,,95.7,3,Troubadour,0,0,1,44/423/403,10,10,0,0,1,0
wingman_7bf41-20261006-231822_noe_kill,early,,95.7,4,Scourge,0,0,1,367/443/21,10,10,0,0,0,0
wingman_7bf41-20261006-231822_noe_kill,early,,95.7,5,Evoker,0,0,1,70/420/441,10,10,0,0,0,0
wingman_7bf41-20261006-231822_noe_kill,early,,95.7,6,Troubadour,0,0,1,338/107/506,10,10,0,0,1,0
wingman_7bf41-20261006-231822_noe_kill,early,,95.7,7,Harbinger,1,0,1,0/384/372,10,10,0,0,1,0
wingman_7bf41-20261006-231822_noe_kill,early,,95.7,8,Scourge,0,0,1,594/212/639,10,10,0,0,0,0
wingman_7bf41-20261006-231822_noe_kill,early,,95.7,9,Scourge,0,0,1,481/604/143,10,10,0,0,0,0
wingman_7bf41-20261006-231822_noe_kill,early,,141.8,0,Evoker,1,0,1,0/755/664,10,10,0,0,1,0
wingman_7bf41-20261006-231822_noe_kill,early,,141.8,1,Scourge,0,0,1,733/408/72,10,10,0,0,1,0
wingman_7bf41-20261006-231822_noe_kill,early,,141.8,2,Harbinger,1,0,1,755/0/380,10,10,0,0,0,0
wingman_7bf41-20261006-231822_noe_kill,early,,141.8,3,Troubadour,0,0,1,637/385/28,10,10,0,0,1,0
wingman_7bf41-20261006-231822_noe_kill,early,,141.8,4,Scourge,0,0,1,43/721/648,10,10,0,0,1,0
wingman_7bf41-20261006-231822_noe_kill,early,,141.8,5,Evoker,1,0,1,664/380/0,10,10,0,0,1,0
wingman_7bf41-20261006-231822_noe_kill,early,,141.8,6,Troubadour,0,0,1,730/48/405,10,10,0,0,1,0
wingman_7bf41-20261006-231822_noe_kill,early,,141.8,7,Harbinger,0,0,1,629/338/57,10,10,0,0,1,0
wingman_7bf41-20261006-231822_noe_kill,early,,141.8,8,Scourge,0,0,1,755/26/403,10,10,0,0,1,0
wingman_7bf41-20261006-231822_noe_kill,early,,141.8,9,Scourge,0,0,1,114/869/768,10,10,0,0,1,0
wingman_7bf41-20261006-231822_noe_kill,early,,188.5,0,Evoker,1,0,1,0/724/446,10,10,0,0,0,0
wingman_7bf41-20261006-231822_noe_kill,early,,188.5,1,Scourge,0,0,1,482/676/58,10,10,0,0,1,0
wingman_7bf41-20261006-231822_noe_kill,early,,188.5,2,Harbinger,1,0,1,724/0/624,10,10,0,0,1,0
wingman_7bf41-20261006-231822_noe_kill,early,,188.5,3,Troubadour,1,0,1,446/624/0,10,10,0,0,1,0
wingman_7bf41-20261006-231822_noe_kill,early,,188.5,4,Scourge,0,0,1,71/664/385,10,10,0,0,1,0
wingman_7bf41-20261006-231822_noe_kill,early,,188.5,5,Evoker,0,0,1,431/637/21,10,10,0,0,1,0
wingman_7bf41-20261006-231822_noe_kill,early,,188.5,6,Troubadour,0,0,1,745/21/638,10,10,0,0,1,0
wingman_7bf41-20261006-231822_noe_kill,early,,188.5,7,Harbinger,0,0,1,418/637/32,10,10,0,0,1,0
wingman_7bf41-20261006-231822_noe_kill,early,,188.5,8,Scourge,0,0,1,738/16/630,10,10,0,0,1,0
wingman_7bf41-20261006-231822_noe_kill,early,,188.5,9,Scourge,0,0,1,109/832/503,10,10,0,0,1,0
wingman_7bf41-20261006-231822_noe_kill,early,,265.5,0,Evoker,0,0,1,409/628/68,10,10,0,0,1,0
wingman_7bf41-20261006-231822_noe_kill,early,,265.5,1,Scourge,0,0,1,505/81/715,10,10,0,0,0,0
wingman_7bf41-20261006-231822_noe_kill,early,,265.5,2,Harbinger,1,0,1,446/0/635,10,10,0,0,0,0
wingman_7bf41-20261006-231822_noe_kill,early,,265.5,3,Troubadour,1,0,1,367/635/0,10,10,0,0,1,0
wingman_7bf41-20261006-231822_noe_kill,early,,265.5,4,Scourge,0,0,1,7/440/371,10,10,0,0,0,0
wingman_7bf41-20261006-231822_noe_kill,early,,265.5,5,Evoker,0,0,1,393/662/28,10,10,0,0,1,0
wingman_7bf41-20261006-231822_noe_kill,early,,265.5,6,Troubadour,0,0,1,362/127/618,10,10,0,0,0,0
wingman_7bf41-20261006-231822_noe_kill,early,,265.5,7,Harbinger,0,0,1,64/404/337,10,10,0,0,0,0
wingman_7bf41-20261006-231822_noe_kill,early,,265.5,8,Scourge,1,0,1,0/446/367,10,10,0,0,0,0
wingman_7bf41-20261006-231822_noe_kill,early,,265.5,9,Scourge,0,0,1,435/709/76,10,10,0,0,1,0
wingman_7bf41-20261006-231822_noe_kill,early,,312.7,0,Evoker,0,0,1,422/352/62,10,10,0,0,1,0
wingman_7bf41-20261006-231822_noe_kill,early,,312.7,1,Scourge,0,0,1,91/468/456,10,10,0,0,1,0
wingman_7bf41-20261006-231822_noe_kill,early,,312.7,2,Harbinger,1,0,1,386/0/412,10,10,0,0,1,0
wingman_7bf41-20261006-231822_noe_kill,early,,312.7,3,Troubadour,1,0,1,0/386/442,10,10,0,0,1,0
wingman_7bf41-20261006-231822_noe_kill,early,,312.7,4,Scourge,0,0,1,94/401/366,10,10,0,0,1,0
wingman_7bf41-20261006-231822_noe_kill,early,,312.7,5,Evoker,0,0,1,180/511/403,10,10,0,0,0,0
wingman_7bf41-20261006-231822_noe_kill,early,,312.7,6,Troubadour,0,0,1,401/19/409,10,10,0,0,1,0
wingman_7bf41-20261006-231822_noe_kill,early,,312.7,7,Harbinger,0,0,1,417/32/420,10,10,0,0,0,0
wingman_7bf41-20261006-231822_noe_kill,early,,312.7,8,Scourge,1,0,1,442/412/0,10,10,0,0,1,0
wingman_7bf41-20261006-231822_noe_kill,early,,312.7,9,Scourge,0,0,1,489/472/61,10,10,0,0,0,0
wingman_7bf41-20261006-231822_noe_kill,early,,360.1,0,Evoker,0,0,1,486/561/34,10,10,0,0,1,0
wingman_7bf41-20261006-231822_noe_kill,early,,360.1,1,Scourge,0,0,1,428/115/469,10,10,0,0,1,0
wingman_7bf41-20261006-231822_noe_kill,early,,360.1,2,Harbinger,1,0,1,0/406/457,10,10,0,0,1,0
wingman_7bf41-20261006-231822_noe_kill,early,,360.1,3,Troubadour,1,0,1,406/0/553,10,10,0,0,1,0
wingman_7bf41-20261006-231822_noe_kill,early,,360.1,4,Scourge,0,0,1,78/465/420,10,10,0,0,1,0
wingman_7bf41-20261006-231822_noe_kill,early,,360.1,5,Evoker,1,0,1,457/553/0,10,10,0,0,1,0
wingman_7bf41-20261006-231822_noe_kill,early,,360.1,6,Troubadour,0,0,1,76/428/388,10,10,0,0,1,0
wingman_7bf41-20261006-231822_noe_kill,early,,360.1,7,Harbinger,0,0,1,421/31/540,10,10,0,0,1,0
wingman_7bf41-20261006-231822_noe_kill,early,,360.1,8,Scourge,0,0,1,205/281/327,10,10,0,0,1,0
wingman_7bf41-20261006-231822_noe_kill,early,,360.1,9,Scourge,0,0,1,552/652/104,10,10,0,0,1,0
wingman_7bf41-20261006-231822_noe_kill,last,3,433.4,0,Evoker,1,0,1,380/568/0,10,10,0,0,1,0
wingman_7bf41-20261006-231822_noe_kill,last,3,433.4,1,Scourge,0,0,1,29/384/351,10,10,0,0,1,0
wingman_7bf41-20261006-231822_noe_kill,last,3,433.4,2,Harbinger,1,0,1,386/0/568,10,10,0,0,1,0
wingman_7bf41-20261006-231822_noe_kill,last,3,433.4,3,Troubadour,0,0,1,31/364/363,10,10,0,0,1,0
wingman_7bf41-20261006-231822_noe_kill,last,3,433.4,4,Scourge,0,0,1,390/502/102,10,10,0,0,1,0
wingman_7bf41-20261006-231822_noe_kill,last,3,433.4,5,Evoker,1,0,1,0/386/380,10,10,0,0,0,0
wingman_7bf41-20261006-231822_noe_kill,last,3,433.4,6,Troubadour,0,0,1,338/93/582,10,10,0,0,1,0
wingman_7bf41-20261006-231822_noe_kill,last,3,433.4,7,Harbinger,0,0,1,38/391/342,10,10,0,0,1,0
wingman_7bf41-20261006-231822_noe_kill,last,3,433.4,8,Scourge,0,0,1,410/49/614,10,10,0,0,0,0
wingman_7bf41-20261006-231822_noe_kill,last,3,433.4,9,Scourge,0,0,1,419/599/39,10,10,0,0,0,0
wingman_7bf41-20261006-231822_noe_kill,last,33,463.4,0,Evoker,0,0,1,405/580/32,10,10,0,0,0,0
wingman_7bf41-20261006-231822_noe_kill,last,33,463.4,1,Scourge,1,0,1,0/453/374,10,10,0,0,0,0
wingman_7bf41-20261006-231822_noe_kill,last,33,463.4,2,Harbinger,0,0,1,579/132/692,10,10,0,0,0,0
wingman_7bf41-20261006-231822_noe_kill,last,33,463.4,3,Troubadour,0,0,1,58/403/402,10,10,0,0,1,0
wingman_7bf41-20261006-231822_noe_kill,last,33,463.4,4,Scourge,0,0,1,430/431/200,10,10,0,0,0,0
wingman_7bf41-20261006-231822_noe_kill,last,33,463.4,5,Evoker,1,0,1,453/0/568,10,10,0,0,0,0
wingman_7bf41-20261006-231822_noe_kill,last,33,463.4,6,Troubadour,0,0,1,468/21/589,10,10,0,0,1,0
wingman_7bf41-20261006-231822_noe_kill,last,33,463.4,7,Harbinger,0,0,1,50/404/366,10,10,0,0,0,0
wingman_7bf41-20261006-231822_noe_kill,last,33,463.4,8,Scourge,0,0,1,569/135/702,10,10,0,0,0,0
wingman_7bf41-20261006-231822_noe_kill,last,33,463.4,9,Scourge,1,0,1,374/568/0,10,10,0,0,0,0
wingman_81daf-20261002-154733_noe_kill,early,,2.8,0,Evoker,0,0,1,136,10,10,0,0,1,0
wingman_81daf-20261002-154733_noe_kill,early,,2.8,1,Weaver,0,0,1,24,10,10,0,0,1,0
wingman_81daf-20261002-154733_noe_kill,early,,2.8,2,Scourge,0,0,0,244,10,10,0,0,1,0
wingman_81daf-20261002-154733_noe_kill,early,,2.8,3,Troubadour,1,0,1,0,10,10,0,0,1,0
wingman_81daf-20261002-154733_noe_kill,early,,2.8,4,Scourge,0,0,1,66,10,10,0,0,1,0
wingman_81daf-20261002-154733_noe_kill,early,,2.8,5,Troubadour,0,0,1,49,10,10,0,0,1,0
wingman_81daf-20261002-154733_noe_kill,early,,2.8,6,Scourge,0,0,1,135,10,10,0,0,0,0
wingman_81daf-20261002-154733_noe_kill,early,,2.8,7,Evoker,0,0,1,156,10,10,0,0,0,0
wingman_81daf-20261002-154733_noe_kill,early,,2.8,8,Scourge,0,0,1,104,10,10,0,0,0,0
wingman_81daf-20261002-154733_noe_kill,early,,2.8,9,Scourge,0,0,0,348,10,10,0,0,0,0
wingman_81daf-20261002-154733_noe_kill,early,,50.4,0,Evoker,1,0,1,394/0/444,10,10,0,0,1,0
wingman_81daf-20261002-154733_noe_kill,early,,50.4,1,Weaver,0,0,1,423/32/471,10,10,0,0,1,0
wingman_81daf-20261002-154733_noe_kill,early,,50.4,2,Scourge,0,0,1,458/82/447,10,10,0,0,1,0
wingman_81daf-20261002-154733_noe_kill,early,,50.4,3,Troubadour,1,0,1,0/394/361,10,10,0,0,1,0
wingman_81daf-20261002-154733_noe_kill,early,,50.4,4,Scourge,0,0,1,334/60/406,10,10,0,0,1,0
wingman_81daf-20261002-154733_noe_kill,early,,50.4,5,Troubadour,0,0,1,58/426/419,10,10,0,0,1,0
wingman_81daf-20261002-154733_noe_kill,early,,50.4,6,Scourge,0,0,1,494/527/132,10,10,0,0,0,0
wingman_81daf-20261002-154733_noe_kill,early,,50.4,7,Evoker,1,0,1,361/444/0,10,10,0,0,0,0
wingman_81daf-20261002-154733_noe_kill,early,,50.4,8,Scourge,0,0,1,24/371/348,10,10,0,0,1,0
wingman_81daf-20261002-154733_noe_kill,early,,50.4,9,Scourge,0,0,1,418/466/58,10,10,0,0,0,0
wingman_81daf-20261002-154733_noe_kill,early,,94.9,0,Evoker,1,0,1,376/0/506,10,10,0,0,1,0
wingman_81daf-20261002-154733_noe_kill,early,,94.9,1,Weaver,1,0,1,455/506/0,10,10,0,0,1,0
wingman_81daf-20261002-154733_noe_kill,early,,94.9,2,Scourge,0,0,1,529/557/74,10,10,0,0,1,0
wingman_81daf-20261002-154733_noe_kill,early,,94.9,3,Troubadour,0,0,1,49/419/491,10,10,0,0,1,0
wingman_81daf-20261002-154733_noe_kill,early,,94.9,4,Scourge,0,0,1,391/509/91,10,10,0,0,1,0
wingman_81daf-20261002-154733_noe_kill,early,,94.9,5,Troubadour,0,0,1,63/434/500,10,10,0,0,1,0
wingman_81daf-20261002-154733_noe_kill,early,,94.9,6,Scourge,0,0,1,342/35/499,10,10,0,0,0,0
wingman_81daf-20261002-154733_noe_kill,early,,94.9,7,Evoker,0,0,1,341/69/538,10,10,0,0,0,0
wingman_81daf-20261002-154733_noe_kill,early,,94.9,8,Scourge,1,0,1,0/376/455,10,10,0,0,0,0
wingman_81daf-20261002-154733_noe_kill,early,,94.9,9,Scourge,0,0,1,407/31/519,10,10,0,0,0,0
wingman_81daf-20261002-154733_noe_kill,early,,143.9,0,Evoker,1,0,1,855/0/447,10,10,0,0,1,0
wingman_81daf-20261002-154733_noe_kill,early,,143.9,1,Weaver,0,0,1,863/116/340,10,10,0,0,1,0
wingman_81daf-20261002-154733_noe_kill,early,,143.9,2,Scourge,0,0,1,864/74/518,10,10,0,0,1,0
wingman_81daf-20261002-154733_noe_kill,early,,143.9,3,Troubadour,0,0,1,798/348/99,10,10,0,0,1,0
wingman_81daf-20261002-154733_noe_kill,early,,143.9,4,Scourge,1,0,1,819/447/0,10,10,0,0,1,0
wingman_81daf-20261002-154733_noe_kill,early,,143.9,5,Troubadour,0,0,1,847/456/29,10,10,0,0,1,0
wingman_81daf-20261002-154733_noe_kill,early,,143.9,6,Scourge,0,0,0,285/951/770,10,10,0,0,1,0
wingman_81daf-20261002-154733_noe_kill,early,,143.9,7,Evoker,0,0,1,196/715/626,10,10,0,0,1,0
wingman_81daf-20261002-154733_noe_kill,early,,143.9,8,Scourge,0,0,0,297/871/679,10,10,0,0,1,0
wingman_81daf-20261002-154733_noe_kill,early,,143.9,9,Scourge,1,0,1,0/855/819,10,10,0,0,1,0
wingman_81daf-20261002-154733_noe_kill,early,,199.2,0,Evoker,1,0,1,487/347/0,9,9,0,0,0,0
wingman_81daf-20261002-154733_noe_kill,early,,199.2,1,Weaver,0,0,1,512/20/352,10,10,0,0,1,0
wingman_81daf-20261002-154733_noe_kill,early,,199.2,2,Scourge,1,0,1,527/0/347,10,10,0,0,0,0
wingman_81daf-20261002-154733_noe_kill,early,,199.2,3,Troubadour,0,0,1,114/417/389,10,10,0,0,1,0
wingman_81daf-20261002-154733_noe_kill,early,,199.2,4,Scourge,0,0,1,480/51/311,10,10,0,0,0,0
wingman_81daf-20261002-154733_noe_kill,early,,199.2,5,Troubadour,0,0,1,71/477/417,10,10,0,0,1,0
wingman_81daf-20261002-154733_noe_kill,early,,199.2,6,Scourge,0,0,1,528/437/90,10,10,0,0,1,0
wingman_81daf-20261002-154733_noe_kill,early,,199.2,7,Evoker,0,0,1,482/385/41,10,10,0,0,0,0
wingman_81daf-20261002-154733_noe_kill,early,,199.2,8,Scourge,0,0,1,511/460/113,10,10,0,0,0,0
wingman_81daf-20261002-154733_noe_kill,early,,199.2,9,Scourge,1,0,1,0/527/487,10,10,0,0,1,0
wingman_81daf-20261002-154733_noe_kill,early,,244.0,0,Evoker,1,0,1,401/0/371,9,9,0,0,0,0
wingman_81daf-20261002-154733_noe_kill,early,,244.0,1,Weaver,0,0,1,425/395/27,10,10,0,0,0,0
wingman_81daf-20261002-154733_noe_kill,early,,244.0,2,Scourge,1,0,1,424/371/0,10,10,0,0,0,0
wingman_81daf-20261002-154733_noe_kill,early,,244.0,3,Troubadour,0,0,1,427/38/356,10,10,0,0,1,0
wingman_81daf-20261002-154733_noe_kill,early,,244.0,4,Scourge,1,0,1,0/401/424,10,10,0,0,0,0
wingman_81daf-20261002-154733_noe_kill,early,,244.0,5,Troubadour,0,0,1,428/54/425,10,10,0,0,1,0
wingman_81daf-20261002-154733_noe_kill,early,,244.0,6,Scourge,0,0,1,351/420/120,10,10,0,0,1,0
wingman_81daf-20261002-154733_noe_kill,early,,244.0,7,Evoker,0,0,1,352/75/404,10,10,0,0,1,0
wingman_81daf-20261002-154733_noe_kill,early,,244.0,8,Scourge,0,0,1,35/401/396,10,10,0,0,1,0
wingman_81daf-20261002-154733_noe_kill,early,,244.0,9,Scourge,0,0,1,41/360/402,10,10,0,0,1,0
wingman_81daf-20261002-154733_noe_kill,early,,295.7,0,Evoker,1,0,1,596/0/1029,10,10,0,0,0,0
wingman_81daf-20261002-154733_noe_kill,early,,295.7,1,Weaver,1,0,1,667/1029/0,10,10,0,0,0,0
wingman_81daf-20261002-154733_noe_kill,early,,295.7,2,Scourge,0,0,1,629/1062/132,10,10,0,0,0,0
wingman_81daf-20261002-154733_noe_kill,early,,295.7,3,Troubadour,0,0,1,75/562/620,10,10,0,0,1,0
wingman_81daf-20261002-154733_noe_kill,early,,295.7,4,Scourge,0,0,1,708/1131/138,10,10,0,0,0,0
wingman_81daf-20261002-154733_noe_kill,early,,295.7,5,Troubadour,0,0,1,41/555/681,10,10,0,0,1,0
wingman_81daf-20261002-154733_noe_kill,early,,295.7,6,Scourge,0,0,1,677/86/1112,10,10,0,0,0,0
wingman_81daf-20261002-154733_noe_kill,early,,295.7,7,Evoker,0,0,1,513/88/947,10,10,0,0,0,0
wingman_81daf-20261002-154733_noe_kill,early,,295.7,8,Scourge,1,0,1,0/596/667,10,10,0,0,0,0
wingman_81daf-20261002-154733_noe_kill,early,,295.7,9,Scourge,0,0,1,528/101/1020,10,10,0,0,0,0
wingman_81daf-20261002-154733_noe_kill,early,,342.5,0,Evoker,0,0,1,416/89/410,10,10,0,0,1,0
wingman_81daf-20261002-154733_noe_kill,early,,342.5,1,Weaver,0,0,1,469/70/509,10,10,0,0,1,0
wingman_81daf-20261002-154733_noe_kill,early,,342.5,2,Scourge,1,0,1,400/0/484,10,10,0,0,1,0
wingman_81daf-20261002-154733_noe_kill,early,,342.5,3,Troubadour,0,0,1,41/430/513,10,10,0,0,1,0
wingman_81daf-20261002-154733_noe_kill,early,,342.5,4,Scourge,1,0,1,475/484/0,10,10,0,0,0,0
wingman_81daf-20261002-154733_noe_kill,early,,342.5,5,Troubadour,0,0,1,32/406/448,10,10,0,0,1,0
wingman_81daf-20261002-154733_noe_kill,early,,342.5,6,Scourge,0,0,1,420/503/90,10,10,0,0,1,0
wingman_81daf-20261002-154733_noe_kill,early,,342.5,7,Evoker,0,0,1,385/536/171,10,10,0,0,1,0
wingman_81daf-20261002-154733_noe_kill,early,,342.5,8,Scourge,1,0,1,0/400/475,10,10,0,0,1,0
wingman_81daf-20261002-154733_noe_kill,early,,342.5,9,Scourge,0,0,1,504/114/580,10,10,0,0,1,0
wingman_81daf-20261002-154733_noe_kill,early,,390.9,0,Evoker,1,0,1,485/0/537,10,10,0,0,1,0
wingman_81daf-20261002-154733_noe_kill,early,,390.9,1,Weaver,1,0,1,344/537/0,10,10,0,0,1,0
wingman_81daf-20261002-154733_noe_kill,early,,390.9,2,Scourge,0,0,1,503/62/588,10,10,0,0,1,0
wingman_81daf-20261002-154733_noe_kill,early,,390.9,3,Troubadour,1,0,1,0/485/344,10,10,0,0,1,0
wingman_81daf-20261002-154733_noe_kill,early,,390.9,4,Scourge,0,0,1,355/131/456,10,10,0,0,1,0
wingman_81daf-20261002-154733_noe_kill,early,,390.9,5,Troubadour,0,0,1,64/515/406,10,10,0,0,1,0
wingman_81daf-20261002-154733_noe_kill,early,,390.9,6,Scourge,0,0,1,345/503/38,10,10,0,0,1,0
wingman_81daf-20261002-154733_noe_kill,early,,390.9,7,Evoker,0,0,1,376/597/60,10,10,0,0,1,0
wingman_81daf-20261002-154733_noe_kill,early,,390.9,8,Scourge,0,0,1,46/492/390,10,10,0,0,1,0
wingman_81daf-20261002-154733_noe_kill,early,,390.9,9,Scourge,0,0,1,354/360/187,10,10,0,0,1,0
wingman_81daf-20261002-154733_noe_kill,last,3,462.9,0,Evoker,1,0,1,387/0/481,10,10,0,0,0,0
wingman_81daf-20261002-154733_noe_kill,last,3,462.9,1,Weaver,1,0,1,343/481/0,10,10,0,0,0,0
wingman_81daf-20261002-154733_noe_kill,last,3,462.9,2,Scourge,0,0,1,441/55/525,10,10,0,0,0,0
wingman_81daf-20261002-154733_noe_kill,last,3,462.9,3,Troubadour,0,0,1,85/329/284,10,10,0,0,1,0
wingman_81daf-20261002-154733_noe_kill,last,3,462.9,4,Scourge,0,0,1,381/50/511,10,10,0,0,0,0
wingman_81daf-20261002-154733_noe_kill,last,3,462.9,5,Troubadour,0,0,1,42/385/384,10,10,0,0,1,0
wingman_81daf-20261002-154733_noe_kill,last,3,462.9,6,Scourge,0,0,1,346/526/57,10,10,0,0,0,0
wingman_81daf-20261002-154733_noe_kill,last,3,462.9,7,Evoker,1,0,1,0/387/343,10,10,0,0,0,0
wingman_81daf-20261002-154733_noe_kill,last,3,462.9,8,Scourge,0,0,1,378/521/42,10,10,0,0,0,0
wingman_81daf-20261002-154733_noe_kill,last,3,462.9,9,Scourge,0,0,1,378/529/49,10,10,0,0,0,0
wingman_81daf-20261002-154733_noe_kill,last,33,492.9,0,Evoker,0,0,1,464/122/521,10,10,0,0,0,0
wingman_81daf-20261002-154733_noe_kill,last,33,492.9,1,Weaver,1,0,1,0/530/430,10,10,0,0,0,0
wingman_81daf-20261002-154733_noe_kill,last,33,492.9,2,Scourge,1,0,1,530/0/483,10,10,0,0,0,0
wingman_81daf-20261002-154733_noe_kill,last,33,492.9,3,Troubadour,0,0,1,381/438/60,10,10,0,0,1,0
wingman_81daf-20261002-154733_noe_kill,last,33,492.9,4,Scourge,0,0,1,72/600/484,10,10,0,0,0,0
wingman_81daf-20261002-154733_noe_kill,last,33,492.9,5,Troubadour,0,0,1,403/413/70,10,10,0,0,1,0
wingman_81daf-20261002-154733_noe_kill,last,33,492.9,6,Scourge,0,0,1,121/626/547,10,10,0,0,0,0
wingman_81daf-20261002-154733_noe_kill,last,33,492.9,7,Evoker,0,0,1,559/50/533,10,10,0,0,0,0
wingman_81daf-20261002-154733_noe_kill,last,33,492.9,8,Scourge,0,0,1,62/590/455,10,10,0,0,0,0
wingman_81daf-20261002-154733_noe_kill,last,33,492.9,9,Scourge,1,0,1,430/483/0,10,10,0,0,0,0
wingman_886ff-20261004-223748_noe_kill,early,,2.8,0,Troubadour,1,0,1,0,10,10,0,0,1,0
wingman_886ff-20261004-223748_noe_kill,early,,2.8,1,Scourge,0,0,1,129,10,10,0,0,1,0
wingman_886ff-20261004-223748_noe_kill,early,,2.8,2,Scourge,0,0,1,67,10,10,0,0,1,0
wingman_886ff-20261004-223748_noe_kill,early,,2.8,3,Specter,0,0,1,202,10,10,0,0,1,0
wingman_886ff-20261004-223748_noe_kill,early,,2.8,4,Scourge,0,0,1,209,10,10,0,0,1,0
wingman_886ff-20261004-223748_noe_kill,early,,2.8,5,Specter,0,0,0,460,10,10,0,0,0,0
wingman_886ff-20261004-223748_noe_kill,early,,2.8,6,Scourge,0,0,0,269,10,10,0,0,0,0
wingman_886ff-20261004-223748_noe_kill,early,,2.8,7,Troubadour,0,0,1,142,10,10,0,0,1,0
wingman_886ff-20261004-223748_noe_kill,early,,2.8,8,Scourge,0,0,0,316,10,10,0,0,0,0
wingman_886ff-20261004-223748_noe_kill,early,,2.8,9,Scourge,0,0,1,197,10,10,0,0,0,0
wingman_886ff-20261004-223748_noe_kill,early,,50.0,0,Troubadour,0,0,1,408/651/136,10,10,0,0,0,0
wingman_886ff-20261004-223748_noe_kill,early,,50.0,1,Scourge,0,0,1,24/439/388,10,10,0,0,0,0
wingman_886ff-20261004-223748_noe_kill,early,,50.0,2,Scourge,1,0,1,441/0/555,10,10,0,0,0,0
wingman_886ff-20261004-223748_noe_kill,early,,50.0,3,Specter,0,0,1,418/525/42,10,10,0,0,0,0
wingman_886ff-20261004-223748_noe_kill,early,,50.0,4,Scourge,0,0,1,95/350/385,10,10,0,0,0,0
wingman_886ff-20261004-223748_noe_kill,early,,50.0,5,Specter,1,0,1,412/555/0,10,10,0,0,0,0
wingman_886ff-20261004-223748_noe_kill,early,,50.0,6,Scourge,0,0,1,428/37/520,10,10,0,0,0,0
wingman_886ff-20261004-223748_noe_kill,early,,50.0,7,Troubadour,1,0,1,0/441/412,10,10,0,0,1,0
wingman_886ff-20261004-223748_noe_kill,early,,50.0,8,Scourge,0,0,1,117/327/390,10,10,0,0,0,0
wingman_886ff-20261004-223748_noe_kill,early,,50.0,9,Scourge,0,0,1,486/48/599,10,10,0,0,0,0
wingman_886ff-20261004-223748_noe_kill,early,,94.6,0,Troubadour,1,0,1,421/0/547,10,10,0,0,0,0
wingman_886ff-20261004-223748_noe_kill,early,,94.6,1,Scourge,0,0,1,90/421/550,10,10,0,0,1,0
wingman_886ff-20261004-223748_noe_kill,early,,94.6,2,Scourge,1,0,1,464/547/0,10,10,0,0,0,0
wingman_886ff-20261004-223748_noe_kill,early,,94.6,3,Specter,0,0,1,434/55/510,10,10,0,0,1,0
wingman_886ff-20261004-223748_noe_kill,early,,94.6,4,Scourge,0,0,1,48/439/424,10,10,0,0,1,0
wingman_886ff-20261004-223748_noe_kill,early,,94.6,5,Specter,0,0,1,384/88/459,10,10,0,0,1,0
wingman_886ff-20261004-223748_noe_kill,early,,94.6,6,Scourge,0,0,1,552/602/89,10,10,0,0,0,0
wingman_886ff-20261004-223748_noe_kill,early,,94.6,7,Troubadour,1,0,1,0/421/464,10,10,0,0,1,0
wingman_886ff-20261004-223748_noe_kill,early,,94.6,8,Scourge,0,0,1,55/396/411,10,10,0,0,1,0
wingman_886ff-20261004-223748_noe_kill,early,,94.6,9,Scourge,0,0,1,528/576/68,10,10,0,0,0,0
wingman_886ff-20261004-223748_noe_kill,early,,145.1,0,Troubadour,0,0,1,514/349/82,10,10,0,0,0,0
wingman_886ff-20261004-223748_noe_kill,early,,145.1,1,Scourge,0,0,1,87/353/519,10,10,0,0,1,0
wingman_886ff-20261004-223748_noe_kill,early,,145.1,2,Scourge,1,0,1,0/441/571,10,10,0,0,0,0
wingman_886ff-20261004-223748_noe_kill,early,,145.1,3,Specter,1,0,1,441/0/431,10,10,0,0,1,0
wingman_886ff-20261004-223748_noe_kill,early,,145.1,4,Scourge,0,0,1,25/446/593,10,10,0,0,0,0
wingman_886ff-20261004-223748_noe_kill,early,,145.1,5,Specter,0,0,1,442/23/454,10,10,0,0,1,0
wingman_886ff-20261004-223748_noe_kill,early,,145.1,6,Scourge,1,0,1,571/431/0,10,10,0,0,0,0
wingman_886ff-20261004-223748_noe_kill,early,,145.1,7,Troubadour,0,0,1,396/68/475,10,10,0,0,1,0
wingman_886ff-20261004-223748_noe_kill,early,,145.1,8,Scourge,0,0,1,42/447/544,10,10,0,0,0,0
wingman_886ff-20261004-223748_noe_kill,early,,145.1,9,Scourge,0,0,1,579/448/18,10,10,0,0,0,0
wingman_886ff-20261004-223748_noe_kill,early,,191.2,0,Troubadour,0,0,1,483/744/84,10,10,0,0,0,0
wingman_886ff-20261004-223748_noe_kill,early,,191.2,1,Scourge,1,0,1,449/803/0,10,10,0,0,0,0
wingman_886ff-20261004-223748_noe_kill,early,,191.2,2,Scourge,1,0,1,0/749/449,10,10,0,0,0,0
wingman_886ff-20261004-223748_noe_kill,early,,191.2,3,Specter,0,0,1,719/30/776,10,10,0,0,0,0
wingman_886ff-20261004-223748_noe_kill,early,,191.2,4,Scourge,0,0,1,77/673/430,10,10,0,0,0,0
wingman_886ff-20261004-223748_noe_kill,early,,191.2,5,Specter,1,0,1,749/0/803,10,10,0,0,0,0
wingman_886ff-20261004-223748_noe_kill,early,,191.2,6,Scourge,0,0,1,442/779/25,10,10,0,0,0,0
wingman_886ff-20261004-223748_noe_kill,early,,191.2,7,Troubadour,0,0,1,739/21/805,10,10,0,0,0,0
wingman_886ff-20261004-223748_noe_kill,early,,191.2,8,Scourge,0,0,1,53/700/465,10,10,0,0,0,0
wingman_886ff-20261004-223748_noe_kill,early,,191.2,9,Scourge,0,0,1,464/782/33,10,10,0,0,0,0
wingman_886ff-20261004-223748_noe_kill,early,,237.5,0,Troubadour,0,0,1,45/710/432,10,10,0,0,0,0
wingman_886ff-20261004-223748_noe_kill,early,,237.5,1,Scourge,0,0,1,508/467/64,10,10,0,0,0,0
wingman_886ff-20261004-223748_noe_kill,early,,237.5,2,Scourge,0,0,1,456/457/16,10,10,0,0,0,0
wingman_886ff-20261004-223748_noe_kill,early,,237.5,3,Specter,0,0,1,604/116/412,10,10,0,0,0,0
wingman_886ff-20261004-223748_noe_kill,early,,237.5,4,Scourge,0,0,1,81/779/499,10,10,0,0,0,0
wingman_886ff-20261004-223748_noe_kill,early,,237.5,5,Specter,1,0,1,703/0/442,10,10,0,0,0,0
wingman_886ff-20261004-223748_noe_kill,early,,237.5,6,Scourge,0,0,1,91/712/407,10,10,0,0,0,0
wingman_886ff-20261004-223748_noe_kill,early,,237.5,7,Troubadour,0,0,1,754/97/435,10,10,0,0,1,0
wingman_886ff-20261004-223748_noe_kill,early,,237.5,8,Scourge,1,0,1,453/442/0,10,10,0,0,0,0
wingman_886ff-20261004-223748_noe_kill,early,,237.5,9,Scourge,1,0,1,0/703/453,10,10,0,0,0,0
wingman_886ff-20261004-223748_noe_kill,early,,302.3,0,Troubadour,0,0,1,394/53/463,10,10,0,0,1,0
wingman_886ff-20261004-223748_noe_kill,early,,302.3,1,Scourge,0,0,1,630/457/59,10,10,0,0,0,0
wingman_886ff-20261004-223748_noe_kill,early,,302.3,2,Scourge,1,0,1,0/395/571,10,10,0,0,0,0
wingman_886ff-20261004-223748_noe_kill,early,,302.3,3,Specter,0,0,1,455/70/452,10,10,0,0,1,0
wingman_886ff-20261004-223748_noe_kill,early,,302.3,4,Scourge,0,0,1,490/95/431,10,10,0,0,1,0
wingman_886ff-20261004-223748_noe_kill,early,,302.3,5,Specter,1,0,1,395/0/410,10,10,0,0,1,0
wingman_886ff-20261004-223748_noe_kill,early,,302.3,6,Scourge,0,0,1,54/420/554,10,10,0,0,0,0
wingman_886ff-20261004-223748_noe_kill,early,,302.3,7,Troubadour,0,0,1,515/400/69,10,10,0,0,0,0
wingman_886ff-20261004-223748_noe_kill,early,,302.3,8,Scourge,1,0,1,571/410/0,10,10,0,0,0,0
wingman_886ff-20261004-223748_noe_kill,early,,302.3,9,Scourge,0,0,1,56/421/624,10,10,0,0,1,0
wingman_886ff-20261004-223748_noe_kill,early,,349.5,0,Troubadour,0,0,1,325/85/587,10,10,0,0,1,0
wingman_886ff-20261004-223748_noe_kill,early,,349.5,1,Scourge,0,0,1,78/422/400,10,10,0,0,0,0
wingman_886ff-20261004-223748_noe_kill,early,,349.5,2,Scourge,1,0,1,0/359/440,10,10,0,0,0,0
wingman_886ff-20261004-223748_noe_kill,early,,349.5,3,Specter,1,0,1,440/548/0,10,10,0,0,0,0
wingman_886ff-20261004-223748_noe_kill,early,,349.5,4,Scourge,0,0,1,26/350/463,10,10,0,0,1,0
wingman_886ff-20261004-223748_noe_kill,early,,349.5,5,Specter,1,0,1,359/0/548,10,10,0,0,1,0
wingman_886ff-20261004-223748_noe_kill,early,,349.5,6,Scourge,0,0,1,491/615/67,10,10,0,0,0,0
wingman_886ff-20261004-223748_noe_kill,early,,349.5,7,Troubadour,0,0,1,451/103/646,10,10,0,0,1,0
wingman_886ff-20261004-223748_noe_kill,early,,349.5,8,Scourge,0,0,1,69/403/390,10,10,0,0,1,0
wingman_886ff-20261004-223748_noe_kill,early,,349.5,9,Scourge,0,0,1,447/588/55,10,10,0,0,0,0
wingman_886ff-20261004-223748_noe_kill,early,,397.4,0,Troubadour,0,0,1,529/40/598,10,10,0,0,0,0
wingman_886ff-20261004-223748_noe_kill,early,,397.4,1,Scourge,0,0,1,21/517/425,10,10,0,0,0,0
wingman_886ff-20261004-223748_noe_kill,early,,397.4,2,Scourge,1,0,1,0/498/428,10,10,0,0,0,0
wingman_886ff-20261004-223748_noe_kill,early,,397.4,3,Specter,1,0,1,498/0/559,10,10,0,0,0,0
wingman_886ff-20261004-223748_noe_kill,early,,397.4,4,Scourge,0,0,1,28/508/456,10,10,0,0,0,0
wingman_886ff-20261004-223748_noe_kill,early,,397.4,5,Specter,0,0,1,571/112/549,10,10,0,0,0,0
wingman_886ff-20261004-223748_noe_kill,early,,397.4,6,Scourge,0,0,1,439/552/19,10,10,0,0,0,0
wingman_886ff-20261004-223748_noe_kill,early,,397.4,7,Troubadour,0,0,1,510/84/626,10,10,0,0,1,0
wingman_886ff-20261004-223748_noe_kill,early,,397.4,8,Scourge,1,0,1,428/559/0,10,10,0,0,0,0
wingman_886ff-20261004-223748_noe_kill,early,,397.4,9,Scourge,0,0,1,475/524/83,10,10,0,0,0,0
wingman_886ff-20261004-223748_noe_kill,early,,442.2,0,Troubadour,0,0,2,88/122/399,10,10,0,0,0,0
wingman_886ff-20261004-223748_noe_kill,early,,442.2,1,Scourge,0,0,2,100/124/434,10,10,0,0,0,0
wingman_886ff-20261004-223748_noe_kill,early,,442.2,2,Scourge,1,0,1,475/512/0,10,10,0,0,0,0
wingman_886ff-20261004-223748_noe_kill,early,,442.2,3,Specter,1,0,2,0/36/475,10,10,0,0,1,0
wingman_886ff-20261004-223748_noe_kill,early,,442.2,4,Scourge,0,0,2,56/92/420,10,10,0,0,0,0
wingman_886ff-20261004-223748_noe_kill,early,,442.2,5,Specter,1,0,2,36/0/512,10,10,0,0,1,0
wingman_886ff-20261004-223748_noe_kill,early,,442.2,6,Scourge,0,0,2,93/130/382,10,10,0,0,1,0
wingman_886ff-20261004-223748_noe_kill,early,,442.2,7,Troubadour,0,0,2,59/51/510,10,10,0,0,1,0
wingman_886ff-20261004-223748_noe_kill,early,,442.2,8,Scourge,0,0,2,167/195/364,10,10,0,0,1,0
wingman_886ff-20261004-223748_noe_kill,early,,442.2,9,Scourge,0,0,2,112/136/428,10,10,0,0,0,0
wingman_886ff-20261004-223748_noe_kill,last,3,483.2,0,Troubadour,0,0,1,364/605/93,10,10,0,0,0,0
wingman_886ff-20261004-223748_noe_kill,last,3,483.2,1,Scourge,0,0,1,89/507/453,10,10,0,0,1,0
wingman_886ff-20261004-223748_noe_kill,last,3,483.2,2,Scourge,1,0,1,434/0/551,10,10,0,0,0,0
wingman_886ff-20261004-223748_noe_kill,last,3,483.2,3,Specter,1,0,1,0/434/387,10,10,0,0,1,0
wingman_886ff-20261004-223748_noe_kill,last,3,483.2,4,Scourge,0,0,1,62/495/410,10,10,0,0,1,0
wingman_886ff-20261004-223748_noe_kill,last,3,483.2,5,Specter,1,0,1,387/551/0,10,10,0,0,0,0
wingman_886ff-20261004-223748_noe_kill,last,3,483.2,6,Scourge,0,0,1,423/43/573,10,10,0,0,0,0
wingman_886ff-20261004-223748_noe_kill,last,3,483.2,7,Troubadour,0,0,1,388/624/97,10,10,0,0,1,0
wingman_886ff-20261004-223748_noe_kill,last,3,483.2,8,Scourge,0,0,1,78/475/460,10,10,0,0,1,0
wingman_886ff-20261004-223748_noe_kill,last,3,483.2,9,Scourge,0,0,1,405/86/585,10,10,0,0,0,0
wingman_886ff-20261004-223748_noe_kill,last,33,513.2,0,Troubadour,0,0,1,492/587/116,10,10,0,0,0,0
wingman_886ff-20261004-223748_noe_kill,last,33,513.2,1,Scourge,0,0,1,451/533/150,10,10,0,0,0,0
wingman_886ff-20261004-223748_noe_kill,last,33,513.2,2,Scourge,1,0,1,778/0/683,10,10,0,0,0,0
wingman_886ff-20261004-223748_noe_kill,last,33,513.2,3,Specter,1,0,1,428/683/0,10,10,0,0,0,0
wingman_886ff-20261004-223748_noe_kill,last,33,513.2,4,Scourge,0,0,1,136/914/502,10,10,0,0,0,0
wingman_886ff-20261004-223748_noe_kill,last,33,513.2,5,Specter,1,0,1,0/778/428,10,10,0,0,0,0
wingman_886ff-20261004-223748_noe_kill,last,33,513.2,6,Scourge,0,0,1,736/64/676,10,10,0,0,0,0
wingman_886ff-20261004-223748_noe_kill,last,33,513.2,7,Troubadour,0,0,1,443/538/145,10,10,0,0,1,0
wingman_886ff-20261004-223748_noe_kill,last,33,513.2,8,Scourge,0,0,1,52/733/431,10,10,0,0,0,0
wingman_886ff-20261004-223748_noe_kill,last,33,513.2,9,Scourge,0,0,1,761/39/688,10,10,0,0,0,0
wingman_8d411-20260930-191421_noe_fail,early,,3.0,0,Renegade,0,0,1,74,10,10,0,0,1,0
wingman_8d411-20260930-191421_noe_fail,early,,3.0,1,Scourge,0,0,1,169,10,10,0,0,1,0
wingman_8d411-20260930-191421_noe_fail,early,,3.0,2,Scourge,0,0,1,131,10,10,0,0,1,0
wingman_8d411-20260930-191421_noe_fail,early,,3.0,3,Troubadour,1,0,1,0,10,10,0,0,1,0
wingman_8d411-20260930-191421_noe_fail,early,,3.0,4,Specter,0,0,1,231,10,10,0,0,1,0
wingman_8d411-20260930-191421_noe_fail,early,,3.0,5,Evoker,0,0,1,86,10,10,0,0,1,0
wingman_8d411-20260930-191421_noe_fail,early,,3.0,6,Scourge,0,0,1,42,10,10,0,0,1,0
wingman_8d411-20260930-191421_noe_fail,early,,3.0,7,Troubadour,0,0,1,113,10,10,0,0,1,0
wingman_8d411-20260930-191421_noe_fail,early,,3.0,8,Scourge,0,0,1,141,10,10,0,0,1,0
wingman_8d411-20260930-191421_noe_fail,early,,3.0,9,Scourge,0,0,1,228,10,10,0,0,1,0
wingman_8d411-20260930-191421_noe_fail,early,,50.5,0,Renegade,1,0,1,435/407/0,10,10,0,0,0,0
wingman_8d411-20260930-191421_noe_fail,early,,50.5,1,Scourge,0,0,1,453/115/475,10,10,0,0,0,0
wingman_8d411-20260930-191421_noe_fail,early,,50.5,2,Scourge,0,0,1,370/147/420,10,10,0,0,0,0
wingman_8d411-20260930-191421_noe_fail,early,,50.5,3,Troubadour,1,0,1,0/493/435,10,10,0,0,1,0
wingman_8d411-20260930-191421_noe_fail,early,,50.5,4,Specter,1,0,1,493/0/407,10,10,0,0,0,0
wingman_8d411-20260930-191421_noe_fail,early,,50.5,5,Evoker,0,0,1,483/421/48,10,10,0,0,0,0
wingman_8d411-20260930-191421_noe_fail,early,,50.5,6,Scourge,0,0,1,49/520/484,10,10,0,0,0,0
wingman_8d411-20260930-191421_noe_fail,early,,50.5,7,Troubadour,0,0,1,58/544/490,10,10,0,0,1,0
wingman_8d411-20260930-191421_noe_fail,early,,50.5,8,Scourge,0,0,1,536/507/118,10,10,0,0,0,0
wingman_8d411-20260930-191421_noe_fail,early,,50.5,9,Scourge,0,0,1,406/427/43,10,10,0,0,0,0
wingman_8d411-20260930-191421_noe_fail,early,,95.4,0,Renegade,1,0,1,399/430/0,10,10,0,0,0,0
wingman_8d411-20260930-191421_noe_fail,early,,95.4,1,Scourge,0,0,1,443/81/503,10,10,0,0,0,0
wingman_8d411-20260930-191421_noe_fail,early,,95.4,2,Scourge,0,0,1,389/70/457,10,10,0,0,0,0
wingman_8d411-20260930-191421_noe_fail,early,,95.4,3,Troubadour,0,0,1,34/414/365,10,10,0,0,1,0
wingman_8d411-20260930-191421_noe_fail,early,,95.4,4,Specter,1,0,1,427/0/430,10,10,0,0,0,0
wingman_8d411-20260930-191421_noe_fail,early,,95.4,5,Evoker,1,0,1,0/427/399,10,10,0,0,0,0
wingman_8d411-20260930-191421_noe_fail,early,,95.4,6,Scourge,0,0,1,408/520/101,10,10,0,0,0,0
wingman_8d411-20260930-191421_noe_fail,early,,95.4,7,Troubadour,0,0,1,79/502/459,10,10,0,0,1,0
wingman_8d411-20260930-191421_noe_fail,early,,95.4,8,Scourge,0,0,1,406/484/59,10,10,0,0,0,0
wingman_8d411-20260930-191421_noe_fail,early,,95.4,9,Scourge,0,0,1,473/539/109,10,10,0,0,0,0
wingman_8d411-20260930-191421_noe_fail,early,,145.1,0,Renegade,0,0,1,451/41/657,10,10,0,0,1,0
wingman_8d411-20260930-191421_noe_fail,early,,145.1,1,Scourge,0,0,1,386/77/583,10,10,0,0,1,0
wingman_8d411-20260930-191421_noe_fail,early,,145.1,2,Scourge,1,0,1,461/0/624,10,10,0,0,1,0
wingman_8d411-20260930-191421_noe_fail,early,,145.1,3,Troubadour,0,0,1,110/355/605,10,10,0,0,1,0
wingman_8d411-20260930-191421_noe_fail,early,,145.1,4,Specter,1,0,1,609/624/0,10,10,0,0,1,0
wingman_8d411-20260930-191421_noe_fail,early,,145.1,5,Evoker,0,0,1,588/526/118,10,10,0,0,1,0
wingman_8d411-20260930-191421_noe_fail,early,,145.1,6,Scourge,1,0,1,0/461/609,10,10,0,0,1,0
wingman_8d411-20260930-191421_noe_fail,early,,145.1,7,Troubadour,0,0,1,87/374/576,10,10,0,0,1,0
wingman_8d411-20260930-191421_noe_fail,early,,145.1,8,Scourge,0,0,1,682/602/133,10,10,0,0,1,0
wingman_8d411-20260930-191421_noe_fail,early,,145.1,9,Scourge,0,0,1,687/541/217,10,10,0,0,1,0
wingman_8d411-20260930-191421_noe_fail,early,,200.2,0,Renegade,1,0,1,432/0/429,10,10,0,0,1,0
wingman_8d411-20260930-191421_noe_fail,early,,200.2,1,Scourge,0,0,1,428/46/386,10,10,0,0,1,0
wingman_8d411-20260930-191421_noe_fail,early,,200.2,2,Scourge,0,0,1,470/46/425,10,10,0,0,1,0
wingman_8d411-20260930-191421_noe_fail,early,,200.2,3,Troubadour,0,0,1,87/346/417,10,10,0,0,1,0
wingman_8d411-20260930-191421_noe_fail,early,,200.2,4,Specter,1,0,1,447/429/0,10,10,0,0,1,0
wingman_8d411-20260930-191421_noe_fail,early,,200.2,5,Evoker,0,0,1,426/426/23,9,9,0,0,1,0
wingman_8d411-20260930-191421_noe_fail,early,,200.2,6,Scourge,1,0,1,0/432/447,10,10,0,0,1,0
wingman_8d411-20260930-191421_noe_fail,early,,200.2,7,Troubadour,0,0,1,97/428/359,10,10,0,0,1,0
wingman_8d411-20260930-191421_noe_fail,early,,200.2,8,Scourge,0,0,1,395/414/53,10,10,0,0,1,0
wingman_8d411-20260930-191421_noe_fail,early,,200.2,9,Scourge,0,0,1,449/468/45,10,10,0,0,1,0
wingman_8d411-20260930-191421_noe_fail,early,,261.2,0,Renegade,1,0,3,227/0/237,10,10,0,0,0,0
wingman_8d411-20260930-191421_noe_fail,early,,261.2,1,Scourge,0,0,3,55/191/123,10,10,0,0,0,0
wingman_8d411-20260930-191421_noe_fail,early,,261.2,2,Scourge,0,0,3,122/121/116,10,10,0,0,0,0
wingman_8d411-20260930-191421_noe_fail,early,,261.2,3,Troubadour,0,0,2,247/165/202,10,10,0,0,1,0
wingman_8d411-20260930-191421_noe_fail,early,,261.2,4,Specter,0,0,3,163/188/230,10,10,0,0,0,0
wingman_8d411-20260930-191421_noe_fail,early,,261.2,5,Evoker,1,0,3,79/237/0,9,9,0,0,0,0
wingman_8d411-20260930-191421_noe_fail,early,,261.2,6,Scourge,1,0,3,0/227/79,10,10,0,0,0,0
wingman_8d411-20260930-191421_noe_fail,early,,261.2,7,Troubadour,0,0,0,760/964/728,10,10,0,0,1,0
wingman_8d411-20260930-191421_noe_fail,early,,261.2,8,Scourge,0,0,3,100/130/136,10,10,0,0,0,0
wingman_8d411-20260930-191421_noe_fail,early,,261.2,9,Scourge,0,0,0,1068/1287/1053,10,10,0,0,0,0
wingman_8d411-20260930-191421_noe_fail,early,,308.0,0,Renegade,1,0,1,537/0/403,10,10,0,0,0,0
wingman_8d411-20260930-191421_noe_fail,early,,308.0,1,Scourge,0,0,1,401/409/71,10,10,0,0,0,0
wingman_8d411-20260930-191421_noe_fail,early,,308.0,2,Scourge,1,0,1,469/403/0,10,10,0,0,0,0
wingman_8d411-20260930-191421_noe_fail,early,,308.0,3,Troubadour,0,0,1,87/450/419,10,10,0,0,1,0
wingman_8d411-20260930-191421_noe_fail,early,,308.0,4,Specter,1,0,1,0/537/469,10,10,0,0,0,0
wingman_8d411-20260930-191421_noe_fail,early,,308.0,5,Evoker,0,0,1,535/454/72,10,10,0,0,0,0
wingman_8d411-20260930-191421_noe_fail,early,,308.0,6,Scourge,0,0,1,54/483/427,10,10,0,0,0,0
wingman_8d411-20260930-191421_noe_fail,early,,308.0,7,Troubadour,0,0,1,37/536/495,10,10,0,0,0,0
wingman_8d411-20260930-191421_noe_fail,early,,308.0,8,Scourge,0,0,1,531/22/419,10,10,0,0,0,0
wingman_8d411-20260930-191421_noe_fail,early,,308.0,9,Scourge,0,0,1,612/82/474,10,10,0,0,0,0
wingman_8d411-20260930-191421_noe_fail,early,,358.3,0,Renegade,1,0,1,641/670/0,10,10,0,0,0,0
wingman_8d411-20260930-191421_noe_fail,early,,358.3,1,Scourge,0,0,1,622/701/79,10,10,0,0,0,0
wingman_8d411-20260930-191421_noe_fail,early,,358.3,2,Scourge,0,0,1,703/762/96,10,10,0,0,0,0
wingman_8d411-20260930-191421_noe_fail,early,,358.3,3,Troubadour,0,0,1,53/436/596,10,10,0,0,1,0
wingman_8d411-20260930-191421_noe_fail,early,,358.3,4,Specter,1,0,1,0/420/641,10,10,0,0,0,0
wingman_8d411-20260930-191421_noe_fail,early,,358.3,5,Evoker,1,0,1,420/0/670,10,10,0,0,0,0
wingman_8d411-20260930-191421_noe_fail,early,,358.3,6,Scourge,0,0,1,65/362/603,10,10,0,0,0,0
wingman_8d411-20260930-191421_noe_fail,early,,358.3,7,Troubadour,0,0,1,42/443/681,10,10,0,0,1,0
wingman_8d411-20260930-191421_noe_fail,early,,358.3,8,Scourge,0,0,1,459/69/631,10,10,0,0,0,0
wingman_8d411-20260930-191421_noe_fail,early,,358.3,9,Scourge,0,0,1,439/99/583,10,10,0,0,0,0
wingman_8d411-20260930-191421_noe_fail,early,,411.8,0,Renegade,0,0,1,351/110/489,10,10,0,0,0,0
wingman_8d411-20260930-191421_noe_fail,early,,411.8,1,Scourge,0,0,1,452/21/567,10,10,0,0,0,0
wingman_8d411-20260930-191421_noe_fail,early,,411.8,2,Scourge,0,0,1,57/417/488,10,10,0,0,0,0
wingman_8d411-20260930-191421_noe_fail,early,,411.8,3,Troubadour,1,0,1,0/441/544,10,10,0,0,1,0
wingman_8d411-20260930-191421_noe_fail,early,,411.8,4,Specter,0,0,1,508/96/547,10,10,0,0,0,0
wingman_8d411-20260930-191421_noe_fail,early,,411.8,5,Evoker,1,0,1,544/578/0,10,10,0,0,1,0
wingman_8d411-20260930-191421_noe_fail,early,,411.8,6,Scourge,1,0,1,441/0/578,10,10,0,0,0,0
wingman_8d411-20260930-191421_noe_fail,early,,411.8,7,Troubadour,0,0,1,57/451/600,10,10,0,0,1,0
wingman_8d411-20260930-191421_noe_fail,early,,411.8,8,Scourge,0,0,1,438/583/146,10,10,0,0,1,0
wingman_8d411-20260930-191421_noe_fail,early,,411.8,9,Scourge,0,0,1,538/558/23,10,10,0,0,1,0
wingman_8d411-20260930-191421_noe_fail,early,,458.8,0,Renegade,1,0,1,412/509/0,10,10,0,0,0,0
wingman_8d411-20260930-191421_noe_fail,early,,458.8,1,Scourge,1,0,1,0/515/412,10,10,0,0,0,0
wingman_8d411-20260930-191421_noe_fail,early,,458.8,2,Scourge,0,0,1,417/543/36,10,10,0,0,0,0
wingman_8d411-20260930-191421_noe_fail,early,,458.8,3,Troubadour,0,0,1,18/498/406,10,10,0,0,1,0
wingman_8d411-20260930-191421_noe_fail,early,,458.8,4,Specter,0,0,1,374/442/70,10,10,0,0,0,0
wingman_8d411-20260930-191421_noe_fail,early,,458.8,5,Evoker,1,0,1,515/0/509,10,10,0,0,1,0
wingman_8d411-20260930-191421_noe_fail,early,,458.8,6,Scourge,0,0,1,28/513/436,10,10,0,0,0,0
wingman_8d411-20260930-191421_noe_fail,early,,458.8,7,Troubadour,0,0,1,49/473/418,10,10,0,0,1,0
wingman_8d411-20260930-191421_noe_fail,early,,458.8,8,Scourge,0,0,1,535/68/570,10,10,0,0,1,0
wingman_8d411-20260930-191421_noe_fail,early,,458.8,9,Scourge,0,0,1,601/98/604,10,10,0,0,1,0
wingman_8d411-20260930-191421_noe_fail,last,3,532.3,0,Renegade,0,0,1,371/98/480,10,10,0,0,0,0
wingman_8d411-20260930-191421_noe_fail,last,3,532.3,1,Scourge,0,0,1,492/37/552,9,9,0,0,0,0
wingman_8d411-20260930-191421_noe_fail,last,3,532.3,2,Scourge,0,0,1,434/62/536,10,10,0,0,0,0
wingman_8d411-20260930-191421_noe_fail,last,3,532.3,3,Troubadour,0,0,1,23/484/459,9,9,0,0,1,0
wingman_8d411-20260930-191421_noe_fail,last,3,532.3,4,Specter,1,0,1,467/0/514,10,10,0,0,0,0
wingman_8d411-20260930-191421_noe_fail,last,3,532.3,5,Evoker,1,0,1,438/514/0,10,10,0,0,1,0
wingman_8d411-20260930-191421_noe_fail,last,3,532.3,6,Scourge,0,0,1,445/540/27,10,10,0,0,1,0
wingman_8d411-20260930-191421_noe_fail,last,3,532.3,7,Troubadour,0,0,1,52/436/467,10,10,0,0,1,0
wingman_8d411-20260930-191421_noe_fail,last,3,532.3,8,Scourge,1,0,1,0/467/438,10,10,0,0,0,0
wingman_8d411-20260930-191421_noe_fail,last,3,532.3,9,Scourge,0,0,1,488/579/66,10,10,0,0,1,0
wingman_8d411-20260930-191421_noe_fail,last,33,562.3,0,Renegade,1,0,1,342/0/417,10,10,0,0,1,0
wingman_8d411-20260930-191421_noe_fail,last,33,562.3,1,Scourge,0,0,1,101/380/733,10,10,0,0,1,0
wingman_8d411-20260930-191421_noe_fail,last,33,562.3,2,Scourge,0,0,1,348/64/455,10,10,0,0,1,0
wingman_8d411-20260930-191421_noe_fail,last,33,562.3,3,Troubadour,1,0,1,0/342/731,9,9,0,0,0,0
wingman_8d411-20260930-191421_noe_fail,last,33,562.3,4,Specter,0,0,1,377/37/395,10,10,0,0,1,0
wingman_8d411-20260930-191421_noe_fail,last,33,562.3,5,Evoker,1,0,1,731/417/0,10,10,0,0,1,0
wingman_8d411-20260930-191421_noe_fail,last,33,562.3,6,Scourge,0,0,1,706/384/48,10,10,0,0,1,0
wingman_8d411-20260930-191421_noe_fail,last,33,562.3,7,Troubadour,0,0,1,70/405/782,10,10,0,0,1,0
wingman_8d411-20260930-191421_noe_fail,last,33,562.3,8,Scourge,0,1,1,317/73/416,10,10,0,0,0,0
wingman_8d411-20260930-191421_noe_fail,last,33,562.3,9,Scourge,0,0,1,779/473/60,10,10,0,0,1,0
wingman_9fe05-20261002-155233_noe_kill,early,,2.8,0,Evoker,0,0,1,126,10,10,0,0,1,0
wingman_9fe05-20261002-155233_noe_kill,early,,2.8,1,Scourge,0,0,1,40,10,10,0,0,1,0
wingman_9fe05-20261002-155233_noe_kill,early,,2.8,2,Scourge,0,0,1,112,10,10,0,0,1,0
wingman_9fe05-20261002-155233_noe_kill,early,,2.8,3,Harbinger,0,0,1,88,10,10,0,0,1,0
wingman_9fe05-20261002-155233_noe_kill,early,,2.8,4,Troubadour,1,0,1,0,10,10,0,0,1,0
wingman_9fe05-20261002-155233_noe_kill,early,,2.8,5,Evoker,0,0,1,35,10,10,0,0,1,0
wingman_9fe05-20261002-155233_noe_kill,early,,2.8,6,Scourge,0,0,1,81,10,10,0,0,1,0
wingman_9fe05-20261002-155233_noe_kill,early,,2.8,7,Scourge,0,0,1,38,10,10,0,0,1,0
wingman_9fe05-20261002-155233_noe_kill,early,,2.8,8,Scourge,0,0,1,27,10,10,0,0,1,0
wingman_9fe05-20261002-155233_noe_kill,early,,2.8,9,Troubadour,0,0,1,31,10,10,0,0,1,0
wingman_9fe05-20261002-155233_noe_kill,early,,49.8,0,Evoker,0,0,1,389/456/33,10,10,0,0,0,0
wingman_9fe05-20261002-155233_noe_kill,early,,49.8,1,Scourge,0,0,1,375/463/40,10,10,0,0,0,0
wingman_9fe05-20261002-155233_noe_kill,early,,49.8,2,Scourge,0,0,1,462/492/101,10,10,0,0,0,0
wingman_9fe05-20261002-155233_noe_kill,early,,49.8,3,Harbinger,0,0,1,272/93/393,10,10,0,0,1,0
wingman_9fe05-20261002-155233_noe_kill,early,,49.8,4,Troubadour,1,0,1,0/363/361,10,10,0,0,1,0
wingman_9fe05-20261002-155233_noe_kill,early,,49.8,5,Evoker,1,0,1,363/0/425,10,10,0,0,0,0
wingman_9fe05-20261002-155233_noe_kill,early,,49.8,6,Scourge,0,0,1,357/22/439,10,10,0,0,0,0
wingman_9fe05-20261002-155233_noe_kill,early,,49.8,7,Scourge,0,0,1,59/378/420,10,10,0,0,0,0
wingman_9fe05-20261002-155233_noe_kill,early,,49.8,8,Scourge,1,0,1,361/425/0,10,10,0,0,0,0
wingman_9fe05-20261002-155233_noe_kill,early,,49.8,9,Troubadour,0,0,1,4/360/363,10,10,0,0,1,0
wingman_9fe05-20261002-155233_noe_kill,early,,94.3,0,Evoker,1,0,1,375/487/0,10,10,0,0,1,0
wingman_9fe05-20261002-155233_noe_kill,early,,94.3,1,Scourge,0,0,1,414/65/425,10,10,0,0,1,0
wingman_9fe05-20261002-155233_noe_kill,early,,94.3,2,Scourge,0,0,1,526/91/538,10,10,0,0,1,0
wingman_9fe05-20261002-155233_noe_kill,early,,94.3,3,Harbinger,1,0,1,437/0/487,10,10,0,0,1,0
wingman_9fe05-20261002-155233_noe_kill,early,,94.3,4,Troubadour,0,0,1,47/440/420,10,10,0,0,1,0
wingman_9fe05-20261002-155233_noe_kill,early,,94.3,5,Evoker,0,0,1,413/562/75,9,9,0,0,1,0
wingman_9fe05-20261002-155233_noe_kill,early,,94.3,6,Scourge,1,0,1,0/437/375,10,10,0,0,1,0
wingman_9fe05-20261002-155233_noe_kill,early,,94.3,7,Scourge,0,0,1,444/651/170,10,10,0,0,1,0
wingman_9fe05-20261002-155233_noe_kill,early,,94.3,8,Scourge,0,0,1,430/44/449,10,10,0,0,0,0
wingman_9fe05-20261002-155233_noe_kill,early,,94.3,9,Troubadour,0,0,1,62/378/346,10,10,0,0,1,0
wingman_9fe05-20261002-155233_noe_kill,early,,155.7,0,Evoker,1,0,1,406/375/0,10,10,0,0,1,0
wingman_9fe05-20261002-155233_noe_kill,early,,155.7,1,Scourge,0,0,1,406/405/42,10,10,0,0,0,0
wingman_9fe05-20261002-155233_noe_kill,early,,155.7,2,Scourge,0,0,1,488/448/84,10,10,0,0,1,0
wingman_9fe05-20261002-155233_noe_kill,early,,155.7,3,Harbinger,1,0,1,301/0/375,10,10,0,0,0,0
wingman_9fe05-20261002-155233_noe_kill,early,,155.7,4,Troubadour,0,0,1,337/40/368,10,10,0,0,0,0
wingman_9fe05-20261002-155233_noe_kill,early,,155.7,5,Evoker,0,0,2,88/227/414,9,9,0,0,0,0
wingman_9fe05-20261002-155233_noe_kill,early,,155.7,6,Scourge,1,0,1,0/301/406,10,10,0,0,0,0
wingman_9fe05-20261002-155233_noe_kill,early,,155.7,7,Scourge,0,0,1,174/447/571,10,10,0,0,0,0
wingman_9fe05-20261002-155233_noe_kill,early,,155.7,8,Scourge,0,0,1,345/317/65,10,10,0,0,0,0
wingman_9fe05-20261002-155233_noe_kill,early,,155.7,9,Troubadour,0,0,1,280/76/436,10,10,0,0,1,0
wingman_9fe05-20261002-155233_noe_kill,early,,210.6,0,Evoker,0,0,1,406/22/404,10,10,0,0,1,0
wingman_9fe05-20261002-155233_noe_kill,early,,210.6,1,Scourge,0,0,1,392/25/418,10,10,0,0,1,0
wingman_9fe05-20261002-155233_noe_kill,early,,210.6,2,Scourge,0,0,1,428/64/378,10,10,0,0,1,0
wingman_9fe05-20261002-155233_noe_kill,early,,210.6,3,Harbinger,1,0,1,417/0/427,10,10,0,0,1,0
wingman_9fe05-20261002-155233_noe_kill,early,,210.6,4,Troubadour,0,0,1,16/420/389,10,10,0,0,1,0
wingman_9fe05-20261002-155233_noe_kill,early,,210.6,5,Evoker,1,0,1,402/427/0,9,9,0,0,1,0
wingman_9fe05-20261002-155233_noe_kill,early,,210.6,6,Scourge,1,0,1,0/417/402,10,10,0,0,1,0
wingman_9fe05-20261002-155233_noe_kill,early,,210.6,7,Scourge,0,0,1,406/446/21,10,10,0,0,1,0
wingman_9fe05-20261002-155233_noe_kill,early,,210.6,8,Scourge,0,0,1,382/416/21,10,10,0,0,1,0
wingman_9fe05-20261002-155233_noe_kill,early,,210.6,9,Troubadour,0,0,1,85/390/318,10,10,0,0,1,0
wingman_9fe05-20261002-155233_noe_kill,early,,255.7,0,Evoker,0,0,1,399/284/47,10,10,0,0,1,0
wingman_9fe05-20261002-155233_noe_kill,early,,255.7,1,Scourge,1,0,1,373/0/313,10,10,0,0,1,0
wingman_9fe05-20261002-155233_noe_kill,early,,255.7,2,Scourge,0,0,1,386/327/14,10,10,0,0,1,0
wingman_9fe05-20261002-155233_noe_kill,early,,255.7,3,Harbinger,1,0,1,378/313/0,10,10,0,0,1,0
wingman_9fe05-20261002-155233_noe_kill,early,,255.7,4,Troubadour,0,0,1,59/364/415,10,10,0,0,1,0
wingman_9fe05-20261002-155233_noe_kill,early,,255.7,5,Evoker,0,0,1,460/96/394,9,9,0,0,1,0
wingman_9fe05-20261002-155233_noe_kill,early,,255.7,6,Scourge,0,0,1,409/36/329,10,10,0,0,1,0
wingman_9fe05-20261002-155233_noe_kill,early,,255.7,7,Scourge,0,0,1,449/111/423,10,10,0,0,1,0
wingman_9fe05-20261002-155233_noe_kill,early,,255.7,8,Scourge,1,0,1,0/373/378,10,10,0,0,1,0
wingman_9fe05-20261002-155233_noe_kill,early,,255.7,9,Troubadour,0,0,1,68/311/321,10,10,0,0,1,0
wingman_9fe05-20261002-155233_noe_kill,early,,309.4,0,Evoker,0,0,1,406/607/130,10,10,0,0,0,0
wingman_9fe05-20261002-155233_noe_kill,early,,309.4,1,Scourge,1,0,1,416/494/0,10,10,0,0,0,0
wingman_9fe05-20261002-155233_noe_kill,early,,309.4,2,Scourge,0,0,1,418/549/59,10,10,0,0,0,0
wingman_9fe05-20261002-155233_noe_kill,early,,309.4,3,Harbinger,0,0,1,382/455/46,10,10,0,0,0,0
wingman_9fe05-20261002-155233_noe_kill,early,,309.4,4,Troubadour,0,0,1,80/497/463,10,10,0,0,1,0
wingman_9fe05-20261002-155233_noe_kill,early,,309.4,5,Evoker,0,0,1,544/122/589,9,9,0,0,0,0
wingman_9fe05-20261002-155233_noe_kill,early,,309.4,6,Scourge,0,0,1,591/67/513,10,10,0,0,0,0
wingman_9fe05-20261002-155233_noe_kill,early,,309.4,7,Scourge,1,0,1,532/0/494,10,10,0,0,0,0
wingman_9fe05-20261002-155233_noe_kill,early,,309.4,8,Scourge,1,0,1,0/532/416,10,10,0,0,0,0
wingman_9fe05-20261002-155233_noe_kill,early,,309.4,9,Troubadour,0,0,1,160/377/333,10,10,0,0,1,0
wingman_9fe05-20261002-155233_noe_kill,early,,356.8,0,Evoker,0,0,1,478/154/475,10,10,0,0,0,0
wingman_9fe05-20261002-155233_noe_kill,early,,356.8,1,Scourge,0,0,1,312/170/565,10,10,0,0,1,0
wingman_9fe05-20261002-155233_noe_kill,early,,356.8,2,Scourge,0,0,1,454/41/625,10,10,0,0,0,0
wingman_9fe05-20261002-155233_noe_kill,early,,356.8,3,Harbinger,1,0,1,477/0/610,10,10,0,0,0,0
wingman_9fe05-20261002-155233_noe_kill,early,,356.8,4,Troubadour,0,0,1,31/503/513,10,10,0,0,1,0
wingman_9fe05-20261002-155233_noe_kill,early,,356.8,5,Evoker,1,0,1,522/610/0,9,9,0,0,0,0
wingman_9fe05-20261002-155233_noe_kill,early,,356.8,6,Scourge,0,0,1,487/541/69,10,10,0,0,0,0
wingman_9fe05-20261002-155233_noe_kill,early,,356.8,7,Scourge,0,0,1,583/616/76,10,10,0,0,1,0
wingman_9fe05-20261002-155233_noe_kill,early,,356.8,8,Scourge,1,0,1,0/477/522,10,10,0,0,1,0
wingman_9fe05-20261002-155233_noe_kill,early,,356.8,9,Troubadour,0,0,1,126/452/397,10,10,0,0,1,0
wingman_9fe05-20261002-155233_noe_kill,early,,404.0,0,Evoker,0,0,1,507/99/576,10,10,0,0,0,0
wingman_9fe05-20261002-155233_noe_kill,early,,404.0,1,Scourge,0,0,1,408/60/505,10,10,0,0,1,0
wingman_9fe05-20261002-155233_noe_kill,early,,404.0,2,Scourge,0,0,1,482/68/627,10,10,0,0,0,0
wingman_9fe05-20261002-155233_noe_kill,early,,404.0,3,Harbinger,1,0,1,418/561/0,10,10,0,0,1,0
wingman_9fe05-20261002-155233_noe_kill,early,,404.0,4,Troubadour,1,0,1,0/425/418,10,10,0,0,1,0
wingman_9fe05-20261002-155233_noe_kill,early,,404.0,5,Evoker,0,0,1,422/623/84,10,10,0,0,1,0
wingman_9fe05-20261002-155233_noe_kill,early,,404.0,6,Scourge,0,0,1,386/571/53,10,10,0,0,1,0
wingman_9fe05-20261002-155233_noe_kill,early,,404.0,7,Scourge,0,0,1,103/449/521,10,10,0,0,1,0
wingman_9fe05-20261002-155233_noe_kill,early,,404.0,8,Scourge,1,0,1,425/0/561,10,10,0,0,0,0
wingman_9fe05-20261002-155233_noe_kill,early,,404.0,9,Troubadour,0,0,1,124/342/336,10,10,0,0,1,0
wingman_9fe05-20261002-155233_noe_kill,last,3,477.4,0,Evoker,1,0,1,336/596/0,10,10,0,0,1,0
wingman_9fe05-20261002-155233_noe_kill,last,3,477.4,1,Scourge,0,0,1,312/598/37,10,10,0,0,1,0
wingman_9fe05-20261002-155233_noe_kill,last,3,477.4,2,Scourge,0,0,1,389/688/97,10,10,0,0,1,0
wingman_9fe05-20261002-155233_noe_kill,last,3,477.4,3,Harbinger,0,0,1,304/509/93,10,10,0,0,1,0
wingman_9fe05-20261002-155233_noe_kill,last,3,477.4,4,Troubadour,0,0,1,78/467/396,10,10,0,0,1,0
wingman_9fe05-20261002-155233_noe_kill,last,3,477.4,5,Evoker,1,0,1,423/0/596,10,10,0,0,0,0
wingman_9fe05-20261002-155233_noe_kill,last,3,477.4,6,Scourge,0,0,1,318/120/542,10,10,0,0,0,0
wingman_9fe05-20261002-155233_noe_kill,last,3,477.4,7,Scourge,0,0,1,491/105/695,10,10,0,0,0,0
wingman_9fe05-20261002-155233_noe_kill,last,3,477.4,8,Scourge,1,0,1,0/423/336,10,10,0,0,1,0
wingman_9fe05-20261002-155233_noe_kill,last,3,477.4,9,Troubadour,0,0,1,34/410/369,10,10,0,0,1,0
wingman_9fe05-20261002-155233_noe_kill,last,33,507.5,0,Evoker,0,0,1,362/698/94,10,10,0,0,1,0
wingman_9fe05-20261002-155233_noe_kill,last,33,507.5,1,Scourge,1,0,1,0/358/371,10,10,0,0,1,0
wingman_9fe05-20261002-155233_noe_kill,last,33,507.5,2,Scourge,0,0,1,412/736/76,10,10,0,0,1,0
wingman_9fe05-20261002-155233_noe_kill,last,33,507.5,3,Harbinger,1,0,1,371/677/0,10,10,0,0,1,0
wingman_9fe05-20261002-155233_noe_kill,last,33,507.5,4,Troubadour,0,0,1,384/27/704,10,10,0,0,1,0
wingman_9fe05-20261002-155233_noe_kill,last,33,507.5,5,Evoker,0,0,1,76/315/447,10,10,0,0,0,0
wingman_9fe05-20261002-155233_noe_kill,last,33,507.5,6,Scourge,0,0,1,327/134/587,10,10,0,0,1,0
wingman_9fe05-20261002-155233_noe_kill,last,33,507.5,7,Scourge,0,0,1,130/414/445,10,10,0,0,0,0
wingman_9fe05-20261002-155233_noe_kill,last,33,507.5,8,Scourge,1,0,1,358/0/677,10,10,0,0,1,0
wingman_9fe05-20261002-155233_noe_kill,last,33,507.5,9,Troubadour,0,0,1,309/49/632,10,10,0,0,1,0
wingman_b139e-20261001-201501_noe_kill,early,,3.0,0,Scourge,0,0,1,236,10,10,0,0,0,0
wingman_b139e-20261001-201501_noe_kill,early,,3.0,1,Scourge,0,0,0,767,10,10,0,0,0,0
wingman_b139e-20261001-201501_noe_kill,early,,3.0,2,Troubadour,0,0,1,212,10,10,0,0,1,0
wingman_b139e-20261001-201501_noe_kill,early,,3.0,3,Specter,0,0,1,203,10,10,0,0,0,0
wingman_b139e-20261001-201501_noe_kill,early,,3.0,4,Scourge,0,0,1,81,10,10,0,0,0,0
wingman_b139e-20261001-201501_noe_kill,early,,3.0,5,Troubadour,0,0,1,33,10,10,0,0,1,0
wingman_b139e-20261001-201501_noe_kill,early,,3.0,6,Scourge,0,0,1,141,10,10,0,0,1,0
wingman_b139e-20261001-201501_noe_kill,early,,3.0,7,Scourge,0,0,1,68,10,10,0,0,1,0
wingman_b139e-20261001-201501_noe_kill,early,,3.0,8,Specter,1,0,1,0,10,10,0,0,1,0
wingman_b139e-20261001-201501_noe_kill,early,,3.0,9,Scourge,0,0,0,356,10,10,0,0,1,0
wingman_b139e-20261001-201501_noe_kill,early,,50.6,0,Scourge,0,0,1,139/380/478,10,10,0,0,0,0
wingman_b139e-20261001-201501_noe_kill,early,,50.6,1,Scourge,0,0,1,346/60/417,10,10,0,0,1,0
wingman_b139e-20261001-201501_noe_kill,early,,50.6,2,Troubadour,1,0,1,526/365/0,10,10,0,0,1,0
wingman_b139e-20261001-201501_noe_kill,early,,50.6,3,Specter,0,0,1,454/383/133,10,10,0,0,1,0
wingman_b139e-20261001-201501_noe_kill,early,,50.6,4,Scourge,0,0,1,80/334/479,10,10,0,0,1,0
wingman_b139e-20261001-201501_noe_kill,early,,50.6,5,Troubadour,1,0,1,319/0/365,10,10,0,0,1,0
wingman_b139e-20261001-201501_noe_kill,early,,50.6,6,Scourge,0,0,1,145/405/503,10,10,0,0,0,0
wingman_b139e-20261001-201501_noe_kill,early,,50.6,7,Scourge,0,0,1,343/32/384,10,10,0,0,1,0
wingman_b139e-20261001-201501_noe_kill,early,,50.6,8,Specter,1,0,1,0/319/526,10,10,0,0,1,0
wingman_b139e-20261001-201501_noe_kill,early,,50.6,9,Scourge,0,0,1,495/423/134,10,10,0,0,0,0
wingman_b139e-20261001-201501_noe_kill,early,,95.5,0,Scourge,0,0,1,455/372/63,10,10,0,0,1,0
wingman_b139e-20261001-201501_noe_kill,early,,95.5,1,Scourge,0,0,1,534/161/547,10,10,0,0,1,0
wingman_b139e-20261001-201501_noe_kill,early,,95.5,2,Troubadour,1,0,1,387/0/414,10,10,0,0,1,0
wingman_b139e-20261001-201501_noe_kill,early,,95.5,3,Specter,0,0,1,468/82/444,10,10,0,0,1,0
wingman_b139e-20261001-201501_noe_kill,early,,95.5,4,Scourge,1,0,1,442/414/0,10,10,0,0,0,0
wingman_b139e-20261001-201501_noe_kill,early,,95.5,5,Troubadour,1,0,1,0/387/442,10,10,0,0,1,0
wingman_b139e-20261001-201501_noe_kill,early,,95.5,6,Scourge,0,0,1,25/402/433,10,10,0,0,0,0
wingman_b139e-20261001-201501_noe_kill,early,,95.5,7,Scourge,0,0,1,396/381/47,10,10,0,0,1,0
wingman_b139e-20261001-201501_noe_kill,early,,95.5,8,Specter,0,0,1,87/435/404,10,10,0,0,0,0
wingman_b139e-20261001-201501_noe_kill,early,,95.5,9,Scourge,0,0,1,389/436/83,10,10,0,0,0,0
wingman_b139e-20261001-201501_noe_kill,early,,146.9,0,Scourge,0,0,1,909/139/660,10,10,0,0,1,0
wingman_b139e-20261001-201501_noe_kill,early,,146.9,1,Scourge,0,0,1,856/536/145,10,10,0,0,1,0
wingman_b139e-20261001-201501_noe_kill,early,,146.9,2,Troubadour,0,0,1,567/529/156,10,10,0,0,1,0
wingman_b139e-20261001-201501_noe_kill,early,,146.9,3,Specter,0,0,1,856/82/470,10,10,0,0,1,0
wingman_b139e-20261001-201501_noe_kill,early,,146.9,4,Scourge,0,0,1,93/971/805,10,10,0,0,1,0
wingman_b139e-20261001-201501_noe_kill,early,,146.9,5,Troubadour,1,0,1,910/0/551,10,10,0,0,0,0
wingman_b139e-20261001-201501_noe_kill,early,,146.9,6,Scourge,0,0,1,59/951/772,10,10,0,0,0,0
wingman_b139e-20261001-201501_noe_kill,early,,146.9,7,Scourge,1,0,1,0/910/714,10,10,0,0,0,0
wingman_b139e-20261001-201501_noe_kill,early,,146.9,8,Specter,1,0,1,714/551/0,10,10,0,0,0,0
wingman_b139e-20261001-201501_noe_kill,early,,146.9,9,Scourge,0,0,1,32/927/744,10,10,0,0,0,0
wingman_b139e-20261001-201501_noe_kill,early,,201.9,0,Scourge,0,0,1,650/45/370,10,10,0,0,1,0
wingman_b139e-20261001-201501_noe_kill,early,,201.9,1,Scourge,1,0,1,413/333/0,10,10,0,0,1,0
wingman_b139e-20261001-201501_noe_kill,early,,201.9,2,Troubadour,0,0,1,311/367/108,10,10,0,0,1,0
wingman_b139e-20261001-201501_noe_kill,early,,201.9,3,Specter,0,0,1,688/70/403,10,10,0,0,1,0
wingman_b139e-20261001-201501_noe_kill,early,,201.9,4,Scourge,0,0,1,122/548/387,10,10,0,0,1,0
wingman_b139e-20261001-201501_noe_kill,early,,201.9,5,Troubadour,0,0,1,154/539/400,10,10,0,0,1,0
wingman_b139e-20261001-201501_noe_kill,early,,201.9,6,Scourge,0,0,1,331/370/83,10,10,0,0,1,0
wingman_b139e-20261001-201501_noe_kill,early,,201.9,7,Scourge,1,0,1,0/634/413,10,10,0,0,1,0
wingman_b139e-20261001-201501_noe_kill,early,,201.9,8,Specter,1,0,1,634/0/333,10,10,0,0,1,0
wingman_b139e-20261001-201501_noe_kill,early,,201.9,9,Scourge,0,0,1,129/624/469,10,10,0,0,1,0
wingman_b139e-20261001-201501_noe_kill,early,,262.9,0,Scourge,0,0,3,147/51/78,10,10,0,0,0,0
wingman_b139e-20261001-201501_noe_kill,early,,262.9,1,Scourge,0,0,3,119/30/122,10,10,0,0,0,0
wingman_b139e-20261001-201501_noe_kill,early,,262.9,2,Troubadour,1,0,3,224/94/0,10,10,0,0,1,0
wingman_b139e-20261001-201501_noe_kill,early,,262.9,3,Specter,0,0,3,204/106/53,9,9,0,0,0,0
wingman_b139e-20261001-201501_noe_kill,early,,262.9,4,Scourge,0,0,3,161/53/64,10,10,0,0,0,0
wingman_b139e-20261001-201501_noe_kill,early,,262.9,5,Troubadour,0,0,3,217/108/161,10,10,0,0,1,0
wingman_b139e-20261001-201501_noe_kill,early,,262.9,6,Scourge,0,0,3,84/64/141,10,10,0,0,1,0
wingman_b139e-20261001-201501_noe_kill,early,,262.9,7,Scourge,1,0,3,146/0/94,10,10,0,0,1,0
wingman_b139e-20261001-201501_noe_kill,early,,262.9,8,Specter,0,0,2,245/108/122,10,10,0,0,1,0
wingman_b139e-20261001-201501_noe_kill,early,,262.9,9,Scourge,1,0,3,0/146/224,10,10,0,0,1,0
wingman_b139e-20261001-201501_noe_kill,early,,305.9,0,Scourge,1,0,1,482/0/500,10,10,0,0,0,0
wingman_b139e-20261001-201501_noe_kill,early,,305.9,1,Scourge,1,0,1,483/500/0,10,10,0,0,0,0
wingman_b139e-20261001-201501_noe_kill,early,,305.9,2,Troubadour,0,0,1,64/482/538,10,10,0,0,0,0
wingman_b139e-20261001-201501_noe_kill,early,,305.9,3,Specter,0,0,1,568/633/134,10,10,0,0,0,0
wingman_b139e-20261001-201501_noe_kill,early,,305.9,4,Scourge,0,0,1,485/60/551,10,10,0,0,0,0
wingman_b139e-20261001-201501_noe_kill,early,,305.9,5,Troubadour,0,0,1,98/456/552,10,10,0,0,1,0
wingman_b139e-20261001-201501_noe_kill,early,,305.9,6,Scourge,0,0,1,495/400/121,10,10,0,0,0,0
wingman_b139e-20261001-201501_noe_kill,early,,305.9,7,Scourge,0,0,1,463/25/505,10,10,0,0,0,0
wingman_b139e-20261001-201501_noe_kill,early,,305.9,8,Specter,0,0,1,83/510/564,10,10,0,0,0,0
wingman_b139e-20261001-201501_noe_kill,early,,305.9,9,Scourge,1,0,1,0/482/483,10,10,0,0,0,0
wingman_b139e-20261001-201501_noe_kill,early,,360.7,0,Scourge,0,0,1,524/372/97,10,10,0,0,0,0
wingman_b139e-20261001-201501_noe_kill,early,,360.7,1,Scourge,1,0,1,470/409/0,10,10,0,0,0,0
wingman_b139e-20261001-201501_noe_kill,early,,360.7,2,Troubadour,1,0,1,0/429/470,10,10,0,0,1,0
wingman_b139e-20261001-201501_noe_kill,early,,360.7,3,Specter,0,0,1,470/54/393,10,10,0,0,0,0
wingman_b139e-20261001-201501_noe_kill,early,,360.7,4,Scourge,0,0,1,483/54/426,10,10,0,0,0,0
wingman_b139e-20261001-201501_noe_kill,early,,360.7,5,Troubadour,0,0,1,346/86/404,10,10,0,0,1,0
wingman_b139e-20261001-201501_noe_kill,early,,360.7,6,Scourge,0,0,1,114/440/381,10,10,0,0,1,0
wingman_b139e-20261001-201501_noe_kill,early,,360.7,7,Scourge,0,0,1,485/391/34,10,10,0,0,0,0
wingman_b139e-20261001-201501_noe_kill,early,,360.7,8,Specter,0,0,1,76/476/451,10,10,0,0,1,0
wingman_b139e-20261001-201501_noe_kill,early,,360.7,9,Scourge,1,0,1,429/0/409,10,10,0,0,0,0
wingman_b139e-20261001-201501_noe_kill,early,,412.0,0,Scourge,1,0,1,0/487/413,10,10,0,0,1,0
wingman_b139e-20261001-201501_noe_kill,early,,412.0,1,Scourge,0,0,1,479/26/426,10,10,0,0,1,0
wingman_b139e-20261001-201501_noe_kill,early,,412.0,2,Troubadour,1,0,1,487/0/411,10,10,0,0,1,0
wingman_b139e-20261001-201501_noe_kill,early,,412.0,3,Specter,0,0,1,90/497/489,10,10,0,0,1,0
wingman_b139e-20261001-201501_noe_kill,early,,412.0,4,Scourge,0,0,1,483/442/71,10,10,0,0,1,0
wingman_b139e-20261001-201501_noe_kill,early,,412.0,5,Troubadour,0,0,1,37/460/376,10,10,0,0,1,0
wingman_b139e-20261001-201501_noe_kill,early,,412.0,6,Scourge,0,0,1,469/31/380,10,10,0,0,0,0
wingman_b139e-20261001-201501_noe_kill,early,,412.0,7,Scourge,0,0,1,29/468/418,10,10,0,0,0,0
wingman_b139e-20261001-201501_noe_kill,early,,412.0,8,Specter,0,0,1,474/390/75,10,10,0,0,0,0
wingman_b139e-20261001-201501_noe_kill,early,,412.0,9,Scourge,1,0,1,413/411/0,10,10,0,0,0,0
wingman_b139e-20261001-201501_noe_kill,last,3,485.3,0,Scourge,0,0,1,102/512/485,10,10,0,0,1,0
wingman_b139e-20261001-201501_noe_kill,last,3,485.3,1,Scourge,0,0,1,508/510/79,10,10,0,0,0,0
wingman_b139e-20261001-201501_noe_kill,last,3,485.3,2,Troubadour,1,0,1,0/410/450,9,9,0,0,1,0
wingman_b139e-20261001-201501_noe_kill,last,3,485.3,3,Specter,0,0,1,487/600/95,10,10,0,0,0,0
wingman_b139e-20261001-201501_noe_kill,last,3,485.3,4,Scourge,0,0,1,451/518/8,10,10,0,0,0,0
wingman_b139e-20261001-201501_noe_kill,last,3,485.3,5,Troubadour,1,0,1,410/0/512,10,10,0,0,1,0
wingman_b139e-20261001-201501_noe_kill,last,3,485.3,6,Scourge,0,0,1,430/38/550,10,10,0,0,0,0
wingman_b139e-20261001-201501_noe_kill,last,3,485.3,7,Scourge,1,0,1,450/512/0,9,9,0,0,0,0
wingman_b139e-20261001-201501_noe_kill,last,3,485.3,8,Specter,0,0,1,60/390/497,9,9,0,0,1,0
wingman_b139e-20261001-201501_noe_kill,last,3,485.3,9,Scourge,0,0,1,442/60/486,10,10,0,0,0,0
wingman_b139e-20261001-201501_noe_kill,last,33,515.4,0,Scourge,0,0,1,79/724/463,10,10,0,0,0,0
wingman_b139e-20261001-201501_noe_kill,last,33,515.4,1,Scourge,0,0,1,545/115/913,10,10,0,0,0,0
wingman_b139e-20261001-201501_noe_kill,last,33,515.4,2,Troubadour,0,0,1,96/550/534,9,9,0,0,1,0
wingman_b139e-20261001-201501_noe_kill,last,33,515.4,3,Specter,1,0,1,645/0/976,10,10,0,0,0,0
wingman_b139e-20261001-201501_noe_kill,last,33,515.4,4,Scourge,1,0,1,0/645/499,10,10,0,0,0,0
wingman_b139e-20261001-201501_noe_kill,last,33,515.4,5,Troubadour,0,0,1,470/877/120,10,10,0,0,0,0
wingman_b139e-20261001-201501_noe_kill,last,33,515.4,6,Scourge,0,0,1,471/922/59,10,10,0,0,0,0
wingman_b139e-20261001-201501_noe_kill,last,33,515.4,7,Scourge,1,0,1,499/976/0,9,9,0,0,0,0
wingman_b139e-20261001-201501_noe_kill,last,33,515.4,8,Specter,0,0,1,584/81/947,9,9,0,0,0,0
wingman_b139e-20261001-201501_noe_kill,last,33,515.4,9,Scourge,0,0,1,521/960/59,10,10,0,0,0,0
wingman_b139e-20261001-201501_noe_kill,last,63,545.3,0,Scourge,0,0,0,244/601/769,10,10,0,0,0,0
wingman_b139e-20261001-201501_noe_kill,last,63,545.3,1,Scourge,0,0,1,1065/1327/71,10,10,0,0,0,0
wingman_b139e-20261001-201501_noe_kill,last,63,545.3,2,Troubadour,0,0,1,814/1091/199,9,9,0,0,1,0
wingman_b139e-20261001-201501_noe_kill,last,63,545.3,3,Specter,1,0,1,1006/1287/0,10,10,0,0,0,0
wingman_b139e-20261001-201501_noe_kill,last,63,545.3,4,Scourge,0,0,1,996/1286/25,10,10,0,0,0,0
wingman_b139e-20261001-201501_noe_kill,last,63,545.3,5,Troubadour,0,0,1,555/57/1300,10,10,0,0,1,0
wingman_b139e-20261001-201501_noe_kill,last,63,545.3,6,Scourge,0,0,1,112/534/1104,10,10,0,0,0,0
wingman_b139e-20261001-201501_noe_kill,last,63,545.3,7,Scourge,0,0,1,474/72/1217,9,9,0,0,0,0
wingman_b139e-20261001-201501_noe_kill,last,63,545.3,8,Specter,1,1,1,0/506/1006,9,9,0,0,0,0
wingman_b139e-20261001-201501_noe_kill,last,63,545.3,9,Scourge,1,0,1,506/0/1287,10,10,0,0,0,0
wingman_bf5ea-20261004-210412_noe_kill,early,,2.9,0,Scourge,0,0,0,337,10,10,0,0,1,0
wingman_bf5ea-20261004-210412_noe_kill,early,,2.9,1,Troubadour,0,0,1,183,10,10,0,0,1,0
wingman_bf5ea-20261004-210412_noe_kill,early,,2.9,2,Specter,1,0,1,0,10,10,0,0,1,0
wingman_bf5ea-20261004-210412_noe_kill,early,,2.9,3,Scourge,0,0,0,278,10,10,0,0,1,0
wingman_bf5ea-20261004-210412_noe_kill,early,,2.9,4,Scourge,0,0,0,625,10,10,0,0,0,0
wingman_bf5ea-20261004-210412_noe_kill,early,,2.9,5,Evoker,0,0,1,160,10,10,0,0,0,0
wingman_bf5ea-20261004-210412_noe_kill,early,,2.9,6,Scourge,0,0,0,274,10,10,0,0,0,0
wingman_bf5ea-20261004-210412_noe_kill,early,,2.9,7,Scourge,0,0,1,195,10,10,0,0,0,0
wingman_bf5ea-20261004-210412_noe_kill,early,,2.9,8,Troubadour,0,0,1,158,10,10,0,0,1,0
wingman_bf5ea-20261004-210412_noe_kill,early,,2.9,9,Scourge,0,0,0,363,10,10,0,0,0,0
wingman_bf5ea-20261004-210412_noe_kill,early,,50.1,0,Scourge,0,0,1,372/96/572,10,10,0,0,1,0
wingman_bf5ea-20261004-210412_noe_kill,early,,50.1,1,Troubadour,1,0,1,468/0/636,10,10,0,0,1,0
wingman_bf5ea-20261004-210412_noe_kill,early,,50.1,2,Specter,1,0,1,0/468/421,10,10,0,0,1,0
wingman_bf5ea-20261004-210412_noe_kill,early,,50.1,3,Scourge,0,0,1,455/663/34,10,10,0,0,0,0
wingman_bf5ea-20261004-210412_noe_kill,early,,50.1,4,Scourge,0,0,1,418/148/499,10,10,0,0,1,0
wingman_bf5ea-20261004-210412_noe_kill,early,,50.1,5,Evoker,0,0,1,62/429/378,10,10,0,0,0,0
wingman_bf5ea-20261004-210412_noe_kill,early,,50.1,6,Scourge,0,0,1,153/360/352,10,10,0,0,0,0
wingman_bf5ea-20261004-210412_noe_kill,early,,50.1,7,Scourge,0,0,1,81/393/401,10,10,0,0,1,0
wingman_bf5ea-20261004-210412_noe_kill,early,,50.1,8,Troubadour,1,0,1,421/636/0,10,10,0,0,0,0
wingman_bf5ea-20261004-210412_noe_kill,early,,50.1,9,Scourge,0,0,1,431/642/10,10,10,0,0,0,0
wingman_bf5ea-20261004-210412_noe_kill,early,,94.8,0,Scourge,0,0,1,339/569/27,10,10,0,0,1,0
wingman_bf5ea-20261004-210412_noe_kill,early,,94.8,1,Troubadour,1,0,1,355/596/0,10,10,0,0,1,0
wingman_bf5ea-20261004-210412_noe_kill,early,,94.8,2,Specter,1,0,1,0/436/355,10,10,0,0,1,0
wingman_bf5ea-20261004-210412_noe_kill,early,,94.8,3,Scourge,0,0,1,457/81/657,10,10,0,0,0,0
wingman_bf5ea-20261004-210412_noe_kill,early,,94.8,4,Scourge,0,0,1,358/643/64,10,10,0,0,0,0
wingman_bf5ea-20261004-210412_noe_kill,early,,94.8,5,Evoker,0,0,1,124/336/326,10,10,0,0,1,0
wingman_bf5ea-20261004-210412_noe_kill,early,,94.8,6,Scourge,0,0,1,49/387/370,10,10,0,0,1,0
wingman_bf5ea-20261004-210412_noe_kill,early,,94.8,7,Scourge,0,0,1,14/425/347,10,10,0,0,1,0
wingman_bf5ea-20261004-210412_noe_kill,early,,94.8,8,Troubadour,1,0,1,436/0/596,10,10,0,0,1,0
wingman_bf5ea-20261004-210412_noe_kill,early,,94.8,9,Scourge,0,0,1,449/55/638,10,10,0,0,0,0
wingman_bf5ea-20261004-210412_noe_kill,early,,140.3,0,Scourge,0,0,1,1214/1111/228,10,10,0,0,0,0
wingman_bf5ea-20261004-210412_noe_kill,early,,140.3,1,Troubadour,1,0,1,988/932/0,10,10,0,0,0,0
wingman_bf5ea-20261004-210412_noe_kill,early,,140.3,2,Specter,0,0,1,944/955/116,10,10,0,0,0,0
wingman_bf5ea-20261004-210412_noe_kill,early,,140.3,3,Scourge,0,0,1,565/78/855,10,10,0,0,0,0
wingman_bf5ea-20261004-210412_noe_kill,early,,140.3,4,Scourge,1,0,1,0/561/988,10,10,0,0,0,0
wingman_bf5ea-20261004-210412_noe_kill,early,,140.3,5,Evoker,0,0,1,123/468/885,10,10,0,0,1,0
wingman_bf5ea-20261004-210412_noe_kill,early,,140.3,6,Scourge,0,0,1,173/665/895,10,10,0,0,1,0
wingman_bf5ea-20261004-210412_noe_kill,early,,140.3,7,Scourge,0,0,1,148/493/844,10,10,0,0,1,0
wingman_bf5ea-20261004-210412_noe_kill,early,,140.3,8,Troubadour,1,0,1,561/0/932,10,10,0,0,1,0
wingman_bf5ea-20261004-210412_noe_kill,early,,140.3,9,Scourge,0,0,1,454/110/896,10,10,0,0,1,0
wingman_bf5ea-20261004-210412_noe_kill,early,,195.4,0,Scourge,0,0,1,858/592/62,10,10,0,0,0,0
wingman_bf5ea-20261004-210412_noe_kill,early,,195.4,1,Troubadour,1,0,1,825/601/0,10,10,0,0,1,0
wingman_bf5ea-20261004-210412_noe_kill,early,,195.4,2,Specter,0,0,1,49/569/808,10,10,0,0,1,0
wingman_bf5ea-20261004-210412_noe_kill,early,,195.4,3,Scourge,0,0,1,403/149/652,10,10,0,0,1,0
wingman_bf5ea-20261004-210412_noe_kill,early,,195.4,4,Scourge,0,0,1,877/746/171,10,10,0,0,0,0
wingman_bf5ea-20261004-210412_noe_kill,early,,195.4,5,Evoker,0,0,1,55/504/771,10,10,0,0,1,0
wingman_bf5ea-20261004-210412_noe_kill,early,,195.4,6,Scourge,1,0,1,0/547/825,10,10,0,0,1,0
wingman_bf5ea-20261004-210412_noe_kill,early,,195.4,7,Scourge,0,0,1,30/573/832,10,10,0,0,1,0
wingman_bf5ea-20261004-210412_noe_kill,early,,195.4,8,Troubadour,1,0,1,547/0/601,10,10,0,0,1,0
wingman_bf5ea-20261004-210412_noe_kill,early,,195.4,9,Scourge,0,0,0,792/247/682,10,10,0,0,0,0
wingman_bf5ea-20261004-210412_noe_kill,early,,239.8,0,Scourge,0,0,0,542/911/287,10,10,0,0,0,0
wingman_bf5ea-20261004-210412_noe_kill,early,,239.8,1,Troubadour,1,0,1,463/628/0,10,10,0,0,0,0
wingman_bf5ea-20261004-210412_noe_kill,early,,239.8,2,Specter,0,0,0,557/355/276,10,10,0,0,1,0
wingman_bf5ea-20261004-210412_noe_kill,early,,239.8,3,Scourge,0,0,0,685/309/341,10,10,0,0,0,0
wingman_bf5ea-20261004-210412_noe_kill,early,,239.8,4,Scourge,0,0,0,268/884/317,10,10,0,0,0,0
wingman_bf5ea-20261004-210412_noe_kill,early,,239.8,5,Evoker,0,0,1,669/597/207,10,10,0,0,0,0
wingman_bf5ea-20261004-210412_noe_kill,early,,239.8,6,Scourge,1,0,1,0/852/463,10,10,0,0,0,0
wingman_bf5ea-20261004-210412_noe_kill,early,,239.8,7,Scourge,0,0,0,392/487/447,10,10,0,0,1,0
wingman_bf5ea-20261004-210412_noe_kill,early,,239.8,8,Troubadour,1,0,1,852/0/628,10,10,0,0,0,0
wingman_bf5ea-20261004-210412_noe_kill,early,,239.8,9,Scourge,0,0,1,609/506/174,10,10,0,0,0,0
wingman_bf5ea-20261004-210412_noe_kill,early,,288.2,0,Scourge,0,0,1,406/631/43,10,10,0,0,0,0
wingman_bf5ea-20261004-210412_noe_kill,early,,288.2,1,Troubadour,1,0,1,433/618/0,10,10,0,0,1,0
wingman_bf5ea-20261004-210412_noe_kill,early,,288.2,2,Specter,0,0,1,34/549/463,10,10,0,0,0,0
wingman_bf5ea-20261004-210412_noe_kill,early,,288.2,3,Scourge,0,0,1,550/113/708,10,10,0,0,0,0
wingman_bf5ea-20261004-210412_noe_kill,early,,288.2,4,Scourge,0,0,1,455/649/32,10,10,0,0,0,0
wingman_bf5ea-20261004-210412_noe_kill,early,,288.2,5,Evoker,0,0,1,73/503/497,10,10,0,0,0,0
wingman_bf5ea-20261004-210412_noe_kill,early,,288.2,6,Scourge,1,0,1,0/526/433,10,10,0,0,0,0
wingman_bf5ea-20261004-210412_noe_kill,early,,288.2,7,Scourge,0,0,1,54/479/453,10,10,0,0,0,0
wingman_bf5ea-20261004-210412_noe_kill,early,,288.2,8,Troubadour,1,0,1,526/0/618,10,10,0,0,1,0
wingman_bf5ea-20261004-210412_noe_kill,early,,288.2,9,Scourge,0,0,1,556/37/655,10,10,0,0,0,0
wingman_bf5ea-20261004-210412_noe_kill,early,,343.4,0,Scourge,0,0,1,53/477/577,10,10,0,0,0,0
wingman_bf5ea-20261004-210412_noe_kill,early,,343.4,1,Troubadour,1,0,1,0/504/556,10,10,0,0,0,0
wingman_bf5ea-20261004-210412_noe_kill,early,,343.4,2,Specter,0,0,1,421/95/422,10,10,0,0,0,0
wingman_bf5ea-20261004-210412_noe_kill,early,,343.4,3,Scourge,0,0,1,604/447/93,10,10,0,0,0,0
wingman_bf5ea-20261004-210412_noe_kill,early,,343.4,4,Scourge,0,0,1,106/417/559,10,10,0,0,0,0
wingman_bf5ea-20261004-210412_noe_kill,early,,343.4,5,Evoker,1,0,1,504/0/487,10,10,0,0,0,0
wingman_bf5ea-20261004-210412_noe_kill,early,,343.4,6,Scourge,0,0,1,494/581/165,10,10,0,0,0,0
wingman_bf5ea-20261004-210412_noe_kill,early,,343.4,7,Scourge,0,0,1,462/46/491,10,10,0,0,0,0
wingman_bf5ea-20261004-210412_noe_kill,early,,343.4,8,Troubadour,1,0,1,556/487/0,10,10,0,0,1,0
wingman_bf5ea-20261004-210412_noe_kill,early,,343.4,9,Scourge,0,0,1,520/574/133,10,10,0,0,0,0
wingman_bf5ea-20261004-210412_noe_kill,early,,394.9,0,Scourge,0,0,1,346/535/188,10,10,0,0,0,0
wingman_bf5ea-20261004-210412_noe_kill,early,,394.9,1,Troubadour,1,0,2,159/367/0,10,10,0,0,1,0
wingman_bf5ea-20261004-210412_noe_kill,early,,394.9,2,Specter,1,0,1,272/0/367,10,10,0,0,1,0
wingman_bf5ea-20261004-210412_noe_kill,early,,394.9,3,Scourge,0,0,1,110/254/269,10,10,0,0,1,0
wingman_bf5ea-20261004-210412_noe_kill,early,,394.9,4,Scourge,0,0,2,203/449/96,10,10,0,0,0,0
wingman_bf5ea-20261004-210412_noe_kill,early,,394.9,5,Evoker,0,0,1,261/33/369,10,10,0,0,1,0
wingman_bf5ea-20261004-210412_noe_kill,early,,394.9,6,Scourge,0,0,2,128/365/47,10,10,0,0,0,0
wingman_bf5ea-20261004-210412_noe_kill,early,,394.9,7,Scourge,0,0,2,83/354/165,10,10,0,0,0,0
wingman_bf5ea-20261004-210412_noe_kill,early,,394.9,8,Troubadour,0,0,2,69/340/158,10,10,0,0,1,0
wingman_bf5ea-20261004-210412_noe_kill,early,,394.9,9,Scourge,1,0,2,0/272/159,10,10,0,0,0,0
wingman_bf5ea-20261004-210412_noe_kill,last,3,434.7,0,Scourge,1,0,1,0/446/470,10,10,0,0,0,0
wingman_bf5ea-20261004-210412_noe_kill,last,3,434.7,1,Troubadour,1,0,1,446/0/644,10,10,0,0,1,0
wingman_bf5ea-20261004-210412_noe_kill,last,3,434.7,2,Specter,0,0,1,47/410/442,10,10,0,0,0,0
wingman_bf5ea-20261004-210412_noe_kill,last,3,434.7,3,Scourge,0,0,1,499/699/58,10,10,0,0,0,0
wingman_bf5ea-20261004-210412_noe_kill,last,3,434.7,4,Scourge,0,0,1,466/33/638,10,10,0,0,0,0
wingman_bf5ea-20261004-210412_noe_kill,last,3,434.7,5,Evoker,0,0,1,60/457/410,10,10,0,0,0,0
wingman_bf5ea-20261004-210412_noe_kill,last,3,434.7,6,Scourge,0,0,1,393/57/625,10,10,0,0,0,0
wingman_bf5ea-20261004-210412_noe_kill,last,3,434.7,7,Scourge,0,0,1,49/399/459,10,10,0,0,0,0
wingman_bf5ea-20261004-210412_noe_kill,last,3,434.7,8,Troubadour,1,0,1,470/644/0,10,10,0,0,1,0
wingman_bf5ea-20261004-210412_noe_kill,last,3,434.7,9,Scourge,0,0,1,482/604/69,10,10,0,0,0,0
wingman_bf5ea-20261004-210412_noe_kill,last,33,464.7,0,Scourge,1,0,1,0/389/525,10,10,0,0,1,0
wingman_bf5ea-20261004-210412_noe_kill,last,33,464.7,1,Troubadour,1,0,1,525/815/0,10,10,0,0,1,0
wingman_bf5ea-20261004-210412_noe_kill,last,33,464.7,2,Specter,0,0,1,70/435/550,10,10,0,0,1,0
wingman_bf5ea-20261004-210412_noe_kill,last,33,464.7,3,Scourge,0,0,1,405/24/838,10,10,0,0,1,0
wingman_bf5ea-20261004-210412_noe_kill,last,33,464.7,4,Scourge,0,0,1,519/836/73,10,10,0,0,1,0
wingman_bf5ea-20261004-210412_noe_kill,last,33,464.7,5,Evoker,0,0,1,39/402/549,10,10,0,0,1,0
wingman_bf5ea-20261004-210412_noe_kill,last,33,464.7,6,Scourge,0,0,1,413/750/153,10,10,0,0,1,0
wingman_bf5ea-20261004-210412_noe_kill,last,33,464.7,7,Scourge,0,0,1,81/446/549,10,10,0,0,1,0
wingman_bf5ea-20261004-210412_noe_kill,last,33,464.7,8,Troubadour,1,0,1,389/0/815,10,10,0,0,1,0
wingman_bf5ea-20261004-210412_noe_kill,last,33,464.7,9,Scourge,0,0,1,330/113/710,10,10,0,0,0,0
wingman_c4e3e-20261003-225545_noe_kill,early,,2.5,0,Scourge,0,0,1,51,10,10,0,0,1,0
wingman_c4e3e-20261003-225545_noe_kill,early,,2.5,1,Troubadour,1,0,1,0,10,10,0,0,1,0
wingman_c4e3e-20261003-225545_noe_kill,early,,2.5,2,Weaver,0,0,1,52,10,10,0,0,1,0
wingman_c4e3e-20261003-225545_noe_kill,early,,2.5,3,Evoker,0,0,1,146,10,10,0,0,1,0
wingman_c4e3e-20261003-225545_noe_kill,early,,2.5,4,Scourge,0,0,0,351,10,10,0,0,1,0
wingman_c4e3e-20261003-225545_noe_kill,early,,2.5,5,Evoker,0,0,1,237,10,10,0,0,0,0
wingman_c4e3e-20261003-225545_noe_kill,early,,2.5,6,Scourge,0,0,1,204,10,10,0,0,0,0
wingman_c4e3e-20261003-225545_noe_kill,early,,2.5,7,Weaver,0,0,1,202,10,10,0,0,0,0
wingman_c4e3e-20261003-225545_noe_kill,early,,2.5,8,Troubadour,0,0,1,122,10,10,0,0,1,0
wingman_c4e3e-20261003-225545_noe_kill,early,,2.5,9,Evoker,0,0,1,14,10,10,0,0,0,0
wingman_c4e3e-20261003-225545_noe_kill,early,,49.5,0,Scourge,0,0,1,446/375/82,10,10,0,0,1,0
wingman_c4e3e-20261003-225545_noe_kill,early,,49.5,1,Troubadour,1,0,1,0/339/369,10,10,0,0,1,0
wingman_c4e3e-20261003-225545_noe_kill,early,,49.5,2,Weaver,0,0,1,421/82/346,10,10,0,0,1,0
wingman_c4e3e-20261003-225545_noe_kill,early,,49.5,3,Evoker,0,0,1,396/341/36,10,10,0,0,1,0
wingman_c4e3e-20261003-225545_noe_kill,early,,49.5,4,Scourge,0,0,1,413/438/139,10,10,0,0,1,0
wingman_c4e3e-20261003-225545_noe_kill,early,,49.5,5,Evoker,1,0,1,369/306/0,10,10,0,0,1,0
wingman_c4e3e-20261003-225545_noe_kill,early,,49.5,6,Scourge,0,0,1,440/143/445,10,10,0,0,0,0
wingman_c4e3e-20261003-225545_noe_kill,early,,49.5,7,Weaver,0,0,1,34/327/336,10,10,0,0,0,0
wingman_c4e3e-20261003-225545_noe_kill,early,,49.5,8,Troubadour,0,0,1,26/313/350,10,10,0,0,1,0
wingman_c4e3e-20261003-225545_noe_kill,early,,49.5,9,Evoker,1,0,1,339/0/306,10,10,0,0,0,0
wingman_c4e3e-20261003-225545_noe_kill,early,,94.2,0,Scourge,0,0,1,369/45/402,10,10,0,0,1,0
wingman_c4e3e-20261003-225545_noe_kill,early,,94.2,1,Troubadour,0,0,1,67/343/325,10,10,0,0,1,0
wingman_c4e3e-20261003-225545_noe_kill,early,,94.2,2,Weaver,1,0,1,362/406/0,10,10,0,0,1,0
wingman_c4e3e-20261003-225545_noe_kill,early,,94.2,3,Evoker,1,0,1,408/0/406,10,10,0,0,1,0
wingman_c4e3e-20261003-225545_noe_kill,early,,94.2,4,Scourge,0,0,1,392/38/424,10,10,0,0,1,0
wingman_c4e3e-20261003-225545_noe_kill,early,,94.2,5,Evoker,0,0,1,355/452/57,10,10,0,0,1,0
wingman_c4e3e-20261003-225545_noe_kill,early,,94.2,6,Scourge,0,0,1,415/453/58,10,10,0,0,1,0
wingman_c4e3e-20261003-225545_noe_kill,early,,94.2,7,Weaver,0,0,1,45/400/398,10,10,0,0,1,0
wingman_c4e3e-20261003-225545_noe_kill,early,,94.2,8,Troubadour,1,0,1,0/408/362,10,10,0,0,1,0
wingman_c4e3e-20261003-225545_noe_kill,early,,94.2,9,Evoker,0,0,1,325/437/65,10,10,0,0,1,0
wingman_c4e3e-20261003-225545_noe_kill,early,,144.2,0,Scourge,1,0,1,0/591/393,10,10,0,0,0,0
wingman_c4e3e-20261003-225545_noe_kill,early,,144.2,1,Troubadour,0,0,1,87/665/367,10,10,0,0,1,0
wingman_c4e3e-20261003-225545_noe_kill,early,,144.2,2,Weaver,1,0,1,591/0/651,10,10,0,0,0,0
wingman_c4e3e-20261003-225545_noe_kill,early,,144.2,3,Evoker,1,0,1,393/651/0,10,10,0,0,1,0
wingman_c4e3e-20261003-225545_noe_kill,early,,144.2,4,Scourge,0,0,1,343/675/74,10,10,0,0,1,0
wingman_c4e3e-20261003-225545_noe_kill,early,,144.2,5,Evoker,0,0,1,527/67/613,10,10,0,0,0,0
wingman_c4e3e-20261003-225545_noe_kill,early,,144.2,6,Scourge,0,0,1,527/66/612,10,10,0,0,0,0
wingman_c4e3e-20261003-225545_noe_kill,early,,144.2,7,Weaver,0,0,1,475/762/114,10,10,0,0,1,0
wingman_c4e3e-20261003-225545_noe_kill,early,,144.2,8,Troubadour,0,0,1,104/682/468,10,10,0,0,1,0
wingman_c4e3e-20261003-225545_noe_kill,early,,144.2,9,Evoker,0,0,1,366/609/44,10,10,0,0,1,0
wingman_c4e3e-20261003-225545_noe_kill,early,,190.1,0,Scourge,1,0,1,0/424/405,10,10,0,0,1,0
wingman_c4e3e-20261003-225545_noe_kill,early,,190.1,1,Troubadour,0,0,1,33/429/373,10,10,0,0,1,0
wingman_c4e3e-20261003-225545_noe_kill,early,,190.1,2,Weaver,0,0,1,314/567/117,10,10,0,0,1,0
wingman_c4e3e-20261003-225545_noe_kill,early,,190.1,3,Evoker,0,0,1,446/22/702,10,10,0,0,0,0
wingman_c4e3e-20261003-225545_noe_kill,early,,190.1,4,Scourge,0,0,1,422/76/638,10,10,0,0,0,0
wingman_c4e3e-20261003-225545_noe_kill,early,,190.1,5,Evoker,1,0,1,424/0/684,10,10,0,0,1,0
wingman_c4e3e-20261003-225545_noe_kill,early,,190.1,6,Scourge,1,0,1,405/684/0,10,10,0,0,1,0
wingman_c4e3e-20261003-225545_noe_kill,early,,190.1,7,Weaver,0,0,1,431/691/36,10,10,0,0,1,0
wingman_c4e3e-20261003-225545_noe_kill,early,,190.1,8,Troubadour,0,0,1,74/445/469,10,10,0,0,1,0
wingman_c4e3e-20261003-225545_noe_kill,early,,190.1,9,Evoker,0,0,1,92/476/315,10,10,0,0,1,0
wingman_c4e3e-20261003-225545_noe_kill,early,,239.0,0,Scourge,1,0,1,0/334/296,10,10,0,0,1,0
wingman_c4e3e-20261003-225545_noe_kill,early,,239.0,1,Troubadour,0,0,1,114/403/406,10,10,0,0,1,0
wingman_c4e3e-20261003-225545_noe_kill,early,,239.0,2,Weaver,1,0,1,296/401/0,10,10,0,0,1,0
wingman_c4e3e-20261003-225545_noe_kill,early,,239.0,3,Evoker,0,0,1,339/49/438,10,10,0,0,1,0
wingman_c4e3e-20261003-225545_noe_kill,early,,239.0,4,Scourge,0,0,1,364/56/455,10,10,0,0,1,0
wingman_c4e3e-20261003-225545_noe_kill,early,,239.0,5,Evoker,0,0,1,309/508/134,10,10,0,0,1,0
wingman_c4e3e-20261003-225545_noe_kill,early,,239.0,6,Scourge,0,0,1,272/482/132,10,10,0,0,1,0
wingman_c4e3e-20261003-225545_noe_kill,early,,239.0,7,Weaver,1,0,1,334/0/401,10,10,0,0,0,0
wingman_c4e3e-20261003-225545_noe_kill,early,,239.0,8,Troubadour,0,0,1,99/394/391,10,10,0,0,1,0
wingman_c4e3e-20261003-225545_noe_kill,early,,239.0,9,Evoker,0,0,1,292/495/130,10,10,0,0,1,0
wingman_c4e3e-20261003-225545_noe_kill,early,,287.6,0,Scourge,0,0,1,640/98/750,10,10,0,0,1,0
wingman_c4e3e-20261003-225545_noe_kill,early,,287.6,1,Troubadour,0,0,1,148/460/300,10,10,0,0,1,0
wingman_c4e3e-20261003-225545_noe_kill,early,,287.6,2,Weaver,1,0,1,388/683/0,10,10,0,0,1,0
wingman_c4e3e-20261003-225545_noe_kill,early,,287.6,3,Evoker,0,0,1,492/88/599,10,10,0,0,1,0
wingman_c4e3e-20261003-225545_noe_kill,early,,287.6,4,Scourge,1,0,1,545/0/683,10,10,0,0,1,0
wingman_c4e3e-20261003-225545_noe_kill,early,,287.6,5,Evoker,0,0,1,252/613/136,10,10,0,0,0,0
wingman_c4e3e-20261003-225545_noe_kill,early,,287.6,6,Scourge,0,0,1,566/807/178,10,10,0,0,0,0
wingman_c4e3e-20261003-225545_noe_kill,early,,287.6,7,Weaver,1,0,1,0/545/388,10,10,0,0,0,0
wingman_c4e3e-20261003-225545_noe_kill,early,,287.6,8,Troubadour,0,0,1,134/467/307,10,10,0,0,0,0
wingman_c4e3e-20261003-225545_noe_kill,early,,287.6,9,Evoker,0,0,1,432/779/100,10,10,0,0,0,0
wingman_c4e3e-20261003-225545_noe_kill,early,,342.7,0,Scourge,0,0,1,488/86/378,10,10,0,0,1,0
wingman_c4e3e-20261003-225545_noe_kill,early,,342.7,1,Troubadour,0,0,1,401/344/65,10,10,0,0,1,0
wingman_c4e3e-20261003-225545_noe_kill,early,,342.7,2,Weaver,1,0,1,0/406/339,10,10,0,0,1,0
wingman_c4e3e-20261003-225545_noe_kill,early,,342.7,3,Evoker,1,0,1,406/0/306,10,10,0,0,1,0
wingman_c4e3e-20261003-225545_noe_kill,early,,342.7,4,Scourge,0,0,1,571/177/381,10,10,0,0,1,0
wingman_c4e3e-20261003-225545_noe_kill,early,,342.7,5,Evoker,0,0,1,98/501/424,10,10,0,0,1,0
wingman_c4e3e-20261003-225545_noe_kill,early,,342.7,6,Scourge,0,0,1,104/508/403,10,10,0,0,0,0
wingman_c4e3e-20261003-225545_noe_kill,early,,342.7,7,Weaver,0,0,1,63/462/361,10,10,0,0,1,0
wingman_c4e3e-20261003-225545_noe_kill,early,,342.7,8,Troubadour,0,0,1,356/333/29,10,10,0,0,1,0
wingman_c4e3e-20261003-225545_noe_kill,early,,342.7,9,Evoker,1,0,1,339/306/0,10,10,0,0,1,0
wingman_c4e3e-20261003-225545_noe_kill,early,,394.0,0,Scourge,0,0,1,499/573/146,10,10,0,0,0,0
wingman_c4e3e-20261003-225545_noe_kill,early,,394.0,1,Troubadour,1,0,1,0/350/408,10,10,0,0,1,0
wingman_c4e3e-20261003-225545_noe_kill,early,,394.0,2,Weaver,1,0,1,350/0/428,10,10,0,0,0,0
wingman_c4e3e-20261003-225545_noe_kill,early,,394.0,3,Evoker,0,0,1,492/473/86,10,10,0,0,0,0
wingman_c4e3e-20261003-225545_noe_kill,early,,394.0,4,Scourge,0,0,1,435/543/139,10,10,0,0,0,0
wingman_c4e3e-20261003-225545_noe_kill,early,,394.0,5,Evoker,0,0,1,362/87/508,10,10,0,0,0,0
wingman_c4e3e-20261003-225545_noe_kill,early,,394.0,6,Scourge,0,0,1,387/49/474,10,10,0,0,0,0
wingman_c4e3e-20261003-225545_noe_kill,early,,394.0,7,Weaver,0,0,1,55/329/353,10,10,0,0,0,0
wingman_c4e3e-20261003-225545_noe_kill,early,,394.0,8,Troubadour,0,0,1,56/389/462,10,10,0,0,1,0
wingman_c4e3e-20261003-225545_noe_kill,early,,394.0,9,Evoker,1,0,1,408/428/0,10,10,0,0,0,0
wingman_c4e3e-20261003-225545_noe_kill,last,3,455.1,0,Scourge,0,0,1,424/96/561,10,10,0,0,0,0
wingman_c4e3e-20261003-225545_noe_kill,last,3,455.1,1,Troubadour,0,0,1,78/412/406,10,10,0,0,1,0
wingman_c4e3e-20261003-225545_noe_kill,last,3,455.1,2,Weaver,1,0,1,453/466/0,10,10,0,0,0,0
wingman_c4e3e-20261003-225545_noe_kill,last,3,455.1,3,Evoker,1,0,1,370/0/466,10,10,0,0,0,0
wingman_c4e3e-20261003-225545_noe_kill,last,3,455.1,4,Scourge,0,0,1,432/87/550,10,10,0,0,0,0
wingman_c4e3e-20261003-225545_noe_kill,last,3,455.1,5,Evoker,1,0,1,0/370/453,10,10,0,0,0,0
wingman_c4e3e-20261003-225545_noe_kill,last,3,455.1,6,Scourge,0,0,1,472/497/31,10,10,0,0,0,0
wingman_c4e3e-20261003-225545_noe_kill,last,3,455.1,7,Weaver,0,0,1,344/27/448,10,10,0,0,0,0
wingman_c4e3e-20261003-225545_noe_kill,last,3,455.1,8,Troubadour,0,0,1,69/343/384,10,10,0,0,1,0
wingman_c4e3e-20261003-225545_noe_kill,last,3,455.1,9,Evoker,0,0,1,346/403/108,10,10,0,0,0,0
wingman_c4e3e-20261003-225545_noe_kill,last,33,485.2,0,Scourge,1,0,1,331/326/0,10,10,0,0,1,0
wingman_c4e3e-20261003-225545_noe_kill,last,33,485.2,1,Troubadour,0,0,1,394/44/316,10,10,0,0,1,0
wingman_c4e3e-20261003-225545_noe_kill,last,33,485.2,2,Weaver,1,0,1,0/364/331,10,10,0,0,0,0
wingman_c4e3e-20261003-225545_noe_kill,last,33,485.2,3,Evoker,0,0,1,443/428/123,10,10,0,0,0,0
wingman_c4e3e-20261003-225545_noe_kill,last,33,485.2,4,Scourge,0,0,1,423/403/99,10,10,0,0,1,0
wingman_c4e3e-20261003-225545_noe_kill,last,33,485.2,5,Evoker,0,0,1,46/317/307,10,10,0,0,0,0
wingman_c4e3e-20261003-225545_noe_kill,last,33,485.2,6,Scourge,0,0,1,203/567/476,10,10,0,0,0,0
wingman_c4e3e-20261003-225545_noe_kill,last,33,485.2,7,Weaver,0,0,1,297/90/243,10,10,0,0,1,0
wingman_c4e3e-20261003-225545_noe_kill,last,33,485.2,8,Troubadour,0,0,1,409/48/339,10,10,0,0,1,0
wingman_c4e3e-20261003-225545_noe_kill,last,33,485.2,9,Evoker,1,0,1,364/0/326,10,10,0,0,0,0
wingman_c654b-20260930-172031_noe_fail,early,,2.7,0,Scourge,0,0,1,131,10,10,0,0,1,0
wingman_c654b-20260930-172031_noe_fail,early,,2.7,1,Troubadour,0,0,1,154,10,10,0,0,1,0
wingman_c654b-20260930-172031_noe_fail,early,,2.7,2,Weaver,0,0,1,104,10,10,0,0,1,0
wingman_c654b-20260930-172031_noe_fail,early,,2.7,3,Evoker,0,0,1,168,10,10,0,0,1,0
wingman_c654b-20260930-172031_noe_fail,early,,2.7,4,Scourge,0,0,1,127,10,10,0,0,1,0
wingman_c654b-20260930-172031_noe_fail,early,,2.7,5,Scourge,0,0,1,223,10,10,0,0,0,0
wingman_c654b-20260930-172031_noe_fail,early,,2.7,6,Troubadour,0,0,1,108,10,10,0,0,1,0
wingman_c654b-20260930-172031_noe_fail,early,,2.7,7,Scourge,0,0,1,170,10,10,0,0,0,0
wingman_c654b-20260930-172031_noe_fail,early,,2.7,8,Scourge,1,0,1,0,10,10,0,0,0,0
wingman_c654b-20260930-172031_noe_fail,early,,2.7,9,Evoker,0,0,1,140,10,10,0,0,0,0
wingman_c654b-20260930-172031_noe_fail,early,,49.9,0,Scourge,0,0,1,419/370/97,10,10,0,0,1,0
wingman_c654b-20260930-172031_noe_fail,early,,49.9,1,Troubadour,0,0,1,22/425/323,10,10,0,0,1,0
wingman_c654b-20260930-172031_noe_fail,early,,49.9,2,Weaver,0,0,1,365/395/35,10,10,0,0,1,0
wingman_c654b-20260930-172031_noe_fail,early,,49.9,3,Evoker,1,0,1,331/374/0,10,10,0,0,1,0
wingman_c654b-20260930-172031_noe_fail,early,,49.9,4,Scourge,0,0,1,381/428/62,10,10,0,0,1,0
wingman_c654b-20260930-172031_noe_fail,early,,49.9,5,Scourge,0,0,1,403/30/391,10,10,0,0,1,0
wingman_c654b-20260930-172031_noe_fail,early,,49.9,6,Troubadour,0,0,1,99/508/409,10,10,0,0,1,0
wingman_c654b-20260930-172031_noe_fail,early,,49.9,7,Scourge,0,0,1,485/142/512,10,10,0,0,1,0
wingman_c654b-20260930-172031_noe_fail,early,,49.9,8,Scourge,1,0,1,0/412/331,10,10,0,0,0,0
wingman_c654b-20260930-172031_noe_fail,early,,49.9,9,Evoker,1,0,1,412/0/374,10,10,0,0,1,0
wingman_c654b-20260930-172031_noe_fail,early,,94.4,0,Scourge,0,0,1,495/511/156,10,10,0,0,1,0
wingman_c654b-20260930-172031_noe_fail,early,,94.4,1,Troubadour,0,0,1,125/307/321,10,10,0,0,1,0
wingman_c654b-20260930-172031_noe_fail,early,,94.4,2,Weaver,0,0,1,489/407/51,10,10,0,0,1,0
wingman_c654b-20260930-172031_noe_fail,early,,94.4,3,Evoker,1,0,1,443/363/0,10,10,0,0,1,0
wingman_c654b-20260930-172031_noe_fail,early,,94.4,4,Scourge,0,0,1,406/440/122,10,10,0,0,1,0
wingman_c654b-20260930-172031_noe_fail,early,,94.4,5,Scourge,0,0,1,453/119/482,10,10,0,0,1,0
wingman_c654b-20260930-172031_noe_fail,early,,94.4,6,Troubadour,0,0,1,110/306/340,10,10,0,0,1,0
wingman_c654b-20260930-172031_noe_fail,early,,94.4,7,Scourge,1,0,1,0/392/443,10,10,0,0,0,0
wingman_c654b-20260930-172031_noe_fail,early,,94.4,8,Scourge,0,0,1,422/105/468,10,10,0,0,1,0
wingman_c654b-20260930-172031_noe_fail,early,,94.4,9,Evoker,1,0,1,392/0/363,10,10,0,0,1,0
wingman_c654b-20260930-172031_noe_fail,early,,151.7,0,Scourge,0,0,1,673/536/40,10,10,0,0,1,0
wingman_c654b-20260930-172031_noe_fail,early,,151.7,1,Troubadour,0,0,1,169/341/487,10,10,0,0,1,0
wingman_c654b-20260930-172031_noe_fail,early,,151.7,2,Weaver,0,0,1,629/528/73,10,10,0,0,1,0
wingman_c654b-20260930-172031_noe_fail,early,,151.7,3,Evoker,1,0,1,653/498/0,10,10,0,0,1,0
wingman_c654b-20260930-172031_noe_fail,early,,151.7,4,Scourge,1,0,1,0/445/653,10,10,0,0,1,0
wingman_c654b-20260930-172031_noe_fail,early,,151.7,5,Scourge,0,0,1,431/45/539,10,10,0,0,1,0
wingman_c654b-20260930-172031_noe_fail,early,,151.7,6,Troubadour,0,0,1,99/390/555,10,10,0,0,1,0
wingman_c654b-20260930-172031_noe_fail,early,,151.7,7,Scourge,0,0,1,380/78/538,10,10,0,0,1,0
wingman_c654b-20260930-172031_noe_fail,early,,151.7,8,Scourge,0,0,1,405/96/580,10,10,0,0,1,0
wingman_c654b-20260930-172031_noe_fail,early,,151.7,9,Evoker,1,0,1,445/0/498,10,10,0,0,1,0
wingman_c654b-20260930-172031_noe_fail,early,,206.8,0,Scourge,0,0,1,407/339/130,10,10,0,0,1,0
wingman_c654b-20260930-172031_noe_fail,early,,206.8,1,Troubadour,0,0,1,73/331/511,10,10,0,0,1,0
wingman_c654b-20260930-172031_noe_fail,early,,206.8,2,Weaver,0,0,1,504/383/35,10,10,0,0,1,0
wingman_c654b-20260930-172031_noe_fail,early,,206.8,3,Evoker,1,0,1,534/390/0,10,10,0,0,1,0
wingman_c654b-20260930-172031_noe_fail,early,,206.8,4,Scourge,1,0,1,0/398/534,10,10,0,0,1,0
wingman_c654b-20260930-172031_noe_fail,early,,206.8,5,Scourge,0,0,1,420/21/392,10,10,0,0,1,0
wingman_c654b-20260930-172031_noe_fail,early,,206.8,6,Troubadour,0,0,1,59/372/554,10,10,0,0,1,0
wingman_c654b-20260930-172031_noe_fail,early,,206.8,7,Scourge,0,0,1,327/95/448,10,10,0,0,1,0
wingman_c654b-20260930-172031_noe_fail,early,,206.8,8,Scourge,0,0,1,397/42/432,10,10,0,0,1,0
wingman_c654b-20260930-172031_noe_fail,early,,206.8,9,Evoker,1,0,1,398/0/390,10,10,0,0,1,0
wingman_c654b-20260930-172031_noe_fail,early,,251.4,0,Scourge,1,0,1,435/0/438,10,10,0,0,0,0
wingman_c654b-20260930-172031_noe_fail,early,,251.4,1,Troubadour,0,0,1,74/436/395,10,10,0,0,1,0
wingman_c654b-20260930-172031_noe_fail,early,,251.4,2,Weaver,0,0,1,409/72/486,10,10,0,0,0,0
wingman_c654b-20260930-172031_noe_fail,early,,251.4,3,Evoker,1,0,1,0/435/459,10,10,0,0,0,0
wingman_c654b-20260930-172031_noe_fail,early,,251.4,4,Scourge,0,0,1,487/156/589,10,10,0,0,0,0
wingman_c654b-20260930-172031_noe_fail,early,,251.4,5,Scourge,0,0,1,470/428/21,10,10,0,0,1,0
wingman_c654b-20260930-172031_noe_fail,early,,251.4,6,Troubadour,0,0,1,41/440/427,10,10,0,0,1,0
wingman_c654b-20260930-172031_noe_fail,early,,251.4,7,Scourge,1,0,1,459/438/0,10,10,0,0,1,0
wingman_c654b-20260930-172031_noe_fail,early,,251.4,8,Scourge,0,0,1,423/366/73,10,10,0,0,1,0
wingman_c654b-20260930-172031_noe_fail,early,,251.4,9,Evoker,0,0,1,434/358/81,10,10,0,0,1,0
wingman_c654b-20260930-172031_noe_fail,early,,305.8,0,Scourge,0,0,1,386/552/43,10,10,0,0,0,0
wingman_c654b-20260930-172031_noe_fail,early,,305.8,1,Troubadour,0,0,1,71/388/430,10,10,0,0,1,0
wingman_c654b-20260930-172031_noe_fail,early,,305.8,2,Weaver,0,0,1,382/528/24,10,10,0,0,0,0
wingman_c654b-20260930-172031_noe_fail,early,,305.8,3,Evoker,1,0,1,359/508/0,10,10,0,0,0,0
wingman_c654b-20260930-172031_noe_fail,early,,305.8,4,Scourge,0,0,1,272/451/88,10,10,0,0,0,0
wingman_c654b-20260930-172031_noe_fail,early,,305.8,5,Scourge,0,0,1,404/50/555,10,10,0,0,0,0
wingman_c654b-20260930-172031_noe_fail,early,,305.8,6,Troubadour,1,0,1,0/383/359,10,10,0,0,1,0
wingman_c654b-20260930-172031_noe_fail,early,,305.8,7,Scourge,0,0,1,457/76/575,10,10,0,0,0,0
wingman_c654b-20260930-172031_noe_fail,early,,305.8,8,Scourge,0,0,1,116/467/456,10,10,0,0,0,0
wingman_c654b-20260930-172031_noe_fail,early,,305.8,9,Evoker,1,0,1,383/0/508,10,10,0,0,0,0
wingman_c654b-20260930-172031_noe_fail,early,,353.1,0,Scourge,0,0,1,568/652/130,10,10,0,0,1,0
wingman_c654b-20260930-172031_noe_fail,early,,353.1,1,Troubadour,0,0,1,68/419/514,9,9,0,0,1,0
wingman_c654b-20260930-172031_noe_fail,early,,353.1,2,Weaver,0,0,1,438/448/81,10,10,0,0,1,0
wingman_c654b-20260930-172031_noe_fail,early,,353.1,3,Evoker,1,0,1,470/523/0,10,10,0,0,1,0
wingman_c654b-20260930-172031_noe_fail,early,,353.1,4,Scourge,0,0,1,547/568/80,10,10,0,0,1,0
wingman_c654b-20260930-172031_noe_fail,early,,353.1,5,Scourge,1,0,1,356/0/523,10,10,0,0,0,0
wingman_c654b-20260930-172031_noe_fail,early,,353.1,6,Troubadour,1,0,1,0/356/470,10,10,0,0,1,0
wingman_c654b-20260930-172031_noe_fail,early,,353.1,7,Scourge,0,0,1,449/122/500,10,10,0,0,0,0
wingman_c654b-20260930-172031_noe_fail,early,,353.1,8,Scourge,0,0,1,110/437/569,10,10,0,0,0,0
wingman_c654b-20260930-172031_noe_fail,early,,353.1,9,Evoker,0,0,1,340/17/511,10,10,0,0,0,0
wingman_c654b-20260930-172031_noe_fail,early,,400.9,0,Scourge,0,0,1,505/651/168,10,10,0,0,1,0
wingman_c654b-20260930-172031_noe_fail,early,,400.9,1,Troubadour,0,0,1,44/437/405,9,9,0,0,1,0
wingman_c654b-20260930-172031_noe_fail,early,,400.9,2,Weaver,0,0,1,430/516/62,10,10,0,0,0,0
wingman_c654b-20260930-172031_noe_fail,early,,400.9,3,Evoker,1,0,1,369/486/0,10,10,0,0,1,0
wingman_c654b-20260930-172031_noe_fail,early,,400.9,4,Scourge,0,0,1,379/553/79,9,9,0,0,0,0
wingman_c654b-20260930-172031_noe_fail,early,,400.9,5,Scourge,0,0,1,492/98/521,10,10,0,0,1,0
wingman_c654b-20260930-172031_noe_fail,early,,400.9,6,Troubadour,1,0,1,0/402/369,9,9,0,0,1,0
wingman_c654b-20260930-172031_noe_fail,early,,400.9,7,Scourge,0,0,1,468/74/507,10,10,0,0,1,0
wingman_c654b-20260930-172031_noe_fail,early,,400.9,8,Scourge,0,0,1,77/470/425,10,10,0,0,1,0
wingman_c654b-20260930-172031_noe_fail,early,,400.9,9,Evoker,1,0,1,402/0/486,10,10,0,0,0,0
wingman_c654b-20260930-172031_noe_fail,early,,445.8,0,Scourge,0,0,1,489/680/191,10,10,0,0,1,0
wingman_c654b-20260930-172031_noe_fail,early,,445.8,1,Troubadour,1,0,1,400/498/0,9,9,0,0,1,0
wingman_c654b-20260930-172031_noe_fail,early,,445.8,2,Weaver,0,0,1,370/75/521,10,10,0,0,1,0
wingman_c654b-20260930-172031_noe_fail,early,,445.8,3,Evoker,0,0,1,41/443/434,10,10,0,0,1,0
wingman_c654b-20260930-172031_noe_fail,early,,445.8,4,Scourge,0,0,1,374/503/37,10,10,0,0,1,0
wingman_c654b-20260930-172031_noe_fail,early,,445.8,5,Scourge,0,0,1,482/81/575,10,10,0,0,1,0
wingman_c654b-20260930-172031_noe_fail,early,,445.8,6,Troubadour,1,0,1,0/411/400,10,10,0,0,1,0
wingman_c654b-20260930-172031_noe_fail,early,,445.8,7,Scourge,0,0,1,510/107/534,10,10,0,0,1,0
wingman_c654b-20260930-172031_noe_fail,early,,445.8,8,Scourge,0,0,1,72/483/424,10,10,0,0,1,0
wingman_c654b-20260930-172031_noe_fail,early,,445.8,9,Evoker,1,0,1,411/0/498,10,10,0,0,1,0
wingman_c654b-20260930-172031_noe_fail,last,3,500.4,0,Scourge,0,0,1,883/157/568,9,9,0,0,0,0
wingman_c654b-20260930-172031_noe_fail,last,3,500.4,1,Troubadour,1,0,1,0/726/388,8,8,0,0,0,0
wingman_c654b-20260930-172031_noe_fail,last,3,500.4,2,Weaver,0,0,1,777/118/434,10,10,0,0,0,0
wingman_c654b-20260930-172031_noe_fail,last,3,500.4,3,Evoker,1,0,1,726/0/425,10,10,0,0,0,0
wingman_c654b-20260930-172031_noe_fail,last,3,500.4,4,Scourge,0,0,1,503/457/141,10,10,0,0,0,0
wingman_c654b-20260930-172031_noe_fail,last,3,500.4,5,Scourge,1,0,1,388/425/0,10,10,0,0,0,0
wingman_c654b-20260930-172031_noe_fail,last,3,500.4,6,Troubadour,0,0,1,111/828/462,10,10,0,0,1,0
wingman_c654b-20260930-172031_noe_fail,last,3,500.4,7,Scourge,0,0,1,452/413/69,9,9,0,0,0,0
wingman_c654b-20260930-172031_noe_fail,last,3,500.4,8,Scourge,0,0,1,94/770/394,10,10,0,0,0,0
wingman_c654b-20260930-172031_noe_fail,last,3,500.4,9,Evoker,0,0,1,380/382/70,10,10,0,0,0,0
wingman_c654b-20260930-172031_noe_fail,last,33,530.5,2,Weaver,0,0,0,723/1042,10,10,0,0,0,0
wingman_c654b-20260930-172031_noe_fail,last,33,530.5,3,Evoker,0,1,0,665/973,10,10,0,0,0,0
wingman_c654b-20260930-172031_noe_fail,last,33,530.5,4,Scourge,1,1,1,323/0,10,7,3,0,0,1
wingman_c654b-20260930-172031_noe_fail,last,33,530.5,6,Troubadour,0,0,1,401/78,10,7,3,0,1,1
wingman_c654b-20260930-172031_noe_fail,last,33,530.5,7,Scourge,0,0,1,320/85,10,7,3,0,1,1
wingman_c654b-20260930-172031_noe_fail,last,33,530.5,8,Scourge,0,0,2,156/202,10,7,3,1,0,1
wingman_c654b-20260930-172031_noe_fail,last,33,530.5,9,Evoker,1,0,1,0/323,10,7,3,0,1,1
wingman_c8506-20261003-120005_noe_kill,early,,2.8,0,Weaver,0,0,1,127,10,10,0,0,1,0
wingman_c8506-20261003-120005_noe_kill,early,,2.8,1,Weaver,0,0,1,102,10,10,0,0,1,0
wingman_c8506-20261003-120005_noe_kill,early,,2.8,2,Evoker,0,0,1,72,10,10,0,0,1,0
wingman_c8506-20261003-120005_noe_kill,early,,2.8,3,Scourge,0,0,1,88,10,10,0,0,1,0
wingman_c8506-20261003-120005_noe_kill,early,,2.8,4,Troubadour,1,0,1,0,10,10,0,0,1,0
wingman_c8506-20261003-120005_noe_kill,early,,2.8,5,Scourge,0,0,1,96,10,10,0,0,1,0
wingman_c8506-20261003-120005_noe_kill,early,,2.8,6,Evoker,0,0,1,107,10,10,0,0,1,0
wingman_c8506-20261003-120005_noe_kill,early,,2.8,7,Scourge,0,0,1,158,10,10,0,0,1,0
wingman_c8506-20261003-120005_noe_kill,early,,2.8,8,Troubadour,0,0,1,73,10,10,0,0,1,0
wingman_c8506-20261003-120005_noe_kill,early,,2.8,9,Scourge,0,0,1,152,10,10,0,0,1,0
wingman_c8506-20261003-120005_noe_kill,early,,50.0,0,Weaver,0,0,1,451/70/441,10,10,0,0,0,0
wingman_c8506-20261003-120005_noe_kill,early,,50.0,1,Weaver,1,0,1,360/373/0,10,10,0,0,1,0
wingman_c8506-20261003-120005_noe_kill,early,,50.0,2,Evoker,1,0,1,418/0/373,10,10,0,0,0,0
wingman_c8506-20261003-120005_noe_kill,early,,50.0,3,Scourge,0,0,1,402/19/371,10,10,0,0,0,0
wingman_c8506-20261003-120005_noe_kill,early,,50.0,4,Troubadour,1,0,1,0/418/360,10,10,0,0,1,0
wingman_c8506-20261003-120005_noe_kill,early,,50.0,5,Scourge,0,0,1,46/462/397,10,10,0,0,1,0
wingman_c8506-20261003-120005_noe_kill,early,,50.0,6,Evoker,0,0,1,366/456/90,10,10,0,0,1,0
wingman_c8506-20261003-120005_noe_kill,early,,50.0,7,Scourge,0,0,1,423/421/67,10,10,0,0,1,0
wingman_c8506-20261003-120005_noe_kill,early,,50.0,8,Troubadour,0,0,1,61/413/407,10,10,0,0,1,0
wingman_c8506-20261003-120005_noe_kill,early,,50.0,9,Scourge,0,0,1,392/491/121,10,10,0,0,1,0
wingman_c8506-20261003-120005_noe_kill,early,,95.2,0,Weaver,0,0,1,431/360/41,10,10,0,0,0,0
wingman_c8506-20261003-120005_noe_kill,early,,95.2,1,Weaver,0,0,1,421/382/47,10,10,0,0,0,0
wingman_c8506-20261003-120005_noe_kill,early,,95.2,2,Evoker,1,0,1,391/334/0,10,10,0,0,0,0
wingman_c8506-20261003-120005_noe_kill,early,,95.2,3,Scourge,1,0,1,363/0/334,10,10,0,0,1,0
wingman_c8506-20261003-120005_noe_kill,early,,95.2,4,Troubadour,0,0,1,48/362/427,10,10,0,0,1,0
wingman_c8506-20261003-120005_noe_kill,early,,95.2,5,Scourge,0,0,1,74/432/458,10,10,0,0,0,0
wingman_c8506-20261003-120005_noe_kill,early,,95.2,6,Evoker,0,0,1,442/100/427,10,10,0,0,1,0
wingman_c8506-20261003-120005_noe_kill,early,,95.2,7,Scourge,0,0,1,391/127/456,10,10,0,0,1,0
wingman_c8506-20261003-120005_noe_kill,early,,95.2,8,Troubadour,1,0,1,0/363/391,10,10,0,0,0,0
wingman_c8506-20261003-120005_noe_kill,early,,95.2,9,Scourge,0,0,1,393/141/469,10,10,0,0,1,0
wingman_c8506-20261003-120005_noe_kill,early,,143.6,0,Weaver,1,0,1,412/0/378,10,10,0,0,1,0
wingman_c8506-20261003-120005_noe_kill,early,,143.6,1,Weaver,1,0,1,537/378/0,10,10,0,0,0,0
wingman_c8506-20261003-120005_noe_kill,early,,143.6,2,Evoker,0,0,1,415/70/448,10,10,0,0,1,0
wingman_c8506-20261003-120005_noe_kill,early,,143.6,3,Scourge,1,0,1,0/412/537,10,10,0,0,1,0
wingman_c8506-20261003-120005_noe_kill,early,,143.6,4,Troubadour,0,0,1,43/442/536,10,10,0,0,1,0
wingman_c8506-20261003-120005_noe_kill,early,,143.6,5,Scourge,0,0,1,412/97/474,10,10,0,0,1,0
wingman_c8506-20261003-120005_noe_kill,early,,143.6,6,Evoker,0,0,1,528/451/104,10,10,0,0,1,0
wingman_c8506-20261003-120005_noe_kill,early,,143.6,7,Scourge,0,0,1,584/469/92,10,10,0,0,1,0
wingman_c8506-20261003-120005_noe_kill,early,,143.6,8,Troubadour,0,0,1,97/369/443,10,10,0,0,1,0
wingman_c8506-20261003-120005_noe_kill,early,,143.6,9,Scourge,0,0,1,531/470/127,10,10,0,0,1,0
wingman_c8506-20261003-120005_noe_kill,early,,198.4,0,Weaver,1,0,1,437/0/350,10,10,0,0,1,0
wingman_c8506-20261003-120005_noe_kill,early,,198.4,1,Weaver,0,0,1,426/36/376,10,10,0,0,1,0
wingman_c8506-20261003-120005_noe_kill,early,,198.4,2,Evoker,1,0,1,417/350/0,10,10,0,0,1,0
wingman_c8506-20261003-120005_noe_kill,early,,198.4,3,Scourge,1,0,1,0/437/417,10,10,0,0,1,0
wingman_c8506-20261003-120005_noe_kill,early,,198.4,4,Troubadour,0,0,1,132/316/306,10,10,0,0,1,0
wingman_c8506-20261003-120005_noe_kill,early,,198.4,5,Scourge,0,0,0,662/274/615,10,10,0,0,0,0
wingman_c8506-20261003-120005_noe_kill,early,,198.4,6,Evoker,0,0,1,487/438/94,10,10,0,0,0,0
wingman_c8506-20261003-120005_noe_kill,early,,198.4,7,Scourge,0,0,1,467/338/61,10,10,0,0,0,0
wingman_c8506-20261003-120005_noe_kill,early,,198.4,8,Troubadour,0,0,1,140/310/300,10,10,0,0,1,0
wingman_c8506-20261003-120005_noe_kill,early,,198.4,9,Scourge,0,0,1,445/430/81,10,10,0,0,0,0
wingman_c8506-20261003-120005_noe_kill,early,,245.1,0,Weaver,1,0,1,0/379/370,10,10,0,0,1,0
wingman_c8506-20261003-120005_noe_kill,early,,245.1,1,Weaver,0,0,1,374/330/11,10,10,0,0,1,0
wingman_c8506-20261003-120005_noe_kill,early,,245.1,2,Evoker,1,0,1,379/0/319,10,10,0,0,1,0
wingman_c8506-20261003-120005_noe_kill,early,,245.1,3,Scourge,0,0,1,386/328/16,10,10,0,0,1,0
wingman_c8506-20261003-120005_noe_kill,early,,245.1,4,Troubadour,0,0,1,43/338/334,10,10,0,0,1,0
wingman_c8506-20261003-120005_noe_kill,early,,245.1,5,Scourge,0,0,1,378/311/15,10,10,0,0,1,0
wingman_c8506-20261003-120005_noe_kill,early,,245.1,6,Evoker,1,0,1,370/319/0,10,10,0,0,1,0
wingman_c8506-20261003-120005_noe_kill,early,,245.1,7,Scourge,0,0,1,395/19/335,10,10,0,0,1,0
wingman_c8506-20261003-120005_noe_kill,early,,245.1,8,Troubadour,0,0,1,62/318/342,10,10,0,0,1,0
wingman_c8506-20261003-120005_noe_kill,early,,245.1,9,Scourge,0,0,1,347/39/326,10,10,0,0,1,0
wingman_c8506-20261003-120005_noe_kill,early,,295.8,0,Weaver,1,0,1,369/0/522,10,10,0,0,0,0
wingman_c8506-20261003-120005_noe_kill,early,,295.8,1,Weaver,0,0,1,340/35/518,10,10,0,0,0,0
wingman_c8506-20261003-120005_noe_kill,early,,295.8,2,Evoker,0,0,1,376/55/483,10,10,0,0,0,0
wingman_c8506-20261003-120005_noe_kill,early,,295.8,3,Scourge,0,0,1,398/64/584,10,10,0,0,0,0
wingman_c8506-20261003-120005_noe_kill,early,,295.8,4,Troubadour,0,0,1,56/417/384,10,10,0,0,1,0
wingman_c8506-20261003-120005_noe_kill,early,,295.8,5,Scourge,0,0,1,78/404/484,10,10,0,0,0,0
wingman_c8506-20261003-120005_noe_kill,early,,295.8,6,Evoker,0,0,1,438/634/142,10,10,0,0,0,0
wingman_c8506-20261003-120005_noe_kill,early,,295.8,7,Scourge,1,0,1,0/369/409,10,10,0,0,0,0
wingman_c8506-20261003-120005_noe_kill,early,,295.8,8,Troubadour,1,0,1,409/522/0,10,10,0,0,1,0
wingman_c8506-20261003-120005_noe_kill,early,,295.8,9,Scourge,0,0,1,343/578/170,10,10,0,0,0,0
wingman_c8506-20261003-120005_noe_kill,early,,342.8,0,Weaver,1,0,1,411/0/399,10,10,0,0,1,0
wingman_c8506-20261003-120005_noe_kill,early,,342.8,1,Weaver,0,0,1,425/479/81,10,10,0,0,0,0
wingman_c8506-20261003-120005_noe_kill,early,,342.8,2,Evoker,1,0,1,373/399/0,10,10,0,0,0,0
wingman_c8506-20261003-120005_noe_kill,early,,342.8,3,Scourge,0,0,1,442/497/100,10,10,0,0,0,0
wingman_c8506-20261003-120005_noe_kill,early,,342.8,4,Troubadour,0,0,1,17/419/390,10,10,0,0,1,0
wingman_c8506-20261003-120005_noe_kill,early,,342.8,5,Scourge,0,0,1,383/522/139,10,10,0,0,0,0
wingman_c8506-20261003-120005_noe_kill,early,,342.8,6,Evoker,0,0,1,448/64/463,10,10,0,0,1,0
wingman_c8506-20261003-120005_noe_kill,early,,342.8,7,Scourge,1,0,1,0/411/373,10,10,0,0,1,0
wingman_c8506-20261003-120005_noe_kill,early,,342.8,8,Troubadour,0,0,1,11/401/364,10,10,0,0,1,0
wingman_c8506-20261003-120005_noe_kill,early,,342.8,9,Scourge,0,0,1,544/140/454,10,10,0,0,1,0
wingman_c8506-20261003-120005_noe_kill,early,,394.3,0,Weaver,0,0,1,448/55/482,10,10,0,0,1,0
wingman_c8506-20261003-120005_noe_kill,early,,394.3,1,Weaver,0,0,1,508/97/452,10,10,0,0,1,0
wingman_c8506-20261003-120005_noe_kill,early,,394.3,2,Evoker,1,0,1,411/0/434,10,10,0,0,1,0
wingman_c8506-20261003-120005_noe_kill,early,,394.3,3,Scourge,0,0,1,600/457/51,10,10,0,0,0,0
wingman_c8506-20261003-120005_noe_kill,early,,394.3,4,Troubadour,0,0,1,151/310/574,10,10,0,0,1,0
wingman_c8506-20261003-120005_noe_kill,early,,394.3,5,Scourge,0,0,1,454/99/532,10,10,0,0,0,0
wingman_c8506-20261003-120005_noe_kill,early,,394.3,6,Evoker,1,0,1,0/411/552,10,10,0,0,1,0
wingman_c8506-20261003-120005_noe_kill,early,,394.3,7,Scourge,1,0,1,552/434/0,10,10,0,0,0,0
wingman_c8506-20261003-120005_noe_kill,early,,394.3,8,Troubadour,0,0,1,63/348/515,10,10,0,0,1,0
wingman_c8506-20261003-120005_noe_kill,early,,394.3,9,Scourge,0,0,1,662/543/117,10,10,0,0,0,0
wingman_c8506-20261003-120005_noe_kill,early,,444.9,0,Weaver,1,0,1,404/473/0,10,10,0,0,1,0
wingman_c8506-20261003-120005_noe_kill,early,,444.9,1,Weaver,1,0,1,0/461/404,10,10,0,0,1,0
wingman_c8506-20261003-120005_noe_kill,early,,444.9,2,Evoker,1,0,1,461/0/473,10,10,0,0,1,0
wingman_c8506-20261003-120005_noe_kill,early,,444.9,3,Scourge,0,0,1,554/108/577,10,10,0,0,1,0
wingman_c8506-20261003-120005_noe_kill,early,,444.9,4,Troubadour,0,0,1,66/461/463,10,10,0,0,1,0
wingman_c8506-20261003-120005_noe_kill,early,,444.9,5,Scourge,0,0,1,432/122/545,10,10,0,0,1,0
wingman_c8506-20261003-120005_noe_kill,early,,444.9,6,Evoker,0,0,1,392/491/30,10,10,0,0,1,0
wingman_c8506-20261003-120005_noe_kill,early,,444.9,7,Scourge,0,0,1,439/465/44,10,10,0,0,1,0
wingman_c8506-20261003-120005_noe_kill,early,,444.9,8,Troubadour,0,0,1,9/454/395,10,10,0,0,1,0
wingman_c8506-20261003-120005_noe_kill,early,,444.9,9,Scourge,0,0,1,396/431/43,10,10,0,0,1,0
wingman_c8506-20261003-120005_noe_kill,last,3,503.2,0,Weaver,0,0,1,702/113/332,10,10,0,0,1,0
wingman_c8506-20261003-120005_noe_kill,last,3,503.2,1,Weaver,1,0,1,660/0/306,10,10,0,0,1,0
wingman_c8506-20261003-120005_noe_kill,last,3,503.2,2,Evoker,0,0,2,164/513/212,10,10,0,0,1,0
wingman_c8506-20261003-120005_noe_kill,last,3,503.2,3,Scourge,0,0,1,742/85/381,9,9,0,0,1,0
wingman_c8506-20261003-120005_noe_kill,last,3,503.2,4,Troubadour,0,0,1,376/324/44,10,7,3,0,1,1
wingman_c8506-20261003-120005_noe_kill,last,3,503.2,5,Scourge,0,0,1,683/30/333,10,10,0,0,0,0
wingman_c8506-20261003-120005_noe_kill,last,3,503.2,6,Evoker,0,0,1,68/597/314,10,10,0,0,0,0
wingman_c8506-20261003-120005_noe_kill,last,3,503.2,7,Scourge,1,0,1,0/660/370,10,10,0,0,0,0
wingman_c8506-20261003-120005_noe_kill,last,3,503.2,8,Troubadour,1,0,1,370/306/0,9,6,3,1,1,1
wingman_c8506-20261003-120005_noe_kill,last,3,503.2,9,Scourge,0,0,1,72/701/401,10,10,0,0,0,0
wingman_c8506-20261003-120005_noe_kill,last,33,533.2,0,Weaver,1,0,1,427/371/0,10,10,0,0,1,0
wingman_c8506-20261003-120005_noe_kill,last,33,533.2,1,Weaver,0,0,1,765/57/347,10,10,0,0,1,0
wingman_c8506-20261003-120005_noe_kill,last,33,533.2,2,Evoker,1,0,1,795/0/371,10,10,0,0,1,0
wingman_c8506-20261003-120005_noe_kill,last,33,533.2,3,Scourge,0,0,1,826/74/410,9,9,0,0,1,0
wingman_c8506-20261003-120005_noe_kill,last,33,533.2,4,Troubadour,0,0,1,384/411/44,7,7,0,0,1,0
wingman_c8506-20261003-120005_noe_kill,last,33,533.2,5,Scourge,0,0,1,436/364/16,10,10,0,0,0,0
wingman_c8506-20261003-120005_noe_kill,last,33,533.2,6,Evoker,0,0,1,435/449/167,10,10,0,0,0,0
wingman_c8506-20261003-120005_noe_kill,last,33,533.2,7,Scourge,1,0,1,0/795/427,10,10,0,0,0,0
wingman_c8506-20261003-120005_noe_kill,last,33,533.2,8,Troubadour,0,0,1,83/744/384,7,7,0,0,1,0
wingman_c8506-20261003-120005_noe_kill,last,33,533.2,9,Scourge,0,0,1,42/819/454,10,10,0,0,0,0
wingman_c8506-20261003-120005_noe_kill,last,63,563.3,0,Weaver,0,0,1,156,10,10,0,0,0,0
wingman_c8506-20261003-120005_noe_kill,last,63,563.3,1,Weaver,1,0,1,0,10,10,0,0,0,0
wingman_c8506-20261003-120005_noe_kill,last,63,563.3,2,Evoker,0,0,1,59,10,10,0,0,0,0
wingman_c8506-20261003-120005_noe_kill,last,63,563.3,3,Scourge,0,0,1,193,10,10,0,0,0,0
wingman_c8506-20261003-120005_noe_kill,last,63,563.3,5,Scourge,0,0,1,95,10,10,0,0,0,0
wingman_c8506-20261003-120005_noe_kill,last,63,563.3,6,Evoker,0,0,0,428,10,10,0,0,0,0
wingman_c8506-20261003-120005_noe_kill,last,63,563.3,7,Scourge,0,0,0,281,10,10,0,0,0,0
wingman_c8506-20261003-120005_noe_kill,last,63,563.3,8,Troubadour,0,0,1,96,8,8,0,0,1,0
wingman_c8506-20261003-120005_noe_kill,last,63,563.3,9,Scourge,0,0,1,234,10,10,0,0,0,0
wingman_d3053-20261001-213328_noe_kill,early,,2.8,0,Scourge,0,0,0,300,10,10,0,0,1,0
wingman_d3053-20261001-213328_noe_kill,early,,2.8,1,Troubadour,1,0,1,0,10,10,0,0,1,0
wingman_d3053-20261001-213328_noe_kill,early,,2.8,2,Evoker,0,0,1,207,10,10,0,0,1,0
wingman_d3053-20261001-213328_noe_kill,early,,2.8,3,Scourge,0,0,1,165,10,10,0,0,1,0
wingman_d3053-20261001-213328_noe_kill,early,,2.8,4,Scourge,0,0,1,113,10,10,0,0,1,0
wingman_d3053-20261001-213328_noe_kill,early,,2.8,5,Weaver,0,0,1,155,10,10,0,0,0,0
wingman_d3053-20261001-213328_noe_kill,early,,2.8,6,Scourge,0,0,1,90,10,10,0,0,0,0
wingman_d3053-20261001-213328_noe_kill,early,,2.8,7,Troubadour,0,0,1,178,10,10,0,0,1,0
wingman_d3053-20261001-213328_noe_kill,early,,2.8,8,Scourge,0,0,0,271,10,10,0,0,0,0
wingman_d3053-20261001-213328_noe_kill,early,,2.8,9,Evoker,0,0,0,254,10,10,0,0,0,0
wingman_d3053-20261001-213328_noe_kill,early,,50.2,0,Scourge,1,0,1,377/428/0,10,10,0,0,1,0
wingman_d3053-20261001-213328_noe_kill,early,,50.2,1,Troubadour,1,0,1,0/360/377,10,10,0,0,1,0
wingman_d3053-20261001-213328_noe_kill,early,,50.2,2,Evoker,1,0,1,360/0/428,10,10,0,0,1,0
wingman_d3053-20261001-213328_noe_kill,early,,50.2,3,Scourge,0,0,1,19/373/395,10,10,0,0,1,0
wingman_d3053-20261001-213328_noe_kill,early,,50.2,4,Scourge,0,0,1,347/69/475,10,10,0,0,1,0
wingman_d3053-20261001-213328_noe_kill,early,,50.2,5,Weaver,0,0,1,433/433/68,10,10,0,0,0,0
wingman_d3053-20261001-213328_noe_kill,early,,50.2,6,Scourge,0,0,1,360/33/401,10,10,0,0,0,0
wingman_d3053-20261001-213328_noe_kill,early,,50.2,7,Troubadour,0,0,1,38/325/355,10,10,0,0,1,0
wingman_d3053-20261001-213328_noe_kill,early,,50.2,8,Scourge,0,0,1,509/493/135,10,10,0,0,0,0
wingman_d3053-20261001-213328_noe_kill,early,,50.2,9,Evoker,0,0,1,416/437/43,10,10,0,0,1,0
wingman_d3053-20261001-213328_noe_kill,early,,94.9,0,Scourge,0,0,1,336/154/549,10,10,0,0,1,0
wingman_d3053-20261001-213328_noe_kill,early,,94.9,1,Troubadour,1,0,1,0/368/484,10,10,0,0,1,0
wingman_d3053-20261001-213328_noe_kill,early,,94.9,2,Evoker,1,0,1,368/0/420,10,10,0,0,1,0
wingman_d3053-20261001-213328_noe_kill,early,,94.9,3,Scourge,0,0,1,73/319/413,10,10,0,0,1,0
wingman_d3053-20261001-213328_noe_kill,early,,94.9,4,Scourge,0,0,1,284/140/503,10,10,0,0,1,0
wingman_d3053-20261001-213328_noe_kill,early,,94.9,5,Weaver,0,0,1,539/404/94,10,10,0,0,1,0
wingman_d3053-20261001-213328_noe_kill,early,,94.9,6,Scourge,0,0,1,502/385/67,10,10,0,0,1,0
wingman_d3053-20261001-213328_noe_kill,early,,94.9,7,Troubadour,0,0,1,137/344/351,10,10,0,0,1,0
wingman_d3053-20261001-213328_noe_kill,early,,94.9,8,Scourge,1,0,1,484/420/0,10,10,0,0,1,0
wingman_d3053-20261001-213328_noe_kill,early,,94.9,9,Evoker,0,0,1,540/412/87,10,10,0,0,1,0
wingman_d3053-20261001-213328_noe_kill,early,,147.5,0,Scourge,0,0,1,449/778/75,10,10,0,0,1,0
wingman_d3053-20261001-213328_noe_kill,early,,147.5,1,Troubadour,0,0,1,83/742/339,10,10,0,0,1,0
wingman_d3053-20261001-213328_noe_kill,early,,147.5,2,Evoker,1,0,1,405/706/0,10,10,0,0,1,0
wingman_d3053-20261001-213328_noe_kill,early,,147.5,3,Scourge,0,0,1,354/761/90,10,10,0,0,1,0
wingman_d3053-20261001-213328_noe_kill,early,,147.5,4,Scourge,1,0,1,0/716/405,10,10,0,0,1,0
wingman_d3053-20261001-213328_noe_kill,early,,147.5,5,Weaver,0,0,1,703/25/707,10,10,0,0,1,0
wingman_d3053-20261001-213328_noe_kill,early,,147.5,6,Scourge,0,0,1,746/73/767,10,10,0,0,1,0
wingman_d3053-20261001-213328_noe_kill,early,,147.5,7,Troubadour,0,0,1,97/620/396,10,10,0,0,1,0
wingman_d3053-20261001-213328_noe_kill,early,,147.5,8,Scourge,1,0,1,716/0/706,10,10,0,0,1,0
wingman_d3053-20261001-213328_noe_kill,early,,147.5,9,Evoker,0,0,1,618/104/646,10,10,0,0,1,0
wingman_d3053-20261001-213328_noe_kill,early,,202.3,0,Scourge,0,0,1,458/337/159,10,10,0,0,1,0
wingman_d3053-20261001-213328_noe_kill,early,,202.3,1,Troubadour,0,0,1,106/578/514,10,10,0,0,1,0
wingman_d3053-20261001-213328_noe_kill,early,,202.3,2,Evoker,1,0,1,420/486/0,10,10,0,0,1,0
wingman_d3053-20261001-213328_noe_kill,early,,202.3,3,Scourge,0,0,1,467/441/73,10,10,0,0,1,0
wingman_d3053-20261001-213328_noe_kill,early,,202.3,4,Scourge,1,0,1,0/565/420,10,10,0,0,1,0
wingman_d3053-20261001-213328_noe_kill,early,,202.3,5,Weaver,0,0,1,606/121/594,10,10,0,0,1,0
wingman_d3053-20261001-213328_noe_kill,early,,202.3,6,Scourge,0,0,1,523/53/480,10,10,0,0,1,0
wingman_d3053-20261001-213328_noe_kill,early,,202.3,7,Troubadour,0,0,1,42/531/422,10,10,0,0,1,0
wingman_d3053-20261001-213328_noe_kill,early,,202.3,8,Scourge,1,0,1,565/0/486,10,10,0,0,1,0
wingman_d3053-20261001-213328_noe_kill,early,,202.3,9,Evoker,0,0,1,576/76/547,10,10,0,0,1,0
wingman_d3053-20261001-213328_noe_kill,early,,247.0,0,Scourge,1,0,1,0/404/500,10,10,0,0,1,0
wingman_d3053-20261001-213328_noe_kill,early,,247.0,1,Troubadour,0,0,1,21/411/490,10,10,0,0,1,0
wingman_d3053-20261001-213328_noe_kill,early,,247.0,2,Evoker,0,0,1,398/19/356,10,10,0,0,1,0
wingman_d3053-20261001-213328_noe_kill,early,,247.0,3,Scourge,0,0,1,505/375/5,10,10,0,0,1,0
wingman_d3053-20261001-213328_noe_kill,early,,247.0,4,Scourge,0,0,1,525/374/32,10,10,0,0,1,0
wingman_d3053-20261001-213328_noe_kill,early,,247.0,5,Weaver,1,0,1,404/0/374,10,10,0,0,1,0
wingman_d3053-20261001-213328_noe_kill,early,,247.0,6,Scourge,0,0,1,472/69/388,10,10,0,0,1,0
wingman_d3053-20261001-213328_noe_kill,early,,247.0,7,Troubadour,0,0,1,131/337/370,10,10,0,0,1,0
wingman_d3053-20261001-213328_noe_kill,early,,247.0,8,Scourge,1,0,1,500/374/0,10,10,0,0,1,0
wingman_d3053-20261001-213328_noe_kill,early,,247.0,9,Evoker,0,0,1,547/379/58,10,10,0,0,1,0
wingman_d3053-20261001-213328_noe_kill,early,,295.9,0,Scourge,0,0,1,430/97/735,10,10,0,0,0,0
wingman_d3053-20261001-213328_noe_kill,early,,295.9,1,Troubadour,0,0,1,47/395/479,10,10,0,0,1,0
wingman_d3053-20261001-213328_noe_kill,early,,295.9,2,Evoker,1,0,1,369/0/726,10,10,0,0,1,0
wingman_d3053-20261001-213328_noe_kill,early,,295.9,3,Scourge,1,0,1,0/369/456,10,10,0,0,0,0
wingman_d3053-20261001-213328_noe_kill,early,,295.9,4,Scourge,0,0,1,349/28/719,10,10,0,0,0,0
wingman_d3053-20261001-213328_noe_kill,early,,295.9,5,Weaver,0,0,1,520/770/73,10,10,0,0,0,0
wingman_d3053-20261001-213328_noe_kill,early,,295.9,6,Scourge,0,0,1,553/826/101,10,10,0,0,0,0
wingman_d3053-20261001-213328_noe_kill,early,,295.9,7,Troubadour,0,0,1,65/394/394,10,10,0,0,1,0
wingman_d3053-20261001-213328_noe_kill,early,,295.9,8,Scourge,1,0,1,456/726/0,10,10,0,0,0,0
wingman_d3053-20261001-213328_noe_kill,early,,295.9,9,Evoker,0,0,1,495/769/43,10,10,0,0,0,0
wingman_d3053-20261001-213328_noe_kill,early,,342.9,0,Scourge,0,0,1,508/137/586,10,10,0,0,1,0
wingman_d3053-20261001-213328_noe_kill,early,,342.9,1,Troubadour,0,0,1,15/386/363,10,10,0,0,1,0
wingman_d3053-20261001-213328_noe_kill,early,,342.9,2,Evoker,1,0,1,372/0/472,10,10,0,0,1,0
wingman_d3053-20261001-213328_noe_kill,early,,342.9,3,Scourge,1,0,1,0/372/354,10,10,0,0,1,0
wingman_d3053-20261001-213328_noe_kill,early,,342.9,4,Scourge,0,0,1,494/130/525,10,10,0,0,1,0
wingman_d3053-20261001-213328_noe_kill,early,,342.9,5,Weaver,0,0,1,417/483/74,10,10,0,0,1,0
wingman_d3053-20261001-213328_noe_kill,early,,342.9,6,Scourge,0,0,1,385/502/34,10,10,0,0,1,0
wingman_d3053-20261001-213328_noe_kill,early,,342.9,7,Troubadour,0,0,1,30/356/328,10,10,0,0,1,0
wingman_d3053-20261001-213328_noe_kill,early,,342.9,8,Scourge,1,0,1,354/472/0,10,10,0,0,1,0
wingman_d3053-20261001-213328_noe_kill,early,,342.9,9,Evoker,0,0,1,406/481/62,10,10,0,0,1,0
wingman_d3053-20261001-213328_noe_kill,early,,388.5,0,Scourge,0,0,1,540/621/86,10,10,0,0,1,0
wingman_d3053-20261001-213328_noe_kill,early,,388.5,1,Troubadour,1,0,1,0/498/454,10,10,0,0,1,0
wingman_d3053-20261001-213328_noe_kill,early,,388.5,2,Evoker,1,0,1,454/575/0,10,10,0,0,1,0
wingman_d3053-20261001-213328_noe_kill,early,,388.5,3,Scourge,0,0,1,100/522/554,10,10,0,0,1,0
wingman_d3053-20261001-213328_noe_kill,early,,388.5,4,Scourge,0,0,1,519/597/68,9,9,0,0,1,0
wingman_d3053-20261001-213328_noe_kill,early,,388.5,5,Weaver,0,0,1,448/70/506,10,10,0,0,1,0
wingman_d3053-20261001-213328_noe_kill,early,,388.5,6,Scourge,1,0,1,498/0/575,10,10,0,0,1,0
wingman_d3053-20261001-213328_noe_kill,early,,388.5,7,Troubadour,0,0,1,35/474/423,10,10,0,0,1,0
wingman_d3053-20261001-213328_noe_kill,early,,388.5,8,Scourge,0,0,1,644/149/657,10,10,0,0,1,0
wingman_d3053-20261001-213328_noe_kill,early,,388.5,9,Evoker,0,0,1,456/569/9,10,10,0,0,1,0
wingman_d3053-20261001-213328_noe_kill,early,,433.1,0,Scourge,0,0,1,615/80/604,10,10,0,0,1,0
wingman_d3053-20261001-213328_noe_kill,early,,433.1,1,Troubadour,1,0,1,0/537/458,10,10,0,0,0,0
wingman_d3053-20261001-213328_noe_kill,early,,433.1,2,Evoker,1,0,1,537/0/563,10,10,0,0,1,0
wingman_d3053-20261001-213328_noe_kill,early,,433.1,3,Scourge,0,0,1,96/613/545,10,10,0,0,0,0
wingman_d3053-20261001-213328_noe_kill,early,,433.1,4,Scourge,1,0,1,458/563/0,9,9,0,0,0,0
wingman_d3053-20261001-213328_noe_kill,early,,433.1,5,Weaver,0,0,1,470/584/21,10,10,0,0,0,0
wingman_d3053-20261001-213328_noe_kill,early,,433.1,6,Scourge,0,0,1,437/618/79,10,10,0,0,0,0
wingman_d3053-20261001-213328_noe_kill,early,,433.1,7,Troubadour,0,0,1,517/54/511,10,10,0,0,1,0
wingman_d3053-20261001-213328_noe_kill,early,,433.1,8,Scourge,0,0,1,436/565/26,10,10,0,0,0,0
wingman_d3053-20261001-213328_noe_kill,early,,433.1,9,Evoker,0,0,1,16/552/461,10,10,0,0,0,0
wingman_d3053-20261001-213328_noe_kill,last,3,483.8,0,Scourge,0,0,1,502/150/892,10,10,0,0,0,0
wingman_d3053-20261001-213328_noe_kill,last,3,483.8,1,Troubadour,1,0,1,0/361/407,10,10,0,0,1,0
wingman_d3053-20261001-213328_noe_kill,last,3,483.8,2,Evoker,1,0,1,361/0/743,10,10,0,0,0,0
wingman_d3053-20261001-213328_noe_kill,last,3,483.8,3,Scourge,0,0,1,105/378/466,9,9,0,0,0,0
wingman_d3053-20261001-213328_noe_kill,last,3,483.8,4,Scourge,0,0,1,418/96/815,8,8,0,0,0,0
wingman_d3053-20261001-213328_noe_kill,last,3,483.8,5,Weaver,0,0,1,466/796/60,9,9,0,0,0,0
wingman_d3053-20261001-213328_noe_kill,last,3,483.8,6,Scourge,0,0,1,431/758/38,10,10,0,0,0,0
wingman_d3053-20261001-213328_noe_kill,last,3,483.8,7,Troubadour,0,0,1,83/400/426,10,10,0,0,1,0
wingman_d3053-20261001-213328_noe_kill,last,3,483.8,8,Scourge,1,0,1,407/743/0,10,10,0,0,0,0
wingman_d3053-20261001-213328_noe_kill,last,3,483.8,9,Evoker,0,0,1,448/783/41,9,9,0,0,0,0
wingman_d3053-20261001-213328_noe_kill,last,33,513.8,0,Scourge,0,0,1,690/142/443,10,10,0,0,0,0
wingman_d3053-20261001-213328_noe_kill,last,33,513.8,1,Troubadour,0,0,1,437/295/28,10,10,0,0,1,0
wingman_d3053-20261001-213328_noe_kill,last,33,513.8,2,Evoker,1,0,1,566/0/303,10,10,0,0,0,0
wingman_d3053-20261001-213328_noe_kill,last,33,513.8,3,Scourge,0,0,1,429/305/21,9,9,0,0,0,0
wingman_d3053-20261001-213328_noe_kill,last,33,513.8,4,Scourge,0,0,1,608/92/390,8,8,0,0,0,0
wingman_d3053-20261001-213328_noe_kill,last,33,513.8,5,Weaver,1,0,1,0/566/409,9,9,0,0,0,0
wingman_d3053-20261001-213328_noe_kill,last,33,513.8,6,Scourge,0,0,1,82/636/451,10,10,0,0,0,0
wingman_d3053-20261001-213328_noe_kill,last,33,513.8,7,Troubadour,0,0,1,475/314/68,10,10,0,0,1,0
wingman_d3053-20261001-213328_noe_kill,last,33,513.8,8,Scourge,0,0,1,70/619/478,10,10,0,0,0,0
wingman_d3053-20261001-213328_noe_kill,last,33,513.8,9,Evoker,1,0,1,409/303/0,9,9,0,0,0,0
wingman_d3053-20261001-213328_noe_kill,last,63,543.8,0,Scourge,0,0,1,91/565/1013,10,10,0,0,0,0
wingman_d3053-20261001-213328_noe_kill,last,63,543.8,1,Troubadour,0,1,1,602/239/464,10,10,0,0,0,0
wingman_d3053-20261001-213328_noe_kill,last,63,543.8,2,Evoker,0,0,1,133/442/887,10,10,0,0,0,0
wingman_d3053-20261001-213328_noe_kill,last,63,543.8,3,Scourge,1,0,1,0/484/930,9,9,0,0,0,0
wingman_d3053-20261001-213328_noe_kill,last,63,543.8,4,Scourge,0,0,1,41/524/969,8,8,0,0,0,0
wingman_d3053-20261001-213328_noe_kill,last,63,543.8,5,Weaver,1,0,1,930/448/0,9,9,0,0,1,0
wingman_d3053-20261001-213328_noe_kill,last,63,543.8,6,Scourge,0,0,1,975/497/67,10,10,0,0,1,0
wingman_d3053-20261001-213328_noe_kill,last,63,543.8,7,Troubadour,0,0,1,144/466/910,10,10,0,0,1,0
wingman_d3053-20261001-213328_noe_kill,last,63,543.8,9,Evoker,0,0,1,918/436/12,9,9,0,0,1,0
wingman_dc6a8-Account-81AD_20261002-011054_noe_kill,early,,2.6,0,Willbender,0,0,1,199,10,10,0,0,1,0
wingman_dc6a8-Account-81AD_20261002-011054_noe_kill,early,,2.6,1,Scourge,0,0,1,111,10,10,0,0,1,0
wingman_dc6a8-Account-81AD_20261002-011054_noe_kill,early,,2.6,2,Troubadour,0,0,1,87,10,10,0,0,1,0
wingman_dc6a8-Account-81AD_20261002-011054_noe_kill,early,,2.6,3,Evoker,0,0,1,105,10,10,0,0,1,0
wingman_dc6a8-Account-81AD_20261002-011054_noe_kill,early,,2.6,4,Scourge,0,0,1,94,10,10,0,0,1,0
wingman_dc6a8-Account-81AD_20261002-011054_noe_kill,early,,2.6,5,Troubadour,1,0,1,0,10,10,0,0,1,0
wingman_dc6a8-Account-81AD_20261002-011054_noe_kill,early,,2.6,6,Weaver,0,0,1,153,10,10,0,0,1,0
wingman_dc6a8-Account-81AD_20261002-011054_noe_kill,early,,2.6,7,Scourge,0,0,1,95,10,10,0,0,1,0
wingman_dc6a8-Account-81AD_20261002-011054_noe_kill,early,,2.6,8,Scourge,0,0,1,81,10,10,0,0,1,0
wingman_dc6a8-Account-81AD_20261002-011054_noe_kill,early,,2.6,9,Evoker,0,0,0,308,10,10,0,0,1,0
wingman_dc6a8-Account-81AD_20261002-011054_noe_kill,early,,50.5,0,Willbender,0,0,1,442/444/63,10,10,0,0,0,0
wingman_dc6a8-Account-81AD_20261002-011054_noe_kill,early,,50.5,1,Scourge,0,0,1,499/504/84,10,10,0,0,0,0
wingman_dc6a8-Account-81AD_20261002-011054_noe_kill,early,,50.5,2,Troubadour,0,0,1,47/409/400,10,10,0,0,1,0
wingman_dc6a8-Account-81AD_20261002-011054_noe_kill,early,,50.5,3,Evoker,0,0,1,363/33/445,10,10,0,0,0,0
wingman_dc6a8-Account-81AD_20261002-011054_noe_kill,early,,50.5,4,Scourge,0,0,1,342/496/125,10,10,0,0,0,0
wingman_dc6a8-Account-81AD_20261002-011054_noe_kill,early,,50.5,5,Troubadour,1,0,1,0/377/423,10,10,0,0,1,0
wingman_dc6a8-Account-81AD_20261002-011054_noe_kill,early,,50.5,6,Weaver,1,0,1,423/478/0,10,10,0,0,0,0
wingman_dc6a8-Account-81AD_20261002-011054_noe_kill,early,,50.5,7,Scourge,0,0,1,454/78/534,10,10,0,0,0,0
wingman_dc6a8-Account-81AD_20261002-011054_noe_kill,early,,50.5,8,Scourge,0,0,1,67/444/449,10,10,0,0,0,0
wingman_dc6a8-Account-81AD_20261002-011054_noe_kill,early,,50.5,9,Evoker,1,0,1,377/0/478,10,10,0,0,0,0
wingman_dc6a8-Account-81AD_20261002-011054_noe_kill,early,,95.4,0,Willbender,0,0,1,367/455/137,10,10,0,0,1,0
wingman_dc6a8-Account-81AD_20261002-011054_noe_kill,early,,95.4,1,Scourge,0,0,1,360/456/133,10,10,0,0,1,0
wingman_dc6a8-Account-81AD_20261002-011054_noe_kill,early,,95.4,2,Troubadour,0,0,1,185/372/325,10,10,0,0,1,0
wingman_dc6a8-Account-81AD_20261002-011054_noe_kill,early,,95.4,3,Evoker,1,0,1,333/577/0,10,10,0,0,1,0
wingman_dc6a8-Account-81AD_20261002-011054_noe_kill,early,,95.4,4,Scourge,0,0,1,323/635/70,10,10,0,0,1,0
wingman_dc6a8-Account-81AD_20261002-011054_noe_kill,early,,95.4,5,Troubadour,0,0,1,98/474/374,10,10,0,0,1,0
wingman_dc6a8-Account-81AD_20261002-011054_noe_kill,early,,95.4,6,Weaver,0,0,1,499/75/502,10,10,0,0,0,0
wingman_dc6a8-Account-81AD_20261002-011054_noe_kill,early,,95.4,7,Scourge,1,0,1,0/556/333,10,10,0,0,0,0
wingman_dc6a8-Account-81AD_20261002-011054_noe_kill,early,,95.4,8,Scourge,0,0,1,499/90/570,10,10,0,0,0,0
wingman_dc6a8-Account-81AD_20261002-011054_noe_kill,early,,95.4,9,Evoker,1,0,1,556/0/577,10,10,0,0,0,0
wingman_dc6a8-Account-81AD_20261002-011054_noe_kill,early,,146.6,0,Willbender,0,0,1,282/630/55,10,10,0,0,1,0
wingman_dc6a8-Account-81AD_20261002-011054_noe_kill,early,,146.6,1,Scourge,1,0,1,0/460/297,10,10,0,0,1,0
wingman_dc6a8-Account-81AD_20261002-011054_noe_kill,early,,146.6,2,Troubadour,0,0,1,39/452/337,10,10,0,0,1,0
wingman_dc6a8-Account-81AD_20261002-011054_noe_kill,early,,146.6,3,Evoker,1,0,1,297/604/0,10,10,0,0,1,0
wingman_dc6a8-Account-81AD_20261002-011054_noe_kill,early,,146.6,4,Scourge,0,0,1,341/668/64,10,10,0,0,1,0
wingman_dc6a8-Account-81AD_20261002-011054_noe_kill,early,,146.6,5,Troubadour,0,0,1,104/557/332,10,10,0,0,1,0
wingman_dc6a8-Account-81AD_20261002-011054_noe_kill,early,,146.6,6,Weaver,0,0,1,463/73/570,10,10,0,0,1,0
wingman_dc6a8-Account-81AD_20261002-011054_noe_kill,early,,146.6,7,Scourge,0,0,1,507/55/632,10,10,0,0,1,0
wingman_dc6a8-Account-81AD_20261002-011054_noe_kill,early,,146.6,8,Scourge,0,0,1,549/120/645,10,10,0,0,1,0
wingman_dc6a8-Account-81AD_20261002-011054_noe_kill,early,,146.6,9,Evoker,1,0,1,460/0/604,10,10,0,0,1,0
wingman_dc6a8-Account-81AD_20261002-011054_noe_kill,early,,201.4,0,Willbender,0,0,1,433/128/308,10,10,0,0,1,0
wingman_dc6a8-Account-81AD_20261002-011054_noe_kill,early,,201.4,1,Scourge,1,0,1,0/560/489,10,10,0,0,1,0
wingman_dc6a8-Account-81AD_20261002-011054_noe_kill,early,,201.4,2,Troubadour,0,0,1,36/596/514,10,10,0,0,1,0
wingman_dc6a8-Account-81AD_20261002-011054_noe_kill,early,,201.4,3,Evoker,1,0,1,489/336/0,10,10,0,0,1,0
wingman_dc6a8-Account-81AD_20261002-011054_noe_kill,early,,201.4,4,Scourge,0,0,1,421/253/114,10,10,0,0,1,0
wingman_dc6a8-Account-81AD_20261002-011054_noe_kill,early,,201.4,5,Troubadour,0,0,1,35/527/455,10,10,0,0,1,0
wingman_dc6a8-Account-81AD_20261002-011054_noe_kill,early,,201.4,6,Weaver,0,0,1,516/45/326,10,10,0,0,1,0
wingman_dc6a8-Account-81AD_20261002-011054_noe_kill,early,,201.4,7,Scourge,0,0,1,470/368/39,10,10,0,0,1,0
wingman_dc6a8-Account-81AD_20261002-011054_noe_kill,early,,201.4,8,Scourge,0,0,1,408/427/128,10,10,0,0,1,0
wingman_dc6a8-Account-81AD_20261002-011054_noe_kill,early,,201.4,9,Evoker,1,0,1,560/0/336,10,10,0,0,1,0
wingman_dc6a8-Account-81AD_20261002-011054_noe_kill,early,,262.3,0,Willbender,0,0,0,909/767/834,10,10,0,0,0,0
wingman_dc6a8-Account-81AD_20261002-011054_noe_kill,early,,262.3,1,Scourge,0,0,1,306/537/227,10,10,0,0,1,0
wingman_dc6a8-Account-81AD_20261002-011054_noe_kill,early,,262.3,2,Troubadour,0,0,2,122/592/34,10,10,0,0,1,0
wingman_dc6a8-Account-81AD_20261002-011054_noe_kill,early,,262.3,3,Evoker,1,0,2,0/601/90,10,10,0,0,1,0
wingman_dc6a8-Account-81AD_20261002-011054_noe_kill,early,,262.3,4,Scourge,0,0,2,176/615/86,10,10,0,0,1,0
wingman_dc6a8-Account-81AD_20261002-011054_noe_kill,early,,262.3,5,Troubadour,0,0,0,673/746/586,10,10,0,0,1,0
wingman_dc6a8-Account-81AD_20261002-011054_noe_kill,early,,262.3,6,Weaver,0,0,0,861/718/786,10,10,0,0,1,0
wingman_dc6a8-Account-81AD_20261002-011054_noe_kill,early,,262.3,7,Scourge,0,0,0,894/928/807,10,10,0,0,1,0
wingman_dc6a8-Account-81AD_20261002-011054_noe_kill,early,,262.3,8,Scourge,1,0,1,601/0/604,10,10,0,0,1,0
wingman_dc6a8-Account-81AD_20261002-011054_noe_kill,early,,262.3,9,Evoker,1,0,2,90/604/0,10,10,0,0,1,0
wingman_dc6a8-Account-81AD_20261002-011054_noe_kill,early,,314.3,0,Willbender,0,0,1,414/367/146,10,10,0,0,0,0
wingman_dc6a8-Account-81AD_20261002-011054_noe_kill,early,,314.3,1,Scourge,0,0,2,179/387/210,10,10,0,0,0,0
wingman_dc6a8-Account-81AD_20261002-011054_noe_kill,early,,314.3,2,Troubadour,0,0,1,76/406/396,10,10,0,0,0,0
wingman_dc6a8-Account-81AD_20261002-011054_noe_kill,early,,314.3,3,Evoker,1,0,1,0/469/376,10,10,0,0,0,0
wingman_dc6a8-Account-81AD_20261002-011054_noe_kill,early,,314.3,4,Scourge,0,0,1,357/566/104,10,10,0,0,0,0
wingman_dc6a8-Account-81AD_20261002-011054_noe_kill,early,,314.3,5,Troubadour,0,0,1,42/430/350,10,10,0,0,0,0
wingman_dc6a8-Account-81AD_20261002-011054_noe_kill,early,,314.3,6,Weaver,1,0,1,376/486/0,10,10,0,0,0,0
wingman_dc6a8-Account-81AD_20261002-011054_noe_kill,early,,314.3,7,Scourge,0,0,1,602/140/554,10,10,0,0,0,0
wingman_dc6a8-Account-81AD_20261002-011054_noe_kill,early,,314.3,8,Scourge,0,0,1,530/63/517,10,10,0,0,0,0
wingman_dc6a8-Account-81AD_20261002-011054_noe_kill,early,,314.3,9,Evoker,1,0,1,469/0/486,10,10,0,0,0,0
wingman_dc6a8-Account-81AD_20261002-011054_noe_kill,early,,363.2,0,Willbender,1,0,1,425/0/474,10,10,0,0,0,0
wingman_dc6a8-Account-81AD_20261002-011054_noe_kill,early,,363.2,1,Scourge,1,0,1,0/425/548,10,10,0,0,0,0
wingman_dc6a8-Account-81AD_20261002-011054_noe_kill,early,,363.2,2,Troubadour,0,0,1,87/350/473,10,10,0,0,1,0
wingman_dc6a8-Account-81AD_20261002-011054_noe_kill,early,,363.2,3,Evoker,0,0,1,463/65/536,10,10,0,0,0,0
wingman_dc6a8-Account-81AD_20261002-011054_noe_kill,early,,363.2,4,Scourge,0,0,1,396/30/458,10,10,0,0,0,0
wingman_dc6a8-Account-81AD_20261002-011054_noe_kill,early,,363.2,5,Troubadour,0,0,1,41/384/522,10,10,0,0,1,0
wingman_dc6a8-Account-81AD_20261002-011054_noe_kill,early,,363.2,6,Weaver,0,0,1,480/494/107,10,10,0,0,0,0
wingman_dc6a8-Account-81AD_20261002-011054_noe_kill,early,,363.2,7,Scourge,0,0,1,635/548/89,10,10,0,0,0,0
wingman_dc6a8-Account-81AD_20261002-011054_noe_kill,early,,363.2,8,Scourge,1,0,1,548/474/0,10,10,0,0,0,0
wingman_dc6a8-Account-81AD_20261002-011054_noe_kill,early,,363.2,9,Evoker,0,0,1,522/458/26,10,10,0,0,0,0
wingman_dc6a8-Account-81AD_20261002-011054_noe_kill,early,,417.8,0,Willbender,0,0,1,575/186/479,10,10,0,0,1,0
wingman_dc6a8-Account-81AD_20261002-011054_noe_kill,early,,417.8,1,Scourge,1,0,1,0/410/390,10,10,0,0,1,0
wingman_dc6a8-Account-81AD_20261002-011054_noe_kill,early,,417.8,2,Troubadour,0,0,1,51/434/442,10,10,0,0,1,0
wingman_dc6a8-Account-81AD_20261002-011054_noe_kill,early,,417.8,3,Evoker,1,0,1,410/0/435,10,10,0,0,1,0
wingman_dc6a8-Account-81AD_20261002-011054_noe_kill,early,,417.8,4,Scourge,0,0,1,427/91/516,9,9,0,0,1,0
wingman_dc6a8-Account-81AD_20261002-011054_noe_kill,early,,417.8,5,Troubadour,0,0,1,54/359/356,10,10,0,0,1,0
wingman_dc6a8-Account-81AD_20261002-011054_noe_kill,early,,417.8,6,Weaver,1,0,1,390/435/0,9,9,0,0,1,0
wingman_dc6a8-Account-81AD_20261002-011054_noe_kill,early,,417.8,7,Scourge,0,0,1,358/76/452,10,10,0,0,1,0
wingman_dc6a8-Account-81AD_20261002-011054_noe_kill,early,,417.8,8,Scourge,0,0,1,391/516/97,10,10,0,0,1,0
wingman_dc6a8-Account-81AD_20261002-011054_noe_kill,early,,417.8,9,Evoker,0,0,1,392/478/49,9,9,0,0,1,0
wingman_dc6a8-Account-81AD_20261002-011054_noe_kill,early,,467.6,0,Willbender,1,0,3,0/196/69,10,10,0,0,0,0
wingman_dc6a8-Account-81AD_20261002-011054_noe_kill,early,,467.6,1,Scourge,0,0,3,141/198/176,10,10,0,0,0,0
wingman_dc6a8-Account-81AD_20261002-011054_noe_kill,early,,467.6,2,Troubadour,0,0,0,548/599/513,10,10,0,0,1,0
wingman_dc6a8-Account-81AD_20261002-011054_noe_kill,early,,467.6,3,Evoker,0,0,0,364/423/414,10,10,0,0,0,0
wingman_dc6a8-Account-81AD_20261002-011054_noe_kill,early,,467.6,4,Scourge,0,0,0,433/545/496,9,9,0,0,0,0
wingman_dc6a8-Account-81AD_20261002-011054_noe_kill,early,,467.6,5,Troubadour,0,0,0,369/384/320,10,10,0,0,1,0
wingman_dc6a8-Account-81AD_20261002-011054_noe_kill,early,,467.6,6,Weaver,1,0,3,196/0/149,10,10,0,0,0,0
wingman_dc6a8-Account-81AD_20261002-011054_noe_kill,early,,467.6,7,Scourge,0,0,1,246/354/227,10,10,0,0,0,0
wingman_dc6a8-Account-81AD_20261002-011054_noe_kill,early,,467.6,8,Scourge,0,0,0,331/479/338,10,10,0,0,0,0
wingman_dc6a8-Account-81AD_20261002-011054_noe_kill,early,,467.6,9,Evoker,1,0,3,69/149/0,9,9,0,0,0,0
wingman_dc6a8-Account-81AD_20261002-011054_noe_kill,last,3,509.6,0,Willbender,0,0,1,373/48/576,10,10,0,0,1,0
wingman_dc6a8-Account-81AD_20261002-011054_noe_kill,last,3,509.6,1,Scourge,0,0,1,403/76/599,10,10,0,0,1,0
wingman_dc6a8-Account-81AD_20261002-011054_noe_kill,last,3,509.6,2,Troubadour,0,0,1,27/355/417,10,10,0,0,1,0
wingman_dc6a8-Account-81AD_20261002-011054_noe_kill,last,3,509.6,3,Evoker,1,0,1,329/0/558,10,10,0,0,1,0
wingman_dc6a8-Account-81AD_20261002-011054_noe_kill,last,3,509.6,4,Scourge,0,0,1,357/34/592,9,10,0,0,0,0
wingman_dc6a8-Account-81AD_20261002-011054_noe_kill,last,3,509.6,5,Troubadour,0,0,1,35/360/404,10,10,0,0,1,0
wingman_dc6a8-Account-81AD_20261002-011054_noe_kill,last,3,509.6,6,Weaver,1,0,1,421/558/0,10,10,0,0,0,0
wingman_dc6a8-Account-81AD_20261002-011054_noe_kill,last,3,509.6,7,Scourge,0,0,1,500/616/81,10,10,0,0,0,0
wingman_dc6a8-Account-81AD_20261002-011054_noe_kill,last,3,509.6,8,Scourge,0,0,1,411/578/49,10,10,0,0,0,0
wingman_dc6a8-Account-81AD_20261002-011054_noe_kill,last,3,509.6,9,Evoker,1,0,1,0/329/421,9,9,0,0,1,0
wingman_dc6a8-Account-81AD_20261002-011054_noe_kill,last,33,539.6,0,Willbender,0,0,1,530/546/81,10,10,0,0,1,0
wingman_dc6a8-Account-81AD_20261002-011054_noe_kill,last,33,539.6,1,Scourge,0,0,1,578/701/143,10,10,0,0,1,0
wingman_dc6a8-Account-81AD_20261002-011054_noe_kill,last,33,539.6,2,Troubadour,0,0,1,170/529/456,10,10,0,0,1,0
wingman_dc6a8-Account-81AD_20261002-011054_noe_kill,last,33,539.6,3,Evoker,1,0,1,492/563/0,10,10,0,0,1,0
wingman_dc6a8-Account-81AD_20261002-011054_noe_kill,last,33,539.6,4,Scourge,1,0,1,378/0/563,10,10,0,0,1,0
wingman_dc6a8-Account-81AD_20261002-011054_noe_kill,last,33,539.6,5,Troubadour,0,0,1,82/457/489,10,10,0,0,1,0
wingman_dc6a8-Account-81AD_20261002-011054_noe_kill,last,33,539.6,6,Weaver,0,0,1,504/165/726,10,10,0,0,0,0
wingman_dc6a8-Account-81AD_20261002-011054_noe_kill,last,33,539.6,7,Scourge,0,0,1,362/17/551,10,10,0,0,0,0
wingman_dc6a8-Account-81AD_20261002-011054_noe_kill,last,33,539.6,8,Scourge,0,0,1,509/131/649,10,10,0,0,0,0
wingman_dc6a8-Account-81AD_20261002-011054_noe_kill,last,33,539.6,9,Evoker,1,0,1,0/378/492,9,9,0,0,1,0
wingman_dc6a8-Account-81AD_20261002-011054_noe_kill,last,63,569.7,0,Willbender,0,0,1,707/148,10,10,0,0,0,0
wingman_dc6a8-Account-81AD_20261002-011054_noe_kill,last,63,569.7,1,Scourge,0,0,0,766/246,10,10,0,0,1,0
wingman_dc6a8-Account-81AD_20261002-011054_noe_kill,last,63,569.7,2,Troubadour,0,1,1,694/154,10,10,0,0,0,0
wingman_dc6a8-Account-81AD_20261002-011054_noe_kill,last,63,569.7,3,Evoker,0,0,1,607/61,10,10,0,0,1,0
wingman_dc6a8-Account-81AD_20261002-011054_noe_kill,last,63,569.7,5,Troubadour,1,0,1,560/0,10,10,0,0,1,0
wingman_dc6a8-Account-81AD_20261002-011054_noe_kill,last,63,569.7,7,Scourge,0,0,1,628/68,10,10,0,0,0,0
wingman_dc6a8-Account-81AD_20261002-011054_noe_kill,last,63,569.7,8,Scourge,0,0,1,614/77,10,10,0,0,0,0
wingman_e1a59-20261002-214446_noe_kill,early,,3.1,0,Troubadour,0,0,1,88,10,10,0,0,1,0
wingman_e1a59-20261002-214446_noe_kill,early,,3.1,1,Scourge,0,0,1,96,10,10,0,0,1,0
wingman_e1a59-20261002-214446_noe_kill,early,,3.1,2,Scourge,0,0,1,133,10,10,0,0,1,0
wingman_e1a59-20261002-214446_noe_kill,early,,3.1,3,Scourge,0,0,1,116,10,10,0,0,1,0
wingman_e1a59-20261002-214446_noe_kill,early,,3.1,4,Evoker,0,0,1,130,10,10,0,0,1,0
wingman_e1a59-20261002-214446_noe_kill,early,,3.1,5,Troubadour,0,0,1,68,10,10,0,0,1,0
wingman_e1a59-20261002-214446_noe_kill,early,,3.1,6,Scourge,0,0,1,52,10,10,0,0,1,0
wingman_e1a59-20261002-214446_noe_kill,early,,3.1,7,Scourge,0,0,1,53,10,10,0,0,1,0
wingman_e1a59-20261002-214446_noe_kill,early,,3.1,8,Scourge,0,0,1,152,10,10,0,0,1,0
wingman_e1a59-20261002-214446_noe_kill,early,,3.1,9,Specter,1,0,1,0,10,10,0,0,1,0
wingman_e1a59-20261002-214446_noe_kill,early,,50.6,0,Troubadour,0,0,1,44/390/406,10,10,0,0,1,0
wingman_e1a59-20261002-214446_noe_kill,early,,50.6,1,Scourge,0,0,1,382/389/74,10,10,0,0,0,0
wingman_e1a59-20261002-214446_noe_kill,early,,50.6,2,Scourge,0,0,1,375/400/59,10,10,0,0,1,0
wingman_e1a59-20261002-214446_noe_kill,early,,50.6,3,Scourge,1,0,1,380/454/0,10,10,0,0,1,0
wingman_e1a59-20261002-214446_noe_kill,early,,50.6,4,Evoker,0,0,1,390/400/68,10,10,0,0,1,0
wingman_e1a59-20261002-214446_noe_kill,early,,50.6,5,Troubadour,1,0,1,414/0/454,10,10,0,0,1,0
wingman_e1a59-20261002-214446_noe_kill,early,,50.6,6,Scourge,0,0,1,444/79/528,10,10,0,0,0,0
wingman_e1a59-20261002-214446_noe_kill,early,,50.6,7,Scourge,0,0,1,54/437/434,10,10,0,0,0,0
wingman_e1a59-20261002-214446_noe_kill,early,,50.6,8,Scourge,0,0,1,472/102/555,10,10,0,0,0,0
wingman_e1a59-20261002-214446_noe_kill,early,,50.6,9,Specter,1,0,1,0/414/380,10,10,0,0,0,0
wingman_e1a59-20261002-214446_noe_kill,early,,95.3,0,Troubadour,0,0,1,561/43/461,10,10,0,0,1,0
wingman_e1a59-20261002-214446_noe_kill,early,,95.3,1,Scourge,0,0,1,378/426/37,10,10,0,0,1,0
wingman_e1a59-20261002-214446_noe_kill,early,,95.3,2,Scourge,0,0,1,528/207/556,10,10,0,0,1,0
wingman_e1a59-20261002-214446_noe_kill,early,,95.3,3,Scourge,0,0,1,155/451/433,10,10,0,0,1,0
wingman_e1a59-20261002-214446_noe_kill,early,,95.3,4,Evoker,1,0,1,567/0/435,10,10,0,0,1,0
wingman_e1a59-20261002-214446_noe_kill,early,,95.3,5,Troubadour,0,0,1,127/468/421,10,10,0,0,1,0
wingman_e1a59-20261002-214446_noe_kill,early,,95.3,6,Scourge,0,0,1,666/109/478,10,10,0,0,0,0
wingman_e1a59-20261002-214446_noe_kill,early,,95.3,7,Scourge,1,0,1,0/567/414,10,10,0,0,0,0
wingman_e1a59-20261002-214446_noe_kill,early,,95.3,8,Scourge,0,0,1,513/362/133,10,10,0,0,0,0
wingman_e1a59-20261002-214446_noe_kill,early,,95.3,9,Specter,1,0,1,414/435/0,10,10,0,0,0,0
wingman_e1a59-20261002-214446_noe_kill,early,,140.0,0,Troubadour,0,0,1,751/100/563,10,10,0,0,1,0
wingman_e1a59-20261002-214446_noe_kill,early,,140.0,1,Scourge,1,0,1,580/606/0,10,10,0,0,0,0
wingman_e1a59-20261002-214446_noe_kill,early,,140.0,2,Scourge,0,0,1,116/615/474,10,10,0,0,0,0
wingman_e1a59-20261002-214446_noe_kill,early,,140.0,3,Scourge,0,0,1,681/35/606,10,10,0,0,0,0
wingman_e1a59-20261002-214446_noe_kill,early,,140.0,4,Evoker,0,0,1,562/655/60,10,10,0,0,0,0
wingman_e1a59-20261002-214446_noe_kill,early,,140.0,5,Troubadour,0,0,1,517/582/63,10,10,0,0,0,0
wingman_e1a59-20261002-214446_noe_kill,early,,140.0,6,Scourge,1,0,1,0/709/580,10,10,0,0,0,0
wingman_e1a59-20261002-214446_noe_kill,early,,140.0,7,Scourge,0,0,1,151/772/507,10,10,0,0,0,0
wingman_e1a59-20261002-214446_noe_kill,early,,140.0,8,Scourge,1,0,1,709/0/606,10,10,0,0,0,0
wingman_e1a59-20261002-214446_noe_kill,early,,140.0,9,Specter,0,0,1,435/670/178,10,10,0,0,0,0
wingman_e1a59-20261002-214446_noe_kill,early,,194.6,0,Troubadour,1,0,1,339/0/379,10,10,0,0,0,0
wingman_e1a59-20261002-214446_noe_kill,early,,194.6,1,Scourge,0,0,1,182/433/287,10,10,0,0,1,0
wingman_e1a59-20261002-214446_noe_kill,early,,194.6,2,Scourge,0,0,1,326/41/338,10,10,0,0,0,0
wingman_e1a59-20261002-214446_noe_kill,early,,194.6,3,Scourge,0,0,1,311/336/73,10,10,0,0,1,0
wingman_e1a59-20261002-214446_noe_kill,early,,194.6,4,Evoker,0,0,1,7/346/390,10,10,0,0,1,0
wingman_e1a59-20261002-214446_noe_kill,early,,194.6,5,Troubadour,1,0,1,0/339/384,10,10,0,0,0,0
wingman_e1a59-20261002-214446_noe_kill,early,,194.6,6,Scourge,0,0,1,386/431/66,10,10,0,0,0,0
wingman_e1a59-20261002-214446_noe_kill,early,,194.6,7,Scourge,0,0,1,170/404/548,10,10,0,0,0,0
wingman_e1a59-20261002-214446_noe_kill,early,,194.6,8,Scourge,0,0,1,375/73/336,10,10,0,0,0,0
wingman_e1a59-20261002-214446_noe_kill,early,,194.6,9,Specter,1,0,1,384/379/0,10,10,0,0,0,0
wingman_e1a59-20261002-214446_noe_kill,early,,239.4,0,Troubadour,0,0,1,382/377/61,10,10,0,0,1,0
wingman_e1a59-20261002-214446_noe_kill,early,,239.4,1,Scourge,0,0,1,64/385/385,10,10,0,0,1,0
wingman_e1a59-20261002-214446_noe_kill,early,,239.4,2,Scourge,0,0,1,318/329/20,10,10,0,0,1,0
wingman_e1a59-20261002-214446_noe_kill,early,,239.4,3,Scourge,0,0,1,351/9/354,10,10,0,0,1,0
wingman_e1a59-20261002-214446_noe_kill,early,,239.4,4,Evoker,1,0,1,353/0/348,10,10,0,0,1,0
wingman_e1a59-20261002-214446_noe_kill,early,,239.4,5,Troubadour,1,0,1,0/353/320,10,10,0,0,1,0
wingman_e1a59-20261002-214446_noe_kill,early,,239.4,6,Scourge,0,0,1,24/334/326,10,10,0,0,1,0
wingman_e1a59-20261002-214446_noe_kill,early,,239.4,7,Scourge,0,0,1,367/17/363,10,10,0,0,1,0
wingman_e1a59-20261002-214446_noe_kill,early,,239.4,8,Scourge,1,0,1,320/348/0,10,10,0,0,1,0
wingman_e1a59-20261002-214446_noe_kill,early,,239.4,9,Specter,0,0,1,91/340/391,10,10,0,0,1,0
wingman_e1a59-20261002-214446_noe_kill,early,,289.8,0,Troubadour,0,0,1,637/133/327,10,10,0,0,1,0
wingman_e1a59-20261002-214446_noe_kill,early,,289.8,1,Scourge,0,0,1,118/741/432,10,10,0,0,0,0
wingman_e1a59-20261002-214446_noe_kill,early,,289.8,2,Scourge,0,0,1,65/647/345,10,10,0,0,0,0
wingman_e1a59-20261002-214446_noe_kill,early,,289.8,3,Scourge,0,0,1,686/96/363,10,10,0,0,0,0
wingman_e1a59-20261002-214446_noe_kill,early,,289.8,4,Evoker,0,0,1,366/329/117,10,10,0,0,0,0
wingman_e1a59-20261002-214446_noe_kill,early,,289.8,5,Troubadour,0,0,1,340/390/161,10,10,0,0,1,0
wingman_e1a59-20261002-214446_noe_kill,early,,289.8,6,Scourge,1,0,1,333/309/0,10,10,0,0,1,0
wingman_e1a59-20261002-214446_noe_kill,early,,289.8,7,Scourge,1,0,1,641/0/309,10,10,0,0,1,0
wingman_e1a59-20261002-214446_noe_kill,early,,289.8,8,Scourge,1,0,1,0/641/333,10,10,0,0,1,0
wingman_e1a59-20261002-214446_noe_kill,early,,289.8,9,Specter,0,0,1,427/296/158,10,10,0,0,1,0
wingman_e1a59-20261002-214446_noe_kill,early,,337.0,0,Troubadour,0,0,1,429/36/474,10,10,0,0,1,0
wingman_e1a59-20261002-214446_noe_kill,early,,337.0,1,Scourge,0,0,1,378/473/18,10,10,0,0,0,0
wingman_e1a59-20261002-214446_noe_kill,early,,337.0,2,Scourge,0,0,1,461/537/69,10,10,0,0,0,0
wingman_e1a59-20261002-214446_noe_kill,early,,337.0,3,Scourge,1,0,1,463/0/487,10,10,0,0,0,0
wingman_e1a59-20261002-214446_noe_kill,early,,337.0,4,Evoker,1,0,1,395/487/0,10,10,0,0,0,0
wingman_e1a59-20261002-214446_noe_kill,early,,337.0,5,Troubadour,0,0,1,47/432/351,10,10,0,0,1,0
wingman_e1a59-20261002-214446_noe_kill,early,,337.0,6,Scourge,0,0,1,42/425/398,10,10,0,0,0,0
wingman_e1a59-20261002-214446_noe_kill,early,,337.0,7,Scourge,0,0,1,470/27/472,10,10,0,0,0,0
wingman_e1a59-20261002-214446_noe_kill,early,,337.0,8,Scourge,0,0,1,118/383/449,10,10,0,0,0,0
wingman_e1a59-20261002-214446_noe_kill,early,,337.0,9,Specter,1,0,1,0/463/395,10,10,0,0,0,0
wingman_e1a59-20261002-214446_noe_kill,early,,385.0,0,Troubadour,0,0,1,495/400/70,10,10,0,0,1,0
wingman_e1a59-20261002-214446_noe_kill,early,,385.0,1,Scourge,1,0,1,430/406/0,10,10,0,0,1,0
wingman_e1a59-20261002-214446_noe_kill,early,,385.0,2,Scourge,0,0,1,488/485/86,10,10,0,0,1,0
wingman_e1a59-20261002-214446_noe_kill,early,,385.0,3,Scourge,0,0,1,600/95/419,10,10,0,0,1,0
wingman_e1a59-20261002-214446_noe_kill,early,,385.0,4,Evoker,0,0,1,26/500/404,10,10,0,0,1,0
wingman_e1a59-20261002-214446_noe_kill,early,,385.0,5,Troubadour,0,0,1,41/534/410,10,10,0,0,1,0
wingman_e1a59-20261002-214446_noe_kill,early,,385.0,6,Scourge,0,0,1,642/123/485,10,10,0,0,0,0
wingman_e1a59-20261002-214446_noe_kill,early,,385.0,7,Scourge,0,0,1,538/587/184,10,10,0,0,0,0
wingman_e1a59-20261002-214446_noe_kill,early,,385.0,8,Scourge,1,0,1,519/0/406,10,10,0,0,0,0
wingman_e1a59-20261002-214446_noe_kill,early,,385.0,9,Specter,1,0,1,0/519/430,10,10,0,0,0,0
wingman_e1a59-20261002-214446_noe_kill,early,,429.5,0,Troubadour,0,0,1,556/95/458,10,10,0,0,0,0
wingman_e1a59-20261002-214446_noe_kill,early,,429.5,1,Scourge,0,0,1,583/30/398,10,10,0,0,1,0
wingman_e1a59-20261002-214446_noe_kill,early,,429.5,2,Scourge,1,0,1,938/379/0,10,10,0,0,0,0
wingman_e1a59-20261002-214446_noe_kill,early,,429.5,3,Scourge,0,0,1,70/521/868,10,10,0,0,1,0
wingman_e1a59-20261002-214446_noe_kill,early,,429.5,4,Evoker,1,0,1,0/587/938,10,10,0,0,0,0
wingman_e1a59-20261002-214446_noe_kill,early,,429.5,5,Troubadour,0,0,1,1000/417/122,10,10,0,0,1,0
wingman_e1a59-20261002-214446_noe_kill,early,,429.5,6,Scourge,0,0,1,1013/447/78,10,10,0,0,0,0
wingman_e1a59-20261002-214446_noe_kill,early,,429.5,7,Scourge,1,0,1,587/0/379,10,10,0,0,0,0
wingman_e1a59-20261002-214446_noe_kill,early,,429.5,8,Scourge,0,0,1,71/561/898,10,10,0,0,0,0
wingman_e1a59-20261002-214446_noe_kill,early,,429.5,9,Specter,0,0,1,136/723/1073,10,10,0,0,0,0
wingman_e1a59-20261002-214446_noe_kill,last,3,507.8,0,Troubadour,1,0,1,527/0/436,10,10,0,0,1,0
wingman_e1a59-20261002-214446_noe_kill,last,3,507.8,1,Scourge,1,0,1,0/527/386,10,10,0,0,0,0
wingman_e1a59-20261002-214446_noe_kill,last,3,507.8,2,Scourge,0,0,1,102/618/480,10,10,0,0,0,0
wingman_e1a59-20261002-214446_noe_kill,last,3,507.8,3,Scourge,0,0,1,543/74/395,10,10,0,0,1,0
wingman_e1a59-20261002-214446_noe_kill,last,3,507.8,4,Evoker,0,0,1,81/603/457,10,10,0,0,0,0
wingman_e1a59-20261002-214446_noe_kill,last,3,507.8,5,Troubadour,0,0,1,381/397/39,10,10,0,0,1,0
wingman_e1a59-20261002-214446_noe_kill,last,3,507.8,6,Scourge,0,0,1,568/101/400,10,10,0,0,1,0
wingman_e1a59-20261002-214446_noe_kill,last,3,507.8,7,Scourge,0,0,1,355/526/106,9,9,0,0,0,0
wingman_e1a59-20261002-214446_noe_kill,last,3,507.8,8,Scourge,1,0,1,386/436/0,10,10,0,0,0,0
wingman_e1a59-20261002-214446_noe_kill,last,3,507.8,9,Specter,0,0,1,390/583/154,10,10,0,0,0,0
wingman_e1a59-20261002-214446_noe_kill,last,33,537.8,0,Troubadour,0,0,1,377/63/515,10,10,0,0,1,0
wingman_e1a59-20261002-214446_noe_kill,last,33,537.8,1,Scourge,1,0,1,0/440/470,10,10,0,0,1,0
wingman_e1a59-20261002-214446_noe_kill,last,33,537.8,2,Scourge,0,0,1,318/489/154,10,10,0,0,1,0
wingman_e1a59-20261002-214446_noe_kill,last,33,537.8,3,Scourge,0,0,1,208/464/266,10,10,0,0,1,0
wingman_e1a59-20261002-214446_noe_kill,last,33,537.8,4,Evoker,1,0,1,470/549/0,10,10,0,0,0,0
wingman_e1a59-20261002-214446_noe_kill,last,33,537.8,5,Troubadour,0,0,1,26/423/447,10,10,0,0,1,0
wingman_e1a59-20261002-214446_noe_kill,last,33,537.8,6,Scourge,0,0,1,450/74/492,10,10,0,0,1,0
wingman_e1a59-20261002-214446_noe_kill,last,33,537.8,7,Scourge,0,0,1,410/471/79,10,10,0,0,1,0
wingman_e1a59-20261002-214446_noe_kill,last,33,537.8,8,Scourge,0,0,1,424/564/74,10,10,0,0,1,0
wingman_e1a59-20261002-214446_noe_kill,last,33,537.8,9,Specter,1,0,1,440/0/549,10,10,0,0,1,0
wingman_e1a59-20261002-214446_noe_kill,last,63,567.9,0,Troubadour,0,0,0,283,10,10,0,0,1,0
wingman_e1a59-20261002-214446_noe_kill,last,63,567.9,1,Scourge,1,1,1,0,10,10,0,0,0,0
wingman_e1a59-20261002-214446_noe_kill,last,63,567.9,2,Scourge,0,0,1,130,10,10,0,0,0,0
wingman_e1a59-20261002-214446_noe_kill,last,63,567.9,3,Scourge,0,0,1,102,10,10,0,0,0,0
wingman_e1a59-20261002-214446_noe_kill,last,63,567.9,4,Evoker,0,0,1,51,10,10,0,0,0,0
wingman_e1a59-20261002-214446_noe_kill,last,63,567.9,5,Troubadour,0,0,1,186,10,10,0,0,1,0
wingman_e1a59-20261002-214446_noe_kill,last,63,567.9,6,Scourge,0,0,1,85,10,10,0,0,1,0
wingman_e1a59-20261002-214446_noe_kill,last,63,567.9,7,Scourge,0,0,1,196,10,10,0,0,1,0
wingman_e1a59-20261002-214446_noe_kill,last,63,567.9,8,Scourge,0,0,0,255,10,10,0,0,1,0
wingman_e1a59-20261002-214446_noe_kill,last,63,567.9,9,Specter,0,0,1,83,10,10,0,0,1,0
wingman_eadca-Account-7C4C_20261001-001023_noe_fail,early,,2.5,0,Scourge,0,0,1,177,10,10,0,0,1,0
wingman_eadca-Account-7C4C_20261001-001023_noe_fail,early,,2.5,1,Troubadour,1,0,1,0,10,10,0,0,1,0
wingman_eadca-Account-7C4C_20261001-001023_noe_fail,early,,2.5,2,Scourge,0,0,1,88,10,10,0,0,1,0
wingman_eadca-Account-7C4C_20261001-001023_noe_fail,early,,2.5,3,Scourge,0,0,1,109,10,10,0,0,1,0
wingman_eadca-Account-7C4C_20261001-001023_noe_fail,early,,2.5,4,Specter,0,0,1,176,10,10,0,0,1,0
wingman_eadca-Account-7C4C_20261001-001023_noe_fail,early,,2.5,5,Specter,0,0,0,307,10,10,0,0,1,0
wingman_eadca-Account-7C4C_20261001-001023_noe_fail,early,,2.5,6,Troubadour,0,0,1,84,10,10,0,0,1,0
wingman_eadca-Account-7C4C_20261001-001023_noe_fail,early,,2.5,7,Scourge,0,0,1,86,10,10,0,0,1,0
wingman_eadca-Account-7C4C_20261001-001023_noe_fail,early,,2.5,8,Chronomancer,0,0,1,222,10,10,0,0,1,0
wingman_eadca-Account-7C4C_20261001-001023_noe_fail,early,,2.5,9,Scourge,0,0,1,97,10,10,0,0,1,0
wingman_eadca-Account-7C4C_20261001-001023_noe_fail,early,,49.5,0,Scourge,0,0,1,414/99/716,10,10,0,0,0,0
wingman_eadca-Account-7C4C_20261001-001023_noe_fail,early,,49.5,1,Troubadour,1,0,1,0/412/403,10,10,0,0,1,0
wingman_eadca-Account-7C4C_20261001-001023_noe_fail,early,,49.5,2,Scourge,0,0,1,448/634/114,10,10,0,0,0,0
wingman_eadca-Account-7C4C_20261001-001023_noe_fail,early,,49.5,3,Scourge,0,0,1,457/634/128,10,10,0,0,0,0
wingman_eadca-Account-7C4C_20261001-001023_noe_fail,early,,49.5,4,Specter,1,0,1,412/0/663,10,10,0,0,0,0
wingman_eadca-Account-7C4C_20261001-001023_noe_fail,early,,49.5,5,Specter,0,0,1,370/572/106,10,10,0,0,0,0
wingman_eadca-Account-7C4C_20261001-001023_noe_fail,early,,49.5,6,Troubadour,0,0,1,40/416/441,10,10,0,0,1,0
wingman_eadca-Account-7C4C_20261001-001023_noe_fail,early,,49.5,7,Scourge,0,0,1,54/460/417,10,10,0,0,0,0
wingman_eadca-Account-7C4C_20261001-001023_noe_fail,early,,49.5,8,Chronomancer,1,0,1,403/663/0,10,10,0,0,0,0
wingman_eadca-Account-7C4C_20261001-001023_noe_fail,early,,49.5,9,Scourge,0,0,1,407/33/678,10,10,0,0,0,0
wingman_eadca-Account-7C4C_20261001-001023_noe_fail,early,,94.2,0,Scourge,0,0,1,468/702/162,10,10,0,0,0,0
wingman_eadca-Account-7C4C_20261001-001023_noe_fail,early,,94.2,1,Troubadour,0,0,1,145/628/381,10,10,0,0,1,0
wingman_eadca-Account-7C4C_20261001-001023_noe_fail,early,,94.2,2,Scourge,0,0,1,480/62/486,10,10,0,0,0,0
wingman_eadca-Account-7C4C_20261001-001023_noe_fail,early,,94.2,3,Scourge,0,0,1,535/36/573,10,10,0,0,0,0
wingman_eadca-Account-7C4C_20261001-001023_noe_fail,early,,94.2,4,Specter,1,0,1,393/542/0,10,10,0,0,0,0
wingman_eadca-Account-7C4C_20261001-001023_noe_fail,early,,94.2,5,Specter,1,0,1,500/0/542,10,10,0,0,0,0
wingman_eadca-Account-7C4C_20261001-001023_noe_fail,early,,94.2,6,Troubadour,0,0,1,78/576/434,10,10,0,0,1,0
wingman_eadca-Account-7C4C_20261001-001023_noe_fail,early,,94.2,7,Scourge,0,0,1,52/542/435,10,10,0,0,0,0
wingman_eadca-Account-7C4C_20261001-001023_noe_fail,early,,94.2,8,Chronomancer,1,0,1,0/500/393,10,10,0,0,0,0
wingman_eadca-Account-7C4C_20261001-001023_noe_fail,early,,94.2,9,Scourge,0,0,1,450/601/67,10,10,0,0,0,0
wingman_eadca-Account-7C4C_20261001-001023_noe_fail,early,,145.8,0,Scourge,0,0,1,904/904/124,10,10,0,0,0,0
wingman_eadca-Account-7C4C_20261001-001023_noe_fail,early,,145.8,1,Troubadour,0,0,1,50/533/834,10,10,0,0,1,0
wingman_eadca-Account-7C4C_20261001-001023_noe_fail,early,,145.8,2,Scourge,0,0,1,445/76/815,10,10,0,0,1,0
wingman_eadca-Account-7C4C_20261001-001023_noe_fail,early,,145.8,3,Scourge,0,0,1,413/89/768,10,10,0,0,1,0
wingman_eadca-Account-7C4C_20261001-001023_noe_fail,early,,145.8,4,Specter,1,0,1,785/785/0,10,10,0,0,0,0
wingman_eadca-Account-7C4C_20261001-001023_noe_fail,early,,145.8,5,Specter,1,0,1,502/0/785,10,10,0,0,1,0
wingman_eadca-Account-7C4C_20261001-001023_noe_fail,early,,145.8,6,Troubadour,0,0,1,54/492/731,10,10,0,0,1,0
wingman_eadca-Account-7C4C_20261001-001023_noe_fail,early,,145.8,7,Scourge,1,0,1,0/502/785,10,10,0,0,1,0
wingman_eadca-Account-7C4C_20261001-001023_noe_fail,early,,145.8,8,Chronomancer,0,0,1,85/476/851,10,10,0,0,1,0
wingman_eadca-Account-7C4C_20261001-001023_noe_fail,early,,145.8,9,Scourge,0,0,1,949/917/164,10,10,0,0,1,0
wingman_eadca-Account-7C4C_20261001-001023_noe_fail,early,,201.0,0,Scourge,0,0,1,880/756/91,10,10,0,0,1,0
wingman_eadca-Account-7C4C_20261001-001023_noe_fail,early,,201.0,1,Troubadour,0,0,1,48/459/827,10,10,0,0,1,0
wingman_eadca-Account-7C4C_20261001-001023_noe_fail,early,,201.0,2,Scourge,1,0,1,790/673/0,10,10,0,0,1,0
wingman_eadca-Account-7C4C_20261001-001023_noe_fail,early,,201.0,3,Scourge,0,0,1,337/160/759,10,10,0,0,1,0
wingman_eadca-Account-7C4C_20261001-001023_noe_fail,early,,201.0,4,Specter,0,0,1,867/787/118,10,10,0,0,1,0
wingman_eadca-Account-7C4C_20261001-001023_noe_fail,early,,201.0,5,Specter,1,0,1,464/0/673,10,10,0,0,1,0
wingman_eadca-Account-7C4C_20261001-001023_noe_fail,early,,201.0,6,Troubadour,0,0,1,379/89/649,10,10,0,0,1,0
wingman_eadca-Account-7C4C_20261001-001023_noe_fail,early,,201.0,7,Scourge,0,0,1,172/418/619,10,10,0,0,1,0
wingman_eadca-Account-7C4C_20261001-001023_noe_fail,early,,201.0,8,Chronomancer,0,0,1,64/467/736,10,10,0,0,1,0
wingman_eadca-Account-7C4C_20261001-001023_noe_fail,early,,201.0,9,Scourge,1,0,1,0/464/790,10,10,0,0,1,0
wingman_eadca-Account-7C4C_20261001-001023_noe_fail,early,,247.1,0,Scourge,1,0,1,763/0/586,10,10,0,0,1,0
wingman_eadca-Account-7C4C_20261001-001023_noe_fail,early,,247.1,1,Troubadour,1,0,1,0/763/447,10,10,0,0,1,0
wingman_eadca-Account-7C4C_20261001-001023_noe_fail,early,,247.1,2,Scourge,0,0,1,388/621/67,10,10,0,0,1,0
wingman_eadca-Account-7C4C_20261001-001023_noe_fail,early,,247.1,3,Scourge,0,0,1,486/614/48,10,10,0,0,0,0
wingman_eadca-Account-7C4C_20261001-001023_noe_fail,early,,247.1,4,Specter,0,0,1,750/160/670,10,10,0,0,0,0
wingman_eadca-Account-7C4C_20261001-001023_noe_fail,early,,247.1,5,Specter,1,0,1,447/586/0,10,10,0,0,1,0
wingman_eadca-Account-7C4C_20261001-001023_noe_fail,early,,247.1,6,Troubadour,0,0,1,70/693/407,10,10,0,0,1,0
wingman_eadca-Account-7C4C_20261001-001023_noe_fail,early,,247.1,7,Scourge,0,0,1,49/714/416,10,10,0,0,1,0
wingman_eadca-Account-7C4C_20261001-001023_noe_fail,early,,247.1,8,Chronomancer,0,0,1,63/711/444,10,10,0,0,1,0
wingman_eadca-Account-7C4C_20261001-001023_noe_fail,early,,247.1,9,Scourge,0,0,1,755/53/610,10,10,0,0,1,0
wingman_eadca-Account-7C4C_20261001-001023_noe_fail,early,,310.4,0,Scourge,0,0,1,993/32/1443,10,10,0,0,1,0
wingman_eadca-Account-7C4C_20261001-001023_noe_fail,early,,310.4,1,Troubadour,0,0,1,60/985/929,10,10,0,0,0,0
wingman_eadca-Account-7C4C_20261001-001023_noe_fail,early,,310.4,2,Scourge,0,0,1,1027/1452/43,10,10,0,0,1,0
wingman_eadca-Account-7C4C_20261001-001023_noe_fail,early,,310.4,3,Scourge,0,0,1,836/1361/169,10,10,0,0,1,0
wingman_eadca-Account-7C4C_20261001-001023_noe_fail,early,,310.4,4,Specter,1,0,1,962/0/1415,10,10,0,0,0,0
wingman_eadca-Account-7C4C_20261001-001023_noe_fail,early,,310.4,5,Specter,1,0,1,985/1415/0,10,10,0,0,1,0
wingman_eadca-Account-7C4C_20261001-001023_noe_fail,early,,310.4,6,Troubadour,0,0,1,30/989/996,10,10,0,0,0,0
wingman_eadca-Account-7C4C_20261001-001023_noe_fail,early,,310.4,7,Scourge,0,0,1,63/997/931,10,10,0,0,1,0
wingman_eadca-Account-7C4C_20261001-001023_noe_fail,early,,310.4,8,Chronomancer,1,0,1,0/962/985,10,10,0,0,1,0
wingman_eadca-Account-7C4C_20261001-001023_noe_fail,early,,310.4,9,Scourge,0,0,1,998/36/1440,10,10,0,0,0,0
wingman_eadca-Account-7C4C_20261001-001023_noe_fail,early,,357.6,0,Scourge,0,0,1,543/814/173,10,10,0,0,1,0
wingman_eadca-Account-7C4C_20261001-001023_noe_fail,early,,357.6,1,Troubadour,1,0,1,409/646/0,10,10,0,0,1,0
wingman_eadca-Account-7C4C_20261001-001023_noe_fail,early,,357.6,2,Scourge,0,0,1,580/55/681,10,10,0,0,0,0
wingman_eadca-Account-7C4C_20261001-001023_noe_fail,early,,357.6,3,Scourge,0,0,1,545/34/621,10,10,0,0,1,0
wingman_eadca-Account-7C4C_20261001-001023_noe_fail,early,,357.6,4,Specter,0,0,1,509/770/128,10,10,0,0,1,0
wingman_eadca-Account-7C4C_20261001-001023_noe_fail,early,,357.6,5,Specter,1,0,1,579/0/646,10,10,0,0,0,0
wingman_eadca-Account-7C4C_20261001-001023_noe_fail,early,,357.6,6,Troubadour,0,0,1,22/587/389,10,10,0,0,1,0
wingman_eadca-Account-7C4C_20261001-001023_noe_fail,early,,357.6,7,Scourge,0,0,1,124/669/349,10,10,0,0,0,0
wingman_eadca-Account-7C4C_20261001-001023_noe_fail,early,,357.6,8,Chronomancer,1,0,1,0/579/409,10,10,0,0,0,0
wingman_eadca-Account-7C4C_20261001-001023_noe_fail,early,,357.6,9,Scourge,0,0,1,464/763/117,10,10,0,0,1,0
wingman_eadca-Account-7C4C_20261001-001023_noe_fail,early,,403.6,0,Scourge,0,0,1,139/857/531,10,10,0,0,1,0
wingman_eadca-Account-7C4C_20261001-001023_noe_fail,early,,403.6,1,Troubadour,0,0,1,425/626/18,10,10,0,0,1,0
wingman_eadca-Account-7C4C_20261001-001023_noe_fail,early,,403.6,2,Scourge,0,0,1,839/122/724,10,10,0,0,1,0
wingman_eadca-Account-7C4C_20261001-001023_noe_fail,early,,403.6,3,Scourge,1,0,1,719/0/611,10,10,0,0,1,0
wingman_eadca-Account-7C4C_20261001-001023_noe_fail,early,,403.6,4,Specter,0,0,1,93/794/432,10,10,0,0,1,0
wingman_eadca-Account-7C4C_20261001-001023_noe_fail,early,,403.6,5,Specter,0,0,1,812/94/682,10,10,0,0,1,0
wingman_eadca-Account-7C4C_20261001-001023_noe_fail,early,,403.6,6,Troubadour,0,0,1,369/573/75,10,10,0,0,1,0
wingman_eadca-Account-7C4C_20261001-001023_noe_fail,early,,403.6,7,Scourge,1,0,1,0/719/433,10,10,0,0,1,0
wingman_eadca-Account-7C4C_20261001-001023_noe_fail,early,,403.6,8,Chronomancer,1,0,1,433/611/0,10,10,0,0,1,0
wingman_eadca-Account-7C4C_20261001-001023_noe_fail,early,,403.6,9,Scourge,0,0,1,104/822/486,10,10,0,0,0,0
wingman_eadca-Account-7C4C_20261001-001023_noe_fail,early,,448.3,0,Scourge,0,0,1,624/78/427,10,10,0,0,0,0
wingman_eadca-Account-7C4C_20261001-001023_noe_fail,early,,448.3,1,Troubadour,1,0,1,873/380/0,10,10,0,0,1,0
wingman_eadca-Account-7C4C_20261001-001023_noe_fail,early,,448.3,2,Scourge,0,0,1,88/534/794,10,10,0,0,0,0
wingman_eadca-Account-7C4C_20261001-001023_noe_fail,early,,448.3,3,Scourge,0,0,1,129/565/798,10,10,0,0,0,0
wingman_eadca-Account-7C4C_20261001-001023_noe_fail,early,,448.3,4,Specter,1,0,1,0/592/873,10,10,0,0,0,0
wingman_eadca-Account-7C4C_20261001-001023_noe_fail,early,,448.3,5,Specter,0,0,1,905/437/63,10,10,0,0,1,0
wingman_eadca-Account-7C4C_20261001-001023_noe_fail,early,,448.3,6,Troubadour,1,0,1,592/0/380,10,10,0,0,0,0
wingman_eadca-Account-7C4C_20261001-001023_noe_fail,early,,448.3,7,Scourge,0,0,1,534/65/439,10,10,0,0,0,0
wingman_eadca-Account-7C4C_20261001-001023_noe_fail,early,,448.3,8,Chronomancer,0,0,1,957/440/89,10,10,0,0,0,0
wingman_eadca-Account-7C4C_20261001-001023_noe_fail,early,,448.3,9,Scourge,0,0,1,108/526/779,10,10,0,0,1,0
wingman_eadca-Account-7C4C_20261001-001023_noe_fail,last,3,519.7,0,Scourge,0,0,1,488/991/26,10,10,0,0,1,0
wingman_eadca-Account-7C4C_20261001-001023_noe_fail,last,3,519.7,1,Troubadour,0,0,1,61/535/524,10,10,0,0,1,0
wingman_eadca-Account-7C4C_20261001-001023_noe_fail,last,3,519.7,2,Scourge,0,0,1,505/88/931,10,10,0,0,1,0
wingman_eadca-Account-7C4C_20261001-001023_noe_fail,last,3,519.7,3,Scourge,0,0,1,472/123/877,10,10,0,0,1,0
wingman_eadca-Account-7C4C_20261001-001023_noe_fail,last,3,519.7,4,Specter,1,0,1,505/999/0,10,10,0,0,1,0
wingman_eadca-Account-7C4C_20261001-001023_noe_fail,last,3,519.7,5,Specter,1,0,1,589/0/999,10,10,0,0,0,0
wingman_eadca-Account-7C4C_20261001-001023_noe_fail,last,3,519.7,6,Troubadour,0,0,1,32/595/525,9,9,0,0,1,0
wingman_eadca-Account-7C4C_20261001-001023_noe_fail,last,3,519.7,7,Scourge,0,0,1,45/620/460,10,10,0,0,1,0
wingman_eadca-Account-7C4C_20261001-001023_noe_fail,last,3,519.7,8,Chronomancer,1,0,1,0/589/505,10,10,0,0,1,0
wingman_eadca-Account-7C4C_20261001-001023_noe_fail,last,3,519.7,9,Scourge,0,0,1,503/978/40,10,10,0,0,1,0
wingman_eadca-Account-7C4C_20261001-001023_noe_fail,last,33,549.7,1,Troubadour,0,0,1,654/101/928,10,10,0,0,1,0
wingman_eadca-Account-7C4C_20261001-001023_noe_fail,last,33,549.7,2,Scourge,0,0,1,666/90/959,10,10,0,0,0,0
wingman_eadca-Account-7C4C_20261001-001023_noe_fail,last,33,549.7,3,Scourge,0,0,1,868/950/118,10,10,0,0,0,0
wingman_eadca-Account-7C4C_20261001-001023_noe_fail,last,33,549.7,4,Specter,1,0,1,813/971/0,10,10,0,0,0,0
wingman_eadca-Account-7C4C_20261001-001023_noe_fail,last,33,549.7,6,Troubadour,1,0,1,599/0/971,9,9,0,0,1,0
wingman_eadca-Account-7C4C_20261001-001023_noe_fail,last,33,549.7,7,Scourge,0,1,1,74/672/834,10,7,3,0,0,1
wingman_eadca-Account-7C4C_20261001-001023_noe_fail,last,33,549.7,8,Chronomancer,1,1,1,0/599/813,10,7,3,0,0,1
wingman_eadca-Account-7C4C_20261001-001023_noe_fail,last,33,549.7,9,Scourge,0,0,1,940/1040/139,10,10,0,0,0,0
wingman_f9dda-20261002-215908_noe_kill,early,,3.1,0,Troubadour,0,0,1,79,10,10,0,0,1,0
wingman_f9dda-20261002-215908_noe_kill,early,,3.1,1,Conduit,0,0,1,187,10,10,0,0,1,0
wingman_f9dda-20261002-215908_noe_kill,early,,3.1,2,Luminary,0,0,1,141,10,10,0,0,1,0
wingman_f9dda-20261002-215908_noe_kill,early,,3.1,3,Scourge,0,0,1,143,10,10,0,0,1,0
wingman_f9dda-20261002-215908_noe_kill,early,,3.1,4,Evoker,0,0,1,50,10,10,0,0,1,0
wingman_f9dda-20261002-215908_noe_kill,early,,3.1,5,Troubadour,1,0,1,0,10,10,0,0,1,0
wingman_f9dda-20261002-215908_noe_kill,early,,3.1,6,Evoker,0,0,1,85,10,10,0,0,1,0
wingman_f9dda-20261002-215908_noe_kill,early,,3.1,7,Scourge,0,0,1,230,10,10,0,0,1,0
wingman_f9dda-20261002-215908_noe_kill,early,,3.1,8,Evoker,0,0,1,223,10,10,0,0,1,0
wingman_f9dda-20261002-215908_noe_kill,early,,3.1,9,Scourge,0,0,0,298,10,10,0,0,1,0
wingman_f9dda-20261002-215908_noe_kill,early,,51.3,0,Troubadour,0,0,1,80/403/423,10,10,0,0,1,0
wingman_f9dda-20261002-215908_noe_kill,early,,51.3,1,Conduit,1,0,1,334/0/378,10,10,0,0,1,0
wingman_f9dda-20261002-215908_noe_kill,early,,51.3,2,Luminary,1,0,1,419/378/0,10,10,0,0,0,0
wingman_f9dda-20261002-215908_noe_kill,early,,51.3,3,Scourge,0,0,1,419/397/25,10,10,0,0,1,0
wingman_f9dda-20261002-215908_noe_kill,early,,51.3,4,Evoker,0,0,1,318/378/125,10,10,0,0,0,0
wingman_f9dda-20261002-215908_noe_kill,early,,51.3,5,Troubadour,1,0,1,0/334/419,10,10,0,0,1,0
wingman_f9dda-20261002-215908_noe_kill,early,,51.3,6,Evoker,0,0,1,345/52/429,10,10,0,0,1,0
wingman_f9dda-20261002-215908_noe_kill,early,,51.3,7,Scourge,0,0,1,376/132/509,10,10,0,0,1,0
wingman_f9dda-20261002-215908_noe_kill,early,,51.3,8,Evoker,0,0,1,32/359/416,10,10,0,0,0,0
wingman_f9dda-20261002-215908_noe_kill,early,,51.3,9,Scourge,0,0,1,372/164/536,10,10,0,0,1,0
wingman_f9dda-20261002-215908_noe_kill,early,,96.2,0,Troubadour,0,0,1,116/343/307,10,10,0,0,1,0
wingman_f9dda-20261002-215908_noe_kill,early,,96.2,1,Conduit,1,0,1,413/413/0,10,10,0,0,0,0
wingman_f9dda-20261002-215908_noe_kill,early,,96.2,2,Luminary,1,0,1,425/0/413,10,10,0,0,0,0
wingman_f9dda-20261002-215908_noe_kill,early,,96.2,3,Scourge,0,0,1,422/9/419,10,10,0,0,0,0
wingman_f9dda-20261002-215908_noe_kill,early,,96.2,4,Evoker,0,0,1,353/73/371,10,10,0,0,0,0
wingman_f9dda-20261002-215908_noe_kill,early,,96.2,5,Troubadour,0,0,1,89/349/341,10,10,0,0,1,0
wingman_f9dda-20261002-215908_noe_kill,early,,96.2,6,Evoker,1,0,1,0/425/413,10,10,0,0,0,0
wingman_f9dda-20261002-215908_noe_kill,early,,96.2,7,Scourge,0,0,1,388/482/98,10,10,0,0,0,0
wingman_f9dda-20261002-215908_noe_kill,early,,96.2,8,Evoker,0,0,1,396/102/480,10,10,0,0,0,0
wingman_f9dda-20261002-215908_noe_kill,early,,96.2,9,Scourge,0,0,1,297/459/159,10,10,0,0,0,0
wingman_f9dda-20261002-215908_noe_kill,early,,141.4,0,Troubadour,0,0,1,106/449/279,10,10,0,0,1,0
wingman_f9dda-20261002-215908_noe_kill,early,,141.4,1,Conduit,0,0,1,385/614/54,10,10,0,0,1,0
wingman_f9dda-20261002-215908_noe_kill,early,,141.4,2,Luminary,1,0,1,0/345/337,10,10,0,0,1,0
wingman_f9dda-20261002-215908_noe_kill,early,,141.4,3,Scourge,0,0,1,353/582/34,10,10,0,0,1,0
wingman_f9dda-20261002-215908_noe_kill,early,,141.4,4,Evoker,1,0,1,345/0/584,10,10,0,0,1,0
wingman_f9dda-20261002-215908_noe_kill,early,,141.4,5,Troubadour,0,0,1,151/497/286,10,10,0,0,1,0
wingman_f9dda-20261002-215908_noe_kill,early,,141.4,6,Evoker,1,0,1,337/584/0,10,10,0,0,1,0
wingman_f9dda-20261002-215908_noe_kill,early,,141.4,7,Scourge,0,0,1,375/54/585,10,10,0,0,0,0
wingman_f9dda-20261002-215908_noe_kill,early,,141.4,8,Evoker,0,0,1,406/605/99,10,10,0,0,1,0
wingman_f9dda-20261002-215908_noe_kill,early,,141.4,9,Scourge,0,0,1,367/65/570,10,10,0,0,0,0
wingman_f9dda-20261002-215908_noe_kill,early,,196.4,0,Troubadour,0,0,1,147/376/411,10,10,0,0,1,0
wingman_f9dda-20261002-215908_noe_kill,early,,196.4,1,Conduit,0,0,1,582/91/453,10,10,0,0,0,0
wingman_f9dda-20261002-215908_noe_kill,early,,196.4,2,Luminary,1,0,1,553/412/0,10,10,0,0,1,0
wingman_f9dda-20261002-215908_noe_kill,early,,196.4,3,Scourge,0,0,1,531/374/39,10,10,0,0,1,0
wingman_f9dda-20261002-215908_noe_kill,early,,196.4,4,Evoker,0,0,1,486/379/67,10,10,0,0,1,0
wingman_f9dda-20261002-215908_noe_kill,early,,196.4,5,Troubadour,1,0,1,0/491/553,10,10,0,0,1,0
wingman_f9dda-20261002-215908_noe_kill,early,,196.4,6,Evoker,0,0,1,440/96/326,10,10,0,0,1,0
wingman_f9dda-20261002-215908_noe_kill,early,,196.4,7,Scourge,1,0,1,491/0/412,10,10,0,0,1,0
wingman_f9dda-20261002-215908_noe_kill,early,,196.4,8,Evoker,0,0,1,60/492/510,10,10,0,0,1,0
wingman_f9dda-20261002-215908_noe_kill,early,,196.4,9,Scourge,0,0,1,438/143/523,10,10,0,0,1,0
wingman_f9dda-20261002-215908_noe_kill,early,,241.3,0,Troubadour,0,0,1,92/295/320,10,10,0,0,1,0
wingman_f9dda-20261002-215908_noe_kill,early,,241.3,1,Conduit,1,0,1,0/378/310,10,10,0,0,0,0
wingman_f9dda-20261002-215908_noe_kill,early,,241.3,2,Luminary,1,0,1,378/0/379,10,10,0,0,0,0
wingman_f9dda-20261002-215908_noe_kill,early,,241.3,3,Scourge,0,0,1,407/35/384,10,10,0,0,0,0
wingman_f9dda-20261002-215908_noe_kill,early,,241.3,4,Evoker,1,0,1,310/379/0,10,10,0,0,0,0
wingman_f9dda-20261002-215908_noe_kill,early,,241.3,5,Troubadour,0,0,1,130/503/347,10,10,0,0,1,0
wingman_f9dda-20261002-215908_noe_kill,early,,241.3,6,Evoker,0,0,1,368/393/60,10,10,0,0,1,0
wingman_f9dda-20261002-215908_noe_kill,early,,241.3,7,Scourge,0,0,1,362/369/64,10,10,0,0,1,0
wingman_f9dda-20261002-215908_noe_kill,early,,241.3,8,Evoker,0,0,1,309/78/311,10,10,0,0,1,0
wingman_f9dda-20261002-215908_noe_kill,early,,241.3,9,Scourge,0,0,1,363/391/55,10,10,0,0,1,0
wingman_f9dda-20261002-215908_noe_kill,early,,288.3,0,Troubadour,0,0,1,96/547/453,10,10,0,0,1,0
wingman_f9dda-20261002-215908_noe_kill,early,,288.3,1,Conduit,1,0,1,602/0/657,10,10,0,0,0,0
wingman_f9dda-20261002-215908_noe_kill,early,,288.3,2,Luminary,0,0,1,696/230/845,10,10,0,0,0,0
wingman_f9dda-20261002-215908_noe_kill,early,,288.3,3,Scourge,0,0,1,497/161/643,10,10,0,0,0,0
wingman_f9dda-20261002-215908_noe_kill,early,,288.3,4,Evoker,1,0,1,384/657/0,10,10,0,0,0,0
wingman_f9dda-20261002-215908_noe_kill,early,,288.3,5,Troubadour,0,0,1,53/551/386,10,10,0,0,0,0
wingman_f9dda-20261002-215908_noe_kill,early,,288.3,6,Evoker,0,0,1,398/715/60,10,10,0,0,0,0
wingman_f9dda-20261002-215908_noe_kill,early,,288.3,7,Scourge,1,0,1,0/602/384,10,10,0,0,1,0
wingman_f9dda-20261002-215908_noe_kill,early,,288.3,8,Evoker,0,0,1,548/125/676,10,10,0,0,0,0
wingman_f9dda-20261002-215908_noe_kill,early,,288.3,9,Scourge,0,0,1,401/768/123,10,10,0,0,0,0
wingman_f9dda-20261002-215908_noe_kill,early,,335.9,0,Troubadour,0,0,1,87/284/321,10,10,0,0,1,0
wingman_f9dda-20261002-215908_noe_kill,early,,335.9,1,Conduit,1,0,1,353/0/394,10,10,0,0,1,0
wingman_f9dda-20261002-215908_noe_kill,early,,335.9,2,Luminary,0,0,1,517/179/427,10,10,0,0,0,0
wingman_f9dda-20261002-215908_noe_kill,early,,335.9,3,Scourge,0,0,1,422/70/415,10,10,0,0,0,0
wingman_f9dda-20261002-215908_noe_kill,early,,335.9,4,Evoker,1,0,1,392/394/0,10,10,0,0,1,0
wingman_f9dda-20261002-215908_noe_kill,early,,335.9,5,Troubadour,0,0,1,113/413/505,10,10,0,0,1,0
wingman_f9dda-20261002-215908_noe_kill,early,,335.9,6,Evoker,0,0,1,368/436/76,10,10,0,0,1,0
wingman_f9dda-20261002-215908_noe_kill,early,,335.9,7,Scourge,1,0,1,0/353/392,10,10,0,0,1,0
wingman_f9dda-20261002-215908_noe_kill,early,,335.9,8,Evoker,0,0,1,385/82/475,10,10,0,0,1,0
wingman_f9dda-20261002-215908_noe_kill,early,,335.9,9,Scourge,0,0,1,382/475/114,10,10,0,0,1,0
wingman_f9dda-20261002-215908_noe_kill,early,,383.7,0,Troubadour,0,0,1,55/314/642,10,10,0,0,0,0
wingman_f9dda-20261002-215908_noe_kill,early,,383.7,1,Conduit,0,0,1,614/288/89,10,10,0,0,1,0
wingman_f9dda-20261002-215908_noe_kill,early,,383.7,2,Luminary,1,0,1,684/373/0,10,10,0,0,1,0
wingman_f9dda-20261002-215908_noe_kill,early,,383.7,3,Scourge,1,0,1,0/366/684,10,10,0,0,0,0
wingman_f9dda-20261002-215908_noe_kill,early,,383.7,4,Evoker,0,0,1,674/368/12,9,9,0,0,1,0
wingman_f9dda-20261002-215908_noe_kill,early,,383.7,5,Troubadour,0,0,1,58/338/676,10,10,0,0,0,0
wingman_f9dda-20261002-215908_noe_kill,early,,383.7,6,Evoker,0,0,1,424/90/399,10,10,0,0,1,0
wingman_f9dda-20261002-215908_noe_kill,early,,383.7,7,Scourge,1,0,1,366/0/373,10,10,0,0,1,0
wingman_f9dda-20261002-215908_noe_kill,early,,383.7,8,Evoker,0,0,1,765/438/91,10,10,0,0,1,0
wingman_f9dda-20261002-215908_noe_kill,early,,383.7,9,Scourge,0,0,1,340/26/392,10,10,0,0,1,0
wingman_f9dda-20261002-215908_noe_kill,early,,428.8,0,Troubadour,0,0,1,79/641/411,10,10,0,0,1,0
wingman_f9dda-20261002-215908_noe_kill,early,,428.8,1,Conduit,1,0,1,714/0/437,10,10,0,0,0,0
wingman_f9dda-20261002-215908_noe_kill,early,,428.8,2,Luminary,1,0,1,486/437/0,10,10,0,0,1,0
wingman_f9dda-20261002-215908_noe_kill,early,,428.8,3,Scourge,0,0,1,797/113/456,10,10,0,0,1,0
wingman_f9dda-20261002-215908_noe_kill,early,,428.8,4,Evoker,0,0,1,449/393/69,9,9,0,0,1,0
wingman_f9dda-20261002-215908_noe_kill,early,,428.8,5,Troubadour,1,0,1,0/714/486,10,10,0,0,1,0
wingman_f9dda-20261002-215908_noe_kill,early,,428.8,6,Evoker,0,0,1,817/181/435,10,10,0,0,1,0
wingman_f9dda-20261002-215908_noe_kill,early,,428.8,7,Scourge,0,0,1,548/286/152,10,10,0,0,1,0
wingman_f9dda-20261002-215908_noe_kill,early,,428.8,8,Evoker,0,0,1,44/670/447,10,10,0,0,0,0
wingman_f9dda-20261002-215908_noe_kill,early,,428.8,9,Scourge,0,0,1,507/495/63,10,10,0,0,1,0
wingman_f9dda-20261002-215908_noe_kill,last,3,476.8,0,Troubadour,0,0,1,139/397/374,10,10,0,0,1,0
wingman_f9dda-20261002-215908_noe_kill,last,3,476.8,1,Conduit,0,0,1,525/18/474,10,10,0,0,0,0
wingman_f9dda-20261002-215908_noe_kill,last,3,476.8,2,Luminary,1,0,1,530/0/489,9,9,0,0,0,0
wingman_f9dda-20261002-215908_noe_kill,last,3,476.8,3,Scourge,0,0,1,502/50/498,10,10,0,0,0,0
wingman_f9dda-20261002-215908_noe_kill,last,3,476.8,4,Evoker,1,0,1,379/489/0,9,9,0,0,1,0
wingman_f9dda-20261002-215908_noe_kill,last,3,476.8,5,Troubadour,1,0,1,0/530/379,10,10,0,0,1,0
wingman_f9dda-20261002-215908_noe_kill,last,3,476.8,6,Evoker,0,0,1,430/580/92,10,10,0,0,1,0
wingman_f9dda-20261002-215908_noe_kill,last,3,476.8,7,Scourge,0,0,1,363/611/141,10,10,0,0,1,0
wingman_f9dda-20261002-215908_noe_kill,last,3,476.8,8,Evoker,0,0,1,76/527/444,10,10,0,0,0,0
wingman_f9dda-20261002-215908_noe_kill,last,3,476.8,9,Scourge,0,0,1,454/620/133,10,10,0,0,1,0
wingman_f9dda-20261002-215908_noe_kill,last,33,506.8,0,Troubadour,0,0,1,66/555/425,10,10,0,0,1,0
wingman_f9dda-20261002-215908_noe_kill,last,33,506.8,1,Conduit,1,0,1,515/0/358,10,10,0,0,1,0
wingman_f9dda-20261002-215908_noe_kill,last,33,506.8,2,Luminary,0,0,1,518/28/380,9,9,0,0,0,0
wingman_f9dda-20261002-215908_noe_kill,last,33,506.8,3,Scourge,0,0,1,588/118/474,10,10,0,0,1,0
wingman_f9dda-20261002-215908_noe_kill,last,33,506.8,4,Evoker,1,0,1,360/358/0,9,9,0,0,1,0
wingman_f9dda-20261002-215908_noe_kill,last,33,506.8,5,Troubadour,0,0,1,90/509/418,10,10,0,0,1,0
wingman_f9dda-20261002-215908_noe_kill,last,33,506.8,6,Evoker,1,0,1,0/515/360,10,10,0,0,1,0
wingman_f9dda-20261002-215908_noe_kill,last,33,506.8,7,Scourge,0,0,1,104/537/445,10,10,0,0,1,0
wingman_f9dda-20261002-215908_noe_kill,last,33,506.8,8,Evoker,0,0,1,365/347/12,10,10,0,0,1,0
wingman_f9dda-20261002-215908_noe_kill,last,33,506.8,9,Scourge,0,0,1,382/347/25,10,10,0,0,1,0
