log,cast_s,phase,account,name,hit,damage,results,moved,knocked
20260929-230929,218.2,Spear,Account-9365,Player-DDA6,0,0,,0,0
20260929-230929,218.2,Spear,Account-8C31,Player-FBAD,0,0,,0,0
20260929-230929,218.2,Spear,Account-1150,Player-82BE,0,0,,0,0
20260929-230929,218.2,Spear,Account-83FE,Player-BCA0,0,0,,0,0
20260929-230929,218.2,Spear,Account-9FFE,Player-74C1,0,0,,0,0
20260929-230929,218.2,Spear,Account-5C40,Player-F494,0,0,,0,0
20260929-230929,218.2,Spear,Account-9754,Player-DE24,0,0,,0,0
20260929-230929,218.2,Spear,Account-F4C4,Player-89AD,0,0,,0,0
20260929-230929,218.2,Spear,Account-16AE,Player-631B,0,0,,0,0
20260929-230929,218.2,Spear,Account-AD4B,Player-8FDE,0,0,,0,0
20260929-230929,254.8,Spear,Account-9365,Player-DDA6,0,0,,0,0
20260929-230929,254.8,Spear,Account-8C31,Player-FBAD,0,0,,0,0
20260929-230929,254.8,Spear,Account-1150,Player-82BE,0,0,,0,0
20260929-230929,254.8,Spear,Account-83FE,Player-BCA0,0,0,,0,0
20260929-230929,254.8,Spear,Account-9FFE,Player-74C1,0,0,,0,0
20260929-230929,254.8,Spear,Account-5C40,Player-F494,0,0,,0,0
20260929-230929,254.8,Spear,Account-9754,Player-DE24,1,0,4,220,1
20260929-230929,254.8,Spear,Account-F4C4,Player-89AD,0,0,,0,0
20260929-230929,254.8,Spear,Account-AD4B,Player-8FDE,0,0,,0,0
20260929-231520,195.9,Spear,Account-9365,Player-DDA6,0,0,,0,0
20260929-231520,195.9,Spear,Account-8C31,Player-FBAD,0,0,,0,0
20260929-231520,195.9,Spear,Account-1150,Player-82BE,0,0,,0,0
20260929-231520,195.9,Spear,Account-83FE,Player-BCA0,0,0,,0,0
20260929-231520,195.9,Spear,Account-9FFE,Player-74C1,1,0,4,168,1
20260929-231520,195.9,Spear,Account-5C40,Player-F494,0,0,,0,0
20260929-231520,195.9,Spear,Account-9754,Player-DE24,0,0,,0,0
20260929-231520,195.9,Spear,Account-F4C4,Player-89AD,0,0,,0,0
20260929-231520,195.9,Spear,Account-16AE,Player-631B,0,0,,0,0
20260929-231520,195.9,Spear,Account-AD4B,Player-8FDE,0,0,,0,0
20260929-231520,232.3,Spear,Account-9365,Player-DDA6,0,0,,0,0
20260929-231520,232.3,Spear,Account-8C31,Player-FBAD,0,0,,0,0
20260929-231520,232.3,Spear,Account-1150,Player-82BE,0,0,,0,0
20260929-231520,232.3,Spear,Account-83FE,Player-BCA0,0,0,,0,0
20260929-231520,232.3,Spear,Account-9FFE,Player-74C1,0,0,,0,0
20260929-231520,232.3,Spear,Account-5C40,Player-F494,0,0,,0,0
20260929-231520,232.3,Spear,Account-9754,Player-DE24,0,0,,0,0
20260929-231520,232.3,Spear,Account-F4C4,Player-89AD,0,0,,0,0
20260929-231520,232.3,Spear,Account-16AE,Player-631B,0,0,,0,0
20260929-231520,232.3,Spear,Account-AD4B,Player-8FDE,0,0,,0,0
20260929-231520,268.9,Spear,Account-8C31,Player-FBAD,0,0,,0,0
20260929-231520,268.9,Spear,Account-1150,Player-82BE,0,0,,0,0
20260929-231520,268.9,Spear,Account-83FE,Player-BCA0,0,0,,0,0
20260929-231520,268.9,Spear,Account-5C40,Player-F494,0,0,,0,0
20260929-231520,268.9,Spear,Account-16AE,Player-631B,0,0,,0,0
20260929-231520,268.9,Spear,Account-AD4B,Player-8FDE,0,0,,0,0
20260929-232028,191.1,Spear,Account-9365,Player-3025,0,0,,0,0
20260929-232028,191.1,Spear,Account-8C31,Player-FBAD,0,0,,0,0
20260929-232028,191.1,Spear,Account-1150,Player-470E,0,0,,0,0
20260929-232028,191.1,Spear,Account-83FE,Player-BCA0,0,0,,0,0
20260929-232028,191.1,Spear,Account-9FFE,Player-80A0,0,0,,0,0
20260929-232028,191.1,Spear,Account-5C40,Player-F494,0,0,,0,0
20260929-232028,191.1,Spear,Account-9754,Player-DE24,0,0,,0,0
20260929-232028,191.1,Spear,Account-AD4B,Player-8FDE,0,0,,0,0
20260929-232028,191.1,Spear,Account-F4C4,Player-89AD,0,0,,0,0
20260929-232028,191.1,Spear,Account-16AE,Player-051A,0,0,,0,0
20260929-232602,217.9,Spear,Account-9365,Player-DDA6,0,0,,0,0
20260929-232602,217.9,Spear,Account-8C31,Player-FBAD,0,0,,0,0
20260929-232602,217.9,Spear,Account-1150,Player-470E,0,0,,0,0
20260929-232602,217.9,Spear,Account-83FE,Player-BCA0,0,0,,0,0
20260929-232602,217.9,Spear,Account-9FFE,Player-80A0,0,0,,0,0
20260929-232602,217.9,Spear,Account-5C40,Player-F494,0,0,,0,0
20260929-232602,217.9,Spear,Account-9754,Player-DE24,0,0,,0,0
20260929-232602,217.9,Spear,Account-AD4B,Player-8FDE,0,0,,0,0
20260929-232602,217.9,Spear,Account-F4C4,Player-89AD,0,0,,0,0
20260929-232602,217.9,Spear,Account-16AE,Player-051A,0,0,,0,0
20260929-232602,254.3,Spear,Account-9365,Player-DDA6,0,0,,0,0
20260929-232602,254.3,Spear,Account-8C31,Player-FBAD,0,0,,0,0
20260929-232602,254.3,Spear,Account-1150,Player-470E,0,0,,0,0
20260929-232602,254.3,Spear,Account-F4C4,Player-89AD,0,0,,0,0
20260929-233227,211.3,Spear,Account-9FFE,Player-74C1,0,0,,0,0
20260929-233227,211.3,Spear,Account-9365,Player-DDA6,0,0,,0,0
20260929-233227,211.3,Spear,Account-8C31,Player-FBAD,0,0,,0,0
20260929-233227,211.3,Spear,Account-83FE,Player-BCA0,0,0,,0,0
20260929-233227,211.3,Spear,Account-5C40,Player-F494,0,0,,0,0
20260929-233227,211.3,Spear,Account-9754,Player-DE24,1,0,4,220,1
20260929-233227,211.3,Spear,Account-AD4B,Player-8FDE,0,0,,0,0
20260929-233227,211.3,Spear,Account-F4C4,Player-89AD,0,0,,0,0
20260929-233227,211.3,Spear,Account-16AE,Player-1BA4,0,0,,0,0
20260929-233227,211.3,Spear,Account-1150,Player-470E,0,0,,0,0
20260929-233227,247.4,Spear,Account-9365,Player-DDA6,0,0,,0,0
20260929-233227,247.4,Spear,Account-8C31,Player-FBAD,0,0,,0,0
20260929-233227,247.4,Spear,Account-83FE,Player-BCA0,0,0,,0,0
20260929-233227,247.4,Spear,Account-5C40,Player-F494,0,0,,0,0
20260929-233227,247.4,Spear,Account-AD4B,Player-8FDE,0,0,,0,0
20260929-233952,214.6,Spear,Account-9365,Player-1172,0,0,,0,0
20260929-233952,214.6,Spear,Account-8C31,Player-FBAD,0,0,,0,0
20260929-233952,214.6,Spear,Account-1150,Player-470E,0,0,,0,0
20260929-233952,214.6,Spear,Account-83FE,Player-BCA0,0,0,,0,0
20260929-233952,214.6,Spear,Account-9FFE,Player-74C1,0,0,,0,0
20260929-233952,214.6,Spear,Account-5C40,Player-F494,0,0,,0,0
20260929-233952,214.6,Spear,Account-9754,Player-AB6A,0,0,,0,0
20260929-233952,214.6,Spear,Account-AD4B,Player-8FDE,0,0,,0,0
20260929-233952,214.6,Spear,Account-F4C4,Player-89AD,0,0,,0,0
20260929-233952,214.6,Spear,Account-16AE,Player-1BA4,0,0,,0,0
20260929-233952,250.8,Spear,Account-9365,Player-1172,0,0,,0,0
20260929-233952,250.8,Spear,Account-8C31,Player-FBAD,0,0,,0,0
20260929-233952,250.8,Spear,Account-1150,Player-470E,0,0,,0,0
20260929-233952,250.8,Spear,Account-83FE,Player-BCA0,0,0,,0,0
20260929-233952,250.8,Spear,Account-5C40,Player-F494,0,0,,0,0
20260929-233952,250.8,Spear,Account-9754,Player-AB6A,0,0,,0,0
20260929-233952,250.8,Spear,Account-AD4B,Player-8FDE,0,0,,0,0
20260929-233952,250.8,Spear,Account-F4C4,Player-89AD,0,0,,0,0
20260929-233952,250.8,Spear,Account-16AE,Player-1BA4,0,0,,0,0
20260929-234806,227.6,Spear,Account-9754,Player-AB6A,0,0,,0,0
20260929-234806,227.6,Spear,Account-9365,Player-1172,0,0,,0,0
20260929-234806,227.6,Spear,Account-8C31,Player-FBAD,0,0,,0,0
20260929-234806,227.6,Spear,Account-1150,Player-470E,0,0,,0,0
20260929-234806,227.6,Spear,Account-83FE,Player-BCA0,0,0,,0,0
20260929-234806,227.6,Spear,Account-9FFE,Player-80A0,0,0,,0,0
20260929-234806,227.6,Spear,Account-5C40,Player-F494,0,0,,0,0
20260929-234806,227.6,Spear,Account-AD4B,Player-8FDE,0,0,,0,0
20260929-234806,227.6,Spear,Account-F4C4,Player-89AD,0,0,,0,0
20260929-234806,227.6,Spear,Account-16AE,Player-631B,0,0,,0,0
20260929-234806,264.5,Spear,Account-9754,Player-AB6A,0,0,,0,0
20260929-234806,264.5,Spear,Account-9365,Player-1172,0,0,,0,0
20260929-234806,264.5,Spear,Account-8C31,Player-FBAD,0,0,,0,0
20260929-234806,264.5,Spear,Account-1150,Player-470E,0,0,,0,0
20260929-234806,264.5,Spear,Account-83FE,Player-BCA0,0,0,,0,0
20260929-234806,264.5,Spear,Account-9FFE,Player-80A0,0,0,,0,0
20260929-234806,264.5,Spear,Account-5C40,Player-F494,0,0,,0,0
20260929-234806,264.5,Spear,Account-AD4B,Player-8FDE,0,0,,0,0
20260929-234806,264.5,Spear,Account-F4C4,Player-89AD,0,0,,0,0
20260929-234806,264.5,Spear,Account-16AE,Player-631B,0,0,,0,0
20260929-234806,301.0,Spear,Account-9754,Player-AB6A,0,0,,0,0
20260929-234806,301.0,Spear,Account-8C31,Player-FBAD,0,0,,0,0
20260929-234806,301.0,Spear,Account-1150,Player-470E,0,0,,0,0
20260929-234806,301.0,Spear,Account-83FE,Player-BCA0,0,0,,0,0
20260929-234806,301.0,Spear,Account-9FFE,Player-80A0,0,0,,0,0
20260929-234806,301.0,Spear,Account-5C40,Player-F494,0,0,,0,0
20260929-234806,301.0,Spear,Account-AD4B,Player-8FDE,1,67460,9 0,0,0
20260929-234806,301.0,Spear,Account-F4C4,Player-89AD,0,0,,0,0
20260929-235415,195.8,Spear,Account-9FFE,Player-80A0,0,0,,0,0
20260929-235415,195.8,Spear,Account-9365,Player-7AAB,0,0,,0,0
20260929-235415,195.8,Spear,Account-8C31,Player-FBAD,0,0,,0,0
20260929-235415,195.8,Spear,Account-1150,Player-470E,0,0,,0,0
20260929-235415,195.8,Spear,Account-83FE,Player-BCA0,0,0,,0,0
20260929-235415,195.8,Spear,Account-5C40,Player-F494,0,0,,0,0
20260929-235415,195.8,Spear,Account-9754,Player-DE24,1,0,4,170,1
20260929-235415,195.8,Spear,Account-AD4B,Player-8FDE,0,0,,0,0
20260929-235415,195.8,Spear,Account-F4C4,Player-89AD,0,0,,0,0
20260929-235415,195.8,Spear,Account-16AE,Player-631B,0,0,,0,0
20260929-235415,231.9,Spear,Account-9FFE,Player-80A0,0,0,,0,0
20260929-235415,231.9,Spear,Account-9365,Player-7AAB,0,0,,0,0
20260929-235415,231.9,Spear,Account-8C31,Player-FBAD,0,0,,0,0
20260929-235415,231.9,Spear,Account-1150,Player-470E,0,0,,0,0
20260929-235415,231.9,Spear,Account-83FE,Player-BCA0,0,0,,0,0
20260929-235415,231.9,Spear,Account-5C40,Player-F494,1,2098,0,0,0
20260929-235415,231.9,Spear,Account-9754,Player-DE24,0,0,,0,0
20260929-235415,231.9,Spear,Account-AD4B,Player-8FDE,0,0,,0,0
20260929-235415,231.9,Spear,Account-F4C4,Player-89AD,0,0,,0,0
20260929-235415,231.9,Spear,Account-16AE,Player-631B,0,0,,0,0
20260929-235415,268.9,Spear,Account-9FFE,Player-80A0,0,0,,0,0
20260929-235415,268.9,Spear,Account-9365,Player-7AAB,0,0,,0,0
20260929-235415,268.9,Spear,Account-8C31,Player-FBAD,0,0,,0,0
20260929-235415,268.9,Spear,Account-1150,Player-470E,0,0,,0,0
20260929-235415,268.9,Spear,Account-83FE,Player-BCA0,0,0,,0,0
20260929-235415,268.9,Spear,Account-5C40,Player-F494,0,0,,0,0
20260929-235415,268.9,Spear,Account-9754,Player-DE24,0,0,,0,0
20260929-235415,268.9,Spear,Account-AD4B,Player-8FDE,0,0,,0,0
20260929-235415,268.9,Spear,Account-F4C4,Player-89AD,0,0,,0,0
20260929-235848,181.0,Spear,Account-9365,Player-7AAB,0,0,,0,0
20260929-235848,181.0,Spear,Account-8C31,Player-FBAD,0,0,,0,0
20260929-235848,181.0,Spear,Account-1150,Player-470E,0,0,,0,0
20260929-235848,181.0,Spear,Account-83FE,Player-BCA0,0,0,,0,0
20260929-235848,181.0,Spear,Account-5C40,Player-F494,0,0,,0,0
20260929-235848,181.0,Spear,Account-9754,Player-DE24,0,0,,0,0
20260929-235848,181.0,Spear,Account-AD4B,Player-8FDE,0,0,,0,0
20260929-235848,181.0,Spear,Account-F4C4,Player-89AD,0,0,,0,0
20260929-235848,181.0,Spear,Account-16AE,Player-631B,0,0,,0,0
20260929-235848,181.0,Spear,Account-9FFE,Player-74C1,0,0,,0,0
20260929-235848,217.2,Spear,Account-5C40,Player-F494,0,0,,0,0
20260930-000603,182.0,Spear,Account-9365,Player-010B,0,0,,0,0
20260930-000603,182.0,Spear,Account-8C31,Player-FBAD,0,0,,0,0
20260930-000603,182.0,Spear,Account-1150,Player-470E,0,0,,0,0
20260930-000603,182.0,Spear,Account-83FE,Player-BCA0,0,0,,0,0
20260930-000603,182.0,Spear,Account-9FFE,Player-74C1,0,0,,0,0
20260930-000603,182.0,Spear,Account-5C40,Player-F494,0,0,,0,0
20260930-000603,182.0,Spear,Account-9754,Player-DE24,0,0,,0,0
20260930-000603,182.0,Spear,Account-AD4B,Player-8FDE,0,0,,0,0
20260930-000603,182.0,Spear,Account-F4C4,Player-89AD,0,0,,0,0
20260930-000603,182.0,Spear,Account-16AE,Player-631B,0,0,,0,0
20260930-000603,218.6,Spear,Account-9365,Player-010B,0,0,,0,0
20260930-000603,218.6,Spear,Account-8C31,Player-FBAD,1,86756,9 0 8,215,1
20260930-000603,218.6,Spear,Account-1150,Player-470E,0,0,,0,0
20260930-000603,218.6,Spear,Account-83FE,Player-BCA0,0,0,,0,0
20260930-000603,218.6,Spear,Account-9FFE,Player-74C1,0,0,,0,0
20260930-000603,218.6,Spear,Account-5C40,Player-F494,0,0,,0,0
20260930-000603,218.6,Spear,Account-9754,Player-DE24,0,0,,0,0
20260930-000603,218.6,Spear,Account-AD4B,Player-8FDE,0,0,,0,0
20260930-000603,218.6,Spear,Account-F4C4,Player-89AD,0,0,,0,0
20260930-000603,218.6,Spear,Account-16AE,Player-631B,0,0,,0,0
20260930-000603,255.5,Spear,Account-5C40,Player-F494,1,217582,9 0 8,124,0
20260930-000603,255.5,Spear,Account-F4C4,Player-89AD,0,0,,0,0
20260930-000603,255.5,Spear,Account-16AE,Player-631B,0,0,,0,0
20260930-002046,180.9,Spear,Account-8C31,Player-FBAD,0,0,,0,0
20260930-002046,180.9,Spear,Account-9365,Player-010B,0,0,,0,0
20260930-002046,180.9,Spear,Account-1150,Player-470E,0,0,,0,0
20260930-002046,180.9,Spear,Account-83FE,Player-BCA0,0,0,,0,0
20260930-002046,180.9,Spear,Account-9FFE,Player-74C1,0,0,,0,0
20260930-002046,180.9,Spear,Account-5C40,Player-F494,0,0,,0,0
20260930-002046,180.9,Spear,Account-9754,Player-DE24,0,0,,0,0
20260930-002046,180.9,Spear,Account-AD4B,Player-8FDE,0,0,,0,0
20260930-002046,180.9,Spear,Account-F4C4,Player-89AD,0,0,,0,0
20260930-002046,180.9,Spear,Account-16AE,Player-1BA4,0,0,,0,0
20260930-002046,217.8,Spear,Account-8C31,Player-FBAD,1,72520,9 0,187,1
20260930-002046,217.8,Spear,Account-9365,Player-010B,0,0,,0,0
20260930-002046,217.8,Spear,Account-1150,Player-470E,0,0,,0,0
20260930-002046,217.8,Spear,Account-83FE,Player-BCA0,0,0,,0,0
20260930-002046,217.8,Spear,Account-9FFE,Player-74C1,0,0,,0,0
20260930-002046,217.8,Spear,Account-5C40,Player-F494,0,0,,0,0
20260930-002046,217.8,Spear,Account-9754,Player-DE24,0,0,,0,0
20260930-002046,217.8,Spear,Account-AD4B,Player-8FDE,0,0,,0,0
20260930-002046,217.8,Spear,Account-F4C4,Player-89AD,0,0,,0,0
20260930-002046,217.8,Spear,Account-16AE,Player-1BA4,0,0,,0,0
20260930-002046,254.2,Spear,Account-9365,Player-010B,0,0,,0,0
20260930-002046,254.2,Spear,Account-1150,Player-470E,0,0,,0,0
20260930-002046,254.2,Spear,Account-83FE,Player-BCA0,0,0,,0,0
20260930-002046,254.2,Spear,Account-9FFE,Player-74C1,0,0,,0,0
20260930-002046,254.2,Spear,Account-5C40,Player-F494,0,0,,0,0
20260930-002046,254.2,Spear,Account-9754,Player-DE24,0,0,,0,0
20260930-002046,254.2,Spear,Account-AD4B,Player-8FDE,0,0,,0,0
20260930-002046,254.2,Spear,Account-F4C4,Player-89AD,0,0,,0,0
20260930-002046,290.9,Spear,Account-9365,Player-010B,0,0,,0,0
20260930-002046,290.9,Spear,Account-1150,Player-470E,0,0,,0,0
20260930-002046,290.9,Spear,Account-83FE,Player-BCA0,0,0,,0,0
20260930-002046,290.9,Spear,Account-9FFE,Player-74C1,0,0,,0,0
20260930-002046,290.9,Spear,Account-5C40,Player-F494,0,0,,0,0
20260930-002046,290.9,Spear,Account-9754,Player-DE24,0,0,,0,0
20260930-002046,290.9,Spear,Account-AD4B,Player-8FDE,0,0,,0,0
20260930-002046,290.9,Spear,Account-F4C4,Player-89AD,0,0,,0,0
20260930-002947,190.6,Spear,Account-9365,Player-010B,0,0,,0,0
20260930-002947,190.6,Spear,Account-8C31,Player-FBAD,0,0,,0,0
20260930-002947,190.6,Spear,Account-1150,Player-470E,0,0,,0,0
20260930-002947,190.6,Spear,Account-83FE,Player-BCA0,0,0,,0,0
20260930-002947,190.6,Spear,Account-9FFE,Player-74C1,0,0,,0,0
20260930-002947,190.6,Spear,Account-5C40,Player-F494,0,0,,0,0
20260930-002947,190.6,Spear,Account-9754,Player-DE24,0,0,,0,0
20260930-002947,190.6,Spear,Account-AD4B,Player-8FDE,0,0,,0,0
20260930-002947,190.6,Spear,Account-F4C4,Player-89AD,0,0,,0,0
20260930-002947,190.6,Spear,Account-16AE,Player-1BA4,0,0,,0,0
20260930-002947,227.0,Spear,Account-9365,Player-010B,0,0,,0,0
20260930-002947,227.0,Spear,Account-8C31,Player-FBAD,0,0,,0,0
20260930-002947,227.0,Spear,Account-1150,Player-470E,0,0,,0,0
20260930-002947,227.0,Spear,Account-83FE,Player-BCA0,0,0,,0,0
20260930-002947,227.0,Spear,Account-9FFE,Player-74C1,0,0,,0,0
20260930-002947,227.0,Spear,Account-5C40,Player-F494,0,0,,0,0
20260930-002947,227.0,Spear,Account-9754,Player-DE24,0,0,,0,0
20260930-002947,227.0,Spear,Account-AD4B,Player-8FDE,0,0,,0,0
20260930-002947,227.0,Spear,Account-F4C4,Player-89AD,0,0,,0,0
20260930-002947,227.0,Spear,Account-16AE,Player-1BA4,0,0,,0,0
20260930-002947,264.0,Spear,Account-9365,Player-010B,0,0,,0,0
20260930-002947,264.0,Spear,Account-8C31,Player-FBAD,0,0,,0,0
20260930-002947,264.0,Spear,Account-1150,Player-470E,0,0,,0,0
20260930-002947,264.0,Spear,Account-83FE,Player-BCA0,0,0,,0,0
20260930-002947,264.0,Spear,Account-9FFE,Player-74C1,0,0,,0,0
20260930-002947,264.0,Spear,Account-5C40,Player-F494,0,0,,0,0
20260930-002947,264.0,Spear,Account-9754,Player-DE24,0,0,,0,0
20260930-002947,264.0,Spear,Account-AD4B,Player-8FDE,0,0,,0,0
20260930-002947,264.0,Spear,Account-F4C4,Player-89AD,0,0,,0,0
20260930-002947,264.0,Spear,Account-16AE,Player-1BA4,0,0,,0,0
20260930-002947,305.3,Spear,Account-9365,Player-010B,0,0,,0,0
20260930-002947,305.3,Spear,Account-8C31,Player-FBAD,0,0,,0,0
20260930-002947,305.3,Spear,Account-1150,Player-470E,0,0,,0,0
20260930-002947,305.3,Spear,Account-83FE,Player-BCA0,0,0,,0,0
20260930-002947,305.3,Spear,Account-9FFE,Player-74C1,0,0,,0,0
20260930-002947,305.3,Spear,Account-5C40,Player-F494,0,0,,0,0
20260930-002947,305.3,Spear,Account-9754,Player-DE24,0,0,,0,0
20260930-002947,305.3,Spear,Account-AD4B,Player-8FDE,0,0,,0,0
20260930-002947,305.3,Spear,Account-F4C4,Player-89AD,0,0,,0,0
20260930-002947,305.3,Spear,Account-16AE,Player-1BA4,0,0,,0,0
20260930-002947,346.0,Spear,Account-9365,Player-010B,0,0,,0,0
20260930-002947,346.0,Spear,Account-8C31,Player-FBAD,0,0,,0,0
20260930-002947,346.0,Spear,Account-1150,Player-470E,0,0,,0,0
20260930-002947,346.0,Spear,Account-83FE,Player-BCA0,0,0,,0,0
20260930-002947,346.0,Spear,Account-9FFE,Player-74C1,0,0,,0,0
20260930-002947,346.0,Spear,Account-5C40,Player-F494,0,0,,0,0
20260930-002947,346.0,Spear,Account-9754,Player-DE24,0,0,,0,0
20260930-002947,346.0,Spear,Account-AD4B,Player-8FDE,0,0,,0,0
20260930-002947,346.0,Spear,Account-F4C4,Player-89AD,0,0,,0,0
20260930-002947,346.0,Spear,Account-16AE,Player-1BA4,0,0,,0,0
20260930-002947,382.8,Spear,Account-9365,Player-010B,0,0,,0,0
20260930-002947,382.8,Spear,Account-8C31,Player-FBAD,0,0,,0,0
20260930-002947,382.8,Spear,Account-1150,Player-470E,0,0,,0,0
20260930-002947,382.8,Spear,Account-83FE,Player-BCA0,0,0,,0,0
20260930-002947,382.8,Spear,Account-9FFE,Player-74C1,0,0,,0,0
20260930-002947,382.8,Spear,Account-5C40,Player-F494,0,0,,0,0
20260930-002947,382.8,Spear,Account-9754,Player-DE24,0,0,,0,0
20260930-002947,382.8,Spear,Account-AD4B,Player-8FDE,0,0,,0,0
20260930-002947,382.8,Spear,Account-F4C4,Player-89AD,0,0,,0,0
20260930-002947,382.8,Spear,Account-16AE,Player-1BA4,0,0,,0,0
20260930-003645,192.5,Spear,Account-9365,Player-010B,0,0,,0,0
20260930-003645,192.5,Spear,Account-8C31,Player-FBAD,0,0,,0,0
20260930-003645,192.5,Spear,Account-1150,Player-470E,0,0,,0,0
20260930-003645,192.5,Spear,Account-83FE,Player-BCA0,0,0,,0,0
20260930-003645,192.5,Spear,Account-9FFE,Player-74C1,0,0,,0,0
20260930-003645,192.5,Spear,Account-5C40,Player-F494,0,0,,0,0
20260930-003645,192.5,Spear,Account-9754,Player-DE24,0,0,,0,0
20260930-003645,192.5,Spear,Account-AD4B,Player-8FDE,0,0,,0,0
20260930-003645,192.5,Spear,Account-F4C4,Player-89AD,0,0,,0,0
20260930-003645,192.5,Spear,Account-16AE,Player-1BA4,0,0,,0,0
20260930-003645,229.0,Spear,Account-9365,Player-010B,0,0,,0,0
20260930-003645,229.0,Spear,Account-8C31,Player-FBAD,0,0,,0,0
20260930-003645,229.0,Spear,Account-1150,Player-470E,0,0,,0,0
20260930-003645,229.0,Spear,Account-83FE,Player-BCA0,0,0,,0,0
20260930-003645,229.0,Spear,Account-9FFE,Player-74C1,0,0,,0,0
20260930-003645,229.0,Spear,Account-5C40,Player-F494,0,0,,0,0
20260930-003645,229.0,Spear,Account-9754,Player-DE24,0,0,,0,0
20260930-003645,229.0,Spear,Account-AD4B,Player-8FDE,0,0,,0,0
20260930-003645,229.0,Spear,Account-F4C4,Player-89AD,0,0,,0,0
20260930-003645,229.0,Spear,Account-16AE,Player-1BA4,0,0,,0,0
20260930-003645,266.3,Spear,Account-9365,Player-010B,0,0,,0,0
20260930-003645,266.3,Spear,Account-8C31,Player-FBAD,0,0,,0,0
20260930-003645,266.3,Spear,Account-1150,Player-470E,0,0,,0,0
20260930-003645,266.3,Spear,Account-83FE,Player-BCA0,0,0,,0,0
20260930-003645,266.3,Spear,Account-9FFE,Player-74C1,0,0,,0,0
20260930-003645,266.3,Spear,Account-5C40,Player-F494,0,0,,0,0
20260930-003645,266.3,Spear,Account-9754,Player-DE24,0,0,,0,0
20260930-003645,266.3,Spear,Account-AD4B,Player-8FDE,0,0,,0,0
20260930-003645,266.3,Spear,Account-F4C4,Player-89AD,0,0,,0,0
20260930-003645,266.3,Spear,Account-16AE,Player-1BA4,0,0,,0,0
20260930-004322,175.3,Spear,Account-9365,Player-010B,0,0,,0,0
20260930-004322,175.3,Spear,Account-8C31,Player-FBAD,0,0,,0,0
20260930-004322,175.3,Spear,Account-1150,Player-470E,0,0,,0,0
20260930-004322,175.3,Spear,Account-83FE,Player-BCA0,0,0,,0,0
20260930-004322,175.3,Spear,Account-9FFE,Player-74C1,0,0,,0,0
20260930-004322,175.3,Spear,Account-5C40,Player-F494,0,0,,0,0
20260930-004322,175.3,Spear,Account-9754,Player-DE24,0,0,,0,0
20260930-004322,175.3,Spear,Account-AD4B,Player-8FDE,0,0,,0,0
20260930-004322,175.3,Spear,Account-F4C4,Player-89AD,0,0,,0,0
20260930-004322,175.3,Spear,Account-16AE,Player-1BA4,0,0,,0,0
20260930-004322,212.0,Spear,Account-9365,Player-010B,0,0,,0,0
20260930-004322,212.0,Spear,Account-8C31,Player-FBAD,0,0,,0,0
20260930-004322,212.0,Spear,Account-1150,Player-470E,0,0,,0,0
20260930-004322,212.0,Spear,Account-83FE,Player-BCA0,0,0,,0,0
20260930-004322,212.0,Spear,Account-9FFE,Player-74C1,0,0,,0,0
20260930-004322,212.0,Spear,Account-5C40,Player-F494,0,0,,0,0
20260930-004322,212.0,Spear,Account-9754,Player-DE24,0,0,,0,0
20260930-004322,212.0,Spear,Account-AD4B,Player-8FDE,0,0,,0,0
20260930-004322,212.0,Spear,Account-F4C4,Player-89AD,0,0,,0,0
20260930-004322,212.0,Spear,Account-16AE,Player-1BA4,0,0,,0,0
20260930-004322,249.1,Spear,Account-9365,Player-010B,0,0,,0,0
20260930-004322,249.1,Spear,Account-8C31,Player-FBAD,0,0,,0,0
20260930-004322,249.1,Spear,Account-1150,Player-470E,0,0,,0,0
20260930-004322,249.1,Spear,Account-83FE,Player-BCA0,0,0,,0,0
20260930-004322,249.1,Spear,Account-9FFE,Player-74C1,0,0,,0,0
20260930-004322,249.1,Spear,Account-5C40,Player-F494,0,0,,0,0
20260930-004322,249.1,Spear,Account-9754,Player-DE24,0,0,,0,0
20260930-004322,249.1,Spear,Account-AD4B,Player-8FDE,0,0,,0,0
20260930-004322,249.1,Spear,Account-F4C4,Player-89AD,0,0,,0,0
20260930-004322,249.1,Spear,Account-16AE,Player-1BA4,0,0,,0,0
20260930-004322,286.1,Spear,Account-9365,Player-010B,0,0,,0,0
20260930-004322,286.1,Spear,Account-8C31,Player-FBAD,0,0,,0,0
20260930-004322,286.1,Spear,Account-1150,Player-470E,0,0,,0,0
20260930-004322,286.1,Spear,Account-83FE,Player-BCA0,0,0,,0,0
20260930-004322,286.1,Spear,Account-9FFE,Player-74C1,0,0,,0,0
20260930-004322,286.1,Spear,Account-5C40,Player-F494,0,0,,0,0
20260930-004322,286.1,Spear,Account-9754,Player-DE24,0,0,,0,0
20260930-004322,286.1,Spear,Account-AD4B,Player-8FDE,0,0,,0,0
20260930-004322,286.1,Spear,Account-F4C4,Player-89AD,0,0,,0,0
20260930-004322,327.0,Spear,Account-9365,Player-010B,0,0,,0,0
20260930-004322,327.0,Spear,Account-1150,Player-470E,0,0,,0,0
20260930-004322,327.0,Spear,Account-83FE,Player-BCA0,0,0,,0,0
20260930-004322,327.0,Spear,Account-9FFE,Player-74C1,0,0,,0,0
20260930-004322,327.0,Spear,Account-5C40,Player-F494,0,0,,0,0
20260930-004322,327.0,Spear,Account-9754,Player-DE24,0,0,,0,0
20260930-004322,327.0,Spear,Account-F4C4,Player-89AD,0,0,,0,0
20260930-004322,327.0,Spear,Account-16AE,Player-1BA4,0,0,,0,0
20260930-004948,185.0,Spear,Account-9365,Player-010B,0,0,,0,0
20260930-004948,185.0,Spear,Account-8C31,Player-FBAD,0,0,,0,0
20260930-004948,185.0,Spear,Account-1150,Player-470E,0,0,,0,0
20260930-004948,185.0,Spear,Account-83FE,Player-BCA0,0,0,,0,0
20260930-004948,185.0,Spear,Account-9FFE,Player-74C1,0,0,,0,0
20260930-004948,185.0,Spear,Account-5C40,Player-F494,0,0,,0,0
20260930-004948,185.0,Spear,Account-9754,Player-DE24,0,0,,0,0
20260930-004948,185.0,Spear,Account-AD4B,Player-8FDE,0,0,,0,0
20260930-004948,185.0,Spear,Account-F4C4,Player-89AD,0,0,,0,0
20260930-004948,185.0,Spear,Account-16AE,Player-1BA4,0,0,,0,0
20260930-004948,221.3,Spear,Account-9365,Player-010B,0,0,,0,0
20260930-004948,221.3,Spear,Account-8C31,Player-FBAD,0,0,,0,0
20260930-004948,221.3,Spear,Account-1150,Player-470E,0,0,,0,0
20260930-004948,221.3,Spear,Account-83FE,Player-BCA0,0,0,,0,0
20260930-004948,221.3,Spear,Account-9FFE,Player-74C1,0,0,,0,0
20260930-004948,221.3,Spear,Account-5C40,Player-F494,0,0,,0,0
20260930-004948,221.3,Spear,Account-9754,Player-DE24,0,0,,0,0
20260930-004948,221.3,Spear,Account-AD4B,Player-8FDE,0,0,,0,0
20260930-004948,221.3,Spear,Account-F4C4,Player-89AD,0,0,,0,0
20260930-004948,221.3,Spear,Account-16AE,Player-1BA4,0,0,,0,0
20260930-010007,186.9,Spear,Account-9365,Player-1172,0,0,,0,0
20260930-010007,186.9,Spear,Account-8C31,Player-DCBD,0,0,,0,0
20260930-010007,186.9,Spear,Account-1150,Player-470E,0,0,,0,0
20260930-010007,186.9,Spear,Account-83FE,Player-BCA0,0,0,,0,0
20260930-010007,186.9,Spear,Account-9FFE,Player-74C1,0,0,,0,0
20260930-010007,186.9,Spear,Account-5C40,Player-F494,0,0,,0,0
20260930-010007,186.9,Spear,Account-9754,Player-1B7A,0,0,,0,0
20260930-010007,186.9,Spear,Account-F4C4,Player-89AD,0,0,,0,0
20260930-010007,186.9,Spear,Account-16AE,Player-1BA4,0,0,,0,0
20260930-010007,223.1,Spear,Account-9365,Player-1172,0,0,,0,0
20260930-010007,223.1,Spear,Account-8C31,Player-DCBD,0,0,,0,0
20260930-010007,223.1,Spear,Account-1150,Player-470E,0,0,,0,0
20260930-010007,223.1,Spear,Account-83FE,Player-BCA0,0,0,,0,0
20260930-010007,223.1,Spear,Account-9FFE,Player-74C1,0,0,,0,0
20260930-010007,223.1,Spear,Account-5C40,Player-F494,0,0,,0,0
20260930-010007,223.1,Spear,Account-9754,Player-1B7A,0,0,,0,0
20260930-010007,223.1,Spear,Account-AD4B,Player-8FDE,0,0,,0,0
20260930-010007,223.1,Spear,Account-F4C4,Player-89AD,0,0,,0,0
20260930-010007,223.1,Spear,Account-16AE,Player-1BA4,0,0,,0,0
20260930-010007,260.1,Spear,Account-9365,Player-1172,0,0,,0,0
20260930-010007,260.1,Spear,Account-8C31,Player-DCBD,0,0,,0,0
20260930-010007,260.1,Spear,Account-1150,Player-470E,0,0,,0,0
20260930-010007,260.1,Spear,Account-83FE,Player-BCA0,0,0,,0,0
20260930-010007,260.1,Spear,Account-9FFE,Player-74C1,0,0,,0,0
20260930-010007,260.1,Spear,Account-5C40,Player-F494,0,0,,0,0
20260930-010007,260.1,Spear,Account-9754,Player-1B7A,0,0,,0,0
20260930-010007,260.1,Spear,Account-AD4B,Player-8FDE,0,0,,0,0
20260930-010007,260.1,Spear,Account-F4C4,Player-89AD,0,0,,0,0
20260930-010007,260.1,Spear,Account-16AE,Player-1BA4,0,0,,0,0
20260930-010656,182.3,Spear,Account-9365,Player-1172,0,0,,0,0
20260930-010656,182.3,Spear,Account-8C31,Player-DCBD,0,0,,0,0
20260930-010656,182.3,Spear,Account-1150,Player-470E,0,0,,0,0
20260930-010656,182.3,Spear,Account-83FE,Player-BCA0,0,0,,0,0
20260930-010656,182.3,Spear,Account-9FFE,Player-74C1,0,0,,0,0
20260930-010656,182.3,Spear,Account-5C40,Player-F494,0,0,,0,0
20260930-010656,182.3,Spear,Account-9754,Player-1B7A,0,0,,0,0
20260930-010656,182.3,Spear,Account-AD4B,Player-8FDE,0,0,,0,0
20260930-010656,182.3,Spear,Account-F4C4,Player-89AD,0,0,,0,0
20260930-010656,182.3,Spear,Account-16AE,Player-1BA4,0,0,,0,0
20260930-010656,219.2,Spear,Account-9365,Player-1172,0,0,,0,0
20260930-010656,219.2,Spear,Account-8C31,Player-DCBD,0,0,,0,0
20260930-010656,219.2,Spear,Account-1150,Player-470E,0,0,,0,0
20260930-010656,219.2,Spear,Account-83FE,Player-BCA0,0,0,,0,0
20260930-010656,219.2,Spear,Account-9FFE,Player-74C1,0,0,,0,0
20260930-010656,219.2,Spear,Account-5C40,Player-F494,0,0,,0,0
20260930-010656,219.2,Spear,Account-9754,Player-1B7A,0,0,,0,0
20260930-010656,219.2,Spear,Account-AD4B,Player-8FDE,0,0,,0,0
20260930-010656,219.2,Spear,Account-F4C4,Player-89AD,0,0,,0,0
20260930-010656,219.2,Spear,Account-16AE,Player-1BA4,0,0,,0,0
20260930-010656,256.2,Spear,Account-9365,Player-1172,0,0,,0,0
20260930-010656,256.2,Spear,Account-8C31,Player-DCBD,0,0,,0,0
20260930-010656,256.2,Spear,Account-1150,Player-470E,0,0,,0,0
20260930-010656,256.2,Spear,Account-83FE,Player-BCA0,0,0,,0,0
20260930-010656,256.2,Spear,Account-9FFE,Player-74C1,0,0,,0,0
20260930-010656,256.2,Spear,Account-5C40,Player-F494,0,0,,0,0
20260930-010656,256.2,Spear,Account-9754,Player-1B7A,0,0,,0,0
20260930-010656,256.2,Spear,Account-AD4B,Player-8FDE,0,0,,0,0
20260930-010656,256.2,Spear,Account-F4C4,Player-89AD,0,0,,0,0
20260930-010656,256.2,Spear,Account-16AE,Player-1BA4,0,0,,0,0
20260930-010656,298.0,Spear,Account-9365,Player-1172,0,0,,0,0
20260930-010656,298.0,Spear,Account-8C31,Player-DCBD,0,0,,0,0
20260930-010656,298.0,Spear,Account-1150,Player-470E,0,0,,0,0
20260930-010656,298.0,Spear,Account-83FE,Player-BCA0,0,0,,0,0
20260930-010656,298.0,Spear,Account-9FFE,Player-74C1,0,0,,0,0
20260930-010656,298.0,Spear,Account-5C40,Player-F494,0,0,,0,0
20260930-010656,298.0,Spear,Account-9754,Player-1B7A,0,0,,0,0
20260930-010656,298.0,Spear,Account-AD4B,Player-8FDE,0,0,,0,0
20260930-010656,298.0,Spear,Account-F4C4,Player-89AD,0,0,,0,0
20260930-010656,298.0,Spear,Account-16AE,Player-1BA4,0,0,,0,0
20260930-011344,191.6,Spear,Account-9365,Player-1172,0,0,,0,0
20260930-011344,191.6,Spear,Account-8C31,Player-DCBD,0,0,,0,0
20260930-011344,191.6,Spear,Account-1150,Player-470E,0,0,,0,0
20260930-011344,191.6,Spear,Account-83FE,Player-BCA0,0,0,,0,0
20260930-011344,191.6,Spear,Account-9FFE,Player-74C1,1,0,4,180,1
20260930-011344,191.6,Spear,Account-5C40,Player-F494,0,0,,0,0
20260930-011344,191.6,Spear,Account-9754,Player-1B7A,0,0,,0,0
20260930-011344,191.6,Spear,Account-AD4B,Player-8FDE,0,0,,0,0
20260930-011344,191.6,Spear,Account-F4C4,Player-89AD,0,0,,0,0
20260930-011344,191.6,Spear,Account-16AE,Player-1BA4,0,0,,0,0
20260930-011344,227.9,Spear,Account-9365,Player-1172,0,0,,0,0
20260930-011344,227.9,Spear,Account-8C31,Player-DCBD,0,0,,0,0
20260930-011344,227.9,Spear,Account-1150,Player-470E,0,0,,0,0
20260930-011344,227.9,Spear,Account-83FE,Player-BCA0,0,0,,0,0
20260930-011344,227.9,Spear,Account-9FFE,Player-74C1,0,0,,0,0
20260930-011344,227.9,Spear,Account-5C40,Player-F494,0,0,,0,0
20260930-011344,227.9,Spear,Account-9754,Player-1B7A,0,0,,0,0
20260930-011344,227.9,Spear,Account-AD4B,Player-8FDE,0,0,,0,0
20260930-011344,227.9,Spear,Account-F4C4,Player-89AD,0,0,,0,0
20260930-011344,227.9,Spear,Account-16AE,Player-1BA4,0,0,,0,0
20260930-011344,264.0,Spear,Account-9365,Player-1172,0,0,,0,0
20260930-011344,264.0,Spear,Account-8C31,Player-DCBD,0,0,,0,0
20260930-011344,264.0,Spear,Account-1150,Player-470E,0,0,,0,0
20260930-011344,264.0,Spear,Account-83FE,Player-BCA0,0,0,,0,0
20260930-011344,264.0,Spear,Account-9FFE,Player-74C1,0,0,,0,0
20260930-011344,264.0,Spear,Account-5C40,Player-F494,0,0,,0,0
20260930-011344,264.0,Spear,Account-9754,Player-1B7A,0,0,,0,0
20260930-011344,264.0,Spear,Account-AD4B,Player-8FDE,0,0,,0,0
20260930-011344,264.0,Spear,Account-F4C4,Player-89AD,0,0,,0,0
20260930-011344,264.0,Spear,Account-16AE,Player-1BA4,0,0,,0,0
20260930-011934,186.4,Spear,Account-9365,Player-1172,0,0,,0,0
20260930-011934,186.4,Spear,Account-8C31,Player-DCBD,0,0,,0,0
20260930-011934,186.4,Spear,Account-1150,Player-470E,0,0,,0,0
20260930-011934,186.4,Spear,Account-83FE,Player-BCA0,0,0,,0,0
20260930-011934,186.4,Spear,Account-9FFE,Player-74C1,0,0,,0,0
20260930-011934,186.4,Spear,Account-5C40,Player-F494,0,0,,0,0
20260930-011934,186.4,Spear,Account-9754,Player-1B7A,0,0,,0,0
20260930-011934,186.4,Spear,Account-AD4B,Player-8FDE,0,0,,0,0
20260930-011934,186.4,Spear,Account-F4C4,Player-89AD,0,0,,0,0
20260930-011934,186.4,Spear,Account-16AE,Player-1BA4,0,0,,0,0
20260930-011934,223.5,Spear,Account-9365,Player-1172,0,0,,0,0
20260930-011934,223.5,Spear,Account-8C31,Player-DCBD,0,0,,0,0
20260930-011934,223.5,Spear,Account-1150,Player-470E,0,0,,0,0
20260930-011934,223.5,Spear,Account-83FE,Player-BCA0,0,0,,0,0
20260930-011934,223.5,Spear,Account-9FFE,Player-74C1,0,0,,0,0
20260930-011934,223.5,Spear,Account-5C40,Player-F494,0,0,,0,0
20260930-011934,223.5,Spear,Account-9754,Player-1B7A,0,0,,0,0
20260930-011934,223.5,Spear,Account-AD4B,Player-8FDE,0,0,,0,0
20260930-011934,223.5,Spear,Account-F4C4,Player-89AD,0,0,,0,0
20260930-011934,223.5,Spear,Account-16AE,Player-1BA4,0,0,,0,0
20260930-011934,260.6,Spear,Account-83FE,Player-BCA0,0,0,,0,0
20260930-012807,201.7,Spear,Account-9365,Player-1172,0,0,,0,0
20260930-012807,201.7,Spear,Account-8C31,Player-DCBD,0,0,,0,0
20260930-012807,201.7,Spear,Account-1150,Player-470E,0,0,,0,0
20260930-012807,201.7,Spear,Account-83FE,Player-BCA0,0,0,,0,0
20260930-012807,201.7,Spear,Account-9FFE,Player-74C1,0,0,,0,0
20260930-012807,201.7,Spear,Account-5C40,Player-F494,0,0,,0,0
20260930-012807,201.7,Spear,Account-9754,Player-1B7A,0,0,,0,0
20260930-012807,201.7,Spear,Account-AD4B,Player-8FDE,0,0,,0,0
20260930-012807,201.7,Spear,Account-F4C4,Player-89AD,0,0,,0,0
20260930-012807,201.7,Spear,Account-16AE,Player-1BA4,0,0,,0,0
20260930-012807,238.5,Spear,Account-9365,Player-1172,0,0,,0,0
20260930-012807,238.5,Spear,Account-8C31,Player-DCBD,0,0,,0,0
20260930-012807,238.5,Spear,Account-1150,Player-470E,1,0,4,198,1
20260930-012807,238.5,Spear,Account-83FE,Player-BCA0,0,0,,0,0
20260930-012807,238.5,Spear,Account-9FFE,Player-74C1,0,0,,0,0
20260930-012807,238.5,Spear,Account-5C40,Player-F494,0,0,,0,0
20260930-012807,238.5,Spear,Account-9754,Player-1B7A,0,0,,0,0
20260930-012807,238.5,Spear,Account-AD4B,Player-8FDE,0,0,,0,0
20260930-012807,238.5,Spear,Account-F4C4,Player-89AD,0,0,,0,0
20260930-012807,238.5,Spear,Account-16AE,Player-1BA4,0,0,,0,0
20260930-012807,275.9,Spear,Account-9365,Player-1172,0,0,,0,0
20260930-012807,275.9,Spear,Account-8C31,Player-DCBD,0,0,,0,0
20260930-012807,275.9,Spear,Account-1150,Player-470E,0,0,,0,0
20260930-012807,275.9,Spear,Account-83FE,Player-BCA0,0,0,,0,0
20260930-012807,275.9,Spear,Account-9FFE,Player-74C1,0,0,,0,0
20260930-012807,275.9,Spear,Account-5C40,Player-F494,0,0,,0,0
20260930-012807,275.9,Spear,Account-9754,Player-1B7A,0,0,,0,0
20260930-012807,275.9,Spear,Account-AD4B,Player-8FDE,0,0,,0,0
20260930-012807,275.9,Spear,Account-F4C4,Player-89AD,0,0,,0,0
20260930-012807,275.9,Spear,Account-16AE,Player-1BA4,0,0,,0,0
20260930-012807,319.5,Spear,Account-9365,Player-1172,1,114708,0 9 8,179,1
20260930-012807,319.5,Spear,Account-8C31,Player-DCBD,0,0,,0,0
20260930-012807,319.5,Spear,Account-1150,Player-470E,0,0,,0,0
20260930-012807,319.5,Spear,Account-83FE,Player-BCA0,0,0,,0,0
20260930-012807,319.5,Spear,Account-9FFE,Player-74C1,0,0,,0,0
20260930-012807,319.5,Spear,Account-5C40,Player-F494,0,0,,0,0
20260930-012807,319.5,Spear,Account-9754,Player-1B7A,0,0,,0,0
20260930-012807,319.5,Spear,Account-AD4B,Player-8FDE,0,0,,0,0
20260930-012807,319.5,Spear,Account-16AE,Player-1BA4,0,0,,0,0
20260930-013625,174.6,Spear,Account-9754,Player-DE24,0,0,,0,0
20260930-013625,174.6,Spear,Account-9365,Player-1172,0,0,,0,0
20260930-013625,174.6,Spear,Account-8C31,Player-DCBD,0,0,,0,0
20260930-013625,174.6,Spear,Account-1150,Player-470E,0,0,,0,0
20260930-013625,174.6,Spear,Account-83FE,Player-BCA0,0,0,,0,0
20260930-013625,174.6,Spear,Account-9FFE,Player-74C1,0,0,,0,0
20260930-013625,174.6,Spear,Account-5C40,Player-F494,0,0,,0,0
20260930-013625,174.6,Spear,Account-AD4B,Player-8FDE,0,0,,0,0
20260930-013625,174.6,Spear,Account-F4C4,Player-89AD,0,0,,0,0
20260930-013625,174.6,Spear,Account-16AE,Player-1BA4,0,0,,0,0
20260930-013625,210.7,Spear,Account-9754,Player-DE24,0,0,,0,0
20260930-013625,210.7,Spear,Account-9365,Player-1172,0,0,,0,0
20260930-013625,210.7,Spear,Account-8C31,Player-DCBD,0,0,,0,0
20260930-013625,210.7,Spear,Account-1150,Player-470E,0,0,,0,0
20260930-013625,210.7,Spear,Account-83FE,Player-BCA0,0,0,,0,0
20260930-013625,210.7,Spear,Account-9FFE,Player-74C1,0,0,,0,0
20260930-013625,210.7,Spear,Account-5C40,Player-F494,0,0,,0,0
20260930-013625,210.7,Spear,Account-AD4B,Player-8FDE,0,0,,0,0
20260930-013625,210.7,Spear,Account-F4C4,Player-89AD,0,0,,0,0
20260930-013625,210.7,Spear,Account-16AE,Player-1BA4,0,0,,0,0
20260930-013625,247.1,Spear,Account-9754,Player-DE24,0,0,,0,0
20260930-013625,247.1,Spear,Account-9365,Player-1172,0,0,,0,0
20260930-013625,247.1,Spear,Account-8C31,Player-DCBD,0,0,,0,0
20260930-013625,247.1,Spear,Account-1150,Player-470E,0,0,,0,0
20260930-013625,247.1,Spear,Account-83FE,Player-BCA0,0,0,,0,0
20260930-013625,247.1,Spear,Account-9FFE,Player-74C1,0,0,,0,0
20260930-013625,247.1,Spear,Account-5C40,Player-F494,0,0,,0,0
20260930-013625,247.1,Spear,Account-AD4B,Player-8FDE,0,0,,0,0
20260930-013625,247.1,Spear,Account-F4C4,Player-89AD,0,0,,0,0
20260930-013625,247.1,Spear,Account-16AE,Player-1BA4,0,0,,0,0
20260930-013625,283.8,Spear,Account-9754,Player-DE24,0,0,,0,0
20260930-013625,283.8,Spear,Account-9365,Player-1172,0,0,,0,0
20260930-013625,283.8,Spear,Account-8C31,Player-DCBD,0,0,,0,0
20260930-013625,283.8,Spear,Account-1150,Player-470E,0,0,,0,0
20260930-013625,283.8,Spear,Account-83FE,Player-BCA0,0,0,,0,0
20260930-013625,283.8,Spear,Account-9FFE,Player-74C1,0,0,,0,0
20260930-013625,283.8,Spear,Account-5C40,Player-F494,1,110520,0 9,207,1
20260930-013625,283.8,Spear,Account-AD4B,Player-8FDE,0,0,,0,0
20260930-013625,283.8,Spear,Account-F4C4,Player-89AD,0,0,,0,0
20260930-013625,283.8,Spear,Account-16AE,Player-1BA4,0,0,,0,0
20260930-013625,324.1,Spear,Account-9365,Player-1172,0,0,,0,0
20260930-013625,324.1,Spear,Account-8C31,Player-DCBD,0,0,,0,0
20260930-013625,324.1,Spear,Account-1150,Player-470E,0,0,,0,0
20260930-013625,324.1,Spear,Account-83FE,Player-BCA0,0,0,,0,0
20260930-013625,324.1,Spear,Account-5C40,Player-F494,0,0,,0,0
20260930-013625,324.1,Spear,Account-AD4B,Player-8FDE,0,0,,0,0
20260930-013625,324.1,Spear,Account-F4C4,Player-89AD,0,0,,0,0
20260930-013625,324.1,Spear,Account-16AE,Player-1BA4,0,0,,0,0
20260930-014701,184.4,Spear,Account-9365,Player-1172,0,0,,0,0
20260930-014701,184.4,Spear,Account-8C31,Player-DCBD,0,0,,0,0
20260930-014701,184.4,Spear,Account-1150,Player-470E,0,0,,0,0
20260930-014701,184.4,Spear,Account-83FE,Player-BCA0,0,0,,0,0
20260930-014701,184.4,Spear,Account-9FFE,Player-74C1,0,0,,0,0
20260930-014701,184.4,Spear,Account-5C40,Player-F494,0,0,,0,0
20260930-014701,184.4,Spear,Account-9754,Player-DE24,0,0,,0,0
20260930-014701,184.4,Spear,Account-AD4B,Player-8FDE,0,0,,0,0
20260930-014701,184.4,Spear,Account-F4C4,Player-89AD,0,0,,0,0
20260930-014701,184.4,Spear,Account-16AE,Player-1BA4,0,0,,0,0
20260930-014701,220.8,Spear,Account-9365,Player-1172,0,0,,0,0
20260930-014701,220.8,Spear,Account-8C31,Player-DCBD,0,0,,0,0
20260930-014701,220.8,Spear,Account-1150,Player-470E,0,0,,0,0
20260930-014701,220.8,Spear,Account-83FE,Player-BCA0,0,0,,0,0
20260930-014701,220.8,Spear,Account-9FFE,Player-74C1,0,0,,0,0
20260930-014701,220.8,Spear,Account-5C40,Player-F494,0,0,,0,0
20260930-014701,220.8,Spear,Account-9754,Player-DE24,0,0,,0,0
20260930-014701,220.8,Spear,Account-AD4B,Player-8FDE,0,0,,0,0
20260930-014701,220.8,Spear,Account-F4C4,Player-89AD,0,0,,0,0
20260930-014701,220.8,Spear,Account-16AE,Player-1BA4,0,0,,0,0
20260930-014701,257.4,Spear,Account-9365,Player-1172,0,0,,0,0
20260930-014701,257.4,Spear,Account-8C31,Player-DCBD,0,0,,0,0
20260930-014701,257.4,Spear,Account-1150,Player-470E,0,0,,0,0
20260930-014701,257.4,Spear,Account-83FE,Player-BCA0,0,0,,0,0
20260930-014701,257.4,Spear,Account-9FFE,Player-74C1,0,0,,0,0
20260930-014701,257.4,Spear,Account-5C40,Player-F494,0,0,,0,0
20260930-014701,257.4,Spear,Account-9754,Player-DE24,0,0,,0,0
20260930-014701,257.4,Spear,Account-AD4B,Player-8FDE,0,0,,0,0
20260930-014701,257.4,Spear,Account-F4C4,Player-89AD,0,0,,0,0
20260930-014701,257.4,Spear,Account-16AE,Player-1BA4,0,0,,0,0
20260930-014701,299.1,Spear,Account-9365,Player-1172,0,0,,0,0
20260930-014701,299.1,Spear,Account-8C31,Player-DCBD,0,0,,0,0
20260930-014701,299.1,Spear,Account-1150,Player-470E,0,0,,0,0
20260930-014701,299.1,Spear,Account-83FE,Player-BCA0,0,0,,0,0
20260930-014701,299.1,Spear,Account-9FFE,Player-74C1,0,0,,0,0
20260930-014701,299.1,Spear,Account-5C40,Player-F494,0,0,,0,0
20260930-014701,299.1,Spear,Account-9754,Player-DE24,0,0,,0,0
20260930-014701,299.1,Spear,Account-AD4B,Player-8FDE,0,0,,0,0
20260930-014701,299.1,Spear,Account-F4C4,Player-89AD,1,170472,9 0 8,179,1
20260930-014701,299.1,Spear,Account-16AE,Player-1BA4,0,0,,0,0
20260930-014701,340.2,Spear,Account-9365,Player-1172,0,0,,0,0
20260930-014701,340.2,Spear,Account-8C31,Player-DCBD,0,0,,0,0
20260930-014701,340.2,Spear,Account-1150,Player-470E,0,0,,0,0
20260930-014701,340.2,Spear,Account-83FE,Player-BCA0,0,0,,0,0
20260930-014701,340.2,Spear,Account-5C40,Player-F494,0,0,,0,0
20260930-014701,340.2,Spear,Account-9754,Player-DE24,0,0,,0,0
20260930-014701,340.2,Spear,Account-AD4B,Player-8FDE,0,0,,0,0
20260930-014701,340.2,Spear,Account-16AE,Player-1BA4,0,0,,0,0
20260930-014701,377.1,Spear,Account-9365,Player-1172,0,0,,0,0
20260930-014701,377.1,Spear,Account-8C31,Player-DCBD,0,0,,0,0
20260930-014701,377.1,Spear,Account-1150,Player-470E,0,0,,0,0
20260930-014701,377.1,Spear,Account-5C40,Player-F494,0,0,,0,0
20260930-014701,377.1,Spear,Account-9754,Player-DE24,0,0,,0,0
20260930-014701,377.1,Spear,Account-AD4B,Player-8FDE,0,0,,0,0
20260930-014701,377.1,Spear,Account-16AE,Player-1BA4,0,0,,0,0
20260930-015718,178.3,Spear,Account-9365,Player-1172,0,0,,0,0
20260930-015718,178.3,Spear,Account-8C31,Player-DCBD,0,0,,0,0
20260930-015718,178.3,Spear,Account-1150,Player-470E,0,0,,0,0
20260930-015718,178.3,Spear,Account-83FE,Player-BCA0,0,0,,0,0
20260930-015718,178.3,Spear,Account-9FFE,Player-74C1,0,0,,0,0
20260930-015718,178.3,Spear,Account-5C40,Player-F494,0,0,,0,0
20260930-015718,178.3,Spear,Account-9754,Player-DE24,0,0,,0,0
20260930-015718,178.3,Spear,Account-AD4B,Player-8FDE,0,0,,0,0
20260930-015718,178.3,Spear,Account-F4C4,Player-89AD,0,0,,0,0
20260930-015718,178.3,Spear,Account-16AE,Player-1BA4,0,0,,0,0
20260930-015718,214.8,Spear,Account-9365,Player-1172,0,0,,0,0
20260930-015718,214.8,Spear,Account-8C31,Player-DCBD,0,0,,0,0
20260930-015718,214.8,Spear,Account-1150,Player-470E,0,0,,0,0
20260930-015718,214.8,Spear,Account-83FE,Player-BCA0,0,0,,0,0
20260930-015718,214.8,Spear,Account-9FFE,Player-74C1,0,0,,0,0
20260930-015718,214.8,Spear,Account-5C40,Player-F494,0,0,,0,0
20260930-015718,214.8,Spear,Account-9754,Player-DE24,0,0,,0,0
20260930-015718,214.8,Spear,Account-AD4B,Player-8FDE,0,0,,0,0
20260930-015718,214.8,Spear,Account-F4C4,Player-89AD,0,0,,0,0
20260930-015718,214.8,Spear,Account-16AE,Player-1BA4,1,0,4,213,1
20260930-015718,251.1,Spear,Account-9365,Player-1172,0,0,,0,0
20260930-015718,251.1,Spear,Account-8C31,Player-DCBD,0,0,,0,0
20260930-015718,251.1,Spear,Account-1150,Player-470E,0,0,,0,0
20260930-015718,251.1,Spear,Account-83FE,Player-BCA0,0,0,,0,0
20260930-015718,251.1,Spear,Account-9FFE,Player-74C1,0,0,,0,0
20260930-015718,251.1,Spear,Account-5C40,Player-F494,0,0,,0,0
20260930-015718,251.1,Spear,Account-9754,Player-DE24,0,0,,0,0
20260930-015718,251.1,Spear,Account-AD4B,Player-8FDE,0,0,,0,0
20260930-015718,251.1,Spear,Account-F4C4,Player-89AD,0,0,,0,0
20260930-015718,251.1,Spear,Account-16AE,Player-1BA4,0,0,,0,0
20260930-015718,293.3,Spear,Account-9365,Player-1172,0,0,,0,0
20260930-015718,293.3,Spear,Account-8C31,Player-DCBD,0,0,,0,0
20260930-015718,293.3,Spear,Account-1150,Player-470E,0,0,,0,0
20260930-015718,293.3,Spear,Account-83FE,Player-BCA0,0,0,,0,0
20260930-015718,293.3,Spear,Account-9FFE,Player-74C1,0,0,,0,0
20260930-015718,293.3,Spear,Account-5C40,Player-F494,0,0,,0,0
20260930-015718,293.3,Spear,Account-9754,Player-DE24,0,0,,0,0
20260930-015718,293.3,Spear,Account-AD4B,Player-8FDE,0,0,,0,0
20260930-015718,293.3,Spear,Account-F4C4,Player-89AD,0,0,,0,0
20260930-015718,293.3,Spear,Account-16AE,Player-1BA4,0,0,,0,0
20260930-020654,180.4,Spear,Account-9365,Player-1172,0,0,,0,0
20260930-020654,180.4,Spear,Account-8C31,Player-DCBD,0,0,,0,0
20260930-020654,180.4,Spear,Account-1150,Player-470E,0,0,,0,0
20260930-020654,180.4,Spear,Account-83FE,Player-BCA0,0,0,,0,0
20260930-020654,180.4,Spear,Account-9FFE,Player-74C1,0,0,,0,0
20260930-020654,180.4,Spear,Account-5C40,Player-F494,0,0,,0,0
20260930-020654,180.4,Spear,Account-9754,Player-DE24,0,0,,0,0
20260930-020654,180.4,Spear,Account-AD4B,Player-8FDE,0,0,,0,0
20260930-020654,180.4,Spear,Account-F4C4,Player-89AD,0,0,,0,0
20260930-020654,180.4,Spear,Account-16AE,Player-1BA4,0,0,,0,0
20260930-020654,216.8,Spear,Account-9365,Player-1172,0,0,,0,0
20260930-020654,216.8,Spear,Account-8C31,Player-DCBD,0,0,,0,0
20260930-020654,216.8,Spear,Account-1150,Player-470E,0,0,,0,0
20260930-020654,216.8,Spear,Account-83FE,Player-BCA0,0,0,,0,0
20260930-020654,216.8,Spear,Account-9FFE,Player-74C1,0,0,,0,0
20260930-020654,216.8,Spear,Account-5C40,Player-F494,0,0,,0,0
20260930-020654,216.8,Spear,Account-9754,Player-DE24,0,0,,0,0
20260930-020654,216.8,Spear,Account-AD4B,Player-8FDE,0,0,,0,0
20260930-020654,216.8,Spear,Account-F4C4,Player-89AD,0,0,,0,0
20260930-020654,216.8,Spear,Account-16AE,Player-1BA4,0,0,,0,0
20260930-020654,253.6,Spear,Account-9365,Player-1172,0,0,,0,0
20260930-020654,253.6,Spear,Account-8C31,Player-DCBD,0,0,,0,0
20260930-020654,253.6,Spear,Account-1150,Player-470E,0,0,,0,0
20260930-020654,253.6,Spear,Account-83FE,Player-BCA0,0,0,,0,0
20260930-020654,253.6,Spear,Account-9FFE,Player-74C1,0,0,,0,0
20260930-020654,253.6,Spear,Account-5C40,Player-F494,0,0,,0,0
20260930-020654,253.6,Spear,Account-9754,Player-DE24,0,0,,0,0
20260930-020654,253.6,Spear,Account-AD4B,Player-8FDE,0,0,,0,0
20260930-020654,253.6,Spear,Account-F4C4,Player-89AD,0,0,,0,0
20260930-020654,253.6,Spear,Account-16AE,Player-1BA4,0,0,,0,0
20260930-020654,290.0,Spear,Account-9365,Player-1172,0,0,,0,0
20260930-020654,290.0,Spear,Account-8C31,Player-DCBD,0,0,,0,0
20260930-020654,290.0,Spear,Account-1150,Player-470E,0,0,,0,0
20260930-020654,290.0,Spear,Account-83FE,Player-BCA0,0,0,,0,0
20260930-020654,290.0,Spear,Account-9FFE,Player-74C1,0,0,,0,0
20260930-020654,290.0,Spear,Account-5C40,Player-F494,0,0,,0,0
20260930-020654,290.0,Spear,Account-9754,Player-DE24,0,0,,0,0
20260930-020654,290.0,Spear,Account-AD4B,Player-8FDE,0,0,,0,0
20260930-020654,290.0,Spear,Account-F4C4,Player-89AD,0,0,,0,0
20260930-020654,290.0,Spear,Account-16AE,Player-1BA4,0,0,,0,0
20260930-130931,172.7,Spear,Account-9365,Player-DDA6,0,0,,0,0
20260930-130931,172.7,Spear,Account-83FE,Player-BCA0,0,0,,0,0
20260930-130931,172.7,Spear,Account-9FFE,Player-74C1,0,0,,0,0
20260930-130931,172.7,Spear,Account-2EB3,Player-01BF,0,0,,0,0
20260930-130931,172.7,Spear,Account-9FE4,Player-717E,1,89652,9 0 8,141,0
20260930-130931,172.7,Spear,Account-1150,Player-470E,0,0,,0,0
20260930-130931,172.7,Spear,Account-ABC8,Player-F7E0,1,82748,0 9,171,1
20260930-130931,172.7,Spear,Account-5C40,Player-F494,0,0,,0,0
20260930-130931,172.7,Spear,Account-EA9E,Player-C842,0,0,,0,0
20260930-130931,172.7,Spear,Account-059D,Player-CC68,0,0,,0,0
20260930-130931,209.3,Spear,Account-9365,Player-DDA6,0,0,,0,0
20260930-130931,209.3,Spear,Account-83FE,Player-BCA0,0,0,,0,0
20260930-130931,209.3,Spear,Account-9FFE,Player-74C1,0,0,,0,0
20260930-130931,209.3,Spear,Account-2EB3,Player-01BF,0,0,,0,0
20260930-130931,209.3,Spear,Account-ABC8,Player-F7E0,0,0,,0,0
20260930-130931,209.3,Spear,Account-5C40,Player-F494,0,0,,0,0
20260930-130931,209.3,Spear,Account-EA9E,Player-C842,0,0,,0,0
20260930-130931,209.3,Spear,Account-059D,Player-CC68,0,0,,0,0
20260930-130931,245.7,Spear,Account-9365,Player-DDA6,0,0,,0,0
20260930-130931,245.7,Spear,Account-83FE,Player-BCA0,0,0,,0,0
20260930-130931,245.7,Spear,Account-9FFE,Player-74C1,0,0,,0,0
20260930-130931,245.7,Spear,Account-2EB3,Player-01BF,1,3452,5 0,242,1
20260930-130931,245.7,Spear,Account-ABC8,Player-F7E0,0,0,,0,0
20260930-130931,245.7,Spear,Account-5C40,Player-F494,0,0,,0,0
20260930-130931,245.7,Spear,Account-EA9E,Player-C842,0,0,,0,0
20260930-130931,245.7,Spear,Account-059D,Player-CC68,0,0,,0,0
20260930-131331,179.0,Spear,Account-9365,Player-DDA6,0,0,,0,0
20260930-131331,179.0,Spear,Account-83FE,Player-BCA0,0,0,,0,0
20260930-131331,179.0,Spear,Account-9FFE,Player-74C1,0,0,,0,0
20260930-131331,179.0,Spear,Account-2EB3,Player-01BF,0,0,,0,0
20260930-131331,179.0,Spear,Account-9FE4,Player-717E,0,0,,0,0
20260930-131331,179.0,Spear,Account-1150,Player-470E,0,0,,0,0
20260930-131331,179.0,Spear,Account-ABC8,Player-F7E0,0,0,,0,0
20260930-131331,179.0,Spear,Account-5C40,Player-F494,0,0,,0,0
20260930-131331,179.0,Spear,Account-EA9E,Player-C842,0,0,,0,0
20260930-131331,179.0,Spear,Account-059D,Player-CC68,0,0,,0,0
20260930-131331,215.7,Spear,Account-9FE4,Player-717E,1,295218,9 0 8,14,0
20260930-131331,215.7,Spear,Account-ABC8,Player-F7E0,0,0,,0,0
20260930-131748,173.7,Spear,Account-9365,Player-DDA6,0,0,,0,0
20260930-131748,173.7,Spear,Account-83FE,Player-BCA0,0,0,,0,0
20260930-131748,173.7,Spear,Account-9FFE,Player-74C1,0,0,,0,0
20260930-131748,173.7,Spear,Account-2EB3,Player-01BF,0,0,,0,0
20260930-131748,173.7,Spear,Account-9FE4,Player-717E,0,0,,0,0
20260930-131748,173.7,Spear,Account-1150,Player-470E,0,0,,0,0
20260930-131748,173.7,Spear,Account-ABC8,Player-F7E0,0,0,,0,0
20260930-131748,173.7,Spear,Account-5C40,Player-F494,0,0,,0,0
20260930-131748,173.7,Spear,Account-EA9E,Player-C842,0,0,,0,0
20260930-131748,173.7,Spear,Account-059D,Player-CC68,1,0,4,204,1
20260930-131748,210.0,Spear,Account-83FE,Player-BCA0,0,0,,0,0
20260930-131748,210.0,Spear,Account-9FFE,Player-74C1,0,0,,0,0
20260930-131748,210.0,Spear,Account-1150,Player-470E,0,0,,0,0
20260930-131748,210.0,Spear,Account-ABC8,Player-F7E0,0,0,,0,0
20260930-131748,210.0,Spear,Account-5C40,Player-F494,0,0,,0,0
20260930-131748,210.0,Spear,Account-EA9E,Player-C842,0,0,,0,0
20260930-131748,210.0,Spear,Account-059D,Player-CC68,0,0,,0,0
20260930-132907,181.6,Spear,Account-9365,Player-DDA6,0,0,,0,0
20260930-132907,181.6,Spear,Account-83FE,Player-BCA0,0,0,,0,0
20260930-132907,181.6,Spear,Account-9FFE,Player-74C1,0,0,,0,0
20260930-132907,181.6,Spear,Account-2EB3,Player-01BF,0,0,,0,0
20260930-132907,181.6,Spear,Account-9FE4,Player-717E,0,0,,0,0
20260930-132907,181.6,Spear,Account-1150,Player-470E,0,0,,0,0
20260930-132907,181.6,Spear,Account-ABC8,Player-F7E0,1,0,4,216,1
20260930-132907,181.6,Spear,Account-5C40,Player-F494,0,0,,0,0
20260930-132907,181.6,Spear,Account-EA9E,Player-C842,0,0,,0,0
20260930-132907,181.6,Spear,Account-059D,Player-CC68,0,0,,0,0
20260930-132907,217.7,Spear,Account-9365,Player-DDA6,0,0,,0,0
20260930-132907,217.7,Spear,Account-83FE,Player-BCA0,0,0,,0,0
20260930-132907,217.7,Spear,Account-9FFE,Player-74C1,0,0,,0,0
20260930-132907,217.7,Spear,Account-2EB3,Player-01BF,0,0,,0,0
20260930-132907,217.7,Spear,Account-9FE4,Player-717E,0,0,,0,0
20260930-132907,217.7,Spear,Account-1150,Player-470E,0,0,,0,0
20260930-132907,217.7,Spear,Account-ABC8,Player-F7E0,0,0,,0,0
20260930-132907,217.7,Spear,Account-5C40,Player-F494,0,0,,0,0
20260930-132907,217.7,Spear,Account-EA9E,Player-C842,0,0,,0,0
20260930-132907,217.7,Spear,Account-059D,Player-CC68,0,0,,0,0
20260930-132907,254.9,Spear,Account-9365,Player-DDA6,0,0,,0,0
20260930-132907,254.9,Spear,Account-83FE,Player-BCA0,0,0,,0,0
20260930-132907,254.9,Spear,Account-9FFE,Player-74C1,0,0,,0,0
20260930-132907,254.9,Spear,Account-2EB3,Player-01BF,0,0,,0,0
20260930-132907,254.9,Spear,Account-9FE4,Player-717E,0,0,,0,0
20260930-132907,254.9,Spear,Account-1150,Player-470E,0,0,,0,0
20260930-132907,254.9,Spear,Account-ABC8,Player-F7E0,0,0,,0,0
20260930-132907,254.9,Spear,Account-5C40,Player-F494,0,0,,0,0
20260930-132907,254.9,Spear,Account-EA9E,Player-C842,0,0,,0,0
20260930-132907,254.9,Spear,Account-059D,Player-CC68,0,0,,0,0
20260930-132907,291.6,Spear,Account-9365,Player-DDA6,0,0,,0,0
20260930-132907,291.6,Spear,Account-83FE,Player-BCA0,0,0,,0,0
20260930-132907,291.6,Spear,Account-9FFE,Player-74C1,0,0,,0,0
20260930-132907,291.6,Spear,Account-2EB3,Player-01BF,0,0,,0,0
20260930-132907,291.6,Spear,Account-9FE4,Player-717E,0,0,,0,0
20260930-132907,291.6,Spear,Account-1150,Player-470E,0,0,,0,0
20260930-132907,291.6,Spear,Account-ABC8,Player-F7E0,0,0,,0,0
20260930-132907,291.6,Spear,Account-5C40,Player-F494,0,0,,0,0
20260930-132907,291.6,Spear,Account-EA9E,Player-C842,0,0,,0,0
20260930-132907,291.6,Spear,Account-059D,Player-CC68,0,0,,0,0
20260930-132907,332.2,Spear,Account-9365,Player-DDA6,0,0,,0,0
20260930-132907,332.2,Spear,Account-83FE,Player-BCA0,0,0,,0,0
20260930-132907,332.2,Spear,Account-9FFE,Player-74C1,0,0,,0,0
20260930-132907,332.2,Spear,Account-2EB3,Player-01BF,0,0,,0,0
20260930-132907,332.2,Spear,Account-9FE4,Player-717E,0,0,,0,0
20260930-132907,332.2,Spear,Account-1150,Player-470E,0,0,,0,0
20260930-132907,332.2,Spear,Account-ABC8,Player-F7E0,0,0,,0,0
20260930-132907,332.2,Spear,Account-5C40,Player-F494,0,0,,0,0
20260930-132907,332.2,Spear,Account-EA9E,Player-C842,0,0,,0,0
20260930-132907,332.2,Spear,Account-059D,Player-CC68,0,0,,0,0
20260930-133514,176.1,Spear,Account-9365,Player-DDA6,0,0,,0,0
20260930-133514,176.1,Spear,Account-83FE,Player-BCA0,0,0,,0,0
20260930-133514,176.1,Spear,Account-9FFE,Player-74C1,0,0,,0,0
20260930-133514,176.1,Spear,Account-2EB3,Player-01BF,0,0,,0,0
20260930-133514,176.1,Spear,Account-9FE4,Player-717E,0,0,,0,0
20260930-133514,176.1,Spear,Account-1150,Player-470E,0,0,,0,0
20260930-133514,176.1,Spear,Account-ABC8,Player-F7E0,0,0,,0,0
20260930-133514,176.1,Spear,Account-5C40,Player-F494,0,0,,0,0
20260930-133514,176.1,Spear,Account-EA9E,Player-C842,0,0,,0,0
20260930-133514,176.1,Spear,Account-059D,Player-CC68,0,0,,0,0
20260930-133514,212.5,Spear,Account-9365,Player-DDA6,0,0,,0,0
20260930-133514,212.5,Spear,Account-83FE,Player-BCA0,0,0,,0,0
20260930-133514,212.5,Spear,Account-9FFE,Player-74C1,0,0,,0,0
20260930-133514,212.5,Spear,Account-2EB3,Player-01BF,0,0,,0,0
20260930-133514,212.5,Spear,Account-9FE4,Player-717E,0,0,,0,0
20260930-133514,212.5,Spear,Account-1150,Player-470E,0,0,,0,0
20260930-133514,212.5,Spear,Account-ABC8,Player-F7E0,0,0,,0,0
20260930-133514,212.5,Spear,Account-5C40,Player-F494,0,0,,0,0
20260930-133514,212.5,Spear,Account-EA9E,Player-C842,0,0,,0,0
20260930-133514,212.5,Spear,Account-059D,Player-CC68,0,0,,0,0
20260930-133514,248.8,Spear,Account-9365,Player-DDA6,0,0,,0,0
20260930-133514,248.8,Spear,Account-83FE,Player-BCA0,0,0,,0,0
20260930-133514,248.8,Spear,Account-9FFE,Player-74C1,0,0,,0,0
20260930-133514,248.8,Spear,Account-9FE4,Player-717E,0,0,,0,0
20260930-133514,248.8,Spear,Account-1150,Player-470E,0,0,,0,0
20260930-133514,248.8,Spear,Account-ABC8,Player-F7E0,0,0,,0,0
20260930-133514,248.8,Spear,Account-5C40,Player-F494,0,0,,0,0
20260930-133514,248.8,Spear,Account-EA9E,Player-C842,0,0,,0,0
20260930-133514,248.8,Spear,Account-059D,Player-CC68,0,0,,0,0
20260930-134135,177.8,Spear,Account-9365,Player-DDA6,0,0,,0,0
20260930-134135,177.8,Spear,Account-83FE,Player-BCA0,0,0,,0,0
20260930-134135,177.8,Spear,Account-9FFE,Player-74C1,0,0,,0,0
20260930-134135,177.8,Spear,Account-2EB3,Player-01BF,0,0,,0,0
20260930-134135,177.8,Spear,Account-9FE4,Player-717E,0,0,,0,0
20260930-134135,177.8,Spear,Account-1150,Player-470E,0,0,,0,0
20260930-134135,177.8,Spear,Account-ABC8,Player-F7E0,0,0,,0,0
20260930-134135,177.8,Spear,Account-5C40,Player-F494,0,0,,0,0
20260930-134135,177.8,Spear,Account-EA9E,Player-C842,0,0,,0,0
20260930-134135,177.8,Spear,Account-059D,Player-CC68,0,0,,0,0
20260930-134135,214.2,Spear,Account-9365,Player-DDA6,0,0,,0,0
20260930-134135,214.2,Spear,Account-83FE,Player-BCA0,0,0,,0,0
20260930-134135,214.2,Spear,Account-9FFE,Player-74C1,0,0,,0,0
20260930-134135,214.2,Spear,Account-2EB3,Player-01BF,0,0,,0,0
20260930-134135,214.2,Spear,Account-9FE4,Player-717E,0,0,,0,0
20260930-134135,214.2,Spear,Account-1150,Player-470E,0,0,,0,0
20260930-134135,214.2,Spear,Account-ABC8,Player-F7E0,0,0,,0,0
20260930-134135,214.2,Spear,Account-5C40,Player-F494,0,0,,0,0
20260930-134135,214.2,Spear,Account-EA9E,Player-C842,0,0,,0,0
20260930-134135,214.2,Spear,Account-059D,Player-CC68,0,0,,0,0
20260930-134135,251.3,Spear,Account-9365,Player-DDA6,0,0,,0,0
20260930-134135,251.3,Spear,Account-83FE,Player-BCA0,0,0,,0,0
20260930-134135,251.3,Spear,Account-9FFE,Player-74C1,0,0,,0,0
20260930-134135,251.3,Spear,Account-2EB3,Player-01BF,0,0,,0,0
20260930-134135,251.3,Spear,Account-9FE4,Player-717E,0,0,,0,0
20260930-134135,251.3,Spear,Account-1150,Player-470E,0,0,,0,0
20260930-134135,251.3,Spear,Account-ABC8,Player-F7E0,0,0,,0,0
20260930-134135,251.3,Spear,Account-5C40,Player-F494,0,0,,0,0
20260930-134135,251.3,Spear,Account-EA9E,Player-C842,0,0,,0,0
20260930-134135,251.3,Spear,Account-059D,Player-CC68,0,0,,0,0
20260930-134135,288.7,Spear,Account-9365,Player-DDA6,0,0,,0,0
20260930-134135,288.7,Spear,Account-83FE,Player-BCA0,0,0,,0,0
20260930-134135,288.7,Spear,Account-9FFE,Player-74C1,0,0,,0,0
20260930-134135,288.7,Spear,Account-2EB3,Player-01BF,0,0,,0,0
20260930-134135,288.7,Spear,Account-9FE4,Player-717E,0,0,,0,0
20260930-134135,288.7,Spear,Account-1150,Player-470E,0,0,,0,0
20260930-134135,288.7,Spear,Account-ABC8,Player-F7E0,1,0,4,220,1
20260930-134135,288.7,Spear,Account-5C40,Player-F494,0,0,,0,0
20260930-134135,288.7,Spear,Account-EA9E,Player-C842,0,0,,0,0
20260930-134135,288.7,Spear,Account-059D,Player-CC68,0,0,,0,0
20260930-134554,171.8,Spear,Account-9365,Player-DDA6,0,0,,0,0
20260930-134554,171.8,Spear,Account-83FE,Player-BCA0,0,0,,0,0
20260930-134554,171.8,Spear,Account-9FFE,Player-74C1,0,0,,0,0
20260930-134554,171.8,Spear,Account-2EB3,Player-01BF,0,0,,0,0
20260930-134554,171.8,Spear,Account-9FE4,Player-717E,0,0,,0,0
20260930-134554,171.8,Spear,Account-1150,Player-470E,0,0,,0,0
20260930-134554,171.8,Spear,Account-ABC8,Player-F7E0,0,0,,0,0
20260930-134554,171.8,Spear,Account-5C40,Player-F494,1,102325,9 0,195,1
20260930-134554,171.8,Spear,Account-EA9E,Player-C842,0,0,,0,0
20260930-134554,171.8,Spear,Account-059D,Player-CC68,0,0,,0,0
20260930-135458,178.4,Spear,Account-9365,Player-DDA6,0,0,,0,0
20260930-135458,178.4,Spear,Account-83FE,Player-BCA0,0,0,,0,0
20260930-135458,178.4,Spear,Account-9FFE,Player-74C1,0,0,,0,0
20260930-135458,178.4,Spear,Account-2EB3,Player-01BF,0,0,,0,0
20260930-135458,178.4,Spear,Account-9FE4,Player-717E,0,0,,0,0
20260930-135458,178.4,Spear,Account-1150,Player-470E,0,0,,0,0
20260930-135458,178.4,Spear,Account-ABC8,Player-F7E0,0,0,,0,0
20260930-135458,178.4,Spear,Account-5C40,Player-F494,0,0,,0,0
20260930-135458,178.4,Spear,Account-EA9E,Player-C842,0,0,,0,0
20260930-135458,178.4,Spear,Account-059D,Player-CC68,0,0,,0,0
20260930-135458,215.3,Spear,Account-9365,Player-DDA6,0,0,,0,0
20260930-135458,215.3,Spear,Account-83FE,Player-BCA0,0,0,,0,0
20260930-135458,215.3,Spear,Account-9FFE,Player-74C1,0,0,,0,0
20260930-135458,215.3,Spear,Account-2EB3,Player-01BF,0,0,,0,0
20260930-135458,215.3,Spear,Account-9FE4,Player-717E,0,0,,0,0
20260930-135458,215.3,Spear,Account-1150,Player-470E,0,0,,0,0
20260930-135458,215.3,Spear,Account-ABC8,Player-F7E0,0,0,,0,0
20260930-135458,215.3,Spear,Account-5C40,Player-F494,0,0,,0,0
20260930-135458,215.3,Spear,Account-EA9E,Player-C842,0,0,,0,0
20260930-135458,215.3,Spear,Account-059D,Player-CC68,0,0,,0,0
20260930-135458,251.5,Spear,Account-9365,Player-DDA6,0,0,,0,0
20260930-135458,251.5,Spear,Account-83FE,Player-BCA0,0,0,,0,0
20260930-135458,251.5,Spear,Account-9FFE,Player-74C1,0,0,,0,0
20260930-135458,251.5,Spear,Account-2EB3,Player-01BF,0,0,,0,0
20260930-135458,251.5,Spear,Account-9FE4,Player-717E,0,0,,0,0
20260930-135458,251.5,Spear,Account-1150,Player-470E,0,0,,0,0
20260930-135458,251.5,Spear,Account-ABC8,Player-F7E0,0,0,,0,0
20260930-135458,251.5,Spear,Account-5C40,Player-F494,0,0,,0,0
20260930-135458,251.5,Spear,Account-EA9E,Player-C842,0,0,,0,0
20260930-135458,251.5,Spear,Account-059D,Player-CC68,0,0,,0,0
20260930-135458,293.7,Spear,Account-9365,Player-DDA6,0,0,,0,0
20260930-135458,293.7,Spear,Account-83FE,Player-BCA0,0,0,,0,0
20260930-135458,293.7,Spear,Account-9FFE,Player-74C1,0,0,,0,0
20260930-135458,293.7,Spear,Account-2EB3,Player-01BF,0,0,,0,0
20260930-135458,293.7,Spear,Account-9FE4,Player-717E,0,0,,0,0
20260930-135458,293.7,Spear,Account-1150,Player-470E,0,0,,0,0
20260930-135458,293.7,Spear,Account-ABC8,Player-F7E0,0,0,,0,0
20260930-135458,293.7,Spear,Account-5C40,Player-F494,0,0,,0,0
20260930-135458,293.7,Spear,Account-EA9E,Player-C842,0,0,,0,0
20260930-135458,293.7,Spear,Account-059D,Player-CC68,0,0,,0,0
20260930-140955,182.0,Spear,Account-9365,Player-DDA6,0,0,,0,0
20260930-140955,182.0,Spear,Account-83FE,Player-BCA0,0,0,,0,0
20260930-140955,182.0,Spear,Account-9FFE,Player-74C1,0,0,,0,0
20260930-140955,182.0,Spear,Account-2EB3,Player-01BF,1,0,4,174,1
20260930-140955,182.0,Spear,Account-9FE4,Player-717E,0,0,,0,0
20260930-140955,182.0,Spear,Account-1150,Player-470E,0,0,,0,0
20260930-140955,182.0,Spear,Account-ABC8,Player-F7E0,0,0,,0,0
20260930-140955,182.0,Spear,Account-5C40,Player-F494,0,0,,0,0
20260930-140955,182.0,Spear,Account-EA9E,Player-C842,0,0,,0,0
20260930-140955,182.0,Spear,Account-059D,Player-CC68,0,0,,0,0
20260930-140955,218.4,Spear,Account-9365,Player-DDA6,0,0,,0,0
20260930-140955,218.4,Spear,Account-83FE,Player-BCA0,0,0,,0,0
20260930-140955,218.4,Spear,Account-9FFE,Player-74C1,0,0,,0,0
20260930-140955,218.4,Spear,Account-2EB3,Player-01BF,0,0,,0,0
20260930-140955,218.4,Spear,Account-9FE4,Player-717E,0,0,,0,0
20260930-140955,218.4,Spear,Account-1150,Player-470E,0,0,,0,0
20260930-140955,218.4,Spear,Account-ABC8,Player-F7E0,0,0,,0,0
20260930-140955,218.4,Spear,Account-5C40,Player-F494,0,0,,0,0
20260930-140955,218.4,Spear,Account-EA9E,Player-C842,0,0,,0,0
20260930-140955,218.4,Spear,Account-059D,Player-CC68,0,0,,0,0
20260930-140955,255.3,Spear,Account-9365,Player-DDA6,0,0,,0,0
20260930-140955,255.3,Spear,Account-83FE,Player-BCA0,0,0,,0,0
20260930-140955,255.3,Spear,Account-9FFE,Player-74C1,0,0,,0,0
20260930-140955,255.3,Spear,Account-2EB3,Player-01BF,0,0,,0,0
20260930-140955,255.3,Spear,Account-9FE4,Player-717E,0,0,,0,0
20260930-140955,255.3,Spear,Account-1150,Player-470E,0,0,,0,0
20260930-140955,255.3,Spear,Account-ABC8,Player-F7E0,0,0,,0,0
20260930-140955,255.3,Spear,Account-5C40,Player-F494,0,0,,0,0
20260930-140955,255.3,Spear,Account-EA9E,Player-C842,0,0,,0,0
20260930-140955,255.3,Spear,Account-059D,Player-CC68,0,0,,0,0
20260930-140955,291.6,Spear,Account-9365,Player-DDA6,0,0,,0,0
20260930-140955,291.6,Spear,Account-83FE,Player-BCA0,0,0,,0,0
20260930-140955,291.6,Spear,Account-9FFE,Player-74C1,0,0,,0,0
20260930-140955,291.6,Spear,Account-2EB3,Player-01BF,0,0,,0,0
20260930-140955,291.6,Spear,Account-9FE4,Player-717E,0,0,,0,0
20260930-140955,291.6,Spear,Account-1150,Player-470E,0,0,,0,0
20260930-140955,291.6,Spear,Account-ABC8,Player-F7E0,0,0,,0,0
20260930-140955,291.6,Spear,Account-5C40,Player-F494,0,0,,0,0
20260930-140955,291.6,Spear,Account-EA9E,Player-C842,0,0,,0,0
20260930-140955,291.6,Spear,Account-059D,Player-CC68,0,0,,0,0
20260930-142129,182.5,Spear,Account-9365,Player-DDA6,0,0,,0,0
20260930-142129,182.5,Spear,Account-83FE,Player-BCA0,0,0,,0,0
20260930-142129,182.5,Spear,Account-9FFE,Player-74C1,0,0,,0,0
20260930-142129,182.5,Spear,Account-9FE4,Player-717E,0,0,,0,0
20260930-142129,182.5,Spear,Account-33F7,Player-E1F6,0,0,,0,0
20260930-142129,182.5,Spear,Account-ABC8,Player-F7E0,0,0,,0,0
20260930-142129,182.5,Spear,Account-5C40,Player-F494,0,0,,0,0
20260930-142129,182.5,Spear,Account-EA9E,Player-C842,0,0,,0,0
20260930-142129,182.5,Spear,Account-059D,Player-CC68,0,0,,0,0
20260930-142129,218.6,Spear,Account-9365,Player-DDA6,0,0,,0,0
20260930-142129,218.6,Spear,Account-83FE,Player-BCA0,0,0,,0,0
20260930-142129,218.6,Spear,Account-9FFE,Player-74C1,0,0,,0,0
20260930-142129,218.6,Spear,Account-2EB3,Player-01BF,0,0,,0,0
20260930-142129,218.6,Spear,Account-9FE4,Player-717E,0,0,,0,0
20260930-142129,218.6,Spear,Account-33F7,Player-E1F6,0,0,,0,0
20260930-142129,218.6,Spear,Account-ABC8,Player-F7E0,0,0,,0,0
20260930-142129,218.6,Spear,Account-5C40,Player-F494,0,0,,0,0
20260930-142129,218.6,Spear,Account-EA9E,Player-C842,0,0,,0,0
20260930-142129,218.6,Spear,Account-059D,Player-CC68,0,0,,0,0
20260930-142522,177.4,Spear,Account-9365,Player-DDA6,0,0,,0,0
20260930-142522,177.4,Spear,Account-83FE,Player-BCA0,0,0,,0,0
20260930-142522,177.4,Spear,Account-9FFE,Player-74C1,0,0,,0,0
20260930-142522,177.4,Spear,Account-2EB3,Player-01BF,0,0,,0,0
20260930-142522,177.4,Spear,Account-9FE4,Player-717E,0,0,,0,0
20260930-142522,177.4,Spear,Account-33F7,Player-E1F6,0,0,,0,0
20260930-142522,177.4,Spear,Account-ABC8,Player-F7E0,0,0,,0,0
20260930-142522,177.4,Spear,Account-5C40,Player-F494,0,0,,0,0
20260930-142522,177.4,Spear,Account-EA9E,Player-C842,0,0,,0,0
20260930-142522,177.4,Spear,Account-059D,Player-CC68,0,0,,0,0
20260930-143043,176.3,Spear,Account-9365,Player-DDA6,0,0,,0,0
20260930-143043,176.3,Spear,Account-83FE,Player-BCA0,0,0,,0,0
20260930-143043,176.3,Spear,Account-9FFE,Player-74C1,0,0,,0,0
20260930-143043,176.3,Spear,Account-2EB3,Player-01BF,0,0,,0,0
20260930-143043,176.3,Spear,Account-9FE4,Player-717E,1,64926,4 0 9,174,1
20260930-143043,176.3,Spear,Account-33F7,Player-E1F6,0,0,,0,0
20260930-143043,176.3,Spear,Account-ABC8,Player-F7E0,0,0,,0,0
20260930-143043,176.3,Spear,Account-5C40,Player-F494,0,0,,0,0
20260930-143043,176.3,Spear,Account-EA9E,Player-C842,0,0,,0,0
20260930-143043,176.3,Spear,Account-059D,Player-CC68,0,0,,0,0
20260930-143043,212.7,Spear,Account-9365,Player-DDA6,0,0,,0,0
20260930-143043,212.7,Spear,Account-83FE,Player-BCA0,0,0,,0,0
20260930-143043,212.7,Spear,Account-9FFE,Player-74C1,0,0,,0,0
20260930-143043,212.7,Spear,Account-2EB3,Player-01BF,0,0,,0,0
20260930-143043,212.7,Spear,Account-9FE4,Player-717E,0,0,,0,0
20260930-143043,212.7,Spear,Account-33F7,Player-E1F6,0,0,,0,0
20260930-143043,212.7,Spear,Account-ABC8,Player-F7E0,0,0,,0,0
20260930-143043,212.7,Spear,Account-5C40,Player-F494,0,0,,0,0
20260930-143043,212.7,Spear,Account-EA9E,Player-C842,0,0,,0,0
20260930-143043,212.7,Spear,Account-059D,Player-CC68,0,0,,0,0
20260930-143043,249.2,Spear,Account-9365,Player-DDA6,0,0,,0,0
20260930-143043,249.2,Spear,Account-83FE,Player-BCA0,0,0,,0,0
20260930-143043,249.2,Spear,Account-9FFE,Player-74C1,0,0,,0,0
20260930-143043,249.2,Spear,Account-2EB3,Player-01BF,0,0,,0,0
20260930-143043,249.2,Spear,Account-9FE4,Player-717E,0,0,,0,0
20260930-143043,249.2,Spear,Account-33F7,Player-E1F6,0,0,,0,0
20260930-143043,249.2,Spear,Account-ABC8,Player-F7E0,0,0,,0,0
20260930-143043,249.2,Spear,Account-5C40,Player-F494,0,0,,0,0
20260930-143043,249.2,Spear,Account-EA9E,Player-C842,0,0,,0,0
20260930-143043,249.2,Spear,Account-059D,Player-CC68,0,0,,0,0
20260930-143043,290.4,Spear,Account-9FFE,Player-74C1,0,0,,0,0
20260930-143043,290.4,Spear,Account-059D,Player-CC68,0,0,,0,0
20260930-144016,198.4,Spear,Account-9365,Player-DDA6,0,0,,0,0
20260930-144016,198.4,Spear,Account-83FE,Player-BCA0,0,0,,0,0
20260930-144016,198.4,Spear,Account-9FFE,Player-74C1,0,0,,0,0
20260930-144016,198.4,Spear,Account-2EB3,Player-01BF,0,0,,0,0
20260930-144016,198.4,Spear,Account-9FE4,Player-717E,0,0,,0,0
20260930-144016,198.4,Spear,Account-33F7,Player-E1F6,0,0,,0,0
20260930-144016,198.4,Spear,Account-ABC8,Player-F7E0,0,0,,0,0
20260930-144016,198.4,Spear,Account-5C40,Player-F494,0,0,,0,0
20260930-144016,198.4,Spear,Account-EA9E,Player-C842,0,0,,0,0
20260930-144016,198.4,Spear,Account-059D,Player-CC68,0,0,,0,0
20260930-144016,234.5,Spear,Account-9365,Player-DDA6,0,0,,0,0
20260930-144016,234.5,Spear,Account-83FE,Player-BCA0,0,0,,0,0
20260930-144016,234.5,Spear,Account-9FFE,Player-74C1,0,0,,0,0
20260930-144016,234.5,Spear,Account-2EB3,Player-01BF,0,0,,0,0
20260930-144016,234.5,Spear,Account-9FE4,Player-717E,0,0,,0,0
20260930-144016,234.5,Spear,Account-33F7,Player-E1F6,0,0,,0,0
20260930-144016,234.5,Spear,Account-ABC8,Player-F7E0,0,0,,0,0
20260930-144016,234.5,Spear,Account-5C40,Player-F494,0,0,,0,0
20260930-144016,234.5,Spear,Account-EA9E,Player-C842,0,0,,0,0
20260930-144016,234.5,Spear,Account-059D,Player-CC68,0,0,,0,0
20260930-144016,271.2,Spear,Account-9365,Player-DDA6,0,0,,0,0
20260930-144016,271.2,Spear,Account-83FE,Player-BCA0,0,0,,0,0
20260930-144016,271.2,Spear,Account-9FFE,Player-74C1,0,0,,0,0
20260930-144016,271.2,Spear,Account-2EB3,Player-01BF,0,0,,0,0
20260930-144016,271.2,Spear,Account-9FE4,Player-717E,0,0,,0,0
20260930-144016,271.2,Spear,Account-33F7,Player-E1F6,0,0,,0,0
20260930-144016,271.2,Spear,Account-ABC8,Player-F7E0,0,0,,0,0
20260930-144016,271.2,Spear,Account-5C40,Player-F494,0,0,,0,0
20260930-144016,271.2,Spear,Account-EA9E,Player-C842,0,0,,0,0
20260930-144016,271.2,Spear,Account-059D,Player-CC68,0,0,,0,0
20260930-144016,313.1,Spear,Account-9365,Player-DDA6,0,0,,0,0
20260930-144016,313.1,Spear,Account-83FE,Player-BCA0,0,0,,0,0
20260930-144016,313.1,Spear,Account-9FFE,Player-74C1,0,0,,0,0
20260930-144016,313.1,Spear,Account-2EB3,Player-01BF,0,0,,0,0
20260930-144016,313.1,Spear,Account-9FE4,Player-717E,0,0,,0,0
20260930-144016,313.1,Spear,Account-33F7,Player-E1F6,0,0,,0,0
20260930-144016,313.1,Spear,Account-ABC8,Player-F7E0,0,0,,0,0
20260930-144016,313.1,Spear,Account-5C40,Player-F494,0,0,,0,0
20260930-144016,313.1,Spear,Account-EA9E,Player-C842,0,0,,0,0
20260930-144016,313.1,Spear,Account-059D,Player-CC68,0,0,,0,0
20260930-144016,353.8,Spear,Account-9365,Player-DDA6,1,3044,0,69,0
20260930-144016,353.8,Spear,Account-83FE,Player-BCA0,0,0,,0,0
20260930-144016,353.8,Spear,Account-9FFE,Player-74C1,0,0,,0,0
20260930-144016,353.8,Spear,Account-2EB3,Player-01BF,1,4808,0 5,62,0
20260930-144016,353.8,Spear,Account-9FE4,Player-717E,0,0,,0,0
20260930-144016,353.8,Spear,Account-33F7,Player-E1F6,0,0,,0,0
20260930-144016,353.8,Spear,Account-ABC8,Player-F7E0,1,2961,0 5,53,0
20260930-144016,353.8,Spear,Account-5C40,Player-F494,1,5798,0 5,55,0
20260930-144016,353.8,Spear,Account-EA9E,Player-C842,0,0,,0,0
20260930-144016,353.8,Spear,Account-059D,Player-CC68,1,3437,0,0,0
20260930-144536,175.7,Spear,Account-9365,Player-DDA6,0,0,,0,0
20260930-144536,175.7,Spear,Account-83FE,Player-BCA0,0,0,,0,0
20260930-144536,175.7,Spear,Account-9FFE,Player-74C1,0,0,,0,0
20260930-144536,175.7,Spear,Account-2EB3,Player-01BF,0,0,,0,0
20260930-144536,175.7,Spear,Account-9FE4,Player-717E,0,0,,0,0
20260930-144536,175.7,Spear,Account-33F7,Player-E1F6,0,0,,0,0
20260930-144536,175.7,Spear,Account-ABC8,Player-F7E0,0,0,,0,0
20260930-144536,175.7,Spear,Account-5C40,Player-F494,0,0,,0,0
20260930-144536,175.7,Spear,Account-EA9E,Player-C842,0,0,,0,0
20260930-144536,175.7,Spear,Account-059D,Player-CC68,0,0,,0,0
20260930-144536,212.3,Spear,Account-9365,Player-DDA6,0,0,,0,0
20260930-144536,212.3,Spear,Account-83FE,Player-BCA0,0,0,,0,0
20260930-144536,212.3,Spear,Account-9FFE,Player-74C1,0,0,,0,0
20260930-144536,212.3,Spear,Account-2EB3,Player-01BF,0,0,,0,0
20260930-144536,212.3,Spear,Account-9FE4,Player-717E,0,0,,0,0
20260930-144536,212.3,Spear,Account-33F7,Player-E1F6,0,0,,0,0
20260930-144536,212.3,Spear,Account-ABC8,Player-F7E0,0,0,,0,0
20260930-144536,212.3,Spear,Account-5C40,Player-F494,0,0,,0,0
20260930-144536,212.3,Spear,Account-EA9E,Player-C842,0,0,,0,0
20260930-144536,212.3,Spear,Account-059D,Player-CC68,0,0,,0,0
20260930-144536,248.5,Spear,Account-9365,Player-DDA6,0,0,,0,0
20260930-144536,248.5,Spear,Account-83FE,Player-BCA0,0,0,,0,0
20260930-144536,248.5,Spear,Account-9FFE,Player-74C1,0,0,,0,0
20260930-144536,248.5,Spear,Account-2EB3,Player-01BF,0,0,,0,0
20260930-144536,248.5,Spear,Account-9FE4,Player-717E,0,0,,0,0
20260930-144536,248.5,Spear,Account-33F7,Player-E1F6,0,0,,0,0
20260930-144536,248.5,Spear,Account-ABC8,Player-F7E0,0,0,,0,0
20260930-144536,248.5,Spear,Account-5C40,Player-F494,1,137109,9 0 8,179,1
20260930-144536,248.5,Spear,Account-059D,Player-CC68,0,0,,0,0
20260930-145035,169.6,Spear,Account-9365,Player-DDA6,0,0,,0,0
20260930-145035,169.6,Spear,Account-83FE,Player-BCA0,0,0,,0,0
20260930-145035,169.6,Spear,Account-9FFE,Player-74C1,0,0,,0,0
20260930-145035,169.6,Spear,Account-2EB3,Player-01BF,0,0,,0,0
20260930-145035,169.6,Spear,Account-9FE4,Player-717E,0,0,,0,0
20260930-145035,169.6,Spear,Account-33F7,Player-E1F6,0,0,,0,0
20260930-145035,169.6,Spear,Account-ABC8,Player-F7E0,0,0,,0,0
20260930-145035,169.6,Spear,Account-5C40,Player-F494,0,0,,0,0
20260930-145035,169.6,Spear,Account-EA9E,Player-C842,0,0,,0,0
20260930-145035,169.6,Spear,Account-059D,Player-CC68,0,0,,0,0
20260930-145035,206.2,Spear,Account-9365,Player-DDA6,0,0,,0,0
20260930-145035,206.2,Spear,Account-83FE,Player-BCA0,0,0,,0,0
20260930-145035,206.2,Spear,Account-9FFE,Player-74C1,0,0,,0,0
20260930-145035,206.2,Spear,Account-2EB3,Player-01BF,0,0,,0,0
20260930-145035,206.2,Spear,Account-9FE4,Player-717E,0,0,,0,0
20260930-145035,206.2,Spear,Account-33F7,Player-E1F6,0,0,,0,0
20260930-145035,206.2,Spear,Account-ABC8,Player-F7E0,0,0,,0,0
20260930-145035,206.2,Spear,Account-5C40,Player-F494,0,0,,0,0
20260930-145035,206.2,Spear,Account-EA9E,Player-C842,0,0,,0,0
20260930-145035,206.2,Spear,Account-059D,Player-CC68,0,0,,0,0
20260930-145735,178.2,Spear,Account-9365,Player-DDA6,0,0,,0,0
20260930-145735,178.2,Spear,Account-83FE,Player-BCA0,0,0,,0,0
20260930-145735,178.2,Spear,Account-9FFE,Player-74C1,0,0,,0,0
20260930-145735,178.2,Spear,Account-2EB3,Player-01BF,0,0,,0,0
20260930-145735,178.2,Spear,Account-9FE4,Player-717E,0,0,,0,0
20260930-145735,178.2,Spear,Account-33F7,Player-E1F6,0,0,,0,0
20260930-145735,178.2,Spear,Account-ABC8,Player-F7E0,0,0,,0,0
20260930-145735,178.2,Spear,Account-5C40,Player-F494,0,0,,0,0
20260930-145735,178.2,Spear,Account-EA9E,Player-C842,0,0,,0,0
20260930-145735,178.2,Spear,Account-059D,Player-CC68,0,0,,0,0
20260930-145735,214.8,Spear,Account-9365,Player-DDA6,0,0,,0,0
20260930-145735,214.8,Spear,Account-83FE,Player-BCA0,0,0,,0,0
20260930-145735,214.8,Spear,Account-9FFE,Player-74C1,0,0,,0,0
20260930-145735,214.8,Spear,Account-2EB3,Player-01BF,0,0,,0,0
20260930-145735,214.8,Spear,Account-9FE4,Player-717E,0,0,,0,0
20260930-145735,214.8,Spear,Account-33F7,Player-E1F6,0,0,,0,0
20260930-145735,214.8,Spear,Account-ABC8,Player-F7E0,0,0,,0,0
20260930-145735,214.8,Spear,Account-5C40,Player-F494,0,0,,0,0
20260930-145735,214.8,Spear,Account-EA9E,Player-C842,0,0,,0,0
20260930-145735,214.8,Spear,Account-059D,Player-CC68,0,0,,0,0
20260930-145735,251.7,Spear,Account-9365,Player-DDA6,0,0,,0,0
20260930-145735,251.7,Spear,Account-83FE,Player-BCA0,0,0,,0,0
20260930-145735,251.7,Spear,Account-9FFE,Player-74C1,0,0,,0,0
20260930-145735,251.7,Spear,Account-2EB3,Player-01BF,0,0,,0,0
20260930-145735,251.7,Spear,Account-9FE4,Player-717E,0,0,,0,0
20260930-145735,251.7,Spear,Account-33F7,Player-E1F6,0,0,,0,0
20260930-145735,251.7,Spear,Account-ABC8,Player-F7E0,0,0,,0,0
20260930-145735,251.7,Spear,Account-5C40,Player-F494,0,0,,0,0
20260930-145735,251.7,Spear,Account-EA9E,Player-C842,0,0,,0,0
20260930-145735,251.7,Spear,Account-059D,Player-CC68,0,0,,0,0
20260930-145735,288.0,Spear,Account-9365,Player-DDA6,0,0,,0,0
20260930-145735,288.0,Spear,Account-83FE,Player-BCA0,0,0,,0,0
20260930-145735,288.0,Spear,Account-9FFE,Player-74C1,0,0,,0,0
20260930-145735,288.0,Spear,Account-2EB3,Player-01BF,0,0,,0,0
20260930-145735,288.0,Spear,Account-9FE4,Player-717E,0,0,,0,0
20260930-145735,288.0,Spear,Account-33F7,Player-E1F6,0,0,,0,0
20260930-145735,288.0,Spear,Account-ABC8,Player-F7E0,0,0,,0,0
20260930-145735,288.0,Spear,Account-5C40,Player-F494,0,0,,0,0
20260930-145735,288.0,Spear,Account-EA9E,Player-C842,0,0,,0,0
20260930-145735,288.0,Spear,Account-059D,Player-CC68,0,0,,0,0
20260930-161109,190.6,Spear,Account-9365,Player-DDA6,0,0,,0,0
20260930-161109,190.6,Spear,Account-D27F,Player-C729,0,0,,0,0
20260930-161109,190.6,Spear,Account-1B91,Player-8B8A,0,0,,0,0
20260930-161109,190.6,Spear,Account-A3D3,Player-3760,0,0,,0,0
20260930-161109,190.6,Spear,Account-1DFC,Player-781D,0,0,,0,0
20260930-161109,190.6,Spear,Account-83FE,Player-BCA0,0,0,,0,0
20260930-161109,190.6,Spear,Account-3D72,Player-6B3D,0,0,,0,0
20260930-161109,190.6,Spear,Account-B488,Player-F273,0,0,,0,0
20260930-161109,190.6,Spear,Account-8C31,Player-00E6,0,0,,0,0
20260930-161109,190.6,Spear,Account-F5B9,Player-10E1,0,0,,0,0
20260930-161736,185.1,Spear,Account-9365,Player-DDA6,0,0,,0,0
20260930-161736,185.1,Spear,Account-D27F,Player-C729,0,0,,0,0
20260930-161736,185.1,Spear,Account-1B91,Player-8B8A,0,0,,0,0
20260930-161736,185.1,Spear,Account-A3D3,Player-3760,0,0,,0,0
20260930-161736,185.1,Spear,Account-1DFC,Player-781D,0,0,,0,0
20260930-161736,185.1,Spear,Account-83FE,Player-BCA0,0,0,,0,0
20260930-161736,185.1,Spear,Account-3D72,Player-6B3D,0,0,,0,0
20260930-161736,185.1,Spear,Account-B488,Player-F273,0,0,,0,0
20260930-161736,185.1,Spear,Account-8C31,Player-00E6,0,0,,0,0
20260930-161736,185.1,Spear,Account-F5B9,Player-10E1,0,0,,0,0
20260930-161736,221.7,Spear,Account-9365,Player-DDA6,0,0,,0,0
20260930-161736,221.7,Spear,Account-D27F,Player-C729,0,0,,0,0
20260930-161736,221.7,Spear,Account-1B91,Player-8B8A,0,0,,0,0
20260930-161736,221.7,Spear,Account-A3D3,Player-3760,0,0,,0,0
20260930-161736,221.7,Spear,Account-1DFC,Player-781D,0,0,,0,0
20260930-161736,221.7,Spear,Account-83FE,Player-BCA0,0,0,,0,0
20260930-161736,221.7,Spear,Account-3D72,Player-6B3D,0,0,,0,0
20260930-161736,221.7,Spear,Account-B488,Player-F273,0,0,,0,0
20260930-161736,221.7,Spear,Account-8C31,Player-00E6,0,0,,0,0
20260930-161736,221.7,Spear,Account-F5B9,Player-10E1,1,0,4,220,1
20260930-161736,258.1,Spear,Account-9365,Player-DDA6,0,0,,0,0
20260930-161736,258.1,Spear,Account-1B91,Player-8B8A,0,0,,0,0
20260930-161736,258.1,Spear,Account-1DFC,Player-781D,0,0,,0,0
20260930-161736,258.1,Spear,Account-83FE,Player-BCA0,0,0,,0,0
20260930-161736,258.1,Spear,Account-3D72,Player-6B3D,0,0,,0,0
20260930-161736,258.1,Spear,Account-8C31,Player-00E6,0,0,,0,0
20260930-162218,190.1,Spear,Account-9365,Player-DDA6,0,0,,0,0
20260930-162218,190.1,Spear,Account-D27F,Player-C729,0,0,,0,0
20260930-162218,190.1,Spear,Account-1B91,Player-8B8A,0,0,,0,0
20260930-162218,190.1,Spear,Account-A3D3,Player-3760,0,0,,0,0
20260930-162218,190.1,Spear,Account-1DFC,Player-781D,0,0,,0,0
20260930-162218,190.1,Spear,Account-83FE,Player-BCA0,0,0,,0,0
20260930-162218,190.1,Spear,Account-3D72,Player-6B3D,0,0,,0,0
20260930-162218,190.1,Spear,Account-B488,Player-F273,0,0,,0,0
20260930-162218,190.1,Spear,Account-8C31,Player-5862,0,0,,0,0
20260930-162218,190.1,Spear,Account-F5B9,Player-10E1,0,0,,0,0
20260930-162757,186.5,Spear,Account-9365,Player-DDA6,0,0,,0,0
20260930-162757,186.5,Spear,Account-D27F,Player-C729,0,0,,0,0
20260930-162757,186.5,Spear,Account-1B91,Player-8B8A,0,0,,0,0
20260930-162757,186.5,Spear,Account-A3D3,Player-3760,0,0,,0,0
20260930-162757,186.5,Spear,Account-1DFC,Player-781D,0,0,,0,0
20260930-162757,186.5,Spear,Account-83FE,Player-BCA0,0,0,,0,0
20260930-162757,186.5,Spear,Account-3D72,Player-6B3D,0,0,,0,0
20260930-162757,186.5,Spear,Account-B488,Player-F273,0,0,,0,0
20260930-162757,186.5,Spear,Account-8C31,Player-5862,0,0,,0,0
20260930-162757,186.5,Spear,Account-F5B9,Player-10E1,0,0,,0,0
20260930-162757,222.9,Spear,Account-9365,Player-DDA6,0,0,,0,0
20260930-162757,222.9,Spear,Account-D27F,Player-C729,0,0,,0,0
20260930-162757,222.9,Spear,Account-1B91,Player-8B8A,0,0,,0,0
20260930-162757,222.9,Spear,Account-A3D3,Player-3760,0,0,,0,0
20260930-162757,222.9,Spear,Account-1DFC,Player-781D,0,0,,0,0
20260930-162757,222.9,Spear,Account-83FE,Player-BCA0,0,0,,0,0
20260930-162757,222.9,Spear,Account-3D72,Player-6B3D,0,0,,0,0
20260930-162757,222.9,Spear,Account-B488,Player-F273,0,0,,0,0
20260930-162757,222.9,Spear,Account-8C31,Player-5862,0,0,,0,0
20260930-162757,222.9,Spear,Account-F5B9,Player-10E1,0,0,,0,0
20260930-162757,259.1,Spear,Account-9365,Player-DDA6,0,0,,0,0
20260930-162757,259.1,Spear,Account-D27F,Player-C729,0,0,,0,0
20260930-162757,259.1,Spear,Account-1B91,Player-8B8A,1,3047,0 5,103,0
20260930-162757,259.1,Spear,Account-A3D3,Player-3760,0,0,,0,0
20260930-162757,259.1,Spear,Account-1DFC,Player-781D,0,0,,0,0
20260930-162757,259.1,Spear,Account-83FE,Player-BCA0,0,0,,0,0
20260930-162757,259.1,Spear,Account-3D72,Player-6B3D,1,3996,0,13,0
20260930-162757,259.1,Spear,Account-B488,Player-F273,0,0,,0,0
20260930-162757,259.1,Spear,Account-8C31,Player-5862,1,3533,5 0,51,0
20260930-162757,259.1,Spear,Account-F5B9,Player-10E1,0,0,,0,0
20260930-163327,183.0,Spear,Account-9365,Player-DDA6,0,0,,0,0
20260930-163327,183.0,Spear,Account-D27F,Player-C729,0,0,,0,0
20260930-163327,183.0,Spear,Account-1B91,Player-8B8A,0,0,,0,0
20260930-163327,183.0,Spear,Account-A3D3,Player-3760,0,0,,0,0
20260930-163327,183.0,Spear,Account-1DFC,Player-781D,1,0,4,200,1
20260930-163327,183.0,Spear,Account-83FE,Player-BCA0,0,0,,0,0
20260930-163327,183.0,Spear,Account-3D72,Player-6B3D,1,140481,9 0 8,86,0
20260930-163327,183.0,Spear,Account-B488,Player-F273,0,0,,0,0
20260930-163327,183.0,Spear,Account-8C31,Player-5862,0,0,,0,0
20260930-163327,183.0,Spear,Account-F5B9,Player-10E1,0,0,,0,0
20260930-163327,219.2,Spear,Account-9365,Player-DDA6,0,0,,0,0
20260930-163327,219.2,Spear,Account-D27F,Player-C729,0,0,,0,0
20260930-163327,219.2,Spear,Account-1B91,Player-8B8A,0,0,,0,0
20260930-163327,219.2,Spear,Account-1DFC,Player-781D,0,0,,0,0
20260930-163327,219.2,Spear,Account-83FE,Player-BCA0,0,0,,0,0
20260930-163327,219.2,Spear,Account-8C31,Player-5862,0,0,,0,0
20260930-163327,219.2,Spear,Account-F5B9,Player-10E1,0,0,,0,0
20260930-163913,192.4,Spear,Account-9365,Player-DDA6,0,0,,0,0
20260930-163913,192.4,Spear,Account-D27F,Player-C729,0,0,,0,0
20260930-163913,192.4,Spear,Account-1B91,Player-8B8A,0,0,,0,0
20260930-163913,192.4,Spear,Account-A3D3,Player-3760,0,0,,0,0
20260930-163913,192.4,Spear,Account-1DFC,Player-781D,0,0,,0,0
20260930-163913,192.4,Spear,Account-83FE,Player-BCA0,0,0,,0,0
20260930-163913,192.4,Spear,Account-3D72,Player-6B3D,0,0,,0,0
20260930-163913,192.4,Spear,Account-F5B9,Player-10E1,0,0,,0,0
20260930-163913,192.4,Spear,Account-B488,Player-F273,0,0,,0,0
20260930-163913,192.4,Spear,Account-8C31,Player-DCBD,0,0,,0,0
20260930-163913,229.0,Spear,Account-9365,Player-DDA6,0,0,,0,0
20260930-163913,229.0,Spear,Account-D27F,Player-C729,0,0,,0,0
20260930-163913,229.0,Spear,Account-1B91,Player-8B8A,1,144048,9 0 8,169,1
20260930-163913,229.0,Spear,Account-A3D3,Player-3760,0,0,,0,0
20260930-163913,229.0,Spear,Account-1DFC,Player-781D,0,0,,0,0
20260930-163913,229.0,Spear,Account-83FE,Player-BCA0,0,0,,0,0
20260930-163913,229.0,Spear,Account-3D72,Player-6B3D,0,0,,0,0
20260930-163913,229.0,Spear,Account-F5B9,Player-10E1,0,0,,0,0
20260930-163913,229.0,Spear,Account-8C31,Player-DCBD,0,0,,0,0
20260930-164624,186.3,Spear,Account-9365,Player-DDA6,0,0,,0,0
20260930-164624,186.3,Spear,Account-D27F,Player-C729,0,0,,0,0
20260930-164624,186.3,Spear,Account-1B91,Player-8B8A,0,0,,0,0
20260930-164624,186.3,Spear,Account-A3D3,Player-3760,0,0,,0,0
20260930-164624,186.3,Spear,Account-1DFC,Player-781D,0,0,,0,0
20260930-164624,186.3,Spear,Account-83FE,Player-BCA0,0,0,,0,0
20260930-164624,186.3,Spear,Account-3D72,Player-6B3D,0,0,,0,0
20260930-164624,186.3,Spear,Account-F5B9,Player-10E1,0,0,,0,0
20260930-164624,186.3,Spear,Account-B488,Player-F273,0,0,,0,0
20260930-164624,186.3,Spear,Account-8C31,Player-DCBD,0,0,,0,0
20260930-164624,222.5,Spear,Account-9365,Player-DDA6,0,0,,0,0
20260930-164624,222.5,Spear,Account-D27F,Player-C729,0,0,,0,0
20260930-164624,222.5,Spear,Account-1B91,Player-8B8A,0,0,,0,0
20260930-164624,222.5,Spear,Account-A3D3,Player-3760,0,0,,0,0
20260930-164624,222.5,Spear,Account-1DFC,Player-781D,0,0,,0,0
20260930-164624,222.5,Spear,Account-83FE,Player-BCA0,0,0,,0,0
20260930-164624,222.5,Spear,Account-3D72,Player-6B3D,0,0,,0,0
20260930-164624,222.5,Spear,Account-F5B9,Player-10E1,0,0,,0,0
20260930-164624,222.5,Spear,Account-B488,Player-F273,0,0,,0,0
20260930-164624,222.5,Spear,Account-8C31,Player-DCBD,0,0,,0,0
20260930-164624,258.9,Spear,Account-9365,Player-DDA6,0,0,,0,0
20260930-164624,258.9,Spear,Account-D27F,Player-C729,0,0,,0,0
20260930-164624,258.9,Spear,Account-1B91,Player-8B8A,0,0,,0,0
20260930-164624,258.9,Spear,Account-A3D3,Player-3760,0,0,,0,0
20260930-164624,258.9,Spear,Account-83FE,Player-BCA0,0,0,,0,0
20260930-164624,258.9,Spear,Account-3D72,Player-6B3D,0,0,,0,0
20260930-164624,258.9,Spear,Account-F5B9,Player-10E1,0,0,,0,0
20260930-164624,258.9,Spear,Account-B488,Player-F273,0,0,,0,0
20260930-164624,258.9,Spear,Account-8C31,Player-DCBD,0,0,,0,0
20260930-164624,300.8,Spear,Account-9365,Player-DDA6,0,0,,0,0
20260930-164624,300.8,Spear,Account-D27F,Player-C729,0,0,,0,0
20260930-164624,300.8,Spear,Account-1B91,Player-8B8A,0,0,,0,0
20260930-164624,300.8,Spear,Account-A3D3,Player-3760,0,0,,0,0
20260930-164624,300.8,Spear,Account-83FE,Player-BCA0,0,0,,0,0
20260930-164624,300.8,Spear,Account-3D72,Player-6B3D,0,0,,0,0
20260930-164624,300.8,Spear,Account-F5B9,Player-10E1,0,0,,0,0
20260930-164624,300.8,Spear,Account-B488,Player-F273,0,0,,0,0
20260930-164624,300.8,Spear,Account-8C31,Player-DCBD,0,0,,0,0
20260930-164624,340.9,Spear,Account-9365,Player-DDA6,0,0,,0,0
20260930-164624,340.9,Spear,Account-D27F,Player-C729,0,0,,0,0
20260930-164624,340.9,Spear,Account-1B91,Player-8B8A,0,0,,0,0
20260930-164624,340.9,Spear,Account-A3D3,Player-3760,0,0,,0,0
20260930-164624,340.9,Spear,Account-83FE,Player-BCA0,0,0,,0,0
20260930-164624,340.9,Spear,Account-3D72,Player-6B3D,0,0,,0,0
20260930-164624,340.9,Spear,Account-F5B9,Player-10E1,0,0,,0,0
20260930-164624,340.9,Spear,Account-B488,Player-F273,0,0,,0,0
20260930-164624,340.9,Spear,Account-8C31,Player-DCBD,0,0,,0,0
20260930-165517,191.7,Spear,Account-9365,Player-DDA6,0,0,,0,0
20260930-165517,191.7,Spear,Account-D27F,Player-C729,0,0,,0,0
20260930-165517,191.7,Spear,Account-1B91,Player-8B8A,0,0,,0,0
20260930-165517,191.7,Spear,Account-A3D3,Player-3760,0,0,,0,0
20260930-165517,191.7,Spear,Account-1DFC,Player-781D,0,0,,0,0
20260930-165517,191.7,Spear,Account-83FE,Player-BCA0,0,0,,0,0
20260930-165517,191.7,Spear,Account-3D72,Player-6B3D,0,0,,0,0
20260930-165517,191.7,Spear,Account-F5B9,Player-10E1,0,0,,0,0
20260930-165517,191.7,Spear,Account-B488,Player-F273,0,0,,0,0
20260930-165517,191.7,Spear,Account-8C31,Player-DCBD,0,0,,0,0
20260930-165517,228.2,Spear,Account-9365,Player-DDA6,0,0,,0,0
20260930-165517,228.2,Spear,Account-D27F,Player-C729,0,0,,0,0
20260930-165517,228.2,Spear,Account-A3D3,Player-3760,0,0,,0,0
20260930-165517,228.2,Spear,Account-1DFC,Player-781D,0,0,,0,0
20260930-165517,228.2,Spear,Account-83FE,Player-BCA0,0,0,,0,0
20260930-165517,228.2,Spear,Account-3D72,Player-6B3D,0,0,,0,0
20260930-165517,228.2,Spear,Account-F5B9,Player-10E1,0,0,,0,0
20260930-165517,228.2,Spear,Account-8C31,Player-DCBD,0,0,,0,0
20260930-165517,264.6,Spear,Account-9365,Player-DDA6,0,0,,0,0
20260930-165517,264.6,Spear,Account-D27F,Player-C729,0,0,,0,0
20260930-165517,264.6,Spear,Account-1B91,Player-8B8A,0,0,,0,0
20260930-165517,264.6,Spear,Account-A3D3,Player-3760,0,0,,0,0
20260930-165517,264.6,Spear,Account-1DFC,Player-781D,0,0,,0,0
20260930-165517,264.6,Spear,Account-83FE,Player-BCA0,0,0,,0,0
20260930-165517,264.6,Spear,Account-3D72,Player-6B3D,0,0,,0,0
20260930-165517,264.6,Spear,Account-F5B9,Player-10E1,0,0,,0,0
20260930-165517,264.6,Spear,Account-B488,Player-F273,0,0,,0,0
20260930-165517,264.6,Spear,Account-8C31,Player-DCBD,0,0,,0,0
20260930-165517,306.8,Spear,Account-9365,Player-DDA6,0,0,,0,0
20260930-165517,306.8,Spear,Account-D27F,Player-C729,0,0,,0,0
20260930-165517,306.8,Spear,Account-1B91,Player-8B8A,0,0,,0,0
20260930-165517,306.8,Spear,Account-A3D3,Player-3760,0,0,,0,0
20260930-165517,306.8,Spear,Account-83FE,Player-BCA0,0,0,,0,0
20260930-165517,306.8,Spear,Account-3D72,Player-6B3D,0,0,,0,0
20260930-165517,306.8,Spear,Account-F5B9,Player-10E1,0,0,,0,0
20260930-165517,306.8,Spear,Account-B488,Player-F273,0,0,,0,0
20260930-165517,306.8,Spear,Account-8C31,Player-DCBD,0,0,,0,0
20260930-165517,345.8,Spear,Account-9365,Player-DDA6,0,0,,0,0
20260930-165517,345.8,Spear,Account-D27F,Player-C729,0,0,,0,0
20260930-165517,345.8,Spear,Account-1B91,Player-8B8A,0,0,,0,0
20260930-165517,345.8,Spear,Account-A3D3,Player-3760,0,0,,0,0
20260930-165517,345.8,Spear,Account-83FE,Player-BCA0,0,0,,0,0
20260930-165517,345.8,Spear,Account-3D72,Player-6B3D,0,0,,0,0
20260930-165517,345.8,Spear,Account-F5B9,Player-10E1,0,0,,0,0
20260930-165517,345.8,Spear,Account-B488,Player-F273,0,0,,0,0
20260930-165517,345.8,Spear,Account-8C31,Player-DCBD,0,0,,0,0
20260930-170422,182.5,Spear,Account-9365,Player-DDA6,0,0,,0,0
20260930-170422,182.5,Spear,Account-D27F,Player-C729,0,0,,0,0
20260930-170422,182.5,Spear,Account-1B91,Player-8B8A,0,0,,0,0
20260930-170422,182.5,Spear,Account-A3D3,Player-3760,0,0,,0,0
20260930-170422,182.5,Spear,Account-1DFC,Player-781D,0,0,,0,0
20260930-170422,182.5,Spear,Account-F5B9,Player-3BD3,0,0,,0,0
20260930-170422,182.5,Spear,Account-83FE,Player-BCA0,0,0,,0,0
20260930-170422,182.5,Spear,Account-3D72,Player-6B3D,0,0,,0,0
20260930-170422,182.5,Spear,Account-B488,Player-F273,0,0,,0,0
20260930-170422,182.5,Spear,Account-8C31,Player-0AFD,0,0,,0,0
20260930-170422,219.1,Spear,Account-9365,Player-DDA6,0,0,,0,0
20260930-170422,219.1,Spear,Account-D27F,Player-C729,0,0,,0,0
20260930-170422,219.1,Spear,Account-1B91,Player-8B8A,0,0,,0,0
20260930-170422,219.1,Spear,Account-A3D3,Player-3760,0,0,,0,0
20260930-170422,219.1,Spear,Account-1DFC,Player-781D,0,0,,0,0
20260930-170422,219.1,Spear,Account-F5B9,Player-3BD3,0,0,,0,0
20260930-170422,219.1,Spear,Account-83FE,Player-BCA0,0,0,,0,0
20260930-170422,219.1,Spear,Account-3D72,Player-6B3D,0,0,,0,0
20260930-170422,219.1,Spear,Account-B488,Player-F273,0,0,,0,0
20260930-170422,219.1,Spear,Account-8C31,Player-0AFD,0,0,,0,0
20260930-170422,255.2,Spear,Account-9365,Player-DDA6,0,0,,0,0
20260930-170422,255.2,Spear,Account-D27F,Player-C729,0,0,,0,0
20260930-170422,255.2,Spear,Account-1B91,Player-8B8A,0,0,,0,0
20260930-170422,255.2,Spear,Account-A3D3,Player-3760,0,0,,0,0
20260930-170422,255.2,Spear,Account-1DFC,Player-781D,0,0,,0,0
20260930-170422,255.2,Spear,Account-F5B9,Player-3BD3,0,0,,0,0
20260930-170422,255.2,Spear,Account-83FE,Player-BCA0,0,0,,0,0
20260930-170422,255.2,Spear,Account-3D72,Player-6B3D,0,0,,0,0
20260930-170422,255.2,Spear,Account-B488,Player-F273,0,0,,0,0
20260930-170422,255.2,Spear,Account-8C31,Player-0AFD,0,0,,0,0
20260930-170422,297.5,Spear,Account-9365,Player-DDA6,0,0,,0,0
20260930-170422,297.5,Spear,Account-D27F,Player-C729,0,0,,0,0
20260930-170422,297.5,Spear,Account-1B91,Player-8B8A,0,0,,0,0
20260930-170422,297.5,Spear,Account-A3D3,Player-3760,0,0,,0,0
20260930-170422,297.5,Spear,Account-1DFC,Player-781D,0,0,,0,0
20260930-170422,297.5,Spear,Account-F5B9,Player-3BD3,1,5796,0,38,0
20260930-170422,297.5,Spear,Account-83FE,Player-BCA0,0,0,,0,0
20260930-170422,297.5,Spear,Account-3D72,Player-6B3D,0,0,,0,0
20260930-170422,297.5,Spear,Account-B488,Player-F273,0,0,,0,0
20260930-170422,297.5,Spear,Account-8C31,Player-0AFD,0,0,,0,0
20260930-170422,337.0,Spear,Account-9365,Player-DDA6,0,0,,0,0
20260930-170422,337.0,Spear,Account-D27F,Player-C729,0,0,,0,0
20260930-170422,337.0,Spear,Account-1B91,Player-8B8A,0,0,,0,0
20260930-170422,337.0,Spear,Account-A3D3,Player-3760,0,0,,0,0
20260930-170422,337.0,Spear,Account-1DFC,Player-781D,0,0,,0,0
20260930-170422,337.0,Spear,Account-F5B9,Player-3BD3,0,0,,0,0
20260930-170422,337.0,Spear,Account-83FE,Player-BCA0,0,0,,0,0
20260930-170422,337.0,Spear,Account-3D72,Player-6B3D,0,0,,0,0
20260930-170422,337.0,Spear,Account-B488,Player-F273,0,0,,0,0
20260930-170422,337.0,Spear,Account-8C31,Player-0AFD,0,0,,0,0
20260930-170947,185.0,Spear,Account-D27F,Player-C729,0,0,,0,0
20260930-170947,185.0,Spear,Account-A3D3,Player-3760,0,0,,0,0
20260930-170947,185.0,Spear,Account-F5B9,Player-3BD3,0,0,,0,0
20260930-170947,185.0,Spear,Account-83FE,Player-BCA0,0,0,,0,0
20260930-170947,185.0,Spear,Account-3D72,Player-6B3D,0,0,,0,0
20260930-170947,185.0,Spear,Account-B488,Player-F273,0,0,,0,0
20260930-170947,185.0,Spear,Account-8C31,Player-0AFD,0,0,,0,0
20260930-175523,182.6,Spear,Account-9365,Player-1172,0,0,,0,0
20260930-175523,182.6,Spear,Account-83FE,Player-BCA0,0,0,,0,0
20260930-175523,182.6,Spear,Account-5C40,Player-F494,0,0,,0,0
20260930-175523,182.6,Spear,Account-EA9E,Player-C842,0,0,,0,0
20260930-175523,182.6,Spear,Account-F4C4,Player-89AD,0,0,,0,0
20260930-175523,182.6,Spear,Account-8C31,Player-0AFD,0,0,,0,0
20260930-175523,182.6,Spear,Account-8E7B,Player-B757,0,0,,0,0
20260930-175523,182.6,Spear,Account-BFFB,Player-08B9,0,0,,0,0
20260930-175523,182.6,Spear,Account-27FE,Player-D808,0,0,,0,0
20260930-175523,182.6,Spear,Account-2334,Player-D74D,0,0,,0,0
20260930-175523,219.1,Spear,Account-9365,Player-1172,0,0,,0,0
20260930-175523,219.1,Spear,Account-83FE,Player-BCA0,0,0,,0,0
20260930-175523,219.1,Spear,Account-5C40,Player-F494,1,0,4,167,1
20260930-175523,219.1,Spear,Account-EA9E,Player-C842,0,0,,0,0
20260930-175523,219.1,Spear,Account-F4C4,Player-89AD,0,0,,0,0
20260930-175523,219.1,Spear,Account-8C31,Player-0AFD,0,0,,0,0
20260930-175523,219.1,Spear,Account-8E7B,Player-B757,0,0,,0,0
20260930-175523,219.1,Spear,Account-BFFB,Player-08B9,0,0,,0,0
20260930-175523,219.1,Spear,Account-27FE,Player-D808,1,0,4,216,1
20260930-175523,219.1,Spear,Account-2334,Player-D74D,0,0,,0,0
20260930-175523,255.9,Spear,Account-9365,Player-1172,0,0,,0,0
20260930-175523,255.9,Spear,Account-83FE,Player-BCA0,0,0,,0,0
20260930-175523,255.9,Spear,Account-5C40,Player-F494,0,0,,0,0
20260930-175523,255.9,Spear,Account-EA9E,Player-C842,0,0,,0,0
20260930-175523,255.9,Spear,Account-F4C4,Player-89AD,0,0,,0,0
20260930-175523,255.9,Spear,Account-8C31,Player-0AFD,0,0,,0,0
20260930-175523,255.9,Spear,Account-8E7B,Player-B757,0,0,,0,0
20260930-175523,255.9,Spear,Account-BFFB,Player-08B9,0,0,,0,0
20260930-175523,255.9,Spear,Account-27FE,Player-D808,0,0,,0,0
20260930-175523,255.9,Spear,Account-2334,Player-D74D,0,0,,0,0
20260930-175523,292.3,Spear,Account-9365,Player-1172,0,0,,0,0
20260930-175523,292.3,Spear,Account-83FE,Player-BCA0,0,0,,0,0
20260930-175523,292.3,Spear,Account-5C40,Player-F494,0,0,,0,0
20260930-175523,292.3,Spear,Account-EA9E,Player-C842,0,0,,0,0
20260930-175523,292.3,Spear,Account-F4C4,Player-89AD,0,0,,0,0
20260930-175523,292.3,Spear,Account-8C31,Player-0AFD,0,0,,0,0
20260930-175523,292.3,Spear,Account-8E7B,Player-B757,1,0,4,220,1
20260930-175523,292.3,Spear,Account-BFFB,Player-08B9,0,0,,0,0
20260930-175523,292.3,Spear,Account-27FE,Player-D808,0,0,,0,0
20260930-175523,292.3,Spear,Account-2334,Player-D74D,0,0,,0,0
20260930-175523,331.6,Spear,Account-9365,Player-1172,0,0,,0,0
20260930-175523,331.6,Spear,Account-83FE,Player-BCA0,0,0,,0,0
20260930-175523,331.6,Spear,Account-5C40,Player-F494,0,0,,0,0
20260930-175523,331.6,Spear,Account-EA9E,Player-C842,0,0,,0,0
20260930-175523,331.6,Spear,Account-F4C4,Player-89AD,0,0,,0,0
20260930-175523,331.6,Spear,Account-BFFB,Player-08B9,0,0,,0,0
20260930-175523,331.6,Spear,Account-27FE,Player-D808,0,0,,0,0
20260930-175523,331.6,Spear,Account-2334,Player-D74D,0,0,,0,0
20260930-175523,381.2,Spear,Account-9365,Player-1172,0,0,,0,0
20260930-175523,381.2,Spear,Account-83FE,Player-BCA0,0,0,,0,0
20260930-175523,381.2,Spear,Account-5C40,Player-F494,0,0,,0,0
20260930-175523,381.2,Spear,Account-EA9E,Player-C842,0,0,,0,0
20260930-175523,381.2,Spear,Account-F4C4,Player-89AD,0,0,,0,0
20260930-175523,381.2,Spear,Account-BFFB,Player-08B9,0,0,,0,0
20260930-175523,381.2,Spear,Account-27FE,Player-D808,0,0,,0,0
20260930-175523,381.2,Spear,Account-2334,Player-D74D,0,0,,0,0
20260930-180129,183.2,Spear,Account-9365,Player-1172,0,0,,0,0
20260930-180129,183.2,Spear,Account-83FE,Player-BCA0,0,0,,0,0
20260930-180129,183.2,Spear,Account-5C40,Player-F494,0,0,,0,0
20260930-180129,183.2,Spear,Account-EA9E,Player-C842,0,0,,0,0
20260930-180129,183.2,Spear,Account-F4C4,Player-89AD,0,0,,0,0
20260930-180129,183.2,Spear,Account-8C31,Player-0AFD,0,0,,0,0
20260930-180129,183.2,Spear,Account-8E7B,Player-B757,0,0,,0,0
20260930-180129,183.2,Spear,Account-BFFB,Player-08B9,0,0,,0,0
20260930-180129,183.2,Spear,Account-27FE,Player-D808,0,0,,0,0
20260930-180129,183.2,Spear,Account-2334,Player-D74D,0,0,,0,0
20260930-180129,219.4,Spear,Account-9365,Player-1172,0,0,,0,0
20260930-180129,219.4,Spear,Account-83FE,Player-BCA0,0,0,,0,0
20260930-180129,219.4,Spear,Account-5C40,Player-F494,0,0,,0,0
20260930-180129,219.4,Spear,Account-EA9E,Player-C842,0,0,,0,0
20260930-180129,219.4,Spear,Account-F4C4,Player-89AD,0,0,,0,0
20260930-180129,219.4,Spear,Account-8C31,Player-0AFD,0,0,,0,0
20260930-180129,219.4,Spear,Account-8E7B,Player-B757,0,0,,0,0
20260930-180129,219.4,Spear,Account-BFFB,Player-08B9,0,0,,0,0
20260930-180129,219.4,Spear,Account-27FE,Player-D808,0,0,,0,0
20260930-180129,219.4,Spear,Account-2334,Player-D74D,0,0,,0,0
20260930-180129,256.8,Spear,Account-9365,Player-1172,0,0,,0,0
20260930-180129,256.8,Spear,Account-83FE,Player-BCA0,0,0,,0,0
20260930-180129,256.8,Spear,Account-5C40,Player-F494,0,0,,0,0
20260930-180129,256.8,Spear,Account-EA9E,Player-C842,0,0,,0,0
20260930-180129,256.8,Spear,Account-F4C4,Player-89AD,0,0,,0,0
20260930-180129,256.8,Spear,Account-8C31,Player-0AFD,0,0,,0,0
20260930-180129,256.8,Spear,Account-8E7B,Player-B757,0,0,,0,0
20260930-180129,256.8,Spear,Account-BFFB,Player-08B9,0,0,,0,0
20260930-180129,256.8,Spear,Account-27FE,Player-D808,0,0,,0,0
20260930-180129,256.8,Spear,Account-2334,Player-D74D,0,0,,0,0
20260930-180129,293.5,Spear,Account-9365,Player-1172,0,0,,0,0
20260930-180129,293.5,Spear,Account-83FE,Player-BCA0,0,0,,0,0
20260930-180129,293.5,Spear,Account-5C40,Player-F494,0,0,,0,0
20260930-180129,293.5,Spear,Account-EA9E,Player-C842,0,0,,0,0
20260930-180129,293.5,Spear,Account-F4C4,Player-89AD,0,0,,0,0
20260930-180129,293.5,Spear,Account-8C31,Player-0AFD,0,0,,0,0
20260930-180129,293.5,Spear,Account-8E7B,Player-B757,0,0,,0,0
20260930-180129,293.5,Spear,Account-BFFB,Player-08B9,0,0,,0,0
20260930-180129,293.5,Spear,Account-27FE,Player-D808,0,0,,0,0
20260930-180129,293.5,Spear,Account-2334,Player-D74D,0,0,,0,0
20260930-180617,186.0,Spear,Account-9365,Player-1172,0,0,,0,0
20260930-180617,186.0,Spear,Account-83FE,Player-BCA0,0,0,,0,0
20260930-180617,186.0,Spear,Account-5C40,Player-F494,0,0,,0,0
20260930-180617,186.0,Spear,Account-EA9E,Player-C842,0,0,,0,0
20260930-180617,186.0,Spear,Account-F4C4,Player-89AD,0,0,,0,0
20260930-180617,186.0,Spear,Account-8C31,Player-0AFD,0,0,,0,0
20260930-180617,186.0,Spear,Account-8E7B,Player-B757,0,0,,0,0
20260930-180617,186.0,Spear,Account-BFFB,Player-08B9,0,0,,0,0
20260930-180617,186.0,Spear,Account-27FE,Player-D808,0,0,,0,0
20260930-180617,186.0,Spear,Account-2334,Player-D74D,0,0,,0,0
20260930-180617,222.1,Spear,Account-9365,Player-1172,0,0,,0,0
20260930-180617,222.1,Spear,Account-83FE,Player-BCA0,0,0,,0,0
20260930-180617,222.1,Spear,Account-5C40,Player-F494,0,0,,0,0
20260930-180617,222.1,Spear,Account-EA9E,Player-C842,0,0,,0,0
20260930-180617,222.1,Spear,Account-F4C4,Player-89AD,0,0,,0,0
20260930-180617,222.1,Spear,Account-8C31,Player-0AFD,0,0,,0,0
20260930-180617,222.1,Spear,Account-8E7B,Player-B757,0,0,,0,0
20260930-180617,222.1,Spear,Account-BFFB,Player-08B9,0,0,,0,0
20260930-180617,222.1,Spear,Account-27FE,Player-D808,0,0,,0,0
20260930-180617,222.1,Spear,Account-2334,Player-D74D,0,0,,0,0
20260930-181021,183.6,Spear,Account-9365,Player-1172,0,0,,0,0
20260930-181021,183.6,Spear,Account-5C40,Player-F494,0,0,,0,0
20260930-181021,183.6,Spear,Account-EA9E,Player-C842,0,0,,0,0
20260930-181021,183.6,Spear,Account-F4C4,Player-89AD,0,0,,0,0
20260930-181021,183.6,Spear,Account-8C31,Player-0AFD,0,0,,0,0
20260930-181021,183.6,Spear,Account-2334,Player-D74D,0,0,,0,0
20260930-181643,183.1,Spear,Account-9365,Player-1172,0,0,,0,0
20260930-181643,183.1,Spear,Account-83FE,Player-BCA0,0,0,,0,0
20260930-181643,183.1,Spear,Account-5C40,Player-F494,0,0,,0,0
20260930-181643,183.1,Spear,Account-EA9E,Player-C842,0,0,,0,0
20260930-181643,183.1,Spear,Account-F4C4,Player-89AD,0,0,,0,0
20260930-181643,183.1,Spear,Account-8C31,Player-0AFD,0,0,,0,0
20260930-181643,183.1,Spear,Account-8E7B,Player-B757,0,0,,0,0
20260930-181643,183.1,Spear,Account-BFFB,Player-08B9,0,0,,0,0
20260930-181643,183.1,Spear,Account-27FE,Player-D808,0,0,,0,0
20260930-181643,183.1,Spear,Account-2334,Player-D74D,1,3879,5 0,101,0
20260930-181643,219.4,Spear,Account-9365,Player-1172,0,0,,0,0
20260930-181643,219.4,Spear,Account-83FE,Player-BCA0,0,0,,0,0
20260930-181643,219.4,Spear,Account-5C40,Player-F494,0,0,,0,0
20260930-181643,219.4,Spear,Account-EA9E,Player-C842,0,0,,0,0
20260930-181643,219.4,Spear,Account-F4C4,Player-89AD,0,0,,0,0
20260930-181643,219.4,Spear,Account-8C31,Player-0AFD,0,0,,0,0
20260930-181643,219.4,Spear,Account-8E7B,Player-B757,1,124502,9 0 8,206,1
20260930-181643,219.4,Spear,Account-BFFB,Player-08B9,0,0,,0,0
20260930-181643,219.4,Spear,Account-27FE,Player-D808,0,0,,0,0
20260930-181643,219.4,Spear,Account-2334,Player-D74D,0,0,,0,0
20260930-181643,255.5,Spear,Account-9365,Player-1172,0,0,,0,0
20260930-181643,255.5,Spear,Account-83FE,Player-BCA0,0,0,,0,0
20260930-181643,255.5,Spear,Account-5C40,Player-F494,0,0,,0,0
20260930-181643,255.5,Spear,Account-EA9E,Player-C842,0,0,,0,0
20260930-181643,255.5,Spear,Account-F4C4,Player-89AD,0,0,,0,0
20260930-181643,255.5,Spear,Account-8C31,Player-0AFD,0,0,,0,0
20260930-181643,255.5,Spear,Account-BFFB,Player-08B9,0,0,,0,0
20260930-181643,255.5,Spear,Account-27FE,Player-D808,0,0,,0,0
20260930-181643,255.5,Spear,Account-2334,Player-D74D,0,0,,0,0
20260930-182315,198.0,Spear,Account-9365,Player-1172,0,0,,0,0
20260930-182315,198.0,Spear,Account-83FE,Player-BCA0,0,0,,0,0
20260930-182315,198.0,Spear,Account-5C40,Player-F494,0,0,,0,0
20260930-182315,198.0,Spear,Account-EA9E,Player-C842,0,0,,0,0
20260930-182315,198.0,Spear,Account-F4C4,Player-89AD,0,0,,0,0
20260930-182315,198.0,Spear,Account-8C31,Player-0AFD,0,0,,0,0
20260930-182315,198.0,Spear,Account-8E7B,Player-B757,0,0,,0,0
20260930-182315,198.0,Spear,Account-BFFB,Player-08B9,0,0,,0,0
20260930-182315,198.0,Spear,Account-27FE,Player-D808,0,0,,0,0
20260930-182315,198.0,Spear,Account-2334,Player-D74D,0,0,,0,0
20260930-182315,234.7,Spear,Account-9365,Player-1172,0,0,,0,0
20260930-182315,234.7,Spear,Account-83FE,Player-BCA0,0,0,,0,0
20260930-182315,234.7,Spear,Account-5C40,Player-F494,0,0,,0,0
20260930-182315,234.7,Spear,Account-EA9E,Player-C842,0,0,,0,0
20260930-182315,234.7,Spear,Account-F4C4,Player-89AD,0,0,,0,0
20260930-182315,234.7,Spear,Account-8C31,Player-0AFD,0,0,,0,0
20260930-182315,234.7,Spear,Account-8E7B,Player-B757,0,0,,0,0
20260930-182315,234.7,Spear,Account-BFFB,Player-08B9,0,0,,0,0
20260930-182315,234.7,Spear,Account-27FE,Player-D808,0,0,,0,0
20260930-182315,234.7,Spear,Account-2334,Player-D74D,0,0,,0,0
20260930-183207,187.6,Spear,Account-9365,Player-1172,0,0,,0,0
20260930-183207,187.6,Spear,Account-83FE,Player-BCA0,0,0,,0,0
20260930-183207,187.6,Spear,Account-5C40,Player-F494,0,0,,0,0
20260930-183207,187.6,Spear,Account-EA9E,Player-C842,0,0,,0,0
20260930-183207,187.6,Spear,Account-F4C4,Player-89AD,0,0,,0,0
20260930-183207,187.6,Spear,Account-8E7B,Player-B757,0,0,,0,0
20260930-183207,187.6,Spear,Account-BFFB,Player-08B9,1,0,4,206,1
20260930-183207,187.6,Spear,Account-8C31,Player-DCBD,0,0,,0,0
20260930-183207,187.6,Spear,Account-27FE,Player-D808,0,0,,0,0
20260930-183207,187.6,Spear,Account-2334,Player-D74D,0,0,,0,0
20260930-183207,224.0,Spear,Account-9365,Player-1172,0,0,,0,0
20260930-183207,224.0,Spear,Account-83FE,Player-BCA0,0,0,,0,0
20260930-183207,224.0,Spear,Account-5C40,Player-F494,0,0,,0,0
20260930-183207,224.0,Spear,Account-EA9E,Player-C842,0,0,,0,0
20260930-183207,224.0,Spear,Account-F4C4,Player-89AD,0,0,,0,0
20260930-183207,224.0,Spear,Account-8E7B,Player-B757,0,0,,0,0
20260930-183207,224.0,Spear,Account-BFFB,Player-08B9,0,0,,0,0
20260930-183207,224.0,Spear,Account-8C31,Player-DCBD,0,0,,0,0
20260930-183207,224.0,Spear,Account-27FE,Player-D808,1,0,4,206,1
20260930-183207,224.0,Spear,Account-2334,Player-D74D,0,0,,0,0
20260930-183207,260.6,Spear,Account-9365,Player-1172,0,0,,0,0
20260930-183207,260.6,Spear,Account-83FE,Player-BCA0,0,0,,0,0
20260930-183207,260.6,Spear,Account-5C40,Player-F494,0,0,,0,0
20260930-183207,260.6,Spear,Account-EA9E,Player-C842,0,0,,0,0
20260930-183207,260.6,Spear,Account-F4C4,Player-89AD,0,0,,0,0
20260930-183207,260.6,Spear,Account-8E7B,Player-B757,0,0,,0,0
20260930-183207,260.6,Spear,Account-BFFB,Player-08B9,0,0,,0,0
20260930-183207,260.6,Spear,Account-8C31,Player-DCBD,0,0,,0,0
20260930-183207,260.6,Spear,Account-27FE,Player-D808,1,114591,0 9,36,0
20260930-183207,260.6,Spear,Account-2334,Player-D74D,0,0,,0,0
20260930-183207,302.1,Spear,Account-9365,Player-1172,0,0,,0,0
20260930-183207,302.1,Spear,Account-83FE,Player-BCA0,0,0,,0,0
20260930-183207,302.1,Spear,Account-EA9E,Player-C842,0,0,,0,0
20260930-183207,302.1,Spear,Account-F4C4,Player-89AD,0,0,,0,0
20260930-183207,302.1,Spear,Account-8E7B,Player-B757,0,0,,0,0
20260930-183207,302.1,Spear,Account-BFFB,Player-08B9,0,0,,0,0
20260930-183207,302.1,Spear,Account-8C31,Player-DCBD,0,0,,0,0
20260930-183207,302.1,Spear,Account-27FE,Player-D808,0,0,,0,0
20260930-183207,302.1,Spear,Account-2334,Player-D74D,0,0,,0,0
20260930-183742,189.0,Spear,Account-9365,Player-1172,0,0,,0,0
20260930-183742,189.0,Spear,Account-83FE,Player-BCA0,0,0,,0,0
20260930-183742,189.0,Spear,Account-5C40,Player-F494,0,0,,0,0
20260930-183742,189.0,Spear,Account-EA9E,Player-C842,0,0,,0,0
20260930-183742,189.0,Spear,Account-F4C4,Player-89AD,0,0,,0,0
20260930-183742,189.0,Spear,Account-8E7B,Player-B757,0,0,,0,0
20260930-183742,189.0,Spear,Account-BFFB,Player-08B9,1,39717,5 9 0,80,0
20260930-183742,189.0,Spear,Account-8C31,Player-DCBD,0,0,,0,0
20260930-183742,189.0,Spear,Account-27FE,Player-D808,0,0,,0,0
20260930-183742,189.0,Spear,Account-2334,Player-D74D,0,0,,0,0
20260930-184348,181.6,Spear,Account-9365,Player-1172,0,0,,0,0
20260930-184348,181.6,Spear,Account-83FE,Player-BCA0,0,0,,0,0
20260930-184348,181.6,Spear,Account-5C40,Player-F494,0,0,,0,0
20260930-184348,181.6,Spear,Account-EA9E,Player-C842,0,0,,0,0
20260930-184348,181.6,Spear,Account-F4C4,Player-89AD,0,0,,0,0
20260930-184348,181.6,Spear,Account-8E7B,Player-B757,0,0,,0,0
20260930-184348,181.6,Spear,Account-BFFB,Player-08B9,0,0,,0,0
20260930-184348,181.6,Spear,Account-8C31,Player-DCBD,0,0,,0,0
20260930-184348,181.6,Spear,Account-27FE,Player-D808,0,0,,0,0
20260930-184348,181.6,Spear,Account-2334,Player-D74D,0,0,,0,0
20260930-184348,217.8,Spear,Account-9365,Player-1172,0,0,,0,0
20260930-184348,217.8,Spear,Account-83FE,Player-BCA0,0,0,,0,0
20260930-184348,217.8,Spear,Account-5C40,Player-F494,0,0,,0,0
20260930-184348,217.8,Spear,Account-EA9E,Player-C842,0,0,,0,0
20260930-184348,217.8,Spear,Account-F4C4,Player-89AD,0,0,,0,0
20260930-184348,217.8,Spear,Account-8E7B,Player-B757,0,0,,0,0
20260930-184348,217.8,Spear,Account-BFFB,Player-08B9,0,0,,0,0
20260930-184348,217.8,Spear,Account-8C31,Player-DCBD,0,0,,0,0
20260930-184348,217.8,Spear,Account-27FE,Player-D808,0,0,,0,0
20260930-184348,217.8,Spear,Account-2334,Player-D74D,0,0,,0,0
20260930-184348,254.2,Spear,Account-9365,Player-1172,0,0,,0,0
20260930-184348,254.2,Spear,Account-83FE,Player-BCA0,0,0,,0,0
20260930-184348,254.2,Spear,Account-5C40,Player-F494,0,0,,0,0
20260930-184348,254.2,Spear,Account-EA9E,Player-C842,0,0,,0,0
20260930-184348,254.2,Spear,Account-F4C4,Player-89AD,0,0,,0,0
20260930-184348,254.2,Spear,Account-8E7B,Player-B757,0,0,,0,0
20260930-184348,254.2,Spear,Account-BFFB,Player-08B9,0,0,,0,0
20260930-184348,254.2,Spear,Account-8C31,Player-DCBD,0,0,,0,0
20260930-184348,254.2,Spear,Account-27FE,Player-D808,0,0,,0,0
20260930-184348,254.2,Spear,Account-2334,Player-D74D,1,81491,9 0,183,1
20260930-184348,290.3,Spear,Account-9365,Player-1172,0,0,,0,0
20260930-184348,290.3,Spear,Account-83FE,Player-BCA0,0,0,,0,0
20260930-184348,290.3,Spear,Account-5C40,Player-F494,0,0,,0,0
20260930-184348,290.3,Spear,Account-EA9E,Player-C842,0,0,,0,0
20260930-184348,290.3,Spear,Account-F4C4,Player-89AD,0,0,,0,0
20260930-184348,290.3,Spear,Account-8E7B,Player-B757,0,0,,0,0
20260930-184348,290.3,Spear,Account-BFFB,Player-08B9,0,0,,0,0
20260930-184348,290.3,Spear,Account-8C31,Player-DCBD,0,0,,0,0
20260930-184348,290.3,Spear,Account-27FE,Player-D808,0,0,,0,0
20260930-184348,330.2,Spear,Account-BFFB,Player-08B9,0,0,,0,0
20260930-191231,168.9,Spear,Account-9365,Player-DDA6,0,0,,0,0
20260930-191231,168.9,Spear,Account-83FE,Player-BCA0,0,0,,0,0
20260930-191231,168.9,Spear,Account-9FFE,Player-74C1,1,1883,5 0,151,1
20260930-191231,168.9,Spear,Account-E596,Player-1B8E,0,0,,0,0
20260930-191231,168.9,Spear,Account-9754,Player-DE24,0,0,,0,0
20260930-191231,168.9,Spear,Account-16AE,Player-1BA4,0,0,,0,0
20260930-191231,168.9,Spear,Account-1150,Player-470E,0,0,,0,0
20260930-191231,168.9,Spear,Account-8C31,Player-FBAD,0,0,,0,0
20260930-191231,168.9,Spear,Account-5C40,Player-F494,0,0,,0,0
20260930-191231,168.9,Spear,Account-F4C4,Player-89AD,0,0,,0,0
20260930-191231,205.6,Spear,Account-9365,Player-DDA6,0,0,,0,0
20260930-191231,205.6,Spear,Account-83FE,Player-BCA0,0,0,,0,0
20260930-191231,205.6,Spear,Account-9FFE,Player-74C1,0,0,,0,0
20260930-191231,205.6,Spear,Account-E596,Player-1B8E,0,0,,0,0
20260930-191231,205.6,Spear,Account-9754,Player-DE24,0,0,,0,0
20260930-191231,205.6,Spear,Account-16AE,Player-1BA4,0,0,,0,0
20260930-191231,205.6,Spear,Account-1150,Player-470E,0,0,,0,0
20260930-191231,205.6,Spear,Account-8C31,Player-FBAD,0,0,,0,0
20260930-191231,205.6,Spear,Account-5C40,Player-F494,0,0,,0,0
20260930-191231,205.6,Spear,Account-F4C4,Player-89AD,0,0,,0,0
20260930-191231,242.2,Spear,Account-9365,Player-DDA6,1,0,4,220,1
20260930-191231,242.2,Spear,Account-83FE,Player-BCA0,0,0,,0,0
20260930-191231,242.2,Spear,Account-9FFE,Player-74C1,0,0,,0,0
20260930-191231,242.2,Spear,Account-E596,Player-1B8E,0,0,,0,0
20260930-191231,242.2,Spear,Account-9754,Player-DE24,1,0,4,220,1
20260930-191231,242.2,Spear,Account-1150,Player-470E,0,0,,0,0
20260930-191231,242.2,Spear,Account-8C31,Player-FBAD,0,0,,0,0
20260930-191231,242.2,Spear,Account-5C40,Player-F494,0,0,,0,0
20260930-191231,242.2,Spear,Account-F4C4,Player-89AD,0,0,,0,0
20260930-191231,284.2,Spear,Account-9365,Player-DDA6,0,0,,0,0
20260930-191231,284.2,Spear,Account-83FE,Player-BCA0,0,0,,0,0
20260930-191231,284.2,Spear,Account-9FFE,Player-74C1,0,0,,0,0
20260930-191231,284.2,Spear,Account-9754,Player-DE24,0,0,,0,0
20260930-191231,284.2,Spear,Account-16AE,Player-1BA4,0,0,,0,0
20260930-191231,284.2,Spear,Account-1150,Player-470E,0,0,,0,0
20260930-191231,284.2,Spear,Account-8C31,Player-FBAD,0,0,,0,0
20260930-191231,284.2,Spear,Account-5C40,Player-F494,0,0,,0,0
20260930-191231,284.2,Spear,Account-F4C4,Player-89AD,0,0,,0,0
20260930-191231,324.9,Spear,Account-9365,Player-DDA6,0,0,,0,0
20260930-191231,324.9,Spear,Account-83FE,Player-BCA0,0,0,,0,0
20260930-191231,324.9,Spear,Account-9FFE,Player-74C1,0,0,,0,0
20260930-191231,324.9,Spear,Account-9754,Player-DE24,0,0,,0,0
20260930-191231,324.9,Spear,Account-16AE,Player-1BA4,0,0,,0,0
20260930-191231,324.9,Spear,Account-1150,Player-470E,0,0,,0,0
20260930-191231,324.9,Spear,Account-8C31,Player-FBAD,0,0,,0,0
20260930-191231,324.9,Spear,Account-5C40,Player-F494,0,0,,0,0
20260930-191231,324.9,Spear,Account-F4C4,Player-89AD,0,0,,0,0
20260930-192340,163.1,Spear,Account-9365,Player-DDA6,0,0,,0,0
20260930-192340,163.1,Spear,Account-83FE,Player-BCA0,0,0,,0,0
20260930-192340,163.1,Spear,Account-9FFE,Player-74C1,0,0,,0,0
20260930-192340,163.1,Spear,Account-E596,Player-1B8E,0,0,,0,0
20260930-192340,163.1,Spear,Account-9754,Player-DE24,0,0,,0,0
20260930-192340,163.1,Spear,Account-16AE,Player-1BA4,0,0,,0,0
20260930-192340,163.1,Spear,Account-1150,Player-470E,0,0,,0,0
20260930-192340,163.1,Spear,Account-8C31,Player-FBAD,0,0,,0,0
20260930-192340,163.1,Spear,Account-5C40,Player-F494,0,0,,0,0
20260930-192340,163.1,Spear,Account-F4C4,Player-89AD,0,0,,0,0
20260930-192340,199.2,Spear,Account-9365,Player-DDA6,0,0,,0,0
20260930-192340,199.2,Spear,Account-83FE,Player-BCA0,0,0,,0,0
20260930-192340,199.2,Spear,Account-9FFE,Player-74C1,0,0,,0,0
20260930-192340,199.2,Spear,Account-E596,Player-1B8E,0,0,,0,0
20260930-192340,199.2,Spear,Account-9754,Player-DE24,0,0,,0,0
20260930-192340,199.2,Spear,Account-16AE,Player-1BA4,0,0,,0,0
20260930-192340,199.2,Spear,Account-1150,Player-470E,0,0,,0,0
20260930-192340,199.2,Spear,Account-8C31,Player-FBAD,0,0,,0,0
20260930-192340,199.2,Spear,Account-5C40,Player-F494,0,0,,0,0
20260930-192340,199.2,Spear,Account-F4C4,Player-89AD,0,0,,0,0
20260930-192340,235.3,Spear,Account-9365,Player-DDA6,0,0,,0,0
20260930-192340,235.3,Spear,Account-83FE,Player-BCA0,0,0,,0,0
20260930-192340,235.3,Spear,Account-9FFE,Player-74C1,0,0,,0,0
20260930-192340,235.3,Spear,Account-E596,Player-1B8E,0,0,,0,0
20260930-192340,235.3,Spear,Account-9754,Player-DE24,0,0,,0,0
20260930-192340,235.3,Spear,Account-16AE,Player-1BA4,0,0,,0,0
20260930-192340,235.3,Spear,Account-1150,Player-470E,0,0,,0,0
20260930-192340,235.3,Spear,Account-8C31,Player-FBAD,0,0,,0,0
20260930-192340,235.3,Spear,Account-5C40,Player-F494,0,0,,0,0
20260930-192340,235.3,Spear,Account-F4C4,Player-89AD,0,0,,0,0
20260930-192340,272.2,Spear,Account-9365,Player-DDA6,0,0,,0,0
20260930-192340,272.2,Spear,Account-83FE,Player-BCA0,0,0,,0,0
20260930-192340,272.2,Spear,Account-9FFE,Player-74C1,0,0,,0,0
20260930-192340,272.2,Spear,Account-E596,Player-1B8E,0,0,,0,0
20260930-192340,272.2,Spear,Account-9754,Player-DE24,0,0,,0,0
20260930-192340,272.2,Spear,Account-16AE,Player-1BA4,1,4258,0 5,83,0
20260930-192340,272.2,Spear,Account-1150,Player-470E,0,0,,0,0
20260930-192340,272.2,Spear,Account-8C31,Player-FBAD,0,0,,0,0
20260930-192340,272.2,Spear,Account-5C40,Player-F494,0,0,,0,0
20260930-192340,272.2,Spear,Account-F4C4,Player-89AD,0,0,,0,0
20260930-193130,168.3,Spear,Account-9365,Player-DDA6,0,0,,0,0
20260930-193130,168.3,Spear,Account-83FE,Player-BCA0,0,0,,0,0
20260930-193130,168.3,Spear,Account-9FFE,Player-74C1,0,0,,0,0
20260930-193130,168.3,Spear,Account-E596,Player-1B8E,0,0,,0,0
20260930-193130,168.3,Spear,Account-9754,Player-DE24,0,0,,0,0
20260930-193130,168.3,Spear,Account-16AE,Player-1BA4,0,0,,0,0
20260930-193130,168.3,Spear,Account-1150,Player-470E,0,0,,0,0
20260930-193130,168.3,Spear,Account-8C31,Player-FBAD,0,0,,0,0
20260930-193130,168.3,Spear,Account-5C40,Player-F494,0,0,,0,0
20260930-193130,168.3,Spear,Account-F4C4,Player-89AD,0,0,,0,0
20260930-193130,205.1,Spear,Account-9365,Player-DDA6,0,0,,0,0
20260930-193130,205.1,Spear,Account-83FE,Player-BCA0,0,0,,0,0
20260930-193130,205.1,Spear,Account-9FFE,Player-74C1,0,0,,0,0
20260930-193130,205.1,Spear,Account-E596,Player-1B8E,1,76598,9 0,91,0
20260930-193130,205.1,Spear,Account-9754,Player-DE24,0,0,,0,0
20260930-193130,205.1,Spear,Account-16AE,Player-1BA4,0,0,,0,0
20260930-193130,205.1,Spear,Account-1150,Player-470E,0,0,,0,0
20260930-193130,205.1,Spear,Account-8C31,Player-FBAD,0,0,,0,0
20260930-193130,205.1,Spear,Account-5C40,Player-F494,0,0,,0,0
20260930-193130,205.1,Spear,Account-F4C4,Player-89AD,0,0,,0,0
20260930-193130,241.8,Spear,Account-9365,Player-DDA6,0,0,,0,0
20260930-193130,241.8,Spear,Account-83FE,Player-BCA0,0,0,,0,0
20260930-193130,241.8,Spear,Account-9FFE,Player-74C1,0,0,,0,0
20260930-193130,241.8,Spear,Account-E596,Player-1B8E,0,0,,0,0
20260930-193130,241.8,Spear,Account-9754,Player-DE24,0,0,,0,0
20260930-193130,241.8,Spear,Account-16AE,Player-1BA4,0,0,,0,0
20260930-193130,241.8,Spear,Account-1150,Player-470E,0,0,,0,0
20260930-193130,241.8,Spear,Account-8C31,Player-FBAD,0,0,,0,0
20260930-193130,241.8,Spear,Account-5C40,Player-F494,0,0,,0,0
20260930-193130,241.8,Spear,Account-F4C4,Player-89AD,0,0,,0,0
20260930-193906,158.0,Spear,Account-9365,Player-DDA6,0,0,,0,0
20260930-193906,158.0,Spear,Account-83FE,Player-BCA0,0,0,,0,0
20260930-193906,158.0,Spear,Account-9FFE,Player-74C1,0,0,,0,0
20260930-193906,158.0,Spear,Account-E596,Player-1B8E,0,0,,0,0
20260930-193906,158.0,Spear,Account-9754,Player-DE24,0,0,,0,0
20260930-193906,158.0,Spear,Account-16AE,Player-1BA4,0,0,,0,0
20260930-193906,158.0,Spear,Account-1150,Player-470E,0,0,,0,0
20260930-193906,158.0,Spear,Account-8C31,Player-FBAD,0,0,,0,0
20260930-193906,158.0,Spear,Account-5C40,Player-F494,0,0,,0,0
20260930-193906,158.0,Spear,Account-F4C4,Player-89AD,0,0,,0,0
20260930-193906,194.2,Spear,Account-9365,Player-DDA6,0,0,,0,0
20260930-193906,194.2,Spear,Account-83FE,Player-BCA0,0,0,,0,0
20260930-193906,194.2,Spear,Account-9FFE,Player-74C1,0,0,,0,0
20260930-193906,194.2,Spear,Account-E596,Player-1B8E,0,0,,0,0
20260930-193906,194.2,Spear,Account-9754,Player-DE24,0,0,,0,0
20260930-193906,194.2,Spear,Account-16AE,Player-1BA4,0,0,,0,0
20260930-193906,194.2,Spear,Account-1150,Player-470E,0,0,,0,0
20260930-193906,194.2,Spear,Account-8C31,Player-FBAD,0,0,,0,0
20260930-193906,194.2,Spear,Account-5C40,Player-F494,0,0,,0,0
20260930-193906,194.2,Spear,Account-F4C4,Player-89AD,0,0,,0,0
20260930-193906,235.4,Spear,Account-9365,Player-DDA6,0,0,,0,0
20260930-193906,235.4,Spear,Account-83FE,Player-BCA0,0,0,,0,0
20260930-193906,235.4,Spear,Account-9FFE,Player-74C1,0,0,,0,0
20260930-193906,235.4,Spear,Account-E596,Player-1B8E,0,0,,0,0
20260930-193906,235.4,Spear,Account-9754,Player-DE24,0,0,,0,0
20260930-193906,235.4,Spear,Account-16AE,Player-1BA4,0,0,,0,0
20260930-193906,235.4,Spear,Account-1150,Player-470E,0,0,,0,0
20260930-193906,235.4,Spear,Account-8C31,Player-FBAD,0,0,,0,0
20260930-193906,235.4,Spear,Account-5C40,Player-F494,0,0,,0,0
20260930-193906,235.4,Spear,Account-F4C4,Player-89AD,0,0,,0,0
20260930-193906,277.1,Spear,Account-9365,Player-DDA6,0,0,,0,0
20260930-193906,277.1,Spear,Account-83FE,Player-BCA0,0,0,,0,0
20260930-193906,277.1,Spear,Account-9FFE,Player-74C1,0,0,,0,0
20260930-193906,277.1,Spear,Account-E596,Player-1B8E,0,0,,0,0
20260930-193906,277.1,Spear,Account-9754,Player-DE24,0,0,,0,0
20260930-193906,277.1,Spear,Account-16AE,Player-1BA4,0,0,,0,0
20260930-193906,277.1,Spear,Account-1150,Player-470E,0,0,,0,0
20260930-193906,277.1,Spear,Account-8C31,Player-FBAD,0,0,,0,0
20260930-193906,277.1,Spear,Account-5C40,Player-F494,0,0,,0,0
20260930-193906,277.1,Spear,Account-F4C4,Player-89AD,0,0,,0,0
20260930-194816,166.1,Spear,Account-9365,Player-DDA6,0,0,,0,0
20260930-194816,166.1,Spear,Account-83FE,Player-BCA0,0,0,,0,0
20260930-194816,166.1,Spear,Account-9FFE,Player-74C1,0,0,,0,0
20260930-194816,166.1,Spear,Account-E596,Player-1B8E,0,0,,0,0
20260930-194816,166.1,Spear,Account-9754,Player-DE24,0,0,,0,0
20260930-194816,166.1,Spear,Account-16AE,Player-1BA4,0,0,,0,0
20260930-194816,166.1,Spear,Account-1150,Player-470E,0,0,,0,0
20260930-194816,166.1,Spear,Account-8C31,Player-FBAD,0,0,,0,0
20260930-194816,166.1,Spear,Account-5C40,Player-F494,0,0,,0,0
20260930-194816,166.1,Spear,Account-F4C4,Player-89AD,0,0,,0,0
20260930-194816,202.3,Spear,Account-9365,Player-DDA6,0,0,,0,0
20260930-194816,202.3,Spear,Account-83FE,Player-BCA0,0,0,,0,0
20260930-194816,202.3,Spear,Account-9FFE,Player-74C1,0,0,,0,0
20260930-194816,202.3,Spear,Account-E596,Player-1B8E,0,0,,0,0
20260930-194816,202.3,Spear,Account-9754,Player-DE24,0,0,,0,0
20260930-194816,202.3,Spear,Account-16AE,Player-1BA4,0,0,,0,0
20260930-194816,202.3,Spear,Account-1150,Player-470E,0,0,,0,0
20260930-194816,202.3,Spear,Account-8C31,Player-FBAD,0,0,,0,0
20260930-194816,202.3,Spear,Account-5C40,Player-F494,0,0,,0,0
20260930-194816,202.3,Spear,Account-F4C4,Player-89AD,0,0,,0,0
20260930-194816,238.9,Spear,Account-9365,Player-DDA6,0,0,,0,0
20260930-194816,238.9,Spear,Account-83FE,Player-BCA0,0,0,,0,0
20260930-194816,238.9,Spear,Account-9FFE,Player-74C1,0,0,,0,0
20260930-194816,238.9,Spear,Account-E596,Player-1B8E,0,0,,0,0
20260930-194816,238.9,Spear,Account-9754,Player-DE24,0,0,,0,0
20260930-194816,238.9,Spear,Account-16AE,Player-1BA4,0,0,,0,0
20260930-194816,238.9,Spear,Account-1150,Player-470E,0,0,,0,0
20260930-194816,238.9,Spear,Account-8C31,Player-FBAD,0,0,,0,0
20260930-194816,238.9,Spear,Account-5C40,Player-F494,0,0,,0,0
20260930-194816,238.9,Spear,Account-F4C4,Player-89AD,0,0,,0,0
20260930-195751,163.4,Spear,Account-9365,Player-DDA6,0,0,,0,0
20260930-195751,163.4,Spear,Account-83FE,Player-BCA0,0,0,,0,0
20260930-195751,163.4,Spear,Account-9FFE,Player-74C1,0,0,,0,0
20260930-195751,163.4,Spear,Account-E596,Player-1B8E,0,0,,0,0
20260930-195751,163.4,Spear,Account-9754,Player-DE24,0,0,,0,0
20260930-195751,163.4,Spear,Account-16AE,Player-1BA4,0,0,,0,0
20260930-195751,163.4,Spear,Account-1150,Player-470E,0,0,,0,0
20260930-195751,163.4,Spear,Account-8C31,Player-FBAD,0,0,,0,0
20260930-195751,163.4,Spear,Account-5C40,Player-F494,0,0,,0,0
20260930-195751,163.4,Spear,Account-F4C4,Player-89AD,0,0,,0,0
20260930-195751,199.5,Spear,Account-9365,Player-DDA6,0,0,,0,0
20260930-195751,199.5,Spear,Account-83FE,Player-BCA0,0,0,,0,0
20260930-195751,199.5,Spear,Account-9FFE,Player-74C1,0,0,,0,0
20260930-195751,199.5,Spear,Account-E596,Player-1B8E,0,0,,0,0
20260930-195751,199.5,Spear,Account-9754,Player-DE24,0,0,,0,0
20260930-195751,199.5,Spear,Account-16AE,Player-1BA4,0,0,,0,0
20260930-195751,199.5,Spear,Account-1150,Player-470E,0,0,,0,0
20260930-195751,199.5,Spear,Account-8C31,Player-FBAD,0,0,,0,0
20260930-195751,199.5,Spear,Account-5C40,Player-F494,0,0,,0,0
20260930-195751,199.5,Spear,Account-F4C4,Player-89AD,0,0,,0,0
20260930-195751,235.9,Spear,Account-9365,Player-DDA6,0,0,,0,0
20260930-195751,235.9,Spear,Account-83FE,Player-BCA0,0,0,,0,0
20260930-195751,235.9,Spear,Account-9FFE,Player-74C1,0,0,,0,0
20260930-195751,235.9,Spear,Account-E596,Player-1B8E,0,0,,0,0
20260930-195751,235.9,Spear,Account-9754,Player-DE24,0,0,,0,0
20260930-195751,235.9,Spear,Account-16AE,Player-1BA4,0,0,,0,0
20260930-195751,235.9,Spear,Account-1150,Player-470E,0,0,,0,0
20260930-195751,235.9,Spear,Account-8C31,Player-FBAD,0,0,,0,0
20260930-195751,235.9,Spear,Account-5C40,Player-F494,0,0,,0,0
20260930-195751,235.9,Spear,Account-F4C4,Player-89AD,0,0,,0,0
20260930-200445,162.6,Spear,Account-83FE,Player-BCA0,0,0,,0,0
20260930-200445,162.6,Spear,Account-9FFE,Player-74C1,0,0,,0,0
20260930-200445,162.6,Spear,Account-E596,Player-1B8E,0,0,,0,0
20260930-200445,162.6,Spear,Account-9754,Player-DE24,0,0,,0,0
20260930-200445,162.6,Spear,Account-16AE,Player-1BA4,0,0,,0,0
20260930-200445,162.6,Spear,Account-1150,Player-470E,0,0,,0,0
20260930-200445,162.6,Spear,Account-8C31,Player-FBAD,0,0,,0,0
20260930-200445,162.6,Spear,Account-5C40,Player-F494,0,0,,0,0
20260930-200445,162.6,Spear,Account-F4C4,Player-89AD,0,0,,0,0
20260930-201108,161.1,Spear,Account-9365,Player-DDA6,0,0,,0,0
20260930-201108,161.1,Spear,Account-83FE,Player-BCA0,0,0,,0,0
20260930-201108,161.1,Spear,Account-9FFE,Player-74C1,0,0,,0,0
20260930-201108,161.1,Spear,Account-E596,Player-1B8E,0,0,,0,0
20260930-201108,161.1,Spear,Account-9754,Player-DE24,0,0,,0,0
20260930-201108,161.1,Spear,Account-16AE,Player-1BA4,0,0,,0,0
20260930-201108,161.1,Spear,Account-1150,Player-470E,0,0,,0,0
20260930-201108,161.1,Spear,Account-8C31,Player-FBAD,0,0,,0,0
20260930-201108,161.1,Spear,Account-5C40,Player-F494,0,0,,0,0
20260930-201108,161.1,Spear,Account-F4C4,Player-89AD,0,0,,0,0
20260930-201108,197.5,Spear,Account-9365,Player-DDA6,0,0,,0,0
20260930-201108,197.5,Spear,Account-83FE,Player-BCA0,0,0,,0,0
20260930-201108,197.5,Spear,Account-9FFE,Player-74C1,0,0,,0,0
20260930-201108,197.5,Spear,Account-E596,Player-1B8E,0,0,,0,0
20260930-201108,197.5,Spear,Account-9754,Player-DE24,0,0,,0,0
20260930-201108,197.5,Spear,Account-16AE,Player-1BA4,0,0,,0,0
20260930-201108,197.5,Spear,Account-1150,Player-470E,0,0,,0,0
20260930-201108,197.5,Spear,Account-8C31,Player-FBAD,0,0,,0,0
20260930-201108,197.5,Spear,Account-5C40,Player-F494,0,0,,0,0
20260930-201108,197.5,Spear,Account-F4C4,Player-89AD,0,0,,0,0
20260930-201108,234.5,Spear,Account-9365,Player-DDA6,0,0,,0,0
20260930-201108,234.5,Spear,Account-83FE,Player-BCA0,0,0,,0,0
20260930-201108,234.5,Spear,Account-9FFE,Player-74C1,0,0,,0,0
20260930-201108,234.5,Spear,Account-E596,Player-1B8E,0,0,,0,0
20260930-201108,234.5,Spear,Account-9754,Player-DE24,0,0,,0,0
20260930-201108,234.5,Spear,Account-16AE,Player-1BA4,0,0,,0,0
20260930-201108,234.5,Spear,Account-1150,Player-470E,0,0,,0,0
20260930-201108,234.5,Spear,Account-8C31,Player-FBAD,0,0,,0,0
20260930-201108,234.5,Spear,Account-5C40,Player-F494,0,0,,0,0
20260930-201108,234.5,Spear,Account-F4C4,Player-89AD,0,0,,0,0
20260930-201108,271.1,Spear,Account-9365,Player-DDA6,0,0,,0,0
20260930-201108,271.1,Spear,Account-83FE,Player-BCA0,0,0,,0,0
20260930-201108,271.1,Spear,Account-9FFE,Player-74C1,0,0,,0,0
20260930-201108,271.1,Spear,Account-E596,Player-1B8E,0,0,,0,0
20260930-201108,271.1,Spear,Account-9754,Player-DE24,0,0,,0,0
20260930-201108,271.1,Spear,Account-16AE,Player-1BA4,0,0,,0,0
20260930-201108,271.1,Spear,Account-1150,Player-470E,0,0,,0,0
20260930-201108,271.1,Spear,Account-8C31,Player-FBAD,0,0,,0,0
20260930-201108,271.1,Spear,Account-5C40,Player-F494,0,0,,0,0
20260930-201108,271.1,Spear,Account-F4C4,Player-89AD,0,0,,0,0
20260930-203200,169.8,Spear,Account-9365,Player-DDA6,0,0,,0,0
20260930-203200,169.8,Spear,Account-83FE,Player-BCA0,0,0,,0,0
20260930-203200,169.8,Spear,Account-9FFE,Player-74C1,0,0,,0,0
20260930-203200,169.8,Spear,Account-E596,Player-1B8E,0,0,,0,0
20260930-203200,169.8,Spear,Account-9754,Player-DE24,0,0,,0,0
20260930-203200,169.8,Spear,Account-16AE,Player-1BA4,0,0,,0,0
20260930-203200,169.8,Spear,Account-1150,Player-470E,0,0,,0,0
20260930-203200,169.8,Spear,Account-8C31,Player-FBAD,0,0,,0,0
20260930-203200,169.8,Spear,Account-5C40,Player-F494,0,0,,0,0
20260930-203200,169.8,Spear,Account-F4C4,Player-89AD,0,0,,0,0
20260930-203200,216.7,Spear,Account-9365,Player-DDA6,0,0,,0,0
20260930-203200,216.7,Spear,Account-83FE,Player-BCA0,0,0,,0,0
20260930-203200,216.7,Spear,Account-9FFE,Player-74C1,0,0,,0,0
20260930-203200,216.7,Spear,Account-E596,Player-1B8E,1,4736,0,0,0
20260930-203200,216.7,Spear,Account-16AE,Player-1BA4,0,0,,0,0
20260930-203200,216.7,Spear,Account-1150,Player-470E,0,0,,0,0
20260930-203200,216.7,Spear,Account-8C31,Player-FBAD,0,0,,0,0
20260930-203200,216.7,Spear,Account-5C40,Player-F494,0,0,,0,0
20260930-203200,216.7,Spear,Account-F4C4,Player-89AD,0,0,,0,0
20260930-203200,256.0,Spear,Account-9365,Player-DDA6,0,0,,0,0
20260930-203200,256.0,Spear,Account-83FE,Player-BCA0,0,0,,0,0
20260930-203200,256.0,Spear,Account-9FFE,Player-74C1,0,0,,0,0
20260930-203200,256.0,Spear,Account-E596,Player-1B8E,0,0,,0,0
20260930-203200,256.0,Spear,Account-9754,Player-DE24,0,0,,0,0
20260930-203200,256.0,Spear,Account-16AE,Player-1BA4,0,0,,0,0
20260930-203200,256.0,Spear,Account-1150,Player-470E,0,0,,0,0
20260930-203200,256.0,Spear,Account-8C31,Player-FBAD,0,0,,0,0
20260930-203200,256.0,Spear,Account-5C40,Player-F494,0,0,,0,0
20260930-203200,256.0,Spear,Account-F4C4,Player-89AD,0,0,,0,0
20260930-203600,166.4,Spear,Account-83FE,Player-BCA0,0,0,,0,0
20260930-203600,166.4,Spear,Account-9FFE,Player-74C1,0,0,,0,0
20260930-203600,166.4,Spear,Account-E596,Player-1B8E,0,0,,0,0
20260930-203600,166.4,Spear,Account-9754,Player-DE24,0,0,,0,0
20260930-203600,166.4,Spear,Account-16AE,Player-1BA4,0,0,,0,0
20260930-203600,166.4,Spear,Account-1150,Player-470E,0,0,,0,0
20260930-203600,166.4,Spear,Account-8C31,Player-FBAD,0,0,,0,0
20260930-203600,166.4,Spear,Account-5C40,Player-F494,0,0,,0,0
20260930-203600,166.4,Spear,Account-F4C4,Player-89AD,0,0,,0,0
20260930-203947,172.3,Spear,Account-9FFE,Player-74C1,0,0,,0,0
20260930-203947,172.3,Spear,Account-16AE,Player-1BA4,0,0,,0,0
20260930-203947,172.3,Spear,Account-F4C4,Player-89AD,0,0,,0,0
20260930-204517,168.4,Spear,Account-9365,Player-DDA6,0,0,,0,0
20260930-204517,168.4,Spear,Account-83FE,Player-BCA0,0,0,,0,0
20260930-204517,168.4,Spear,Account-9FFE,Player-74C1,0,0,,0,0
20260930-204517,168.4,Spear,Account-E596,Player-1B8E,0,0,,0,0
20260930-204517,168.4,Spear,Account-9754,Player-DE24,0,0,,0,0
20260930-204517,168.4,Spear,Account-16AE,Player-1BA4,0,0,,0,0
20260930-204517,168.4,Spear,Account-1150,Player-470E,0,0,,0,0
20260930-204517,168.4,Spear,Account-8C31,Player-FBAD,0,0,,0,0
20260930-204517,168.4,Spear,Account-5C40,Player-F494,0,0,,0,0
20260930-204517,168.4,Spear,Account-F4C4,Player-89AD,0,0,,0,0
20260930-204517,204.6,Spear,Account-9365,Player-DDA6,0,0,,0,0
20260930-204517,204.6,Spear,Account-83FE,Player-BCA0,0,0,,0,0
20260930-204517,204.6,Spear,Account-9FFE,Player-74C1,0,0,,0,0
20260930-204517,204.6,Spear,Account-E596,Player-1B8E,0,0,,0,0
20260930-204517,204.6,Spear,Account-9754,Player-DE24,0,0,,0,0
20260930-204517,204.6,Spear,Account-16AE,Player-1BA4,0,0,,0,0
20260930-204517,204.6,Spear,Account-1150,Player-470E,0,0,,0,0
20260930-204517,204.6,Spear,Account-8C31,Player-FBAD,0,0,,0,0
20260930-204517,204.6,Spear,Account-5C40,Player-F494,0,0,,0,0
20260930-204517,204.6,Spear,Account-F4C4,Player-89AD,0,0,,0,0
20260930-204517,241.2,Spear,Account-9365,Player-DDA6,0,0,,0,0
20260930-204517,241.2,Spear,Account-83FE,Player-BCA0,0,0,,0,0
20260930-204517,241.2,Spear,Account-9FFE,Player-74C1,0,0,,0,0
20260930-204517,241.2,Spear,Account-E596,Player-1B8E,0,0,,0,0
20260930-204517,241.2,Spear,Account-9754,Player-DE24,0,0,,0,0
20260930-204517,241.2,Spear,Account-16AE,Player-1BA4,0,0,,0,0
20260930-204517,241.2,Spear,Account-1150,Player-470E,0,0,,0,0
20260930-204517,241.2,Spear,Account-8C31,Player-FBAD,0,0,,0,0
20260930-204517,241.2,Spear,Account-5C40,Player-F494,0,0,,0,0
20260930-204517,241.2,Spear,Account-F4C4,Player-89AD,0,0,,0,0
20260930-204517,277.7,Spear,Account-9365,Player-DDA6,0,0,,0,0
20260930-204517,277.7,Spear,Account-83FE,Player-BCA0,0,0,,0,0
20260930-204517,277.7,Spear,Account-9FFE,Player-74C1,0,0,,0,0
20260930-204517,277.7,Spear,Account-E596,Player-1B8E,0,0,,0,0
20260930-204517,277.7,Spear,Account-9754,Player-DE24,0,0,,0,0
20260930-204517,277.7,Spear,Account-16AE,Player-1BA4,0,0,,0,0
20260930-204517,277.7,Spear,Account-1150,Player-470E,0,0,,0,0
20260930-204517,277.7,Spear,Account-8C31,Player-FBAD,0,0,,0,0
20260930-204517,277.7,Spear,Account-5C40,Player-F494,1,102496,9 0 8,46,0
20260930-204517,277.7,Spear,Account-F4C4,Player-89AD,0,0,,0,0
20260930-205557,170.6,Spear,Account-9365,Player-DDA6,0,0,,0,0
20260930-205557,170.6,Spear,Account-83FE,Player-BCA0,0,0,,0,0
20260930-205557,170.6,Spear,Account-9FFE,Player-74C1,0,0,,0,0
20260930-205557,170.6,Spear,Account-E596,Player-1B8E,0,0,,0,0
20260930-205557,170.6,Spear,Account-9754,Player-DE24,0,0,,0,0
20260930-205557,170.6,Spear,Account-16AE,Player-1BA4,0,0,,0,0
20260930-205557,170.6,Spear,Account-1150,Player-470E,0,0,,0,0
20260930-205557,170.6,Spear,Account-8C31,Player-FBAD,0,0,,0,0
20260930-205557,170.6,Spear,Account-5C40,Player-F494,0,0,,0,0
20260930-205557,170.6,Spear,Account-F4C4,Player-89AD,0,0,,0,0
20260930-205557,207.2,Spear,Account-9365,Player-DDA6,0,0,,0,0
20260930-205557,207.2,Spear,Account-83FE,Player-BCA0,0,0,,0,0
20260930-205557,207.2,Spear,Account-9FFE,Player-74C1,0,0,,0,0
20260930-205557,207.2,Spear,Account-E596,Player-1B8E,0,0,,0,0
20260930-205557,207.2,Spear,Account-9754,Player-DE24,0,0,,0,0
20260930-205557,207.2,Spear,Account-16AE,Player-1BA4,0,0,,0,0
20260930-205557,207.2,Spear,Account-1150,Player-470E,0,0,,0,0
20260930-205557,207.2,Spear,Account-8C31,Player-FBAD,0,0,,0,0
20260930-205557,207.2,Spear,Account-5C40,Player-F494,0,0,,0,0
20260930-205557,207.2,Spear,Account-F4C4,Player-89AD,0,0,,0,0
20260930-205557,243.4,Spear,Account-9365,Player-DDA6,0,0,,0,0
20260930-205557,243.4,Spear,Account-83FE,Player-BCA0,0,0,,0,0
20260930-205557,243.4,Spear,Account-9FFE,Player-74C1,0,0,,0,0
20260930-205557,243.4,Spear,Account-E596,Player-1B8E,0,0,,0,0
20260930-205557,243.4,Spear,Account-9754,Player-DE24,0,0,,0,0
20260930-205557,243.4,Spear,Account-16AE,Player-1BA4,0,0,,0,0
20260930-205557,243.4,Spear,Account-1150,Player-470E,0,0,,0,0
20260930-205557,243.4,Spear,Account-8C31,Player-FBAD,0,0,,0,0
20260930-205557,243.4,Spear,Account-5C40,Player-F494,0,0,,0,0
20260930-205557,243.4,Spear,Account-F4C4,Player-89AD,0,0,,0,0
20260930-210018,166.6,Spear,Account-9365,Player-DDA6,0,0,,0,0
20260930-210018,166.6,Spear,Account-83FE,Player-BCA0,0,0,,0,0
20260930-210018,166.6,Spear,Account-9FFE,Player-74C1,0,0,,0,0
20260930-210018,166.6,Spear,Account-E596,Player-1B8E,0,0,,0,0
20260930-210018,166.6,Spear,Account-9754,Player-DE24,0,0,,0,0
20260930-210018,166.6,Spear,Account-16AE,Player-1BA4,0,0,,0,0
20260930-210018,166.6,Spear,Account-1150,Player-470E,0,0,,0,0
20260930-210018,166.6,Spear,Account-8C31,Player-FBAD,0,0,,0,0
20260930-210018,166.6,Spear,Account-5C40,Player-F494,0,0,,0,0
20260930-210018,166.6,Spear,Account-F4C4,Player-89AD,0,0,,0,0
20260930-210743,161.6,Spear,Account-9365,Player-DDA6,0,0,,0,0
20260930-210743,161.6,Spear,Account-83FE,Player-BCA0,0,0,,0,0
20260930-210743,161.6,Spear,Account-9FFE,Player-74C1,0,0,,0,0
20260930-210743,161.6,Spear,Account-E596,Player-1B8E,0,0,,0,0
20260930-210743,161.6,Spear,Account-9754,Player-DE24,0,0,,0,0
20260930-210743,161.6,Spear,Account-16AE,Player-1BA4,0,0,,0,0
20260930-210743,161.6,Spear,Account-1150,Player-470E,0,0,,0,0
20260930-210743,161.6,Spear,Account-8C31,Player-FBAD,0,0,,0,0
20260930-210743,161.6,Spear,Account-5C40,Player-F494,0,0,,0,0
20260930-210743,161.6,Spear,Account-F4C4,Player-89AD,0,0,,0,0
20260930-210743,197.9,Spear,Account-9365,Player-DDA6,0,0,,0,0
20260930-210743,197.9,Spear,Account-83FE,Player-BCA0,0,0,,0,0
20260930-210743,197.9,Spear,Account-9FFE,Player-74C1,0,0,,0,0
20260930-210743,197.9,Spear,Account-E596,Player-1B8E,0,0,,0,0
20260930-210743,197.9,Spear,Account-9754,Player-DE24,0,0,,0,0
20260930-210743,197.9,Spear,Account-16AE,Player-1BA4,0,0,,0,0
20260930-210743,197.9,Spear,Account-1150,Player-470E,0,0,,0,0
20260930-210743,197.9,Spear,Account-8C31,Player-FBAD,0,0,,0,0
20260930-210743,197.9,Spear,Account-5C40,Player-F494,0,0,,0,0
20260930-210743,197.9,Spear,Account-F4C4,Player-89AD,0,0,,0,0
20260930-210743,234.6,Spear,Account-9365,Player-DDA6,0,0,,0,0
20260930-210743,234.6,Spear,Account-83FE,Player-BCA0,0,0,,0,0
20260930-210743,234.6,Spear,Account-9FFE,Player-74C1,0,0,,0,0
20260930-210743,234.6,Spear,Account-E596,Player-1B8E,0,0,,0,0
20260930-210743,234.6,Spear,Account-9754,Player-DE24,0,0,,0,0
20260930-210743,234.6,Spear,Account-16AE,Player-1BA4,0,0,,0,0
20260930-210743,234.6,Spear,Account-1150,Player-470E,0,0,,0,0
20260930-210743,234.6,Spear,Account-8C31,Player-FBAD,0,0,,0,0
20260930-210743,234.6,Spear,Account-5C40,Player-F494,0,0,,0,0
20260930-210743,234.6,Spear,Account-F4C4,Player-89AD,0,0,,0,0
20260930-210743,270.8,Spear,Account-9365,Player-DDA6,0,0,,0,0
20260930-210743,270.8,Spear,Account-83FE,Player-BCA0,1,1550,0,0,0
20260930-210743,270.8,Spear,Account-9FFE,Player-74C1,1,48827,0 9,119,0
20260930-210743,270.8,Spear,Account-E596,Player-1B8E,0,0,,0,0
20260930-210743,270.8,Spear,Account-9754,Player-DE24,1,1928,0,8,0
20260930-210743,270.8,Spear,Account-16AE,Player-1BA4,0,0,,0,0
20260930-210743,270.8,Spear,Account-1150,Player-470E,1,2356,0 5,96,0
20260930-210743,270.8,Spear,Account-8C31,Player-FBAD,0,0,,0,0
20260930-210743,270.8,Spear,Account-5C40,Player-F494,0,0,,0,0
20260930-210743,270.8,Spear,Account-F4C4,Player-89AD,0,0,,0,0
20260930-211921,168.4,Spear,Account-9365,Player-DDA6,0,0,,0,0
20260930-211921,168.4,Spear,Account-83FE,Player-BCA0,0,0,,0,0
20260930-211921,168.4,Spear,Account-9FFE,Player-74C1,0,0,,0,0
20260930-211921,168.4,Spear,Account-E596,Player-1B8E,0,0,,0,0
20260930-211921,168.4,Spear,Account-9754,Player-DE24,0,0,,0,0
20260930-211921,168.4,Spear,Account-16AE,Player-1BA4,1,0,4,220,1
20260930-211921,168.4,Spear,Account-1150,Player-470E,0,0,,0,0
20260930-211921,168.4,Spear,Account-8C31,Player-FBAD,0,0,,0,0
20260930-211921,168.4,Spear,Account-5C40,Player-F494,0,0,,0,0
20260930-211921,168.4,Spear,Account-F4C4,Player-89AD,0,0,,0,0
20260930-211921,205.0,Spear,Account-9365,Player-DDA6,0,0,,0,0
20260930-211921,205.0,Spear,Account-83FE,Player-BCA0,0,0,,0,0
20260930-211921,205.0,Spear,Account-9FFE,Player-74C1,0,0,,0,0
20260930-211921,205.0,Spear,Account-E596,Player-1B8E,0,0,,0,0
20260930-211921,205.0,Spear,Account-9754,Player-DE24,0,0,,0,0
20260930-211921,205.0,Spear,Account-16AE,Player-1BA4,0,0,,0,0
20260930-211921,205.0,Spear,Account-1150,Player-470E,0,0,,0,0
20260930-211921,205.0,Spear,Account-8C31,Player-FBAD,0,0,,0,0
20260930-211921,205.0,Spear,Account-5C40,Player-F494,0,0,,0,0
20260930-211921,205.0,Spear,Account-F4C4,Player-89AD,0,0,,0,0
20260930-211921,241.3,Spear,Account-9365,Player-DDA6,0,0,,0,0
20260930-211921,241.3,Spear,Account-83FE,Player-BCA0,0,0,,0,0
20260930-211921,241.3,Spear,Account-9FFE,Player-74C1,0,0,,0,0
20260930-211921,241.3,Spear,Account-E596,Player-1B8E,0,0,,0,0
20260930-211921,241.3,Spear,Account-9754,Player-DE24,0,0,,0,0
20260930-211921,241.3,Spear,Account-16AE,Player-1BA4,0,0,,0,0
20260930-211921,241.3,Spear,Account-1150,Player-470E,0,0,,0,0
20260930-211921,241.3,Spear,Account-8C31,Player-FBAD,0,0,,0,0
20260930-211921,241.3,Spear,Account-5C40,Player-F494,0,0,,0,0
20260930-211921,241.3,Spear,Account-F4C4,Player-89AD,0,0,,0,0
20260930-213637,159.3,Spear,Account-9365,Player-DDA6,0,0,,0,0
20260930-213637,159.3,Spear,Account-83FE,Player-BCA0,0,0,,0,0
20260930-213637,159.3,Spear,Account-9FFE,Player-74C1,0,0,,0,0
20260930-213637,159.3,Spear,Account-E596,Player-1B8E,0,0,,0,0
20260930-213637,159.3,Spear,Account-9754,Player-DE24,0,0,,0,0
20260930-213637,159.3,Spear,Account-16AE,Player-1BA4,0,0,,0,0
20260930-213637,159.3,Spear,Account-1150,Player-470E,0,0,,0,0
20260930-213637,159.3,Spear,Account-8C31,Player-FBAD,0,0,,0,0
20260930-213637,159.3,Spear,Account-5C40,Player-F494,0,0,,0,0
20260930-213637,159.3,Spear,Account-F4C4,Player-89AD,0,0,,0,0
20260930-213637,195.7,Spear,Account-9365,Player-DDA6,0,0,,0,0
20260930-213637,195.7,Spear,Account-83FE,Player-BCA0,0,0,,0,0
20260930-213637,195.7,Spear,Account-9FFE,Player-74C1,0,0,,0,0
20260930-213637,195.7,Spear,Account-E596,Player-1B8E,0,0,,0,0
20260930-213637,195.7,Spear,Account-9754,Player-DE24,0,0,,0,0
20260930-213637,195.7,Spear,Account-16AE,Player-1BA4,0,0,,0,0
20260930-213637,195.7,Spear,Account-1150,Player-470E,0,0,,0,0
20260930-213637,195.7,Spear,Account-8C31,Player-FBAD,0,0,,0,0
20260930-213637,195.7,Spear,Account-5C40,Player-F494,0,0,,0,0
20260930-213637,195.7,Spear,Account-F4C4,Player-89AD,0,0,,0,0
20260930-214712,168.3,Spear,Account-9365,Player-DDA6,0,0,,0,0
20260930-214712,168.3,Spear,Account-83FE,Player-BCA0,0,0,,0,0
20260930-214712,168.3,Spear,Account-9FFE,Player-74C1,0,0,,0,0
20260930-214712,168.3,Spear,Account-E596,Player-1B8E,0,0,,0,0
20260930-214712,168.3,Spear,Account-9754,Player-DE24,0,0,,0,0
20260930-214712,168.3,Spear,Account-16AE,Player-1BA4,0,0,,0,0
20260930-214712,168.3,Spear,Account-1150,Player-470E,0,0,,0,0
20260930-214712,168.3,Spear,Account-8C31,Player-FBAD,0,0,,0,0
20260930-214712,168.3,Spear,Account-5C40,Player-F494,0,0,,0,0
20260930-214712,168.3,Spear,Account-F4C4,Player-89AD,0,0,,0,0
20260930-214712,204.6,Spear,Account-9365,Player-DDA6,0,0,,0,0
20260930-214712,204.6,Spear,Account-83FE,Player-BCA0,0,0,,0,0
20260930-214712,204.6,Spear,Account-9FFE,Player-74C1,0,0,,0,0
20260930-214712,204.6,Spear,Account-E596,Player-1B8E,0,0,,0,0
20260930-214712,204.6,Spear,Account-9754,Player-DE24,0,0,,0,0
20260930-214712,204.6,Spear,Account-16AE,Player-1BA4,0,0,,0,0
20260930-214712,204.6,Spear,Account-1150,Player-470E,0,0,,0,0
20260930-214712,204.6,Spear,Account-8C31,Player-FBAD,0,0,,0,0
20260930-214712,204.6,Spear,Account-5C40,Player-F494,0,0,,0,0
20260930-214712,204.6,Spear,Account-F4C4,Player-89AD,0,0,,0,0
20260930-214712,241.2,Spear,Account-9365,Player-DDA6,0,0,,0,0
20260930-214712,241.2,Spear,Account-83FE,Player-BCA0,0,0,,0,0
20260930-214712,241.2,Spear,Account-9FFE,Player-74C1,0,0,,0,0
20260930-214712,241.2,Spear,Account-E596,Player-1B8E,0,0,,0,0
20260930-214712,241.2,Spear,Account-9754,Player-DE24,0,0,,0,0
20260930-214712,241.2,Spear,Account-16AE,Player-1BA4,0,0,,0,0
20260930-214712,241.2,Spear,Account-1150,Player-470E,0,0,,0,0
20260930-214712,241.2,Spear,Account-8C31,Player-FBAD,0,0,,0,0
20260930-214712,241.2,Spear,Account-5C40,Player-F494,0,0,,0,0
20260930-214712,241.2,Spear,Account-F4C4,Player-89AD,0,0,,0,0
20260930-215627,162.0,Spear,Account-9365,Player-DDA6,0,0,,0,0
20260930-215627,162.0,Spear,Account-83FE,Player-BCA0,0,0,,0,0
20260930-215627,162.0,Spear,Account-9FFE,Player-74C1,0,0,,0,0
20260930-215627,162.0,Spear,Account-E596,Player-1B8E,0,0,,0,0
20260930-215627,162.0,Spear,Account-9754,Player-DE24,0,0,,0,0
20260930-215627,162.0,Spear,Account-16AE,Player-1BA4,0,0,,0,0
20260930-215627,162.0,Spear,Account-1150,Player-470E,0,0,,0,0
20260930-215627,162.0,Spear,Account-8C31,Player-FBAD,0,0,,0,0
20260930-215627,162.0,Spear,Account-5C40,Player-F494,0,0,,0,0
20260930-215627,162.0,Spear,Account-F4C4,Player-89AD,0,0,,0,0
20260930-215627,198.7,Spear,Account-9365,Player-DDA6,0,0,,0,0
20260930-215627,198.7,Spear,Account-83FE,Player-BCA0,0,0,,0,0
20260930-215627,198.7,Spear,Account-9FFE,Player-74C1,0,0,,0,0
20260930-215627,198.7,Spear,Account-E596,Player-1B8E,0,0,,0,0
20260930-215627,198.7,Spear,Account-9754,Player-DE24,0,0,,0,0
20260930-215627,198.7,Spear,Account-16AE,Player-1BA4,0,0,,0,0
20260930-215627,198.7,Spear,Account-1150,Player-470E,0,0,,0,0
20260930-215627,198.7,Spear,Account-8C31,Player-FBAD,0,0,,0,0
20260930-215627,198.7,Spear,Account-5C40,Player-F494,0,0,,0,0
20260930-215627,198.7,Spear,Account-F4C4,Player-89AD,0,0,,0,0
20260930-215627,235.7,Spear,Account-9365,Player-DDA6,0,0,,0,0
20260930-215627,235.7,Spear,Account-83FE,Player-BCA0,0,0,,0,0
20260930-215627,235.7,Spear,Account-9FFE,Player-74C1,0,0,,0,0
20260930-215627,235.7,Spear,Account-E596,Player-1B8E,0,0,,0,0
20260930-215627,235.7,Spear,Account-9754,Player-DE24,0,0,,0,0
20260930-215627,235.7,Spear,Account-16AE,Player-1BA4,0,0,,0,0
20260930-215627,235.7,Spear,Account-1150,Player-470E,0,0,,0,0
20260930-215627,235.7,Spear,Account-8C31,Player-FBAD,0,0,,0,0
20260930-215627,235.7,Spear,Account-5C40,Player-F494,0,0,,0,0
20260930-215627,235.7,Spear,Account-F4C4,Player-89AD,0,0,,0,0
20260930-220441,170.4,Spear,Account-9365,Player-DDA6,0,0,,0,0
20260930-220441,170.4,Spear,Account-83FE,Player-BCA0,0,0,,0,0
20260930-220441,170.4,Spear,Account-9FFE,Player-74C1,0,0,,0,0
20260930-220441,170.4,Spear,Account-E596,Player-1B8E,0,0,,0,0
20260930-220441,170.4,Spear,Account-9754,Player-DE24,0,0,,0,0
20260930-220441,170.4,Spear,Account-16AE,Player-1BA4,1,0,4,157,1
20260930-220441,170.4,Spear,Account-1150,Player-470E,0,0,,0,0
20260930-220441,170.4,Spear,Account-8C31,Player-FBAD,0,0,,0,0
20260930-220441,170.4,Spear,Account-5C40,Player-F494,0,0,,0,0
20260930-220441,170.4,Spear,Account-F4C4,Player-89AD,0,0,,0,0
20260930-220441,206.9,Spear,Account-9365,Player-DDA6,0,0,,0,0
20260930-220441,206.9,Spear,Account-83FE,Player-BCA0,0,0,,0,0
20260930-220441,206.9,Spear,Account-9FFE,Player-74C1,0,0,,0,0
20260930-220441,206.9,Spear,Account-E596,Player-1B8E,0,0,,0,0
20260930-220441,206.9,Spear,Account-9754,Player-DE24,0,0,,0,0
20260930-220441,206.9,Spear,Account-16AE,Player-1BA4,0,0,,0,0
20260930-220441,206.9,Spear,Account-1150,Player-470E,0,0,,0,0
20260930-220441,206.9,Spear,Account-8C31,Player-FBAD,0,0,,0,0
20260930-220441,206.9,Spear,Account-5C40,Player-F494,0,0,,0,0
20260930-220441,206.9,Spear,Account-F4C4,Player-89AD,0,0,,0,0
20260930-220441,244.0,Spear,Account-9365,Player-DDA6,0,0,,0,0
20260930-220441,244.0,Spear,Account-83FE,Player-BCA0,0,0,,0,0
20260930-220441,244.0,Spear,Account-9FFE,Player-74C1,0,0,,0,0
20260930-220441,244.0,Spear,Account-E596,Player-1B8E,0,0,,0,0
20260930-220441,244.0,Spear,Account-9754,Player-DE24,0,0,,0,0
20260930-220441,244.0,Spear,Account-16AE,Player-1BA4,0,0,,0,0
20260930-220441,244.0,Spear,Account-1150,Player-470E,0,0,,0,0
20260930-220441,244.0,Spear,Account-8C31,Player-FBAD,0,0,,0,0
20260930-220441,244.0,Spear,Account-5C40,Player-F494,0,0,,0,0
20260930-220441,244.0,Spear,Account-F4C4,Player-89AD,0,0,,0,0
20260930-220441,280.3,Spear,Account-9365,Player-DDA6,0,0,,0,0
20260930-220441,280.3,Spear,Account-83FE,Player-BCA0,0,0,,0,0
20260930-220441,280.3,Spear,Account-9FFE,Player-74C1,0,0,,0,0
20260930-220441,280.3,Spear,Account-E596,Player-1B8E,0,0,,0,0
20260930-220441,280.3,Spear,Account-9754,Player-DE24,0,0,,0,0
20260930-220441,280.3,Spear,Account-16AE,Player-1BA4,0,0,,0,0
20260930-220441,280.3,Spear,Account-1150,Player-470E,0,0,,0,0
20260930-220441,280.3,Spear,Account-8C31,Player-FBAD,0,0,,0,0
20260930-220441,280.3,Spear,Account-5C40,Player-F494,0,0,,0,0
20260930-220441,280.3,Spear,Account-F4C4,Player-89AD,0,0,,0,0
20260930-221626,169.7,Spear,Account-9365,Player-DDA6,0,0,,0,0
20260930-221626,169.7,Spear,Account-83FE,Player-BCA0,0,0,,0,0
20260930-221626,169.7,Spear,Account-9FFE,Player-74C1,0,0,,0,0
20260930-221626,169.7,Spear,Account-E596,Player-1B8E,0,0,,0,0
20260930-221626,169.7,Spear,Account-9754,Player-DE24,0,0,,0,0
20260930-221626,169.7,Spear,Account-16AE,Player-1BA4,0,0,,0,0
20260930-221626,169.7,Spear,Account-1150,Player-470E,0,0,,0,0
20260930-221626,169.7,Spear,Account-8C31,Player-FBAD,0,0,,0,0
20260930-221626,169.7,Spear,Account-5C40,Player-F494,0,0,,0,0
20260930-221626,169.7,Spear,Account-F4C4,Player-89AD,0,0,,0,0
20260930-221626,206.0,Spear,Account-9365,Player-DDA6,0,0,,0,0
20260930-221626,206.0,Spear,Account-83FE,Player-BCA0,0,0,,0,0
20260930-221626,206.0,Spear,Account-9FFE,Player-74C1,0,0,,0,0
20260930-221626,206.0,Spear,Account-E596,Player-1B8E,0,0,,0,0
20260930-221626,206.0,Spear,Account-9754,Player-DE24,0,0,,0,0
20260930-221626,206.0,Spear,Account-16AE,Player-1BA4,0,0,,0,0
20260930-221626,206.0,Spear,Account-1150,Player-470E,0,0,,0,0
20260930-221626,206.0,Spear,Account-8C31,Player-FBAD,0,0,,0,0
20260930-221626,206.0,Spear,Account-5C40,Player-F494,0,0,,0,0
20260930-221626,206.0,Spear,Account-F4C4,Player-89AD,0,0,,0,0
20260930-221626,242.6,Spear,Account-9365,Player-DDA6,0,0,,0,0
20260930-221626,242.6,Spear,Account-83FE,Player-BCA0,0,0,,0,0
20260930-221626,242.6,Spear,Account-9FFE,Player-74C1,0,0,,0,0
20260930-221626,242.6,Spear,Account-E596,Player-1B8E,1,2813,0,62,0
20260930-221626,242.6,Spear,Account-9754,Player-DE24,0,0,,0,0
20260930-221626,242.6,Spear,Account-16AE,Player-1BA4,0,0,,0,0
20260930-221626,242.6,Spear,Account-1150,Player-470E,0,0,,0,0
20260930-221626,242.6,Spear,Account-8C31,Player-FBAD,0,0,,0,0
20260930-221626,242.6,Spear,Account-5C40,Player-F494,0,0,,0,0
20260930-221626,242.6,Spear,Account-F4C4,Player-89AD,0,0,,0,0
20260930-221626,284.5,Spear,Account-9365,Player-DDA6,0,0,,0,0
20260930-221626,284.5,Spear,Account-83FE,Player-BCA0,0,0,,0,0
20260930-221626,284.5,Spear,Account-9FFE,Player-74C1,1,2536,0,76,0
20260930-221626,284.5,Spear,Account-E596,Player-1B8E,0,0,,0,0
20260930-221626,284.5,Spear,Account-9754,Player-DE24,1,6208,0,53,0
20260930-221626,284.5,Spear,Account-16AE,Player-1BA4,0,0,,0,0
20260930-221626,284.5,Spear,Account-1150,Player-470E,1,2287,0 5,70,0
20260930-221626,284.5,Spear,Account-8C31,Player-FBAD,0,0,,0,0
20260930-221626,284.5,Spear,Account-5C40,Player-F494,1,2272,0 5,62,0
20260930-221626,284.5,Spear,Account-F4C4,Player-89AD,1,5458,0 5,67,0
20260930-225431,169.5,Spear,Account-9365,Player-DDA6,0,0,,0,0
20260930-225431,169.5,Spear,Account-83FE,Player-BCA0,0,0,,0,0
20260930-225431,169.5,Spear,Account-5C40,Player-F494,0,0,,0,0
20260930-225431,169.5,Spear,Account-9FFE,Player-74C1,0,0,,0,0
20260930-225431,169.5,Spear,Account-E596,Player-1B8E,0,0,,0,0
20260930-225431,169.5,Spear,Account-8C31,Player-FBAD,0,0,,0,0
20260930-225431,169.5,Spear,Account-F4C4,Player-89AD,0,0,,0,0
20260930-225431,169.5,Spear,Account-9754,Player-DE24,0,0,,0,0
20260930-225431,169.5,Spear,Account-16AE,Player-1BA4,0,0,,0,0
20260930-225431,169.5,Spear,Account-1150,Player-470E,0,0,,0,0
20260930-225431,206.3,Spear,Account-9365,Player-DDA6,0,0,,0,0
20260930-225431,206.3,Spear,Account-83FE,Player-BCA0,0,0,,0,0
20260930-225431,206.3,Spear,Account-5C40,Player-F494,0,0,,0,0
20260930-225431,206.3,Spear,Account-9FFE,Player-74C1,0,0,,0,0
20260930-225431,206.3,Spear,Account-E596,Player-1B8E,0,0,,0,0
20260930-225431,206.3,Spear,Account-8C31,Player-FBAD,0,0,,0,0
20260930-225431,206.3,Spear,Account-F4C4,Player-89AD,0,0,,0,0
20260930-225431,206.3,Spear,Account-9754,Player-DE24,0,0,,0,0
20260930-225431,206.3,Spear,Account-16AE,Player-1BA4,0,0,,0,0
20260930-225431,206.3,Spear,Account-1150,Player-470E,0,0,,0,0
20260930-225431,243.2,Spear,Account-9365,Player-DDA6,0,0,,0,0
20260930-225431,243.2,Spear,Account-83FE,Player-BCA0,0,0,,0,0
20260930-225431,243.2,Spear,Account-5C40,Player-F494,0,0,,0,0
20260930-225431,243.2,Spear,Account-9FFE,Player-74C1,0,0,,0,0
20260930-225431,243.2,Spear,Account-E596,Player-1B8E,0,0,,0,0
20260930-225431,243.2,Spear,Account-8C31,Player-FBAD,0,0,,0,0
20260930-225431,243.2,Spear,Account-F4C4,Player-89AD,0,0,,0,0
20260930-225431,243.2,Spear,Account-9754,Player-DE24,0,0,,0,0
20260930-225431,243.2,Spear,Account-16AE,Player-1BA4,0,0,,0,0
20260930-225431,243.2,Spear,Account-1150,Player-470E,0,0,,0,0
20260930-230802,163.0,Spear,Account-9365,Player-DDA6,0,0,,0,0
20260930-230802,163.0,Spear,Account-83FE,Player-BCA0,0,0,,0,0
20260930-230802,163.0,Spear,Account-5C40,Player-F494,0,0,,0,0
20260930-230802,163.0,Spear,Account-9FFE,Player-74C1,0,0,,0,0
20260930-230802,163.0,Spear,Account-E596,Player-1B8E,0,0,,0,0
20260930-230802,163.0,Spear,Account-8C31,Player-FBAD,0,0,,0,0
20260930-230802,163.0,Spear,Account-F4C4,Player-89AD,0,0,,0,0
20260930-230802,163.0,Spear,Account-9754,Player-DE24,0,0,,0,0
20260930-230802,163.0,Spear,Account-16AE,Player-1BA4,0,0,,0,0
20260930-230802,163.0,Spear,Account-1150,Player-470E,0,0,,0,0
20260930-230802,199.1,Spear,Account-9365,Player-DDA6,0,0,,0,0
20260930-230802,199.1,Spear,Account-83FE,Player-BCA0,0,0,,0,0
20260930-230802,199.1,Spear,Account-5C40,Player-F494,0,0,,0,0
20260930-230802,199.1,Spear,Account-9FFE,Player-74C1,0,0,,0,0
20260930-230802,199.1,Spear,Account-E596,Player-1B8E,0,0,,0,0
20260930-230802,199.1,Spear,Account-8C31,Player-FBAD,0,0,,0,0
20260930-230802,199.1,Spear,Account-F4C4,Player-89AD,0,0,,0,0
20260930-230802,199.1,Spear,Account-9754,Player-DE24,0,0,,0,0
20260930-230802,199.1,Spear,Account-16AE,Player-1BA4,0,0,,0,0
20260930-230802,199.1,Spear,Account-1150,Player-470E,0,0,,0,0
20260930-230802,236.3,Spear,Account-9365,Player-DDA6,0,0,,0,0
20260930-230802,236.3,Spear,Account-83FE,Player-BCA0,0,0,,0,0
20260930-230802,236.3,Spear,Account-5C40,Player-F494,0,0,,0,0
20260930-230802,236.3,Spear,Account-9FFE,Player-74C1,0,0,,0,0
20260930-230802,236.3,Spear,Account-E596,Player-1B8E,0,0,,0,0
20260930-230802,236.3,Spear,Account-8C31,Player-FBAD,0,0,,0,0
20260930-230802,236.3,Spear,Account-F4C4,Player-89AD,0,0,,0,0
20260930-230802,236.3,Spear,Account-9754,Player-DE24,0,0,,0,0
20260930-230802,236.3,Spear,Account-16AE,Player-1BA4,0,0,,0,0
20260930-230802,236.3,Spear,Account-1150,Player-470E,0,0,,0,0
20260930-230802,273.0,Spear,Account-9365,Player-DDA6,0,0,,0,0
20260930-230802,273.0,Spear,Account-83FE,Player-BCA0,0,0,,0,0
20260930-230802,273.0,Spear,Account-5C40,Player-F494,0,0,,0,0
20260930-230802,273.0,Spear,Account-E596,Player-1B8E,0,0,,0,0
20260930-230802,273.0,Spear,Account-8C31,Player-FBAD,0,0,,0,0
20260930-230802,273.0,Spear,Account-F4C4,Player-89AD,0,0,,0,0
20260930-230802,273.0,Spear,Account-9754,Player-DE24,0,0,,0,0
20260930-230802,273.0,Spear,Account-16AE,Player-1BA4,0,0,,0,0
20260930-230802,273.0,Spear,Account-1150,Player-470E,0,0,,0,0
20260930-231403,166.9,Spear,Account-9365,Player-DDA6,0,0,,0,0
20260930-231403,166.9,Spear,Account-83FE,Player-BCA0,0,0,,0,0
20260930-231403,166.9,Spear,Account-5C40,Player-F494,0,0,,0,0
20260930-231403,166.9,Spear,Account-9FFE,Player-74C1,0,0,,0,0
20260930-231403,166.9,Spear,Account-E596,Player-1B8E,0,0,,0,0
20260930-231403,166.9,Spear,Account-8C31,Player-FBAD,0,0,,0,0
20260930-231403,166.9,Spear,Account-F4C4,Player-89AD,0,0,,0,0
20260930-231403,166.9,Spear,Account-9754,Player-DE24,0,0,,0,0
20260930-231403,166.9,Spear,Account-16AE,Player-1BA4,0,0,,0,0
20260930-231403,166.9,Spear,Account-1150,Player-470E,0,0,,0,0
20260930-231403,203.3,Spear,Account-9365,Player-DDA6,0,0,,0,0
20260930-231403,203.3,Spear,Account-83FE,Player-BCA0,0,0,,0,0
20260930-231403,203.3,Spear,Account-5C40,Player-F494,0,0,,0,0
20260930-231403,203.3,Spear,Account-9FFE,Player-74C1,0,0,,0,0
20260930-231403,203.3,Spear,Account-E596,Player-1B8E,1,68259,9 0,145,0
20260930-231403,203.3,Spear,Account-8C31,Player-FBAD,0,0,,0,0
20260930-231403,203.3,Spear,Account-F4C4,Player-89AD,0,0,,0,0
20260930-231403,203.3,Spear,Account-9754,Player-DE24,0,0,,0,0
20260930-231403,203.3,Spear,Account-16AE,Player-1BA4,0,0,,0,0
20260930-231403,203.3,Spear,Account-1150,Player-470E,0,0,,0,0
20260930-231723,173.5,Spear,Account-5C40,Player-F494,0,0,,0,0
20260930-231723,173.5,Spear,Account-9FFE,Player-74C1,0,0,,0,0
20260930-231723,173.5,Spear,Account-8C31,Player-FBAD,0,0,,0,0
20260930-231723,173.5,Spear,Account-F4C4,Player-89AD,0,0,,0,0
20260930-231723,173.5,Spear,Account-9754,Player-DE24,0,0,,0,0
20260930-231723,173.5,Spear,Account-16AE,Player-1BA4,0,0,,0,0
20260930-231723,173.5,Spear,Account-1150,Player-470E,0,0,,0,0
20260930-232430,159.7,Spear,Account-9365,Player-DDA6,0,0,,0,0
20260930-232430,159.7,Spear,Account-83FE,Player-BCA0,0,0,,0,0
20260930-232430,159.7,Spear,Account-5C40,Player-F494,0,0,,0,0
20260930-232430,159.7,Spear,Account-9FFE,Player-74C1,0,0,,0,0
20260930-232430,159.7,Spear,Account-E596,Player-1B8E,0,0,,0,0
20260930-232430,159.7,Spear,Account-8C31,Player-FBAD,0,0,,0,0
20260930-232430,159.7,Spear,Account-F4C4,Player-89AD,0,0,,0,0
20260930-232430,159.7,Spear,Account-9754,Player-DE24,0,0,,0,0
20260930-232430,159.7,Spear,Account-16AE,Player-1BA4,0,0,,0,0
20260930-232430,159.7,Spear,Account-1150,Player-470E,0,0,,0,0
20260930-232430,196.0,Spear,Account-9365,Player-DDA6,0,0,,0,0
20260930-232430,196.0,Spear,Account-83FE,Player-BCA0,0,0,,0,0
20260930-232430,196.0,Spear,Account-5C40,Player-F494,0,0,,0,0
20260930-232430,196.0,Spear,Account-9FFE,Player-74C1,0,0,,0,0
20260930-232430,196.0,Spear,Account-E596,Player-1B8E,0,0,,0,0
20260930-232430,196.0,Spear,Account-8C31,Player-FBAD,0,0,,0,0
20260930-232430,196.0,Spear,Account-F4C4,Player-89AD,0,0,,0,0
20260930-232430,196.0,Spear,Account-9754,Player-DE24,0,0,,0,0
20260930-232430,196.0,Spear,Account-16AE,Player-1BA4,0,0,,0,0
20260930-232430,196.0,Spear,Account-1150,Player-470E,0,0,,0,0
20260930-232430,232.8,Spear,Account-9365,Player-DDA6,0,0,,0,0
20260930-232430,232.8,Spear,Account-83FE,Player-BCA0,0,0,,0,0
20260930-232430,232.8,Spear,Account-5C40,Player-F494,0,0,,0,0
20260930-232430,232.8,Spear,Account-9FFE,Player-74C1,0,0,,0,0
20260930-232430,232.8,Spear,Account-E596,Player-1B8E,0,0,,0,0
20260930-232430,232.8,Spear,Account-8C31,Player-FBAD,0,0,,0,0
20260930-232430,232.8,Spear,Account-F4C4,Player-89AD,0,0,,0,0
20260930-232430,232.8,Spear,Account-9754,Player-DE24,0,0,,0,0
20260930-232430,232.8,Spear,Account-16AE,Player-1BA4,0,0,,0,0
20260930-232430,232.8,Spear,Account-1150,Player-470E,0,0,,0,0
20260930-232430,269.0,Spear,Account-9365,Player-DDA6,0,0,,0,0
20260930-232430,269.0,Spear,Account-83FE,Player-BCA0,0,0,,0,0
20260930-232430,269.0,Spear,Account-5C40,Player-F494,0,0,,0,0
20260930-232430,269.0,Spear,Account-9FFE,Player-74C1,0,0,,0,0
20260930-232430,269.0,Spear,Account-E596,Player-1B8E,0,0,,0,0
20260930-232430,269.0,Spear,Account-8C31,Player-FBAD,0,0,,0,0
20260930-232430,269.0,Spear,Account-F4C4,Player-89AD,0,0,,0,0
20260930-232430,269.0,Spear,Account-9754,Player-DE24,0,0,,0,0
20260930-232430,269.0,Spear,Account-16AE,Player-1BA4,0,0,,0,0
20260930-232430,269.0,Spear,Account-1150,Player-470E,0,0,,0,0
20260930-233450,164.9,Spear,Account-9365,Player-DDA6,0,0,,0,0
20260930-233450,164.9,Spear,Account-83FE,Player-BCA0,0,0,,0,0
20260930-233450,164.9,Spear,Account-5C40,Player-F494,0,0,,0,0
20260930-233450,164.9,Spear,Account-9FFE,Player-74C1,0,0,,0,0
20260930-233450,164.9,Spear,Account-E596,Player-1B8E,0,0,,0,0
20260930-233450,164.9,Spear,Account-8C31,Player-FBAD,0,0,,0,0
20260930-233450,164.9,Spear,Account-F4C4,Player-89AD,0,0,,0,0
20260930-233450,164.9,Spear,Account-9754,Player-DE24,0,0,,0,0
20260930-233450,164.9,Spear,Account-16AE,Player-1BA4,0,0,,0,0
20260930-233450,164.9,Spear,Account-1150,Player-470E,0,0,,0,0
20260930-233450,201.2,Spear,Account-9365,Player-DDA6,0,0,,0,0
20260930-233450,201.2,Spear,Account-83FE,Player-BCA0,0,0,,0,0
20260930-233450,201.2,Spear,Account-5C40,Player-F494,0,0,,0,0
20260930-233450,201.2,Spear,Account-9FFE,Player-74C1,0,0,,0,0
20260930-233450,201.2,Spear,Account-E596,Player-1B8E,0,0,,0,0
20260930-233450,201.2,Spear,Account-8C31,Player-FBAD,0,0,,0,0
20260930-233450,201.2,Spear,Account-F4C4,Player-89AD,0,0,,0,0
20260930-233450,201.2,Spear,Account-9754,Player-DE24,0,0,,0,0
20260930-233450,201.2,Spear,Account-16AE,Player-1BA4,0,0,,0,0
20260930-233450,201.2,Spear,Account-1150,Player-470E,0,0,,0,0
20260930-233450,237.5,Spear,Account-9365,Player-DDA6,0,0,,0,0
20260930-233450,237.5,Spear,Account-83FE,Player-BCA0,0,0,,0,0
20260930-233450,237.5,Spear,Account-5C40,Player-F494,0,0,,0,0
20260930-233450,237.5,Spear,Account-9FFE,Player-74C1,0,0,,0,0
20260930-233450,237.5,Spear,Account-E596,Player-1B8E,0,0,,0,0
20260930-233450,237.5,Spear,Account-8C31,Player-FBAD,0,0,,0,0
20260930-233450,237.5,Spear,Account-F4C4,Player-89AD,0,0,,0,0
20260930-233450,237.5,Spear,Account-9754,Player-DE24,0,0,,0,0
20260930-233450,237.5,Spear,Account-16AE,Player-1BA4,0,0,,0,0
20260930-233450,237.5,Spear,Account-1150,Player-470E,0,0,,0,0
20260930-233450,279.2,Spear,Account-9365,Player-DDA6,0,0,,0,0
20260930-233450,279.2,Spear,Account-83FE,Player-BCA0,0,0,,0,0
20260930-233450,279.2,Spear,Account-5C40,Player-F494,0,0,,0,0
20260930-233450,279.2,Spear,Account-9FFE,Player-74C1,0,0,,0,0
20260930-233450,279.2,Spear,Account-E596,Player-1B8E,0,0,,0,0
20260930-233450,279.2,Spear,Account-8C31,Player-FBAD,0,0,,0,0
20260930-233450,279.2,Spear,Account-F4C4,Player-89AD,0,0,,0,0
20260930-233450,279.2,Spear,Account-9754,Player-DE24,0,0,,0,0
20260930-233450,279.2,Spear,Account-16AE,Player-1BA4,0,0,,0,0
20260930-233450,279.2,Spear,Account-1150,Player-470E,0,0,,0,0
20260930-234618,163.2,Spear,Account-9365,Player-DDA6,0,0,,0,0
20260930-234618,163.2,Spear,Account-83FE,Player-BCA0,0,0,,0,0
20260930-234618,163.2,Spear,Account-5C40,Player-F494,0,0,,0,0
20260930-234618,163.2,Spear,Account-9FFE,Player-74C1,0,0,,0,0
20260930-234618,163.2,Spear,Account-E596,Player-1B8E,0,0,,0,0
20260930-234618,163.2,Spear,Account-8C31,Player-FBAD,0,0,,0,0
20260930-234618,163.2,Spear,Account-F4C4,Player-89AD,0,0,,0,0
20260930-234618,163.2,Spear,Account-9754,Player-DE24,0,0,,0,0
20260930-234618,163.2,Spear,Account-16AE,Player-1BA4,0,0,,0,0
20260930-234618,163.2,Spear,Account-1150,Player-470E,0,0,,0,0
20260930-234618,199.4,Spear,Account-9365,Player-DDA6,0,0,,0,0
20260930-234618,199.4,Spear,Account-83FE,Player-BCA0,0,0,,0,0
20260930-234618,199.4,Spear,Account-5C40,Player-F494,0,0,,0,0
20260930-234618,199.4,Spear,Account-9FFE,Player-74C1,0,0,,0,0
20260930-234618,199.4,Spear,Account-E596,Player-1B8E,0,0,,0,0
20260930-234618,199.4,Spear,Account-8C31,Player-FBAD,0,0,,0,0
20260930-234618,199.4,Spear,Account-F4C4,Player-89AD,0,0,,0,0
20260930-234618,199.4,Spear,Account-9754,Player-DE24,0,0,,0,0
20260930-234618,199.4,Spear,Account-16AE,Player-1BA4,0,0,,0,0
20260930-234618,199.4,Spear,Account-1150,Player-470E,0,0,,0,0
20260930-234618,236.8,Spear,Account-9365,Player-DDA6,0,0,,0,0
20260930-234618,236.8,Spear,Account-83FE,Player-BCA0,0,0,,0,0
20260930-234618,236.8,Spear,Account-5C40,Player-F494,0,0,,0,0
20260930-234618,236.8,Spear,Account-9FFE,Player-74C1,0,0,,0,0
20260930-234618,236.8,Spear,Account-E596,Player-1B8E,0,0,,0,0
20260930-234618,236.8,Spear,Account-8C31,Player-FBAD,0,0,,0,0
20260930-234618,236.8,Spear,Account-F4C4,Player-89AD,0,0,,0,0
20260930-234618,236.8,Spear,Account-9754,Player-DE24,0,0,,0,0
20260930-234618,236.8,Spear,Account-16AE,Player-1BA4,0,0,,0,0
20260930-234618,236.8,Spear,Account-1150,Player-470E,0,0,,0,0
20261001-195456,169.0,Spear,Account-9365,Player-DDA6,0,0,,0,0
20261001-195456,169.0,Spear,Account-CD88,Player-C2E3,0,0,,0,0
20261001-195456,169.0,Spear,Account-83FE,Player-BCA0,0,0,,0,0
20261001-195456,169.0,Spear,Account-9FFE,Player-74C1,0,0,,0,0
20261001-195456,169.0,Spear,Account-E596,Player-1B8E,0,0,,0,0
20261001-195456,169.0,Spear,Account-F4C4,Player-89AD,0,0,,0,0
20261001-195456,169.0,Spear,Account-5C40,Player-F494,0,0,,0,0
20261001-195456,169.0,Spear,Account-16AE,Player-1BA4,0,0,,0,0
20261001-195456,169.0,Spear,Account-8C31,Player-FBAD,0,0,,0,0
20261001-195456,169.0,Spear,Account-9754,Player-DE24,0,0,,0,0
20261001-195456,205.6,Spear,Account-9365,Player-DDA6,0,0,,0,0
20261001-195456,205.6,Spear,Account-CD88,Player-C2E3,0,0,,0,0
20261001-195456,205.6,Spear,Account-83FE,Player-BCA0,0,0,,0,0
20261001-195456,205.6,Spear,Account-9FFE,Player-74C1,0,0,,0,0
20261001-195456,205.6,Spear,Account-E596,Player-1B8E,0,0,,0,0
20261001-195456,205.6,Spear,Account-F4C4,Player-89AD,0,0,,0,0
20261001-195456,205.6,Spear,Account-5C40,Player-F494,0,0,,0,0
20261001-195456,205.6,Spear,Account-16AE,Player-1BA4,0,0,,0,0
20261001-195456,205.6,Spear,Account-8C31,Player-FBAD,0,0,,0,0
20261001-195456,205.6,Spear,Account-9754,Player-DE24,0,0,,0,0
20261001-195456,242.9,Spear,Account-9365,Player-DDA6,0,0,,0,0
20261001-195456,242.9,Spear,Account-CD88,Player-C2E3,0,0,,0,0
20261001-195456,242.9,Spear,Account-83FE,Player-BCA0,0,0,,0,0
20261001-195456,242.9,Spear,Account-9FFE,Player-74C1,0,0,,0,0
20261001-195456,242.9,Spear,Account-E596,Player-1B8E,0,0,,0,0
20261001-195456,242.9,Spear,Account-F4C4,Player-89AD,0,0,,0,0
20261001-195456,242.9,Spear,Account-5C40,Player-F494,0,0,,0,0
20261001-195456,242.9,Spear,Account-16AE,Player-1BA4,0,0,,0,0
20261001-195456,242.9,Spear,Account-8C31,Player-FBAD,0,0,,0,0
20261001-195456,242.9,Spear,Account-9754,Player-DE24,0,0,,0,0
20261001-200035,174.8,Spear,Account-9365,Player-DDA6,0,0,,0,0
20261001-200035,174.8,Spear,Account-CD88,Player-C2E3,0,0,,0,0
20261001-200035,174.8,Spear,Account-83FE,Player-BCA0,0,0,,0,0
20261001-200035,174.8,Spear,Account-9FFE,Player-74C1,0,0,,0,0
20261001-200035,174.8,Spear,Account-E596,Player-1B8E,0,0,,0,0
20261001-200035,174.8,Spear,Account-F4C4,Player-89AD,0,0,,0,0
20261001-200035,174.8,Spear,Account-5C40,Player-F494,0,0,,0,0
20261001-200035,174.8,Spear,Account-16AE,Player-1BA4,0,0,,0,0
20261001-200035,174.8,Spear,Account-8C31,Player-FBAD,0,0,,0,0
20261001-200035,174.8,Spear,Account-9754,Player-DE24,0,0,,0,0
20261001-200035,211.8,Spear,Account-9365,Player-DDA6,0,0,,0,0
20261001-200035,211.8,Spear,Account-83FE,Player-BCA0,0,0,,0,0
20261001-200035,211.8,Spear,Account-9FFE,Player-74C1,0,0,,0,0
20261001-200035,211.8,Spear,Account-E596,Player-1B8E,0,0,,0,0
20261001-200035,211.8,Spear,Account-F4C4,Player-89AD,0,0,,0,0
20261001-200035,211.8,Spear,Account-5C40,Player-F494,0,0,,0,0
20261001-200035,211.8,Spear,Account-16AE,Player-1BA4,0,0,,0,0
20261001-200035,211.8,Spear,Account-8C31,Player-FBAD,0,0,,0,0
20261001-200035,211.8,Spear,Account-9754,Player-DE24,0,0,,0,0
20261001-200035,248.1,Spear,Account-9365,Player-DDA6,0,0,,0,0
20261001-200035,248.1,Spear,Account-CD88,Player-C2E3,0,0,,0,0
20261001-200035,248.1,Spear,Account-83FE,Player-BCA0,0,0,,0,0
20261001-200035,248.1,Spear,Account-9FFE,Player-74C1,0,0,,0,0
20261001-200035,248.1,Spear,Account-E596,Player-1B8E,0,0,,0,0
20261001-200035,248.1,Spear,Account-F4C4,Player-89AD,0,0,,0,0
20261001-200035,248.1,Spear,Account-5C40,Player-F494,0,0,,0,0
20261001-200035,248.1,Spear,Account-16AE,Player-1BA4,0,0,,0,0
20261001-200035,248.1,Spear,Account-8C31,Player-FBAD,0,0,,0,0
20261001-200035,248.1,Spear,Account-9754,Player-DE24,0,0,,0,0
20261001-201030,167.6,Spear,Account-9365,Player-DDA6,0,0,,0,0
20261001-201030,167.6,Spear,Account-CD88,Player-C2E3,0,0,,0,0
20261001-201030,167.6,Spear,Account-83FE,Player-BCA0,0,0,,0,0
20261001-201030,167.6,Spear,Account-9FFE,Player-74C1,0,0,,0,0
20261001-201030,167.6,Spear,Account-E596,Player-1B8E,0,0,,0,0
20261001-201030,167.6,Spear,Account-F4C4,Player-89AD,0,0,,0,0
20261001-201030,167.6,Spear,Account-5C40,Player-F494,0,0,,0,0
20261001-201030,167.6,Spear,Account-16AE,Player-1BA4,0,0,,0,0
20261001-201030,167.6,Spear,Account-8C31,Player-FBAD,0,0,,0,0
20261001-201030,167.6,Spear,Account-9754,Player-DE24,0,0,,0,0
20261001-201030,204.1,Spear,Account-9365,Player-DDA6,0,0,,0,0
20261001-201030,204.1,Spear,Account-CD88,Player-C2E3,0,0,,0,0
20261001-201030,204.1,Spear,Account-83FE,Player-BCA0,0,0,,0,0
20261001-201030,204.1,Spear,Account-9FFE,Player-74C1,0,0,,0,0
20261001-201030,204.1,Spear,Account-E596,Player-1B8E,0,0,,0,0
20261001-201030,204.1,Spear,Account-F4C4,Player-89AD,0,0,,0,0
20261001-201030,204.1,Spear,Account-5C40,Player-F494,0,0,,0,0
20261001-201030,204.1,Spear,Account-16AE,Player-1BA4,0,0,,0,0
20261001-201030,204.1,Spear,Account-8C31,Player-FBAD,0,0,,0,0
20261001-201030,204.1,Spear,Account-9754,Player-DE24,0,0,,0,0
20261001-201030,240.5,Spear,Account-9365,Player-DDA6,0,0,,0,0
20261001-201030,240.5,Spear,Account-CD88,Player-C2E3,0,0,,0,0
20261001-201030,240.5,Spear,Account-83FE,Player-BCA0,0,0,,0,0
20261001-201030,240.5,Spear,Account-9FFE,Player-74C1,0,0,,0,0
20261001-201030,240.5,Spear,Account-E596,Player-1B8E,0,0,,0,0
20261001-201030,240.5,Spear,Account-F4C4,Player-89AD,0,0,,0,0
20261001-201030,240.5,Spear,Account-5C40,Player-F494,0,0,,0,0
20261001-201030,240.5,Spear,Account-16AE,Player-1BA4,0,0,,0,0
20261001-201030,240.5,Spear,Account-8C31,Player-FBAD,0,0,,0,0
20261001-201030,240.5,Spear,Account-9754,Player-DE24,0,0,,0,0
20261001-202431,160.7,Spear,Account-9365,Player-DDA6,0,0,,0,0
20261001-202431,160.7,Spear,Account-CD88,Player-C2E3,0,0,,0,0
20261001-202431,160.7,Spear,Account-83FE,Player-BCA0,0,0,,0,0
20261001-202431,160.7,Spear,Account-9FFE,Player-74C1,0,0,,0,0
20261001-202431,160.7,Spear,Account-E596,Player-1B8E,0,0,,0,0
20261001-202431,160.7,Spear,Account-F4C4,Player-89AD,0,0,,0,0
20261001-202431,160.7,Spear,Account-5C40,Player-F494,0,0,,0,0
20261001-202431,160.7,Spear,Account-16AE,Player-1BA4,0,0,,0,0
20261001-202431,160.7,Spear,Account-8C31,Player-FBAD,0,0,,0,0
20261001-202431,160.7,Spear,Account-9754,Player-DE24,0,0,,0,0
20261001-202431,196.8,Spear,Account-9365,Player-DDA6,0,0,,0,0
20261001-202431,196.8,Spear,Account-CD88,Player-C2E3,0,0,,0,0
20261001-202431,196.8,Spear,Account-83FE,Player-BCA0,0,0,,0,0
20261001-202431,196.8,Spear,Account-9FFE,Player-74C1,0,0,,0,0
20261001-202431,196.8,Spear,Account-E596,Player-1B8E,0,0,,0,0
20261001-202431,196.8,Spear,Account-F4C4,Player-89AD,0,0,,0,0
20261001-202431,196.8,Spear,Account-5C40,Player-F494,0,0,,0,0
20261001-202431,196.8,Spear,Account-16AE,Player-1BA4,0,0,,0,0
20261001-202431,196.8,Spear,Account-8C31,Player-FBAD,0,0,,0,0
20261001-202431,196.8,Spear,Account-9754,Player-DE24,0,0,,0,0
20261001-202431,232.9,Spear,Account-9365,Player-DDA6,0,0,,0,0
20261001-202431,232.9,Spear,Account-CD88,Player-C2E3,0,0,,0,0
20261001-202431,232.9,Spear,Account-83FE,Player-BCA0,0,0,,0,0
20261001-202431,232.9,Spear,Account-9FFE,Player-74C1,0,0,,0,0
20261001-202431,232.9,Spear,Account-E596,Player-1B8E,0,0,,0,0
20261001-202431,232.9,Spear,Account-F4C4,Player-89AD,0,0,,0,0
20261001-202431,232.9,Spear,Account-5C40,Player-F494,0,0,,0,0
20261001-202431,232.9,Spear,Account-16AE,Player-1BA4,0,0,,0,0
20261001-202431,232.9,Spear,Account-8C31,Player-FBAD,0,0,,0,0
20261001-202431,232.9,Spear,Account-9754,Player-DE24,1,53968,0 9,110,0
20261001-202923,171.3,Spear,Account-9365,Player-DDA6,0,0,,0,0
20261001-202923,171.3,Spear,Account-CD88,Player-C2E3,0,0,,0,0
20261001-202923,171.3,Spear,Account-83FE,Player-BCA0,0,0,,0,0
20261001-202923,171.3,Spear,Account-9FFE,Player-74C1,0,0,,0,0
20261001-202923,171.3,Spear,Account-E596,Player-1B8E,0,0,,0,0
20261001-202923,171.3,Spear,Account-F4C4,Player-89AD,0,0,,0,0
20261001-202923,171.3,Spear,Account-5C40,Player-F494,0,0,,0,0
20261001-202923,171.3,Spear,Account-16AE,Player-1BA4,0,0,,0,0
20261001-202923,171.3,Spear,Account-8C31,Player-FBAD,0,0,,0,0
20261001-202923,171.3,Spear,Account-9754,Player-DE24,0,0,,0,0
20261001-202923,207.4,Spear,Account-9365,Player-DDA6,0,0,,0,0
20261001-202923,207.4,Spear,Account-CD88,Player-C2E3,0,0,,0,0
20261001-202923,207.4,Spear,Account-83FE,Player-BCA0,0,0,,0,0
20261001-202923,207.4,Spear,Account-9FFE,Player-74C1,0,0,,0,0
20261001-202923,207.4,Spear,Account-E596,Player-1B8E,0,0,,0,0
20261001-202923,207.4,Spear,Account-F4C4,Player-89AD,0,0,,0,0
20261001-202923,207.4,Spear,Account-5C40,Player-F494,0,0,,0,0
20261001-202923,207.4,Spear,Account-16AE,Player-1BA4,0,0,,0,0
20261001-202923,207.4,Spear,Account-8C31,Player-FBAD,0,0,,0,0
20261001-202923,207.4,Spear,Account-9754,Player-DE24,0,0,,0,0
20261001-202923,244.2,Spear,Account-9365,Player-DDA6,0,0,,0,0
20261001-202923,244.2,Spear,Account-CD88,Player-C2E3,0,0,,0,0
20261001-202923,244.2,Spear,Account-83FE,Player-BCA0,0,0,,0,0
20261001-202923,244.2,Spear,Account-9FFE,Player-74C1,1,115259,9 0 8,32,0
20261001-202923,244.2,Spear,Account-E596,Player-1B8E,0,0,,0,0
20261001-202923,244.2,Spear,Account-F4C4,Player-89AD,0,0,,0,0
20261001-202923,244.2,Spear,Account-5C40,Player-F494,0,0,,0,0
20261001-202923,244.2,Spear,Account-16AE,Player-1BA4,0,0,,0,0
20261001-202923,244.2,Spear,Account-8C31,Player-FBAD,0,0,,0,0
20261001-202923,244.2,Spear,Account-9754,Player-DE24,0,0,,0,0
20261001-203309,163.6,Spear,Account-9365,Player-DDA6,0,0,,0,0
20261001-203309,163.6,Spear,Account-CD88,Player-C2E3,0,0,,0,0
20261001-203309,163.6,Spear,Account-83FE,Player-BCA0,0,0,,0,0
20261001-203309,163.6,Spear,Account-9FFE,Player-74C1,0,0,,0,0
20261001-203309,163.6,Spear,Account-E596,Player-1B8E,0,0,,0,0
20261001-203309,163.6,Spear,Account-F4C4,Player-89AD,0,0,,0,0
20261001-203309,163.6,Spear,Account-5C40,Player-F494,0,0,,0,0
20261001-203309,163.6,Spear,Account-16AE,Player-1BA4,0,0,,0,0
20261001-203309,163.6,Spear,Account-8C31,Player-FBAD,0,0,,0,0
20261001-203309,163.6,Spear,Account-9754,Player-DE24,0,0,,0,0
20261001-203309,200.5,Spear,Account-9365,Player-DDA6,0,0,,0,0
20261001-203309,200.5,Spear,Account-CD88,Player-C2E3,0,0,,0,0
20261001-203309,200.5,Spear,Account-83FE,Player-BCA0,0,0,,0,0
20261001-203309,200.5,Spear,Account-9FFE,Player-74C1,0,0,,0,0
20261001-203309,200.5,Spear,Account-E596,Player-1B8E,1,81775,9 0 8,165,1
20261001-203309,200.5,Spear,Account-F4C4,Player-89AD,0,0,,0,0
20261001-203309,200.5,Spear,Account-5C40,Player-F494,0,0,,0,0
20261001-203309,200.5,Spear,Account-16AE,Player-1BA4,0,0,,0,0
20261001-203309,200.5,Spear,Account-8C31,Player-FBAD,0,0,,0,0
20261001-203309,200.5,Spear,Account-9754,Player-DE24,0,0,,0,0
20261001-203917,168.6,Spear,Account-9365,Player-DDA6,0,0,,0,0
20261001-203917,168.6,Spear,Account-CD88,Player-C2E3,0,0,,0,0
20261001-203917,168.6,Spear,Account-83FE,Player-BCA0,0,0,,0,0
20261001-203917,168.6,Spear,Account-9FFE,Player-74C1,0,0,,0,0
20261001-203917,168.6,Spear,Account-E596,Player-1B8E,0,0,,0,0
20261001-203917,168.6,Spear,Account-F4C4,Player-89AD,0,0,,0,0
20261001-203917,168.6,Spear,Account-5C40,Player-F494,0,0,,0,0
20261001-203917,168.6,Spear,Account-16AE,Player-1BA4,0,0,,0,0
20261001-203917,168.6,Spear,Account-8C31,Player-FBAD,0,0,,0,0
20261001-203917,168.6,Spear,Account-9754,Player-DE24,0,0,,0,0
20261001-203917,204.7,Spear,Account-9365,Player-DDA6,0,0,,0,0
20261001-203917,204.7,Spear,Account-CD88,Player-C2E3,0,0,,0,0
20261001-203917,204.7,Spear,Account-83FE,Player-BCA0,0,0,,0,0
20261001-203917,204.7,Spear,Account-9FFE,Player-74C1,0,0,,0,0
20261001-203917,204.7,Spear,Account-E596,Player-1B8E,0,0,,0,0
20261001-203917,204.7,Spear,Account-F4C4,Player-89AD,0,0,,0,0
20261001-203917,204.7,Spear,Account-5C40,Player-F494,0,0,,0,0
20261001-203917,204.7,Spear,Account-16AE,Player-1BA4,0,0,,0,0
20261001-203917,204.7,Spear,Account-8C31,Player-FBAD,0,0,,0,0
20261001-203917,204.7,Spear,Account-9754,Player-DE24,0,0,,0,0
20261001-203917,240.8,Spear,Account-9365,Player-DDA6,0,0,,0,0
20261001-203917,240.8,Spear,Account-CD88,Player-C2E3,0,0,,0,0
20261001-203917,240.8,Spear,Account-83FE,Player-BCA0,0,0,,0,0
20261001-203917,240.8,Spear,Account-9FFE,Player-74C1,0,0,,0,0
20261001-203917,240.8,Spear,Account-E596,Player-1B8E,0,0,,0,0
20261001-203917,240.8,Spear,Account-F4C4,Player-89AD,0,0,,0,0
20261001-203917,240.8,Spear,Account-5C40,Player-F494,0,0,,0,0
20261001-203917,240.8,Spear,Account-16AE,Player-1BA4,0,0,,0,0
20261001-203917,240.8,Spear,Account-8C31,Player-FBAD,0,0,,0,0
20261001-203917,240.8,Spear,Account-9754,Player-DE24,0,0,,0,0
20261001-204237,173.4,Spear,Account-CD88,Player-C2E3,0,0,,0,0
20261001-204237,173.4,Spear,Account-83FE,Player-BCA0,0,0,,0,0
20261001-204237,173.4,Spear,Account-9FFE,Player-74C1,0,0,,0,0
20261001-204237,173.4,Spear,Account-F4C4,Player-89AD,0,0,,0,0
20261001-204237,173.4,Spear,Account-5C40,Player-F494,0,0,,0,0
20261001-205127,175.1,Spear,Account-9365,Player-DDA6,0,0,,0,0
20261001-205127,175.1,Spear,Account-CD88,Player-C2E3,0,0,,0,0
20261001-205127,175.1,Spear,Account-83FE,Player-BCA0,0,0,,0,0
20261001-205127,175.1,Spear,Account-9FFE,Player-74C1,0,0,,0,0
20261001-205127,175.1,Spear,Account-E596,Player-1B8E,0,0,,0,0
20261001-205127,175.1,Spear,Account-F4C4,Player-89AD,0,0,,0,0
20261001-205127,175.1,Spear,Account-5C40,Player-F494,0,0,,0,0
20261001-205127,175.1,Spear,Account-16AE,Player-1BA4,0,0,,0,0
20261001-205127,175.1,Spear,Account-8C31,Player-FBAD,0,0,,0,0
20261001-205127,175.1,Spear,Account-9754,Player-DE24,0,0,,0,0
20261001-205127,211.6,Spear,Account-9365,Player-DDA6,1,139618,9 0 8,14,0
20261001-205127,211.6,Spear,Account-CD88,Player-C2E3,1,92135,9 0 8,152,1
20261001-205127,211.6,Spear,Account-83FE,Player-BCA0,0,0,,0,0
20261001-205127,211.6,Spear,Account-9FFE,Player-74C1,0,0,,0,0
20261001-205127,211.6,Spear,Account-F4C4,Player-89AD,0,0,,0,0
20261001-205127,211.6,Spear,Account-5C40,Player-F494,0,0,,0,0
20261001-205127,211.6,Spear,Account-16AE,Player-1BA4,0,0,,0,0
20261001-205127,211.6,Spear,Account-8C31,Player-FBAD,0,0,,0,0
20261001-205127,211.6,Spear,Account-9754,Player-DE24,0,0,,0,0
20261001-210120,162.6,Spear,Account-9365,Player-DDA6,0,0,,0,0
20261001-210120,162.6,Spear,Account-CD88,Player-C2E3,0,0,,0,0
20261001-210120,162.6,Spear,Account-83FE,Player-BCA0,0,0,,0,0
20261001-210120,162.6,Spear,Account-9FFE,Player-74C1,0,0,,0,0
20261001-210120,162.6,Spear,Account-E596,Player-1B8E,0,0,,0,0
20261001-210120,162.6,Spear,Account-F4C4,Player-89AD,0,0,,0,0
20261001-210120,162.6,Spear,Account-5C40,Player-F494,0,0,,0,0
20261001-210120,162.6,Spear,Account-16AE,Player-1BA4,0,0,,0,0
20261001-210120,162.6,Spear,Account-8C31,Player-FBAD,0,0,,0,0
20261001-210120,162.6,Spear,Account-9754,Player-DE24,0,0,,0,0
20261001-210120,198.8,Spear,Account-9365,Player-DDA6,0,0,,0,0
20261001-210120,198.8,Spear,Account-CD88,Player-C2E3,0,0,,0,0
20261001-210120,198.8,Spear,Account-83FE,Player-BCA0,0,0,,0,0
20261001-210120,198.8,Spear,Account-9FFE,Player-74C1,0,0,,0,0
20261001-210120,198.8,Spear,Account-E596,Player-1B8E,0,0,,0,0
20261001-210120,198.8,Spear,Account-F4C4,Player-89AD,0,0,,0,0
20261001-210120,198.8,Spear,Account-5C40,Player-F494,0,0,,0,0
20261001-210120,198.8,Spear,Account-16AE,Player-1BA4,0,0,,0,0
20261001-210120,198.8,Spear,Account-8C31,Player-FBAD,0,0,,0,0
20261001-210120,198.8,Spear,Account-9754,Player-DE24,0,0,,0,0
20261001-210120,235.1,Spear,Account-9365,Player-DDA6,0,0,,0,0
20261001-210120,235.1,Spear,Account-CD88,Player-C2E3,0,0,,0,0
20261001-210120,235.1,Spear,Account-83FE,Player-BCA0,0,0,,0,0
20261001-210120,235.1,Spear,Account-9FFE,Player-74C1,0,0,,0,0
20261001-210120,235.1,Spear,Account-E596,Player-1B8E,0,0,,0,0
20261001-210120,235.1,Spear,Account-F4C4,Player-89AD,0,0,,0,0
20261001-210120,235.1,Spear,Account-5C40,Player-F494,0,0,,0,0
20261001-210120,235.1,Spear,Account-16AE,Player-1BA4,0,0,,0,0
20261001-210120,235.1,Spear,Account-8C31,Player-FBAD,0,0,,0,0
20261001-210120,235.1,Spear,Account-9754,Player-DE24,0,0,,0,0
20261001-211048,159.0,Spear,Account-9365,Player-DDA6,0,0,,0,0
20261001-211048,159.0,Spear,Account-CD88,Player-C2E3,0,0,,0,0
20261001-211048,159.0,Spear,Account-83FE,Player-BCA0,0,0,,0,0
20261001-211048,159.0,Spear,Account-9FFE,Player-74C1,0,0,,0,0
20261001-211048,159.0,Spear,Account-E596,Player-1B8E,0,0,,0,0
20261001-211048,159.0,Spear,Account-F4C4,Player-89AD,0,0,,0,0
20261001-211048,159.0,Spear,Account-5C40,Player-F494,0,0,,0,0
20261001-211048,159.0,Spear,Account-16AE,Player-1BA4,0,0,,0,0
20261001-211048,159.0,Spear,Account-8C31,Player-FBAD,0,0,,0,0
20261001-211048,159.0,Spear,Account-9754,Player-DE24,0,0,,0,0
20261001-211048,210.3,Spear,Account-9365,Player-DDA6,0,0,,0,0
20261001-211048,210.3,Spear,Account-CD88,Player-C2E3,0,0,,0,0
20261001-211048,210.3,Spear,Account-83FE,Player-BCA0,0,0,,0,0
20261001-211048,210.3,Spear,Account-9FFE,Player-74C1,0,0,,0,0
20261001-211048,210.3,Spear,Account-E596,Player-1B8E,1,2361,0,51,0
20261001-211048,210.3,Spear,Account-F4C4,Player-89AD,0,0,,0,0
20261001-211048,210.3,Spear,Account-5C40,Player-F494,0,0,,0,0
20261001-211048,210.3,Spear,Account-16AE,Player-1BA4,0,0,,0,0
20261001-211048,210.3,Spear,Account-8C31,Player-FBAD,0,0,,0,0
20261001-211048,210.3,Spear,Account-9754,Player-DE24,0,0,,0,0
20261001-211048,256.0,Spear,Account-9365,Player-DDA6,1,0,4,223,1
20261001-211048,256.0,Spear,Account-CD88,Player-C2E3,0,0,,0,0
20261001-211048,256.0,Spear,Account-83FE,Player-BCA0,0,0,,0,0
20261001-211048,256.0,Spear,Account-9FFE,Player-74C1,0,0,,0,0
20261001-211048,256.0,Spear,Account-E596,Player-1B8E,0,0,,0,0
20261001-211048,256.0,Spear,Account-F4C4,Player-89AD,0,0,,0,0
20261001-211048,256.0,Spear,Account-5C40,Player-F494,0,0,,0,0
20261001-211048,256.0,Spear,Account-16AE,Player-1BA4,0,0,,0,0
20261001-211048,256.0,Spear,Account-8C31,Player-FBAD,0,0,,0,0
20261001-211048,256.0,Spear,Account-9754,Player-DE24,0,0,,0,0
20261001-212705,165.5,Spear,Account-CD88,Player-C2E3,0,0,,0,0
20261001-212705,165.5,Spear,Account-E596,Player-1B8E,0,0,,0,0
20261001-212705,165.5,Spear,Account-83FE,Player-BCA0,0,0,,0,0
20261001-212705,165.5,Spear,Account-F4C4,Player-89AD,0,0,,0,0
20261001-212705,165.5,Spear,Account-5C40,Player-F494,0,0,,0,0
20261001-212705,165.5,Spear,Account-16AE,Player-1BA4,0,0,,0,0
20261001-212705,165.5,Spear,Account-8C31,Player-FBAD,0,0,,0,0
20261001-212705,165.5,Spear,Account-9754,Player-DE24,0,0,,0,0
20261001-212705,165.5,Spear,Account-9FFE,Player-74C1,0,0,,0,0
20261001-213007,158.0,Spear,Account-CD88,Player-C2E3,0,0,,0,0
20261001-213007,158.0,Spear,Account-F4C4,Player-89AD,0,0,,0,0
20261001-213007,158.0,Spear,Account-9FFE,Player-74C1,0,0,,0,0
20261001-213946,164.7,Spear,Account-9365,Player-DDA6,0,0,,0,0
20261001-213946,164.7,Spear,Account-CD88,Player-C2E3,0,0,,0,0
20261001-213946,164.7,Spear,Account-E596,Player-1B8E,0,0,,0,0
20261001-213946,164.7,Spear,Account-83FE,Player-BCA0,0,0,,0,0
20261001-213946,164.7,Spear,Account-F4C4,Player-89AD,0,0,,0,0
20261001-213946,164.7,Spear,Account-5C40,Player-F494,0,0,,0,0
20261001-213946,164.7,Spear,Account-16AE,Player-1BA4,0,0,,0,0
20261001-213946,164.7,Spear,Account-8C31,Player-FBAD,0,0,,0,0
20261001-213946,164.7,Spear,Account-9754,Player-DE24,0,0,,0,0
20261001-213946,164.7,Spear,Account-9FFE,Player-74C1,0,0,,0,0
20261001-213946,201.0,Spear,Account-9365,Player-DDA6,0,0,,0,0
20261001-213946,201.0,Spear,Account-CD88,Player-C2E3,0,0,,0,0
20261001-213946,201.0,Spear,Account-E596,Player-1B8E,0,0,,0,0
20261001-213946,201.0,Spear,Account-83FE,Player-BCA0,0,0,,0,0
20261001-213946,201.0,Spear,Account-F4C4,Player-89AD,0,0,,0,0
20261001-213946,201.0,Spear,Account-5C40,Player-F494,0,0,,0,0
20261001-213946,201.0,Spear,Account-16AE,Player-1BA4,0,0,,0,0
20261001-213946,201.0,Spear,Account-8C31,Player-FBAD,0,0,,0,0
20261001-213946,201.0,Spear,Account-9754,Player-DE24,0,0,,0,0
20261001-213946,201.0,Spear,Account-9FFE,Player-74C1,0,0,,0,0
20261001-213946,237.5,Spear,Account-9365,Player-DDA6,0,0,,0,0
20261001-213946,237.5,Spear,Account-CD88,Player-C2E3,0,0,,0,0
20261001-213946,237.5,Spear,Account-E596,Player-1B8E,0,0,,0,0
20261001-213946,237.5,Spear,Account-83FE,Player-BCA0,0,0,,0,0
20261001-213946,237.5,Spear,Account-F4C4,Player-89AD,0,0,,0,0
20261001-213946,237.5,Spear,Account-5C40,Player-F494,0,0,,0,0
20261001-213946,237.5,Spear,Account-16AE,Player-1BA4,0,0,,0,0
20261001-213946,237.5,Spear,Account-8C31,Player-FBAD,0,0,,0,0
20261001-213946,237.5,Spear,Account-9754,Player-DE24,0,0,,0,0
20261001-213946,237.5,Spear,Account-9FFE,Player-74C1,0,0,,0,0
20261001-220542,164.2,Spear,Account-9365,Player-DDA6,0,0,,0,0
20261001-220542,164.2,Spear,Account-8C31,Player-FBAD,0,0,,0,0
20261001-220542,164.2,Spear,Account-9FFE,Player-74C1,0,0,,0,0
20261001-220542,164.2,Spear,Account-E596,Player-1B8E,0,0,,0,0
20261001-220542,164.2,Spear,Account-F4C4,Player-89AD,0,0,,0,0
20261001-220542,164.2,Spear,Account-9754,Player-DE24,0,0,,0,0
20261001-220542,164.2,Spear,Account-AD4B,Player-8FDE,0,0,,0,0
20261001-220542,164.2,Spear,Account-5C40,Player-F494,0,0,,0,0
20261001-220542,164.2,Spear,Account-83FE,Player-BCA0,0,0,,0,0
20261001-220542,164.2,Spear,Account-16AE,Player-1BA4,0,0,,0,0
20261001-220542,200.8,Spear,Account-9365,Player-DDA6,0,0,,0,0
20261001-220542,200.8,Spear,Account-8C31,Player-FBAD,0,0,,0,0
20261001-220542,200.8,Spear,Account-9FFE,Player-74C1,0,0,,0,0
20261001-220542,200.8,Spear,Account-E596,Player-1B8E,0,0,,0,0
20261001-220542,200.8,Spear,Account-F4C4,Player-89AD,0,0,,0,0
20261001-220542,200.8,Spear,Account-9754,Player-DE24,0,0,,0,0
20261001-220542,200.8,Spear,Account-AD4B,Player-8FDE,0,0,,0,0
20261001-220542,200.8,Spear,Account-5C40,Player-F494,0,0,,0,0
20261001-220542,200.8,Spear,Account-83FE,Player-BCA0,0,0,,0,0
20261001-220542,200.8,Spear,Account-16AE,Player-1BA4,0,0,,0,0
20261001-220938,160.3,Spear,Account-9365,Player-DDA6,0,0,,0,0
20261001-220938,160.3,Spear,Account-8C31,Player-FBAD,0,0,,0,0
20261001-220938,160.3,Spear,Account-9FFE,Player-74C1,0,0,,0,0
20261001-220938,160.3,Spear,Account-E596,Player-1B8E,0,0,,0,0
20261001-220938,160.3,Spear,Account-F4C4,Player-89AD,0,0,,0,0
20261001-220938,160.3,Spear,Account-9754,Player-DE24,0,0,,0,0
20261001-220938,160.3,Spear,Account-AD4B,Player-8FDE,0,0,,0,0
20261001-220938,160.3,Spear,Account-5C40,Player-F494,0,0,,0,0
20261001-220938,160.3,Spear,Account-83FE,Player-BCA0,0,0,,0,0
20261001-220938,160.3,Spear,Account-16AE,Player-1BA4,0,0,,0,0
20261001-221556,160.1,Spear,Account-9365,Player-DDA6,0,0,,0,0
20261001-221556,160.1,Spear,Account-8C31,Player-FBAD,0,0,,0,0
20261001-221556,160.1,Spear,Account-9FFE,Player-74C1,0,0,,0,0
20261001-221556,160.1,Spear,Account-E596,Player-1B8E,0,0,,0,0
20261001-221556,160.1,Spear,Account-F4C4,Player-89AD,0,0,,0,0
20261001-221556,160.1,Spear,Account-9754,Player-DE24,0,0,,0,0
20261001-221556,160.1,Spear,Account-AD4B,Player-8FDE,0,0,,0,0
20261001-221556,160.1,Spear,Account-5C40,Player-F494,0,0,,0,0
20261001-221556,160.1,Spear,Account-83FE,Player-BCA0,0,0,,0,0
20261001-221556,160.1,Spear,Account-16AE,Player-1BA4,0,0,,0,0
20261001-221556,196.8,Spear,Account-9365,Player-DDA6,0,0,,0,0
20261001-221556,196.8,Spear,Account-8C31,Player-FBAD,0,0,,0,0
20261001-221556,196.8,Spear,Account-9FFE,Player-74C1,0,0,,0,0
20261001-221556,196.8,Spear,Account-E596,Player-1B8E,0,0,,0,0
20261001-221556,196.8,Spear,Account-F4C4,Player-89AD,0,0,,0,0
20261001-221556,196.8,Spear,Account-9754,Player-DE24,0,0,,0,0
20261001-221556,196.8,Spear,Account-AD4B,Player-8FDE,0,0,,0,0
20261001-221556,196.8,Spear,Account-5C40,Player-F494,0,0,,0,0
20261001-221556,196.8,Spear,Account-83FE,Player-BCA0,0,0,,0,0
20261001-221556,196.8,Spear,Account-16AE,Player-1BA4,0,0,,0,0
20261001-221556,233.1,Spear,Account-9365,Player-DDA6,0,0,,0,0
20261001-221556,233.1,Spear,Account-8C31,Player-FBAD,0,0,,0,0
20261001-221556,233.1,Spear,Account-9FFE,Player-74C1,0,0,,0,0
20261001-221556,233.1,Spear,Account-E596,Player-1B8E,0,0,,0,0
20261001-221556,233.1,Spear,Account-F4C4,Player-89AD,0,0,,0,0
20261001-221556,233.1,Spear,Account-9754,Player-DE24,0,0,,0,0
20261001-221556,233.1,Spear,Account-AD4B,Player-8FDE,0,0,,0,0
20261001-221556,233.1,Spear,Account-5C40,Player-F494,0,0,,0,0
20261001-221556,233.1,Spear,Account-83FE,Player-BCA0,0,0,,0,0
20261001-221556,233.1,Spear,Account-16AE,Player-1BA4,0,0,,0,0
20261001-222029,162.9,Spear,Account-9365,Player-DDA6,0,0,,0,0
20261001-222029,162.9,Spear,Account-8C31,Player-FBAD,0,0,,0,0
20261001-222029,162.9,Spear,Account-9FFE,Player-74C1,1,0,4,181,1
20261001-222029,162.9,Spear,Account-E596,Player-1B8E,0,0,,0,0
20261001-222029,162.9,Spear,Account-F4C4,Player-89AD,0,0,,0,0
20261001-222029,162.9,Spear,Account-9754,Player-DE24,0,0,,0,0
20261001-222029,162.9,Spear,Account-AD4B,Player-8FDE,0,0,,0,0
20261001-222029,162.9,Spear,Account-5C40,Player-F494,0,0,,0,0
20261001-222029,162.9,Spear,Account-83FE,Player-BCA0,0,0,,0,0
20261001-222029,162.9,Spear,Account-16AE,Player-1BA4,0,0,,0,0
20261001-222029,199.0,Spear,Account-9365,Player-DDA6,0,0,,0,0
20261001-222029,199.0,Spear,Account-8C31,Player-FBAD,0,0,,0,0
20261001-222029,199.0,Spear,Account-9FFE,Player-74C1,0,0,,0,0
20261001-222029,199.0,Spear,Account-E596,Player-1B8E,0,0,,0,0
20261001-222029,199.0,Spear,Account-F4C4,Player-89AD,0,0,,0,0
20261001-222029,199.0,Spear,Account-9754,Player-DE24,0,0,,0,0
20261001-222029,199.0,Spear,Account-AD4B,Player-8FDE,0,0,,0,0
20261001-222029,199.0,Spear,Account-5C40,Player-F494,0,0,,0,0
20261001-222029,199.0,Spear,Account-83FE,Player-BCA0,0,0,,0,0
20261001-222029,199.0,Spear,Account-16AE,Player-1BA4,0,0,,0,0
20261001-222522,162.5,Spear,Account-9365,Player-DDA6,0,0,,0,0
20261001-222522,162.5,Spear,Account-8C31,Player-FBAD,0,0,,0,0
20261001-222522,162.5,Spear,Account-9FFE,Player-74C1,1,0,4,191,1
20261001-222522,162.5,Spear,Account-E596,Player-1B8E,0,0,,0,0
20261001-222522,162.5,Spear,Account-F4C4,Player-89AD,0,0,,0,0
20261001-222522,162.5,Spear,Account-9754,Player-DE24,0,0,,0,0
20261001-222522,162.5,Spear,Account-AD4B,Player-8FDE,0,0,,0,0
20261001-222522,162.5,Spear,Account-5C40,Player-F494,0,0,,0,0
20261001-222522,162.5,Spear,Account-83FE,Player-BCA0,0,0,,0,0
20261001-222522,162.5,Spear,Account-16AE,Player-1BA4,0,0,,0,0
20261001-222522,198.7,Spear,Account-9365,Player-DDA6,0,0,,0,0
20261001-222522,198.7,Spear,Account-8C31,Player-FBAD,0,0,,0,0
20261001-222522,198.7,Spear,Account-9FFE,Player-74C1,0,0,,0,0
20261001-222522,198.7,Spear,Account-E596,Player-1B8E,0,0,,0,0
20261001-222522,198.7,Spear,Account-F4C4,Player-89AD,0,0,,0,0
20261001-222522,198.7,Spear,Account-9754,Player-DE24,0,0,,0,0
20261001-222522,198.7,Spear,Account-AD4B,Player-8FDE,0,0,,0,0
20261001-222522,198.7,Spear,Account-5C40,Player-F494,0,0,,0,0
20261001-222522,198.7,Spear,Account-83FE,Player-BCA0,0,0,,0,0
20261001-222522,198.7,Spear,Account-16AE,Player-1BA4,0,0,,0,0
20261001-222522,235.0,Spear,Account-9365,Player-DDA6,1,123413,9 0 8,59,0
20261001-222522,235.0,Spear,Account-8C31,Player-FBAD,0,0,,0,0
20261001-222522,235.0,Spear,Account-9FFE,Player-74C1,0,0,,0,0
20261001-222522,235.0,Spear,Account-E596,Player-1B8E,0,0,,0,0
20261001-222522,235.0,Spear,Account-F4C4,Player-89AD,0,0,,0,0
20261001-222522,235.0,Spear,Account-9754,Player-DE24,0,0,,0,0
20261001-222522,235.0,Spear,Account-AD4B,Player-8FDE,0,0,,0,0
20261001-222522,235.0,Spear,Account-5C40,Player-F494,0,0,,0,0
20261001-222522,235.0,Spear,Account-83FE,Player-BCA0,0,0,,0,0
20261001-222522,235.0,Spear,Account-16AE,Player-1BA4,0,0,,0,0
20261001-223543,159.6,Spear,Account-9365,Player-DDA6,0,0,,0,0
20261001-223543,159.6,Spear,Account-8C31,Player-FBAD,0,0,,0,0
20261001-223543,159.6,Spear,Account-9FFE,Player-74C1,0,0,,0,0
20261001-223543,159.6,Spear,Account-E596,Player-1B8E,0,0,,0,0
20261001-223543,159.6,Spear,Account-F4C4,Player-89AD,0,0,,0,0
20261001-223543,159.6,Spear,Account-9754,Player-DE24,0,0,,0,0
20261001-223543,159.6,Spear,Account-AD4B,Player-8FDE,0,0,,0,0
20261001-223543,159.6,Spear,Account-5C40,Player-F494,0,0,,0,0
20261001-223543,159.6,Spear,Account-83FE,Player-BCA0,0,0,,0,0
20261001-223543,159.6,Spear,Account-16AE,Player-1BA4,0,0,,0,0
20261001-223543,195.7,Spear,Account-9365,Player-DDA6,0,0,,0,0
20261001-223543,195.7,Spear,Account-8C31,Player-FBAD,0,0,,0,0
20261001-223543,195.7,Spear,Account-9FFE,Player-74C1,0,0,,0,0
20261001-223543,195.7,Spear,Account-E596,Player-1B8E,0,0,,0,0
20261001-223543,195.7,Spear,Account-F4C4,Player-89AD,0,0,,0,0
20261001-223543,195.7,Spear,Account-9754,Player-DE24,0,0,,0,0
20261001-223543,195.7,Spear,Account-AD4B,Player-8FDE,0,0,,0,0
20261001-223543,195.7,Spear,Account-5C40,Player-F494,0,0,,0,0
20261001-223543,195.7,Spear,Account-83FE,Player-BCA0,0,0,,0,0
20261001-223543,195.7,Spear,Account-16AE,Player-1BA4,0,0,,0,0
20261001-223543,232.2,Spear,Account-9365,Player-DDA6,0,0,,0,0
20261001-223543,232.2,Spear,Account-8C31,Player-FBAD,0,0,,0,0
20261001-223543,232.2,Spear,Account-9FFE,Player-74C1,0,0,,0,0
20261001-223543,232.2,Spear,Account-E596,Player-1B8E,0,0,,0,0
20261001-223543,232.2,Spear,Account-F4C4,Player-89AD,0,0,,0,0
20261001-223543,232.2,Spear,Account-9754,Player-DE24,0,0,,0,0
20261001-223543,232.2,Spear,Account-AD4B,Player-8FDE,0,0,,0,0
20261001-223543,232.2,Spear,Account-5C40,Player-F494,0,0,,0,0
20261001-223543,232.2,Spear,Account-83FE,Player-BCA0,0,0,,0,0
20261001-223543,232.2,Spear,Account-16AE,Player-1BA4,0,0,,0,0
20261001-224122,157.5,Spear,Account-9365,Player-DDA6,0,0,,0,0
20261001-224122,157.5,Spear,Account-8C31,Player-FBAD,0,0,,0,0
20261001-224122,157.5,Spear,Account-9FFE,Player-74C1,0,0,,0,0
20261001-224122,157.5,Spear,Account-E596,Player-1B8E,0,0,,0,0
20261001-224122,157.5,Spear,Account-F4C4,Player-89AD,0,0,,0,0
20261001-224122,157.5,Spear,Account-9754,Player-DE24,0,0,,0,0
20261001-224122,157.5,Spear,Account-AD4B,Player-8FDE,0,0,,0,0
20261001-224122,157.5,Spear,Account-5C40,Player-F494,0,0,,0,0
20261001-224122,157.5,Spear,Account-83FE,Player-BCA0,0,0,,0,0
20261001-224122,157.5,Spear,Account-16AE,Player-1BA4,0,0,,0,0
20261001-224122,194.3,Spear,Account-9365,Player-DDA6,0,0,,0,0
20261001-224122,194.3,Spear,Account-8C31,Player-FBAD,0,0,,0,0
20261001-224122,194.3,Spear,Account-9FFE,Player-74C1,0,0,,0,0
20261001-224122,194.3,Spear,Account-E596,Player-1B8E,0,0,,0,0
20261001-224122,194.3,Spear,Account-F4C4,Player-89AD,0,0,,0,0
20261001-224122,194.3,Spear,Account-9754,Player-DE24,0,0,,0,0
20261001-224122,194.3,Spear,Account-AD4B,Player-8FDE,0,0,,0,0
20261001-224122,194.3,Spear,Account-5C40,Player-F494,0,0,,0,0
20261001-224122,194.3,Spear,Account-83FE,Player-BCA0,0,0,,0,0
20261001-224122,194.3,Spear,Account-16AE,Player-1BA4,0,0,,0,0
20261001-224122,230.6,Spear,Account-9365,Player-DDA6,0,0,,0,0
20261001-224122,230.6,Spear,Account-8C31,Player-FBAD,0,0,,0,0
20261001-224122,230.6,Spear,Account-9FFE,Player-74C1,0,0,,0,0
20261001-224122,230.6,Spear,Account-E596,Player-1B8E,0,0,,0,0
20261001-224122,230.6,Spear,Account-F4C4,Player-89AD,0,0,,0,0
20261001-224122,230.6,Spear,Account-9754,Player-DE24,0,0,,0,0
20261001-224122,230.6,Spear,Account-AD4B,Player-8FDE,0,0,,0,0
20261001-224122,230.6,Spear,Account-5C40,Player-F494,0,0,,0,0
20261001-224122,230.6,Spear,Account-83FE,Player-BCA0,0,0,,0,0
20261001-224122,230.6,Spear,Account-16AE,Player-1BA4,0,0,,0,0
20261001-224532,159.8,Spear,Account-9365,Player-DDA6,0,0,,0,0
20261001-224532,159.8,Spear,Account-8C31,Player-FBAD,0,0,,0,0
20261001-224532,159.8,Spear,Account-9FFE,Player-74C1,0,0,,0,0
20261001-224532,159.8,Spear,Account-E596,Player-1B8E,0,0,,0,0
20261001-224532,159.8,Spear,Account-F4C4,Player-89AD,0,0,,0,0
20261001-224532,159.8,Spear,Account-9754,Player-DE24,0,0,,0,0
20261001-224532,159.8,Spear,Account-AD4B,Player-8FDE,0,0,,0,0
20261001-224532,159.8,Spear,Account-5C40,Player-F494,0,0,,0,0
20261001-224532,159.8,Spear,Account-83FE,Player-BCA0,0,0,,0,0
20261001-224532,159.8,Spear,Account-16AE,Player-1BA4,0,0,,0,0
20261001-224532,196.2,Spear,Account-9365,Player-DDA6,0,0,,0,0
20261001-224532,196.2,Spear,Account-8C31,Player-FBAD,0,0,,0,0
20261001-224532,196.2,Spear,Account-9FFE,Player-74C1,0,0,,0,0
20261001-224532,196.2,Spear,Account-E596,Player-1B8E,0,0,,0,0
20261001-224532,196.2,Spear,Account-F4C4,Player-89AD,0,0,,0,0
20261001-224532,196.2,Spear,Account-9754,Player-DE24,0,0,,0,0
20261001-224532,196.2,Spear,Account-AD4B,Player-8FDE,0,0,,0,0
20261001-224532,196.2,Spear,Account-5C40,Player-F494,0,0,,0,0
20261001-224532,196.2,Spear,Account-83FE,Player-BCA0,0,0,,0,0
20261001-224532,196.2,Spear,Account-16AE,Player-1BA4,0,0,,0,0
20261001-225245,163.3,Spear,Account-9365,Player-DDA6,0,0,,0,0
20261001-225245,163.3,Spear,Account-8C31,Player-FBAD,0,0,,0,0
20261001-225245,163.3,Spear,Account-9FFE,Player-74C1,0,0,,0,0
20261001-225245,163.3,Spear,Account-E596,Player-1B8E,0,0,,0,0
20261001-225245,163.3,Spear,Account-F4C4,Player-89AD,0,0,,0,0
20261001-225245,163.3,Spear,Account-9754,Player-DE24,0,0,,0,0
20261001-225245,163.3,Spear,Account-AD4B,Player-8FDE,0,0,,0,0
20261001-225245,163.3,Spear,Account-5C40,Player-F494,0,0,,0,0
20261001-225245,163.3,Spear,Account-83FE,Player-BCA0,0,0,,0,0
20261001-225245,163.3,Spear,Account-16AE,Player-1BA4,0,0,,0,0
20261001-225245,199.5,Spear,Account-9365,Player-DDA6,0,0,,0,0
20261001-225245,199.5,Spear,Account-8C31,Player-FBAD,0,0,,0,0
20261001-225245,199.5,Spear,Account-9FFE,Player-74C1,0,0,,0,0
20261001-225245,199.5,Spear,Account-E596,Player-1B8E,0,0,,0,0
20261001-225245,199.5,Spear,Account-F4C4,Player-89AD,0,0,,0,0
20261001-225245,199.5,Spear,Account-9754,Player-DE24,0,0,,0,0
20261001-225245,199.5,Spear,Account-AD4B,Player-8FDE,0,0,,0,0
20261001-225245,199.5,Spear,Account-5C40,Player-F494,0,0,,0,0
20261001-225245,199.5,Spear,Account-83FE,Player-BCA0,0,0,,0,0
20261001-225245,199.5,Spear,Account-16AE,Player-1BA4,0,0,,0,0
20261001-225245,235.8,Spear,Account-9365,Player-DDA6,0,0,,0,0
20261001-225245,235.8,Spear,Account-8C31,Player-FBAD,0,0,,0,0
20261001-225245,235.8,Spear,Account-9FFE,Player-74C1,0,0,,0,0
20261001-225245,235.8,Spear,Account-E596,Player-1B8E,0,0,,0,0
20261001-225245,235.8,Spear,Account-F4C4,Player-89AD,0,0,,0,0
20261001-225245,235.8,Spear,Account-9754,Player-DE24,0,0,,0,0
20261001-225245,235.8,Spear,Account-AD4B,Player-8FDE,0,0,,0,0
20261001-225245,235.8,Spear,Account-5C40,Player-F494,0,0,,0,0
20261001-225245,235.8,Spear,Account-83FE,Player-BCA0,0,0,,0,0
20261001-225245,235.8,Spear,Account-16AE,Player-1BA4,0,0,,0,0
20261002-151055,193.1,Spear,Account-9365,Player-DDA6,0,0,,0,0
20261002-151055,193.1,Spear,Account-37C6,Player-A555,0,0,,0,0
20261002-151055,193.1,Spear,Account-5C40,Player-F494,0,0,,0,0
20261002-151055,193.1,Spear,Account-9590,Player-C645,0,0,,0,0
20261002-151055,193.1,Spear,Account-059D,Player-858A,0,0,,0,0
20261002-151055,193.1,Spear,Account-E596,Player-DDFD,0,0,,0,0
20261002-151055,193.1,Spear,Account-19CD,Player-382D,0,0,,0,0
20261002-151055,193.1,Spear,Account-9FFE,Player-74C1,0,0,,0,0
20261002-151055,193.1,Spear,Account-83FE,Player-BCA0,0,0,,0,0
20261002-151055,193.1,Spear,Account-8C31,Player-DCBD,0,0,,0,0
20261002-151055,229.6,Spear,Account-9365,Player-DDA6,0,0,,0,0
20261002-151055,229.6,Spear,Account-37C6,Player-A555,0,0,,0,0
20261002-151055,229.6,Spear,Account-5C40,Player-F494,0,0,,0,0
20261002-151055,229.6,Spear,Account-9590,Player-C645,0,0,,0,0
20261002-151055,229.6,Spear,Account-059D,Player-858A,0,0,,0,0
20261002-151055,229.6,Spear,Account-E596,Player-DDFD,0,0,,0,0
20261002-151055,229.6,Spear,Account-19CD,Player-382D,0,0,,0,0
20261002-151055,229.6,Spear,Account-9FFE,Player-74C1,0,0,,0,0
20261002-151055,229.6,Spear,Account-83FE,Player-BCA0,0,0,,0,0
20261002-151055,229.6,Spear,Account-8C31,Player-DCBD,0,0,,0,0
20261002-151055,266.0,Spear,Account-9365,Player-DDA6,0,0,,0,0
20261002-151055,266.0,Spear,Account-37C6,Player-A555,0,0,,0,0
20261002-151055,266.0,Spear,Account-5C40,Player-F494,0,0,,0,0
20261002-151055,266.0,Spear,Account-9590,Player-C645,0,0,,0,0
20261002-151055,266.0,Spear,Account-059D,Player-858A,0,0,,0,0
20261002-151055,266.0,Spear,Account-E596,Player-DDFD,0,0,,0,0
20261002-151055,266.0,Spear,Account-19CD,Player-382D,0,0,,0,0
20261002-151055,266.0,Spear,Account-9FFE,Player-74C1,0,0,,0,0
20261002-151055,266.0,Spear,Account-83FE,Player-BCA0,0,0,,0,0
20261002-151055,266.0,Spear,Account-8C31,Player-DCBD,0,0,,0,0
20261002-151558,203.2,Spear,Account-9365,Player-DDA6,0,0,,0,0
20261002-151558,203.2,Spear,Account-37C6,Player-A555,0,0,,0,0
20261002-151558,203.2,Spear,Account-5C40,Player-F494,0,0,,0,0
20261002-151558,203.2,Spear,Account-9590,Player-C645,0,0,,0,0
20261002-151558,203.2,Spear,Account-E596,Player-DDFD,0,0,,0,0
20261002-151558,203.2,Spear,Account-19CD,Player-382D,0,0,,0,0
20261002-151558,203.2,Spear,Account-9FFE,Player-74C1,0,0,,0,0
20261002-151558,203.2,Spear,Account-83FE,Player-BCA0,0,0,,0,0
20261002-151558,203.2,Spear,Account-8C31,Player-DCBD,0,0,,0,0
20261002-152053,189.7,Spear,Account-37C6,Player-A555,0,0,,0,0
20261002-152053,189.7,Spear,Account-5C40,Player-F494,0,0,,0,0
20261002-152053,189.7,Spear,Account-059D,Player-858A,0,0,,0,0
20261002-152053,189.7,Spear,Account-E596,Player-DDFD,0,0,,0,0
20261002-152053,189.7,Spear,Account-19CD,Player-382D,0,0,,0,0
20261002-152053,189.7,Spear,Account-9FFE,Player-74C1,0,0,,0,0
20261002-152053,189.7,Spear,Account-83FE,Player-BCA0,0,0,,0,0
20261002-152706,190.8,Spear,Account-8C31,Player-DCBD,0,0,,0,0
20261002-152706,190.8,Spear,Account-37C6,Player-A555,0,0,,0,0
20261002-153333,199.7,Spear,Account-9365,Player-010B,0,0,,0,0
20261002-153333,199.7,Spear,Account-37C6,Player-A555,0,0,,0,0
20261002-153333,199.7,Spear,Account-5C40,Player-F494,0,0,,0,0
20261002-153333,199.7,Spear,Account-9590,Player-C645,0,0,,0,0
20261002-153333,199.7,Spear,Account-059D,Player-858A,0,0,,0,0
20261002-153333,199.7,Spear,Account-E596,Player-DDFD,0,0,,0,0
20261002-153333,199.7,Spear,Account-19CD,Player-382D,1,86657,4 9 0,191,1
20261002-153333,199.7,Spear,Account-9FFE,Player-74C1,0,0,,0,0
20261002-153333,199.7,Spear,Account-83FE,Player-BCA0,0,0,,0,0
20261002-153333,199.7,Spear,Account-8C31,Player-FBAD,0,0,,0,0
20261002-154127,183.2,Spear,Account-9365,Player-1172,0,0,,0,0
20261002-154127,183.2,Spear,Account-37C6,Player-A555,0,0,,0,0
20261002-154127,183.2,Spear,Account-5C40,Player-F494,0,0,,0,0
20261002-154127,183.2,Spear,Account-9590,Player-C645,0,0,,0,0
20261002-154127,183.2,Spear,Account-059D,Player-858A,0,0,,0,0
20261002-154127,183.2,Spear,Account-E596,Player-DDFD,0,0,,0,0
20261002-154127,183.2,Spear,Account-19CD,Player-382D,0,0,,0,0
20261002-154127,183.2,Spear,Account-9FFE,Player-74C1,0,0,,0,0
20261002-154127,183.2,Spear,Account-83FE,Player-BCA0,0,0,,0,0
20261002-154127,183.2,Spear,Account-8C31,Player-FBAD,0,0,,0,0
20261002-154127,219.9,Spear,Account-9365,Player-1172,0,0,,0,0
20261002-154127,219.9,Spear,Account-37C6,Player-A555,0,0,,0,0
20261002-154127,219.9,Spear,Account-5C40,Player-F494,0,0,,0,0
20261002-154127,219.9,Spear,Account-9590,Player-C645,0,0,,0,0
20261002-154127,219.9,Spear,Account-059D,Player-858A,0,0,,0,0
20261002-154127,219.9,Spear,Account-E596,Player-DDFD,0,0,,0,0
20261002-154127,219.9,Spear,Account-19CD,Player-382D,1,56777,0 9,213,1
20261002-154127,219.9,Spear,Account-9FFE,Player-74C1,0,0,,0,0
20261002-154127,219.9,Spear,Account-83FE,Player-BCA0,0,0,,0,0
20261002-154127,219.9,Spear,Account-8C31,Player-FBAD,0,0,,0,0
20261002-154127,256.2,Spear,Account-5C40,Player-F494,0,0,,0,0
20261002-154127,256.2,Spear,Account-9590,Player-C645,1,165287,9 0 8,110,0
20261002-154127,256.2,Spear,Account-059D,Player-858A,0,0,,0,0
20261002-154127,256.2,Spear,Account-E596,Player-DDFD,0,0,,0,0
20261002-154127,256.2,Spear,Account-9FFE,Player-74C1,0,0,,0,0
20261002-154127,256.2,Spear,Account-83FE,Player-BCA0,0,0,,0,0
20261002-154530,193.3,Spear,Account-9365,Player-1172,1,84910,9 0 8,165,1
20261002-154530,193.3,Spear,Account-37C6,Player-A555,0,0,,0,0
20261002-154530,193.3,Spear,Account-5C40,Player-F494,0,0,,0,0
20261002-154530,193.3,Spear,Account-9590,Player-C645,0,0,,0,0
20261002-154530,193.3,Spear,Account-059D,Player-858A,0,0,,0,0
20261002-154530,193.3,Spear,Account-E596,Player-DDFD,0,0,,0,0
20261002-154530,193.3,Spear,Account-19CD,Player-382D,0,0,,0,0
20261002-154530,193.3,Spear,Account-9FFE,Player-74C1,0,0,,0,0
20261002-154530,193.3,Spear,Account-83FE,Player-BCA0,0,0,,0,0
20261002-154530,193.3,Spear,Account-8C31,Player-FBAD,0,0,,0,0
20261002-222650,167.3,Spear,Account-9365,Player-DDA6,0,0,,0,0
20261002-222650,167.3,Spear,Account-5C40,Player-F494,0,0,,0,0
20261002-222650,167.3,Spear,Account-E596,Player-1B8E,0,0,,0,0
20261002-222650,167.3,Spear,Account-8C31,Player-FBAD,0,0,,0,0
20261002-222650,167.3,Spear,Account-9FFE,Player-74C1,0,0,,0,0
20261002-222650,167.3,Spear,Account-83FE,Player-BCA0,0,0,,0,0
20261002-222650,167.3,Spear,Account-9754,Player-DE24,0,0,,0,0
20261002-222650,167.3,Spear,Account-E3BC,Player-258F,0,0,,0,0
20261002-222650,167.3,Spear,Account-F4C4,Player-89AD,0,0,,0,0
20261002-222650,167.3,Spear,Account-AD4B,Player-8FDE,0,0,,0,0
20261002-222650,203.6,Spear,Account-9365,Player-DDA6,0,0,,0,0
20261002-222650,203.6,Spear,Account-5C40,Player-F494,0,0,,0,0
20261002-222650,203.6,Spear,Account-E596,Player-1B8E,0,0,,0,0
20261002-222650,203.6,Spear,Account-8C31,Player-FBAD,0,0,,0,0
20261002-222650,203.6,Spear,Account-9FFE,Player-74C1,0,0,,0,0
20261002-222650,203.6,Spear,Account-83FE,Player-BCA0,0,0,,0,0
20261002-222650,203.6,Spear,Account-9754,Player-DE24,0,0,,0,0
20261002-222650,203.6,Spear,Account-E3BC,Player-258F,0,0,,0,0
20261002-222650,203.6,Spear,Account-F4C4,Player-89AD,0,0,,0,0
20261002-222650,203.6,Spear,Account-AD4B,Player-8FDE,0,0,,0,0
20261002-222650,240.7,Spear,Account-9365,Player-DDA6,0,0,,0,0
20261002-222650,240.7,Spear,Account-5C40,Player-F494,0,0,,0,0
20261002-222650,240.7,Spear,Account-E596,Player-1B8E,0,0,,0,0
20261002-222650,240.7,Spear,Account-8C31,Player-FBAD,0,0,,0,0
20261002-222650,240.7,Spear,Account-9FFE,Player-74C1,0,0,,0,0
20261002-222650,240.7,Spear,Account-83FE,Player-BCA0,0,0,,0,0
20261002-222650,240.7,Spear,Account-9754,Player-DE24,0,0,,0,0
20261002-222650,240.7,Spear,Account-E3BC,Player-258F,0,0,,0,0
20261002-222650,240.7,Spear,Account-F4C4,Player-89AD,0,0,,0,0
20261002-222650,240.7,Spear,Account-AD4B,Player-8FDE,0,0,,0,0
20261002-222650,277.1,Spear,Account-9365,Player-DDA6,0,0,,0,0
20261002-222650,277.1,Spear,Account-5C40,Player-F494,0,0,,0,0
20261002-222650,277.1,Spear,Account-E596,Player-1B8E,1,2980,0,0,0
20261002-222650,277.1,Spear,Account-8C31,Player-FBAD,0,0,,0,0
20261002-222650,277.1,Spear,Account-9FFE,Player-74C1,0,0,,0,0
20261002-222650,277.1,Spear,Account-83FE,Player-BCA0,1,2636,0,0,0
20261002-222650,277.1,Spear,Account-9754,Player-DE24,1,2036,0 5,96,0
20261002-222650,277.1,Spear,Account-E3BC,Player-258F,0,0,,0,0
20261002-222650,277.1,Spear,Account-F4C4,Player-89AD,0,0,,0,0
20261002-222650,277.1,Spear,Account-AD4B,Player-8FDE,0,0,,0,0
20261002-223049,160.3,Spear,Account-9365,Player-DDA6,0,0,,0,0
20261002-223049,160.3,Spear,Account-5C40,Player-F494,0,0,,0,0
20261002-223049,160.3,Spear,Account-E596,Player-1B8E,0,0,,0,0
20261002-223049,160.3,Spear,Account-8C31,Player-FBAD,0,0,,0,0
20261002-223049,160.3,Spear,Account-9FFE,Player-74C1,0,0,,0,0
20261002-223049,160.3,Spear,Account-83FE,Player-BCA0,0,0,,0,0
20261002-223049,160.3,Spear,Account-9754,Player-DE24,0,0,,0,0
20261002-223049,160.3,Spear,Account-E3BC,Player-258F,0,0,,0,0
20261002-223049,160.3,Spear,Account-F4C4,Player-89AD,0,0,,0,0
20261002-223049,160.3,Spear,Account-AD4B,Player-8FDE,0,0,,0,0
20261002-223049,197.1,Spear,Account-9365,Player-DDA6,0,0,,0,0
20261002-223049,197.1,Spear,Account-5C40,Player-F494,0,0,,0,0
20261002-223049,197.1,Spear,Account-E596,Player-1B8E,0,0,,0,0
20261002-223049,197.1,Spear,Account-8C31,Player-FBAD,0,0,,0,0
20261002-223049,197.1,Spear,Account-9FFE,Player-74C1,0,0,,0,0
20261002-223049,197.1,Spear,Account-83FE,Player-BCA0,0,0,,0,0
20261002-223049,197.1,Spear,Account-9754,Player-DE24,0,0,,0,0
20261002-223049,197.1,Spear,Account-E3BC,Player-258F,0,0,,0,0
20261002-223049,197.1,Spear,Account-F4C4,Player-89AD,0,0,,0,0
20261002-223049,197.1,Spear,Account-AD4B,Player-8FDE,0,0,,0,0
20261002-224131,165.6,Spear,Account-9365,Player-DDA6,0,0,,0,0
20261002-224131,165.6,Spear,Account-5C40,Player-F494,0,0,,0,0
20261002-224131,165.6,Spear,Account-E596,Player-1B8E,0,0,,0,0
20261002-224131,165.6,Spear,Account-8C31,Player-FBAD,0,0,,0,0
20261002-224131,165.6,Spear,Account-9FFE,Player-74C1,1,0,4,151,1
20261002-224131,165.6,Spear,Account-83FE,Player-BCA0,0,0,,0,0
20261002-224131,165.6,Spear,Account-9754,Player-DE24,0,0,,0,0
20261002-224131,165.6,Spear,Account-E3BC,Player-258F,0,0,,0,0
20261002-224131,165.6,Spear,Account-F4C4,Player-89AD,0,0,,0,0
20261002-224131,165.6,Spear,Account-AD4B,Player-8FDE,0,0,,0,0
20261002-224131,201.9,Spear,Account-9365,Player-DDA6,0,0,,0,0
20261002-224131,201.9,Spear,Account-5C40,Player-F494,0,0,,0,0
20261002-224131,201.9,Spear,Account-E596,Player-1B8E,0,0,,0,0
20261002-224131,201.9,Spear,Account-8C31,Player-FBAD,0,0,,0,0
20261002-224131,201.9,Spear,Account-9FFE,Player-74C1,0,0,,0,0
20261002-224131,201.9,Spear,Account-83FE,Player-BCA0,0,0,,0,0
20261002-224131,201.9,Spear,Account-9754,Player-DE24,0,0,,0,0
20261002-224131,201.9,Spear,Account-E3BC,Player-258F,0,0,,0,0
20261002-224131,201.9,Spear,Account-F4C4,Player-89AD,0,0,,0,0
20261002-224131,201.9,Spear,Account-AD4B,Player-8FDE,0,0,,0,0
20261002-224131,239.0,Spear,Account-9365,Player-DDA6,0,0,,0,0
20261002-224131,239.0,Spear,Account-5C40,Player-F494,0,0,,0,0
20261002-224131,239.0,Spear,Account-E596,Player-1B8E,0,0,,0,0
20261002-224131,239.0,Spear,Account-8C31,Player-FBAD,0,0,,0,0
20261002-224131,239.0,Spear,Account-9FFE,Player-74C1,0,0,,0,0
20261002-224131,239.0,Spear,Account-83FE,Player-BCA0,0,0,,0,0
20261002-224131,239.0,Spear,Account-9754,Player-DE24,0,0,,0,0
20261002-224131,239.0,Spear,Account-E3BC,Player-258F,0,0,,0,0
20261002-224131,239.0,Spear,Account-F4C4,Player-89AD,0,0,,0,0
20261002-224131,239.0,Spear,Account-AD4B,Player-8FDE,0,0,,0,0
20261002-225404,168.8,Spear,Account-9365,Player-DDA6,0,0,,0,0
20261002-225404,168.8,Spear,Account-5C40,Player-F494,0,0,,0,0
20261002-225404,168.8,Spear,Account-E596,Player-1B8E,0,0,,0,0
20261002-225404,168.8,Spear,Account-8C31,Player-FBAD,0,0,,0,0
20261002-225404,168.8,Spear,Account-9FFE,Player-74C1,0,0,,0,0
20261002-225404,168.8,Spear,Account-83FE,Player-BCA0,0,0,,0,0
20261002-225404,168.8,Spear,Account-9754,Player-DE24,0,0,,0,0
20261002-225404,168.8,Spear,Account-E3BC,Player-258F,0,0,,0,0
20261002-225404,168.8,Spear,Account-F4C4,Player-89AD,0,0,,0,0
20261002-225404,168.8,Spear,Account-AD4B,Player-8FDE,0,0,,0,0
20261002-225404,205.2,Spear,Account-9365,Player-DDA6,0,0,,0,0
20261002-225404,205.2,Spear,Account-5C40,Player-F494,0,0,,0,0
20261002-225404,205.2,Spear,Account-E596,Player-1B8E,0,0,,0,0
20261002-225404,205.2,Spear,Account-8C31,Player-FBAD,0,0,,0,0
20261002-225404,205.2,Spear,Account-9FFE,Player-74C1,0,0,,0,0
20261002-225404,205.2,Spear,Account-83FE,Player-BCA0,0,0,,0,0
20261002-225404,205.2,Spear,Account-9754,Player-DE24,0,0,,0,0
20261002-225404,205.2,Spear,Account-E3BC,Player-258F,0,0,,0,0
20261002-225404,205.2,Spear,Account-F4C4,Player-89AD,0,0,,0,0
20261002-225404,205.2,Spear,Account-AD4B,Player-8FDE,0,0,,0,0
20261002-225404,241.8,Spear,Account-9365,Player-DDA6,0,0,,0,0
20261002-225404,241.8,Spear,Account-5C40,Player-F494,0,0,,0,0
20261002-225404,241.8,Spear,Account-E596,Player-1B8E,0,0,,0,0
20261002-225404,241.8,Spear,Account-8C31,Player-FBAD,0,0,,0,0
20261002-225404,241.8,Spear,Account-9FFE,Player-74C1,0,0,,0,0
20261002-225404,241.8,Spear,Account-83FE,Player-BCA0,0,0,,0,0
20261002-225404,241.8,Spear,Account-9754,Player-DE24,0,0,,0,0
20261002-225404,241.8,Spear,Account-E3BC,Player-258F,0,0,,0,0
20261002-225404,241.8,Spear,Account-F4C4,Player-89AD,0,0,,0,0
20261002-225404,241.8,Spear,Account-AD4B,Player-8FDE,0,0,,0,0
20261002-231326,170.0,Spear,Account-9365,Player-DDA6,0,0,,0,0
20261002-231326,170.0,Spear,Account-83FE,Player-BCA0,0,0,,0,0
20261002-231326,170.0,Spear,Account-8C31,Player-FBAD,0,0,,0,0
20261002-231326,170.0,Spear,Account-E3BC,Player-258F,0,0,,0,0
20261002-231326,170.0,Spear,Account-E596,Player-1B8E,0,0,,0,0
20261002-231326,170.0,Spear,Account-9FFE,Player-74C1,1,0,4,227,1
20261002-231326,170.0,Spear,Account-5C40,Player-F494,0,0,,0,0
20261002-231326,170.0,Spear,Account-F4C4,Player-89AD,0,0,,0,0
20261002-231326,170.0,Spear,Account-AD4B,Player-8FDE,0,0,,0,0
20261002-231326,170.0,Spear,Account-9754,Player-DE24,0,0,,0,0
20261002-231326,206.6,Spear,Account-9365,Player-DDA6,0,0,,0,0
20261002-231326,206.6,Spear,Account-83FE,Player-BCA0,0,0,,0,0
20261002-231326,206.6,Spear,Account-8C31,Player-FBAD,0,0,,0,0
20261002-231326,206.6,Spear,Account-E3BC,Player-258F,0,0,,0,0
20261002-231326,206.6,Spear,Account-E596,Player-1B8E,0,0,,0,0
20261002-231326,206.6,Spear,Account-9FFE,Player-74C1,0,0,,0,0
20261002-231326,206.6,Spear,Account-5C40,Player-F494,0,0,,0,0
20261002-231326,206.6,Spear,Account-F4C4,Player-89AD,0,0,,0,0
20261002-231326,206.6,Spear,Account-AD4B,Player-8FDE,0,0,,0,0
20261002-231326,206.6,Spear,Account-9754,Player-DE24,0,0,,0,0
20261002-231326,243.2,Spear,Account-9365,Player-DDA6,0,0,,0,0
20261002-231326,243.2,Spear,Account-83FE,Player-BCA0,0,0,,0,0
20261002-231326,243.2,Spear,Account-8C31,Player-FBAD,0,0,,0,0
20261002-231326,243.2,Spear,Account-E3BC,Player-258F,0,0,,0,0
20261002-231326,243.2,Spear,Account-E596,Player-1B8E,0,0,,0,0
20261002-231326,243.2,Spear,Account-9FFE,Player-74C1,0,0,,0,0
20261002-231326,243.2,Spear,Account-5C40,Player-F494,0,0,,0,0
20261002-231326,243.2,Spear,Account-F4C4,Player-89AD,0,0,,0,0
20261002-231326,243.2,Spear,Account-AD4B,Player-8FDE,0,0,,0,0
20261002-231326,243.2,Spear,Account-9754,Player-DE24,0,0,,0,0
20261002-231907,164.7,Spear,Account-9365,Player-DDA6,0,0,,0,0
20261002-231907,164.7,Spear,Account-83FE,Player-BCA0,0,0,,0,0
20261002-231907,164.7,Spear,Account-8C31,Player-FBAD,0,0,,0,0
20261002-231907,164.7,Spear,Account-E3BC,Player-258F,0,0,,0,0
20261002-231907,164.7,Spear,Account-E596,Player-1B8E,0,0,,0,0
20261002-231907,164.7,Spear,Account-9FFE,Player-74C1,0,0,,0,0
20261002-231907,164.7,Spear,Account-5C40,Player-F494,0,0,,0,0
20261002-231907,164.7,Spear,Account-F4C4,Player-89AD,0,0,,0,0
20261002-231907,164.7,Spear,Account-AD4B,Player-8FDE,0,0,,0,0
20261002-231907,164.7,Spear,Account-9754,Player-DE24,0,0,,0,0
20261002-231907,201.4,Spear,Account-9365,Player-DDA6,0,0,,0,0
20261002-231907,201.4,Spear,Account-83FE,Player-BCA0,0,0,,0,0
20261002-231907,201.4,Spear,Account-8C31,Player-FBAD,0,0,,0,0
20261002-231907,201.4,Spear,Account-E3BC,Player-258F,0,0,,0,0
20261002-231907,201.4,Spear,Account-E596,Player-1B8E,1,68908,9 0,122,0
20261002-231907,201.4,Spear,Account-9FFE,Player-74C1,0,0,,0,0
20261002-231907,201.4,Spear,Account-5C40,Player-F494,0,0,,0,0
20261002-231907,201.4,Spear,Account-F4C4,Player-89AD,0,0,,0,0
20261002-231907,201.4,Spear,Account-AD4B,Player-8FDE,0,0,,0,0
20261002-231907,201.4,Spear,Account-9754,Player-DE24,0,0,,0,0
20261002-232932,164.3,Spear,Account-9365,Player-DDA6,0,0,,0,0
20261002-232932,164.3,Spear,Account-83FE,Player-BCA0,0,0,,0,0
20261002-232932,164.3,Spear,Account-8C31,Player-FBAD,0,0,,0,0
20261002-232932,164.3,Spear,Account-E3BC,Player-258F,0,0,,0,0
20261002-232932,164.3,Spear,Account-E596,Player-1B8E,0,0,,0,0
20261002-232932,164.3,Spear,Account-9FFE,Player-74C1,0,0,,0,0
20261002-232932,164.3,Spear,Account-5C40,Player-F494,0,0,,0,0
20261002-232932,164.3,Spear,Account-F4C4,Player-89AD,0,0,,0,0
20261002-232932,164.3,Spear,Account-AD4B,Player-8FDE,0,0,,0,0
20261002-232932,164.3,Spear,Account-9754,Player-DE24,0,0,,0,0
20261002-232932,200.6,Spear,Account-9365,Player-DDA6,0,0,,0,0
20261002-232932,200.6,Spear,Account-83FE,Player-BCA0,0,0,,0,0
20261002-232932,200.6,Spear,Account-8C31,Player-FBAD,0,0,,0,0
20261002-232932,200.6,Spear,Account-E3BC,Player-258F,0,0,,0,0
20261002-232932,200.6,Spear,Account-E596,Player-1B8E,0,0,,0,0
20261002-232932,200.6,Spear,Account-9FFE,Player-74C1,0,0,,0,0
20261002-232932,200.6,Spear,Account-5C40,Player-F494,0,0,,0,0
20261002-232932,200.6,Spear,Account-F4C4,Player-89AD,0,0,,0,0
20261002-232932,200.6,Spear,Account-AD4B,Player-8FDE,0,0,,0,0
20261002-232932,200.6,Spear,Account-9754,Player-DE24,0,0,,0,0
20261002-232932,237.4,Spear,Account-9365,Player-DDA6,0,0,,0,0
20261002-232932,237.4,Spear,Account-83FE,Player-BCA0,0,0,,0,0
20261002-232932,237.4,Spear,Account-8C31,Player-FBAD,0,0,,0,0
20261002-232932,237.4,Spear,Account-E3BC,Player-258F,0,0,,0,0
20261002-232932,237.4,Spear,Account-E596,Player-1B8E,0,0,,0,0
20261002-232932,237.4,Spear,Account-9FFE,Player-74C1,0,0,,0,0
20261002-232932,237.4,Spear,Account-5C40,Player-F494,0,0,,0,0
20261002-232932,237.4,Spear,Account-F4C4,Player-89AD,0,0,,0,0
20261002-232932,237.4,Spear,Account-AD4B,Player-8FDE,0,0,,0,0
20261002-232932,237.4,Spear,Account-9754,Player-DE24,0,0,,0,0
20261002-234158,171.8,Spear,Account-9365,Player-DDA6,0,0,,0,0
20261002-234158,171.8,Spear,Account-83FE,Player-BCA0,0,0,,0,0
20261002-234158,171.8,Spear,Account-8C31,Player-FBAD,0,0,,0,0
20261002-234158,171.8,Spear,Account-E3BC,Player-258F,0,0,,0,0
20261002-234158,171.8,Spear,Account-E596,Player-1B8E,0,0,,0,0
20261002-234158,171.8,Spear,Account-9FFE,Player-74C1,0,0,,0,0
20261002-234158,171.8,Spear,Account-5C40,Player-F494,0,0,,0,0
20261002-234158,171.8,Spear,Account-F4C4,Player-89AD,0,0,,0,0
20261002-234158,171.8,Spear,Account-AD4B,Player-8FDE,0,0,,0,0
20261002-234158,171.8,Spear,Account-9754,Player-DE24,0,0,,0,0
20261002-234158,208.3,Spear,Account-9365,Player-DDA6,0,0,,0,0
20261002-234158,208.3,Spear,Account-83FE,Player-BCA0,0,0,,0,0
20261002-234158,208.3,Spear,Account-8C31,Player-FBAD,0,0,,0,0
20261002-234158,208.3,Spear,Account-E3BC,Player-258F,0,0,,0,0
20261002-234158,208.3,Spear,Account-E596,Player-1B8E,0,0,,0,0
20261002-234158,208.3,Spear,Account-9FFE,Player-74C1,0,0,,0,0
20261002-234158,208.3,Spear,Account-5C40,Player-F494,0,0,,0,0
20261002-234158,208.3,Spear,Account-F4C4,Player-89AD,0,0,,0,0
20261002-234158,208.3,Spear,Account-AD4B,Player-8FDE,0,0,,0,0
20261002-234158,208.3,Spear,Account-9754,Player-DE24,0,0,,0,0
20261002-234158,244.4,Spear,Account-9365,Player-DDA6,0,0,,0,0
20261002-234158,244.4,Spear,Account-83FE,Player-BCA0,0,0,,0,0
20261002-234158,244.4,Spear,Account-8C31,Player-FBAD,0,0,,0,0
20261002-234158,244.4,Spear,Account-E3BC,Player-258F,0,0,,0,0
20261002-234158,244.4,Spear,Account-E596,Player-1B8E,0,0,,0,0
20261002-234158,244.4,Spear,Account-9FFE,Player-74C1,0,0,,0,0
20261002-234158,244.4,Spear,Account-5C40,Player-F494,0,0,,0,0
20261002-234158,244.4,Spear,Account-F4C4,Player-89AD,0,0,,0,0
20261002-234158,244.4,Spear,Account-AD4B,Player-8FDE,0,0,,0,0
20261002-234158,244.4,Spear,Account-9754,Player-DE24,0,0,,0,0
20261002-234910,166.6,Spear,Account-9365,Player-DDA6,0,0,,0,0
20261002-234910,166.6,Spear,Account-83FE,Player-BCA0,0,0,,0,0
20261002-234910,166.6,Spear,Account-8C31,Player-FBAD,0,0,,0,0
20261002-234910,166.6,Spear,Account-E3BC,Player-258F,0,0,,0,0
20261002-234910,166.6,Spear,Account-E596,Player-1B8E,0,0,,0,0
20261002-234910,166.6,Spear,Account-9FFE,Player-74C1,0,0,,0,0
20261002-234910,166.6,Spear,Account-5C40,Player-F494,0,0,,0,0
20261002-234910,166.6,Spear,Account-F4C4,Player-89AD,0,0,,0,0
20261002-234910,166.6,Spear,Account-AD4B,Player-8FDE,0,0,,0,0
20261002-234910,166.6,Spear,Account-9754,Player-DE24,0,0,,0,0
20261002-234910,203.1,Spear,Account-9365,Player-DDA6,0,0,,0,0
20261002-234910,203.1,Spear,Account-83FE,Player-BCA0,0,0,,0,0
20261002-234910,203.1,Spear,Account-8C31,Player-FBAD,0,0,,0,0
20261002-234910,203.1,Spear,Account-E3BC,Player-258F,0,0,,0,0
20261002-234910,203.1,Spear,Account-E596,Player-1B8E,0,0,,0,0
20261002-234910,203.1,Spear,Account-9FFE,Player-74C1,0,0,,0,0
20261002-234910,203.1,Spear,Account-5C40,Player-F494,0,0,,0,0
20261002-234910,203.1,Spear,Account-F4C4,Player-89AD,0,0,,0,0
20261002-234910,203.1,Spear,Account-AD4B,Player-8FDE,0,0,,0,0
20261002-234910,203.1,Spear,Account-9754,Player-DE24,0,0,,0,0
20261002-234910,239.7,Spear,Account-83FE,Player-BCA0,1,93928,5 0 9,179,1
20261002-234910,239.7,Spear,Account-8C31,Player-FBAD,0,0,,0,0
20261002-234910,239.7,Spear,Account-E3BC,Player-258F,0,0,,0,0
20261002-234910,239.7,Spear,Account-E596,Player-1B8E,0,0,,0,0
20261002-234910,239.7,Spear,Account-9FFE,Player-74C1,1,3074,0,135,0
20261002-234910,239.7,Spear,Account-5C40,Player-F494,0,0,,0,0
20261002-234910,239.7,Spear,Account-F4C4,Player-89AD,0,0,,0,0
20261002-234910,239.7,Spear,Account-AD4B,Player-8FDE,0,0,,0,0
20261002-234910,239.7,Spear,Account-9754,Player-DE24,0,0,,0,0
20261002-235314,167.7,Spear,Account-9365,Player-DDA6,0,0,,0,0
20261002-235314,167.7,Spear,Account-83FE,Player-BCA0,0,0,,0,0
20261002-235314,167.7,Spear,Account-E3BC,Player-258F,0,0,,0,0
20261002-235314,167.7,Spear,Account-E596,Player-1B8E,0,0,,0,0
20261002-235314,167.7,Spear,Account-F4C4,Player-89AD,0,0,,0,0
20261002-235314,167.7,Spear,Account-AD4B,Player-8FDE,0,0,,0,0
20261002-235314,167.7,Spear,Account-9754,Player-DE24,0,0,,0,0
20261002-235723,168.1,Spear,Account-9365,Player-DDA6,0,0,,0,0
20261002-235723,168.1,Spear,Account-83FE,Player-BCA0,0,0,,0,0
20261002-235723,168.1,Spear,Account-8C31,Player-FBAD,0,0,,0,0
20261002-235723,168.1,Spear,Account-E3BC,Player-258F,0,0,,0,0
20261002-235723,168.1,Spear,Account-E596,Player-1B8E,0,0,,0,0
20261002-235723,168.1,Spear,Account-9FFE,Player-74C1,0,0,,0,0
20261002-235723,168.1,Spear,Account-5C40,Player-F494,0,0,,0,0
20261002-235723,168.1,Spear,Account-F4C4,Player-89AD,0,0,,0,0
20261002-235723,168.1,Spear,Account-AD4B,Player-8FDE,0,0,,0,0
20261002-235723,168.1,Spear,Account-9754,Player-DE24,0,0,,0,0
20261002-235723,204.5,Spear,Account-9365,Player-DDA6,0,0,,0,0
20261002-235723,204.5,Spear,Account-83FE,Player-BCA0,0,0,,0,0
20261002-235723,204.5,Spear,Account-8C31,Player-FBAD,0,0,,0,0
20261002-235723,204.5,Spear,Account-E3BC,Player-258F,0,0,,0,0
20261002-235723,204.5,Spear,Account-E596,Player-1B8E,0,0,,0,0
20261002-235723,204.5,Spear,Account-9FFE,Player-74C1,0,0,,0,0
20261002-235723,204.5,Spear,Account-5C40,Player-F494,0,0,,0,0
20261002-235723,204.5,Spear,Account-F4C4,Player-89AD,0,0,,0,0
20261002-235723,204.5,Spear,Account-AD4B,Player-8FDE,0,0,,0,0
20261002-235723,204.5,Spear,Account-9754,Player-DE24,0,0,,0,0
20261003-000447,161.4,Spear,Account-9365,Player-DDA6,0,0,,0,0
20261003-000447,161.4,Spear,Account-83FE,Player-BCA0,0,0,,0,0
20261003-000447,161.4,Spear,Account-8C31,Player-FBAD,0,0,,0,0
20261003-000447,161.4,Spear,Account-E3BC,Player-258F,0,0,,0,0
20261003-000447,161.4,Spear,Account-E596,Player-1B8E,0,0,,0,0
20261003-000447,161.4,Spear,Account-9FFE,Player-74C1,0,0,,0,0
20261003-000447,161.4,Spear,Account-5C40,Player-F494,0,0,,0,0
20261003-000447,161.4,Spear,Account-F4C4,Player-89AD,0,0,,0,0
20261003-000447,161.4,Spear,Account-AD4B,Player-8FDE,0,0,,0,0
20261003-000447,161.4,Spear,Account-9754,Player-DE24,0,0,,0,0
20261003-000447,198.1,Spear,Account-9365,Player-DDA6,0,0,,0,0
20261003-000447,198.1,Spear,Account-83FE,Player-BCA0,0,0,,0,0
20261003-000447,198.1,Spear,Account-8C31,Player-FBAD,0,0,,0,0
20261003-000447,198.1,Spear,Account-E3BC,Player-258F,0,0,,0,0
20261003-000447,198.1,Spear,Account-E596,Player-1B8E,0,0,,0,0
20261003-000447,198.1,Spear,Account-9FFE,Player-74C1,0,0,,0,0
20261003-000447,198.1,Spear,Account-5C40,Player-F494,0,0,,0,0
20261003-000447,198.1,Spear,Account-F4C4,Player-89AD,0,0,,0,0
20261003-000447,198.1,Spear,Account-AD4B,Player-8FDE,0,0,,0,0
20261003-000447,198.1,Spear,Account-9754,Player-DE24,0,0,,0,0
20261003-000447,234.8,Spear,Account-9365,Player-DDA6,0,0,,0,0
20261003-000447,234.8,Spear,Account-83FE,Player-BCA0,0,0,,0,0
20261003-000447,234.8,Spear,Account-8C31,Player-FBAD,0,0,,0,0
20261003-000447,234.8,Spear,Account-E3BC,Player-258F,0,0,,0,0
20261003-000447,234.8,Spear,Account-E596,Player-1B8E,0,0,,0,0
20261003-000447,234.8,Spear,Account-9FFE,Player-74C1,0,0,,0,0
20261003-000447,234.8,Spear,Account-5C40,Player-F494,0,0,,0,0
20261003-000447,234.8,Spear,Account-F4C4,Player-89AD,0,0,,0,0
20261003-000447,234.8,Spear,Account-AD4B,Player-8FDE,0,0,,0,0
20261003-000447,234.8,Spear,Account-9754,Player-DE24,0,0,,0,0
20261003-001430,162.6,Spear,Account-9365,Player-DDA6,0,0,,0,0
20261003-001430,162.6,Spear,Account-83FE,Player-BCA0,0,0,,0,0
20261003-001430,162.6,Spear,Account-8C31,Player-FBAD,0,0,,0,0
20261003-001430,162.6,Spear,Account-E3BC,Player-258F,0,0,,0,0
20261003-001430,162.6,Spear,Account-E596,Player-1B8E,0,0,,0,0
20261003-001430,162.6,Spear,Account-9FFE,Player-74C1,0,0,,0,0
20261003-001430,162.6,Spear,Account-5C40,Player-F494,0,0,,0,0
20261003-001430,162.6,Spear,Account-F4C4,Player-89AD,0,0,,0,0
20261003-001430,162.6,Spear,Account-AD4B,Player-8FDE,0,0,,0,0
20261003-001430,162.6,Spear,Account-9754,Player-DE24,0,0,,0,0
20261003-001430,199.2,Spear,Account-9365,Player-DDA6,0,0,,0,0
20261003-001430,199.2,Spear,Account-83FE,Player-BCA0,0,0,,0,0
20261003-001430,199.2,Spear,Account-8C31,Player-FBAD,0,0,,0,0
20261003-001430,199.2,Spear,Account-E3BC,Player-258F,0,0,,0,0
20261003-001430,199.2,Spear,Account-E596,Player-1B8E,0,0,,0,0
20261003-001430,199.2,Spear,Account-9FFE,Player-74C1,0,0,,0,0
20261003-001430,199.2,Spear,Account-5C40,Player-F494,0,0,,0,0
20261003-001430,199.2,Spear,Account-F4C4,Player-89AD,0,0,,0,0
20261003-001430,199.2,Spear,Account-AD4B,Player-8FDE,0,0,,0,0
20261003-001430,199.2,Spear,Account-9754,Player-DE24,0,0,,0,0
20261003-001430,235.9,Spear,Account-9365,Player-DDA6,0,0,,0,0
20261003-001430,235.9,Spear,Account-83FE,Player-BCA0,0,0,,0,0
20261003-001430,235.9,Spear,Account-8C31,Player-FBAD,0,0,,0,0
20261003-001430,235.9,Spear,Account-E3BC,Player-258F,0,0,,0,0
20261003-001430,235.9,Spear,Account-E596,Player-1B8E,0,0,,0,0
20261003-001430,235.9,Spear,Account-9FFE,Player-74C1,0,0,,0,0
20261003-001430,235.9,Spear,Account-5C40,Player-F494,0,0,,0,0
20261003-001430,235.9,Spear,Account-F4C4,Player-89AD,0,0,,0,0
20261003-001430,235.9,Spear,Account-AD4B,Player-8FDE,0,0,,0,0
20261003-001430,235.9,Spear,Account-9754,Player-DE24,0,0,,0,0
20261003-002223,161.6,Spear,Account-9365,Player-DDA6,0,0,,0,0
20261003-002223,161.6,Spear,Account-83FE,Player-BCA0,0,0,,0,0
20261003-002223,161.6,Spear,Account-8C31,Player-FBAD,0,0,,0,0
20261003-002223,161.6,Spear,Account-E3BC,Player-258F,0,0,,0,0
20261003-002223,161.6,Spear,Account-E596,Player-1B8E,0,0,,0,0
20261003-002223,161.6,Spear,Account-9FFE,Player-74C1,0,0,,0,0
20261003-002223,161.6,Spear,Account-5C40,Player-F494,0,0,,0,0
20261003-002223,161.6,Spear,Account-F4C4,Player-89AD,0,0,,0,0
20261003-002223,161.6,Spear,Account-AD4B,Player-8FDE,0,0,,0,0
20261003-002223,161.6,Spear,Account-9754,Player-DE24,0,0,,0,0
20261003-002223,198.2,Spear,Account-9365,Player-DDA6,0,0,,0,0
20261003-002223,198.2,Spear,Account-83FE,Player-BCA0,0,0,,0,0
20261003-002223,198.2,Spear,Account-8C31,Player-FBAD,0,0,,0,0
20261003-002223,198.2,Spear,Account-E3BC,Player-258F,0,0,,0,0
20261003-002223,198.2,Spear,Account-E596,Player-1B8E,0,0,,0,0
20261003-002223,198.2,Spear,Account-9FFE,Player-74C1,0,0,,0,0
20261003-002223,198.2,Spear,Account-5C40,Player-F494,0,0,,0,0
20261003-002223,198.2,Spear,Account-F4C4,Player-89AD,0,0,,0,0
20261003-002223,198.2,Spear,Account-AD4B,Player-8FDE,0,0,,0,0
20261003-002223,198.2,Spear,Account-9754,Player-DE24,0,0,,0,0
20261003-002223,235.4,Spear,Account-9365,Player-DDA6,0,0,,0,0
20261003-002223,235.4,Spear,Account-83FE,Player-BCA0,0,0,,0,0
20261003-002223,235.4,Spear,Account-8C31,Player-FBAD,0,0,,0,0
20261003-002223,235.4,Spear,Account-E3BC,Player-258F,0,0,,0,0
20261003-002223,235.4,Spear,Account-E596,Player-1B8E,0,0,,0,0
20261003-002223,235.4,Spear,Account-9FFE,Player-74C1,0,0,,0,0
20261003-002223,235.4,Spear,Account-5C40,Player-F494,0,0,,0,0
20261003-002223,235.4,Spear,Account-F4C4,Player-89AD,0,0,,0,0
20261003-002223,235.4,Spear,Account-AD4B,Player-8FDE,0,0,,0,0
20261003-002223,235.4,Spear,Account-9754,Player-DE24,0,0,,0,0
20261003-002526,162.3,Spear,Account-83FE,Player-BCA0,0,0,,0,0
20261003-002526,162.3,Spear,Account-E3BC,Player-258F,0,0,,0,0
20261003-002526,162.3,Spear,Account-E596,Player-1B8E,1,141018,9 0 8,169,1
20261003-002526,162.3,Spear,Account-9FFE,Player-74C1,0,0,,0,0
20261003-002526,162.3,Spear,Account-5C40,Player-F494,0,0,,0,0
20261003-002526,162.3,Spear,Account-F4C4,Player-89AD,0,0,,0,0
20261003-002526,162.3,Spear,Account-AD4B,Player-8FDE,1,138945,9 0 8,174,1
20261003-002526,162.3,Spear,Account-9754,Player-DE24,0,0,,0,0