log,t,ox,oy,aimx,aimy,aim_dist,endx,endy,travelled,end_from_centre,flight_s,speed,n_in_cast
20260929-230929,218.154,12080,16720,11450,21680,5000,11930,17900,1189,2589,0.390,3050,6
20260929-230929,218.154,12080,16720,16060,19750,5002,13350,17690,1598,2618,0.520,3073,6
20260929-230929,218.154,12080,16720,7470,18650,4998,10610,17330,1592,2571,0.520,3061,6
20260929-230929,218.154,12080,16720,16690,14790,4998,14770,15590,2918,2562,0.952,3065,6
20260929-230929,218.154,12080,16720,8100,13690,5002,9660,14880,3040,2600,0.992,3065,6
20260929-230929,218.154,12080,16720,12720,11760,5001,12590,12750,4003,2604,1.312,3051,6
20260929-230929,254.790,12080,16720,13960,21350,4997,12530,17820,1188,2512,0.396,3001,6
20260929-230929,254.790,12080,16720,15150,12770,5003,11280,17750,-1304,2599,0.434,-3005,6
20260929-230929,254.790,12080,16720,7130,16030,4998,14140,17000,-2079,2545,0.676,-3075,6
20260929-230929,254.790,12080,16720,17030,17410,4998,9910,16420,-2191,2557,0.714,-3068,6
20260929-230929,254.790,12080,16720,9010,20660,4995,14320,13840,-3649,2572,1.200,-3040,6
20260929-230929,254.790,12080,16720,10200,12090,4997,10660,13230,3768,2615,1.236,3048,6
20260929-231520,195.874,10880,14930,5910,15450,4997,9710,15050,1176,2527,0.394,2985,6
20260929-231520,195.874,10880,14930,7940,10880,5005,10120,13880,1296,2552,0.434,2987,6
20260929-231520,195.874,10880,14930,8850,19500,5001,10110,16660,1894,2497,0.638,2968,6
20260929-231520,195.874,10880,14930,12910,10360,5001,11800,12860,2265,2503,0.754,3004,6
20260929-231520,195.874,10880,14930,13830,18970,5002,12920,17720,3456,2492,1.154,2995,6
20260929-231520,195.874,10880,14930,15850,14400,4998,14710,14520,3852,2616,1.278,3014,6
20260929-231520,232.270,10880,14930,7130,11620,5002,10010,14160,1162,2501,0.394,2949,6
20260929-231520,232.270,10880,14930,6140,16520,5000,9670,15330,1274,2552,0.434,2936,6
20260929-231520,232.270,10880,14930,9890,19830,4999,11300,12860,-2112,2634,0.678,-3115,6
20260929-231520,232.270,10880,14930,11870,10020,5009,10420,17210,-2326,2606,0.752,-3093,6
20260929-231520,232.270,10880,14930,15620,13330,5003,14390,13750,3703,2681,1.202,3081,6
20260929-231520,232.270,10880,14930,14630,18230,4995,13730,17440,3798,2596,1.236,3073,6
20260929-231520,268.904,9690,15660,5990,19020,4998,9790,15570,-135,2444,0.044,-3058,6
20260929-231520,268.904,9690,15660,4930,14140,4997,9820,15700,-136,2430,0.044,-3091,6
20260929-231520,268.904,9690,15660,14450,17180,4997,5260,14240,-4652,7046,1.520,-3061,6
20260929-231520,268.904,9690,15660,10750,20540,4994,10980,21580,6059,6375,2.000,3029,6
20260929-231520,268.904,9690,15660,13390,12290,5005,5210,19730,-6053,8279,2.000,-3026,6
20260929-231520,268.904,9690,15660,8630,10770,5004,8400,9740,6059,6769,2.000,3029,6
20260929-232028,191.126,11650,14050,8450,10210,4999,10890,13140,1186,2561,0.390,3040,6
20260929-232028,191.126,11650,14050,13380,9360,4999,12100,12820,1310,2510,0.432,3032,6
20260929-232028,191.126,11650,14050,6720,14900,5003,9900,14350,1776,2519,0.590,3009,6
20260929-232028,191.126,11650,14050,16580,13200,5003,14110,13630,2496,2539,0.832,3000,6
20260929-232028,191.126,11650,14050,9920,18740,4999,10500,17170,3325,2522,1.108,3001,6
20260929-232028,191.126,11650,14050,14850,17900,5006,14090,16990,3821,2501,1.276,2994,6
20260929-232602,217.877,11180,16440,6610,18470,5001,10210,16870,1061,2535,0.350,3032,6
20260929-232602,217.877,11180,16440,11700,11460,5007,11060,17610,-1176,2561,0.390,-3016,6
20260929-232602,217.877,11180,16440,15220,19380,4997,9730,15380,-1796,2492,0.594,-3024,6
20260929-232602,217.877,11180,16440,7130,13500,5005,13020,17770,-2270,2570,0.756,-3003,6
20260929-232602,217.877,11180,16440,10660,21410,4997,11550,12890,-3569,2528,1.198,-2979,6
20260929-232602,217.877,11180,16440,15750,14400,5005,14660,14890,3810,2477,1.278,2981,6
20260929-232602,254.265,11090,16380,15880,14950,4999,10050,16690,-1085,2564,0.362,-2998,6
20260929-232602,254.265,11090,16380,12250,11520,4997,10840,17430,-1079,2516,0.362,-2982,6
20260929-232602,254.265,11090,16380,7460,12940,5001,9630,15000,2009,2612,0.642,3129,6
20260929-232602,254.265,11090,16380,14720,19820,5001,12710,17920,2235,2638,0.722,3096,6
20260929-232602,254.265,11090,16380,9930,21240,4997,11970,12690,-3793,2649,1.246,-3045,6
20260929-232602,254.265,11090,16380,6290,17800,5006,14820,15270,-3892,2599,1.280,-3040,6
20260929-233227,211.267,13200,16490,11750,11710,4995,13520,17530,-1088,2557,0.360,-3023,6
20260929-233227,211.267,13200,16490,8330,15360,4999,14370,16760,-1201,2582,0.398,-3017,6
20260929-233227,211.267,13200,16490,16620,12840,5002,11880,17910,-1939,2605,0.642,-3020,6
20260929-233227,211.267,13200,16490,9780,20140,5002,14770,14820,-2292,2598,0.767,-2988,6
20260929-233227,211.267,13200,16490,18070,17630,5002,9680,15670,-3614,2565,1.202,-3007,6
20260929-233227,211.267,13200,16490,14650,21280,5005,12080,12800,-3856,2531,1.284,-3003,6
20260929-233227,247.425,12430,16360,10910,11600,4997,12900,17820,-1534,2583,0.516,-2972,6
20260929-233227,247.425,12430,16360,9060,20060,5005,11210,17700,1812,2579,0.602,3010,6
20260929-233227,247.425,12430,16360,7540,15290,5006,14310,16770,-1924,2538,0.644,-2988,6
20260929-233227,247.425,12430,16360,17310,17430,4996,9750,15770,-2744,2511,0.916,-2996,6
20260929-233227,247.425,12430,16360,15800,12660,5005,14460,14130,3016,2539,1.004,3004,6
20260929-233227,247.425,12430,16360,13950,21120,4997,11330,12900,-3631,2586,1.206,-3010,6
20260929-233952,214.638,13540,15790,16970,19430,5001,14360,16660,1196,2520,0.402,2974,6
20260929-233952,214.638,13540,15790,18410,14640,5004,14800,15500,1293,2584,0.434,2979,6
20260929-233952,214.638,13540,15790,12100,20580,5002,12930,17830,2129,2601,0.670,3178,6
20260929-233952,214.638,13540,15790,14980,11000,5002,14190,13640,2246,2593,0.712,3155,6
20260929-233952,214.638,13540,15790,8670,16940,5004,9950,16640,3689,2624,1.194,3090,6
20260929-233952,214.638,13540,15790,10110,12150,5001,10940,13030,3792,2631,1.232,3078,6
20260929-233952,250.840,13000,16430,15720,20630,5004,13630,17420,1173,2522,0.390,3009,6
20260929-233952,250.840,13000,16430,17990,16180,4996,14610,16350,1612,2598,0.508,3173,6
20260929-233952,250.840,13000,16430,10720,20880,5000,12260,17870,1619,2543,0.508,3187,6
20260929-233952,250.840,13000,16430,15270,11980,4996,14340,13800,2952,2612,0.956,3088,6
20260929-233952,250.840,13000,16430,8000,16690,5007,9940,16590,3064,2608,0.992,3089,6
20260929-233952,250.840,13000,16430,10280,12240,4995,10810,13060,4019,2671,1.312,3063,6
20260929-234806,227.590,11140,16380,6510,18280,5005,10120,16800,1103,2566,0.366,3014,6
20260929-234806,227.590,11140,16380,10470,21340,5005,10980,17570,1201,2563,0.398,3017,6
20260929-234806,227.590,11140,16380,15100,19440,5005,9740,15300,-1768,2482,0.596,-2967,6
20260929-234806,227.590,11140,16380,7190,13320,4997,12930,17760,-2260,2534,0.758,-2982,6
20260929-234806,227.590,11140,16380,11810,11430,4995,11620,12820,3592,2579,1.202,2989,6
20260929-234806,227.590,11140,16380,15770,14480,5005,14690,14930,3835,2500,1.284,2987,6
20260929-234806,264.466,11690,15900,15600,12780,5002,10210,17080,-1893,2668,0.604,-3134,6
20260929-234806,264.466,11690,15900,12440,20840,4997,12010,18000,2124,2681,0.680,3124,6
20260929-234806,264.466,11690,15900,16350,17720,5003,9590,15080,-2254,2643,0.724,-3114,6
20260929-234806,264.466,11690,15900,7030,14080,5003,14370,16950,-2878,2692,0.924,-3115,6
20260929-234806,264.466,11690,15900,10940,10950,5006,11220,12820,3116,2700,1.000,3116,6
20260929-234806,264.466,11690,15900,7780,19020,5002,14410,13720,-3486,2715,1.124,-3101,6
20260929-234806,301.028,12590,16700,14660,21250,4999,13090,17800,1208,2621,0.402,3006,6
20260929-234806,301.028,12590,16700,9680,20770,5003,11690,17960,1548,2686,0.482,3212,6
20260929-234806,301.028,12590,16700,17570,17190,5004,14380,16870,1798,2653,0.562,3199,6
20260929-234806,301.028,12590,16700,7620,16210,4994,9860,16430,2743,2606,0.880,3117,6
20260929-234806,301.028,12590,16700,15500,12630,5003,14520,14000,3319,2654,1.076,3084,6
20260929-234806,301.028,12590,16700,10530,12150,4995,10910,12980,4082,2689,1.320,3092,6
20260929-235415,195.758,10830,15210,6030,13790,5006,9680,14870,1199,2582,0.398,3013,6
20260929-235415,195.758,10830,15210,7210,18650,4994,9760,16220,1471,2618,0.478,3078,6
20260929-235415,195.758,10830,15210,9650,10350,5001,10430,13560,1698,2517,0.554,3065,6
20260929-235415,195.758,10830,15210,12000,20070,4999,11450,17780,2644,2571,0.874,3025,6
20260929-235415,195.758,10830,15210,14450,11760,5001,13200,12940,3282,2580,1.082,3033,6
20260929-235415,195.758,10830,15210,15630,16620,5003,14640,16330,3971,2618,1.312,3027,6
20260929-235415,231.874,10190,15460,5490,13740,5005,9620,15250,607,2603,0.202,3007,6
20260929-235415,231.874,10190,15460,6350,18660,4999,9720,15850,611,2556,0.202,3023,6
20260929-235415,231.874,10190,15460,11050,20380,4995,9960,14160,-1320,2545,0.436,-3028,6
20260929-235415,231.874,10190,15460,9330,10530,5004,10500,17250,-1817,2581,0.604,-3008,6
20260929-235415,231.874,10190,15460,14020,12250,4997,13150,12980,3862,2524,1.274,3031,6
20260929-235415,231.874,10190,15460,14880,17170,4992,14270,16950,4344,2613,1.438,3021,6
20260929-235415,268.868,11190,15520,6320,16660,5002,9660,15870,1570,2618,0.526,2984,6
20260929-235415,268.868,11190,15520,7760,11870,5009,9960,14220,1790,2518,0.600,2983,6
20260929-235415,268.868,11190,15520,9750,20300,4992,10640,17340,1901,2560,0.642,2962,6
20260929-235415,268.868,11190,15520,12630,10730,5002,12020,12760,2882,2575,0.966,2984,6
20260929-235415,268.868,11190,15520,14610,19160,4995,13220,17680,2964,2556,0.998,2970,6
20260929-235415,268.868,11190,15520,16050,14370,4994,14670,14690,3578,2530,1.198,2986,6
20260929-235415,309.866,9800,15350,14600,13960,4997,9680,15390,-126,2542,0.042,-3009,6
20260929-235415,309.866,9800,15350,13400,18820,5000,9710,15260,-127,2513,0.042,-3030,6
20260929-235415,309.866,9800,15350,11000,10500,4996,9710,15700,-361,2539,0.120,-3011,6
20260929-235848,180.957,10840,15520,6850,18530,4998,9890,16230,1186,2500,0.392,3025,6
20260929-235848,180.957,10840,15520,6230,13570,5005,9750,15060,1183,2486,0.392,3018,6
20260929-235848,180.957,10840,15520,11450,20480,4997,11110,17720,2217,2638,0.717,3091,6
20260929-235848,180.957,10840,15520,10220,10560,4999,10560,13320,2218,2606,0.717,3093,6
20260929-235848,180.957,10840,15520,15440,17470,4996,14220,16950,3670,2574,1.192,3079,6
20260929-235848,180.957,10840,15520,14830,12500,5004,13870,13230,3798,2668,1.234,3078,6
20260929-235848,217.227,11030,15750,15120,12880,4996,9960,16500,-1307,2548,0.444,-2943,6
20260929-235848,217.227,11030,15750,6490,13640,5006,9690,15130,1476,2539,0.478,3089,6
20260929-235848,217.227,11030,15750,10590,10770,4999,11200,17730,-1987,2611,0.638,-3115,6
20260929-235848,217.227,11030,15750,11470,20730,4999,10800,13190,-2570,2567,0.838,-3067,6
20260929-235848,217.227,11030,15750,15560,17860,4997,14010,17130,3284,2539,1.084,3030,6
20260929-235848,217.227,11030,15750,6930,18620,5005,14110,13580,-3768,2573,1.242,-3034,6
20260930-000603,181.955,12880,16560,16230,20270,4999,13670,17440,1183,2561,0.404,2927,6
20260930-000603,181.955,12880,16560,11350,21320,5000,12470,17820,1325,2505,0.446,2971,6
20260930-000603,181.955,12880,16560,17760,15510,4992,14690,16170,1852,2608,0.606,3055,6
20260930-000603,181.955,12880,16560,7990,17620,5004,10330,17110,2609,2599,0.842,3098,6
20260930-000603,181.955,12880,16560,14410,11800,5000,13920,13310,3412,2637,1.122,3041,6
20260930-000603,181.955,12880,16560,9520,12860,4998,10280,13700,3865,2533,1.280,3020,6
20260930-000603,218.593,11990,16310,10700,11480,4999,12410,17860,-1606,2540,0.522,-3076,6
20260930-000603,218.593,11990,16310,8450,19850,5006,10770,17540,1732,2646,0.566,3061,6
20260930-000603,218.593,11990,16310,16820,17610,5002,14210,16910,2300,2541,0.756,3042,6
20260930-000603,218.593,11990,16310,7160,15020,4999,9650,15680,2423,2596,0.800,3029,6
20260930-000603,218.593,11990,16310,15530,12780,4999,14420,13890,3429,2627,1.124,3051,6
20260930-000603,218.593,11990,16310,13280,21140,4999,11110,13000,-3425,2579,1.124,-3047,6
20260930-000603,255.511,11210,15160,6250,14540,4999,9590,14950,1634,2659,0.525,3111,6
20260930-000603,255.511,11210,15160,9260,10550,5005,10490,13440,1865,2561,0.600,3108,6
20260930-000603,255.511,11210,15160,14220,11170,4998,10020,16730,-1970,2610,0.640,-3078,6
20260930-000603,255.511,11210,15160,8200,19150,4998,12980,12810,-2942,2629,0.960,-3065,6
20260930-000603,255.511,11210,15160,13160,19760,4996,12400,17970,3052,2649,0.998,3058,6
20260930-000603,255.511,11210,15160,16170,15770,4997,14850,15610,3668,2644,1.202,3051,6
20260930-002046,180.880,13170,14300,16750,10810,5000,14030,13470,1195,2592,0.398,3003,6
20260930-002046,180.880,13170,14300,11940,9460,4994,12780,12760,1589,2627,0.514,3091,6
20260930-002046,180.880,13170,14300,17990,15660,5008,14710,14740,1602,2557,0.514,3116,6
20260930-002046,180.880,13170,14300,8360,12950,4996,10370,13520,2907,2587,0.960,3028,6
20260930-002046,180.880,13170,14300,14410,19150,5006,13920,17230,3024,2550,0.992,3049,6
20260930-002046,180.880,13170,14300,9600,17800,4999,10320,17090,3988,2593,1.314,3035,6
20260930-002046,217.794,12410,14070,11170,18910,4996,12740,12790,-1322,2590,0.436,-3032,6
20260930-002046,217.794,12410,14070,8840,10570,4999,11260,12950,1605,2565,0.518,3099,6
20260930-002046,217.794,12410,14070,7600,15420,4996,14190,13570,-1849,2639,0.600,-3081,6
20260930-002046,217.794,12410,14070,17230,12720,5005,9710,14820,-2802,2562,0.924,-3033,6
20260930-002046,217.794,12410,14070,15980,17570,4999,14640,16250,3119,2588,1.034,3016,6
20260930-002046,217.794,12410,14070,13650,9230,4996,11450,17830,-3881,2619,1.282,-3027,6
20260930-002046,254.156,13600,14380,9660,17460,5001,14240,13880,-812,2484,0.272,-2986,6
20260930-002046,254.156,13600,14380,18230,16250,4993,14700,14830,1188,2528,0.396,3001,6
20260930-002046,254.156,13600,14380,12900,9430,4999,13410,13070,1324,2551,0.438,3022,6
20260930-002046,254.156,13600,14380,14290,19330,4998,13980,17110,2756,2504,0.912,3022,6
20260930-002046,254.156,13600,14380,8960,12510,5003,10810,13250,3010,2512,0.996,3022,6
20260930-002046,254.156,13600,14380,17540,11300,5001,10280,16970,-4211,2543,1.394,-3021,6
20260930-002046,290.950,12440,13700,11650,8760,5003,12290,12770,942,2558,0.316,2981,6
20260930-002046,290.950,12440,13700,16320,10550,4998,13270,13020,1073,2534,0.364,2948,6
20260930-002046,290.950,12440,13700,7770,11910,5001,11000,13140,1545,2505,0.516,2994,6
20260930-002046,290.950,12440,13700,17110,15490,5001,14700,14560,2418,2594,0.806,3000,6
20260930-002046,290.950,12440,13700,8550,16840,4999,9720,15900,3498,2566,1.164,3005,6
20260930-002046,290.950,12440,13700,13220,18630,4991,13080,17730,4081,2551,1.360,3000,6
20260930-002947,190.556,13160,14190,17500,11700,5004,14090,13650,1075,2511,0.356,3021,6
20260930-002947,190.556,13160,14190,13170,9190,5000,13160,12990,1200,2519,0.400,3000,6
20260930-002947,190.556,13160,14190,8840,11680,4996,14790,15140,-1887,2575,0.600,-3144,6
20260930-002947,190.556,13160,14190,17490,16700,5005,11130,13010,-2348,2562,0.752,-3122,6
20260930-002947,190.556,13160,14190,13150,19190,5000,13150,17770,3580,2613,1.160,3086,6
20260930-002947,190.556,13160,14190,8820,16680,5004,9770,16140,3911,2583,1.272,3075,6
20260930-002947,226.988,12580,14630,10210,19030,4998,13470,12990,-1866,2650,0.604,-3089,6
20260930-002947,226.988,12580,14630,9950,10370,5006,11480,12840,2101,2596,0.682,3081,6
20260930-002947,226.988,12580,14630,7590,14780,4992,14680,14560,-2101,2575,0.682,-3081,6
20260930-002947,226.988,12580,14630,17580,14480,5002,9640,14720,-2941,2652,0.964,-3051,6
20260930-002947,226.988,12580,14630,15210,18880,4998,14130,17130,2942,2625,0.964,3051,6
20260930-002947,226.988,12580,14630,14950,10220,5006,10960,17650,-3427,2643,1.128,-3038,6
20260930-002947,263.952,11460,14390,14940,17980,5000,10540,13440,-1322,2528,0.438,-3019,6
20260930-002947,263.952,11460,14390,10090,19200,5001,11940,12720,-1738,2623,0.558,-3114,6
20260930-002947,263.952,11460,14390,16310,13180,4999,9650,14840,-1865,2617,0.602,-3098,6
20260930-002947,263.952,11460,14390,6610,15610,5001,14280,13680,-2908,2636,0.952,-3055,6
20260930-002947,263.952,11460,14390,12830,9580,5001,10620,17310,-3038,2549,0.994,-3057,6
20260930-002947,263.952,11460,14390,7980,10800,5000,14070,17090,-3755,2554,1.234,-3043,6
20260930-002947,305.266,10830,13140,12500,17850,4997,10880,13270,139,2456,0.044,3164,6
20260930-002947,305.266,10830,13140,15750,14060,5005,11100,13190,275,2414,0.090,3051,6
20260930-002947,305.266,10830,13140,7580,16940,5000,10500,13530,511,2489,0.166,3078,6
20260930-002947,305.266,10830,13140,14090,9340,5007,12500,11190,2567,4147,0.844,3042,6
20260930-002947,305.266,10830,13140,5920,12220,4995,4900,12030,6033,8030,2.000,3016,6
20260930-002947,305.266,10830,13140,9170,8420,5003,8830,7450,6031,8577,2.000,3016,6
20260930-002947,346.022,10870,13200,11230,18180,4993,10880,13320,120,2414,0.048,2509,6
20260930-002947,346.022,10870,13200,6370,11020,5000,10980,13250,-121,2420,0.048,-2517,6
20260930-002947,346.022,10870,13200,15010,10390,5004,12400,12160,1850,3172,0.602,3073,6
20260930-002947,346.022,10870,13200,6730,16000,4998,5890,16580,6019,6454,2.002,3006,6
20260930-002947,346.022,10870,13200,10510,8210,5003,10430,7190,6026,8332,2.002,3010,6
20260930-002947,346.022,10870,13200,15370,15380,5000,5450,10570,-6024,8276,2.002,-3009,6
20260930-002947,382.782,10870,13200,15550,11440,5000,10990,13150,130,2502,0.046,2824,6
20260930-002947,382.782,10870,13200,10050,18130,4998,10850,13320,122,2431,0.046,2645,6
20260930-002947,382.782,10870,13200,14730,16370,4995,10970,13280,128,2400,0.046,2784,6
20260930-002947,382.782,10870,13200,11690,8260,5008,11350,10320,2920,5083,0.958,3048,6
20260930-002947,382.782,10870,13200,6190,14950,4996,5210,15320,6044,7012,2.006,3013,6
20260930-002947,382.782,10870,13200,7010,10020,5001,6200,9350,6052,8485,2.006,3017,6
20260930-003645,192.546,13510,16100,15960,20460,5001,14110,17170,1227,2638,0.406,3022,6
20260930-003645,192.546,13510,16100,18510,16150,5000,14730,16120,1220,2631,0.406,3005,6
20260930-003645,192.546,13510,16100,16050,11800,4994,12430,17930,-2125,2611,0.680,-3125,6
20260930-003645,192.546,13510,16100,10960,20410,5008,14590,14270,-2125,2594,0.682,-3116,6
20260930-003645,192.546,13510,16100,8510,16050,5000,9720,16070,3790,2609,1.242,3052,6
20260930-003645,192.546,13510,16100,11050,11750,4997,11640,12800,3793,2593,1.242,3054,6
20260930-003645,229.034,13460,15890,18140,17670,5007,14580,16310,1196,2555,0.396,3021,6
20260930-003645,229.034,13460,15890,14260,20820,4994,13730,17520,1652,2661,0.516,3202,6
20260930-003645,229.034,13460,15890,9590,19040,4990,14840,14770,-1777,2677,0.556,-3197,6
20260930-003645,229.034,13460,15890,17340,12730,5004,11200,17730,-2914,2611,0.956,-3048,6
20260930-003645,229.034,13460,15890,12670,10950,5003,12990,12930,2997,2518,0.990,3027,6
20260930-003645,229.034,13460,15890,8790,14110,4998,9680,14450,4045,2689,1.318,3069,6
20260930-003645,266.272,13020,17210,16690,20600,4996,13440,17600,573,2579,0.190,3017,6
20260930-003645,266.272,13020,17210,11920,22090,5002,12890,17770,575,2532,0.190,3026,6
20260930-003645,266.272,13020,17210,8240,18700,5007,14270,16820,-1309,2535,0.438,-2990,6
20260930-003645,266.272,13020,17210,17790,15730,4994,11340,17730,-1759,2559,0.554,-3174,6
20260930-003645,266.272,13020,17210,14120,12330,5002,13900,13280,4027,2647,1.314,3065,6
20260930-003645,266.272,13020,17210,9340,13820,5003,9800,14240,4381,2655,1.434,3055,6
20260930-003645,302.820,11670,16850,9760,21470,4999,11290,17750,977,2596,0.324,3015,6
20260930-003645,302.820,11670,16850,8620,12880,5006,12470,17890,-1312,2575,0.442,-2969,6
20260930-003645,302.820,11670,16850,6710,17500,5002,10360,17020,1321,2516,0.442,2989,6
20260930-004322,175.312,10870,14970,5870,14760,5004,9660,14920,1211,2594,0.398,3043,6
20260930-004322,175.312,10870,14970,8560,10540,4996,10190,13670,1467,2622,0.482,3044,6
20260930-004322,175.312,10870,14970,13550,10750,4999,9890,16510,-1825,2614,0.598,-3052,6
20260930-004322,175.312,10870,14970,8190,19190,4999,12290,12740,-2644,2588,0.874,-3025,6
20260930-004322,175.312,10870,14970,13180,19410,5005,12390,17890,3292,2568,1.082,3042,6
20260930-004322,175.312,10870,14970,15860,15190,4995,14870,15140,4004,2655,1.322,3028,6
20260930-004322,212.026,10950,15540,5980,15020,4997,9620,15400,1337,2603,0.446,2999,6
20260930-004322,212.026,10950,15540,13890,11500,4997,10080,16730,-1474,2560,0.488,-3021,6
20260930-004322,212.026,10950,15540,12980,20110,5001,10160,13770,-1938,2584,0.646,-3000,6
20260930-004322,212.026,10950,15540,8920,10970,5001,11980,17860,-2538,2544,0.848,-2993,6
20260930-004322,212.026,10950,15540,8010,19590,5005,12920,12830,-3350,2593,1.120,-2991,6
20260930-004322,212.026,10950,15540,15920,16070,4998,14660,15940,3731,2514,1.246,2995,6
20260930-004322,249.108,12160,14840,9510,10610,4992,10990,12980,2197,2651,0.726,3027,6
20260930-004322,249.108,12160,14840,9810,19260,5006,13190,12910,-2188,2604,0.726,-3013,6
20260930-004322,249.108,12160,14840,17160,14660,5003,9630,14930,-2532,2622,0.840,-3014,6
20260930-004322,249.108,12160,14840,7160,15020,5003,14690,14750,-2532,2535,0.840,-3014,6
20260930-004322,249.108,12160,14840,14500,10430,4992,10810,17390,-2885,2499,0.960,-3006,6
20260930-004322,249.108,12160,14840,14810,19080,5000,13760,17400,3019,2581,1.004,3007,6
20260930-004322,286.110,10190,14890,5590,12940,4996,9750,14700,479,2550,0.158,3033,6
20260930-004322,286.110,10190,14890,14180,11880,4998,9730,15240,-578,2493,0.192,-3010,6
20260930-004322,286.110,10190,14890,9580,9930,4997,10070,13930,967,2566,0.322,3005,6
20260930-004322,286.110,10190,14890,10800,19850,4997,10470,17130,2257,2513,0.752,3002,6
20260930-004322,286.110,10190,14890,6200,17900,4998,12850,12880,-3334,2527,1.112,-2998,6
20260930-004322,286.110,10190,14890,14800,16840,5005,14400,16670,4571,2559,1.518,3011,6
20260930-004322,326.988,10940,14380,15580,16230,4995,10030,14020,-979,2552,0.316,-3097,6
20260930-004322,326.988,10940,14380,10220,9430,5002,10760,13190,1204,2589,0.396,3039,6
20260930-004322,326.988,10940,14380,7010,17470,4999,9610,15420,1688,2613,0.520,3247,6
20260930-004322,326.988,10940,14380,14860,11280,4998,12920,12810,2527,2612,0.802,3151,6
20260930-004322,326.988,10940,14380,11650,19330,5001,11420,17770,3424,2571,1.112,3079,6
20260930-004322,326.988,10940,14380,6290,12520,5008,14800,15920,-4156,2646,1.352,-3074,6
20260930-004948,185.038,11950,13960,10910,18850,4999,12200,12790,-1196,2537,0.399,-2999,6
20260930-004948,185.038,11950,13960,8240,10610,4999,10990,13080,1302,2563,0.435,2994,6
20260930-004948,185.038,11950,13960,16710,12410,5006,13840,13340,1989,2563,0.637,3123,6
20260930-004948,185.038,11950,13960,7200,15500,4993,9740,14680,2324,2565,0.753,3087,6
20260930-004948,185.038,11950,13960,15670,17300,4999,14580,16320,3534,2559,1.151,3070,6
20260930-004948,185.038,11950,13960,12990,9060,5009,11150,17760,-3883,2658,1.271,-3055,6
20260930-004948,221.309,12570,13870,14120,9120,4996,12910,12840,1085,2581,0.356,3047,6
20260930-004948,221.309,12570,13870,9230,10150,4999,11590,12780,1466,2625,0.476,3079,6
20260930-004948,221.309,12570,13870,7680,14910,4999,14130,13540,-1595,2615,0.518,-3078,6
20260930-004948,221.309,12570,13870,17460,12830,4999,9840,14450,-2791,2538,0.916,-3047,6
20260930-004948,221.309,12570,13870,15920,17590,5006,14680,16210,3151,2612,1.042,3024,6
20260930-004948,221.309,12570,13870,11020,18620,4996,11300,17790,4121,2629,1.362,3025,6
20260930-004948,257.503,12610,12850,8050,14900,5000,12480,12900,139,2441,0.046,3023,6
20260930-004948,257.503,12610,12850,13110,7870,5005,12600,12980,-130,2378,0.046,-2834,6
20260930-004948,257.503,12610,12850,8550,9930,5001,12720,12930,-136,2449,0.046,-2957,6
20260930-004948,257.503,12610,12850,12110,17820,4995,12780,11150,-1708,4215,0.566,-3019,6
20260930-004948,257.503,12610,12850,16670,15770,5001,7710,9310,-6045,7521,2.000,-3022,6
20260930-004948,257.503,12610,12850,17170,10790,5004,18120,10370,6042,7705,2.002,3018,6
20260930-010007,186.876,12230,13930,9840,9530,5007,11660,12890,1186,2501,0.396,2995,6
20260930-010007,186.876,12230,13930,14840,9670,4996,12850,12920,1185,2488,0.396,2993,6
20260930-010007,186.876,12230,13930,17230,14060,5002,10060,13870,-2171,2607,0.720,-3015,6
20260930-010007,186.876,12230,13930,7230,13800,5002,14400,13990,-2171,2556,0.720,-3015,6
20260930-010007,186.876,12230,13930,9620,18190,4996,10330,17030,3636,2545,1.202,3025,6
20260930-010007,186.876,12230,13930,14610,18320,4994,14010,17210,3732,2597,1.236,3019,6
20260930-010007,223.074,11500,14820,15410,17930,4996,10180,13770,-1687,2568,0.564,-2991,6
20260930-010007,223.074,11500,14820,6850,16650,4997,9720,15520,1913,2509,0.638,2998,6
20260930-010007,223.074,11500,14820,12240,9870,5005,11800,12810,2032,2552,0.676,3006,6
20260930-010007,223.074,11500,14820,10760,19760,4995,11080,17670,2881,2606,0.966,2982,6
20260930-010007,223.074,11500,14820,16150,12980,5001,14180,13760,2882,2508,0.966,2983,6
20260930-010007,223.074,11500,14820,7580,11710,5004,14220,16980,-3473,2593,1.162,-2989,6
20260930-010007,260.074,13190,14600,18140,13900,4999,14620,14400,1444,2571,0.480,3008,6
20260930-010007,260.074,13190,14600,15060,9960,5003,13730,13270,1435,2551,0.480,2990,6
20260930-010007,260.074,13190,14600,10110,10670,4993,14600,16410,-2294,2613,0.761,-3015,6
20260930-010007,260.074,13190,14600,16280,18540,5007,11780,12800,-2287,2566,0.761,-3005,6
20260930-010007,260.074,13190,14600,11330,19240,4999,11900,17820,3469,2513,1.162,2985,6
20260930-010007,260.074,13190,14600,8240,15310,5001,9630,15110,3596,2601,1.202,2992,6
20260930-010656,182.275,13490,14740,18470,15200,5001,14680,14850,1195,2504,0.400,2988,6
20260930-010656,182.275,13490,14740,16380,10660,5000,14180,13770,1190,2502,0.400,2976,6
20260930-010656,182.275,13490,14740,15580,19280,4998,14420,16750,2215,2619,0.716,3093,6
20260930-010656,182.275,13490,14740,11400,10200,4998,12570,12730,2211,2621,0.716,3087,6
20260930-010656,182.275,13490,14740,10610,18830,5002,11320,17810,3759,2641,1.232,3052,6
20260930-010656,182.275,13490,14740,8510,14290,5000,9750,14400,3755,2640,1.232,3048,6
20260930-010656,219.193,13210,14470,15970,10300,5001,13920,13400,1284,2569,0.436,2945,6
20260930-010656,219.193,13210,14470,18200,14780,5000,14680,14560,1473,2575,0.476,3094,6
20260930-010656,219.193,13210,14470,10980,10000,4995,12330,12710,1968,2620,0.640,3075,6
20260930-010656,219.193,13210,14470,15440,18950,5004,14350,16770,2567,2571,0.841,3052,6
20260930-010656,219.193,13210,14470,8220,14170,4999,9770,14260,3446,2674,1.124,3066,6
20260930-010656,219.193,13210,14470,10450,18640,5001,11050,17740,3919,2682,1.278,3067,6
20260930-010656,256.191,12730,15920,13880,20790,5004,13160,17720,1851,2570,0.596,3105,6
20260930-010656,256.191,12730,15920,17520,17370,5005,14500,16460,1851,2544,0.596,3105,6
20260930-010656,256.191,12730,15920,9090,19350,5001,10940,17610,2462,2618,0.804,3062,6
20260930-010656,256.191,12730,15920,16380,12500,5002,14610,14160,2575,2658,0.838,3073,6
20260930-010656,256.191,12730,15920,7950,14480,4992,9590,14980,3278,2654,1.072,3058,6
20260930-010656,256.191,12730,15920,11590,11060,4992,11980,12730,3277,2609,1.072,3057,6
20260930-010656,297.983,11660,14760,6990,12990,4994,9940,14110,1839,2586,0.602,3054,6
20260930-010656,297.983,11660,14760,10860,9830,4994,11350,12830,1955,2645,0.642,3045,6
20260930-010656,297.983,11660,14760,7790,17930,5003,9760,16320,2458,2654,0.806,3050,6
20260930-010656,297.983,11660,14760,15530,11600,4996,13650,13140,2566,2612,0.848,3026,6
20260930-010656,297.983,11660,14760,12470,19700,5006,12170,17870,3152,2543,1.039,3033,6
20260930-010656,297.983,11660,14760,16340,16540,5007,14740,15930,3295,2589,1.086,3034,6
20260930-011344,191.590,12130,16720,13090,21630,5003,12360,17880,1183,2556,0.400,2956,6
20260930-011344,191.590,12130,16720,8360,20000,4997,11150,17580,1304,2495,0.439,2970,6
20260930-011344,191.590,12130,16720,7410,15090,4994,13920,17340,-1894,2633,0.594,-3189,6
20260930-011344,191.590,12130,16720,16860,18350,5003,9660,15870,-2612,2618,0.840,-3110,6
20260930-011344,191.590,12130,16720,15910,13440,5005,14740,14460,3452,2664,1.112,3105,6
20260930-011344,191.590,12130,16720,11180,11810,5001,11380,12840,3952,2626,1.280,3087,6
20260930-011344,227.950,12840,16660,16650,19900,5001,13740,17430,1184,2594,0.392,3022,6
20260930-011344,227.950,12840,16660,13730,11750,4990,12630,17830,-1189,2536,0.392,-3032,6
20260930-011344,227.950,12840,16660,8130,18350,5004,14740,15980,-2018,2602,0.640,-3153,6
20260930-011344,227.950,12840,16660,17550,14980,5001,10720,17420,-2252,2576,0.716,-3145,6
20260930-011344,227.950,12840,16660,11940,21580,5002,13500,13050,-3670,2612,1.196,-3068,6
20260930-011344,227.950,12840,16660,9030,13430,4995,9840,14120,3931,2670,1.278,3076,6
20260930-011344,264.028,12530,15350,7540,14990,5003,14870,15520,-2346,2655,0.758,-3095,6
20260930-011344,264.028,12530,15350,14710,19850,5000,13600,17570,2464,2632,0.796,3096,6
20260930-011344,264.028,12530,15350,15330,11210,4998,13910,13310,2463,2631,0.796,3094,6
20260930-011344,264.028,12530,15350,9720,19490,5004,11010,17590,2707,2567,0.880,3076,6
20260930-011344,264.028,12530,15350,10340,10850,5005,11290,12810,2827,2684,0.920,3072,6
20260930-011344,264.028,12530,15350,17520,15710,5003,9590,15140,-2947,2638,0.954,-3090,6
20260930-011934,186.390,10930,15860,7430,19430,4999,10080,16730,1216,2560,0.402,3026,6
20260930-011934,186.390,10930,15860,6090,14620,4996,9620,15530,1351,2609,0.446,3029,6
20260930-011934,186.390,10930,15860,9590,11050,4993,11450,17720,-1931,2514,0.642,-3008,6
20260930-011934,186.390,10930,15860,12270,20680,5003,10310,13650,-2295,2543,0.764,-3004,6
20260930-011934,186.390,10930,15860,15770,17110,4999,14320,16730,3500,2524,1.160,3017,6
20260930-011934,186.390,10930,15860,14430,12290,4999,13640,13090,3875,2649,1.292,2999,6
20260930-011934,223.510,11610,16000,7030,17990,4994,10060,16680,1693,2550,0.564,3001,6
20260930-011934,223.510,11610,16000,11040,20970,5003,11410,17790,1801,2593,0.600,3002,6
20260930-011934,223.510,11610,16000,7600,13020,4996,9740,14620,2324,2580,0.768,3026,6
20260930-011934,223.510,11610,16000,15630,18990,5010,13670,17530,2566,2636,0.846,3033,6
20260930-011934,223.510,11610,16000,12190,11040,4994,11990,12770,3252,2568,1.084,3000,6
20260930-011934,223.510,11610,16000,16200,14020,4999,14710,14660,3377,2576,1.124,3005,6
20260930-011934,260.552,13010,15900,16210,19730,4991,14020,17110,1576,2532,0.522,3019,6
20260930-011934,260.552,13010,15900,17930,15040,4995,14800,15580,1818,2591,0.602,3021,6
20260930-011934,260.552,13010,15900,11290,20590,4995,12260,17930,2164,2603,0.722,2997,6
20260930-011934,260.552,13010,15900,14730,11200,5005,13920,13410,2651,2561,0.880,3013,6
20260930-011934,260.552,13010,15900,8080,16750,5003,9910,16430,3145,2561,1.042,3018,6
20260930-011934,260.552,13010,15900,9800,12060,5005,10760,13200,3515,2581,1.162,3025,6
20260930-012807,201.668,13300,14440,9010,17000,4996,14340,13820,-1211,2600,0.396,-3058,6
20260930-012807,201.668,13300,14440,13230,9440,5000,13280,12950,1490,2602,0.478,3117,6
20260930-012807,201.668,13300,14440,8940,12000,4996,14820,15290,-1742,2599,0.558,-3121,6
20260930-012807,201.668,13300,14440,17670,16880,5005,10840,13070,-2816,2647,0.922,-3054,6
20260930-012807,201.668,13300,14440,13370,19440,5000,13350,17610,3170,2546,1.040,3048,6
20260930-012807,201.668,13300,14440,17600,11880,5004,9850,16500,-4018,2646,1.320,-3044,6
20260930-012807,238.508,12840,14300,13720,9370,5008,13100,12820,1503,2657,0.478,3144,6
20260930-012807,238.508,12840,14300,17540,12600,4998,14360,13740,1620,2663,0.520,3115,6
20260930-012807,238.508,12840,14300,9010,11070,5010,11230,12940,2108,2585,0.678,3108,6
20260930-012807,238.508,12840,14300,16660,17520,4996,14800,15950,2562,2653,0.832,3079,6
20260930-012807,238.508,12840,14300,8130,16000,5007,9650,15450,3391,2575,1.112,3049,6
20260930-012807,238.508,12840,14300,11960,19220,4998,12190,17890,3648,2563,1.202,3035,6
20260930-012807,275.942,13170,15660,17250,18540,4994,14460,16570,1579,2560,0.518,3048,6
20260930-012807,275.942,13170,15660,17710,13560,5002,14810,14900,1808,2623,0.600,3013,6
20260930-012807,275.942,13170,15660,12710,20630,4991,12960,17840,2190,2619,0.724,3025,6
20260930-012807,275.942,13170,15660,13630,10680,5001,13410,12990,2681,2622,0.886,3026,6
20260930-012807,275.942,13170,15660,8630,17750,4998,10180,17030,3289,2658,1.078,3051,6
20260930-012807,275.942,13170,15660,9090,12770,5000,10300,13630,3515,2564,1.158,3036,6
20260930-012807,319.500,11370,15020,6730,13150,5003,9820,14390,1673,2578,0.556,3009,6
20260930-012807,319.500,11370,15020,15310,11940,5001,9860,16200,-1916,2518,0.638,-3004,6
20260930-012807,319.500,11370,15020,10670,10070,4999,11080,12960,2080,2628,0.686,3033,6
20260930-012807,319.500,11370,15020,12070,19970,4999,11790,17930,2940,2638,0.962,3056,6
20260930-012807,319.500,11370,15020,7440,18100,4993,13690,13200,-2949,2585,0.962,-3065,6
20260930-012807,319.500,11370,15020,16010,16890,5003,14650,16340,3536,2631,1.166,3032,6
20260930-013625,174.630,12720,14020,12240,9040,5003,12600,12810,1216,2546,0.400,3040,6
20260930-013625,174.630,12720,14020,16790,11120,4997,13800,13250,1326,2609,0.440,3015,6
20260930-013625,174.630,12720,14020,8170,11940,5003,10760,13130,2153,2639,0.682,3156,6
20260930-013625,174.630,12720,14020,17260,16100,4994,14890,15010,2385,2687,0.764,3122,6
20260930-013625,174.630,12720,14020,8640,16920,5006,9710,16160,3693,2646,1.202,3073,6
20260930-013625,174.630,12720,14020,13190,19000,5002,13080,17810,3807,2627,1.240,3070,6
20260930-013625,210.712,11790,13640,10730,8760,4994,11610,12840,820,2561,0.274,2993,6
20260930-013625,210.712,11790,13640,7020,12110,5009,10660,13280,1186,2575,0.392,3025,6
20260930-013625,210.712,11790,13640,15490,10280,4998,12660,12850,1175,2516,0.392,2998,6
20260930-013625,210.712,11790,13640,8080,17000,5005,9590,15630,2966,2649,0.964,3077,6
20260930-013625,210.712,11790,13640,16550,15170,5000,14710,14580,3068,2598,0.996,3080,6
20260930-013625,210.712,11790,13640,12840,18530,5001,12720,17950,4409,2670,1.436,3070,6
20260930-013625,247.148,10970,14780,7280,11390,5011,10090,13970,1196,2527,0.396,3020,6
20260930-013625,247.148,10970,14780,6200,16280,5000,9710,15170,1319,2517,0.440,2998,6
20260930-013625,247.148,10970,14780,12050,9890,5008,11400,12830,1997,2629,0.644,3101,6
20260930-013625,247.148,10970,14780,9880,19660,5000,10430,17180,2460,2577,0.796,3090,6
20260930-013625,247.148,10970,14780,15740,13270,5003,14330,13720,3523,2651,1.156,3048,6
20260930-013625,247.148,10970,14780,14650,18160,4997,13840,17410,3893,2638,1.278,3046,6
20260930-013625,283.788,11120,13760,6650,11520,5000,10480,13430,720,2576,0.240,3000,6
20260930-013625,283.788,11120,13760,10830,8770,4998,11080,13040,721,2556,0.240,3005,6
20260930-013625,283.788,11120,13760,6950,16510,4995,9770,14650,1617,2543,0.518,3122,6
20260930-013625,283.788,11120,13760,15300,11010,5003,12580,12800,1747,2553,0.558,3131,6
20260930-013625,283.788,11120,13760,11420,18750,4999,11360,17770,4017,2590,1.316,3053,6
20260930-013625,283.788,11120,13760,15590,16000,5000,14830,15620,4150,2625,1.360,3052,6
20260930-013625,324.104,11540,15240,6620,14370,4996,9590,14900,1979,2666,0.644,3074,6
20260930-013625,324.104,11540,15240,8320,19070,5004,10120,16930,2207,2643,0.716,3083,6
20260930-013625,324.104,11540,15240,9830,10540,5001,10790,13180,2192,2581,0.716,3062,6
20260930-013625,324.104,11540,15240,13240,19950,5007,12490,17880,2806,2567,0.918,3056,6
20260930-013625,324.104,11540,15240,14760,11420,4996,13410,13020,2903,2595,0.958,3030,6
20260930-013625,324.104,11540,15240,16460,16120,4998,14770,15820,3282,2596,1.078,3044,6
20260930-014701,184.435,13560,14920,18540,14520,4996,14760,14820,1204,2589,0.404,2981,6
20260930-014701,184.435,13560,14920,15710,10400,5005,14220,13530,1539,2688,0.482,3192,6
20260930-014701,184.435,13560,14920,16390,19040,4998,14630,16480,1892,2670,0.596,3174,6
20260930-014701,184.435,13560,14920,10720,10800,5004,12000,12650,2754,2687,0.884,3116,6
20260930-014701,184.435,13560,14920,11410,19430,4996,12110,17960,3368,2635,1.086,3101,6
20260930-014701,184.435,13560,14920,8570,15310,5005,9490,15240,4083,2733,1.324,3084,6
20260930-014701,220.755,13360,15750,16760,19420,5003,14410,16890,1550,2689,0.476,3256,6
20260930-014701,220.755,13360,15750,18230,14640,4995,14870,15410,1548,2650,0.476,3252,6
20260930-014701,220.755,13360,15750,14830,10970,5001,12690,17920,-2271,2635,0.720,-3154,6
20260930-014701,220.755,13360,15750,11890,20530,5001,14060,13480,-2375,2606,0.758,-3134,6
20260930-014701,220.755,13360,15750,8480,16870,5007,9870,16550,3581,2650,1.158,3092,6
20260930-014701,220.755,13360,15750,9950,12090,5002,10840,13050,3693,2664,1.196,3088,6
20260930-014701,257.351,12310,16680,12460,21680,5002,12350,17870,1191,2546,0.396,3007,6
20260930-014701,257.351,12310,16680,16720,19060,5011,13770,17470,1660,2644,0.522,3180,6
20260930-014701,257.351,12310,16680,8060,19310,4998,10910,17550,1648,2581,0.524,3146,6
20260930-014701,257.351,12310,16680,16570,14060,5001,14840,15130,2967,2626,0.962,3084,6
20260930-014701,257.351,12310,16680,7910,14310,4998,9600,15220,3078,2624,1.000,3078,6
20260930-014701,257.351,12310,16680,12170,11690,4992,12200,12640,4041,2687,1.324,3052,6
20260930-014701,299.145,10730,16280,7100,19720,5001,10110,16870,856,2615,0.282,3035,6
20260930-014701,299.145,10730,16280,5930,14860,5006,9800,16010,968,2516,0.324,2989,6
20260930-014701,299.145,10730,16280,11890,21150,5006,11030,17560,1315,2531,0.442,2974,6
20260930-014701,299.145,10730,16280,9560,11420,4999,10130,13780,2571,2602,0.840,3061,6
20260930-014701,299.145,10730,16280,15520,17710,4999,14030,17270,3445,2654,1.126,3060,6
20260930-014701,299.145,10730,16280,14360,12850,4994,13930,13250,4407,2690,1.442,3056,6
20260930-014701,340.183,10260,16690,14320,13770,5001,10150,16770,-136,2524,0.050,-2720,6
20260930-014701,340.183,10260,16690,5700,14630,5004,10030,16580,255,2524,0.086,2964,6
20260930-014701,340.183,10260,16690,9770,11710,5004,10280,16940,-251,2524,0.086,-2916,6
20260930-014701,340.183,10260,16690,10750,21660,4994,9990,14000,-2704,2597,0.880,-3072,6
20260930-014701,340.183,10260,16690,14820,18750,5004,12850,17860,2842,2609,0.924,3076,6
20260930-014701,340.183,10260,16690,6200,19600,4995,14320,13780,-4995,2607,1.642,-3042,6
20260930-014701,377.067,10770,16670,5970,18070,5000,10200,16830,592,2519,0.198,2990,6
20260930-014701,377.067,10770,16670,9590,21520,4991,10600,17370,720,2608,0.238,3027,6
20260930-014701,377.067,10770,16670,7160,13210,5000,9680,15620,1513,2558,0.482,3140,6
20260930-014701,377.067,10770,16670,14390,20120,5001,12040,17870,1747,2549,0.556,3143,6
20260930-014701,377.067,10770,16670,11960,11810,5004,11730,12770,4016,2604,1.316,3052,6
20260930-014701,377.067,10770,16670,15570,15270,5000,14850,15480,4250,2633,1.394,3049,6
20260930-015718,178.315,10970,14710,5970,14900,5004,9770,14750,1201,2519,0.398,3017,6
20260930-015718,178.315,10970,14710,13630,18940,4997,10270,13590,-1321,2613,0.440,-3002,6
20260930-015718,178.315,10970,14710,8640,19130,4997,9920,16690,2241,2675,0.718,3121,6
20260930-015718,178.315,10970,14710,13300,10280,5005,12010,12720,2245,2616,0.718,3127,6
20260930-015718,178.315,10970,14710,8300,10480,5002,12930,17810,-3668,2582,1.192,-3077,6
20260930-015718,178.315,10970,14710,15960,14520,4994,14770,14560,3803,2661,1.236,3077,6
20260930-015718,214.827,11020,14990,6030,14690,4999,9690,14910,1332,2566,0.444,3001,6
20260930-015718,214.827,11020,14990,8780,10520,5000,10280,13510,1655,2659,0.524,3158,6
20260930-015718,214.827,11020,14990,8270,19160,4995,9920,16660,2000,2660,0.638,3134,6
20260930-015718,214.827,11020,14990,13780,10820,5001,12530,12710,2735,2636,0.884,3094,6
20260930-015718,214.827,11020,14990,13260,19460,5000,12510,17960,3323,2648,1.080,3077,6
20260930-015718,214.827,11020,14990,16010,15290,4999,14820,15220,3807,2601,1.242,3065,6
20260930-015718,251.147,11940,13930,11420,8960,4997,11810,12740,1197,2620,0.396,3023,6
20260930-015718,251.147,11940,13930,7370,11890,5005,10540,13310,1531,2626,0.482,3177,6
20260930-015718,251.147,11940,13930,15990,11000,4999,13260,12970,1632,2576,0.522,3127,6
20260930-015718,251.147,11940,13930,7890,16860,4999,9640,15590,2836,2595,0.920,3083,6
20260930-015718,251.147,11940,13930,16500,15970,4996,14840,15230,3178,2620,1.044,3044,6
20260930-015718,251.147,11940,13930,12450,18910,5006,12350,17940,4031,2616,1.324,3044,6
20260930-015718,293.269,11530,15580,7710,18800,4996,10120,16770,1845,2549,0.598,3085,6
20260930-015718,293.269,11530,15580,6820,13880,5007,9690,14910,1958,2566,0.634,3089,6
20260930-015718,293.269,11530,15580,12410,20500,4998,11940,17870,2326,2558,0.756,3077,6
20260930-015718,293.269,11530,15580,10640,10650,5010,11070,13050,2571,2552,0.836,3076,6
20260930-015718,293.269,11530,15580,16230,17270,4995,14490,16650,3147,2626,1.032,3050,6
20260930-015718,293.269,11530,15580,15350,12350,5003,14050,13450,3300,2621,1.078,3061,6
20260930-020654,180.432,10850,15040,6060,13610,4999,9710,14700,1190,2589,0.400,2974,6
20260930-020654,180.432,10850,15040,7210,18470,5001,9800,16030,1443,2521,0.484,2982,6
20260930-020654,180.432,10850,15040,12000,19910,5004,10470,13430,-1654,2582,0.558,-2965,6
20260930-020654,180.432,10850,15040,9700,10180,4994,11480,17700,-2734,2486,0.918,-2978,6
20260930-020654,180.432,10850,15040,14490,11620,4995,13130,12900,3127,2592,1.044,2995,6
20260930-020654,180.432,10850,15040,15640,16480,5002,14630,16180,3948,2555,1.316,3000,6
20260930-020654,216.796,11670,14980,8450,11150,5004,10450,13520,1903,2531,0.632,3010,6
20260930-020654,216.796,11670,14980,6750,15850,4996,9670,15330,2030,2552,0.676,3004,6
20260930-020654,216.796,11670,14980,9970,19680,4998,12450,12820,-2297,2518,0.764,-3006,6
20260930-020654,216.796,11670,14980,13380,10280,5001,10770,17450,-2629,2571,0.878,-2994,6
20260930-020654,216.796,11670,14980,16590,14100,4998,14640,14450,3017,2573,1.002,3011,6
20260930-020654,216.796,11670,14980,14890,18800,4996,13680,17360,3115,2502,1.034,3013,6
20260930-020654,253.628,12040,16320,10690,21140,5005,11600,17910,1650,2656,0.520,3173,6
20260930-020654,253.628,12040,16320,8550,12750,4992,13360,17670,-1888,2605,0.596,-3168,6
20260930-020654,253.628,12040,16320,7200,17560,4996,10080,16820,2023,2610,0.644,3141,6
20260930-020654,253.628,12040,16320,16890,15090,5004,14810,15620,2857,2605,0.920,3106,6
20260930-020654,253.628,12040,16320,15530,19900,5000,9890,14120,-3076,2626,1.000,-3076,6
20260930-020654,253.628,12040,16320,13400,11510,4999,13040,12780,3679,2676,1.196,3076,6
20260930-020654,290.026,13210,15450,18150,16230,5001,14830,15710,1641,2636,0.522,3143,6
20260930-020654,290.026,13210,15450,10070,19340,4999,14470,13890,-2005,2669,0.644,-3114,6
20260930-020654,290.026,13210,15450,15010,20120,5005,13930,17330,2013,2632,0.644,3126,6
20260930-020654,290.026,13210,15450,11410,10790,4996,12140,12680,2969,2649,0.962,3087,6
20260930-020654,290.026,13210,15450,16350,11560,4999,11350,17760,-2966,2584,0.962,-3083,6
20260930-020654,290.026,13210,15450,8270,14680,5000,9560,14880,3694,2699,1.202,3073,6
20260930-130931,172.713,12530,13960,15820,10200,4996,13320,13060,1198,2519,0.400,2994,6
20260930-130931,172.713,12530,13960,10920,9230,4996,12140,12830,1195,2499,0.400,2988,6
20260930-130931,172.713,12530,13960,7630,12990,4995,14550,14360,-2059,2521,0.684,-3011,6
20260930-130931,172.713,12530,13960,17440,14940,5007,10410,13540,-2161,2545,0.718,-3010,6
20260930-130931,172.713,12530,13960,14140,18700,5006,13690,17380,3611,2524,1.196,3020,6
20260930-130931,172.713,12530,13960,9240,17730,5004,10070,16770,3735,2590,1.238,3017,6
20260930-130931,209.271,12120,14140,11460,9190,4994,11950,12820,1331,2522,0.444,2997,6
20260930-130931,209.271,12120,14140,16080,11090,4998,13450,13120,1676,2526,0.562,2982,6
20260930-130931,209.271,12120,14140,7500,12240,4995,10470,13460,1785,2560,0.600,2974,6
20260930-130931,209.271,12120,14140,16750,16040,5005,14790,15230,2884,2570,0.958,3010,6
20260930-130931,209.271,12120,14140,8170,17200,4997,9750,15980,3000,2556,1.000,3000,6
20260930-130931,209.271,12120,14140,12790,19100,5005,12620,17840,3734,2544,1.242,3006,6
20260930-130931,245.713,12760,15380,17670,14410,5005,14780,14980,2059,2582,0.680,3028,6
20260930-130931,245.713,12760,15380,16060,19140,5003,14200,17020,2182,2604,0.718,3040,6
20260930-130931,245.713,12760,15380,14370,10650,4996,13530,13110,2397,2575,0.796,3011,6
20260930-130931,245.713,12760,15380,11160,20120,5003,11920,17880,2637,2570,0.876,3011,6
20260930-130931,245.713,12760,15380,9460,11630,4995,10840,13200,2905,2537,0.964,3013,6
20260930-130931,245.713,12760,15380,7860,16360,4997,9680,16000,3142,2629,1.042,3015,6
20260930-131331,179.034,11230,16320,8790,20680,4996,10650,17360,1191,2569,0.396,3007,6
20260930-131331,179.034,11230,16320,6230,16380,5000,9920,16330,1310,2510,0.434,3018,6
20260930-131331,179.034,11230,16320,13780,20620,4999,12190,17940,1883,2613,0.602,3128,6
20260930-131331,179.034,11230,16320,8680,12020,4999,9920,14100,2578,2608,0.834,3091,6
20260930-131331,179.034,11230,16320,16230,16260,5000,14660,16280,3430,2618,1.114,3079,6
20260930-131331,179.034,11230,16320,13680,11960,5001,13150,12900,3922,2599,1.282,3059,6
20260930-131331,215.674,10640,16210,5670,16820,5007,9830,16310,816,2586,0.272,3001,6
20260930-131331,215.674,10640,16210,12600,11610,5000,10320,16960,-815,2506,0.272,-2998,6
20260930-131748,173.713,11740,14010,12240,18990,5005,11620,12820,-1196,2579,0.396,-3020,6
20260930-131748,173.713,11740,14010,16300,16070,5004,10520,13460,-1338,2526,0.442,-3028,6
20260930-131748,173.713,11740,14010,15800,11100,4995,13200,12970,1793,2552,0.598,2998,6
20260930-131748,173.713,11740,14010,7680,16930,5001,9720,15470,2492,2506,0.842,2960,6
20260930-131748,173.713,11740,14010,7190,11950,4995,14810,15400,-3370,2589,1.122,-3004,6
20260930-131748,173.713,11740,14010,11250,9040,4994,12120,17840,-3849,2515,1.282,-3002,6
20260930-131748,209.989,11100,14820,14620,18370,4999,10170,13880,-1322,2511,0.440,-3005,6
20260930-131748,209.989,11100,14820,15930,13550,4994,9680,15190,-1467,2545,0.482,-3044,6
20260930-131748,209.989,11100,14820,12410,10000,4995,11640,12830,2062,2564,0.682,3023,6
20260930-131748,209.989,11100,14820,9780,19650,5007,10460,17150,2416,2535,0.798,3028,6
20260930-131748,209.989,11100,14820,6260,16100,5006,14360,13960,-3372,2538,1.122,-3005,6
20260930-131748,209.989,11100,14820,7570,11270,5006,13730,17470,-3734,2620,1.242,-3006,6
20260930-132907,181.592,13000,16490,14930,21100,4998,13470,17610,1215,2602,0.402,3021,6
20260930-132907,181.592,13000,16490,17960,17120,5000,14510,16680,1522,2658,0.482,3157,6
20260930-132907,181.592,13000,16490,9970,20470,5002,11930,17890,1762,2579,0.562,3135,6
20260930-132907,181.592,13000,16490,16030,12510,5002,14640,14340,2704,2612,0.878,3080,6
20260930-132907,181.592,13000,16490,8040,15850,5001,9730,16070,3297,2600,1.078,3058,6
20260930-132907,181.592,13000,16490,11070,11880,4998,11450,12780,4021,2662,1.318,3051,6
20260930-132907,217.672,13200,16000,18010,17390,5007,14630,16420,1490,2645,0.474,3144,6
20260930-132907,217.672,13200,16000,14410,20860,5008,13590,17570,1618,2627,0.516,3135,6
20260930-132907,217.672,13200,16000,16800,12530,5000,14700,14560,2079,2594,0.674,3085,6
20260930-132907,217.672,13200,16000,9600,19470,5000,11340,17790,2581,2616,0.840,3073,6
20260930-132907,217.672,13200,16000,12000,11150,4996,12380,12690,3410,2642,1.118,3050,6
20260930-132907,217.672,13200,16000,8400,14620,4994,9680,14990,3662,2564,1.200,3052,6
20260930-132907,254.908,11810,15880,9100,20080,4998,10740,17540,1975,2663,0.640,3086,6
20260930-132907,254.908,11810,15880,6820,15640,4996,9590,15770,2223,2669,0.724,3070,6
20260930-132907,254.908,11810,15880,14100,20320,4996,12830,17850,2218,2595,0.724,3064,6
20260930-132907,254.908,11810,15880,9520,11430,5005,10530,13380,2809,2580,0.918,3060,6
20260930-132907,254.908,11810,15880,16800,16120,4996,14740,16020,2933,2612,0.966,3037,6
20260930-132907,254.908,11810,15880,14510,11670,5001,13580,13120,3279,2592,1.080,3036,6
20260930-132907,291.558,10810,17410,5810,17500,5001,10900,17410,-90,2467,0.028,-3214,6
20260930-132907,291.558,10810,17410,13390,21690,4997,10760,17330,-94,2479,0.028,-3369,6
20260930-132907,291.558,10810,17410,13220,13030,4999,10850,17320,98,2419,0.028,3505,6
20260930-132907,291.558,10810,17410,15810,17310,5001,4750,17520,-6061,7787,1.992,-3043,6
20260930-132907,291.558,10810,17410,8390,21780,4995,7880,22710,6056,8565,1.992,3040,6
20260930-132907,291.558,10810,17410,8230,13130,4997,13940,22600,-6061,7473,1.992,-3043,6
20260930-132907,332.184,11590,16250,15650,13330,5001,10400,17110,-1468,2549,0.478,-3072,6
20260930-132907,332.184,11590,16250,12090,21230,5005,11750,17850,1608,2566,0.524,3069,6
20260930-132907,332.184,11590,16250,16150,18310,5004,9600,15350,-2184,2622,0.720,-3033,6
20260930-132907,332.184,11590,16250,7030,14190,5004,13920,17300,-2556,2603,0.854,-2993,6
20260930-132907,332.184,11590,16250,11090,11280,4995,11250,12850,3417,2661,1.124,3040,6
20260930-132907,332.184,11590,16250,7530,19170,5001,14540,14130,-3633,2609,1.196,-3037,6
20260930-133514,176.111,13320,16190,18200,17270,4998,14510,16450,1218,2549,0.406,3000,6
20260930-133514,176.111,13320,16190,14830,20960,5003,13720,17460,1332,2606,0.446,2985,6
20260930-133514,176.111,13320,16190,9940,19880,5004,14740,14650,-2095,2608,0.684,-3062,6
20260930-133514,176.111,13320,16190,16700,12500,5004,11750,17910,-2329,2625,0.762,-3056,6
20260930-133514,176.111,13320,16190,11810,11420,5003,12210,12690,3672,2637,1.200,3060,6
20260930-133514,176.111,13320,16190,8440,15110,4998,9590,15370,3819,2632,1.248,3060,6
20260930-133514,212.473,13380,15650,8520,14460,5004,14660,15960,-1317,2519,0.440,-2993,6
20260930-133514,212.473,13380,15650,14780,20450,5000,13870,17330,1750,2594,0.562,3114,6
20260930-133514,212.473,13380,15650,16830,12040,4993,14660,14300,1860,2646,0.598,3111,6
20260930-133514,212.473,13380,15650,9920,19260,5000,11340,17770,2942,2597,0.962,3058,6
20260930-133514,212.473,13380,15650,11980,10850,5000,12520,12720,3054,2624,0.998,3060,6
20260930-133514,212.473,13380,15650,18230,16840,4994,9720,14750,-3769,2567,1.238,-3044,6
20260930-133514,248.797,12020,16010,9920,20540,4993,11190,17810,1982,2688,0.638,3107,6
20260930-133514,248.797,12020,16010,14900,20100,5002,13240,17730,2109,2610,0.678,3110,6
20260930-133514,248.797,12020,16010,7050,16460,4990,9840,16210,2189,2540,0.710,3083,6
20260930-133514,248.797,12020,16010,17000,15560,5000,14820,15760,2811,2634,0.914,3076,6
20260930-133514,248.797,12020,16010,9150,11920,4996,10280,13530,3030,2646,0.998,3036,6
20260930-133514,248.797,12020,16010,14130,11470,5006,13400,13050,3266,2564,1.074,3041,6
20260930-134135,177.792,10930,14790,5940,14560,4995,9740,14730,1192,2552,0.400,2979,6
20260930-134135,177.792,10930,14790,13240,19220,4996,10320,13620,-1319,2556,0.440,-2999,6
20260930-134135,177.792,10930,14790,8240,19000,4996,9900,16400,1911,2557,0.638,2996,6
20260930-134135,177.792,10930,14790,13620,10570,5004,12220,12770,2397,2557,0.798,3003,6
20260930-134135,177.792,10930,14790,8630,10350,5000,12540,17880,-3484,2572,1.160,-3004,6
20260930-134135,177.792,10930,14790,15930,15010,5005,14770,14960,3844,2575,1.278,3008,6
20260930-134135,214.228,10930,15290,6410,17440,5005,9740,15850,1315,2536,0.438,3003,6
20260930-134135,214.228,10930,15290,6800,12460,5007,9840,14540,1323,2508,0.438,3021,6
20260930-134135,214.228,10930,15290,10540,20270,4995,10760,17440,2157,2569,0.722,2987,6
20260930-134135,214.228,10930,15290,11310,10300,5004,11100,13020,2276,2566,0.758,3003,6
20260930-134135,214.228,10930,15290,15050,18110,4993,13890,17320,3589,2599,1.198,2996,6
20260930-134135,214.228,10930,15290,15440,13130,5001,14170,13740,3592,2513,1.198,2998,6
20260930-134135,251.306,12030,14430,9250,10280,4995,11040,12960,1772,2646,0.562,3154,6
20260930-134135,251.306,12030,14430,9820,18920,5004,12860,12740,-1883,2665,0.598,-3149,6
20260930-134135,251.306,12030,14430,17020,14100,5001,9670,14590,-2365,2656,0.758,-3121,6
20260930-134135,251.306,12030,14430,7040,14760,5001,14620,14260,-2596,2625,0.836,-3105,6
20260930-134135,251.306,12030,14430,14240,9940,5004,10550,17450,-3363,2702,1.082,-3108,6
20260930-134135,251.306,12030,14430,14810,18590,5003,13970,17320,3481,2651,1.122,3102,6
20260930-134135,288.666,10490,14980,5590,13980,5001,9660,14810,847,2613,0.280,3026,6
20260930-134135,288.666,10490,14980,7180,18720,4994,9690,15880,1204,2591,0.402,2995,6
20260930-134135,288.666,10490,14980,8900,10240,5000,10110,13840,1202,2583,0.402,2989,6
20260930-134135,288.666,10490,14980,12080,19720,5000,11430,17790,2963,2587,0.956,3099,6
20260930-134135,288.666,10490,14980,13800,11230,5002,12460,12760,2968,2578,0.956,3105,6
20260930-134135,288.666,10490,14980,15390,15970,4999,14840,15860,4438,2672,1.446,3069,6
20260930-134554,171.840,12290,16720,10110,21220,5000,11770,17800,1199,2514,0.398,3012,6
20260930-134554,171.840,12290,16720,15100,20860,5004,12960,17710,1195,2494,0.398,3004,6
20260930-134554,171.840,12290,16720,17280,16360,5003,10090,16880,-2206,2637,0.714,-3089,6
20260930-134554,171.840,12290,16720,7300,17090,5004,14490,16560,-2206,2582,0.714,-3089,6
20260930-134554,171.840,12290,16720,9480,12590,4995,10250,13710,3636,2550,1.192,3050,6
20260930-134554,171.840,12290,16720,14470,12220,5000,13940,13330,3770,2635,1.240,3040,6
20260930-135458,178.439,11060,16100,14220,12230,4996,10320,17000,-1165,2533,0.386,-3019,6
20260930-135458,178.439,11060,16100,6120,15300,5004,9760,15890,1317,2525,0.432,3048,6
20260930-135458,178.439,11060,16100,12830,20780,5004,11700,17790,1807,2517,0.595,3037,6
20260930-135458,178.439,11060,16100,9280,11430,4998,10170,13750,2513,2588,0.832,3020,6
20260930-135458,178.439,11060,16100,15990,16900,4994,14360,16640,3344,2509,1.108,3018,6
20260930-135458,178.439,11060,16100,7900,19980,5004,13480,13130,-3831,2532,1.274,-3007,6
20260930-135458,215.345,11430,16260,9390,20830,5005,10840,17580,1446,2643,0.446,3242,6
20260930-135458,215.345,11430,16260,16400,15740,4997,9770,16440,-1670,2692,0.520,-3211,6
20260930-135458,215.345,11430,16260,14370,20310,5005,12620,17900,2026,2603,0.644,3146,6
20260930-135458,215.345,11430,16260,8490,12220,4997,9890,14140,2620,2617,0.842,3112,6
20260930-135458,215.345,11430,16260,6450,16780,5007,14760,15910,-3348,2604,1.084,-3089,6
20260930-135458,215.345,11430,16260,13460,11690,5001,12980,12780,3810,2658,1.242,3067,6
20260930-135458,251.467,12530,15400,16980,17690,5005,14650,16490,2384,2692,0.760,3137,6
20260930-135458,251.467,12530,15400,16730,12700,4993,14540,14110,2388,2619,0.760,3143,6
20260930-135458,251.467,12530,15400,12770,20400,5006,12650,17910,2513,2618,0.802,3133,6
20260930-135458,251.467,12530,15400,12290,10410,4996,12400,12640,2763,2693,0.886,3119,6
20260930-135458,251.467,12530,15400,8330,18110,4998,10130,16950,2857,2647,0.918,3112,6
20260930-135458,251.467,12530,15400,8080,13120,5000,9880,14040,2979,2672,0.962,3096,6
20260930-135458,293.705,11220,16470,7070,19270,5006,10300,17080,1104,2601,0.366,3016,6
20260930-135458,293.705,11220,16470,11570,21450,4992,11300,17650,1183,2499,0.396,2987,6
20260930-135458,293.705,11220,16470,6720,14280,5005,9620,15690,1780,2627,0.556,3201,6
20260930-135458,293.705,11220,16470,15710,18650,4991,13570,17610,2612,2651,0.842,3102,6
20260930-135458,293.705,11220,16470,10860,11480,5003,10970,13040,3439,2607,1.116,3082,6
20260930-135458,293.705,11220,16470,15360,13670,4998,14580,14190,4061,2618,1.324,3067,6
20260930-140955,182.033,10860,15020,15760,14050,4995,9690,15250,-1192,2533,0.397,-3004,6
20260930-140955,182.033,10860,15020,7560,11260,5003,9990,14030,1318,2581,0.439,3002,6
20260930-140955,182.033,10860,15020,12470,10290,4996,10170,17040,-2135,2672,0.679,-3144,6
20260930-140955,182.033,10860,15020,9250,19760,5006,11620,12790,-2356,2608,0.755,-3120,6
20260930-140955,182.033,10860,15020,14150,18780,4996,13280,17790,3678,2680,1.199,3068,6
20260930-140955,182.033,10860,15020,5950,16000,5007,14580,14280,-3793,2581,1.239,-3061,6
20260930-140955,218.424,11070,15490,6720,17960,5002,9770,16230,1496,2612,0.482,3103,6
20260930-140955,218.424,11070,15490,6760,12960,4998,9680,14670,1614,2625,0.522,3092,6
20260930-140955,218.424,11070,15490,11040,20490,5000,11050,17710,2220,2655,0.722,3075,6
20260930-140955,218.424,11070,15490,11100,10490,5000,11090,13030,2460,2561,0.806,3052,6
20260930-140955,218.424,11070,15490,15380,18020,4998,14040,17230,3442,2632,1.128,3052,6
20260930-140955,218.424,11070,15490,15420,13020,5002,14260,13680,3668,2621,1.204,3046,6
20260930-140955,255.310,12460,15620,15660,19460,4999,13870,17310,2201,2578,0.714,3083,6
20260930-140955,255.310,12460,15620,17390,14770,5003,14870,15200,2446,2651,0.798,3066,6
20260930-140955,255.310,12460,15620,10730,20310,4999,11610,17910,2443,2654,0.798,3061,6
20260930-140955,255.310,12460,15620,14190,10930,4999,13440,12980,2816,2645,0.918,3068,6
20260930-140955,255.310,12460,15620,7530,16460,5001,9690,16090,2810,2644,0.918,3061,6
20260930-140955,255.310,12460,15620,9260,11770,5006,10580,13360,2940,2562,0.960,3062,6
20260930-140955,291.552,12620,13680,15710,9750,4999,13200,12950,932,2571,0.310,3008,6
20260930-140955,291.552,12620,13680,10760,9050,4990,12280,12820,925,2508,0.310,2983,6
20260930-140955,291.552,12620,13680,17570,14390,5001,14300,13920,1697,2510,0.556,3052,6
20260930-140955,291.552,12620,13680,7670,12980,4999,10560,13390,2080,2552,0.676,3077,6
20260930-140955,291.552,12620,13680,14490,18320,5003,14040,17190,3786,2603,1.240,3054,6
20260930-140955,291.552,12620,13680,9540,17620,5001,10150,16840,4011,2565,1.312,3057,6
20260930-142129,182.479,12580,13980,9750,18100,4998,13250,13010,-1179,2535,0.390,-3023,6
20260930-142129,182.479,12580,13980,10430,9470,4996,12020,12800,1306,2535,0.434,3010,6
20260930-142129,182.479,12580,13980,17570,14370,5005,14500,14130,1926,2574,0.634,3038,6
20260930-142129,182.479,12580,13980,7600,13590,4995,10210,13790,2378,2532,0.792,3002,6
20260930-142129,182.479,12580,13980,14740,18490,5001,14080,17120,3480,2582,1.158,3005,6
20260930-142129,182.479,12580,13980,15410,9850,5007,10410,17140,-3833,2563,1.274,-3009,6
20260930-142129,218.593,12590,14260,14980,9860,5007,13280,12990,1445,2566,0.478,3024,6
20260930-142129,218.593,12590,14260,9980,9990,5004,11720,12830,1674,2547,0.554,3021,6
20260930-142129,218.593,12590,14260,17590,14130,5002,14510,14210,1921,2547,0.638,3010,6
20260930-142129,218.593,12590,14260,7590,14380,5001,9870,14320,2721,2558,0.914,2977,6
20260930-142129,218.593,12590,14260,15200,18520,4996,14210,16890,3089,2529,1.036,2982,6
20260930-142129,218.593,12590,14260,10200,18650,4998,10810,17530,3723,2616,1.244,2993,6
20260930-142522,177.433,10830,14930,5910,15810,4998,9650,15140,1199,2578,0.402,2981,6
20260930-142522,177.433,10830,14930,7620,11110,4990,10060,14010,1200,2531,0.402,2984,6
20260930-142522,177.433,10830,14930,9130,19630,4998,10130,16880,2072,2605,0.676,3065,6
20260930-142522,177.433,10830,14930,12540,10230,5001,11580,12880,2183,2530,0.716,3049,6
20260930-142522,177.433,10830,14930,14050,18760,5004,13190,17730,3662,2590,1.198,3057,6
20260930-142522,177.433,10830,14930,15760,14060,5006,14540,14280,3767,2544,1.236,3047,6
20260930-143043,176.312,13610,15460,8980,17340,4997,14740,15000,-1220,2540,0.404,-3020,6
20260930-143043,176.312,13610,15460,17560,18530,5003,14670,16280,1340,2627,0.446,3005,6
20260930-143043,176.312,13610,15460,14300,10510,4998,13890,13450,2029,2512,0.678,2993,6
20260930-143043,176.312,13610,15460,12930,20410,4996,13320,17580,2140,2506,0.719,2976,6
20260930-143043,176.312,13610,15460,9670,12390,4995,10770,13240,3605,2543,1.198,3009,6
20260930-143043,176.312,13610,15460,18250,13580,5006,10160,16860,-3723,2569,1.238,-3007,6
20260930-143043,212.716,13290,15830,16340,19790,4998,14170,16970,1440,2548,0.474,3038,6
20260930-143043,212.716,13290,15830,18250,15170,5004,14720,15640,1443,2518,0.474,3043,6
20260930-143043,212.716,13290,15830,11390,20450,4995,12470,17830,2162,2515,0.718,3011,6
20260930-143043,212.716,13290,15830,15200,11210,4999,14160,13730,2273,2512,0.752,3023,6
20260930-143043,212.716,13290,15830,8340,16490,4994,9890,16280,3430,2519,1.154,2972,6
20260930-143043,212.716,13290,15830,10240,11870,4998,11110,12990,3580,2588,1.198,2988,6
20260930-143043,249.226,12170,15000,12080,10000,5001,12130,12750,2250,2579,0.764,2945,6
20260930-143043,249.226,12170,15000,7790,12580,5004,10110,13850,2359,2577,0.800,2949,6
20260930-143043,249.226,12170,15000,7890,17580,4997,14190,13780,-2360,2504,0.800,-2950,6
20260930-143043,249.226,12170,15000,16450,12410,5003,9910,16360,-2638,2532,0.882,-2991,6
20260930-143043,249.226,12170,15000,16550,17410,4999,14600,16340,2775,2585,0.924,3003,6
20260930-143043,249.226,12170,15000,12270,20000,5001,12230,17880,2881,2553,0.962,2994,6
20260930-143043,290.384,10780,14820,6380,12440,5002,9840,14310,1069,2590,0.360,2971,6
20260930-143043,290.384,10780,14820,6530,17440,4993,9650,15520,1329,2579,0.442,3007,6
20260930-143043,290.384,10780,14820,10640,9820,5002,10740,13250,1571,2552,0.520,3020,6
20260930-143043,290.384,10780,14820,10930,19820,5002,10860,17460,2641,2530,0.878,3008,6
20260930-143043,290.384,10780,14820,15040,12200,5001,13540,13120,3242,2571,1.082,2996,6
20260930-143043,290.384,10780,14820,15180,17190,4998,14370,16750,4076,2577,1.360,2997,6
20260930-144016,198.358,11780,16650,12100,21640,5000,11850,17840,1192,2540,0.396,3010,6
20260930-144016,198.358,11780,16650,7620,19430,5003,10690,17380,1312,2561,0.436,3009,6
20260930-144016,198.358,11780,16650,16260,18870,5000,13570,17540,1999,2591,0.636,3143,6
20260930-144016,198.358,11780,16650,7290,14440,5004,9660,15610,2361,2577,0.756,3123,6
20260930-144016,198.358,11780,16650,15940,13880,4998,14720,14690,3533,2578,1.162,3041,6
20260930-144016,198.358,11780,16650,11450,11660,5001,11520,12750,3909,2671,1.280,3054,6
20260930-144016,234.510,12220,16680,11030,21540,5004,11930,17840,1196,2529,0.404,2960,6
20260930-144016,234.510,12220,16680,15830,20140,5000,13280,17700,1471,2598,0.480,3065,6
20260930-144016,234.510,12220,16680,7420,18080,5000,10430,17200,1864,2592,0.608,3066,6
20260930-144016,234.510,12220,16680,17020,15280,5000,14680,15960,2563,2538,0.840,3051,6
20260930-144016,234.510,12220,16680,8600,13220,5008,9840,14400,3296,2556,1.080,3052,6
20260930-144016,234.510,12220,16680,13400,11820,5001,13140,12890,3900,2605,1.282,3042,6
20260930-144016,271.152,11580,15440,6740,14160,5006,9660,14930,1987,2592,0.640,3104,6
20260930-144016,271.152,11580,15440,8050,18990,5006,10110,16910,2079,2639,0.676,3075,6
20260930-144016,271.152,11580,15440,10260,10610,5007,10940,13100,2426,2570,0.792,3063,6
20260930-144016,271.152,11580,15440,12890,20260,4995,12250,17910,2559,2583,0.838,3054,6
20260930-144016,271.152,11580,15440,15100,11890,4999,13800,13200,3154,2649,1.034,3050,6
20260930-144016,271.152,11580,15440,16410,16710,4994,14630,16240,3153,2576,1.034,3049,6
20260930-144016,313.065,11280,13920,10920,8930,5003,11210,12960,963,2574,0.319,3017,6
20260930-144016,313.065,11280,13920,15770,16100,4991,10410,13500,-966,2573,0.319,-3028,6
20260930-144016,313.065,11280,13920,15420,11110,5004,12910,12810,1972,2610,0.651,3029,6
20260930-144016,313.065,11280,13920,7130,16720,5006,9640,15020,1975,2600,0.651,3033,6
20260930-144016,313.065,11280,13920,6780,11730,5005,14740,15600,-3846,2533,1.279,-3007,6
20260930-144016,313.065,11280,13920,11630,18900,4992,11550,17760,3849,2524,1.279,3010,6
20260930-144016,353.822,11100,12950,13720,17210,5001,11220,13150,233,2397,0.086,2712,6
20260930-144016,353.822,11100,12950,13470,8550,4998,10980,13160,-242,2498,0.086,-2812,6
20260930-144016,353.822,11100,12950,6100,13100,5002,11440,12940,-340,2512,0.124,-2743,6
20260930-144016,353.822,11100,12950,8730,17360,5006,12190,10930,-2295,4398,0.760,-3020,6
20260930-144016,353.822,11100,12950,8470,8700,4998,7920,7800,6053,8670,2.002,3023,6
20260930-144016,353.822,11100,12950,16090,12810,4992,5050,13130,-6053,7501,2.002,-3023,6
20260930-144536,175.722,11170,16240,9370,20910,5005,10740,17340,1181,2499,0.394,2998,6
20260930-144536,175.722,11170,16240,6230,17020,5001,9880,16450,1307,2597,0.436,2998,6
20260930-144536,175.722,11170,16240,14310,20130,4999,12500,17890,2119,2578,0.676,3135,6
20260930-144536,175.722,11170,16240,8020,12350,5005,9750,14500,2246,2606,0.720,3119,6
20260930-144536,175.722,11170,16240,16110,15470,5000,14810,15670,3684,2611,1.202,3065,6
20260930-144536,175.722,11170,16240,12960,11580,4992,12540,12680,3815,2666,1.242,3071,6
20260930-144536,212.312,11360,16400,10190,21260,4999,11080,17570,1203,2516,0.404,2978,6
20260930-144536,212.312,11360,16400,16150,14980,4996,10090,16780,-1326,2579,0.444,-2986,6
20260930-144536,212.312,11360,16400,7740,12960,4994,12900,17860,-2122,2622,0.680,-3121,6
20260930-144536,212.312,11360,16400,14980,19850,5001,9650,14770,-2362,2631,0.764,-3092,6
20260930-144536,212.312,11360,16400,6560,17820,5006,14870,15360,-3661,2649,1.204,-3041,6
20260930-144536,212.312,11360,16400,12530,11540,4999,12250,12720,3786,2608,1.244,3043,6
20260930-144536,248.476,11760,15060,6830,14230,4999,9720,14720,2068,2574,0.672,3078,6
20260930-144536,248.476,11760,15060,10020,10380,4993,10990,12990,2209,2642,0.718,3076,6
20260930-144536,248.476,11760,15060,8580,18920,5001,10200,16950,2451,2592,0.802,3056,6
20260930-144536,248.476,11760,15060,14950,11210,5000,13460,13010,2663,2628,0.874,3047,6
20260930-144536,248.476,11760,15060,13510,19750,5006,12790,17830,2955,2566,0.956,3091,6
20260930-144536,248.476,11760,15060,16690,15900,5001,14780,15570,3063,2570,0.990,3094,6
20260930-145035,169.637,10920,15850,5970,15210,4991,9760,15700,1170,2490,0.398,2939,6
20260930-145035,169.637,10920,15850,13950,11870,5002,10210,16780,-1170,2481,0.398,-2940,6
20260930-145035,169.637,10920,15850,8990,11240,4998,10090,13840,2175,2599,0.712,3054,6
20260930-145035,169.637,10920,15850,12850,20460,4998,11760,17860,2178,2574,0.712,3060,6
20260930-145035,169.637,10920,15850,7900,19830,4996,13110,12980,-3610,2510,1.194,-3024,6
20260930-145035,169.637,10920,15850,15880,16480,5000,14620,16320,3730,2596,1.236,3018,6
20260930-145035,206.187,11250,16120,15960,14470,4991,10000,16560,-1325,2541,0.444,-2985,6
20260930-145035,206.187,11250,16120,10320,21030,4997,10980,17540,1445,2537,0.482,2999,6
20260930-145035,206.187,11250,16120,15040,19380,4999,9690,14780,-2057,2590,0.686,-2998,6
20260930-145035,206.187,11250,16120,7460,12860,4999,13070,17690,-2404,2510,0.802,-2997,6
20260930-145035,206.187,11250,16120,12170,11210,4995,11870,12830,3348,2522,1.122,2984,6
20260930-145035,206.187,11250,16120,6530,17770,5000,14760,14890,-3719,2576,1.246,-2985,6
20260930-145735,178.194,13470,14700,18420,14010,4998,14650,14530,1192,2556,0.398,2995,6
20260930-145735,178.194,13470,14700,11600,19330,4993,13960,13480,-1315,2537,0.438,-3002,6
20260930-145735,178.194,13470,14700,10390,10760,5001,14690,16260,-1980,2639,0.646,-3066,6
20260930-145735,178.194,13470,14700,16550,18640,5001,11960,12760,-2458,2581,0.805,-3054,6
20260930-145735,178.194,13470,14700,15350,10060,5006,12140,17990,-3549,2664,1.166,-3043,6
20260930-145735,178.194,13470,14700,8520,15390,4998,9590,15240,3917,2633,1.288,3041,6
20260930-145735,214.790,13390,15320,18200,16690,5001,14870,15740,1538,2680,0.488,3153,6
20260930-145735,214.790,13390,15320,16990,11840,5007,14590,14160,1669,2640,0.530,3149,6
20260930-145735,214.790,13390,15320,14600,20170,4999,13900,17370,2112,2644,0.682,3097,6
20260930-145735,214.790,13390,15320,12180,10470,4999,12760,12790,2607,2594,0.840,3104,6
20260930-145735,214.790,13390,15320,9800,18790,4993,11020,17610,3296,2580,1.078,3057,6
20260930-145735,214.790,13390,15320,8580,13940,5004,9740,14270,3798,2697,1.244,3053,6
20260930-145735,251.670,12100,15850,14100,11270,4998,11260,17770,-2096,2625,0.682,-3073,6
20260930-145735,251.670,12100,15850,15070,19880,5006,13410,17630,2210,2591,0.718,3078,6
20260930-145735,251.670,12100,15850,7130,16410,5001,9760,16120,2356,2586,0.770,3059,6
20260930-145735,251.670,12100,15850,17070,15300,5000,14780,15550,2697,2568,0.886,3044,6
20260930-145735,251.670,12100,15850,9130,11830,4998,10370,13500,2918,2602,0.962,3033,6
20260930-145735,251.670,12100,15850,10100,20440,5007,13360,12970,-3144,2618,1.038,-3028,6
20260930-145735,288.040,10870,14600,6150,12960,4997,9870,14250,1059,2587,0.350,3027,6
20260930-145735,288.040,10870,14600,11810,19510,4999,10630,13340,-1283,2546,0.428,-2997,6
20260930-145735,288.040,10870,14600,7090,17870,4998,9650,15660,1616,2593,0.512,3157,6
20260930-145735,288.040,10870,14600,14660,11330,5006,12930,12830,2716,2596,0.876,3100,6
20260930-145735,288.040,10870,14600,9940,9690,4997,11490,17810,-3269,2588,1.070,-3055,6
20260930-145735,288.040,10870,14600,15600,16240,5006,14750,15950,4108,2604,1.350,3043,6
20260930-161109,190.630,12180,13930,11700,8950,5003,12070,12730,1205,2602,0.404,2983,6
20260930-161109,190.630,12180,13930,16250,11020,5003,13410,13050,1512,2569,0.482,3138,6
20260930-161109,190.630,12180,13930,7630,11860,4999,10690,13250,1638,2581,0.530,3090,6
20260930-161109,190.630,12180,13930,16740,16000,5008,14870,15150,2954,2654,0.960,3077,6
20260930-161109,190.630,12180,13930,8120,16840,4995,9590,15790,3189,2672,1.042,3060,6
20260930-161109,190.630,12180,13930,12670,18910,5004,12580,17950,4040,2647,1.324,3051,6
20260930-161736,185.079,10890,14890,15860,15500,5007,9710,14750,-1188,2577,0.400,-2971,6
20260930-161736,185.079,10890,14890,8940,10290,4996,10330,13570,1434,2582,0.476,3012,6
20260930-161736,185.079,10890,14890,7880,18880,4998,9890,16220,1664,2497,0.552,3014,6
20260930-161736,185.079,10890,14890,13900,10900,4998,12480,12790,2634,2551,0.874,3014,6
20260930-161736,185.079,10890,14890,12850,19490,5000,12160,17880,3249,2553,1.074,3025,6
20260930-161736,185.079,10890,14890,5930,14280,4997,14840,15380,-3980,2619,1.316,-3025,6
20260930-161736,221.679,10890,14890,6470,12550,5001,9850,14340,1176,2569,0.392,3001,6
20260930-161736,221.679,10890,14890,6660,17550,4997,9670,15660,1443,2573,0.474,3044,6
20260930-161736,221.679,10890,14890,10710,9890,5003,10830,13210,1681,2534,0.558,3013,6
20260930-161736,221.679,10890,14890,11080,19890,5004,10990,17530,2642,2524,0.878,3009,6
20260930-161736,221.679,10890,14890,15130,12230,5005,13660,13160,3266,2601,1.080,3024,6
20260930-161736,221.679,10890,14890,15310,17230,5001,14420,16760,3995,2624,1.318,3031,6
20260930-161736,258.115,11120,16270,6330,17700,4999,9990,16610,1180,2574,0.394,2995,6
20260930-161736,258.115,11120,16270,9970,21130,4994,10850,17420,1181,2502,0.394,2998,6
20260930-161736,258.115,11120,16270,7490,12830,5001,9750,14970,1889,2497,0.632,2988,6
20260930-161736,258.115,11120,16270,14760,19710,5008,12760,17810,2250,2540,0.754,2984,6
20260930-161736,258.115,11120,16270,12280,11410,4997,11960,12780,3590,2561,1.192,3011,6
20260930-161736,258.115,11120,16270,15920,14840,5008,14810,15170,3850,2593,1.274,3022,6
20260930-162218,190.119,12350,16720,14840,21060,5004,12950,17760,1201,2539,0.400,3002,6
20260930-162218,190.119,12350,16720,9840,21040,4996,11690,17850,1309,2578,0.438,2988,6
20260930-162218,190.119,12350,16720,17350,16730,5000,14470,16720,2120,2645,0.680,3118,6
20260930-162218,190.119,12350,16720,7350,16710,5000,9990,16710,2360,2625,0.762,3097,6
20260930-162218,190.119,12350,16720,14860,12400,4996,14200,13540,3679,2666,1.194,3081,6
20260930-162218,190.119,12350,16720,9860,12380,5004,10460,13430,3794,2589,1.232,3080,6
20260930-162757,186.475,12430,16710,12570,21710,5002,12460,17910,1200,2594,0.396,3031,6
20260930-162757,186.475,12430,16710,16830,19080,4998,13690,17390,1432,2532,0.470,3046,6
20260930-162757,186.475,12430,16710,8170,19330,5001,10980,17600,1701,2590,0.556,3060,6
20260930-162757,186.475,12430,16710,16680,14090,4993,14780,15260,2761,2559,0.914,3021,6
20260930-162757,186.475,12430,16710,8020,14340,5006,9660,15220,3145,2564,1.036,3036,6
20260930-162757,186.475,12430,16710,12280,11710,5002,12310,12730,3982,2599,1.318,3021,6
20260930-162757,222.915,12480,16570,14240,21250,5000,12930,17790,1300,2562,0.432,3010,6
20260930-162757,222.915,12480,16570,9310,20440,5003,11470,17800,1592,2584,0.516,3084,6
20260930-162757,222.915,12480,16570,17410,17380,4996,14260,16870,1805,2556,0.594,3039,6
20260930-162757,222.915,12480,16570,7540,15760,5006,9760,16130,2755,2589,0.912,3021,6
20260930-162757,222.915,12480,16570,15640,12710,4989,14450,14170,3105,2511,1.038,2991,6
20260930-162757,222.915,12480,16570,10710,11900,4994,11120,12970,3848,2602,1.272,3025,6
20260930-162757,259.149,13870,16650,9260,14720,4998,14300,16830,-466,2565,0.156,-2988,6
20260930-162757,259.149,13870,16650,14500,21610,5000,13950,17240,595,2578,0.196,3038,6
20260930-162757,259.149,13870,16650,17850,13630,4996,14640,16070,964,2530,0.326,2957,6
20260930-162757,259.149,13870,16650,9890,19680,5002,12250,17890,2040,2563,0.676,3018,6
20260930-162757,259.149,13870,16650,13240,11690,5000,13410,13070,3609,2551,1.198,3013,6
20260930-162757,259.149,13870,16650,18480,18590,5002,9660,14890,-4563,2599,1.514,-3014,6
20260930-163327,183.035,12590,16680,15900,20420,4994,13390,17580,1204,2538,0.400,3010,6
20260930-163327,183.035,12590,16680,11000,21420,5000,12180,17900,1287,2573,0.430,2993,6
20260930-163327,183.035,12590,16680,17490,15680,5001,14640,16260,2093,2592,0.674,3105,6
20260930-163327,183.035,12590,16680,7690,17670,4999,10310,17140,2326,2634,0.758,3069,6
20260930-163327,183.035,12590,16680,14180,11930,5009,13750,13210,3659,2611,1.192,3069,6
20260930-163327,183.035,12590,16680,9280,12930,5002,10080,13830,3798,2613,1.238,3068,6
20260930-163327,219.231,12500,16680,13330,21610,4999,12700,17860,1197,2577,0.396,3022,6
20260930-163327,219.231,12500,16680,17180,18430,4996,14020,17250,1623,2633,0.516,3146,6
20260930-163327,219.231,12500,16680,16360,13500,5001,11250,17720,-1626,2582,0.516,-3151,6
20260930-163327,219.231,12500,16680,8640,19860,5001,14760,14820,-2927,2589,0.956,-3062,6
20260930-163327,219.231,12500,16680,7810,14930,5006,9640,15610,3054,2597,0.996,3066,6
20260930-163327,219.231,12500,16680,11670,11750,4999,11840,12730,4005,2625,1.316,3043,6
20260930-163913,192.399,12000,13950,12510,18920,4996,11880,12780,-1176,2570,0.392,-3000,6
20260930-163913,192.399,12000,13950,7440,11900,5000,10600,13320,1535,2581,0.512,2998,6
20260930-163913,192.399,12000,13950,7950,16870,4993,13250,13050,-1540,2499,0.512,-3008,6
20260930-163913,192.399,12000,13950,16060,11020,5007,9680,15630,-2864,2560,0.958,-2990,6
20260930-163913,192.399,12000,13950,16570,15990,5005,14690,15150,2946,2475,0.992,2969,6
20260930-163913,192.399,12000,13950,11490,8970,5006,12400,17850,-3920,2529,1.314,-2984,6
20260930-163913,229.033,12000,13950,9140,9850,4999,11330,12980,1179,2511,0.396,2977,6
20260930-163913,229.033,12000,13950,14120,9420,5002,12560,12760,1315,2590,0.438,3003,6
20260930-163913,229.033,12000,13950,16980,13520,4999,9880,14130,-2128,2630,0.678,-3138,6
20260930-163913,229.033,12000,13950,7020,14380,4999,14370,13740,-2379,2671,0.762,-3122,6
20260930-163913,229.033,12000,13950,9880,18480,5002,10450,17270,3664,2629,1.196,3064,6
20260930-163913,229.033,12000,13950,14870,18050,5005,14180,17060,3798,2615,1.238,3068,6
20260930-164624,186.270,12600,16670,11930,21630,5005,12440,17850,1191,2532,0.398,2992,6
20260930-164624,186.270,12600,16670,8650,13610,4997,13630,17470,-1304,2564,0.436,-2991,6
20260930-164624,186.270,12600,16670,7980,18560,4992,10680,17460,2076,2631,0.676,3071,6
20260930-164624,186.270,12600,16670,17230,14780,5001,14750,15790,2323,2570,0.758,3065,6
20260930-164624,186.270,12600,16670,16560,19730,5005,9740,14450,-3620,2632,1.200,-3017,6
20260930-164624,186.270,12600,16670,13280,11720,4996,13110,12960,3745,2529,1.238,3025,6
20260930-164624,222.548,12850,16280,16040,20140,5008,13790,17410,1470,2607,0.480,3062,6
20260930-164624,222.548,12850,16280,14600,11600,4996,12250,17890,-1718,2563,0.564,-3046,6
20260930-164624,222.548,12850,16280,17780,15450,4999,14790,15960,1966,2645,0.646,3044,6
20260930-164624,222.548,12850,16280,7920,17120,5001,10100,16750,2790,2554,0.920,3032,6
20260930-164624,222.548,12850,16280,11110,20970,5002,13960,13310,-3171,2663,1.044,-3037,6
20260930-164624,222.548,12850,16280,9670,12430,4993,10460,13390,3750,2619,1.238,3029,6
20260930-164624,258.870,13170,14920,8310,16120,5006,14710,14540,-1586,2610,0.514,-3086,6
20260930-164624,258.870,13170,14920,14550,10120,4994,13670,13160,1830,2607,0.598,3060,6
20260930-164624,258.870,13170,14920,16630,18520,4993,14610,16420,2079,2626,0.678,3067,6
20260930-164624,258.870,13170,14920,9700,11320,5000,11230,12910,2794,2613,0.920,3036,6
20260930-164624,258.870,13170,14920,11780,19730,5007,12300,17930,3133,2604,1.038,3019,6
20260930-164624,258.870,13170,14920,18020,13720,4996,9660,15790,-3616,2603,1.194,-3029,6
20260930-164624,300.752,12260,15980,14370,20510,4997,13070,17730,1928,2548,0.634,3042,6
20260930-164624,300.752,12260,15980,15120,11890,4991,11100,17640,-2025,2570,0.668,-3032,6
20260930-164624,300.752,12260,15980,17240,16420,4999,14640,16190,2389,2568,0.788,3032,6
20260930-164624,300.752,12260,15980,7270,15550,5008,9740,15760,2530,2519,0.834,3033,6
20260930-164624,300.752,12260,15980,9390,20080,5005,13980,13520,-3002,2522,0.996,-3014,6
20260930-164624,300.752,12260,15980,10140,11450,5002,10930,13140,3136,2540,1.040,3015,6
20260930-164624,340.944,13400,16780,15750,21200,5006,13740,17420,725,2585,0.240,3020,6
20260930-164624,340.944,13400,16780,8400,16610,5003,14230,16810,-831,2496,0.276,-3009,6
20260930-164624,340.944,13400,16780,10750,21020,5000,12770,17800,1199,2533,0.400,2997,6
20260930-164624,340.944,13400,16780,16050,12540,5000,14680,14730,2417,2530,0.798,3029,6
20260930-164624,340.944,13400,16780,18400,16950,5003,10040,16670,-3362,2562,1.120,-3002,6
20260930-164624,340.944,13400,16780,11050,12370,4997,11360,12950,4339,2529,1.442,3009,6
20260930-165517,191.745,12030,16710,11210,11780,4998,12230,17910,-1217,2583,0.404,-3011,6
20260930-165517,191.745,12030,16710,8170,19890,5001,11010,17560,1328,2540,0.442,3004,6
20260930-165517,191.745,12030,16710,16710,18460,4996,13780,17370,1870,2569,0.606,3086,6
20260930-165517,191.745,12030,16710,7350,14960,4996,9740,15850,2446,2536,0.798,3065,6
20260930-165517,191.745,12030,16710,15890,13530,5001,14660,14540,3410,2562,1.120,3044,6
20260930-165517,191.745,12030,16710,12860,21640,4999,11380,12850,-3914,2616,1.290,-3034,6
20260930-165517,228.187,12030,16710,10210,21370,5003,11600,17820,1190,2569,0.394,3021,6
20260930-165517,228.187,12030,16710,8910,12810,4994,12850,17740,-1317,2493,0.440,-2992,6
20260930-165517,228.187,12030,16710,16970,15960,4997,10180,16990,-1871,2633,0.602,-3108,6
20260930-165517,228.187,12030,16710,7090,17470,4998,14580,16320,-2580,2559,0.838,-3078,6
20260930-165517,228.187,12030,16710,15160,20620,5008,9880,14030,-3436,2677,1.120,-3068,6
20260930-165517,228.187,12030,16710,13850,12050,5003,13460,13070,3911,2575,1.278,3060,6
20260930-165517,264.587,11540,15250,16530,15550,4999,9560,15130,-1984,2669,0.642,-3090,6
20260930-165517,264.587,11540,15250,13780,19720,5000,10550,13270,-2214,2651,0.720,-3075,6
20260930-165517,264.587,11540,15250,8790,19420,4995,10320,17100,2216,2600,0.720,3078,6
20260930-165517,264.587,11540,15250,14300,11080,5001,13100,12890,2829,2591,0.924,3062,6
20260930-165517,264.587,11540,15250,9300,10780,5000,12850,17860,-2920,2609,0.957,-3052,6
20260930-165517,264.587,11540,15250,6550,14950,4999,14820,15440,-3285,2601,1.078,-3048,6
20260930-165517,306.785,11460,13710,8900,9410,5004,11100,13110,700,2485,0.236,2965,6
20260930-165517,306.785,11460,13710,13900,9350,4996,11980,12780,1066,2559,0.354,3010,6
20260930-165517,306.785,11460,13710,16460,13640,5000,10280,13730,-1180,2514,0.394,-2995,6
20260930-165517,306.785,11460,13710,6460,13780,5000,14130,13680,-2670,2521,0.876,-3048,6
20260930-165517,306.785,11460,13710,9020,18070,4996,9920,16470,3161,2570,1.036,3051,6
20260930-165517,306.785,11460,13710,14020,18010,5004,13700,17480,4385,2611,1.438,3050,6
20260930-165517,345.785,11480,15110,6510,14550,5001,9640,14900,1852,2617,0.600,3087,6
20260930-165517,345.785,11480,15110,13480,19690,4998,10650,13200,-2083,2645,0.678,-3072,6
20260930-165517,345.785,11480,15110,14450,11080,5006,10180,16880,-2196,2565,0.718,-3059,6
20260930-165517,345.785,11480,15110,8510,19130,4998,13140,12860,-2796,2633,0.916,-3052,6
20260930-165517,345.785,11480,15110,9480,10530,4998,12690,17880,-3023,2595,0.994,-3041,6
20260930-165517,345.785,11480,15110,16450,15660,5000,14850,15480,3390,2633,1.116,3038,6
20260930-170422,182.520,11330,14250,6650,12490,5000,10210,13830,1196,2508,0.394,3036,6
20260930-170422,182.520,11330,14250,10510,9320,4998,11130,13080,1187,2498,0.394,3013,6
20260930-170422,182.520,11330,14250,7460,17420,5003,9610,15660,2224,2633,0.716,3106,6
20260930-170422,182.520,11330,14250,15190,11080,4995,13050,12840,2224,2622,0.716,3106,6
20260930-170422,182.520,11330,14250,12140,19190,5006,11930,17880,3679,2569,1.196,3076,6
20260930-170422,182.520,11330,14250,16010,16020,5004,14880,15590,3794,2671,1.238,3065,6
20260930-170422,219.076,11330,14250,7710,10800,5001,10460,13430,1196,2589,0.394,3034,6
20260930-170422,219.076,11330,14250,12510,9390,5001,11680,12790,1501,2595,0.478,3141,6
20260930-170422,219.076,11330,14250,6530,15660,5003,9670,14740,1731,2618,0.552,3136,6
20260930-170422,219.076,11330,14250,16130,12850,5000,14030,13460,2813,2600,0.918,3064,6
20260930-170422,219.076,11330,14250,10150,19110,5001,10580,17350,3189,2605,1.044,3055,6
20260930-170422,219.076,11330,14250,14940,17700,4993,14230,17020,4010,2627,1.318,3043,6
20260930-170422,255.234,11330,15650,6860,17900,5004,9890,16380,1614,2558,0.520,3105,6
20260930-170422,255.234,11330,15650,7150,12910,4998,9680,14570,1972,2652,0.638,3091,6
20260930-170422,255.234,11330,15650,11040,20640,4998,11210,17740,2093,2616,0.676,3097,6
20260930-170422,255.234,11330,15650,11620,10660,4998,11490,12850,2805,2583,0.918,3055,6
20260930-170422,255.234,11330,15650,15510,18400,5003,13900,17340,3076,2621,1.002,3070,6
20260930-170422,255.234,11330,15650,15800,13400,5004,14500,14060,3546,2607,1.158,3063,6
20260930-170422,297.470,10070,15050,5880,12310,5006,9640,14770,513,2641,0.160,3207,6
20260930-170422,297.470,10070,15050,5600,17310,5009,9610,15290,519,2612,0.160,3243,6
20260930-170422,297.470,10070,15050,10350,10060,4998,10140,13810,1242,2576,0.404,3074,6
20260930-170422,297.470,10070,15050,9790,20050,5008,9980,16560,1513,2558,0.488,3100,6
20260930-170422,297.470,10070,15050,14530,12800,4995,13740,13200,4110,2614,1.360,3022,6
20260930-170422,297.470,10070,15050,14250,17790,4998,13720,17440,4363,2590,1.448,3013,6
20260930-170422,337.032,11670,16110,15270,12640,5000,10540,17200,-1570,2517,0.510,-3078,6
20260930-170422,337.032,11670,16110,12870,20960,4996,12110,17910,1853,2585,0.600,3088,6
20260930-170422,337.032,11670,16110,6860,14730,5004,9670,15540,2080,2560,0.678,3067,6
20260930-170422,337.032,11670,16110,16470,17490,4994,14370,16880,2808,2651,0.920,3052,6
20260930-170422,337.032,11670,16110,10460,11260,4999,10900,13040,3165,2642,1.036,3055,6
20260930-170422,337.032,11670,16110,8070,19580,5000,14200,13670,-3515,2581,1.154,-3046,6
20260930-170947,184.986,12330,13930,14310,9340,4999,12820,12810,1222,2588,0.406,3011,6
20260930-170947,184.986,12330,13930,9350,9930,4988,11540,12870,1322,2550,0.442,2991,6
20260930-170947,184.986,12330,13930,17300,13350,5004,14340,13700,2023,2671,0.642,3151,6
20260930-170947,184.986,12330,13930,7370,14520,4995,9870,14220,2477,2599,0.798,3104,6
20260930-170947,184.986,12330,13930,15320,17940,5002,14470,16790,3572,2682,1.160,3079,6
20260930-170947,184.986,12330,13930,10360,18530,5004,10780,17540,3929,2641,1.282,3064,6
20260930-170947,221.224,12020,14190,10610,9400,4993,11600,12760,1490,2642,0.480,3105,6
20260930-170947,221.224,12020,14190,15470,10570,5001,13230,12920,1754,2610,0.564,3110,6
20260930-170947,221.224,12020,14190,7160,13020,4999,10090,13730,1984,2664,0.642,3090,6
20260930-170947,221.224,12020,14190,16890,15370,5011,14770,14850,2828,2593,0.918,3081,6
20260930-170947,221.224,12020,14190,8580,17810,4994,9810,16520,3211,2690,1.044,3076,6
20260930-170947,221.224,12020,14190,13440,18990,5006,13100,17830,3797,2652,1.240,3062,6
20260930-175523,182.550,13620,15320,18230,13380,5002,14720,14860,1192,2542,0.402,2966,6
20260930-175523,182.550,13620,15320,17600,18340,4996,14670,16120,1320,2573,0.440,3000,6
20260930-175523,182.550,13620,15320,14250,10360,5000,13870,13370,1966,2559,0.634,3101,6
20260930-175523,182.550,13620,15320,12990,20280,5000,13330,17600,2298,2528,0.756,3040,6
20260930-175523,182.550,13620,15320,9640,12300,4996,10810,13180,3532,2570,1.160,3045,6
20260930-175523,182.550,13620,15320,9010,17260,5002,10040,16820,3882,2643,1.276,3042,6
20260930-175523,219.110,13440,15600,17130,18970,4997,14520,16590,1465,2622,0.474,3091,6
20260930-175523,219.110,13440,15600,18200,14090,4994,14840,15160,1468,2624,0.474,3096,6
20260930-175523,219.110,13440,15600,14510,10720,4996,12940,17870,-2324,2642,0.760,-3058,6
20260930-175523,219.110,13440,15600,12370,20490,5006,13930,13330,-2322,2628,0.760,-3056,6
20260930-175523,219.110,13440,15600,8670,17120,5006,9940,16710,3672,2668,1.202,3055,6
20260930-175523,219.110,13440,15600,9740,12230,5005,10730,13130,3667,2656,1.202,3051,6
20260930-175523,255.868,12280,15490,14830,19790,4999,13520,17590,2439,2609,0.796,3064,6
20260930-175523,255.868,12280,15490,14730,11130,5001,11090,17610,-2431,2548,0.796,-3054,6
20260930-175523,255.868,12280,15490,17280,15430,5000,14870,15460,2590,2652,0.844,3069,6
20260930-175523,255.868,12280,15490,7280,15540,5000,9580,15520,2700,2649,0.880,3068,6
20260930-175523,255.868,12280,15490,9830,19850,5001,13610,13130,-2709,2599,0.880,-3078,6
20260930-175523,255.868,12280,15490,9730,11190,4999,10850,13060,2820,2650,0.920,3065,6
20260930-175523,292.308,11620,16960,9250,21360,4998,11220,17700,841,2575,0.282,2983,6
20260930-175523,292.308,11620,16960,8990,12700,5006,12180,17870,-1069,2543,0.358,-2985,6
20260930-175523,292.308,11620,16960,6620,17110,5002,10290,17000,1331,2555,0.442,3010,6
20260930-175523,292.308,11620,16960,16610,16800,4993,14290,16880,2671,2586,0.876,3049,6
20260930-175523,292.308,11620,16960,14250,21210,4998,9880,14150,-3305,2621,1.078,-3066,6
20260930-175523,292.308,11620,16960,13980,12550,5002,13680,13120,4358,2646,1.432,3043,6
20260930-175523,331.550,11590,15560,6630,14910,5002,9720,15310,1887,2502,0.630,2995,6
20260930-175523,331.550,11590,15560,8560,19530,4994,10450,17060,1884,2478,0.630,2991,6
20260930-175523,331.550,11590,15560,9670,10940,5003,10650,13300,2448,2565,0.796,3075,6
20260930-175523,331.550,11590,15560,13510,20170,4994,12580,17920,2559,2617,0.836,3061,6
20260930-175523,331.550,11590,15560,14630,11590,5000,13510,13060,3152,2608,1.032,3054,6
20260930-175523,331.550,11590,15560,16550,16200,5001,14720,15960,3155,2577,1.032,3058,6
20260930-175523,381.182,12780,14330,14740,9730,5000,13360,12980,1469,2609,0.478,3074,6
20260930-175523,381.182,12780,14330,17740,13730,4996,14490,14120,1723,2570,0.564,3055,6
20260930-175523,381.182,12780,14330,15780,18330,5000,11610,12770,-1950,2630,0.636,-3066,6
20260930-175523,381.182,12780,14330,9780,10330,5000,14460,16570,-2800,2560,0.924,-3030,6
20260930-175523,381.182,12780,14330,7820,14930,4996,9760,14690,3041,2543,1.004,3029,6
20260930-175523,381.182,12780,14330,10820,18930,5000,11300,17790,3763,2629,1.242,3030,6
20260930-180129,183.191,13190,16330,8780,13980,4997,14260,16900,-1212,2575,0.402,-3016,6
20260930-180129,183.191,13190,16330,13020,11340,4993,13240,17650,-1321,2536,0.440,-3002,6
20260930-180129,183.191,13190,16330,17430,13690,4995,14910,15260,2026,2689,0.638,3175,6
20260930-180129,183.191,13190,16330,8950,18980,5000,11070,17660,2503,2601,0.800,3128,6
20260930-180129,183.191,13190,16330,13360,21330,5003,13070,12860,-3472,2609,1.124,-3089,6
20260930-180129,183.191,13190,16330,17610,18680,5006,9700,14470,-3955,2663,1.284,-3080,6
20260930-180129,219.439,13190,16330,10790,11950,4994,13760,17370,-1186,2557,0.394,-3010,6
20260930-180129,219.439,13190,16330,18190,16440,5001,14500,16360,1310,2501,0.434,3019,6
20260930-180129,219.439,13190,16330,10600,20610,5003,12260,17880,1808,2553,0.596,3033,6
20260930-180129,219.439,13190,16330,15780,12060,4994,14500,14170,2526,2556,0.836,3022,6
20260930-180129,219.439,13190,16330,8190,16230,5001,9850,16260,3341,2548,1.112,3004,6
20260930-180129,219.439,13190,16330,15600,20710,4999,11370,13010,-3786,2469,1.274,-2972,6
20260930-180129,256.833,13770,15060,18760,15280,4995,14730,15100,961,2519,0.320,3003,6
20260930-180129,256.833,13770,15060,16460,10850,4996,14410,14060,1187,2529,0.396,2998,6
20260930-180129,256.833,13770,15060,16070,19500,5000,14530,16540,1664,2608,0.518,3212,6
20260930-180129,256.833,13770,15060,11470,10620,5000,12560,12730,2625,2619,0.836,3140,6
20260930-180129,256.833,13770,15060,11070,19270,5001,11910,17960,3445,2651,1.112,3098,6
20260930-180129,256.833,13770,15060,8770,14830,5005,9600,14870,4174,2661,1.356,3078,6
20260930-180129,293.513,12590,14300,12400,19290,4994,12650,12760,-1541,2603,0.484,-3184,6
20260930-180129,293.513,12590,14300,17020,11970,5005,14140,13480,1754,2663,0.552,3177,6
20260930-180129,293.513,12590,14300,8370,11630,4994,10790,13160,2131,2598,0.680,3133,6
20260930-180129,293.513,12590,14300,16820,16970,5002,14810,15690,2619,2614,0.842,3111,6
20260930-180129,293.513,12590,14300,8170,16620,4992,9660,15840,3310,2612,1.080,3065,6
20260930-180129,293.513,12590,14300,12790,9300,5004,12450,17970,-3673,2652,1.198,-3066,6
20260930-180617,185.953,11090,14510,6430,12680,5006,9970,14070,1203,2579,0.398,3023,6
20260930-180617,185.953,11090,14510,10350,9570,4995,10890,13210,1315,2501,0.442,2976,6
20260930-180617,185.953,11090,14510,15000,11400,4996,9650,15660,-1843,2593,0.606,-3041,6
20260930-180617,185.953,11090,14510,7170,17620,5004,13060,12940,-2519,2530,0.840,-2999,6
20260930-180617,185.953,11090,14510,11820,19460,5004,11590,17890,3417,2639,1.124,3040,6
20260930-180617,185.953,11090,14510,15740,16350,5001,14710,15940,3892,2563,1.282,3036,6
20260930-180617,222.069,11720,15170,8330,11490,5003,10320,13650,2066,2536,0.684,3021,6
20260930-180617,222.069,11720,15170,6850,16270,4993,9710,15620,2060,2529,0.684,3011,6
20260930-180617,222.069,11720,15170,13210,10390,5007,12480,12730,2556,2610,0.844,3028,6
20260930-180617,222.069,11720,15170,10240,19940,4994,10970,17600,2543,2594,0.844,3013,6
20260930-180617,222.069,11720,15170,16600,14060,5005,14660,14500,3015,2575,1.000,3015,6
20260930-180617,222.069,11720,15170,15120,18840,5003,13770,17380,3014,2571,1.000,3014,6
20260930-181021,183.595,13020,16470,15330,20910,5005,13580,17530,1199,2588,0.402,2982,6
20260930-181021,183.595,13020,16470,8030,16250,4995,14460,16540,-1442,2546,0.482,-2991,6
20260930-181021,183.595,13020,16470,10340,20690,4999,12120,17890,1681,2565,0.560,3002,6
20260930-181021,183.595,13020,16470,15710,12260,4996,14500,14160,2743,2560,0.918,2989,6
20260930-181021,183.595,13020,16470,18020,16690,5005,9920,16340,-3103,2515,1.034,-3001,6
20260930-181021,183.595,13020,16470,10720,12040,4991,11200,12960,3954,2578,1.318,3000,6
20260930-181643,183.071,13080,16430,15330,20890,4995,13630,17520,1221,2606,0.404,3022,6
20260930-181643,183.071,13080,16430,18070,16710,4998,14570,16520,1493,2634,0.478,3123,6
20260930-181643,183.071,13080,16430,15810,12250,4993,12130,17890,-1742,2564,0.558,-3122,6
20260930-181643,183.071,13080,16430,10340,20620,5006,14550,14180,-2688,2596,0.880,-3054,6
20260930-181643,183.071,13080,16430,8080,16160,5007,9780,16250,3305,2610,1.082,3054,6
20260930-181643,183.071,13080,16430,10820,11970,5000,11270,12850,4012,2654,1.320,3039,6
20260930-181643,219.355,12690,16260,15680,20260,4994,13650,17550,1608,2642,0.514,3128,6
20260930-181643,219.355,12690,16260,10720,20860,5004,11950,17980,1872,2666,0.600,3121,6
20260930-181643,219.355,12690,16260,7720,16860,5006,14770,16010,-2095,2638,0.678,-3090,6
20260930-181643,219.355,12690,16260,17650,15670,4995,9890,16600,-2821,2656,0.916,-3079,6
20260930-181643,219.355,12690,16260,14650,11670,4991,13930,13360,3154,2606,1.036,3044,6
20260930-181643,219.355,12690,16260,9690,12260,5000,10510,13350,3636,2615,1.194,3045,6
20260930-181643,255.507,13000,14900,15690,10680,5004,14000,13340,1853,2667,0.606,3058,6
20260930-181643,255.507,13000,14900,18000,15120,5005,14850,14980,1852,2651,0.606,3056,6
20260930-181643,255.507,13000,14900,15310,19340,5005,11870,12730,-2447,2621,0.804,-3043,6
20260930-181643,255.507,13000,14900,10690,10470,4996,14130,17070,-2447,2584,0.804,-3043,6
20260930-181643,255.507,13000,14900,8010,14680,4995,9730,14760,3273,2555,1.078,3036,6
20260930-181643,255.507,13000,14900,10320,19120,4999,11170,17780,3412,2669,1.126,3030,6
20260930-182315,197.960,13020,16480,17230,19180,5001,14030,17130,1201,2553,0.400,3003,6
20260930-182315,197.960,13020,16480,13250,11480,5005,12960,17780,-1301,2561,0.430,-3026,6
20260930-182315,197.960,13020,16480,17460,14180,5000,14710,15600,1905,2503,0.638,2986,6
20260930-182315,197.960,13020,16480,8580,18770,4996,11000,17520,2272,2510,0.758,2997,6
20260930-182315,197.960,13020,16480,12780,21470,4996,13180,13010,-3474,2508,1.152,-3015,6
20260930-182315,197.960,13020,16480,8810,13780,5001,9810,14420,3814,2577,1.270,3003,6
20260930-182315,234.712,12620,16380,13760,21250,5002,12970,17870,1531,2650,0.478,3202,6
20260930-182315,234.712,12620,16380,7830,14940,5002,14310,16890,-1765,2608,0.560,-3152,6
20260930-182315,234.712,12620,16380,16260,12960,4995,11150,17760,-2016,2658,0.642,-3141,6
20260930-182315,234.712,12620,16380,8970,19810,5009,14680,14440,-2830,2614,0.914,-3096,6
20260930-182315,234.712,12620,16380,17400,17830,4995,9520,15450,-3236,2704,1.042,-3106,6
20260930-182315,234.712,12620,16380,11470,11520,4994,11740,12650,3832,2720,1.242,3086,6
20260930-183207,187.641,10830,15480,6000,16750,4994,9700,15780,1169,2562,0.392,2983,6
20260930-183207,187.641,10830,15480,7310,11930,4999,9820,14460,1435,2553,0.478,3003,6
20260930-183207,187.641,10830,15480,9520,20300,4995,10390,17110,1688,2556,0.560,3015,6
20260930-183207,187.641,10830,15480,12150,10660,4997,11560,12810,2768,2603,0.918,3015,6
20260930-183207,187.641,10830,15480,14350,19030,4999,13040,17710,3140,2519,1.040,3019,6
20260930-183207,187.641,10830,15480,15670,14210,5004,14640,14480,3939,2563,1.316,2993,6
20260930-183207,223.955,11100,15100,6530,13070,5001,9790,14520,1433,2562,0.476,3010,6
20260930-183207,223.955,11100,15100,7060,18040,4997,9730,16100,1696,2609,0.562,3018,6
20260930-183207,223.955,11100,15100,10580,10130,4997,10900,13190,1920,2513,0.638,3010,6
20260930-183207,223.955,11100,15100,11630,20080,5008,11380,17730,2645,2546,0.878,3012,6
20260930-183207,223.955,11100,15100,15150,12160,5005,13730,13190,3250,2616,1.078,3015,6
20260930-183207,223.955,11100,15100,15670,17140,5005,14420,16580,3635,2530,1.202,3024,6
20260930-183207,260.553,12480,14890,14720,10420,5000,13400,13050,2057,2564,0.676,3043,6
20260930-183207,260.553,12480,14890,7490,15190,4999,14770,14750,-2294,2613,0.754,-3043,6
20260930-183207,260.553,12480,14890,9730,10720,4995,11220,12980,2288,2552,0.754,3035,6
20260930-183207,260.553,12480,14890,15240,19060,5001,14020,17210,2785,2604,0.922,3020,6
20260930-183207,260.553,12480,14890,17470,14590,4999,9710,15060,-2775,2526,0.922,-3010,6
20260930-183207,260.553,12480,14890,10250,19360,4995,11100,17660,3095,2588,1.044,2964,6
20260930-183207,302.075,12840,13540,14300,8760,4998,13050,12850,721,2612,0.238,3030,6
20260930-183207,302.075,12840,13540,7970,14670,4999,13780,13320,-965,2541,0.320,-3017,6
20260930-183207,302.075,12840,13540,16260,17190,5002,12120,12770,-1054,2559,0.352,-2995,6
20260930-183207,302.075,12840,13540,9430,9880,5002,14730,15560,-2766,2519,0.912,-3033,6
20260930-183207,302.075,12840,13540,17720,12410,5009,9910,14220,-3008,2563,0.998,-3014,6
20260930-183207,302.075,12840,13540,11380,18320,4998,11550,17790,4441,2553,1.478,3005,6
20260930-183742,188.996,11310,14270,15980,16040,4994,10170,13840,-1218,2534,0.404,-3016,6
20260930-183742,188.996,11310,14270,10510,9330,5004,11100,12970,1317,2611,0.436,3020,6
20260930-183742,188.996,11310,14270,7430,17430,5004,9680,15590,2097,2555,0.676,3103,6
20260930-183742,188.996,11310,14270,15180,11110,4996,13030,12870,2218,2587,0.716,3097,6
20260930-183742,188.996,11310,14270,12110,19200,4994,11900,17900,3678,2593,1.200,3065,6
20260930-183742,188.996,11310,14270,6630,12490,5007,14840,15610,-3776,2634,1.236,-3055,6
20260930-183742,225.786,11680,14150,8890,10000,5001,10940,13040,1334,2622,0.446,2991,6
20260930-183742,225.786,11680,14150,13880,9660,5000,12390,12700,1614,2633,0.522,3093,6
20260930-183742,225.786,11680,14150,16670,13800,5002,9820,14280,-1865,2620,0.606,-3077,6
20260930-183742,225.786,11680,14150,6700,14500,4992,14380,13960,-2707,2555,0.882,-3069,6
20260930-183742,225.786,11680,14150,9490,18640,4996,10290,17000,3171,2555,1.042,3043,6
20260930-183742,225.786,11680,14150,14480,18300,5006,13870,17390,3911,2640,1.286,3041,6
20260930-184348,181.637,13590,15610,18030,17920,5005,14660,16160,1203,2577,0.400,3008,6
20260930-184348,181.637,13590,15610,9370,18290,4999,14710,14900,-1326,2525,0.438,-3028,6
20260930-184348,181.637,13590,15610,13810,20600,4995,13670,17410,1802,2537,0.602,2993,6
20260930-184348,181.637,13590,15610,13370,10610,5005,13480,13080,2532,2576,0.840,3015,6
20260930-184348,181.637,13590,15610,17810,12920,5004,10740,17420,-3376,2564,1.118,-3020,6
20260930-184348,181.637,13590,15610,9160,13300,4996,10190,13840,3833,2518,1.278,2999,6
20260930-184348,217.839,13390,15540,18370,15960,4998,14700,15650,1315,2499,0.438,3001,6
20260930-184348,217.839,13390,15540,15520,20070,5006,14100,17060,1678,2555,0.556,3017,6
20260930-184348,217.839,13390,15540,10540,19650,5001,14410,14070,-1789,2524,0.594,-3012,6
20260930-184348,217.839,13390,15540,16240,11440,4993,11820,17800,-2752,2505,0.914,-3011,6
20260930-184348,217.839,13390,15540,11260,11020,4997,12110,12830,2997,2500,0.996,3009,6
20260930-184348,217.839,13390,15540,8410,15130,4997,9670,15230,3733,2553,1.236,3020,6
20260930-184348,254.197,12050,15140,10110,10530,5002,11170,13050,2268,2508,0.756,3000,6
20260930-184348,254.197,12050,15140,7090,14520,4999,9680,14840,2389,2588,0.798,2994,6
20260930-184348,254.197,12050,15140,15070,11150,5004,13550,13160,2484,2542,0.830,2993,6
20260930-184348,254.197,12050,15140,9030,19120,4996,10470,17220,2612,2579,0.874,2989,6
20260930-184348,254.197,12050,15140,17010,15760,4999,14770,15480,2741,2553,0.918,2986,6
20260930-184348,254.197,12050,15140,13990,19750,5002,13120,17670,2747,2509,0.918,2992,6
20260930-184348,290.273,11950,16530,8670,20300,4997,11020,17600,1418,2571,0.472,3004,6
20260930-184348,290.273,11950,16530,13570,21260,5000,12410,17870,1417,2550,0.472,3002,6
20260930-184348,290.273,11950,16530,7040,15580,5001,9840,16120,2149,2510,0.720,2985,6
20260930-184348,290.273,11950,16530,16860,17490,5003,14150,16960,2242,2527,0.752,2981,6
20260930-184348,290.273,11950,16530,10320,11800,5003,10830,13270,3447,2484,1.152,2992,6
20260930-184348,290.273,11950,16530,15230,12760,4997,14310,13820,3594,2576,1.202,2990,6
20260930-184348,330.233,12350,18210,10860,13440,4997,12290,18000,218,2673,0.078,2799,6
20260930-184348,330.233,12350,18210,8970,21890,4997,12570,17970,-326,2665,0.112,-2907,6
20260930-184348,330.233,12350,18210,17230,19300,5000,11810,18090,-553,2793,0.192,-2881,6
20260930-184348,330.233,12350,18210,7480,17120,4990,15260,18860,-2982,4660,0.996,-2994,6
20260930-184348,330.233,12350,18210,13850,22980,5000,14130,23890,5952,8773,1.992,2988,6
20260930-184348,330.233,12350,18210,15740,14530,5003,8320,22590,-5952,8244,1.992,-2988,6
20260930-191231,168.918,13590,15600,8600,15770,4993,14780,15560,-1191,2569,0.396,-3007,6
20260930-191231,168.918,13590,15600,16240,19850,5008,14370,16850,1473,2633,0.476,3095,6
20260930-191231,168.918,13590,15600,15950,11190,5002,14450,14000,1816,2594,0.592,3068,6
20260930-191231,168.918,13590,15600,11240,20010,4997,12400,17830,2528,2509,0.830,3045,6
20260930-191231,168.918,13590,15600,10950,11360,4995,11800,12720,3391,2641,1.116,3038,6
20260930-191231,168.918,13590,15600,18590,15440,5003,9600,15740,-3992,2654,1.314,-3038,6
20260930-191231,205.552,13040,15720,16920,18880,5004,14370,16800,1713,2605,0.556,3081,6
20260930-191231,205.552,13040,15720,17720,13940,5007,14760,15070,1839,2551,0.598,3075,6
20260930-191231,205.552,13040,15720,13840,10780,5004,12690,17900,-2208,2615,0.722,-3058,6
20260930-191231,205.552,13040,15720,12240,20650,4994,13470,13070,-2685,2580,0.896,-2996,6
20260930-191231,205.552,13040,15720,8370,17500,4998,10110,16830,3133,2592,1.038,3018,6
20260930-191231,205.552,13040,15720,9170,12560,4996,10340,13510,3489,2616,1.156,3018,6
20260930-191231,242.188,12970,14320,15300,9900,4997,13580,13170,1302,2549,0.438,2972,6
20260930-191231,242.188,12970,14320,17970,14130,5004,14570,14260,1601,2580,0.526,3044,6
20260930-191231,242.188,12970,14320,10310,10090,4997,12000,12780,1820,2557,0.606,3003,6
20260930-191231,242.188,12970,14320,15640,18550,5002,14450,16660,2769,2596,0.916,3023,6
20260930-191231,242.188,12970,14320,7980,14520,4994,9830,14450,3143,2547,1.042,3016,6
20260930-191231,242.188,12970,14320,10650,18750,5001,11190,17720,3838,2606,1.278,3003,6
20260930-191231,284.186,11350,14450,7130,11770,4999,10230,13730,1331,2553,0.442,3012,6
20260930-191231,284.186,11350,14450,11560,9450,5004,11420,12860,1592,2594,0.528,3014,6
20260930-191231,284.186,11350,14450,6920,16770,5001,9650,15340,1919,2572,0.640,2998,6
20260930-191231,284.186,11350,14450,15790,12130,5010,13700,13220,2652,2574,0.884,3000,6
20260930-191231,284.186,11350,14450,11150,19440,4994,11220,17730,3283,2603,1.088,3017,6
20260930-191231,284.186,11350,14450,15580,17130,5008,14530,16460,3762,2571,1.246,3019,6
20260930-191231,324.906,11830,13370,12720,8450,5000,11940,12760,620,2583,0.204,3038,6
20260930-191231,324.906,11830,13370,15650,16600,5003,11270,12900,-731,2607,0.242,-3021,6
20260930-191231,324.906,11830,13370,7130,15060,4995,13080,12920,-1329,2556,0.442,-3006,6
20260930-191231,324.906,11830,13370,16540,11680,5004,10030,14020,-1914,2552,0.638,-3000,6
20260930-191231,324.906,11830,13370,8020,10140,4995,14770,15860,-3853,2603,1.282,-3005,6
20260930-191231,324.906,11830,13370,10940,18290,5000,11060,17620,4319,2570,1.438,3004,6
20260930-192340,163.078,13430,14620,18300,13480,5002,14600,14350,1201,2571,0.404,2972,6
20260930-192340,163.078,13430,14620,14870,9840,4992,13810,13360,1316,2529,0.442,2977,6
20260930-192340,163.078,13430,14620,16860,18260,5001,14690,15970,1847,2551,0.594,3109,6
20260930-192340,163.078,13430,14620,10000,10980,5001,11660,12740,2582,2648,0.842,3067,6
20260930-192340,163.078,13430,14620,11990,19410,5002,12450,17900,3423,2583,1.120,3056,6
20260930-192340,163.078,13430,14620,8560,15770,5004,9640,15520,3895,2589,1.274,3058,6
20260930-192340,199.200,12980,14440,17030,11510,4999,14200,13560,1504,2653,0.478,3147,6
20260930-192340,199.200,12980,14440,13500,19420,5007,12820,12830,-1618,2568,0.520,-3111,6
20260930-192340,199.200,12980,14440,17550,16480,5005,14760,15240,1952,2540,0.632,3088,6
20260930-192340,199.200,12980,14440,8420,12410,4991,10530,13350,2682,2602,0.872,3075,6
20260930-192340,199.200,12980,14440,12460,9470,4997,13320,17690,-3268,2605,1.076,-3037,6
20260930-192340,199.200,12980,14440,8940,17380,4997,9940,16650,3758,2637,1.238,3036,6
20260930-192340,235.316,12780,15830,16750,18870,5000,14220,16930,1812,2562,0.596,3040,6
20260930-192340,235.316,12780,15830,12130,20780,4992,12510,17880,2068,2569,0.680,3041,6
20260930-192340,235.316,12780,15830,17400,13910,5003,14800,14990,2188,2600,0.718,3047,6
20260930-192340,235.316,12780,15830,8160,17740,4999,10220,16890,2771,2539,0.916,3025,6
20260930-192340,235.316,12780,15830,13430,10870,5002,13160,12940,2915,2565,0.954,3055,6
20260930-192340,235.316,12780,15830,8810,12780,5006,10090,13760,3394,2646,1.114,3047,6
20260930-192340,272.198,13790,17160,17550,20450,4996,13850,17220,85,2497,0.030,2822,6
20260930-192340,272.198,13790,17160,12830,22070,5003,13740,17380,226,2553,0.076,2967,6
20260930-192340,272.198,13790,17160,9060,18780,5000,14000,17090,-221,2504,0.076,-2913,6
20260930-192340,272.198,13790,17160,18520,15540,5000,11840,17830,-2062,2532,0.670,-3077,6
20260930-192340,272.198,13790,17160,14750,12250,5003,14420,13940,3281,2600,1.074,3055,6
20260930-192340,272.198,13790,17160,10020,13880,4997,10050,13900,4961,2599,1.634,3036,6
20260930-193130,168.318,11440,16490,14310,12390,5005,10750,17480,-1207,2608,0.404,-2987,6
20260930-193130,168.318,11440,16490,13550,21020,4997,12130,17970,1633,2644,0.514,3177,6
20260930-193130,168.318,11440,16490,6460,16050,4999,9810,16340,1637,2616,0.514,3185,6
20260930-193130,168.318,11440,16490,16420,16930,4999,14390,16750,2961,2593,0.958,3091,6
20260930-193130,168.318,11440,16490,9330,11950,5006,10140,13700,3078,2642,0.996,3090,6
20260930-193130,168.318,11440,16490,8570,20580,4996,13760,13180,-4042,2642,1.316,-3071,6
20260930-193130,205.118,11450,16010,6660,17450,5002,9900,16480,1620,2592,0.514,3151,6
20260930-193130,205.118,11450,16010,10300,20880,5004,11050,17710,1746,2655,0.554,3152,6
20260930-193130,205.118,11450,16010,15090,19440,5001,9750,14410,-2335,2636,0.756,-3088,6
20260930-193130,205.118,11450,16010,7820,12580,4994,13250,17700,-2469,2586,0.798,-3094,6
20260930-193130,205.118,11450,16010,12610,11150,4997,12240,12680,3422,2647,1.114,3072,6
20260930-193130,205.118,11450,16010,16240,14580,4999,14850,15000,3547,2649,1.152,3079,6
20260930-193130,241.794,12490,15370,16470,18390,4996,14340,16780,2326,2569,0.758,3069,6
20260930-193130,241.794,12490,15370,7880,17310,5002,14630,14470,-2322,2556,0.758,-3063,6
20260930-193130,241.794,12490,15370,11860,20330,5000,12160,17940,2591,2613,0.846,3063,6
20260930-193130,241.794,12490,15370,13110,10410,4999,12810,12800,2590,2595,0.846,3061,6
20260930-193130,241.794,12490,15370,17100,13430,5002,9890,16460,-2819,2592,0.920,-3064,6
20260930-193130,241.794,12490,15370,8500,12350,5004,10240,13660,2826,2590,0.920,3072,6
20260930-193906,157.963,12580,13980,12270,8990,5000,12510,12820,1162,2524,0.390,2980,6
20260930-193906,157.963,12580,13980,16750,11210,5006,13660,13260,1298,2519,0.436,2977,6
20260930-193906,157.963,12580,13980,8100,11750,5004,10860,13120,1923,2594,0.638,3014,6
20260930-193906,157.963,12580,13980,17060,16200,5000,14720,15040,2388,2515,0.794,3008,6
20260930-193906,157.963,12580,13980,8410,16740,5001,9690,15890,3464,2593,1.152,3007,6
20260930-193906,157.963,12580,13980,12890,18970,5000,12820,17810,3838,2554,1.276,3007,6
20260930-193906,194.159,12830,14300,12120,19250,5001,13030,12900,-1414,2558,0.472,-2996,6
20260930-193906,194.159,12830,14300,8190,16160,4999,14250,13730,-1530,2582,0.510,-3000,6
20260930-193906,194.159,12830,14300,8900,11210,4999,11140,12970,2151,2594,0.720,2987,6
20260930-193906,194.159,12830,14300,16760,17390,4999,14700,15770,2379,2518,0.792,3003,6
20260930-193906,194.159,12830,14300,17480,12440,5008,9710,15550,-3361,2521,1.120,-3001,6
20260930-193906,194.159,12830,14300,13550,9350,5002,12320,17850,-3586,2525,1.196,-2999,6
20260930-193906,235.357,12020,15440,9250,19600,4998,10710,17410,2366,2573,0.794,2980,6
20260930-193906,235.357,12020,15440,7030,15130,5000,9650,15290,2375,2572,0.794,2991,6
20260930-193906,235.357,12020,15440,9790,10960,5004,13120,17660,-2478,2500,0.832,-2978,6
20260930-193906,235.357,12020,15440,14250,19910,4995,10910,13210,-2491,2491,0.832,-2994,6
20260930-193906,235.357,12020,15440,17010,15740,4999,14760,15600,2745,2553,0.920,2983,6
20260930-193906,235.357,12020,15440,14780,11270,5001,13530,13150,2743,2540,0.920,2982,6
20260930-193906,277.111,13290,16010,18060,17520,5003,14570,16410,1341,2586,0.444,3020,6
20260930-193906,277.111,13290,16010,14370,20890,4998,13620,17500,1526,2584,0.484,3153,6
20260930-193906,277.111,13290,16010,16980,12630,5004,14730,14690,1953,2588,0.634,3081,6
20260930-193906,277.111,13290,16010,9600,19380,4997,11370,17760,2598,2577,0.836,3107,6
20260930-193906,277.111,13290,16010,12220,11120,5006,12580,12770,3317,2582,1.078,3077,6
20260930-193906,277.111,13290,16010,8530,14500,4994,9660,14860,3808,2604,1.240,3071,6
20260930-194816,166.116,13590,15090,18590,15220,5002,14800,15120,1210,2587,0.400,3026,6
20260930-194816,166.116,13590,15090,16210,10830,5001,14360,13840,1468,2605,0.482,3046,6
20260930-194816,166.116,13590,15090,15980,19490,5007,14400,16570,1687,2508,0.554,3045,6
20260930-194816,166.116,13590,15090,11210,10700,4994,12330,12770,2640,2560,0.872,3028,6
20260930-194816,166.116,13590,15090,10980,19360,5004,11900,17850,3236,2543,1.076,3008,6
20260930-194816,166.116,13590,15090,8590,14960,5002,9610,14990,3981,2633,1.320,3016,6
20260930-194816,202.314,13210,15300,8700,17480,5009,14740,14560,-1700,2633,0.560,-3035,6
20260930-194816,202.314,13210,15300,17340,18120,5001,14610,16260,1698,2564,0.560,3031,6
20260930-194816,202.314,13210,15300,13580,10320,4994,13370,13030,2276,2568,0.754,3018,6
20260930-194816,202.314,13210,15300,12830,20290,5004,13030,17690,2397,2497,0.794,3019,6
20260930-194816,202.314,13210,15300,9070,12490,5004,10510,13470,3262,2526,1.074,3037,6
20260930-194816,202.314,13210,15300,17710,13130,4996,10040,16830,-3520,2649,1.162,-3029,6
20260930-194816,238.910,11810,15210,16680,14070,5002,9730,15700,-2137,2519,0.716,-2985,6
20260930-194816,238.910,11810,15210,15230,18850,4995,10340,13650,-2143,2521,0.716,-2994,6
20260930-194816,238.910,11810,15210,10370,20000,5002,11080,17640,2537,2579,0.846,2999,6
20260930-194816,238.910,11810,15210,13260,10420,5005,12540,12780,2537,2567,0.846,2999,6
20260930-194816,238.910,11810,15210,8390,11560,5002,13780,17310,-2879,2522,0.958,-3006,6
20260930-194816,238.910,11810,15210,6940,16350,5002,14610,14550,-2877,2512,0.958,-3003,6
20260930-195751,163.436,13250,14380,17990,12780,5003,14360,14010,1170,2512,0.392,2985,6
20260930-195751,163.436,13250,14380,14230,9480,4997,13510,13120,1287,2556,0.434,2964,6
20260930-195751,163.436,13250,14380,17010,17680,5003,14720,15670,1956,2522,0.638,3065,6
20260930-195751,163.436,13250,14380,9500,11090,4989,11510,12850,2317,2578,0.760,3049,6
20260930-195751,163.436,13250,14380,12280,19290,5005,12540,17950,3640,2642,1.194,3049,6
20260930-195751,163.436,13250,14380,8520,15990,4996,9650,15610,3804,2587,1.244,3058,6
20260930-195751,199.512,13430,14820,8430,14550,5007,14750,14890,-1322,2566,0.440,-3004,6
20260930-195751,199.512,13430,14820,16160,10630,5001,14150,13710,1323,2517,0.440,3007,6
20260930-195751,199.512,13430,14820,11170,10360,5000,14420,16780,-2196,2635,0.718,-3058,6
20260930-195751,199.512,13430,14820,15690,19280,5000,12380,12750,-2321,2582,0.760,-3054,6
20260930-195751,199.512,13430,14820,10690,19010,5006,11490,17780,3539,2559,1.160,3051,6
20260930-195751,199.512,13430,14820,18420,15090,4997,9660,14620,-3775,2657,1.238,-3050,6
20260930-195751,235.948,12070,14470,14230,18980,5001,11340,12930,-1704,2554,0.560,-3043,6
20260930-195751,235.948,12070,14470,9250,18590,4993,13110,12950,-1842,2538,0.602,-3059,6
20260930-195751,235.948,12070,14470,7090,14080,4995,9870,14300,2207,2566,0.726,3039,6
20260930-195751,235.948,12070,14470,17060,14850,5004,14760,14670,2697,2622,0.888,3038,6
20260930-195751,235.948,12070,14470,14900,10340,5007,10310,17050,-3123,2573,1.040,-3003,6
20260930-195751,235.948,12070,14470,9910,9960,5001,13530,17500,-3363,2536,1.118,-3008,6
20260930-200445,162.595,11440,14170,7840,10700,5000,10590,13360,1174,2556,0.404,2906,6
20260930-200445,162.595,11440,14170,12650,9320,4999,11780,12770,1441,2595,0.474,3039,6
20260930-200445,162.595,11440,14170,6630,15550,5004,9790,14640,1716,2527,0.558,3075,6
20260930-200445,162.595,11440,14170,16240,12790,4994,13990,13440,2652,2586,0.878,3021,6
20260930-200445,162.595,11440,14170,10220,19020,5001,10650,17320,3248,2538,1.082,3001,6
20260930-200445,162.595,11440,14170,15030,17650,5000,14290,16930,3967,2617,1.322,3001,6
20260930-201108,161.071,10830,15470,5960,14360,4995,9670,15210,1189,2554,0.396,3002,6
20260930-201108,161.071,10830,15470,7430,19140,5003,9920,16450,1337,2561,0.446,2999,6
20260930-201108,161.071,10830,15470,9360,10690,5001,10270,13660,1895,2567,0.638,2970,6
20260930-201108,161.071,10830,15470,12300,20250,5001,11540,17770,2407,2536,0.804,2994,6
20260930-201108,161.071,10830,15470,14240,11810,5002,13200,12930,3474,2589,1.156,3005,6
20260930-201108,161.071,10830,15470,15700,16590,4997,14560,16330,3828,2544,1.278,2995,6
20260930-201108,197.507,11260,14640,6430,13350,4999,9780,14240,1533,2673,0.480,3194,6
20260930-201108,197.507,11260,14640,9960,9810,5002,10830,13040,1657,2677,0.526,3150,6
20260930-201108,197.507,11260,14640,14790,11090,5006,9750,16160,-2143,2608,0.686,-3123,6
20260930-201108,197.507,11260,14640,7730,18180,4999,13030,12860,-2510,2596,0.808,-3107,6
20260930-201108,197.507,11260,14640,12570,19460,4995,12170,17990,3471,2663,1.126,3083,6
20260930-201108,197.507,11260,14640,16090,15920,4997,14850,15590,3714,2641,1.206,3079,6
20260930-201108,234.515,12470,15340,17000,13210,5006,14500,14380,2246,2468,0.750,2994,6
20260930-201108,234.515,12470,15340,16580,18190,5001,14430,16700,2386,2600,0.796,2997,6
20260930-201108,234.515,12470,15340,12050,20320,4998,12680,12850,-2499,2519,0.832,-3003,6
20260930-201108,234.515,12470,15340,12890,10350,5008,12260,17820,-2489,2493,0.832,-2991,6
20260930-201108,234.515,12470,15340,8370,12480,4999,10220,13770,2744,2536,0.918,2989,6
20260930-201108,234.515,12470,15340,7950,17460,4992,9990,16500,2738,2521,0.918,2982,6
20260930-201108,271.113,11070,15290,6130,14560,4994,9650,15080,1435,2583,0.482,2978,6
20260930-201108,271.113,11070,15290,7970,19210,4998,10080,16540,1595,2461,0.552,2889,6
20260930-201108,271.113,11070,15290,9230,10640,5001,10390,13570,1850,2538,0.630,2936,6
20260930-201108,271.113,11070,15290,12920,19940,5004,11950,17500,2379,2190,0.802,2966,6
20260930-201108,271.113,11070,15290,14180,11370,5004,12550,13430,2377,1926,0.802,2964,6
20260930-201108,271.113,11070,15290,16020,16020,5004,13420,15640,2376,1238,0.802,2962,6
20260930-203200,169.843,12500,16700,11650,11770,5003,12700,17860,-1177,2577,0.390,-3018,6
20260930-203200,169.843,12500,16700,17190,18430,4999,13980,17240,1575,2598,0.510,3089,6
20260930-203200,169.843,12500,16700,8650,19890,5000,11280,17710,1584,2562,0.510,3106,6
20260930-203200,169.843,12500,16700,16340,13500,4999,14730,14840,2904,2555,0.950,3057,6
20260930-203200,169.843,12500,16700,7810,14960,5002,9630,15640,3059,2610,0.996,3072,6
20260930-203200,169.843,12500,16700,13340,21630,5001,11820,12740,-4018,2618,1.316,-3053,6
20260930-203200,216.711,11610,17780,8740,13680,5005,11530,17660,144,2433,0.048,3004,6
20260930-203200,216.711,11610,17780,9510,22310,4993,11670,17650,-143,2387,0.048,-2983,6
20260930-203200,216.711,11610,17780,16590,17330,5000,11750,17760,141,2478,0.048,2942,6
20260930-203200,216.711,11610,17780,13720,13240,5006,9080,23240,-6018,8513,2.004,-3003,6
20260930-203200,216.711,11610,17780,6630,18220,4999,5610,18310,6023,7253,2.004,3006,6
20260930-203200,216.711,11610,17780,14490,21870,5002,15080,22700,6021,7907,2.004,3004,6
20260930-203200,255.953,12170,16490,11330,11560,5001,12410,17910,-1440,2589,0.476,-3025,6
20260930-203200,255.953,12170,16490,8320,19680,5000,10880,17570,1682,2613,0.556,3026,6
20260930-203200,255.953,12170,16490,7480,14750,5002,13990,17170,-1943,2554,0.642,-3026,6
20260930-203200,255.953,12170,16490,16860,18230,5002,9680,15570,-2655,2553,0.882,-3010,6
20260930-203200,255.953,12170,16490,16020,13300,5000,14690,14410,3268,2633,1.086,3009,6
20260930-203200,255.953,12170,16490,13010,21420,5001,11550,12810,-3732,2605,1.238,-3014,6
20260930-203600,166.427,13460,14680,17040,11190,5000,14320,13850,1195,2566,0.400,2988,6
20260930-203600,166.427,13460,14680,18270,16040,4999,14750,15050,1342,2544,0.446,3009,6
20260930-203600,166.427,13460,14680,14690,19530,5004,13010,12900,-1836,2552,0.604,-3040,6
20260930-203600,166.427,13460,14680,12230,9840,4994,14100,17200,-2600,2652,0.850,-3059,6
20260930-203600,166.427,13460,14680,8650,13330,4996,10160,13750,3429,2596,1.126,3045,6
20260930-203600,166.427,13460,14680,9880,18170,5000,10670,17400,3896,2589,1.280,3044,6
20260930-203947,172.318,13600,15120,18140,13010,5006,14720,14600,1235,2602,0.398,3103,6
20260930-203947,172.318,13600,15120,17700,17990,5005,14720,15900,1365,2563,0.442,3088,6
20260930-203947,172.318,13600,15120,13160,20100,4999,13760,13300,-1827,2545,0.600,-3045,6
20260930-203947,172.318,13600,15120,14050,10140,5000,13380,17660,-2549,2604,0.840,-3035,6
20260930-203947,172.318,13600,15120,9510,12240,5002,10850,13190,3360,2540,1.116,3010,6
20260930-203947,172.318,13600,15120,9070,17220,4993,10130,16730,3825,2518,1.276,2998,6
20260930-204517,168.399,11170,16250,6570,18210,5000,10050,16730,1219,2585,0.402,3031,6
20260930-204517,168.399,11170,16250,10570,21220,5006,11000,17680,1440,2651,0.442,3258,6
20260930-204517,168.399,11170,16250,7170,13250,5000,9550,15030,2028,2688,0.639,3174,6
20260930-204517,168.399,11170,16250,15170,19250,5000,13180,17760,2514,2615,0.802,3135,6
20260930-204517,168.399,11170,16250,11770,11290,4996,11600,12710,3566,2690,1.156,3085,6
20260930-204517,168.399,11170,16250,15770,14290,5000,14790,14710,3934,2642,1.274,3088,6
20260930-204517,204.559,11080,15860,6360,17520,5003,9850,16290,1303,2560,0.434,3002,6
20260930-204517,204.559,11080,15860,10160,20770,4995,10770,17470,1640,2588,0.520,3153,6
20260930-204517,204.559,11080,15860,14870,19110,4993,9650,14640,-1880,2662,0.598,-3143,6
20260930-204517,204.559,11080,15860,7280,12600,5007,13220,17700,-2822,2574,0.914,-3088,6
20260930-204517,204.559,11080,15860,12000,10940,5005,11670,12690,3224,2694,1.038,3106,6
20260930-204517,204.559,11080,15860,15790,14200,4994,14800,14550,3944,2693,1.278,3086,6
20260930-204517,241.239,12460,16040,14350,20670,5001,13180,17790,1892,2643,0.594,3186,6
20260930-204517,241.239,12460,16040,9400,19990,4997,11160,17720,2124,2618,0.672,3161,6
20260930-204517,241.239,12460,16040,17420,16720,5006,14690,16340,2250,2668,0.714,3151,6
20260930-204517,241.239,12460,16040,7510,15360,4996,9640,15650,2847,2602,0.914,3115,6
20260930-204517,241.239,12460,16040,15530,12090,5003,14280,13690,2972,2630,0.954,3116,6
20260930-204517,241.239,12460,16040,10580,11410,4997,11170,12860,3432,2682,1.110,3092,6
20260930-204517,277.719,12370,14640,11410,9740,4993,11990,12690,1987,2648,0.634,3134,6
20260930-204517,277.719,12370,14640,8600,17930,5004,13870,13330,-1992,2590,0.634,-3141,6
20260930-204517,277.719,12370,14640,7640,13030,4996,10040,13850,2460,2635,0.792,3106,6
20260930-204517,277.719,12370,14640,17100,16260,5000,14810,15480,2581,2593,0.832,3102,6
20260930-204517,277.719,12370,14640,16140,11360,4997,9980,16730,-3175,2644,1.030,-3082,6
20260930-204517,277.719,12370,14640,13340,19550,5005,13010,17910,3332,2700,1.078,3091,6
20260930-205557,170.635,12590,13980,9970,18240,5001,13210,12970,-1185,2556,0.396,-2993,6
20260930-205557,170.635,12590,13980,10220,9580,4998,11960,12810,1329,2531,0.444,2993,6
20260930-205557,170.635,12590,13980,17590,14120,5002,14390,14030,1801,2527,0.598,3011,6
20260930-205557,170.635,12590,13980,7590,13840,5002,10060,13910,2531,2585,0.838,3020,6
20260930-205557,170.635,12590,13980,14970,18380,5002,14170,16910,3329,2510,1.116,2983,6
20260930-205557,170.635,12590,13980,15220,9720,5006,10590,17220,-3808,2499,1.276,-2984,6
20260930-205557,207.199,12910,14230,13490,9260,5004,13060,12950,1289,2521,0.428,3011,6
20260930-205557,207.199,12910,14230,8320,16210,4999,14100,13720,-1295,2472,0.428,-3025,6
20260930-205557,207.199,12910,14230,8900,11250,4996,11270,13010,2044,2505,0.672,3042,6
20260930-205557,207.199,12910,14230,16930,17210,5004,14740,15580,2274,2531,0.750,3032,6
20260930-205557,207.199,12910,14230,17500,12240,5003,9730,15610,-3467,2508,1.150,-3014,6
20260930-205557,207.199,12910,14230,12340,19190,4993,12490,17900,3694,2587,1.230,3003,6
20260930-205557,243.393,11780,15050,6840,14310,4995,9800,14750,2003,2489,0.676,2962,6
20260930-205557,243.393,11780,15050,9950,10400,4997,11010,13080,2115,2553,0.714,2962,6
20260930-205557,243.393,11780,15050,8670,18960,4996,10290,16930,2399,2510,0.798,3006,6
20260930-205557,243.393,11780,15050,14900,11140,5002,13350,13070,2527,2524,0.840,3008,6
20260930-205557,243.393,11780,15050,13610,19700,4997,12870,17810,2967,2566,0.996,2979,6
20260930-205557,243.393,11780,15050,16730,15790,5005,14720,15490,2973,2504,0.996,2985,6
20260930-210018,166.565,13580,14990,8610,14400,5005,14740,15120,-1167,2527,0.388,-3008,6
20260930-210018,166.565,13580,14990,16570,10980,5002,14360,13940,1308,2549,0.432,3028,6
20260930-210018,166.565,13580,14990,11610,10390,5004,14360,16810,-1980,2602,0.636,-3113,6
20260930-210018,166.565,13580,14990,15550,19580,4995,12610,12740,-2450,2616,0.790,-3101,6
20260930-210018,166.565,13580,14990,10580,18990,5000,11480,17800,3508,2581,1.148,3056,6
20260930-210018,166.565,13580,14990,18540,15580,4995,9720,14530,-3887,2626,1.272,-3056,6
20260930-210743,161.558,12690,14010,13400,18960,5001,12520,12830,-1192,2515,0.398,-2995,6
20260930-210743,161.558,12690,14010,16620,10920,4999,13710,13200,1302,2596,0.434,3001,6
20260930-210743,161.558,12690,14010,8050,12150,4999,10760,13240,2078,2548,0.684,3038,6
20260930-210743,161.558,12690,14010,17330,15870,4999,14720,14820,2186,2549,0.720,3036,6
20260930-210743,161.558,12690,14010,8760,17100,4999,9860,16230,3597,2528,1.194,3012,6
20260930-210743,161.558,12690,14010,11970,9060,5002,13220,17700,-3728,2574,1.240,-3006,6
20260930-210743,197.912,13210,14860,9810,18540,5010,14270,13720,-1557,2604,0.520,-2994,6
20260930-210743,197.912,13210,14860,18080,15970,4995,14730,15210,1560,2511,0.520,3000,6
20260930-210743,197.912,13210,14860,11720,10090,4997,12560,12800,2160,2550,0.722,2992,6
20260930-210743,197.912,13210,14860,14690,19640,5004,13960,17280,2534,2614,0.842,3009,6
20260930-210743,197.912,13210,14860,8330,13760,5002,9920,14120,3372,2599,1.120,3011,6
20260930-210743,197.912,13210,14860,16600,11190,4996,10830,17430,-3503,2521,1.160,-3020,6
20260930-210743,234.554,11810,14910,13430,19640,5000,11150,12980,-2040,2580,0.678,-3008,6
20260930-210743,234.554,11810,14910,6900,13940,5005,9810,14510,2040,2546,0.678,3008,6
20260930-210743,234.554,11810,14910,15090,11140,4997,13390,13090,2410,2524,0.800,3013,6
20260930-210743,234.554,11810,14910,8520,18670,4996,10130,16830,2551,2575,0.844,3023,6
20260930-210743,234.554,11810,14910,16720,15870,5003,14760,15480,3005,2543,0.998,3011,6
20260930-210743,234.554,11810,14910,10190,10180,5000,12820,17850,-3109,2593,1.032,-3012,6
20260930-210743,270.836,10560,14280,5970,12300,4999,10030,14050,578,2537,0.192,3009,6
20260930-210743,270.836,10560,14280,11150,19240,4995,10460,13460,-826,2567,0.274,-3015,6
20260930-210743,270.836,10560,14280,6550,17270,5002,9710,14910,1058,2546,0.350,3023,6
20260930-210743,270.836,10560,14280,14570,11290,5002,12590,12760,2536,2594,0.836,3033,6
20260930-210743,270.836,10560,14280,9970,9310,5005,10940,17500,-3242,2522,1.078,-3008,6
20260930-210743,270.836,10560,14280,15150,16250,4995,14620,16020,4417,2496,1.472,3001,6
20260930-211921,168.435,11920,16680,9300,20930,4993,11290,17700,1199,2549,0.400,2997,6
20260930-211921,168.435,11920,16680,9540,12280,5002,12550,17850,-1329,2544,0.440,-3020,6
20260930-211921,168.435,11920,16680,6920,16540,5002,9970,16620,1951,2596,0.640,3048,6
20260930-211921,168.435,11920,16680,16920,16810,5002,14360,16740,2441,2563,0.804,3036,6
20260930-211921,168.435,11920,16680,14300,21070,4994,10240,13570,-3535,2649,1.162,-3042,6
20260930-211921,168.435,11920,16680,14540,12420,5001,13960,13360,3897,2625,1.282,3040,6
20260930-211921,204.991,11470,16510,7400,19410,4997,10480,17210,1212,2565,0.402,3016,6
20260930-211921,204.991,11470,16510,10990,11540,4993,11600,17840,-1336,2588,0.442,-3023,6
20260930-211921,204.991,11470,16510,6920,14440,4999,9700,15710,1942,2550,0.638,3044,6
20260930-211921,204.991,11470,16510,16020,18590,5003,13560,17470,2300,2526,0.760,3026,6
20260930-211921,204.991,11470,16510,11940,21490,5002,11130,13020,-3507,2553,1.164,-3012,6
20260930-211921,204.991,11470,16510,15540,13610,4997,14620,14270,3865,2621,1.284,3010,6
20260930-211921,241.317,11670,15130,6670,15170,5000,9620,15140,2050,2608,0.672,3051,6
20260930-211921,241.317,11670,15130,14200,19440,4998,10630,13370,-2044,2523,0.672,-3042,6
20260930-211921,241.317,11670,15130,9200,19480,5002,10470,17240,2427,2593,0.802,3027,6
20260930-211921,241.317,11670,15130,14130,10780,4997,12980,12820,2656,2620,0.878,3025,6
20260930-211921,241.317,11670,15130,9140,10820,4998,13190,17730,-3012,2590,0.994,-3030,6
20260930-211921,241.317,11670,15130,16670,15090,5000,14820,15110,3150,2607,1.040,3029,6
20260930-213637,159.347,13060,14210,13840,9270,5001,13260,12990,1236,2558,0.410,3015,6
20260930-213637,159.347,13060,14210,8400,16000,4992,14310,13730,-1339,2629,0.446,-3002,6
20260930-213637,159.347,13060,14210,16950,17360,5005,11480,12930,-2033,2509,0.680,-2990,6
20260930-213637,159.347,13060,14210,9180,11070,4991,14750,15580,-2176,2541,0.728,-2988,6
20260930-213637,159.347,13060,14210,17730,12420,5001,9700,15500,-3599,2528,1.202,-2994,6
20260930-213637,159.347,13060,14210,12280,19150,5001,12480,17880,3716,2566,1.236,3006,6
20260930-213637,195.671,12610,14060,15470,9960,4999,13340,13010,1279,2573,0.432,2960,6
20260930-213637,195.671,12610,14060,10490,9530,5002,11980,12720,1481,2619,0.478,3098,6
20260930-213637,195.671,12610,14060,7620,13620,5009,14550,14230,-1947,2574,0.634,-3072,6
20260930-213637,195.671,12610,14060,17590,14490,4999,10080,13840,-2540,2607,0.832,-3052,6
20260930-213637,195.671,12610,14060,14720,18590,4997,14030,17110,3364,2539,1.112,3026,6
20260930-213637,195.671,12610,14060,9740,18150,4996,10400,17210,3848,2620,1.274,3020,6
20260930-214712,168.312,10880,15590,15690,16940,4996,9490,15200,-1444,2735,0.444,-3252,6
20260930-214712,168.312,10880,15590,14450,12090,4999,9850,16600,-1443,2691,0.444,-3249,6
20260930-214712,168.312,10880,15590,9630,10750,4999,10340,13510,2149,2616,0.680,3160,6
20260930-214712,168.312,10880,15590,12120,20440,5006,11470,17910,2394,2690,0.762,3142,6
20260930-214712,168.312,10880,15590,7300,19090,5007,13530,13000,-3705,2670,1.204,-3078,6
20260930-214712,168.312,10880,15590,6060,14250,5003,14560,16620,-3821,2672,1.244,-3072,6
20260930-214712,204.638,11090,15250,6200,14220,4997,9690,14950,1432,2560,0.478,2995,6
20260930-214712,204.638,11090,15250,7750,18970,4999,10000,16470,1636,2498,0.553,2958,6
20260930-214712,204.638,11090,15250,9540,10500,4996,10510,13460,1882,2533,0.634,2968,6
20260930-214712,204.638,11090,15250,12650,20000,5000,11940,17840,2726,2528,0.916,2976,6
20260930-214712,204.638,11090,15250,14430,11530,4999,13170,12930,3116,2578,1.038,3002,6
20260930-214712,204.638,11090,15250,15990,16280,5007,14730,16020,3721,2602,1.236,3010,6
20260930-214712,241.230,12280,15040,11510,19980,5000,12640,12710,-2358,2651,0.756,-3119,6
20260930-214712,241.230,12280,15040,7610,16840,5005,14620,14140,-2507,2676,0.804,-3118,6
20260930-214712,241.230,12280,15040,16170,18180,4999,10330,13470,-2503,2651,0.804,-3114,6
20260930-214712,241.230,12280,15040,8390,11900,4999,14420,16770,-2752,2629,0.886,-3106,6
20260930-214712,241.230,12280,15040,16940,13240,4996,9630,16060,-2840,2693,0.916,-3100,6
20260930-214712,241.230,12280,15040,13050,10100,5000,11820,18010,-3005,2712,0.966,-3111,6
20260930-215627,161.955,13610,15520,8860,17090,5003,14760,15140,-1211,2545,0.400,-3028,6
20260930-215627,161.955,13610,15520,9870,12190,5008,14620,16420,-1353,2636,0.448,-3020,6
20260930-215627,161.955,13610,15520,14620,10620,5003,14030,13460,2102,2600,0.682,3083,6
20260930-215627,161.955,13610,15520,12600,20420,5003,13130,17830,2359,2662,0.766,3080,6
20260930-215627,161.955,13610,15520,17340,18840,4994,10900,13110,-3627,2581,1.198,-3027,6
20260930-215627,161.955,13610,15520,18350,13950,4993,10020,16710,-3782,2600,1.248,-3031,6
20260930-215627,198.717,13310,15820,17840,17940,5002,14510,16380,1324,2519,0.440,3010,6
20260930-215627,198.717,13310,15820,17410,12960,4999,14740,14820,1745,2569,0.564,3094,6
20260930-215627,198.717,13310,15820,13730,20800,4998,13470,17650,1837,2637,0.594,3093,6
20260930-215627,198.717,13310,15820,12890,10840,4998,13060,12890,2941,2578,0.962,3057,6
20260930-215627,198.717,13310,15820,9210,18670,4993,10820,17550,3032,2628,0.992,3056,6
20260930-215627,198.717,13310,15820,8790,13690,4997,9890,14210,3780,2586,1.238,3053,6
20260930-215627,235.679,11970,15570,7160,16950,5004,9730,16210,2330,2643,0.752,3098,6
20260930-215627,235.679,11970,15570,13170,10720,4996,11410,17830,-2328,2631,0.752,-3096,6
20260930-215627,235.679,11970,15570,8370,12100,5000,10120,13790,2567,2604,0.836,3071,6
20260930-215627,235.679,11970,15570,15570,19040,5000,13810,17350,2560,2572,0.836,3062,6
20260930-215627,235.679,11970,15570,10760,20420,4999,12670,12740,-2915,2626,0.956,-3049,6
20260930-215627,235.679,11970,15570,16770,14190,4994,14770,14760,2915,2611,0.956,3049,6
20260930-220441,170.442,10850,15610,14780,12510,5005,9900,16360,-1210,2541,0.398,-3041,6
20260930-220441,170.442,10850,15610,6210,13750,4999,9630,15120,1315,2600,0.437,3009,6
20260930-220441,170.442,10850,15610,11570,20560,5002,11140,17610,2021,2526,0.672,3007,6
20260930-220441,170.442,10850,15610,10140,10660,5001,10540,13480,2152,2498,0.716,3006,6
20260930-220441,170.442,10850,15610,15500,17460,5004,14150,16930,3554,2507,1.188,2992,6
20260930-220441,170.442,10850,15610,6920,18700,4999,13760,13320,-3703,2529,1.232,-3006,6
20260930-220441,206.912,10870,15410,6160,17100,5004,9710,15820,1230,2559,0.408,3015,6
20260930-220441,206.912,10870,15410,7050,12180,5003,9690,14410,1547,2693,0.478,3236,6
20260930-220441,206.912,10870,15410,9980,20330,5000,10510,17400,2022,2688,0.638,3170,6
20260930-220441,206.912,10870,15410,11750,10480,5008,11330,12820,2631,2661,0.842,3124,6
20260930-220441,206.912,10870,15410,14690,18630,4996,13520,17650,3470,2661,1.122,3093,6
20260930-220441,206.912,10870,15410,15570,13710,4998,14570,14070,3935,2664,1.276,3084,6
20260930-220441,244.038,12200,15820,12800,20790,5006,12440,17810,2004,2492,0.670,2992,6
20260930-220441,244.038,12200,15820,8200,18820,5000,10490,17110,2142,2485,0.718,2983,6
20260930-220441,244.038,12200,15820,16800,17790,5004,14270,16710,2253,2471,0.752,2996,6
20260930-220441,244.038,12200,15820,7610,13860,4991,9820,14800,2589,2459,0.868,2983,6
20260930-220441,244.038,12200,15820,16200,12830,4994,14480,14120,2844,2561,0.952,2987,6
20260930-220441,244.038,12200,15820,11610,10860,4995,11850,12890,2951,2466,0.993,2972,6
20260930-220441,280.274,13380,16580,9630,13270,5002,14000,17130,-829,2532,0.278,-2981,6
20260930-220441,280.274,13380,16580,14360,11670,5007,13150,17730,-1173,2576,0.394,-2977,6
20260930-220441,280.274,13380,16580,18120,14980,5003,14630,16150,1322,2545,0.442,2991,6
20260930-220441,280.274,13380,16580,8640,18170,5000,10710,17480,2818,2630,0.912,3089,6
20260930-220441,280.274,13380,16580,12390,21480,4999,14010,13430,-3212,2607,1.036,-3101,6
20260930-220441,280.274,13380,16580,17130,19880,4995,10140,13730,-4315,2624,1.400,-3082,6
20260930-221626,169.708,10880,15660,5890,15330,5001,9660,15580,1223,2574,0.408,2997,6
20260930-221626,169.708,10880,15660,8100,19820,5003,10140,16760,1326,2527,0.440,3013,6
20260930-221626,169.708,10880,15660,8660,11170,5009,9990,13860,2008,2671,0.640,3138,6
20260930-221626,169.708,10880,15660,13090,20140,4995,11990,17900,2500,2583,0.808,3094,6
20260930-221626,169.708,10880,15660,13650,11500,4998,12790,12790,3447,2600,1.128,3056,6
20260930-221626,169.708,10880,15660,15870,15980,5000,14820,15910,3948,2663,1.284,3075,6
20260930-221626,206.000,10830,15220,5940,14180,4999,9690,14980,1165,2555,0.386,3018,6
20260930-221626,206.000,10830,15220,7480,18940,5006,9860,16290,1444,2550,0.476,3034,6
20260930-221626,206.000,10830,15220,9280,10470,4996,10320,13660,1641,2529,0.548,2995,6
20260930-221626,206.000,10830,15220,12370,19980,5003,11670,17820,2732,2553,0.906,3016,6
20260930-221626,206.000,10830,15220,14170,11510,4992,12880,12940,3066,2477,1.026,2988,6
20260930-221626,206.000,10830,15220,15720,16270,5001,14670,16040,3927,2550,1.308,3002,6
20260930-221626,242.588,12170,14830,13380,9980,4999,12670,12800,2091,2567,0.676,3093,6
20260930-221626,242.588,12170,14830,15760,18310,5000,10560,13280,-2235,2637,0.720,-3104,6
20260930-221626,242.588,12170,14830,7360,16200,5001,14540,14150,-2466,2600,0.802,-3074,6
20260930-221626,242.588,12170,14830,16980,13460,5001,9580,15570,-2694,2653,0.878,-3068,6
20260930-221626,242.588,12170,14830,8580,11350,5000,14290,16880,-2949,2586,0.960,-3072,6
20260930-221626,242.588,12170,14830,10950,19680,5001,11410,17830,3095,2631,1.006,3076,6
20260930-221626,284.468,12130,13250,13670,18010,5003,11980,12770,-503,2569,0.158,-3183,6
20260930-221626,284.468,12130,13250,8780,16960,4999,12560,12770,-644,2580,0.206,-3128,6
20260930-221626,284.468,12130,13250,17020,14290,4999,11040,13020,-1114,2592,0.362,-3077,6
20260930-221626,284.468,12130,13250,7240,12210,4999,14190,13690,-2106,2560,0.680,-3098,6
20260930-221626,284.468,12130,13250,15480,9540,4999,9660,15990,-3689,2646,1.202,-3069,6
20260930-221626,284.468,12130,13250,10590,8490,5003,13520,17540,-4510,2565,1.476,-3055,6
20260930-225431,169.520,10830,15490,6070,13960,5000,9710,15130,1176,2519,0.392,3001,6
20260930-225431,169.520,10830,15490,7130,18850,4998,9860,16370,1310,2582,0.436,3004,6
20260930-225431,169.520,10830,15490,11890,20380,5004,10400,13500,-2036,2580,0.668,-3048,6
20260930-225431,169.520,10830,15490,9780,10600,5001,11310,17720,-2281,2560,0.752,-3033,6
20260930-225431,169.520,10830,15490,14540,12130,5005,13510,13060,3618,2608,1.198,3020,6
20260930-225431,169.520,10830,15490,15590,17020,5000,14360,16620,3706,2499,1.228,3018,6
20260930-225431,206.318,10980,15100,6000,15500,4996,9690,15210,1295,2534,0.434,2983,6
20260930-225431,206.318,10980,15100,8150,10990,4990,10100,13820,1553,2603,0.514,3022,6
20260930-225431,206.318,10980,15100,8840,19620,5001,10160,16850,1933,2563,0.636,3039,6
20260930-225431,206.318,10980,15100,13130,10590,4996,12070,12810,2536,2522,0.838,3026,6
20260930-225431,206.318,10980,15100,13820,19220,5004,12830,17770,3248,2517,1.070,3036,6
20260930-225431,206.318,10980,15100,15970,14700,5006,14690,14800,3722,2524,1.230,3026,6
20260930-225431,243.192,12370,15280,8560,18520,5001,14290,13640,-2525,2669,0.806,-3133,6
20260930-225431,243.192,12370,15280,7660,13600,5001,14750,16130,-2527,2653,0.806,-3136,6
20260930-225431,243.192,12370,15280,11470,10360,5002,11900,12700,2622,2647,0.838,3129,6
20260930-225431,243.192,12370,15280,13280,20200,5003,12850,17860,2624,2609,0.838,3132,6
20260930-225431,243.192,12370,15280,17080,16960,5001,9770,14360,-2758,2636,0.880,-3134,6
20260930-225431,243.192,12370,15280,16180,12040,5001,10270,17070,-2759,2616,0.880,-3136,6
20260930-230802,163.036,12240,13930,11460,8990,5001,12050,12730,1215,2603,0.405,3000,6
20260930-230802,163.036,12240,13930,16120,10790,4991,13430,12960,1535,2658,0.483,3179,6
20260930-230802,163.036,12240,13930,7570,12130,5005,10580,13290,1779,2616,0.561,3171,6
20260930-230802,163.036,12240,13930,16900,15720,4992,14800,14920,2745,2610,0.887,3094,6
20260930-230802,163.036,12240,13930,8350,17070,4999,9650,16020,3328,2663,1.075,3096,6
20260930-230802,163.036,12240,13930,13010,18870,5000,12860,17920,4038,2670,1.319,3061,6
20260930-230802,199.121,12360,14190,14760,9810,4994,13050,12930,1437,2536,0.475,3024,6
20260930-230802,199.121,12360,14190,9760,9920,4999,11550,12870,1549,2548,0.510,3037,6
20260930-230802,199.121,12360,14190,17360,14080,5001,14530,14140,2171,2596,0.718,3023,6
20260930-230802,199.121,12360,14190,7360,14300,5001,9950,14240,2411,2518,0.798,3021,6
20260930-230802,199.121,12360,14190,14950,18460,4994,14080,17030,3320,2520,1.112,2986,6
20260930-230802,199.121,12360,14190,9950,18570,4999,10640,17320,3571,2544,1.194,2991,6
20260930-230802,236.319,12020,15550,7960,18480,5007,10070,16950,2401,2695,0.756,3175,6
20260930-230802,236.319,12020,15550,12530,20520,4996,12270,18020,2483,2693,0.788,3151,6
20260930-230802,236.319,12020,15550,16580,17590,4996,9740,14530,-2498,2607,0.788,-3170,6
20260930-230802,236.319,12020,15550,7450,13500,5009,14500,16660,-2717,2639,0.870,-3123,6
20260930-230802,236.319,12020,15550,11500,10570,5007,11720,12710,2856,2665,0.914,3125,6
20260930-230802,236.319,12020,15550,16070,12610,5005,14430,13800,2978,2685,0.960,3102,6
20260930-230802,272.955,12480,16860,13550,11980,4996,12250,17890,-1055,2563,0.354,-2981,6
20260930-230802,272.955,12480,16860,16170,20230,4997,13250,17570,1047,2467,0.354,2959,6
20260930-230802,272.955,12480,16860,17240,15350,4994,10780,17400,-1784,2525,0.598,-2983,6
20260930-230802,272.955,12480,16860,7710,18380,5006,14650,16180,-2274,2574,0.760,-2992,6
20260930-230802,272.955,12480,16860,11410,21750,5006,13190,13600,-3336,1980,1.118,-2984,6
20260930-230802,272.955,12480,16860,8780,13500,4998,10010,14610,3341,2325,1.118,2989,6
20260930-231403,166.919,11140,14440,6380,12900,5003,9980,14070,1218,2570,0.402,3029,6
20260930-231403,166.919,11140,14440,10100,9550,4999,10870,13150,1318,2563,0.434,3037,6
20260930-231403,166.919,11140,14440,7430,17790,4999,9710,15730,1926,2544,0.642,3000,6
20260930-231403,166.919,11140,14440,14850,11090,4999,12930,12830,2408,2596,0.802,3002,6
20260930-231403,166.919,11140,14440,12180,19330,4999,11860,17820,3456,2519,1.158,2984,6
20260930-231403,166.919,11140,14440,15900,15980,5003,14780,15620,3826,2575,1.276,2999,6
20260930-231403,203.321,11630,14300,9950,9590,5001,11160,12960,1420,2595,0.470,3021,6
20260930-231403,203.321,11630,14300,6720,13400,4992,9990,14000,1667,2597,0.560,2977,6
20260930-231403,203.321,11630,14300,14870,10480,5009,12860,12850,1901,2558,0.632,3009,6
20260930-231403,203.321,11630,14300,8400,18110,4995,9860,16390,2739,2590,0.918,2983,6
20260930-231403,203.321,11630,14300,16550,15190,5000,14690,14850,3109,2514,1.036,3001,6
20260930-231403,203.321,11630,14300,13320,19000,4995,12880,17770,3688,2530,1.238,2979,6
20260930-231723,173.465,11890,13940,9230,9700,5005,11250,12920,1204,2596,0.399,3018,6
20260930-231723,173.465,11890,13940,14230,9520,5001,12510,12760,1333,2584,0.446,2989,6
20260930-231723,173.465,11890,13940,6890,14120,5003,10000,14010,1891,2583,0.608,3111,6
20260930-231723,173.465,11890,13940,16890,13760,5003,14380,13850,2492,2616,0.802,3107,6
20260930-231723,173.465,11890,13940,9550,18360,5001,10230,17070,3543,2646,1.166,3039,6
20260930-231723,173.465,11890,13940,14550,18180,5005,13950,17230,3882,2570,1.280,3033,6
20260930-232430,159.716,12030,16710,14380,12300,4997,11460,17780,-1212,2568,0.406,-2986,6
20260930-232430,159.716,12030,16710,14680,20950,5000,12740,17840,1335,2566,0.444,3006,6
20260930-232430,159.716,12030,16710,7040,16880,4993,10070,16780,1961,2596,0.638,3074,6
20260930-232430,159.716,12030,16710,17030,16540,5003,14480,16630,2451,2607,0.800,3064,6
20260930-232430,159.716,12030,16710,9390,12470,4995,10170,13730,3513,2600,1.162,3023,6
20260930-232430,159.716,12030,16710,9680,21130,5006,13840,13310,-3852,2586,1.276,-3019,6
20260930-232430,196.038,11480,16500,12160,11540,5006,11320,17690,-1201,2529,0.398,-3017,6
20260930-232430,196.038,11480,16500,6850,18390,5001,10270,16990,1305,2564,0.434,3008,6
20260930-232430,196.038,11480,16500,15430,19560,4997,13110,17760,2060,2590,0.676,3048,6
20260930-232430,196.038,11480,16500,7530,13430,5003,9660,15080,2308,2574,0.760,3037,6
20260930-232430,196.038,11480,16500,16110,14610,5001,14870,15110,3664,2657,1.200,3053,6
20260930-232430,196.038,11480,16500,10800,21450,4996,11990,12770,-3765,2568,1.234,-3051,6
20260930-232430,232.762,10620,15400,5640,14890,5006,9690,15310,934,2532,0.310,3014,6
20260930-232430,232.762,10620,15400,7690,19450,4999,9910,16380,1210,2540,0.396,3056,6
20260930-232430,232.762,10620,15400,12670,19960,5000,10010,14060,-1472,2549,0.470,-3133,6
20260930-232430,232.762,10620,15400,8570,10840,5000,11710,17840,-2672,2564,0.872,-3065,6
20260930-232430,232.762,10620,15400,13540,11350,4993,12530,12740,3275,2606,1.072,3055,6
20260930-232430,232.762,10620,15400,15590,15910,4996,14730,15820,4131,2556,1.356,3047,6
20260930-232430,269.031,10310,13760,15290,13310,5000,10190,13770,-120,2560,0.043,-2800,6
20260930-232430,269.031,10310,13760,7430,9670,5002,10240,13660,122,2590,0.043,2839,6
20260930-232430,269.031,10310,13760,12410,9220,5002,10420,13530,255,2545,0.087,2930,6
20260930-232430,269.031,10310,13760,8220,18300,4998,9720,15050,1419,2517,0.489,2901,6
20260930-232430,269.031,10310,13760,5340,14210,4990,13930,13430,-3635,2553,1.203,-3022,6
20260930-232430,269.031,10310,13760,13200,17850,5008,12550,16930,3882,1636,1.283,3025,6
20260930-233450,164.915,13590,15060,8730,13900,4997,14720,15330,-1162,2498,0.392,-2964,6
20260930-233450,164.915,13590,15060,17030,11430,5001,14480,14120,1294,2561,0.436,2969,6
20260930-233450,164.915,13590,15060,12170,10270,4996,14190,17080,-2107,2636,0.676,-3117,6
20260930-233450,164.915,13590,15060,15020,19850,4999,12920,12800,-2357,2622,0.756,-3118,6
20260930-233450,164.915,13590,15060,10150,18690,5001,11080,17710,3650,2642,1.196,3052,6
20260930-233450,164.915,13590,15060,18460,16230,5009,9940,14180,-3755,2554,1.234,-3043,6
20260930-233450,201.235,13540,15740,18440,16710,4995,14690,15970,1173,2551,0.392,2992,6
20260930-233450,201.235,13540,15740,15150,20480,5006,14020,17170,1508,2575,0.475,3176,6
20260930-233450,201.235,13540,15740,16830,11980,4996,14680,14440,1729,2614,0.556,3110,6
20260930-233450,201.235,13540,15740,10250,19510,5004,11670,17880,2842,2612,0.920,3089,6
20260930-233450,201.235,13540,15740,11920,11010,5000,12510,12720,3191,2623,1.036,3080,6
20260930-233450,201.235,13540,15740,8630,14780,5003,9580,14960,4036,2667,1.316,3067,6
20260930-233450,237.467,12190,16120,10940,20960,4999,11720,17930,1870,2650,0.600,3117,6
20260930-233450,237.467,12190,16120,8620,12620,4999,13610,17510,-1987,2587,0.640,-3105,6
20260930-233450,237.467,12190,16120,7370,17460,5003,10020,16720,2251,2605,0.724,3110,6
20260930-233450,237.467,12190,16120,17010,14770,5005,14800,15390,2710,2579,0.886,3059,6
20260930-233450,237.467,12190,16120,15760,19620,4999,10000,13970,-3069,2603,0.998,-3075,6
20260930-233450,237.467,12190,16120,13430,11270,5006,13040,12790,3437,2666,1.120,3069,6
20260930-233450,279.191,12890,17620,14710,22270,4993,12930,17730,117,2505,0.040,2925,6
20260930-233450,279.191,12890,17620,9770,21530,5002,12750,17780,212,2509,0.072,2950,6
20260930-233450,279.191,12890,17620,7940,16870,5006,13220,17670,-334,2546,0.114,-2928,6
20260930-233450,279.191,12890,17620,17830,18360,4995,10570,17270,-2346,2550,0.758,-3095,6
20260930-233450,279.191,12890,17620,16000,13710,4996,14810,15210,3081,2591,0.998,3087,6
20260930-233450,279.191,12890,17620,11060,12960,5006,11060,12980,4988,2619,1.636,3049,6
20260930-234618,163.161,13320,14460,16860,10930,4999,14160,13620,1188,2583,0.398,2985,6
20260930-234618,163.161,13320,14460,18150,15760,5002,14810,14860,1543,2630,0.478,3228,6
20260930-234618,163.161,13320,14460,12030,9640,4990,12860,12740,1780,2665,0.556,3202,6
20260930-234618,163.161,13320,14460,14620,19290,5002,14060,17210,2848,2631,0.914,3116,6
20260930-234618,163.161,13320,14460,8490,13170,4999,10210,13630,3219,2632,1.036,3107,6
20260930-234618,163.161,13320,14460,9790,18000,4999,10470,17320,4038,2653,1.308,3087,6
20260930-234618,199.397,13130,15000,16480,11290,4999,14290,13710,1735,2626,0.556,3120,6
20260930-234618,199.397,13130,15000,18020,16050,5001,14830,15360,1738,2609,0.556,3125,6
20260930-234618,199.397,13130,15000,11590,10240,5003,12400,12720,2394,2613,0.760,3150,6
20260930-234618,199.397,13130,15000,14670,19760,5003,13890,17360,2479,2630,0.792,3130,6
20260930-234618,199.397,13130,15000,8240,13950,5001,9800,14280,3407,2638,1.108,3075,6
20260930-234618,199.397,13130,15000,9780,18710,4999,10850,17520,3398,2586,1.108,3067,6
20260930-234618,236.787,11810,15470,15090,11690,5005,10350,17160,-2233,2619,0.726,-3076,6
20260930-234618,236.787,11810,15470,16720,16420,5001,9620,15040,-2232,2617,0.726,-3074,6
20260930-234618,236.787,11810,15470,13440,20190,4994,12660,17920,2593,2629,0.846,3065,6
20260930-234618,236.787,11810,15470,10180,10740,5003,10970,13020,2590,2625,0.846,3061,6
20260930-234618,236.787,11810,15470,6900,14520,5001,14700,16030,-2944,2576,0.966,-3047,6
20260930-234618,236.787,11810,15470,8530,19240,4997,13740,13250,-2942,2573,0.966,-3045,6
20261001-195456,168.956,10820,15380,6420,17750,4998,9770,15950,1195,2529,0.402,2972,6
20261001-195456,168.956,10820,15380,6570,12750,4998,9720,14690,1298,2582,0.436,2978,6
20261001-195456,168.956,10820,15380,10970,10380,5002,10760,17430,-2051,2561,0.674,-3043,6
20261001-195456,168.956,10820,15380,10680,20380,5002,10890,13060,-2321,2629,0.760,-3054,6
20261001-195456,168.956,10820,15380,15080,18010,5006,13920,17290,3641,2595,1.192,3055,6
20261001-195456,168.956,10820,15380,15230,13010,5006,14140,13590,3772,2588,1.238,3047,6
20261001-195456,205.590,11170,15090,6270,14130,4993,9730,14810,1467,2545,0.478,3069,6
20261001-195456,205.590,11170,15090,9560,10360,4996,10590,13390,1796,2533,0.602,2984,6
20261001-195456,205.590,11170,15090,7890,18860,4997,9910,16540,1921,2610,0.640,3002,6
20261001-195456,205.590,11170,15090,14460,11330,4996,13090,12900,2912,2578,0.964,3021,6
20261001-195456,205.590,11170,15090,12790,19820,5000,12160,17970,3045,2643,1.006,3027,6
20261001-195456,205.590,11170,15090,16080,16060,5005,14750,15800,3650,2572,1.206,3026,6
20261001-195456,242.950,11860,16310,15430,12810,4999,10720,17430,-1598,2584,0.518,-3085,6
20261001-195456,242.950,11860,16310,13110,21150,4999,12290,17970,1715,2643,0.558,3073,6
20261001-195456,242.950,11860,16310,7050,14970,4993,9620,15690,2324,2627,0.768,3026,6
20261001-195456,242.950,11860,16310,16680,17660,5005,14200,16960,2429,2565,0.800,3036,6
20261001-195456,242.950,11860,16310,10620,11470,4996,11020,13030,3386,2593,1.122,3018,6
20261001-195456,242.950,11860,16310,8290,19810,4999,14360,13870,-3493,2588,1.158,-3017,6
20261001-200035,174.755,13580,15640,18580,15640,5000,14770,15640,1190,2568,0.396,3005,6
20261001-200035,174.755,13580,15640,16080,19970,5000,14320,16910,1470,2628,0.474,3101,6
20261001-200035,174.755,13580,15640,16090,11310,5005,14500,14060,1828,2607,0.592,3088,6
20261001-200035,174.755,13580,15640,11080,19970,5000,12300,17860,2563,2534,0.838,3058,6
20261001-200035,174.755,13580,15640,11090,11310,4995,11950,12820,3257,2522,1.074,3033,6
20261001-200035,174.755,13580,15640,8580,15640,5000,9580,15640,4000,2660,1.320,3030,6
20261001-200035,211.751,12670,15770,16820,18560,5001,14290,16860,1953,2574,0.638,3060,6
20261001-200035,211.751,12670,15770,12330,20760,5002,12520,17970,2205,2659,0.722,3054,6
20261001-200035,211.751,12670,15770,8180,17970,5000,14750,14750,-2317,2593,0.762,-3040,6
20261001-200035,211.751,12670,15770,17160,13570,5000,10280,16940,-2661,2524,0.882,-3017,6
20261001-200035,211.751,12670,15770,13010,10780,5002,12870,12830,2947,2580,0.964,3057,6
20261001-200035,211.751,12670,15770,8520,12980,5001,10030,14000,3178,2562,1.042,3050,6
20261001-200035,248.111,11300,16060,6430,17170,4995,9860,16390,1477,2590,0.480,3078,6
20261001-200035,248.111,11300,16060,12780,11280,5004,10830,17570,-1581,2639,0.518,-3053,6
20261001-200035,248.111,11300,16060,14700,19730,5003,9800,14440,-2208,2579,0.726,-3041,6
20261001-200035,248.111,11300,16060,7900,12390,5003,12960,17850,-2441,2628,0.800,-3052,6
20261001-200035,248.111,11300,16060,9820,20840,5004,12350,12680,-3539,2651,1.164,-3041,6
20261001-200035,248.111,11300,16060,16180,14950,5005,14850,15250,3641,2630,1.196,3045,6
20261001-201030,167.637,12010,16690,12350,11700,5002,11930,17870,-1183,2559,0.396,-2987,6
20261001-201030,167.637,12010,16690,7530,18890,4991,10720,17330,1440,2503,0.480,3000,6
20261001-201030,167.637,12010,16690,7860,13910,4995,13420,17630,-1695,2596,0.562,-3015,6
20261001-201030,167.637,12010,16690,16170,19480,5009,9730,15160,-2746,2497,0.920,-2985,6
20261001-201030,167.637,12010,16690,16500,14490,5000,14780,15330,3086,2558,1.034,2984,6
20261001-201030,167.637,12010,16690,11680,21680,5001,12280,12750,-3949,2578,1.322,-2987,6
20261001-201030,204.077,11860,16170,13440,11420,5006,11330,17760,-1676,2591,0.560,-2993,6
20261001-201030,204.077,11860,16170,6960,17180,5003,10000,16550,1898,2536,0.632,3004,6
20261001-201030,204.077,11860,16170,15180,19900,4994,13220,17690,2040,2565,0.678,3008,6
20261001-201030,204.077,11860,16170,8540,12430,5001,10030,14110,2755,2507,0.918,3002,6
20261001-201030,204.077,11860,16170,16760,15160,5003,14770,15570,2971,2560,0.996,2983,6
20261001-201030,204.077,11860,16170,10290,20910,4993,12950,12890,-3456,2544,1.156,-2990,6
20261001-201030,240.477,12630,15000,17180,12920,5003,14470,14160,2023,2533,0.680,2975,6
20261001-201030,240.477,12630,15000,12150,19980,5003,12830,12890,-2119,2512,0.712,-2977,6
20261001-201030,240.477,12630,15000,8560,12100,4997,14570,16380,-2381,2574,0.802,-2969,6
20261001-201030,240.477,12630,15000,16700,17900,4997,10520,13500,-2589,2497,0.870,-2976,6
20261001-201030,240.477,12630,15000,13110,10020,5003,12360,17850,-2863,2526,0.958,-2988,6
20261001-201030,240.477,12630,15000,8080,17070,4999,9830,16280,3079,2574,1.034,2977,6
20261001-202431,160.709,10910,15820,6670,18460,4995,9870,16470,1226,2614,0.408,3006,6
20261001-202431,160.709,10910,15820,15320,18180,5002,9590,15110,-1499,2641,0.488,-3071,6
20261001-202431,160.709,10910,15820,11080,20820,5003,10970,17560,1741,2559,0.566,3076,6
20261001-202431,160.709,10910,15820,10750,10820,5003,10820,13140,2682,2598,0.882,3040,6
20261001-202431,160.709,10910,15820,6500,13470,4997,13810,17370,-3288,2588,1.078,-3050,6
20261001-202431,160.709,10910,15820,15160,13180,5003,14320,13700,4015,2656,1.320,3042,6
20261001-202431,196.827,10910,15820,15820,14860,5003,9730,16050,-1202,2594,0.410,-2932,6
20261001-202431,196.827,10910,15820,9290,20550,5000,10450,17180,1436,2563,0.480,2991,6
20261001-202431,196.827,10910,15820,7630,12050,4997,9780,14510,1730,2575,0.570,3035,6
20261001-202431,196.827,10910,15820,14200,19590,5004,12680,17860,2701,2574,0.890,3035,6
20261001-202431,196.827,10910,15820,12540,11090,5003,11980,12720,3279,2619,1.082,3031,6
20261001-202431,196.827,10910,15820,6010,16780,4993,14850,15050,-4015,2643,1.328,-3023,6
20261001-202431,232.943,12380,15920,14750,20320,4998,13310,17640,1955,2556,0.644,3036,6
20261001-202431,232.943,12380,15920,9750,20170,4998,11220,17790,2201,2658,0.726,3031,6
20261001-202431,232.943,12380,15920,17380,16070,5002,14700,15990,2321,2565,0.766,3030,6
20261001-202431,232.943,12380,15920,7380,15760,5003,9700,15830,2682,2571,0.886,3027,6
20261001-202431,232.943,12380,15920,15010,11660,5006,13970,13350,3022,2640,1.002,3016,6
20261001-202431,232.943,12380,15920,10010,11510,5006,10890,13150,3145,2552,1.044,3013,6
20261001-202923,171.273,12810,16590,8990,13380,4990,13740,17370,-1214,2545,0.402,-3019,6
20261001-202923,171.273,12810,16590,11940,21520,5006,12580,17910,1340,2607,0.444,3018,6
20261001-202923,171.273,12810,16590,17510,14890,4998,14790,15880,2103,2627,0.684,3075,6
20261001-202923,171.273,12810,16590,8120,18300,4992,10620,17390,2332,2611,0.762,3060,6
20261001-202923,171.273,12810,16590,13680,11670,4996,13450,12990,3656,2641,1.200,3047,6
20261001-202923,171.273,12810,16590,16640,19810,5004,9930,14170,-3762,2567,1.238,-3039,6
20261001-202923,207.395,12390,16490,12350,21490,5000,12370,18010,1520,2687,0.482,3154,6
20261001-202923,207.395,12390,16490,16700,19020,4998,13890,17370,1739,2637,0.556,3128,6
20261001-202923,207.395,12390,16490,8040,18960,5002,10660,17470,1988,2651,0.637,3121,6
20261001-202923,207.395,12390,16490,16730,14020,4994,14840,15100,2817,2628,0.916,3075,6
20261001-202923,207.395,12390,16490,8070,13960,5006,9640,14880,3187,2620,1.034,3082,6
20261001-202923,207.395,12390,16490,12420,11490,5000,12410,12730,3760,2604,1.234,3047,6
20261001-202923,244.237,12040,15130,10120,10520,4994,11150,12990,2318,2571,0.754,3074,6
20261001-202923,244.237,12040,15130,7090,14500,4990,9620,14820,2440,2651,0.792,3081,6
20261001-202923,244.237,12040,15130,15080,11160,5000,13590,13110,2546,2606,0.830,3068,6
20261001-202923,244.237,12040,15130,9010,19110,5002,10430,17250,2662,2628,0.870,3060,6
20261001-202923,244.237,12040,15130,17000,15770,5001,14810,15490,2793,2594,0.908,3076,6
20261001-202923,244.237,12040,15130,13970,19750,5007,13130,17740,2828,2578,0.922,3068,6
20261001-203309,163.597,10920,14620,14020,18540,4998,10280,13810,-1032,2464,0.352,-2933,6
20261001-203309,163.597,10920,14620,5970,15350,5004,9750,14790,1182,2529,0.396,2986,6
20261001-203309,163.597,10920,14620,12760,9970,5001,11620,12830,1922,2569,0.634,3032,6
20261001-203309,163.597,10920,14620,9080,19270,5001,10080,16750,2290,2571,0.750,3053,6
20261001-203309,163.597,10920,14620,15860,13890,4994,14460,14100,3578,2553,1.192,3002,6
20261001-203309,163.597,10920,14620,7810,10700,5004,13290,17620,-3823,2529,1.274,-3001,6
20261001-203309,200.507,10920,14620,6340,12600,5006,9910,14180,1102,2581,0.360,3060,6
20261001-203309,200.507,10920,14620,10380,9650,4999,10750,13070,1559,2695,0.480,3249,6
20261001-203309,200.507,10920,14620,14950,11670,4994,9570,15610,-1674,2667,0.520,-3219,6
20261001-203309,200.507,10920,14620,6880,17570,5002,13240,12920,-2876,2614,0.928,-3099,6
20261001-203309,200.507,10920,14620,11450,19590,4998,11260,17830,3228,2681,1.042,3098,6
20261001-203309,200.507,10920,14620,15490,16640,4997,14760,16320,4199,2726,1.368,3070,6
20261001-203917,168.560,12720,16630,14380,21350,5003,13120,17770,1208,2603,0.402,3005,6
20261001-203917,168.560,12720,16630,7810,15710,4995,14320,16930,-1628,2640,0.514,-3167,6
20261001-203917,168.560,12720,16630,9460,20420,4999,11660,17870,1631,2604,0.514,3174,6
20261001-203917,168.560,12720,16630,15980,12840,4999,14660,14380,2971,2616,0.956,3108,6
20261001-203917,168.560,12720,16630,17640,17560,5007,9680,16060,-3093,2645,0.998,-3099,6
20261001-203917,168.560,12720,16630,11070,11910,5000,11380,12810,4048,2654,1.310,3090,6
20261001-203917,204.674,12410,16340,13660,21180,4999,12820,17940,1652,2680,0.522,3164,6
20261001-203917,204.674,12410,16340,15970,12840,4992,11060,17660,-1888,2606,0.598,-3157,6
20261001-203917,204.674,12410,16340,17230,17680,5003,14330,16880,1994,2618,0.638,3126,6
20261001-203917,204.674,12410,16340,7590,15010,5000,9570,15560,2945,2662,0.958,3074,6
20261001-203917,204.674,12410,16340,8840,19850,5006,14590,14200,-3055,2623,0.996,-3067,6
20261001-203917,204.674,12410,16340,11150,11500,5001,11480,12780,3679,2653,1.204,3056,6
20261001-203917,240.832,12300,14950,12900,9990,4996,12570,12740,2226,2611,0.722,3084,6
20261001-203917,240.832,12300,14950,16900,12990,5000,14460,14030,2348,2587,0.766,3065,6
20261001-203917,240.832,12300,14950,16300,17950,5000,10320,13460,-2478,2665,0.808,-3067,6
20261001-203917,240.832,12300,14950,8300,11950,5000,14460,16570,-2700,2560,0.884,-3054,6
20261001-203917,240.832,12300,14950,7700,16910,5000,9720,16050,2805,2604,0.916,3062,6
20261001-203917,240.832,12300,14950,11700,19910,4996,11950,17870,2941,2557,0.960,3063,6
20261001-204237,173.391,12110,13930,13090,9030,4997,12340,12750,1202,2580,0.402,2991,6
20261001-204237,173.391,12110,13930,8350,10630,5003,11110,13060,1325,2525,0.442,2999,6
20261001-204237,173.391,12110,13930,7370,15530,5003,13830,13350,-1815,2549,0.598,-3035,6
20261001-204237,173.391,12110,13930,16840,12340,4990,9680,14750,-2565,2606,0.844,-3039,6
20261001-204237,173.391,12110,13930,15860,17240,5002,14630,16160,3365,2548,1.120,3004,6
20261001-204237,173.391,12110,13930,11120,18840,5009,11350,17690,3836,2518,1.276,3006,6
20261001-205127,175.107,13220,14350,16950,11020,5000,14120,13540,1211,2607,0.404,2997,6
20261001-205127,175.107,13220,14350,14230,19240,4993,12900,12800,-1583,2617,0.518,-3055,6
20261001-205127,175.107,13220,14350,17960,15920,4993,14710,14840,1568,2536,0.518,3028,6
20261001-205127,175.107,13220,14350,8470,12770,5006,10480,13440,2887,2568,0.958,3014,6
20261001-205127,175.107,13220,14350,12210,9450,5003,13830,17300,-3012,2545,1.002,-3006,6
20261001-205127,175.107,13220,14350,9480,17670,5001,10240,16990,3981,2587,1.324,3007,6
20261001-205127,211.631,13100,14880,15890,10730,5001,14040,13480,1686,2592,0.558,3022,6
20261001-205127,211.631,13100,14880,18090,15220,5002,14780,14990,1684,2581,0.558,3017,6
20261001-205127,211.631,13100,14880,15300,19370,5000,12030,12690,-2437,2644,0.804,-3032,6
20261001-205127,211.631,13100,14880,10900,10390,5000,14180,17070,-2442,2621,0.804,-3037,6
20261001-205127,211.631,13100,14880,8110,14540,5002,9730,14650,3378,2582,1.120,3016,6
20261001-205127,211.631,13100,14880,10320,19030,4995,11220,17690,3381,2566,1.120,3019,6
20261001-210120,162.552,12100,13930,11830,18930,5007,12160,12750,-1182,2578,0.396,-2984,6
20261001-210120,162.552,12100,13930,7910,11200,5001,10800,13090,1548,2651,0.480,3225,6
20261001-210120,162.552,12100,13930,16560,11670,5000,13680,13130,1771,2637,0.556,3185,6
20261001-210120,162.552,12100,13930,7640,16200,5004,9550,15230,2862,2673,0.918,3118,6
20261001-210120,162.552,12100,13930,16290,16660,5001,14820,15710,3251,2626,1.050,3096,6
20261001-210120,162.552,12100,13930,12370,8940,4997,11880,17990,-4066,2684,1.324,-3071,6
20261001-210120,198.838,12350,14270,13150,9340,4994,12580,12870,1419,2483,0.474,2993,6
20261001-210120,198.838,12350,14270,8480,11110,4996,10980,13150,1770,2507,0.600,2949,6
20261001-210120,198.838,12350,14270,17030,12500,5004,14120,13600,1893,2567,0.638,2966,6
20261001-210120,198.838,12350,14270,7680,16050,4998,9690,15280,2845,2532,0.954,2982,6
20261001-210120,198.838,12350,14270,16230,17430,5004,14640,16140,2957,2551,0.992,2980,6
20261001-210120,198.838,12350,14270,11550,19210,5004,11790,17740,3515,2451,1.188,2959,6
20261001-210120,235.072,13270,15330,18160,14310,4995,14850,15000,1614,2649,0.512,3153,6
20261001-210120,235.072,13270,15330,9940,11600,5000,14440,16640,-1756,2578,0.558,-3148,6
20261001-210120,235.072,13270,15330,14830,10580,5000,13930,13330,2106,2628,0.678,3106,6
20261001-210120,235.072,13270,15330,11710,20080,5000,12430,17890,2694,2571,0.872,3090,6
20261001-210120,235.072,13270,15330,16600,19060,5000,11120,12930,-3222,2638,1.040,-3098,6
20261001-210120,235.072,13270,15330,8380,16350,4995,9660,16080,3687,2670,1.200,3073,6
20261001-211048,159.042,11050,16090,8050,20100,5008,10350,17030,1172,2530,0.392,2990,6
20261001-211048,159.042,11050,16090,6090,15500,4995,9770,15940,1289,2527,0.430,2997,6
20261001-211048,159.042,11050,16090,9090,11500,4991,11840,17940,-2012,2640,0.636,-3163,6
20261001-211048,159.042,11050,16090,13020,20690,5004,10060,13780,-2513,2658,0.800,-3142,6
20261001-211048,159.042,11050,16090,16020,16690,5006,14620,16520,3596,2679,1.158,3105,6
20261001-211048,159.042,11050,16090,14050,12090,5000,13410,12940,3936,2667,1.272,3094,6
20261001-211048,210.318,9920,16200,5440,13970,5004,9830,16160,98,2532,0.034,2894,6
20261001-211048,210.318,9920,16200,10220,21190,4999,9920,16300,100,2499,0.034,2936,6
20261001-211048,210.318,9920,16200,5750,18960,5001,9830,16250,103,2563,0.034,3019,6
20261001-211048,210.318,9920,16200,9610,11210,5000,9810,14460,1743,2563,0.550,3170,6
20261001-211048,210.318,9920,16200,14390,18430,4995,13090,17780,3542,2602,1.154,3069,6
20261001-211048,210.318,9920,16200,14080,13440,4992,14070,13450,4978,2635,1.632,3051,6
20261001-211048,255.996,11480,15490,6780,17200,5001,9710,16140,1886,2640,0.600,3143,6
20261001-211048,255.996,11480,15490,15310,18710,5004,9870,14140,-2101,2634,0.676,-3108,6
20261001-211048,255.996,11480,15490,12360,10570,4998,11090,17680,-2224,2611,0.716,-3107,6
20261001-211048,255.996,11480,15490,10610,20420,5006,11980,12700,-2834,2638,0.930,-3048,6
20261001-211048,255.996,11480,15490,7660,12270,4996,13790,17430,-3017,2623,0.994,-3035,6
20261001-211048,255.996,11480,15490,16180,13790,4998,14720,14320,3445,2694,1.122,3070,6
20261001-212705,165.525,12420,13940,10870,9190,4996,12040,12780,1221,2554,0.388,3146,6
20261001-212705,165.525,12420,13940,15760,10230,4992,13380,12870,1438,2717,0.434,3312,6
20261001-212705,165.525,12420,13940,7530,12910,4997,10330,13500,2136,2630,0.672,3178,6
20261001-212705,165.525,12420,13940,17310,14980,4999,14750,14440,2383,2680,0.752,3169,6
20261001-212705,165.525,12420,13940,9070,17660,5006,9930,16700,3717,2671,1.194,3113,6
20261001-212705,165.525,12420,13940,13960,18700,5003,13590,17560,3804,2619,1.228,3098,6
20261001-213007,157.952,10870,14950,6490,12550,4994,9830,14380,1186,2572,0.404,2936,6
20261001-213007,157.952,10870,14950,6600,17550,4999,9620,15720,1468,2631,0.478,3071,6
20261001-213007,157.952,10870,14950,10980,19950,5001,10830,13090,-1860,2635,0.604,-3080,6
20261001-213007,157.952,10870,14950,10770,9950,5001,10930,17520,-2571,2545,0.842,-3053,6
20261001-213007,157.952,10870,14950,15150,12360,5003,13790,13190,3409,2651,1.116,3055,6
20261001-213007,157.952,10870,14950,15260,17360,5008,14280,16820,3889,2543,1.282,3034,6
20261001-213946,164.719,13490,15170,17770,12570,5008,14610,14490,1310,2531,0.432,3033,6
20261001-213946,164.719,13490,15170,17880,17570,5003,14790,15880,1481,2627,0.476,3112,6
20261001-213946,164.719,13490,15170,13380,10170,5001,13450,13130,2040,2517,0.670,3045,6
20261001-213946,164.719,13490,15170,13610,20170,5001,13550,17460,2291,2512,0.750,3054,6
20261001-213946,164.719,13490,15170,9110,12770,4994,10420,13490,3500,2573,1.160,3017,6
20261001-213946,164.719,13490,15170,9220,17770,4999,10300,17110,3734,2621,1.240,3011,6
20261001-213946,200.995,13200,15690,16440,19500,5001,14230,16900,1589,2551,0.518,3068,6
20261001-213946,200.995,13200,15690,18110,14780,4994,14760,15400,1587,2539,0.518,3063,6
20261001-213946,200.995,13200,15690,11530,20410,5007,12430,17870,2312,2551,0.754,3066,6
20261001-213946,200.995,13200,15690,14870,10980,4997,14010,13410,2420,2622,0.796,3040,6
20261001-213946,200.995,13200,15690,8280,16600,5003,9880,16310,3377,2539,1.122,3010,6
20261001-213946,200.995,13200,15690,9950,11890,5000,10930,13040,3489,2627,1.162,3003,6
20261001-213946,237.475,12040,14910,9680,10500,5002,11020,13010,2156,2610,0.718,3003,6
20261001-213946,237.475,12040,14910,9400,19160,5003,13230,12990,-2259,2546,0.754,-2996,6
20261001-213946,237.475,12040,14910,7040,14750,5003,9780,14840,2261,2490,0.756,2991,6
20261001-213946,237.475,12040,14910,17040,15080,5003,14800,15000,2761,2599,0.916,3015,6
20261001-213946,237.475,12040,14910,14680,10670,4995,10580,17260,-2767,2536,0.916,-3020,6
20261001-213946,237.475,12040,14910,14390,19320,4997,13450,17560,3002,2548,0.998,3008,6
20261001-220542,164.152,12980,14150,11870,19030,5005,13240,13020,-1160,2522,0.398,-2913,6
20261001-220542,164.152,12980,14150,8200,15630,5004,14210,13770,-1287,2526,0.436,-2953,6
20261001-220542,164.152,12980,14150,9310,10750,5003,11500,12790,2010,2638,0.640,3141,6
20261001-220542,164.152,12980,14150,16650,17550,5003,14790,15830,2470,2617,0.796,3102,6
20261001-220542,164.152,12980,14150,17750,12670,4994,9590,15200,-3549,2635,1.154,-3075,6
20261001-220542,164.152,12980,14150,14080,9280,4993,12100,17990,-3940,2665,1.282,-3073,6
20261001-220542,200.754,13100,14550,16020,10490,5001,13980,13330,1504,2661,0.472,3187,6
20261001-220542,200.754,13100,14550,8130,14060,4994,14720,14710,-1628,2574,0.514,-3167,6
20261001-220542,200.754,13100,14550,11040,10000,4995,12290,12760,1965,2568,0.630,3119,6
20261001-220542,200.754,13100,14550,15160,19110,5004,14200,16980,2667,2578,0.872,3059,6
20261001-220542,200.754,13100,14550,18080,15050,5005,9790,14230,-3325,2668,1.076,-3091,6
20261001-220542,200.754,13100,14550,10190,18620,5003,10880,17660,3821,2691,1.238,3086,6
20261001-220938,160.270,12550,14080,15880,10350,5000,13400,13130,1275,2493,0.432,2951,6
20261001-220938,160.270,12550,14080,10980,9340,4993,12090,12720,1436,2611,0.480,2991,6
20261001-220938,160.270,12550,14080,17440,15100,4995,14690,14530,2187,2594,0.722,3029,6
20261001-220938,160.270,12550,14080,7650,13070,5003,10310,13620,2287,2563,0.754,3033,6
20261001-220938,160.270,12550,14080,14110,18830,5000,13640,17400,3494,2511,1.154,3028,6
20261001-220938,160.270,12550,14080,9220,17820,5008,10130,16790,3633,2552,1.196,3038,6
20261001-221556,160.116,11100,16160,7530,19660,4999,10250,16990,1188,2579,0.396,3000,6
20261001-221556,160.116,11100,16160,6280,14820,5003,9710,15770,1444,2550,0.480,3008,6
20261001-221556,160.116,11100,16160,12350,21000,4999,11510,17760,1652,2535,0.552,2992,6
20261001-221556,160.116,11100,16160,9840,11320,5001,10410,13520,2729,2559,0.912,2992,6
20261001-221556,160.116,11100,16160,15910,17490,4990,14080,16980,3091,2487,1.032,2995,6
20261001-221556,160.116,11100,16160,14660,12650,4999,13910,13400,3939,2562,1.312,3002,6
20261001-221556,196.838,11150,15830,6280,16960,4999,9770,16150,1417,2586,0.470,3014,6
20261001-221556,196.838,11150,15830,9690,20610,4998,10700,17290,1528,2483,0.508,3007,6
20261001-221556,196.838,11150,15830,7730,12180,5002,9840,14430,1917,2545,0.640,2996,6
20261001-221556,196.838,11150,15830,14560,19480,4995,12940,17750,2625,2527,0.874,3003,6
20261001-221556,196.838,11150,15830,12600,11050,4995,12090,12750,3220,2581,1.070,3010,6
20261001-221556,196.838,11150,15830,16020,14700,4999,14770,14990,3716,2571,1.234,3011,6
20261001-221556,233.148,11950,14680,11640,19670,5000,12070,12680,-2004,2652,0.640,-3131,6
20261001-221556,233.148,11950,14680,16110,17450,4998,10280,13570,-2005,2619,0.640,-3133,6
20261001-221556,233.148,11950,14680,16430,12460,5000,14170,13580,2478,2617,0.800,3097,6
20261001-221556,233.148,11950,14680,7470,16910,5004,9620,15840,2603,2652,0.838,3106,6
20261001-221556,233.148,11950,14680,7780,11920,5001,14630,16470,-3223,2666,1.042,-3093,6
20261001-221556,233.148,11950,14680,12260,9690,5000,11750,17900,-3226,2615,1.042,-3096,6
20261001-222029,162.913,10860,14990,14720,18170,5001,9950,14240,-1179,2518,0.396,-2978,6
20261001-222029,162.913,10860,14990,15550,13240,5006,9650,15440,-1291,2574,0.434,-2975,6
20261001-222029,162.913,10860,14990,11690,10060,4999,11210,12910,2109,2621,0.678,3111,6
20261001-222029,162.913,10860,14990,10040,19920,4998,10480,17290,2331,2624,0.756,3084,6
20261001-222029,162.913,10860,14990,6180,16740,4996,14280,13720,-3648,2612,1.196,-3050,6
20261001-222029,162.913,10860,14990,7010,11810,4993,13780,17400,-3786,2593,1.240,-3053,6
20261001-222029,198.991,11190,14740,7010,12000,4998,9960,13940,1467,2653,0.480,3057,6
20261001-222029,198.991,11190,14740,6720,16990,5004,9670,15510,1704,2558,0.556,3065,6
20261001-222029,198.991,11190,14740,11470,9750,4998,11290,12940,1803,2563,0.594,3035,6
20261001-222029,198.991,11190,14740,10900,19740,5008,11020,17650,2915,2615,0.958,3043,6
20261001-222029,198.991,11190,14740,15650,12500,4991,13900,13380,3032,2571,0.998,3038,6
20261001-222029,198.991,11190,14740,15370,17490,5003,14320,16800,3747,2564,1.234,3037,6
20261001-222522,162.470,13460,14680,16210,10510,4995,14120,13690,1190,2507,0.400,2975,6
20261001-222522,162.470,13460,14680,18450,14980,4999,14660,14760,1203,2504,0.400,3007,6
20261001-222522,162.470,13460,14680,15700,19150,5000,12460,12680,-2236,2658,0.716,-3123,6
20261001-222522,162.470,13460,14680,11220,10220,4991,14470,16690,-2249,2629,0.716,-3142,6
20261001-222522,162.470,13460,14680,8470,14390,4998,9750,14470,3716,2616,1.206,3081,6
20261001-222522,162.470,13460,14680,10710,18860,5003,11370,17860,3805,2672,1.238,3074,6
20261001-222522,198.668,13460,15160,18040,13140,5006,14680,14620,1334,2558,0.444,3005,6
20261001-222522,198.668,13460,15160,17490,18110,4994,14790,16130,1646,2691,0.524,3141,6
20261001-222522,198.668,13460,15160,14000,10190,4999,13680,13170,2002,2604,0.642,3119,6
20261001-222522,198.668,13460,15160,12920,20130,4999,13180,17740,2595,2596,0.840,3089,6
20261001-222522,198.668,13460,15160,9430,12200,5000,10680,13120,3448,2692,1.120,3079,6
20261001-222522,198.668,13460,15160,8880,17170,5002,9980,16690,3801,2623,1.236,3076,6
20261001-222522,234.984,14360,16230,17770,19890,5002,14540,16430,269,2567,0.086,3128,6
20261001-222522,234.984,14360,16230,19230,15100,4999,14620,16170,267,2542,0.086,3103,6
20261001-222522,234.984,14360,16230,15820,11450,4998,14150,16920,-721,2501,0.242,-2980,6
20261001-222522,234.984,14360,16230,12900,21010,4998,14750,14950,-1338,2556,0.440,-3041,6
20261001-222522,234.984,14360,16230,9490,17360,4999,10300,17170,4167,2662,1.366,3051,6
20261001-222522,234.984,14360,16230,10940,12580,5002,11270,12920,4528,2589,1.484,3051,6
20261001-223543,159.632,13600,15100,18300,13380,5005,14720,14690,1193,2578,0.396,3012,6
20261001-223543,159.632,13600,15100,17430,18310,4997,14750,16060,1498,2632,0.482,3108,6
20261001-223543,159.632,13600,15100,12740,20020,4995,13900,13400,-1726,2556,0.556,-3105,6
20261001-223543,159.632,13600,15100,14460,10170,5004,13140,17750,-2690,2591,0.878,-3063,6
20261001-223543,159.632,13600,15100,9770,11890,4997,11100,13000,3265,2584,1.076,3034,6
20261001-223543,159.632,13600,15100,8900,16810,5001,9850,16470,3992,2632,1.318,3029,6
20261001-223543,195.748,13120,15440,17130,18440,5008,14500,16470,1722,2549,0.562,3064,6
20261001-223543,195.748,13120,15440,17720,13470,5004,14710,14760,1729,2552,0.562,3077,6
20261001-223543,195.748,13120,15440,12530,20410,5005,12840,17840,2416,2588,0.796,3036,6
20261001-223543,195.748,13120,15440,13720,10480,4996,13410,13040,2417,2578,0.796,3037,6
20261001-223543,195.748,13120,15440,8530,17410,4995,10100,16730,3284,2543,1.080,3041,6
20261001-223543,195.748,13120,15440,9120,12440,5000,10400,13400,3400,2652,1.120,3036,6
20261001-223543,232.150,11730,15500,7580,18300,5006,10020,16650,2061,2568,0.676,3048,6
20261001-223543,232.150,11730,15500,16220,17690,4996,9770,14540,-2182,2575,0.716,-3048,6
20261001-223543,232.150,11730,15500,11380,10510,5002,11900,17910,-2416,2603,0.796,-3035,6
20261001-223543,232.150,11730,15500,12080,20490,5002,11540,12850,-2657,2569,0.876,-3033,6
20261001-223543,232.150,11730,15500,7230,13310,5005,14340,16770,-2903,2563,0.954,-3043,6
20261001-223543,232.150,11730,15500,15870,12700,4998,14330,13740,3140,2639,1.032,3042,6
20261001-224122,157.471,13620,15300,18210,13320,4999,14730,14820,1209,2559,0.402,3008,6
20261001-224122,157.471,13620,15300,17630,18290,5002,14660,16080,1300,2552,0.433,3002,6
20261001-224122,157.471,13620,15300,14200,10330,5004,13850,13360,1954,2554,0.642,3043,6
20261001-224122,157.471,13620,15300,13040,20270,5004,13350,17570,2286,2510,0.754,3032,6
20261001-224122,157.471,13620,15300,9610,12310,5002,10820,13210,3494,2539,1.154,3028,6
20261001-224122,157.471,13620,15300,9030,17280,4999,10060,16830,3875,2633,1.280,3027,6
20261001-224122,194.313,13340,15570,18280,14760,5006,14790,15330,1470,2568,0.482,3049,6
20261001-224122,194.313,13340,15570,16500,19440,4996,14340,16790,1577,2574,0.522,3022,6
20261001-224122,194.313,13340,15570,11570,20240,4994,14110,13530,-2180,2607,0.716,-3045,6
20261001-224122,194.313,13340,15570,15120,10890,5007,12440,17940,-2535,2622,0.840,-3018,6
20261001-224122,194.313,13340,15570,10180,11690,5004,11200,12950,3383,2588,1.118,3026,6
20261001-224122,194.313,13340,15570,8410,16370,4994,9790,16140,3595,2564,1.194,3011,6
20261001-224122,230.553,12040,15240,7380,13430,4999,9800,14370,2403,2604,0.802,2996,6
20261001-224122,230.553,12040,15240,11280,10300,4998,11670,12860,2409,2528,0.802,3003,6
20261001-224122,230.553,12040,15240,8140,18370,5001,10080,16810,2511,2605,0.834,3011,6
20261001-224122,230.553,12040,15240,15940,12100,5007,14100,13580,2646,2566,0.882,3000,6
20261001-224122,230.553,12040,15240,12800,20180,4998,12440,17850,2640,2532,0.882,2994,6
20261001-224122,230.553,12040,15240,16700,17050,4999,14600,16230,2745,2544,0.918,2990,6
20261001-224532,159.832,13730,15220,18390,13390,5006,14760,14820,1105,2589,0.360,3069,6
20261001-224532,159.832,13730,15220,9820,12110,4996,14710,16000,-1253,2578,0.402,-3116,6
20261001-224532,159.832,13730,15220,14470,10280,4995,14010,13370,1871,2651,0.600,3118,6
20261001-224532,159.832,13730,15220,12990,20170,5005,13370,17660,2466,2600,0.798,3091,6
20261001-224532,159.832,13730,15220,17650,18330,5004,10920,12980,-3594,2684,1.164,-3087,6
20261001-224532,159.832,13730,15220,9080,17050,4997,9940,16710,4072,2668,1.326,3071,6
20261001-224532,196.234,13570,15350,18360,16770,4996,14700,15690,1180,2505,0.396,2980,6
20261001-224532,196.234,13570,15350,17200,11910,5001,14680,14300,1528,2664,0.474,3224,6
20261001-224532,196.234,13570,15350,14730,20210,4997,14010,17200,1902,2589,0.600,3169,6
20261001-224532,196.234,13570,15350,12400,10490,4999,12960,12810,2612,2623,0.838,3117,6
20261001-224532,196.234,13570,15350,9940,18790,5001,11060,17730,3459,2669,1.116,3099,6
20261001-224532,196.234,13570,15350,8770,13930,5006,9790,14230,3942,2668,1.276,3090,6
20261001-225245,163.313,10850,15620,14870,12630,5010,9900,16330,-1186,2529,0.392,-3026,6
20261001-225245,163.313,10850,15620,6260,13640,4999,9650,15100,1308,2582,0.432,3027,6
20261001-225245,163.313,10850,15620,11430,20590,5004,11100,17690,2085,2615,0.676,3084,6
20261001-225245,163.313,10850,15620,10270,10650,5004,10590,13320,2315,2587,0.756,3062,6
20261001-225245,163.313,10850,15620,15450,17600,5008,14190,17060,3637,2622,1.196,3041,6
20261001-225245,163.313,10850,15620,6840,18600,4996,13860,13380,-3752,2545,1.234,-3041,6
20261001-225245,199.473,10960,15180,5970,14880,4999,9650,15100,1312,2582,0.438,2996,6
20261001-225245,199.473,10960,15180,8730,10710,4995,10210,13670,1686,2606,0.554,3043,6
20261001-225245,199.473,10960,15180,8210,19350,4995,10030,16590,1689,2529,0.554,3049,6
20261001-225245,199.473,10960,15180,13720,11010,5001,12550,12780,2879,2568,0.952,3024,6
20261001-225245,199.473,10960,15180,13200,19660,5009,12310,17870,3010,2544,0.998,3016,6
20261001-225245,199.473,10960,15180,15950,15490,5000,14820,15420,3867,2600,1.278,3026,6
20261001-225245,235.827,12000,14240,11430,9270,5003,11830,12780,1470,2577,0.484,3037,6
20261001-225245,235.827,12000,14240,16580,16240,4998,10330,13510,-1823,2623,0.598,-3048,6
20261001-225245,235.827,12000,14240,16020,11270,4998,13570,13080,1952,2621,0.644,3031,6
20261001-225245,235.827,12000,14240,7980,17210,4998,9760,15900,2788,2527,0.926,3011,6
20261001-225245,235.827,12000,14240,7410,12240,5007,14740,15440,-2991,2521,1.000,-2991,6
20261001-225245,235.827,12000,14240,12560,19210,5001,12400,17820,3602,2499,1.196,3012,6
20261002-151055,193.115,12720,16630,15550,20750,4998,13410,17630,1215,2591,0.400,3037,6
20261002-151055,193.115,12720,16630,10570,21140,4996,12070,18010,1525,2687,0.482,3165,6
20261002-151055,193.115,12720,16630,17710,16240,5005,14600,16490,1885,2647,0.600,3142,6
20261002-151055,193.115,12720,16630,7740,17020,4995,10130,16830,2598,2575,0.840,3093,6
20261002-151055,193.115,12720,16630,14880,12120,5001,14210,13520,3449,2687,1.124,3068,6
20261002-151055,193.115,12720,16630,9890,12510,4998,10500,13390,3928,2592,1.282,3064,6
20261002-151055,229.593,12720,16630,16060,20350,4999,13530,17530,1211,2562,0.398,3042,6
20261002-151055,229.593,12720,16630,11170,21390,5006,12310,17900,1335,2574,0.442,3019,6
20261002-151055,229.593,12720,16630,17620,15600,5007,14670,16220,1993,2606,0.642,3104,6
20261002-151055,229.593,12720,16630,7830,17670,4999,10320,17140,2454,2627,0.796,3082,6
20261002-151055,229.593,12720,16630,14270,11880,4996,13830,13250,3558,2627,1.160,3067,6
20261002-151055,229.593,12720,16630,9380,12910,4999,10110,13720,3909,2654,1.278,3059,6
20261002-151055,265.991,12430,15260,17300,14120,5002,14720,14730,2351,2569,0.764,3077,6
20261002-151055,265.991,12430,15260,13880,10480,4995,13150,12910,2458,2590,0.802,3065,6
20261002-151055,265.991,12430,15260,9010,11620,4995,14120,17060,-2469,2570,0.802,-3079,6
20261002-151055,265.991,12430,15260,15860,18910,5009,10600,13310,-2674,2588,0.876,-3053,6
20261002-151055,265.991,12430,15260,10990,20050,5002,11660,17830,2683,2565,0.876,3063,6
20261002-151055,265.991,12430,15260,7570,16400,4992,9710,15900,2794,2576,0.916,3051,6
20261002-151558,203.240,10840,15080,6940,11960,4994,9910,14340,1188,2514,0.394,3016,6
20261002-151558,203.240,10840,15080,6190,16910,4997,9730,15520,1194,2499,0.394,3031,6
20261002-151558,203.240,10840,15080,11600,10140,4998,11170,12960,2146,2590,0.708,3030,6
20261002-151558,203.240,10840,15080,10090,20030,5006,10520,17210,2154,2538,0.708,3042,6
20261002-151558,203.240,10840,15080,15500,13260,5003,14210,13770,3616,2526,1.192,3033,6
20261002-151558,203.240,10840,15080,14750,18210,5008,13720,17380,3686,2541,1.224,3011,6
20261002-152053,189.674,13350,16150,18180,17450,5002,14520,16460,1210,2562,0.406,2981,6
20261002-152053,189.674,13350,16150,12070,11320,4997,13690,17430,-1324,2565,0.442,-2996,6
20261002-152053,189.674,13350,16150,16890,12620,4999,14720,14790,1930,2556,0.642,3007,6
20261002-152053,189.674,13350,16150,9810,19680,4999,11650,17840,2397,2577,0.804,2981,6
20261002-152053,189.674,13350,16150,14640,20980,4999,12460,12790,-3476,2549,1.162,-2991,6
20261002-152053,189.674,13350,16150,8520,14850,5002,9650,15150,3833,2578,1.280,2994,6
20261002-152706,190.788,12460,13950,12250,18940,4994,12510,12740,-1211,2603,0.400,-3028,6
20261002-152706,190.788,12460,13950,16890,11630,5001,13800,13250,1512,2609,0.478,3163,6
20261002-152706,190.788,12460,13950,8230,11270,5008,10970,13010,1762,2634,0.562,3135,6
20261002-152706,190.788,12460,13950,16680,16630,4999,14870,15480,2855,2653,0.920,3103,6
20261002-152706,190.788,12460,13950,8030,16270,5001,9630,15430,3194,2594,1.038,3077,6
20261002-152706,190.788,12460,13950,12660,8950,5004,12290,17970,-4024,2643,1.320,-3048,6
20261002-153333,199.674,10940,15900,14140,12050,5006,10200,16790,-1157,2495,0.396,-2923,6
20261002-153333,199.674,10940,15900,15870,16740,5001,9650,15680,-1309,2596,0.442,-2961,6
20261002-153333,199.674,10940,15900,12680,20590,5002,11680,17880,2114,2609,0.682,3099,6
20261002-153333,199.674,10940,15900,9210,11210,4999,10140,13710,2332,2636,0.754,3092,6
20261002-153333,199.674,10940,15900,6020,15050,4993,14550,16510,-3661,2612,1.200,-3051,6
20261002-153333,199.674,10940,15900,7750,19740,4992,13360,12990,-3785,2600,1.242,-3047,6
20261002-154127,183.198,13260,14400,16770,10830,5006,14070,13580,1153,2544,0.398,2896,6
20261002-154127,183.198,13260,14400,18100,15650,4999,14620,14750,1404,2467,0.476,2950,6
20261002-154127,183.198,13260,14400,11930,9580,5000,12850,12900,1555,2507,0.520,2990,6
20261002-154127,183.198,13260,14400,14590,19220,5000,14030,17170,2875,2582,0.962,2989,6
20261002-154127,183.198,13260,14400,8430,13140,4992,10360,13640,2998,2513,1.004,2986,6
20261002-154127,183.198,13260,14400,9760,17960,4992,10490,17210,3946,2558,1.316,2998,6
20261002-154127,219.872,13010,14860,17660,13010,5004,14650,14210,1764,2673,0.562,3139,6
20261002-154127,219.872,13010,14860,12300,19810,5001,13300,12850,-2031,2702,0.644,-3153,6
20261002-154127,219.872,13010,14860,16940,17950,4999,14690,16180,2137,2611,0.680,3142,6
20261002-154127,219.872,13010,14860,9090,11770,4991,10760,13080,2869,2681,0.926,3098,6
20261002-154127,219.872,13010,14860,13730,9910,5002,12570,17910,-3082,2606,1.003,-3072,6
20261002-154127,219.872,13010,14860,8370,16710,4995,9690,16190,3576,2675,1.167,3065,6
20261002-154127,256.154,12310,16070,11520,11130,5003,12610,17950,-1904,2651,0.604,-3152,6
20261002-154127,256.154,12310,16070,16190,12910,5004,10630,17440,-2168,2645,0.684,-3169,6
20261002-154127,256.154,12310,16070,16980,17850,4998,14440,16880,2279,2708,0.716,3183,6
20261002-154127,256.154,12310,16070,7640,14290,4998,9650,15050,2849,2587,0.916,3110,6
20261002-154127,256.154,12310,16070,8430,19220,4998,14610,14200,-2964,2641,0.974,-3043,6
20261002-154127,256.154,12310,16070,13110,21010,5004,11760,12660,-3454,2707,1.124,-3073,6
20261002-154530,193.317,11880,13970,9300,9690,4997,11260,12940,1202,2574,0.396,3036,6
20261002-154530,193.317,11880,13970,9450,18350,5009,12520,12820,-1316,2525,0.434,-3032,6
20261002-154530,193.317,11880,13970,16880,13890,5001,10020,14000,-1860,2571,0.596,-3121,6
20261002-154530,193.317,11880,13970,6880,14060,5001,14450,13930,-2570,2630,0.834,-3082,6
20261002-154530,193.317,11880,13970,14300,9600,4995,10220,16950,-3411,2577,1.116,-3057,6
20261002-154530,193.317,11880,13970,14450,18260,5001,13900,17340,3929,2621,1.282,3065,6
20261002-222650,167.314,11190,16270,8580,20530,4996,10570,17280,1185,2557,0.400,2963,6
20261002-222650,167.314,11190,16270,6190,16140,5002,9880,16240,1310,2513,0.440,2978,6
20261002-222650,167.314,11190,16270,8800,11880,4998,12060,17870,-1821,2548,0.596,-3056,6
20261002-222650,167.314,11190,16270,13570,20660,4994,9980,14040,-2537,2585,0.836,-3035,6
20261002-222650,167.314,11190,16270,16190,16400,5002,14540,16360,3351,2538,1.116,3003,6
20261002-222650,167.314,11190,16270,13800,12010,4996,13200,12990,3847,2534,1.280,3005,6
20261002-222650,203.636,11180,15850,15310,13040,4995,9990,16660,-1440,2599,0.472,-3050,6
20261002-222650,203.636,11180,15850,6680,13670,5000,9650,15110,1700,2581,0.558,3046,6
20261002-222650,203.636,11180,15850,11540,20840,5003,11320,17770,1925,2604,0.634,3036,6
20261002-222650,203.636,11180,15850,10810,10860,5004,10980,13090,2767,2559,0.914,3028,6
20261002-222650,203.636,11180,15850,15680,18030,5000,14000,17220,3135,2597,1.038,3020,6
20261002-222650,203.636,11180,15850,7040,18660,5004,14250,13760,-3714,2563,1.230,-3019,6
20261002-222650,240.714,12500,15380,17130,17250,4993,14600,16230,2266,2544,0.752,3013,6
20261002-222650,240.714,12500,15380,16430,12300,4993,14390,13900,2401,2596,0.796,3016,6
20261002-222650,240.714,12500,15380,13200,20340,5009,12830,17770,2413,2517,0.796,3031,6
20261002-222650,240.714,12500,15380,11790,10430,5001,12120,12760,2647,2569,0.876,3022,6
20261002-222650,240.714,12500,15380,8560,18470,5007,10310,17100,2785,2607,0.920,3027,6
20261002-222650,240.714,12500,15380,7860,13520,4999,9830,14310,2876,2599,0.950,3028,6
20261002-222650,277.112,14060,13970,17220,10100,4996,14200,13800,220,2499,0.078,2823,6
20261002-222650,277.112,14060,13970,19000,14780,5006,14400,14030,345,2535,0.116,2976,6
20261002-222650,277.112,14060,13970,15830,18650,5004,13860,13440,-566,2499,0.192,-2950,6
20261002-222650,277.112,14060,13970,12290,9300,4994,14700,15670,-1816,2502,0.598,-3038,6
20261002-222650,277.112,14060,13970,9130,13170,4994,10530,13400,3576,2564,1.192,3000,6
20261002-222650,277.112,14060,13970,10900,17850,5004,11100,17590,4676,2525,1.556,3005,6
20261002-223049,160.319,13570,15700,18570,15710,5000,14750,15700,1180,2556,0.392,3010,6
20261002-223049,160.319,13570,15700,16060,20040,5004,14220,16840,1312,2506,0.434,3024,6
20261002-223049,160.319,13570,15700,16080,11370,5005,14510,14080,1873,2606,0.602,3111,6
20261002-223049,160.319,13570,15700,11060,20030,5005,12280,17920,2568,2593,0.832,3086,6
20261002-223049,160.319,13570,15700,11080,11370,4995,11870,12750,3405,2601,1.116,3051,6
20261002-223049,160.319,13570,15700,8570,15690,5000,9690,15690,3880,2557,1.274,3046,6
20261002-223049,197.073,13110,15600,8300,14230,5001,14780,16080,-1738,2667,0.562,-3092,6
20261002-223049,197.073,13110,15600,11890,10750,5001,13590,17510,-1969,2576,0.642,-3068,6
20261002-223049,197.073,13110,15600,9520,19080,5000,14530,14230,-1973,2556,0.642,-3073,6
20261002-223049,197.073,13110,15600,16700,12120,5000,11010,17630,-2921,2602,0.960,-3042,6
20261002-223049,197.073,13110,15600,14320,20450,4999,12400,12770,-2918,2564,0.960,-3039,6
20261002-223049,197.073,13110,15600,17920,16970,5001,9700,14630,-3545,2616,1.164,-3046,6
20261002-224131,165.631,13610,15450,18350,13840,5006,14760,15060,1214,2552,0.400,3036,6
20261002-224131,165.631,13610,15450,17380,18740,5004,14600,16310,1311,2573,0.432,3036,6
20261002-224131,165.631,13610,15450,14580,10550,4995,14020,13390,2100,2643,0.674,3116,6
20261002-224131,165.631,13610,15450,12650,20360,5003,13160,17760,2353,2607,0.756,3113,6
20261002-224131,165.631,13610,15450,9850,12160,4996,10840,13030,3678,2681,1.198,3070,6
20261002-224131,165.631,13610,15450,8880,17070,5000,10020,16680,3795,2584,1.240,3060,6
20261002-224131,201.869,13360,15760,18350,16080,5000,14670,15850,1313,2504,0.438,2998,6
20261002-224131,201.869,13360,15760,15580,20240,5000,14090,17240,1650,2674,0.516,3198,6
20261002-224131,201.869,13360,15760,10590,19920,4998,14550,13980,-2141,2690,0.680,-3149,6
20261002-224131,201.869,13360,15760,16130,11600,4998,11900,17950,-2632,2642,0.844,-3119,6
20261002-224131,201.869,13360,15760,11140,11280,5000,11840,12690,3426,2665,1.114,3075,6
20261002-224131,201.869,13360,15760,8370,15440,5000,9550,15520,3818,2679,1.244,3069,6
20261002-224131,239.029,12020,15370,7020,15490,5001,9540,15430,2481,2684,0.792,3132,6
20261002-224131,239.029,12020,15370,14410,10970,5007,10840,17540,-2470,2609,0.792,-3119,6
20261002-224131,239.029,12020,15370,14630,19630,4996,10660,13150,-2603,2679,0.834,-3122,6
20261002-224131,239.029,12020,15370,9410,11100,5004,13440,17690,-2720,2658,0.876,-3105,6
20261002-224131,239.029,12020,15370,9630,19760,4998,13320,12970,-2729,2601,0.876,-3116,6
20261002-224131,239.029,12020,15370,17020,15240,5002,14870,15290,2851,2649,0.918,3106,6
20261002-225404,168.756,13360,14520,15630,10070,4996,13910,13450,1203,2525,0.402,2993,6
20261002-225404,168.756,13360,14520,8370,14780,4997,14660,14450,-1302,2591,0.432,-3014,6
20261002-225404,168.756,13360,14520,16090,18710,5001,12220,12770,-2089,2557,0.668,-3127,6
20261002-225404,168.756,13360,14520,10640,10330,4995,14570,16380,-2219,2574,0.710,-3125,6
20261002-225404,168.756,13360,14520,18360,14260,5007,9740,14710,-3625,2557,1.190,-3046,6
20261002-225404,168.756,13360,14520,11090,18970,4996,11640,17890,3784,2628,1.241,3049,6
20261002-225404,205.154,12940,14870,16620,11480,5003,14210,13700,1727,2569,0.552,3128,6
20261002-225404,205.154,12940,14870,17710,16360,4997,14830,15460,1980,2612,0.638,3103,6
20261002-225404,205.154,12940,14870,11840,10000,4993,12450,12710,2215,2627,0.720,3076,6
20261002-225404,205.154,12940,14870,14040,19750,5002,13560,17630,2829,2663,0.918,3081,6
20261002-225404,205.154,12940,14870,8170,13390,4994,10040,13970,3036,2569,0.992,3061,6
20261002-225404,205.154,12940,14870,9270,18270,5003,10440,17180,3404,2570,1.114,3056,6
20261002-225404,241.792,11710,15540,16650,14750,5003,9660,15870,-2076,2618,0.670,-3099,6
20261002-225404,241.792,11710,15540,13490,10870,4998,10930,17590,-2193,2605,0.712,-3081,6
20261002-225404,241.792,11710,15540,8560,11660,4998,10170,13640,2446,2656,0.794,3080,6
20261002-225404,241.792,11710,15540,14860,19420,4998,13410,17630,2694,2591,0.878,3068,6
20261002-225404,241.792,11710,15540,9930,20210,4998,12750,12820,-2912,2562,0.952,-3059,6
20261002-225404,241.792,11710,15540,6770,16330,5003,14830,15040,-3160,2624,1.036,-3050,6
20261002-231326,169.996,11750,14010,11910,9010,5003,11790,12830,1181,2534,0.390,3027,6
20261002-231326,169.996,11750,14010,7500,11370,5003,10640,13320,1307,2556,0.434,3011,6
20261002-231326,169.996,11750,14010,7340,16370,5002,13430,13110,-1906,2525,0.630,-3025,6
20261002-231326,169.996,11750,14010,16160,11650,5002,9650,15130,-2380,2579,0.792,-3005,6
20261002-231326,169.996,11750,14010,16000,16650,5003,14710,15850,3485,2543,1.154,3020,6
20261002-231326,169.996,11750,14010,11590,19010,5003,11630,17840,3832,2581,1.270,3017,6
20261002-231326,206.588,11820,14170,13720,18800,5005,11270,12840,-1439,2663,0.439,-3278,6
20261002-231326,206.588,11820,14170,8760,18120,4997,12930,12740,-1810,2683,0.564,-3210,6
20261002-231326,206.588,11820,14170,6870,13500,4995,9930,13910,1908,2695,0.606,3148,6
20261002-231326,206.588,11820,14170,16780,14840,5005,14810,14570,3017,2697,0.962,3136,6
20261002-231326,206.588,11820,14170,14880,10210,5005,9900,16650,-3136,2672,1.004,-3124,6
20261002-231326,206.588,11820,14170,9930,9540,5001,13280,17730,-3848,2625,1.246,-3088,6
20261002-231326,243.150,13030,14870,9270,18170,5003,14290,13770,-1673,2589,0.558,-2997,6
20261002-231326,243.150,13030,14870,17770,16470,5003,14730,15450,1796,2511,0.598,3004,6
20261002-231326,243.150,13030,14870,14010,19770,4997,12610,12760,-2151,2597,0.718,-2996,6
20261002-231326,243.150,13030,14870,12050,9970,4997,13540,17420,-2600,2473,0.870,-2989,6
20261002-231326,243.150,13030,14870,8290,13270,5003,10080,13880,3112,2585,1.034,3009,6
20261002-231326,243.150,13030,14870,16780,11570,4995,10410,17180,-3493,2591,1.158,-3016,6
20261002-231907,164.721,13290,16230,17290,19220,4994,14220,16930,1164,2562,0.392,2969,6
20261002-231907,164.721,13290,16230,13880,11270,4995,13120,17660,-1440,2500,0.470,-3064,6
20261002-231907,164.721,13290,16230,17880,14260,4995,14730,15610,1568,2524,0.552,2840,6
20261002-231907,164.721,13290,16230,8690,18200,5004,10640,17370,2885,2583,0.952,3030,6
20261002-231907,164.721,13290,16230,12700,21200,5005,13640,13240,-3010,2524,0.998,-3016,6
20261002-231907,164.721,13290,16230,9280,13240,5002,10120,13870,3952,2557,1.312,3012,6
20261002-231907,201.395,12820,16160,16060,19970,5001,13820,17350,1554,2578,0.524,2966,6
20261002-231907,201.395,12820,16160,11140,20870,5001,12220,17840,1784,2513,0.597,2988,6
20261002-231907,201.395,12820,16160,17730,15260,4992,14680,15820,1891,2507,0.638,2964,6
20261002-231907,201.395,12820,16160,7900,17070,5003,10120,16660,2746,2488,0.916,2998,6
20261002-231907,201.395,12820,16160,14490,11450,4997,13820,13330,3001,2558,1.000,3001,6
20261002-231907,201.395,12820,16160,9580,12360,4994,10490,13430,3589,2569,1.194,3006,6
20261002-232932,164.312,12740,14030,14230,9260,4997,13100,12880,1205,2600,0.400,3013,6
20261002-232932,164.312,12740,14030,17620,12940,5000,14210,13700,1507,2569,0.476,3165,6
20261002-232932,164.312,12740,14030,9360,10350,4997,11630,12820,1642,2576,0.522,3146,6
20261002-232932,164.312,12740,14030,16130,17710,5003,14660,16120,2838,2564,0.922,3078,6
20261002-232932,164.312,12740,14030,7860,15120,5000,9630,14730,3188,2660,1.044,3053,6
20261002-232932,164.312,12740,14030,11250,18800,4997,11540,17870,4023,2632,1.324,3039,6
20261002-232932,200.636,13250,14080,16390,10190,4999,13840,13350,939,2555,0.310,3028,6
20261002-232932,200.636,13250,14080,18190,14860,5001,14520,14280,1286,2526,0.430,2990,6
20261002-232932,200.636,13250,14080,11450,9420,4996,12780,12880,1289,2510,0.430,2997,6
20261002-232932,200.636,13250,14080,15040,18750,5001,14300,16830,2944,2565,0.954,3086,6
20261002-232932,200.636,13250,14080,8310,13310,5000,10220,13610,3066,2637,0.996,3079,6
20261002-232932,200.636,13250,14080,10100,17970,5005,10570,17390,4259,2642,1.393,3057,6
20261002-232932,237.354,12710,15370,17450,16960,5000,14680,16030,2078,2557,0.670,3101,6
20261002-232932,237.354,12710,15370,16450,12060,4994,14360,13910,2203,2565,0.712,3094,6
20261002-232932,237.354,12710,15370,11710,10470,5001,13200,17780,-2459,2641,0.794,-3097,6
20261002-232932,237.354,12710,15370,13700,20270,4999,12170,12730,-2695,2598,0.876,-3076,6
20261002-232932,237.354,12710,15370,8960,18690,5008,10510,17320,2940,2627,0.958,3069,6
20261002-232932,237.354,12710,15370,7970,13790,4996,9830,14410,3036,2562,0.990,3066,6
20261002-234158,171.783,11820,16670,12210,21650,4995,11920,17890,1224,2580,0.404,3030,6
20261002-234158,171.783,11820,16670,15950,13840,5007,10710,17430,-1345,2590,0.448,-3003,6
20261002-234158,171.783,11820,16670,16340,18820,5005,13600,17510,1968,2581,0.640,3075,6
20261002-234158,171.783,11820,16670,7310,14510,5001,9580,15600,2482,2656,0.808,3072,6
20261002-234158,171.783,11820,16670,7700,19500,4998,14750,14660,-3553,2615,1.160,-3063,6
20261002-234158,171.783,11820,16670,11430,11680,5005,11520,12760,3921,2662,1.286,3049,6
20261002-234158,208.309,11490,16300,10840,21260,5002,11290,17800,1513,2642,0.478,3166,6
20261002-234158,208.309,11490,16300,6870,18210,4999,10090,16880,1515,2637,0.478,3170,6
20261002-234158,208.309,11490,16300,7520,13260,5000,13360,17730,-2354,2659,0.760,-3098,6
20261002-234158,208.309,11490,16300,15460,19340,5000,9620,14860,-2360,2643,0.760,-3106,6
20261002-234158,208.309,11490,16300,16110,14380,5003,14750,14950,3528,2556,1.158,3047,6
20261002-234158,208.309,11490,16300,12140,11340,5002,11970,12700,3632,2639,1.192,3047,6
20261002-234158,244.383,12200,15100,11780,10110,5008,12000,12750,2358,2587,0.768,3071,6
20261002-234158,244.383,12200,15100,16310,12240,5007,14230,13690,2472,2591,0.804,3074,6
20261002-234158,244.383,12200,15100,7680,12970,4997,9970,14050,2465,2589,0.804,3066,6
20261002-234158,244.383,12200,15100,16730,17220,5002,14640,16240,2693,2585,0.880,3060,6
20261002-234158,244.383,12200,15100,8100,17960,4999,9990,16640,2694,2589,0.880,3061,6
20261002-234158,244.383,12200,15100,12630,20080,4999,12440,17890,2800,2572,0.920,3044,6
20261002-234910,166.559,11250,14320,7320,11230,4999,10310,13580,1196,2590,0.400,2991,6
20261002-234910,166.559,11250,14320,11960,9370,5001,11470,12830,1506,2608,0.478,3151,6
20261002-234910,166.559,11250,14320,6610,16180,4999,9640,14970,1736,2606,0.554,3134,6
20261002-234910,166.559,11250,14320,15890,12460,4999,13860,13270,2813,2630,0.916,3071,6
20261002-234910,166.559,11250,14320,10550,19270,4999,10800,17460,3172,2563,1.038,3056,6
20261002-234910,166.559,11250,14320,15190,17410,5007,14410,16800,4017,2638,1.314,3057,6
20261002-234910,203.077,11740,14320,7900,11120,4999,10470,13270,1648,2702,0.516,3193,6
20261002-234910,203.077,11740,14320,12590,9400,4993,12020,12700,1644,2635,0.516,3186,6
20261002-234910,203.077,11740,14320,7040,16050,5008,9630,15100,2250,2602,0.716,3142,6
20261002-234910,203.077,11740,14320,16430,12600,4995,14040,13470,2452,2599,0.792,3096,6
20261002-234910,203.077,11740,14320,10880,19250,5004,11150,17720,3451,2622,1.120,3081,6
20261002-234910,203.077,11740,14320,15580,17520,4999,14470,16600,3557,2584,1.158,3072,6
20261002-234910,239.711,12530,15470,9120,11810,5002,14120,17170,-2328,2646,0.758,-3071,6
20261002-234910,239.711,12530,15470,7660,16590,4997,14800,14950,-2329,2606,0.758,-3072,6
20261002-234910,239.711,12530,15470,11070,20250,4998,11790,17900,2540,2609,0.834,3046,6
20261002-234910,239.711,12530,15470,14000,10690,5001,13320,12900,2689,2664,0.880,3055,6
20261002-234910,239.711,12530,15470,17400,14350,4997,9660,16130,-2945,2684,0.958,-3074,6
20261002-234910,239.711,12530,15470,15940,19130,5002,10520,13310,-2951,2639,0.958,-3080,6
20261002-235314,167.710,10980,14680,14240,18480,5007,10200,13770,-1199,2552,0.400,-2996,6
20261002-235314,167.710,10980,14680,6070,15610,4997,9680,14930,1324,2572,0.442,2995,6
20261002-235314,167.710,10980,14680,12640,9960,5003,11620,12870,1920,2530,0.644,2981,6
20261002-235314,167.710,10980,14680,9330,19400,5000,10180,16960,2416,2614,0.800,3020,6
20261002-235314,167.710,10980,14680,15890,13760,4995,14390,14040,3470,2522,1.164,2981,6
20261002-235314,167.710,10980,14680,7720,10890,4999,13480,17600,-3844,2598,1.282,-2998,6
20261002-235723,168.113,13140,16380,17770,18270,5001,14240,16830,1188,2516,0.396,3001,6
20261002-235723,168.113,13140,16380,12450,11430,4998,13320,17680,-1312,2596,0.438,-2996,6
20261002-235723,168.113,13140,16380,9190,19450,5003,14810,15080,-2116,2600,0.684,-3094,6
20261002-235723,168.113,13140,16380,17090,13320,4997,11390,17740,-2216,2552,0.718,-3087,6
20261002-235723,168.113,13140,16380,13820,21340,5006,12630,12710,-3705,2649,1.206,-3072,6
20261002-235723,168.113,13140,16380,8510,14500,4997,9620,14950,3799,2629,1.236,3074,6
20261002-235723,204.509,12620,16420,13800,21280,5001,12970,17880,1501,2660,0.482,3115,6
20261002-235723,204.509,12620,16420,7820,15020,5000,14270,16900,-1718,2582,0.556,-3091,6
20261002-235723,204.509,12620,16420,16230,12970,4993,11280,17700,-1853,2553,0.600,-3089,6
20261002-235723,204.509,12620,16420,9000,19870,5001,14650,14480,-2808,2572,0.918,-3059,6
20261002-235723,204.509,12620,16420,17420,17830,5003,9580,15530,-3168,2649,1.038,-3052,6
20261002-235723,204.509,12620,16420,11440,11560,5001,11720,12750,3779,2626,1.238,3052,6
20261003-000447,161.355,13340,14490,16660,10750,5001,14130,13600,1190,2574,0.398,2990,6
20261003-000447,161.355,13340,14490,18240,15500,5003,14750,14780,1440,2587,0.476,3024,6
20261003-000447,161.355,13340,14490,14920,19240,5006,12780,12790,-1790,2598,0.594,-3013,6
20261003-000447,161.355,13340,14490,11760,9750,4996,14190,17020,-2669,2596,0.882,-3026,6
20261003-000447,161.355,13340,14490,8450,13490,4991,10180,13850,3224,2520,1.074,3002,6
20261003-000447,161.355,13340,14490,10030,18230,4994,10720,17450,3953,2600,1.318,2999,6
20261003-000447,198.113,13330,14750,9260,17660,5003,14400,13980,-1318,2561,0.440,-2996,6
20261003-000447,198.113,13330,14750,17880,16820,4999,14750,15400,1562,2529,0.520,3003,6
20261003-000447,198.113,13330,14750,12840,9780,4994,13150,12960,1799,2543,0.598,3008,6
20261003-000447,198.113,13330,14750,13810,19730,5003,13590,17500,2762,2568,0.916,3016,6
20261003-000447,198.113,13330,14750,8770,12680,5008,10480,13460,3128,2553,1.038,3014,6
20261003-000447,198.113,13330,14750,17390,11850,4989,10200,16990,-3849,2617,1.278,-3012,6
20261003-000447,234.791,12400,15800,15580,19660,5001,13770,17460,2152,2635,0.680,3165,6
20261003-000447,234.791,12400,15800,10650,20490,5006,11610,17910,2253,2654,0.714,3156,6
20261003-000447,234.791,12400,15800,17340,14980,5008,14870,15390,2504,2649,0.800,3130,6
20261003-000447,234.791,12400,15800,7470,16630,4999,9720,16250,2718,2666,0.876,3102,6
20261003-000447,234.791,12400,15800,14160,11120,5000,13440,13030,2959,2600,0.958,3089,6
20261003-000447,234.791,12400,15800,9230,11940,4995,10450,13430,3069,2596,0.996,3081,6
20261003-001430,162.594,12870,16560,13940,21450,5006,13130,17730,1199,2569,0.398,3011,6
20261003-001430,162.594,12870,16560,17640,18090,5009,14130,16970,1325,2518,0.441,3005,6
20261003-001430,162.594,12870,16560,9170,19930,5005,11530,17790,1819,2558,0.596,3052,6
20261003-001430,162.594,12870,16560,16570,13200,4998,14770,14840,2563,2595,0.844,3037,6
20261003-001430,162.594,12870,16560,8110,15040,4997,9670,15540,3359,2560,1.120,2999,6
20261003-001430,162.594,12870,16560,11810,11680,4994,12060,12800,3846,2533,1.282,3000,6
20261003-001430,199.198,12870,16560,15530,20800,5005,13520,17590,1218,2609,0.392,3107,6
20261003-001430,199.198,12870,16560,10530,20980,5001,12140,17950,1570,2624,0.478,3285,6
20261003-001430,199.198,12870,16560,17870,16380,5003,14540,16500,1671,2598,0.512,3264,6
20261003-001430,199.198,12870,16560,7880,16750,4994,9860,16670,3012,2717,0.960,3138,6
20261003-001430,199.198,12870,16560,15210,12150,4992,14400,13690,3252,2725,1.038,3133,6
20261003-001430,199.198,12870,16560,10220,12330,4992,10700,13100,4084,2698,1.314,3108,6
20261003-001430,235.948,11300,16290,16020,14660,4994,10030,16730,-1344,2602,0.446,-3014,6
20261003-001430,235.948,11300,16290,10340,21200,5003,11040,17610,1345,2570,0.446,3017,6
20261003-001430,235.948,11300,16290,7520,13010,5005,9680,14890,2141,2579,0.718,2982,6
20261003-001430,235.948,11300,16290,15070,19570,4997,13020,17780,2276,2579,0.760,2994,6
20261003-001430,235.948,11300,16290,12250,11380,5001,11980,12760,3595,2579,1.200,2996,6
20261003-001430,235.948,11300,16290,6570,17920,5003,14810,15080,-3713,2600,1.240,-2994,6
20261003-002223,161.556,12490,16700,10780,12000,5001,12900,17830,-1202,2593,0.398,-3020,6
20261003-002223,161.556,12490,16700,9280,20530,4997,11570,17800,1434,2557,0.477,3006,6
20261003-002223,161.556,12490,16700,17420,17560,5004,14160,16990,1695,2554,0.562,3016,6
20261003-002223,161.556,12490,16700,7570,15830,4996,9880,16240,2650,2513,0.880,3012,6
20261003-002223,161.556,12490,16700,15710,12870,5004,14580,14210,3251,2610,1.080,3010,6
20261003-002223,161.556,12490,16700,14210,21400,5005,11140,12980,-3957,2585,1.318,-3003,6
20261003-002223,198.228,12290,16480,12230,21480,5000,12270,18030,1550,2703,0.484,3203,6
20261003-002223,198.228,12290,16480,16590,19030,4999,13830,17390,1789,2616,0.564,3172,6
20261003-002223,198.228,12290,16480,7930,18920,4996,10620,17410,1911,2627,0.604,3165,6
20261003-002223,198.228,12290,16480,16650,14030,5001,14880,15020,2973,2676,0.964,3084,6
20261003-002223,198.228,12290,16480,7990,13920,5004,9620,14900,3102,2636,1.004,3090,6
20261003-002223,198.228,12290,16480,12350,11480,5000,12330,12680,3800,2650,1.238,3070,6
20261003-002223,235.426,11300,15480,6780,17620,5001,9700,16240,1771,2682,0.560,3163,6
20261003-002223,235.426,11300,15480,15410,18330,5001,9740,14400,-1897,2649,0.606,-3131,6
20261003-002223,235.426,11300,15480,10890,20470,5007,11120,17740,2267,2652,0.730,3106,6
20261003-002223,235.426,11300,15480,11720,10500,4998,11530,12770,2720,2649,0.880,3091,6
20261003-002223,235.426,11300,15480,7190,12630,5001,13960,17330,-3240,2652,1.044,-3104,6
20261003-002223,235.426,11300,15480,15830,13350,5006,14550,13950,3592,2705,1.162,3091,6
20261003-002526,162.349,13020,14180,13630,9220,4997,13170,12960,1229,2550,0.402,3058,6
20261003-002526,162.349,13020,14180,17620,12220,5000,14250,13660,1335,2626,0.438,3049,6
20261003-002526,162.349,13020,14180,9030,11180,4992,11370,12940,2064,2535,0.676,3053,6
20261003-002526,162.349,13020,14180,17020,17190,5006,14770,15490,2186,2554,0.718,3045,6
20261003-002526,162.349,13020,14180,8420,16140,5000,9660,15610,3652,2577,1.196,3053,6
20261003-002526,162.349,13020,14180,12420,19150,5006,12570,17940,3787,2636,1.242,3049,6